# https://github.com/mikedh/trimesh
mtllib mtl_m9
usemtl mtl_m9
v -0.13429999 0.37400001 0.22000000
v -0.13429999 0.37400001 0.00000000
v -0.13418519 0.37402284 0.00000000
v -0.13418519 0.37402284 0.22000000
v -0.13408788 0.37408787 0.00000000
v -0.13408788 0.37408787 0.22000000
v -0.13402283 0.37418520 0.00000000
v -0.13402283 0.37418520 0.22000000
v -0.13400000 0.37430000 0.00000000
v -0.13400000 0.37430000 0.22000000
v -0.13400000 0.37599999 0.22000000
v -0.13400000 0.37599999 0.00000000
v -0.13699999 0.37599999 0.22000000
v -0.13699999 0.37599999 0.00000000
v -0.13699999 0.37693936 0.22000000
v -0.13699999 0.37693936 0.00000000
v -0.13393936 0.38000000 0.22000000
v -0.13393936 0.38000000 -0.00000000
v -0.13151962 0.38000000 0.22000000
v -0.13151962 0.38000000 0.00000000
v -0.13100000 0.38029999 0.22000000
v -0.13100000 0.38029999 0.00000000
v -0.13048038 0.38000000 0.22000000
v -0.13048038 0.38000000 -0.00000000
v -0.12806067 0.38000000 0.22000000
v -0.12806067 0.38000000 0.00000000
v -0.12500000 0.37693933 0.22000000
v -0.12500000 0.37693933 -0.00000000
v -0.12500000 0.37599999 0.22000000
v -0.12500000 0.37599999 0.00000000
v -0.12800001 0.37599999 0.22000000
v -0.12800001 0.37599999 0.00000000
v -0.12800001 0.37430000 0.22000000
v -0.12800001 0.37430000 0.00000000
v -0.12797716 0.37418520 0.00000000
v -0.12797716 0.37418520 0.22000000
v -0.12791213 0.37408787 0.00000000
v -0.12791213 0.37408787 0.22000000
v -0.12781480 0.37402284 0.00000000
v -0.12781480 0.37402284 0.22000000
v -0.12770000 0.37400001 0.00000000
v -0.12770000 0.37400001 0.22000000
v -0.11430000 0.37400001 0.22000000
v -0.11430000 0.37400001 0.00000000
v -0.11418519 0.37402284 0.00000000
v -0.11418519 0.37402284 0.22000000
v -0.11408786 0.37408787 0.00000000
v -0.11408786 0.37408787 0.22000000
v -0.11402284 0.37418520 0.00000000
v -0.11402284 0.37418520 0.22000000
v -0.11400000 0.37430000 0.00000000
v -0.11400000 0.37430000 0.22000000
v -0.11400000 0.37599999 0.22000000
v -0.11400000 0.37599999 0.00000000
v -0.11700000 0.37599999 0.22000000
v -0.11700000 0.37599999 0.00000000
v -0.11700000 0.37693933 0.22000000
v -0.11700000 0.37693933 0.00000000
v -0.11393934 0.38000000 0.22000000
v -0.11393934 0.38000000 0.00000000
v -0.11151961 0.38000000 0.22000000
v -0.11151961 0.38000000 0.00000000
v -0.11100000 0.38029999 0.22000000
v -0.11100000 0.38029999 0.00000000
v -0.11048038 0.38000000 0.22000000
v -0.11048038 0.38000000 0.00000000
v -0.10806064 0.38000000 0.22000000
v -0.10806064 0.38000000 0.00000000
v -0.10500000 0.37693936 0.22000000
v -0.10500000 0.37693936 0.00000000
v -0.10500000 0.37599999 0.22000000
v -0.10500000 0.37599999 0.00000000
v -0.10800000 0.37599999 0.22000000
v -0.10800000 0.37599999 0.00000000
v -0.10800000 0.37430000 0.22000000
v -0.10800000 0.37430000 0.00000000
v -0.10797717 0.37418520 0.00000000
v -0.10797717 0.37418520 0.22000000
v -0.10791213 0.37408787 0.00000000
v -0.10791213 0.37408787 0.22000000
v -0.10781480 0.37402284 0.00000000
v -0.10781480 0.37402284 0.22000000
v -0.10770000 0.37400001 0.00000000
v -0.10770000 0.37400001 0.22000000
v -0.10200000 0.37400001 0.22000000
v -0.10200000 0.37400001 0.00000000
v -0.10150000 0.37413397 0.00000000
v -0.10150000 0.37413397 0.22000000
v -0.10113397 0.37450001 0.00000000
v -0.10113397 0.37450001 0.22000000
v -0.10100000 0.37500000 0.00000000
v -0.10100000 0.37500000 0.22000000
v -0.10100000 0.38069999 0.22000000
v -0.10100000 0.38069999 0.00000000
v -0.10102284 0.38081479 0.00000000
v -0.10102284 0.38081479 0.22000000
v -0.10108787 0.38091213 0.00000000
v -0.10108787 0.38091213 0.22000000
v -0.10118520 0.38097715 0.00000000
v -0.10118520 0.38097715 0.22000000
v -0.10130000 0.38100001 0.00000000
v -0.10130000 0.38100001 0.22000000
v -0.10300000 0.38100001 0.22000000
v -0.10300000 0.38100001 0.00000000
v -0.10300000 0.37799999 0.22000000
v -0.10300000 0.37799999 0.00000000
v -0.10393932 0.37799999 0.22000000
v -0.10393932 0.37799999 0.00000000
v -0.10700000 0.38106066 0.22000000
v -0.10700000 0.38106066 0.00000000
v -0.10700000 0.38348037 0.22000000
v -0.10700000 0.38348037 0.00000000
v -0.10730001 0.38400000 0.22000000
v -0.10730001 0.38400000 0.00000000
v -0.10700000 0.38451964 0.22000000
v -0.10700000 0.38451964 0.00000000
v -0.10700000 0.38693935 0.22000000
v -0.10700000 0.38693935 0.00000000
v -0.10393934 0.38999999 0.22000000
v -0.10393934 0.38999999 0.00000000
v -0.10300000 0.38999999 0.22000000
v -0.10300000 0.38999999 0.00000000
v -0.10300000 0.38699999 0.22000000
v -0.10300000 0.38699999 0.00000000
v -0.10130000 0.38699999 0.22000000
v -0.10130000 0.38699999 0.00000000
v -0.10118520 0.38702282 0.00000000
v -0.10118520 0.38702282 0.22000000
v -0.10108787 0.38708788 0.00000000
v -0.10108787 0.38708788 0.22000000
v -0.10102284 0.38718519 0.00000000
v -0.10102284 0.38718519 0.22000000
v -0.10100000 0.38730001 0.00000000
v -0.10100000 0.38730001 0.22000000
v -0.10100000 0.39300001 0.22000000
v -0.10100000 0.39300001 0.00000000
v -0.10113397 0.39350000 0.00000000
v -0.10113397 0.39350000 0.22000000
v -0.10150000 0.39386603 0.00000000
v -0.10150000 0.39386603 0.22000000
v -0.10200000 0.39399999 0.00000000
v -0.10200000 0.39399999 0.22000000
v -0.10770000 0.39399999 0.22000000
v -0.10770000 0.39399999 0.00000000
v -0.10781480 0.39397717 0.00000000
v -0.10781480 0.39397717 0.22000000
v -0.10791213 0.39391214 0.00000000
v -0.10791213 0.39391214 0.22000000
v -0.10797717 0.39381480 0.00000000
v -0.10797717 0.39381480 0.22000000
v -0.10800000 0.39370000 0.00000000
v -0.10800000 0.39370000 0.22000000
v -0.10800000 0.39199999 0.22000000
v -0.10800000 0.39199999 0.00000000
v -0.10500000 0.39199999 0.22000000
v -0.10500000 0.39199999 0.00000000
v -0.10500000 0.39106065 0.22000000
v -0.10500000 0.39106065 0.00000000
v -0.10806067 0.38800001 0.22000000
v -0.10806067 0.38800001 0.00000000
v -0.11048038 0.38800001 0.22000000
v -0.11048038 0.38800001 0.00000000
v -0.11100000 0.38769999 0.22000000
v -0.11100000 0.38769999 0.00000000
v -0.11151961 0.38800001 0.22000000
v -0.11151961 0.38800001 0.00000000
v -0.11393932 0.38800001 0.22000000
v -0.11393932 0.38800001 0.00000000
v -0.11700000 0.39106068 0.22000000
v -0.11700000 0.39106068 0.00000000
v -0.11700000 0.39199999 0.22000000
v -0.11700000 0.39199999 0.00000000
v -0.11400000 0.39199999 0.22000000
v -0.11400000 0.39199999 0.00000000
v -0.11400000 0.39370000 0.22000000
v -0.11400000 0.39370000 0.00000000
v -0.11402284 0.39381480 0.00000000
v -0.11402284 0.39381480 0.22000000
v -0.11408786 0.39391214 0.00000000
v -0.11408786 0.39391214 0.22000000
v -0.11418519 0.39397717 0.00000000
v -0.11418519 0.39397717 0.22000000
v -0.11430000 0.39399999 0.00000000
v -0.11430000 0.39399999 0.22000000
v -0.12770000 0.39399999 0.22000000
v -0.12770000 0.39399999 0.00000000
v -0.12781480 0.39397717 0.00000000
v -0.12781480 0.39397717 0.22000000
v -0.12791213 0.39391214 0.00000000
v -0.12791213 0.39391214 0.22000000
v -0.12797716 0.39381480 0.00000000
v -0.12797716 0.39381480 0.22000000
v -0.12800001 0.39370000 0.00000000
v -0.12800001 0.39370000 0.22000000
v -0.12800001 0.39199999 0.22000000
v -0.12800001 0.39199999 0.00000000
v -0.12500000 0.39199999 0.22000000
v -0.12500000 0.39199999 0.00000000
v -0.12500000 0.39106068 0.22000000
v -0.12500000 0.39106068 0.00000000
v -0.12806068 0.38800001 0.22000000
v -0.12806068 0.38800001 0.00000000
v -0.13048038 0.38800001 0.22000000
v -0.13048038 0.38800001 0.00000000
v -0.13100000 0.38769999 0.22000000
v -0.13100000 0.38769999 -0.00000000
v -0.13151962 0.38800001 0.22000000
v -0.13151962 0.38800001 -0.00000000
v -0.13393934 0.38800001 0.22000000
v -0.13393934 0.38800001 0.00000000
v -0.13699999 0.39106065 0.22000000
v -0.13699999 0.39106065 0.00000000
v -0.13699999 0.39199999 0.22000000
v -0.13699999 0.39199999 0.00000000
v -0.13400000 0.39199999 0.22000000
v -0.13400000 0.39199999 0.00000000
v -0.13400000 0.39370000 0.22000000
v -0.13400000 0.39370000 0.00000000
v -0.13402283 0.39381480 0.00000000
v -0.13402283 0.39381480 0.22000000
v -0.13408788 0.39391214 0.00000000
v -0.13408788 0.39391214 0.22000000
v -0.13418519 0.39397717 0.00000000
v -0.13418519 0.39397717 0.22000000
v -0.13429999 0.39399999 0.00000000
v -0.13429999 0.39399999 0.22000000
v -0.14000000 0.39399999 0.22000000
v -0.14000000 0.39399999 0.00000000
v -0.14038268 0.39392388 0.00000000
v -0.14038268 0.39392388 0.22000000
v -0.14070711 0.39370710 0.00000000
v -0.14070711 0.39370710 0.22000000
v -0.14092387 0.39338270 0.00000000
v -0.14092387 0.39338270 0.22000000
v -0.14100000 0.39300001 0.00000000
v -0.14100000 0.39300001 0.22000000
v -0.14100000 0.38730001 0.22000000
v -0.14100000 0.38730001 0.00000000
v -0.14097716 0.38718519 0.00000000
v -0.14097716 0.38718519 0.22000000
v -0.14091213 0.38708788 0.00000000
v -0.14091213 0.38708788 0.22000000
v -0.14081481 0.38702282 0.00000000
v -0.14081481 0.38702282 0.22000000
v -0.14070000 0.38699999 0.00000000
v -0.14070000 0.38699999 0.22000000
v -0.13900000 0.38699999 0.22000000
v -0.13900000 0.38699999 0.00000000
v -0.13900000 0.38999999 0.22000000
v -0.13900000 0.38999999 0.00000000
v -0.13806066 0.38999999 0.22000000
v -0.13806066 0.38999999 0.00000000
v -0.13500001 0.38693935 0.22000000
v -0.13500001 0.38693935 -0.00000000
v -0.13500001 0.38451961 0.22000000
v -0.13500001 0.38451961 0.00000000
v -0.13470000 0.38400000 0.22000000
v -0.13470000 0.38400000 0.00000000
v -0.13500001 0.38348037 0.22000000
v -0.13500001 0.38348037 0.00000000
v -0.13500001 0.38106069 0.22000000
v -0.13500001 0.38106069 0.00000000
v -0.13806069 0.37799999 0.22000000
v -0.13806069 0.37799999 0.00000000
v -0.13900000 0.37799999 0.22000000
v -0.13900000 0.37799999 0.00000000
v -0.13900000 0.38100001 0.22000000
v -0.13900000 0.38100001 0.00000000
v -0.14070000 0.38100001 0.22000000
v -0.14070000 0.38100001 0.00000000
v -0.14081481 0.38097715 0.00000000
v -0.14081481 0.38097715 0.22000000
v -0.14091213 0.38091213 0.00000000
v -0.14091213 0.38091213 0.22000000
v -0.14097716 0.38081479 0.00000000
v -0.14097716 0.38081479 0.22000000
v -0.14100000 0.38069999 0.00000000
v -0.14100000 0.38069999 0.22000000
v -0.14100000 0.37500000 0.22000000
v -0.14100000 0.37500000 0.00000000
v -0.14092387 0.37461731 0.00000000
v -0.14092387 0.37461731 0.22000000
v -0.14070711 0.37429288 0.00000000
v -0.14070711 0.37429288 0.22000000
v -0.14038268 0.37407613 0.00000000
v -0.14038268 0.37407613 0.22000000
v -0.14000000 0.37400001 0.00000000
v -0.14000000 0.37400001 0.22000000
v -0.11908787 0.37608787 0.22000000
v -0.11918519 0.37602285 0.22000000
v -0.11900000 0.39106360 0.22000000
v -0.11897717 0.39094880 0.22000000
v -0.11891214 0.39085147 0.22000000
v -0.11897717 0.37705120 0.22000000
v -0.11900000 0.37693641 0.22000000
v -0.11900000 0.37630001 0.22000000
v -0.11902284 0.37618521 0.22000000
v -0.12300000 0.37693641 0.22000000
v -0.12302282 0.37705120 0.22000000
v -0.12308786 0.37714851 0.22000000
v -0.11908787 0.39191213 0.22000000
v -0.11902284 0.39181480 0.22000000
v -0.11900000 0.39170000 0.22000000
v -0.11891214 0.37714851 0.22000000
v -0.11500000 0.38106066 0.22000000
v -0.13281865 0.38505000 0.22000000
v -0.11100000 0.38609999 0.22000000
v -0.10995000 0.38581866 0.22000000
v -0.10918134 0.38505000 0.22000000
v -0.10995000 0.38218135 0.22000000
v -0.10918134 0.38295001 0.22000000
v -0.10890000 0.38400000 0.22000000
v -0.11100000 0.38190001 0.22000000
v -0.11205000 0.38218135 0.22000000
v -0.12291213 0.37608787 0.22000000
v -0.12297716 0.37618521 0.22000000
v -0.12300000 0.37630001 0.22000000
v -0.11281865 0.38295001 0.22000000
v -0.11310000 0.38400000 0.22000000
v -0.11500000 0.38693935 0.22000000
v -0.11281865 0.38505000 0.22000000
v -0.12300000 0.39170000 0.22000000
v -0.12297716 0.39181480 0.22000000
v -0.12291213 0.39191213 0.22000000
v -0.11930000 0.37599999 0.22000000
v -0.12270000 0.37599999 0.22000000
v -0.12281480 0.37602285 0.22000000
v -0.11205000 0.38581866 0.22000000
v -0.12300000 0.39106360 0.22000000
v -0.12302282 0.39094880 0.22000000
v -0.12700000 0.38106066 0.22000000
v -0.12700000 0.38693935 0.22000000
v -0.12308786 0.39085147 0.22000000
v -0.13281865 0.38295001 0.22000000
v -0.13310000 0.38400000 0.22000000
v -0.12281480 0.39197716 0.22000000
v -0.12270000 0.39199999 0.22000000
v -0.11930000 0.39199999 0.22000000
v -0.11918519 0.39197716 0.22000000
v -0.12890001 0.38400000 0.22000000
v -0.12918134 0.38295001 0.22000000
v -0.12995000 0.38218135 0.22000000
v -0.13205001 0.38581866 0.22000000
v -0.13100000 0.38609999 0.22000000
v -0.12995000 0.38581866 0.22000000
v -0.12918134 0.38505000 0.22000000
v -0.13205001 0.38218135 0.22000000
v -0.13100000 0.38190001 0.22000000
v -0.11908787 0.39191213 0.00000000
v -0.11918519 0.39197716 0.00000000
v -0.11900000 0.37693641 0.00000000
v -0.11897717 0.37705120 0.00000000
v -0.11891214 0.37714851 0.00000000
v -0.11897717 0.39094880 0.00000000
v -0.11900000 0.39106360 0.00000000
v -0.11900000 0.39170000 0.00000000
v -0.11902284 0.39181480 0.00000000
v -0.13281865 0.38295001 0.00000000
v -0.12297716 0.37618521 0.00000000
v -0.12291213 0.37608787 0.00000000
v -0.11908787 0.37608787 0.00000000
v -0.11902284 0.37618521 0.00000000
v -0.11900000 0.37630001 0.00000000
v -0.12308786 0.37714851 0.00000000
v -0.12302282 0.37705120 0.00000000
v -0.12300000 0.37693641 0.00000000
v -0.12300000 0.37630001 0.00000000
v -0.12308786 0.39085147 0.00000000
v -0.12700000 0.38693935 0.00000000
v -0.12700000 0.38106066 0.00000000
v -0.10995000 0.38581866 0.00000000
v -0.10918134 0.38505000 0.00000000
v -0.10890000 0.38400000 0.00000000
v -0.10918134 0.38295001 0.00000000
v -0.11891214 0.39085147 0.00000000
v -0.11500000 0.38693935 0.00000000
v -0.12281480 0.37602285 0.00000000
v -0.12270000 0.37599999 0.00000000
v -0.11930000 0.37599999 0.00000000
v -0.11918519 0.37602285 0.00000000
v -0.11930000 0.39199999 0.00000000
v -0.12270000 0.39199999 0.00000000
v -0.12281480 0.39197716 0.00000000
v -0.12291213 0.39191213 0.00000000
v -0.12302282 0.39094880 0.00000000
v -0.12300000 0.39106360 0.00000000
v -0.12300000 0.39170000 0.00000000
v -0.12297716 0.39181480 0.00000000
v -0.11100000 0.38190001 0.00000000
v -0.10995000 0.38218135 0.00000000
v -0.13310000 0.38400000 0.00000000
v -0.13281865 0.38505000 0.00000000
v -0.11100000 0.38609999 0.00000000
v -0.11205000 0.38581866 0.00000000
v -0.11281865 0.38295001 0.00000000
v -0.11500000 0.38106066 0.00000000
v -0.11310000 0.38400000 0.00000000
v -0.11281865 0.38505000 0.00000000
v -0.11205000 0.38218135 0.00000000
v -0.12918134 0.38505000 0.00000000
v -0.12995000 0.38581866 0.00000000
v -0.12890001 0.38400000 0.00000000
v -0.13205001 0.38218135 0.00000000
v -0.13100000 0.38190001 0.00000000
v -0.12995000 0.38218135 0.00000000
v -0.12918134 0.38295001 0.00000000
v -0.13205001 0.38581866 0.00000000
v -0.13100000 0.38609999 0.00000000
v -0.10000000 0.39500001 0.22634999
v -0.10000000 0.39500001 0.22000000
v -0.12365000 0.39500001 0.22634999
v -0.12517500 0.39500001 0.22000000
v -0.16734999 0.39500001 0.22634999
v -0.16582499 0.39500001 0.22000000
v -0.23999999 0.39500001 0.22634999
v -0.23999999 0.39500001 0.22000000
v -0.29485744 0.39500001 0.22634999
v -0.29485744 0.39500001 0.22000000
v -0.41908216 0.29440477 0.22634999
v -0.41908216 0.29440477 0.22000000
v -0.42041168 0.28815001 0.22634999
v -0.42008752 0.28967500 0.22000000
v -0.43064627 0.23999999 0.22634999
v -0.43064627 0.23999999 0.22000000
v -0.44765079 0.16000000 0.22634999
v -0.44765079 0.16000000 0.22000000
v -0.44815001 0.15765141 0.22634999
v -0.44967499 0.15047684 0.22000000
v -0.46465531 0.08000000 0.22634999
v -0.46465531 0.08000000 0.22000000
v -0.47231129 0.04398146 0.22634999
v -0.47078630 0.05115603 0.22000000
v -0.47595268 0.02685000 0.22634999
v -0.47604734 0.02640478 0.22000000
v -0.47604734 0.02640478 0.22634999
v -0.47882259 -0.00000000 0.22000000
v -0.47882259 -0.00000000 0.22634999
v -0.47604734 -0.02640478 0.22000000
v -0.47604734 -0.02640478 0.22634999
v -0.41908216 -0.29440477 0.22000000
v -0.41908216 -0.29440477 0.22634999
v -0.42008752 -0.28967500 0.22000000
v -0.42041168 -0.28815001 0.22634999
v -0.43064627 -0.23999999 0.22000000
v -0.43064627 -0.23999999 0.22634999
v -0.44765079 -0.16000000 0.22000000
v -0.44765079 -0.16000000 0.22634999
v -0.44815001 -0.15765141 0.22634999
v -0.47231129 -0.04398146 0.22634999
v -0.47078630 -0.05115603 0.22000000
v -0.46465531 -0.08000000 0.22634999
v -0.46465531 -0.08000000 0.22000000
v -0.44967499 -0.15047684 0.22000000
v -0.10000000 -0.39500001 0.22000000
v -0.10000000 -0.39500001 0.22634999
v -0.12517500 -0.39500001 0.22000000
v -0.12365000 -0.39500001 0.22634999
v -0.16582499 -0.39500001 0.22000000
v -0.16734999 -0.39500001 0.22634999
v -0.23999999 -0.39500001 0.22000000
v -0.23999999 -0.39500001 0.22634999
v -0.29485744 -0.39500001 0.22000000
v -0.29485744 -0.39500001 0.22634999
v -0.12365000 -0.37015000 0.22634999
v -0.12365000 -0.34185001 0.22634999
v -0.16734999 -0.34185001 0.22634999
v -0.10000000 -0.31000000 0.22634999
v -0.10000000 -0.28815001 0.22634999
v -0.12365000 -0.28815001 0.22634999
v -0.19818135 -0.27895001 0.22634999
v -0.19790000 -0.28000000 0.22634999
v -0.16734999 -0.28815001 0.22634999
v -0.11818135 -0.19894999 0.22634999
v -0.11790000 -0.20000000 0.22634999
v -0.10000000 -0.16000000 0.22634999
v -0.11818135 -0.11895000 0.22634999
v -0.11790000 -0.12000000 0.22634999
v -0.10000000 -0.08000000 0.22634999
v -0.11818135 -0.03895000 0.22634999
v -0.11790000 -0.04000000 0.22634999
v -0.10000000 -0.00000000 0.22634999
v -0.16734999 -0.00000000 0.22634999
v -0.16734999 0.02685000 0.22634999
v -0.23999999 0.02685000 0.22634999
v -0.11818135 0.12105000 0.22634999
v -0.11790000 0.12000000 0.22634999
v -0.10000000 0.16000000 0.22634999
v -0.11818135 0.20105000 0.22634999
v -0.11790000 0.20000000 0.22634999
v -0.10000000 0.23999999 0.22634999
v -0.27818134 0.28105000 0.22634999
v -0.27790001 0.28000000 0.22634999
v -0.23999999 0.28815001 0.22634999
v -0.11818135 0.28105000 0.22634999
v -0.11790000 0.28000000 0.22634999
v -0.10000000 0.28815001 0.22634999
v -0.35053056 0.38214684 0.22634999
v -0.37478113 0.36669755 0.22634999
v -0.37314999 0.34185001 0.22634999
v -0.39493480 0.34618902 0.22634999
v -0.47231129 0.02685000 0.22634999
v -0.47231129 -0.00000000 0.22634999
v -0.37478113 -0.36669755 0.22634999
v -0.31999999 -0.37015000 0.22634999
v -0.31999999 -0.34185001 0.22634999
v -0.23999999 -0.39240000 0.22634999
v -0.32342622 -0.39174500 0.22634999
v -0.35053056 -0.38214684 0.22634999
v -0.23999999 -0.37015000 0.22634999
v -0.38999999 -0.31420001 0.22634999
v -0.38710001 -0.31497705 0.22634999
v -0.37314999 -0.31000000 0.22634999
v -0.38497704 -0.31709999 0.22634999
v -0.38420001 -0.31999999 0.22634999
v -0.37314999 -0.34185001 0.22634999
v -0.40995851 -0.32167253 0.22634999
v -0.39493480 -0.34618902 0.22634999
v -0.39289999 -0.32502294 0.22634999
v -0.38497704 -0.32290000 0.22634999
v -0.38710001 -0.32502294 0.22634999
v -0.38999999 -0.32580000 0.22634999
v -0.39502296 -0.32290000 0.22634999
v -0.39579999 -0.31999999 0.22634999
v -0.41462231 -0.31025371 0.22634999
v -0.39502296 -0.31709999 0.22634999
v -0.39289999 -0.31497705 0.22634999
v -0.38497704 -0.30289999 0.22634999
v -0.38710001 -0.30502295 0.22634999
v -0.39579999 -0.30000001 0.22634999
v -0.39502296 -0.29710001 0.22634999
v -0.41685000 -0.28815001 0.22634999
v -0.39289999 -0.29497704 0.22634999
v -0.38999999 -0.29420000 0.22634999
v -0.38710001 -0.29497704 0.22634999
v -0.37314999 -0.28815001 0.22634999
v -0.38497704 -0.29710001 0.22634999
v -0.38420001 -0.30000001 0.22634999
v -0.38999999 -0.30579999 0.22634999
v -0.39289999 -0.30502295 0.22634999
v -0.39502296 -0.30289999 0.22634999
v -0.41685000 -0.23999999 0.22634999
v -0.41685000 -0.16000000 0.22634999
v -0.44209999 -0.12000000 0.22634999
v -0.44181865 -0.11895000 0.22634999
v -0.44815001 -0.08000000 0.22634999
v -0.43895000 -0.12181865 0.22634999
v -0.44000000 -0.12210000 0.22634999
v -0.44104999 -0.12181865 0.22634999
v -0.44181865 -0.12105000 0.22634999
v -0.43895000 -0.11818135 0.22634999
v -0.41685000 -0.08000000 0.22634999
v -0.44000000 -0.11790000 0.22634999
v -0.44104999 -0.11818135 0.22634999
v -0.43818134 -0.11895000 0.22634999
v -0.43790001 -0.12000000 0.22634999
v -0.43818134 -0.12105000 0.22634999
v -0.46579999 -0.01000000 0.22634999
v -0.46502295 -0.00710000 0.22634999
v -0.46502295 -0.01290000 0.22634999
v -0.46290001 -0.00497705 0.22634999
v -0.46000001 -0.00420000 0.22634999
v -0.44815001 -0.00000000 0.22634999
v -0.45710000 -0.00497705 0.22634999
v -0.46290001 -0.01502295 0.22634999
v -0.46000001 -0.01580000 0.22634999
v -0.45710000 -0.01502295 0.22634999
v -0.45497707 -0.00710000 0.22634999
v -0.45420000 -0.01000000 0.22634999
v -0.45497707 -0.01290000 0.22634999
v -0.44815001 0.02685000 0.22634999
v -0.44815001 0.08000000 0.22634999
v -0.43895000 0.11818135 0.22634999
v -0.44000000 0.11790000 0.22634999
v -0.44104999 0.11818135 0.22634999
v -0.44181865 0.11895000 0.22634999
v -0.44209999 0.12000000 0.22634999
v -0.43895000 0.12181865 0.22634999
v -0.43818134 0.12105000 0.22634999
v -0.41685000 0.16000000 0.22634999
v -0.43790001 0.12000000 0.22634999
v -0.41685000 0.08000000 0.22634999
v -0.43818134 0.11895000 0.22634999
v -0.44000000 0.12210000 0.22634999
v -0.44104999 0.12181865 0.22634999
v -0.44181865 0.12105000 0.22634999
v -0.41685000 0.28815001 0.22634999
v -0.41685000 0.23999999 0.22634999
v -0.38999999 0.30579999 0.22634999
v -0.38710001 0.30502295 0.22634999
v -0.37314999 0.31000000 0.22634999
v -0.38497704 0.30289999 0.22634999
v -0.38420001 0.30000001 0.22634999
v -0.37314999 0.28815001 0.22634999
v -0.38497704 0.29710001 0.22634999
v -0.38710001 0.29497704 0.22634999
v -0.38999999 0.29420000 0.22634999
v -0.39289999 0.29497704 0.22634999
v -0.39502296 0.29710001 0.22634999
v -0.39579999 0.30000001 0.22634999
v -0.41462231 0.31025371 0.22634999
v -0.39502296 0.30289999 0.22634999
v -0.39289999 0.30502295 0.22634999
v -0.38497704 0.31709999 0.22634999
v -0.38710001 0.31497705 0.22634999
v -0.40995851 0.32167253 0.22634999
v -0.39502296 0.32290000 0.22634999
v -0.38497704 0.32290000 0.22634999
v -0.38420001 0.31999999 0.22634999
v -0.38999999 0.31420001 0.22634999
v -0.39289999 0.32502294 0.22634999
v -0.38999999 0.32580000 0.22634999
v -0.38710001 0.32502294 0.22634999
v -0.39289999 0.31497705 0.22634999
v -0.39502296 0.31709999 0.22634999
v -0.39579999 0.31999999 0.22634999
v -0.27818134 0.35894999 0.22634999
v -0.27895001 0.35818136 0.22634999
v -0.23999999 0.34185001 0.22634999
v -0.31999999 0.34185001 0.22634999
v -0.28000000 0.35789999 0.22634999
v -0.28105000 0.35818136 0.22634999
v -0.28000000 0.36210001 0.22634999
v -0.28181866 0.35894999 0.22634999
v -0.28209999 0.36000001 0.22634999
v -0.32342622 0.39174500 0.22634999
v -0.28181866 0.36105001 0.22634999
v -0.28105000 0.36181864 0.22634999
v -0.27895001 0.36181864 0.22634999
v -0.27818134 0.36105001 0.22634999
v -0.27790001 0.36000001 0.22634999
v -0.10597705 0.38110000 0.22634999
v -0.10000000 0.34185001 0.22634999
v -0.10520000 0.38400000 0.22634999
v -0.10597705 0.38690001 0.22634999
v -0.11895000 0.35818136 0.22634999
v -0.12000000 0.35789999 0.22634999
v -0.12365000 0.34185001 0.22634999
v -0.12105000 0.35818136 0.22634999
v -0.12181865 0.35894999 0.22634999
v -0.12210000 0.36000001 0.22634999
v -0.12181865 0.36105001 0.22634999
v -0.12105000 0.36181864 0.22634999
v -0.11818135 0.35894999 0.22634999
v -0.11790000 0.36000001 0.22634999
v -0.11818135 0.36105001 0.22634999
v -0.10810000 0.37897706 0.22634999
v -0.11100000 0.37819999 0.22634999
v -0.11602294 0.38690001 0.22634999
v -0.11680000 0.38400000 0.22634999
v -0.11602294 0.38110000 0.22634999
v -0.11390000 0.37897706 0.22634999
v -0.12000000 0.36210001 0.22634999
v -0.11895000 0.36181864 0.22634999
v -0.11390000 0.38902295 0.22634999
v -0.11100000 0.38980001 0.22634999
v -0.10810000 0.38902295 0.22634999
v -0.12809999 0.38902295 0.22634999
v -0.12597705 0.38690001 0.22634999
v -0.12520000 0.38400000 0.22634999
v -0.12597705 0.38110000 0.22634999
v -0.12809999 0.37897706 0.22634999
v -0.13680001 0.38400000 0.22634999
v -0.13602294 0.38110000 0.22634999
v -0.16734999 0.34185001 0.22634999
v -0.13390000 0.37897706 0.22634999
v -0.13100000 0.37819999 0.22634999
v -0.13602294 0.38690001 0.22634999
v -0.13390000 0.38902295 0.22634999
v -0.13100000 0.38980001 0.22634999
v -0.19818135 0.35894999 0.22634999
v -0.19894999 0.35818136 0.22634999
v -0.20105000 0.36181864 0.22634999
v -0.20000000 0.36210001 0.22634999
v -0.20000000 0.35789999 0.22634999
v -0.20105000 0.35818136 0.22634999
v -0.20181866 0.35894999 0.22634999
v -0.20209999 0.36000001 0.22634999
v -0.20181866 0.36105001 0.22634999
v -0.19894999 0.36181864 0.22634999
v -0.19818135 0.36105001 0.22634999
v -0.19790000 0.36000001 0.22634999
v -0.10000000 0.31000000 0.22634999
v -0.12365000 0.31000000 0.22634999
v -0.12365000 0.28815001 0.22634999
v -0.16734999 0.31000000 0.22634999
v -0.23999999 0.31000000 0.22634999
v -0.16734999 0.28815001 0.22634999
v -0.31999999 0.31000000 0.22634999
v -0.31999999 0.28815001 0.22634999
v -0.12105000 0.28181866 0.22634999
v -0.12000000 0.28209999 0.22634999
v -0.11895000 0.28181866 0.22634999
v -0.11818135 0.27895001 0.22634999
v -0.11895000 0.27818134 0.22634999
v -0.12365000 0.23999999 0.22634999
v -0.12000000 0.27790001 0.22634999
v -0.12105000 0.27818134 0.22634999
v -0.12181865 0.27895001 0.22634999
v -0.12210000 0.28000000 0.22634999
v -0.12181865 0.28105000 0.22634999
v -0.19818135 0.27895001 0.22634999
v -0.16734999 0.23999999 0.22634999
v -0.19790000 0.28000000 0.22634999
v -0.19818135 0.28105000 0.22634999
v -0.20181866 0.27895001 0.22634999
v -0.20209999 0.28000000 0.22634999
v -0.20181866 0.28105000 0.22634999
v -0.20105000 0.28181866 0.22634999
v -0.20000000 0.28209999 0.22634999
v -0.19894999 0.28181866 0.22634999
v -0.19894999 0.27818134 0.22634999
v -0.20000000 0.27790001 0.22634999
v -0.23999999 0.23999999 0.22634999
v -0.20105000 0.27818134 0.22634999
v -0.27818134 0.27895001 0.22634999
v -0.27895001 0.27818134 0.22634999
v -0.28000000 0.27790001 0.22634999
v -0.31999999 0.23999999 0.22634999
v -0.28105000 0.27818134 0.22634999
v -0.28181866 0.27895001 0.22634999
v -0.28209999 0.28000000 0.22634999
v -0.28181866 0.28105000 0.22634999
v -0.28105000 0.28181866 0.22634999
v -0.28000000 0.28209999 0.22634999
v -0.27895001 0.28181866 0.22634999
v -0.35789999 0.28000000 0.22634999
v -0.36181864 0.28105000 0.22634999
v -0.36105001 0.28181866 0.22634999
v -0.36000001 0.27790001 0.22634999
v -0.37314999 0.23999999 0.22634999
v -0.35894999 0.27818134 0.22634999
v -0.35818136 0.27895001 0.22634999
v -0.36000001 0.28209999 0.22634999
v -0.35894999 0.28181866 0.22634999
v -0.35818136 0.28105000 0.22634999
v -0.36105001 0.27818134 0.22634999
v -0.36181864 0.27895001 0.22634999
v -0.36210001 0.28000000 0.22634999
v -0.12105000 0.19818135 0.22634999
v -0.12181865 0.19894999 0.22634999
v -0.12365000 0.16000000 0.22634999
v -0.12210000 0.20000000 0.22634999
v -0.12181865 0.20105000 0.22634999
v -0.11818135 0.19894999 0.22634999
v -0.11895000 0.19818135 0.22634999
v -0.12000000 0.19790000 0.22634999
v -0.12105000 0.20181866 0.22634999
v -0.12000000 0.20209999 0.22634999
v -0.11895000 0.20181866 0.22634999
v -0.19818135 0.19894999 0.22634999
v -0.16734999 0.16000000 0.22634999
v -0.19790000 0.20000000 0.22634999
v -0.19818135 0.20105000 0.22634999
v -0.19894999 0.20181866 0.22634999
v -0.19894999 0.19818135 0.22634999
v -0.20000000 0.19790000 0.22634999
v -0.23999999 0.16000000 0.22634999
v -0.20209999 0.20000000 0.22634999
v -0.20181866 0.19894999 0.22634999
v -0.20105000 0.19818135 0.22634999
v -0.20181866 0.20105000 0.22634999
v -0.20105000 0.20181866 0.22634999
v -0.20000000 0.20209999 0.22634999
v -0.28105000 0.19818135 0.22634999
v -0.28181866 0.19894999 0.22634999
v -0.31999999 0.16000000 0.22634999
v -0.27818134 0.19894999 0.22634999
v -0.27895001 0.19818135 0.22634999
v -0.28000000 0.19790000 0.22634999
v -0.28209999 0.20000000 0.22634999
v -0.28181866 0.20105000 0.22634999
v -0.28105000 0.20181866 0.22634999
v -0.28000000 0.20209999 0.22634999
v -0.27895001 0.20181866 0.22634999
v -0.27818134 0.20105000 0.22634999
v -0.27790001 0.20000000 0.22634999
v -0.35818136 0.20105000 0.22634999
v -0.35789999 0.20000000 0.22634999
v -0.36105001 0.19818135 0.22634999
v -0.36181864 0.19894999 0.22634999
v -0.37314999 0.16000000 0.22634999
v -0.36210001 0.20000000 0.22634999
v -0.36181864 0.20105000 0.22634999
v -0.35818136 0.19894999 0.22634999
v -0.35894999 0.19818135 0.22634999
v -0.36000001 0.19790000 0.22634999
v -0.36105001 0.20181866 0.22634999
v -0.36000001 0.20209999 0.22634999
v -0.35894999 0.20181866 0.22634999
v -0.10000000 0.08000000 0.22634999
v -0.11818135 0.11895000 0.22634999
v -0.11895000 0.11818135 0.22634999
v -0.12365000 0.08000000 0.22634999
v -0.12000000 0.11790000 0.22634999
v -0.12105000 0.11818135 0.22634999
v -0.12181865 0.12105000 0.22634999
v -0.12210000 0.12000000 0.22634999
v -0.12181865 0.11895000 0.22634999
v -0.12105000 0.12181865 0.22634999
v -0.12000000 0.12210000 0.22634999
v -0.11895000 0.12181865 0.22634999
v -0.20209999 0.12000000 0.22634999
v -0.20181866 0.11895000 0.22634999
v -0.23999999 0.08000000 0.22634999
v -0.19894999 0.12181865 0.22634999
v -0.19818135 0.12105000 0.22634999
v -0.19790000 0.12000000 0.22634999
v -0.16734999 0.08000000 0.22634999
v -0.19818135 0.11895000 0.22634999
v -0.19894999 0.11818135 0.22634999
v -0.20000000 0.11790000 0.22634999
v -0.20105000 0.11818135 0.22634999
v -0.20181866 0.12105000 0.22634999
v -0.20105000 0.12181865 0.22634999
v -0.20000000 0.12210000 0.22634999
v -0.28105000 0.11818135 0.22634999
v -0.28181866 0.11895000 0.22634999
v -0.31999999 0.08000000 0.22634999
v -0.28209999 0.12000000 0.22634999
v -0.27790001 0.12000000 0.22634999
v -0.27818134 0.11895000 0.22634999
v -0.27895001 0.11818135 0.22634999
v -0.28000000 0.11790000 0.22634999
v -0.27818134 0.12105000 0.22634999
v -0.27895001 0.12181865 0.22634999
v -0.28181866 0.12105000 0.22634999
v -0.28105000 0.12181865 0.22634999
v -0.28000000 0.12210000 0.22634999
v -0.35818136 0.12105000 0.22634999
v -0.35789999 0.12000000 0.22634999
v -0.36181864 0.12105000 0.22634999
v -0.36210001 0.12000000 0.22634999
v -0.37314999 0.08000000 0.22634999
v -0.36181864 0.11895000 0.22634999
v -0.36105001 0.11818135 0.22634999
v -0.35818136 0.11895000 0.22634999
v -0.35894999 0.11818135 0.22634999
v -0.36000001 0.11790000 0.22634999
v -0.36105001 0.12181865 0.22634999
v -0.36000001 0.12210000 0.22634999
v -0.35894999 0.12181865 0.22634999
v -0.12000000 0.03790000 0.22634999
v -0.12105000 0.03818135 0.22634999
v -0.12365000 0.02685000 0.22634999
v -0.11818135 0.04105000 0.22634999
v -0.10000000 0.02685000 0.22634999
v -0.11790000 0.04000000 0.22634999
v -0.11818135 0.03895000 0.22634999
v -0.11895000 0.03818135 0.22634999
v -0.12181865 0.04105000 0.22634999
v -0.12210000 0.04000000 0.22634999
v -0.12181865 0.03895000 0.22634999
v -0.12105000 0.04181865 0.22634999
v -0.12000000 0.04210000 0.22634999
v -0.11895000 0.04181865 0.22634999
v -0.20181866 0.03895000 0.22634999
v -0.20209999 0.04000000 0.22634999
v -0.19790000 0.04000000 0.22634999
v -0.19818135 0.03895000 0.22634999
v -0.19818135 0.04105000 0.22634999
v -0.19894999 0.04181865 0.22634999
v -0.19894999 0.03818135 0.22634999
v -0.20000000 0.03790000 0.22634999
v -0.20105000 0.03818135 0.22634999
v -0.20181866 0.04105000 0.22634999
v -0.20105000 0.04181865 0.22634999
v -0.20000000 0.04210000 0.22634999
v -0.27818134 0.04105000 0.22634999
v -0.27790001 0.04000000 0.22634999
v -0.27818134 0.03895000 0.22634999
v -0.27895001 0.03818135 0.22634999
v -0.28000000 0.03790000 0.22634999
v -0.28105000 0.03818135 0.22634999
v -0.31999999 0.02685000 0.22634999
v -0.28181866 0.03895000 0.22634999
v -0.28209999 0.04000000 0.22634999
v -0.28181866 0.04105000 0.22634999
v -0.28105000 0.04181865 0.22634999
v -0.28000000 0.04210000 0.22634999
v -0.27895001 0.04181865 0.22634999
v -0.35818136 0.04105000 0.22634999
v -0.36000001 0.03790000 0.22634999
v -0.36105001 0.03818135 0.22634999
v -0.37314999 0.02685000 0.22634999
v -0.35894999 0.03818135 0.22634999
v -0.35789999 0.04000000 0.22634999
v -0.35818136 0.03895000 0.22634999
v -0.36181864 0.03895000 0.22634999
v -0.36210001 0.04000000 0.22634999
v -0.36181864 0.04105000 0.22634999
v -0.36105001 0.04181865 0.22634999
v -0.36000001 0.04210000 0.22634999
v -0.35894999 0.04181865 0.22634999
v -0.44209999 0.04000000 0.22634999
v -0.44181865 0.04105000 0.22634999
v -0.44104999 0.04181865 0.22634999
v -0.44000000 0.04210000 0.22634999
v -0.43895000 0.04181865 0.22634999
v -0.43818134 0.04105000 0.22634999
v -0.41685000 0.02685000 0.22634999
v -0.43790001 0.04000000 0.22634999
v -0.43818134 0.03895000 0.22634999
v -0.43895000 0.03818135 0.22634999
v -0.44000000 0.03790000 0.22634999
v -0.44104999 0.03818135 0.22634999
v -0.44181865 0.03895000 0.22634999
v -0.12365000 -0.00000000 0.22634999
v -0.37314999 -0.00000000 0.22634999
v -0.31999999 -0.00000000 0.22634999
v -0.46290001 0.00497705 0.22634999
v -0.46502295 0.00710000 0.22634999
v -0.46579999 0.01000000 0.22634999
v -0.46502295 0.01290000 0.22634999
v -0.46290001 0.01502295 0.22634999
v -0.46000001 0.01580000 0.22634999
v -0.45710000 0.01502295 0.22634999
v -0.46000001 0.00420000 0.22634999
v -0.45710000 0.00497705 0.22634999
v -0.45497707 0.01290000 0.22634999
v -0.45420000 0.01000000 0.22634999
v -0.45497707 0.00710000 0.22634999
v -0.12181865 -0.03895000 0.22634999
v -0.12210000 -0.04000000 0.22634999
v -0.12365000 -0.08000000 0.22634999
v -0.12181865 -0.04105000 0.22634999
v -0.12105000 -0.04181865 0.22634999
v -0.11818135 -0.04105000 0.22634999
v -0.11895000 -0.04181865 0.22634999
v -0.12000000 -0.04210000 0.22634999
v -0.12105000 -0.03818135 0.22634999
v -0.12000000 -0.03790000 0.22634999
v -0.11895000 -0.03818135 0.22634999
v -0.20000000 -0.03790000 0.22634999
v -0.19894999 -0.03818135 0.22634999
v -0.19818135 -0.03895000 0.22634999
v -0.19790000 -0.04000000 0.22634999
v -0.16734999 -0.08000000 0.22634999
v -0.19818135 -0.04105000 0.22634999
v -0.20105000 -0.04181865 0.22634999
v -0.23999999 -0.08000000 0.22634999
v -0.20000000 -0.04210000 0.22634999
v -0.19894999 -0.04181865 0.22634999
v -0.20181866 -0.04105000 0.22634999
v -0.20209999 -0.04000000 0.22634999
v -0.23999999 -0.00000000 0.22634999
v -0.20181866 -0.03895000 0.22634999
v -0.20105000 -0.03818135 0.22634999
v -0.28105000 -0.04181865 0.22634999
v -0.28181866 -0.04105000 0.22634999
v -0.31999999 -0.08000000 0.22634999
v -0.28209999 -0.04000000 0.22634999
v -0.28181866 -0.03895000 0.22634999
v -0.28105000 -0.03818135 0.22634999
v -0.27790001 -0.04000000 0.22634999
v -0.27818134 -0.03895000 0.22634999
v -0.27895001 -0.03818135 0.22634999
v -0.28000000 -0.03790000 0.22634999
v -0.27818134 -0.04105000 0.22634999
v -0.27895001 -0.04181865 0.22634999
v -0.28000000 -0.04210000 0.22634999
v -0.35818136 -0.03895000 0.22634999
v -0.35789999 -0.04000000 0.22634999
v -0.36181864 -0.03895000 0.22634999
v -0.36210001 -0.04000000 0.22634999
v -0.37314999 -0.08000000 0.22634999
v -0.36181864 -0.04105000 0.22634999
v -0.36105001 -0.04181865 0.22634999
v -0.35818136 -0.04105000 0.22634999
v -0.35894999 -0.04181865 0.22634999
v -0.36000001 -0.04210000 0.22634999
v -0.36105001 -0.03818135 0.22634999
v -0.36000001 -0.03790000 0.22634999
v -0.35894999 -0.03818135 0.22634999
v -0.44000000 -0.03790000 0.22634999
v -0.43895000 -0.03818135 0.22634999
v -0.41685000 -0.00000000 0.22634999
v -0.44104999 -0.04181865 0.22634999
v -0.44181865 -0.04105000 0.22634999
v -0.44209999 -0.04000000 0.22634999
v -0.44181865 -0.03895000 0.22634999
v -0.44104999 -0.03818135 0.22634999
v -0.43818134 -0.03895000 0.22634999
v -0.43790001 -0.04000000 0.22634999
v -0.43818134 -0.04105000 0.22634999
v -0.43895000 -0.04181865 0.22634999
v -0.44000000 -0.04210000 0.22634999
v -0.11818135 -0.12105000 0.22634999
v -0.11895000 -0.12181865 0.22634999
v -0.12365000 -0.16000000 0.22634999
v -0.12000000 -0.12210000 0.22634999
v -0.12105000 -0.12181865 0.22634999
v -0.12181865 -0.11895000 0.22634999
v -0.12210000 -0.12000000 0.22634999
v -0.12181865 -0.12105000 0.22634999
v -0.12105000 -0.11818135 0.22634999
v -0.12000000 -0.11790000 0.22634999
v -0.11895000 -0.11818135 0.22634999
v -0.20209999 -0.12000000 0.22634999
v -0.20181866 -0.12105000 0.22634999
v -0.23999999 -0.16000000 0.22634999
v -0.19894999 -0.11818135 0.22634999
v -0.19818135 -0.11895000 0.22634999
v -0.19790000 -0.12000000 0.22634999
v -0.16734999 -0.16000000 0.22634999
v -0.19818135 -0.12105000 0.22634999
v -0.19894999 -0.12181865 0.22634999
v -0.20000000 -0.12210000 0.22634999
v -0.20105000 -0.12181865 0.22634999
v -0.20181866 -0.11895000 0.22634999
v -0.20105000 -0.11818135 0.22634999
v -0.20000000 -0.11790000 0.22634999
v -0.27790001 -0.12000000 0.22634999
v -0.27818134 -0.12105000 0.22634999
v -0.27895001 -0.12181865 0.22634999
v -0.28000000 -0.12210000 0.22634999
v -0.28105000 -0.12181865 0.22634999
v -0.31999999 -0.16000000 0.22634999
v -0.28181866 -0.12105000 0.22634999
v -0.28209999 -0.12000000 0.22634999
v -0.27818134 -0.11895000 0.22634999
v -0.27895001 -0.11818135 0.22634999
v -0.28181866 -0.11895000 0.22634999
v -0.28105000 -0.11818135 0.22634999
v -0.28000000 -0.11790000 0.22634999
v -0.35818136 -0.11895000 0.22634999
v -0.35789999 -0.12000000 0.22634999
v -0.36181864 -0.11895000 0.22634999
v -0.36210001 -0.12000000 0.22634999
v -0.37314999 -0.16000000 0.22634999
v -0.36181864 -0.12105000 0.22634999
v -0.36105001 -0.12181865 0.22634999
v -0.35818136 -0.12105000 0.22634999
v -0.35894999 -0.12181865 0.22634999
v -0.36000001 -0.12210000 0.22634999
v -0.36105001 -0.11818135 0.22634999
v -0.36000001 -0.11790000 0.22634999
v -0.35894999 -0.11818135 0.22634999
v -0.10000000 -0.23999999 0.22634999
v -0.12105000 -0.20181866 0.22634999
v -0.12181865 -0.20105000 0.22634999
v -0.12365000 -0.23999999 0.22634999
v -0.12210000 -0.20000000 0.22634999
v -0.12181865 -0.19894999 0.22634999
v -0.11818135 -0.20105000 0.22634999
v -0.11895000 -0.20181866 0.22634999
v -0.12000000 -0.20209999 0.22634999
v -0.12105000 -0.19818135 0.22634999
v -0.12000000 -0.19790000 0.22634999
v -0.11895000 -0.19818135 0.22634999
v -0.16734999 -0.23999999 0.22634999
v -0.19818135 -0.20105000 0.22634999
v -0.19790000 -0.20000000 0.22634999
v -0.19818135 -0.19894999 0.22634999
v -0.19894999 -0.19818135 0.22634999
v -0.19894999 -0.20181866 0.22634999
v -0.20000000 -0.20209999 0.22634999
v -0.23999999 -0.23999999 0.22634999
v -0.20209999 -0.20000000 0.22634999
v -0.20181866 -0.20105000 0.22634999
v -0.20105000 -0.20181866 0.22634999
v -0.20181866 -0.19894999 0.22634999
v -0.20105000 -0.19818135 0.22634999
v -0.20000000 -0.19790000 0.22634999
v -0.28105000 -0.20181866 0.22634999
v -0.28181866 -0.20105000 0.22634999
v -0.31999999 -0.23999999 0.22634999
v -0.27818134 -0.20105000 0.22634999
v -0.27895001 -0.20181866 0.22634999
v -0.28000000 -0.20209999 0.22634999
v -0.28209999 -0.20000000 0.22634999
v -0.28181866 -0.19894999 0.22634999
v -0.28105000 -0.19818135 0.22634999
v -0.28000000 -0.19790000 0.22634999
v -0.27895001 -0.19818135 0.22634999
v -0.27818134 -0.19894999 0.22634999
v -0.27790001 -0.20000000 0.22634999
v -0.35818136 -0.19894999 0.22634999
v -0.35789999 -0.20000000 0.22634999
v -0.36105001 -0.20181866 0.22634999
v -0.36181864 -0.20105000 0.22634999
v -0.37314999 -0.23999999 0.22634999
v -0.36210001 -0.20000000 0.22634999
v -0.36181864 -0.19894999 0.22634999
v -0.35818136 -0.20105000 0.22634999
v -0.35894999 -0.20181866 0.22634999
v -0.36000001 -0.20209999 0.22634999
v -0.36105001 -0.19818135 0.22634999
v -0.36000001 -0.19790000 0.22634999
v -0.35894999 -0.19818135 0.22634999
v -0.12105000 -0.27818134 0.22634999
v -0.12000000 -0.27790001 0.22634999
v -0.11790000 -0.28000000 0.22634999
v -0.11818135 -0.27895001 0.22634999
v -0.11895000 -0.27818134 0.22634999
v -0.11818135 -0.28105000 0.22634999
v -0.11895000 -0.28181866 0.22634999
v -0.12000000 -0.28209999 0.22634999
v -0.12105000 -0.28181866 0.22634999
v -0.12181865 -0.28105000 0.22634999
v -0.12210000 -0.28000000 0.22634999
v -0.12181865 -0.27895001 0.22634999
v -0.19818135 -0.28105000 0.22634999
v -0.19894999 -0.28181866 0.22634999
v -0.20000000 -0.28209999 0.22634999
v -0.20105000 -0.27818134 0.22634999
v -0.20000000 -0.27790001 0.22634999
v -0.19894999 -0.27818134 0.22634999
v -0.20105000 -0.28181866 0.22634999
v -0.23999999 -0.28815001 0.22634999
v -0.20181866 -0.28105000 0.22634999
v -0.20209999 -0.28000000 0.22634999
v -0.20181866 -0.27895001 0.22634999
v -0.27818134 -0.28105000 0.22634999
v -0.27895001 -0.28181866 0.22634999
v -0.28181866 -0.27895001 0.22634999
v -0.28105000 -0.27818134 0.22634999
v -0.28000000 -0.28209999 0.22634999
v -0.28105000 -0.28181866 0.22634999
v -0.31999999 -0.28815001 0.22634999
v -0.28181866 -0.28105000 0.22634999
v -0.28209999 -0.28000000 0.22634999
v -0.28000000 -0.27790001 0.22634999
v -0.27895001 -0.27818134 0.22634999
v -0.27818134 -0.27895001 0.22634999
v -0.27790001 -0.28000000 0.22634999
v -0.35818136 -0.27895001 0.22634999
v -0.35789999 -0.28000000 0.22634999
v -0.35818136 -0.28105000 0.22634999
v -0.35894999 -0.28181866 0.22634999
v -0.36000001 -0.28209999 0.22634999
v -0.36105001 -0.28181866 0.22634999
v -0.36181864 -0.28105000 0.22634999
v -0.36210001 -0.28000000 0.22634999
v -0.36181864 -0.27895001 0.22634999
v -0.36105001 -0.27818134 0.22634999
v -0.36000001 -0.27790001 0.22634999
v -0.35894999 -0.27818134 0.22634999
v -0.10000000 -0.34185001 0.22634999
v -0.12365000 -0.31000000 0.22634999
v -0.16734999 -0.31000000 0.22634999
v -0.23999999 -0.34185001 0.22634999
v -0.23999999 -0.31000000 0.22634999
v -0.31999999 -0.31000000 0.22634999
v -0.12105000 -0.35818136 0.22634999
v -0.12000000 -0.35789999 0.22634999
v -0.11790000 -0.36000001 0.22634999
v -0.10000000 -0.37015000 0.22634999
v -0.11818135 -0.35894999 0.22634999
v -0.11895000 -0.35818136 0.22634999
v -0.11818135 -0.36105001 0.22634999
v -0.11895000 -0.36181864 0.22634999
v -0.12000000 -0.36210001 0.22634999
v -0.12105000 -0.36181864 0.22634999
v -0.12181865 -0.36105001 0.22634999
v -0.12210000 -0.36000001 0.22634999
v -0.12181865 -0.35894999 0.22634999
v -0.19818135 -0.35894999 0.22634999
v -0.19790000 -0.36000001 0.22634999
v -0.16734999 -0.37015000 0.22634999
v -0.19818135 -0.36105001 0.22634999
v -0.19894999 -0.35818136 0.22634999
v -0.20000000 -0.35789999 0.22634999
v -0.20105000 -0.35818136 0.22634999
v -0.20105000 -0.36181864 0.22634999
v -0.20000000 -0.36210001 0.22634999
v -0.19894999 -0.36181864 0.22634999
v -0.20181866 -0.36105001 0.22634999
v -0.20209999 -0.36000001 0.22634999
v -0.20181866 -0.35894999 0.22634999
v -0.27818134 -0.36105001 0.22634999
v -0.27895001 -0.36181864 0.22634999
v -0.28000000 -0.36210001 0.22634999
v -0.28105000 -0.36181864 0.22634999
v -0.28000000 -0.35789999 0.22634999
v -0.28105000 -0.35818136 0.22634999
v -0.28181866 -0.36105001 0.22634999
v -0.28209999 -0.36000001 0.22634999
v -0.28181866 -0.35894999 0.22634999
v -0.27895001 -0.35818136 0.22634999
v -0.27818134 -0.35894999 0.22634999
v -0.27790001 -0.36000001 0.22634999
v -0.10810000 -0.37897706 0.22634999
v -0.10597705 -0.38110000 0.22634999
v -0.10520000 -0.38400000 0.22634999
v -0.10000000 -0.39240000 0.22634999
v -0.10597705 -0.38690001 0.22634999
v -0.11390000 -0.38902295 0.22634999
v -0.12365000 -0.39240000 0.22634999
v -0.11100000 -0.38980001 0.22634999
v -0.10810000 -0.38902295 0.22634999
v -0.11602294 -0.38690001 0.22634999
v -0.11680000 -0.38400000 0.22634999
v -0.11602294 -0.38110000 0.22634999
v -0.11390000 -0.37897706 0.22634999
v -0.11100000 -0.37819999 0.22634999
v -0.12809999 -0.38902295 0.22634999
v -0.13100000 -0.38980001 0.22634999
v -0.13100000 -0.37819999 0.22634999
v -0.12809999 -0.37897706 0.22634999
v -0.13602294 -0.38690001 0.22634999
v -0.13680001 -0.38400000 0.22634999
v -0.16734999 -0.39240000 0.22634999
v -0.13390000 -0.38902295 0.22634999
v -0.13602294 -0.38110000 0.22634999
v -0.13390000 -0.37897706 0.22634999
v -0.12597705 -0.38110000 0.22634999
v -0.12520000 -0.38400000 0.22634999
v -0.12597705 -0.38690001 0.22634999
v -0.13338158 0.38537499 0.22000000
v -0.13375001 0.38400000 0.22000000
v -0.16582499 0.28967500 0.22000000
v -0.23999999 0.28967500 0.22000000
v -0.23999999 0.31000000 0.22000000
v -0.20181866 0.28105000 0.22000000
v -0.20209999 0.28000000 0.22000000
v -0.20181866 0.20105000 0.22000000
v -0.20209999 0.20000000 0.22000000
v -0.23999999 0.23999999 0.22000000
v -0.28181866 0.12105000 0.22000000
v -0.28209999 0.12000000 0.22000000
v -0.31999999 0.08000000 0.22000000
v -0.23999999 -0.00000000 0.22000000
v -0.31999999 -0.00000000 0.22000000
v -0.31999999 0.02532500 0.22000000
v -0.20181866 -0.03895000 0.22000000
v -0.20209999 -0.04000000 0.22000000
v -0.23999999 -0.08000000 0.22000000
v -0.20181866 -0.19894999 0.22000000
v -0.20209999 -0.20000000 0.22000000
v -0.23999999 -0.16000000 0.22000000
v -0.16582499 -0.34032500 0.22000000
v -0.23999999 -0.34032500 0.22000000
v -0.23999999 -0.31000000 0.22000000
v -0.23999999 -0.39087501 0.22000000
v -0.31999999 -0.39087501 0.22000000
v -0.31999999 -0.37167501 0.22000000
v -0.46238157 -0.00862500 0.22000000
v -0.46274999 -0.01000000 0.22000000
v -0.47078630 -0.00000000 0.22000000
v -0.28000000 0.36210001 0.22000000
v -0.28105000 0.36181864 0.22000000
v -0.28181866 0.36105001 0.22000000
v -0.28209999 0.36000001 0.22000000
v -0.31999999 0.34032500 0.22000000
v -0.28181866 0.35894999 0.22000000
v -0.28105000 0.35818136 0.22000000
v -0.32342622 0.39174500 0.22000000
v -0.28000000 0.35789999 0.22000000
v -0.27895001 0.35818136 0.22000000
v -0.23999999 0.34032500 0.22000000
v -0.27818134 0.35894999 0.22000000
v -0.27790001 0.36000001 0.22000000
v -0.27895001 0.36181864 0.22000000
v -0.27818134 0.36105001 0.22000000
v -0.35053056 0.38214684 0.22000000
v -0.37478113 0.36669755 0.22000000
v -0.37467501 0.34032500 0.22000000
v -0.39493480 0.34618902 0.22000000
v -0.38862500 0.32238156 0.22000000
v -0.40995851 0.32167253 0.22000000
v -0.39274999 0.31999999 0.22000000
v -0.41462231 0.31025371 0.22000000
v -0.39238158 0.31862500 0.22000000
v -0.39137501 0.31761843 0.22000000
v -0.38999999 0.31725001 0.22000000
v -0.37467501 0.31000000 0.22000000
v -0.38862500 0.31761843 0.22000000
v -0.38999999 0.32275000 0.22000000
v -0.39137501 0.32238156 0.22000000
v -0.39238158 0.32137501 0.22000000
v -0.38761842 0.31862500 0.22000000
v -0.38725001 0.31999999 0.22000000
v -0.38761842 0.32137501 0.22000000
v -0.39238158 0.30137500 0.22000000
v -0.39274999 0.30000001 0.22000000
v -0.39238158 0.29862499 0.22000000
v -0.41532499 0.28967500 0.22000000
v -0.39137501 0.29761842 0.22000000
v -0.38999999 0.29725000 0.22000000
v -0.38761842 0.30137500 0.22000000
v -0.38862500 0.30238158 0.22000000
v -0.38999999 0.30274999 0.22000000
v -0.39137501 0.30238158 0.22000000
v -0.38862500 0.29761842 0.22000000
v -0.37467501 0.28967500 0.22000000
v -0.38761842 0.29862499 0.22000000
v -0.38725001 0.30000001 0.22000000
v -0.41532499 0.23999999 0.22000000
v -0.41532499 0.16000000 0.22000000
v -0.44181865 0.11895000 0.22000000
v -0.44967499 0.08000000 0.22000000
v -0.44209999 0.12000000 0.22000000
v -0.44181865 0.12105000 0.22000000
v -0.43895000 0.11818135 0.22000000
v -0.41532499 0.08000000 0.22000000
v -0.44000000 0.11790000 0.22000000
v -0.44104999 0.11818135 0.22000000
v -0.43818134 0.11895000 0.22000000
v -0.43790001 0.12000000 0.22000000
v -0.43818134 0.12105000 0.22000000
v -0.43895000 0.12181865 0.22000000
v -0.44000000 0.12210000 0.22000000
v -0.44104999 0.12181865 0.22000000
v -0.47078630 0.02532500 0.22000000
v -0.45725000 -0.01000000 0.22000000
v -0.45761842 -0.00862500 0.22000000
v -0.44967499 -0.00000000 0.22000000
v -0.45761842 -0.01137500 0.22000000
v -0.46238157 -0.01137500 0.22000000
v -0.46137500 -0.01238157 0.22000000
v -0.46000001 -0.01275000 0.22000000
v -0.44967499 -0.08000000 0.22000000
v -0.45862499 -0.01238157 0.22000000
v -0.45862499 -0.00761843 0.22000000
v -0.46000001 -0.00725000 0.22000000
v -0.46137500 -0.00761843 0.22000000
v -0.44104999 -0.11818135 0.22000000
v -0.44181865 -0.11895000 0.22000000
v -0.44209999 -0.12000000 0.22000000
v -0.43895000 -0.12181865 0.22000000
v -0.43818134 -0.12105000 0.22000000
v -0.41532499 -0.16000000 0.22000000
v -0.43790001 -0.12000000 0.22000000
v -0.41532499 -0.08000000 0.22000000
v -0.43818134 -0.11895000 0.22000000
v -0.43895000 -0.11818135 0.22000000
v -0.44000000 -0.11790000 0.22000000
v -0.44000000 -0.12210000 0.22000000
v -0.44104999 -0.12181865 0.22000000
v -0.44181865 -0.12105000 0.22000000
v -0.41532499 -0.28967500 0.22000000
v -0.41532499 -0.23999999 0.22000000
v -0.37467501 -0.28967500 0.22000000
v -0.38862500 -0.29761842 0.22000000
v -0.38999999 -0.29725000 0.22000000
v -0.39238158 -0.30137500 0.22000000
v -0.41462231 -0.31025371 0.22000000
v -0.39274999 -0.30000001 0.22000000
v -0.39238158 -0.29862499 0.22000000
v -0.39137501 -0.29761842 0.22000000
v -0.39137501 -0.30238158 0.22000000
v -0.38999999 -0.30274999 0.22000000
v -0.37467501 -0.31000000 0.22000000
v -0.38862500 -0.30238158 0.22000000
v -0.38761842 -0.30137500 0.22000000
v -0.38725001 -0.30000001 0.22000000
v -0.38761842 -0.29862499 0.22000000
v -0.40995851 -0.32167253 0.22000000
v -0.39238158 -0.31862500 0.22000000
v -0.39137501 -0.32238156 0.22000000
v -0.39493480 -0.34618902 0.22000000
v -0.39238158 -0.32137501 0.22000000
v -0.39274999 -0.31999999 0.22000000
v -0.38999999 -0.32275000 0.22000000
v -0.37467501 -0.34032500 0.22000000
v -0.37478113 -0.36669755 0.22000000
v -0.35053056 -0.38214684 0.22000000
v -0.38761842 -0.31862500 0.22000000
v -0.38862500 -0.31761843 0.22000000
v -0.38999999 -0.31725001 0.22000000
v -0.39137501 -0.31761843 0.22000000
v -0.38862500 -0.32238156 0.22000000
v -0.38761842 -0.32137501 0.22000000
v -0.38725001 -0.31999999 0.22000000
v -0.10000000 -0.39087501 0.22000000
v -0.12517500 -0.39087501 0.22000000
v -0.16582499 -0.39087501 0.22000000
v -0.10962500 -0.38161844 0.22000000
v -0.11100000 -0.38124999 0.22000000
v -0.10000000 -0.37167501 0.22000000
v -0.12517500 -0.37167501 0.22000000
v -0.11338157 -0.38537499 0.22000000
v -0.11237500 -0.38638157 0.22000000
v -0.11100000 -0.38675001 0.22000000
v -0.10962500 -0.38638157 0.22000000
v -0.11237500 -0.38161844 0.22000000
v -0.11338157 -0.38262501 0.22000000
v -0.11375000 -0.38400000 0.22000000
v -0.10861843 -0.38537499 0.22000000
v -0.10825000 -0.38400000 0.22000000
v -0.10861843 -0.38262501 0.22000000
v -0.13237500 -0.38161844 0.22000000
v -0.13338158 -0.38262501 0.22000000
v -0.16582499 -0.37167501 0.22000000
v -0.13375001 -0.38400000 0.22000000
v -0.13338158 -0.38537499 0.22000000
v -0.13237500 -0.38638157 0.22000000
v -0.13100000 -0.38675001 0.22000000
v -0.12962499 -0.38638157 0.22000000
v -0.13100000 -0.38124999 0.22000000
v -0.12861843 -0.38537499 0.22000000
v -0.12825000 -0.38400000 0.22000000
v -0.12861843 -0.38262501 0.22000000
v -0.12962499 -0.38161844 0.22000000
v -0.11895000 -0.35818136 0.22000000
v -0.12000000 -0.35789999 0.22000000
v -0.12517500 -0.34032500 0.22000000
v -0.12105000 -0.35818136 0.22000000
v -0.12181865 -0.35894999 0.22000000
v -0.12210000 -0.36000001 0.22000000
v -0.11895000 -0.36181864 0.22000000
v -0.12000000 -0.36210001 0.22000000
v -0.12105000 -0.36181864 0.22000000
v -0.12181865 -0.36105001 0.22000000
v -0.11818135 -0.35894999 0.22000000
v -0.10000000 -0.34032500 0.22000000
v -0.11790000 -0.36000001 0.22000000
v -0.11818135 -0.36105001 0.22000000
v -0.23999999 -0.37167501 0.22000000
v -0.20181866 -0.35894999 0.22000000
v -0.20000000 -0.36210001 0.22000000
v -0.19894999 -0.36181864 0.22000000
v -0.19818135 -0.36105001 0.22000000
v -0.19790000 -0.36000001 0.22000000
v -0.20209999 -0.36000001 0.22000000
v -0.20181866 -0.36105001 0.22000000
v -0.20105000 -0.36181864 0.22000000
v -0.19818135 -0.35894999 0.22000000
v -0.19894999 -0.35818136 0.22000000
v -0.20000000 -0.35789999 0.22000000
v -0.20105000 -0.35818136 0.22000000
v -0.28000000 -0.36210001 0.22000000
v -0.27895001 -0.36181864 0.22000000
v -0.28181866 -0.35894999 0.22000000
v -0.28209999 -0.36000001 0.22000000
v -0.28181866 -0.36105001 0.22000000
v -0.28105000 -0.36181864 0.22000000
v -0.27895001 -0.35818136 0.22000000
v -0.28000000 -0.35789999 0.22000000
v -0.28105000 -0.35818136 0.22000000
v -0.31999999 -0.34032500 0.22000000
v -0.32342622 -0.39174500 0.22000000
v -0.27818134 -0.36105001 0.22000000
v -0.27790001 -0.36000001 0.22000000
v -0.27818134 -0.35894999 0.22000000
v -0.12517500 -0.31000000 0.22000000
v -0.10000000 -0.31000000 0.22000000
v -0.31999999 -0.28967500 0.22000000
v -0.31999999 -0.31000000 0.22000000
v -0.12517500 -0.28967500 0.22000000
v -0.10000000 -0.28967500 0.22000000
v -0.12210000 -0.28000000 0.22000000
v -0.12181865 -0.28105000 0.22000000
v -0.12105000 -0.27818134 0.22000000
v -0.12181865 -0.27895001 0.22000000
v -0.12517500 -0.23999999 0.22000000
v -0.11895000 -0.28181866 0.22000000
v -0.12000000 -0.28209999 0.22000000
v -0.12105000 -0.28181866 0.22000000
v -0.11818135 -0.28105000 0.22000000
v -0.11790000 -0.28000000 0.22000000
v -0.10000000 -0.23999999 0.22000000
v -0.11818135 -0.27895001 0.22000000
v -0.11895000 -0.27818134 0.22000000
v -0.12000000 -0.27790001 0.22000000
v -0.23999999 -0.28967500 0.22000000
v -0.23999999 -0.23999999 0.22000000
v -0.20181866 -0.27895001 0.22000000
v -0.20000000 -0.28209999 0.22000000
v -0.19894999 -0.28181866 0.22000000
v -0.16582499 -0.28967500 0.22000000
v -0.19818135 -0.28105000 0.22000000
v -0.19790000 -0.28000000 0.22000000
v -0.20209999 -0.28000000 0.22000000
v -0.20181866 -0.28105000 0.22000000
v -0.20105000 -0.28181866 0.22000000
v -0.16582499 -0.31000000 0.22000000
v -0.16582499 -0.23999999 0.22000000
v -0.19818135 -0.27895001 0.22000000
v -0.19894999 -0.27818134 0.22000000
v -0.20000000 -0.27790001 0.22000000
v -0.20105000 -0.27818134 0.22000000
v -0.28000000 -0.28209999 0.22000000
v -0.27895001 -0.28181866 0.22000000
v -0.28181866 -0.27895001 0.22000000
v -0.28209999 -0.28000000 0.22000000
v -0.28181866 -0.28105000 0.22000000
v -0.28105000 -0.28181866 0.22000000
v -0.28105000 -0.27818134 0.22000000
v -0.31999999 -0.23999999 0.22000000
v -0.28000000 -0.27790001 0.22000000
v -0.27895001 -0.27818134 0.22000000
v -0.27818134 -0.28105000 0.22000000
v -0.27790001 -0.28000000 0.22000000
v -0.27818134 -0.27895001 0.22000000
v -0.35894999 -0.28181866 0.22000000
v -0.35818136 -0.28105000 0.22000000
v -0.35789999 -0.28000000 0.22000000
v -0.36210001 -0.28000000 0.22000000
v -0.36181864 -0.27895001 0.22000000
v -0.37467501 -0.23999999 0.22000000
v -0.36105001 -0.27818134 0.22000000
v -0.36181864 -0.28105000 0.22000000
v -0.36105001 -0.28181866 0.22000000
v -0.36000001 -0.28209999 0.22000000
v -0.35818136 -0.27895001 0.22000000
v -0.35894999 -0.27818134 0.22000000
v -0.36000001 -0.27790001 0.22000000
v -0.12210000 -0.20000000 0.22000000
v -0.12181865 -0.20105000 0.22000000
v -0.10000000 -0.16000000 0.22000000
v -0.11790000 -0.20000000 0.22000000
v -0.11818135 -0.20105000 0.22000000
v -0.12517500 -0.16000000 0.22000000
v -0.12181865 -0.19894999 0.22000000
v -0.12105000 -0.19818135 0.22000000
v -0.12105000 -0.20181866 0.22000000
v -0.12000000 -0.20209999 0.22000000
v -0.11895000 -0.20181866 0.22000000
v -0.11818135 -0.19894999 0.22000000
v -0.11895000 -0.19818135 0.22000000
v -0.12000000 -0.19790000 0.22000000
v -0.16582499 -0.16000000 0.22000000
v -0.19790000 -0.20000000 0.22000000
v -0.19818135 -0.19894999 0.22000000
v -0.19894999 -0.20181866 0.22000000
v -0.19818135 -0.20105000 0.22000000
v -0.20181866 -0.20105000 0.22000000
v -0.20105000 -0.20181866 0.22000000
v -0.20000000 -0.20209999 0.22000000
v -0.19894999 -0.19818135 0.22000000
v -0.20000000 -0.19790000 0.22000000
v -0.20105000 -0.19818135 0.22000000
v -0.28209999 -0.20000000 0.22000000
v -0.28181866 -0.20105000 0.22000000
v -0.27895001 -0.20181866 0.22000000
v -0.28000000 -0.20209999 0.22000000
v -0.28105000 -0.20181866 0.22000000
v -0.27818134 -0.20105000 0.22000000
v -0.27790001 -0.20000000 0.22000000
v -0.27818134 -0.19894999 0.22000000
v -0.27895001 -0.19818135 0.22000000
v -0.28000000 -0.19790000 0.22000000
v -0.31999999 -0.16000000 0.22000000
v -0.28105000 -0.19818135 0.22000000
v -0.28181866 -0.19894999 0.22000000
v -0.35818136 -0.20105000 0.22000000
v -0.35789999 -0.20000000 0.22000000
v -0.36181864 -0.20105000 0.22000000
v -0.36210001 -0.20000000 0.22000000
v -0.37467501 -0.16000000 0.22000000
v -0.36181864 -0.19894999 0.22000000
v -0.36105001 -0.19818135 0.22000000
v -0.36105001 -0.20181866 0.22000000
v -0.36000001 -0.20209999 0.22000000
v -0.35894999 -0.20181866 0.22000000
v -0.35818136 -0.19894999 0.22000000
v -0.35894999 -0.19818135 0.22000000
v -0.36000001 -0.19790000 0.22000000
v -0.12210000 -0.12000000 0.22000000
v -0.12181865 -0.12105000 0.22000000
v -0.10000000 -0.08000000 0.22000000
v -0.11790000 -0.12000000 0.22000000
v -0.11818135 -0.12105000 0.22000000
v -0.12105000 -0.12181865 0.22000000
v -0.12000000 -0.12210000 0.22000000
v -0.11895000 -0.12181865 0.22000000
v -0.12105000 -0.11818135 0.22000000
v -0.12181865 -0.11895000 0.22000000
v -0.12517500 -0.08000000 0.22000000
v -0.11818135 -0.11895000 0.22000000
v -0.11895000 -0.11818135 0.22000000
v -0.12000000 -0.11790000 0.22000000
v -0.16582499 -0.08000000 0.22000000
v -0.19790000 -0.12000000 0.22000000
v -0.19818135 -0.11895000 0.22000000
v -0.19894999 -0.12181865 0.22000000
v -0.19818135 -0.12105000 0.22000000
v -0.20209999 -0.12000000 0.22000000
v -0.20181866 -0.12105000 0.22000000
v -0.20105000 -0.12181865 0.22000000
v -0.20000000 -0.12210000 0.22000000
v -0.19894999 -0.11818135 0.22000000
v -0.20000000 -0.11790000 0.22000000
v -0.20105000 -0.11818135 0.22000000
v -0.20181866 -0.11895000 0.22000000
v -0.28181866 -0.11895000 0.22000000
v -0.28209999 -0.12000000 0.22000000
v -0.28181866 -0.12105000 0.22000000
v -0.27818134 -0.12105000 0.22000000
v -0.27790001 -0.12000000 0.22000000
v -0.27818134 -0.11895000 0.22000000
v -0.27895001 -0.11818135 0.22000000
v -0.31999999 -0.08000000 0.22000000
v -0.28000000 -0.11790000 0.22000000
v -0.28105000 -0.11818135 0.22000000
v -0.28105000 -0.12181865 0.22000000
v -0.28000000 -0.12210000 0.22000000
v -0.27895001 -0.12181865 0.22000000
v -0.35818136 -0.12105000 0.22000000
v -0.35789999 -0.12000000 0.22000000
v -0.36105001 -0.11818135 0.22000000
v -0.36181864 -0.11895000 0.22000000
v -0.37467501 -0.08000000 0.22000000
v -0.36210001 -0.12000000 0.22000000
v -0.36181864 -0.12105000 0.22000000
v -0.35818136 -0.11895000 0.22000000
v -0.35894999 -0.11818135 0.22000000
v -0.36000001 -0.11790000 0.22000000
v -0.36105001 -0.12181865 0.22000000
v -0.36000001 -0.12210000 0.22000000
v -0.35894999 -0.12181865 0.22000000
v -0.11818135 -0.03895000 0.22000000
v -0.10000000 -0.00000000 0.22000000
v -0.11790000 -0.04000000 0.22000000
v -0.11818135 -0.04105000 0.22000000
v -0.11895000 -0.03818135 0.22000000
v -0.12000000 -0.03790000 0.22000000
v -0.12517500 -0.00000000 0.22000000
v -0.12181865 -0.04105000 0.22000000
v -0.12105000 -0.04181865 0.22000000
v -0.12000000 -0.04210000 0.22000000
v -0.11895000 -0.04181865 0.22000000
v -0.12105000 -0.03818135 0.22000000
v -0.12181865 -0.03895000 0.22000000
v -0.12210000 -0.04000000 0.22000000
v -0.19894999 -0.03818135 0.22000000
v -0.16582499 -0.00000000 0.22000000
v -0.19818135 -0.03895000 0.22000000
v -0.19790000 -0.04000000 0.22000000
v -0.20000000 -0.03790000 0.22000000
v -0.20105000 -0.03818135 0.22000000
v -0.19894999 -0.04181865 0.22000000
v -0.19818135 -0.04105000 0.22000000
v -0.20181866 -0.04105000 0.22000000
v -0.20105000 -0.04181865 0.22000000
v -0.20000000 -0.04210000 0.22000000
v -0.28209999 -0.04000000 0.22000000
v -0.28181866 -0.03895000 0.22000000
v -0.28105000 -0.03818135 0.22000000
v -0.27895001 -0.04181865 0.22000000
v -0.27818134 -0.04105000 0.22000000
v -0.28181866 -0.04105000 0.22000000
v -0.28105000 -0.04181865 0.22000000
v -0.28000000 -0.04210000 0.22000000
v -0.27790001 -0.04000000 0.22000000
v -0.27818134 -0.03895000 0.22000000
v -0.27895001 -0.03818135 0.22000000
v -0.28000000 -0.03790000 0.22000000
v -0.36000001 -0.03790000 0.22000000
v -0.36105001 -0.03818135 0.22000000
v -0.37467501 -0.00000000 0.22000000
v -0.35818136 -0.04105000 0.22000000
v -0.35789999 -0.04000000 0.22000000
v -0.35894999 -0.03818135 0.22000000
v -0.35818136 -0.03895000 0.22000000
v -0.36181864 -0.03895000 0.22000000
v -0.36210001 -0.04000000 0.22000000
v -0.36181864 -0.04105000 0.22000000
v -0.36105001 -0.04181865 0.22000000
v -0.36000001 -0.04210000 0.22000000
v -0.35894999 -0.04181865 0.22000000
v -0.44209999 -0.04000000 0.22000000
v -0.44181865 -0.04105000 0.22000000
v -0.43895000 -0.04181865 0.22000000
v -0.44000000 -0.04210000 0.22000000
v -0.44104999 -0.04181865 0.22000000
v -0.43818134 -0.04105000 0.22000000
v -0.43790001 -0.04000000 0.22000000
v -0.41532499 -0.00000000 0.22000000
v -0.43818134 -0.03895000 0.22000000
v -0.43895000 -0.03818135 0.22000000
v -0.44000000 -0.03790000 0.22000000
v -0.44104999 -0.03818135 0.22000000
v -0.44181865 -0.03895000 0.22000000
v -0.12517500 0.02532500 0.22000000
v -0.10000000 0.02532500 0.22000000
v -0.46238157 0.00862500 0.22000000
v -0.46137500 0.00761843 0.22000000
v -0.46000001 0.00725000 0.22000000
v -0.45862499 0.00761843 0.22000000
v -0.45862499 0.01238157 0.22000000
v -0.46000001 0.01275000 0.22000000
v -0.44967499 0.02532500 0.22000000
v -0.45761842 0.00862500 0.22000000
v -0.45725000 0.01000000 0.22000000
v -0.45761842 0.01137500 0.22000000
v -0.46137500 0.01238157 0.22000000
v -0.46238157 0.01137500 0.22000000
v -0.46274999 0.01000000 0.22000000
v -0.12210000 0.04000000 0.22000000
v -0.12181865 0.03895000 0.22000000
v -0.11818135 0.03895000 0.22000000
v -0.11790000 0.04000000 0.22000000
v -0.10000000 0.08000000 0.22000000
v -0.12105000 0.03818135 0.22000000
v -0.12000000 0.03790000 0.22000000
v -0.11895000 0.03818135 0.22000000
v -0.12105000 0.04181865 0.22000000
v -0.12181865 0.04105000 0.22000000
v -0.12517500 0.08000000 0.22000000
v -0.11818135 0.04105000 0.22000000
v -0.11895000 0.04181865 0.22000000
v -0.12000000 0.04210000 0.22000000
v -0.20181866 0.03895000 0.22000000
v -0.20105000 0.03818135 0.22000000
v -0.23999999 0.02532500 0.22000000
v -0.20000000 0.03790000 0.22000000
v -0.19894999 0.03818135 0.22000000
v -0.16582499 0.02532500 0.22000000
v -0.19818135 0.03895000 0.22000000
v -0.19790000 0.04000000 0.22000000
v -0.16582499 0.08000000 0.22000000
v -0.19818135 0.04105000 0.22000000
v -0.19894999 0.04181865 0.22000000
v -0.20000000 0.04210000 0.22000000
v -0.23999999 0.08000000 0.22000000
v -0.20105000 0.04181865 0.22000000
v -0.20181866 0.04105000 0.22000000
v -0.20209999 0.04000000 0.22000000
v -0.28181866 0.04105000 0.22000000
v -0.28209999 0.04000000 0.22000000
v -0.28181866 0.03895000 0.22000000
v -0.28105000 0.03818135 0.22000000
v -0.28000000 0.03790000 0.22000000
v -0.27895001 0.03818135 0.22000000
v -0.27818134 0.04105000 0.22000000
v -0.27790001 0.04000000 0.22000000
v -0.27818134 0.03895000 0.22000000
v -0.27895001 0.04181865 0.22000000
v -0.28000000 0.04210000 0.22000000
v -0.28105000 0.04181865 0.22000000
v -0.35894999 0.03818135 0.22000000
v -0.35818136 0.03895000 0.22000000
v -0.36210001 0.04000000 0.22000000
v -0.36181864 0.03895000 0.22000000
v -0.37467501 0.02532500 0.22000000
v -0.36105001 0.03818135 0.22000000
v -0.36000001 0.03790000 0.22000000
v -0.35789999 0.04000000 0.22000000
v -0.36181864 0.04105000 0.22000000
v -0.37467501 0.08000000 0.22000000
v -0.36105001 0.04181865 0.22000000
v -0.35818136 0.04105000 0.22000000
v -0.35894999 0.04181865 0.22000000
v -0.36000001 0.04210000 0.22000000
v -0.44104999 0.03818135 0.22000000
v -0.44000000 0.03790000 0.22000000
v -0.43895000 0.03818135 0.22000000
v -0.43818134 0.03895000 0.22000000
v -0.41532499 0.02532500 0.22000000
v -0.43790001 0.04000000 0.22000000
v -0.44104999 0.04181865 0.22000000
v -0.44181865 0.04105000 0.22000000
v -0.44209999 0.04000000 0.22000000
v -0.44181865 0.03895000 0.22000000
v -0.43818134 0.04105000 0.22000000
v -0.43895000 0.04181865 0.22000000
v -0.44000000 0.04210000 0.22000000
v -0.12210000 0.12000000 0.22000000
v -0.12181865 0.11895000 0.22000000
v -0.10000000 0.16000000 0.22000000
v -0.11790000 0.12000000 0.22000000
v -0.11818135 0.11895000 0.22000000
v -0.12105000 0.11818135 0.22000000
v -0.12000000 0.11790000 0.22000000
v -0.11895000 0.11818135 0.22000000
v -0.12105000 0.12181865 0.22000000
v -0.12181865 0.12105000 0.22000000
v -0.12517500 0.16000000 0.22000000
v -0.11818135 0.12105000 0.22000000
v -0.11895000 0.12181865 0.22000000
v -0.12000000 0.12210000 0.22000000
v -0.16582499 0.16000000 0.22000000
v -0.19790000 0.12000000 0.22000000
v -0.19818135 0.12105000 0.22000000
v -0.19894999 0.11818135 0.22000000
v -0.19818135 0.11895000 0.22000000
v -0.20209999 0.12000000 0.22000000
v -0.20181866 0.11895000 0.22000000
v -0.20105000 0.11818135 0.22000000
v -0.20000000 0.11790000 0.22000000
v -0.19894999 0.12181865 0.22000000
v -0.20000000 0.12210000 0.22000000
v -0.23999999 0.16000000 0.22000000
v -0.20105000 0.12181865 0.22000000
v -0.20181866 0.12105000 0.22000000
v -0.27895001 0.11818135 0.22000000
v -0.27818134 0.11895000 0.22000000
v -0.27790001 0.12000000 0.22000000
v -0.27818134 0.12105000 0.22000000
v -0.27895001 0.12181865 0.22000000
v -0.31999999 0.16000000 0.22000000
v -0.28000000 0.12210000 0.22000000
v -0.28105000 0.12181865 0.22000000
v -0.28181866 0.11895000 0.22000000
v -0.28105000 0.11818135 0.22000000
v -0.28000000 0.11790000 0.22000000
v -0.35818136 0.11895000 0.22000000
v -0.35789999 0.12000000 0.22000000
v -0.36105001 0.12181865 0.22000000
v -0.36181864 0.12105000 0.22000000
v -0.37467501 0.16000000 0.22000000
v -0.36210001 0.12000000 0.22000000
v -0.36181864 0.11895000 0.22000000
v -0.35818136 0.12105000 0.22000000
v -0.35894999 0.12181865 0.22000000
v -0.36000001 0.12210000 0.22000000
v -0.36105001 0.11818135 0.22000000
v -0.36000001 0.11790000 0.22000000
v -0.35894999 0.11818135 0.22000000
v -0.12210000 0.20000000 0.22000000
v -0.12181865 0.19894999 0.22000000
v -0.10000000 0.23999999 0.22000000
v -0.11790000 0.20000000 0.22000000
v -0.11818135 0.19894999 0.22000000
v -0.12517500 0.23999999 0.22000000
v -0.12181865 0.20105000 0.22000000
v -0.12105000 0.20181866 0.22000000
v -0.12105000 0.19818135 0.22000000
v -0.12000000 0.19790000 0.22000000
v -0.11895000 0.19818135 0.22000000
v -0.11818135 0.20105000 0.22000000
v -0.11895000 0.20181866 0.22000000
v -0.12000000 0.20209999 0.22000000
v -0.16582499 0.23999999 0.22000000
v -0.19790000 0.20000000 0.22000000
v -0.19818135 0.20105000 0.22000000
v -0.19894999 0.19818135 0.22000000
v -0.19818135 0.19894999 0.22000000
v -0.20181866 0.19894999 0.22000000
v -0.20105000 0.19818135 0.22000000
v -0.20000000 0.19790000 0.22000000
v -0.19894999 0.20181866 0.22000000
v -0.20000000 0.20209999 0.22000000
v -0.20105000 0.20181866 0.22000000
v -0.27895001 0.19818135 0.22000000
v -0.27818134 0.19894999 0.22000000
v -0.27790001 0.20000000 0.22000000
v -0.27818134 0.20105000 0.22000000
v -0.27895001 0.20181866 0.22000000
v -0.28000000 0.20209999 0.22000000
v -0.28105000 0.20181866 0.22000000
v -0.31999999 0.23999999 0.22000000
v -0.28181866 0.20105000 0.22000000
v -0.28209999 0.20000000 0.22000000
v -0.28181866 0.19894999 0.22000000
v -0.28105000 0.19818135 0.22000000
v -0.28000000 0.19790000 0.22000000
v -0.35818136 0.19894999 0.22000000
v -0.35789999 0.20000000 0.22000000
v -0.36181864 0.19894999 0.22000000
v -0.36210001 0.20000000 0.22000000
v -0.37467501 0.23999999 0.22000000
v -0.36181864 0.20105000 0.22000000
v -0.36105001 0.20181866 0.22000000
v -0.36105001 0.19818135 0.22000000
v -0.36000001 0.19790000 0.22000000
v -0.35894999 0.19818135 0.22000000
v -0.35818136 0.20105000 0.22000000
v -0.35894999 0.20181866 0.22000000
v -0.36000001 0.20209999 0.22000000
v -0.11895000 0.28181866 0.22000000
v -0.12000000 0.28209999 0.22000000
v -0.12517500 0.28967500 0.22000000
v -0.12105000 0.28181866 0.22000000
v -0.12181865 0.28105000 0.22000000
v -0.12210000 0.28000000 0.22000000
v -0.12181865 0.27895001 0.22000000
v -0.12105000 0.27818134 0.22000000
v -0.12000000 0.27790001 0.22000000
v -0.11895000 0.27818134 0.22000000
v -0.11818135 0.27895001 0.22000000
v -0.10000000 0.28967500 0.22000000
v -0.11790000 0.28000000 0.22000000
v -0.11818135 0.28105000 0.22000000
v -0.19894999 0.27818134 0.22000000
v -0.19818135 0.27895001 0.22000000
v -0.19790000 0.28000000 0.22000000
v -0.19818135 0.28105000 0.22000000
v -0.20181866 0.27895001 0.22000000
v -0.20105000 0.27818134 0.22000000
v -0.20000000 0.27790001 0.22000000
v -0.19894999 0.28181866 0.22000000
v -0.20000000 0.28209999 0.22000000
v -0.20105000 0.28181866 0.22000000
v -0.28209999 0.28000000 0.22000000
v -0.28181866 0.27895001 0.22000000
v -0.28105000 0.27818134 0.22000000
v -0.28000000 0.27790001 0.22000000
v -0.31999999 0.28967500 0.22000000
v -0.28181866 0.28105000 0.22000000
v -0.28105000 0.28181866 0.22000000
v -0.27790001 0.28000000 0.22000000
v -0.27818134 0.27895001 0.22000000
v -0.27895001 0.27818134 0.22000000
v -0.27818134 0.28105000 0.22000000
v -0.27895001 0.28181866 0.22000000
v -0.28000000 0.28209999 0.22000000
v -0.35818136 0.27895001 0.22000000
v -0.35789999 0.28000000 0.22000000
v -0.36105001 0.28181866 0.22000000
v -0.36181864 0.28105000 0.22000000
v -0.36210001 0.28000000 0.22000000
v -0.36181864 0.27895001 0.22000000
v -0.36105001 0.27818134 0.22000000
v -0.36000001 0.27790001 0.22000000
v -0.35894999 0.27818134 0.22000000
v -0.35818136 0.28105000 0.22000000
v -0.35894999 0.28181866 0.22000000
v -0.36000001 0.28209999 0.22000000
v -0.31999999 0.31000000 0.22000000
v -0.16582499 0.34032500 0.22000000
v -0.12517500 0.34032500 0.22000000
v -0.12517500 0.31000000 0.22000000
v -0.16582499 0.31000000 0.22000000
v -0.12105000 0.35818136 0.22000000
v -0.12000000 0.35789999 0.22000000
v -0.10000000 0.31000000 0.22000000
v -0.10000000 0.34032500 0.22000000
v -0.11895000 0.35818136 0.22000000
v -0.12105000 0.36181864 0.22000000
v -0.12181865 0.36105001 0.22000000
v -0.12210000 0.36000001 0.22000000
v -0.12181865 0.35894999 0.22000000
v -0.10825000 0.38400000 0.22000000
v -0.10861843 0.38537499 0.22000000
v -0.10861843 0.38262501 0.22000000
v -0.10962500 0.38638157 0.22000000
v -0.11100000 0.38675001 0.22000000
v -0.11237500 0.38638157 0.22000000
v -0.11338157 0.38537499 0.22000000
v -0.11375000 0.38400000 0.22000000
v -0.11338157 0.38262501 0.22000000
v -0.11237500 0.38161844 0.22000000
v -0.10962500 0.38161844 0.22000000
v -0.11818135 0.36105001 0.22000000
v -0.11100000 0.38124999 0.22000000
v -0.11895000 0.36181864 0.22000000
v -0.12000000 0.36210001 0.22000000
v -0.11790000 0.36000001 0.22000000
v -0.11818135 0.35894999 0.22000000
v -0.12962499 0.38638157 0.22000000
v -0.13100000 0.38675001 0.22000000
v -0.13338158 0.38262501 0.22000000
v -0.13237500 0.38161844 0.22000000
v -0.13100000 0.38124999 0.22000000
v -0.12962499 0.38161844 0.22000000
v -0.13237500 0.38638157 0.22000000
v -0.12861843 0.38262501 0.22000000
v -0.12825000 0.38400000 0.22000000
v -0.12861843 0.38537499 0.22000000
v -0.20000000 0.35789999 0.22000000
v -0.19894999 0.35818136 0.22000000
v -0.20181866 0.36105001 0.22000000
v -0.20209999 0.36000001 0.22000000
v -0.20181866 0.35894999 0.22000000
v -0.20105000 0.35818136 0.22000000
v -0.19818135 0.35894999 0.22000000
v -0.19790000 0.36000001 0.22000000
v -0.19818135 0.36105001 0.22000000
v -0.19894999 0.36181864 0.22000000
v -0.20000000 0.36210001 0.22000000
v -0.20105000 0.36181864 0.22000000
v -0.38725001 0.31999999 0.22330000
v -0.38761842 0.32137501 0.22330000
v -0.38862500 0.32238156 0.22330000
v -0.38999999 0.32275000 0.22330000
v -0.39137501 0.32238156 0.22330000
v -0.39238158 0.32137501 0.22330000
v -0.39274999 0.31999999 0.22330000
v -0.39238158 0.31862500 0.22330000
v -0.39137501 0.31761843 0.22330000
v -0.38999999 0.31725001 0.22330000
v -0.38862500 0.31761843 0.22330000
v -0.38761842 0.31862500 0.22330000
v -0.38725001 0.30000001 0.22330000
v -0.38761842 0.30137500 0.22330000
v -0.38862500 0.30238158 0.22330000
v -0.38999999 0.30274999 0.22330000
v -0.39137501 0.30238158 0.22330000
v -0.39238158 0.30137500 0.22330000
v -0.39274999 0.30000001 0.22330000
v -0.39238158 0.29862499 0.22330000
v -0.39137501 0.29761842 0.22330000
v -0.38999999 0.29725000 0.22330000
v -0.38862500 0.29761842 0.22330000
v -0.38761842 0.29862499 0.22330000
v -0.38725001 -0.30000001 0.22330000
v -0.38761842 -0.29862499 0.22330000
v -0.38862500 -0.29761842 0.22330000
v -0.38999999 -0.29725000 0.22330000
v -0.39137501 -0.29761842 0.22330000
v -0.39238158 -0.29862499 0.22330000
v -0.39274999 -0.30000001 0.22330000
v -0.39238158 -0.30137500 0.22330000
v -0.39137501 -0.30238158 0.22330000
v -0.38999999 -0.30274999 0.22330000
v -0.38862500 -0.30238158 0.22330000
v -0.38761842 -0.30137500 0.22330000
v -0.38725001 -0.31999999 0.22330000
v -0.38761842 -0.31862500 0.22330000
v -0.38862500 -0.31761843 0.22330000
v -0.38999999 -0.31725001 0.22330000
v -0.39137501 -0.31761843 0.22330000
v -0.39238158 -0.31862500 0.22330000
v -0.39274999 -0.31999999 0.22330000
v -0.39238158 -0.32137501 0.22330000
v -0.39137501 -0.32238156 0.22330000
v -0.38999999 -0.32275000 0.22330000
v -0.38862500 -0.32238156 0.22330000
v -0.38761842 -0.32137501 0.22330000
v -0.45725000 -0.01000000 0.22330000
v -0.45761842 -0.00862500 0.22330000
v -0.45862499 -0.00761843 0.22330000
v -0.46000001 -0.00725000 0.22330000
v -0.46137500 -0.00761843 0.22330000
v -0.46238157 -0.00862500 0.22330000
v -0.46274999 -0.01000000 0.22330000
v -0.46238157 -0.01137500 0.22330000
v -0.46137500 -0.01238157 0.22330000
v -0.46000001 -0.01275000 0.22330000
v -0.45862499 -0.01238157 0.22330000
v -0.45761842 -0.01137500 0.22330000
v -0.45725000 0.01000000 0.22330000
v -0.45761842 0.01137500 0.22330000
v -0.45862499 0.01238157 0.22330000
v -0.46000001 0.01275000 0.22330000
v -0.46137500 0.01238157 0.22330000
v -0.46238157 0.01137500 0.22330000
v -0.46274999 0.01000000 0.22330000
v -0.46238157 0.00862500 0.22330000
v -0.46137500 0.00761843 0.22330000
v -0.46000001 0.00725000 0.22330000
v -0.45862499 0.00761843 0.22330000
v -0.45761842 0.00862500 0.22330000
v -0.12825000 0.38400000 0.22330000
v -0.12861843 0.38537499 0.22330000
v -0.12962499 0.38638157 0.22330000
v -0.13100000 0.38675001 0.22330000
v -0.13237500 0.38638157 0.22330000
v -0.13338158 0.38537499 0.22330000
v -0.13375001 0.38400000 0.22330000
v -0.13338158 0.38262501 0.22330000
v -0.13237500 0.38161844 0.22330000
v -0.13100000 0.38124999 0.22330000
v -0.12962499 0.38161844 0.22330000
v -0.12861843 0.38262501 0.22330000
v -0.10825000 0.38400000 0.22330000
v -0.10861843 0.38537499 0.22330000
v -0.10962500 0.38638157 0.22330000
v -0.11100000 0.38675001 0.22330000
v -0.11237500 0.38638157 0.22330000
v -0.11338157 0.38537499 0.22330000
v -0.11375000 0.38400000 0.22330000
v -0.11338157 0.38262501 0.22330000
v -0.11237500 0.38161844 0.22330000
v -0.11100000 0.38124999 0.22330000
v -0.10962500 0.38161844 0.22330000
v -0.10861843 0.38262501 0.22330000
v -0.12825000 -0.38400000 0.22330000
v -0.12861843 -0.38262501 0.22330000
v -0.12962499 -0.38161844 0.22330000
v -0.13100000 -0.38124999 0.22330000
v -0.13237500 -0.38161844 0.22330000
v -0.13338158 -0.38262501 0.22330000
v -0.13375001 -0.38400000 0.22330000
v -0.13338158 -0.38537499 0.22330000
v -0.13237500 -0.38638157 0.22330000
v -0.13100000 -0.38675001 0.22330000
v -0.12962499 -0.38638157 0.22330000
v -0.12861843 -0.38537499 0.22330000
v -0.10825000 -0.38400000 0.22330000
v -0.10861843 -0.38262501 0.22330000
v -0.10962500 -0.38161844 0.22330000
v -0.11100000 -0.38124999 0.22330000
v -0.11237500 -0.38161844 0.22330000
v -0.11338157 -0.38262501 0.22330000
v -0.11375000 -0.38400000 0.22330000
v -0.11338157 -0.38537499 0.22330000
v -0.11237500 -0.38638157 0.22330000
v -0.11100000 -0.38675001 0.22330000
v -0.10962500 -0.38638157 0.22330000
v -0.10861843 -0.38537499 0.22330000
v -0.38000000 0.29670000 0.22000000
v -0.38000000 0.29670000 0.00000000
v -0.38002282 0.29681480 0.00000000
v -0.38002282 0.29681480 0.22000000
v -0.38008788 0.29691213 0.00000000
v -0.38008788 0.29691213 0.22000000
v -0.38018519 0.29697716 0.00000000
v -0.38018519 0.29697716 0.22000000
v -0.38029999 0.29699999 0.00000000
v -0.38029999 0.29699999 0.22000000
v -0.38200000 0.29699999 0.22000000
v -0.38200000 0.29699999 0.00000000
v -0.38200000 0.29400000 0.22000000
v -0.38200000 0.29400000 0.00000000
v -0.38293937 0.29400000 0.22000000
v -0.38293937 0.29400000 0.00000000
v -0.38600001 0.29706064 0.22000000
v -0.38600001 0.29706064 0.00000000
v -0.38600001 0.29948038 0.22000000
v -0.38600001 0.29948038 0.00000000
v -0.38630000 0.30000001 0.22000000
v -0.38630000 0.30000001 0.00000000
v -0.38600001 0.30051962 0.22000000
v -0.38600001 0.30051962 0.00000000
v -0.38600001 0.30293933 0.22000000
v -0.38600001 0.30293933 0.00000000
v -0.38293934 0.30599999 0.22000000
v -0.38293934 0.30599999 0.00000000
v -0.38200000 0.30599999 0.22000000
v -0.38200000 0.30599999 0.00000000
v -0.38200000 0.30300000 0.22000000
v -0.38200000 0.30300000 0.00000000
v -0.38029999 0.30300000 0.22000000
v -0.38029999 0.30300000 0.00000000
v -0.38018519 0.30302283 0.00000000
v -0.38018519 0.30302283 0.22000000
v -0.38008788 0.30308786 0.00000000
v -0.38008788 0.30308786 0.22000000
v -0.38002282 0.30318519 0.00000000
v -0.38002282 0.30318519 0.22000000
v -0.38000000 0.30329999 0.00000000
v -0.38000000 0.30329999 0.22000000
v -0.38000000 0.31670001 0.22000000
v -0.38000000 0.31670001 0.00000000
v -0.38002282 0.31681481 0.00000000
v -0.38002282 0.31681481 0.22000000
v -0.38008788 0.31691214 0.00000000
v -0.38008788 0.31691214 0.22000000
v -0.38018519 0.31697717 0.00000000
v -0.38018519 0.31697717 0.22000000
v -0.38029999 0.31700000 0.00000000
v -0.38029999 0.31700000 0.22000000
v -0.38200000 0.31700000 0.22000000
v -0.38200000 0.31700000 0.00000000
v -0.38200000 0.31400001 0.22000000
v -0.38200000 0.31400001 0.00000000
v -0.38293934 0.31400001 0.22000000
v -0.38293934 0.31400001 0.00000000
v -0.38600001 0.31706065 0.22000000
v -0.38600001 0.31706065 0.00000000
v -0.38600001 0.31948039 0.22000000
v -0.38600001 0.31948039 0.00000000
v -0.38630000 0.31999999 0.22000000
v -0.38630000 0.31999999 0.00000000
v -0.38600001 0.32051963 0.22000000
v -0.38600001 0.32051963 0.00000000
v -0.38600001 0.32293937 0.22000000
v -0.38600001 0.32293937 0.00000000
v -0.38293937 0.32600001 0.22000000
v -0.38293937 0.32600001 0.00000000
v -0.38200000 0.32600001 0.22000000
v -0.38200000 0.32600001 0.00000000
v -0.38200000 0.32300001 0.22000000
v -0.38200000 0.32300001 0.00000000
v -0.38029999 0.32300001 0.22000000
v -0.38029999 0.32300001 0.00000000
v -0.38018519 0.32302284 0.00000000
v -0.38018519 0.32302284 0.22000000
v -0.38008788 0.32308787 0.00000000
v -0.38008788 0.32308787 0.22000000
v -0.38002282 0.32318521 0.00000000
v -0.38002282 0.32318521 0.22000000
v -0.38000000 0.32330000 0.00000000
v -0.38000000 0.32330000 0.22000000
v -0.38000000 0.32900000 0.22000000
v -0.38000000 0.32900000 0.00000000
v -0.38013399 0.32949999 0.00000000
v -0.38013399 0.32949999 0.22000000
v -0.38049999 0.32986602 0.00000000
v -0.38049999 0.32986602 0.22000000
v -0.38100001 0.33000001 0.00000000
v -0.38100001 0.33000001 0.22000000
v -0.38670000 0.33000001 0.22000000
v -0.38670000 0.33000001 0.00000000
v -0.38681480 0.32997715 0.00000000
v -0.38681480 0.32997715 0.22000000
v -0.38691214 0.32991213 0.00000000
v -0.38691214 0.32991213 0.22000000
v -0.38697717 0.32981479 0.00000000
v -0.38697717 0.32981479 0.22000000
v -0.38699999 0.32969999 0.00000000
v -0.38699999 0.32969999 0.22000000
v -0.38699999 0.32800001 0.22000000
v -0.38699999 0.32800001 0.00000000
v -0.38400000 0.32800001 0.22000000
v -0.38400000 0.32800001 0.00000000
v -0.38400000 0.32706067 0.22000000
v -0.38400000 0.32706067 0.00000000
v -0.38706067 0.32400000 0.22000000
v -0.38706067 0.32400000 0.00000000
v -0.38948035 0.32400000 0.22000000
v -0.38948035 0.32400000 0.00000000
v -0.38999999 0.32369998 0.22000000
v -0.38999999 0.32369998 0.00000000
v -0.39051965 0.32400000 0.22000000
v -0.39051965 0.32400000 0.00000000
v -0.39293936 0.32400000 0.22000000
v -0.39293936 0.32400000 0.00000000
v -0.39600000 0.32706067 0.22000000
v -0.39600000 0.32706067 0.00000000
v -0.39600000 0.32800001 0.22000000
v -0.39600000 0.32800001 0.00000000
v -0.39300001 0.32800001 0.22000000
v -0.39300001 0.32800001 0.00000000
v -0.39300001 0.32969999 0.22000000
v -0.39300001 0.32969999 0.00000000
v -0.39302284 0.32981479 0.00000000
v -0.39302284 0.32981479 0.22000000
v -0.39308786 0.32991213 0.00000000
v -0.39308786 0.32991213 0.22000000
v -0.39318520 0.32997715 0.00000000
v -0.39318520 0.32997715 0.22000000
v -0.39330000 0.33000001 0.00000000
v -0.39330000 0.33000001 0.22000000
v -0.39899999 0.33000001 0.22000000
v -0.39899999 0.33000001 0.00000000
v -0.39950001 0.32986602 0.00000000
v -0.39950001 0.32986602 0.22000000
v -0.39986601 0.32949999 0.00000000
v -0.39986601 0.32949999 0.22000000
v -0.40000001 0.32900000 0.00000000
v -0.40000001 0.32900000 0.22000000
v -0.40000001 0.32330000 0.22000000
v -0.40000001 0.32330000 0.00000000
v -0.39997718 0.32318521 0.00000000
v -0.39997718 0.32318521 0.22000000
v -0.39991212 0.32308787 0.00000000
v -0.39991212 0.32308787 0.22000000
v -0.39981481 0.32302284 0.00000000
v -0.39981481 0.32302284 0.22000000
v -0.39969999 0.32300001 0.00000000
v -0.39969999 0.32300001 0.22000000
v -0.39800000 0.32300001 0.22000000
v -0.39800000 0.32300001 0.00000000
v -0.39800000 0.32600001 0.22000000
v -0.39800000 0.32600001 0.00000000
v -0.39706066 0.32600001 0.22000000
v -0.39706066 0.32600001 0.00000000
v -0.39399999 0.32293934 0.22000000
v -0.39399999 0.32293934 -0.00000000
v -0.39399999 0.32051963 0.22000000
v -0.39399999 0.32051963 0.00000000
v -0.39370000 0.31999999 0.22000000
v -0.39370000 0.31999999 0.00000000
v -0.39399999 0.31948039 0.22000000
v -0.39399999 0.31948039 0.00000000
v -0.39399999 0.31706068 0.22000000
v -0.39399999 0.31706068 0.00000000
v -0.39706069 0.31400001 0.22000000
v -0.39706069 0.31400001 -0.00000000
v -0.39800000 0.31400001 0.22000000
v -0.39800000 0.31400001 0.00000000
v -0.39800000 0.31700000 0.22000000
v -0.39800000 0.31700000 0.00000000
v -0.39969999 0.31700000 0.22000000
v -0.39969999 0.31700000 0.00000000
v -0.39981481 0.31697717 0.00000000
v -0.39981481 0.31697717 0.22000000
v -0.39991212 0.31691214 0.00000000
v -0.39991212 0.31691214 0.22000000
v -0.39997718 0.31681481 0.00000000
v -0.39997718 0.31681481 0.22000000
v -0.40000001 0.31670001 0.00000000
v -0.40000001 0.31670001 0.22000000
v -0.40000001 0.30329999 0.22000000
v -0.40000001 0.30329999 0.00000000
v -0.39997718 0.30318519 0.00000000
v -0.39997718 0.30318519 0.22000000
v -0.39991212 0.30308786 0.00000000
v -0.39991212 0.30308786 0.22000000
v -0.39981481 0.30302283 0.00000000
v -0.39981481 0.30302283 0.22000000
v -0.39969999 0.30300000 0.00000000
v -0.39969999 0.30300000 0.22000000
v -0.39800000 0.30300000 0.22000000
v -0.39800000 0.30300000 0.00000000
v -0.39800000 0.30599999 0.22000000
v -0.39800000 0.30599999 0.00000000
v -0.39706069 0.30599999 0.22000000
v -0.39706069 0.30599999 0.00000000
v -0.39399999 0.30293933 0.22000000
v -0.39399999 0.30293933 0.00000000
v -0.39399999 0.30051962 0.22000000
v -0.39399999 0.30051962 0.00000000
v -0.39370000 0.30000001 0.22000000
v -0.39370000 0.30000001 -0.00000000
v -0.39399999 0.29948038 0.22000000
v -0.39399999 0.29948038 -0.00000000
v -0.39399999 0.29706067 0.22000000
v -0.39399999 0.29706067 0.00000000
v -0.39706066 0.29400000 0.22000000
v -0.39706066 0.29400000 0.00000000
v -0.39800000 0.29400000 0.22000000
v -0.39800000 0.29400000 0.00000000
v -0.39800000 0.29699999 0.22000000
v -0.39800000 0.29699999 0.00000000
v -0.39969999 0.29699999 0.22000000
v -0.39969999 0.29699999 0.00000000
v -0.39981481 0.29697716 0.00000000
v -0.39981481 0.29697716 0.22000000
v -0.39991212 0.29691213 0.00000000
v -0.39991212 0.29691213 0.22000000
v -0.39997718 0.29681480 0.00000000
v -0.39997718 0.29681480 0.22000000
v -0.40000001 0.29670000 0.00000000
v -0.40000001 0.29670000 0.22000000
v -0.40000001 0.29100001 0.22000000
v -0.40000001 0.29100001 0.00000000
v -0.39992389 0.29061732 0.00000000
v -0.39992389 0.29061732 0.22000000
v -0.39970711 0.29029289 0.00000000
v -0.39970711 0.29029289 0.22000000
v -0.39938268 0.29007611 0.00000000
v -0.39938268 0.29007611 0.22000000
v -0.39899999 0.28999999 0.00000000
v -0.39899999 0.28999999 0.22000000
v -0.39330000 0.28999999 0.22000000
v -0.39330000 0.28999999 0.00000000
v -0.39318520 0.29002285 0.00000000
v -0.39318520 0.29002285 0.22000000
v -0.39308786 0.29008788 0.00000000
v -0.39308786 0.29008788 0.22000000
v -0.39302284 0.29018518 0.00000000
v -0.39302284 0.29018518 0.22000000
v -0.39300001 0.29030001 0.00000000
v -0.39300001 0.29030001 0.22000000
v -0.39300001 0.29200000 0.22000000
v -0.39300001 0.29200000 0.00000000
v -0.39600000 0.29200000 0.22000000
v -0.39600000 0.29200000 0.00000000
v -0.39600000 0.29293934 0.22000000
v -0.39600000 0.29293934 0.00000000
v -0.39293933 0.29600000 0.22000000
v -0.39293933 0.29600000 -0.00000000
v -0.39051962 0.29600000 0.22000000
v -0.39051962 0.29600000 0.00000000
v -0.38999999 0.29629999 0.22000000
v -0.38999999 0.29629999 0.00000000
v -0.38948038 0.29600000 0.22000000
v -0.38948038 0.29600000 0.00000000
v -0.38706067 0.29600000 0.22000000
v -0.38706067 0.29600000 0.00000000
v -0.38400000 0.29293931 0.22000000
v -0.38400000 0.29293931 0.00000000
v -0.38400000 0.29200000 0.22000000
v -0.38400000 0.29200000 0.00000000
v -0.38699999 0.29200000 0.22000000
v -0.38699999 0.29200000 0.00000000
v -0.38699999 0.29030001 0.22000000
v -0.38699999 0.29030001 0.00000000
v -0.38697717 0.29018518 0.00000000
v -0.38697717 0.29018518 0.22000000
v -0.38691214 0.29008788 0.00000000
v -0.38691214 0.29008788 0.22000000
v -0.38681480 0.29002285 0.00000000
v -0.38681480 0.29002285 0.22000000
v -0.38670000 0.28999999 0.00000000
v -0.38670000 0.28999999 0.22000000
v -0.38100001 0.28999999 0.22000000
v -0.38100001 0.28999999 0.00000000
v -0.38061732 0.29007611 0.00000000
v -0.38061732 0.29007611 0.22000000
v -0.38029289 0.29029289 0.00000000
v -0.38029289 0.29029289 0.22000000
v -0.38007611 0.29061732 0.00000000
v -0.38007611 0.29061732 0.22000000
v -0.38000000 0.29100001 0.00000000
v -0.38000000 0.29100001 0.22000000
v -0.38208786 0.31191212 0.22000000
v -0.38202283 0.31181481 0.22000000
v -0.39706361 0.31200001 0.22000000
v -0.39694878 0.31202284 0.22000000
v -0.39685148 0.31208786 0.22000000
v -0.38305122 0.31202284 0.22000000
v -0.38293639 0.31200001 0.22000000
v -0.38229999 0.31200001 0.22000000
v -0.38218519 0.31197718 0.22000000
v -0.38293639 0.30800000 0.22000000
v -0.38305119 0.30797717 0.22000000
v -0.38314852 0.30791214 0.22000000
v -0.39791214 0.31191212 0.22000000
v -0.39781481 0.31197718 0.22000000
v -0.39770001 0.31200001 0.22000000
v -0.38314852 0.31208786 0.22000000
v -0.38706067 0.31600001 0.22000000
v -0.39105001 0.29818135 0.22000000
v -0.39210001 0.31999999 0.22000000
v -0.39181864 0.32104999 0.22000000
v -0.39105001 0.32181865 0.22000000
v -0.38818136 0.32104999 0.22000000
v -0.38894999 0.32181865 0.22000000
v -0.38999999 0.32210001 0.22000000
v -0.38789999 0.31999999 0.22000000
v -0.38818136 0.31895000 0.22000000
v -0.38208786 0.30808786 0.22000000
v -0.38218519 0.30802283 0.22000000
v -0.38229999 0.30800000 0.22000000
v -0.38894999 0.31818134 0.22000000
v -0.38999999 0.31790000 0.22000000
v -0.39293933 0.31600001 0.22000000
v -0.39105001 0.31818134 0.22000000
v -0.39770001 0.30800000 0.22000000
v -0.39781481 0.30802283 0.22000000
v -0.39791214 0.30808786 0.22000000
v -0.38200000 0.31169999 0.22000000
v -0.38200000 0.30829999 0.22000000
v -0.38202283 0.30818519 0.22000000
v -0.39181864 0.31895000 0.22000000
v -0.39706361 0.30800000 0.22000000
v -0.39694881 0.30797717 0.22000000
v -0.38706067 0.30399999 0.22000000
v -0.39293933 0.30399999 0.22000000
v -0.39685148 0.30791214 0.22000000
v -0.38894999 0.29818135 0.22000000
v -0.38999999 0.29789999 0.22000000
v -0.39797717 0.30818519 0.22000000
v -0.39800000 0.30829999 0.22000000
v -0.39800000 0.31169999 0.22000000
v -0.39797717 0.31181481 0.22000000
v -0.38999999 0.30210000 0.22000000
v -0.38894999 0.30181864 0.22000000
v -0.38818136 0.30105001 0.22000000
v -0.39181864 0.29894999 0.22000000
v -0.39210001 0.30000001 0.22000000
v -0.39181864 0.30105001 0.22000000
v -0.39105001 0.30181864 0.22000000
v -0.38818136 0.29894999 0.22000000
v -0.38789999 0.30000001 0.22000000
v -0.39791214 0.31191212 0.00000000
v -0.39797717 0.31181481 0.00000000
v -0.38293639 0.31200001 0.00000000
v -0.38305122 0.31202284 0.00000000
v -0.38314852 0.31208786 0.00000000
v -0.39694878 0.31202284 0.00000000
v -0.39706361 0.31200001 0.00000000
v -0.39770001 0.31200001 0.00000000
v -0.39781481 0.31197718 0.00000000
v -0.38894999 0.29818135 0.00000000
v -0.38218519 0.30802283 0.00000000
v -0.38208786 0.30808786 0.00000000
v -0.38208786 0.31191212 0.00000000
v -0.38218519 0.31197718 0.00000000
v -0.38229999 0.31200001 0.00000000
v -0.38314852 0.30791214 0.00000000
v -0.38305119 0.30797717 0.00000000
v -0.38293639 0.30800000 0.00000000
v -0.38229999 0.30800000 0.00000000
v -0.39685148 0.30791214 0.00000000
v -0.39293933 0.30399999 0.00000000
v -0.38706067 0.30399999 0.00000000
v -0.39181864 0.32104999 0.00000000
v -0.39105001 0.32181865 0.00000000
v -0.38999999 0.32210001 0.00000000
v -0.38894999 0.32181865 0.00000000
v -0.39685148 0.31208786 0.00000000
v -0.39293933 0.31600001 0.00000000
v -0.38202283 0.30818519 0.00000000
v -0.38200000 0.30829999 0.00000000
v -0.38200000 0.31169999 0.00000000
v -0.38202283 0.31181481 0.00000000
v -0.39800000 0.31169999 0.00000000
v -0.39800000 0.30829999 0.00000000
v -0.39797717 0.30818519 0.00000000
v -0.39791214 0.30808786 0.00000000
v -0.39694881 0.30797717 0.00000000
v -0.39706361 0.30800000 0.00000000
v -0.39770001 0.30800000 0.00000000
v -0.39781481 0.30802283 0.00000000
v -0.38789999 0.31999999 0.00000000
v -0.38818136 0.32104999 0.00000000
v -0.38999999 0.29789999 0.00000000
v -0.39105001 0.29818135 0.00000000
v -0.39210001 0.31999999 0.00000000
v -0.39181864 0.31895000 0.00000000
v -0.38894999 0.31818134 0.00000000
v -0.38706067 0.31600001 0.00000000
v -0.38999999 0.31790000 0.00000000
v -0.39105001 0.31818134 0.00000000
v -0.38818136 0.31895000 0.00000000
v -0.39105001 0.30181864 0.00000000
v -0.39181864 0.30105001 0.00000000
v -0.38999999 0.30210000 0.00000000
v -0.38818136 0.29894999 0.00000000
v -0.38789999 0.30000001 0.00000000
v -0.38818136 0.30105001 0.00000000
v -0.38894999 0.30181864 0.00000000
v -0.39181864 0.29894999 0.00000000
v -0.39210001 0.30000001 0.00000000
v -0.13429999 -0.39399999 0.22000000
v -0.13429999 -0.39399999 0.00000000
v -0.13418519 -0.39397717 0.00000000
v -0.13418519 -0.39397717 0.22000000
v -0.13408788 -0.39391214 0.00000000
v -0.13408788 -0.39391214 0.22000000
v -0.13402283 -0.39381480 0.00000000
v -0.13402283 -0.39381480 0.22000000
v -0.13400000 -0.39370000 0.00000000
v -0.13400000 -0.39370000 0.22000000
v -0.13400000 -0.39199999 0.22000000
v -0.13400000 -0.39199999 0.00000000
v -0.13699999 -0.39199999 0.22000000
v -0.13699999 -0.39199999 0.00000000
v -0.13699999 -0.39106065 0.22000000
v -0.13699999 -0.39106065 0.00000000
v -0.13393936 -0.38800001 0.22000000
v -0.13393936 -0.38800001 -0.00000000
v -0.13151962 -0.38800001 0.22000000
v -0.13151962 -0.38800001 0.00000000
v -0.13100000 -0.38769999 0.22000000
v -0.13100000 -0.38769999 0.00000000
v -0.13048038 -0.38800001 0.22000000
v -0.13048038 -0.38800001 -0.00000000
v -0.12806067 -0.38800001 0.22000000
v -0.12806067 -0.38800001 0.00000000
v -0.12500000 -0.39106065 0.22000000
v -0.12500000 -0.39106065 -0.00000000
v -0.12500000 -0.39199999 0.22000000
v -0.12500000 -0.39199999 0.00000000
v -0.12800001 -0.39199999 0.22000000
v -0.12800001 -0.39199999 0.00000000
v -0.12800001 -0.39370000 0.22000000
v -0.12800001 -0.39370000 0.00000000
v -0.12797716 -0.39381480 0.00000000
v -0.12797716 -0.39381480 0.22000000
v -0.12791213 -0.39391214 0.00000000
v -0.12791213 -0.39391214 0.22000000
v -0.12781480 -0.39397717 0.00000000
v -0.12781480 -0.39397717 0.22000000
v -0.12770000 -0.39399999 0.00000000
v -0.12770000 -0.39399999 0.22000000
v -0.11430000 -0.39399999 0.22000000
v -0.11430000 -0.39399999 0.00000000
v -0.11418519 -0.39397717 0.00000000
v -0.11418519 -0.39397717 0.22000000
v -0.11408786 -0.39391214 0.00000000
v -0.11408786 -0.39391214 0.22000000
v -0.11402284 -0.39381480 0.00000000
v -0.11402284 -0.39381480 0.22000000
v -0.11400000 -0.39370000 0.00000000
v -0.11400000 -0.39370000 0.22000000
v -0.11400000 -0.39199999 0.22000000
v -0.11400000 -0.39199999 0.00000000
v -0.11700000 -0.39199999 0.22000000
v -0.11700000 -0.39199999 0.00000000
v -0.11700000 -0.39106065 0.22000000
v -0.11700000 -0.39106065 0.00000000
v -0.11393934 -0.38800001 0.22000000
v -0.11393934 -0.38800001 0.00000000
v -0.11151961 -0.38800001 0.22000000
v -0.11151961 -0.38800001 0.00000000
v -0.11100000 -0.38769999 0.22000000
v -0.11100000 -0.38769999 0.00000000
v -0.11048038 -0.38800001 0.22000000
v -0.11048038 -0.38800001 0.00000000
v -0.10806064 -0.38800001 0.22000000
v -0.10806064 -0.38800001 0.00000000
v -0.10500000 -0.39106065 0.22000000
v -0.10500000 -0.39106065 0.00000000
v -0.10500000 -0.39199999 0.22000000
v -0.10500000 -0.39199999 0.00000000
v -0.10800000 -0.39199999 0.22000000
v -0.10800000 -0.39199999 0.00000000
v -0.10800000 -0.39370000 0.22000000
v -0.10800000 -0.39370000 0.00000000
v -0.10797717 -0.39381480 0.00000000
v -0.10797717 -0.39381480 0.22000000
v -0.10791213 -0.39391214 0.00000000
v -0.10791213 -0.39391214 0.22000000
v -0.10781480 -0.39397717 0.00000000
v -0.10781480 -0.39397717 0.22000000
v -0.10770000 -0.39399999 0.00000000
v -0.10770000 -0.39399999 0.22000000
v -0.10200000 -0.39399999 0.22000000
v -0.10200000 -0.39399999 0.00000000
v -0.10150000 -0.39386603 0.00000000
v -0.10150000 -0.39386603 0.22000000
v -0.10113397 -0.39350000 0.00000000
v -0.10113397 -0.39350000 0.22000000
v -0.10100000 -0.39300001 0.00000000
v -0.10100000 -0.39300001 0.22000000
v -0.10100000 -0.38730001 0.22000000
v -0.10100000 -0.38730001 0.00000000
v -0.10102284 -0.38718519 0.00000000
v -0.10102284 -0.38718519 0.22000000
v -0.10108787 -0.38708788 0.00000000
v -0.10108787 -0.38708788 0.22000000
v -0.10118520 -0.38702282 0.00000000
v -0.10118520 -0.38702282 0.22000000
v -0.10130000 -0.38699999 0.00000000
v -0.10130000 -0.38699999 0.22000000
v -0.10300000 -0.38699999 0.22000000
v -0.10300000 -0.38699999 0.00000000
v -0.10300000 -0.38999999 0.22000000
v -0.10300000 -0.38999999 0.00000000
v -0.10393932 -0.38999999 0.22000000
v -0.10393932 -0.38999999 0.00000000
v -0.10700000 -0.38693935 0.22000000
v -0.10700000 -0.38693935 0.00000000
v -0.10700000 -0.38451964 0.22000000
v -0.10700000 -0.38451964 0.00000000
v -0.10730001 -0.38400000 0.22000000
v -0.10730001 -0.38400000 0.00000000
v -0.10700000 -0.38348037 0.22000000
v -0.10700000 -0.38348037 0.00000000
v -0.10700000 -0.38106066 0.22000000
v -0.10700000 -0.38106066 0.00000000
v -0.10393934 -0.37799999 0.22000000
v -0.10393934 -0.37799999 0.00000000
v -0.10300000 -0.37799999 0.22000000
v -0.10300000 -0.37799999 0.00000000
v -0.10300000 -0.38100001 0.22000000
v -0.10300000 -0.38100001 0.00000000
v -0.10130000 -0.38100001 0.22000000
v -0.10130000 -0.38100001 0.00000000
v -0.10118520 -0.38097715 0.00000000
v -0.10118520 -0.38097715 0.22000000
v -0.10108787 -0.38091213 0.00000000
v -0.10108787 -0.38091213 0.22000000
v -0.10102284 -0.38081479 0.00000000
v -0.10102284 -0.38081479 0.22000000
v -0.10100000 -0.38069999 0.00000000
v -0.10100000 -0.38069999 0.22000000
v -0.10100000 -0.37500000 0.22000000
v -0.10100000 -0.37500000 0.00000000
v -0.10113397 -0.37450001 0.00000000
v -0.10113397 -0.37450001 0.22000000
v -0.10150000 -0.37413397 0.00000000
v -0.10150000 -0.37413397 0.22000000
v -0.10200000 -0.37400001 0.00000000
v -0.10200000 -0.37400001 0.22000000
v -0.10770000 -0.37400001 0.22000000
v -0.10770000 -0.37400001 0.00000000
v -0.10781480 -0.37402284 0.00000000
v -0.10781480 -0.37402284 0.22000000
v -0.10791213 -0.37408787 0.00000000
v -0.10791213 -0.37408787 0.22000000
v -0.10797717 -0.37418520 0.00000000
v -0.10797717 -0.37418520 0.22000000
v -0.10800000 -0.37430000 0.00000000
v -0.10800000 -0.37430000 0.22000000
v -0.10800000 -0.37599999 0.22000000
v -0.10800000 -0.37599999 0.00000000
v -0.10500000 -0.37599999 0.22000000
v -0.10500000 -0.37599999 0.00000000
v -0.10500000 -0.37693933 0.22000000
v -0.10500000 -0.37693933 0.00000000
v -0.10806067 -0.38000000 0.22000000
v -0.10806067 -0.38000000 0.00000000
v -0.11048038 -0.38000000 0.22000000
v -0.11048038 -0.38000000 0.00000000
v -0.11100000 -0.38029999 0.22000000
v -0.11100000 -0.38029999 0.00000000
v -0.11151961 -0.38000000 0.22000000
v -0.11151961 -0.38000000 0.00000000
v -0.11393932 -0.38000000 0.22000000
v -0.11393932 -0.38000000 0.00000000
v -0.11700000 -0.37693933 0.22000000
v -0.11700000 -0.37693933 0.00000000
v -0.11700000 -0.37599999 0.22000000
v -0.11700000 -0.37599999 0.00000000
v -0.11400000 -0.37599999 0.22000000
v -0.11400000 -0.37599999 0.00000000
v -0.11400000 -0.37430000 0.22000000
v -0.11400000 -0.37430000 0.00000000
v -0.11402284 -0.37418520 0.00000000
v -0.11402284 -0.37418520 0.22000000
v -0.11408786 -0.37408787 0.00000000
v -0.11408786 -0.37408787 0.22000000
v -0.11418519 -0.37402284 0.00000000
v -0.11418519 -0.37402284 0.22000000
v -0.11430000 -0.37400001 0.00000000
v -0.11430000 -0.37400001 0.22000000
v -0.12770000 -0.37400001 0.22000000
v -0.12770000 -0.37400001 0.00000000
v -0.12781480 -0.37402284 0.00000000
v -0.12781480 -0.37402284 0.22000000
v -0.12791213 -0.37408787 0.00000000
v -0.12791213 -0.37408787 0.22000000
v -0.12797716 -0.37418520 0.00000000
v -0.12797716 -0.37418520 0.22000000
v -0.12800001 -0.37430000 0.00000000
v -0.12800001 -0.37430000 0.22000000
v -0.12800001 -0.37599999 0.22000000
v -0.12800001 -0.37599999 0.00000000
v -0.12500000 -0.37599999 0.22000000
v -0.12500000 -0.37599999 0.00000000
v -0.12500000 -0.37693933 0.22000000
v -0.12500000 -0.37693933 0.00000000
v -0.12806068 -0.38000000 0.22000000
v -0.12806068 -0.38000000 0.00000000
v -0.13048038 -0.38000000 0.22000000
v -0.13048038 -0.38000000 0.00000000
v -0.13100000 -0.38029999 0.22000000
v -0.13100000 -0.38029999 -0.00000000
v -0.13151962 -0.38000000 0.22000000
v -0.13151962 -0.38000000 -0.00000000
v -0.13393934 -0.38000000 0.22000000
v -0.13393934 -0.38000000 0.00000000
v -0.13699999 -0.37693936 0.22000000
v -0.13699999 -0.37693936 0.00000000
v -0.13699999 -0.37599999 0.22000000
v -0.13699999 -0.37599999 0.00000000
v -0.13400000 -0.37599999 0.22000000
v -0.13400000 -0.37599999 0.00000000
v -0.13400000 -0.37430000 0.22000000
v -0.13400000 -0.37430000 0.00000000
v -0.13402283 -0.37418520 0.00000000
v -0.13402283 -0.37418520 0.22000000
v -0.13408788 -0.37408787 0.00000000
v -0.13408788 -0.37408787 0.22000000
v -0.13418519 -0.37402284 0.00000000
v -0.13418519 -0.37402284 0.22000000
v -0.13429999 -0.37400001 0.00000000
v -0.13429999 -0.37400001 0.22000000
v -0.14000000 -0.37400001 0.22000000
v -0.14000000 -0.37400001 0.00000000
v -0.14038268 -0.37407613 0.00000000
v -0.14038268 -0.37407613 0.22000000
v -0.14070711 -0.37429288 0.00000000
v -0.14070711 -0.37429288 0.22000000
v -0.14092387 -0.37461731 0.00000000
v -0.14092387 -0.37461731 0.22000000
v -0.14100000 -0.37500000 0.00000000
v -0.14100000 -0.37500000 0.22000000
v -0.14100000 -0.38069999 0.22000000
v -0.14100000 -0.38069999 0.00000000
v -0.14097716 -0.38081479 0.00000000
v -0.14097716 -0.38081479 0.22000000
v -0.14091213 -0.38091213 0.00000000
v -0.14091213 -0.38091213 0.22000000
v -0.14081481 -0.38097715 0.00000000
v -0.14081481 -0.38097715 0.22000000
v -0.14070000 -0.38100001 0.00000000
v -0.14070000 -0.38100001 0.22000000
v -0.13900000 -0.38100001 0.22000000
v -0.13900000 -0.38100001 0.00000000
v -0.13900000 -0.37799999 0.22000000
v -0.13900000 -0.37799999 0.00000000
v -0.13806066 -0.37799999 0.22000000
v -0.13806066 -0.37799999 0.00000000
v -0.13500001 -0.38106066 0.22000000
v -0.13500001 -0.38106066 -0.00000000
v -0.13500001 -0.38348037 0.22000000
v -0.13500001 -0.38348037 0.00000000
v -0.13470000 -0.38400000 0.22000000
v -0.13470000 -0.38400000 0.00000000
v -0.13500001 -0.38451961 0.22000000
v -0.13500001 -0.38451961 0.00000000
v -0.13500001 -0.38693932 0.22000000
v -0.13500001 -0.38693932 0.00000000
v -0.13806069 -0.38999999 0.22000000
v -0.13806069 -0.38999999 0.00000000
v -0.13900000 -0.38999999 0.22000000
v -0.13900000 -0.38999999 0.00000000
v -0.13900000 -0.38699999 0.22000000
v -0.13900000 -0.38699999 0.00000000
v -0.14070000 -0.38699999 0.22000000
v -0.14070000 -0.38699999 0.00000000
v -0.14081481 -0.38702282 0.00000000
v -0.14081481 -0.38702282 0.22000000
v -0.14091213 -0.38708788 0.00000000
v -0.14091213 -0.38708788 0.22000000
v -0.14097716 -0.38718519 0.00000000
v -0.14097716 -0.38718519 0.22000000
v -0.14100000 -0.38730001 0.00000000
v -0.14100000 -0.38730001 0.22000000
v -0.14100000 -0.39300001 0.22000000
v -0.14100000 -0.39300001 0.00000000
v -0.14092387 -0.39338270 0.00000000
v -0.14092387 -0.39338270 0.22000000
v -0.14070711 -0.39370710 0.00000000
v -0.14070711 -0.39370710 0.22000000
v -0.14038268 -0.39392388 0.00000000
v -0.14038268 -0.39392388 0.22000000
v -0.14000000 -0.39399999 0.00000000
v -0.14000000 -0.39399999 0.22000000
v -0.11908787 -0.39191213 0.22000000
v -0.11918519 -0.39197716 0.22000000
v -0.11900000 -0.37693641 0.22000000
v -0.11897717 -0.37705120 0.22000000
v -0.11891214 -0.37714854 0.22000000
v -0.11897717 -0.39094880 0.22000000
v -0.11900000 -0.39106360 0.22000000
v -0.11900000 -0.39170000 0.22000000
v -0.11902284 -0.39181480 0.22000000
v -0.12300000 -0.39106360 0.22000000
v -0.12302282 -0.39094880 0.22000000
v -0.12308786 -0.39085147 0.22000000
v -0.11908787 -0.37608787 0.22000000
v -0.11902284 -0.37618521 0.22000000
v -0.11900000 -0.37630001 0.22000000
v -0.11891214 -0.39085147 0.22000000
v -0.11500000 -0.38693935 0.22000000
v -0.13281865 -0.38295001 0.22000000
v -0.11100000 -0.38190001 0.22000000
v -0.10995000 -0.38218135 0.22000000
v -0.10918134 -0.38295001 0.22000000
v -0.10995000 -0.38581866 0.22000000
v -0.10918134 -0.38505000 0.22000000
v -0.10890000 -0.38400000 0.22000000
v -0.11100000 -0.38609999 0.22000000
v -0.11205000 -0.38581866 0.22000000
v -0.12291213 -0.39191213 0.22000000
v -0.12297716 -0.39181480 0.22000000
v -0.12300000 -0.39170000 0.22000000
v -0.11281865 -0.38505000 0.22000000
v -0.11310000 -0.38400000 0.22000000
v -0.11500000 -0.38106066 0.22000000
v -0.11281865 -0.38295001 0.22000000
v -0.12300000 -0.37630001 0.22000000
v -0.12297716 -0.37618521 0.22000000
v -0.12291213 -0.37608787 0.22000000
v -0.11930000 -0.39199999 0.22000000
v -0.12270000 -0.39199999 0.22000000
v -0.12281480 -0.39197716 0.22000000
v -0.11205000 -0.38218135 0.22000000
v -0.12300000 -0.37693641 0.22000000
v -0.12302282 -0.37705120 0.22000000
v -0.12700000 -0.38693935 0.22000000
v -0.12700000 -0.38106066 0.22000000
v -0.12308786 -0.37714851 0.22000000
v -0.13281865 -0.38505000 0.22000000
v -0.13310000 -0.38400000 0.22000000
v -0.12281480 -0.37602285 0.22000000
v -0.12270000 -0.37599999 0.22000000
v -0.11930000 -0.37599999 0.22000000
v -0.11918519 -0.37602285 0.22000000
v -0.12890001 -0.38400000 0.22000000
v -0.12918134 -0.38505000 0.22000000
v -0.12995000 -0.38581866 0.22000000
v -0.13205001 -0.38218135 0.22000000
v -0.13100000 -0.38190001 0.22000000
v -0.12995000 -0.38218135 0.22000000
v -0.12918134 -0.38295001 0.22000000
v -0.13205001 -0.38581866 0.22000000
v -0.13100000 -0.38609999 0.22000000
v -0.11908787 -0.37608787 0.00000000
v -0.11918519 -0.37602285 0.00000000
v -0.11900000 -0.39106360 0.00000000
v -0.11897717 -0.39094880 0.00000000
v -0.11891214 -0.39085147 0.00000000
v -0.11897717 -0.37705120 0.00000000
v -0.11900000 -0.37693641 0.00000000
v -0.11900000 -0.37630001 0.00000000
v -0.11902284 -0.37618521 0.00000000
v -0.13281865 -0.38505000 0.00000000
v -0.12297716 -0.39181480 0.00000000
v -0.12291213 -0.39191213 0.00000000
v -0.11908787 -0.39191213 0.00000000
v -0.11902284 -0.39181480 0.00000000
v -0.11900000 -0.39170000 0.00000000
v -0.12308786 -0.39085147 0.00000000
v -0.12302282 -0.39094880 0.00000000
v -0.12300000 -0.39106360 0.00000000
v -0.12300000 -0.39170000 0.00000000
v -0.12308786 -0.37714851 0.00000000
v -0.12700000 -0.38106066 0.00000000
v -0.12700000 -0.38693935 0.00000000
v -0.10995000 -0.38218135 0.00000000
v -0.10918134 -0.38295001 0.00000000
v -0.10890000 -0.38400000 0.00000000
v -0.10918134 -0.38505000 0.00000000
v -0.11891214 -0.37714854 0.00000000
v -0.11500000 -0.38106066 0.00000000
v -0.12281480 -0.39197716 0.00000000
v -0.12270000 -0.39199999 0.00000000
v -0.11930000 -0.39199999 0.00000000
v -0.11918519 -0.39197716 0.00000000
v -0.11930000 -0.37599999 0.00000000
v -0.12270000 -0.37599999 0.00000000
v -0.12281480 -0.37602285 0.00000000
v -0.12291213 -0.37608787 0.00000000
v -0.12302282 -0.37705120 0.00000000
v -0.12300000 -0.37693641 0.00000000
v -0.12300000 -0.37630001 0.00000000
v -0.12297716 -0.37618521 0.00000000
v -0.11100000 -0.38609999 0.00000000
v -0.10995000 -0.38581866 0.00000000
v -0.13310000 -0.38400000 0.00000000
v -0.13281865 -0.38295001 0.00000000
v -0.11100000 -0.38190001 0.00000000
v -0.11205000 -0.38218135 0.00000000
v -0.11281865 -0.38505000 0.00000000
v -0.11500000 -0.38693935 0.00000000
v -0.11310000 -0.38400000 0.00000000
v -0.11281865 -0.38295001 0.00000000
v -0.11205000 -0.38581866 0.00000000
v -0.12918134 -0.38295001 0.00000000
v -0.12995000 -0.38218135 0.00000000
v -0.12890001 -0.38400000 0.00000000
v -0.13205001 -0.38581866 0.00000000
v -0.13100000 -0.38609999 0.00000000
v -0.12995000 -0.38581866 0.00000000
v -0.12918134 -0.38505000 0.00000000
v -0.13205001 -0.38218135 0.00000000
v -0.13100000 -0.38190001 0.00000000
v -0.47000000 -0.01330000 0.00000000
v -0.47000000 -0.01330000 0.22000000
v -0.46997717 -0.01318519 0.22000000
v -0.46997717 -0.01318519 0.00000000
v -0.46991214 -0.01308787 0.22000000
v -0.46991214 -0.01308787 0.00000000
v -0.46981481 -0.01302284 0.22000000
v -0.46981481 -0.01302284 0.00000000
v -0.46970001 -0.01300000 0.22000000
v -0.46970001 -0.01300000 0.00000000
v -0.46799999 -0.01300000 0.00000000
v -0.46799999 -0.01300000 0.22000000
v -0.46799999 -0.01600000 0.00000000
v -0.46799999 -0.01600000 0.22000000
v -0.46706063 -0.01600000 0.00000000
v -0.46706063 -0.01600000 0.22000000
v -0.46399999 -0.01293936 0.00000000
v -0.46399999 -0.01293936 0.22000000
v -0.46399999 -0.01051961 0.00000000
v -0.46399999 -0.01051961 0.22000000
v -0.46370000 -0.01000000 0.00000000
v -0.46370000 -0.01000000 0.22000000
v -0.46399999 -0.00948038 0.00000000
v -0.46399999 -0.00948038 0.22000000
v -0.46399999 -0.00706067 0.00000000
v -0.46399999 -0.00706067 0.22000000
v -0.46706066 -0.00400000 0.00000000
v -0.46706066 -0.00400000 0.22000000
v -0.46799999 -0.00400000 0.00000000
v -0.46799999 -0.00400000 0.22000000
v -0.46799999 -0.00700000 0.00000000
v -0.46799999 -0.00700000 0.22000000
v -0.46970001 -0.00700000 0.00000000
v -0.46970001 -0.00700000 0.22000000
v -0.46981481 -0.00697716 0.22000000
v -0.46981481 -0.00697716 0.00000000
v -0.46991214 -0.00691213 0.22000000
v -0.46991214 -0.00691213 0.00000000
v -0.46997717 -0.00681480 0.22000000
v -0.46997717 -0.00681480 0.00000000
v -0.47000000 -0.00670000 0.22000000
v -0.47000000 -0.00670000 0.00000000
v -0.47000000 0.00670000 0.00000000
v -0.47000000 0.00670000 0.22000000
v -0.46997717 0.00681481 0.22000000
v -0.46997717 0.00681481 0.00000000
v -0.46991214 0.00691213 0.22000000
v -0.46991214 0.00691213 0.00000000
v -0.46981481 0.00697716 0.22000000
v -0.46981481 0.00697716 0.00000000
v -0.46970001 0.00700000 0.22000000
v -0.46970001 0.00700000 0.00000000
v -0.46799999 0.00700000 0.00000000
v -0.46799999 0.00700000 0.22000000
v -0.46799999 0.00400000 0.00000000
v -0.46799999 0.00400000 0.22000000
v -0.46706066 0.00400000 0.00000000
v -0.46706066 0.00400000 0.22000000
v -0.46399999 0.00706066 0.00000000
v -0.46399999 0.00706066 0.22000000
v -0.46399999 0.00948039 0.00000000
v -0.46399999 0.00948039 0.22000000
v -0.46370000 0.01000000 0.00000000
v -0.46370000 0.01000000 0.22000000
v -0.46399999 0.01051962 0.00000000
v -0.46399999 0.01051962 0.22000000
v -0.46399999 0.01293936 0.00000000
v -0.46399999 0.01293936 0.22000000
v -0.46706066 0.01600000 0.00000000
v -0.46706066 0.01600000 0.22000000
v -0.46799999 0.01600000 0.00000000
v -0.46799999 0.01600000 0.22000000
v -0.46799999 0.01300000 0.00000000
v -0.46799999 0.01300000 0.22000000
v -0.46970001 0.01300000 0.00000000
v -0.46970001 0.01300000 0.22000000
v -0.46981481 0.01302284 0.22000000
v -0.46981481 0.01302284 0.00000000
v -0.46991214 0.01308787 0.22000000
v -0.46991214 0.01308787 0.00000000
v -0.46997717 0.01318520 0.22000000
v -0.46997717 0.01318520 0.00000000
v -0.47000000 0.01330000 0.22000000
v -0.47000000 0.01330000 0.00000000
v -0.47000000 0.01900000 0.00000000
v -0.47000000 0.01900000 0.22000000
v -0.46986604 0.01950000 0.22000000
v -0.46986604 0.01950000 0.00000000
v -0.46950001 0.01986603 0.22000000
v -0.46950001 0.01986603 0.00000000
v -0.46900001 0.02000000 0.22000000
v -0.46900001 0.02000000 0.00000000
v -0.46329999 0.02000000 0.00000000
v -0.46329999 0.02000000 0.22000000
v -0.46318519 0.01997716 0.22000000
v -0.46318519 0.01997716 0.00000000
v -0.46308786 0.01991213 0.22000000
v -0.46308786 0.01991213 0.00000000
v -0.46302283 0.01981480 0.22000000
v -0.46302283 0.01981480 0.00000000
v -0.46300000 0.01970000 0.22000000
v -0.46300000 0.01970000 0.00000000
v -0.46300000 0.01800000 0.00000000
v -0.46300000 0.01800000 0.22000000
v -0.46599999 0.01800000 0.00000000
v -0.46599999 0.01800000 0.22000000
v -0.46599999 0.01706068 0.00000000
v -0.46599999 0.01706068 0.22000000
v -0.46293932 0.01400000 0.00000000
v -0.46293932 0.01400000 0.22000000
v -0.46051964 0.01400000 0.00000000
v -0.46051964 0.01400000 0.22000000
v -0.46000001 0.01369999 0.00000000
v -0.46000001 0.01369999 0.22000000
v -0.45948038 0.01400000 0.00000000
v -0.45948038 0.01400000 0.22000000
v -0.45706064 0.01400000 0.00000000
v -0.45706064 0.01400000 0.22000000
v -0.45400000 0.01706066 0.00000000
v -0.45400000 0.01706066 0.22000000
v -0.45400000 0.01800000 0.00000000
v -0.45400000 0.01800000 0.22000000
v -0.45699999 0.01800000 0.00000000
v -0.45699999 0.01800000 0.22000000
v -0.45699999 0.01970000 0.00000000
v -0.45699999 0.01970000 0.22000000
v -0.45697716 0.01981480 0.22000000
v -0.45697716 0.01981480 0.00000000
v -0.45691213 0.01991213 0.22000000
v -0.45691213 0.01991213 0.00000000
v -0.45681480 0.01997716 0.22000000
v -0.45681480 0.01997716 0.00000000
v -0.45670000 0.02000000 0.22000000
v -0.45670000 0.02000000 0.00000000
v -0.45100001 0.02000000 0.00000000
v -0.45100001 0.02000000 0.22000000
v -0.45050001 0.01986603 0.22000000
v -0.45050001 0.01986603 0.00000000
v -0.45013398 0.01950000 0.22000000
v -0.45013398 0.01950000 0.00000000
v -0.44999999 0.01900000 0.22000000
v -0.44999999 0.01900000 0.00000000
v -0.44999999 0.01330000 0.00000000
v -0.44999999 0.01330000 0.22000000
v -0.45002285 0.01318520 0.22000000
v -0.45002285 0.01318520 0.00000000
v -0.45008788 0.01308787 0.22000000
v -0.45008788 0.01308787 0.00000000
v -0.45018521 0.01302284 0.22000000
v -0.45018521 0.01302284 0.00000000
v -0.45030001 0.01300000 0.22000000
v -0.45030001 0.01300000 0.00000000
v -0.45199999 0.01300000 0.00000000
v -0.45199999 0.01300000 0.22000000
v -0.45199999 0.01600000 0.00000000
v -0.45199999 0.01600000 0.22000000
v -0.45293933 0.01600000 0.00000000
v -0.45293933 0.01600000 0.22000000
v -0.45600000 0.01293934 0.00000000
v -0.45600000 0.01293934 0.22000000
v -0.45600000 0.01051962 0.00000000
v -0.45600000 0.01051962 0.22000000
v -0.45629999 0.01000000 0.00000000
v -0.45629999 0.01000000 0.22000000
v -0.45600000 0.00948039 0.00000000
v -0.45600000 0.00948039 0.22000000
v -0.45600000 0.00706068 0.00000000
v -0.45600000 0.00706068 0.22000000
v -0.45293933 0.00400000 0.00000000
v -0.45293933 0.00400000 0.22000000
v -0.45199999 0.00400000 0.00000000
v -0.45199999 0.00400000 0.22000000
v -0.45199999 0.00700000 0.00000000
v -0.45199999 0.00700000 0.22000000
v -0.45030001 0.00700000 0.00000000
v -0.45030001 0.00700000 0.22000000
v -0.45018521 0.00697716 0.22000000
v -0.45018521 0.00697716 0.00000000
v -0.45008788 0.00691213 0.22000000
v -0.45008788 0.00691213 0.00000000
v -0.45002285 0.00681481 0.22000000
v -0.45002285 0.00681481 0.00000000
v -0.44999999 0.00670000 0.22000000
v -0.44999999 0.00670000 0.00000000
v -0.44999999 -0.00670000 0.00000000
v -0.44999999 -0.00670000 0.22000000
v -0.45002285 -0.00681480 0.22000000
v -0.45002285 -0.00681480 0.00000000
v -0.45008788 -0.00691213 0.22000000
v -0.45008788 -0.00691213 0.00000000
v -0.45018521 -0.00697716 0.22000000
v -0.45018521 -0.00697716 0.00000000
v -0.45030001 -0.00700000 0.22000000
v -0.45030001 -0.00700000 0.00000000
v -0.45199999 -0.00700000 0.00000000
v -0.45199999 -0.00700000 0.22000000
v -0.45199999 -0.00400000 0.00000000
v -0.45199999 -0.00400000 0.22000000
v -0.45293933 -0.00400000 0.00000000
v -0.45293933 -0.00400000 0.22000000
v -0.45600000 -0.00706068 0.00000000
v -0.45600000 -0.00706068 0.22000000
v -0.45600000 -0.00948038 0.00000000
v -0.45600000 -0.00948038 0.22000000
v -0.45629999 -0.01000000 0.00000000
v -0.45629999 -0.01000000 0.22000000
v -0.45600000 -0.01051961 0.00000000
v -0.45600000 -0.01051961 0.22000000
v -0.45600000 -0.01293934 0.00000000
v -0.45600000 -0.01293934 0.22000000
v -0.45293933 -0.01600000 0.00000000
v -0.45293933 -0.01600000 0.22000000
v -0.45199999 -0.01600000 0.00000000
v -0.45199999 -0.01600000 0.22000000
v -0.45199999 -0.01300000 0.00000000
v -0.45199999 -0.01300000 0.22000000
v -0.45030001 -0.01300000 0.00000000
v -0.45030001 -0.01300000 0.22000000
v -0.45018521 -0.01302284 0.22000000
v -0.45018521 -0.01302284 0.00000000
v -0.45008788 -0.01308787 0.22000000
v -0.45008788 -0.01308787 0.00000000
v -0.45002285 -0.01318519 0.22000000
v -0.45002285 -0.01318519 0.00000000
v -0.44999999 -0.01330000 0.22000000
v -0.44999999 -0.01330000 0.00000000
v -0.44999999 -0.01900000 0.00000000
v -0.44999999 -0.01900000 0.22000000
v -0.45007613 -0.01938268 0.22000000
v -0.45007613 -0.01938268 0.00000000
v -0.45029289 -0.01970711 0.22000000
v -0.45029289 -0.01970711 0.00000000
v -0.45061731 -0.01992388 0.22000000
v -0.45061731 -0.01992388 0.00000000
v -0.45100001 -0.02000000 0.22000000
v -0.45100001 -0.02000000 0.00000000
v -0.45670000 -0.02000000 0.00000000
v -0.45670000 -0.02000000 0.22000000
v -0.45681480 -0.01997716 0.22000000
v -0.45681480 -0.01997716 0.00000000
v -0.45691213 -0.01991213 0.22000000
v -0.45691213 -0.01991213 0.00000000
v -0.45697716 -0.01981480 0.22000000
v -0.45697716 -0.01981480 0.00000000
v -0.45699999 -0.01970000 0.22000000
v -0.45699999 -0.01970000 0.00000000
v -0.45699999 -0.01800000 0.00000000
v -0.45699999 -0.01800000 0.22000000
v -0.45400000 -0.01800000 0.00000000
v -0.45400000 -0.01800000 0.22000000
v -0.45400000 -0.01706066 0.00000000
v -0.45400000 -0.01706066 0.22000000
v -0.45706066 -0.01400000 0.00000000
v -0.45706066 -0.01400000 0.22000000
v -0.45948038 -0.01400000 0.00000000
v -0.45948038 -0.01400000 0.22000000
v -0.46000001 -0.01370000 0.00000000
v -0.46000001 -0.01370000 0.22000000
v -0.46051961 -0.01400000 0.00000000
v -0.46051961 -0.01400000 0.22000000
v -0.46293932 -0.01400000 0.00000000
v -0.46293932 -0.01400000 0.22000000
v -0.46599999 -0.01706068 0.00000000
v -0.46599999 -0.01706068 0.22000000
v -0.46599999 -0.01800000 0.00000000
v -0.46599999 -0.01800000 0.22000000
v -0.46300000 -0.01800000 0.00000000
v -0.46300000 -0.01800000 0.22000000
v -0.46300000 -0.01970000 0.00000000
v -0.46300000 -0.01970000 0.22000000
v -0.46302283 -0.01981480 0.22000000
v -0.46302283 -0.01981480 0.00000000
v -0.46308786 -0.01991213 0.22000000
v -0.46308786 -0.01991213 0.00000000
v -0.46318519 -0.01997716 0.22000000
v -0.46318519 -0.01997716 0.00000000
v -0.46329999 -0.02000000 0.22000000
v -0.46329999 -0.02000000 0.00000000
v -0.46900001 -0.02000000 0.00000000
v -0.46900001 -0.02000000 0.22000000
v -0.46938267 -0.01992388 0.22000000
v -0.46938267 -0.01992388 0.00000000
v -0.46970710 -0.01970711 0.22000000
v -0.46970710 -0.01970711 0.00000000
v -0.46992388 -0.01938268 0.22000000
v -0.46992388 -0.01938268 0.00000000
v -0.47000000 -0.01900000 0.22000000
v -0.47000000 -0.01900000 0.00000000
v -0.46791214 0.00191213 0.00000000
v -0.46797717 0.00181480 0.00000000
v -0.45293641 0.00200000 0.00000000
v -0.45305121 0.00202282 0.00000000
v -0.45314851 0.00208786 0.00000000
v -0.46694881 0.00202282 0.00000000
v -0.46706361 0.00200000 0.00000000
v -0.46770000 0.00200000 0.00000000
v -0.46781480 0.00197716 0.00000000
v -0.46706361 -0.00200000 0.00000000
v -0.46694881 -0.00202282 0.00000000
v -0.46685147 -0.00208786 0.00000000
v -0.45208788 0.00191213 0.00000000
v -0.45218518 0.00197716 0.00000000
v -0.45230001 0.00200000 0.00000000
v -0.46685147 0.00208786 0.00000000
v -0.46293935 0.00600000 0.00000000
v -0.45895001 -0.01181865 0.00000000
v -0.45789999 0.01000000 0.00000000
v -0.45818135 0.01105000 0.00000000
v -0.45895001 0.01181865 0.00000000
v -0.46181867 0.01105000 0.00000000
v -0.46105000 0.01181865 0.00000000
v -0.46000001 0.01210000 0.00000000
v -0.46210000 0.01000000 0.00000000
v -0.46181867 0.00895000 0.00000000
v -0.46791214 -0.00191213 0.00000000
v -0.46781480 -0.00197716 0.00000000
v -0.46770000 -0.00200000 0.00000000
v -0.46105000 0.00818135 0.00000000
v -0.46000001 0.00790000 0.00000000
v -0.45706066 0.00600000 0.00000000
v -0.45895001 0.00818135 0.00000000
v -0.45230001 -0.00200000 0.00000000
v -0.45218518 -0.00197716 0.00000000
v -0.45208788 -0.00191213 0.00000000
v -0.46799999 0.00170000 0.00000000
v -0.46799999 -0.00170000 0.00000000
v -0.46797717 -0.00181480 0.00000000
v -0.45818135 0.00895000 0.00000000
v -0.45293638 -0.00200000 0.00000000
v -0.45305121 -0.00202282 0.00000000
v -0.46293932 -0.00600000 0.00000000
v -0.45706066 -0.00600000 0.00000000
v -0.45314851 -0.00208786 0.00000000
v -0.46105000 -0.01181865 0.00000000
v -0.46000001 -0.01210000 0.00000000
v -0.45202285 -0.00181480 0.00000000
v -0.45199999 -0.00170000 0.00000000
v -0.45199999 0.00170000 0.00000000
v -0.45202285 0.00181480 0.00000000
v -0.46000001 -0.00790000 0.00000000
v -0.46105000 -0.00818135 0.00000000
v -0.46181867 -0.00895000 0.00000000
v -0.45818135 -0.01105000 0.00000000
v -0.45789999 -0.01000000 0.00000000
v -0.45818135 -0.00895000 0.00000000
v -0.45895001 -0.00818135 0.00000000
v -0.46181867 -0.01105000 0.00000000
v -0.46210000 -0.01000000 0.00000000
v -0.45208788 0.00191213 0.22000000
v -0.45202285 0.00181480 0.22000000
v -0.46706361 0.00200000 0.22000000
v -0.46694881 0.00202282 0.22000000
v -0.46685147 0.00208786 0.22000000
v -0.45305121 0.00202282 0.22000000
v -0.45293641 0.00200000 0.22000000
v -0.45230001 0.00200000 0.22000000
v -0.45218518 0.00197716 0.22000000
v -0.46105000 -0.01181865 0.22000000
v -0.46781480 -0.00197716 0.22000000
v -0.46791214 -0.00191213 0.22000000
v -0.46791214 0.00191213 0.22000000
v -0.46781480 0.00197716 0.22000000
v -0.46770000 0.00200000 0.22000000
v -0.46685147 -0.00208786 0.22000000
v -0.46694881 -0.00202282 0.22000000
v -0.46706361 -0.00200000 0.22000000
v -0.46770000 -0.00200000 0.22000000
v -0.45314851 -0.00208786 0.22000000
v -0.45706066 -0.00600000 0.22000000
v -0.46293932 -0.00600000 0.22000000
v -0.45818135 0.01105000 0.22000000
v -0.45895001 0.01181865 0.22000000
v -0.46000001 0.01210000 0.22000000
v -0.46105000 0.01181865 0.22000000
v -0.45314851 0.00208786 0.22000000
v -0.45706066 0.00600000 0.22000000
v -0.46797717 -0.00181480 0.22000000
v -0.46799999 -0.00170000 0.22000000
v -0.46799999 0.00170000 0.22000000
v -0.46797717 0.00181480 0.22000000
v -0.45199999 0.00170000 0.22000000
v -0.45199999 -0.00170000 0.22000000
v -0.45202285 -0.00181480 0.22000000
v -0.45208788 -0.00191213 0.22000000
v -0.45305121 -0.00202282 0.22000000
v -0.45293638 -0.00200000 0.22000000
v -0.45230001 -0.00200000 0.22000000
v -0.45218518 -0.00197716 0.22000000
v -0.46210000 0.01000000 0.22000000
v -0.46181867 0.01105000 0.22000000
v -0.46000001 -0.01210000 0.22000000
v -0.45895001 -0.01181865 0.22000000
v -0.45789999 0.01000000 0.22000000
v -0.45818135 0.00895000 0.22000000
v -0.46105000 0.00818135 0.22000000
v -0.46293935 0.00600000 0.22000000
v -0.46000001 0.00790000 0.22000000
v -0.45895001 0.00818135 0.22000000
v -0.46181867 0.00895000 0.22000000
v -0.45895001 -0.00818135 0.22000000
v -0.45818135 -0.00895000 0.22000000
v -0.46000001 -0.00790000 0.22000000
v -0.46181867 -0.01105000 0.22000000
v -0.46210000 -0.01000000 0.22000000
v -0.46181867 -0.00895000 0.22000000
v -0.46105000 -0.00818135 0.22000000
v -0.45818135 -0.01105000 0.22000000
v -0.45789999 -0.01000000 0.22000000
v -0.38000000 -0.32330000 0.22000000
v -0.38000000 -0.32330000 0.00000000
v -0.38002282 -0.32318521 0.00000000
v -0.38002282 -0.32318521 0.22000000
v -0.38008788 -0.32308787 0.00000000
v -0.38008788 -0.32308787 0.22000000
v -0.38018519 -0.32302284 0.00000000
v -0.38018519 -0.32302284 0.22000000
v -0.38029999 -0.32300001 0.00000000
v -0.38029999 -0.32300001 0.22000000
v -0.38200000 -0.32300001 0.22000000
v -0.38200000 -0.32300001 0.00000000
v -0.38200000 -0.32600001 0.22000000
v -0.38200000 -0.32600001 0.00000000
v -0.38293937 -0.32600001 0.22000000
v -0.38293937 -0.32600001 0.00000000
v -0.38600001 -0.32293937 0.22000000
v -0.38600001 -0.32293937 0.00000000
v -0.38600001 -0.32051963 0.22000000
v -0.38600001 -0.32051963 0.00000000
v -0.38630000 -0.31999999 0.22000000
v -0.38630000 -0.31999999 0.00000000
v -0.38600001 -0.31948039 0.22000000
v -0.38600001 -0.31948039 0.00000000
v -0.38600001 -0.31706068 0.22000000
v -0.38600001 -0.31706068 0.00000000
v -0.38293934 -0.31400001 0.22000000
v -0.38293934 -0.31400001 0.00000000
v -0.38200000 -0.31400001 0.22000000
v -0.38200000 -0.31400001 0.00000000
v -0.38200000 -0.31700000 0.22000000
v -0.38200000 -0.31700000 0.00000000
v -0.38029999 -0.31700000 0.22000000
v -0.38029999 -0.31700000 0.00000000
v -0.38018519 -0.31697717 0.00000000
v -0.38018519 -0.31697717 0.22000000
v -0.38008788 -0.31691214 0.00000000
v -0.38008788 -0.31691214 0.22000000
v -0.38002282 -0.31681481 0.00000000
v -0.38002282 -0.31681481 0.22000000
v -0.38000000 -0.31670001 0.00000000
v -0.38000000 -0.31670001 0.22000000
v -0.38000000 -0.30329999 0.22000000
v -0.38000000 -0.30329999 0.00000000
v -0.38002282 -0.30318519 0.00000000
v -0.38002282 -0.30318519 0.22000000
v -0.38008788 -0.30308786 0.00000000
v -0.38008788 -0.30308786 0.22000000
v -0.38018519 -0.30302283 0.00000000
v -0.38018519 -0.30302283 0.22000000
v -0.38029999 -0.30300000 0.00000000
v -0.38029999 -0.30300000 0.22000000
v -0.38200000 -0.30300000 0.22000000
v -0.38200000 -0.30300000 0.00000000
v -0.38200000 -0.30599999 0.22000000
v -0.38200000 -0.30599999 0.00000000
v -0.38293934 -0.30599999 0.22000000
v -0.38293934 -0.30599999 0.00000000
v -0.38600001 -0.30293933 0.22000000
v -0.38600001 -0.30293933 0.00000000
v -0.38600001 -0.30051962 0.22000000
v -0.38600001 -0.30051962 0.00000000
v -0.38630000 -0.30000001 0.22000000
v -0.38630000 -0.30000001 0.00000000
v -0.38600001 -0.29948038 0.22000000
v -0.38600001 -0.29948038 0.00000000
v -0.38600001 -0.29706064 0.22000000
v -0.38600001 -0.29706064 0.00000000
v -0.38293937 -0.29400000 0.22000000
v -0.38293937 -0.29400000 0.00000000
v -0.38200000 -0.29400000 0.22000000
v -0.38200000 -0.29400000 0.00000000
v -0.38200000 -0.29699999 0.22000000
v -0.38200000 -0.29699999 0.00000000
v -0.38029999 -0.29699999 0.22000000
v -0.38029999 -0.29699999 0.00000000
v -0.38018519 -0.29697716 0.00000000
v -0.38018519 -0.29697716 0.22000000
v -0.38008788 -0.29691213 0.00000000
v -0.38008788 -0.29691213 0.22000000
v -0.38002282 -0.29681480 0.00000000
v -0.38002282 -0.29681480 0.22000000
v -0.38000000 -0.29670000 0.00000000
v -0.38000000 -0.29670000 0.22000000
v -0.38000000 -0.29100001 0.22000000
v -0.38000000 -0.29100001 0.00000000
v -0.38013399 -0.29049999 0.00000000
v -0.38013399 -0.29049999 0.22000000
v -0.38049999 -0.29013398 0.00000000
v -0.38049999 -0.29013398 0.22000000
v -0.38100001 -0.28999999 0.00000000
v -0.38100001 -0.28999999 0.22000000
v -0.38670000 -0.28999999 0.22000000
v -0.38670000 -0.28999999 0.00000000
v -0.38681480 -0.29002285 0.00000000
v -0.38681480 -0.29002285 0.22000000
v -0.38691214 -0.29008788 0.00000000
v -0.38691214 -0.29008788 0.22000000
v -0.38697717 -0.29018518 0.00000000
v -0.38697717 -0.29018518 0.22000000
v -0.38699999 -0.29030001 0.00000000
v -0.38699999 -0.29030001 0.22000000
v -0.38699999 -0.29200000 0.22000000
v -0.38699999 -0.29200000 0.00000000
v -0.38400000 -0.29200000 0.22000000
v -0.38400000 -0.29200000 0.00000000
v -0.38400000 -0.29293934 0.22000000
v -0.38400000 -0.29293934 0.00000000
v -0.38706067 -0.29600000 0.22000000
v -0.38706067 -0.29600000 0.00000000
v -0.38948035 -0.29600000 0.22000000
v -0.38948035 -0.29600000 0.00000000
v -0.38999999 -0.29630002 0.22000000
v -0.38999999 -0.29630002 0.00000000
v -0.39051965 -0.29600000 0.22000000
v -0.39051965 -0.29600000 0.00000000
v -0.39293936 -0.29600000 0.22000000
v -0.39293936 -0.29600000 0.00000000
v -0.39600000 -0.29293934 0.22000000
v -0.39600000 -0.29293934 0.00000000
v -0.39600000 -0.29200000 0.22000000
v -0.39600000 -0.29200000 0.00000000
v -0.39300001 -0.29200000 0.22000000
v -0.39300001 -0.29200000 0.00000000
v -0.39300001 -0.29030001 0.22000000
v -0.39300001 -0.29030001 0.00000000
v -0.39302284 -0.29018518 0.00000000
v -0.39302284 -0.29018518 0.22000000
v -0.39308786 -0.29008788 0.00000000
v -0.39308786 -0.29008788 0.22000000
v -0.39318520 -0.29002285 0.00000000
v -0.39318520 -0.29002285 0.22000000
v -0.39330000 -0.28999999 0.00000000
v -0.39330000 -0.28999999 0.22000000
v -0.39899999 -0.28999999 0.22000000
v -0.39899999 -0.28999999 0.00000000
v -0.39950001 -0.29013398 0.00000000
v -0.39950001 -0.29013398 0.22000000
v -0.39986601 -0.29049999 0.00000000
v -0.39986601 -0.29049999 0.22000000
v -0.40000001 -0.29100001 0.00000000
v -0.40000001 -0.29100001 0.22000000
v -0.40000001 -0.29670000 0.22000000
v -0.40000001 -0.29670000 0.00000000
v -0.39997718 -0.29681480 0.00000000
v -0.39997718 -0.29681480 0.22000000
v -0.39991212 -0.29691213 0.00000000
v -0.39991212 -0.29691213 0.22000000
v -0.39981481 -0.29697716 0.00000000
v -0.39981481 -0.29697716 0.22000000
v -0.39969999 -0.29699999 0.00000000
v -0.39969999 -0.29699999 0.22000000
v -0.39800000 -0.29699999 0.22000000
v -0.39800000 -0.29699999 0.00000000
v -0.39800000 -0.29400000 0.22000000
v -0.39800000 -0.29400000 0.00000000
v -0.39706066 -0.29400000 0.22000000
v -0.39706066 -0.29400000 0.00000000
v -0.39399999 -0.29706067 0.22000000
v -0.39399999 -0.29706067 -0.00000000
v -0.39399999 -0.29948038 0.22000000
v -0.39399999 -0.29948038 0.00000000
v -0.39370000 -0.30000001 0.22000000
v -0.39370000 -0.30000001 0.00000000
v -0.39399999 -0.30051962 0.22000000
v -0.39399999 -0.30051962 0.00000000
v -0.39399999 -0.30293933 0.22000000
v -0.39399999 -0.30293933 0.00000000
v -0.39706069 -0.30599999 0.22000000
v -0.39706069 -0.30599999 -0.00000000
v -0.39800000 -0.30599999 0.22000000
v -0.39800000 -0.30599999 0.00000000
v -0.39800000 -0.30300000 0.22000000
v -0.39800000 -0.30300000 0.00000000
v -0.39969999 -0.30300000 0.22000000
v -0.39969999 -0.30300000 0.00000000
v -0.39981481 -0.30302283 0.00000000
v -0.39981481 -0.30302283 0.22000000
v -0.39991212 -0.30308786 0.00000000
v -0.39991212 -0.30308786 0.22000000
v -0.39997718 -0.30318519 0.00000000
v -0.39997718 -0.30318519 0.22000000
v -0.40000001 -0.30329999 0.00000000
v -0.40000001 -0.30329999 0.22000000
v -0.40000001 -0.31670001 0.22000000
v -0.40000001 -0.31670001 0.00000000
v -0.39997718 -0.31681481 0.00000000
v -0.39997718 -0.31681481 0.22000000
v -0.39991212 -0.31691214 0.00000000
v -0.39991212 -0.31691214 0.22000000
v -0.39981481 -0.31697717 0.00000000
v -0.39981481 -0.31697717 0.22000000
v -0.39969999 -0.31700000 0.00000000
v -0.39969999 -0.31700000 0.22000000
v -0.39800000 -0.31700000 0.22000000
v -0.39800000 -0.31700000 0.00000000
v -0.39800000 -0.31400001 0.22000000
v -0.39800000 -0.31400001 0.00000000
v -0.39706069 -0.31400001 0.22000000
v -0.39706069 -0.31400001 0.00000000
v -0.39399999 -0.31706068 0.22000000
v -0.39399999 -0.31706068 0.00000000
v -0.39399999 -0.31948039 0.22000000
v -0.39399999 -0.31948039 0.00000000
v -0.39370000 -0.31999999 0.22000000
v -0.39370000 -0.31999999 -0.00000000
v -0.39399999 -0.32051963 0.22000000
v -0.39399999 -0.32051963 -0.00000000
v -0.39399999 -0.32293934 0.22000000
v -0.39399999 -0.32293934 0.00000000
v -0.39706066 -0.32600001 0.22000000
v -0.39706066 -0.32600001 0.00000000
v -0.39800000 -0.32600001 0.22000000
v -0.39800000 -0.32600001 0.00000000
v -0.39800000 -0.32300001 0.22000000
v -0.39800000 -0.32300001 0.00000000
v -0.39969999 -0.32300001 0.22000000
v -0.39969999 -0.32300001 0.00000000
v -0.39981481 -0.32302284 0.00000000
v -0.39981481 -0.32302284 0.22000000
v -0.39991212 -0.32308787 0.00000000
v -0.39991212 -0.32308787 0.22000000
v -0.39997718 -0.32318521 0.00000000
v -0.39997718 -0.32318521 0.22000000
v -0.40000001 -0.32330000 0.00000000
v -0.40000001 -0.32330000 0.22000000
v -0.40000001 -0.32900000 0.22000000
v -0.40000001 -0.32900000 0.00000000
v -0.39992389 -0.32938269 0.00000000
v -0.39992389 -0.32938269 0.22000000
v -0.39970711 -0.32970712 0.00000000
v -0.39970711 -0.32970712 0.22000000
v -0.39938268 -0.32992387 0.00000000
v -0.39938268 -0.32992387 0.22000000
v -0.39899999 -0.33000001 0.00000000
v -0.39899999 -0.33000001 0.22000000
v -0.39330000 -0.33000001 0.22000000
v -0.39330000 -0.33000001 0.00000000
v -0.39318520 -0.32997715 0.00000000
v -0.39318520 -0.32997715 0.22000000
v -0.39308786 -0.32991213 0.00000000
v -0.39308786 -0.32991213 0.22000000
v -0.39302284 -0.32981479 0.00000000
v -0.39302284 -0.32981479 0.22000000
v -0.39300001 -0.32969999 0.00000000
v -0.39300001 -0.32969999 0.22000000
v -0.39300001 -0.32800001 0.22000000
v -0.39300001 -0.32800001 0.00000000
v -0.39600000 -0.32800001 0.22000000
v -0.39600000 -0.32800001 0.00000000
v -0.39600000 -0.32706067 0.22000000
v -0.39600000 -0.32706067 0.00000000
v -0.39293933 -0.32400000 0.22000000
v -0.39293933 -0.32400000 -0.00000000
v -0.39051962 -0.32400000 0.22000000
v -0.39051962 -0.32400000 0.00000000
v -0.38999999 -0.32370001 0.22000000
v -0.38999999 -0.32370001 0.00000000
v -0.38948038 -0.32400000 0.22000000
v -0.38948038 -0.32400000 0.00000000
v -0.38706067 -0.32400000 0.22000000
v -0.38706067 -0.32400000 0.00000000
v -0.38400000 -0.32706067 0.22000000
v -0.38400000 -0.32706067 0.00000000
v -0.38400000 -0.32800001 0.22000000
v -0.38400000 -0.32800001 0.00000000
v -0.38699999 -0.32800001 0.22000000
v -0.38699999 -0.32800001 0.00000000
v -0.38699999 -0.32969999 0.22000000
v -0.38699999 -0.32969999 0.00000000
v -0.38697717 -0.32981479 0.00000000
v -0.38697717 -0.32981479 0.22000000
v -0.38691214 -0.32991213 0.00000000
v -0.38691214 -0.32991213 0.22000000
v -0.38681480 -0.32997715 0.00000000
v -0.38681480 -0.32997715 0.22000000
v -0.38670000 -0.33000001 0.00000000
v -0.38670000 -0.33000001 0.22000000
v -0.38100001 -0.33000001 0.22000000
v -0.38100001 -0.33000001 0.00000000
v -0.38061732 -0.32992387 0.00000000
v -0.38061732 -0.32992387 0.22000000
v -0.38029289 -0.32970712 0.00000000
v -0.38029289 -0.32970712 0.22000000
v -0.38007611 -0.32938269 0.00000000
v -0.38007611 -0.32938269 0.22000000
v -0.38000000 -0.32900000 0.00000000
v -0.38000000 -0.32900000 0.22000000
v -0.38208786 -0.30808786 0.22000000
v -0.38202283 -0.30818519 0.22000000
v -0.39706361 -0.30800000 0.22000000
v -0.39694878 -0.30797717 0.22000000
v -0.39685148 -0.30791214 0.22000000
v -0.38305122 -0.30797717 0.22000000
v -0.38293639 -0.30800000 0.22000000
v -0.38229999 -0.30800000 0.22000000
v -0.38218519 -0.30802283 0.22000000
v -0.38293639 -0.31200001 0.22000000
v -0.38305119 -0.31202284 0.22000000
v -0.38314852 -0.31208786 0.22000000
v -0.39791214 -0.30808786 0.22000000
v -0.39781481 -0.30802283 0.22000000
v -0.39770001 -0.30800000 0.22000000
v -0.38314852 -0.30791214 0.22000000
v -0.38706067 -0.30399999 0.22000000
v -0.39105001 -0.32181865 0.22000000
v -0.39210001 -0.30000001 0.22000000
v -0.39181864 -0.29894999 0.22000000
v -0.39105001 -0.29818135 0.22000000
v -0.38818136 -0.29894999 0.22000000
v -0.38894999 -0.29818135 0.22000000
v -0.38999999 -0.29789999 0.22000000
v -0.38789999 -0.30000001 0.22000000
v -0.38818136 -0.30105001 0.22000000
v -0.38208786 -0.31191212 0.22000000
v -0.38218519 -0.31197718 0.22000000
v -0.38229999 -0.31200001 0.22000000
v -0.38894999 -0.30181864 0.22000000
v -0.38999999 -0.30210000 0.22000000
v -0.39293933 -0.30399999 0.22000000
v -0.39105001 -0.30181864 0.22000000
v -0.39770001 -0.31200001 0.22000000
v -0.39781481 -0.31197718 0.22000000
v -0.39791214 -0.31191212 0.22000000
v -0.38200000 -0.30829999 0.22000000
v -0.38200000 -0.31169999 0.22000000
v -0.38202283 -0.31181481 0.22000000
v -0.39181864 -0.30105001 0.22000000
v -0.39706361 -0.31200001 0.22000000
v -0.39694881 -0.31202284 0.22000000
v -0.38706067 -0.31600001 0.22000000
v -0.39293933 -0.31600001 0.22000000
v -0.39685148 -0.31208786 0.22000000
v -0.38894999 -0.32181865 0.22000000
v -0.38999999 -0.32210001 0.22000000
v -0.39797717 -0.31181481 0.22000000
v -0.39800000 -0.31169999 0.22000000
v -0.39800000 -0.30829999 0.22000000
v -0.39797717 -0.30818519 0.22000000
v -0.38999999 -0.31790000 0.22000000
v -0.38894999 -0.31818134 0.22000000
v -0.38818136 -0.31895000 0.22000000
v -0.39181864 -0.32104999 0.22000000
v -0.39210001 -0.31999999 0.22000000
v -0.39181864 -0.31895000 0.22000000
v -0.39105001 -0.31818134 0.22000000
v -0.38818136 -0.32104999 0.22000000
v -0.38789999 -0.31999999 0.22000000
v -0.39791214 -0.30808786 0.00000000
v -0.39797717 -0.30818519 0.00000000
v -0.38293639 -0.30800000 0.00000000
v -0.38305122 -0.30797717 0.00000000
v -0.38314852 -0.30791214 0.00000000
v -0.39694878 -0.30797717 0.00000000
v -0.39706361 -0.30800000 0.00000000
v -0.39770001 -0.30800000 0.00000000
v -0.39781481 -0.30802283 0.00000000
v -0.38894999 -0.32181865 0.00000000
v -0.38218519 -0.31197718 0.00000000
v -0.38208786 -0.31191212 0.00000000
v -0.38208786 -0.30808786 0.00000000
v -0.38218519 -0.30802283 0.00000000
v -0.38229999 -0.30800000 0.00000000
v -0.38314852 -0.31208786 0.00000000
v -0.38305119 -0.31202284 0.00000000
v -0.38293639 -0.31200001 0.00000000
v -0.38229999 -0.31200001 0.00000000
v -0.39685148 -0.31208786 0.00000000
v -0.39293933 -0.31600001 0.00000000
v -0.38706067 -0.31600001 0.00000000
v -0.39181864 -0.29894999 0.00000000
v -0.39105001 -0.29818135 0.00000000
v -0.38999999 -0.29789999 0.00000000
v -0.38894999 -0.29818135 0.00000000
v -0.39685148 -0.30791214 0.00000000
v -0.39293933 -0.30399999 0.00000000
v -0.38202283 -0.31181481 0.00000000
v -0.38200000 -0.31169999 0.00000000
v -0.38200000 -0.30829999 0.00000000
v -0.38202283 -0.30818519 0.00000000
v -0.39800000 -0.30829999 0.00000000
v -0.39800000 -0.31169999 0.00000000
v -0.39797717 -0.31181481 0.00000000
v -0.39791214 -0.31191212 0.00000000
v -0.39694881 -0.31202284 0.00000000
v -0.39706361 -0.31200001 0.00000000
v -0.39770001 -0.31200001 0.00000000
v -0.39781481 -0.31197718 0.00000000
v -0.38789999 -0.30000001 0.00000000
v -0.38818136 -0.29894999 0.00000000
v -0.38999999 -0.32210001 0.00000000
v -0.39105001 -0.32181865 0.00000000
v -0.39210001 -0.30000001 0.00000000
v -0.39181864 -0.30105001 0.00000000
v -0.38894999 -0.30181864 0.00000000
v -0.38706067 -0.30399999 0.00000000
v -0.38999999 -0.30210000 0.00000000
v -0.39105001 -0.30181864 0.00000000
v -0.38818136 -0.30105001 0.00000000
v -0.39105001 -0.31818134 0.00000000
v -0.39181864 -0.31895000 0.00000000
v -0.38999999 -0.31790000 0.00000000
v -0.38818136 -0.32104999 0.00000000
v -0.38789999 -0.31999999 0.00000000
v -0.38818136 -0.31895000 0.00000000
v -0.38894999 -0.31818134 0.00000000
v -0.39181864 -0.32104999 0.00000000
v -0.39210001 -0.31999999 0.00000000
f 1 2 3
f 1 3 4
f 4 3 5
f 4 5 6
f 6 5 7
f 6 7 8
f 8 7 9
f 8 9 10
f 11 10 12
f 12 10 9
f 13 11 14
f 14 11 12
f 15 13 16
f 16 13 14
f 17 15 18
f 18 15 16
f 19 17 20
f 20 17 18
f 21 19 22
f 22 19 20
f 23 21 24
f 24 21 22
f 25 23 26
f 26 23 24
f 27 25 28
f 28 25 26
f 29 27 30
f 30 27 28
f 31 29 32
f 32 29 30
f 33 31 34
f 34 31 32
f 33 34 35
f 33 35 36
f 36 35 37
f 36 37 38
f 38 37 39
f 38 39 40
f 40 39 41
f 40 41 42
f 43 42 44
f 44 42 41
f 43 44 45
f 43 45 46
f 46 45 47
f 46 47 48
f 48 47 49
f 48 49 50
f 50 49 51
f 50 51 52
f 53 52 54
f 54 52 51
f 55 53 56
f 56 53 54
f 57 55 58
f 58 55 56
f 59 57 60
f 60 57 58
f 61 59 62
f 62 59 60
f 63 61 64
f 64 61 62
f 65 63 66
f 66 63 64
f 67 65 68
f 68 65 66
f 69 67 70
f 70 67 68
f 71 69 72
f 72 69 70
f 73 71 74
f 74 71 72
f 75 73 76
f 76 73 74
f 75 76 77
f 75 77 78
f 78 77 79
f 78 79 80
f 80 79 81
f 80 81 82
f 82 81 83
f 82 83 84
f 85 84 86
f 86 84 83
f 85 86 87
f 85 87 88
f 88 87 89
f 88 89 90
f 90 89 91
f 90 91 92
f 93 92 94
f 94 92 91
f 93 94 95
f 93 95 96
f 96 95 97
f 96 97 98
f 98 97 99
f 98 99 100
f 100 99 101
f 100 101 102
f 103 102 104
f 104 102 101
f 105 103 106
f 106 103 104
f 107 105 108
f 108 105 106
f 109 107 110
f 110 107 108
f 111 109 112
f 112 109 110
f 113 111 114
f 114 111 112
f 115 113 116
f 116 113 114
f 117 115 118
f 118 115 116
f 119 117 120
f 120 117 118
f 121 119 122
f 122 119 120
f 123 121 124
f 124 121 122
f 125 123 126
f 126 123 124
f 125 126 127
f 125 127 128
f 128 127 129
f 128 129 130
f 130 129 131
f 130 131 132
f 132 131 133
f 132 133 134
f 135 134 136
f 136 134 133
f 135 136 137
f 135 137 138
f 138 137 139
f 138 139 140
f 140 139 141
f 140 141 142
f 143 142 144
f 144 142 141
f 143 144 145
f 143 145 146
f 146 145 147
f 146 147 148
f 148 147 149
f 148 149 150
f 150 149 151
f 150 151 152
f 153 152 154
f 154 152 151
f 155 153 156
f 156 153 154
f 157 155 158
f 158 155 156
f 159 157 160
f 160 157 158
f 161 159 162
f 162 159 160
f 163 161 164
f 164 161 162
f 165 163 166
f 166 163 164
f 167 165 168
f 168 165 166
f 169 167 170
f 170 167 168
f 171 169 172
f 172 169 170
f 173 171 174
f 174 171 172
f 175 173 176
f 176 173 174
f 175 176 177
f 175 177 178
f 178 177 179
f 178 179 180
f 180 179 181
f 180 181 182
f 182 181 183
f 182 183 184
f 185 184 186
f 186 184 183
f 185 186 187
f 185 187 188
f 188 187 189
f 188 189 190
f 190 189 191
f 190 191 192
f 192 191 193
f 192 193 194
f 195 194 196
f 196 194 193
f 197 195 198
f 198 195 196
f 199 197 200
f 200 197 198
f 201 199 202
f 202 199 200
f 203 201 204
f 204 201 202
f 205 203 206
f 206 203 204
f 207 205 208
f 208 205 206
f 209 207 210
f 210 207 208
f 211 209 212
f 212 209 210
f 213 211 214
f 214 211 212
f 215 213 216
f 216 213 214
f 217 215 218
f 218 215 216
f 217 218 219
f 217 219 220
f 220 219 221
f 220 221 222
f 222 221 223
f 222 223 224
f 224 223 225
f 224 225 226
f 227 226 228
f 228 226 225
f 227 228 229
f 227 229 230
f 230 229 231
f 230 231 232
f 232 231 233
f 232 233 234
f 234 233 235
f 234 235 236
f 237 236 238
f 238 236 235
f 237 238 239
f 237 239 240
f 240 239 241
f 240 241 242
f 242 241 243
f 242 243 244
f 244 243 245
f 244 245 246
f 247 246 248
f 248 246 245
f 249 247 250
f 250 247 248
f 251 249 252
f 252 249 250
f 253 251 254
f 254 251 252
f 255 253 256
f 256 253 254
f 257 255 258
f 258 255 256
f 259 257 260
f 260 257 258
f 261 259 262
f 262 259 260
f 263 261 264
f 264 261 262
f 265 263 266
f 266 263 264
f 267 265 268
f 268 265 266
f 269 267 270
f 270 267 268
f 269 270 271
f 269 271 272
f 272 271 273
f 272 273 274
f 274 273 275
f 274 275 276
f 276 275 277
f 276 277 278
f 279 278 280
f 280 278 277
f 279 280 281
f 279 281 282
f 282 281 283
f 282 283 284
f 284 283 285
f 284 285 286
f 286 285 287
f 286 287 288
f 1 288 2
f 2 288 287
f 197 184 185
f 194 195 197
f 194 197 192
f 42 43 29
f 130 132 128
f 128 132 134
f 128 134 125
f 125 134 123
f 52 53 55
f 278 279 269
f 29 31 33
f 185 188 197
f 197 188 190
f 197 190 192
f 102 103 105
f 222 224 220
f 220 224 226
f 220 226 217
f 217 226 215
f 289 290 43
f 71 73 84
f 40 42 38
f 38 42 29
f 38 29 36
f 36 29 33
f 50 52 48
f 48 52 55
f 48 55 46
f 46 55 43
f 291 292 293
f 294 295 55
f 55 295 296
f 55 296 43
f 43 296 297
f 43 297 289
f 159 161 117
f 80 82 78
f 78 82 84
f 78 84 75
f 75 84 73
f 98 100 96
f 96 100 102
f 143 146 148
f 263 265 15
f 88 90 92
f 247 249 246
f 246 249 236
f 298 299 300
f 269 279 267
f 123 134 121
f 121 134 135
f 121 135 157
f 301 302 171
f 171 302 303
f 171 303 169
f 242 244 240
f 240 244 246
f 240 246 237
f 237 246 236
f 6 8 10
f 85 88 105
f 105 88 92
f 105 92 102
f 102 92 93
f 102 93 96
f 294 55 304
f 304 55 57
f 304 57 305
f 305 57 59
f 305 59 61
f 306 205 207
f 272 274 269
f 269 274 276
f 269 276 278
f 163 307 161
f 161 307 308
f 161 308 117
f 117 308 309
f 135 138 157
f 157 138 140
f 157 140 155
f 155 140 142
f 155 142 153
f 153 142 143
f 153 143 152
f 152 143 148
f 152 148 150
f 159 117 157
f 157 117 119
f 157 119 121
f 13 288 11
f 11 288 1
f 11 1 10
f 10 1 4
f 10 4 6
f 310 109 311
f 311 109 111
f 311 111 312
f 312 111 113
f 312 113 309
f 309 113 115
f 309 115 117
f 84 85 71
f 71 85 105
f 71 105 69
f 69 105 107
f 69 107 67
f 67 107 109
f 67 109 65
f 65 109 310
f 65 310 63
f 63 310 313
f 63 313 61
f 61 313 314
f 61 314 305
f 315 316 29
f 29 316 317
f 29 317 27
f 211 232 234
f 314 318 305
f 305 318 319
f 305 319 320
f 320 319 321
f 322 323 197
f 197 323 324
f 290 325 43
f 43 325 326
f 43 326 29
f 29 326 327
f 29 327 315
f 215 226 213
f 213 226 227
f 213 227 211
f 211 227 230
f 211 230 232
f 267 279 265
f 265 279 282
f 265 282 284
f 13 15 288
f 288 15 265
f 288 265 286
f 286 265 284
f 303 291 169
f 169 291 293
f 169 293 167
f 167 293 320
f 167 320 165
f 165 320 321
f 165 321 163
f 163 321 328
f 163 328 307
f 322 197 329
f 329 197 199
f 329 199 330
f 317 298 27
f 27 298 300
f 27 300 25
f 25 300 331
f 25 331 201
f 201 331 332
f 201 332 199
f 199 332 333
f 199 333 330
f 253 209 251
f 251 209 211
f 251 211 249
f 249 211 234
f 249 234 236
f 334 335 257
f 263 15 261
f 261 15 17
f 261 17 19
f 324 336 197
f 197 336 337
f 197 337 184
f 184 337 338
f 184 338 171
f 171 338 339
f 171 339 301
f 171 173 175
f 257 335 255
f 255 335 306
f 255 306 253
f 253 306 207
f 253 207 209
f 182 184 180
f 180 184 171
f 180 171 178
f 178 171 175
f 201 340 25
f 25 340 341
f 25 341 342
f 306 343 205
f 205 343 344
f 205 344 203
f 203 344 345
f 203 345 201
f 201 345 346
f 201 346 340
f 257 259 334
f 334 259 261
f 334 261 347
f 347 261 19
f 347 19 348
f 348 19 21
f 348 21 342
f 342 21 23
f 342 23 25
f 218 216 214
f 30 44 41
f 186 183 198
f 131 129 133
f 133 129 127
f 34 32 30
f 238 235 245
f 198 196 193
f 221 219 223
f 223 219 218
f 270 268 266
f 2 12 9
f 35 34 37
f 37 34 30
f 37 30 39
f 39 30 41
f 187 186 189
f 189 186 198
f 189 198 191
f 191 198 193
f 176 174 172
f 245 235 248
f 3 2 5
f 5 2 9
f 5 9 7
f 273 271 275
f 275 271 270
f 275 270 277
f 349 350 183
f 252 250 212
f 144 154 151
f 243 241 245
f 245 241 239
f 245 239 238
f 351 352 353
f 177 176 179
f 179 176 172
f 179 172 181
f 181 172 183
f 72 86 74
f 74 86 83
f 74 83 76
f 68 66 110
f 151 149 144
f 144 149 147
f 144 147 145
f 354 355 172
f 172 355 356
f 172 356 183
f 183 356 357
f 183 357 349
f 277 270 280
f 280 270 266
f 280 266 281
f 97 95 99
f 99 95 94
f 99 94 101
f 101 94 91
f 81 79 83
f 83 79 77
f 83 77 76
f 127 126 133
f 133 126 124
f 133 124 136
f 136 124 122
f 136 122 137
f 358 22 20
f 89 106 91
f 91 106 104
f 91 104 101
f 30 359 360
f 16 283 281
f 361 362 56
f 56 362 363
f 56 363 58
f 364 365 28
f 28 365 366
f 28 366 30
f 30 366 367
f 30 367 359
f 200 368 202
f 202 368 369
f 202 369 370
f 12 2 14
f 14 2 287
f 14 287 16
f 16 287 285
f 16 285 283
f 233 212 235
f 235 212 250
f 235 250 248
f 233 231 212
f 212 231 229
f 212 229 214
f 214 229 228
f 214 228 218
f 218 228 225
f 218 225 223
f 154 144 156
f 156 144 141
f 156 141 158
f 158 141 139
f 158 139 137
f 371 118 372
f 372 118 116
f 372 116 373
f 373 116 114
f 373 114 374
f 72 70 86
f 86 70 106
f 86 106 87
f 87 106 89
f 68 110 70
f 70 110 108
f 70 108 106
f 354 172 375
f 375 172 170
f 375 170 376
f 376 170 168
f 376 168 166
f 360 377 30
f 30 377 378
f 30 378 44
f 44 378 379
f 44 379 56
f 56 379 380
f 56 380 361
f 350 381 183
f 183 381 382
f 183 382 198
f 198 382 383
f 198 383 384
f 385 368 386
f 386 368 200
f 386 200 387
f 387 200 198
f 387 198 388
f 388 198 384
f 281 266 16
f 16 266 264
f 16 264 18
f 18 264 262
f 18 262 20
f 252 212 254
f 254 212 210
f 254 210 208
f 64 389 66
f 66 389 390
f 66 390 110
f 110 390 374
f 110 374 112
f 112 374 114
f 56 54 51
f 20 262 358
f 358 262 260
f 358 260 391
f 391 260 258
f 391 258 392
f 137 122 158
f 158 122 120
f 158 120 160
f 160 120 118
f 160 118 162
f 162 118 371
f 162 371 164
f 164 371 393
f 164 393 166
f 166 393 394
f 166 394 376
f 395 396 397
f 397 396 376
f 397 376 398
f 398 376 394
f 363 351 58
f 58 351 353
f 58 353 60
f 60 353 396
f 60 396 62
f 62 396 395
f 62 395 64
f 64 395 399
f 64 399 389
f 202 400 401
f 45 44 47
f 47 44 56
f 47 56 49
f 49 56 51
f 364 28 370
f 370 28 26
f 370 26 202
f 202 26 402
f 202 402 400
f 358 403 22
f 22 403 404
f 22 404 24
f 24 404 405
f 24 405 26
f 26 405 406
f 26 406 402
f 258 256 392
f 392 256 254
f 392 254 407
f 407 254 208
f 407 208 408
f 408 208 206
f 408 206 401
f 401 206 204
f 401 204 202
f 307 393 308
f 308 393 371
f 308 371 309
f 309 371 372
f 309 372 312
f 312 372 373
f 312 373 311
f 311 373 374
f 311 374 310
f 310 374 390
f 310 390 313
f 313 390 389
f 313 389 314
f 314 389 399
f 314 399 318
f 318 399 395
f 318 395 319
f 319 395 397
f 319 397 321
f 321 397 398
f 321 398 328
f 328 398 394
f 328 394 307
f 307 394 393
f 344 408 345
f 345 408 401
f 345 401 346
f 346 401 400
f 346 400 340
f 340 400 402
f 340 402 341
f 341 402 406
f 341 406 342
f 342 406 405
f 342 405 348
f 348 405 404
f 348 404 347
f 347 404 403
f 347 403 334
f 334 403 358
f 334 358 335
f 335 358 391
f 335 391 306
f 306 391 392
f 306 392 343
f 343 392 407
f 343 407 344
f 344 407 408
f 296 363 297
f 297 363 362
f 297 362 289
f 289 362 361
f 289 361 290
f 290 361 380
f 290 380 325
f 325 380 379
f 296 295 363
f 363 295 351
f 304 353 352
f 304 352 294
f 294 352 351
f 294 351 295
f 304 305 353
f 353 305 396
f 305 320 396
f 396 320 376
f 320 293 376
f 376 293 375
f 291 355 354
f 291 354 292
f 292 354 375
f 292 375 293
f 291 303 355
f 355 303 356
f 338 381 339
f 339 381 350
f 339 350 301
f 301 350 349
f 301 349 302
f 302 349 357
f 302 357 303
f 303 357 356
f 338 337 381
f 381 337 382
f 322 387 323
f 323 387 388
f 323 388 324
f 324 388 384
f 324 384 336
f 336 384 383
f 336 383 337
f 337 383 382
f 322 329 387
f 387 329 386
f 333 368 385
f 333 385 330
f 330 385 386
f 330 386 329
f 333 332 368
f 368 332 369
f 332 331 369
f 369 331 370
f 331 300 370
f 370 300 364
f 298 366 365
f 298 365 299
f 299 365 364
f 299 364 300
f 298 317 366
f 366 317 367
f 326 378 327
f 327 378 377
f 327 377 315
f 315 377 360
f 315 360 316
f 316 360 359
f 316 359 317
f 317 359 367
f 326 325 378
f 378 325 379
f 409 410 411
f 411 410 412
f 411 412 413
f 413 412 414
f 413 414 415
f 415 414 416
f 415 416 417
f 417 416 418
f 419 420 421
f 421 420 422
f 421 422 423
f 423 422 424
f 423 424 425
f 425 424 426
f 425 426 427
f 427 426 428
f 427 428 429
f 429 428 430
f 429 430 431
f 431 430 432
f 431 432 433
f 433 432 434
f 433 434 435
f 435 434 436
f 435 436 437
f 437 436 438
f 437 438 439
f 440 441 442
f 442 441 443
f 442 443 444
f 444 443 445
f 444 445 446
f 446 445 447
f 446 447 448
f 439 438 449
f 449 438 450
f 449 450 451
f 451 450 452
f 451 452 448
f 448 452 453
f 448 453 446
f 454 455 456
f 456 455 457
f 456 457 458
f 458 457 459
f 458 459 460
f 460 459 461
f 460 461 462
f 462 461 463
f 464 465 466
f 467 468 469
f 470 471 472
f 473 474 475
f 476 477 478
f 479 480 481
f 482 483 484
f 485 486 487
f 488 489 490
f 491 492 493
f 494 495 496
f 497 498 499
f 499 498 500
f 433 501 431
f 435 437 502
f 503 504 505
f 506 507 463
f 503 508 504
f 504 508 507
f 504 507 509
f 510 511 512
f 511 513 512
f 512 513 514
f 512 514 515
f 516 517 518
f 514 519 515
f 515 519 520
f 515 520 517
f 517 520 521
f 517 521 518
f 518 522 516
f 516 522 523
f 516 523 524
f 524 523 525
f 524 525 526
f 527 528 512
f 529 530 531
f 531 530 532
f 533 534 535
f 535 534 536
f 535 536 512
f 512 536 537
f 512 537 527
f 528 538 512
f 512 538 524
f 512 524 510
f 510 524 526
f 538 539 524
f 524 539 540
f 524 540 441
f 540 529 441
f 441 529 531
f 441 531 443
f 443 531 541
f 443 541 445
f 445 541 542
f 445 542 447
f 543 544 545
f 542 546 447
f 447 546 547
f 447 547 448
f 448 547 548
f 448 548 549
f 550 551 552
f 552 551 545
f 552 545 553
f 553 545 544
f 550 554 551
f 551 554 555
f 551 555 542
f 542 555 556
f 542 556 546
f 557 558 502
f 557 502 559
f 558 560 502
f 502 560 561
f 502 561 562
f 562 561 563
f 564 449 565
f 565 449 451
f 549 543 448
f 448 543 545
f 448 545 451
f 451 545 566
f 451 566 565
f 563 567 562
f 562 567 568
f 562 568 545
f 545 568 569
f 545 569 566
f 564 559 449
f 449 559 502
f 449 502 439
f 439 502 437
f 501 570 431
f 431 570 571
f 431 571 429
f 572 573 571
f 571 573 574
f 571 574 575
f 575 576 571
f 571 576 427
f 571 427 429
f 577 578 579
f 579 578 580
f 579 580 581
f 581 580 582
f 583 425 584
f 584 425 427
f 584 427 585
f 585 427 576
f 419 421 586
f 586 421 423
f 586 423 587
f 587 423 425
f 587 425 579
f 579 425 583
f 579 583 577
f 588 589 590
f 589 591 590
f 590 591 592
f 590 592 593
f 593 592 594
f 593 594 595
f 596 597 586
f 586 597 598
f 586 598 419
f 419 598 599
f 419 599 600
f 600 599 601
f 600 601 602
f 603 604 590
f 500 605 606
f 499 607 590
f 590 607 608
f 590 608 603
f 604 609 590
f 590 609 600
f 590 600 588
f 588 600 602
f 606 610 500
f 500 610 611
f 500 611 499
f 499 611 612
f 499 612 607
f 609 613 600
f 600 613 614
f 600 614 605
f 605 614 615
f 605 615 606
f 616 617 618
f 619 620 621
f 415 417 622
f 621 623 619
f 619 623 624
f 619 624 625
f 625 624 626
f 625 626 417
f 417 626 627
f 417 627 622
f 622 628 415
f 415 628 629
f 415 629 618
f 618 629 630
f 618 630 616
f 631 632 633
f 633 632 409
f 633 409 634
f 635 636 637
f 637 636 638
f 638 639 637
f 637 639 640
f 637 640 411
f 411 640 641
f 411 641 642
f 643 632 644
f 644 632 631
f 644 631 645
f 645 631 646
f 645 646 647
f 648 411 649
f 649 411 642
f 649 642 650
f 650 642 651
f 651 642 652
f 651 652 647
f 647 652 653
f 647 653 645
f 648 654 411
f 411 654 655
f 411 655 409
f 409 655 656
f 409 656 634
f 657 658 411
f 411 658 659
f 411 659 637
f 637 659 660
f 637 660 661
f 662 413 663
f 663 413 664
f 663 664 665
f 665 664 666
f 662 667 413
f 413 667 668
f 413 668 411
f 411 668 669
f 411 669 657
f 670 671 664
f 415 672 413
f 413 672 673
f 674 675 618
f 675 676 618
f 618 676 677
f 618 677 415
f 415 677 678
f 415 678 672
f 673 679 413
f 413 679 680
f 413 680 664
f 664 680 681
f 664 681 670
f 643 635 632
f 632 635 637
f 632 637 682
f 682 637 683
f 682 683 496
f 496 683 684
f 671 674 664
f 664 674 618
f 664 618 685
f 685 618 686
f 685 686 687
f 687 686 493
f 617 620 618
f 618 620 619
f 618 619 686
f 686 619 688
f 686 688 493
f 493 688 689
f 496 495 490
f 684 690 691
f 684 691 496
f 496 691 692
f 496 692 494
f 495 693 490
f 490 693 694
f 490 694 695
f 695 694 696
f 695 696 697
f 697 698 695
f 695 698 699
f 695 699 684
f 684 699 700
f 684 700 690
f 701 702 703
f 703 702 687
f 703 687 704
f 705 706 493
f 493 706 707
f 707 708 493
f 493 708 709
f 493 709 687
f 687 709 710
f 687 710 704
f 701 711 702
f 702 711 712
f 702 712 713
f 713 712 714
f 713 714 705
f 705 493 713
f 713 493 492
f 713 492 715
f 716 717 718
f 718 717 719
f 718 719 720
f 689 721 722
f 722 723 689
f 689 723 724
f 689 724 493
f 493 724 725
f 493 725 491
f 726 718 689
f 689 718 720
f 689 720 721
f 727 728 593
f 729 730 731
f 731 730 718
f 731 718 732
f 732 718 726
f 733 734 689
f 689 734 735
f 689 735 726
f 729 736 730
f 730 736 737
f 730 737 593
f 593 737 738
f 593 738 727
f 728 733 593
f 593 733 689
f 593 689 590
f 590 689 688
f 590 688 499
f 499 688 619
f 499 619 497
f 497 619 625
f 490 489 487
f 739 740 741
f 741 740 742
f 741 742 695
f 695 742 743
f 489 744 487
f 487 744 745
f 487 745 741
f 741 745 746
f 741 746 739
f 743 747 695
f 695 747 748
f 695 748 490
f 490 748 749
f 490 749 488
f 750 751 752
f 752 751 702
f 752 702 753
f 753 702 754
f 750 755 751
f 751 755 756
f 751 756 757
f 758 713 759
f 759 713 757
f 759 757 760
f 760 757 756
f 758 761 713
f 713 761 762
f 713 762 702
f 702 762 763
f 702 763 754
f 764 765 766
f 767 768 757
f 757 768 766
f 766 768 769
f 766 769 764
f 765 770 718
f 718 770 771
f 718 771 772
f 772 773 718
f 718 773 713
f 718 713 716
f 716 713 715
f 773 774 713
f 713 774 775
f 713 775 757
f 757 775 776
f 757 776 767
f 765 718 766
f 766 718 777
f 766 777 778
f 779 780 781
f 781 780 782
f 781 782 730
f 730 782 783
f 778 784 766
f 766 784 785
f 766 785 781
f 781 785 786
f 781 786 779
f 783 787 730
f 730 787 788
f 730 788 718
f 718 788 789
f 718 789 777
f 487 486 790
f 486 791 790
f 790 791 792
f 790 792 793
f 793 792 794
f 793 794 795
f 796 741 797
f 797 741 793
f 797 793 798
f 798 793 795
f 796 799 741
f 741 799 800
f 741 800 487
f 487 800 801
f 487 801 485
f 802 757 803
f 803 757 804
f 805 806 751
f 751 806 807
f 751 807 808
f 808 807 809
f 809 810 808
f 808 810 811
f 808 811 804
f 804 811 812
f 804 812 803
f 802 813 757
f 757 813 814
f 757 814 751
f 751 814 815
f 751 815 805
f 816 817 818
f 818 817 819
f 820 821 804
f 804 821 822
f 804 822 818
f 818 822 823
f 818 823 816
f 820 804 824
f 824 804 757
f 824 757 825
f 819 826 766
f 766 826 827
f 766 827 757
f 757 827 828
f 757 828 825
f 819 766 818
f 818 766 829
f 818 829 830
f 831 781 832
f 832 781 833
f 832 833 834
f 834 833 835
f 830 836 818
f 818 836 837
f 818 837 833
f 833 837 838
f 833 838 835
f 831 839 781
f 781 839 840
f 781 840 766
f 766 840 841
f 766 841 829
f 842 843 844
f 790 845 846
f 846 845 847
f 846 847 848
f 842 844 849
f 850 793 851
f 851 793 844
f 851 844 852
f 852 844 843
f 850 853 793
f 793 853 854
f 793 854 790
f 790 854 855
f 790 855 845
f 856 857 484
f 483 858 859
f 858 483 860
f 860 483 808
f 860 808 861
f 859 862 483
f 483 862 863
f 483 863 484
f 484 863 864
f 484 864 856
f 857 865 804
f 804 865 866
f 804 866 808
f 808 866 867
f 808 867 861
f 857 804 484
f 484 804 868
f 484 868 869
f 869 870 484
f 484 870 871
f 484 871 872
f 872 873 874
f 874 873 875
f 874 875 876
f 877 878 818
f 818 878 879
f 818 879 804
f 804 879 880
f 804 880 868
f 881 874 818
f 818 874 876
f 818 876 877
f 882 883 884
f 882 884 885
f 881 886 874
f 874 886 887
f 874 887 885
f 883 888 884
f 884 888 889
f 884 889 833
f 833 889 890
f 890 891 833
f 833 891 892
f 833 892 818
f 818 892 893
f 818 893 881
f 570 894 571
f 571 894 895
f 571 895 896
f 896 897 571
f 571 897 581
f 571 581 572
f 572 581 582
f 897 898 581
f 581 898 899
f 581 899 900
f 900 899 901
f 900 901 902
f 903 904 570
f 904 905 570
f 570 905 906
f 570 906 894
f 848 849 846
f 846 849 844
f 846 844 481
f 481 844 907
f 884 908 909
f 910 911 502
f 911 912 502
f 502 912 501
f 502 501 435
f 435 501 433
f 912 913 501
f 501 913 914
f 501 914 570
f 570 914 915
f 570 915 916
f 910 502 917
f 917 502 562
f 917 562 918
f 916 919 570
f 570 919 920
f 570 920 562
f 562 920 921
f 562 921 918
f 481 480 478
f 922 907 923
f 923 907 924
f 923 924 925
f 925 924 926
f 480 927 478
f 478 927 928
f 478 928 924
f 924 928 929
f 924 929 926
f 922 930 907
f 907 930 931
f 907 931 481
f 481 931 932
f 481 932 479
f 933 934 482
f 934 935 482
f 482 935 936
f 482 936 937
f 937 936 938
f 939 940 941
f 941 940 937
f 941 937 942
f 942 937 938
f 939 943 940
f 940 943 944
f 940 944 945
f 945 944 946
f 945 946 947
f 872 874 484
f 484 874 945
f 484 945 482
f 482 945 947
f 482 947 933
f 948 949 950
f 950 949 951
f 951 952 909
f 909 952 953
f 954 940 955
f 955 940 945
f 955 945 956
f 956 945 957
f 885 884 874
f 874 884 909
f 874 909 945
f 945 909 953
f 945 953 957
f 954 958 940
f 940 958 959
f 940 959 950
f 950 959 960
f 950 960 948
f 951 909 950
f 950 909 961
f 950 961 962
f 963 908 964
f 964 908 965
f 964 965 966
f 966 965 967
f 962 968 950
f 950 968 969
f 950 969 965
f 965 969 970
f 965 970 967
f 963 971 908
f 908 971 972
f 908 972 909
f 909 972 973
f 909 973 961
f 974 975 976
f 977 978 545
f 545 978 979
f 545 979 562
f 562 979 980
f 562 980 981
f 981 974 562
f 562 974 976
f 562 976 570
f 570 976 900
f 570 900 903
f 903 900 902
f 975 982 976
f 976 982 983
f 976 983 551
f 983 984 551
f 551 984 985
f 551 985 545
f 545 985 986
f 545 986 977
f 478 477 475
f 477 987 475
f 475 987 988
f 475 988 989
f 989 988 990
f 989 990 991
f 992 924 993
f 993 924 989
f 993 989 994
f 994 989 991
f 992 995 924
f 924 995 996
f 924 996 478
f 478 996 997
f 478 997 476
f 998 940 999
f 999 940 1000
f 1001 1002 937
f 937 1002 1003
f 937 1003 1004
f 1004 1003 1005
f 1005 1006 1004
f 1004 1006 1007
f 1004 1007 1000
f 1000 1007 1008
f 1000 1008 999
f 998 1009 940
f 940 1009 1010
f 940 1010 937
f 937 1010 1011
f 937 1011 1001
f 1012 1013 1000
f 1000 1013 1014
f 1015 1016 1017
f 1017 1016 1018
f 1017 1018 1019
f 1012 1000 1020
f 1020 1000 940
f 1020 940 1021
f 1019 1022 950
f 950 1022 1023
f 950 1023 940
f 940 1023 1024
f 940 1024 1021
f 1019 950 1017
f 1017 950 1025
f 1017 1025 1026
f 1027 965 1028
f 1028 965 1029
f 1028 1029 1030
f 1030 1029 1031
f 1026 1032 1017
f 1017 1032 1033
f 1017 1033 1029
f 1029 1033 1034
f 1029 1034 1031
f 1027 1035 965
f 965 1035 1036
f 965 1036 950
f 950 1036 1037
f 950 1037 1025
f 475 474 1038
f 1039 1040 1041
f 1041 1040 1042
f 1041 1042 989
f 989 1042 1043
f 474 1044 1038
f 1038 1044 1045
f 1038 1045 1041
f 1041 1045 1046
f 1041 1046 1039
f 1043 1047 989
f 989 1047 1048
f 989 1048 475
f 475 1048 1049
f 475 1049 473
f 661 666 637
f 637 666 664
f 637 664 683
f 683 664 685
f 683 685 684
f 684 685 687
f 684 687 695
f 695 687 702
f 695 702 741
f 741 702 751
f 741 751 793
f 793 751 808
f 793 808 844
f 844 808 483
f 844 483 907
f 907 483 482
f 907 482 924
f 924 482 937
f 924 937 989
f 989 937 1004
f 989 1004 1041
f 1041 1004 1050
f 1041 1050 469
f 1051 1050 1052
f 1052 1050 1004
f 1052 1004 1053
f 1053 1004 1054
f 1051 1055 1050
f 1050 1055 1056
f 1050 1056 1057
f 1058 1000 1059
f 1059 1000 1057
f 1059 1057 1060
f 1060 1057 1056
f 1058 1061 1000
f 1000 1061 1062
f 1000 1062 1004
f 1004 1062 1063
f 1004 1063 1054
f 1064 1065 1066
f 1067 1068 1057
f 1057 1068 1069
f 1064 1066 1069
f 1065 1070 1017
f 1017 1070 1071
f 1017 1071 1072
f 1072 1073 1017
f 1017 1073 1000
f 1017 1000 1015
f 1015 1000 1014
f 1073 1074 1000
f 1000 1074 1075
f 1000 1075 1057
f 1057 1075 1076
f 1057 1076 1067
f 1065 1017 1066
f 1066 1017 1077
f 1066 1077 1078
f 1079 1080 1081
f 1081 1080 1082
f 1081 1082 1029
f 1029 1082 1083
f 1078 1084 1066
f 1066 1084 1085
f 1066 1085 1081
f 1081 1085 1086
f 1081 1086 1079
f 1083 1087 1029
f 1029 1087 1088
f 1029 1088 1017
f 1017 1088 1089
f 1017 1089 1077
f 1041 1090 1091
f 1092 468 1093
f 1093 468 1038
f 1041 1091 1038
f 1038 1091 1094
f 1038 1094 1093
f 1092 1095 468
f 468 1095 1096
f 468 1096 469
f 469 1096 1097
f 469 1097 1098
f 1098 1099 469
f 469 1099 1100
f 469 1100 1041
f 1041 1100 1101
f 1041 1101 1090
f 471 1102 472
f 472 1102 1103
f 472 1103 1104
f 1057 1105 1050
f 1050 1105 1106
f 1050 1106 1107
f 1104 1108 1109
f 1108 1110 1109
f 1109 1110 1111
f 1109 1111 1057
f 1057 1111 1112
f 1057 1112 1105
f 1113 1114 1109
f 1115 1116 1066
f 1117 1118 1119
f 1119 1118 1120
f 1119 1120 1121
f 1069 1066 1057
f 1057 1066 1116
f 1057 1116 1122
f 1122 1123 1057
f 1057 1123 1124
f 1057 1124 1109
f 1109 1124 1125
f 1109 1125 1113
f 1126 1119 1066
f 1066 1119 1121
f 1066 1121 1115
f 1126 1127 1119
f 1119 1127 1128
f 1119 1128 1129
f 535 1130 1131
f 1131 1132 535
f 535 1132 1133
f 535 1133 1081
f 1081 1133 1134
f 1134 1135 1081
f 1081 1135 1136
f 1081 1136 1066
f 1066 1136 1137
f 1066 1137 1126
f 595 596 593
f 593 596 586
f 593 586 730
f 730 586 587
f 730 587 781
f 781 587 579
f 781 579 833
f 833 579 581
f 833 581 884
f 884 581 900
f 884 900 908
f 908 900 976
f 908 976 965
f 965 976 551
f 965 551 1029
f 1029 551 542
f 1029 542 1081
f 1081 542 541
f 1081 541 535
f 535 541 531
f 535 531 533
f 533 531 532
f 1138 467 1139
f 1139 467 469
f 1139 469 472
f 472 469 1050
f 472 1050 470
f 470 1050 1107
f 466 465 1140
f 1141 466 1142
f 1142 466 1140
f 1142 1140 1109
f 1129 1130 1119
f 1119 1130 535
f 1119 535 1143
f 1143 535 512
f 1143 512 505
f 505 512 515
f 505 515 503
f 503 515 517
f 465 1144 1145
f 1146 1147 1148
f 1148 1147 1138
f 1148 1138 1149
f 1104 1109 472
f 472 1109 1140
f 472 1140 1139
f 1139 1140 465
f 1139 465 1138
f 1138 465 1145
f 1138 1145 1149
f 1146 1150 1147
f 1147 1150 1151
f 1147 1151 464
f 464 1151 1152
f 464 1152 1153
f 1153 1154 464
f 464 1154 1155
f 464 1155 465
f 465 1155 1156
f 465 1156 1144
f 1157 1158 1159
f 1159 1158 1160
f 1161 466 1162
f 1162 466 1141
f 1162 1141 1163
f 1164 509 1165
f 1165 509 1159
f 1165 1159 1166
f 1166 1159 1160
f 1164 1167 509
f 509 1167 1168
f 509 1168 1141
f 1141 1168 1169
f 1141 1169 1163
f 1170 1171 509
f 509 1171 1172
f 509 1172 504
f 504 1172 1173
f 1114 1117 1109
f 1109 1117 1119
f 1109 1119 1142
f 1142 1119 1143
f 1142 1143 1141
f 1141 1143 505
f 1141 505 1174
f 1174 505 1175
f 1173 1176 504
f 504 1176 1177
f 504 1177 505
f 505 1177 1178
f 505 1178 1175
f 1174 1179 1141
f 1141 1179 1180
f 1141 1180 509
f 509 1180 1181
f 509 1181 1170
f 1182 1183 1147
f 1147 1183 1184
f 1147 1184 1185
f 1185 1184 1186
f 1187 1188 1189
f 1189 1188 1185
f 1189 1185 1190
f 1190 1185 1186
f 1187 1191 1188
f 1188 1191 1192
f 1188 1192 464
f 1192 1193 464
f 464 1193 1194
f 464 1194 1147
f 1147 1194 1195
f 1147 1195 1182
f 1188 1196 1197
f 1198 1199 464
f 1200 1201 1202
f 1188 1197 1202
f 1202 1197 1203
f 1202 1203 1200
f 1204 1205 1159
f 1199 1206 464
f 464 1206 1207
f 464 1207 1188
f 1188 1207 1208
f 1188 1208 1196
f 1161 1157 466
f 466 1157 1159
f 466 1159 464
f 464 1159 1205
f 464 1205 1198
f 507 506 509
f 509 506 1202
f 509 1202 1159
f 1159 1202 1201
f 1159 1201 1204
f 463 461 506
f 506 461 459
f 506 459 1202
f 1202 459 457
f 1202 457 1188
f 1188 457 455
f 1188 455 1185
f 1209 1210 414
f 1211 1212 1213
f 1214 1215 1212
f 1216 1217 1218
f 1219 1220 1221
f 1222 1223 1224
f 1225 1226 1227
f 1228 1229 1230
f 1231 1232 1233
f 1234 1235 1236
f 1237 1238 1239
f 1240 1241 418
f 1242 1243 1244
f 1244 1243 1245
f 1244 1245 1246
f 418 1241 1247
f 1248 1249 1250
f 1250 1249 1251
f 1250 1251 1252
f 1240 418 1253
f 1253 418 416
f 1253 416 1254
f 1241 1242 1247
f 1247 1242 1244
f 1247 1244 1255
f 1255 1244 1256
f 1256 1257 1258
f 1258 1257 1259
f 1260 1261 1262
f 1262 1261 1263
f 1263 1264 1262
f 1262 1264 1265
f 1262 1265 1266
f 1266 1265 1267
f 1259 1268 1258
f 1258 1268 1269
f 1258 1269 1260
f 1260 1269 1270
f 1260 1270 1261
f 1267 1271 1266
f 1266 1271 1272
f 1266 1272 1257
f 1257 1272 1273
f 1257 1273 1259
f 420 1262 1274
f 1275 1276 1277
f 1277 1276 1278
f 1277 1278 1279
f 1280 1281 1266
f 1266 1281 1282
f 1266 1282 1262
f 1262 1282 1283
f 1262 1283 1274
f 1279 1284 1285
f 1285 1284 1286
f 1285 1286 1266
f 1266 1286 1287
f 1266 1287 1280
f 1274 1275 420
f 420 1275 1277
f 420 1277 422
f 422 1277 1288
f 422 1288 424
f 424 1288 1289
f 424 1289 426
f 1290 1291 1292
f 1292 1291 428
f 1292 428 1293
f 1294 1295 1296
f 1296 1295 1291
f 1296 1291 1297
f 1297 1291 1290
f 1294 1298 1295
f 1295 1298 1299
f 1295 1299 1289
f 1299 1300 1289
f 1289 1300 1301
f 1289 1301 426
f 426 1301 1302
f 426 1302 428
f 428 1302 1303
f 428 1303 1293
f 432 1304 434
f 434 1304 1239
f 434 1239 436
f 1305 1306 1307
f 1238 450 1239
f 1239 450 438
f 1239 438 436
f 1305 1307 1308
f 1238 1309 450
f 450 1309 1310
f 450 1310 452
f 452 1310 1311
f 452 1311 1312
f 1312 1311 1313
f 1312 1313 1308
f 1306 1314 1307
f 1307 1314 1315
f 1307 1315 1239
f 1239 1315 1316
f 1239 1316 1237
f 1317 1318 1312
f 1318 1319 1312
f 1312 1319 453
f 1312 453 452
f 1320 1321 1322
f 1322 1321 1323
f 1322 1323 1324
f 1323 1325 1324
f 1324 1325 1326
f 1324 1326 1312
f 1312 1326 1327
f 1312 1327 1317
f 1328 446 1329
f 1329 446 453
f 1329 453 1330
f 1330 453 1319
f 440 442 1331
f 1331 442 444
f 1331 444 1332
f 1332 444 446
f 1332 446 1322
f 1322 446 1328
f 1322 1328 1320
f 1333 1334 1335
f 1336 1337 1338
f 1338 1337 440
f 1338 440 1339
f 1339 440 1331
f 1339 1331 1340
f 1336 1341 1337
f 1337 1341 1342
f 1337 1342 1343
f 1343 1342 1344
f 1344 1345 1343
f 1343 1345 1346
f 1343 1346 1333
f 1333 1346 1347
f 1333 1347 1334
f 1348 1337 1349
f 1350 1351 1352
f 1352 1351 1348
f 1352 1348 1353
f 1353 1348 1349
f 1350 1354 1351
f 1351 1354 1355
f 1351 1355 1356
f 1356 1355 1357
f 1358 1359 1343
f 1343 1359 1360
f 1343 1360 1337
f 1337 1360 1361
f 1337 1361 1349
f 1354 1362 1355
f 1355 1362 1363
f 1355 1363 1343
f 1343 1363 1364
f 1343 1364 1358
f 458 460 1234
f 1234 460 462
f 1234 462 1235
f 1365 454 1366
f 1366 454 456
f 1366 456 1367
f 1368 1369 1370
f 1370 1369 1371
f 1372 1373 1366
f 1366 1373 1374
f 1366 1374 1365
f 1365 1374 1375
f 1369 1376 1371
f 1371 1376 1377
f 1371 1377 1366
f 1366 1377 1378
f 1366 1378 1372
f 1375 1379 1365
f 1365 1379 1380
f 1365 1380 1370
f 1370 1380 1381
f 1370 1381 1368
f 1382 1383 1384
f 1385 1386 1367
f 1367 1386 1387
f 1367 1387 1366
f 1366 1387 1388
f 1366 1388 1389
f 1382 1384 1390
f 1389 1391 1366
f 1366 1391 1392
f 1366 1392 1371
f 1371 1392 1393
f 1371 1393 1394
f 1395 1396 1397
f 1396 1398 1397
f 1397 1398 1399
f 1397 1399 1400
f 1401 1370 1402
f 1402 1370 1371
f 1402 1371 1403
f 1403 1371 1404
f 1405 1406 1407
f 1407 1406 1370
f 1407 1370 1408
f 1408 1370 1401
f 1409 1232 1410
f 1411 1412 1384
f 1384 1412 1413
f 1384 1413 1414
f 1410 1415 1409
f 1409 1415 1416
f 1409 1416 1417
f 1417 1411 1409
f 1409 1411 1384
f 1409 1384 1367
f 1367 1384 1383
f 1367 1383 1385
f 1394 1390 1371
f 1371 1390 1384
f 1371 1384 1231
f 1231 1384 1414
f 1231 1414 1418
f 1418 1419 1231
f 1231 1419 1420
f 1231 1420 1232
f 1232 1420 1421
f 1232 1421 1410
f 1422 1423 1409
f 1424 1425 1236
f 1236 1425 1426
f 1236 1426 1427
f 1427 1422 1236
f 1236 1422 1409
f 1236 1409 1234
f 1234 1409 1367
f 1234 1367 458
f 458 1367 456
f 1428 1429 1232
f 1430 1424 1431
f 1431 1424 1236
f 1431 1236 1357
f 1357 1236 1235
f 1357 1235 1432
f 1432 1235 462
f 1423 1433 1409
f 1409 1433 1434
f 1409 1434 1232
f 1232 1434 1435
f 1232 1435 1428
f 1436 1437 1406
f 1438 1233 1439
f 1439 1233 1232
f 1439 1232 1431
f 1431 1232 1429
f 1431 1429 1430
f 1440 1441 1437
f 1440 1442 1443
f 1444 1445 1446
f 1446 1445 1442
f 1447 1441 1448
f 1448 1441 1440
f 1448 1440 1449
f 1449 1440 1443
f 1447 1450 1441
f 1441 1450 1451
f 1441 1451 1452
f 1451 1453 1452
f 1452 1453 1454
f 1452 1454 1446
f 1446 1454 1455
f 1446 1455 1444
f 1456 1457 1458
f 1459 1460 1461
f 1461 1460 1462
f 1461 1462 1463
f 1458 1464 1456
f 1456 1464 1465
f 1456 1465 1466
f 1405 1395 1406
f 1406 1395 1397
f 1406 1397 1436
f 1436 1397 1467
f 1436 1467 1461
f 1461 1467 1456
f 1461 1456 1459
f 1459 1456 1466
f 1437 1436 1440
f 1440 1436 1461
f 1440 1461 1468
f 1468 1461 1463
f 1468 1463 1469
f 1469 1470 1468
f 1468 1470 1471
f 1468 1471 1457
f 1457 1471 1472
f 1457 1472 1458
f 1473 1474 1456
f 1475 1476 1438
f 1438 1476 1477
f 1438 1477 1478
f 1478 1473 1438
f 1438 1473 1456
f 1438 1456 1233
f 1233 1456 1467
f 1233 1467 1231
f 1231 1467 1397
f 1231 1397 1371
f 1371 1397 1400
f 1371 1400 1404
f 1479 1480 1481
f 1481 1480 1457
f 1481 1457 1482
f 1474 1483 1456
f 1456 1483 1484
f 1456 1484 1457
f 1457 1484 1485
f 1457 1485 1482
f 1486 1487 1438
f 1487 1488 1438
f 1438 1488 1480
f 1438 1480 1475
f 1475 1480 1479
f 1489 1333 1490
f 1490 1333 1491
f 1490 1491 1492
f 1489 1493 1333
f 1333 1493 1494
f 1333 1494 1495
f 1357 1355 1431
f 1431 1355 1343
f 1431 1343 1439
f 1439 1343 1333
f 1439 1333 1438
f 1438 1333 1495
f 1438 1495 1486
f 1488 1496 1480
f 1480 1496 1497
f 1480 1497 1491
f 1491 1497 1498
f 1491 1498 1492
f 1499 1500 1446
f 1501 1452 1502
f 1502 1452 1503
f 1499 1504 1505
f 1505 1504 1506
f 1500 1507 1446
f 1446 1507 1508
f 1446 1508 1452
f 1452 1508 1509
f 1452 1509 1503
f 1502 1510 1501
f 1501 1510 1511
f 1501 1511 1504
f 1504 1511 1512
f 1504 1512 1506
f 1230 1229 1457
f 1513 1514 1515
f 1468 1516 1517
f 1229 1518 1457
f 1457 1518 1519
f 1457 1519 1468
f 1468 1519 1520
f 1468 1520 1516
f 1442 1440 1446
f 1446 1440 1468
f 1446 1468 1513
f 1513 1468 1517
f 1513 1517 1514
f 1515 1521 1513
f 1513 1521 1522
f 1513 1522 1230
f 1230 1522 1523
f 1230 1523 1228
f 1524 1525 1480
f 1526 1457 1527
f 1527 1457 1480
f 1527 1480 1528
f 1528 1480 1525
f 1526 1529 1457
f 1457 1529 1530
f 1457 1530 1230
f 1230 1530 1531
f 1531 1532 1230
f 1230 1532 1533
f 1230 1533 1534
f 1534 1533 1535
f 1534 1535 1536
f 1537 1538 1480
f 1480 1538 1534
f 1480 1534 1524
f 1524 1534 1536
f 1539 1491 1540
f 1540 1491 1541
f 1540 1541 1542
f 1542 1541 1543
f 1539 1544 1491
f 1491 1544 1545
f 1491 1545 1480
f 1480 1545 1546
f 1480 1546 1537
f 1538 1547 1534
f 1534 1547 1548
f 1534 1548 1541
f 1541 1548 1549
f 1541 1549 1543
f 1504 1550 1551
f 1552 1501 1553
f 1553 1501 1554
f 1551 1555 1504
f 1504 1555 1556
f 1504 1556 1501
f 1501 1556 1557
f 1501 1557 1554
f 1558 1559 1560
f 1560 1559 1550
f 1553 1561 1552
f 1552 1561 1562
f 1552 1562 1560
f 1560 1562 1563
f 1560 1563 1558
f 1564 1565 1566
f 1513 1567 1568
f 1569 1570 1230
f 1230 1570 1571
f 1230 1571 1513
f 1513 1571 1572
f 1513 1572 1567
f 1499 1446 1504
f 1504 1446 1513
f 1504 1513 1564
f 1564 1513 1568
f 1564 1568 1565
f 1566 1573 1564
f 1564 1573 1574
f 1564 1574 1227
f 1227 1574 1575
f 1227 1575 1576
f 1577 1578 1534
f 1534 1578 1579
f 1580 1581 1230
f 1230 1581 1227
f 1230 1227 1569
f 1569 1227 1576
f 1581 1582 1227
f 1227 1582 1583
f 1227 1583 1584
f 1584 1583 1585
f 1584 1585 1586
f 1579 1587 1534
f 1534 1587 1588
f 1534 1588 1230
f 1230 1588 1589
f 1230 1589 1580
f 1590 1591 1534
f 1534 1591 1584
f 1534 1584 1577
f 1577 1584 1586
f 1592 1593 1594
f 1594 1593 1595
f 1594 1595 1541
f 1541 1595 1596
f 1591 1597 1584
f 1584 1597 1598
f 1584 1598 1594
f 1594 1598 1599
f 1594 1599 1592
f 1596 1600 1541
f 1541 1600 1601
f 1541 1601 1534
f 1534 1601 1602
f 1534 1602 1590
f 1603 1604 1605
f 1605 1604 1552
f 1605 1552 1606
f 1607 1608 1609
f 1610 1611 1560
f 1560 1611 1612
f 1560 1612 1552
f 1552 1612 1613
f 1552 1613 1606
f 1608 1614 1609
f 1609 1614 1615
f 1609 1615 1616
f 1617 1618 1619
f 1619 1618 1620
f 1621 1622 1222
f 1564 1623 1624
f 1226 1625 1227
f 1227 1625 1626
f 1227 1626 1564
f 1564 1626 1627
f 1564 1627 1623
f 1550 1504 1560
f 1560 1504 1564
f 1560 1564 1618
f 1618 1564 1624
f 1618 1624 1620
f 1628 1584 1629
f 1629 1584 1223
f 1629 1223 1630
f 1631 1632 1227
f 1628 1633 1584
f 1584 1633 1634
f 1584 1634 1227
f 1227 1634 1635
f 1227 1635 1631
f 1632 1636 1227
f 1227 1636 1222
f 1227 1222 1225
f 1225 1222 1622
f 1636 1637 1222
f 1222 1637 1638
f 1222 1638 1223
f 1223 1638 1639
f 1223 1639 1630
f 1640 1641 1642
f 1584 1643 1644
f 1640 1642 1645
f 1584 1644 1223
f 1223 1644 1646
f 1223 1646 1645
f 1641 1647 1642
f 1642 1647 1648
f 1642 1648 1594
f 1594 1648 1649
f 1649 1650 1594
f 1594 1650 1651
f 1594 1651 1584
f 1584 1651 1652
f 1584 1652 1643
f 1308 1307 1312
f 1312 1307 1653
f 1312 1653 1654
f 1655 1324 1656
f 1656 1324 1312
f 1656 1312 1657
f 1657 1312 1654
f 1655 1658 1324
f 1324 1658 1659
f 1324 1659 1660
f 1660 1659 1661
f 1660 1661 1662
f 1662 1663 1307
f 1663 1664 1307
f 1307 1664 1665
f 1307 1665 1653
f 1666 1667 1604
f 1668 1669 1239
f 1239 1669 1307
f 1307 1669 1670
f 1307 1670 1671
f 1672 1673 1674
f 1671 1675 1307
f 1307 1675 1676
f 1307 1676 1674
f 1674 1676 1677
f 1674 1677 1672
f 1673 1304 1674
f 1674 1304 432
f 1674 432 1291
f 1291 432 430
f 1291 430 428
f 1673 1678 1304
f 1304 1678 1679
f 1304 1679 1239
f 1239 1679 1680
f 1239 1680 1668
f 1666 1681 1682
f 1667 1683 1684
f 1667 1684 1685
f 1682 1686 1666
f 1666 1686 1687
f 1666 1687 1667
f 1667 1687 1688
f 1667 1688 1683
f 1689 1690 1691
f 1691 1690 1681
f 1684 1692 1685
f 1685 1692 1693
f 1685 1693 1691
f 1691 1693 1694
f 1691 1694 1689
f 1695 1696 1697
f 1698 1699 1700
f 1700 1699 1701
f 1700 1701 1702
f 1603 1607 1604
f 1604 1607 1609
f 1604 1609 1666
f 1666 1609 1700
f 1666 1700 1703
f 1703 1700 1702
f 1703 1702 1704
f 1696 1698 1697
f 1697 1698 1700
f 1697 1700 1618
f 1618 1700 1609
f 1618 1609 1560
f 1560 1609 1616
f 1560 1616 1610
f 1704 1705 1703
f 1703 1705 1706
f 1703 1706 1707
f 1706 1708 1707
f 1707 1708 1709
f 1707 1709 1697
f 1697 1709 1710
f 1697 1710 1695
f 1711 1712 1224
f 1224 1712 1713
f 1224 1713 1714
f 1697 1715 1716
f 1617 1621 1618
f 1618 1621 1222
f 1618 1222 1697
f 1697 1222 1224
f 1697 1224 1715
f 1715 1224 1714
f 1717 1707 1718
f 1718 1707 1697
f 1718 1697 1719
f 1719 1697 1716
f 1717 1720 1707
f 1707 1720 1721
f 1707 1721 1221
f 1221 1721 1722
f 1723 1724 1224
f 1725 1726 1727
f 1727 1726 1728
f 1727 1728 1729
f 1724 1730 1224
f 1224 1730 1221
f 1224 1221 1711
f 1711 1221 1722
f 1725 1727 1731
f 1731 1727 1732
f 1731 1732 1733
f 1730 1734 1221
f 1221 1734 1735
f 1221 1735 1732
f 1732 1735 1736
f 1732 1736 1733
f 1645 1642 1223
f 1223 1642 1727
f 1223 1727 1224
f 1224 1727 1729
f 1224 1729 1723
f 1737 1738 1674
f 1739 1740 1741
f 1741 1740 1742
f 1741 1742 1295
f 1743 1744 1291
f 1291 1744 1745
f 1291 1745 1674
f 1674 1745 1746
f 1674 1746 1737
f 1662 1307 1660
f 1660 1307 1674
f 1660 1674 1741
f 1741 1674 1738
f 1741 1738 1739
f 1742 1747 1295
f 1295 1747 1748
f 1295 1748 1291
f 1291 1748 1749
f 1291 1749 1743
f 1691 1750 1751
f 1752 1685 1753
f 1753 1685 1754
f 1751 1755 1691
f 1691 1755 1756
f 1691 1756 1685
f 1685 1756 1757
f 1685 1757 1754
f 1758 1759 1760
f 1760 1759 1750
f 1753 1761 1752
f 1752 1761 1762
f 1752 1762 1760
f 1760 1762 1763
f 1760 1763 1758
f 1764 1765 1766
f 1703 1767 1768
f 1769 1770 1707
f 1707 1770 1771
f 1707 1771 1703
f 1703 1771 1772
f 1703 1772 1767
f 1681 1666 1691
f 1691 1666 1703
f 1691 1703 1764
f 1764 1703 1768
f 1764 1768 1765
f 1766 1773 1764
f 1764 1773 1774
f 1764 1774 1775
f 1775 1774 1776
f 1775 1776 1777
f 1778 1779 1707
f 1779 1780 1707
f 1707 1780 1775
f 1707 1775 1769
f 1769 1775 1777
f 1780 1781 1775
f 1775 1781 1782
f 1775 1782 1783
f 1783 1782 1784
f 1783 1784 1785
f 1220 1786 1221
f 1221 1786 1787
f 1221 1787 1707
f 1707 1787 1788
f 1707 1788 1778
f 1789 1790 1221
f 1221 1790 1783
f 1221 1783 1219
f 1219 1783 1785
f 1791 1792 1793
f 1793 1792 1794
f 1793 1794 1732
f 1732 1794 1795
f 1790 1796 1783
f 1783 1796 1797
f 1783 1797 1793
f 1793 1797 1798
f 1793 1798 1791
f 1795 1799 1732
f 1732 1799 1800
f 1732 1800 1221
f 1221 1800 1801
f 1221 1801 1789
f 1802 1803 1760
f 1804 1752 1805
f 1805 1752 1806
f 1802 1807 1808
f 1808 1807 1809
f 1803 1810 1760
f 1760 1810 1811
f 1760 1811 1752
f 1752 1811 1812
f 1752 1812 1806
f 1805 1813 1804
f 1804 1813 1814
f 1804 1814 1807
f 1807 1814 1815
f 1807 1815 1809
f 1802 1760 1807
f 1807 1760 1816
f 1807 1816 1211
f 1218 1217 1775
f 1816 1817 1818
f 1764 1819 1820
f 1217 1821 1775
f 1775 1821 1822
f 1775 1822 1764
f 1764 1822 1823
f 1764 1823 1819
f 1750 1691 1760
f 1760 1691 1764
f 1760 1764 1816
f 1816 1764 1820
f 1816 1820 1817
f 1818 1824 1816
f 1816 1824 1825
f 1816 1825 1218
f 1218 1825 1826
f 1218 1826 1216
f 1827 1828 1775
f 1775 1828 1829
f 1775 1829 1218
f 1218 1829 1830
f 1218 1830 1831
f 1832 1833 1834
f 1834 1833 1835
f 1836 1837 1783
f 1783 1837 1838
f 1783 1838 1775
f 1775 1838 1839
f 1775 1839 1827
f 1840 1841 1783
f 1783 1841 1834
f 1783 1834 1836
f 1836 1834 1835
f 1842 1793 1843
f 1843 1793 1844
f 1843 1844 1845
f 1845 1844 1846
f 1842 1847 1793
f 1793 1847 1848
f 1793 1848 1783
f 1783 1848 1849
f 1783 1849 1840
f 1841 1850 1834
f 1834 1850 1851
f 1834 1851 1844
f 1844 1851 1852
f 1844 1852 1846
f 1853 1854 1855
f 1854 1856 1855
f 1855 1856 1857
f 1855 1857 1858
f 1859 1860 1807
f 1807 1860 1861
f 1807 1861 1804
f 1861 1862 1804
f 1804 1862 1863
f 1804 1863 1864
f 1864 1863 1865
f 1864 1865 1866
f 1212 1215 1218
f 1816 1867 1868
f 1816 1868 1211
f 1211 1868 1869
f 1211 1869 1870
f 1215 1871 1218
f 1218 1871 1872
f 1218 1872 1816
f 1816 1872 1873
f 1816 1873 1867
f 1870 1874 1211
f 1211 1874 1875
f 1211 1875 1212
f 1212 1875 1876
f 1212 1876 1214
f 1877 1878 1834
f 1834 1878 1879
f 1879 1880 1834
f 1834 1880 1218
f 1834 1218 1832
f 1832 1218 1831
f 1877 1881 1882
f 1882 1881 1883
f 1884 1212 1885
f 1885 1212 1218
f 1885 1218 1886
f 1886 1218 1880
f 1884 1887 1212
f 1212 1887 1888
f 1212 1888 1889
f 1877 1834 1881
f 1881 1834 1890
f 1881 1890 1891
f 1892 1893 1285
f 1285 1893 1894
f 1285 1894 1844
f 1844 1894 1895
f 1895 1896 1844
f 1844 1896 1897
f 1844 1897 1834
f 1834 1897 1898
f 1834 1898 1890
f 1891 1899 1881
f 1881 1899 1900
f 1881 1900 1901
f 1279 1285 1277
f 1277 1285 1844
f 1277 1844 1288
f 1288 1844 1793
f 1288 1793 1289
f 1289 1793 1732
f 1289 1732 1295
f 1295 1732 1727
f 1295 1727 1741
f 1741 1727 1642
f 1741 1642 1660
f 1660 1642 1594
f 1660 1594 1324
f 1324 1594 1541
f 1324 1541 1322
f 1322 1541 1491
f 1322 1491 1332
f 1332 1491 1333
f 1332 1333 1331
f 1331 1333 1335
f 1331 1335 1340
f 1244 1213 1902
f 1902 1213 1212
f 1902 1212 1881
f 1881 1212 1889
f 1881 1889 1883
f 1903 1904 1905
f 1246 1248 1244
f 1244 1248 1250
f 1244 1250 1213
f 1213 1250 1906
f 1213 1906 1211
f 1211 1906 1855
f 1211 1855 1807
f 1807 1855 1858
f 1807 1858 1859
f 1256 1244 1257
f 1257 1244 1902
f 1257 1902 1266
f 1266 1902 1881
f 1266 1881 1285
f 1285 1881 1901
f 1285 1901 1892
f 1907 1908 1904
f 1864 1905 1909
f 1909 1905 1904
f 1909 1904 1910
f 1910 1904 1908
f 1910 1908 1911
f 1912 1913 412
f 412 1913 1914
f 412 1914 1904
f 1904 1914 1915
f 1904 1915 1907
f 1916 1917 410
f 1916 410 1918
f 1917 1919 410
f 410 1919 1920
f 410 1920 412
f 412 1920 1921
f 1921 1922 412
f 412 1922 1923
f 412 1923 1912
f 1912 1923 1924
f 1912 1924 1925
f 1926 1927 1928
f 1928 1927 1929
f 1928 1929 1925
f 1925 1929 1930
f 1925 1930 1912
f 1926 1918 1927
f 1927 1918 410
f 1927 410 1931
f 1931 410 1910
f 1931 1910 1932
f 1932 1910 1911
f 414 1210 1903
f 1933 1934 412
f 1210 1935 1903
f 1903 1935 1936
f 1903 1936 1904
f 1904 1936 1937
f 1904 1937 1938
f 412 1934 414
f 414 1934 1939
f 414 1939 1209
f 1938 1940 1904
f 1904 1940 1941
f 1904 1941 412
f 412 1941 1942
f 412 1942 1933
f 1943 1944 1903
f 1945 1250 416
f 416 1250 1252
f 416 1252 1254
f 1945 1946 1250
f 1250 1946 1947
f 1250 1947 1948
f 1866 1853 1864
f 1864 1853 1855
f 1864 1855 1905
f 1905 1855 1906
f 1905 1906 1903
f 1903 1906 1250
f 1903 1250 1943
f 1943 1250 1948
f 1944 1949 1903
f 1903 1949 1950
f 1903 1950 414
f 414 1950 1951
f 1951 1952 414
f 414 1952 1953
f 414 1953 416
f 416 1953 1954
f 416 1954 1945
f 441 440 524
f 524 440 1337
f 524 1337 516
f 1337 1348 516
f 516 1348 1351
f 516 1351 517
f 517 1351 1356
f 517 1356 503
f 503 1356 1357
f 503 1357 508
f 508 1357 1432
f 508 1432 507
f 507 1432 462
f 507 462 463
f 1260 500 1258
f 1258 500 498
f 1258 498 1256
f 1256 498 497
f 1256 497 1255
f 1255 497 625
f 1255 625 1247
f 1247 625 417
f 1247 417 418
f 420 419 1262
f 1262 419 600
f 1262 600 1260
f 1260 600 605
f 1260 605 500
f 455 454 1185
f 1185 454 1365
f 1185 1365 1147
f 1147 1365 1370
f 1147 1370 1138
f 1138 1370 1406
f 1138 1406 467
f 467 1406 1437
f 467 1437 468
f 468 1437 1441
f 468 1441 1038
f 1038 1441 1452
f 1038 1452 475
f 475 1452 1501
f 475 1501 478
f 478 1501 1552
f 478 1552 481
f 481 1552 1604
f 481 1604 846
f 846 1604 1667
f 846 1667 790
f 790 1667 1685
f 790 1685 487
f 487 1685 1752
f 487 1752 490
f 490 1752 1804
f 490 1804 496
f 496 1804 1864
f 496 1864 682
f 682 1864 1909
f 682 1909 632
f 632 1909 1910
f 632 1910 409
f 409 1910 410
f 1272 1955 1273
f 1273 1955 1956
f 1273 1956 1259
f 1259 1956 1957
f 1259 1957 1268
f 1268 1957 1958
f 1268 1958 1269
f 1269 1958 1959
f 1269 1959 1270
f 1270 1959 1960
f 1270 1960 1261
f 1261 1960 1961
f 1261 1961 1263
f 1263 1961 1962
f 1263 1962 1264
f 1264 1962 1963
f 1264 1963 1265
f 1265 1963 1964
f 1265 1964 1267
f 1267 1964 1965
f 1267 1965 1271
f 1271 1965 1966
f 1271 1966 1272
f 1272 1966 1955
f 1956 607 1957
f 1957 607 612
f 1957 612 1958
f 1958 612 611
f 1958 611 1959
f 1959 611 610
f 1959 610 1960
f 1960 610 606
f 1960 606 1961
f 1961 606 615
f 1961 615 1962
f 1962 615 614
f 1962 614 1963
f 1963 614 613
f 1963 613 1964
f 1964 613 609
f 1964 609 1965
f 1965 609 604
f 1965 604 1966
f 1966 604 603
f 1966 603 1955
f 1955 603 608
f 1955 608 1956
f 1956 608 607
f 1287 1967 1280
f 1280 1967 1968
f 1280 1968 1281
f 1281 1968 1969
f 1281 1969 1282
f 1282 1969 1970
f 1282 1970 1283
f 1283 1970 1971
f 1283 1971 1274
f 1274 1971 1972
f 1274 1972 1275
f 1275 1972 1973
f 1275 1973 1276
f 1276 1973 1974
f 1276 1974 1278
f 1278 1974 1975
f 1278 1975 1279
f 1279 1975 1976
f 1279 1976 1284
f 1284 1976 1977
f 1284 1977 1286
f 1286 1977 1978
f 1286 1978 1287
f 1287 1978 1967
f 1968 591 1969
f 1969 591 589
f 1969 589 1970
f 1970 589 588
f 1970 588 1971
f 1971 588 602
f 1971 602 1972
f 1972 602 601
f 1972 601 1973
f 1973 601 599
f 1973 599 1974
f 1974 599 598
f 1974 598 1975
f 1975 598 597
f 1975 597 1976
f 1976 597 596
f 1976 596 1977
f 1977 596 595
f 1977 595 1978
f 1978 595 594
f 1978 594 1967
f 1967 594 592
f 1967 592 1968
f 1968 592 591
f 1346 1979 1347
f 1347 1979 1980
f 1347 1980 1334
f 1334 1980 1981
f 1334 1981 1335
f 1335 1981 1982
f 1335 1982 1340
f 1340 1982 1983
f 1340 1983 1339
f 1339 1983 1984
f 1339 1984 1338
f 1338 1984 1985
f 1338 1985 1336
f 1336 1985 1986
f 1336 1986 1341
f 1341 1986 1987
f 1341 1987 1342
f 1342 1987 1988
f 1342 1988 1344
f 1344 1988 1989
f 1344 1989 1345
f 1345 1989 1990
f 1345 1990 1346
f 1346 1990 1979
f 1980 536 1981
f 1981 536 534
f 1981 534 1982
f 1982 534 533
f 1982 533 1983
f 1983 533 532
f 1983 532 1984
f 1984 532 530
f 1984 530 1985
f 1985 530 529
f 1985 529 1986
f 1986 529 540
f 1986 540 1987
f 1987 540 539
f 1987 539 1988
f 1988 539 538
f 1988 538 1989
f 1989 538 528
f 1989 528 1990
f 1990 528 527
f 1990 527 1979
f 1979 527 537
f 1979 537 1980
f 1980 537 536
f 1364 1991 1358
f 1358 1991 1992
f 1358 1992 1359
f 1359 1992 1993
f 1359 1993 1360
f 1360 1993 1994
f 1360 1994 1361
f 1361 1994 1995
f 1361 1995 1349
f 1349 1995 1996
f 1349 1996 1353
f 1353 1996 1997
f 1353 1997 1352
f 1352 1997 1998
f 1352 1998 1350
f 1350 1998 1999
f 1350 1999 1354
f 1354 1999 2000
f 1354 2000 1362
f 1362 2000 2001
f 1362 2001 1363
f 1363 2001 2002
f 1363 2002 1364
f 1364 2002 1991
f 1992 513 1993
f 1993 513 511
f 1993 511 1994
f 1994 511 510
f 1994 510 1995
f 1995 510 526
f 1995 526 1996
f 1996 526 525
f 1996 525 1997
f 1997 525 523
f 1997 523 1998
f 1998 523 522
f 1998 522 1999
f 1999 522 518
f 1999 518 2000
f 2000 518 521
f 2000 521 2001
f 2001 521 520
f 2001 520 2002
f 2002 520 519
f 2002 519 1991
f 1991 519 514
f 1991 514 1992
f 1992 514 513
f 1305 2003 1306
f 1306 2003 2004
f 1306 2004 1314
f 1314 2004 2005
f 1314 2005 1315
f 1315 2005 2006
f 1315 2006 1316
f 1316 2006 2007
f 1316 2007 1237
f 1237 2007 2008
f 1237 2008 1238
f 1238 2008 2009
f 1238 2009 1309
f 1309 2009 2010
f 1309 2010 1310
f 1310 2010 2011
f 1310 2011 1311
f 1311 2011 2012
f 1311 2012 1313
f 1313 2012 2013
f 1313 2013 1308
f 1308 2013 2014
f 1308 2014 1305
f 1305 2014 2003
f 2004 567 2005
f 2005 567 563
f 2005 563 2006
f 2006 563 561
f 2006 561 2007
f 2007 561 560
f 2007 560 2008
f 2008 560 558
f 2008 558 2009
f 2009 558 557
f 2009 557 2010
f 2010 557 559
f 2010 559 2011
f 2011 559 564
f 2011 564 2012
f 2012 564 565
f 2012 565 2013
f 2013 565 566
f 2013 566 2014
f 2014 566 569
f 2014 569 2003
f 2003 569 568
f 2003 568 2004
f 2004 568 567
f 1676 2015 1677
f 1677 2015 2016
f 1677 2016 1672
f 1672 2016 2017
f 1672 2017 1673
f 1673 2017 2018
f 1673 2018 1678
f 1678 2018 2019
f 1678 2019 1679
f 1679 2019 2020
f 1679 2020 1680
f 1680 2020 2021
f 1680 2021 1668
f 1668 2021 2022
f 1668 2022 1669
f 1669 2022 2023
f 1669 2023 1670
f 1670 2023 2024
f 1670 2024 1671
f 1671 2024 2025
f 1671 2025 1675
f 1675 2025 2026
f 1675 2026 1676
f 1676 2026 2015
f 2016 919 2017
f 2017 919 916
f 2017 916 2018
f 2018 916 915
f 2018 915 2019
f 2019 915 914
f 2019 914 2020
f 2020 914 913
f 2020 913 2021
f 2021 913 912
f 2021 912 2022
f 2022 912 911
f 2022 911 2023
f 2023 911 910
f 2023 910 2024
f 2024 910 917
f 2024 917 2025
f 2025 917 918
f 2025 918 2026
f 2026 918 921
f 2026 921 2015
f 2015 921 920
f 2015 920 2016
f 2016 920 919
f 1941 2027 1942
f 1942 2027 2028
f 1942 2028 1933
f 1933 2028 2029
f 1933 2029 1934
f 1934 2029 2030
f 1934 2030 1939
f 1939 2030 2031
f 1939 2031 1209
f 1209 2031 2032
f 1209 2032 1210
f 1210 2032 2033
f 1210 2033 1935
f 1935 2033 2034
f 1935 2034 1936
f 1936 2034 2035
f 1936 2035 1937
f 1937 2035 2036
f 1937 2036 1938
f 1938 2036 2037
f 1938 2037 1940
f 1940 2037 2038
f 1940 2038 1941
f 1941 2038 2027
f 2028 658 2029
f 2029 658 657
f 2029 657 2030
f 2030 657 669
f 2030 669 2031
f 2031 669 668
f 2031 668 2032
f 2032 668 667
f 2032 667 2033
f 2033 667 662
f 2033 662 2034
f 2034 662 663
f 2034 663 2035
f 2035 663 665
f 2035 665 2036
f 2036 665 666
f 2036 666 2037
f 2037 666 661
f 2037 661 2038
f 2038 661 660
f 2038 660 2027
f 2027 660 659
f 2027 659 2028
f 2028 659 658
f 1916 2039 1917
f 1917 2039 2040
f 1917 2040 1919
f 1919 2040 2041
f 1919 2041 1920
f 1920 2041 2042
f 1920 2042 1921
f 1921 2042 2043
f 1921 2043 1922
f 1922 2043 2044
f 1922 2044 1923
f 1923 2044 2045
f 1923 2045 1924
f 1924 2045 2046
f 1924 2046 1925
f 1925 2046 2047
f 1925 2047 1928
f 1928 2047 2048
f 1928 2048 1926
f 1926 2048 2049
f 1926 2049 1918
f 1918 2049 2050
f 1918 2050 1916
f 1916 2050 2039
f 2040 634 2041
f 2041 634 656
f 2041 656 2042
f 2042 656 655
f 2042 655 2043
f 2043 655 654
f 2043 654 2044
f 2044 654 648
f 2044 648 2045
f 2045 648 649
f 2045 649 2046
f 2046 649 650
f 2046 650 2047
f 2047 650 651
f 2047 651 2048
f 2048 651 647
f 2048 647 2049
f 2049 647 646
f 2049 646 2050
f 2050 646 631
f 2050 631 2039
f 2039 631 633
f 2039 633 2040
f 2040 633 634
f 1392 2051 1393
f 1393 2051 2052
f 1393 2052 1394
f 1394 2052 2053
f 1394 2053 1390
f 1390 2053 2054
f 1390 2054 1382
f 1382 2054 2055
f 1382 2055 1383
f 1383 2055 2056
f 1383 2056 1385
f 1385 2056 2057
f 1385 2057 1386
f 1386 2057 2058
f 1386 2058 1387
f 1387 2058 2059
f 1387 2059 1388
f 1388 2059 2060
f 1388 2060 1389
f 1389 2060 2061
f 1389 2061 1391
f 1391 2061 2062
f 1391 2062 1392
f 1392 2062 2051
f 2052 1206 2053
f 2053 1206 1199
f 2053 1199 2054
f 2054 1199 1198
f 2054 1198 2055
f 2055 1198 1205
f 2055 1205 2056
f 2056 1205 1204
f 2056 1204 2057
f 2057 1204 1201
f 2057 1201 2058
f 2058 1201 1200
f 2058 1200 2059
f 2059 1200 1203
f 2059 1203 2060
f 2060 1203 1197
f 2060 1197 2061
f 2061 1197 1196
f 2061 1196 2062
f 2062 1196 1208
f 2062 1208 2051
f 2051 1208 1207
f 2051 1207 2052
f 2052 1207 1206
f 1380 2063 1381
f 1381 2063 2064
f 1381 2064 1368
f 1368 2064 2065
f 1368 2065 1369
f 1369 2065 2066
f 1369 2066 1376
f 1376 2066 2067
f 1376 2067 1377
f 1377 2067 2068
f 1377 2068 1378
f 1378 2068 2069
f 1378 2069 1372
f 1372 2069 2070
f 1372 2070 1373
f 1373 2070 2071
f 1373 2071 1374
f 1374 2071 2072
f 1374 2072 1375
f 1375 2072 2073
f 1375 2073 1379
f 1379 2073 2074
f 1379 2074 1380
f 1380 2074 2063
f 2064 1183 2065
f 2065 1183 1182
f 2065 1182 2066
f 2066 1182 1195
f 2066 1195 2067
f 2067 1195 1194
f 2067 1194 2068
f 2068 1194 1193
f 2068 1193 2069
f 2069 1193 1192
f 2069 1192 2070
f 2070 1192 1191
f 2070 1191 2071
f 2071 1191 1187
f 2071 1187 2072
f 2072 1187 1189
f 2072 1189 2073
f 2073 1189 1190
f 2073 1190 2074
f 2074 1190 1186
f 2074 1186 2063
f 2063 1186 1184
f 2063 1184 2064
f 2064 1184 1183
f 1252 630 1254
f 1254 630 629
f 1254 629 1253
f 1253 629 628
f 1253 628 1240
f 1240 628 622
f 1240 622 1241
f 1241 622 627
f 1241 627 1242
f 1242 627 626
f 1242 626 1243
f 1243 626 624
f 1243 624 1245
f 1245 624 623
f 1245 623 1246
f 1246 623 621
f 1246 621 1248
f 1248 621 620
f 1248 620 1249
f 1249 620 617
f 1249 617 1251
f 1251 617 616
f 1251 616 1252
f 1252 616 630
f 1950 681 1951
f 1951 681 680
f 1951 680 1952
f 1952 680 679
f 1952 679 1953
f 1953 679 673
f 1953 673 1954
f 1954 673 672
f 1954 672 1945
f 1945 672 678
f 1945 678 1946
f 1946 678 677
f 1946 677 1947
f 1947 677 676
f 1947 676 1948
f 1948 676 675
f 1948 675 1943
f 1943 675 674
f 1943 674 1944
f 1944 674 671
f 1944 671 1949
f 1949 671 670
f 1949 670 1950
f 1950 670 681
f 1931 644 1927
f 1927 644 645
f 1927 645 1929
f 1929 645 653
f 1929 653 1930
f 1930 653 652
f 1930 652 1912
f 1912 652 642
f 1912 642 1913
f 1913 642 641
f 1913 641 1914
f 1914 641 640
f 1914 640 1915
f 1915 640 639
f 1915 639 1907
f 1907 639 638
f 1907 638 1908
f 1908 638 636
f 1908 636 1911
f 1911 636 635
f 1911 635 1932
f 1932 635 643
f 1932 643 1931
f 1931 643 644
f 1434 1181 1435
f 1435 1181 1180
f 1435 1180 1428
f 1428 1180 1179
f 1428 1179 1429
f 1429 1179 1174
f 1429 1174 1430
f 1430 1174 1175
f 1430 1175 1424
f 1424 1175 1178
f 1424 1178 1425
f 1425 1178 1177
f 1425 1177 1426
f 1426 1177 1176
f 1426 1176 1427
f 1427 1176 1173
f 1427 1173 1422
f 1422 1173 1172
f 1422 1172 1423
f 1423 1172 1171
f 1423 1171 1433
f 1433 1171 1170
f 1433 1170 1434
f 1434 1170 1181
f 1414 1158 1418
f 1418 1158 1157
f 1418 1157 1419
f 1419 1157 1161
f 1419 1161 1420
f 1420 1161 1162
f 1420 1162 1421
f 1421 1162 1163
f 1421 1163 1410
f 1410 1163 1169
f 1410 1169 1415
f 1415 1169 1168
f 1415 1168 1416
f 1416 1168 1167
f 1416 1167 1417
f 1417 1167 1164
f 1417 1164 1411
f 1411 1164 1165
f 1411 1165 1412
f 1412 1165 1166
f 1412 1166 1413
f 1413 1166 1160
f 1413 1160 1414
f 1414 1160 1158
f 1299 580 1300
f 1300 580 578
f 1300 578 1301
f 1301 578 577
f 1301 577 1302
f 1302 577 583
f 1302 583 1303
f 1303 583 584
f 1303 584 1293
f 1293 584 585
f 1293 585 1292
f 1292 585 576
f 1292 576 1290
f 1290 576 575
f 1290 575 1297
f 1297 575 574
f 1297 574 1296
f 1296 574 573
f 1296 573 1294
f 1294 573 572
f 1294 572 1298
f 1298 572 582
f 1298 582 1299
f 1299 582 580
f 1742 901 1747
f 1747 901 899
f 1747 899 1748
f 1748 899 898
f 1748 898 1749
f 1749 898 897
f 1749 897 1743
f 1743 897 896
f 1743 896 1744
f 1744 896 895
f 1744 895 1745
f 1745 895 894
f 1745 894 1746
f 1746 894 906
f 1746 906 1737
f 1737 906 905
f 1737 905 1738
f 1738 905 904
f 1738 904 1739
f 1739 904 903
f 1739 903 1740
f 1740 903 902
f 1740 902 1742
f 1742 902 901
f 1659 983 1661
f 1661 983 982
f 1661 982 1662
f 1662 982 975
f 1662 975 1663
f 1663 975 974
f 1663 974 1664
f 1664 974 981
f 1664 981 1665
f 1665 981 980
f 1665 980 1653
f 1653 980 979
f 1653 979 1654
f 1654 979 978
f 1654 978 1657
f 1657 978 977
f 1657 977 1656
f 1656 977 986
f 1656 986 1655
f 1655 986 985
f 1655 985 1658
f 1658 985 984
f 1658 984 1659
f 1659 984 983
f 1323 555 1325
f 1325 555 554
f 1325 554 1326
f 1326 554 550
f 1326 550 1327
f 1327 550 552
f 1327 552 1317
f 1317 552 553
f 1317 553 1318
f 1318 553 544
f 1318 544 1319
f 1319 544 543
f 1319 543 1330
f 1330 543 549
f 1330 549 1329
f 1329 549 548
f 1329 548 1328
f 1328 548 547
f 1328 547 1320
f 1320 547 546
f 1320 546 1321
f 1321 546 556
f 1321 556 1323
f 1323 556 555
f 1891 726 1899
f 1899 726 735
f 1899 735 1900
f 1900 735 734
f 1900 734 1901
f 1901 734 733
f 1901 733 1892
f 1892 733 728
f 1892 728 1893
f 1893 728 727
f 1893 727 1894
f 1894 727 738
f 1894 738 1895
f 1895 738 737
f 1895 737 1896
f 1896 737 736
f 1896 736 1897
f 1897 736 729
f 1897 729 1898
f 1898 729 731
f 1898 731 1890
f 1890 731 732
f 1890 732 1891
f 1891 732 726
f 1841 778 1850
f 1850 778 777
f 1850 777 1851
f 1851 777 789
f 1851 789 1852
f 1852 789 788
f 1852 788 1846
f 1846 788 787
f 1846 787 1845
f 1845 787 783
f 1845 783 1843
f 1843 783 782
f 1843 782 1842
f 1842 782 780
f 1842 780 1847
f 1847 780 779
f 1847 779 1848
f 1848 779 786
f 1848 786 1849
f 1849 786 785
f 1849 785 1840
f 1840 785 784
f 1840 784 1841
f 1841 784 778
f 1790 830 1796
f 1796 830 829
f 1796 829 1797
f 1797 829 841
f 1797 841 1798
f 1798 841 840
f 1798 840 1791
f 1791 840 839
f 1791 839 1792
f 1792 839 831
f 1792 831 1794
f 1794 831 832
f 1794 832 1795
f 1795 832 834
f 1795 834 1799
f 1799 834 835
f 1799 835 1800
f 1800 835 838
f 1800 838 1801
f 1801 838 837
f 1801 837 1789
f 1789 837 836
f 1789 836 1790
f 1790 836 830
f 1730 886 1734
f 1734 886 881
f 1734 881 1735
f 1735 881 893
f 1735 893 1736
f 1736 893 892
f 1736 892 1733
f 1733 892 891
f 1733 891 1731
f 1731 891 890
f 1731 890 1725
f 1725 890 889
f 1725 889 1726
f 1726 889 888
f 1726 888 1728
f 1728 888 883
f 1728 883 1729
f 1729 883 882
f 1729 882 1723
f 1723 882 885
f 1723 885 1724
f 1724 885 887
f 1724 887 1730
f 1730 887 886
f 1644 962 1646
f 1646 962 961
f 1646 961 1645
f 1645 961 973
f 1645 973 1640
f 1640 973 972
f 1640 972 1641
f 1641 972 971
f 1641 971 1647
f 1647 971 963
f 1647 963 1648
f 1648 963 964
f 1648 964 1649
f 1649 964 966
f 1649 966 1650
f 1650 966 967
f 1650 967 1651
f 1651 967 970
f 1651 970 1652
f 1652 970 969
f 1652 969 1643
f 1643 969 968
f 1643 968 1644
f 1644 968 962
f 1591 1026 1597
f 1597 1026 1025
f 1597 1025 1598
f 1598 1025 1037
f 1598 1037 1599
f 1599 1037 1036
f 1599 1036 1592
f 1592 1036 1035
f 1592 1035 1593
f 1593 1035 1027
f 1593 1027 1595
f 1595 1027 1028
f 1595 1028 1596
f 1596 1028 1030
f 1596 1030 1600
f 1600 1030 1031
f 1600 1031 1601
f 1601 1031 1034
f 1601 1034 1602
f 1602 1034 1033
f 1602 1033 1590
f 1590 1033 1032
f 1590 1032 1591
f 1591 1032 1026
f 1538 1078 1547
f 1547 1078 1077
f 1547 1077 1548
f 1548 1077 1089
f 1548 1089 1549
f 1549 1089 1088
f 1549 1088 1543
f 1543 1088 1087
f 1543 1087 1542
f 1542 1087 1083
f 1542 1083 1540
f 1540 1083 1082
f 1540 1082 1539
f 1539 1082 1080
f 1539 1080 1544
f 1544 1080 1079
f 1544 1079 1545
f 1545 1079 1086
f 1545 1086 1546
f 1546 1086 1085
f 1546 1085 1537
f 1537 1085 1084
f 1537 1084 1538
f 1538 1084 1078
f 1488 1127 1496
f 1496 1127 1126
f 1496 1126 1497
f 1497 1126 1137
f 1497 1137 1498
f 1498 1137 1136
f 1498 1136 1492
f 1492 1136 1135
f 1492 1135 1490
f 1490 1135 1134
f 1490 1134 1489
f 1489 1134 1133
f 1489 1133 1493
f 1493 1133 1132
f 1493 1132 1494
f 1494 1132 1131
f 1494 1131 1495
f 1495 1131 1130
f 1495 1130 1486
f 1486 1130 1129
f 1486 1129 1487
f 1487 1129 1128
f 1487 1128 1488
f 1488 1128 1127
f 1884 492 1887
f 1887 492 491
f 1887 491 1888
f 1888 491 725
f 1888 725 1889
f 1889 725 724
f 1889 724 1883
f 1883 724 723
f 1883 723 1882
f 1882 723 722
f 1882 722 1877
f 1877 722 721
f 1877 721 1878
f 1878 721 720
f 1878 720 1879
f 1879 720 719
f 1879 719 1880
f 1880 719 717
f 1880 717 1886
f 1886 717 716
f 1886 716 1885
f 1885 716 715
f 1885 715 1884
f 1884 715 492
f 1829 776 1830
f 1830 776 775
f 1830 775 1831
f 1831 775 774
f 1831 774 1832
f 1832 774 773
f 1832 773 1833
f 1833 773 772
f 1833 772 1835
f 1835 772 771
f 1835 771 1836
f 1836 771 770
f 1836 770 1837
f 1837 770 765
f 1837 765 1838
f 1838 765 764
f 1838 764 1839
f 1839 764 769
f 1839 769 1827
f 1827 769 768
f 1827 768 1828
f 1828 768 767
f 1828 767 1829
f 1829 767 776
f 1780 820 1781
f 1781 820 824
f 1781 824 1782
f 1782 824 825
f 1782 825 1784
f 1784 825 828
f 1784 828 1785
f 1785 828 827
f 1785 827 1219
f 1219 827 826
f 1219 826 1220
f 1220 826 819
f 1220 819 1786
f 1786 819 817
f 1786 817 1787
f 1787 817 816
f 1787 816 1788
f 1788 816 823
f 1788 823 1778
f 1778 823 822
f 1778 822 1779
f 1779 822 821
f 1779 821 1780
f 1780 821 820
f 1718 869 1717
f 1717 869 868
f 1717 868 1720
f 1720 868 880
f 1720 880 1721
f 1721 880 879
f 1721 879 1722
f 1722 879 878
f 1722 878 1711
f 1711 878 877
f 1711 877 1712
f 1712 877 876
f 1712 876 1713
f 1713 876 875
f 1713 875 1714
f 1714 875 873
f 1714 873 1715
f 1715 873 872
f 1715 872 1716
f 1716 872 871
f 1716 871 1719
f 1719 871 870
f 1719 870 1718
f 1718 870 869
f 1636 954 1637
f 1637 954 955
f 1637 955 1638
f 1638 955 956
f 1638 956 1639
f 1639 956 957
f 1639 957 1630
f 1630 957 953
f 1630 953 1629
f 1629 953 952
f 1629 952 1628
f 1628 952 951
f 1628 951 1633
f 1633 951 949
f 1633 949 1634
f 1634 949 948
f 1634 948 1635
f 1635 948 960
f 1635 960 1631
f 1631 960 959
f 1631 959 1632
f 1632 959 958
f 1632 958 1636
f 1636 958 954
f 1581 1012 1582
f 1582 1012 1020
f 1582 1020 1583
f 1583 1020 1021
f 1583 1021 1585
f 1585 1021 1024
f 1585 1024 1586
f 1586 1024 1023
f 1586 1023 1577
f 1577 1023 1022
f 1577 1022 1578
f 1578 1022 1019
f 1578 1019 1579
f 1579 1019 1018
f 1579 1018 1587
f 1587 1018 1016
f 1587 1016 1588
f 1588 1016 1015
f 1588 1015 1589
f 1589 1015 1014
f 1589 1014 1580
f 1580 1014 1013
f 1580 1013 1581
f 1581 1013 1012
f 1530 1076 1531
f 1531 1076 1075
f 1531 1075 1532
f 1532 1075 1074
f 1532 1074 1533
f 1533 1074 1073
f 1533 1073 1535
f 1535 1073 1072
f 1535 1072 1536
f 1536 1072 1071
f 1536 1071 1524
f 1524 1071 1070
f 1524 1070 1525
f 1525 1070 1065
f 1525 1065 1528
f 1528 1065 1064
f 1528 1064 1527
f 1527 1064 1069
f 1527 1069 1526
f 1526 1069 1068
f 1526 1068 1529
f 1529 1068 1067
f 1529 1067 1530
f 1530 1067 1076
f 1484 1125 1485
f 1485 1125 1124
f 1485 1124 1482
f 1482 1124 1123
f 1482 1123 1481
f 1481 1123 1122
f 1481 1122 1479
f 1479 1122 1116
f 1479 1116 1475
f 1475 1116 1115
f 1475 1115 1476
f 1476 1115 1121
f 1476 1121 1477
f 1477 1121 1120
f 1477 1120 1478
f 1478 1120 1118
f 1478 1118 1473
f 1473 1118 1117
f 1473 1117 1474
f 1474 1117 1114
f 1474 1114 1483
f 1483 1114 1113
f 1483 1113 1484
f 1484 1113 1125
f 1869 703 1870
f 1870 703 704
f 1870 704 1874
f 1874 704 710
f 1874 710 1875
f 1875 710 709
f 1875 709 1876
f 1876 709 708
f 1876 708 1214
f 1214 708 707
f 1214 707 1215
f 1215 707 706
f 1215 706 1871
f 1871 706 705
f 1871 705 1872
f 1872 705 714
f 1872 714 1873
f 1873 714 712
f 1873 712 1867
f 1867 712 711
f 1867 711 1868
f 1868 711 701
f 1868 701 1869
f 1869 701 703
f 1817 752 1818
f 1818 752 753
f 1818 753 1824
f 1824 753 754
f 1824 754 1825
f 1825 754 763
f 1825 763 1826
f 1826 763 762
f 1826 762 1216
f 1216 762 761
f 1216 761 1217
f 1217 761 758
f 1217 758 1821
f 1821 758 759
f 1821 759 1822
f 1822 759 760
f 1822 760 1823
f 1823 760 756
f 1823 756 1819
f 1819 756 755
f 1819 755 1820
f 1820 755 750
f 1820 750 1817
f 1817 750 752
f 1765 807 1766
f 1766 807 806
f 1766 806 1773
f 1773 806 805
f 1773 805 1774
f 1774 805 815
f 1774 815 1776
f 1776 815 814
f 1776 814 1777
f 1777 814 813
f 1777 813 1769
f 1769 813 802
f 1769 802 1770
f 1770 802 803
f 1770 803 1771
f 1771 803 812
f 1771 812 1772
f 1772 812 811
f 1772 811 1767
f 1767 811 810
f 1767 810 1768
f 1768 810 809
f 1768 809 1765
f 1765 809 807
f 1702 858 1704
f 1704 858 860
f 1704 860 1705
f 1705 860 861
f 1705 861 1706
f 1706 861 867
f 1706 867 1708
f 1708 867 866
f 1708 866 1709
f 1709 866 865
f 1709 865 1710
f 1710 865 857
f 1710 857 1695
f 1695 857 856
f 1695 856 1696
f 1696 856 864
f 1696 864 1698
f 1698 864 863
f 1698 863 1699
f 1699 863 862
f 1699 862 1701
f 1701 862 859
f 1701 859 1702
f 1702 859 858
f 1620 936 1619
f 1619 936 935
f 1619 935 1617
f 1617 935 934
f 1617 934 1621
f 1621 934 933
f 1621 933 1622
f 1622 933 947
f 1622 947 1225
f 1225 947 946
f 1225 946 1226
f 1226 946 944
f 1226 944 1625
f 1625 944 943
f 1625 943 1626
f 1626 943 939
f 1626 939 1627
f 1627 939 941
f 1627 941 1623
f 1623 941 942
f 1623 942 1624
f 1624 942 938
f 1624 938 1620
f 1620 938 936
f 1565 1003 1566
f 1566 1003 1002
f 1566 1002 1573
f 1573 1002 1001
f 1573 1001 1574
f 1574 1001 1011
f 1574 1011 1575
f 1575 1011 1010
f 1575 1010 1576
f 1576 1010 1009
f 1576 1009 1569
f 1569 1009 998
f 1569 998 1570
f 1570 998 999
f 1570 999 1571
f 1571 999 1008
f 1571 1008 1572
f 1572 1008 1007
f 1572 1007 1567
f 1567 1007 1006
f 1567 1006 1568
f 1568 1006 1005
f 1568 1005 1565
f 1565 1005 1003
f 1514 1052 1515
f 1515 1052 1053
f 1515 1053 1521
f 1521 1053 1054
f 1521 1054 1522
f 1522 1054 1063
f 1522 1063 1523
f 1523 1063 1062
f 1523 1062 1228
f 1228 1062 1061
f 1228 1061 1229
f 1229 1061 1058
f 1229 1058 1518
f 1518 1058 1059
f 1518 1059 1519
f 1519 1059 1060
f 1519 1060 1520
f 1520 1060 1056
f 1520 1056 1516
f 1516 1056 1055
f 1516 1055 1517
f 1517 1055 1051
f 1517 1051 1514
f 1514 1051 1052
f 1463 471 1469
f 1469 471 470
f 1469 470 1470
f 1470 470 1107
f 1470 1107 1471
f 1471 1107 1106
f 1471 1106 1472
f 1472 1106 1105
f 1472 1105 1458
f 1458 1105 1112
f 1458 1112 1464
f 1464 1112 1111
f 1464 1111 1465
f 1465 1111 1110
f 1465 1110 1466
f 1466 1110 1108
f 1466 1108 1459
f 1459 1108 1104
f 1459 1104 1460
f 1460 1104 1103
f 1460 1103 1462
f 1462 1103 1102
f 1462 1102 1463
f 1463 1102 471
f 1865 495 1866
f 1866 495 494
f 1866 494 1853
f 1853 494 692
f 1853 692 1854
f 1854 692 691
f 1854 691 1856
f 1856 691 690
f 1856 690 1857
f 1857 690 700
f 1857 700 1858
f 1858 700 699
f 1858 699 1859
f 1859 699 698
f 1859 698 1860
f 1860 698 697
f 1860 697 1861
f 1861 697 696
f 1861 696 1862
f 1862 696 694
f 1862 694 1863
f 1863 694 693
f 1863 693 1865
f 1865 693 495
f 1805 489 1813
f 1813 489 488
f 1813 488 1814
f 1814 488 749
f 1814 749 1815
f 1815 749 748
f 1815 748 1809
f 1809 748 747
f 1809 747 1808
f 1808 747 743
f 1808 743 1802
f 1802 743 742
f 1802 742 1803
f 1803 742 740
f 1803 740 1810
f 1810 740 739
f 1810 739 1811
f 1811 739 746
f 1811 746 1812
f 1812 746 745
f 1812 745 1806
f 1806 745 744
f 1806 744 1805
f 1805 744 489
f 1753 486 1761
f 1761 486 485
f 1761 485 1762
f 1762 485 801
f 1762 801 1763
f 1763 801 800
f 1763 800 1758
f 1758 800 799
f 1758 799 1759
f 1759 799 796
f 1759 796 1750
f 1750 796 797
f 1750 797 1751
f 1751 797 798
f 1751 798 1755
f 1755 798 795
f 1755 795 1756
f 1756 795 794
f 1756 794 1757
f 1757 794 792
f 1757 792 1754
f 1754 792 791
f 1754 791 1753
f 1753 791 486
f 1684 847 1692
f 1692 847 845
f 1692 845 1693
f 1693 845 855
f 1693 855 1694
f 1694 855 854
f 1694 854 1689
f 1689 854 853
f 1689 853 1690
f 1690 853 850
f 1690 850 1681
f 1681 850 851
f 1681 851 1682
f 1682 851 852
f 1682 852 1686
f 1686 852 843
f 1686 843 1687
f 1687 843 842
f 1687 842 1688
f 1688 842 849
f 1688 849 1683
f 1683 849 848
f 1683 848 1684
f 1684 848 847
f 1605 480 1603
f 1603 480 479
f 1603 479 1607
f 1607 479 932
f 1607 932 1608
f 1608 932 931
f 1608 931 1614
f 1614 931 930
f 1614 930 1615
f 1615 930 922
f 1615 922 1616
f 1616 922 923
f 1616 923 1610
f 1610 923 925
f 1610 925 1611
f 1611 925 926
f 1611 926 1612
f 1612 926 929
f 1612 929 1613
f 1613 929 928
f 1613 928 1606
f 1606 928 927
f 1606 927 1605
f 1605 927 480
f 1553 477 1561
f 1561 477 476
f 1561 476 1562
f 1562 476 997
f 1562 997 1563
f 1563 997 996
f 1563 996 1558
f 1558 996 995
f 1558 995 1559
f 1559 995 992
f 1559 992 1550
f 1550 992 993
f 1550 993 1551
f 1551 993 994
f 1551 994 1555
f 1555 994 991
f 1555 991 1556
f 1556 991 990
f 1556 990 1557
f 1557 990 988
f 1557 988 1554
f 1554 988 987
f 1554 987 1553
f 1553 987 477
f 1502 474 1510
f 1510 474 473
f 1510 473 1511
f 1511 473 1049
f 1511 1049 1512
f 1512 1049 1048
f 1512 1048 1506
f 1506 1048 1047
f 1506 1047 1505
f 1505 1047 1043
f 1505 1043 1499
f 1499 1043 1042
f 1499 1042 1500
f 1500 1042 1040
f 1500 1040 1507
f 1507 1040 1039
f 1507 1039 1508
f 1508 1039 1046
f 1508 1046 1509
f 1509 1046 1045
f 1509 1045 1503
f 1503 1045 1044
f 1503 1044 1502
f 1502 1044 474
f 1451 1092 1453
f 1453 1092 1093
f 1453 1093 1454
f 1454 1093 1094
f 1454 1094 1455
f 1455 1094 1091
f 1455 1091 1444
f 1444 1091 1090
f 1444 1090 1445
f 1445 1090 1101
f 1445 1101 1442
f 1442 1101 1100
f 1442 1100 1443
f 1443 1100 1099
f 1443 1099 1449
f 1449 1099 1098
f 1449 1098 1448
f 1448 1098 1097
f 1448 1097 1447
f 1447 1097 1096
f 1447 1096 1450
f 1450 1096 1095
f 1450 1095 1451
f 1451 1095 1092
f 1407 1146 1405
f 1405 1146 1148
f 1405 1148 1395
f 1395 1148 1149
f 1395 1149 1396
f 1396 1149 1145
f 1396 1145 1398
f 1398 1145 1144
f 1398 1144 1399
f 1399 1144 1156
f 1399 1156 1400
f 1400 1156 1155
f 1400 1155 1404
f 1404 1155 1154
f 1404 1154 1403
f 1403 1154 1153
f 1403 1153 1402
f 1402 1153 1152
f 1402 1152 1401
f 1401 1152 1151
f 1401 1151 1408
f 1408 1151 1150
f 1408 1150 1407
f 1407 1150 1146
f 2075 2076 2077
f 2075 2077 2078
f 2078 2077 2079
f 2078 2079 2080
f 2080 2079 2081
f 2080 2081 2082
f 2082 2081 2083
f 2082 2083 2084
f 2085 2084 2086
f 2086 2084 2083
f 2087 2085 2088
f 2088 2085 2086
f 2089 2087 2090
f 2090 2087 2088
f 2091 2089 2092
f 2092 2089 2090
f 2093 2091 2094
f 2094 2091 2092
f 2095 2093 2096
f 2096 2093 2094
f 2097 2095 2098
f 2098 2095 2096
f 2099 2097 2100
f 2100 2097 2098
f 2101 2099 2102
f 2102 2099 2100
f 2103 2101 2104
f 2104 2101 2102
f 2105 2103 2106
f 2106 2103 2104
f 2107 2105 2108
f 2108 2105 2106
f 2107 2108 2109
f 2107 2109 2110
f 2110 2109 2111
f 2110 2111 2112
f 2112 2111 2113
f 2112 2113 2114
f 2114 2113 2115
f 2114 2115 2116
f 2117 2116 2118
f 2118 2116 2115
f 2117 2118 2119
f 2117 2119 2120
f 2120 2119 2121
f 2120 2121 2122
f 2122 2121 2123
f 2122 2123 2124
f 2124 2123 2125
f 2124 2125 2126
f 2127 2126 2128
f 2128 2126 2125
f 2129 2127 2130
f 2130 2127 2128
f 2131 2129 2132
f 2132 2129 2130
f 2133 2131 2134
f 2134 2131 2132
f 2135 2133 2136
f 2136 2133 2134
f 2137 2135 2138
f 2138 2135 2136
f 2139 2137 2140
f 2140 2137 2138
f 2141 2139 2142
f 2142 2139 2140
f 2143 2141 2144
f 2144 2141 2142
f 2145 2143 2146
f 2146 2143 2144
f 2147 2145 2148
f 2148 2145 2146
f 2149 2147 2150
f 2150 2147 2148
f 2149 2150 2151
f 2149 2151 2152
f 2152 2151 2153
f 2152 2153 2154
f 2154 2153 2155
f 2154 2155 2156
f 2156 2155 2157
f 2156 2157 2158
f 2159 2158 2160
f 2160 2158 2157
f 2159 2160 2161
f 2159 2161 2162
f 2162 2161 2163
f 2162 2163 2164
f 2164 2163 2165
f 2164 2165 2166
f 2167 2166 2168
f 2168 2166 2165
f 2167 2168 2169
f 2167 2169 2170
f 2170 2169 2171
f 2170 2171 2172
f 2172 2171 2173
f 2172 2173 2174
f 2174 2173 2175
f 2174 2175 2176
f 2177 2176 2178
f 2178 2176 2175
f 2179 2177 2180
f 2180 2177 2178
f 2181 2179 2182
f 2182 2179 2180
f 2183 2181 2184
f 2184 2181 2182
f 2185 2183 2186
f 2186 2183 2184
f 2187 2185 2188
f 2188 2185 2186
f 2189 2187 2190
f 2190 2187 2188
f 2191 2189 2192
f 2192 2189 2190
f 2193 2191 2194
f 2194 2191 2192
f 2195 2193 2196
f 2196 2193 2194
f 2197 2195 2198
f 2198 2195 2196
f 2199 2197 2200
f 2200 2197 2198
f 2199 2200 2201
f 2199 2201 2202
f 2202 2201 2203
f 2202 2203 2204
f 2204 2203 2205
f 2204 2205 2206
f 2206 2205 2207
f 2206 2207 2208
f 2209 2208 2210
f 2210 2208 2207
f 2209 2210 2211
f 2209 2211 2212
f 2212 2211 2213
f 2212 2213 2214
f 2214 2213 2215
f 2214 2215 2216
f 2217 2216 2218
f 2218 2216 2215
f 2217 2218 2219
f 2217 2219 2220
f 2220 2219 2221
f 2220 2221 2222
f 2222 2221 2223
f 2222 2223 2224
f 2224 2223 2225
f 2224 2225 2226
f 2227 2226 2228
f 2228 2226 2225
f 2229 2227 2230
f 2230 2227 2228
f 2231 2229 2232
f 2232 2229 2230
f 2233 2231 2234
f 2234 2231 2232
f 2235 2233 2236
f 2236 2233 2234
f 2237 2235 2238
f 2238 2235 2236
f 2239 2237 2240
f 2240 2237 2238
f 2241 2239 2242
f 2242 2239 2240
f 2243 2241 2244
f 2244 2241 2242
f 2245 2243 2246
f 2246 2243 2244
f 2247 2245 2248
f 2248 2245 2246
f 2249 2247 2250
f 2250 2247 2248
f 2249 2250 2251
f 2249 2251 2252
f 2252 2251 2253
f 2252 2253 2254
f 2254 2253 2255
f 2254 2255 2256
f 2256 2255 2257
f 2256 2257 2258
f 2259 2258 2260
f 2260 2258 2257
f 2259 2260 2261
f 2259 2261 2262
f 2262 2261 2263
f 2262 2263 2264
f 2264 2263 2265
f 2264 2265 2266
f 2266 2265 2267
f 2266 2267 2268
f 2269 2268 2270
f 2270 2268 2267
f 2271 2269 2272
f 2272 2269 2270
f 2273 2271 2274
f 2274 2271 2272
f 2275 2273 2276
f 2276 2273 2274
f 2277 2275 2278
f 2278 2275 2276
f 2279 2277 2280
f 2280 2277 2278
f 2281 2279 2282
f 2282 2279 2280
f 2283 2281 2284
f 2284 2281 2282
f 2285 2283 2286
f 2286 2283 2284
f 2287 2285 2288
f 2288 2285 2286
f 2289 2287 2290
f 2290 2287 2288
f 2291 2289 2292
f 2292 2289 2290
f 2291 2292 2293
f 2291 2293 2294
f 2294 2293 2295
f 2294 2295 2296
f 2296 2295 2297
f 2296 2297 2298
f 2298 2297 2299
f 2298 2299 2300
f 2301 2300 2302
f 2302 2300 2299
f 2301 2302 2303
f 2301 2303 2304
f 2304 2303 2305
f 2304 2305 2306
f 2306 2305 2307
f 2306 2307 2308
f 2308 2307 2309
f 2308 2309 2310
f 2311 2310 2312
f 2312 2310 2309
f 2311 2312 2313
f 2311 2313 2314
f 2314 2313 2315
f 2314 2315 2316
f 2316 2315 2317
f 2316 2317 2318
f 2318 2317 2319
f 2318 2319 2320
f 2321 2320 2322
f 2322 2320 2319
f 2323 2321 2324
f 2324 2321 2322
f 2325 2323 2326
f 2326 2323 2324
f 2327 2325 2328
f 2328 2325 2326
f 2329 2327 2330
f 2330 2327 2328
f 2331 2329 2332
f 2332 2329 2330
f 2333 2331 2334
f 2334 2331 2332
f 2335 2333 2336
f 2336 2333 2334
f 2337 2335 2338
f 2338 2335 2336
f 2339 2337 2340
f 2340 2337 2338
f 2341 2339 2342
f 2342 2339 2340
f 2343 2341 2344
f 2344 2341 2342
f 2343 2344 2345
f 2343 2345 2346
f 2346 2345 2347
f 2346 2347 2348
f 2348 2347 2349
f 2348 2349 2350
f 2350 2349 2351
f 2350 2351 2352
f 2353 2352 2354
f 2354 2352 2351
f 2353 2354 2355
f 2353 2355 2356
f 2356 2355 2357
f 2356 2357 2358
f 2358 2357 2359
f 2358 2359 2360
f 2360 2359 2361
f 2360 2361 2362
f 2075 2362 2076
f 2076 2362 2361
f 2271 2258 2259
f 2268 2269 2271
f 2268 2271 2266
f 2116 2117 2103
f 2204 2206 2202
f 2202 2206 2208
f 2202 2208 2199
f 2199 2208 2197
f 2126 2127 2129
f 2352 2353 2343
f 2103 2105 2107
f 2259 2262 2271
f 2271 2262 2264
f 2271 2264 2266
f 2176 2177 2179
f 2296 2298 2294
f 2294 2298 2300
f 2294 2300 2291
f 2291 2300 2289
f 2363 2364 2117
f 2145 2147 2158
f 2114 2116 2112
f 2112 2116 2103
f 2112 2103 2110
f 2110 2103 2107
f 2124 2126 2122
f 2122 2126 2129
f 2122 2129 2120
f 2120 2129 2117
f 2365 2366 2367
f 2368 2369 2129
f 2129 2369 2370
f 2129 2370 2117
f 2117 2370 2371
f 2117 2371 2363
f 2233 2235 2191
f 2154 2156 2152
f 2152 2156 2158
f 2152 2158 2149
f 2149 2158 2147
f 2172 2174 2170
f 2170 2174 2176
f 2217 2220 2222
f 2337 2339 2089
f 2162 2164 2166
f 2321 2323 2320
f 2320 2323 2310
f 2372 2373 2374
f 2343 2353 2341
f 2197 2208 2195
f 2195 2208 2209
f 2195 2209 2231
f 2375 2376 2245
f 2245 2376 2377
f 2245 2377 2243
f 2316 2318 2314
f 2314 2318 2320
f 2314 2320 2311
f 2311 2320 2310
f 2080 2082 2084
f 2159 2162 2179
f 2179 2162 2166
f 2179 2166 2176
f 2176 2166 2167
f 2176 2167 2170
f 2368 2129 2378
f 2378 2129 2131
f 2378 2131 2379
f 2379 2131 2133
f 2379 2133 2135
f 2380 2279 2281
f 2346 2348 2343
f 2343 2348 2350
f 2343 2350 2352
f 2237 2381 2235
f 2235 2381 2382
f 2235 2382 2191
f 2191 2382 2383
f 2209 2212 2231
f 2231 2212 2214
f 2231 2214 2229
f 2229 2214 2216
f 2229 2216 2227
f 2227 2216 2217
f 2227 2217 2226
f 2226 2217 2222
f 2226 2222 2224
f 2233 2191 2231
f 2231 2191 2193
f 2231 2193 2195
f 2087 2362 2085
f 2085 2362 2075
f 2085 2075 2084
f 2084 2075 2078
f 2084 2078 2080
f 2384 2183 2385
f 2385 2183 2185
f 2385 2185 2386
f 2386 2185 2187
f 2386 2187 2383
f 2383 2187 2189
f 2383 2189 2191
f 2158 2159 2145
f 2145 2159 2179
f 2145 2179 2143
f 2143 2179 2181
f 2143 2181 2141
f 2141 2181 2183
f 2141 2183 2139
f 2139 2183 2384
f 2139 2384 2137
f 2137 2384 2387
f 2137 2387 2135
f 2135 2387 2388
f 2135 2388 2379
f 2389 2390 2103
f 2103 2390 2391
f 2103 2391 2101
f 2285 2306 2308
f 2388 2392 2379
f 2379 2392 2393
f 2379 2393 2394
f 2394 2393 2395
f 2396 2397 2271
f 2271 2397 2398
f 2364 2399 2117
f 2117 2399 2400
f 2117 2400 2103
f 2103 2400 2401
f 2103 2401 2389
f 2289 2300 2287
f 2287 2300 2301
f 2287 2301 2285
f 2285 2301 2304
f 2285 2304 2306
f 2341 2353 2339
f 2339 2353 2356
f 2339 2356 2358
f 2087 2089 2362
f 2362 2089 2339
f 2362 2339 2360
f 2360 2339 2358
f 2377 2365 2243
f 2243 2365 2367
f 2243 2367 2241
f 2241 2367 2394
f 2241 2394 2239
f 2239 2394 2395
f 2239 2395 2237
f 2237 2395 2402
f 2237 2402 2381
f 2396 2271 2403
f 2403 2271 2273
f 2403 2273 2404
f 2391 2372 2101
f 2101 2372 2374
f 2101 2374 2099
f 2099 2374 2405
f 2099 2405 2275
f 2275 2405 2406
f 2275 2406 2273
f 2273 2406 2407
f 2273 2407 2404
f 2327 2283 2325
f 2325 2283 2285
f 2325 2285 2323
f 2323 2285 2308
f 2323 2308 2310
f 2408 2409 2331
f 2337 2089 2335
f 2335 2089 2091
f 2335 2091 2093
f 2398 2410 2271
f 2271 2410 2411
f 2271 2411 2258
f 2258 2411 2412
f 2258 2412 2245
f 2245 2412 2413
f 2245 2413 2375
f 2245 2247 2249
f 2331 2409 2329
f 2329 2409 2380
f 2329 2380 2327
f 2327 2380 2281
f 2327 2281 2283
f 2256 2258 2254
f 2254 2258 2245
f 2254 2245 2252
f 2252 2245 2249
f 2275 2414 2099
f 2099 2414 2415
f 2099 2415 2416
f 2380 2417 2279
f 2279 2417 2418
f 2279 2418 2277
f 2277 2418 2419
f 2277 2419 2275
f 2275 2419 2420
f 2275 2420 2414
f 2331 2333 2408
f 2408 2333 2335
f 2408 2335 2421
f 2421 2335 2093
f 2421 2093 2422
f 2422 2093 2095
f 2422 2095 2416
f 2416 2095 2097
f 2416 2097 2099
f 2292 2290 2288
f 2104 2118 2115
f 2260 2257 2272
f 2205 2203 2207
f 2207 2203 2201
f 2108 2106 2104
f 2312 2309 2319
f 2272 2270 2267
f 2295 2293 2297
f 2297 2293 2292
f 2344 2342 2340
f 2076 2086 2083
f 2109 2108 2111
f 2111 2108 2104
f 2111 2104 2113
f 2113 2104 2115
f 2261 2260 2263
f 2263 2260 2272
f 2263 2272 2265
f 2265 2272 2267
f 2250 2248 2246
f 2319 2309 2322
f 2077 2076 2079
f 2079 2076 2083
f 2079 2083 2081
f 2347 2345 2349
f 2349 2345 2344
f 2349 2344 2351
f 2423 2424 2257
f 2326 2324 2286
f 2218 2228 2225
f 2317 2315 2319
f 2319 2315 2313
f 2319 2313 2312
f 2425 2426 2427
f 2251 2250 2253
f 2253 2250 2246
f 2253 2246 2255
f 2255 2246 2257
f 2146 2160 2148
f 2148 2160 2157
f 2148 2157 2150
f 2142 2140 2184
f 2225 2223 2218
f 2218 2223 2221
f 2218 2221 2219
f 2428 2429 2246
f 2246 2429 2430
f 2246 2430 2257
f 2257 2430 2431
f 2257 2431 2423
f 2351 2344 2354
f 2354 2344 2340
f 2354 2340 2355
f 2171 2169 2173
f 2173 2169 2168
f 2173 2168 2175
f 2175 2168 2165
f 2155 2153 2157
f 2157 2153 2151
f 2157 2151 2150
f 2201 2200 2207
f 2207 2200 2198
f 2207 2198 2210
f 2210 2198 2196
f 2210 2196 2211
f 2432 2096 2094
f 2163 2180 2165
f 2165 2180 2178
f 2165 2178 2175
f 2104 2433 2434
f 2090 2357 2355
f 2435 2436 2130
f 2130 2436 2437
f 2130 2437 2132
f 2438 2439 2102
f 2102 2439 2440
f 2102 2440 2104
f 2104 2440 2441
f 2104 2441 2433
f 2274 2442 2276
f 2276 2442 2443
f 2276 2443 2444
f 2086 2076 2088
f 2088 2076 2361
f 2088 2361 2090
f 2090 2361 2359
f 2090 2359 2357
f 2307 2286 2309
f 2309 2286 2324
f 2309 2324 2322
f 2307 2305 2286
f 2286 2305 2303
f 2286 2303 2288
f 2288 2303 2302
f 2288 2302 2292
f 2292 2302 2299
f 2292 2299 2297
f 2228 2218 2230
f 2230 2218 2215
f 2230 2215 2232
f 2232 2215 2213
f 2232 2213 2211
f 2445 2192 2446
f 2446 2192 2190
f 2446 2190 2447
f 2447 2190 2188
f 2447 2188 2448
f 2146 2144 2160
f 2160 2144 2180
f 2160 2180 2161
f 2161 2180 2163
f 2142 2184 2144
f 2144 2184 2182
f 2144 2182 2180
f 2428 2246 2449
f 2449 2246 2244
f 2449 2244 2450
f 2450 2244 2242
f 2450 2242 2240
f 2434 2451 2104
f 2104 2451 2452
f 2104 2452 2118
f 2118 2452 2453
f 2118 2453 2130
f 2130 2453 2454
f 2130 2454 2435
f 2424 2455 2257
f 2257 2455 2456
f 2257 2456 2272
f 2272 2456 2457
f 2272 2457 2458
f 2459 2442 2460
f 2460 2442 2274
f 2460 2274 2461
f 2461 2274 2272
f 2461 2272 2462
f 2462 2272 2458
f 2355 2340 2090
f 2090 2340 2338
f 2090 2338 2092
f 2092 2338 2336
f 2092 2336 2094
f 2326 2286 2328
f 2328 2286 2284
f 2328 2284 2282
f 2138 2463 2140
f 2140 2463 2464
f 2140 2464 2184
f 2184 2464 2448
f 2184 2448 2186
f 2186 2448 2188
f 2130 2128 2125
f 2094 2336 2432
f 2432 2336 2334
f 2432 2334 2465
f 2465 2334 2332
f 2465 2332 2466
f 2211 2196 2232
f 2232 2196 2194
f 2232 2194 2234
f 2234 2194 2192
f 2234 2192 2236
f 2236 2192 2445
f 2236 2445 2238
f 2238 2445 2467
f 2238 2467 2240
f 2240 2467 2468
f 2240 2468 2450
f 2469 2470 2471
f 2471 2470 2450
f 2471 2450 2472
f 2472 2450 2468
f 2437 2425 2132
f 2132 2425 2427
f 2132 2427 2134
f 2134 2427 2470
f 2134 2470 2136
f 2136 2470 2469
f 2136 2469 2138
f 2138 2469 2473
f 2138 2473 2463
f 2276 2474 2475
f 2119 2118 2121
f 2121 2118 2130
f 2121 2130 2123
f 2123 2130 2125
f 2438 2102 2444
f 2444 2102 2100
f 2444 2100 2276
f 2276 2100 2476
f 2276 2476 2474
f 2432 2477 2096
f 2096 2477 2478
f 2096 2478 2098
f 2098 2478 2479
f 2098 2479 2100
f 2100 2479 2480
f 2100 2480 2476
f 2332 2330 2466
f 2466 2330 2328
f 2466 2328 2481
f 2481 2328 2282
f 2481 2282 2482
f 2482 2282 2280
f 2482 2280 2475
f 2475 2280 2278
f 2475 2278 2276
f 2381 2467 2382
f 2382 2467 2445
f 2382 2445 2383
f 2383 2445 2446
f 2383 2446 2386
f 2386 2446 2447
f 2386 2447 2385
f 2385 2447 2448
f 2385 2448 2384
f 2384 2448 2464
f 2384 2464 2387
f 2387 2464 2463
f 2387 2463 2388
f 2388 2463 2473
f 2388 2473 2392
f 2392 2473 2469
f 2392 2469 2393
f 2393 2469 2471
f 2393 2471 2395
f 2395 2471 2472
f 2395 2472 2402
f 2402 2472 2468
f 2402 2468 2381
f 2381 2468 2467
f 2418 2482 2419
f 2419 2482 2475
f 2419 2475 2420
f 2420 2475 2474
f 2420 2474 2414
f 2414 2474 2476
f 2414 2476 2415
f 2415 2476 2480
f 2415 2480 2416
f 2416 2480 2479
f 2416 2479 2422
f 2422 2479 2478
f 2422 2478 2421
f 2421 2478 2477
f 2421 2477 2408
f 2408 2477 2432
f 2408 2432 2409
f 2409 2432 2465
f 2409 2465 2380
f 2380 2465 2466
f 2380 2466 2417
f 2417 2466 2481
f 2417 2481 2418
f 2418 2481 2482
f 2370 2437 2371
f 2371 2437 2436
f 2371 2436 2363
f 2363 2436 2435
f 2363 2435 2364
f 2364 2435 2454
f 2364 2454 2399
f 2399 2454 2453
f 2370 2369 2437
f 2437 2369 2425
f 2378 2427 2426
f 2378 2426 2368
f 2368 2426 2425
f 2368 2425 2369
f 2378 2379 2427
f 2427 2379 2470
f 2379 2394 2470
f 2470 2394 2450
f 2394 2367 2450
f 2450 2367 2449
f 2365 2429 2428
f 2365 2428 2366
f 2366 2428 2449
f 2366 2449 2367
f 2365 2377 2429
f 2429 2377 2430
f 2412 2455 2413
f 2413 2455 2424
f 2413 2424 2375
f 2375 2424 2423
f 2375 2423 2376
f 2376 2423 2431
f 2376 2431 2377
f 2377 2431 2430
f 2412 2411 2455
f 2455 2411 2456
f 2396 2461 2397
f 2397 2461 2462
f 2397 2462 2398
f 2398 2462 2458
f 2398 2458 2410
f 2410 2458 2457
f 2410 2457 2411
f 2411 2457 2456
f 2396 2403 2461
f 2461 2403 2460
f 2407 2442 2459
f 2407 2459 2404
f 2404 2459 2460
f 2404 2460 2403
f 2407 2406 2442
f 2442 2406 2443
f 2406 2405 2443
f 2443 2405 2444
f 2405 2374 2444
f 2444 2374 2438
f 2372 2440 2439
f 2372 2439 2373
f 2373 2439 2438
f 2373 2438 2374
f 2372 2391 2440
f 2440 2391 2441
f 2400 2452 2401
f 2401 2452 2451
f 2401 2451 2389
f 2389 2451 2434
f 2389 2434 2390
f 2390 2434 2433
f 2390 2433 2391
f 2391 2433 2441
f 2400 2399 2452
f 2452 2399 2453
f 2483 2484 2485
f 2483 2485 2486
f 2486 2485 2487
f 2486 2487 2488
f 2488 2487 2489
f 2488 2489 2490
f 2490 2489 2491
f 2490 2491 2492
f 2493 2492 2494
f 2494 2492 2491
f 2495 2493 2496
f 2496 2493 2494
f 2497 2495 2498
f 2498 2495 2496
f 2499 2497 2500
f 2500 2497 2498
f 2501 2499 2502
f 2502 2499 2500
f 2503 2501 2504
f 2504 2501 2502
f 2505 2503 2506
f 2506 2503 2504
f 2507 2505 2508
f 2508 2505 2506
f 2509 2507 2510
f 2510 2507 2508
f 2511 2509 2512
f 2512 2509 2510
f 2513 2511 2514
f 2514 2511 2512
f 2515 2513 2516
f 2516 2513 2514
f 2515 2516 2517
f 2515 2517 2518
f 2518 2517 2519
f 2518 2519 2520
f 2520 2519 2521
f 2520 2521 2522
f 2522 2521 2523
f 2522 2523 2524
f 2525 2524 2526
f 2526 2524 2523
f 2525 2526 2527
f 2525 2527 2528
f 2528 2527 2529
f 2528 2529 2530
f 2530 2529 2531
f 2530 2531 2532
f 2532 2531 2533
f 2532 2533 2534
f 2535 2534 2536
f 2536 2534 2533
f 2537 2535 2538
f 2538 2535 2536
f 2539 2537 2540
f 2540 2537 2538
f 2541 2539 2542
f 2542 2539 2540
f 2543 2541 2544
f 2544 2541 2542
f 2545 2543 2546
f 2546 2543 2544
f 2547 2545 2548
f 2548 2545 2546
f 2549 2547 2550
f 2550 2547 2548
f 2551 2549 2552
f 2552 2549 2550
f 2553 2551 2554
f 2554 2551 2552
f 2555 2553 2556
f 2556 2553 2554
f 2557 2555 2558
f 2558 2555 2556
f 2557 2558 2559
f 2557 2559 2560
f 2560 2559 2561
f 2560 2561 2562
f 2562 2561 2563
f 2562 2563 2564
f 2564 2563 2565
f 2564 2565 2566
f 2567 2566 2568
f 2568 2566 2565
f 2567 2568 2569
f 2567 2569 2570
f 2570 2569 2571
f 2570 2571 2572
f 2572 2571 2573
f 2572 2573 2574
f 2575 2574 2576
f 2576 2574 2573
f 2575 2576 2577
f 2575 2577 2578
f 2578 2577 2579
f 2578 2579 2580
f 2580 2579 2581
f 2580 2581 2582
f 2582 2581 2583
f 2582 2583 2584
f 2585 2584 2586
f 2586 2584 2583
f 2587 2585 2588
f 2588 2585 2586
f 2589 2587 2590
f 2590 2587 2588
f 2591 2589 2592
f 2592 2589 2590
f 2593 2591 2594
f 2594 2591 2592
f 2595 2593 2596
f 2596 2593 2594
f 2597 2595 2598
f 2598 2595 2596
f 2599 2597 2600
f 2600 2597 2598
f 2601 2599 2602
f 2602 2599 2600
f 2603 2601 2604
f 2604 2601 2602
f 2605 2603 2606
f 2606 2603 2604
f 2607 2605 2608
f 2608 2605 2606
f 2607 2608 2609
f 2607 2609 2610
f 2610 2609 2611
f 2610 2611 2612
f 2612 2611 2613
f 2612 2613 2614
f 2614 2613 2615
f 2614 2615 2616
f 2617 2616 2618
f 2618 2616 2615
f 2617 2618 2619
f 2617 2619 2620
f 2620 2619 2621
f 2620 2621 2622
f 2622 2621 2623
f 2622 2623 2624
f 2625 2624 2626
f 2626 2624 2623
f 2625 2626 2627
f 2625 2627 2628
f 2628 2627 2629
f 2628 2629 2630
f 2630 2629 2631
f 2630 2631 2632
f 2632 2631 2633
f 2632 2633 2634
f 2635 2634 2636
f 2636 2634 2633
f 2637 2635 2638
f 2638 2635 2636
f 2639 2637 2640
f 2640 2637 2638
f 2641 2639 2642
f 2642 2639 2640
f 2643 2641 2644
f 2644 2641 2642
f 2645 2643 2646
f 2646 2643 2644
f 2647 2645 2648
f 2648 2645 2646
f 2649 2647 2650
f 2650 2647 2648
f 2651 2649 2652
f 2652 2649 2650
f 2653 2651 2654
f 2654 2651 2652
f 2655 2653 2656
f 2656 2653 2654
f 2657 2655 2658
f 2658 2655 2656
f 2657 2658 2659
f 2657 2659 2660
f 2660 2659 2661
f 2660 2661 2662
f 2662 2661 2663
f 2662 2663 2664
f 2664 2663 2665
f 2664 2665 2666
f 2667 2666 2668
f 2668 2666 2665
f 2667 2668 2669
f 2667 2669 2670
f 2670 2669 2671
f 2670 2671 2672
f 2672 2671 2673
f 2672 2673 2674
f 2674 2673 2675
f 2674 2675 2676
f 2677 2676 2678
f 2678 2676 2675
f 2679 2677 2680
f 2680 2677 2678
f 2681 2679 2682
f 2682 2679 2680
f 2683 2681 2684
f 2684 2681 2682
f 2685 2683 2686
f 2686 2683 2684
f 2687 2685 2688
f 2688 2685 2686
f 2689 2687 2690
f 2690 2687 2688
f 2691 2689 2692
f 2692 2689 2690
f 2693 2691 2694
f 2694 2691 2692
f 2695 2693 2696
f 2696 2693 2694
f 2697 2695 2698
f 2698 2695 2696
f 2699 2697 2700
f 2700 2697 2698
f 2699 2700 2701
f 2699 2701 2702
f 2702 2701 2703
f 2702 2703 2704
f 2704 2703 2705
f 2704 2705 2706
f 2706 2705 2707
f 2706 2707 2708
f 2709 2708 2710
f 2710 2708 2707
f 2709 2710 2711
f 2709 2711 2712
f 2712 2711 2713
f 2712 2713 2714
f 2714 2713 2715
f 2714 2715 2716
f 2716 2715 2717
f 2716 2717 2718
f 2719 2718 2720
f 2720 2718 2717
f 2719 2720 2721
f 2719 2721 2722
f 2722 2721 2723
f 2722 2723 2724
f 2724 2723 2725
f 2724 2725 2726
f 2726 2725 2727
f 2726 2727 2728
f 2729 2728 2730
f 2730 2728 2727
f 2731 2729 2732
f 2732 2729 2730
f 2733 2731 2734
f 2734 2731 2732
f 2735 2733 2736
f 2736 2733 2734
f 2737 2735 2738
f 2738 2735 2736
f 2739 2737 2740
f 2740 2737 2738
f 2741 2739 2742
f 2742 2739 2740
f 2743 2741 2744
f 2744 2741 2742
f 2745 2743 2746
f 2746 2743 2744
f 2747 2745 2748
f 2748 2745 2746
f 2749 2747 2750
f 2750 2747 2748
f 2751 2749 2752
f 2752 2749 2750
f 2751 2752 2753
f 2751 2753 2754
f 2754 2753 2755
f 2754 2755 2756
f 2756 2755 2757
f 2756 2757 2758
f 2758 2757 2759
f 2758 2759 2760
f 2761 2760 2762
f 2762 2760 2759
f 2761 2762 2763
f 2761 2763 2764
f 2764 2763 2765
f 2764 2765 2766
f 2766 2765 2767
f 2766 2767 2768
f 2768 2767 2769
f 2768 2769 2770
f 2483 2770 2484
f 2484 2770 2769
f 2679 2666 2667
f 2676 2677 2679
f 2676 2679 2674
f 2524 2525 2511
f 2612 2614 2610
f 2610 2614 2616
f 2610 2616 2607
f 2607 2616 2605
f 2534 2535 2537
f 2760 2761 2751
f 2511 2513 2515
f 2667 2670 2679
f 2679 2670 2672
f 2679 2672 2674
f 2584 2585 2587
f 2704 2706 2702
f 2702 2706 2708
f 2702 2708 2699
f 2699 2708 2697
f 2771 2772 2525
f 2553 2555 2566
f 2522 2524 2520
f 2520 2524 2511
f 2520 2511 2518
f 2518 2511 2515
f 2532 2534 2530
f 2530 2534 2537
f 2530 2537 2528
f 2528 2537 2525
f 2773 2774 2775
f 2776 2777 2537
f 2537 2777 2778
f 2537 2778 2525
f 2525 2778 2779
f 2525 2779 2771
f 2641 2643 2599
f 2562 2564 2560
f 2560 2564 2566
f 2560 2566 2557
f 2557 2566 2555
f 2580 2582 2578
f 2578 2582 2584
f 2625 2628 2630
f 2745 2747 2497
f 2570 2572 2574
f 2729 2731 2728
f 2728 2731 2718
f 2780 2781 2782
f 2751 2761 2749
f 2605 2616 2603
f 2603 2616 2617
f 2603 2617 2639
f 2783 2784 2653
f 2653 2784 2785
f 2653 2785 2651
f 2724 2726 2722
f 2722 2726 2728
f 2722 2728 2719
f 2719 2728 2718
f 2488 2490 2492
f 2567 2570 2587
f 2587 2570 2574
f 2587 2574 2584
f 2584 2574 2575
f 2584 2575 2578
f 2776 2537 2786
f 2786 2537 2539
f 2786 2539 2787
f 2787 2539 2541
f 2787 2541 2543
f 2788 2687 2689
f 2754 2756 2751
f 2751 2756 2758
f 2751 2758 2760
f 2645 2789 2643
f 2643 2789 2790
f 2643 2790 2599
f 2599 2790 2791
f 2617 2620 2639
f 2639 2620 2622
f 2639 2622 2637
f 2637 2622 2624
f 2637 2624 2635
f 2635 2624 2625
f 2635 2625 2634
f 2634 2625 2630
f 2634 2630 2632
f 2641 2599 2639
f 2639 2599 2601
f 2639 2601 2603
f 2495 2770 2493
f 2493 2770 2483
f 2493 2483 2492
f 2492 2483 2486
f 2492 2486 2488
f 2792 2591 2793
f 2793 2591 2593
f 2793 2593 2794
f 2794 2593 2595
f 2794 2595 2791
f 2791 2595 2597
f 2791 2597 2599
f 2566 2567 2553
f 2553 2567 2587
f 2553 2587 2551
f 2551 2587 2589
f 2551 2589 2549
f 2549 2589 2591
f 2549 2591 2547
f 2547 2591 2792
f 2547 2792 2545
f 2545 2792 2795
f 2545 2795 2543
f 2543 2795 2796
f 2543 2796 2787
f 2797 2798 2511
f 2511 2798 2799
f 2511 2799 2509
f 2693 2714 2716
f 2796 2800 2787
f 2787 2800 2801
f 2787 2801 2802
f 2802 2801 2803
f 2804 2805 2679
f 2679 2805 2806
f 2772 2807 2525
f 2525 2807 2808
f 2525 2808 2511
f 2511 2808 2809
f 2511 2809 2797
f 2697 2708 2695
f 2695 2708 2709
f 2695 2709 2693
f 2693 2709 2712
f 2693 2712 2714
f 2749 2761 2747
f 2747 2761 2764
f 2747 2764 2766
f 2495 2497 2770
f 2770 2497 2747
f 2770 2747 2768
f 2768 2747 2766
f 2785 2773 2651
f 2651 2773 2775
f 2651 2775 2649
f 2649 2775 2802
f 2649 2802 2647
f 2647 2802 2803
f 2647 2803 2645
f 2645 2803 2810
f 2645 2810 2789
f 2804 2679 2811
f 2811 2679 2681
f 2811 2681 2812
f 2799 2780 2509
f 2509 2780 2782
f 2509 2782 2507
f 2507 2782 2813
f 2507 2813 2683
f 2683 2813 2814
f 2683 2814 2681
f 2681 2814 2815
f 2681 2815 2812
f 2735 2691 2733
f 2733 2691 2693
f 2733 2693 2731
f 2731 2693 2716
f 2731 2716 2718
f 2816 2817 2739
f 2745 2497 2743
f 2743 2497 2499
f 2743 2499 2501
f 2806 2818 2679
f 2679 2818 2819
f 2679 2819 2666
f 2666 2819 2820
f 2666 2820 2653
f 2653 2820 2821
f 2653 2821 2783
f 2653 2655 2657
f 2739 2817 2737
f 2737 2817 2788
f 2737 2788 2735
f 2735 2788 2689
f 2735 2689 2691
f 2664 2666 2662
f 2662 2666 2653
f 2662 2653 2660
f 2660 2653 2657
f 2683 2822 2507
f 2507 2822 2823
f 2507 2823 2824
f 2788 2825 2687
f 2687 2825 2826
f 2687 2826 2685
f 2685 2826 2827
f 2685 2827 2683
f 2683 2827 2828
f 2683 2828 2822
f 2739 2741 2816
f 2816 2741 2743
f 2816 2743 2829
f 2829 2743 2501
f 2829 2501 2830
f 2830 2501 2503
f 2830 2503 2824
f 2824 2503 2505
f 2824 2505 2507
f 2700 2698 2696
f 2512 2526 2523
f 2668 2665 2680
f 2613 2611 2615
f 2615 2611 2609
f 2516 2514 2512
f 2720 2717 2727
f 2680 2678 2675
f 2703 2701 2705
f 2705 2701 2700
f 2752 2750 2748
f 2484 2494 2491
f 2517 2516 2519
f 2519 2516 2512
f 2519 2512 2521
f 2521 2512 2523
f 2669 2668 2671
f 2671 2668 2680
f 2671 2680 2673
f 2673 2680 2675
f 2658 2656 2654
f 2727 2717 2730
f 2485 2484 2487
f 2487 2484 2491
f 2487 2491 2489
f 2755 2753 2757
f 2757 2753 2752
f 2757 2752 2759
f 2831 2832 2665
f 2734 2732 2694
f 2626 2636 2633
f 2725 2723 2727
f 2727 2723 2721
f 2727 2721 2720
f 2833 2834 2835
f 2659 2658 2661
f 2661 2658 2654
f 2661 2654 2663
f 2663 2654 2665
f 2554 2568 2556
f 2556 2568 2565
f 2556 2565 2558
f 2550 2548 2592
f 2633 2631 2626
f 2626 2631 2629
f 2626 2629 2627
f 2836 2837 2654
f 2654 2837 2838
f 2654 2838 2665
f 2665 2838 2839
f 2665 2839 2831
f 2759 2752 2762
f 2762 2752 2748
f 2762 2748 2763
f 2579 2577 2581
f 2581 2577 2576
f 2581 2576 2583
f 2583 2576 2573
f 2563 2561 2565
f 2565 2561 2559
f 2565 2559 2558
f 2609 2608 2615
f 2615 2608 2606
f 2615 2606 2618
f 2618 2606 2604
f 2618 2604 2619
f 2840 2504 2502
f 2571 2588 2573
f 2573 2588 2586
f 2573 2586 2583
f 2512 2841 2842
f 2498 2765 2763
f 2843 2844 2538
f 2538 2844 2845
f 2538 2845 2540
f 2846 2847 2510
f 2510 2847 2848
f 2510 2848 2512
f 2512 2848 2849
f 2512 2849 2841
f 2682 2850 2684
f 2684 2850 2851
f 2684 2851 2852
f 2494 2484 2496
f 2496 2484 2769
f 2496 2769 2498
f 2498 2769 2767
f 2498 2767 2765
f 2715 2694 2717
f 2717 2694 2732
f 2717 2732 2730
f 2715 2713 2694
f 2694 2713 2711
f 2694 2711 2696
f 2696 2711 2710
f 2696 2710 2700
f 2700 2710 2707
f 2700 2707 2705
f 2636 2626 2638
f 2638 2626 2623
f 2638 2623 2640
f 2640 2623 2621
f 2640 2621 2619
f 2853 2600 2854
f 2854 2600 2598
f 2854 2598 2855
f 2855 2598 2596
f 2855 2596 2856
f 2554 2552 2568
f 2568 2552 2588
f 2568 2588 2569
f 2569 2588 2571
f 2550 2592 2552
f 2552 2592 2590
f 2552 2590 2588
f 2836 2654 2857
f 2857 2654 2652
f 2857 2652 2858
f 2858 2652 2650
f 2858 2650 2648
f 2842 2859 2512
f 2512 2859 2860
f 2512 2860 2526
f 2526 2860 2861
f 2526 2861 2538
f 2538 2861 2862
f 2538 2862 2843
f 2832 2863 2665
f 2665 2863 2864
f 2665 2864 2680
f 2680 2864 2865
f 2680 2865 2866
f 2867 2850 2868
f 2868 2850 2682
f 2868 2682 2869
f 2869 2682 2680
f 2869 2680 2870
f 2870 2680 2866
f 2763 2748 2498
f 2498 2748 2746
f 2498 2746 2500
f 2500 2746 2744
f 2500 2744 2502
f 2734 2694 2736
f 2736 2694 2692
f 2736 2692 2690
f 2546 2871 2548
f 2548 2871 2872
f 2548 2872 2592
f 2592 2872 2856
f 2592 2856 2594
f 2594 2856 2596
f 2538 2536 2533
f 2502 2744 2840
f 2840 2744 2742
f 2840 2742 2873
f 2873 2742 2740
f 2873 2740 2874
f 2619 2604 2640
f 2640 2604 2602
f 2640 2602 2642
f 2642 2602 2600
f 2642 2600 2644
f 2644 2600 2853
f 2644 2853 2646
f 2646 2853 2875
f 2646 2875 2648
f 2648 2875 2876
f 2648 2876 2858
f 2877 2878 2879
f 2879 2878 2858
f 2879 2858 2880
f 2880 2858 2876
f 2845 2833 2540
f 2540 2833 2835
f 2540 2835 2542
f 2542 2835 2878
f 2542 2878 2544
f 2544 2878 2877
f 2544 2877 2546
f 2546 2877 2881
f 2546 2881 2871
f 2684 2882 2883
f 2527 2526 2529
f 2529 2526 2538
f 2529 2538 2531
f 2531 2538 2533
f 2846 2510 2852
f 2852 2510 2508
f 2852 2508 2684
f 2684 2508 2884
f 2684 2884 2882
f 2840 2885 2504
f 2504 2885 2886
f 2504 2886 2506
f 2506 2886 2887
f 2506 2887 2508
f 2508 2887 2888
f 2508 2888 2884
f 2740 2738 2874
f 2874 2738 2736
f 2874 2736 2889
f 2889 2736 2690
f 2889 2690 2890
f 2890 2690 2688
f 2890 2688 2883
f 2883 2688 2686
f 2883 2686 2684
f 2789 2875 2790
f 2790 2875 2853
f 2790 2853 2791
f 2791 2853 2854
f 2791 2854 2794
f 2794 2854 2855
f 2794 2855 2793
f 2793 2855 2856
f 2793 2856 2792
f 2792 2856 2872
f 2792 2872 2795
f 2795 2872 2871
f 2795 2871 2796
f 2796 2871 2881
f 2796 2881 2800
f 2800 2881 2877
f 2800 2877 2801
f 2801 2877 2879
f 2801 2879 2803
f 2803 2879 2880
f 2803 2880 2810
f 2810 2880 2876
f 2810 2876 2789
f 2789 2876 2875
f 2826 2890 2827
f 2827 2890 2883
f 2827 2883 2828
f 2828 2883 2882
f 2828 2882 2822
f 2822 2882 2884
f 2822 2884 2823
f 2823 2884 2888
f 2823 2888 2824
f 2824 2888 2887
f 2824 2887 2830
f 2830 2887 2886
f 2830 2886 2829
f 2829 2886 2885
f 2829 2885 2816
f 2816 2885 2840
f 2816 2840 2817
f 2817 2840 2873
f 2817 2873 2788
f 2788 2873 2874
f 2788 2874 2825
f 2825 2874 2889
f 2825 2889 2826
f 2826 2889 2890
f 2778 2845 2779
f 2779 2845 2844
f 2779 2844 2771
f 2771 2844 2843
f 2771 2843 2772
f 2772 2843 2862
f 2772 2862 2807
f 2807 2862 2861
f 2778 2777 2845
f 2845 2777 2833
f 2786 2835 2834
f 2786 2834 2776
f 2776 2834 2833
f 2776 2833 2777
f 2786 2787 2835
f 2835 2787 2878
f 2787 2802 2878
f 2878 2802 2858
f 2802 2775 2858
f 2858 2775 2857
f 2773 2837 2836
f 2773 2836 2774
f 2774 2836 2857
f 2774 2857 2775
f 2773 2785 2837
f 2837 2785 2838
f 2820 2863 2821
f 2821 2863 2832
f 2821 2832 2783
f 2783 2832 2831
f 2783 2831 2784
f 2784 2831 2839
f 2784 2839 2785
f 2785 2839 2838
f 2820 2819 2863
f 2863 2819 2864
f 2804 2869 2805
f 2805 2869 2870
f 2805 2870 2806
f 2806 2870 2866
f 2806 2866 2818
f 2818 2866 2865
f 2818 2865 2819
f 2819 2865 2864
f 2804 2811 2869
f 2869 2811 2868
f 2815 2850 2867
f 2815 2867 2812
f 2812 2867 2868
f 2812 2868 2811
f 2815 2814 2850
f 2850 2814 2851
f 2814 2813 2851
f 2851 2813 2852
f 2813 2782 2852
f 2852 2782 2846
f 2780 2848 2847
f 2780 2847 2781
f 2781 2847 2846
f 2781 2846 2782
f 2780 2799 2848
f 2848 2799 2849
f 2808 2860 2809
f 2809 2860 2859
f 2809 2859 2797
f 2797 2859 2842
f 2797 2842 2798
f 2798 2842 2841
f 2798 2841 2799
f 2799 2841 2849
f 2808 2807 2860
f 2860 2807 2861
f 2891 2892 2893
f 2891 2893 2894
f 2894 2893 2895
f 2894 2895 2896
f 2896 2895 2897
f 2896 2897 2898
f 2898 2897 2899
f 2898 2899 2900
f 2901 2900 2902
f 2902 2900 2899
f 2903 2901 2904
f 2904 2901 2902
f 2905 2903 2906
f 2906 2903 2904
f 2907 2905 2908
f 2908 2905 2906
f 2909 2907 2910
f 2910 2907 2908
f 2911 2909 2912
f 2912 2909 2910
f 2913 2911 2914
f 2914 2911 2912
f 2915 2913 2916
f 2916 2913 2914
f 2917 2915 2918
f 2918 2915 2916
f 2919 2917 2920
f 2920 2917 2918
f 2921 2919 2922
f 2922 2919 2920
f 2923 2921 2924
f 2924 2921 2922
f 2923 2924 2925
f 2923 2925 2926
f 2926 2925 2927
f 2926 2927 2928
f 2928 2927 2929
f 2928 2929 2930
f 2930 2929 2931
f 2930 2931 2932
f 2933 2932 2934
f 2934 2932 2931
f 2933 2934 2935
f 2933 2935 2936
f 2936 2935 2937
f 2936 2937 2938
f 2938 2937 2939
f 2938 2939 2940
f 2940 2939 2941
f 2940 2941 2942
f 2943 2942 2944
f 2944 2942 2941
f 2945 2943 2946
f 2946 2943 2944
f 2947 2945 2948
f 2948 2945 2946
f 2949 2947 2950
f 2950 2947 2948
f 2951 2949 2952
f 2952 2949 2950
f 2953 2951 2954
f 2954 2951 2952
f 2955 2953 2956
f 2956 2953 2954
f 2957 2955 2958
f 2958 2955 2956
f 2959 2957 2960
f 2960 2957 2958
f 2961 2959 2962
f 2962 2959 2960
f 2963 2961 2964
f 2964 2961 2962
f 2965 2963 2966
f 2966 2963 2964
f 2965 2966 2967
f 2965 2967 2968
f 2968 2967 2969
f 2968 2969 2970
f 2970 2969 2971
f 2970 2971 2972
f 2972 2971 2973
f 2972 2973 2974
f 2975 2974 2976
f 2976 2974 2973
f 2975 2976 2977
f 2975 2977 2978
f 2978 2977 2979
f 2978 2979 2980
f 2980 2979 2981
f 2980 2981 2982
f 2983 2982 2984
f 2984 2982 2981
f 2983 2984 2985
f 2983 2985 2986
f 2986 2985 2987
f 2986 2987 2988
f 2988 2987 2989
f 2988 2989 2990
f 2990 2989 2991
f 2990 2991 2992
f 2993 2992 2994
f 2994 2992 2991
f 2995 2993 2996
f 2996 2993 2994
f 2997 2995 2998
f 2998 2995 2996
f 2999 2997 3000
f 3000 2997 2998
f 3001 2999 3002
f 3002 2999 3000
f 3003 3001 3004
f 3004 3001 3002
f 3005 3003 3006
f 3006 3003 3004
f 3007 3005 3008
f 3008 3005 3006
f 3009 3007 3010
f 3010 3007 3008
f 3011 3009 3012
f 3012 3009 3010
f 3013 3011 3014
f 3014 3011 3012
f 3015 3013 3016
f 3016 3013 3014
f 3015 3016 3017
f 3015 3017 3018
f 3018 3017 3019
f 3018 3019 3020
f 3020 3019 3021
f 3020 3021 3022
f 3022 3021 3023
f 3022 3023 3024
f 3025 3024 3026
f 3026 3024 3023
f 3025 3026 3027
f 3025 3027 3028
f 3028 3027 3029
f 3028 3029 3030
f 3030 3029 3031
f 3030 3031 3032
f 3033 3032 3034
f 3034 3032 3031
f 3033 3034 3035
f 3033 3035 3036
f 3036 3035 3037
f 3036 3037 3038
f 3038 3037 3039
f 3038 3039 3040
f 3040 3039 3041
f 3040 3041 3042
f 3043 3042 3044
f 3044 3042 3041
f 3045 3043 3046
f 3046 3043 3044
f 3047 3045 3048
f 3048 3045 3046
f 3049 3047 3050
f 3050 3047 3048
f 3051 3049 3052
f 3052 3049 3050
f 3053 3051 3054
f 3054 3051 3052
f 3055 3053 3056
f 3056 3053 3054
f 3057 3055 3058
f 3058 3055 3056
f 3059 3057 3060
f 3060 3057 3058
f 3061 3059 3062
f 3062 3059 3060
f 3063 3061 3064
f 3064 3061 3062
f 3065 3063 3066
f 3066 3063 3064
f 3065 3066 3067
f 3065 3067 3068
f 3068 3067 3069
f 3068 3069 3070
f 3070 3069 3071
f 3070 3071 3072
f 3072 3071 3073
f 3072 3073 3074
f 3075 3074 3076
f 3076 3074 3073
f 3075 3076 3077
f 3075 3077 3078
f 3078 3077 3079
f 3078 3079 3080
f 3080 3079 3081
f 3080 3081 3082
f 3082 3081 3083
f 3082 3083 3084
f 3085 3084 3086
f 3086 3084 3083
f 3087 3085 3088
f 3088 3085 3086
f 3089 3087 3090
f 3090 3087 3088
f 3091 3089 3092
f 3092 3089 3090
f 3093 3091 3094
f 3094 3091 3092
f 3095 3093 3096
f 3096 3093 3094
f 3097 3095 3098
f 3098 3095 3096
f 3099 3097 3100
f 3100 3097 3098
f 3101 3099 3102
f 3102 3099 3100
f 3103 3101 3104
f 3104 3101 3102
f 3105 3103 3106
f 3106 3103 3104
f 3107 3105 3108
f 3108 3105 3106
f 3107 3108 3109
f 3107 3109 3110
f 3110 3109 3111
f 3110 3111 3112
f 3112 3111 3113
f 3112 3113 3114
f 3114 3113 3115
f 3114 3115 3116
f 3117 3116 3118
f 3118 3116 3115
f 3117 3118 3119
f 3117 3119 3120
f 3120 3119 3121
f 3120 3121 3122
f 3122 3121 3123
f 3122 3123 3124
f 3124 3123 3125
f 3124 3125 3126
f 3127 3126 3128
f 3128 3126 3125
f 3127 3128 3129
f 3127 3129 3130
f 3130 3129 3131
f 3130 3131 3132
f 3132 3131 3133
f 3132 3133 3134
f 3134 3133 3135
f 3134 3135 3136
f 3137 3136 3138
f 3138 3136 3135
f 3139 3137 3140
f 3140 3137 3138
f 3141 3139 3142
f 3142 3139 3140
f 3143 3141 3144
f 3144 3141 3142
f 3145 3143 3146
f 3146 3143 3144
f 3147 3145 3148
f 3148 3145 3146
f 3149 3147 3150
f 3150 3147 3148
f 3151 3149 3152
f 3152 3149 3150
f 3153 3151 3154
f 3154 3151 3152
f 3155 3153 3156
f 3156 3153 3154
f 3157 3155 3158
f 3158 3155 3156
f 3159 3157 3160
f 3160 3157 3158
f 3159 3160 3161
f 3159 3161 3162
f 3162 3161 3163
f 3162 3163 3164
f 3164 3163 3165
f 3164 3165 3166
f 3166 3165 3167
f 3166 3167 3168
f 3169 3168 3170
f 3170 3168 3167
f 3169 3170 3171
f 3169 3171 3172
f 3172 3171 3173
f 3172 3173 3174
f 3174 3173 3175
f 3174 3175 3176
f 3176 3175 3177
f 3176 3177 3178
f 2891 3178 2892
f 2892 3178 3177
f 3087 3074 3075
f 3084 3085 3087
f 3084 3087 3082
f 2932 2933 2919
f 3020 3022 3018
f 3018 3022 3024
f 3018 3024 3015
f 3015 3024 3013
f 2942 2943 2945
f 3168 3169 3159
f 2919 2921 2923
f 3075 3078 3087
f 3087 3078 3080
f 3087 3080 3082
f 2992 2993 2995
f 3112 3114 3110
f 3110 3114 3116
f 3110 3116 3107
f 3107 3116 3105
f 3179 3180 2933
f 2961 2963 2974
f 2930 2932 2928
f 2928 2932 2919
f 2928 2919 2926
f 2926 2919 2923
f 2940 2942 2938
f 2938 2942 2945
f 2938 2945 2936
f 2936 2945 2933
f 3181 3182 3183
f 3184 3185 2945
f 2945 3185 3186
f 2945 3186 2933
f 2933 3186 3187
f 2933 3187 3179
f 3049 3051 3007
f 2970 2972 2968
f 2968 2972 2974
f 2968 2974 2965
f 2965 2974 2963
f 2988 2990 2986
f 2986 2990 2992
f 3033 3036 3038
f 3153 3155 2905
f 2978 2980 2982
f 3137 3139 3136
f 3136 3139 3126
f 3188 3189 3190
f 3159 3169 3157
f 3013 3024 3011
f 3011 3024 3025
f 3011 3025 3047
f 3191 3192 3061
f 3061 3192 3193
f 3061 3193 3059
f 3132 3134 3130
f 3130 3134 3136
f 3130 3136 3127
f 3127 3136 3126
f 2896 2898 2900
f 2975 2978 2995
f 2995 2978 2982
f 2995 2982 2992
f 2992 2982 2983
f 2992 2983 2986
f 3184 2945 3194
f 3194 2945 2947
f 3194 2947 3195
f 3195 2947 2949
f 3195 2949 2951
f 3196 3095 3097
f 3162 3164 3159
f 3159 3164 3166
f 3159 3166 3168
f 3053 3197 3051
f 3051 3197 3198
f 3051 3198 3007
f 3007 3198 3199
f 3025 3028 3047
f 3047 3028 3030
f 3047 3030 3045
f 3045 3030 3032
f 3045 3032 3043
f 3043 3032 3033
f 3043 3033 3042
f 3042 3033 3038
f 3042 3038 3040
f 3049 3007 3047
f 3047 3007 3009
f 3047 3009 3011
f 2903 3178 2901
f 2901 3178 2891
f 2901 2891 2900
f 2900 2891 2894
f 2900 2894 2896
f 3200 2999 3201
f 3201 2999 3001
f 3201 3001 3202
f 3202 3001 3003
f 3202 3003 3199
f 3199 3003 3005
f 3199 3005 3007
f 2974 2975 2961
f 2961 2975 2995
f 2961 2995 2959
f 2959 2995 2997
f 2959 2997 2957
f 2957 2997 2999
f 2957 2999 2955
f 2955 2999 3200
f 2955 3200 2953
f 2953 3200 3203
f 2953 3203 2951
f 2951 3203 3204
f 2951 3204 3195
f 3205 3206 2919
f 2919 3206 3207
f 2919 3207 2917
f 3101 3122 3124
f 3204 3208 3195
f 3195 3208 3209
f 3195 3209 3210
f 3210 3209 3211
f 3212 3213 3087
f 3087 3213 3214
f 3180 3215 2933
f 2933 3215 3216
f 2933 3216 2919
f 2919 3216 3217
f 2919 3217 3205
f 3105 3116 3103
f 3103 3116 3117
f 3103 3117 3101
f 3101 3117 3120
f 3101 3120 3122
f 3157 3169 3155
f 3155 3169 3172
f 3155 3172 3174
f 2903 2905 3178
f 3178 2905 3155
f 3178 3155 3176
f 3176 3155 3174
f 3193 3181 3059
f 3059 3181 3183
f 3059 3183 3057
f 3057 3183 3210
f 3057 3210 3055
f 3055 3210 3211
f 3055 3211 3053
f 3053 3211 3218
f 3053 3218 3197
f 3212 3087 3219
f 3219 3087 3089
f 3219 3089 3220
f 3207 3188 2917
f 2917 3188 3190
f 2917 3190 2915
f 2915 3190 3221
f 2915 3221 3091
f 3091 3221 3222
f 3091 3222 3089
f 3089 3222 3223
f 3089 3223 3220
f 3143 3099 3141
f 3141 3099 3101
f 3141 3101 3139
f 3139 3101 3124
f 3139 3124 3126
f 3224 3225 3147
f 3153 2905 3151
f 3151 2905 2907
f 3151 2907 2909
f 3214 3226 3087
f 3087 3226 3227
f 3087 3227 3074
f 3074 3227 3228
f 3074 3228 3061
f 3061 3228 3229
f 3061 3229 3191
f 3061 3063 3065
f 3147 3225 3145
f 3145 3225 3196
f 3145 3196 3143
f 3143 3196 3097
f 3143 3097 3099
f 3072 3074 3070
f 3070 3074 3061
f 3070 3061 3068
f 3068 3061 3065
f 3091 3230 2915
f 2915 3230 3231
f 2915 3231 3232
f 3196 3233 3095
f 3095 3233 3234
f 3095 3234 3093
f 3093 3234 3235
f 3093 3235 3091
f 3091 3235 3236
f 3091 3236 3230
f 3147 3149 3224
f 3224 3149 3151
f 3224 3151 3237
f 3237 3151 2909
f 3237 2909 3238
f 3238 2909 2911
f 3238 2911 3232
f 3232 2911 2913
f 3232 2913 2915
f 3108 3106 3104
f 2920 2934 2931
f 3076 3073 3088
f 3021 3019 3023
f 3023 3019 3017
f 2924 2922 2920
f 3128 3125 3135
f 3088 3086 3083
f 3111 3109 3113
f 3113 3109 3108
f 3160 3158 3156
f 2892 2902 2899
f 2925 2924 2927
f 2927 2924 2920
f 2927 2920 2929
f 2929 2920 2931
f 3077 3076 3079
f 3079 3076 3088
f 3079 3088 3081
f 3081 3088 3083
f 3066 3064 3062
f 3135 3125 3138
f 2893 2892 2895
f 2895 2892 2899
f 2895 2899 2897
f 3163 3161 3165
f 3165 3161 3160
f 3165 3160 3167
f 3239 3240 3073
f 3142 3140 3102
f 3034 3044 3041
f 3133 3131 3135
f 3135 3131 3129
f 3135 3129 3128
f 3241 3242 3243
f 3067 3066 3069
f 3069 3066 3062
f 3069 3062 3071
f 3071 3062 3073
f 2962 2976 2964
f 2964 2976 2973
f 2964 2973 2966
f 2958 2956 3000
f 3041 3039 3034
f 3034 3039 3037
f 3034 3037 3035
f 3244 3245 3062
f 3062 3245 3246
f 3062 3246 3073
f 3073 3246 3247
f 3073 3247 3239
f 3167 3160 3170
f 3170 3160 3156
f 3170 3156 3171
f 2987 2985 2989
f 2989 2985 2984
f 2989 2984 2991
f 2991 2984 2981
f 2971 2969 2973
f 2973 2969 2967
f 2973 2967 2966
f 3017 3016 3023
f 3023 3016 3014
f 3023 3014 3026
f 3026 3014 3012
f 3026 3012 3027
f 3248 2912 2910
f 2979 2996 2981
f 2981 2996 2994
f 2981 2994 2991
f 2920 3249 3250
f 2906 3173 3171
f 3251 3252 2946
f 2946 3252 3253
f 2946 3253 2948
f 3254 3255 2918
f 2918 3255 3256
f 2918 3256 2920
f 2920 3256 3257
f 2920 3257 3249
f 3090 3258 3092
f 3092 3258 3259
f 3092 3259 3260
f 2902 2892 2904
f 2904 2892 3177
f 2904 3177 2906
f 2906 3177 3175
f 2906 3175 3173
f 3123 3102 3125
f 3125 3102 3140
f 3125 3140 3138
f 3123 3121 3102
f 3102 3121 3119
f 3102 3119 3104
f 3104 3119 3118
f 3104 3118 3108
f 3108 3118 3115
f 3108 3115 3113
f 3044 3034 3046
f 3046 3034 3031
f 3046 3031 3048
f 3048 3031 3029
f 3048 3029 3027
f 3261 3008 3262
f 3262 3008 3006
f 3262 3006 3263
f 3263 3006 3004
f 3263 3004 3264
f 2962 2960 2976
f 2976 2960 2996
f 2976 2996 2977
f 2977 2996 2979
f 2958 3000 2960
f 2960 3000 2998
f 2960 2998 2996
f 3244 3062 3265
f 3265 3062 3060
f 3265 3060 3266
f 3266 3060 3058
f 3266 3058 3056
f 3250 3267 2920
f 2920 3267 3268
f 2920 3268 2934
f 2934 3268 3269
f 2934 3269 2946
f 2946 3269 3270
f 2946 3270 3251
f 3240 3271 3073
f 3073 3271 3272
f 3073 3272 3088
f 3088 3272 3273
f 3088 3273 3274
f 3275 3258 3276
f 3276 3258 3090
f 3276 3090 3277
f 3277 3090 3088
f 3277 3088 3278
f 3278 3088 3274
f 3171 3156 2906
f 2906 3156 3154
f 2906 3154 2908
f 2908 3154 3152
f 2908 3152 2910
f 3142 3102 3144
f 3144 3102 3100
f 3144 3100 3098
f 2954 3279 2956
f 2956 3279 3280
f 2956 3280 3000
f 3000 3280 3264
f 3000 3264 3002
f 3002 3264 3004
f 2946 2944 2941
f 2910 3152 3248
f 3248 3152 3150
f 3248 3150 3281
f 3281 3150 3148
f 3281 3148 3282
f 3027 3012 3048
f 3048 3012 3010
f 3048 3010 3050
f 3050 3010 3008
f 3050 3008 3052
f 3052 3008 3261
f 3052 3261 3054
f 3054 3261 3283
f 3054 3283 3056
f 3056 3283 3284
f 3056 3284 3266
f 3285 3286 3287
f 3287 3286 3266
f 3287 3266 3288
f 3288 3266 3284
f 3253 3241 2948
f 2948 3241 3243
f 2948 3243 2950
f 2950 3243 3286
f 2950 3286 2952
f 2952 3286 3285
f 2952 3285 2954
f 2954 3285 3289
f 2954 3289 3279
f 3092 3290 3291
f 2935 2934 2937
f 2937 2934 2946
f 2937 2946 2939
f 2939 2946 2941
f 3254 2918 3260
f 3260 2918 2916
f 3260 2916 3092
f 3092 2916 3292
f 3092 3292 3290
f 3248 3293 2912
f 2912 3293 3294
f 2912 3294 2914
f 2914 3294 3295
f 2914 3295 2916
f 2916 3295 3296
f 2916 3296 3292
f 3148 3146 3282
f 3282 3146 3144
f 3282 3144 3297
f 3297 3144 3098
f 3297 3098 3298
f 3298 3098 3096
f 3298 3096 3291
f 3291 3096 3094
f 3291 3094 3092
f 3197 3283 3198
f 3198 3283 3261
f 3198 3261 3199
f 3199 3261 3262
f 3199 3262 3202
f 3202 3262 3263
f 3202 3263 3201
f 3201 3263 3264
f 3201 3264 3200
f 3200 3264 3280
f 3200 3280 3203
f 3203 3280 3279
f 3203 3279 3204
f 3204 3279 3289
f 3204 3289 3208
f 3208 3289 3285
f 3208 3285 3209
f 3209 3285 3287
f 3209 3287 3211
f 3211 3287 3288
f 3211 3288 3218
f 3218 3288 3284
f 3218 3284 3197
f 3197 3284 3283
f 3234 3298 3235
f 3235 3298 3291
f 3235 3291 3236
f 3236 3291 3290
f 3236 3290 3230
f 3230 3290 3292
f 3230 3292 3231
f 3231 3292 3296
f 3231 3296 3232
f 3232 3296 3295
f 3232 3295 3238
f 3238 3295 3294
f 3238 3294 3237
f 3237 3294 3293
f 3237 3293 3224
f 3224 3293 3248
f 3224 3248 3225
f 3225 3248 3281
f 3225 3281 3196
f 3196 3281 3282
f 3196 3282 3233
f 3233 3282 3297
f 3233 3297 3234
f 3234 3297 3298
f 3186 3253 3187
f 3187 3253 3252
f 3187 3252 3179
f 3179 3252 3251
f 3179 3251 3180
f 3180 3251 3270
f 3180 3270 3215
f 3215 3270 3269
f 3186 3185 3253
f 3253 3185 3241
f 3194 3243 3242
f 3194 3242 3184
f 3184 3242 3241
f 3184 3241 3185
f 3194 3195 3243
f 3243 3195 3286
f 3195 3210 3286
f 3286 3210 3266
f 3210 3183 3266
f 3266 3183 3265
f 3181 3245 3244
f 3181 3244 3182
f 3182 3244 3265
f 3182 3265 3183
f 3181 3193 3245
f 3245 3193 3246
f 3228 3271 3229
f 3229 3271 3240
f 3229 3240 3191
f 3191 3240 3239
f 3191 3239 3192
f 3192 3239 3247
f 3192 3247 3193
f 3193 3247 3246
f 3228 3227 3271
f 3271 3227 3272
f 3212 3277 3213
f 3213 3277 3278
f 3213 3278 3214
f 3214 3278 3274
f 3214 3274 3226
f 3226 3274 3273
f 3226 3273 3227
f 3227 3273 3272
f 3212 3219 3277
f 3277 3219 3276
f 3223 3258 3275
f 3223 3275 3220
f 3220 3275 3276
f 3220 3276 3219
f 3223 3222 3258
f 3258 3222 3259
f 3222 3221 3259
f 3259 3221 3260
f 3221 3190 3260
f 3260 3190 3254
f 3188 3256 3255
f 3188 3255 3189
f 3189 3255 3254
f 3189 3254 3190
f 3188 3207 3256
f 3256 3207 3257
f 3216 3268 3217
f 3217 3268 3267
f 3217 3267 3205
f 3205 3267 3250
f 3205 3250 3206
f 3206 3250 3249
f 3206 3249 3207
f 3207 3249 3257
f 3216 3215 3268
f 3268 3215 3269
f 3299 3300 3301
f 3299 3301 3302
f 3302 3301 3303
f 3302 3303 3304
f 3304 3303 3305
f 3304 3305 3306
f 3306 3305 3307
f 3306 3307 3308
f 3309 3308 3310
f 3310 3308 3307
f 3311 3309 3312
f 3312 3309 3310
f 3313 3311 3314
f 3314 3311 3312
f 3315 3313 3316
f 3316 3313 3314
f 3317 3315 3318
f 3318 3315 3316
f 3319 3317 3320
f 3320 3317 3318
f 3321 3319 3322
f 3322 3319 3320
f 3323 3321 3324
f 3324 3321 3322
f 3325 3323 3326
f 3326 3323 3324
f 3327 3325 3328
f 3328 3325 3326
f 3329 3327 3330
f 3330 3327 3328
f 3331 3329 3332
f 3332 3329 3330
f 3331 3332 3333
f 3331 3333 3334
f 3334 3333 3335
f 3334 3335 3336
f 3336 3335 3337
f 3336 3337 3338
f 3338 3337 3339
f 3338 3339 3340
f 3341 3340 3342
f 3342 3340 3339
f 3341 3342 3343
f 3341 3343 3344
f 3344 3343 3345
f 3344 3345 3346
f 3346 3345 3347
f 3346 3347 3348
f 3348 3347 3349
f 3348 3349 3350
f 3351 3350 3352
f 3352 3350 3349
f 3353 3351 3354
f 3354 3351 3352
f 3355 3353 3356
f 3356 3353 3354
f 3357 3355 3358
f 3358 3355 3356
f 3359 3357 3360
f 3360 3357 3358
f 3361 3359 3362
f 3362 3359 3360
f 3363 3361 3364
f 3364 3361 3362
f 3365 3363 3366
f 3366 3363 3364
f 3367 3365 3368
f 3368 3365 3366
f 3369 3367 3370
f 3370 3367 3368
f 3371 3369 3372
f 3372 3369 3370
f 3373 3371 3374
f 3374 3371 3372
f 3373 3374 3375
f 3373 3375 3376
f 3376 3375 3377
f 3376 3377 3378
f 3378 3377 3379
f 3378 3379 3380
f 3380 3379 3381
f 3380 3381 3382
f 3383 3382 3384
f 3384 3382 3381
f 3383 3384 3385
f 3383 3385 3386
f 3386 3385 3387
f 3386 3387 3388
f 3388 3387 3389
f 3388 3389 3390
f 3391 3390 3392
f 3392 3390 3389
f 3391 3392 3393
f 3391 3393 3394
f 3394 3393 3395
f 3394 3395 3396
f 3396 3395 3397
f 3396 3397 3398
f 3398 3397 3399
f 3398 3399 3400
f 3401 3400 3402
f 3402 3400 3399
f 3403 3401 3404
f 3404 3401 3402
f 3405 3403 3406
f 3406 3403 3404
f 3407 3405 3408
f 3408 3405 3406
f 3409 3407 3410
f 3410 3407 3408
f 3411 3409 3412
f 3412 3409 3410
f 3413 3411 3414
f 3414 3411 3412
f 3415 3413 3416
f 3416 3413 3414
f 3417 3415 3418
f 3418 3415 3416
f 3419 3417 3420
f 3420 3417 3418
f 3421 3419 3422
f 3422 3419 3420
f 3423 3421 3424
f 3424 3421 3422
f 3423 3424 3425
f 3423 3425 3426
f 3426 3425 3427
f 3426 3427 3428
f 3428 3427 3429
f 3428 3429 3430
f 3430 3429 3431
f 3430 3431 3432
f 3433 3432 3434
f 3434 3432 3431
f 3433 3434 3435
f 3433 3435 3436
f 3436 3435 3437
f 3436 3437 3438
f 3438 3437 3439
f 3438 3439 3440
f 3441 3440 3442
f 3442 3440 3439
f 3441 3442 3443
f 3441 3443 3444
f 3444 3443 3445
f 3444 3445 3446
f 3446 3445 3447
f 3446 3447 3448
f 3448 3447 3449
f 3448 3449 3450
f 3451 3450 3452
f 3452 3450 3449
f 3453 3451 3454
f 3454 3451 3452
f 3455 3453 3456
f 3456 3453 3454
f 3457 3455 3458
f 3458 3455 3456
f 3459 3457 3460
f 3460 3457 3458
f 3461 3459 3462
f 3462 3459 3460
f 3463 3461 3464
f 3464 3461 3462
f 3465 3463 3466
f 3466 3463 3464
f 3467 3465 3468
f 3468 3465 3466
f 3469 3467 3470
f 3470 3467 3468
f 3471 3469 3472
f 3472 3469 3470
f 3473 3471 3474
f 3474 3471 3472
f 3473 3474 3475
f 3473 3475 3476
f 3476 3475 3477
f 3476 3477 3478
f 3478 3477 3479
f 3478 3479 3480
f 3480 3479 3481
f 3480 3481 3482
f 3483 3482 3484
f 3484 3482 3481
f 3483 3484 3485
f 3483 3485 3486
f 3486 3485 3487
f 3486 3487 3488
f 3488 3487 3489
f 3488 3489 3490
f 3490 3489 3491
f 3490 3491 3492
f 3493 3492 3494
f 3494 3492 3491
f 3495 3493 3496
f 3496 3493 3494
f 3497 3495 3498
f 3498 3495 3496
f 3499 3497 3500
f 3500 3497 3498
f 3501 3499 3502
f 3502 3499 3500
f 3503 3501 3504
f 3504 3501 3502
f 3505 3503 3506
f 3506 3503 3504
f 3507 3505 3508
f 3508 3505 3506
f 3509 3507 3510
f 3510 3507 3508
f 3511 3509 3512
f 3512 3509 3510
f 3513 3511 3514
f 3514 3511 3512
f 3515 3513 3516
f 3516 3513 3514
f 3515 3516 3517
f 3515 3517 3518
f 3518 3517 3519
f 3518 3519 3520
f 3520 3519 3521
f 3520 3521 3522
f 3522 3521 3523
f 3522 3523 3524
f 3525 3524 3526
f 3526 3524 3523
f 3525 3526 3527
f 3525 3527 3528
f 3528 3527 3529
f 3528 3529 3530
f 3530 3529 3531
f 3530 3531 3532
f 3532 3531 3533
f 3532 3533 3534
f 3535 3534 3536
f 3536 3534 3533
f 3535 3536 3537
f 3535 3537 3538
f 3538 3537 3539
f 3538 3539 3540
f 3540 3539 3541
f 3540 3541 3542
f 3542 3541 3543
f 3542 3543 3544
f 3545 3544 3546
f 3546 3544 3543
f 3547 3545 3548
f 3548 3545 3546
f 3549 3547 3550
f 3550 3547 3548
f 3551 3549 3552
f 3552 3549 3550
f 3553 3551 3554
f 3554 3551 3552
f 3555 3553 3556
f 3556 3553 3554
f 3557 3555 3558
f 3558 3555 3556
f 3559 3557 3560
f 3560 3557 3558
f 3561 3559 3562
f 3562 3559 3560
f 3563 3561 3564
f 3564 3561 3562
f 3565 3563 3566
f 3566 3563 3564
f 3567 3565 3568
f 3568 3565 3566
f 3567 3568 3569
f 3567 3569 3570
f 3570 3569 3571
f 3570 3571 3572
f 3572 3571 3573
f 3572 3573 3574
f 3574 3573 3575
f 3574 3575 3576
f 3577 3576 3578
f 3578 3576 3575
f 3577 3578 3579
f 3577 3579 3580
f 3580 3579 3581
f 3580 3581 3582
f 3582 3581 3583
f 3582 3583 3584
f 3584 3583 3585
f 3584 3585 3586
f 3299 3586 3300
f 3300 3586 3585
f 3495 3482 3483
f 3492 3493 3495
f 3492 3495 3490
f 3340 3341 3327
f 3428 3430 3426
f 3426 3430 3432
f 3426 3432 3423
f 3423 3432 3421
f 3350 3351 3353
f 3576 3577 3567
f 3327 3329 3331
f 3483 3486 3495
f 3495 3486 3488
f 3495 3488 3490
f 3400 3401 3403
f 3520 3522 3518
f 3518 3522 3524
f 3518 3524 3515
f 3515 3524 3513
f 3587 3588 3341
f 3369 3371 3382
f 3338 3340 3336
f 3336 3340 3327
f 3336 3327 3334
f 3334 3327 3331
f 3348 3350 3346
f 3346 3350 3353
f 3346 3353 3344
f 3344 3353 3341
f 3589 3590 3591
f 3592 3593 3353
f 3353 3593 3594
f 3353 3594 3341
f 3341 3594 3595
f 3341 3595 3587
f 3457 3459 3415
f 3378 3380 3376
f 3376 3380 3382
f 3376 3382 3373
f 3373 3382 3371
f 3396 3398 3394
f 3394 3398 3400
f 3441 3444 3446
f 3561 3563 3313
f 3386 3388 3390
f 3545 3547 3544
f 3544 3547 3534
f 3596 3597 3598
f 3567 3577 3565
f 3421 3432 3419
f 3419 3432 3433
f 3419 3433 3455
f 3599 3600 3469
f 3469 3600 3601
f 3469 3601 3467
f 3540 3542 3538
f 3538 3542 3544
f 3538 3544 3535
f 3535 3544 3534
f 3304 3306 3308
f 3383 3386 3403
f 3403 3386 3390
f 3403 3390 3400
f 3400 3390 3391
f 3400 3391 3394
f 3592 3353 3602
f 3602 3353 3355
f 3602 3355 3603
f 3603 3355 3357
f 3603 3357 3359
f 3604 3503 3505
f 3570 3572 3567
f 3567 3572 3574
f 3567 3574 3576
f 3461 3605 3459
f 3459 3605 3606
f 3459 3606 3415
f 3415 3606 3607
f 3433 3436 3455
f 3455 3436 3438
f 3455 3438 3453
f 3453 3438 3440
f 3453 3440 3451
f 3451 3440 3441
f 3451 3441 3450
f 3450 3441 3446
f 3450 3446 3448
f 3457 3415 3455
f 3455 3415 3417
f 3455 3417 3419
f 3311 3586 3309
f 3309 3586 3299
f 3309 3299 3308
f 3308 3299 3302
f 3308 3302 3304
f 3608 3407 3609
f 3609 3407 3409
f 3609 3409 3610
f 3610 3409 3411
f 3610 3411 3607
f 3607 3411 3413
f 3607 3413 3415
f 3382 3383 3369
f 3369 3383 3403
f 3369 3403 3367
f 3367 3403 3405
f 3367 3405 3365
f 3365 3405 3407
f 3365 3407 3363
f 3363 3407 3608
f 3363 3608 3361
f 3361 3608 3611
f 3361 3611 3359
f 3359 3611 3612
f 3359 3612 3603
f 3613 3614 3327
f 3327 3614 3615
f 3327 3615 3325
f 3509 3530 3532
f 3612 3616 3603
f 3603 3616 3617
f 3603 3617 3618
f 3618 3617 3619
f 3620 3621 3495
f 3495 3621 3622
f 3588 3623 3341
f 3341 3623 3624
f 3341 3624 3327
f 3327 3624 3625
f 3327 3625 3613
f 3513 3524 3511
f 3511 3524 3525
f 3511 3525 3509
f 3509 3525 3528
f 3509 3528 3530
f 3565 3577 3563
f 3563 3577 3580
f 3563 3580 3582
f 3311 3313 3586
f 3586 3313 3563
f 3586 3563 3584
f 3584 3563 3582
f 3601 3589 3467
f 3467 3589 3591
f 3467 3591 3465
f 3465 3591 3618
f 3465 3618 3463
f 3463 3618 3619
f 3463 3619 3461
f 3461 3619 3626
f 3461 3626 3605
f 3620 3495 3627
f 3627 3495 3497
f 3627 3497 3628
f 3615 3596 3325
f 3325 3596 3598
f 3325 3598 3323
f 3323 3598 3629
f 3323 3629 3499
f 3499 3629 3630
f 3499 3630 3497
f 3497 3630 3631
f 3497 3631 3628
f 3551 3507 3549
f 3549 3507 3509
f 3549 3509 3547
f 3547 3509 3532
f 3547 3532 3534
f 3632 3633 3555
f 3561 3313 3559
f 3559 3313 3315
f 3559 3315 3317
f 3622 3634 3495
f 3495 3634 3635
f 3495 3635 3482
f 3482 3635 3636
f 3482 3636 3469
f 3469 3636 3637
f 3469 3637 3599
f 3469 3471 3473
f 3555 3633 3553
f 3553 3633 3604
f 3553 3604 3551
f 3551 3604 3505
f 3551 3505 3507
f 3480 3482 3478
f 3478 3482 3469
f 3478 3469 3476
f 3476 3469 3473
f 3499 3638 3323
f 3323 3638 3639
f 3323 3639 3640
f 3604 3641 3503
f 3503 3641 3642
f 3503 3642 3501
f 3501 3642 3643
f 3501 3643 3499
f 3499 3643 3644
f 3499 3644 3638
f 3555 3557 3632
f 3632 3557 3559
f 3632 3559 3645
f 3645 3559 3317
f 3645 3317 3646
f 3646 3317 3319
f 3646 3319 3640
f 3640 3319 3321
f 3640 3321 3323
f 3516 3514 3512
f 3328 3342 3339
f 3484 3481 3496
f 3429 3427 3431
f 3431 3427 3425
f 3332 3330 3328
f 3536 3533 3543
f 3496 3494 3491
f 3519 3517 3521
f 3521 3517 3516
f 3568 3566 3564
f 3300 3310 3307
f 3333 3332 3335
f 3335 3332 3328
f 3335 3328 3337
f 3337 3328 3339
f 3485 3484 3487
f 3487 3484 3496
f 3487 3496 3489
f 3489 3496 3491
f 3474 3472 3470
f 3543 3533 3546
f 3301 3300 3303
f 3303 3300 3307
f 3303 3307 3305
f 3571 3569 3573
f 3573 3569 3568
f 3573 3568 3575
f 3647 3648 3481
f 3550 3548 3510
f 3442 3452 3449
f 3541 3539 3543
f 3543 3539 3537
f 3543 3537 3536
f 3649 3650 3651
f 3475 3474 3477
f 3477 3474 3470
f 3477 3470 3479
f 3479 3470 3481
f 3370 3384 3372
f 3372 3384 3381
f 3372 3381 3374
f 3366 3364 3408
f 3449 3447 3442
f 3442 3447 3445
f 3442 3445 3443
f 3652 3653 3470
f 3470 3653 3654
f 3470 3654 3481
f 3481 3654 3655
f 3481 3655 3647
f 3575 3568 3578
f 3578 3568 3564
f 3578 3564 3579
f 3395 3393 3397
f 3397 3393 3392
f 3397 3392 3399
f 3399 3392 3389
f 3379 3377 3381
f 3381 3377 3375
f 3381 3375 3374
f 3425 3424 3431
f 3431 3424 3422
f 3431 3422 3434
f 3434 3422 3420
f 3434 3420 3435
f 3656 3320 3318
f 3387 3404 3389
f 3389 3404 3402
f 3389 3402 3399
f 3328 3657 3658
f 3314 3581 3579
f 3659 3660 3354
f 3354 3660 3661
f 3354 3661 3356
f 3662 3663 3326
f 3326 3663 3664
f 3326 3664 3328
f 3328 3664 3665
f 3328 3665 3657
f 3498 3666 3500
f 3500 3666 3667
f 3500 3667 3668
f 3310 3300 3312
f 3312 3300 3585
f 3312 3585 3314
f 3314 3585 3583
f 3314 3583 3581
f 3531 3510 3533
f 3533 3510 3548
f 3533 3548 3546
f 3531 3529 3510
f 3510 3529 3527
f 3510 3527 3512
f 3512 3527 3526
f 3512 3526 3516
f 3516 3526 3523
f 3516 3523 3521
f 3452 3442 3454
f 3454 3442 3439
f 3454 3439 3456
f 3456 3439 3437
f 3456 3437 3435
f 3669 3416 3670
f 3670 3416 3414
f 3670 3414 3671
f 3671 3414 3412
f 3671 3412 3672
f 3370 3368 3384
f 3384 3368 3404
f 3384 3404 3385
f 3385 3404 3387
f 3366 3408 3368
f 3368 3408 3406
f 3368 3406 3404
f 3652 3470 3673
f 3673 3470 3468
f 3673 3468 3674
f 3674 3468 3466
f 3674 3466 3464
f 3658 3675 3328
f 3328 3675 3676
f 3328 3676 3342
f 3342 3676 3677
f 3342 3677 3354
f 3354 3677 3678
f 3354 3678 3659
f 3648 3679 3481
f 3481 3679 3680
f 3481 3680 3496
f 3496 3680 3681
f 3496 3681 3682
f 3683 3666 3684
f 3684 3666 3498
f 3684 3498 3685
f 3685 3498 3496
f 3685 3496 3686
f 3686 3496 3682
f 3579 3564 3314
f 3314 3564 3562
f 3314 3562 3316
f 3316 3562 3560
f 3316 3560 3318
f 3550 3510 3552
f 3552 3510 3508
f 3552 3508 3506
f 3362 3687 3364
f 3364 3687 3688
f 3364 3688 3408
f 3408 3688 3672
f 3408 3672 3410
f 3410 3672 3412
f 3354 3352 3349
f 3318 3560 3656
f 3656 3560 3558
f 3656 3558 3689
f 3689 3558 3556
f 3689 3556 3690
f 3435 3420 3456
f 3456 3420 3418
f 3456 3418 3458
f 3458 3418 3416
f 3458 3416 3460
f 3460 3416 3669
f 3460 3669 3462
f 3462 3669 3691
f 3462 3691 3464
f 3464 3691 3692
f 3464 3692 3674
f 3693 3694 3695
f 3695 3694 3674
f 3695 3674 3696
f 3696 3674 3692
f 3661 3649 3356
f 3356 3649 3651
f 3356 3651 3358
f 3358 3651 3694
f 3358 3694 3360
f 3360 3694 3693
f 3360 3693 3362
f 3362 3693 3697
f 3362 3697 3687
f 3500 3698 3699
f 3343 3342 3345
f 3345 3342 3354
f 3345 3354 3347
f 3347 3354 3349
f 3662 3326 3668
f 3668 3326 3324
f 3668 3324 3500
f 3500 3324 3700
f 3500 3700 3698
f 3656 3701 3320
f 3320 3701 3702
f 3320 3702 3322
f 3322 3702 3703
f 3322 3703 3324
f 3324 3703 3704
f 3324 3704 3700
f 3556 3554 3690
f 3690 3554 3552
f 3690 3552 3705
f 3705 3552 3506
f 3705 3506 3706
f 3706 3506 3504
f 3706 3504 3699
f 3699 3504 3502
f 3699 3502 3500
f 3605 3691 3606
f 3606 3691 3669
f 3606 3669 3607
f 3607 3669 3670
f 3607 3670 3610
f 3610 3670 3671
f 3610 3671 3609
f 3609 3671 3672
f 3609 3672 3608
f 3608 3672 3688
f 3608 3688 3611
f 3611 3688 3687
f 3611 3687 3612
f 3612 3687 3697
f 3612 3697 3616
f 3616 3697 3693
f 3616 3693 3617
f 3617 3693 3695
f 3617 3695 3619
f 3619 3695 3696
f 3619 3696 3626
f 3626 3696 3692
f 3626 3692 3605
f 3605 3692 3691
f 3642 3706 3643
f 3643 3706 3699
f 3643 3699 3644
f 3644 3699 3698
f 3644 3698 3638
f 3638 3698 3700
f 3638 3700 3639
f 3639 3700 3704
f 3639 3704 3640
f 3640 3704 3703
f 3640 3703 3646
f 3646 3703 3702
f 3646 3702 3645
f 3645 3702 3701
f 3645 3701 3632
f 3632 3701 3656
f 3632 3656 3633
f 3633 3656 3689
f 3633 3689 3604
f 3604 3689 3690
f 3604 3690 3641
f 3641 3690 3705
f 3641 3705 3642
f 3642 3705 3706
f 3594 3661 3595
f 3595 3661 3660
f 3595 3660 3587
f 3587 3660 3659
f 3587 3659 3588
f 3588 3659 3678
f 3588 3678 3623
f 3623 3678 3677
f 3594 3593 3661
f 3661 3593 3649
f 3602 3651 3650
f 3602 3650 3592
f 3592 3650 3649
f 3592 3649 3593
f 3602 3603 3651
f 3651 3603 3694
f 3603 3618 3694
f 3694 3618 3674
f 3618 3591 3674
f 3674 3591 3673
f 3589 3653 3652
f 3589 3652 3590
f 3590 3652 3673
f 3590 3673 3591
f 3589 3601 3653
f 3653 3601 3654
f 3636 3679 3637
f 3637 3679 3648
f 3637 3648 3599
f 3599 3648 3647
f 3599 3647 3600
f 3600 3647 3655
f 3600 3655 3601
f 3601 3655 3654
f 3636 3635 3679
f 3679 3635 3680
f 3620 3685 3621
f 3621 3685 3686
f 3621 3686 3622
f 3622 3686 3682
f 3622 3682 3634
f 3634 3682 3681
f 3634 3681 3635
f 3635 3681 3680
f 3620 3627 3685
f 3685 3627 3684
f 3631 3666 3683
f 3631 3683 3628
f 3628 3683 3684
f 3628 3684 3627
f 3631 3630 3666
f 3666 3630 3667
f 3630 3629 3667
f 3667 3629 3668
f 3629 3598 3668
f 3668 3598 3662
f 3596 3664 3663
f 3596 3663 3597
f 3597 3663 3662
f 3597 3662 3598
f 3596 3615 3664
f 3664 3615 3665
f 3624 3676 3625
f 3625 3676 3675
f 3625 3675 3613
f 3613 3675 3658
f 3613 3658 3614
f 3614 3658 3657
f 3614 3657 3615
f 3615 3657 3665
f 3624 3623 3676
f 3676 3623 3677

