mtllib material.mtl
usemtl mtl_m44
v 0.12065000 0.11375572 -0.00000000
v 0.11758100 0.12065000 -0.00000000
v 0.12065000 0.12065000 -0.00000000
v 0.12065000 0.12065000 0.00700000
v 0.12065000 0.11375572 0.00700000
v 0.11758100 0.11375572 -0.00000000
v 0.11375572 0.12065000 -0.00000000
v 0.12065000 0.10686143 -0.00000000
v 0.11758100 0.10686143 -0.00000000
v 0.11057400 0.11375572 -0.00000000
v 0.11057400 0.12065000 -0.00000000
v 0.12065000 0.09996714 -0.00000000
v 0.11758100 0.09996714 -0.00000000
v 0.11057400 0.10686143 -0.00000000
v 0.12065000 0.09307286 -0.00000000
v 0.11758100 0.09307286 -0.00000000
v 0.11057400 0.09996714 -0.00000000
v 0.12065000 0.08617857 -0.00000000
v 0.11758100 0.08617857 -0.00000000
v 0.11057400 0.09307286 -0.00000000
v 0.12065000 0.07928429 -0.00000000
v 0.11758100 0.07928429 -0.00000000
v 0.11057400 0.08617857 -0.00000000
v 0.12065000 0.07239000 -0.00000000
v 0.11758100 0.07239000 -0.00000000
v 0.11057400 0.07928429 -0.00000000
v 0.12065000 0.06549571 -0.00000000
v 0.11758100 0.06549571 -0.00000000
v 0.11057400 0.07239000 -0.00000000
v 0.12065000 0.05860143 -0.00000000
v 0.11758100 0.05860143 -0.00000000
v 0.11057400 0.06549571 -0.00000000
v 0.12065000 0.05170714 -0.00000000
v 0.11758100 0.05170714 -0.00000000
v 0.11057400 0.05860143 -0.00000000
v 0.12065000 0.04481286 -0.00000000
v 0.11758100 0.04481286 -0.00000000
v 0.11057400 0.05170714 -0.00000000
v 0.12065000 0.03791857 -0.00000000
v 0.11758100 0.03791857 -0.00000000
v 0.11057400 0.04481286 -0.00000000
v 0.12065000 0.03102429 -0.00000000
v 0.11758100 0.03102429 -0.00000000
v 0.11057400 0.03791857 -0.00000000
v 0.12065000 0.02413000 -0.00000000
v 0.11758100 0.02413000 -0.00000000
v 0.11057400 0.03102429 -0.00000000
v 0.12065000 0.01723571 -0.00000000
v 0.11758100 0.01723571 -0.00000000
v 0.11057400 0.02413000 -0.00000000
v 0.12065000 0.01034143 -0.00000000
v 0.11758100 0.01034143 -0.00000000
v 0.11057400 0.01723571 -0.00000000
v 0.12065000 0.00344714 -0.00000000
v 0.11758100 0.00344714 -0.00000000
v 0.11057400 0.01034143 -0.00000000
v 0.12065000 -0.00344714 0.00000000
v 0.11758100 -0.00344714 0.00000000
v 0.11057400 0.00344714 -0.00000000
v 0.12065000 -0.01034143 0.00000000
v 0.11758100 -0.01034143 0.00000000
v 0.11057400 -0.00344714 0.00000000
v 0.12065000 -0.01723571 0.00000000
v 0.11758100 -0.01723571 0.00000000
v 0.11057400 -0.01034143 0.00000000
v 0.12065000 -0.02413000 0.00000000
v 0.11758100 -0.02413000 0.00000000
v 0.11057400 -0.01723571 0.00000000
v 0.12065000 -0.03102429 0.00000000
v 0.11758100 -0.03102429 0.00000000
v 0.11057400 -0.02413000 0.00000000
v 0.12065000 -0.03791857 0.00000000
v 0.11758100 -0.03791857 0.00000000
v 0.11057400 -0.03102429 0.00000000
v 0.12065000 -0.04481286 0.00000000
v 0.11758100 -0.04481286 0.00000000
v 0.11057400 -0.03791857 0.00000000
v 0.12065000 -0.05170714 0.00000000
v 0.11758100 -0.05170714 0.00000000
v 0.11057400 -0.04481286 0.00000000
v 0.12065000 -0.05860143 0.00000000
v 0.11758100 -0.05860143 0.00000000
v 0.11057400 -0.05170714 0.00000000
v 0.12065000 -0.06549571 0.00000000
v 0.11758100 -0.06549571 0.00000000
v 0.11057400 -0.05860143 0.00000000
v 0.12065000 -0.07239000 0.00000000
v 0.11758100 -0.07239000 0.00000000
v 0.11057400 -0.06549571 0.00000000
v 0.12065000 -0.07928429 0.00000000
v 0.11758100 -0.07928429 0.00000000
v 0.11057400 -0.07239000 0.00000000
v 0.12065000 -0.08617857 0.00000000
v 0.11758100 -0.08617857 0.00000000
v 0.11057400 -0.07928429 0.00000000
v 0.12065000 -0.09307286 0.00000000
v 0.11758100 -0.09307286 0.00000000
v 0.11057400 -0.08617857 0.00000000
v 0.12065000 -0.09996714 0.00000000
v 0.11758100 -0.09996714 0.00000000
v 0.11057400 -0.09307286 0.00000000
v 0.12065000 -0.10686143 0.00000000
v 0.11758100 -0.10686143 0.00000000
v 0.11057400 -0.09996714 0.00000000
v 0.12065000 -0.11375572 0.00000000
v 0.11758100 -0.11375572 0.00000000
v 0.11057400 -0.10686143 0.00000000
v 0.12065000 -0.12065000 0.00000000
v 0.11758100 -0.12065000 0.00000000
v 0.11057400 -0.11375572 0.00000000
v 0.11375572 -0.12065000 0.00700000
v 0.11375572 -0.12065000 0.00000000
v 0.12065000 -0.12065000 0.00700000
v 0.12065000 -0.11375572 0.00700000
v 0.12065000 -0.10686143 0.00700000
v 0.12065000 -0.09996714 0.00700000
v 0.12065000 -0.09307286 0.00700000
v 0.12065000 -0.08617857 0.00700000
v 0.12065000 -0.07928429 0.00700000
v 0.12065000 -0.07239000 0.00700000
v 0.12065000 -0.06549571 0.00700000
v 0.12065000 -0.05860143 0.00700000
v 0.12065000 -0.05170714 0.00700000
v 0.12065000 -0.04481286 0.00700000
v 0.12065000 -0.03791857 0.00700000
v 0.12065000 -0.03102429 0.00700000
v 0.12065000 -0.02413000 0.00700000
v 0.12065000 -0.01723571 0.00700000
v 0.12065000 -0.01034143 0.00700000
v 0.12065000 -0.00344714 0.00700000
v 0.12065000 0.00344714 0.00700000
v 0.12065000 0.01034143 0.00700000
v 0.12065000 0.01723571 0.00700000
v 0.12065000 0.02413000 0.00700000
v 0.12065000 0.03102429 0.00700000
v 0.12065000 0.03791857 0.00700000
v 0.12065000 0.04481286 0.00700000
v 0.12065000 0.05170714 0.00700000
v 0.12065000 0.05860143 0.00700000
v 0.12065000 0.06549571 0.00700000
v 0.12065000 0.07239000 0.00700000
v 0.12065000 0.07928429 0.00700000
v 0.12065000 0.08617857 0.00700000
v 0.12065000 0.09307286 0.00700000
v 0.12065000 0.09996714 0.00700000
v 0.12065000 0.10686143 0.00700000
v 0.11375572 0.12065000 0.00700000
v 0.10686143 0.12065000 -0.00000000
v 0.10356700 0.11375572 -0.00000000
v 0.10356700 0.12065000 -0.00000000
v 0.10356700 0.10686143 -0.00000000
v 0.10356700 0.09996714 -0.00000000
v 0.10356700 0.09307286 -0.00000000
v 0.10356700 0.08617857 -0.00000000
v 0.10356700 0.07928429 -0.00000000
v 0.10356700 0.07239000 -0.00000000
v 0.10356700 0.06549571 -0.00000000
v 0.10356700 0.05860143 -0.00000000
v 0.10356700 0.05170714 -0.00000000
v 0.10356700 0.04481286 -0.00000000
v 0.10356700 0.03791857 -0.00000000
v 0.10356700 0.03102429 -0.00000000
v 0.10356700 0.02413000 -0.00000000
v 0.10356700 0.01723571 -0.00000000
v 0.10356700 0.01034143 -0.00000000
v 0.10356700 0.00344714 -0.00000000
v 0.10356700 -0.00344714 0.00000000
v 0.10356700 -0.01034143 0.00000000
v 0.10356700 -0.01723571 0.00000000
v 0.10356700 -0.02413000 0.00000000
v 0.10356700 -0.03102429 0.00000000
v 0.10356700 -0.03791857 0.00000000
v 0.10356700 -0.04481286 0.00000000
v 0.10356700 -0.05170714 0.00000000
v 0.10356700 -0.05860143 0.00000000
v 0.10356700 -0.06549571 0.00000000
v 0.10356700 -0.07239000 0.00000000
v 0.10356700 -0.07928429 0.00000000
v 0.10356700 -0.08617857 0.00000000
v 0.10356700 -0.09307286 0.00000000
v 0.10356700 -0.09996714 0.00000000
v 0.10356700 -0.10686143 0.00000000
v 0.11057400 -0.12065000 0.00000000
v 0.10356700 -0.11375572 0.00000000
v 0.10686143 -0.12065000 0.00700000
v 0.10686143 -0.12065000 0.00000000
v 0.10686143 0.12065000 0.00700000
v 0.09996714 0.12065000 -0.00000000
v 0.09655999 0.11375572 -0.00000000
v 0.09655999 0.12065000 -0.00000000
v 0.09655999 0.10686143 -0.00000000
v 0.09655999 0.09996714 -0.00000000
v 0.09655999 0.09307286 -0.00000000
v 0.09655999 0.08617857 -0.00000000
v 0.09655999 0.07928429 -0.00000000
v 0.09655999 0.07239000 -0.00000000
v 0.09655999 0.06549571 -0.00000000
v 0.09655999 0.05860143 -0.00000000
v 0.09655999 0.05170714 -0.00000000
v 0.09655999 0.04481286 -0.00000000
v 0.09655999 0.03791857 -0.00000000
v 0.09655999 0.03102429 -0.00000000
v 0.09655999 0.02413000 -0.00000000
v 0.09655999 0.01723571 -0.00000000
v 0.09655999 0.01034143 -0.00000000
v 0.09655999 0.00344714 -0.00000000
v 0.09655999 -0.00344714 0.00000000
v 0.09655999 -0.01034143 0.00000000
v 0.09655999 -0.01723571 0.00000000
v 0.09655999 -0.02413000 0.00000000
v 0.09655999 -0.03102429 0.00000000
v 0.09655999 -0.03791857 0.00000000
v 0.09655999 -0.04481286 0.00000000
v 0.09655999 -0.05170714 0.00000000
v 0.09655999 -0.05860143 0.00000000
v 0.09655999 -0.06549571 0.00000000
v 0.09655999 -0.07239000 0.00000000
v 0.09655999 -0.07928429 0.00000000
v 0.09655999 -0.08617857 0.00000000
v 0.09655999 -0.09307286 0.00000000
v 0.09655999 -0.09996714 0.00000000
v 0.09655999 -0.10686143 0.00000000
v 0.10356700 -0.12065000 0.00000000
v 0.09655999 -0.11375572 0.00000000
v 0.09996714 -0.12065000 0.00700000
v 0.09996714 -0.12065000 0.00000000
v 0.09996714 0.12065000 0.00700000
v 0.09307286 0.12065000 -0.00000000
v 0.08955300 0.11375572 -0.00000000
v 0.08955300 0.12065000 -0.00000000
v 0.08955300 0.10686143 -0.00000000
v 0.08955300 0.09996714 -0.00000000
v 0.08955300 0.09307286 -0.00000000
v 0.08955300 0.08617857 -0.00000000
v 0.08955300 0.07928429 -0.00000000
v 0.08955300 0.07239000 -0.00000000
v 0.08955300 0.06549571 -0.00000000
v 0.08955300 0.05860143 -0.00000000
v 0.08955300 0.05170714 -0.00000000
v 0.08955300 0.04481286 -0.00000000
v 0.08955300 0.03791857 -0.00000000
v 0.08955300 0.03102429 -0.00000000
v 0.08955300 0.02413000 -0.00000000
v 0.08955300 0.01723571 -0.00000000
v 0.08955300 0.01034143 -0.00000000
v 0.08955300 0.00344714 -0.00000000
v 0.08955300 -0.00344714 0.00000000
v 0.08955300 -0.01034143 0.00000000
v 0.08955300 -0.01723571 0.00000000
v 0.08955300 -0.02413000 0.00000000
v 0.08955300 -0.03102429 0.00000000
v 0.08955300 -0.03791857 0.00000000
v 0.08955300 -0.04481286 0.00000000
v 0.08955300 -0.05170714 0.00000000
v 0.08955300 -0.05860143 0.00000000
v 0.08955300 -0.06549571 0.00000000
v 0.08955300 -0.07239000 0.00000000
v 0.08955300 -0.07928429 0.00000000
v 0.08955300 -0.08617857 0.00000000
v 0.08955300 -0.09307286 0.00000000
v 0.08955300 -0.09996714 0.00000000
v 0.08955300 -0.10686143 0.00000000
v 0.09655999 -0.12065000 0.00000000
v 0.08955300 -0.11375572 0.00000000
v 0.09307286 -0.12065000 0.00700000
v 0.09307286 -0.12065000 0.00000000
v 0.09307286 0.12065000 0.00700000
v 0.08617857 0.12065000 -0.00000000
v 0.08254600 0.11375572 -0.00000000
v 0.08254600 0.12065000 -0.00000000
v 0.08254600 0.10686143 -0.00000000
v 0.08254600 0.09996714 -0.00000000
v 0.08254600 0.09307286 -0.00000000
v 0.08254600 0.08617857 -0.00000000
v 0.08254600 0.07928429 -0.00000000
v 0.08254600 0.07239000 -0.00000000
v 0.08254600 0.06549571 -0.00000000
v 0.08254600 0.05860143 -0.00000000
v 0.08254600 0.05170714 -0.00000000
v 0.08254600 0.04481286 -0.00000000
v 0.08254600 0.03791857 -0.00000000
v 0.08254600 0.03102429 -0.00000000
v 0.08254600 0.02413000 -0.00000000
v 0.08254600 0.01723571 -0.00000000
v 0.08254600 0.01034143 -0.00000000
v 0.08254600 0.00344714 -0.00000000
v 0.08254600 -0.00344714 0.00000000
v 0.08254600 -0.01034143 0.00000000
v 0.08254600 -0.01723571 0.00000000
v 0.08254600 -0.02413000 0.00000000
v 0.08254600 -0.03102429 0.00000000
v 0.08254600 -0.03791857 0.00000000
v 0.08254600 -0.04481286 0.00000000
v 0.08254600 -0.05170714 0.00000000
v 0.08254600 -0.05860143 0.00000000
v 0.08254600 -0.06549571 0.00000000
v 0.08254600 -0.07239000 0.00000000
v 0.08254600 -0.07928429 0.00000000
v 0.08254600 -0.08617857 0.00000000
v 0.08254600 -0.09307286 0.00000000
v 0.08254600 -0.09996714 0.00000000
v 0.08254600 -0.10686143 0.00000000
v 0.08955300 -0.12065000 0.00000000
v 0.08254600 -0.11375572 0.00000000
v 0.08617857 -0.12065000 0.00700000
v 0.08617857 -0.12065000 0.00000000
v 0.08617857 0.12065000 0.00700000
v 0.07928429 0.12065000 -0.00000000
v 0.07553900 0.11375572 -0.00000000
v 0.07553900 0.12065000 -0.00000000
v 0.07553900 0.10686143 -0.00000000
v 0.07553900 0.09996714 -0.00000000
v 0.07553900 0.09307286 -0.00000000
v 0.07553900 0.08617857 -0.00000000
v 0.07553900 0.07928429 -0.00000000
v 0.07553900 0.07239000 -0.00000000
v 0.07553900 0.06549571 -0.00000000
v 0.07553900 0.05860143 -0.00000000
v 0.07553900 0.05170714 -0.00000000
v 0.07553900 0.04481286 -0.00000000
v 0.07553900 0.03791857 -0.00000000
v 0.07553900 0.03102429 -0.00000000
v 0.07553900 0.02413000 -0.00000000
v 0.07553900 0.01723571 -0.00000000
v 0.07553900 0.01034143 -0.00000000
v 0.07553900 0.00344714 -0.00000000
v 0.07553900 -0.00344714 0.00000000
v 0.07553900 -0.01034143 0.00000000
v 0.07553900 -0.01723571 0.00000000
v 0.07553900 -0.02413000 0.00000000
v 0.07553900 -0.03102429 0.00000000
v 0.07553900 -0.03791857 0.00000000
v 0.07553900 -0.04481286 0.00000000
v 0.07553900 -0.05170714 0.00000000
v 0.07553900 -0.05860143 0.00000000
v 0.07553900 -0.06549571 0.00000000
v 0.07553900 -0.07239000 0.00000000
v 0.07553900 -0.07928429 0.00000000
v 0.07553900 -0.08617857 0.00000000
v 0.07553900 -0.09307286 0.00000000
v 0.07553900 -0.09996714 0.00000000
v 0.07553900 -0.10686143 0.00000000
v 0.08254600 -0.12065000 0.00000000
v 0.07553900 -0.11375572 0.00000000
v 0.07928429 -0.12065000 0.00700000
v 0.07928429 -0.12065000 0.00000000
v 0.07928429 0.12065000 0.00700000
v 0.07239000 0.12065000 -0.00000000
v 0.06853200 0.11375572 -0.00000000
v 0.06853200 0.12065000 -0.00000000
v 0.06853200 0.10686143 -0.00000000
v 0.06853200 0.09996714 -0.00000000
v 0.06853200 0.09307286 -0.00000000
v 0.06853200 0.08617857 -0.00000000
v 0.06853200 0.07928429 -0.00000000
v 0.06853200 0.07239000 -0.00000000
v 0.06853200 0.06549571 -0.00000000
v 0.06853200 0.05860143 -0.00000000
v 0.06853200 0.05170714 -0.00000000
v 0.06853200 0.04481286 -0.00000000
v 0.06853200 0.03791857 -0.00000000
v 0.06853200 0.03102429 -0.00000000
v 0.06853200 0.02413000 -0.00000000
v 0.06853200 0.01723571 -0.00000000
v 0.06853200 0.01034143 -0.00000000
v 0.06853200 0.00344714 -0.00000000
v 0.06853200 -0.00344714 0.00000000
v 0.06853200 -0.01034143 0.00000000
v 0.06853200 -0.01723571 0.00000000
v 0.06853200 -0.02413000 0.00000000
v 0.06853200 -0.03102429 0.00000000
v 0.06853200 -0.03791857 0.00000000
v 0.06853200 -0.04481286 0.00000000
v 0.06853200 -0.05170714 0.00000000
v 0.06853200 -0.05860143 0.00000000
v 0.06853200 -0.06549571 0.00000000
v 0.06853200 -0.07239000 0.00000000
v 0.06853200 -0.07928429 0.00000000
v 0.06853200 -0.08617857 0.00000000
v 0.06853200 -0.09307286 0.00000000
v 0.06853200 -0.09996714 0.00000000
v 0.06853200 -0.10686143 0.00000000
v 0.07553900 -0.12065000 0.00000000
v 0.06853200 -0.11375572 0.00000000
v 0.07239000 -0.12065000 0.00700000
v 0.07239000 -0.12065000 0.00000000
v 0.07239000 0.12065000 0.00700000
v 0.06549571 0.12065000 -0.00000000
v 0.06152500 0.11375572 -0.00000000
v 0.06152500 0.12065000 -0.00000000
v 0.06152500 0.10686143 -0.00000000
v 0.06152500 0.09996714 -0.00000000
v 0.06152500 0.09307286 -0.00000000
v 0.06152500 0.08617857 -0.00000000
v 0.06152500 0.07928429 -0.00000000
v 0.06152500 0.07239000 -0.00000000
v 0.06152500 0.06549571 -0.00000000
v 0.06152500 0.05860143 -0.00000000
v 0.06152500 0.05170714 -0.00000000
v 0.06152500 0.04481286 -0.00000000
v 0.06152500 0.03791857 -0.00000000
v 0.06152500 0.03102429 -0.00000000
v 0.06152500 0.02413000 -0.00000000
v 0.06152500 0.01723571 -0.00000000
v 0.06152500 0.01034143 -0.00000000
v 0.06152500 0.00344714 -0.00000000
v 0.06152500 -0.00344714 0.00000000
v 0.06152500 -0.01034143 0.00000000
v 0.06152500 -0.01723571 0.00000000
v 0.06152500 -0.02413000 0.00000000
v 0.06152500 -0.03102429 0.00000000
v 0.06152500 -0.03791857 0.00000000
v 0.06152500 -0.04481286 0.00000000
v 0.06152500 -0.05170714 0.00000000
v 0.06152500 -0.05860143 0.00000000
v 0.06152500 -0.06549571 0.00000000
v 0.06152500 -0.07239000 0.00000000
v 0.06152500 -0.07928429 0.00000000
v 0.06152500 -0.08617857 0.00000000
v 0.06152500 -0.09307286 0.00000000
v 0.06152500 -0.09996714 0.00000000
v 0.06152500 -0.10686143 0.00000000
v 0.06853200 -0.12065000 0.00000000
v 0.06152500 -0.11375572 0.00000000
v 0.06549571 -0.12065000 0.00700000
v 0.06549571 -0.12065000 0.00000000
v 0.06549571 0.12065000 0.00700000
v 0.05860143 0.12065000 -0.00000000
v 0.05451800 0.11375572 -0.00000000
v 0.05451800 0.12065000 -0.00000000
v 0.05451800 0.10686143 -0.00000000
v 0.05451800 0.09996714 -0.00000000
v 0.05451800 0.09307286 -0.00000000
v 0.05451800 0.08617857 -0.00000000
v 0.05451800 0.07928429 -0.00000000
v 0.05451800 0.07239000 -0.00000000
v 0.05451800 0.06549571 -0.00000000
v 0.05451800 0.05860143 -0.00000000
v 0.05451800 0.05170714 -0.00000000
v 0.05451800 0.04481286 -0.00000000
v 0.05451800 0.03791857 -0.00000000
v 0.05451800 0.03102429 -0.00000000
v 0.05451800 0.02413000 -0.00000000
v 0.05451800 0.01723571 -0.00000000
v 0.05451800 0.01034143 -0.00000000
v 0.05451800 0.00344714 -0.00000000
v 0.05451800 -0.00344714 0.00000000
v 0.05451800 -0.01034143 0.00000000
v 0.05451800 -0.01723571 0.00000000
v 0.05451800 -0.02413000 0.00000000
v 0.05451800 -0.03102429 0.00000000
v 0.05451800 -0.03791857 0.00000000
v 0.05451800 -0.04481286 0.00000000
v 0.05451800 -0.05170714 0.00000000
v 0.05451800 -0.05860143 0.00000000
v 0.05451800 -0.06549571 0.00000000
v 0.05451800 -0.07239000 0.00000000
v 0.05451800 -0.07928429 0.00000000
v 0.05451800 -0.08617857 0.00000000
v 0.05451800 -0.09307286 0.00000000
v 0.05451800 -0.09996714 0.00000000
v 0.05451800 -0.10686143 0.00000000
v 0.06152500 -0.12065000 0.00000000
v 0.05451800 -0.11375572 0.00000000
v 0.05860143 -0.12065000 0.00700000
v 0.05860143 -0.12065000 0.00000000
v 0.05860143 0.12065000 0.00700000
v 0.05170714 0.12065000 -0.00000000
v 0.04751100 0.11375572 -0.00000000
v 0.04751100 0.12065000 -0.00000000
v 0.04751100 0.10686143 -0.00000000
v 0.04751100 0.09996714 -0.00000000
v 0.04751100 0.09307286 -0.00000000
v 0.04751100 0.08617857 -0.00000000
v 0.04751100 0.07928429 -0.00000000
v 0.04751100 0.07239000 -0.00000000
v 0.04751100 0.06549571 -0.00000000
v 0.04751100 0.05860143 -0.00000000
v 0.04751100 0.05170714 -0.00000000
v 0.04751100 0.04481286 -0.00000000
v 0.04751100 0.03791857 -0.00000000
v 0.04751100 0.03102429 -0.00000000
v 0.04751100 0.02413000 -0.00000000
v 0.04751100 0.01723571 -0.00000000
v 0.04751100 0.01034143 -0.00000000
v 0.04751100 0.00344714 -0.00000000
v 0.04751100 -0.00344714 0.00000000
v 0.04751100 -0.01034143 0.00000000
v 0.04751100 -0.01723571 0.00000000
v 0.04751100 -0.02413000 0.00000000
v 0.04751100 -0.03102429 0.00000000
v 0.04751100 -0.03791857 0.00000000
v 0.04751100 -0.04481286 0.00000000
v 0.04751100 -0.05170714 0.00000000
v 0.04751100 -0.05860143 0.00000000
v 0.04751100 -0.06549571 0.00000000
v 0.04751100 -0.07239000 0.00000000
v 0.04751100 -0.07928429 0.00000000
v 0.04751100 -0.08617857 0.00000000
v 0.04751100 -0.09307286 0.00000000
v 0.04751100 -0.09996714 0.00000000
v 0.04751100 -0.10686143 0.00000000
v 0.05451800 -0.12065000 0.00000000
v 0.04751100 -0.11375572 0.00000000
v 0.05170714 -0.12065000 0.00700000
v 0.05170714 -0.12065000 0.00000000
v 0.05170714 0.12065000 0.00700000
v 0.04481286 0.12065000 -0.00000000
v 0.04050400 0.11375572 -0.00000000
v 0.04050400 0.12065000 -0.00000000
v 0.04050400 0.10686143 -0.00000000
v 0.04050400 0.09996714 -0.00000000
v 0.04050400 0.09307286 -0.00000000
v 0.04050400 0.08617857 -0.00000000
v 0.04050400 0.07928429 -0.00000000
v 0.04050400 0.07239000 -0.00000000
v 0.04050400 0.06549571 -0.00000000
v 0.04050400 0.05860143 -0.00000000
v 0.04050400 0.05170714 -0.00000000
v 0.04050400 0.04481286 -0.00000000
v 0.04050400 0.03791857 -0.00000000
v 0.04050400 0.03102429 -0.00000000
v 0.04050400 0.02413000 -0.00000000
v 0.04050400 0.01723571 -0.00000000
v 0.04050400 0.01034143 -0.00000000
v 0.04050400 0.00344714 -0.00000000
v 0.04050400 -0.00344714 0.00000000
v 0.04050400 -0.01034143 0.00000000
v 0.04050400 -0.01723571 0.00000000
v 0.04050400 -0.02413000 0.00000000
v 0.04050400 -0.03102429 0.00000000
v 0.04050400 -0.03791857 0.00000000
v 0.04050400 -0.04481286 0.00000000
v 0.04050400 -0.05170714 0.00000000
v 0.04050400 -0.05860143 0.00000000
v 0.04050400 -0.06549571 0.00000000
v 0.04050400 -0.07239000 0.00000000
v 0.04050400 -0.07928429 0.00000000
v 0.04050400 -0.08617857 0.00000000
v 0.04050400 -0.09307286 0.00000000
v 0.04050400 -0.09996714 0.00000000
v 0.04050400 -0.10686143 0.00000000
v 0.04751100 -0.12065000 0.00000000
v 0.04050400 -0.11375572 0.00000000
v 0.04481286 -0.12065000 0.00700000
v 0.04481286 -0.12065000 0.00000000
v 0.04481286 0.12065000 0.00700000
v 0.03791857 0.12065000 -0.00000000
v 0.03349700 0.11375572 -0.00000000
v 0.03349700 0.12065000 -0.00000000
v 0.03349700 0.10686143 -0.00000000
v 0.03349700 0.09996714 -0.00000000
v 0.03349700 0.09307286 -0.00000000
v 0.03349700 0.08617857 -0.00000000
v 0.03349700 0.07928429 -0.00000000
v 0.03349700 0.07239000 -0.00000000
v 0.03349700 0.06549571 -0.00000000
v 0.03349700 0.05860143 -0.00000000
v 0.03349700 0.05170714 -0.00000000
v 0.03349700 0.04481286 -0.00000000
v 0.03349700 0.03791857 -0.00000000
v 0.03349700 0.03102429 -0.00000000
v 0.03349700 0.02413000 -0.00000000
v 0.03349700 0.01723571 -0.00000000
v 0.03349700 0.01034143 -0.00000000
v 0.03349700 0.00344714 -0.00000000
v 0.03349700 -0.00344714 0.00000000
v 0.03349700 -0.01034143 0.00000000
v 0.03349700 -0.01723571 0.00000000
v 0.03349700 -0.02413000 0.00000000
v 0.03349700 -0.03102429 0.00000000
v 0.03349700 -0.03791857 0.00000000
v 0.03349700 -0.04481286 0.00000000
v 0.03349700 -0.05170714 0.00000000
v 0.03349700 -0.05860143 0.00000000
v 0.03349700 -0.06549571 0.00000000
v 0.03349700 -0.07239000 0.00000000
v 0.03349700 -0.07928429 0.00000000
v 0.03349700 -0.08617857 0.00000000
v 0.03349700 -0.09307286 0.00000000
v 0.03349700 -0.09996714 0.00000000
v 0.03349700 -0.10686143 0.00000000
v 0.04050400 -0.12065000 0.00000000
v 0.03349700 -0.11375572 0.00000000
v 0.03791857 -0.12065000 0.00700000
v 0.03791857 -0.12065000 0.00000000
v 0.03791857 0.12065000 0.00700000
v 0.03102429 0.12065000 -0.00000000
v 0.02649000 0.11375572 -0.00000000
v 0.02649000 0.12065000 -0.00000000
v 0.02649000 0.10686143 -0.00000000
v 0.02649000 0.09996714 -0.00000000
v 0.02649000 0.09307286 -0.00000000
v 0.02649000 0.08617857 -0.00000000
v 0.02649000 0.07928429 -0.00000000
v 0.02649000 0.07239000 -0.00000000
v 0.02649000 0.06549571 -0.00000000
v 0.02649000 0.05860143 -0.00000000
v 0.02649000 0.05170714 -0.00000000
v 0.02649000 0.04481286 -0.00000000
v 0.02649000 0.03791857 -0.00000000
v 0.02649000 0.03102429 -0.00000000
v 0.02649000 0.02413000 -0.00000000
v 0.02649000 0.01723571 -0.00000000
v 0.02649000 0.01034143 -0.00000000
v 0.02649000 0.00344714 -0.00000000
v 0.02649000 -0.00344714 0.00000000
v 0.02649000 -0.01034143 0.00000000
v 0.02649000 -0.01723571 0.00000000
v 0.02649000 -0.02413000 0.00000000
v 0.02649000 -0.03102429 0.00000000
v 0.02649000 -0.03791857 0.00000000
v 0.02649000 -0.04481286 0.00000000
v 0.02649000 -0.05170714 0.00000000
v 0.02649000 -0.05860143 0.00000000
v 0.02649000 -0.06549571 0.00000000
v 0.02649000 -0.07239000 0.00000000
v 0.02649000 -0.07928429 0.00000000
v 0.02649000 -0.08617857 0.00000000
v 0.02649000 -0.09307286 0.00000000
v 0.02649000 -0.09996714 0.00000000
v 0.02649000 -0.10686143 0.00000000
v 0.03349700 -0.12065000 0.00000000
v 0.02649000 -0.11375572 0.00000000
v 0.03102429 -0.12065000 0.00700000
v 0.03102429 -0.12065000 0.00000000
v 0.03102429 0.12065000 0.00700000
v 0.02413000 0.12065000 -0.00000000
v 0.01948300 0.11375572 -0.00000000
v 0.01948300 0.12065000 -0.00000000
v 0.01948300 0.10686143 -0.00000000
v 0.01948300 0.09996714 -0.00000000
v 0.01948300 0.09307286 -0.00000000
v 0.01948300 0.08617857 -0.00000000
v 0.01948300 0.07928429 -0.00000000
v 0.01948300 0.07239000 -0.00000000
v 0.01948300 0.06549571 -0.00000000
v 0.01948300 0.05860143 -0.00000000
v 0.01948300 0.05170714 -0.00000000
v 0.01948300 0.04481286 -0.00000000
v 0.01948300 0.03791857 -0.00000000
v 0.01948300 0.03102429 -0.00000000
v 0.01948300 0.02413000 -0.00000000
v 0.01948300 0.01723571 -0.00000000
v 0.01948300 0.01034143 -0.00000000
v 0.01948300 0.00344714 -0.00000000
v 0.01948300 -0.00344714 0.00000000
v 0.01948300 -0.01034143 0.00000000
v 0.01948300 -0.01723571 0.00000000
v 0.01948300 -0.02413000 0.00000000
v 0.01948300 -0.03102429 0.00000000
v 0.01948300 -0.03791857 0.00000000
v 0.01948300 -0.04481286 0.00000000
v 0.01948300 -0.05170714 0.00000000
v 0.01948300 -0.05860143 0.00000000
v 0.01948300 -0.06549571 0.00000000
v 0.01948300 -0.07239000 0.00000000
v 0.01948300 -0.07928429 0.00000000
v 0.01948300 -0.08617857 0.00000000
v 0.01948300 -0.09307286 0.00000000
v 0.01948300 -0.09996714 0.00000000
v 0.01948300 -0.10686143 0.00000000
v 0.02649000 -0.12065000 0.00000000
v 0.01948300 -0.11375572 0.00000000
v 0.02413000 -0.12065000 0.00700000
v 0.02413000 -0.12065000 0.00000000
v 0.02413000 0.12065000 0.00700000
v 0.01723571 0.12065000 -0.00000000
v 0.01247600 0.11375572 -0.00000000
v 0.01247600 0.12065000 -0.00000000
v 0.01247600 0.10686143 -0.00000000
v 0.01247600 0.09996714 -0.00000000
v 0.01247600 0.09307286 -0.00000000
v 0.01247600 0.08617857 -0.00000000
v 0.01247600 0.07928429 -0.00000000
v 0.01247600 0.07239000 -0.00000000
v 0.01247600 0.06549571 -0.00000000
v 0.01247600 0.05860143 -0.00000000
v 0.01247600 0.05170714 -0.00000000
v 0.01247600 0.04481286 -0.00000000
v 0.01247600 0.03791857 -0.00000000
v 0.01247600 0.03102429 -0.00000000
v 0.01247600 0.02413000 -0.00000000
v 0.01247600 0.01723571 -0.00000000
v 0.01247600 0.01034143 -0.00000000
v 0.01247600 0.00344714 -0.00000000
v 0.01247600 -0.00344714 0.00000000
v 0.01247600 -0.01034143 0.00000000
v 0.01247600 -0.01723571 0.00000000
v 0.01247600 -0.02413000 0.00000000
v 0.01247600 -0.03102429 0.00000000
v 0.01247600 -0.03791857 0.00000000
v 0.01247600 -0.04481286 0.00000000
v 0.01247600 -0.05170714 0.00000000
v 0.01247600 -0.05860143 0.00000000
v 0.01247600 -0.06549571 0.00000000
v 0.01247600 -0.07239000 0.00000000
v 0.01247600 -0.07928429 0.00000000
v 0.01247600 -0.08617857 0.00000000
v 0.01247600 -0.09307286 0.00000000
v 0.01247600 -0.09996714 0.00000000
v 0.01247600 -0.10686143 0.00000000
v 0.01948300 -0.12065000 0.00000000
v 0.01247600 -0.11375572 0.00000000
v 0.01723571 -0.12065000 0.00700000
v 0.01723571 -0.12065000 0.00000000
v 0.01723571 0.12065000 0.00700000
v 0.01034143 0.12065000 -0.00000000
v 0.00546900 0.11375572 -0.00000000
v 0.00546900 0.12065000 -0.00000000
v 0.00546900 0.10686143 -0.00000000
v 0.00546900 0.09996714 -0.00000000
v 0.00546900 0.09307286 -0.00000000
v 0.00546900 0.08617857 -0.00000000
v 0.00546900 0.07928429 -0.00000000
v 0.00546900 0.07239000 -0.00000000
v 0.00546900 0.06549571 -0.00000000
v 0.00546900 0.05860143 -0.00000000
v 0.00546900 0.05170714 -0.00000000
v 0.00546900 0.04481286 -0.00000000
v 0.00546900 0.03791857 -0.00000000
v 0.00546900 0.03102429 -0.00000000
v 0.00546900 0.02413000 -0.00000000
v 0.00546900 0.01723571 -0.00000000
v 0.00546900 0.01034143 -0.00000000
v 0.00546900 0.00344714 -0.00000000
v 0.00546900 -0.00344714 0.00000000
v 0.00546900 -0.01034143 0.00000000
v 0.00546900 -0.01723571 0.00000000
v 0.00546900 -0.02413000 0.00000000
v 0.00546900 -0.03102429 0.00000000
v 0.00546900 -0.03791857 0.00000000
v 0.00546900 -0.04481286 0.00000000
v 0.00546900 -0.05170714 0.00000000
v 0.00546900 -0.05860143 0.00000000
v 0.00546900 -0.06549571 0.00000000
v 0.00546900 -0.07239000 0.00000000
v 0.00546900 -0.07928429 0.00000000
v 0.00546900 -0.08617857 0.00000000
v 0.00546900 -0.09307286 0.00000000
v 0.00546900 -0.09996714 0.00000000
v 0.00546900 -0.10686143 0.00000000
v 0.01247600 -0.12065000 0.00000000
v 0.00546900 -0.11375572 0.00000000
v 0.01034143 -0.12065000 0.00700000
v 0.01034143 -0.12065000 0.00000000
v 0.01034143 0.12065000 0.00700000
v 0.00344714 0.12065000 -0.00000000
v -0.00153800 0.11375572 -0.00000000
v -0.00153800 0.12065000 -0.00000000
v -0.00153800 0.10686143 -0.00000000
v -0.00153800 0.09996714 -0.00000000
v -0.00153800 0.09307286 -0.00000000
v -0.00153800 0.08617857 -0.00000000
v -0.00153800 0.07928429 -0.00000000
v -0.00153800 0.07239000 -0.00000000
v -0.00153800 0.06549571 -0.00000000
v -0.00153800 0.05860143 -0.00000000
v -0.00153800 0.05170714 -0.00000000
v -0.00153800 0.04481286 -0.00000000
v -0.00153800 0.03791857 -0.00000000
v -0.00153800 0.03102429 -0.00000000
v -0.00153800 0.02413000 -0.00000000
v -0.00153800 0.01723571 -0.00000000
v -0.00153800 0.01034143 -0.00000000
v -0.00153800 0.00344714 -0.00000000
v -0.00153800 -0.00344714 0.00000000
v -0.00153800 -0.01034143 0.00000000
v -0.00153800 -0.01723571 0.00000000
v -0.00153800 -0.02413000 0.00000000
v -0.00153800 -0.03102429 0.00000000
v -0.00153800 -0.03791857 0.00000000
v -0.00153800 -0.04481286 0.00000000
v -0.00153800 -0.05170714 0.00000000
v -0.00153800 -0.05860143 0.00000000
v -0.00153800 -0.06549571 0.00000000
v -0.00153800 -0.07239000 0.00000000
v -0.00153800 -0.07928429 0.00000000
v -0.00153800 -0.08617857 0.00000000
v -0.00153800 -0.09307286 0.00000000
v -0.00153800 -0.09996714 0.00000000
v -0.00153800 -0.10686143 0.00000000
v 0.00546900 -0.12065000 0.00000000
v -0.00153800 -0.11375572 0.00000000
v 0.00344714 -0.12065000 0.00700000
v 0.00344714 -0.12065000 0.00000000
v 0.00344714 0.12065000 0.00700000
v -0.00344714 0.12065000 -0.00000000
v -0.00854500 0.11375572 -0.00000000
v -0.00854500 0.12065000 -0.00000000
v -0.00854500 0.10686143 -0.00000000
v -0.00854500 0.09996714 -0.00000000
v -0.00854500 0.09307286 -0.00000000
v -0.00854500 0.08617857 -0.00000000
v -0.00854500 0.07928429 -0.00000000
v -0.00854500 0.07239000 -0.00000000
v -0.00854500 0.06549571 -0.00000000
v -0.00854500 0.05860143 -0.00000000
v -0.00854500 0.05170714 -0.00000000
v -0.00854500 0.04481286 -0.00000000
v -0.00854500 0.03791857 -0.00000000
v -0.00854500 0.03102429 -0.00000000
v -0.00854500 0.02413000 -0.00000000
v -0.00854500 0.01723571 -0.00000000
v -0.00854500 0.01034143 -0.00000000
v -0.00854500 0.00344714 -0.00000000
v -0.00854500 -0.00344714 0.00000000
v -0.00854500 -0.01034143 0.00000000
v -0.00854500 -0.01723571 0.00000000
v -0.00854500 -0.02413000 0.00000000
v -0.00854500 -0.03102429 0.00000000
v -0.00854500 -0.03791857 0.00000000
v -0.00854500 -0.04481286 0.00000000
v -0.00854500 -0.05170714 0.00000000
v -0.00854500 -0.05860143 0.00000000
v -0.00854500 -0.06549571 0.00000000
v -0.00854500 -0.07239000 0.00000000
v -0.00854500 -0.07928429 0.00000000
v -0.00854500 -0.08617857 0.00000000
v -0.00854500 -0.09307286 0.00000000
v -0.00854500 -0.09996714 0.00000000
v -0.00854500 -0.10686143 0.00000000
v -0.00153800 -0.12065000 0.00000000
v -0.00854500 -0.11375572 0.00000000
v -0.00344714 -0.12065000 0.00700000
v -0.00344714 -0.12065000 0.00000000
v -0.00344714 0.12065000 0.00700000
v -0.01034143 0.12065000 -0.00000000
v -0.01555200 0.11375572 -0.00000000
v -0.01555200 0.12065000 -0.00000000
v -0.01555200 0.10686143 -0.00000000
v -0.01555200 0.09996714 -0.00000000
v -0.01555200 0.09307286 -0.00000000
v -0.01555200 0.08617857 -0.00000000
v -0.01555200 0.07928429 -0.00000000
v -0.01555200 0.07239000 -0.00000000
v -0.01555200 0.06549571 -0.00000000
v -0.01555200 0.05860143 -0.00000000
v -0.01555200 0.05170714 -0.00000000
v -0.01555200 0.04481286 -0.00000000
v -0.01555200 0.03791857 -0.00000000
v -0.01555200 0.03102429 -0.00000000
v -0.01555200 0.02413000 -0.00000000
v -0.01555200 0.01723571 -0.00000000
v -0.01555200 0.01034143 -0.00000000
v -0.01555200 0.00344714 -0.00000000
v -0.01555200 -0.00344714 0.00000000
v -0.01555200 -0.01034143 0.00000000
v -0.01555200 -0.01723571 0.00000000
v -0.01555200 -0.02413000 0.00000000
v -0.01555200 -0.03102429 0.00000000
v -0.01555200 -0.03791857 0.00000000
v -0.01555200 -0.04481286 0.00000000
v -0.01555200 -0.05170714 0.00000000
v -0.01555200 -0.05860143 0.00000000
v -0.01555200 -0.06549571 0.00000000
v -0.01555200 -0.07239000 0.00000000
v -0.01555200 -0.07928429 0.00000000
v -0.01555200 -0.08617857 0.00000000
v -0.01555200 -0.09307286 0.00000000
v -0.01555200 -0.09996714 0.00000000
v -0.01555200 -0.10686143 0.00000000
v -0.00854500 -0.12065000 0.00000000
v -0.01555200 -0.11375572 0.00000000
v -0.01034143 -0.12065000 0.00700000
v -0.01034143 -0.12065000 0.00000000
v -0.01034143 0.12065000 0.00700000
v -0.01723571 0.12065000 -0.00000000
v -0.02255900 0.11375572 -0.00000000
v -0.02255900 0.12065000 -0.00000000
v -0.02255900 0.10686143 -0.00000000
v -0.02255900 0.09996714 -0.00000000
v -0.02255900 0.09307286 -0.00000000
v -0.02255900 0.08617857 -0.00000000
v -0.02255900 0.07928429 -0.00000000
v -0.02255900 0.07239000 -0.00000000
v -0.02255900 0.06549571 -0.00000000
v -0.02255900 0.05860143 -0.00000000
v -0.02255900 0.05170714 -0.00000000
v -0.02255900 0.04481286 -0.00000000
v -0.02255900 0.03791857 -0.00000000
v -0.02255900 0.03102429 -0.00000000
v -0.02255900 0.02413000 -0.00000000
v -0.02255900 0.01723571 -0.00000000
v -0.02255900 0.01034143 -0.00000000
v -0.02255900 0.00344714 -0.00000000
v -0.02255900 -0.00344714 0.00000000
v -0.02255900 -0.01034143 0.00000000
v -0.02255900 -0.01723571 0.00000000
v -0.02255900 -0.02413000 0.00000000
v -0.02255900 -0.03102429 0.00000000
v -0.02255900 -0.03791857 0.00000000
v -0.02255900 -0.04481286 0.00000000
v -0.02255900 -0.05170714 0.00000000
v -0.02255900 -0.05860143 0.00000000
v -0.02255900 -0.06549571 0.00000000
v -0.02255900 -0.07239000 0.00000000
v -0.02255900 -0.07928429 0.00000000
v -0.02255900 -0.08617857 0.00000000
v -0.02255900 -0.09307286 0.00000000
v -0.02255900 -0.09996714 0.00000000
v -0.02255900 -0.10686143 0.00000000
v -0.01555200 -0.12065000 0.00000000
v -0.02255900 -0.11375572 0.00000000
v -0.01723571 -0.12065000 0.00700000
v -0.01723571 -0.12065000 0.00000000
v -0.01723571 0.12065000 0.00700000
v -0.02413000 0.12065000 -0.00000000
v -0.02956600 0.11375572 -0.00000000
v -0.02956600 0.12065000 -0.00000000
v -0.02956600 0.10686143 -0.00000000
v -0.02956600 0.09996714 -0.00000000
v -0.02956600 0.09307286 -0.00000000
v -0.02956600 0.08617857 -0.00000000
v -0.02956600 0.07928429 -0.00000000
v -0.02956600 0.07239000 -0.00000000
v -0.02956600 0.06549571 -0.00000000
v -0.02956600 0.05860143 -0.00000000
v -0.02956600 0.05170714 -0.00000000
v -0.02956600 0.04481286 -0.00000000
v -0.02956600 0.03791857 -0.00000000
v -0.02956600 0.03102429 -0.00000000
v -0.02956600 0.02413000 -0.00000000
v -0.02956600 0.01723571 -0.00000000
v -0.02956600 0.01034143 -0.00000000
v -0.02956600 0.00344714 -0.00000000
v -0.02956600 -0.00344714 0.00000000
v -0.02956600 -0.01034143 0.00000000
v -0.02956600 -0.01723571 0.00000000
v -0.02956600 -0.02413000 0.00000000
v -0.02956600 -0.03102429 0.00000000
v -0.02956600 -0.03791857 0.00000000
v -0.02956600 -0.04481286 0.00000000
v -0.02956600 -0.05170714 0.00000000
v -0.02956600 -0.05860143 0.00000000
v -0.02956600 -0.06549571 0.00000000
v -0.02956600 -0.07239000 0.00000000
v -0.02956600 -0.07928429 0.00000000
v -0.02956600 -0.08617857 0.00000000
v -0.02956600 -0.09307286 0.00000000
v -0.02956600 -0.09996714 0.00000000
v -0.02956600 -0.10686143 0.00000000
v -0.02255900 -0.12065000 0.00000000
v -0.02956600 -0.11375572 0.00000000
v -0.02413000 -0.12065000 0.00700000
v -0.02413000 -0.12065000 0.00000000
v -0.02413000 0.12065000 0.00700000
v -0.03102429 0.12065000 -0.00000000
v -0.03657300 0.11375572 -0.00000000
v -0.03657300 0.12065000 -0.00000000
v -0.03657300 0.10686143 -0.00000000
v -0.03657300 0.09996714 -0.00000000
v -0.03657300 0.09307286 -0.00000000
v -0.03657300 0.08617857 -0.00000000
v -0.03657300 0.07928429 -0.00000000
v -0.03657300 0.07239000 -0.00000000
v -0.03657300 0.06549571 -0.00000000
v -0.03657300 0.05860143 -0.00000000
v -0.03657300 0.05170714 -0.00000000
v -0.03657300 0.04481286 -0.00000000
v -0.03657300 0.03791857 -0.00000000
v -0.03657300 0.03102429 -0.00000000
v -0.03657300 0.02413000 -0.00000000
v -0.03657300 0.01723571 -0.00000000
v -0.03657300 0.01034143 -0.00000000
v -0.03657300 0.00344714 -0.00000000
v -0.03657300 -0.00344714 0.00000000
v -0.03657300 -0.01034143 0.00000000
v -0.03657300 -0.01723571 0.00000000
v -0.03657300 -0.02413000 0.00000000
v -0.03657300 -0.03102429 0.00000000
v -0.03657300 -0.03791857 0.00000000
v -0.03657300 -0.04481286 0.00000000
v -0.03657300 -0.05170714 0.00000000
v -0.03657300 -0.05860143 0.00000000
v -0.03657300 -0.06549571 0.00000000
v -0.03657300 -0.07239000 0.00000000
v -0.03657300 -0.07928429 0.00000000
v -0.03657300 -0.08617857 0.00000000
v -0.03657300 -0.09307286 0.00000000
v -0.03657300 -0.09996714 0.00000000
v -0.03657300 -0.10686143 0.00000000
v -0.02956600 -0.12065000 0.00000000
v -0.03657300 -0.11375572 0.00000000
v -0.03102429 -0.12065000 0.00700000
v -0.03102429 -0.12065000 0.00000000
v -0.03102429 0.12065000 0.00700000
v -0.03791857 0.12065000 -0.00000000
v -0.04358000 0.11375572 -0.00000000
v -0.04358000 0.12065000 -0.00000000
v -0.04358000 0.10686143 -0.00000000
v -0.04358000 0.09996714 -0.00000000
v -0.04358000 0.09307286 -0.00000000
v -0.04358000 0.08617857 -0.00000000
v -0.04358000 0.07928429 -0.00000000
v -0.04358000 0.07239000 -0.00000000
v -0.04358000 0.06549571 -0.00000000
v -0.04358000 0.05860143 -0.00000000
v -0.04358000 0.05170714 -0.00000000
v -0.04358000 0.04481286 -0.00000000
v -0.04358000 0.03791857 -0.00000000
v -0.04358000 0.03102429 -0.00000000
v -0.04358000 0.02413000 -0.00000000
v -0.04358000 0.01723571 -0.00000000
v -0.04358000 0.01034143 -0.00000000
v -0.04358000 0.00344714 -0.00000000
v -0.04358000 -0.00344714 0.00000000
v -0.04358000 -0.01034143 0.00000000
v -0.04358000 -0.01723571 0.00000000
v -0.04358000 -0.02413000 0.00000000
v -0.04358000 -0.03102429 0.00000000
v -0.04358000 -0.03791857 0.00000000
v -0.04358000 -0.04481286 0.00000000
v -0.04358000 -0.05170714 0.00000000
v -0.04358000 -0.05860143 0.00000000
v -0.04358000 -0.06549571 0.00000000
v -0.04358000 -0.07239000 0.00000000
v -0.04358000 -0.07928429 0.00000000
v -0.04358000 -0.08617857 0.00000000
v -0.04358000 -0.09307286 0.00000000
v -0.04358000 -0.09996714 0.00000000
v -0.04358000 -0.10686143 0.00000000
v -0.03657300 -0.12065000 0.00000000
v -0.04358000 -0.11375572 0.00000000
v -0.03791857 -0.12065000 0.00700000
v -0.03791857 -0.12065000 0.00000000
v -0.03791857 0.12065000 0.00700000
v -0.04481286 0.12065000 -0.00000000
v -0.05058700 0.11375572 -0.00000000
v -0.05058700 0.12065000 -0.00000000
v -0.05058700 0.10686143 -0.00000000
v -0.05058700 0.09996714 -0.00000000
v -0.05058700 0.09307286 -0.00000000
v -0.05058700 0.08617857 -0.00000000
v -0.05058700 0.07928429 -0.00000000
v -0.05058700 0.07239000 -0.00000000
v -0.05058700 0.06549571 -0.00000000
v -0.05058700 0.05860143 -0.00000000
v -0.05058700 0.05170714 -0.00000000
v -0.05058700 0.04481286 -0.00000000
v -0.05058700 0.03791857 -0.00000000
v -0.05058700 0.03102429 -0.00000000
v -0.05058700 0.02413000 -0.00000000
v -0.05058700 0.01723571 -0.00000000
v -0.05058700 0.01034143 -0.00000000
v -0.05058700 0.00344714 -0.00000000
v -0.05058700 -0.00344714 0.00000000
v -0.05058700 -0.01034143 0.00000000
v -0.05058700 -0.01723571 0.00000000
v -0.05058700 -0.02413000 0.00000000
v -0.05058700 -0.03102429 0.00000000
v -0.05058700 -0.03791857 0.00000000
v -0.05058700 -0.04481286 0.00000000
v -0.05058700 -0.05170714 0.00000000
v -0.05058700 -0.05860143 0.00000000
v -0.05058700 -0.06549571 0.00000000
v -0.05058700 -0.07239000 0.00000000
v -0.05058700 -0.07928429 0.00000000
v -0.05058700 -0.08617857 0.00000000
v -0.05058700 -0.09307286 0.00000000
v -0.05058700 -0.09996714 0.00000000
v -0.05058700 -0.10686143 0.00000000
v -0.04358000 -0.12065000 0.00000000
v -0.05058700 -0.11375572 0.00000000
v -0.04481286 -0.12065000 0.00700000
v -0.04481286 -0.12065000 0.00000000
v -0.04481286 0.12065000 0.00700000
v -0.05170714 0.12065000 -0.00000000
v -0.05759400 0.11375572 -0.00000000
v -0.05759400 0.12065000 -0.00000000
v -0.05759400 0.10686143 -0.00000000
v -0.05759400 0.09996714 -0.00000000
v -0.05759400 0.09307286 -0.00000000
v -0.05759400 0.08617857 -0.00000000
v -0.05759400 0.07928429 -0.00000000
v -0.05759400 0.07239000 -0.00000000
v -0.05759400 0.06549571 -0.00000000
v -0.05759400 0.05860143 -0.00000000
v -0.05759400 0.05170714 -0.00000000
v -0.05759400 0.04481286 -0.00000000
v -0.05759400 0.03791857 -0.00000000
v -0.05759400 0.03102429 -0.00000000
v -0.05759400 0.02413000 -0.00000000
v -0.05759400 0.01723571 -0.00000000
v -0.05759400 0.01034143 -0.00000000
v -0.05759400 0.00344714 -0.00000000
v -0.05759400 -0.00344714 0.00000000
v -0.05759400 -0.01034143 0.00000000
v -0.05759400 -0.01723571 0.00000000
v -0.05759400 -0.02413000 0.00000000
v -0.05759400 -0.03102429 0.00000000
v -0.05759400 -0.03791857 0.00000000
v -0.05759400 -0.04481286 0.00000000
v -0.05759400 -0.05170714 0.00000000
v -0.05759400 -0.05860143 0.00000000
v -0.05759400 -0.06549571 0.00000000
v -0.05759400 -0.07239000 0.00000000
v -0.05759400 -0.07928429 0.00000000
v -0.05759400 -0.08617857 0.00000000
v -0.05759400 -0.09307286 0.00000000
v -0.05759400 -0.09996714 0.00000000
v -0.05759400 -0.10686143 0.00000000
v -0.05058700 -0.12065000 0.00000000
v -0.05759400 -0.11375572 0.00000000
v -0.05170714 -0.12065000 0.00700000
v -0.05170714 -0.12065000 0.00000000
v -0.05170714 0.12065000 0.00700000
v -0.05860143 0.12065000 -0.00000000
v -0.06460100 0.11375572 -0.00000000
v -0.06460100 0.12065000 -0.00000000
v -0.06460100 0.10686143 -0.00000000
v -0.06460100 0.09996714 -0.00000000
v -0.06460100 0.09307286 -0.00000000
v -0.06460100 0.08617857 -0.00000000
v -0.06460100 0.07928429 -0.00000000
v -0.06460100 0.07239000 -0.00000000
v -0.06460100 0.06549571 -0.00000000
v -0.06460100 0.05860143 -0.00000000
v -0.06460100 0.05170714 -0.00000000
v -0.06460100 0.04481286 -0.00000000
v -0.06460100 0.03791857 -0.00000000
v -0.06460100 0.03102429 -0.00000000
v -0.06460100 0.02413000 -0.00000000
v -0.06460100 0.01723571 -0.00000000
v -0.06460100 0.01034143 -0.00000000
v -0.06460100 0.00344714 -0.00000000
v -0.06460100 -0.00344714 0.00000000
v -0.06460100 -0.01034143 0.00000000
v -0.06460100 -0.01723571 0.00000000
v -0.06460100 -0.02413000 0.00000000
v -0.06460100 -0.03102429 0.00000000
v -0.06460100 -0.03791857 0.00000000
v -0.06460100 -0.04481286 0.00000000
v -0.06460100 -0.05170714 0.00000000
v -0.06460100 -0.05860143 0.00000000
v -0.06460100 -0.06549571 0.00000000
v -0.06460100 -0.07239000 0.00000000
v -0.06460100 -0.07928429 0.00000000
v -0.06460100 -0.08617857 0.00000000
v -0.06460100 -0.09307286 0.00000000
v -0.06460100 -0.09996714 0.00000000
v -0.06460100 -0.10686143 0.00000000
v -0.05759400 -0.12065000 0.00000000
v -0.06460100 -0.11375572 0.00000000
v -0.05860143 -0.12065000 0.00700000
v -0.05860143 -0.12065000 0.00000000
v -0.05860143 0.12065000 0.00700000
v -0.06549571 0.12065000 -0.00000000
v -0.07160800 0.11375572 -0.00000000
v -0.07160800 0.12065000 -0.00000000
v -0.07160800 0.10686143 -0.00000000
v -0.07160800 0.09996714 -0.00000000
v -0.07160800 0.09307286 -0.00000000
v -0.07160800 0.08617857 -0.00000000
v -0.07160800 0.07928429 -0.00000000
v -0.07160800 0.07239000 -0.00000000
v -0.07160800 0.06549571 -0.00000000
v -0.07160800 0.05860143 -0.00000000
v -0.07160800 0.05170714 -0.00000000
v -0.07160800 0.04481286 -0.00000000
v -0.07160800 0.03791857 -0.00000000
v -0.07160800 0.03102429 -0.00000000
v -0.07160800 0.02413000 -0.00000000
v -0.07160800 0.01723571 -0.00000000
v -0.07160800 0.01034143 -0.00000000
v -0.07160800 0.00344714 -0.00000000
v -0.07160800 -0.00344714 0.00000000
v -0.07160800 -0.01034143 0.00000000
v -0.07160800 -0.01723571 0.00000000
v -0.07160800 -0.02413000 0.00000000
v -0.07160800 -0.03102429 0.00000000
v -0.07160800 -0.03791857 0.00000000
v -0.07160800 -0.04481286 0.00000000
v -0.07160800 -0.05170714 0.00000000
v -0.07160800 -0.05860143 0.00000000
v -0.07160800 -0.06549571 0.00000000
v -0.07160800 -0.07239000 0.00000000
v -0.07160800 -0.07928429 0.00000000
v -0.07160800 -0.08617857 0.00000000
v -0.07160800 -0.09307286 0.00000000
v -0.07160800 -0.09996714 0.00000000
v -0.07160800 -0.10686143 0.00000000
v -0.06460100 -0.12065000 0.00000000
v -0.07160800 -0.11375572 0.00000000
v -0.06549571 -0.12065000 0.00700000
v -0.06549571 -0.12065000 0.00000000
v -0.06549571 0.12065000 0.00700000
v -0.07239000 0.12065000 -0.00000000
v -0.07861499 0.11375572 -0.00000000
v -0.07861499 0.12065000 -0.00000000
v -0.07861499 0.10686143 -0.00000000
v -0.07861499 0.09996714 -0.00000000
v -0.07861499 0.09307286 -0.00000000
v -0.07861499 0.08617857 -0.00000000
v -0.07861499 0.07928429 -0.00000000
v -0.07861499 0.07239000 -0.00000000
v -0.07861499 0.06549571 -0.00000000
v -0.07861499 0.05860143 -0.00000000
v -0.07861499 0.05170714 -0.00000000
v -0.07861499 0.04481286 -0.00000000
v -0.07861499 0.03791857 -0.00000000
v -0.07861499 0.03102429 -0.00000000
v -0.07861499 0.02413000 -0.00000000
v -0.07861499 0.01723571 -0.00000000
v -0.07861499 0.01034143 -0.00000000
v -0.07861499 0.00344714 -0.00000000
v -0.07861499 -0.00344714 0.00000000
v -0.07861499 -0.01034143 0.00000000
v -0.07861499 -0.01723571 0.00000000
v -0.07861499 -0.02413000 0.00000000
v -0.07861499 -0.03102429 0.00000000
v -0.07861499 -0.03791857 0.00000000
v -0.07861499 -0.04481286 0.00000000
v -0.07861499 -0.05170714 0.00000000
v -0.07861499 -0.05860143 0.00000000
v -0.07861499 -0.06549571 0.00000000
v -0.07861499 -0.07239000 0.00000000
v -0.07861499 -0.07928429 0.00000000
v -0.07861499 -0.08617857 0.00000000
v -0.07861499 -0.09307286 0.00000000
v -0.07861499 -0.09996714 0.00000000
v -0.07861499 -0.10686143 0.00000000
v -0.07160800 -0.12065000 0.00000000
v -0.07861499 -0.11375572 0.00000000
v -0.07239000 -0.12065000 0.00700000
v -0.07239000 -0.12065000 0.00000000
v -0.07239000 0.12065000 0.00700000
v -0.07928429 0.12065000 -0.00000000
v -0.08562201 0.11375572 -0.00000000
v -0.08562201 0.12065000 -0.00000000
v -0.08562201 0.10686143 -0.00000000
v -0.08562201 0.09996714 -0.00000000
v -0.08562201 0.09307286 -0.00000000
v -0.08562201 0.08617857 -0.00000000
v -0.08562201 0.07928429 -0.00000000
v -0.08562201 0.07239000 -0.00000000
v -0.08562201 0.06549571 -0.00000000
v -0.08562201 0.05860143 -0.00000000
v -0.08562201 0.05170714 -0.00000000
v -0.08562201 0.04481286 -0.00000000
v -0.08562201 0.03791857 -0.00000000
v -0.08562201 0.03102429 -0.00000000
v -0.08562201 0.02413000 -0.00000000
v -0.08562201 0.01723571 -0.00000000
v -0.08562201 0.01034143 -0.00000000
v -0.08562201 0.00344714 -0.00000000
v -0.08562201 -0.00344714 0.00000000
v -0.08562201 -0.01034143 0.00000000
v -0.08562201 -0.01723571 0.00000000
v -0.08562201 -0.02413000 0.00000000
v -0.08562201 -0.03102429 0.00000000
v -0.08562201 -0.03791857 0.00000000
v -0.08562201 -0.04481286 0.00000000
v -0.08562201 -0.05170714 0.00000000
v -0.08562201 -0.05860143 0.00000000
v -0.08562201 -0.06549571 0.00000000
v -0.08562201 -0.07239000 0.00000000
v -0.08562201 -0.07928429 0.00000000
v -0.08562201 -0.08617857 0.00000000
v -0.08562201 -0.09307286 0.00000000
v -0.08562201 -0.09996714 0.00000000
v -0.08562201 -0.10686143 0.00000000
v -0.07861499 -0.12065000 0.00000000
v -0.08562201 -0.11375572 0.00000000
v -0.07928429 -0.12065000 0.00700000
v -0.07928429 -0.12065000 0.00000000
v -0.07928429 0.12065000 0.00700000
v -0.08617857 0.12065000 -0.00000000
v -0.09262900 0.11375572 -0.00000000
v -0.09262900 0.12065000 -0.00000000
v -0.09262900 0.10686143 -0.00000000
v -0.09262900 0.09996714 -0.00000000
v -0.09262900 0.09307286 -0.00000000
v -0.09262900 0.08617857 -0.00000000
v -0.09262900 0.07928429 -0.00000000
v -0.09262900 0.07239000 -0.00000000
v -0.09262900 0.06549571 -0.00000000
v -0.09262900 0.05860143 -0.00000000
v -0.09262900 0.05170714 -0.00000000
v -0.09262900 0.04481286 -0.00000000
v -0.09262900 0.03791857 -0.00000000
v -0.09262900 0.03102429 -0.00000000
v -0.09262900 0.02413000 -0.00000000
v -0.09262900 0.01723571 -0.00000000
v -0.09262900 0.01034143 -0.00000000
v -0.09262900 0.00344714 -0.00000000
v -0.09262900 -0.00344714 0.00000000
v -0.09262900 -0.01034143 0.00000000
v -0.09262900 -0.01723571 0.00000000
v -0.09262900 -0.02413000 0.00000000
v -0.09262900 -0.03102429 0.00000000
v -0.09262900 -0.03791857 0.00000000
v -0.09262900 -0.04481286 0.00000000
v -0.09262900 -0.05170714 0.00000000
v -0.09262900 -0.05860143 0.00000000
v -0.09262900 -0.06549571 0.00000000
v -0.09262900 -0.07239000 0.00000000
v -0.09262900 -0.07928429 0.00000000
v -0.09262900 -0.08617857 0.00000000
v -0.09262900 -0.09307286 0.00000000
v -0.09262900 -0.09996714 0.00000000
v -0.09262900 -0.10686143 0.00000000
v -0.08562201 -0.12065000 0.00000000
v -0.09262900 -0.11375572 0.00000000
v -0.08617857 -0.12065000 0.00700000
v -0.08617857 -0.12065000 0.00000000
v -0.08617857 0.12065000 0.00700000
v -0.09307286 0.12065000 -0.00000000
v -0.09963600 0.11375572 -0.00000000
v -0.09963600 0.12065000 -0.00000000
v -0.09963600 0.10686143 -0.00000000
v -0.09963600 0.09996714 -0.00000000
v -0.09963600 0.09307286 -0.00000000
v -0.09963600 0.08617857 -0.00000000
v -0.09963600 0.07928429 -0.00000000
v -0.09963600 0.07239000 -0.00000000
v -0.09963600 0.06549571 -0.00000000
v -0.09963600 0.05860143 -0.00000000
v -0.09963600 0.05170714 -0.00000000
v -0.09963600 0.04481286 -0.00000000
v -0.09963600 0.03791857 -0.00000000
v -0.09963600 0.03102429 -0.00000000
v -0.09963600 0.02413000 -0.00000000
v -0.09963600 0.01723571 -0.00000000
v -0.09963600 0.01034143 -0.00000000
v -0.09963600 0.00344714 -0.00000000
v -0.09963600 -0.00344714 0.00000000
v -0.09963600 -0.01034143 0.00000000
v -0.09963600 -0.01723571 0.00000000
v -0.09963600 -0.02413000 0.00000000
v -0.09963600 -0.03102429 0.00000000
v -0.09963600 -0.03791857 0.00000000
v -0.09963600 -0.04481286 0.00000000
v -0.09963600 -0.05170714 0.00000000
v -0.09963600 -0.05860143 0.00000000
v -0.09963600 -0.06549571 0.00000000
v -0.09963600 -0.07239000 0.00000000
v -0.09963600 -0.07928429 0.00000000
v -0.09963600 -0.08617857 0.00000000
v -0.09963600 -0.09307286 0.00000000
v -0.09963600 -0.09996714 0.00000000
v -0.09963600 -0.10686143 0.00000000
v -0.09262900 -0.12065000 0.00000000
v -0.09963600 -0.11375572 0.00000000
v -0.09307286 -0.12065000 0.00700000
v -0.09307286 -0.12065000 0.00000000
v -0.09307286 0.12065000 0.00700000
v -0.09996714 0.12065000 -0.00000000
v -0.10664300 0.11375572 -0.00000000
v -0.10664300 0.12065000 -0.00000000
v -0.10664300 0.10686143 -0.00000000
v -0.10664300 0.09996714 -0.00000000
v -0.10664300 0.09307286 -0.00000000
v -0.10664300 0.08617857 -0.00000000
v -0.10664300 0.07928429 -0.00000000
v -0.10664300 0.07239000 -0.00000000
v -0.10664300 0.06549571 -0.00000000
v -0.10664300 0.05860143 -0.00000000
v -0.10664300 0.05170714 -0.00000000
v -0.10664300 0.04481286 -0.00000000
v -0.10664300 0.03791857 -0.00000000
v -0.10664300 0.03102429 -0.00000000
v -0.10664300 0.02413000 -0.00000000
v -0.10664300 0.01723571 -0.00000000
v -0.10664300 0.01034143 -0.00000000
v -0.10664300 0.00344714 -0.00000000
v -0.10664300 -0.00344714 0.00000000
v -0.10664300 -0.01034143 0.00000000
v -0.10664300 -0.01723571 0.00000000
v -0.10664300 -0.02413000 0.00000000
v -0.10664300 -0.03102429 0.00000000
v -0.10664300 -0.03791857 0.00000000
v -0.10664300 -0.04481286 0.00000000
v -0.10664300 -0.05170714 0.00000000
v -0.10664300 -0.05860143 0.00000000
v -0.10664300 -0.06549571 0.00000000
v -0.10664300 -0.07239000 0.00000000
v -0.10664300 -0.07928429 0.00000000
v -0.10664300 -0.08617857 0.00000000
v -0.10664300 -0.09307286 0.00000000
v -0.10664300 -0.09996714 0.00000000
v -0.10664300 -0.10686143 0.00000000
v -0.09963600 -0.12065000 0.00000000
v -0.10664300 -0.11375572 0.00000000
v -0.09996714 -0.12065000 0.00700000
v -0.09996714 -0.12065000 0.00000000
v -0.09996714 0.12065000 0.00700000
v -0.10686143 0.12065000 -0.00000000
v -0.11365000 0.11375572 -0.00000000
v -0.11365000 0.12065000 -0.00000000
v -0.11365000 0.10686143 -0.00000000
v -0.11365000 0.09996714 -0.00000000
v -0.11365000 0.09307286 -0.00000000
v -0.11365000 0.08617857 -0.00000000
v -0.11365000 0.07928429 -0.00000000
v -0.11365000 0.07239000 -0.00000000
v -0.11365000 0.06549571 -0.00000000
v -0.11365000 0.05860143 -0.00000000
v -0.11365000 0.05170714 -0.00000000
v -0.11365000 0.04481286 -0.00000000
v -0.11365000 0.03791857 -0.00000000
v -0.11365000 0.03102429 -0.00000000
v -0.11365000 0.02413000 -0.00000000
v -0.11365000 0.01723571 -0.00000000
v -0.11365000 0.01034143 -0.00000000
v -0.11365000 0.00344714 -0.00000000
v -0.11365000 -0.00344714 0.00000000
v -0.11365000 -0.01034143 0.00000000
v -0.11365000 -0.01723571 0.00000000
v -0.11365000 -0.02413000 0.00000000
v -0.11365000 -0.03102429 0.00000000
v -0.11365000 -0.03791857 0.00000000
v -0.11365000 -0.04481286 0.00000000
v -0.11365000 -0.05170714 0.00000000
v -0.11365000 -0.05860143 0.00000000
v -0.11365000 -0.06549571 0.00000000
v -0.11365000 -0.07239000 0.00000000
v -0.11365000 -0.07928429 0.00000000
v -0.11365000 -0.08617857 0.00000000
v -0.11365000 -0.09307286 0.00000000
v -0.11365000 -0.09996714 0.00000000
v -0.11365000 -0.10686143 0.00000000
v -0.10664300 -0.12065000 0.00000000
v -0.11365000 -0.11375572 0.00000000
v -0.10686143 -0.12065000 0.00700000
v -0.10686143 -0.12065000 0.00000000
v -0.10686143 0.12065000 0.00700000
v -0.11375572 0.12065000 -0.00000000
v -0.12065000 0.11375572 -0.00000000
v -0.12065000 0.12065000 -0.00000000
v -0.12065000 0.10686143 -0.00000000
v -0.12065000 0.09996714 -0.00000000
v -0.12065000 0.09307286 -0.00000000
v -0.12065000 0.08617857 -0.00000000
v -0.12065000 0.07928429 -0.00000000
v -0.12065000 0.07239000 -0.00000000
v -0.12065000 0.06549571 -0.00000000
v -0.12065000 0.05860143 -0.00000000
v -0.12065000 0.05170714 -0.00000000
v -0.12065000 0.04481286 -0.00000000
v -0.12065000 0.03791857 -0.00000000
v -0.12065000 0.03102429 -0.00000000
v -0.12065000 0.02413000 -0.00000000
v -0.12065000 0.01723571 -0.00000000
v -0.12065000 0.01034143 -0.00000000
v -0.12065000 0.00344714 -0.00000000
v -0.12065000 -0.00344714 0.00000000
v -0.12065000 -0.01034143 0.00000000
v -0.12065000 -0.01723571 0.00000000
v -0.12065000 -0.02413000 0.00000000
v -0.12065000 -0.03102429 0.00000000
v -0.12065000 -0.03791857 0.00000000
v -0.12065000 -0.04481286 0.00000000
v -0.12065000 -0.05170714 0.00000000
v -0.12065000 -0.05860143 0.00000000
v -0.12065000 -0.06549571 0.00000000
v -0.12065000 -0.07239000 0.00000000
v -0.12065000 -0.07928429 0.00000000
v -0.12065000 -0.08617857 0.00000000
v -0.12065000 -0.09307286 0.00000000
v -0.12065000 -0.09996714 0.00000000
v -0.12065000 -0.10686143 0.00000000
v -0.11365000 -0.12065000 0.00000000
v -0.12065000 -0.11375572 0.00000000
v -0.11375572 -0.12065000 0.00700000
v -0.11375572 -0.12065000 0.00000000
v -0.11375572 0.12065000 0.00700000
v -0.12065000 0.12065000 0.00700000
v -0.12065000 0.11375572 0.00700000
v -0.12065000 0.10686143 0.00700000
v -0.12065000 0.09996714 0.00700000
v -0.12065000 0.09307286 0.00700000
v -0.12065000 0.08617857 0.00700000
v -0.12065000 0.07928429 0.00700000
v -0.12065000 0.07239000 0.00700000
v -0.12065000 0.06549571 0.00700000
v -0.12065000 0.05860143 0.00700000
v -0.12065000 0.05170714 0.00700000
v -0.12065000 0.04481286 0.00700000
v -0.12065000 0.03791857 0.00700000
v -0.12065000 0.03102429 0.00700000
v -0.12065000 0.02413000 0.00700000
v -0.12065000 0.01723571 0.00700000
v -0.12065000 0.01034143 0.00700000
v -0.12065000 0.00344714 0.00700000
v -0.12065000 -0.00344714 0.00700000
v -0.12065000 -0.01034143 0.00700000
v -0.12065000 -0.01723571 0.00700000
v -0.12065000 -0.02413000 0.00700000
v -0.12065000 -0.03102429 0.00700000
v -0.12065000 -0.03791857 0.00700000
v -0.12065000 -0.04481286 0.00700000
v -0.12065000 -0.05170714 0.00700000
v -0.12065000 -0.05860143 0.00700000
v -0.12065000 -0.06549571 0.00700000
v -0.12065000 -0.07239000 0.00700000
v -0.12065000 -0.07928429 0.00700000
v -0.12065000 -0.08617857 0.00700000
v -0.12065000 -0.09307286 0.00700000
v -0.12065000 -0.09996714 0.00700000
v -0.12065000 -0.10686143 0.00700000
v -0.12065000 -0.12065000 0.00000000
v -0.12065000 -0.11375572 0.00700000
v -0.12065000 -0.12065000 0.00700000
v 0.11758100 0.11375572 0.01778000
v 0.12065000 0.11375572 0.01778000
v 0.12065000 0.12065000 0.01778000
v 0.12065000 0.12065000 0.01400700
v 0.11758100 0.12065000 0.01778000
v 0.11375572 0.12065000 0.01400700
v 0.11758100 0.10686143 0.01778000
v 0.12065000 0.10686143 0.01778000
v 0.12065000 0.11375572 0.01400700
v 0.11758100 0.09996714 0.01778000
v 0.12065000 0.09996714 0.01778000
v 0.12065000 0.10686143 0.01400700
v 0.11758100 0.09307286 0.01778000
v 0.12065000 0.09307286 0.01778000
v 0.12065000 0.09996714 0.01400700
v 0.11758100 0.08617857 0.01778000
v 0.12065000 0.08617857 0.01778000
v 0.12065000 0.09307286 0.01400700
v 0.11758100 0.07928429 0.01778000
v 0.12065000 0.07928429 0.01778000
v 0.12065000 0.08617857 0.01400700
v 0.11758100 0.07239000 0.01778000
v 0.12065000 0.07239000 0.01778000
v 0.12065000 0.07928429 0.01400700
v 0.11758100 0.06549571 0.01778000
v 0.12065000 0.06549571 0.01778000
v 0.12065000 0.07239000 0.01400700
v 0.11758100 0.05860143 0.01778000
v 0.12065000 0.05860143 0.01778000
v 0.12065000 0.06549571 0.01400700
v 0.11758100 0.05170714 0.01778000
v 0.12065000 0.05170714 0.01778000
v 0.12065000 0.05860143 0.01400700
v 0.11758100 0.04481286 0.01778000
v 0.12065000 0.04481286 0.01778000
v 0.12065000 0.05170714 0.01400700
v 0.11758100 0.03791857 0.01778000
v 0.12065000 0.03791857 0.01778000
v 0.12065000 0.04481286 0.01400700
v 0.11758100 0.03102429 0.01778000
v 0.12065000 0.03102429 0.01778000
v 0.12065000 0.03791857 0.01400700
v 0.11758100 0.02413000 0.01778000
v 0.12065000 0.02413000 0.01778000
v 0.12065000 0.03102429 0.01400700
v 0.11758100 0.01723571 0.01778000
v 0.12065000 0.01723571 0.01778000
v 0.12065000 0.02413000 0.01400700
v 0.11758100 0.01034143 0.01778000
v 0.12065000 0.01034143 0.01778000
v 0.12065000 0.01723571 0.01400700
v 0.11758100 0.00344714 0.01778000
v 0.12065000 0.00344714 0.01778000
v 0.12065000 0.01034143 0.01400700
v 0.11758100 -0.00344714 0.01778000
v 0.12065000 -0.00344714 0.01778000
v 0.12065000 0.00344714 0.01400700
v 0.11758100 -0.01034143 0.01778000
v 0.12065000 -0.01034143 0.01778000
v 0.12065000 -0.00344714 0.01400700
v 0.11758100 -0.01723571 0.01778000
v 0.12065000 -0.01723571 0.01778000
v 0.12065000 -0.01034143 0.01400700
v 0.11758100 -0.02413000 0.01778000
v 0.12065000 -0.02413000 0.01778000
v 0.12065000 -0.01723571 0.01400700
v 0.11758100 -0.03102429 0.01778000
v 0.12065000 -0.03102429 0.01778000
v 0.12065000 -0.02413000 0.01400700
v 0.11758100 -0.03791857 0.01778000
v 0.12065000 -0.03791857 0.01778000
v 0.12065000 -0.03102429 0.01400700
v 0.11758100 -0.04481286 0.01778000
v 0.12065000 -0.04481286 0.01778000
v 0.12065000 -0.03791857 0.01400700
v 0.11758100 -0.05170714 0.01778000
v 0.12065000 -0.05170714 0.01778000
v 0.12065000 -0.04481286 0.01400700
v 0.11758100 -0.05860143 0.01778000
v 0.12065000 -0.05860143 0.01778000
v 0.12065000 -0.05170714 0.01400700
v 0.11758100 -0.06549571 0.01778000
v 0.12065000 -0.06549571 0.01778000
v 0.12065000 -0.05860143 0.01400700
v 0.11758100 -0.07239000 0.01778000
v 0.12065000 -0.07239000 0.01778000
v 0.12065000 -0.06549571 0.01400700
v 0.11758100 -0.07928429 0.01778000
v 0.12065000 -0.07928429 0.01778000
v 0.12065000 -0.07239000 0.01400700
v 0.11758100 -0.08617857 0.01778000
v 0.12065000 -0.08617857 0.01778000
v 0.12065000 -0.07928429 0.01400700
v 0.11758100 -0.09307286 0.01778000
v 0.12065000 -0.09307286 0.01778000
v 0.12065000 -0.08617857 0.01400700
v 0.11758100 -0.09996714 0.01778000
v 0.12065000 -0.09996714 0.01778000
v 0.12065000 -0.09307286 0.01400700
v 0.11758100 -0.10686143 0.01778000
v 0.12065000 -0.10686143 0.01778000
v 0.12065000 -0.09996714 0.01400700
v 0.11758100 -0.11375572 0.01778000
v 0.12065000 -0.11375572 0.01778000
v 0.12065000 -0.10686143 0.01400700
v 0.11758100 -0.12065000 0.01778000
v 0.12065000 -0.12065000 0.01778000
v 0.12065000 -0.11375572 0.01400700
v 0.12065000 -0.12065000 0.01400700
v 0.11375572 -0.12065000 0.01778000
v 0.11057400 -0.11375572 0.01778000
v 0.11057400 -0.12065000 0.01778000
v 0.11057400 -0.10686143 0.01778000
v 0.11057400 -0.09996714 0.01778000
v 0.11057400 -0.09307286 0.01778000
v 0.11057400 -0.08617857 0.01778000
v 0.11057400 -0.07928429 0.01778000
v 0.11057400 -0.07239000 0.01778000
v 0.11057400 -0.06549571 0.01778000
v 0.11057400 -0.05860143 0.01778000
v 0.11057400 -0.05170714 0.01778000
v 0.11057400 -0.04481286 0.01778000
v 0.11057400 -0.03791857 0.01778000
v 0.11057400 -0.03102429 0.01778000
v 0.11057400 -0.02413000 0.01778000
v 0.11057400 -0.01723571 0.01778000
v 0.11057400 -0.01034143 0.01778000
v 0.11057400 -0.00344714 0.01778000
v 0.11057400 0.00344714 0.01778000
v 0.11057400 0.01034143 0.01778000
v 0.11057400 0.01723571 0.01778000
v 0.11057400 0.02413000 0.01778000
v 0.11057400 0.03102429 0.01778000
v 0.11057400 0.03791857 0.01778000
v 0.11057400 0.04481286 0.01778000
v 0.11057400 0.05170714 0.01778000
v 0.11057400 0.05860143 0.01778000
v 0.11057400 0.06549571 0.01778000
v 0.11057400 0.07239000 0.01778000
v 0.11057400 0.07928429 0.01778000
v 0.11057400 0.08617857 0.01778000
v 0.11057400 0.09307286 0.01778000
v 0.11057400 0.09996714 0.01778000
v 0.11057400 0.10686143 0.01778000
v 0.11057400 0.11375572 0.01778000
v 0.11375572 0.12065000 0.01778000
v 0.11057400 0.12065000 0.01778000
v 0.10686143 0.12065000 0.01400700
v 0.11375572 -0.12065000 0.01400700
v 0.10686143 -0.12065000 0.01778000
v 0.10356700 -0.11375572 0.01778000
v 0.10356700 -0.12065000 0.01778000
v 0.10356700 -0.10686143 0.01778000
v 0.10356700 -0.09996714 0.01778000
v 0.10356700 -0.09307286 0.01778000
v 0.10356700 -0.08617857 0.01778000
v 0.10356700 -0.07928429 0.01778000
v 0.10356700 -0.07239000 0.01778000
v 0.10356700 -0.06549571 0.01778000
v 0.10356700 -0.05860143 0.01778000
v 0.10356700 -0.05170714 0.01778000
v 0.10356700 -0.04481286 0.01778000
v 0.10356700 -0.03791857 0.01778000
v 0.10356700 -0.03102429 0.01778000
v 0.10356700 -0.02413000 0.01778000
v 0.10356700 -0.01723571 0.01778000
v 0.10356700 -0.01034143 0.01778000
v 0.10356700 -0.00344714 0.01778000
v 0.10356700 0.00344714 0.01778000
v 0.10356700 0.01034143 0.01778000
v 0.10356700 0.01723571 0.01778000
v 0.10356700 0.02413000 0.01778000
v 0.10356700 0.03102429 0.01778000
v 0.10356700 0.03791857 0.01778000
v 0.10356700 0.04481286 0.01778000
v 0.10356700 0.05170714 0.01778000
v 0.10356700 0.05860143 0.01778000
v 0.10356700 0.06549571 0.01778000
v 0.10356700 0.07239000 0.01778000
v 0.10356700 0.07928429 0.01778000
v 0.10356700 0.08617857 0.01778000
v 0.10356700 0.09307286 0.01778000
v 0.10356700 0.09996714 0.01778000
v 0.10356700 0.10686143 0.01778000
v 0.10356700 0.11375572 0.01778000
v 0.10686143 0.12065000 0.01778000
v 0.10356700 0.12065000 0.01778000
v 0.09996714 0.12065000 0.01400700
v 0.10686143 -0.12065000 0.01400700
v 0.09996714 -0.12065000 0.01778000
v 0.09655999 -0.11375572 0.01778000
v 0.09655999 -0.12065000 0.01778000
v 0.09655999 -0.10686143 0.01778000
v 0.09655999 -0.09996714 0.01778000
v 0.09655999 -0.09307286 0.01778000
v 0.09655999 -0.08617857 0.01778000
v 0.09655999 -0.07928429 0.01778000
v 0.09655999 -0.07239000 0.01778000
v 0.09655999 -0.06549571 0.01778000
v 0.09655999 -0.05860143 0.01778000
v 0.09655999 -0.05170714 0.01778000
v 0.09655999 -0.04481286 0.01778000
v 0.09655999 -0.03791857 0.01778000
v 0.09655999 -0.03102429 0.01778000
v 0.09655999 -0.02413000 0.01778000
v 0.09655999 -0.01723571 0.01778000
v 0.09655999 -0.01034143 0.01778000
v 0.09655999 -0.00344714 0.01778000
v 0.09655999 0.00344714 0.01778000
v 0.09655999 0.01034143 0.01778000
v 0.09655999 0.01723571 0.01778000
v 0.09655999 0.02413000 0.01778000
v 0.09655999 0.03102429 0.01778000
v 0.09655999 0.03791857 0.01778000
v 0.09655999 0.04481286 0.01778000
v 0.09655999 0.05170714 0.01778000
v 0.09655999 0.05860143 0.01778000
v 0.09655999 0.06549571 0.01778000
v 0.09655999 0.07239000 0.01778000
v 0.09655999 0.07928429 0.01778000
v 0.09655999 0.08617857 0.01778000
v 0.09655999 0.09307286 0.01778000
v 0.09655999 0.09996714 0.01778000
v 0.09655999 0.10686143 0.01778000
v 0.09655999 0.11375572 0.01778000
v 0.09996714 0.12065000 0.01778000
v 0.09655999 0.12065000 0.01778000
v 0.09307286 0.12065000 0.01400700
v 0.09996714 -0.12065000 0.01400700
v 0.09307286 -0.12065000 0.01778000
v 0.08955300 -0.11375572 0.01778000
v 0.08955300 -0.12065000 0.01778000
v 0.08955300 -0.10686143 0.01778000
v 0.08955300 -0.09996714 0.01778000
v 0.08955300 -0.09307286 0.01778000
v 0.08955300 -0.08617857 0.01778000
v 0.08955300 -0.07928429 0.01778000
v 0.08955300 -0.07239000 0.01778000
v 0.08955300 -0.06549571 0.01778000
v 0.08955300 -0.05860143 0.01778000
v 0.08955300 -0.05170714 0.01778000
v 0.08955300 -0.04481286 0.01778000
v 0.08955300 -0.03791857 0.01778000
v 0.08955300 -0.03102429 0.01778000
v 0.08955300 -0.02413000 0.01778000
v 0.08955300 -0.01723571 0.01778000
v 0.08955300 -0.01034143 0.01778000
v 0.08955300 -0.00344714 0.01778000
v 0.08955300 0.00344714 0.01778000
v 0.08955300 0.01034143 0.01778000
v 0.08955300 0.01723571 0.01778000
v 0.08955300 0.02413000 0.01778000
v 0.08955300 0.03102429 0.01778000
v 0.08955300 0.03791857 0.01778000
v 0.08955300 0.04481286 0.01778000
v 0.08955300 0.05170714 0.01778000
v 0.08955300 0.05860143 0.01778000
v 0.08955300 0.06549571 0.01778000
v 0.08955300 0.07239000 0.01778000
v 0.08955300 0.07928429 0.01778000
v 0.08955300 0.08617857 0.01778000
v 0.08955300 0.09307286 0.01778000
v 0.08955300 0.09996714 0.01778000
v 0.08955300 0.10686143 0.01778000
v 0.08955300 0.11375572 0.01778000
v 0.09307286 0.12065000 0.01778000
v 0.08955300 0.12065000 0.01778000
v 0.08617857 0.12065000 0.01400700
v 0.09307286 -0.12065000 0.01400700
v 0.08617857 -0.12065000 0.01778000
v 0.08254600 -0.11375572 0.01778000
v 0.08254600 -0.12065000 0.01778000
v 0.08254600 -0.10686143 0.01778000
v 0.08254600 -0.09996714 0.01778000
v 0.08254600 -0.09307286 0.01778000
v 0.08254600 -0.08617857 0.01778000
v 0.08254600 -0.07928429 0.01778000
v 0.08254600 -0.07239000 0.01778000
v 0.08254600 -0.06549571 0.01778000
v 0.08254600 -0.05860143 0.01778000
v 0.08254600 -0.05170714 0.01778000
v 0.08254600 -0.04481286 0.01778000
v 0.08254600 -0.03791857 0.01778000
v 0.08254600 -0.03102429 0.01778000
v 0.08254600 -0.02413000 0.01778000
v 0.08254600 -0.01723571 0.01778000
v 0.08254600 -0.01034143 0.01778000
v 0.08254600 -0.00344714 0.01778000
v 0.08254600 0.00344714 0.01778000
v 0.08254600 0.01034143 0.01778000
v 0.08254600 0.01723571 0.01778000
v 0.08254600 0.02413000 0.01778000
v 0.08254600 0.03102429 0.01778000
v 0.08254600 0.03791857 0.01778000
v 0.08254600 0.04481286 0.01778000
v 0.08254600 0.05170714 0.01778000
v 0.08254600 0.05860143 0.01778000
v 0.08254600 0.06549571 0.01778000
v 0.08254600 0.07239000 0.01778000
v 0.08254600 0.07928429 0.01778000
v 0.08254600 0.08617857 0.01778000
v 0.08254600 0.09307286 0.01778000
v 0.08254600 0.09996714 0.01778000
v 0.08254600 0.10686143 0.01778000
v 0.08254600 0.11375572 0.01778000
v 0.08617857 0.12065000 0.01778000
v 0.08254600 0.12065000 0.01778000
v 0.07928429 0.12065000 0.01400700
v 0.08617857 -0.12065000 0.01400700
v 0.07928429 -0.12065000 0.01778000
v 0.07553900 -0.11375572 0.01778000
v 0.07553900 -0.12065000 0.01778000
v 0.07553900 -0.10686143 0.01778000
v 0.07553900 -0.09996714 0.01778000
v 0.07553900 -0.09307286 0.01778000
v 0.07553900 -0.08617857 0.01778000
v 0.07553900 -0.07928429 0.01778000
v 0.07553900 -0.07239000 0.01778000
v 0.07553900 -0.06549571 0.01778000
v 0.07553900 -0.05860143 0.01778000
v 0.07553900 -0.05170714 0.01778000
v 0.07553900 -0.04481286 0.01778000
v 0.07553900 -0.03791857 0.01778000
v 0.07553900 -0.03102429 0.01778000
v 0.07553900 -0.02413000 0.01778000
v 0.07553900 -0.01723571 0.01778000
v 0.07553900 -0.01034143 0.01778000
v 0.07553900 -0.00344714 0.01778000
v 0.07553900 0.00344714 0.01778000
v 0.07553900 0.01034143 0.01778000
v 0.07553900 0.01723571 0.01778000
v 0.07553900 0.02413000 0.01778000
v 0.07553900 0.03102429 0.01778000
v 0.07553900 0.03791857 0.01778000
v 0.07553900 0.04481286 0.01778000
v 0.07553900 0.05170714 0.01778000
v 0.07553900 0.05860143 0.01778000
v 0.07553900 0.06549571 0.01778000
v 0.07553900 0.07239000 0.01778000
v 0.07553900 0.07928429 0.01778000
v 0.07553900 0.08617857 0.01778000
v 0.07553900 0.09307286 0.01778000
v 0.07553900 0.09996714 0.01778000
v 0.07553900 0.10686143 0.01778000
v 0.07553900 0.11375572 0.01778000
v 0.07928429 0.12065000 0.01778000
v 0.07553900 0.12065000 0.01778000
v 0.07239000 0.12065000 0.01400700
v 0.07928429 -0.12065000 0.01400700
v 0.07239000 -0.12065000 0.01778000
v 0.06853200 -0.11375572 0.01778000
v 0.06853200 -0.12065000 0.01778000
v 0.06853200 -0.10686143 0.01778000
v 0.06853200 -0.09996714 0.01778000
v 0.06853200 -0.09307286 0.01778000
v 0.06853200 -0.08617857 0.01778000
v 0.06853200 -0.07928429 0.01778000
v 0.06853200 -0.07239000 0.01778000
v 0.06853200 -0.06549571 0.01778000
v 0.06853200 -0.05860143 0.01778000
v 0.06853200 -0.05170714 0.01778000
v 0.06853200 -0.04481286 0.01778000
v 0.06853200 -0.03791857 0.01778000
v 0.06853200 -0.03102429 0.01778000
v 0.06853200 -0.02413000 0.01778000
v 0.06853200 -0.01723571 0.01778000
v 0.06853200 -0.01034143 0.01778000
v 0.06853200 -0.00344714 0.01778000
v 0.06853200 0.00344714 0.01778000
v 0.06853200 0.01034143 0.01778000
v 0.06853200 0.01723571 0.01778000
v 0.06853200 0.02413000 0.01778000
v 0.06853200 0.03102429 0.01778000
v 0.06853200 0.03791857 0.01778000
v 0.06853200 0.04481286 0.01778000
v 0.06853200 0.05170714 0.01778000
v 0.06853200 0.05860143 0.01778000
v 0.06853200 0.06549571 0.01778000
v 0.06853200 0.07239000 0.01778000
v 0.06853200 0.07928429 0.01778000
v 0.06853200 0.08617857 0.01778000
v 0.06853200 0.09307286 0.01778000
v 0.06853200 0.09996714 0.01778000
v 0.06853200 0.10686143 0.01778000
v 0.06853200 0.11375572 0.01778000
v 0.07239000 0.12065000 0.01778000
v 0.06853200 0.12065000 0.01778000
v 0.06549571 0.12065000 0.01400700
v 0.07239000 -0.12065000 0.01400700
v 0.06549571 -0.12065000 0.01778000
v 0.06152500 -0.11375572 0.01778000
v 0.06152500 -0.12065000 0.01778000
v 0.06152500 -0.10686143 0.01778000
v 0.06152500 -0.09996714 0.01778000
v 0.06152500 -0.09307286 0.01778000
v 0.06152500 -0.08617857 0.01778000
v 0.06152500 -0.07928429 0.01778000
v 0.06152500 -0.07239000 0.01778000
v 0.06152500 -0.06549571 0.01778000
v 0.06152500 -0.05860143 0.01778000
v 0.06152500 -0.05170714 0.01778000
v 0.06152500 -0.04481286 0.01778000
v 0.06152500 -0.03791857 0.01778000
v 0.06152500 -0.03102429 0.01778000
v 0.06152500 -0.02413000 0.01778000
v 0.06152500 -0.01723571 0.01778000
v 0.06152500 -0.01034143 0.01778000
v 0.06152500 -0.00344714 0.01778000
v 0.06152500 0.00344714 0.01778000
v 0.06152500 0.01034143 0.01778000
v 0.06152500 0.01723571 0.01778000
v 0.06152500 0.02413000 0.01778000
v 0.06152500 0.03102429 0.01778000
v 0.06152500 0.03791857 0.01778000
v 0.06152500 0.04481286 0.01778000
v 0.06152500 0.05170714 0.01778000
v 0.06152500 0.05860143 0.01778000
v 0.06152500 0.06549571 0.01778000
v 0.06152500 0.07239000 0.01778000
v 0.06152500 0.07928429 0.01778000
v 0.06152500 0.08617857 0.01778000
v 0.06152500 0.09307286 0.01778000
v 0.06152500 0.09996714 0.01778000
v 0.06152500 0.10686143 0.01778000
v 0.06152500 0.11375572 0.01778000
v 0.06549571 0.12065000 0.01778000
v 0.06152500 0.12065000 0.01778000
v 0.05860143 0.12065000 0.01400700
v 0.06549571 -0.12065000 0.01400700
v 0.05860143 -0.12065000 0.01778000
v 0.05451800 -0.11375572 0.01778000
v 0.05451800 -0.12065000 0.01778000
v 0.05451800 -0.10686143 0.01778000
v 0.05451800 -0.09996714 0.01778000
v 0.05451800 -0.09307286 0.01778000
v 0.05451800 -0.08617857 0.01778000
v 0.05451800 -0.07928429 0.01778000
v 0.05451800 -0.07239000 0.01778000
v 0.05451800 -0.06549571 0.01778000
v 0.05451800 -0.05860143 0.01778000
v 0.05451800 -0.05170714 0.01778000
v 0.05451800 -0.04481286 0.01778000
v 0.05451800 -0.03791857 0.01778000
v 0.05451800 -0.03102429 0.01778000
v 0.05451800 -0.02413000 0.01778000
v 0.05451800 -0.01723571 0.01778000
v 0.05451800 -0.01034143 0.01778000
v 0.05451800 -0.00344714 0.01778000
v 0.05451800 0.00344714 0.01778000
v 0.05451800 0.01034143 0.01778000
v 0.05451800 0.01723571 0.01778000
v 0.05451800 0.02413000 0.01778000
v 0.05451800 0.03102429 0.01778000
v 0.05451800 0.03791857 0.01778000
v 0.05451800 0.04481286 0.01778000
v 0.05451800 0.05170714 0.01778000
v 0.05451800 0.05860143 0.01778000
v 0.05451800 0.06549571 0.01778000
v 0.05451800 0.07239000 0.01778000
v 0.05451800 0.07928429 0.01778000
v 0.05451800 0.08617857 0.01778000
v 0.05451800 0.09307286 0.01778000
v 0.05451800 0.09996714 0.01778000
v 0.05451800 0.10686143 0.01778000
v 0.05451800 0.11375572 0.01778000
v 0.05860143 0.12065000 0.01778000
v 0.05451800 0.12065000 0.01778000
v 0.05170714 0.12065000 0.01400700
v 0.05860143 -0.12065000 0.01400700
v 0.05170714 -0.12065000 0.01778000
v 0.05080000 -0.11034890 0.01778000
v 0.04751100 -0.12065000 0.01778000
v 0.05080000 -0.11684000 0.01778000
v 0.05080000 -0.10385778 0.01778000
v 0.05080000 -0.10984000 0.01778000
v 0.05080000 -0.09736667 0.01778000
v 0.05080000 -0.10283300 0.01778000
v 0.05080000 -0.09087556 0.01778000
v 0.05080000 -0.09582600 0.01778000
v 0.05080000 -0.08438445 0.01778000
v 0.05080000 -0.08881900 0.01778000
v 0.05080000 -0.07789333 0.01778000
v 0.05080000 -0.08181199 0.01778000
v 0.05080000 -0.07140222 0.01778000
v 0.05080000 -0.07480500 0.01778000
v 0.05080000 -0.06491111 0.01778000
v 0.05080000 -0.06779800 0.01778000
v 0.05080000 -0.05842000 0.01778000
v 0.05080000 -0.06079100 0.01778000
v 0.04751100 -0.05163959 0.01778000
v 0.04751100 -0.05842000 0.01778000
v 0.04751100 -0.03807879 0.01778000
v 0.04751100 -0.04485919 0.01778000
v 0.04751100 -0.03129839 0.01778000
v 0.04751100 -0.02451798 0.01778000
v 0.04759217 -0.01776550 0.01778000
v 0.04906882 -0.01314832 0.01778000
v 0.05036541 -0.00662997 0.01778000
v 0.05080000 -0.00000000 0.01778000
v 0.05036541 0.00662997 0.01778000
v 0.04906882 0.01314832 0.01778000
v 0.04759217 0.01776550 0.01778000
v 0.04751100 0.02459841 0.01778000
v 0.04751100 0.03145923 0.01778000
v 0.04751100 0.03832006 0.01778000
v 0.04751100 0.04518089 0.01778000
v 0.04751100 0.05204172 0.01778000
v 0.04751100 0.05890255 0.01778000
v 0.04751100 0.06576338 0.01778000
v 0.04751100 0.07262421 0.01778000
v 0.04751100 0.07948503 0.01778000
v 0.04751100 0.08634587 0.01778000
v 0.04751100 0.09320669 0.01778000
v 0.04751100 0.10006751 0.01778000
v 0.04751100 0.10692834 0.01778000
v 0.04751100 0.11378917 0.01778000
v 0.05170714 0.12065000 0.01778000
v 0.04751100 0.12065000 0.01778000
v 0.04481286 0.12065000 0.01400700
v 0.05170714 -0.12065000 0.01400700
v 0.04751100 -0.11684000 0.01778000
v 0.04481286 -0.12065000 0.01778000
v 0.05080000 -0.11489267 0.02115288
v 0.04050400 -0.12065000 0.01778000
v 0.04729100 -0.11684000 0.01778000
v 0.05080000 -0.10984000 0.02384218
v 0.05080000 -0.10283300 0.02384521
v 0.05080000 -0.09582600 0.02384622
v 0.05080000 -0.08881900 0.02471340
v 0.05080000 -0.08181199 0.02452114
v 0.05080000 -0.07480500 0.02439880
v 0.05080000 -0.06779800 0.02431409
v 0.05080000 -0.06079100 0.02471427
v 0.05080000 -0.05842000 0.02452576
v 0.04402667 -0.05842000 0.01778000
v 0.05080000 -0.05842000 0.02478000
v 0.04050400 -0.05147077 0.01778000
v 0.04050400 -0.05842000 0.01778000
v 0.04050400 -0.04452154 0.01778000
v 0.04050400 -0.03757232 0.01778000
v 0.04052259 -0.03063574 0.01778000
v 0.04693278 -0.01944098 0.01778000
v 0.04399446 -0.02539927 0.01778000
v 0.04891620 -0.01370568 0.02478000
v 0.04659433 -0.02023878 0.02478000
v 0.05032685 -0.00691727 0.02478000
v 0.05080000 0.00000000 0.02478000
v 0.05032685 0.00691727 0.02478000
v 0.04891620 0.01370568 0.02478000
v 0.04693278 0.01944098 0.01778000
v 0.04399446 0.02539927 0.01778000
v 0.04050400 0.03754824 0.01778000
v 0.04052259 0.03063574 0.01778000
v 0.04050400 0.04447338 0.01778000
v 0.04050400 0.05139853 0.01778000
v 0.04050400 0.05832368 0.01778000
v 0.04050400 0.06524882 0.01778000
v 0.04050400 0.07217398 0.01778000
v 0.04050400 0.07909912 0.01778000
v 0.04050400 0.08602427 0.01778000
v 0.04050400 0.09294941 0.01778000
v 0.04050400 0.09987456 0.01778000
v 0.04050400 0.10679971 0.01778000
v 0.04050400 0.11372485 0.01778000
v 0.04481286 0.12065000 0.01778000
v 0.04050400 0.12065000 0.01778000
v 0.03791857 0.12065000 0.01400700
v 0.04659433 0.02023878 0.02478000
v 0.04340451 0.02639486 0.02478000
v 0.04030237 0.03092486 0.01778000
v 0.03353481 0.03815816 0.01778000
v 0.03592039 0.03592156 0.01778000
v 0.03349700 0.04499559 0.01778000
v 0.03349700 0.05187326 0.01778000
v 0.03349700 0.05875093 0.01778000
v 0.03349700 0.06562861 0.01778000
v 0.03349700 0.07250628 0.01778000
v 0.03349700 0.07938395 0.01778000
v 0.03349700 0.08626163 0.01778000
v 0.03349700 0.09313931 0.01778000
v 0.03349700 0.10001697 0.01778000
v 0.03349700 0.10689466 0.01778000
v 0.03349700 0.11377233 0.01778000
v 0.03791857 0.12065000 0.01778000
v 0.03349700 0.12065000 0.01778000
v 0.03102429 0.12065000 0.01400700
v 0.03940613 0.03205927 0.02478000
v 0.03467370 0.03712647 0.02478000
v 0.03222653 0.03926936 0.01778000
v 0.02649000 0.04972498 0.01778000
v 0.02822233 0.04223898 0.01778000
v 0.02652157 0.04332719 0.01778000
v 0.02649000 0.05617271 0.01778000
v 0.02649000 0.06262044 0.01778000
v 0.02649000 0.06906817 0.01778000
v 0.02649000 0.07551590 0.01778000
v 0.02649000 0.08196363 0.01778000
v 0.02649000 0.08841135 0.01778000
v 0.02649000 0.09485909 0.01778000
v 0.02649000 0.10130682 0.01778000
v 0.02649000 0.10775454 0.01778000
v 0.02649000 0.11420227 0.01778000
v 0.03102429 0.12065000 0.01778000
v 0.02649000 0.12065000 0.01778000
v 0.02413000 0.12065000 0.01400700
v 0.02929536 0.04150207 0.02478000
v 0.02394636 0.04480181 0.01778000
v 0.01948300 0.05361613 0.01778000
v 0.01948399 0.04691485 0.01778000
v 0.01948300 0.06031952 0.01778000
v 0.01948300 0.06702290 0.01778000
v 0.01948300 0.07372630 0.01778000
v 0.01948300 0.08042968 0.01778000
v 0.01948300 0.08713306 0.01778000
v 0.01948300 0.09383645 0.01778000
v 0.01948300 0.10053984 0.01778000
v 0.01948300 0.10724322 0.01778000
v 0.01948300 0.11394661 0.01778000
v 0.02413000 0.12065000 0.01778000
v 0.01948300 0.12065000 0.01778000
v 0.01723571 0.12065000 0.01400700
v 0.02337130 0.04510457 0.02478000
v 0.01943980 0.04693318 0.01778000
v 0.01247600 0.05569793 0.01778000
v 0.01314746 0.04906916 0.01778000
v 0.01248529 0.04924182 0.01778000
v 0.01247600 0.06219314 0.01778000
v 0.01247600 0.06868835 0.01778000
v 0.01247600 0.07518356 0.01778000
v 0.01247600 0.08167876 0.01778000
v 0.01247600 0.08817396 0.01778000
v 0.01247600 0.09466917 0.01778000
v 0.01247600 0.10116439 0.01778000
v 0.01247600 0.10765959 0.01778000
v 0.01247600 0.11415479 0.01778000
v 0.01723571 0.12065000 0.01778000
v 0.01247600 0.12065000 0.01778000
v 0.01034143 0.12065000 0.01400700
v 0.01701188 0.04786685 0.02478000
v 0.00663156 0.05036524 0.01778000
v 0.01033557 0.04973747 0.02478000
v 0.00546900 0.05682403 0.01778000
v 0.00547358 0.05050414 0.01778000
v 0.00546900 0.06320662 0.01778000
v 0.00546900 0.06958922 0.01778000
v 0.00546900 0.07597182 0.01778000
v 0.00546900 0.08235442 0.01778000
v 0.00546900 0.08873702 0.01778000
v 0.00546900 0.09511961 0.01778000
v 0.00546900 0.10150220 0.01778000
v 0.00546900 0.10788480 0.01778000
v 0.00546900 0.11426740 0.01778000
v 0.01034143 0.12065000 0.01778000
v 0.00546900 0.12065000 0.01778000
v 0.00344714 0.12065000 0.01400700
v 0.00000000 0.05079987 0.01778000
v 0.00346671 0.05068157 0.02478000
v -0.00153800 0.05769416 0.01778000
v -0.00154281 0.05077652 0.01778000
v -0.00153800 0.06468926 0.01778000
v -0.00153800 0.07168435 0.01778000
v -0.00153800 0.07867944 0.01778000
v -0.00153800 0.08567454 0.01778000
v -0.00153800 0.09266963 0.01778000
v -0.00153800 0.09966472 0.01778000
v -0.00153800 0.10665981 0.01778000
v -0.00153800 0.11365490 0.01778000
v 0.00344714 0.12065000 0.01778000
v -0.00153800 0.12065000 0.01778000
v -0.00344714 0.12065000 0.01400700
v -0.00854500 0.05640876 0.01778000
v -0.00663156 0.05036524 0.01778000
v -0.00346671 0.05068157 0.02478000
v -0.00854500 0.06283288 0.01778000
v -0.00854500 0.06925701 0.01778000
v -0.00854500 0.07568113 0.01778000
v -0.00854500 0.08210526 0.01778000
v -0.00854500 0.08852938 0.01778000
v -0.00854500 0.09495351 0.01778000
v -0.00854500 0.10137762 0.01778000
v -0.00854500 0.10780175 0.01778000
v -0.00854500 0.11422588 0.01778000
v -0.00344714 0.12065000 0.01778000
v -0.00854500 0.12065000 0.01778000
v -0.01034143 0.12065000 0.01400700
v -0.00856056 0.05007347 0.01778000
v -0.01555200 0.05483448 0.01778000
v -0.01314746 0.04906916 0.01778000
v -0.01033557 0.04973747 0.02478000
v -0.01555200 0.06141603 0.01778000
v -0.01555200 0.06799758 0.01778000
v -0.01555200 0.07457913 0.01778000
v -0.01555200 0.08116068 0.01778000
v -0.01555200 0.08774224 0.01778000
v -0.01555200 0.09432379 0.01778000
v -0.01555200 0.10090534 0.01778000
v -0.01555200 0.10748690 0.01778000
v -0.01555200 0.11406845 0.01778000
v -0.01034143 0.12065000 0.01778000
v -0.01555200 0.12065000 0.01778000
v -0.01723571 0.12065000 0.01400700
v -0.01558533 0.04835003 0.01778000
v -0.02255900 0.05229359 0.01778000
v -0.01943980 0.04693318 0.01778000
v -0.01701188 0.04786685 0.02478000
v -0.02255900 0.05912923 0.01778000
v -0.02255900 0.06596488 0.01778000
v -0.02255900 0.07280052 0.01778000
v -0.02255900 0.07963616 0.01778000
v -0.02255900 0.08647180 0.01778000
v -0.02255900 0.09330744 0.01778000
v -0.02255900 0.10014308 0.01778000
v -0.02255900 0.10697872 0.01778000
v -0.02255900 0.11381436 0.01778000
v -0.01723571 0.12065000 0.01778000
v -0.02255900 0.12065000 0.01778000
v -0.02413000 0.12065000 0.01400700
v -0.02258185 0.04550494 0.01778000
v -0.02956600 0.04785977 0.01778000
v -0.02394636 0.04480181 0.01778000
v -0.02337130 0.04510457 0.02478000
v -0.02956600 0.05447706 0.01778000
v -0.02956600 0.06109435 0.01778000
v -0.02956600 0.06771164 0.01778000
v -0.02956600 0.07432894 0.01778000
v -0.02956600 0.08094624 0.01778000
v -0.02956600 0.08756353 0.01778000
v -0.02956600 0.09418082 0.01778000
v -0.02956600 0.10079812 0.01778000
v -0.02956600 0.10741542 0.01778000
v -0.02956600 0.11403271 0.01778000
v -0.02413000 0.12065000 0.01778000
v -0.02956600 0.12065000 0.01778000
v -0.03102429 0.12065000 0.01400700
v -0.02822233 0.04223898 0.01778000
v -0.02959931 0.04128571 0.01778000
v -0.02929536 0.04150207 0.02478000
v -0.03657300 0.04175221 0.01778000
v -0.03222653 0.03926936 0.01778000
v -0.03657300 0.04832703 0.01778000
v -0.03657300 0.05490185 0.01778000
v -0.03657300 0.06147666 0.01778000
v -0.03657300 0.06805147 0.01778000
v -0.03657300 0.07462629 0.01778000
v -0.03657300 0.08120111 0.01778000
v -0.03657300 0.08777592 0.01778000
v -0.03657300 0.09435074 0.01778000
v -0.03657300 0.10092555 0.01778000
v -0.03657300 0.10750037 0.01778000
v -0.03657300 0.11407519 0.01778000
v -0.03102429 0.12065000 0.01778000
v -0.03657300 0.12065000 0.01778000
v -0.03791857 0.12065000 0.01400700
v -0.03592039 0.03592156 0.01778000
v -0.03467370 0.03712647 0.02478000
v -0.03661417 0.03521406 0.01778000
v -0.04358000 0.03953820 0.01778000
v -0.04358000 0.03277888 0.01778000
v -0.04030237 0.03092486 0.01778000
v -0.03940613 0.03205927 0.02478000
v -0.04358000 0.04629751 0.01778000
v -0.04358000 0.05305683 0.01778000
v -0.04358000 0.05981615 0.01778000
v -0.04358000 0.06657546 0.01778000
v -0.04358000 0.07333478 0.01778000
v -0.04358000 0.08009410 0.01778000
v -0.04358000 0.08685341 0.01778000
v -0.04358000 0.09361273 0.01778000
v -0.04358000 0.10037205 0.01778000
v -0.04358000 0.10713136 0.01778000
v -0.04358000 0.11389069 0.01778000
v -0.03791857 0.12065000 0.01778000
v -0.04358000 0.12065000 0.01778000
v -0.04481286 0.12065000 0.01400700
v -0.04361640 0.02604304 0.01778000
v -0.04340451 0.02639486 0.02478000
v -0.05058700 0.03087313 0.01778000
v -0.05058700 0.02396722 0.01778000
v -0.04399446 0.02539927 0.01778000
v -0.05058700 0.03777905 0.01778000
v -0.05058700 0.04468496 0.01778000
v -0.05058700 0.05159087 0.01778000
v -0.05058700 0.05849678 0.01778000
v -0.05058700 0.06540269 0.01778000
v -0.05058700 0.07230861 0.01778000
v -0.05058700 0.07921452 0.01778000
v -0.05058700 0.08612043 0.01778000
v -0.05058700 0.09302635 0.01778000
v -0.05058700 0.09993226 0.01778000
v -0.05058700 0.10683817 0.01778000
v -0.05058700 0.11374409 0.01778000
v -0.04481286 0.12065000 0.01778000
v -0.05058700 0.12065000 0.01778000
v -0.05170714 0.12065000 0.01400700
v -0.04693278 0.01944098 0.01778000
v -0.04659433 0.02023878 0.02478000
v -0.05058700 0.01706131 0.01778000
v -0.04906882 0.01314832 0.01778000
v -0.04891620 0.01370568 0.02478000
v -0.05058700 0.01015540 0.01778000
v -0.05036541 0.00662997 0.01778000
v -0.05032685 0.00691727 0.02478000
v -0.05069523 0.00325971 0.01778000
v -0.05759400 0.00344714 0.01778000
v -0.05759400 -0.00344714 0.01778000
v -0.05080000 0.00000000 0.01778000
v -0.05759400 0.01034143 0.01778000
v -0.05759400 0.01723571 0.01778000
v -0.05759400 0.02413000 0.01778000
v -0.05759400 0.03102429 0.01778000
v -0.05759400 0.03791857 0.01778000
v -0.05759400 0.04481286 0.01778000
v -0.05759400 0.05170714 0.01778000
v -0.05759400 0.05860143 0.01778000
v -0.05759400 0.06549571 0.01778000
v -0.05759400 0.07239000 0.01778000
v -0.05759400 0.07928429 0.01778000
v -0.05759400 0.08617857 0.01778000
v -0.05759400 0.09307286 0.01778000
v -0.05759400 0.09996714 0.01778000
v -0.05759400 0.10686143 0.01778000
v -0.05759400 0.11375572 0.01778000
v -0.05170714 0.12065000 0.01778000
v -0.05759400 0.12065000 0.01778000
v -0.05860143 0.12065000 0.01400700
v -0.05069523 -0.00325971 0.01778000
v -0.05080000 0.00000000 0.02478000
v -0.05058700 -0.01014580 0.01778000
v -0.05036541 -0.00662997 0.01778000
v -0.05759400 -0.01034143 0.01778000
v -0.05058700 -0.01704211 0.01778000
v -0.04906882 -0.01314832 0.01778000
v -0.05759400 -0.01723571 0.01778000
v -0.05058700 -0.02393843 0.01778000
v -0.04693278 -0.01944098 0.01778000
v -0.05759400 -0.02413000 0.01778000
v -0.05058700 -0.03083474 0.01778000
v -0.04399446 -0.02539927 0.01778000
v -0.05759400 -0.03102429 0.01778000
v -0.05058700 -0.03773106 0.01778000
v -0.04358000 -0.03249965 0.01778000
v -0.04361640 -0.02604304 0.01778000
v -0.05759400 -0.03791857 0.01778000
v -0.05058700 -0.04462737 0.01778000
v -0.04358000 -0.03897974 0.01778000
v -0.05759400 -0.04481286 0.01778000
v -0.05058700 -0.05152369 0.01778000
v -0.04358000 -0.04545982 0.01778000
v -0.05080000 -0.05842000 0.01778000
v -0.05058700 -0.05842000 0.01778000
v -0.04358000 -0.05193991 0.01778000
v -0.05759400 -0.05170714 0.01778000
v -0.04402667 -0.05842000 0.02478000
v -0.04402667 -0.05842000 0.01778000
v -0.05759400 -0.05860143 0.01778000
v -0.05080000 -0.06079100 0.01778000
v -0.05080000 -0.06079100 0.02471427
v -0.05080000 -0.05842000 0.02452576
v -0.05759400 -0.06549571 0.01778000
v -0.05080000 -0.06491111 0.01778000
v -0.05080000 -0.06779800 0.02431409
v -0.05080000 -0.06779800 0.01778000
v -0.05759400 -0.07239000 0.01778000
v -0.05080000 -0.07140222 0.01778000
v -0.05080000 -0.07480500 0.02439880
v -0.05080000 -0.07480500 0.01778000
v -0.05759400 -0.07928429 0.01778000
v -0.05080000 -0.07789333 0.01778000
v -0.05080000 -0.08181199 0.02452114
v -0.05080000 -0.08181199 0.01778000
v -0.05759400 -0.08617857 0.01778000
v -0.05080000 -0.08438445 0.01778000
v -0.05080000 -0.08881900 0.02471340
v -0.05080000 -0.08881900 0.01778000
v -0.05759400 -0.09307286 0.01778000
v -0.05080000 -0.09087556 0.01778000
v -0.05080000 -0.09582600 0.02384622
v -0.05080000 -0.09582600 0.01778000
v -0.05759400 -0.09996714 0.01778000
v -0.05080000 -0.09736667 0.01778000
v -0.05080000 -0.10283300 0.02384521
v -0.05080000 -0.10283300 0.01778000
v -0.05759400 -0.10686143 0.01778000
v -0.05080000 -0.10385778 0.01778000
v -0.05080000 -0.10984000 0.02384218
v -0.05080000 -0.10984000 0.01778000
v -0.05759400 -0.11375572 0.01778000
v -0.05080000 -0.11034890 0.01778000
v -0.05080000 -0.11489267 0.02115288
v -0.05080000 -0.11684000 0.01778000
v -0.05759400 -0.12065000 0.01778000
v -0.05058700 -0.11684000 0.01778000
v -0.04380000 -0.11340353 0.02373214
v -0.05170714 -0.12065000 0.01778000
v -0.05058700 -0.12065000 0.01778000
v -0.04380000 -0.11684000 0.01778000
v -0.04481286 -0.12065000 0.01400700
v -0.04358000 -0.11684000 0.01778000
v -0.04481286 -0.12065000 0.01778000
v -0.05170714 -0.12065000 0.01400700
v -0.05860143 -0.12065000 0.01778000
v -0.06460100 -0.11366500 0.01778000
v -0.06460100 -0.12065000 0.01778000
v -0.06460100 -0.10668000 0.01778000
v -0.06460100 -0.09969500 0.01778000
v -0.06460100 -0.09271000 0.01778000
v -0.06460100 -0.08572500 0.01778000
v -0.06460100 -0.07874000 0.01778000
v -0.06460100 -0.07175500 0.01778000
v -0.06460100 -0.06477000 0.01778000
v -0.06460100 -0.05778500 0.01778000
v -0.05842000 -0.05080000 0.01778000
v -0.05842000 -0.04402667 0.01778000
v -0.05842000 -0.03725334 0.01778000
v -0.05842000 -0.03048000 0.01778000
v -0.05842000 -0.02370667 0.01778000
v -0.05842000 -0.01693333 0.01778000
v -0.05842000 -0.01016000 0.01778000
v -0.05842000 -0.00338667 0.01778000
v -0.05842000 0.01016000 0.01778000
v -0.05842000 0.00338667 0.01778000
v -0.05842000 0.01693333 0.01778000
v -0.05842000 0.02370667 0.01778000
v -0.05842000 0.03048000 0.01778000
v -0.05842000 0.03725334 0.01778000
v -0.05842000 0.04402667 0.01778000
v -0.05842000 0.05080000 0.01778000
v -0.06460100 0.05778500 0.01778000
v -0.06079100 0.05080000 0.01778000
v -0.06460100 0.05080000 0.01778000
v -0.06460100 0.06477000 0.01778000
v -0.06460100 0.07175500 0.01778000
v -0.06460100 0.07874000 0.01778000
v -0.06460100 0.08572500 0.01778000
v -0.06460100 0.09271000 0.01778000
v -0.06460100 0.09969500 0.01778000
v -0.06460100 0.10668000 0.01778000
v -0.06460100 0.11366500 0.01778000
v -0.05860143 0.12065000 0.01778000
v -0.06460100 0.12065000 0.01778000
v -0.06549571 0.12065000 0.01400700
v -0.05860143 -0.12065000 0.01400700
v -0.06549571 -0.12065000 0.01778000
v -0.07160800 -0.11366500 0.01778000
v -0.07160800 -0.12065000 0.01778000
v -0.07160800 -0.10668000 0.01778000
v -0.07160800 -0.09969500 0.01778000
v -0.07160800 -0.09271000 0.01778000
v -0.07160800 -0.08572500 0.01778000
v -0.07160800 -0.07874000 0.01778000
v -0.07160800 -0.07175500 0.01778000
v -0.07160800 -0.06477000 0.01778000
v -0.06079100 -0.05080000 0.01778000
v -0.06460100 -0.05080000 0.01778000
v -0.07160800 -0.05778500 0.01778000
v -0.06079100 -0.05080000 0.02474261
v -0.06779800 -0.05080000 0.01778000
v -0.05842000 -0.05080000 0.02455333
v -0.05842000 -0.04402667 0.02478000
v -0.05842000 -0.05080000 0.02478000
v -0.05842000 -0.03725334 0.02478000
v -0.05842000 -0.03048000 0.02478000
v -0.05842000 -0.02370667 0.02478000
v -0.05842000 -0.01693333 0.02478000
v -0.05842000 -0.01016000 0.02478000
v -0.05842000 -0.00338667 0.02478000
v -0.05842000 0.00338667 0.02478000
v -0.05842000 0.01016000 0.02478000
v -0.05842000 0.01693333 0.02478000
v -0.05842000 0.02370667 0.02478000
v -0.05842000 0.03048000 0.02478000
v -0.05842000 0.03725334 0.02478000
v -0.05842000 0.04402667 0.02478000
v -0.06079100 0.05080000 0.02474261
v -0.05842000 0.05080000 0.02455333
v -0.06779800 0.05080000 0.02434080
v -0.06779800 0.05080000 0.01778000
v -0.07160800 0.05778500 0.01778000
v -0.07160800 0.05080000 0.01778000
v -0.07160800 0.06477000 0.01778000
v -0.07160800 0.07175500 0.01778000
v -0.07160800 0.07874000 0.01778000
v -0.07160800 0.08572500 0.01778000
v -0.07160800 0.09271000 0.01778000
v -0.07160800 0.09969500 0.01778000
v -0.07160800 0.10668000 0.01778000
v -0.07160800 0.11366500 0.01778000
v -0.06549571 0.12065000 0.01778000
v -0.07160800 0.12065000 0.01778000
v -0.07239000 0.12065000 0.01400700
v -0.07480500 0.05080000 0.02442585
v -0.07480500 0.05080000 0.01778000
v -0.07861499 0.05778500 0.01778000
v -0.07861499 0.05080000 0.01778000
v -0.07861499 0.06477000 0.01778000
v -0.07861499 0.07175500 0.01778000
v -0.07861499 0.07874000 0.01778000
v -0.07861499 0.08572500 0.01778000
v -0.07861499 0.09271000 0.01778000
v -0.07861499 0.09969500 0.01778000
v -0.07861499 0.10668000 0.01778000
v -0.07861499 0.11366500 0.01778000
v -0.07239000 0.12065000 0.01778000
v -0.07861499 0.12065000 0.01778000
v -0.07928429 0.12065000 0.01400700
v -0.08181199 0.05080000 0.02454870
v -0.08181199 0.05080000 0.01778000
v -0.08562201 0.05778500 0.01778000
v -0.08562201 0.05080000 0.01778000
v -0.08562201 0.06477000 0.01778000
v -0.08562201 0.07175500 0.01778000
v -0.08562201 0.07874000 0.01778000
v -0.08562201 0.08572500 0.01778000
v -0.08562201 0.09271000 0.01778000
v -0.08562201 0.09969500 0.01778000
v -0.08562201 0.10668000 0.01778000
v -0.08562201 0.11366500 0.01778000
v -0.07928429 0.12065000 0.01778000
v -0.08562201 0.12065000 0.01778000
v -0.08617857 0.12065000 0.01400700
v -0.08881900 0.05080000 0.02474174
v -0.08881900 0.05080000 0.01778000
v -0.09262900 0.05778500 0.01778000
v -0.09262900 0.05080000 0.01778000
v -0.09262900 0.06477000 0.01778000
v -0.09262900 0.07175500 0.01778000
v -0.09262900 0.07874000 0.01778000
v -0.09262900 0.08572500 0.01778000
v -0.09262900 0.09271000 0.01778000
v -0.09262900 0.09969500 0.01778000
v -0.09262900 0.10668000 0.01778000
v -0.09262900 0.11366500 0.01778000
v -0.08617857 0.12065000 0.01778000
v -0.09262900 0.12065000 0.01778000
v -0.09307286 0.12065000 0.01400700
v -0.09582600 0.05080000 0.02387101
v -0.09582600 0.05080000 0.01778000
v -0.09963600 0.05778500 0.01778000
v -0.09963600 0.05080000 0.01778000
v -0.09963600 0.06477000 0.01778000
v -0.09963600 0.07175500 0.01778000
v -0.09963600 0.07874000 0.01778000
v -0.09963600 0.08572500 0.01778000
v -0.09963600 0.09271000 0.01778000
v -0.09963600 0.09969500 0.01778000
v -0.09963600 0.10668000 0.01778000
v -0.09963600 0.11366500 0.01778000
v -0.09307286 0.12065000 0.01778000
v -0.09963600 0.12065000 0.01778000
v -0.09996714 0.12065000 0.01400700
v -0.10283300 0.05080000 0.02387000
v -0.10283300 0.05080000 0.01778000
v -0.10664300 0.05778500 0.01778000
v -0.10664300 0.05080000 0.01778000
v -0.10664300 0.06477000 0.01778000
v -0.10664300 0.07175500 0.01778000
v -0.10664300 0.07874000 0.01778000
v -0.10664300 0.08572500 0.01778000
v -0.10664300 0.09271000 0.01778000
v -0.10664300 0.09969500 0.01778000
v -0.10664300 0.10668000 0.01778000
v -0.10664300 0.11366500 0.01778000
v -0.09996714 0.12065000 0.01778000
v -0.10664300 0.12065000 0.01778000
v -0.10686143 0.12065000 0.01400700
v -0.10984000 0.05080000 0.02386696
v -0.10984000 0.05080000 0.01778000
v -0.11365000 0.05778500 0.01778000
v -0.11365000 0.05080000 0.01778000
v -0.11365000 0.06477000 0.01778000
v -0.11365000 0.07175500 0.01778000
v -0.11365000 0.07874000 0.01778000
v -0.11365000 0.08572500 0.01778000
v -0.11365000 0.09271000 0.01778000
v -0.11365000 0.09969500 0.01778000
v -0.11365000 0.10668000 0.01778000
v -0.11365000 0.11366500 0.01778000
v -0.10686143 0.12065000 0.01778000
v -0.11365000 0.12065000 0.01778000
v -0.11375572 0.12065000 0.01400700
v -0.11489267 0.05080000 0.02116667
v -0.11684000 0.05080000 0.01778000
v -0.12065000 0.05860143 0.01778000
v -0.12065000 0.05170714 0.01778000
v -0.12065000 0.06549571 0.01778000
v -0.12065000 0.07239000 0.01778000
v -0.12065000 0.07928429 0.01778000
v -0.12065000 0.08617857 0.01778000
v -0.12065000 0.09307286 0.01778000
v -0.12065000 0.09996714 0.01778000
v -0.12065000 0.10686143 0.01778000
v -0.12065000 0.11375572 0.01778000
v -0.11375572 0.12065000 0.01778000
v -0.12065000 0.12065000 0.01778000
v -0.12065000 0.12065000 0.01400700
v -0.12065000 0.04481286 0.01778000
v -0.11684000 0.04402667 0.01778000
v -0.11340353 0.04380000 0.02375647
v -0.12065000 0.03791857 0.01778000
v -0.11684000 0.04380000 0.01778000
v -0.11684000 0.03725334 0.01778000
v -0.11340353 0.03679300 0.02375647
v -0.12065000 0.03102429 0.01778000
v -0.11684000 0.03679300 0.01778000
v -0.11684000 0.03048000 0.01778000
v -0.11340353 0.02978600 0.02375647
v -0.12065000 0.02413000 0.01778000
v -0.11684000 0.02978600 0.01778000
v -0.11684000 0.02370667 0.01778000
v -0.11340353 0.02277900 0.02375647
v -0.12065000 0.01723571 0.01778000
v -0.11684000 0.02277900 0.01778000
v -0.11684000 0.01693333 0.01778000
v -0.11340353 0.01577200 0.02375647
v -0.12065000 0.01034143 0.01778000
v -0.11684000 0.01577200 0.01778000
v -0.11684000 0.01016000 0.01778000
v -0.11340353 0.00876500 0.02375647
v -0.12065000 0.00344714 0.01778000
v -0.11684000 0.00876500 0.01778000
v -0.11684000 0.00338667 0.01778000
v -0.11340353 0.00175800 0.02375647
v -0.12065000 -0.00344714 0.01778000
v -0.11684000 0.00175800 0.01778000
v -0.11684000 -0.00338667 0.01778000
v -0.11340353 -0.00524900 0.02375647
v -0.11684000 -0.00524900 0.01778000
v -0.12065000 -0.01034143 0.01778000
v -0.11684000 -0.01016000 0.01778000
v -0.11340353 -0.01225600 0.02375647
v -0.11684000 -0.01225600 0.01778000
v -0.12065000 -0.01723571 0.01778000
v -0.11684000 -0.01693333 0.01778000
v -0.11340353 -0.01926300 0.02375647
v -0.11684000 -0.01926300 0.01778000
v -0.12065000 -0.02413000 0.01778000
v -0.11684000 -0.02370667 0.01778000
v -0.11340353 -0.02627000 0.02375647
v -0.11684000 -0.02627000 0.01778000
v -0.12065000 -0.03102429 0.01778000
v -0.11684000 -0.03048000 0.01778000
v -0.11340353 -0.03327700 0.02375647
v -0.11684000 -0.03327700 0.01778000
v -0.12065000 -0.03791857 0.01778000
v -0.11684000 -0.03725334 0.01778000
v -0.11340353 -0.04028400 0.02375647
v -0.11684000 -0.04028400 0.01778000
v -0.12065000 -0.04481286 0.01778000
v -0.11684000 -0.04402667 0.01778000
v -0.11340353 -0.04729100 0.02375647
v -0.11684000 -0.04729100 0.01778000
v -0.12065000 -0.05170714 0.01778000
v -0.11684000 -0.05080000 0.01778000
v -0.11489267 -0.05080000 0.02116667
v -0.11365000 -0.05080000 0.01778000
v -0.10984000 -0.05080000 0.02386696
v -0.11365000 -0.05778500 0.01778000
v -0.10984000 -0.05080000 0.01778000
v -0.12065000 -0.05860143 0.01778000
v -0.11365000 -0.06477000 0.01778000
v -0.10664300 -0.05778500 0.01778000
v -0.10664300 -0.05080000 0.01778000
v -0.12065000 -0.06549571 0.01778000
v -0.11365000 -0.07175500 0.01778000
v -0.10664300 -0.06477000 0.01778000
v -0.12065000 -0.07239000 0.01778000
v -0.11365000 -0.07874000 0.01778000
v -0.10664300 -0.07175500 0.01778000
v -0.12065000 -0.07928429 0.01778000
v -0.11365000 -0.08572500 0.01778000
v -0.10664300 -0.07874000 0.01778000
v -0.12065000 -0.08617857 0.01778000
v -0.11365000 -0.09271000 0.01778000
v -0.10664300 -0.08572500 0.01778000
v -0.12065000 -0.09307286 0.01778000
v -0.11365000 -0.09969500 0.01778000
v -0.10664300 -0.09271000 0.01778000
v -0.12065000 -0.09996714 0.01778000
v -0.11365000 -0.10668000 0.01778000
v -0.10664300 -0.09969500 0.01778000
v -0.12065000 -0.10686143 0.01778000
v -0.11365000 -0.11366500 0.01778000
v -0.10664300 -0.10668000 0.01778000
v -0.11375572 -0.12065000 0.01778000
v -0.11365000 -0.12065000 0.01778000
v -0.10664300 -0.11366500 0.01778000
v -0.12065000 -0.12065000 0.01778000
v -0.12065000 -0.11375572 0.01778000
v -0.10686143 -0.12065000 0.01400700
v -0.10686143 -0.12065000 0.01778000
v -0.11375572 -0.12065000 0.01400700
v -0.12065000 -0.12065000 0.01400700
v -0.12065000 -0.11375572 0.01400700
v -0.12065000 -0.10686143 0.01400700
v -0.12065000 -0.09996714 0.01400700
v -0.12065000 -0.09307286 0.01400700
v -0.12065000 -0.08617857 0.01400700
v -0.12065000 -0.07928429 0.01400700
v -0.12065000 -0.07239000 0.01400700
v -0.12065000 -0.06549571 0.01400700
v -0.12065000 -0.05860143 0.01400700
v -0.12065000 -0.05170714 0.01400700
v -0.12065000 -0.04481286 0.01400700
v -0.12065000 -0.03791857 0.01400700
v -0.12065000 -0.03102429 0.01400700
v -0.12065000 -0.02413000 0.01400700
v -0.12065000 -0.01723571 0.01400700
v -0.12065000 -0.01034143 0.01400700
v -0.12065000 -0.00344714 0.01400700
v -0.12065000 0.00344714 0.01400700
v -0.12065000 0.01034143 0.01400700
v -0.12065000 0.01723571 0.01400700
v -0.12065000 0.02413000 0.01400700
v -0.12065000 0.03102429 0.01400700
v -0.12065000 0.03791857 0.01400700
v -0.12065000 0.04481286 0.01400700
v -0.12065000 0.05170714 0.01400700
v -0.12065000 0.05860143 0.01400700
v -0.12065000 0.06549571 0.01400700
v -0.12065000 0.07239000 0.01400700
v -0.12065000 0.07928429 0.01400700
v -0.12065000 0.08617857 0.01400700
v -0.12065000 0.09307286 0.01400700
v -0.12065000 0.09996714 0.01400700
v -0.12065000 0.10686143 0.01400700
v -0.12065000 0.11375572 0.01400700
v -0.10664300 -0.12065000 0.01778000
v -0.09996714 -0.12065000 0.01400700
v -0.10283300 -0.05080000 0.02387000
v -0.10283300 -0.05080000 0.01778000
v -0.09963600 -0.05778500 0.01778000
v -0.09963600 -0.05080000 0.01778000
v -0.09963600 -0.06477000 0.01778000
v -0.09963600 -0.07175500 0.01778000
v -0.09963600 -0.07874000 0.01778000
v -0.09963600 -0.08572500 0.01778000
v -0.09963600 -0.09271000 0.01778000
v -0.09963600 -0.09969500 0.01778000
v -0.09963600 -0.10668000 0.01778000
v -0.09963600 -0.11366500 0.01778000
v -0.09996714 -0.12065000 0.01778000
v -0.09963600 -0.12065000 0.01778000
v -0.09307286 -0.12065000 0.01400700
v -0.09582600 -0.05080000 0.02387101
v -0.09582600 -0.05080000 0.01778000
v -0.09262900 -0.05778500 0.01778000
v -0.09262900 -0.05080000 0.01778000
v -0.09262900 -0.06477000 0.01778000
v -0.09262900 -0.07175500 0.01778000
v -0.09262900 -0.07874000 0.01778000
v -0.09262900 -0.08572500 0.01778000
v -0.09262900 -0.09271000 0.01778000
v -0.09262900 -0.09969500 0.01778000
v -0.09262900 -0.10668000 0.01778000
v -0.09262900 -0.11366500 0.01778000
v -0.09307286 -0.12065000 0.01778000
v -0.09262900 -0.12065000 0.01778000
v -0.08617857 -0.12065000 0.01400700
v -0.08881900 -0.05080000 0.02474174
v -0.08881900 -0.05080000 0.01778000
v -0.08562201 -0.05778500 0.01778000
v -0.08562201 -0.05080000 0.01778000
v -0.08562201 -0.06477000 0.01778000
v -0.08562201 -0.07175500 0.01778000
v -0.08562201 -0.07874000 0.01778000
v -0.08562201 -0.08572500 0.01778000
v -0.08562201 -0.09271000 0.01778000
v -0.08562201 -0.09969500 0.01778000
v -0.08562201 -0.10668000 0.01778000
v -0.08562201 -0.11366500 0.01778000
v -0.08617857 -0.12065000 0.01778000
v -0.08562201 -0.12065000 0.01778000
v -0.07928429 -0.12065000 0.01400700
v -0.08181199 -0.05080000 0.02454870
v -0.08181199 -0.05080000 0.01778000
v -0.07861499 -0.05778500 0.01778000
v -0.07861499 -0.05080000 0.01778000
v -0.07861499 -0.06477000 0.01778000
v -0.07861499 -0.07175500 0.01778000
v -0.07861499 -0.07874000 0.01778000
v -0.07861499 -0.08572500 0.01778000
v -0.07861499 -0.09271000 0.01778000
v -0.07861499 -0.09969500 0.01778000
v -0.07861499 -0.10668000 0.01778000
v -0.07861499 -0.11366500 0.01778000
v -0.07928429 -0.12065000 0.01778000
v -0.07861499 -0.12065000 0.01778000
v -0.07239000 -0.12065000 0.01400700
v -0.07480500 -0.05080000 0.02442585
v -0.07480500 -0.05080000 0.01778000
v -0.07160800 -0.05080000 0.01778000
v -0.07239000 -0.12065000 0.01778000
v -0.06549571 -0.12065000 0.01400700
v -0.06779800 -0.05080000 0.02434080
v -0.04358000 -0.12065000 0.01778000
v -0.03791857 -0.12065000 0.01400700
v -0.03679300 -0.11340353 0.02373214
v -0.03679300 -0.11684000 0.01778000
v -0.03657300 -0.11684000 0.01778000
v -0.03791857 -0.12065000 0.01778000
v -0.03657300 -0.12065000 0.01778000
v -0.03102429 -0.12065000 0.01400700
v -0.02978600 -0.11340353 0.02373214
v -0.02978600 -0.11684000 0.01778000
v -0.02956600 -0.11684000 0.01778000
v -0.03102429 -0.12065000 0.01778000
v -0.02956600 -0.12065000 0.01778000
v -0.02413000 -0.12065000 0.01400700
v -0.02277900 -0.11340353 0.02373214
v -0.02277900 -0.11684000 0.01778000
v -0.02255900 -0.11684000 0.01778000
v -0.02413000 -0.12065000 0.01778000
v -0.02255900 -0.12065000 0.01778000
v -0.01723571 -0.12065000 0.01400700
v -0.01577200 -0.11340353 0.02373214
v -0.01577200 -0.11684000 0.01778000
v -0.01555200 -0.11684000 0.01778000
v -0.01723571 -0.12065000 0.01778000
v -0.01555200 -0.12065000 0.01778000
v -0.01034143 -0.12065000 0.01400700
v -0.00876500 -0.11340353 0.02373214
v -0.00876500 -0.11684000 0.01778000
v -0.00854500 -0.11684000 0.01778000
v -0.01034143 -0.12065000 0.01778000
v -0.00854500 -0.12065000 0.01778000
v -0.00344714 -0.12065000 0.01400700
v -0.00175800 -0.11340353 0.02373214
v -0.00175800 -0.11684000 0.01778000
v -0.00153800 -0.11684000 0.01778000
v -0.00344714 -0.12065000 0.01778000
v -0.00153800 -0.12065000 0.01778000
v 0.00344714 -0.12065000 0.01400700
v 0.00524900 -0.11340353 0.02373214
v 0.00524900 -0.11684000 0.01778000
v 0.00546900 -0.11684000 0.01778000
v 0.00344714 -0.12065000 0.01778000
v 0.00546900 -0.12065000 0.01778000
v 0.01034143 -0.12065000 0.01400700
v 0.01225600 -0.11340353 0.02373214
v 0.01225600 -0.11684000 0.01778000
v 0.01247600 -0.11684000 0.01778000
v 0.01034143 -0.12065000 0.01778000
v 0.01247600 -0.12065000 0.01778000
v 0.01723571 -0.12065000 0.01400700
v 0.01926300 -0.11340353 0.02373214
v 0.01926300 -0.11684000 0.01778000
v 0.01948300 -0.11684000 0.01778000
v 0.01723571 -0.12065000 0.01778000
v 0.01948300 -0.12065000 0.01778000
v 0.02413000 -0.12065000 0.01400700
v 0.02627000 -0.11340353 0.02373214
v 0.02627000 -0.11684000 0.01778000
v 0.02649000 -0.11684000 0.01778000
v 0.02413000 -0.12065000 0.01778000
v 0.02649000 -0.12065000 0.01778000
v 0.03102429 -0.12065000 0.01400700
v 0.03327700 -0.11340353 0.02373214
v 0.03327700 -0.11684000 0.01778000
v 0.03349700 -0.11684000 0.01778000
v 0.03102429 -0.12065000 0.01778000
v 0.03349700 -0.12065000 0.01778000
v 0.03791857 -0.12065000 0.01400700
v 0.04028400 -0.11340353 0.02373214
v 0.04028400 -0.11684000 0.01778000
v 0.04050400 -0.11684000 0.01778000
v 0.03791857 -0.12065000 0.01778000
v 0.04481286 -0.12065000 0.01400700
v 0.04729100 -0.11340353 0.02373214
v -0.05032685 -0.00691727 0.02478000
v -0.04891620 -0.01370568 0.02478000
v -0.04659433 -0.02023878 0.02478000
v -0.04030237 -0.03092486 0.01778000
v -0.04340451 -0.02639486 0.02478000
v -0.03661417 -0.03521406 0.01778000
v -0.03657300 -0.04098805 0.01778000
v -0.03657300 -0.04679870 0.01778000
v -0.04358000 -0.05842000 0.01778000
v -0.03657300 -0.05260935 0.01778000
v -0.03725334 -0.05842000 0.02478000
v -0.03725334 -0.05842000 0.01778000
v -0.03940613 -0.03205927 0.02478000
v -0.03592039 -0.03592156 0.01778000
v -0.02959931 -0.04128571 0.01778000
v -0.03222653 -0.03926936 0.01778000
v -0.02956600 -0.04696831 0.01778000
v -0.03657300 -0.05842000 0.01778000
v -0.02956600 -0.05269416 0.01778000
v -0.03048000 -0.05842000 0.02478000
v -0.03048000 -0.05842000 0.01778000
v -0.03467370 -0.03712647 0.02478000
v -0.02822233 -0.04223898 0.01778000
v -0.02929536 -0.04150207 0.02478000
v -0.02255900 -0.05193898 0.01778000
v -0.02394636 -0.04480181 0.01778000
v -0.02258185 -0.04550494 0.01778000
v -0.02956600 -0.05842000 0.01778000
v -0.02370667 -0.05842000 0.02478000
v -0.02370667 -0.05842000 0.01778000
v -0.02337130 -0.04510457 0.02478000
v -0.01943980 -0.04693318 0.01778000
v -0.02255900 -0.05842000 0.01778000
v -0.01555200 -0.05333646 0.01778000
v -0.01558533 -0.04835003 0.01778000
v -0.01693333 -0.05842000 0.02478000
v -0.01693333 -0.05842000 0.01778000
v -0.01701188 -0.04786685 0.02478000
v -0.01314746 -0.04906916 0.01778000
v -0.01555200 -0.05842000 0.01778000
v -0.00854500 -0.05420231 0.01778000
v -0.00856056 -0.05007347 0.01778000
v -0.01016000 -0.05842000 0.02478000
v -0.01016000 -0.05842000 0.01778000
v -0.01033557 -0.04973747 0.02478000
v -0.00663156 -0.05036524 0.01778000
v -0.00854500 -0.05842000 0.01778000
v -0.00153800 -0.05455954 0.01778000
v -0.00154281 -0.05077652 0.01778000
v -0.00338667 -0.05842000 0.02478000
v -0.00338667 -0.05842000 0.01778000
v -0.00346671 -0.05068157 0.02478000
v -0.00000000 -0.05079987 0.01778000
v -0.00153800 -0.05842000 0.01778000
v 0.00546900 -0.05443071 0.01778000
v 0.00338667 -0.05842000 0.02478000
v 0.00338667 -0.05842000 0.01778000
v 0.00547358 -0.05050414 0.01778000
v 0.00346671 -0.05068157 0.02478000
v 0.01247600 -0.05381136 0.01778000
v 0.00663156 -0.05036524 0.01778000
v 0.00546900 -0.05842000 0.01778000
v 0.01016000 -0.05842000 0.02478000
v 0.01016000 -0.05842000 0.01778000
v 0.01248529 -0.04924182 0.01778000
v 0.01033557 -0.04973747 0.02478000
v 0.01948300 -0.05266637 0.01778000
v 0.01314746 -0.04906916 0.01778000
v 0.01247600 -0.05842000 0.01778000
v 0.01693333 -0.05842000 0.02478000
v 0.01693333 -0.05842000 0.01778000
v 0.01943980 -0.04693318 0.01778000
v 0.01701188 -0.04786685 0.02478000
v 0.01948399 -0.04691485 0.01778000
v 0.02649000 -0.04832484 0.01778000
v 0.02394636 -0.04480181 0.01778000
v 0.02337130 -0.04510457 0.02478000
v 0.01948300 -0.05842000 0.01778000
v 0.02649000 -0.05337242 0.01778000
v 0.02370667 -0.05842000 0.02478000
v 0.02370667 -0.05842000 0.01778000
v 0.02652157 -0.04332719 0.01778000
v 0.03349700 -0.04488527 0.01778000
v 0.02822233 -0.04223898 0.01778000
v 0.03349700 -0.05165264 0.01778000
v 0.02649000 -0.05842000 0.01778000
v 0.03048000 -0.05842000 0.02478000
v 0.03048000 -0.05842000 0.01778000
v 0.03222653 -0.03926936 0.01778000
v 0.02929536 -0.04150207 0.02478000
v 0.03353481 -0.03815816 0.01778000
v 0.03592039 -0.03592156 0.01778000
v 0.03467370 -0.03712647 0.02478000
v 0.03349700 -0.05842000 0.01778000
v 0.03725334 -0.05842000 0.02478000
v 0.03725334 -0.05842000 0.01778000
v 0.04030237 -0.03092486 0.01778000
v 0.03940613 -0.03205927 0.02478000
v 0.04340451 -0.02639486 0.02478000
v 0.04402667 -0.05842000 0.02478000
v 0.04729100 -0.00612849 0.13208000
v 0.05036544 -0.00662982 0.13208000
v 0.05080000 0.00000000 0.13208000
v 0.05080000 0.00000000 0.12988499
v 0.04729100 0.00000000 0.13208000
v 0.05036544 0.00662982 0.13208000
v 0.05032685 0.00691727 0.12988499
v 0.04729100 -0.01225699 0.13208000
v 0.04906889 -0.01314797 0.13208000
v 0.05032685 -0.00691727 0.12988499
v 0.04734839 -0.01840530 0.13208000
v 0.04891620 -0.01370568 0.12988499
v 0.04368853 -0.01347693 0.13208000
v 0.04119255 -0.01983644 0.13208000
v 0.04693266 -0.01944113 0.13208000
v 0.04520927 -0.00681389 0.13208000
v 0.04729100 0.00612849 0.13208000
v 0.04572000 -0.00000000 0.13208000
v 0.04729100 0.01225699 0.13208000
v 0.04520927 0.00681389 0.13208000
v 0.04906889 0.01314797 0.13208000
v 0.04734839 0.01840530 0.13208000
v 0.04368853 0.01347693 0.13208000
v 0.04891620 0.01370568 0.12988499
v 0.04693266 0.01944113 0.13208000
v 0.04659433 0.02023878 0.12988499
v 0.04119255 0.01983644 0.13208000
v 0.04399409 0.02540000 0.13208000
v 0.04037056 -0.02145988 0.13208000
v 0.04399409 -0.02540000 0.13208000
v 0.04659433 -0.02023878 0.12988499
v 0.04028400 -0.02617794 0.13208000
v 0.04028542 -0.03094699 0.13208000
v 0.04340451 -0.02639486 0.12988499
v 0.03351563 -0.03109692 0.13208000
v 0.03592093 -0.03592093 0.13208000
v 0.03329323 -0.03133487 0.13208000
v 0.03940613 -0.03205927 0.12988499
v 0.03777514 -0.02575558 0.13208000
v 0.03147970 -0.02146249 0.12214942
v 0.03432691 -0.01653097 0.12214942
v 0.03640733 -0.01123017 0.12214942
v 0.03767445 -0.00567851 0.12214942
v 0.03810000 -0.00000000 0.12214942
v 0.03767445 0.00567851 0.12214942
v 0.03640733 0.01123017 0.12214942
v 0.04037056 0.02145988 0.13208000
v 0.03432691 0.01653097 0.12214942
v 0.04028400 0.02617794 0.13208000
v 0.03777514 0.02575558 0.13208000
v 0.04028542 0.03094699 0.13208000
v 0.04340451 0.02639486 0.12988499
v 0.03351563 0.03109692 0.13208000
v 0.03592093 0.03592093 0.13208000
v 0.03940613 0.03205927 0.12988499
v 0.03329323 0.03133487 0.13208000
v 0.03331076 0.03835399 0.13208000
v 0.03467370 0.03712647 0.12988499
v 0.03147970 0.02146249 0.12214942
v 0.02792928 0.02591458 0.12214942
v 0.02850564 0.03574543 0.13208000
v 0.02631240 0.03738948 0.13208000
v 0.03222732 0.03926864 0.13208000
v 0.02929536 0.04150207 0.12988499
v 0.02822337 0.04223824 0.13208000
v 0.02375496 0.02978778 0.12214942
v 0.02629996 0.04346201 0.13208000
v 0.02432396 0.03871245 0.13208000
v 0.02337130 0.04510457 0.12988499
v 0.01927512 0.04145823 0.13208000
v 0.02394759 0.04480113 0.13208000
v 0.01983644 0.04119255 0.13208000
v 0.01944113 0.04693266 0.13208000
v 0.01905000 0.03299557 0.12214942
v 0.01926704 0.04700438 0.13208000
v 0.01509954 0.04315457 0.13208000
v 0.01391949 0.03546629 0.12214942
v 0.01701188 0.04786685 0.12988499
v 0.01227638 0.04404087 0.13208000
v 0.01314797 0.04906889 0.13208000
v 0.01226624 0.04929673 0.13208000
v 0.01033557 0.04973747 0.12988499
v 0.01017290 0.04457384 0.13208000
v 0.00526194 0.04541617 0.13208000
v 0.00662982 0.05036544 0.13208000
v 0.00525542 0.05052742 0.13208000
v 0.00346671 0.05068157 0.12988499
v 0.00847805 0.03714475 0.12214942
v 0.00341742 0.04559201 0.13208000
v -0.00176219 0.05076931 0.13208000
v 0.00000000 0.05080000 0.13208000
v -0.00175827 0.04568607 0.13208000
v -0.00346671 0.05068157 0.12988499
v 0.00284722 0.03799346 0.12214942
v -0.00341742 0.04559201 0.13208000
v -0.00878428 0.05003463 0.13208000
v -0.00662982 0.05036544 0.13208000
v -0.01033557 0.04973747 0.12988499
v -0.00877999 0.04486899 0.13208000
v -0.00284722 0.03799346 0.12214942
v -0.01580513 0.04827875 0.13208000
v -0.01017290 0.04457384 0.13208000
v -0.01314797 0.04906889 0.13208000
v -0.01701188 0.04786685 0.12988499
v -0.01509954 0.04315457 0.13208000
v -0.00847805 0.03714475 0.12214942
v -0.01578523 0.04290845 0.13208000
v -0.02279845 0.04539666 0.13208000
v -0.01983644 0.04119255 0.13208000
v -0.01391949 0.03546629 0.12214942
v -0.01944113 0.04693266 0.13208000
v -0.02337130 0.04510457 0.12988499
v -0.02281144 0.03962268 0.13208000
v -0.02982030 0.04112651 0.13208000
v -0.02432396 0.03871245 0.13208000
v -0.01905000 0.03299557 0.12214942
v -0.02822337 0.04223824 0.13208000
v -0.02394759 0.04480113 0.13208000
v -0.02929536 0.04150207 0.12988499
v -0.02850564 0.03574543 0.13208000
v -0.02985201 0.03462905 0.13208000
v -0.02375496 0.02978778 0.12214942
v -0.03684508 0.03497244 0.13208000
v -0.03679300 0.03095683 0.13208000
v -0.03351563 0.03109692 0.13208000
v -0.03592093 0.03592093 0.13208000
v -0.03222732 0.03926864 0.13208000
v -0.03467370 0.03712647 0.12988499
v -0.03686514 0.02704217 0.13208000
v -0.02792928 0.02591458 0.12214942
v -0.04030284 0.03092431 0.13208000
v -0.04381848 0.02570175 0.13208000
v -0.03777514 0.02575558 0.13208000
v -0.03940613 0.03205927 0.12988499
v -0.04340451 0.02639486 0.12988499
v -0.04119255 0.01983644 0.13208000
v -0.03147970 0.02146249 0.12214942
v -0.04380000 0.01933951 0.13208000
v -0.04368853 0.01347693 0.13208000
v -0.03432691 0.01653097 0.12214942
v -0.04383362 0.01299711 0.13208000
v -0.03640733 0.01123017 0.12214942
v -0.04906889 0.01314797 0.13208000
v -0.05036544 0.00662982 0.13208000
v -0.04520927 0.00681389 0.13208000
v -0.04693266 0.01944113 0.13208000
v -0.04399409 0.02540000 0.13208000
v -0.04659433 0.02023878 0.12988499
v -0.05080000 0.00000000 0.13208000
v -0.04572000 0.00000000 0.13208000
v -0.03767445 0.00567851 0.12214942
v -0.05036544 -0.00662982 0.13208000
v -0.04520927 -0.00681389 0.13208000
v -0.03810000 -0.00000000 0.12214942
v -0.04906889 -0.01314797 0.13208000
v -0.04383362 -0.01299711 0.13208000
v -0.03767445 -0.00567851 0.12214942
v -0.04380000 -0.01933951 0.13208000
v -0.04368853 -0.01347693 0.13208000
v -0.04399409 -0.02540000 0.13208000
v -0.04381848 -0.02570175 0.13208000
v -0.04119255 -0.01983644 0.13208000
v -0.04693266 -0.01944113 0.13208000
v -0.04340451 -0.02639486 0.12988499
v -0.03777514 -0.02575558 0.13208000
v -0.04030284 -0.03092431 0.13208000
v -0.04659433 -0.02023878 0.12988499
v -0.04891620 -0.01370568 0.12988499
v -0.05032685 -0.00691727 0.12988499
v -0.05080000 0.00000000 0.12988499
v -0.05032685 0.00691727 0.12988499
v -0.04891620 0.01370568 0.12988499
v -0.03686514 -0.02704217 0.13208000
v -0.03679300 -0.03095683 0.13208000
v -0.03684508 -0.03497244 0.13208000
v -0.03940613 -0.03205927 0.12988499
v -0.03640733 -0.01123017 0.12214942
v -0.03432691 -0.01653097 0.12214942
v -0.03147970 -0.02146249 0.12214942
v -0.03351563 -0.03109692 0.13208000
v -0.02985201 -0.03462905 0.13208000
v -0.03592093 -0.03592093 0.13208000
v -0.03467370 -0.03712647 0.12988499
v -0.03222732 -0.03926864 0.13208000
v -0.02792928 -0.02591458 0.12214942
v -0.02982030 -0.04112651 0.13208000
v -0.02850564 -0.03574543 0.13208000
v -0.02929536 -0.04150207 0.12988499
v -0.02281144 -0.03962268 0.13208000
v -0.02822337 -0.04223824 0.13208000
v -0.02432396 -0.03871245 0.13208000
v -0.02394759 -0.04480113 0.13208000
v -0.02337130 -0.04510457 0.12988499
v -0.02375496 -0.02978778 0.12214942
v -0.01905000 -0.03299557 0.12214942
v -0.02279845 -0.04539666 0.13208000
v -0.01983644 -0.04119255 0.13208000
v -0.01578523 -0.04290845 0.13208000
v -0.01944113 -0.04693266 0.13208000
v -0.01701188 -0.04786685 0.12988499
v -0.01580513 -0.04827875 0.13208000
v -0.01391949 -0.03546629 0.12214942
v -0.01509954 -0.04315457 0.13208000
v -0.00877999 -0.04486899 0.13208000
v -0.01314797 -0.04906889 0.13208000
v -0.01033557 -0.04973747 0.12988499
v -0.01017290 -0.04457384 0.13208000
v -0.00878428 -0.05003463 0.13208000
v -0.00847805 -0.03714475 0.12214942
v -0.00341742 -0.04559201 0.13208000
v -0.00175827 -0.04568607 0.13208000
v -0.00662982 -0.05036544 0.13208000
v -0.00346671 -0.05068157 0.12988499
v -0.00176219 -0.05076931 0.13208000
v -0.00284722 -0.03799346 0.12214942
v 0.00341742 -0.04559201 0.13208000
v 0.00525542 -0.05052742 0.13208000
v -0.00000000 -0.05080000 0.13208000
v 0.00346671 -0.05068157 0.12988499
v 0.00526194 -0.04541617 0.13208000
v 0.00284722 -0.03799346 0.12214942
v 0.01226624 -0.04929673 0.13208000
v 0.01017290 -0.04457384 0.13208000
v 0.00662982 -0.05036544 0.13208000
v 0.01033557 -0.04973747 0.12988499
v 0.01227638 -0.04404087 0.13208000
v 0.00847805 -0.03714475 0.12214942
v 0.01926704 -0.04700438 0.13208000
v 0.01509954 -0.04315457 0.13208000
v 0.01314797 -0.04906889 0.13208000
v 0.01701188 -0.04786685 0.12988499
v 0.01927512 -0.04145823 0.13208000
v 0.01391949 -0.03546629 0.12214942
v 0.02629996 -0.04346201 0.13208000
v 0.01983644 -0.04119255 0.13208000
v 0.02394759 -0.04480113 0.13208000
v 0.01944113 -0.04693266 0.13208000
v 0.02337130 -0.04510457 0.12988499
v 0.02432396 -0.03871245 0.13208000
v 0.01905000 -0.03299557 0.12214942
v 0.02631240 -0.03738948 0.13208000
v 0.03331076 -0.03835399 0.13208000
v 0.02850564 -0.03574543 0.13208000
v 0.02929536 -0.04150207 0.12988499
v 0.03222732 -0.03926864 0.13208000
v 0.02822337 -0.04223824 0.13208000
v 0.02375496 -0.02978778 0.12214942
v 0.03467370 -0.03712647 0.12988499
v 0.02792928 -0.02591458 0.12214942
v 0.05080000 0.00000000 0.03178700
v 0.05032685 -0.00691727 0.03178700
v 0.05032685 0.00691727 0.03178700
v 0.04891620 0.01370568 0.03178700
v 0.04659433 0.02023878 0.03178700
v 0.04340451 0.02639486 0.03178700
v 0.03940613 0.03205927 0.03178700
v 0.03467370 0.03712647 0.03178700
v 0.02929536 0.04150207 0.03178700
v 0.02337130 0.04510457 0.03178700
v 0.01701188 0.04786685 0.03178700
v 0.01033557 0.04973747 0.03178700
v 0.00346671 0.05068157 0.03178700
v -0.00346671 0.05068157 0.03178700
v -0.01033557 0.04973747 0.03178700
v -0.01701188 0.04786685 0.03178700
v -0.02337130 0.04510457 0.03178700
v -0.02929536 0.04150207 0.03178700
v -0.03467370 0.03712647 0.03178700
v -0.03940613 0.03205927 0.03178700
v -0.04340451 0.02639486 0.03178700
v -0.04659433 0.02023878 0.03178700
v -0.04891620 0.01370568 0.03178700
v -0.05032685 0.00691727 0.03178700
v -0.05080000 0.00000000 0.03178700
v 0.05080000 0.00000000 0.03879400
v 0.05032685 -0.00691727 0.03879400
v 0.05032685 0.00691727 0.03879400
v 0.04891620 0.01370568 0.03879400
v 0.04659433 0.02023878 0.03879400
v 0.04340451 0.02639486 0.03879400
v 0.03940613 0.03205927 0.03879400
v 0.03467370 0.03712647 0.03879400
v 0.02929536 0.04150207 0.03879400
v 0.02337130 0.04510457 0.03879400
v 0.01701188 0.04786685 0.03879400
v 0.01033557 0.04973747 0.03879400
v 0.00346671 0.05068157 0.03879400
v -0.00346671 0.05068157 0.03879400
v -0.01033557 0.04973747 0.03879400
v -0.01701188 0.04786685 0.03879400
v -0.02337130 0.04510457 0.03879400
v -0.02929536 0.04150207 0.03879400
v -0.03467370 0.03712647 0.03879400
v -0.03940613 0.03205927 0.03879400
v -0.04340451 0.02639486 0.03879400
v -0.04659433 0.02023878 0.03879400
v -0.04891620 0.01370568 0.03879400
v -0.05032685 0.00691727 0.03879400
v -0.05080000 0.00000000 0.03879400
v -0.05032685 -0.00691727 0.03178700
v 0.05080000 0.00000000 0.04580100
v 0.05032685 -0.00691727 0.04580100
v 0.05032685 0.00691727 0.04580100
v 0.04891620 0.01370568 0.04580100
v 0.04659433 0.02023878 0.04580100
v 0.04340451 0.02639486 0.04580100
v 0.03940613 0.03205927 0.04580100
v 0.03467370 0.03712647 0.04580100
v 0.02929536 0.04150207 0.04580100
v 0.02337130 0.04510457 0.04580100
v 0.01701188 0.04786685 0.04580100
v 0.01033557 0.04973747 0.04580100
v 0.00346671 0.05068157 0.04580100
v -0.00346671 0.05068157 0.04580100
v -0.01033557 0.04973747 0.04580100
v -0.01701188 0.04786685 0.04580100
v -0.02337130 0.04510457 0.04580100
v -0.02929536 0.04150207 0.04580100
v -0.03467370 0.03712647 0.04580100
v -0.03940613 0.03205927 0.04580100
v -0.04340451 0.02639486 0.04580100
v -0.04659433 0.02023878 0.04580100
v -0.04891620 0.01370568 0.04580100
v -0.05032685 0.00691727 0.04580100
v -0.05080000 0.00000000 0.04580100
v -0.05032685 -0.00691727 0.03879400
v 0.05080000 0.00000000 0.05280800
v 0.05032685 -0.00691727 0.05280800
v 0.05032685 0.00691727 0.05280800
v 0.04891620 0.01370568 0.05280800
v 0.04659433 0.02023878 0.05280800
v 0.04340451 0.02639486 0.05280800
v 0.03940613 0.03205927 0.05280800
v 0.03467370 0.03712647 0.05280800
v 0.02929536 0.04150207 0.05280800
v 0.02337130 0.04510457 0.05280800
v 0.01701188 0.04786685 0.05280800
v 0.01033557 0.04973747 0.05280800
v 0.00346671 0.05068157 0.05280800
v -0.00346671 0.05068157 0.05280800
v -0.01033557 0.04973747 0.05280800
v -0.01701188 0.04786685 0.05280800
v -0.02337130 0.04510457 0.05280800
v -0.02929536 0.04150207 0.05280800
v -0.03467370 0.03712647 0.05280800
v -0.03940613 0.03205927 0.05280800
v -0.04340451 0.02639486 0.05280800
v -0.04659433 0.02023878 0.05280800
v -0.04891620 0.01370568 0.05280800
v -0.05032685 0.00691727 0.05280800
v -0.05080000 0.00000000 0.05280800
v -0.05032685 -0.00691727 0.04580100
v 0.05080000 0.00000000 0.05981500
v 0.05032685 -0.00691727 0.05981500
v 0.05032685 0.00691727 0.05981500
v 0.04891620 0.01370568 0.05981500
v 0.04659433 0.02023878 0.05981500
v 0.04340451 0.02639486 0.05981500
v 0.03940613 0.03205927 0.05981500
v 0.03467370 0.03712647 0.05981500
v 0.02929536 0.04150207 0.05981500
v 0.02337130 0.04510457 0.05981500
v 0.01701188 0.04786685 0.05981500
v 0.01033557 0.04973747 0.05981500
v 0.00346671 0.05068157 0.05981500
v -0.00346671 0.05068157 0.05981500
v -0.01033557 0.04973747 0.05981500
v -0.01701188 0.04786685 0.05981500
v -0.02337130 0.04510457 0.05981500
v -0.02929536 0.04150207 0.05981500
v -0.03467370 0.03712647 0.05981500
v -0.03940613 0.03205927 0.05981500
v -0.04340451 0.02639486 0.05981500
v -0.04659433 0.02023878 0.05981500
v -0.04891620 0.01370568 0.05981500
v -0.05032685 0.00691727 0.05981500
v -0.05080000 0.00000000 0.05981500
v -0.05032685 -0.00691727 0.05280800
v 0.05080000 0.00000000 0.06682200
v 0.05032685 -0.00691727 0.06682200
v 0.05032685 0.00691727 0.06682200
v 0.04891620 0.01370568 0.06682200
v 0.04659433 0.02023878 0.06682200
v 0.04340451 0.02639486 0.06682200
v 0.03940613 0.03205927 0.06682200
v 0.03467370 0.03712647 0.06682200
v 0.02929536 0.04150207 0.06682200
v 0.02337130 0.04510457 0.06682200
v 0.01701188 0.04786685 0.06682200
v 0.01033557 0.04973747 0.06682200
v 0.00346671 0.05068157 0.06682200
v -0.00346671 0.05068157 0.06682200
v -0.01033557 0.04973747 0.06682200
v -0.01701188 0.04786685 0.06682200
v -0.02337130 0.04510457 0.06682200
v -0.02929536 0.04150207 0.06682200
v -0.03467370 0.03712647 0.06682200
v -0.03940613 0.03205927 0.06682200
v -0.04340451 0.02639486 0.06682200
v -0.04659433 0.02023878 0.06682200
v -0.04891620 0.01370568 0.06682200
v -0.05032685 0.00691727 0.06682200
v -0.05080000 0.00000000 0.06682200
v -0.05032685 -0.00691727 0.05981500
v 0.05080000 0.00000000 0.07382900
v 0.05032685 -0.00691727 0.07382900
v 0.05032685 0.00691727 0.07382900
v 0.04891620 0.01370568 0.07382900
v 0.04659433 0.02023878 0.07382900
v 0.04340451 0.02639486 0.07382900
v 0.03940613 0.03205927 0.07382900
v 0.03467370 0.03712647 0.07382900
v 0.02929536 0.04150207 0.07382900
v 0.02337130 0.04510457 0.07382900
v 0.01701188 0.04786685 0.07382900
v 0.01033557 0.04973747 0.07382900
v 0.00346671 0.05068157 0.07382900
v -0.00346671 0.05068157 0.07382900
v -0.01033557 0.04973747 0.07382900
v -0.01701188 0.04786685 0.07382900
v -0.02337130 0.04510457 0.07382900
v -0.02929536 0.04150207 0.07382900
v -0.03467370 0.03712647 0.07382900
v -0.03940613 0.03205927 0.07382900
v -0.04340451 0.02639486 0.07382900
v -0.04659433 0.02023878 0.07382900
v -0.04891620 0.01370568 0.07382900
v -0.05032685 0.00691727 0.07382900
v -0.05080000 0.00000000 0.07382900
v -0.05032685 -0.00691727 0.06682200
v 0.05080000 0.00000000 0.08083600
v 0.05032685 -0.00691727 0.08083600
v 0.05032685 0.00691727 0.08083600
v 0.04891620 0.01370568 0.08083600
v 0.04659433 0.02023878 0.08083600
v 0.04340451 0.02639486 0.08083600
v 0.03940613 0.03205927 0.08083600
v 0.03467370 0.03712647 0.08083600
v 0.02929536 0.04150207 0.08083600
v 0.02337130 0.04510457 0.08083600
v 0.01701188 0.04786685 0.08083600
v 0.01033557 0.04973747 0.08083600
v 0.00346671 0.05068157 0.08083600
v -0.00346671 0.05068157 0.08083600
v -0.01033557 0.04973747 0.08083600
v -0.01701188 0.04786685 0.08083600
v -0.02337130 0.04510457 0.08083600
v -0.02929536 0.04150207 0.08083600
v -0.03467370 0.03712647 0.08083600
v -0.03940613 0.03205927 0.08083600
v -0.04340451 0.02639486 0.08083600
v -0.04659433 0.02023878 0.08083600
v -0.04891620 0.01370568 0.08083600
v -0.05032685 0.00691727 0.08083600
v -0.05080000 0.00000000 0.08083600
v -0.05032685 -0.00691727 0.07382900
v 0.05080000 0.00000000 0.08784300
v 0.05032685 -0.00691727 0.08784300
v 0.05032685 0.00691727 0.08784300
v 0.04891620 0.01370568 0.08784300
v 0.04659433 0.02023878 0.08784300
v 0.04340451 0.02639486 0.08784300
v 0.03940613 0.03205927 0.08784300
v 0.03467370 0.03712647 0.08784300
v 0.02929536 0.04150207 0.08784300
v 0.02337130 0.04510457 0.08784300
v 0.01701188 0.04786685 0.08784300
v 0.01033557 0.04973747 0.08784300
v 0.00346671 0.05068157 0.08784300
v -0.00346671 0.05068157 0.08784300
v -0.01033557 0.04973747 0.08784300
v -0.01701188 0.04786685 0.08784300
v -0.02337130 0.04510457 0.08784300
v -0.02929536 0.04150207 0.08784300
v -0.03467370 0.03712647 0.08784300
v -0.03940613 0.03205927 0.08784300
v -0.04340451 0.02639486 0.08784300
v -0.04659433 0.02023878 0.08784300
v -0.04891620 0.01370568 0.08784300
v -0.05032685 0.00691727 0.08784300
v -0.05080000 0.00000000 0.08784300
v -0.05032685 -0.00691727 0.08083600
v 0.05080000 0.00000000 0.09485000
v 0.05032685 -0.00691727 0.09485000
v 0.05032685 0.00691727 0.09485000
v 0.04891620 0.01370568 0.09485000
v 0.04659433 0.02023878 0.09485000
v 0.04340451 0.02639486 0.09485000
v 0.03940613 0.03205927 0.09485000
v 0.03467370 0.03712647 0.09485000
v 0.02929536 0.04150207 0.09485000
v 0.02337130 0.04510457 0.09485000
v 0.01701188 0.04786685 0.09485000
v 0.01033557 0.04973747 0.09485000
v 0.00346671 0.05068157 0.09485000
v -0.00346671 0.05068157 0.09485000
v -0.01033557 0.04973747 0.09485000
v -0.01701188 0.04786685 0.09485000
v -0.02337130 0.04510457 0.09485000
v -0.02929536 0.04150207 0.09485000
v -0.03467370 0.03712647 0.09485000
v -0.03940613 0.03205927 0.09485000
v -0.04340451 0.02639486 0.09485000
v -0.04659433 0.02023878 0.09485000
v -0.04891620 0.01370568 0.09485000
v -0.05032685 0.00691727 0.09485000
v -0.05080000 0.00000000 0.09485000
v -0.05032685 -0.00691727 0.08784300
v 0.05080000 0.00000000 0.10185700
v 0.05032685 -0.00691727 0.10185700
v 0.05032685 0.00691727 0.10185700
v 0.04891620 0.01370568 0.10185700
v 0.04659433 0.02023878 0.10185700
v 0.04340451 0.02639486 0.10185700
v 0.03940613 0.03205927 0.10185700
v 0.03467370 0.03712647 0.10185700
v 0.02929536 0.04150207 0.10185700
v 0.02337130 0.04510457 0.10185700
v 0.01701188 0.04786685 0.10185700
v 0.01033557 0.04973747 0.10185700
v 0.00346671 0.05068157 0.10185700
v -0.00346671 0.05068157 0.10185700
v -0.01033557 0.04973747 0.10185700
v -0.01701188 0.04786685 0.10185700
v -0.02337130 0.04510457 0.10185700
v -0.02929536 0.04150207 0.10185700
v -0.03467370 0.03712647 0.10185700
v -0.03940613 0.03205927 0.10185700
v -0.04340451 0.02639486 0.10185700
v -0.04659433 0.02023878 0.10185700
v -0.04891620 0.01370568 0.10185700
v -0.05032685 0.00691727 0.10185700
v -0.05080000 0.00000000 0.10185700
v -0.05032685 -0.00691727 0.09485000
v 0.05080000 0.00000000 0.10886400
v 0.05032685 -0.00691727 0.10886400
v 0.05032685 0.00691727 0.10886400
v 0.04891620 0.01370568 0.10886400
v 0.04659433 0.02023878 0.10886400
v 0.04340451 0.02639486 0.10886400
v 0.03940613 0.03205927 0.10886400
v 0.03467370 0.03712647 0.10886400
v 0.02929536 0.04150207 0.10886400
v 0.02337130 0.04510457 0.10886400
v 0.01701188 0.04786685 0.10886400
v 0.01033557 0.04973747 0.10886400
v 0.00346671 0.05068157 0.10886400
v -0.00346671 0.05068157 0.10886400
v -0.01033557 0.04973747 0.10886400
v -0.01701188 0.04786685 0.10886400
v -0.02337130 0.04510457 0.10886400
v -0.02929536 0.04150207 0.10886400
v -0.03467370 0.03712647 0.10886400
v -0.03940613 0.03205927 0.10886400
v -0.04340451 0.02639486 0.10886400
v -0.04659433 0.02023878 0.10886400
v -0.04891620 0.01370568 0.10886400
v -0.05032685 0.00691727 0.10886400
v -0.05080000 0.00000000 0.10886400
v -0.05032685 -0.00691727 0.10185700
v 0.05080000 0.00000000 0.11587100
v 0.05032685 -0.00691727 0.11587100
v 0.05032685 0.00691727 0.11587100
v 0.04891620 0.01370568 0.11587100
v 0.04659433 0.02023878 0.11587100
v 0.04340451 0.02639486 0.11587100
v 0.03940613 0.03205927 0.11587100
v 0.03467370 0.03712647 0.11587100
v 0.02929536 0.04150207 0.11587100
v 0.02337130 0.04510457 0.11587100
v 0.01701188 0.04786685 0.11587100
v 0.01033557 0.04973747 0.11587100
v 0.00346671 0.05068157 0.11587100
v -0.00346671 0.05068157 0.11587100
v -0.01033557 0.04973747 0.11587100
v -0.01701188 0.04786685 0.11587100
v -0.02337130 0.04510457 0.11587100
v -0.02929536 0.04150207 0.11587100
v -0.03467370 0.03712647 0.11587100
v -0.03940613 0.03205927 0.11587100
v -0.04340451 0.02639486 0.11587100
v -0.04659433 0.02023878 0.11587100
v -0.04891620 0.01370568 0.11587100
v -0.05032685 0.00691727 0.11587100
v -0.05080000 -0.00000000 0.11587100
v -0.05032685 -0.00691727 0.10886400
v 0.05080000 0.00000000 0.12287800
v 0.05032685 -0.00691727 0.12287800
v 0.05032685 0.00691727 0.12287800
v 0.04891620 0.01370568 0.12287800
v 0.04659433 0.02023878 0.12287800
v 0.04340451 0.02639486 0.12287800
v 0.03940613 0.03205927 0.12287800
v 0.03467370 0.03712647 0.12287800
v 0.02929536 0.04150207 0.12287800
v 0.02337130 0.04510457 0.12287800
v 0.01701188 0.04786685 0.12287800
v 0.01033557 0.04973747 0.12287800
v 0.00346671 0.05068157 0.12287800
v -0.00346671 0.05068157 0.12287800
v -0.01033557 0.04973747 0.12287800
v -0.01701188 0.04786685 0.12287800
v -0.02337130 0.04510457 0.12287800
v -0.02929536 0.04150207 0.12287800
v -0.03467370 0.03712647 0.12287800
v -0.03940613 0.03205927 0.12287800
v -0.04340451 0.02639486 0.12287800
v -0.04659433 0.02023878 0.12287800
v -0.04891620 0.01370568 0.12287800
v -0.05032685 0.00691727 0.12287800
v -0.05080000 0.00000000 0.12287800
v -0.05032685 -0.00691727 0.11587100
v -0.05032685 -0.00691727 0.12287800
v -0.04891620 -0.01370568 0.03178700
v -0.04659433 -0.02023878 0.03178700
v -0.04340451 -0.02639486 0.03178700
v -0.03940613 -0.03205927 0.03178700
v -0.03467370 -0.03712647 0.03178700
v -0.02929536 -0.04150207 0.03178700
v -0.02337130 -0.04510457 0.03178700
v -0.01701188 -0.04786685 0.03178700
v -0.01033557 -0.04973747 0.03178700
v -0.00346671 -0.05068157 0.03178700
v 0.00346671 -0.05068157 0.03178700
v 0.01033557 -0.04973747 0.03178700
v 0.01701188 -0.04786685 0.03178700
v 0.02337130 -0.04510457 0.03178700
v 0.02929536 -0.04150207 0.03178700
v 0.03467370 -0.03712647 0.03178700
v 0.03940613 -0.03205927 0.03178700
v 0.04340451 -0.02639486 0.03178700
v 0.04659433 -0.02023878 0.03178700
v 0.04891620 -0.01370568 0.03178700
v -0.04891620 -0.01370568 0.03879400
v -0.04659433 -0.02023878 0.03879400
v -0.04340451 -0.02639486 0.03879400
v -0.03940613 -0.03205927 0.03879400
v -0.03467370 -0.03712647 0.03879400
v -0.02929536 -0.04150207 0.03879400
v -0.02337130 -0.04510457 0.03879400
v -0.01701188 -0.04786685 0.03879400
v -0.01033557 -0.04973747 0.03879400
v -0.00346671 -0.05068157 0.03879400
v 0.00346671 -0.05068157 0.03879400
v 0.01033557 -0.04973747 0.03879400
v 0.01701188 -0.04786685 0.03879400
v 0.02337130 -0.04510457 0.03879400
v 0.02929536 -0.04150207 0.03879400
v 0.03467370 -0.03712647 0.03879400
v 0.03940613 -0.03205927 0.03879400
v 0.04340451 -0.02639486 0.03879400
v 0.04659433 -0.02023878 0.03879400
v 0.04891620 -0.01370568 0.03879400
v -0.04891620 -0.01370568 0.04580100
v -0.04659433 -0.02023878 0.04580100
v -0.04340451 -0.02639486 0.04580100
v -0.03940613 -0.03205927 0.04580100
v -0.03467370 -0.03712647 0.04580100
v -0.02929536 -0.04150207 0.04580100
v -0.02337130 -0.04510457 0.04580100
v -0.01701188 -0.04786685 0.04580100
v -0.01033557 -0.04973747 0.04580100
v -0.00346671 -0.05068157 0.04580100
v 0.00346671 -0.05068157 0.04580100
v 0.01033557 -0.04973747 0.04580100
v 0.01701188 -0.04786685 0.04580100
v 0.02337130 -0.04510457 0.04580100
v 0.02929536 -0.04150207 0.04580100
v 0.03467370 -0.03712647 0.04580100
v 0.03940613 -0.03205927 0.04580100
v 0.04340451 -0.02639486 0.04580100
v 0.04659433 -0.02023878 0.04580100
v 0.04891620 -0.01370568 0.04580100
v -0.04891620 -0.01370568 0.05280800
v -0.04659433 -0.02023878 0.05280800
v -0.04340451 -0.02639486 0.05280800
v -0.03940613 -0.03205927 0.05280800
v -0.03467370 -0.03712647 0.05280800
v -0.02929536 -0.04150207 0.05280800
v -0.02337130 -0.04510457 0.05280800
v -0.01701188 -0.04786685 0.05280800
v -0.01033557 -0.04973747 0.05280800
v -0.00346671 -0.05068157 0.05280800
v 0.00346671 -0.05068157 0.05280800
v 0.01033557 -0.04973747 0.05280800
v 0.01701188 -0.04786685 0.05280800
v 0.02337130 -0.04510457 0.05280800
v 0.02929536 -0.04150207 0.05280800
v 0.03467370 -0.03712647 0.05280800
v 0.03940613 -0.03205927 0.05280800
v 0.04340451 -0.02639486 0.05280800
v 0.04659433 -0.02023878 0.05280800
v 0.04891620 -0.01370568 0.05280800
v -0.04891620 -0.01370568 0.05981500
v -0.04659433 -0.02023878 0.05981500
v -0.04340451 -0.02639486 0.05981500
v -0.03940613 -0.03205927 0.05981500
v -0.03467370 -0.03712647 0.05981500
v -0.02929536 -0.04150207 0.05981500
v -0.02337130 -0.04510457 0.05981500
v -0.01701188 -0.04786685 0.05981500
v -0.01033557 -0.04973747 0.05981500
v -0.00346671 -0.05068157 0.05981500
v 0.00346671 -0.05068157 0.05981500
v 0.01033557 -0.04973747 0.05981500
v 0.01701188 -0.04786685 0.05981500
v 0.02337130 -0.04510457 0.05981500
v 0.02929536 -0.04150207 0.05981500
v 0.03467370 -0.03712647 0.05981500
v 0.03940613 -0.03205927 0.05981500
v 0.04340451 -0.02639486 0.05981500
v 0.04659433 -0.02023878 0.05981500
v 0.04891620 -0.01370568 0.05981500
v -0.04891620 -0.01370568 0.06682200
v -0.04659433 -0.02023878 0.06682200
v -0.04340451 -0.02639486 0.06682200
v -0.03940613 -0.03205927 0.06682200
v -0.03467370 -0.03712647 0.06682200
v -0.02929536 -0.04150207 0.06682200
v -0.02337130 -0.04510457 0.06682200
v -0.01701188 -0.04786685 0.06682200
v -0.01033557 -0.04973747 0.06682200
v -0.00346671 -0.05068157 0.06682200
v 0.00346671 -0.05068157 0.06682200
v 0.01033557 -0.04973747 0.06682200
v 0.01701188 -0.04786685 0.06682200
v 0.02337130 -0.04510457 0.06682200
v 0.02929536 -0.04150207 0.06682200
v 0.03467370 -0.03712647 0.06682200
v 0.03940613 -0.03205927 0.06682200
v 0.04340451 -0.02639486 0.06682200
v 0.04659433 -0.02023878 0.06682200
v 0.04891620 -0.01370568 0.06682200
v -0.04891620 -0.01370568 0.07382900
v -0.04659433 -0.02023878 0.07382900
v -0.04340451 -0.02639486 0.07382900
v -0.03940613 -0.03205927 0.07382900
v -0.03467370 -0.03712647 0.07382900
v -0.02929536 -0.04150207 0.07382900
v -0.02337130 -0.04510457 0.07382900
v -0.01701188 -0.04786685 0.07382900
v -0.01033557 -0.04973747 0.07382900
v -0.00346671 -0.05068157 0.07382900
v 0.00346671 -0.05068157 0.07382900
v 0.01033557 -0.04973747 0.07382900
v 0.01701188 -0.04786685 0.07382900
v 0.02337130 -0.04510457 0.07382900
v 0.02929536 -0.04150207 0.07382900
v 0.03467370 -0.03712647 0.07382900
v 0.03940613 -0.03205927 0.07382900
v 0.04340451 -0.02639486 0.07382900
v 0.04659433 -0.02023878 0.07382900
v 0.04891620 -0.01370568 0.07382900
v -0.04891620 -0.01370568 0.08083600
v -0.04659433 -0.02023878 0.08083600
v -0.04340451 -0.02639486 0.08083600
v -0.03940613 -0.03205927 0.08083600
v -0.03467370 -0.03712647 0.08083600
v -0.02929536 -0.04150207 0.08083600
v -0.02337130 -0.04510457 0.08083600
v -0.01701188 -0.04786685 0.08083600
v -0.01033557 -0.04973747 0.08083600
v -0.00346671 -0.05068157 0.08083600
v 0.00346671 -0.05068157 0.08083600
v 0.01033557 -0.04973747 0.08083600
v 0.01701188 -0.04786685 0.08083600
v 0.02337130 -0.04510457 0.08083600
v 0.02929536 -0.04150207 0.08083600
v 0.03467370 -0.03712647 0.08083600
v 0.03940613 -0.03205927 0.08083600
v 0.04340451 -0.02639486 0.08083600
v 0.04659433 -0.02023878 0.08083600
v 0.04891620 -0.01370568 0.08083600
v -0.04891620 -0.01370568 0.08784300
v -0.04659433 -0.02023878 0.08784300
v -0.04340451 -0.02639486 0.08784300
v -0.03940613 -0.03205927 0.08784300
v -0.03467370 -0.03712647 0.08784300
v -0.02929536 -0.04150207 0.08784300
v -0.02337130 -0.04510457 0.08784300
v -0.01701188 -0.04786685 0.08784300
v -0.01033557 -0.04973747 0.08784300
v -0.00346671 -0.05068157 0.08784300
v 0.00346671 -0.05068157 0.08784300
v 0.01033557 -0.04973747 0.08784300
v 0.01701188 -0.04786685 0.08784300
v 0.02337130 -0.04510457 0.08784300
v 0.02929536 -0.04150207 0.08784300
v 0.03467370 -0.03712647 0.08784300
v 0.03940613 -0.03205927 0.08784300
v 0.04340451 -0.02639486 0.08784300
v 0.04659433 -0.02023878 0.08784300
v 0.04891620 -0.01370568 0.08784300
v -0.04891620 -0.01370568 0.09485000
v -0.04659433 -0.02023878 0.09485000
v -0.04340451 -0.02639486 0.09485000
v -0.03940613 -0.03205927 0.09485000
v -0.03467370 -0.03712647 0.09485000
v -0.02929536 -0.04150207 0.09485000
v -0.02337130 -0.04510457 0.09485000
v -0.01701188 -0.04786685 0.09485000
v -0.01033557 -0.04973747 0.09485000
v -0.00346671 -0.05068157 0.09485000
v 0.00346671 -0.05068157 0.09485000
v 0.01033557 -0.04973747 0.09485000
v 0.01701188 -0.04786685 0.09485000
v 0.02337130 -0.04510457 0.09485000
v 0.02929536 -0.04150207 0.09485000
v 0.03467370 -0.03712647 0.09485000
v 0.03940613 -0.03205927 0.09485000
v 0.04340451 -0.02639486 0.09485000
v 0.04659433 -0.02023878 0.09485000
v 0.04891620 -0.01370568 0.09485000
v -0.04891620 -0.01370568 0.10185700
v -0.04659433 -0.02023878 0.10185700
v -0.04340451 -0.02639486 0.10185700
v -0.03940613 -0.03205927 0.10185700
v -0.03467370 -0.03712647 0.10185700
v -0.02929536 -0.04150207 0.10185700
v -0.02337130 -0.04510457 0.10185700
v -0.01701188 -0.04786685 0.10185700
v -0.01033557 -0.04973747 0.10185700
v -0.00346671 -0.05068157 0.10185700
v 0.00346671 -0.05068157 0.10185700
v 0.01033557 -0.04973747 0.10185700
v 0.01701188 -0.04786685 0.10185700
v 0.02337130 -0.04510457 0.10185700
v 0.02929536 -0.04150207 0.10185700
v 0.03467370 -0.03712647 0.10185700
v 0.03940613 -0.03205927 0.10185700
v 0.04340451 -0.02639486 0.10185700
v 0.04659433 -0.02023878 0.10185700
v 0.04891620 -0.01370568 0.10185700
v -0.04891620 -0.01370568 0.10886400
v -0.04659433 -0.02023878 0.10886400
v -0.04340451 -0.02639486 0.10886400
v -0.03940613 -0.03205927 0.10886400
v -0.03467370 -0.03712647 0.10886400
v -0.02929536 -0.04150207 0.10886400
v -0.02337130 -0.04510457 0.10886400
v -0.01701188 -0.04786685 0.10886400
v -0.01033557 -0.04973747 0.10886400
v -0.00346671 -0.05068157 0.10886400
v 0.00346671 -0.05068157 0.10886400
v 0.01033557 -0.04973747 0.10886400
v 0.01701188 -0.04786685 0.10886400
v 0.02337130 -0.04510457 0.10886400
v 0.02929536 -0.04150207 0.10886400
v 0.03467370 -0.03712647 0.10886400
v 0.03940613 -0.03205927 0.10886400
v 0.04340451 -0.02639486 0.10886400
v 0.04659433 -0.02023878 0.10886400
v 0.04891620 -0.01370568 0.10886400
v -0.04891620 -0.01370568 0.11587100
v -0.04659433 -0.02023878 0.11587100
v -0.04340451 -0.02639486 0.11587100
v -0.03940613 -0.03205927 0.11587100
v -0.03467370 -0.03712647 0.11587100
v -0.02929536 -0.04150207 0.11587100
v -0.02337130 -0.04510457 0.11587100
v -0.01701188 -0.04786685 0.11587100
v -0.01033557 -0.04973747 0.11587100
v -0.00346671 -0.05068157 0.11587100
v 0.00346671 -0.05068157 0.11587100
v 0.01033557 -0.04973747 0.11587100
v 0.01701188 -0.04786685 0.11587100
v 0.02337130 -0.04510457 0.11587100
v 0.02929536 -0.04150207 0.11587100
v 0.03467370 -0.03712647 0.11587100
v 0.03940613 -0.03205927 0.11587100
v 0.04340451 -0.02639486 0.11587100
v 0.04659433 -0.02023878 0.11587100
v 0.04891620 -0.01370568 0.11587100
v -0.04891620 -0.01370568 0.12287800
v -0.04659433 -0.02023878 0.12287800
v -0.04340451 -0.02639486 0.12287800
v -0.03940613 -0.03205927 0.12287800
v -0.03467370 -0.03712647 0.12287800
v -0.02929536 -0.04150207 0.12287800
v -0.02337130 -0.04510457 0.12287800
v -0.01701188 -0.04786685 0.12287800
v -0.01033557 -0.04973747 0.12287800
v -0.00346671 -0.05068157 0.12287800
v 0.00346671 -0.05068157 0.12287800
v 0.01033557 -0.04973747 0.12287800
v 0.01701188 -0.04786685 0.12287800
v 0.02337130 -0.04510457 0.12287800
v 0.02929536 -0.04150207 0.12287800
v 0.03467370 -0.03712647 0.12287800
v 0.03940613 -0.03205927 0.12287800
v 0.04340451 -0.02639486 0.12287800
v 0.04659433 -0.02023878 0.12287800
v 0.04891620 -0.01370568 0.12287800
v 0.03196300 -0.00689643 0.01778000
v 0.03767444 -0.00567784 0.01778000
v 0.03810000 -0.00000000 0.01778000
v 0.03810000 -0.00000000 0.02478000
v 0.03196300 -0.00000000 0.01778000
v 0.03767444 0.00567784 0.01778000
v 0.03752118 0.00661600 0.02478000
v 0.03640702 -0.01123078 0.01778000
v 0.03752118 -0.00661600 0.02478000
v 0.03196300 -0.01379285 0.01778000
v 0.03432691 -0.01653097 0.01778000
v 0.03580229 -0.01303097 0.02478000
v 0.03198425 -0.02070303 0.01778000
v 0.03226019 -0.02027042 0.01778000
v 0.03299557 -0.01905000 0.02478000
v 0.02495600 -0.01595248 0.01778000
v 0.02495600 -0.02233347 0.01778000
v 0.02978778 -0.02375496 0.01778000
v 0.02495600 -0.00957149 0.01778000
v 0.02495600 -0.00319050 0.01778000
v 0.03196300 0.00689643 0.01778000
v 0.02495600 0.00319050 0.01778000
v 0.03640702 0.01123078 0.01778000
v 0.03196300 0.01379285 0.01778000
v 0.02495600 0.00957149 0.01778000
v 0.03226019 0.02027042 0.01778000
v 0.03198425 0.02070303 0.01778000
v 0.02495600 0.01595248 0.01778000
v 0.03432691 0.01653097 0.01778000
v 0.02918629 0.02449021 0.02478000
v 0.02495600 0.02233347 0.01778000
v 0.02978778 0.02375496 0.01778000
v 0.03299557 0.01905000 0.02478000
v 0.03580229 0.01303097 0.02478000
v 0.02499286 -0.02875687 0.01778000
v 0.02694077 -0.02694077 0.01778000
v 0.02918629 -0.02449021 0.02478000
v 0.01794900 -0.02683456 0.01778000
v 0.01797557 -0.03359285 0.01778000
v 0.02375496 -0.02978778 0.01778000
v 0.02449021 -0.02918629 0.02478000
v 0.01794900 -0.02012592 0.01778000
v 0.01794900 -0.01341728 0.01778000
v 0.01794900 -0.00670864 0.01778000
v 0.01794900 -0.00000000 0.01778000
v 0.01794900 0.00670864 0.01778000
v 0.01794900 0.01341728 0.01778000
v 0.01794900 0.02012592 0.01778000
v 0.02694077 0.02694077 0.01778000
v 0.02499286 0.02875687 0.01778000
v 0.01794900 0.02683456 0.01778000
v 0.02449021 0.02918629 0.02478000
v 0.02375496 0.02978778 0.01778000
v 0.02027042 -0.03226019 0.01778000
v 0.01905000 -0.03299557 0.02478000
v 0.01094200 -0.02981037 0.01778000
v 0.01095851 -0.03648987 0.01778000
v 0.01653097 -0.03432691 0.01778000
v 0.01094200 -0.02318585 0.01778000
v 0.01094200 -0.01656132 0.01778000
v 0.01094200 -0.00993679 0.01778000
v 0.01094200 -0.00331226 0.01778000
v 0.01094200 0.00331226 0.01778000
v 0.01094200 0.00993679 0.01778000
v 0.01094200 0.01656132 0.01778000
v 0.01094200 0.02318585 0.01778000
v 0.02027042 0.03226019 0.01778000
v 0.01797557 0.03359285 0.01778000
v 0.01094200 0.02981037 0.01778000
v 0.01905000 0.03299557 0.02478000
v 0.01653097 0.03432691 0.01778000
v 0.01303097 0.03580229 0.02478000
v 0.01258363 -0.03596196 0.01778000
v 0.01303097 -0.03580229 0.02478000
v 0.00393500 -0.03095137 0.01778000
v 0.00394389 -0.03789531 0.01778000
v 0.00847805 -0.03714475 0.01778000
v 0.00393500 -0.02407329 0.01778000
v 0.00393500 -0.01719521 0.01778000
v 0.00393500 -0.01031712 0.01778000
v 0.00393500 -0.00343904 0.01778000
v 0.00393500 0.00343904 0.01778000
v 0.00393500 0.01031712 0.01778000
v 0.00393500 0.01719521 0.01778000
v 0.00393500 0.02407329 0.01778000
v 0.01258363 0.03596196 0.01778000
v 0.01095851 0.03648987 0.01778000
v 0.00393500 0.03095137 0.01778000
v 0.00661600 0.03752118 0.02478000
v 0.00847805 0.03714475 0.01778000
v 0.00661600 -0.03752118 0.02478000
v -0.00307200 -0.03105779 0.01778000
v -0.00284787 -0.03799330 0.01778000
v 0.00284787 -0.03799330 0.01778000
v -0.00307421 -0.03797568 0.01778000
v -0.00307200 -0.02415606 0.01778000
v -0.00307200 -0.01725433 0.01778000
v -0.00307200 -0.01035260 0.01778000
v -0.00307200 -0.00345087 0.01778000
v -0.00307200 0.00345087 0.01778000
v -0.00307200 0.01035260 0.01778000
v -0.00307200 0.01725433 0.01778000
v -0.00307200 0.02415606 0.01778000
v 0.00394389 0.03789531 0.01778000
v -0.00307200 0.03105779 0.01778000
v -0.00307421 0.03797568 0.01778000
v 0.00284787 0.03799330 0.01778000
v -0.00000000 0.03810000 0.02478000
v -0.00000000 -0.03810000 0.02478000
v -0.00847805 -0.03714475 0.01778000
v -0.00661600 -0.03752118 0.02478000
v -0.01007900 -0.03001379 0.01778000
v -0.01009408 -0.03673840 0.01778000
v -0.01007900 -0.02334406 0.01778000
v -0.01007900 -0.01667433 0.01778000
v -0.01007900 -0.01000460 0.01778000
v -0.01007900 -0.00333487 0.01778000
v -0.01007900 0.01000460 0.01778000
v -0.01007900 0.00333487 0.01778000
v -0.01007900 0.01667433 0.01778000
v -0.01007900 0.02334406 0.01778000
v -0.01007900 0.03001379 0.01778000
v -0.01009408 0.03673840 0.01778000
v -0.00284787 0.03799330 0.01778000
v -0.00661600 0.03752118 0.02478000
v -0.00847805 0.03714475 0.01778000
v -0.01258363 -0.03596196 0.01778000
v -0.01708600 -0.02721613 0.01778000
v -0.01653097 -0.03432691 0.01778000
v -0.01709958 -0.03404719 0.01778000
v -0.01708600 -0.02041210 0.01778000
v -0.01708600 -0.01360806 0.01778000
v -0.01708600 -0.00680403 0.01778000
v -0.01708600 -0.00000000 0.01778000
v -0.01708600 0.00680403 0.01778000
v -0.01708600 0.01360806 0.01778000
v -0.01708600 0.02041210 0.01778000
v -0.01708600 0.02721613 0.01778000
v -0.01709958 0.03404719 0.01778000
v -0.01303097 0.03580229 0.02478000
v -0.01653097 0.03432691 0.01778000
v -0.01258363 0.03596196 0.01778000
v -0.01303097 -0.03580229 0.02478000
v -0.02027042 -0.03226019 0.01778000
v -0.01905000 -0.03299557 0.02478000
v -0.02409300 -0.02293331 0.01778000
v -0.02375496 -0.02978778 0.01778000
v -0.02410737 -0.02950327 0.01778000
v -0.02409300 -0.01638094 0.01778000
v -0.02409300 -0.00982856 0.01778000
v -0.02409300 -0.00327619 0.01778000
v -0.02409300 0.00327619 0.01778000
v -0.02409300 0.00982856 0.01778000
v -0.02409300 0.01638094 0.01778000
v -0.02409300 0.02293331 0.01778000
v -0.02410737 0.02950327 0.01778000
v -0.01905000 0.03299557 0.02478000
v -0.02375496 0.02978778 0.01778000
v -0.02027042 0.03226019 0.01778000
v -0.02694077 -0.02694077 0.01778000
v -0.02449021 -0.02918629 0.02478000
v -0.03114870 -0.02193986 0.01778000
v -0.02978778 -0.02375496 0.01778000
v -0.03110000 -0.01564683 0.01778000
v -0.03110000 -0.00938810 0.01778000
v -0.03110000 -0.00312937 0.01778000
v -0.03110000 0.00938810 0.01778000
v -0.03110000 0.00312937 0.01778000
v -0.03110000 0.01564683 0.01778000
v -0.03114870 0.02193986 0.01778000
v -0.02978778 0.02375496 0.01778000
v -0.02449021 0.02918629 0.02478000
v -0.02694077 0.02694077 0.01778000
v -0.02918629 -0.02449021 0.02478000
v -0.03226019 -0.02027042 0.01778000
v -0.03640702 -0.01123078 0.01778000
v -0.03432691 -0.01653097 0.01778000
v -0.03767444 -0.00567784 0.01778000
v -0.03810000 -0.00000000 0.01778000
v -0.03767444 0.00567784 0.01778000
v -0.03640702 0.01123078 0.01778000
v -0.03432691 0.01653097 0.01778000
v -0.03299557 0.01905000 0.02478000
v -0.03226019 0.02027042 0.01778000
v -0.02918629 0.02449021 0.02478000
v -0.03299557 -0.01905000 0.02478000
v -0.03580229 -0.01303097 0.02478000
v -0.03752118 -0.00661600 0.02478000
v -0.03810000 -0.00000000 0.02478000
v -0.03752118 0.00661600 0.02478000
v -0.03580229 0.01303097 0.02478000
v -0.03810000 -0.00000000 0.03178700
v -0.03752118 -0.00661600 0.03178700
v -0.03752118 0.00661600 0.03178700
v -0.03580229 0.01303097 0.03178700
v -0.03299557 0.01905000 0.03178700
v -0.02918629 0.02449021 0.03178700
v -0.02449021 0.02918629 0.03178700
v -0.01905000 0.03299557 0.03178700
v -0.01303097 0.03580229 0.03178700
v -0.00661600 0.03752118 0.03178700
v -0.00000000 0.03810000 0.03178700
v 0.00661600 0.03752118 0.03178700
v 0.01303097 0.03580229 0.03178700
v 0.01905000 0.03299557 0.03178700
v 0.02449021 0.02918629 0.03178700
v 0.02918629 0.02449021 0.03178700
v 0.03299557 0.01905000 0.03178700
v 0.03580229 0.01303097 0.03178700
v 0.03752118 0.00661600 0.03178700
v 0.03810000 -0.00000000 0.03178700
v 0.03752118 0.00661600 0.03879400
v 0.03810000 -0.00000000 0.03879400
v 0.03752118 -0.00661600 0.03178700
v -0.03810000 0.00000000 0.03879400
v -0.03752118 -0.00661600 0.03879400
v -0.03752118 0.00661600 0.03879400
v -0.03580229 0.01303097 0.03879400
v -0.03299557 0.01905000 0.03879400
v -0.02918629 0.02449021 0.03879400
v -0.02449021 0.02918629 0.03879400
v -0.01905000 0.03299557 0.03879400
v -0.01303097 0.03580229 0.03879400
v -0.00661600 0.03752118 0.03879400
v -0.00000000 0.03810000 0.03879400
v 0.00661600 0.03752118 0.03879400
v 0.01303097 0.03580229 0.03879400
v 0.01905000 0.03299557 0.03879400
v 0.02449021 0.02918629 0.03879400
v 0.02918629 0.02449021 0.03879400
v 0.03299557 0.01905000 0.03879400
v 0.03580229 0.01303097 0.03879400
v 0.03752118 0.00661600 0.04580100
v 0.03810000 -0.00000000 0.04580100
v 0.03752118 -0.00661600 0.03879400
v -0.03810000 0.00000000 0.04580100
v -0.03752118 -0.00661600 0.04580100
v -0.03752118 0.00661600 0.04580100
v -0.03580229 0.01303097 0.04580100
v -0.03299557 0.01905000 0.04580100
v -0.02918629 0.02449021 0.04580100
v -0.02449021 0.02918629 0.04580100
v -0.01905000 0.03299557 0.04580100
v -0.01303097 0.03580229 0.04580100
v -0.00661600 0.03752118 0.04580100
v -0.00000000 0.03810000 0.04580100
v 0.00661600 0.03752118 0.04580100
v 0.01303097 0.03580229 0.04580100
v 0.01905000 0.03299557 0.04580100
v 0.02449021 0.02918629 0.04580100
v 0.02918629 0.02449021 0.04580100
v 0.03299557 0.01905000 0.04580100
v 0.03580229 0.01303097 0.04580100
v 0.03752118 0.00661600 0.05280800
v 0.03810000 -0.00000000 0.05280800
v 0.03752118 -0.00661600 0.04580100
v -0.03810000 0.00000000 0.05280800
v -0.03752118 -0.00661600 0.05280800
v -0.03752118 0.00661600 0.05280800
v -0.03580229 0.01303097 0.05280800
v -0.03299557 0.01905000 0.05280800
v -0.02918629 0.02449021 0.05280800
v -0.02449021 0.02918629 0.05280800
v -0.01905000 0.03299557 0.05280800
v -0.01303097 0.03580229 0.05280800
v -0.00661600 0.03752118 0.05280800
v -0.00000000 0.03810000 0.05280800
v 0.00661600 0.03752118 0.05280800
v 0.01303097 0.03580229 0.05280800
v 0.01905000 0.03299557 0.05280800
v 0.02449021 0.02918629 0.05280800
v 0.02918629 0.02449021 0.05280800
v 0.03299557 0.01905000 0.05280800
v 0.03580229 0.01303097 0.05280800
v 0.03752118 0.00661600 0.05981500
v 0.03810000 -0.00000000 0.05981500
v 0.03752118 -0.00661600 0.05280800
v -0.03810000 0.00000000 0.05981500
v -0.03752118 -0.00661600 0.05981500
v -0.03752118 0.00661600 0.05981500
v -0.03580229 0.01303097 0.05981500
v -0.03299557 0.01905000 0.05981500
v -0.02918629 0.02449021 0.05981500
v -0.02449021 0.02918629 0.05981500
v -0.01905000 0.03299557 0.05981500
v -0.01303097 0.03580229 0.05981500
v -0.00661600 0.03752118 0.05981500
v -0.00000000 0.03810000 0.05981500
v 0.00661600 0.03752118 0.05981500
v 0.01303097 0.03580229 0.05981500
v 0.01905000 0.03299557 0.05981500
v 0.02449021 0.02918629 0.05981500
v 0.02918629 0.02449021 0.05981500
v 0.03299557 0.01905000 0.05981500
v 0.03580229 0.01303097 0.05981500
v 0.03752118 0.00661600 0.06682200
v 0.03810000 -0.00000000 0.06682200
v 0.03752118 -0.00661600 0.05981500
v -0.03810000 0.00000000 0.06682200
v -0.03752118 -0.00661600 0.06682200
v -0.03752118 0.00661600 0.06682200
v -0.03580229 0.01303097 0.06682200
v -0.03299557 0.01905000 0.06682200
v -0.02918629 0.02449021 0.06682200
v -0.02449021 0.02918629 0.06682200
v -0.01905000 0.03299557 0.06682200
v -0.01303097 0.03580229 0.06682200
v -0.00661600 0.03752118 0.06682200
v -0.00000000 0.03810000 0.06682200
v 0.00661600 0.03752118 0.06682200
v 0.01303097 0.03580229 0.06682200
v 0.01905000 0.03299557 0.06682200
v 0.02449021 0.02918629 0.06682200
v 0.02918629 0.02449021 0.06682200
v 0.03299557 0.01905000 0.06682200
v 0.03580229 0.01303097 0.06682200
v 0.03752118 0.00661600 0.07382900
v 0.03810000 -0.00000000 0.07382900
v 0.03752118 -0.00661600 0.06682200
v -0.03810000 0.00000000 0.07382900
v -0.03752118 -0.00661600 0.07382900
v -0.03752118 0.00661600 0.07382900
v -0.03580229 0.01303097 0.07382900
v -0.03299557 0.01905000 0.07382900
v -0.02918629 0.02449021 0.07382900
v -0.02449021 0.02918629 0.07382900
v -0.01905000 0.03299557 0.07382900
v -0.01303097 0.03580229 0.07382900
v -0.00661600 0.03752118 0.07382900
v -0.00000000 0.03810000 0.07382900
v 0.00661600 0.03752118 0.07382900
v 0.01303097 0.03580229 0.07382900
v 0.01905000 0.03299557 0.07382900
v 0.02449021 0.02918629 0.07382900
v 0.02918629 0.02449021 0.07382900
v 0.03299557 0.01905000 0.07382900
v 0.03580229 0.01303097 0.07382900
v 0.03752118 0.00661600 0.08083600
v 0.03810000 -0.00000000 0.08083600
v 0.03752118 -0.00661600 0.07382900
v -0.03810000 -0.00000000 0.08083600
v -0.03752118 -0.00661600 0.08083600
v -0.03752118 0.00661600 0.08083600
v -0.03580229 0.01303097 0.08083600
v -0.03299557 0.01905000 0.08083600
v -0.02918629 0.02449021 0.08083600
v -0.02449021 0.02918629 0.08083600
v -0.01905000 0.03299557 0.08083600
v -0.01303097 0.03580229 0.08083600
v -0.00661600 0.03752118 0.08083600
v -0.00000000 0.03810000 0.08083600
v 0.00661600 0.03752118 0.08083600
v 0.01303097 0.03580229 0.08083600
v 0.01905000 0.03299557 0.08083600
v 0.02449021 0.02918629 0.08083600
v 0.02918629 0.02449021 0.08083600
v 0.03299557 0.01905000 0.08083600
v 0.03580229 0.01303097 0.08083600
v 0.03752118 0.00661600 0.08784300
v 0.03810000 -0.00000000 0.08784300
v 0.03752118 -0.00661600 0.08083600
v -0.03810000 0.00000000 0.08784300
v -0.03752118 -0.00661600 0.08784300
v -0.03752118 0.00661600 0.08784300
v -0.03580229 0.01303097 0.08784300
v -0.03299557 0.01905000 0.08784300
v -0.02918629 0.02449021 0.08784300
v -0.02449021 0.02918629 0.08784300
v -0.01905000 0.03299557 0.08784300
v -0.01303097 0.03580229 0.08784300
v -0.00661600 0.03752118 0.08784300
v -0.00000000 0.03810000 0.08784300
v 0.00661600 0.03752118 0.08784300
v 0.01303097 0.03580229 0.08784300
v 0.01905000 0.03299557 0.08784300
v 0.02449021 0.02918629 0.08784300
v 0.02918629 0.02449021 0.08784300
v 0.03299557 0.01905000 0.08784300
v 0.03580229 0.01303097 0.08784300
v 0.03752118 0.00661600 0.09485000
v 0.03810000 -0.00000000 0.09485000
v 0.03752118 -0.00661600 0.08784300
v -0.03810000 0.00000000 0.09485000
v -0.03752118 -0.00661600 0.09485000
v -0.03752118 0.00661600 0.09485000
v -0.03580229 0.01303097 0.09485000
v -0.03299557 0.01905000 0.09485000
v -0.02918629 0.02449021 0.09485000
v -0.02449021 0.02918629 0.09485000
v -0.01905000 0.03299557 0.09485000
v -0.01303097 0.03580229 0.09485000
v -0.00661600 0.03752118 0.09485000
v -0.00000000 0.03810000 0.09485000
v 0.00661600 0.03752118 0.09485000
v 0.01303097 0.03580229 0.09485000
v 0.01905000 0.03299557 0.09485000
v 0.02449021 0.02918629 0.09485000
v 0.02918629 0.02449021 0.09485000
v 0.03299557 0.01905000 0.09485000
v 0.03580229 0.01303097 0.09485000
v 0.03752118 0.00661600 0.10185700
v 0.03810000 -0.00000000 0.10185700
v 0.03752118 -0.00661600 0.09485000
v -0.03810000 0.00000000 0.10185700
v -0.03752118 -0.00661600 0.10185700
v -0.03752118 0.00661600 0.10185700
v -0.03580229 0.01303097 0.10185700
v -0.03299557 0.01905000 0.10185700
v -0.02918629 0.02449021 0.10185700
v -0.02449021 0.02918629 0.10185700
v -0.01905000 0.03299557 0.10185700
v -0.01303097 0.03580229 0.10185700
v -0.00661600 0.03752118 0.10185700
v -0.00000000 0.03810000 0.10185700
v 0.00661600 0.03752118 0.10185700
v 0.01303097 0.03580229 0.10185700
v 0.01905000 0.03299557 0.10185700
v 0.02449021 0.02918629 0.10185700
v 0.02918629 0.02449021 0.10185700
v 0.03299557 0.01905000 0.10185700
v 0.03580229 0.01303097 0.10185700
v 0.03752118 0.00661600 0.10886400
v 0.03810000 -0.00000000 0.10886400
v 0.03752118 -0.00661600 0.10185700
v -0.03810000 0.00000000 0.10886400
v -0.03752118 -0.00661600 0.10886400
v -0.03752118 0.00661600 0.10886400
v -0.03580229 0.01303097 0.10886400
v -0.03299557 0.01905000 0.10886400
v -0.02918629 0.02449021 0.10886400
v -0.02449021 0.02918629 0.10886400
v -0.01905000 0.03299557 0.10886400
v -0.01303097 0.03580229 0.10886400
v -0.00661600 0.03752118 0.10886400
v -0.00000000 0.03810000 0.10886400
v 0.00661600 0.03752118 0.10886400
v 0.01303097 0.03580229 0.10886400
v 0.01905000 0.03299557 0.10886400
v 0.02449021 0.02918629 0.10886400
v 0.02918629 0.02449021 0.10886400
v 0.03299557 0.01905000 0.10886400
v 0.03580229 0.01303097 0.10886400
v 0.03752118 0.00661600 0.11587100
v 0.03810000 -0.00000000 0.11587100
v 0.03752118 -0.00661600 0.10886400
v -0.03810000 0.00000000 0.11587100
v -0.03752118 -0.00661600 0.11587100
v -0.03752118 0.00661600 0.11587100
v -0.03580229 0.01303097 0.11587100
v -0.03299557 0.01905000 0.11587100
v -0.02918629 0.02449021 0.11587100
v -0.02449021 0.02918629 0.11587100
v -0.01905000 0.03299557 0.11587100
v -0.01303097 0.03580229 0.11587100
v -0.00661600 0.03752118 0.11587100
v -0.00000000 0.03810000 0.11587100
v 0.00661600 0.03752118 0.11587100
v 0.01303097 0.03580229 0.11587100
v 0.01905000 0.03299557 0.11587100
v 0.02449021 0.02918629 0.11587100
v 0.02918629 0.02449021 0.11587100
v 0.03299557 0.01905000 0.11587100
v 0.03580229 0.01303097 0.11587100
v 0.03752118 -0.00661600 0.11587100
v 0.03580229 -0.01303097 0.03178700
v 0.03299557 -0.01905000 0.03178700
v 0.02918629 -0.02449021 0.03178700
v 0.02449021 -0.02918629 0.03178700
v 0.01905000 -0.03299557 0.03178700
v 0.01303097 -0.03580229 0.03178700
v 0.00661600 -0.03752118 0.03178700
v -0.00000000 -0.03810000 0.03178700
v -0.00661600 -0.03752118 0.03178700
v -0.01303097 -0.03580229 0.03178700
v -0.01905000 -0.03299557 0.03178700
v -0.02449021 -0.02918629 0.03178700
v -0.02918629 -0.02449021 0.03178700
v -0.03299557 -0.01905000 0.03178700
v -0.03580229 -0.01303097 0.03178700
v 0.03580229 -0.01303097 0.03879400
v 0.03299557 -0.01905000 0.03879400
v 0.02918629 -0.02449021 0.03879400
v 0.02449021 -0.02918629 0.03879400
v 0.01905000 -0.03299557 0.03879400
v 0.01303097 -0.03580229 0.03879400
v 0.00661600 -0.03752118 0.03879400
v -0.00000000 -0.03810000 0.03879400
v -0.00661600 -0.03752118 0.03879400
v -0.01303097 -0.03580229 0.03879400
v -0.01905000 -0.03299557 0.03879400
v -0.02449021 -0.02918629 0.03879400
v -0.02918629 -0.02449021 0.03879400
v -0.03299557 -0.01905000 0.03879400
v -0.03580229 -0.01303097 0.03879400
v 0.03580229 -0.01303097 0.04580100
v 0.03299557 -0.01905000 0.04580100
v 0.02918629 -0.02449021 0.04580100
v 0.02449021 -0.02918629 0.04580100
v 0.01905000 -0.03299557 0.04580100
v 0.01303097 -0.03580229 0.04580100
v 0.00661600 -0.03752118 0.04580100
v -0.00000000 -0.03810000 0.04580100
v -0.00661600 -0.03752118 0.04580100
v -0.01303097 -0.03580229 0.04580100
v -0.01905000 -0.03299557 0.04580100
v -0.02449021 -0.02918629 0.04580100
v -0.02918629 -0.02449021 0.04580100
v -0.03299557 -0.01905000 0.04580100
v -0.03580229 -0.01303097 0.04580100
v 0.03580229 -0.01303097 0.05280800
v 0.03299557 -0.01905000 0.05280800
v 0.02918629 -0.02449021 0.05280800
v 0.02449021 -0.02918629 0.05280800
v 0.01905000 -0.03299557 0.05280800
v 0.01303097 -0.03580229 0.05280800
v 0.00661600 -0.03752118 0.05280800
v -0.00000000 -0.03810000 0.05280800
v -0.00661600 -0.03752118 0.05280800
v -0.01303097 -0.03580229 0.05280800
v -0.01905000 -0.03299557 0.05280800
v -0.02449021 -0.02918629 0.05280800
v -0.02918629 -0.02449021 0.05280800
v -0.03299557 -0.01905000 0.05280800
v -0.03580229 -0.01303097 0.05280800
v 0.03580229 -0.01303097 0.05981500
v 0.03299557 -0.01905000 0.05981500
v 0.02918629 -0.02449021 0.05981500
v 0.02449021 -0.02918629 0.05981500
v 0.01905000 -0.03299557 0.05981500
v 0.01303097 -0.03580229 0.05981500
v 0.00661600 -0.03752118 0.05981500
v -0.00000000 -0.03810000 0.05981500
v -0.00661600 -0.03752118 0.05981500
v -0.01303097 -0.03580229 0.05981500
v -0.01905000 -0.03299557 0.05981500
v -0.02449021 -0.02918629 0.05981500
v -0.02918629 -0.02449021 0.05981500
v -0.03299557 -0.01905000 0.05981500
v -0.03580229 -0.01303097 0.05981500
v 0.03580229 -0.01303097 0.06682200
v 0.03299557 -0.01905000 0.06682200
v 0.02918629 -0.02449021 0.06682200
v 0.02449021 -0.02918629 0.06682200
v 0.01905000 -0.03299557 0.06682200
v 0.01303097 -0.03580229 0.06682200
v 0.00661600 -0.03752118 0.06682200
v -0.00000000 -0.03810000 0.06682200
v -0.00661600 -0.03752118 0.06682200
v -0.01303097 -0.03580229 0.06682200
v -0.01905000 -0.03299557 0.06682200
v -0.02449021 -0.02918629 0.06682200
v -0.02918629 -0.02449021 0.06682200
v -0.03299557 -0.01905000 0.06682200
v -0.03580229 -0.01303097 0.06682200
v 0.03580229 -0.01303097 0.07382900
v 0.03299557 -0.01905000 0.07382900
v 0.02918629 -0.02449021 0.07382900
v 0.02449021 -0.02918629 0.07382900
v 0.01905000 -0.03299557 0.07382900
v 0.01303097 -0.03580229 0.07382900
v 0.00661600 -0.03752118 0.07382900
v -0.00000000 -0.03810000 0.07382900
v -0.00661600 -0.03752118 0.07382900
v -0.01303097 -0.03580229 0.07382900
v -0.01905000 -0.03299557 0.07382900
v -0.02449021 -0.02918629 0.07382900
v -0.02918629 -0.02449021 0.07382900
v -0.03299557 -0.01905000 0.07382900
v -0.03580229 -0.01303097 0.07382900
v 0.03580229 -0.01303097 0.08083600
v 0.03299557 -0.01905000 0.08083600
v 0.02918629 -0.02449021 0.08083600
v 0.02449021 -0.02918629 0.08083600
v 0.01905000 -0.03299557 0.08083600
v 0.01303097 -0.03580229 0.08083600
v 0.00661600 -0.03752118 0.08083600
v -0.00000000 -0.03810000 0.08083600
v -0.00661600 -0.03752118 0.08083600
v -0.01303097 -0.03580229 0.08083600
v -0.01905000 -0.03299557 0.08083600
v -0.02449021 -0.02918629 0.08083600
v -0.02918629 -0.02449021 0.08083600
v -0.03299557 -0.01905000 0.08083600
v -0.03580229 -0.01303097 0.08083600
v 0.03580229 -0.01303097 0.08784300
v 0.03299557 -0.01905000 0.08784300
v 0.02918629 -0.02449021 0.08784300
v 0.02449021 -0.02918629 0.08784300
v 0.01905000 -0.03299557 0.08784300
v 0.01303097 -0.03580229 0.08784300
v 0.00661600 -0.03752118 0.08784300
v -0.00000000 -0.03810000 0.08784300
v -0.00661600 -0.03752118 0.08784300
v -0.01303097 -0.03580229 0.08784300
v -0.01905000 -0.03299557 0.08784300
v -0.02449021 -0.02918629 0.08784300
v -0.02918629 -0.02449021 0.08784300
v -0.03299557 -0.01905000 0.08784300
v -0.03580229 -0.01303097 0.08784300
v 0.03580229 -0.01303097 0.09485000
v 0.03299557 -0.01905000 0.09485000
v 0.02918629 -0.02449021 0.09485000
v 0.02449021 -0.02918629 0.09485000
v 0.01905000 -0.03299557 0.09485000
v 0.01303097 -0.03580229 0.09485000
v 0.00661600 -0.03752118 0.09485000
v -0.00000000 -0.03810000 0.09485000
v -0.00661600 -0.03752118 0.09485000
v -0.01303097 -0.03580229 0.09485000
v -0.01905000 -0.03299557 0.09485000
v -0.02449021 -0.02918629 0.09485000
v -0.02918629 -0.02449021 0.09485000
v -0.03299557 -0.01905000 0.09485000
v -0.03580229 -0.01303097 0.09485000
v 0.03580229 -0.01303097 0.10185700
v 0.03299557 -0.01905000 0.10185700
v 0.02918629 -0.02449021 0.10185700
v 0.02449021 -0.02918629 0.10185700
v 0.01905000 -0.03299557 0.10185700
v 0.01303097 -0.03580229 0.10185700
v 0.00661600 -0.03752118 0.10185700
v -0.00000000 -0.03810000 0.10185700
v -0.00661600 -0.03752118 0.10185700
v -0.01303097 -0.03580229 0.10185700
v -0.01905000 -0.03299557 0.10185700
v -0.02449021 -0.02918629 0.10185700
v -0.02918629 -0.02449021 0.10185700
v -0.03299557 -0.01905000 0.10185700
v -0.03580229 -0.01303097 0.10185700
v 0.03580229 -0.01303097 0.10886400
v 0.03299557 -0.01905000 0.10886400
v 0.02918629 -0.02449021 0.10886400
v 0.02449021 -0.02918629 0.10886400
v 0.01905000 -0.03299557 0.10886400
v 0.01303097 -0.03580229 0.10886400
v 0.00661600 -0.03752118 0.10886400
v -0.00000000 -0.03810000 0.10886400
v -0.00661600 -0.03752118 0.10886400
v -0.01303097 -0.03580229 0.10886400
v -0.01905000 -0.03299557 0.10886400
v -0.02449021 -0.02918629 0.10886400
v -0.02918629 -0.02449021 0.10886400
v -0.03299557 -0.01905000 0.10886400
v -0.03580229 -0.01303097 0.10886400
v 0.03580229 -0.01303097 0.11587100
v 0.03299557 -0.01905000 0.11587100
v 0.02918629 -0.02449021 0.11587100
v 0.02449021 -0.02918629 0.11587100
v 0.01905000 -0.03299557 0.11587100
v 0.01303097 -0.03580229 0.11587100
v 0.00661600 -0.03752118 0.11587100
v -0.00000000 -0.03810000 0.11587100
v -0.00661600 -0.03752118 0.11587100
v -0.01303097 -0.03580229 0.11587100
v -0.01905000 -0.03299557 0.11587100
v -0.02449021 -0.02918629 0.11587100
v -0.02918629 -0.02449021 0.11587100
v -0.03299557 -0.01905000 0.11587100
v -0.03580229 -0.01303097 0.11587100
v -0.11099800 0.05080000 0.02794000
v -0.10984000 0.05080000 0.02995391
v -0.11294533 0.05080000 0.02455333
v -0.10996705 0.04380000 0.02973294
v -0.10283300 0.05080000 0.02996000
v -0.10905067 0.05080000 0.03132667
v -0.10653058 0.04380000 0.03570941
v -0.10710333 0.05080000 0.03471333
v -0.10283300 0.05080000 0.03605000
v -0.09582600 0.05080000 0.02996203
v -0.10320866 0.05080000 0.04148667
v -0.10283300 0.05080000 0.04214000
v -0.09582600 0.05080000 0.03605304
v -0.10515600 0.05080000 0.03810000
v -0.10309412 0.04380000 0.04168588
v -0.09582600 0.05080000 0.04214406
v -0.10126133 0.05080000 0.04487333
v -0.09965765 0.04380000 0.04766236
v -0.08881900 0.05080000 0.03170348
v -0.08881900 0.05080000 0.03866522
v -0.09582600 0.05080000 0.04823507
v -0.08881900 0.05080000 0.04562696
v -0.09736667 0.05080000 0.05164667
v -0.09582600 0.05080000 0.05432609
v -0.08881900 0.05080000 0.05258869
v -0.09931400 0.05080000 0.04826000
v -0.09622118 0.04380000 0.05363882
v -0.09541933 0.05080000 0.05503333
v -0.09278470 0.04380000 0.05961530
v -0.08181199 0.05080000 0.03131739
v -0.08181199 0.05080000 0.03808609
v -0.08181199 0.05080000 0.04485478
v -0.08181199 0.05080000 0.05162348
v -0.09347200 0.05080000 0.05842000
v -0.08881900 0.05080000 0.05955043
v -0.08181199 0.05080000 0.05839217
v -0.08957733 0.05080000 0.06519334
v -0.08881900 0.05080000 0.06651217
v -0.08181199 0.05080000 0.06516086
v -0.09152467 0.05080000 0.06180667
v -0.08934823 0.04380000 0.06559177
v -0.08763000 0.05080000 0.06858000
v -0.08591177 0.04380000 0.07156824
v -0.07480500 0.05080000 0.03107170
v -0.07480500 0.05080000 0.03771755
v -0.07480500 0.05080000 0.04436340
v -0.07480500 0.05080000 0.05100925
v -0.07480500 0.05080000 0.05765510
v -0.07480500 0.05080000 0.06430095
v -0.08181199 0.05080000 0.07192957
v -0.07480500 0.05080000 0.07094680
v -0.08373534 0.05080000 0.07535333
v -0.08181199 0.05080000 0.07869826
v -0.07480500 0.05080000 0.07759265
v -0.08568266 0.05080000 0.07196667
v -0.08247530 0.04380000 0.07754471
v -0.08178800 0.05080000 0.07874000
v -0.07903883 0.04380000 0.08352118
v -0.06779800 0.05080000 0.03090161
v -0.06779800 0.05080000 0.03746241
v -0.06779800 0.05080000 0.04402321
v -0.06779800 0.05080000 0.05058401
v -0.06779800 0.05080000 0.05714482
v -0.06779800 0.05080000 0.06370562
v -0.06779800 0.05080000 0.07026642
v -0.06779800 0.05080000 0.07682723
v -0.07984067 0.05080000 0.08212666
v -0.07480500 0.05080000 0.08423849
v -0.06779800 0.05080000 0.08338802
v -0.07594600 0.05080000 0.08890000
v -0.07480500 0.05080000 0.09088434
v -0.06779800 0.05080000 0.08994883
v -0.07789333 0.05080000 0.08551334
v -0.07560235 0.04380000 0.08949765
v -0.07399867 0.05080000 0.09228667
v -0.07216588 0.04380000 0.09547412
v -0.06079100 0.05080000 0.03170522
v -0.06079100 0.05080000 0.03866783
v -0.06079100 0.05080000 0.04563044
v -0.06079100 0.05080000 0.05259304
v -0.06079100 0.05080000 0.05955565
v -0.06079100 0.05080000 0.06651825
v -0.06079100 0.05080000 0.07348087
v -0.06079100 0.05080000 0.08044348
v -0.06079100 0.05080000 0.08740609
v -0.07205133 0.05080000 0.09567333
v -0.06779800 0.05080000 0.09650963
v -0.06079100 0.05080000 0.09436870
v -0.06815667 0.05080000 0.10244666
v -0.06779800 0.05080000 0.10307044
v -0.06079100 0.05080000 0.10133131
v -0.07010400 0.05080000 0.09906000
v -0.06529294 0.04380000 0.10742705
v -0.06620934 0.05080000 0.10583334
v -0.06872941 0.04380000 0.10145059
v -0.05842000 0.05080000 0.02478000
v -0.05842000 0.05080000 0.03178700
v -0.05842000 0.05080000 0.03132667
v -0.05842000 0.05080000 0.03879400
v -0.05842000 0.05080000 0.03810000
v -0.05842000 0.05080000 0.04580100
v -0.05842000 0.05080000 0.04487333
v -0.05842000 0.05080000 0.05280800
v -0.05842000 0.05080000 0.05164667
v -0.05842000 0.05080000 0.05981500
v -0.05842000 0.05080000 0.05842000
v -0.05842000 0.05080000 0.06682200
v -0.05842000 0.05080000 0.06519334
v -0.05842000 0.05080000 0.07382900
v -0.05842000 0.05080000 0.07196667
v -0.05842000 0.05080000 0.08083600
v -0.05842000 0.05080000 0.07874000
v -0.05842000 0.05080000 0.08784300
v -0.05842000 0.05080000 0.08551334
v -0.05842000 0.05080000 0.09485000
v -0.05842000 0.05080000 0.09228667
v -0.06079100 0.05080000 0.10829391
v -0.05842000 0.05080000 0.10185700
v -0.05842000 0.05080000 0.09906000
v -0.06231467 0.05080000 0.11260667
v -0.06079100 0.05080000 0.11525653
v -0.05842000 0.05080000 0.10886400
v -0.06426200 0.05080000 0.10922000
v -0.05842000 0.05080000 0.10583334
v -0.06185647 0.04380000 0.11340353
v -0.05842000 0.05080000 0.11260667
v -0.05842000 0.05080000 0.11587100
v -0.06036733 0.05080000 0.11599333
v -0.05842000 0.04380000 0.11938000
v -0.05842000 0.04402667 0.03178700
v -0.05842000 0.04402667 0.03879400
v -0.05842000 0.04402667 0.04580100
v -0.05842000 0.04402667 0.05280800
v -0.05842000 0.04402667 0.05981500
v -0.05842000 0.04402667 0.06682200
v -0.05842000 0.04402667 0.07382900
v -0.05842000 0.04402667 0.08083600
v -0.05842000 0.04402667 0.08784300
v -0.05842000 0.04402667 0.09485000
v -0.05842000 0.04402667 0.10185700
v -0.05842000 0.04402667 0.10886400
v -0.05842000 0.04402667 0.11587100
v -0.05842000 0.05080000 0.11938000
v -0.05842000 0.04402667 0.11938000
v -0.11294533 -0.05080000 0.02455333
v -0.11099800 -0.05080000 0.02794000
v -0.10984000 -0.05080000 0.02995391
v -0.10996705 -0.04729100 0.02973294
v -0.10283300 -0.05080000 0.02996000
v -0.10905067 -0.05080000 0.03132667
v -0.10283300 -0.05080000 0.03605000
v -0.10710333 -0.05080000 0.03471333
v -0.10515600 -0.05080000 0.03810000
v -0.10653058 -0.04729100 0.03570941
v -0.10320866 -0.05080000 0.04148667
v -0.10283300 -0.05080000 0.04214000
v -0.10309412 -0.04729100 0.04168588
v -0.09582600 -0.05080000 0.03605304
v -0.09582600 -0.05080000 0.04214406
v -0.10126133 -0.05080000 0.04487333
v -0.09582600 -0.05080000 0.02996203
v -0.09582600 -0.05080000 0.04823507
v -0.09931400 -0.05080000 0.04826000
v -0.09965765 -0.04729100 0.04766236
v -0.09736667 -0.05080000 0.05164667
v -0.09582600 -0.05080000 0.05432609
v -0.09622118 -0.04729100 0.05363882
v -0.08881900 -0.05080000 0.05258869
v -0.08881900 -0.05080000 0.05955043
v -0.09541933 -0.05080000 0.05503333
v -0.08881900 -0.05080000 0.04562696
v -0.08881900 -0.05080000 0.03866522
v -0.08881900 -0.05080000 0.03170348
v -0.09347200 -0.05080000 0.05842000
v -0.09152467 -0.05080000 0.06180667
v -0.09278470 -0.04729100 0.05961530
v -0.08957733 -0.05080000 0.06519334
v -0.08881900 -0.05080000 0.06651217
v -0.08934823 -0.04729100 0.06559177
v -0.08181199 -0.05080000 0.06516086
v -0.08181199 -0.05080000 0.07192957
v -0.08763000 -0.05080000 0.06858000
v -0.08181199 -0.05080000 0.05839217
v -0.08181199 -0.05080000 0.05162348
v -0.08181199 -0.05080000 0.04485478
v -0.08181199 -0.05080000 0.03808609
v -0.08181199 -0.05080000 0.03131739
v -0.08568266 -0.05080000 0.07196667
v -0.08591177 -0.04729100 0.07156824
v -0.08373534 -0.05080000 0.07535333
v -0.08181199 -0.05080000 0.07869826
v -0.08247530 -0.04729100 0.07754471
v -0.07480500 -0.05080000 0.07759265
v -0.07480500 -0.05080000 0.08423849
v -0.08178800 -0.05080000 0.07874000
v -0.07480500 -0.05080000 0.07094680
v -0.07480500 -0.05080000 0.06430095
v -0.07480500 -0.05080000 0.05765510
v -0.07480500 -0.05080000 0.05100925
v -0.07480500 -0.05080000 0.04436340
v -0.07480500 -0.05080000 0.03771755
v -0.07480500 -0.05080000 0.03107170
v -0.07984067 -0.05080000 0.08212666
v -0.07789333 -0.05080000 0.08551334
v -0.07903883 -0.04729100 0.08352118
v -0.07594600 -0.05080000 0.08890000
v -0.07480500 -0.05080000 0.09088434
v -0.07560235 -0.04729100 0.08949765
v -0.06779800 -0.05080000 0.08994883
v -0.06779800 -0.05080000 0.09650963
v -0.07399867 -0.05080000 0.09228667
v -0.06779800 -0.05080000 0.08338802
v -0.06779800 -0.05080000 0.07682723
v -0.06779800 -0.05080000 0.07026642
v -0.06779800 -0.05080000 0.06370562
v -0.06779800 -0.05080000 0.05714482
v -0.06779800 -0.05080000 0.05058401
v -0.06779800 -0.05080000 0.04402321
v -0.06779800 -0.05080000 0.03746241
v -0.06779800 -0.05080000 0.03090161
v -0.07205133 -0.05080000 0.09567333
v -0.07216588 -0.04729100 0.09547412
v -0.07010400 -0.05080000 0.09906000
v -0.06815667 -0.05080000 0.10244666
v -0.06872941 -0.04729100 0.10145059
v -0.06779800 -0.05080000 0.10307044
v -0.06079100 -0.05080000 0.10133131
v -0.06079100 -0.05080000 0.10829391
v -0.06620934 -0.05080000 0.10583334
v -0.06079100 -0.05080000 0.09436870
v -0.06079100 -0.05080000 0.08740609
v -0.06079100 -0.05080000 0.08044348
v -0.06079100 -0.05080000 0.07348087
v -0.06079100 -0.05080000 0.06651825
v -0.06079100 -0.05080000 0.05955565
v -0.06079100 -0.05080000 0.05259304
v -0.06079100 -0.05080000 0.04563044
v -0.06079100 -0.05080000 0.03866783
v -0.06079100 -0.05080000 0.03170522
v -0.06426200 -0.05080000 0.10922000
v -0.06529294 -0.04729100 0.10742705
v -0.06231467 -0.05080000 0.11260667
v -0.06079100 -0.05080000 0.11525653
v -0.06185647 -0.04729100 0.11340353
v -0.05842000 -0.05080000 0.11260667
v -0.05842000 -0.05080000 0.11587100
v -0.06036733 -0.05080000 0.11599333
v -0.05842000 -0.05080000 0.10583334
v -0.05842000 -0.05080000 0.10886400
v -0.05842000 -0.05080000 0.09906000
v -0.05842000 -0.05080000 0.10185700
v -0.05842000 -0.05080000 0.09228667
v -0.05842000 -0.05080000 0.09485000
v -0.05842000 -0.05080000 0.08551334
v -0.05842000 -0.05080000 0.08784300
v -0.05842000 -0.05080000 0.07874000
v -0.05842000 -0.05080000 0.08083600
v -0.05842000 -0.05080000 0.07196667
v -0.05842000 -0.05080000 0.07382900
v -0.05842000 -0.05080000 0.06519334
v -0.05842000 -0.05080000 0.06682200
v -0.05842000 -0.05080000 0.05842000
v -0.05842000 -0.05080000 0.05981500
v -0.05842000 -0.05080000 0.05164667
v -0.05842000 -0.05080000 0.05280800
v -0.05842000 -0.05080000 0.04487333
v -0.05842000 -0.05080000 0.04580100
v -0.05842000 -0.05080000 0.03810000
v -0.05842000 -0.05080000 0.03879400
v -0.05842000 -0.05080000 0.03132667
v -0.05842000 -0.05080000 0.03178700
v -0.05842000 -0.05080000 0.11938000
v -0.05842000 -0.04402667 0.11587100
v -0.05842000 -0.04729100 0.11938000
v -0.05842000 -0.04402667 0.10886400
v -0.05842000 -0.04402667 0.10185700
v -0.05842000 -0.04402667 0.09485000
v -0.05842000 -0.04402667 0.08784300
v -0.05842000 -0.04402667 0.08083600
v -0.05842000 -0.04402667 0.07382900
v -0.05842000 -0.04402667 0.06682200
v -0.05842000 -0.04402667 0.05981500
v -0.05842000 -0.04402667 0.05280800
v -0.05842000 -0.04402667 0.04580100
v -0.05842000 -0.04402667 0.03879400
v -0.05842000 -0.04402667 0.03178700
v -0.05842000 0.03725334 0.11938000
v -0.06185647 0.03679300 0.11340353
v -0.05842000 0.03679300 0.11938000
v -0.06529294 0.03679300 0.10742705
v -0.06872941 0.03679300 0.10145059
v -0.07216588 0.03679300 0.09547412
v -0.07560235 0.03679300 0.08949765
v -0.07903883 0.03679300 0.08352118
v -0.08247530 0.03679300 0.07754471
v -0.08591177 0.03679300 0.07156824
v -0.08934823 0.03679300 0.06559177
v -0.09278470 0.03679300 0.05961530
v -0.09622118 0.03679300 0.05363882
v -0.09965765 0.03679300 0.04766236
v -0.10309412 0.03679300 0.04168588
v -0.10653058 0.03679300 0.03570941
v -0.10996705 0.03679300 0.02973294
v -0.05842000 0.03725334 0.11587100
v -0.05842000 0.03048000 0.11938000
v -0.06185647 0.02978600 0.11340353
v -0.05842000 0.02978600 0.11938000
v -0.06529294 0.02978600 0.10742705
v -0.06872941 0.02978600 0.10145059
v -0.07216588 0.02978600 0.09547412
v -0.07560235 0.02978600 0.08949765
v -0.07903883 0.02978600 0.08352118
v -0.08247530 0.02978600 0.07754471
v -0.08591177 0.02978600 0.07156824
v -0.08934823 0.02978600 0.06559177
v -0.09278470 0.02978600 0.05961530
v -0.09622118 0.02978600 0.05363882
v -0.09965765 0.02978600 0.04766236
v -0.10309412 0.02978600 0.04168588
v -0.10653058 0.02978600 0.03570941
v -0.10996705 0.02978600 0.02973294
v -0.05842000 0.03048000 0.11587100
v -0.05842000 0.02370667 0.11938000
v -0.06185647 0.02277900 0.11340353
v -0.05842000 0.02277900 0.11938000
v -0.06529294 0.02277900 0.10742705
v -0.06872941 0.02277900 0.10145059
v -0.07216588 0.02277900 0.09547412
v -0.07560235 0.02277900 0.08949765
v -0.07903883 0.02277900 0.08352118
v -0.08247530 0.02277900 0.07754471
v -0.08591177 0.02277900 0.07156824
v -0.08934823 0.02277900 0.06559177
v -0.09278470 0.02277900 0.05961530
v -0.09622118 0.02277900 0.05363882
v -0.09965765 0.02277900 0.04766236
v -0.10309412 0.02277900 0.04168588
v -0.10653058 0.02277900 0.03570941
v -0.10996705 0.02277900 0.02973294
v -0.05842000 0.02370667 0.11587100
v -0.05842000 0.01693333 0.11938000
v -0.06185647 0.01577200 0.11340353
v -0.05842000 0.01577200 0.11938000
v -0.06529294 0.01577200 0.10742705
v -0.06872941 0.01577200 0.10145059
v -0.07216588 0.01577200 0.09547412
v -0.07560235 0.01577200 0.08949765
v -0.07903883 0.01577200 0.08352118
v -0.08247530 0.01577200 0.07754471
v -0.08591177 0.01577200 0.07156824
v -0.08934823 0.01577200 0.06559177
v -0.09278470 0.01577200 0.05961530
v -0.09622118 0.01577200 0.05363882
v -0.09965765 0.01577200 0.04766236
v -0.10309412 0.01577200 0.04168588
v -0.10653058 0.01577200 0.03570941
v -0.10996705 0.01577200 0.02973294
v -0.05842000 0.01693333 0.11587100
v -0.05842000 0.01016000 0.11938000
v -0.06185647 0.00876500 0.11340353
v -0.05842000 0.00876500 0.11938000
v -0.06529294 0.00876500 0.10742705
v -0.06872941 0.00876500 0.10145059
v -0.07216588 0.00876500 0.09547412
v -0.07560235 0.00876500 0.08949765
v -0.07903883 0.00876500 0.08352118
v -0.08247530 0.00876500 0.07754471
v -0.08591177 0.00876500 0.07156824
v -0.08934823 0.00876500 0.06559177
v -0.09278470 0.00876500 0.05961530
v -0.09622118 0.00876500 0.05363882
v -0.09965765 0.00876500 0.04766236
v -0.10309412 0.00876500 0.04168588
v -0.10653058 0.00876500 0.03570941
v -0.10996705 0.00876500 0.02973294
v -0.05842000 0.01016000 0.11587100
v -0.05842000 0.00338667 0.11938000
v -0.06185647 0.00175800 0.11340353
v -0.05842000 0.00175800 0.11938000
v -0.06529294 0.00175800 0.10742705
v -0.06872941 0.00175800 0.10145059
v -0.07216588 0.00175800 0.09547412
v -0.07560235 0.00175800 0.08949765
v -0.07903883 0.00175800 0.08352118
v -0.08247530 0.00175800 0.07754471
v -0.08591177 0.00175800 0.07156824
v -0.08934823 0.00175800 0.06559177
v -0.09278470 0.00175800 0.05961530
v -0.09622118 0.00175800 0.05363882
v -0.09965765 0.00175800 0.04766236
v -0.10309412 0.00175800 0.04168588
v -0.10653058 0.00175800 0.03570941
v -0.10996705 0.00175800 0.02973294
v -0.05842000 0.00338667 0.11587100
v -0.05842000 -0.00338667 0.11938000
v -0.06185647 -0.00524900 0.11340353
v -0.05842000 -0.00524900 0.11938000
v -0.06529294 -0.00524900 0.10742705
v -0.06872941 -0.00524900 0.10145059
v -0.07216588 -0.00524900 0.09547412
v -0.07560235 -0.00524900 0.08949765
v -0.07903883 -0.00524900 0.08352118
v -0.08247530 -0.00524900 0.07754471
v -0.08591177 -0.00524900 0.07156824
v -0.08934823 -0.00524900 0.06559177
v -0.09278470 -0.00524900 0.05961530
v -0.09622118 -0.00524900 0.05363882
v -0.09965765 -0.00524900 0.04766236
v -0.10309412 -0.00524900 0.04168588
v -0.10653058 -0.00524900 0.03570941
v -0.10996705 -0.00524900 0.02973294
v -0.05842000 -0.00338667 0.11587100
v -0.05842000 -0.01016000 0.11938000
v -0.06185647 -0.01225600 0.11340353
v -0.05842000 -0.01225600 0.11938000
v -0.06529294 -0.01225600 0.10742705
v -0.06872941 -0.01225600 0.10145059
v -0.07216588 -0.01225600 0.09547412
v -0.07560235 -0.01225600 0.08949765
v -0.07903883 -0.01225600 0.08352118
v -0.08247530 -0.01225600 0.07754471
v -0.08591177 -0.01225600 0.07156824
v -0.08934823 -0.01225600 0.06559177
v -0.09278470 -0.01225600 0.05961530
v -0.09622118 -0.01225600 0.05363882
v -0.09965765 -0.01225600 0.04766236
v -0.10309412 -0.01225600 0.04168588
v -0.10653058 -0.01225600 0.03570941
v -0.10996705 -0.01225600 0.02973294
v -0.05842000 -0.01016000 0.11587100
v -0.05842000 -0.01693333 0.11938000
v -0.06185647 -0.01926300 0.11340353
v -0.05842000 -0.01926300 0.11938000
v -0.06529294 -0.01926300 0.10742705
v -0.06872941 -0.01926300 0.10145059
v -0.07216588 -0.01926300 0.09547412
v -0.07560235 -0.01926300 0.08949765
v -0.07903883 -0.01926300 0.08352118
v -0.08247530 -0.01926300 0.07754471
v -0.08591177 -0.01926300 0.07156824
v -0.08934823 -0.01926300 0.06559177
v -0.09278470 -0.01926300 0.05961530
v -0.09622118 -0.01926300 0.05363882
v -0.09965765 -0.01926300 0.04766236
v -0.10309412 -0.01926300 0.04168588
v -0.10653058 -0.01926300 0.03570941
v -0.10996705 -0.01926300 0.02973294
v -0.05842000 -0.01693333 0.11587100
v -0.05842000 -0.02370667 0.11938000
v -0.06185647 -0.02627000 0.11340353
v -0.05842000 -0.02627000 0.11938000
v -0.06529294 -0.02627000 0.10742705
v -0.06872941 -0.02627000 0.10145059
v -0.07216588 -0.02627000 0.09547412
v -0.07560235 -0.02627000 0.08949765
v -0.07903883 -0.02627000 0.08352118
v -0.08247530 -0.02627000 0.07754471
v -0.08591177 -0.02627000 0.07156824
v -0.08934823 -0.02627000 0.06559177
v -0.09278470 -0.02627000 0.05961530
v -0.09622118 -0.02627000 0.05363882
v -0.09965765 -0.02627000 0.04766236
v -0.10309412 -0.02627000 0.04168588
v -0.10653058 -0.02627000 0.03570941
v -0.10996705 -0.02627000 0.02973294
v -0.05842000 -0.02370667 0.11587100
v -0.05842000 -0.03048000 0.11938000
v -0.06185647 -0.03327700 0.11340353
v -0.05842000 -0.03327700 0.11938000
v -0.06529294 -0.03327700 0.10742705
v -0.06872941 -0.03327700 0.10145059
v -0.07216588 -0.03327700 0.09547412
v -0.07560235 -0.03327700 0.08949765
v -0.07903883 -0.03327700 0.08352118
v -0.08247530 -0.03327700 0.07754471
v -0.08591177 -0.03327700 0.07156824
v -0.08934823 -0.03327700 0.06559177
v -0.09278470 -0.03327700 0.05961530
v -0.09622118 -0.03327700 0.05363882
v -0.09965765 -0.03327700 0.04766236
v -0.10309412 -0.03327700 0.04168588
v -0.10653058 -0.03327700 0.03570941
v -0.10996705 -0.03327700 0.02973294
v -0.05842000 -0.03048000 0.11587100
v -0.05842000 -0.03725334 0.11938000
v -0.06185647 -0.04028400 0.11340353
v -0.05842000 -0.04028400 0.11938000
v -0.06529294 -0.04028400 0.10742705
v -0.06872941 -0.04028400 0.10145059
v -0.07216588 -0.04028400 0.09547412
v -0.07560235 -0.04028400 0.08949765
v -0.07903883 -0.04028400 0.08352118
v -0.08247530 -0.04028400 0.07754471
v -0.08591177 -0.04028400 0.07156824
v -0.08934823 -0.04028400 0.06559177
v -0.09278470 -0.04028400 0.05961530
v -0.09622118 -0.04028400 0.05363882
v -0.09965765 -0.04028400 0.04766236
v -0.10309412 -0.04028400 0.04168588
v -0.10653058 -0.04028400 0.03570941
v -0.10996705 -0.04028400 0.02973294
v -0.05842000 -0.03725334 0.11587100
v -0.05842000 -0.04402667 0.11938000
v -0.05842000 -0.03725334 0.03178700
v -0.05842000 -0.03048000 0.03178700
v -0.05842000 -0.02370667 0.03178700
v -0.05842000 -0.01693333 0.03178700
v -0.05842000 -0.01016000 0.03178700
v -0.05842000 -0.00338667 0.03178700
v -0.05842000 0.00338667 0.03178700
v -0.05842000 0.01016000 0.03178700
v -0.05842000 0.01693333 0.03178700
v -0.05842000 0.02370667 0.03178700
v -0.05842000 0.03048000 0.03178700
v -0.05842000 0.03725334 0.03178700
v -0.05842000 -0.03725334 0.03879400
v -0.05842000 -0.03048000 0.03879400
v -0.05842000 -0.02370667 0.03879400
v -0.05842000 -0.01693333 0.03879400
v -0.05842000 -0.01016000 0.03879400
v -0.05842000 -0.00338667 0.03879400
v -0.05842000 0.00338667 0.03879400
v -0.05842000 0.01016000 0.03879400
v -0.05842000 0.01693333 0.03879400
v -0.05842000 0.02370667 0.03879400
v -0.05842000 0.03048000 0.03879400
v -0.05842000 0.03725334 0.03879400
v -0.05842000 -0.03725334 0.04580100
v -0.05842000 -0.03048000 0.04580100
v -0.05842000 -0.02370667 0.04580100
v -0.05842000 -0.01693333 0.04580100
v -0.05842000 -0.01016000 0.04580100
v -0.05842000 -0.00338667 0.04580100
v -0.05842000 0.00338667 0.04580100
v -0.05842000 0.01016000 0.04580100
v -0.05842000 0.01693333 0.04580100
v -0.05842000 0.02370667 0.04580100
v -0.05842000 0.03048000 0.04580100
v -0.05842000 0.03725334 0.04580100
v -0.05842000 -0.03725334 0.05280800
v -0.05842000 -0.03048000 0.05280800
v -0.05842000 -0.02370667 0.05280800
v -0.05842000 -0.01693333 0.05280800
v -0.05842000 -0.01016000 0.05280800
v -0.05842000 -0.00338667 0.05280800
v -0.05842000 0.00338667 0.05280800
v -0.05842000 0.01016000 0.05280800
v -0.05842000 0.01693333 0.05280800
v -0.05842000 0.02370667 0.05280800
v -0.05842000 0.03048000 0.05280800
v -0.05842000 0.03725334 0.05280800
v -0.05842000 -0.03725334 0.05981500
v -0.05842000 -0.03048000 0.05981500
v -0.05842000 -0.02370667 0.05981500
v -0.05842000 -0.01693333 0.05981500
v -0.05842000 -0.01016000 0.05981500
v -0.05842000 -0.00338667 0.05981500
v -0.05842000 0.00338667 0.05981500
v -0.05842000 0.01016000 0.05981500
v -0.05842000 0.01693333 0.05981500
v -0.05842000 0.02370667 0.05981500
v -0.05842000 0.03048000 0.05981500
v -0.05842000 0.03725334 0.05981500
v -0.05842000 -0.03725334 0.06682200
v -0.05842000 -0.03048000 0.06682200
v -0.05842000 -0.02370667 0.06682200
v -0.05842000 -0.01693333 0.06682200
v -0.05842000 -0.01016000 0.06682200
v -0.05842000 -0.00338667 0.06682200
v -0.05842000 0.00338667 0.06682200
v -0.05842000 0.01016000 0.06682200
v -0.05842000 0.01693333 0.06682200
v -0.05842000 0.02370667 0.06682200
v -0.05842000 0.03048000 0.06682200
v -0.05842000 0.03725334 0.06682200
v -0.05842000 -0.03725334 0.07382900
v -0.05842000 -0.03048000 0.07382900
v -0.05842000 -0.02370667 0.07382900
v -0.05842000 -0.01693333 0.07382900
v -0.05842000 -0.01016000 0.07382900
v -0.05842000 -0.00338667 0.07382900
v -0.05842000 0.00338667 0.07382900
v -0.05842000 0.01016000 0.07382900
v -0.05842000 0.01693333 0.07382900
v -0.05842000 0.02370667 0.07382900
v -0.05842000 0.03048000 0.07382900
v -0.05842000 0.03725334 0.07382900
v -0.05842000 -0.03725334 0.08083600
v -0.05842000 -0.03048000 0.08083600
v -0.05842000 -0.02370667 0.08083600
v -0.05842000 -0.01693333 0.08083600
v -0.05842000 -0.01016000 0.08083600
v -0.05842000 -0.00338667 0.08083600
v -0.05842000 0.00338667 0.08083600
v -0.05842000 0.01016000 0.08083600
v -0.05842000 0.01693333 0.08083600
v -0.05842000 0.02370667 0.08083600
v -0.05842000 0.03048000 0.08083600
v -0.05842000 0.03725334 0.08083600
v -0.05842000 -0.03725334 0.08784300
v -0.05842000 -0.03048000 0.08784300
v -0.05842000 -0.02370667 0.08784300
v -0.05842000 -0.01693333 0.08784300
v -0.05842000 -0.01016000 0.08784300
v -0.05842000 -0.00338667 0.08784300
v -0.05842000 0.00338667 0.08784300
v -0.05842000 0.01016000 0.08784300
v -0.05842000 0.01693333 0.08784300
v -0.05842000 0.02370667 0.08784300
v -0.05842000 0.03048000 0.08784300
v -0.05842000 0.03725334 0.08784300
v -0.05842000 -0.03725334 0.09485000
v -0.05842000 -0.03048000 0.09485000
v -0.05842000 -0.02370667 0.09485000
v -0.05842000 -0.01693333 0.09485000
v -0.05842000 -0.01016000 0.09485000
v -0.05842000 -0.00338667 0.09485000
v -0.05842000 0.00338667 0.09485000
v -0.05842000 0.01016000 0.09485000
v -0.05842000 0.01693333 0.09485000
v -0.05842000 0.02370667 0.09485000
v -0.05842000 0.03048000 0.09485000
v -0.05842000 0.03725334 0.09485000
v -0.05842000 -0.03725334 0.10185700
v -0.05842000 -0.03048000 0.10185700
v -0.05842000 -0.02370667 0.10185700
v -0.05842000 -0.01693333 0.10185700
v -0.05842000 -0.01016000 0.10185700
v -0.05842000 -0.00338667 0.10185700
v -0.05842000 0.00338667 0.10185700
v -0.05842000 0.01016000 0.10185700
v -0.05842000 0.01693333 0.10185700
v -0.05842000 0.02370667 0.10185700
v -0.05842000 0.03048000 0.10185700
v -0.05842000 0.03725334 0.10185700
v -0.05842000 -0.03725334 0.10886400
v -0.05842000 -0.03048000 0.10886400
v -0.05842000 -0.02370667 0.10886400
v -0.05842000 -0.01693333 0.10886400
v -0.05842000 -0.01016000 0.10886400
v -0.05842000 -0.00338667 0.10886400
v -0.05842000 0.00338667 0.10886400
v -0.05842000 0.01016000 0.10886400
v -0.05842000 0.01693333 0.10886400
v -0.05842000 0.02370667 0.10886400
v -0.05842000 0.03048000 0.10886400
v -0.05842000 0.03725334 0.10886400
v -0.05080000 -0.11099800 0.02789864
v -0.05080000 -0.10984000 0.02990436
v -0.05080000 -0.11294533 0.02452576
v -0.04380000 -0.10996705 0.02968428
v -0.05080000 -0.10283300 0.02991042
v -0.05080000 -0.10905067 0.03127152
v -0.04380000 -0.10653058 0.03563643
v -0.05080000 -0.10710333 0.03464440
v -0.05080000 -0.10283300 0.03597563
v -0.05080000 -0.09582600 0.02991244
v -0.05080000 -0.10320866 0.04139016
v -0.05080000 -0.10283300 0.04204084
v -0.05080000 -0.09582600 0.03597866
v -0.05080000 -0.10515600 0.03801728
v -0.04380000 -0.10309412 0.04158857
v -0.05080000 -0.09582600 0.04204487
v -0.05080000 -0.10126133 0.04476304
v -0.04380000 -0.09965765 0.04754071
v -0.05080000 -0.08881900 0.03164680
v -0.05080000 -0.08881900 0.03858020
v -0.05080000 -0.09582600 0.04811110
v -0.05080000 -0.08881900 0.04551360
v -0.05080000 -0.09736667 0.05150880
v -0.05080000 -0.09582600 0.05417731
v -0.05080000 -0.08881900 0.05244700
v -0.05080000 -0.09931400 0.04813592
v -0.04380000 -0.09622118 0.05349285
v -0.05080000 -0.09541933 0.05488168
v -0.04380000 -0.09278470 0.05944499
v -0.05080000 -0.08181199 0.03126228
v -0.05080000 -0.08181199 0.03800343
v -0.05080000 -0.08181199 0.04474457
v -0.05080000 -0.08181199 0.05148571
v -0.05080000 -0.09347200 0.05825456
v -0.05080000 -0.08881900 0.05938040
v -0.05080000 -0.08181199 0.05822685
v -0.05080000 -0.08957733 0.06500032
v -0.05080000 -0.08881900 0.06631380
v -0.05080000 -0.08181199 0.06496800
v -0.05080000 -0.09152467 0.06162744
v -0.04380000 -0.08934823 0.06539714
v -0.05080000 -0.08763000 0.06837321
v -0.04380000 -0.08591177 0.07134927
v -0.05080000 -0.07480500 0.03101759
v -0.05080000 -0.07480500 0.03763639
v -0.05080000 -0.07480500 0.04425519
v -0.05080000 -0.07480500 0.05087398
v -0.05080000 -0.07480500 0.05749277
v -0.05080000 -0.07480500 0.06411158
v -0.05080000 -0.08181199 0.07170913
v -0.05080000 -0.07480500 0.07073037
v -0.05080000 -0.08373534 0.07511897
v -0.05080000 -0.08181199 0.07845028
v -0.05080000 -0.07480500 0.07734916
v -0.05080000 -0.08568266 0.07174609
v -0.04380000 -0.08247530 0.07730141
v -0.05080000 -0.08178800 0.07849184
v -0.04380000 -0.07903883 0.08325355
v -0.05080000 -0.06779800 0.03084819
v -0.05080000 -0.06779800 0.03738229
v -0.05080000 -0.06779800 0.04391638
v -0.05080000 -0.06779800 0.05045047
v -0.05080000 -0.06779800 0.05698457
v -0.05080000 -0.06779800 0.06351867
v -0.05080000 -0.06779800 0.07005276
v -0.05080000 -0.06779800 0.07658685
v -0.05080000 -0.07984067 0.08186472
v -0.05080000 -0.07480500 0.08396795
v -0.05080000 -0.06779800 0.08312095
v -0.05080000 -0.07594600 0.08861049
v -0.05080000 -0.07480500 0.09058675
v -0.05080000 -0.06779800 0.08965504
v -0.05080000 -0.07789333 0.08523760
v -0.04380000 -0.07560235 0.08920570
v -0.05080000 -0.07399867 0.09198337
v -0.04380000 -0.07216588 0.09515785
v -0.05080000 -0.06079100 0.03164853
v -0.05080000 -0.06079100 0.03858280
v -0.05080000 -0.06079100 0.04551706
v -0.05080000 -0.06079100 0.05245133
v -0.05080000 -0.06079100 0.05938559
v -0.05080000 -0.06079100 0.06631985
v -0.05080000 -0.06079100 0.07325412
v -0.05080000 -0.06079100 0.08018839
v -0.05080000 -0.06079100 0.08712266
v -0.05080000 -0.07205133 0.09535625
v -0.05080000 -0.06779800 0.09618914
v -0.05080000 -0.06079100 0.09405692
v -0.05080000 -0.06815667 0.10210200
v -0.05080000 -0.06779800 0.10272323
v -0.05080000 -0.06079100 0.10099119
v -0.05080000 -0.07010400 0.09872913
v -0.04380000 -0.06529294 0.10706212
v -0.05080000 -0.06620934 0.10547488
v -0.04380000 -0.06872941 0.10110999
v -0.05080000 -0.05842000 0.02478000
v -0.05080000 -0.05842000 0.03178700
v -0.05080000 -0.05842000 0.03127152
v -0.05080000 -0.05842000 0.03879400
v -0.05080000 -0.05842000 0.03801728
v -0.05080000 -0.05842000 0.04580100
v -0.05080000 -0.05842000 0.04476304
v -0.05080000 -0.05842000 0.05280800
v -0.05080000 -0.05842000 0.05150880
v -0.05080000 -0.05842000 0.05981500
v -0.05080000 -0.05842000 0.05825456
v -0.05080000 -0.05842000 0.06682200
v -0.05080000 -0.05842000 0.06500032
v -0.05080000 -0.05842000 0.07382900
v -0.05080000 -0.05842000 0.07174609
v -0.05080000 -0.05842000 0.08083600
v -0.05080000 -0.05842000 0.07849184
v -0.05080000 -0.05842000 0.08784300
v -0.05080000 -0.05842000 0.08523760
v -0.05080000 -0.05842000 0.09485000
v -0.05080000 -0.05842000 0.09198337
v -0.05080000 -0.06079100 0.10792545
v -0.05080000 -0.05842000 0.10185700
v -0.05080000 -0.05842000 0.09872913
v -0.05080000 -0.06231467 0.11222065
v -0.05080000 -0.06079100 0.11485972
v -0.05080000 -0.05842000 0.10886400
v -0.05080000 -0.06426200 0.10884777
v -0.05080000 -0.05842000 0.10547488
v -0.04380000 -0.06185647 0.11301427
v -0.05080000 -0.05842000 0.11222065
v -0.05080000 -0.06036733 0.11559353
v -0.04380000 -0.05842000 0.11896641
v -0.04402667 -0.05842000 0.03178700
v -0.04402667 -0.05842000 0.03879400
v -0.04402667 -0.05842000 0.04580100
v -0.04402667 -0.05842000 0.05280800
v -0.04402667 -0.05842000 0.05981500
v -0.04402667 -0.05842000 0.06682200
v -0.04402667 -0.05842000 0.07382900
v -0.04402667 -0.05842000 0.08083600
v -0.04402667 -0.05842000 0.08784300
v -0.04402667 -0.05842000 0.09485000
v -0.04402667 -0.05842000 0.10185700
v -0.04402667 -0.05842000 0.10886400
v -0.04402667 -0.05842000 0.11587100
v -0.05080000 -0.05842000 0.11587100
v -0.05080000 -0.05842000 0.11896641
v -0.04402667 -0.05842000 0.11896641
v 0.05080000 -0.11294533 0.02452576
v 0.05080000 -0.11099800 0.02789864
v 0.05080000 -0.10984000 0.02990436
v 0.04729100 -0.10996705 0.02968428
v 0.05080000 -0.10283300 0.02991042
v 0.05080000 -0.10905067 0.03127152
v 0.05080000 -0.10283300 0.03597563
v 0.05080000 -0.10710333 0.03464440
v 0.05080000 -0.10515600 0.03801728
v 0.04729100 -0.10653058 0.03563643
v 0.05080000 -0.10320866 0.04139016
v 0.05080000 -0.10283300 0.04204084
v 0.04729100 -0.10309412 0.04158857
v 0.05080000 -0.09582600 0.03597866
v 0.05080000 -0.09582600 0.04204487
v 0.05080000 -0.10126133 0.04476304
v 0.05080000 -0.09582600 0.02991244
v 0.05080000 -0.09582600 0.04811110
v 0.05080000 -0.09931400 0.04813592
v 0.04729100 -0.09965765 0.04754071
v 0.05080000 -0.09736667 0.05150880
v 0.05080000 -0.09582600 0.05417731
v 0.04729100 -0.09622118 0.05349285
v 0.05080000 -0.08881900 0.05244700
v 0.05080000 -0.08881900 0.05938040
v 0.05080000 -0.09541933 0.05488168
v 0.05080000 -0.08881900 0.04551360
v 0.05080000 -0.08881900 0.03858020
v 0.05080000 -0.08881900 0.03164680
v 0.05080000 -0.09347200 0.05825456
v 0.05080000 -0.09152467 0.06162744
v 0.04729100 -0.09278470 0.05944499
v 0.05080000 -0.08957733 0.06500032
v 0.05080000 -0.08881900 0.06631380
v 0.04729100 -0.08934823 0.06539714
v 0.05080000 -0.08181199 0.06496800
v 0.05080000 -0.08181199 0.07170913
v 0.05080000 -0.08763000 0.06837321
v 0.05080000 -0.08181199 0.05822685
v 0.05080000 -0.08181199 0.05148571
v 0.05080000 -0.08181199 0.04474457
v 0.05080000 -0.08181199 0.03800343
v 0.05080000 -0.08181199 0.03126228
v 0.05080000 -0.08568266 0.07174609
v 0.04729100 -0.08591177 0.07134927
v 0.05080000 -0.08373534 0.07511897
v 0.05080000 -0.08181199 0.07845028
v 0.04729100 -0.08247530 0.07730141
v 0.05080000 -0.07480500 0.07734916
v 0.05080000 -0.07480500 0.08396795
v 0.05080000 -0.08178800 0.07849184
v 0.05080000 -0.07480500 0.07073037
v 0.05080000 -0.07480500 0.06411158
v 0.05080000 -0.07480500 0.05749277
v 0.05080000 -0.07480500 0.05087398
v 0.05080000 -0.07480500 0.04425519
v 0.05080000 -0.07480500 0.03763639
v 0.05080000 -0.07480500 0.03101759
v 0.05080000 -0.07984067 0.08186472
v 0.05080000 -0.07789333 0.08523760
v 0.04729100 -0.07903883 0.08325355
v 0.05080000 -0.07594600 0.08861049
v 0.05080000 -0.07480500 0.09058675
v 0.04729100 -0.07560235 0.08920570
v 0.05080000 -0.06779800 0.08965504
v 0.05080000 -0.06779800 0.09618914
v 0.05080000 -0.07399867 0.09198337
v 0.05080000 -0.06779800 0.08312095
v 0.05080000 -0.06779800 0.07658685
v 0.05080000 -0.06779800 0.07005276
v 0.05080000 -0.06779800 0.06351867
v 0.05080000 -0.06779800 0.05698457
v 0.05080000 -0.06779800 0.05045047
v 0.05080000 -0.06779800 0.04391638
v 0.05080000 -0.06779800 0.03738229
v 0.05080000 -0.06779800 0.03084819
v 0.05080000 -0.07205133 0.09535625
v 0.04729100 -0.07216588 0.09515785
v 0.05080000 -0.07010400 0.09872913
v 0.05080000 -0.06815667 0.10210200
v 0.04729100 -0.06872941 0.10110999
v 0.05080000 -0.06779800 0.10272323
v 0.05080000 -0.06079100 0.10099119
v 0.05080000 -0.06079100 0.10792545
v 0.05080000 -0.06620934 0.10547488
v 0.05080000 -0.06079100 0.09405692
v 0.05080000 -0.06079100 0.08712266
v 0.05080000 -0.06079100 0.08018839
v 0.05080000 -0.06079100 0.07325412
v 0.05080000 -0.06079100 0.06631985
v 0.05080000 -0.06079100 0.05938559
v 0.05080000 -0.06079100 0.05245133
v 0.05080000 -0.06079100 0.04551706
v 0.05080000 -0.06079100 0.03858280
v 0.05080000 -0.06079100 0.03164853
v 0.05080000 -0.06426200 0.10884777
v 0.04729100 -0.06529294 0.10706212
v 0.05080000 -0.06231467 0.11222065
v 0.05080000 -0.06079100 0.11485972
v 0.04729100 -0.06185647 0.11301427
v 0.05080000 -0.05842000 0.11222065
v 0.05080000 -0.05842000 0.11587100
v 0.05080000 -0.06036733 0.11559353
v 0.05080000 -0.05842000 0.10547488
v 0.05080000 -0.05842000 0.10886400
v 0.05080000 -0.05842000 0.09872913
v 0.05080000 -0.05842000 0.10185700
v 0.05080000 -0.05842000 0.09198337
v 0.05080000 -0.05842000 0.09485000
v 0.05080000 -0.05842000 0.08523760
v 0.05080000 -0.05842000 0.08784300
v 0.05080000 -0.05842000 0.07849184
v 0.05080000 -0.05842000 0.08083600
v 0.05080000 -0.05842000 0.07174609
v 0.05080000 -0.05842000 0.07382900
v 0.05080000 -0.05842000 0.06500032
v 0.05080000 -0.05842000 0.06682200
v 0.05080000 -0.05842000 0.05825456
v 0.05080000 -0.05842000 0.05981500
v 0.05080000 -0.05842000 0.05150880
v 0.05080000 -0.05842000 0.05280800
v 0.05080000 -0.05842000 0.04476304
v 0.05080000 -0.05842000 0.04580100
v 0.05080000 -0.05842000 0.03801728
v 0.05080000 -0.05842000 0.03879400
v 0.05080000 -0.05842000 0.03127152
v 0.05080000 -0.05842000 0.03178700
v 0.05080000 -0.05842000 0.11896641
v 0.04402667 -0.05842000 0.11587100
v 0.04729100 -0.05842000 0.11896641
v 0.04402667 -0.05842000 0.10886400
v 0.04402667 -0.05842000 0.10185700
v 0.04402667 -0.05842000 0.09485000
v 0.04402667 -0.05842000 0.08784300
v 0.04402667 -0.05842000 0.08083600
v 0.04402667 -0.05842000 0.07382900
v 0.04402667 -0.05842000 0.06682200
v 0.04402667 -0.05842000 0.05981500
v 0.04402667 -0.05842000 0.05280800
v 0.04402667 -0.05842000 0.04580100
v 0.04402667 -0.05842000 0.03879400
v 0.04402667 -0.05842000 0.03178700
v -0.03725334 -0.05842000 0.11896641
v -0.03679300 -0.06185647 0.11301427
v -0.03679300 -0.05842000 0.11896641
v -0.03679300 -0.06529294 0.10706212
v -0.03679300 -0.06872941 0.10110999
v -0.03679300 -0.07216588 0.09515785
v -0.03679300 -0.07560235 0.08920570
v -0.03679300 -0.07903883 0.08325355
v -0.03679300 -0.08247530 0.07730141
v -0.03679300 -0.08591177 0.07134927
v -0.03679300 -0.08934823 0.06539714
v -0.03679300 -0.09278470 0.05944499
v -0.03679300 -0.09622118 0.05349285
v -0.03679300 -0.09965765 0.04754071
v -0.03679300 -0.10309412 0.04158857
v -0.03679300 -0.10653058 0.03563643
v -0.03679300 -0.10996705 0.02968428
v -0.03725334 -0.05842000 0.11587100
v -0.03048000 -0.05842000 0.11896641
v -0.02978600 -0.06185647 0.11301427
v -0.02978600 -0.05842000 0.11896641
v -0.02978600 -0.06529294 0.10706212
v -0.02978600 -0.06872941 0.10110999
v -0.02978600 -0.07216588 0.09515785
v -0.02978600 -0.07560235 0.08920570
v -0.02978600 -0.07903883 0.08325355
v -0.02978600 -0.08247530 0.07730141
v -0.02978600 -0.08591177 0.07134927
v -0.02978600 -0.08934823 0.06539714
v -0.02978600 -0.09278470 0.05944499
v -0.02978600 -0.09622118 0.05349285
v -0.02978600 -0.09965765 0.04754071
v -0.02978600 -0.10309412 0.04158857
v -0.02978600 -0.10653058 0.03563643
v -0.02978600 -0.10996705 0.02968428
v -0.03048000 -0.05842000 0.11587100
v -0.02370667 -0.05842000 0.11896641
v -0.02277900 -0.06185647 0.11301427
v -0.02277900 -0.05842000 0.11896641
v -0.02277900 -0.06529294 0.10706212
v -0.02277900 -0.06872941 0.10110999
v -0.02277900 -0.07216588 0.09515785
v -0.02277900 -0.07560235 0.08920570
v -0.02277900 -0.07903883 0.08325355
v -0.02277900 -0.08247530 0.07730141
v -0.02277900 -0.08591177 0.07134927
v -0.02277900 -0.08934823 0.06539714
v -0.02277900 -0.09278470 0.05944499
v -0.02277900 -0.09622118 0.05349285
v -0.02277900 -0.09965765 0.04754071
v -0.02277900 -0.10309412 0.04158857
v -0.02277900 -0.10653058 0.03563643
v -0.02277900 -0.10996705 0.02968428
v -0.02370667 -0.05842000 0.11587100
v -0.01693333 -0.05842000 0.11896641
v -0.01577200 -0.06185647 0.11301427
v -0.01577200 -0.05842000 0.11896641
v -0.01577200 -0.06529294 0.10706212
v -0.01577200 -0.06872941 0.10110999
v -0.01577200 -0.07216588 0.09515785
v -0.01577200 -0.07560235 0.08920570
v -0.01577200 -0.07903883 0.08325355
v -0.01577200 -0.08247530 0.07730141
v -0.01577200 -0.08591177 0.07134927
v -0.01577200 -0.08934823 0.06539714
v -0.01577200 -0.09278470 0.05944499
v -0.01577200 -0.09622118 0.05349285
v -0.01577200 -0.09965765 0.04754071
v -0.01577200 -0.10309412 0.04158857
v -0.01577200 -0.10653058 0.03563643
v -0.01577200 -0.10996705 0.02968428
v -0.01693333 -0.05842000 0.11587100
v -0.01016000 -0.05842000 0.11896641
v -0.00876500 -0.06185647 0.11301427
v -0.00876500 -0.05842000 0.11896641
v -0.00876500 -0.06529294 0.10706212
v -0.00876500 -0.06872941 0.10110999
v -0.00876500 -0.07216588 0.09515785
v -0.00876500 -0.07560235 0.08920570
v -0.00876500 -0.07903883 0.08325355
v -0.00876500 -0.08247530 0.07730141
v -0.00876500 -0.08591177 0.07134927
v -0.00876500 -0.08934823 0.06539714
v -0.00876500 -0.09278470 0.05944499
v -0.00876500 -0.09622118 0.05349285
v -0.00876500 -0.09965765 0.04754071
v -0.00876500 -0.10309412 0.04158857
v -0.00876500 -0.10653058 0.03563643
v -0.00876500 -0.10996705 0.02968428
v -0.01016000 -0.05842000 0.11587100
v -0.00338667 -0.05842000 0.11896641
v -0.00175800 -0.06185647 0.11301427
v -0.00175800 -0.05842000 0.11896641
v -0.00175800 -0.06529294 0.10706212
v -0.00175800 -0.06872941 0.10110999
v -0.00175800 -0.07216588 0.09515785
v -0.00175800 -0.07560235 0.08920570
v -0.00175800 -0.07903883 0.08325355
v -0.00175800 -0.08247530 0.07730141
v -0.00175800 -0.08591177 0.07134927
v -0.00175800 -0.08934823 0.06539714
v -0.00175800 -0.09278470 0.05944499
v -0.00175800 -0.09622118 0.05349285
v -0.00175800 -0.09965765 0.04754071
v -0.00175800 -0.10309412 0.04158857
v -0.00175800 -0.10653058 0.03563643
v -0.00175800 -0.10996705 0.02968428
v -0.00338667 -0.05842000 0.11587100
v 0.00338667 -0.05842000 0.11896641
v 0.00524900 -0.06185647 0.11301427
v 0.00524900 -0.05842000 0.11896641
v 0.00524900 -0.06529294 0.10706212
v 0.00524900 -0.06872941 0.10110999
v 0.00524900 -0.07216588 0.09515785
v 0.00524900 -0.07560235 0.08920570
v 0.00524900 -0.07903883 0.08325355
v 0.00524900 -0.08247530 0.07730141
v 0.00524900 -0.08591177 0.07134927
v 0.00524900 -0.08934823 0.06539714
v 0.00524900 -0.09278470 0.05944499
v 0.00524900 -0.09622118 0.05349285
v 0.00524900 -0.09965765 0.04754071
v 0.00524900 -0.10309412 0.04158857
v 0.00524900 -0.10653058 0.03563643
v 0.00524900 -0.10996705 0.02968428
v 0.00338667 -0.05842000 0.11587100
v 0.01016000 -0.05842000 0.11896641
v 0.01225600 -0.06185647 0.11301427
v 0.01225600 -0.05842000 0.11896641
v 0.01225600 -0.06529294 0.10706212
v 0.01225600 -0.06872941 0.10110999
v 0.01225600 -0.07216588 0.09515785
v 0.01225600 -0.07560235 0.08920570
v 0.01225600 -0.07903883 0.08325355
v 0.01225600 -0.08247530 0.07730141
v 0.01225600 -0.08591177 0.07134927
v 0.01225600 -0.08934823 0.06539714
v 0.01225600 -0.09278470 0.05944499
v 0.01225600 -0.09622118 0.05349285
v 0.01225600 -0.09965765 0.04754071
v 0.01225600 -0.10309412 0.04158857
v 0.01225600 -0.10653058 0.03563643
v 0.01225600 -0.10996705 0.02968428
v 0.01016000 -0.05842000 0.11587100
v 0.01693333 -0.05842000 0.11896641
v 0.01926300 -0.06185647 0.11301427
v 0.01926300 -0.05842000 0.11896641
v 0.01926300 -0.06529294 0.10706212
v 0.01926300 -0.06872941 0.10110999
v 0.01926300 -0.07216588 0.09515785
v 0.01926300 -0.07560235 0.08920570
v 0.01926300 -0.07903883 0.08325355
v 0.01926300 -0.08247530 0.07730141
v 0.01926300 -0.08591177 0.07134927
v 0.01926300 -0.08934823 0.06539714
v 0.01926300 -0.09278470 0.05944499
v 0.01926300 -0.09622118 0.05349285
v 0.01926300 -0.09965765 0.04754071
v 0.01926300 -0.10309412 0.04158857
v 0.01926300 -0.10653058 0.03563643
v 0.01926300 -0.10996705 0.02968428
v 0.01693333 -0.05842000 0.11587100
v 0.02370667 -0.05842000 0.11896641
v 0.02627000 -0.06185647 0.11301427
v 0.02627000 -0.05842000 0.11896641
v 0.02627000 -0.06529294 0.10706212
v 0.02627000 -0.06872941 0.10110999
v 0.02627000 -0.07216588 0.09515785
v 0.02627000 -0.07560235 0.08920570
v 0.02627000 -0.07903883 0.08325355
v 0.02627000 -0.08247530 0.07730141
v 0.02627000 -0.08591177 0.07134927
v 0.02627000 -0.08934823 0.06539714
v 0.02627000 -0.09278470 0.05944499
v 0.02627000 -0.09622118 0.05349285
v 0.02627000 -0.09965765 0.04754071
v 0.02627000 -0.10309412 0.04158857
v 0.02627000 -0.10653058 0.03563643
v 0.02627000 -0.10996705 0.02968428
v 0.02370667 -0.05842000 0.11587100
v 0.03048000 -0.05842000 0.11896641
v 0.03327700 -0.06185647 0.11301427
v 0.03327700 -0.05842000 0.11896641
v 0.03327700 -0.06529294 0.10706212
v 0.03327700 -0.06872941 0.10110999
v 0.03327700 -0.07216588 0.09515785
v 0.03327700 -0.07560235 0.08920570
v 0.03327700 -0.07903883 0.08325355
v 0.03327700 -0.08247530 0.07730141
v 0.03327700 -0.08591177 0.07134927
v 0.03327700 -0.08934823 0.06539714
v 0.03327700 -0.09278470 0.05944499
v 0.03327700 -0.09622118 0.05349285
v 0.03327700 -0.09965765 0.04754071
v 0.03327700 -0.10309412 0.04158857
v 0.03327700 -0.10653058 0.03563643
v 0.03327700 -0.10996705 0.02968428
v 0.03048000 -0.05842000 0.11587100
v 0.03725334 -0.05842000 0.11896641
v 0.04028400 -0.06185647 0.11301427
v 0.04028400 -0.05842000 0.11896641
v 0.04028400 -0.06529294 0.10706212
v 0.04028400 -0.06872941 0.10110999
v 0.04028400 -0.07216588 0.09515785
v 0.04028400 -0.07560235 0.08920570
v 0.04028400 -0.07903883 0.08325355
v 0.04028400 -0.08247530 0.07730141
v 0.04028400 -0.08591177 0.07134927
v 0.04028400 -0.08934823 0.06539714
v 0.04028400 -0.09278470 0.05944499
v 0.04028400 -0.09622118 0.05349285
v 0.04028400 -0.09965765 0.04754071
v 0.04028400 -0.10309412 0.04158857
v 0.04028400 -0.10653058 0.03563643
v 0.04028400 -0.10996705 0.02968428
v 0.03725334 -0.05842000 0.11587100
v 0.04402667 -0.05842000 0.11896641
v 0.03725334 -0.05842000 0.03178700
v 0.03048000 -0.05842000 0.03178700
v 0.02370667 -0.05842000 0.03178700
v 0.01693333 -0.05842000 0.03178700
v 0.01016000 -0.05842000 0.03178700
v 0.00338667 -0.05842000 0.03178700
v -0.00338667 -0.05842000 0.03178700
v -0.01016000 -0.05842000 0.03178700
v -0.01693333 -0.05842000 0.03178700
v -0.02370667 -0.05842000 0.03178700
v -0.03048000 -0.05842000 0.03178700
v -0.03725334 -0.05842000 0.03178700
v 0.03725334 -0.05842000 0.03879400
v 0.03048000 -0.05842000 0.03879400
v 0.02370667 -0.05842000 0.03879400
v 0.01693333 -0.05842000 0.03879400
v 0.01016000 -0.05842000 0.03879400
v 0.00338667 -0.05842000 0.03879400
v -0.00338667 -0.05842000 0.03879400
v -0.01016000 -0.05842000 0.03879400
v -0.01693333 -0.05842000 0.03879400
v -0.02370667 -0.05842000 0.03879400
v -0.03048000 -0.05842000 0.03879400
v -0.03725334 -0.05842000 0.03879400
v 0.03725334 -0.05842000 0.04580100
v 0.03048000 -0.05842000 0.04580100
v 0.02370667 -0.05842000 0.04580100
v 0.01693333 -0.05842000 0.04580100
v 0.01016000 -0.05842000 0.04580100
v 0.00338667 -0.05842000 0.04580100
v -0.00338667 -0.05842000 0.04580100
v -0.01016000 -0.05842000 0.04580100
v -0.01693333 -0.05842000 0.04580100
v -0.02370667 -0.05842000 0.04580100
v -0.03048000 -0.05842000 0.04580100
v -0.03725334 -0.05842000 0.04580100
v 0.03725334 -0.05842000 0.05280800
v 0.03048000 -0.05842000 0.05280800
v 0.02370667 -0.05842000 0.05280800
v 0.01693333 -0.05842000 0.05280800
v 0.01016000 -0.05842000 0.05280800
v 0.00338667 -0.05842000 0.05280800
v -0.00338667 -0.05842000 0.05280800
v -0.01016000 -0.05842000 0.05280800
v -0.01693333 -0.05842000 0.05280800
v -0.02370667 -0.05842000 0.05280800
v -0.03048000 -0.05842000 0.05280800
v -0.03725334 -0.05842000 0.05280800
v 0.03725334 -0.05842000 0.05981500
v 0.03048000 -0.05842000 0.05981500
v 0.02370667 -0.05842000 0.05981500
v 0.01693333 -0.05842000 0.05981500
v 0.01016000 -0.05842000 0.05981500
v 0.00338667 -0.05842000 0.05981500
v -0.00338667 -0.05842000 0.05981500
v -0.01016000 -0.05842000 0.05981500
v -0.01693333 -0.05842000 0.05981500
v -0.02370667 -0.05842000 0.05981500
v -0.03048000 -0.05842000 0.05981500
v -0.03725334 -0.05842000 0.05981500
v 0.03725334 -0.05842000 0.06682200
v 0.03048000 -0.05842000 0.06682200
v 0.02370667 -0.05842000 0.06682200
v 0.01693333 -0.05842000 0.06682200
v 0.01016000 -0.05842000 0.06682200
v 0.00338667 -0.05842000 0.06682200
v -0.00338667 -0.05842000 0.06682200
v -0.01016000 -0.05842000 0.06682200
v -0.01693333 -0.05842000 0.06682200
v -0.02370667 -0.05842000 0.06682200
v -0.03048000 -0.05842000 0.06682200
v -0.03725334 -0.05842000 0.06682200
v 0.03725334 -0.05842000 0.07382900
v 0.03048000 -0.05842000 0.07382900
v 0.02370667 -0.05842000 0.07382900
v 0.01693333 -0.05842000 0.07382900
v 0.01016000 -0.05842000 0.07382900
v 0.00338667 -0.05842000 0.07382900
v -0.00338667 -0.05842000 0.07382900
v -0.01016000 -0.05842000 0.07382900
v -0.01693333 -0.05842000 0.07382900
v -0.02370667 -0.05842000 0.07382900
v -0.03048000 -0.05842000 0.07382900
v -0.03725334 -0.05842000 0.07382900
v 0.03725334 -0.05842000 0.08083600
v 0.03048000 -0.05842000 0.08083600
v 0.02370667 -0.05842000 0.08083600
v 0.01693333 -0.05842000 0.08083600
v 0.01016000 -0.05842000 0.08083600
v 0.00338667 -0.05842000 0.08083600
v -0.00338667 -0.05842000 0.08083600
v -0.01016000 -0.05842000 0.08083600
v -0.01693333 -0.05842000 0.08083600
v -0.02370667 -0.05842000 0.08083600
v -0.03048000 -0.05842000 0.08083600
v -0.03725334 -0.05842000 0.08083600
v 0.03725334 -0.05842000 0.08784300
v 0.03048000 -0.05842000 0.08784300
v 0.02370667 -0.05842000 0.08784300
v 0.01693333 -0.05842000 0.08784300
v 0.01016000 -0.05842000 0.08784300
v 0.00338667 -0.05842000 0.08784300
v -0.00338667 -0.05842000 0.08784300
v -0.01016000 -0.05842000 0.08784300
v -0.01693333 -0.05842000 0.08784300
v -0.02370667 -0.05842000 0.08784300
v -0.03048000 -0.05842000 0.08784300
v -0.03725334 -0.05842000 0.08784300
v 0.03725334 -0.05842000 0.09485000
v 0.03048000 -0.05842000 0.09485000
v 0.02370667 -0.05842000 0.09485000
v 0.01693333 -0.05842000 0.09485000
v 0.01016000 -0.05842000 0.09485000
v 0.00338667 -0.05842000 0.09485000
v -0.00338667 -0.05842000 0.09485000
v -0.01016000 -0.05842000 0.09485000
v -0.01693333 -0.05842000 0.09485000
v -0.02370667 -0.05842000 0.09485000
v -0.03048000 -0.05842000 0.09485000
v -0.03725334 -0.05842000 0.09485000
v 0.03725334 -0.05842000 0.10185700
v 0.03048000 -0.05842000 0.10185700
v 0.02370667 -0.05842000 0.10185700
v 0.01693333 -0.05842000 0.10185700
v 0.01016000 -0.05842000 0.10185700
v 0.00338667 -0.05842000 0.10185700
v -0.00338667 -0.05842000 0.10185700
v -0.01016000 -0.05842000 0.10185700
v -0.01693333 -0.05842000 0.10185700
v -0.02370667 -0.05842000 0.10185700
v -0.03048000 -0.05842000 0.10185700
v -0.03725334 -0.05842000 0.10185700
v 0.03725334 -0.05842000 0.10886400
v 0.03048000 -0.05842000 0.10886400
v 0.02370667 -0.05842000 0.10886400
v 0.01693333 -0.05842000 0.10886400
v 0.01016000 -0.05842000 0.10886400
v 0.00338667 -0.05842000 0.10886400
v -0.00338667 -0.05842000 0.10886400
v -0.01016000 -0.05842000 0.10886400
v -0.01693333 -0.05842000 0.10886400
v -0.02370667 -0.05842000 0.10886400
v -0.03048000 -0.05842000 0.10886400
v -0.03725334 -0.05842000 0.10886400
f 1 2 3
f 4 3 2
f 5 1 3
f 5 3 4
f 1 6 2
f 7 2 6
f 4 2 7
f 8 9 6
f 10 6 9
f 1 8 6
f 11 7 6
f 10 11 6
f 12 13 9
f 14 9 13
f 8 12 9
f 14 10 9
f 15 16 13
f 17 13 16
f 12 15 13
f 17 14 13
f 18 19 16
f 20 16 19
f 15 18 16
f 20 17 16
f 21 22 19
f 23 19 22
f 18 21 19
f 23 20 19
f 24 25 22
f 26 22 25
f 21 24 22
f 26 23 22
f 27 28 25
f 29 25 28
f 24 27 25
f 29 26 25
f 30 31 28
f 32 28 31
f 27 30 28
f 32 29 28
f 33 34 31
f 35 31 34
f 30 33 31
f 35 32 31
f 36 37 34
f 38 34 37
f 33 36 34
f 38 35 34
f 39 40 37
f 41 37 40
f 36 39 37
f 41 38 37
f 42 43 40
f 44 40 43
f 39 42 40
f 44 41 40
f 45 46 43
f 47 43 46
f 42 45 43
f 47 44 43
f 48 49 46
f 50 46 49
f 45 48 46
f 50 47 46
f 51 52 49
f 53 49 52
f 48 51 49
f 53 50 49
f 54 55 52
f 56 52 55
f 51 54 52
f 56 53 52
f 57 58 55
f 59 55 58
f 54 57 55
f 59 56 55
f 60 61 58
f 62 58 61
f 57 60 58
f 62 59 58
f 63 64 61
f 65 61 64
f 60 63 61
f 65 62 61
f 66 67 64
f 68 64 67
f 63 66 64
f 68 65 64
f 69 70 67
f 71 67 70
f 66 69 67
f 71 68 67
f 72 73 70
f 74 70 73
f 69 72 70
f 74 71 70
f 75 76 73
f 77 73 76
f 72 75 73
f 77 74 73
f 78 79 76
f 80 76 79
f 75 78 76
f 80 77 76
f 81 82 79
f 83 79 82
f 78 81 79
f 83 80 79
f 84 85 82
f 86 82 85
f 81 84 82
f 86 83 82
f 87 88 85
f 89 85 88
f 84 87 85
f 89 86 85
f 90 91 88
f 92 88 91
f 87 90 88
f 92 89 88
f 93 94 91
f 95 91 94
f 90 93 91
f 95 92 91
f 96 97 94
f 98 94 97
f 93 96 94
f 98 95 94
f 99 100 97
f 101 97 100
f 96 99 97
f 101 98 97
f 102 103 100
f 104 100 103
f 99 102 100
f 104 101 100
f 105 106 103
f 107 103 106
f 102 105 103
f 107 104 103
f 108 109 106
f 110 106 109
f 105 108 106
f 110 107 106
f 111 109 108
f 112 110 109
f 111 112 109
f 113 108 105
f 113 111 108
f 114 105 102
f 114 113 105
f 115 102 99
f 115 114 102
f 116 99 96
f 116 115 99
f 117 96 93
f 117 116 96
f 118 93 90
f 118 117 93
f 119 90 87
f 119 118 90
f 120 87 84
f 120 119 87
f 121 84 81
f 121 120 84
f 122 81 78
f 122 121 81
f 123 78 75
f 123 122 78
f 124 75 72
f 124 123 75
f 125 72 69
f 125 124 72
f 126 69 66
f 126 125 69
f 127 66 63
f 127 126 66
f 128 63 60
f 128 127 63
f 129 60 57
f 129 128 60
f 130 57 54
f 130 129 57
f 131 54 51
f 131 130 54
f 132 51 48
f 132 131 51
f 133 48 45
f 133 132 48
f 134 45 42
f 134 133 45
f 135 42 39
f 135 134 42
f 136 39 36
f 136 135 39
f 137 36 33
f 137 136 36
f 138 33 30
f 138 137 33
f 139 30 27
f 139 138 30
f 140 27 24
f 140 139 27
f 141 24 21
f 141 140 24
f 142 21 18
f 142 141 21
f 143 18 15
f 143 142 18
f 144 15 12
f 144 143 15
f 145 12 8
f 145 144 12
f 146 8 1
f 146 145 8
f 5 146 1
f 147 7 11
f 147 4 7
f 148 11 10
f 147 11 148
f 149 10 14
f 150 148 10
f 149 150 10
f 151 14 17
f 151 149 14
f 152 17 20
f 152 151 17
f 153 20 23
f 153 152 20
f 154 23 26
f 154 153 23
f 155 26 29
f 155 154 26
f 156 29 32
f 156 155 29
f 157 32 35
f 157 156 32
f 158 35 38
f 158 157 35
f 159 38 41
f 159 158 38
f 160 41 44
f 160 159 41
f 161 44 47
f 161 160 44
f 162 47 50
f 162 161 47
f 163 50 53
f 163 162 50
f 164 53 56
f 164 163 53
f 165 56 59
f 165 164 56
f 166 59 62
f 166 165 59
f 167 62 65
f 167 166 62
f 168 65 68
f 168 167 65
f 169 68 71
f 169 168 68
f 170 71 74
f 170 169 71
f 171 74 77
f 171 170 74
f 172 77 80
f 172 171 77
f 173 80 83
f 173 172 80
f 174 83 86
f 174 173 83
f 175 86 89
f 175 174 86
f 176 89 92
f 176 175 89
f 177 92 95
f 177 176 92
f 178 95 98
f 178 177 95
f 179 98 101
f 179 178 98
f 180 101 104
f 180 179 101
f 181 104 107
f 181 180 104
f 182 107 110
f 182 181 107
f 112 183 110
f 184 110 183
f 184 182 110
f 185 183 112
f 186 184 183
f 185 186 183
f 111 185 112
f 187 148 150
f 187 147 148
f 188 150 149
f 187 150 188
f 189 149 151
f 190 188 149
f 189 190 149
f 191 151 152
f 191 189 151
f 192 152 153
f 192 191 152
f 193 153 154
f 193 192 153
f 194 154 155
f 194 193 154
f 195 155 156
f 195 194 155
f 196 156 157
f 196 195 156
f 197 157 158
f 197 196 157
f 198 158 159
f 198 197 158
f 199 159 160
f 199 198 159
f 200 160 161
f 200 199 160
f 201 161 162
f 201 200 161
f 202 162 163
f 202 201 162
f 203 163 164
f 203 202 163
f 204 164 165
f 204 203 164
f 205 165 166
f 205 204 165
f 206 166 167
f 206 205 166
f 207 167 168
f 207 206 167
f 208 168 169
f 208 207 168
f 209 169 170
f 209 208 169
f 210 170 171
f 210 209 170
f 211 171 172
f 211 210 171
f 212 172 173
f 212 211 172
f 213 173 174
f 213 212 173
f 214 174 175
f 214 213 174
f 215 175 176
f 215 214 175
f 216 176 177
f 216 215 176
f 217 177 178
f 217 216 177
f 218 178 179
f 218 217 178
f 219 179 180
f 219 218 179
f 220 180 181
f 220 219 180
f 221 181 182
f 221 220 181
f 222 182 184
f 222 221 182
f 186 223 184
f 224 184 223
f 224 222 184
f 225 223 186
f 226 224 223
f 225 226 223
f 185 225 186
f 227 188 190
f 227 187 188
f 228 190 189
f 227 190 228
f 229 189 191
f 230 228 189
f 229 230 189
f 231 191 192
f 231 229 191
f 232 192 193
f 232 231 192
f 233 193 194
f 233 232 193
f 234 194 195
f 234 233 194
f 235 195 196
f 235 234 195
f 236 196 197
f 236 235 196
f 237 197 198
f 237 236 197
f 238 198 199
f 238 237 198
f 239 199 200
f 239 238 199
f 240 200 201
f 240 239 200
f 241 201 202
f 241 240 201
f 242 202 203
f 242 241 202
f 243 203 204
f 243 242 203
f 244 204 205
f 244 243 204
f 245 205 206
f 245 244 205
f 246 206 207
f 246 245 206
f 247 207 208
f 247 246 207
f 248 208 209
f 248 247 208
f 249 209 210
f 249 248 209
f 250 210 211
f 250 249 210
f 251 211 212
f 251 250 211
f 252 212 213
f 252 251 212
f 253 213 214
f 253 252 213
f 254 214 215
f 254 253 214
f 255 215 216
f 255 254 215
f 256 216 217
f 256 255 216
f 257 217 218
f 257 256 217
f 258 218 219
f 258 257 218
f 259 219 220
f 259 258 219
f 260 220 221
f 260 259 220
f 261 221 222
f 261 260 221
f 262 222 224
f 262 261 222
f 226 263 224
f 264 224 263
f 264 262 224
f 265 263 226
f 266 264 263
f 265 266 263
f 225 265 226
f 267 228 230
f 267 227 228
f 268 230 229
f 267 230 268
f 269 229 231
f 270 268 229
f 269 270 229
f 271 231 232
f 271 269 231
f 272 232 233
f 272 271 232
f 273 233 234
f 273 272 233
f 274 234 235
f 274 273 234
f 275 235 236
f 275 274 235
f 276 236 237
f 276 275 236
f 277 237 238
f 277 276 237
f 278 238 239
f 278 277 238
f 279 239 240
f 279 278 239
f 280 240 241
f 280 279 240
f 281 241 242
f 281 280 241
f 282 242 243
f 282 281 242
f 283 243 244
f 283 282 243
f 284 244 245
f 284 283 244
f 285 245 246
f 285 284 245
f 286 246 247
f 286 285 246
f 287 247 248
f 287 286 247
f 288 248 249
f 288 287 248
f 289 249 250
f 289 288 249
f 290 250 251
f 290 289 250
f 291 251 252
f 291 290 251
f 292 252 253
f 292 291 252
f 293 253 254
f 293 292 253
f 294 254 255
f 294 293 254
f 295 255 256
f 295 294 255
f 296 256 257
f 296 295 256
f 297 257 258
f 297 296 257
f 298 258 259
f 298 297 258
f 299 259 260
f 299 298 259
f 300 260 261
f 300 299 260
f 301 261 262
f 301 300 261
f 302 262 264
f 302 301 262
f 266 303 264
f 304 264 303
f 304 302 264
f 305 303 266
f 306 304 303
f 305 306 303
f 265 305 266
f 307 268 270
f 307 267 268
f 308 270 269
f 307 270 308
f 309 269 271
f 310 308 269
f 309 310 269
f 311 271 272
f 311 309 271
f 312 272 273
f 312 311 272
f 313 273 274
f 313 312 273
f 314 274 275
f 314 313 274
f 315 275 276
f 315 314 275
f 316 276 277
f 316 315 276
f 317 277 278
f 317 316 277
f 318 278 279
f 318 317 278
f 319 279 280
f 319 318 279
f 320 280 281
f 320 319 280
f 321 281 282
f 321 320 281
f 322 282 283
f 322 321 282
f 323 283 284
f 323 322 283
f 324 284 285
f 324 323 284
f 325 285 286
f 325 324 285
f 326 286 287
f 326 325 286
f 327 287 288
f 327 326 287
f 328 288 289
f 328 327 288
f 329 289 290
f 329 328 289
f 330 290 291
f 330 329 290
f 331 291 292
f 331 330 291
f 332 292 293
f 332 331 292
f 333 293 294
f 333 332 293
f 334 294 295
f 334 333 294
f 335 295 296
f 335 334 295
f 336 296 297
f 336 335 296
f 337 297 298
f 337 336 297
f 338 298 299
f 338 337 298
f 339 299 300
f 339 338 299
f 340 300 301
f 340 339 300
f 341 301 302
f 341 340 301
f 342 302 304
f 342 341 302
f 306 343 304
f 344 304 343
f 344 342 304
f 345 343 306
f 346 344 343
f 345 346 343
f 305 345 306
f 347 308 310
f 347 307 308
f 348 310 309
f 347 310 348
f 349 309 311
f 350 348 309
f 349 350 309
f 351 311 312
f 351 349 311
f 352 312 313
f 352 351 312
f 353 313 314
f 353 352 313
f 354 314 315
f 354 353 314
f 355 315 316
f 355 354 315
f 356 316 317
f 356 355 316
f 357 317 318
f 357 356 317
f 358 318 319
f 358 357 318
f 359 319 320
f 359 358 319
f 360 320 321
f 360 359 320
f 361 321 322
f 361 360 321
f 362 322 323
f 362 361 322
f 363 323 324
f 363 362 323
f 364 324 325
f 364 363 324
f 365 325 326
f 365 364 325
f 366 326 327
f 366 365 326
f 367 327 328
f 367 366 327
f 368 328 329
f 368 367 328
f 369 329 330
f 369 368 329
f 370 330 331
f 370 369 330
f 371 331 332
f 371 370 331
f 372 332 333
f 372 371 332
f 373 333 334
f 373 372 333
f 374 334 335
f 374 373 334
f 375 335 336
f 375 374 335
f 376 336 337
f 376 375 336
f 377 337 338
f 377 376 337
f 378 338 339
f 378 377 338
f 379 339 340
f 379 378 339
f 380 340 341
f 380 379 340
f 381 341 342
f 381 380 341
f 382 342 344
f 382 381 342
f 346 383 344
f 384 344 383
f 384 382 344
f 385 383 346
f 386 384 383
f 385 386 383
f 345 385 346
f 387 348 350
f 387 347 348
f 388 350 349
f 387 350 388
f 389 349 351
f 390 388 349
f 389 390 349
f 391 351 352
f 391 389 351
f 392 352 353
f 392 391 352
f 393 353 354
f 393 392 353
f 394 354 355
f 394 393 354
f 395 355 356
f 395 394 355
f 396 356 357
f 396 395 356
f 397 357 358
f 397 396 357
f 398 358 359
f 398 397 358
f 399 359 360
f 399 398 359
f 400 360 361
f 400 399 360
f 401 361 362
f 401 400 361
f 402 362 363
f 402 401 362
f 403 363 364
f 403 402 363
f 404 364 365
f 404 403 364
f 405 365 366
f 405 404 365
f 406 366 367
f 406 405 366
f 407 367 368
f 407 406 367
f 408 368 369
f 408 407 368
f 409 369 370
f 409 408 369
f 410 370 371
f 410 409 370
f 411 371 372
f 411 410 371
f 412 372 373
f 412 411 372
f 413 373 374
f 413 412 373
f 414 374 375
f 414 413 374
f 415 375 376
f 415 414 375
f 416 376 377
f 416 415 376
f 417 377 378
f 417 416 377
f 418 378 379
f 418 417 378
f 419 379 380
f 419 418 379
f 420 380 381
f 420 419 380
f 421 381 382
f 421 420 381
f 422 382 384
f 422 421 382
f 386 423 384
f 424 384 423
f 424 422 384
f 425 423 386
f 426 424 423
f 425 426 423
f 385 425 386
f 427 388 390
f 427 387 388
f 428 390 389
f 427 390 428
f 429 389 391
f 430 428 389
f 429 430 389
f 431 391 392
f 431 429 391
f 432 392 393
f 432 431 392
f 433 393 394
f 433 432 393
f 434 394 395
f 434 433 394
f 435 395 396
f 435 434 395
f 436 396 397
f 436 435 396
f 437 397 398
f 437 436 397
f 438 398 399
f 438 437 398
f 439 399 400
f 439 438 399
f 440 400 401
f 440 439 400
f 441 401 402
f 441 440 401
f 442 402 403
f 442 441 402
f 443 403 404
f 443 442 403
f 444 404 405
f 444 443 404
f 445 405 406
f 445 444 405
f 446 406 407
f 446 445 406
f 447 407 408
f 447 446 407
f 448 408 409
f 448 447 408
f 449 409 410
f 449 448 409
f 450 410 411
f 450 449 410
f 451 411 412
f 451 450 411
f 452 412 413
f 452 451 412
f 453 413 414
f 453 452 413
f 454 414 415
f 454 453 414
f 455 415 416
f 455 454 415
f 456 416 417
f 456 455 416
f 457 417 418
f 457 456 417
f 458 418 419
f 458 457 418
f 459 419 420
f 459 458 419
f 460 420 421
f 460 459 420
f 461 421 422
f 461 460 421
f 462 422 424
f 462 461 422
f 426 463 424
f 464 424 463
f 464 462 424
f 465 463 426
f 466 464 463
f 465 466 463
f 425 465 426
f 467 428 430
f 467 427 428
f 468 430 429
f 467 430 468
f 469 429 431
f 470 468 429
f 469 470 429
f 471 431 432
f 471 469 431
f 472 432 433
f 472 471 432
f 473 433 434
f 473 472 433
f 474 434 435
f 474 473 434
f 475 435 436
f 475 474 435
f 476 436 437
f 476 475 436
f 477 437 438
f 477 476 437
f 478 438 439
f 478 477 438
f 479 439 440
f 479 478 439
f 480 440 441
f 480 479 440
f 481 441 442
f 481 480 441
f 482 442 443
f 482 481 442
f 483 443 444
f 483 482 443
f 484 444 445
f 484 483 444
f 485 445 446
f 485 484 445
f 486 446 447
f 486 485 446
f 487 447 448
f 487 486 447
f 488 448 449
f 488 487 448
f 489 449 450
f 489 488 449
f 490 450 451
f 490 489 450
f 491 451 452
f 491 490 451
f 492 452 453
f 492 491 452
f 493 453 454
f 493 492 453
f 494 454 455
f 494 493 454
f 495 455 456
f 495 494 455
f 496 456 457
f 496 495 456
f 497 457 458
f 497 496 457
f 498 458 459
f 498 497 458
f 499 459 460
f 499 498 459
f 500 460 461
f 500 499 460
f 501 461 462
f 501 500 461
f 502 462 464
f 502 501 462
f 466 503 464
f 504 464 503
f 504 502 464
f 505 503 466
f 506 504 503
f 505 506 503
f 465 505 466
f 507 468 470
f 507 467 468
f 508 470 469
f 507 470 508
f 509 469 471
f 510 508 469
f 509 510 469
f 511 471 472
f 511 509 471
f 512 472 473
f 512 511 472
f 513 473 474
f 513 512 473
f 514 474 475
f 514 513 474
f 515 475 476
f 515 514 475
f 516 476 477
f 516 515 476
f 517 477 478
f 517 516 477
f 518 478 479
f 518 517 478
f 519 479 480
f 519 518 479
f 520 480 481
f 520 519 480
f 521 481 482
f 521 520 481
f 522 482 483
f 522 521 482
f 523 483 484
f 523 522 483
f 524 484 485
f 524 523 484
f 525 485 486
f 525 524 485
f 526 486 487
f 526 525 486
f 527 487 488
f 527 526 487
f 528 488 489
f 528 527 488
f 529 489 490
f 529 528 489
f 530 490 491
f 530 529 490
f 531 491 492
f 531 530 491
f 532 492 493
f 532 531 492
f 533 493 494
f 533 532 493
f 534 494 495
f 534 533 494
f 535 495 496
f 535 534 495
f 536 496 497
f 536 535 496
f 537 497 498
f 537 536 497
f 538 498 499
f 538 537 498
f 539 499 500
f 539 538 499
f 540 500 501
f 540 539 500
f 541 501 502
f 541 540 501
f 542 502 504
f 542 541 502
f 506 543 504
f 544 504 543
f 544 542 504
f 545 543 506
f 546 544 543
f 545 546 543
f 505 545 506
f 547 508 510
f 547 507 508
f 548 510 509
f 547 510 548
f 549 509 511
f 550 548 509
f 549 550 509
f 551 511 512
f 551 549 511
f 552 512 513
f 552 551 512
f 553 513 514
f 553 552 513
f 554 514 515
f 554 553 514
f 555 515 516
f 555 554 515
f 556 516 517
f 556 555 516
f 557 517 518
f 557 556 517
f 558 518 519
f 558 557 518
f 559 519 520
f 559 558 519
f 560 520 521
f 560 559 520
f 561 521 522
f 561 560 521
f 562 522 523
f 562 561 522
f 563 523 524
f 563 562 523
f 564 524 525
f 564 563 524
f 565 525 526
f 565 564 525
f 566 526 527
f 566 565 526
f 567 527 528
f 567 566 527
f 568 528 529
f 568 567 528
f 569 529 530
f 569 568 529
f 570 530 531
f 570 569 530
f 571 531 532
f 571 570 531
f 572 532 533
f 572 571 532
f 573 533 534
f 573 572 533
f 574 534 535
f 574 573 534
f 575 535 536
f 575 574 535
f 576 536 537
f 576 575 536
f 577 537 538
f 577 576 537
f 578 538 539
f 578 577 538
f 579 539 540
f 579 578 539
f 580 540 541
f 580 579 540
f 581 541 542
f 581 580 541
f 582 542 544
f 582 581 542
f 546 583 544
f 584 544 583
f 584 582 544
f 585 583 546
f 586 584 583
f 585 586 583
f 545 585 546
f 587 548 550
f 587 547 548
f 588 550 549
f 587 550 588
f 589 549 551
f 590 588 549
f 589 590 549
f 591 551 552
f 591 589 551
f 592 552 553
f 592 591 552
f 593 553 554
f 593 592 553
f 594 554 555
f 594 593 554
f 595 555 556
f 595 594 555
f 596 556 557
f 596 595 556
f 597 557 558
f 597 596 557
f 598 558 559
f 598 597 558
f 599 559 560
f 599 598 559
f 600 560 561
f 600 599 560
f 601 561 562
f 601 600 561
f 602 562 563
f 602 601 562
f 603 563 564
f 603 602 563
f 604 564 565
f 604 603 564
f 605 565 566
f 605 604 565
f 606 566 567
f 606 605 566
f 607 567 568
f 607 606 567
f 608 568 569
f 608 607 568
f 609 569 570
f 609 608 569
f 610 570 571
f 610 609 570
f 611 571 572
f 611 610 571
f 612 572 573
f 612 611 572
f 613 573 574
f 613 612 573
f 614 574 575
f 614 613 574
f 615 575 576
f 615 614 575
f 616 576 577
f 616 615 576
f 617 577 578
f 617 616 577
f 618 578 579
f 618 617 578
f 619 579 580
f 619 618 579
f 620 580 581
f 620 619 580
f 621 581 582
f 621 620 581
f 622 582 584
f 622 621 582
f 586 623 584
f 624 584 623
f 624 622 584
f 625 623 586
f 626 624 623
f 625 626 623
f 585 625 586
f 627 588 590
f 627 587 588
f 628 590 589
f 627 590 628
f 629 589 591
f 630 628 589
f 629 630 589
f 631 591 592
f 631 629 591
f 632 592 593
f 632 631 592
f 633 593 594
f 633 632 593
f 634 594 595
f 634 633 594
f 635 595 596
f 635 634 595
f 636 596 597
f 636 635 596
f 637 597 598
f 637 636 597
f 638 598 599
f 638 637 598
f 639 599 600
f 639 638 599
f 640 600 601
f 640 639 600
f 641 601 602
f 641 640 601
f 642 602 603
f 642 641 602
f 643 603 604
f 643 642 603
f 644 604 605
f 644 643 604
f 645 605 606
f 645 644 605
f 646 606 607
f 646 645 606
f 647 607 608
f 647 646 607
f 648 608 609
f 648 647 608
f 649 609 610
f 649 648 609
f 650 610 611
f 650 649 610
f 651 611 612
f 651 650 611
f 652 612 613
f 652 651 612
f 653 613 614
f 653 652 613
f 654 614 615
f 654 653 614
f 655 615 616
f 655 654 615
f 656 616 617
f 656 655 616
f 657 617 618
f 657 656 617
f 658 618 619
f 658 657 618
f 659 619 620
f 659 658 619
f 660 620 621
f 660 659 620
f 661 621 622
f 661 660 621
f 662 622 624
f 662 661 622
f 626 663 624
f 664 624 663
f 664 662 624
f 665 663 626
f 666 664 663
f 665 666 663
f 625 665 626
f 667 628 630
f 667 627 628
f 668 630 629
f 667 630 668
f 669 629 631
f 670 668 629
f 669 670 629
f 671 631 632
f 671 669 631
f 672 632 633
f 672 671 632
f 673 633 634
f 673 672 633
f 674 634 635
f 674 673 634
f 675 635 636
f 675 674 635
f 676 636 637
f 676 675 636
f 677 637 638
f 677 676 637
f 678 638 639
f 678 677 638
f 679 639 640
f 679 678 639
f 680 640 641
f 680 679 640
f 681 641 642
f 681 680 641
f 682 642 643
f 682 681 642
f 683 643 644
f 683 682 643
f 684 644 645
f 684 683 644
f 685 645 646
f 685 684 645
f 686 646 647
f 686 685 646
f 687 647 648
f 687 686 647
f 688 648 649
f 688 687 648
f 689 649 650
f 689 688 649
f 690 650 651
f 690 689 650
f 691 651 652
f 691 690 651
f 692 652 653
f 692 691 652
f 693 653 654
f 693 692 653
f 694 654 655
f 694 693 654
f 695 655 656
f 695 694 655
f 696 656 657
f 696 695 656
f 697 657 658
f 697 696 657
f 698 658 659
f 698 697 658
f 699 659 660
f 699 698 659
f 700 660 661
f 700 699 660
f 701 661 662
f 701 700 661
f 702 662 664
f 702 701 662
f 666 703 664
f 704 664 703
f 704 702 664
f 705 703 666
f 706 704 703
f 705 706 703
f 665 705 666
f 707 668 670
f 707 667 668
f 708 670 669
f 707 670 708
f 709 669 671
f 710 708 669
f 709 710 669
f 711 671 672
f 711 709 671
f 712 672 673
f 712 711 672
f 713 673 674
f 713 712 673
f 714 674 675
f 714 713 674
f 715 675 676
f 715 714 675
f 716 676 677
f 716 715 676
f 717 677 678
f 717 716 677
f 718 678 679
f 718 717 678
f 719 679 680
f 719 718 679
f 720 680 681
f 720 719 680
f 721 681 682
f 721 720 681
f 722 682 683
f 722 721 682
f 723 683 684
f 723 722 683
f 724 684 685
f 724 723 684
f 725 685 686
f 725 724 685
f 726 686 687
f 726 725 686
f 727 687 688
f 727 726 687
f 728 688 689
f 728 727 688
f 729 689 690
f 729 728 689
f 730 690 691
f 730 729 690
f 731 691 692
f 731 730 691
f 732 692 693
f 732 731 692
f 733 693 694
f 733 732 693
f 734 694 695
f 734 733 694
f 735 695 696
f 735 734 695
f 736 696 697
f 736 735 696
f 737 697 698
f 737 736 697
f 738 698 699
f 738 737 698
f 739 699 700
f 739 738 699
f 740 700 701
f 740 739 700
f 741 701 702
f 741 740 701
f 742 702 704
f 742 741 702
f 706 743 704
f 744 704 743
f 744 742 704
f 745 743 706
f 746 744 743
f 745 746 743
f 705 745 706
f 747 708 710
f 747 707 708
f 748 710 709
f 747 710 748
f 749 709 711
f 750 748 709
f 749 750 709
f 751 711 712
f 751 749 711
f 752 712 713
f 752 751 712
f 753 713 714
f 753 752 713
f 754 714 715
f 754 753 714
f 755 715 716
f 755 754 715
f 756 716 717
f 756 755 716
f 757 717 718
f 757 756 717
f 758 718 719
f 758 757 718
f 759 719 720
f 759 758 719
f 760 720 721
f 760 759 720
f 761 721 722
f 761 760 721
f 762 722 723
f 762 761 722
f 763 723 724
f 763 762 723
f 764 724 725
f 764 763 724
f 765 725 726
f 765 764 725
f 766 726 727
f 766 765 726
f 767 727 728
f 767 766 727
f 768 728 729
f 768 767 728
f 769 729 730
f 769 768 729
f 770 730 731
f 770 769 730
f 771 731 732
f 771 770 731
f 772 732 733
f 772 771 732
f 773 733 734
f 773 772 733
f 774 734 735
f 774 773 734
f 775 735 736
f 775 774 735
f 776 736 737
f 776 775 736
f 777 737 738
f 777 776 737
f 778 738 739
f 778 777 738
f 779 739 740
f 779 778 739
f 780 740 741
f 780 779 740
f 781 741 742
f 781 780 741
f 782 742 744
f 782 781 742
f 746 783 744
f 784 744 783
f 784 782 744
f 785 783 746
f 786 784 783
f 785 786 783
f 745 785 746
f 787 748 750
f 787 747 748
f 788 750 749
f 787 750 788
f 789 749 751
f 790 788 749
f 789 790 749
f 791 751 752
f 791 789 751
f 792 752 753
f 792 791 752
f 793 753 754
f 793 792 753
f 794 754 755
f 794 793 754
f 795 755 756
f 795 794 755
f 796 756 757
f 796 795 756
f 797 757 758
f 797 796 757
f 798 758 759
f 798 797 758
f 799 759 760
f 799 798 759
f 800 760 761
f 800 799 760
f 801 761 762
f 801 800 761
f 802 762 763
f 802 801 762
f 803 763 764
f 803 802 763
f 804 764 765
f 804 803 764
f 805 765 766
f 805 804 765
f 806 766 767
f 806 805 766
f 807 767 768
f 807 806 767
f 808 768 769
f 808 807 768
f 809 769 770
f 809 808 769
f 810 770 771
f 810 809 770
f 811 771 772
f 811 810 771
f 812 772 773
f 812 811 772
f 813 773 774
f 813 812 773
f 814 774 775
f 814 813 774
f 815 775 776
f 815 814 775
f 816 776 777
f 816 815 776
f 817 777 778
f 817 816 777
f 818 778 779
f 818 817 778
f 819 779 780
f 819 818 779
f 820 780 781
f 820 819 780
f 821 781 782
f 821 820 781
f 822 782 784
f 822 821 782
f 786 823 784
f 824 784 823
f 824 822 784
f 825 823 786
f 826 824 823
f 825 826 823
f 785 825 786
f 827 788 790
f 827 787 788
f 828 790 789
f 827 790 828
f 829 789 791
f 830 828 789
f 829 830 789
f 831 791 792
f 831 829 791
f 832 792 793
f 832 831 792
f 833 793 794
f 833 832 793
f 834 794 795
f 834 833 794
f 835 795 796
f 835 834 795
f 836 796 797
f 836 835 796
f 837 797 798
f 837 836 797
f 838 798 799
f 838 837 798
f 839 799 800
f 839 838 799
f 840 800 801
f 840 839 800
f 841 801 802
f 841 840 801
f 842 802 803
f 842 841 802
f 843 803 804
f 843 842 803
f 844 804 805
f 844 843 804
f 845 805 806
f 845 844 805
f 846 806 807
f 846 845 806
f 847 807 808
f 847 846 807
f 848 808 809
f 848 847 808
f 849 809 810
f 849 848 809
f 850 810 811
f 850 849 810
f 851 811 812
f 851 850 811
f 852 812 813
f 852 851 812
f 853 813 814
f 853 852 813
f 854 814 815
f 854 853 814
f 855 815 816
f 855 854 815
f 856 816 817
f 856 855 816
f 857 817 818
f 857 856 817
f 858 818 819
f 858 857 818
f 859 819 820
f 859 858 819
f 860 820 821
f 860 859 820
f 861 821 822
f 861 860 821
f 862 822 824
f 862 861 822
f 826 863 824
f 864 824 863
f 864 862 824
f 865 863 826
f 866 864 863
f 865 866 863
f 825 865 826
f 867 828 830
f 867 827 828
f 868 830 829
f 867 830 868
f 869 829 831
f 870 868 829
f 869 870 829
f 871 831 832
f 871 869 831
f 872 832 833
f 872 871 832
f 873 833 834
f 873 872 833
f 874 834 835
f 874 873 834
f 875 835 836
f 875 874 835
f 876 836 837
f 876 875 836
f 877 837 838
f 877 876 837
f 878 838 839
f 878 877 838
f 879 839 840
f 879 878 839
f 880 840 841
f 880 879 840
f 881 841 842
f 881 880 841
f 882 842 843
f 882 881 842
f 883 843 844
f 883 882 843
f 884 844 845
f 884 883 844
f 885 845 846
f 885 884 845
f 886 846 847
f 886 885 846
f 887 847 848
f 887 886 847
f 888 848 849
f 888 887 848
f 889 849 850
f 889 888 849
f 890 850 851
f 890 889 850
f 891 851 852
f 891 890 851
f 892 852 853
f 892 891 852
f 893 853 854
f 893 892 853
f 894 854 855
f 894 893 854
f 895 855 856
f 895 894 855
f 896 856 857
f 896 895 856
f 897 857 858
f 897 896 857
f 898 858 859
f 898 897 858
f 899 859 860
f 899 898 859
f 900 860 861
f 900 899 860
f 901 861 862
f 901 900 861
f 902 862 864
f 902 901 862
f 866 903 864
f 904 864 903
f 904 902 864
f 905 903 866
f 906 904 903
f 905 906 903
f 865 905 866
f 907 868 870
f 907 867 868
f 908 870 869
f 907 870 908
f 909 869 871
f 910 908 869
f 909 910 869
f 911 871 872
f 911 909 871
f 912 872 873
f 912 911 872
f 913 873 874
f 913 912 873
f 914 874 875
f 914 913 874
f 915 875 876
f 915 914 875
f 916 876 877
f 916 915 876
f 917 877 878
f 917 916 877
f 918 878 879
f 918 917 878
f 919 879 880
f 919 918 879
f 920 880 881
f 920 919 880
f 921 881 882
f 921 920 881
f 922 882 883
f 922 921 882
f 923 883 884
f 923 922 883
f 924 884 885
f 924 923 884
f 925 885 886
f 925 924 885
f 926 886 887
f 926 925 886
f 927 887 888
f 927 926 887
f 928 888 889
f 928 927 888
f 929 889 890
f 929 928 889
f 930 890 891
f 930 929 890
f 931 891 892
f 931 930 891
f 932 892 893
f 932 931 892
f 933 893 894
f 933 932 893
f 934 894 895
f 934 933 894
f 935 895 896
f 935 934 895
f 936 896 897
f 936 935 896
f 937 897 898
f 937 936 897
f 938 898 899
f 938 937 898
f 939 899 900
f 939 938 899
f 940 900 901
f 940 939 900
f 941 901 902
f 941 940 901
f 942 902 904
f 942 941 902
f 906 943 904
f 944 904 943
f 944 942 904
f 945 943 906
f 946 944 943
f 945 946 943
f 905 945 906
f 947 908 910
f 947 907 908
f 948 910 909
f 947 910 948
f 949 909 911
f 950 948 909
f 949 950 909
f 951 911 912
f 951 949 911
f 952 912 913
f 952 951 912
f 953 913 914
f 953 952 913
f 954 914 915
f 954 953 914
f 955 915 916
f 955 954 915
f 956 916 917
f 956 955 916
f 957 917 918
f 957 956 917
f 958 918 919
f 958 957 918
f 959 919 920
f 959 958 919
f 960 920 921
f 960 959 920
f 961 921 922
f 961 960 921
f 962 922 923
f 962 961 922
f 963 923 924
f 963 962 923
f 964 924 925
f 964 963 924
f 965 925 926
f 965 964 925
f 966 926 927
f 966 965 926
f 967 927 928
f 967 966 927
f 968 928 929
f 968 967 928
f 969 929 930
f 969 968 929
f 970 930 931
f 970 969 930
f 971 931 932
f 971 970 931
f 972 932 933
f 972 971 932
f 973 933 934
f 973 972 933
f 974 934 935
f 974 973 934
f 975 935 936
f 975 974 935
f 976 936 937
f 976 975 936
f 977 937 938
f 977 976 937
f 978 938 939
f 978 977 938
f 979 939 940
f 979 978 939
f 980 940 941
f 980 979 940
f 981 941 942
f 981 980 941
f 982 942 944
f 982 981 942
f 946 983 944
f 984 944 983
f 984 982 944
f 985 983 946
f 986 984 983
f 985 986 983
f 945 985 946
f 987 948 950
f 987 947 948
f 988 950 949
f 987 950 988
f 989 949 951
f 990 988 949
f 989 990 949
f 991 951 952
f 991 989 951
f 992 952 953
f 992 991 952
f 993 953 954
f 993 992 953
f 994 954 955
f 994 993 954
f 995 955 956
f 995 994 955
f 996 956 957
f 996 995 956
f 997 957 958
f 997 996 957
f 998 958 959
f 998 997 958
f 999 959 960
f 999 998 959
f 1000 960 961
f 1000 999 960
f 1001 961 962
f 1001 1000 961
f 1002 962 963
f 1002 1001 962
f 1003 963 964
f 1003 1002 963
f 1004 964 965
f 1004 1003 964
f 1005 965 966
f 1005 1004 965
f 1006 966 967
f 1006 1005 966
f 1007 967 968
f 1007 1006 967
f 1008 968 969
f 1008 1007 968
f 1009 969 970
f 1009 1008 969
f 1010 970 971
f 1010 1009 970
f 1011 971 972
f 1011 1010 971
f 1012 972 973
f 1012 1011 972
f 1013 973 974
f 1013 1012 973
f 1014 974 975
f 1014 1013 974
f 1015 975 976
f 1015 1014 975
f 1016 976 977
f 1016 1015 976
f 1017 977 978
f 1017 1016 977
f 1018 978 979
f 1018 1017 978
f 1019 979 980
f 1019 1018 979
f 1020 980 981
f 1020 1019 980
f 1021 981 982
f 1021 1020 981
f 1022 982 984
f 1022 1021 982
f 986 1023 984
f 1024 984 1023
f 1024 1022 984
f 1025 1023 986
f 1026 1024 1023
f 1025 1026 1023
f 985 1025 986
f 1027 988 990
f 1027 987 988
f 1028 990 989
f 1027 990 1028
f 1029 989 991
f 1030 1028 989
f 1029 1030 989
f 1031 991 992
f 1031 1029 991
f 1032 992 993
f 1032 1031 992
f 1033 993 994
f 1033 1032 993
f 1034 994 995
f 1034 1033 994
f 1035 995 996
f 1035 1034 995
f 1036 996 997
f 1036 1035 996
f 1037 997 998
f 1037 1036 997
f 1038 998 999
f 1038 1037 998
f 1039 999 1000
f 1039 1038 999
f 1040 1000 1001
f 1040 1039 1000
f 1041 1001 1002
f 1041 1040 1001
f 1042 1002 1003
f 1042 1041 1002
f 1043 1003 1004
f 1043 1042 1003
f 1044 1004 1005
f 1044 1043 1004
f 1045 1005 1006
f 1045 1044 1005
f 1046 1006 1007
f 1046 1045 1006
f 1047 1007 1008
f 1047 1046 1007
f 1048 1008 1009
f 1048 1047 1008
f 1049 1009 1010
f 1049 1048 1009
f 1050 1010 1011
f 1050 1049 1010
f 1051 1011 1012
f 1051 1050 1011
f 1052 1012 1013
f 1052 1051 1012
f 1053 1013 1014
f 1053 1052 1013
f 1054 1014 1015
f 1054 1053 1014
f 1055 1015 1016
f 1055 1054 1015
f 1056 1016 1017
f 1056 1055 1016
f 1057 1017 1018
f 1057 1056 1017
f 1058 1018 1019
f 1058 1057 1018
f 1059 1019 1020
f 1059 1058 1019
f 1060 1020 1021
f 1060 1059 1020
f 1061 1021 1022
f 1061 1060 1021
f 1062 1022 1024
f 1062 1061 1022
f 1026 1063 1024
f 1064 1024 1063
f 1064 1062 1024
f 1065 1063 1026
f 1066 1064 1063
f 1065 1066 1063
f 1025 1065 1026
f 1067 1028 1030
f 1067 1027 1028
f 1068 1030 1029
f 1067 1030 1068
f 1069 1029 1031
f 1070 1068 1029
f 1069 1070 1029
f 1071 1031 1032
f 1071 1069 1031
f 1072 1032 1033
f 1072 1071 1032
f 1073 1033 1034
f 1073 1072 1033
f 1074 1034 1035
f 1074 1073 1034
f 1075 1035 1036
f 1075 1074 1035
f 1076 1036 1037
f 1076 1075 1036
f 1077 1037 1038
f 1077 1076 1037
f 1078 1038 1039
f 1078 1077 1038
f 1079 1039 1040
f 1079 1078 1039
f 1080 1040 1041
f 1080 1079 1040
f 1081 1041 1042
f 1081 1080 1041
f 1082 1042 1043
f 1082 1081 1042
f 1083 1043 1044
f 1083 1082 1043
f 1084 1044 1045
f 1084 1083 1044
f 1085 1045 1046
f 1085 1084 1045
f 1086 1046 1047
f 1086 1085 1046
f 1087 1047 1048
f 1087 1086 1047
f 1088 1048 1049
f 1088 1087 1048
f 1089 1049 1050
f 1089 1088 1049
f 1090 1050 1051
f 1090 1089 1050
f 1091 1051 1052
f 1091 1090 1051
f 1092 1052 1053
f 1092 1091 1052
f 1093 1053 1054
f 1093 1092 1053
f 1094 1054 1055
f 1094 1093 1054
f 1095 1055 1056
f 1095 1094 1055
f 1096 1056 1057
f 1096 1095 1056
f 1097 1057 1058
f 1097 1096 1057
f 1098 1058 1059
f 1098 1097 1058
f 1099 1059 1060
f 1099 1098 1059
f 1100 1060 1061
f 1100 1099 1060
f 1101 1061 1062
f 1101 1100 1061
f 1102 1062 1064
f 1102 1101 1062
f 1066 1103 1064
f 1104 1064 1103
f 1104 1102 1064
f 1105 1103 1066
f 1106 1104 1103
f 1105 1106 1103
f 1065 1105 1066
f 1107 1068 1070
f 1107 1067 1068
f 1108 1070 1069
f 1107 1070 1108
f 1109 1069 1071
f 1110 1108 1069
f 1109 1110 1069
f 1111 1071 1072
f 1111 1109 1071
f 1112 1072 1073
f 1112 1111 1072
f 1113 1073 1074
f 1113 1112 1073
f 1114 1074 1075
f 1114 1113 1074
f 1115 1075 1076
f 1115 1114 1075
f 1116 1076 1077
f 1116 1115 1076
f 1117 1077 1078
f 1117 1116 1077
f 1118 1078 1079
f 1118 1117 1078
f 1119 1079 1080
f 1119 1118 1079
f 1120 1080 1081
f 1120 1119 1080
f 1121 1081 1082
f 1121 1120 1081
f 1122 1082 1083
f 1122 1121 1082
f 1123 1083 1084
f 1123 1122 1083
f 1124 1084 1085
f 1124 1123 1084
f 1125 1085 1086
f 1125 1124 1085
f 1126 1086 1087
f 1126 1125 1086
f 1127 1087 1088
f 1127 1126 1087
f 1128 1088 1089
f 1128 1127 1088
f 1129 1089 1090
f 1129 1128 1089
f 1130 1090 1091
f 1130 1129 1090
f 1131 1091 1092
f 1131 1130 1091
f 1132 1092 1093
f 1132 1131 1092
f 1133 1093 1094
f 1133 1132 1093
f 1134 1094 1095
f 1134 1133 1094
f 1135 1095 1096
f 1135 1134 1095
f 1136 1096 1097
f 1136 1135 1096
f 1137 1097 1098
f 1137 1136 1097
f 1138 1098 1099
f 1138 1137 1098
f 1139 1099 1100
f 1139 1138 1099
f 1140 1100 1101
f 1140 1139 1100
f 1141 1101 1102
f 1141 1140 1101
f 1142 1102 1104
f 1142 1141 1102
f 1106 1143 1104
f 1144 1104 1143
f 1144 1142 1104
f 1145 1143 1106
f 1146 1144 1143
f 1145 1146 1143
f 1105 1145 1106
f 1147 1108 1110
f 1147 1107 1108
f 1148 1110 1109
f 1147 1110 1148
f 1149 1109 1111
f 1150 1148 1109
f 1149 1150 1109
f 1151 1111 1112
f 1151 1149 1111
f 1152 1112 1113
f 1152 1151 1112
f 1153 1113 1114
f 1153 1152 1113
f 1154 1114 1115
f 1154 1153 1114
f 1155 1115 1116
f 1155 1154 1115
f 1156 1116 1117
f 1156 1155 1116
f 1157 1117 1118
f 1157 1156 1117
f 1158 1118 1119
f 1158 1157 1118
f 1159 1119 1120
f 1159 1158 1119
f 1160 1120 1121
f 1160 1159 1120
f 1161 1121 1122
f 1161 1160 1121
f 1162 1122 1123
f 1162 1161 1122
f 1163 1123 1124
f 1163 1162 1123
f 1164 1124 1125
f 1164 1163 1124
f 1165 1125 1126
f 1165 1164 1125
f 1166 1126 1127
f 1166 1165 1126
f 1167 1127 1128
f 1167 1166 1127
f 1168 1128 1129
f 1168 1167 1128
f 1169 1129 1130
f 1169 1168 1129
f 1170 1130 1131
f 1170 1169 1130
f 1171 1131 1132
f 1171 1170 1131
f 1172 1132 1133
f 1172 1171 1132
f 1173 1133 1134
f 1173 1172 1133
f 1174 1134 1135
f 1174 1173 1134
f 1175 1135 1136
f 1175 1174 1135
f 1176 1136 1137
f 1176 1175 1136
f 1177 1137 1138
f 1177 1176 1137
f 1178 1138 1139
f 1178 1177 1138
f 1179 1139 1140
f 1179 1178 1139
f 1180 1140 1141
f 1180 1179 1140
f 1181 1141 1142
f 1181 1180 1141
f 1182 1142 1144
f 1182 1181 1142
f 1146 1183 1144
f 1184 1144 1183
f 1184 1182 1144
f 1185 1183 1146
f 1186 1184 1183
f 1185 1186 1183
f 1145 1185 1146
f 1187 1148 1150
f 1187 1147 1148
f 1188 1150 1149
f 1187 1150 1188
f 1189 1149 1151
f 1190 1188 1149
f 1189 1190 1149
f 1191 1151 1152
f 1191 1189 1151
f 1192 1152 1153
f 1192 1191 1152
f 1193 1153 1154
f 1193 1192 1153
f 1194 1154 1155
f 1194 1193 1154
f 1195 1155 1156
f 1195 1194 1155
f 1196 1156 1157
f 1196 1195 1156
f 1197 1157 1158
f 1197 1196 1157
f 1198 1158 1159
f 1198 1197 1158
f 1199 1159 1160
f 1199 1198 1159
f 1200 1160 1161
f 1200 1199 1160
f 1201 1161 1162
f 1201 1200 1161
f 1202 1162 1163
f 1202 1201 1162
f 1203 1163 1164
f 1203 1202 1163
f 1204 1164 1165
f 1204 1203 1164
f 1205 1165 1166
f 1205 1204 1165
f 1206 1166 1167
f 1206 1205 1166
f 1207 1167 1168
f 1207 1206 1167
f 1208 1168 1169
f 1208 1207 1168
f 1209 1169 1170
f 1209 1208 1169
f 1210 1170 1171
f 1210 1209 1170
f 1211 1171 1172
f 1211 1210 1171
f 1212 1172 1173
f 1212 1211 1172
f 1213 1173 1174
f 1213 1212 1173
f 1214 1174 1175
f 1214 1213 1174
f 1215 1175 1176
f 1215 1214 1175
f 1216 1176 1177
f 1216 1215 1176
f 1217 1177 1178
f 1217 1216 1177
f 1218 1178 1179
f 1218 1217 1178
f 1219 1179 1180
f 1219 1218 1179
f 1220 1180 1181
f 1220 1219 1180
f 1221 1181 1182
f 1221 1220 1181
f 1222 1182 1184
f 1222 1221 1182
f 1186 1223 1184
f 1224 1184 1223
f 1224 1222 1184
f 1225 1223 1186
f 1226 1224 1223
f 1225 1226 1223
f 1185 1225 1186
f 1227 1188 1190
f 1227 1187 1188
f 1228 1190 1189
f 1227 1190 1228
f 1229 1189 1191
f 1230 1228 1189
f 1229 1230 1189
f 1231 1191 1192
f 1231 1229 1191
f 1232 1192 1193
f 1232 1231 1192
f 1233 1193 1194
f 1233 1232 1193
f 1234 1194 1195
f 1234 1233 1194
f 1235 1195 1196
f 1235 1234 1195
f 1236 1196 1197
f 1236 1235 1196
f 1237 1197 1198
f 1237 1236 1197
f 1238 1198 1199
f 1238 1237 1198
f 1239 1199 1200
f 1239 1238 1199
f 1240 1200 1201
f 1240 1239 1200
f 1241 1201 1202
f 1241 1240 1201
f 1242 1202 1203
f 1242 1241 1202
f 1243 1203 1204
f 1243 1242 1203
f 1244 1204 1205
f 1244 1243 1204
f 1245 1205 1206
f 1245 1244 1205
f 1246 1206 1207
f 1246 1245 1206
f 1247 1207 1208
f 1247 1246 1207
f 1248 1208 1209
f 1248 1247 1208
f 1249 1209 1210
f 1249 1248 1209
f 1250 1210 1211
f 1250 1249 1210
f 1251 1211 1212
f 1251 1250 1211
f 1252 1212 1213
f 1252 1251 1212
f 1253 1213 1214
f 1253 1252 1213
f 1254 1214 1215
f 1254 1253 1214
f 1255 1215 1216
f 1255 1254 1215
f 1256 1216 1217
f 1256 1255 1216
f 1257 1217 1218
f 1257 1256 1217
f 1258 1218 1219
f 1258 1257 1218
f 1259 1219 1220
f 1259 1258 1219
f 1260 1220 1221
f 1260 1259 1220
f 1261 1221 1222
f 1261 1260 1221
f 1262 1222 1224
f 1262 1261 1222
f 1226 1263 1224
f 1264 1224 1263
f 1264 1262 1224
f 1265 1263 1226
f 1266 1264 1263
f 1265 1266 1263
f 1225 1265 1226
f 1267 1228 1230
f 1267 1227 1228
f 1268 1230 1229
f 1267 1230 1268
f 1269 1229 1231
f 1270 1268 1229
f 1269 1270 1229
f 1271 1231 1232
f 1271 1269 1231
f 1272 1232 1233
f 1272 1271 1232
f 1273 1233 1234
f 1273 1272 1233
f 1274 1234 1235
f 1274 1273 1234
f 1275 1235 1236
f 1275 1274 1235
f 1276 1236 1237
f 1276 1275 1236
f 1277 1237 1238
f 1277 1276 1237
f 1278 1238 1239
f 1278 1277 1238
f 1279 1239 1240
f 1279 1278 1239
f 1280 1240 1241
f 1280 1279 1240
f 1281 1241 1242
f 1281 1280 1241
f 1282 1242 1243
f 1282 1281 1242
f 1283 1243 1244
f 1283 1282 1243
f 1284 1244 1245
f 1284 1283 1244
f 1285 1245 1246
f 1285 1284 1245
f 1286 1246 1247
f 1286 1285 1246
f 1287 1247 1248
f 1287 1286 1247
f 1288 1248 1249
f 1288 1287 1248
f 1289 1249 1250
f 1289 1288 1249
f 1290 1250 1251
f 1290 1289 1250
f 1291 1251 1252
f 1291 1290 1251
f 1292 1252 1253
f 1292 1291 1252
f 1293 1253 1254
f 1293 1292 1253
f 1294 1254 1255
f 1294 1293 1254
f 1295 1255 1256
f 1295 1294 1255
f 1296 1256 1257
f 1296 1295 1256
f 1297 1257 1258
f 1297 1296 1257
f 1298 1258 1259
f 1298 1297 1258
f 1299 1259 1260
f 1299 1298 1259
f 1300 1260 1261
f 1300 1299 1260
f 1301 1261 1262
f 1301 1300 1261
f 1302 1262 1264
f 1302 1301 1262
f 1266 1303 1264
f 1304 1264 1303
f 1304 1302 1264
f 1305 1303 1266
f 1306 1304 1303
f 1305 1306 1303
f 1265 1305 1266
f 1307 1268 1270
f 1307 1267 1268
f 1308 1270 1269
f 1307 1270 1308
f 1309 1269 1271
f 1310 1308 1269
f 1309 1310 1269
f 1311 1271 1272
f 1311 1309 1271
f 1312 1272 1273
f 1312 1311 1272
f 1313 1273 1274
f 1313 1312 1273
f 1314 1274 1275
f 1314 1313 1274
f 1315 1275 1276
f 1315 1314 1275
f 1316 1276 1277
f 1316 1315 1276
f 1317 1277 1278
f 1317 1316 1277
f 1318 1278 1279
f 1318 1317 1278
f 1319 1279 1280
f 1319 1318 1279
f 1320 1280 1281
f 1320 1319 1280
f 1321 1281 1282
f 1321 1320 1281
f 1322 1282 1283
f 1322 1321 1282
f 1323 1283 1284
f 1323 1322 1283
f 1324 1284 1285
f 1324 1323 1284
f 1325 1285 1286
f 1325 1324 1285
f 1326 1286 1287
f 1326 1325 1286
f 1327 1287 1288
f 1327 1326 1287
f 1328 1288 1289
f 1328 1327 1288
f 1329 1289 1290
f 1329 1328 1289
f 1330 1290 1291
f 1330 1329 1290
f 1331 1291 1292
f 1331 1330 1291
f 1332 1292 1293
f 1332 1331 1292
f 1333 1293 1294
f 1333 1332 1293
f 1334 1294 1295
f 1334 1333 1294
f 1335 1295 1296
f 1335 1334 1295
f 1336 1296 1297
f 1336 1335 1296
f 1337 1297 1298
f 1337 1336 1297
f 1338 1298 1299
f 1338 1337 1298
f 1339 1299 1300
f 1339 1338 1299
f 1340 1300 1301
f 1340 1339 1300
f 1341 1301 1302
f 1341 1340 1301
f 1342 1302 1304
f 1342 1341 1302
f 1306 1343 1304
f 1344 1304 1343
f 1344 1342 1304
f 1345 1343 1306
f 1346 1344 1343
f 1345 1346 1343
f 1305 1345 1306
f 1347 1308 1310
f 1347 1307 1308
f 1348 1310 1309
f 1347 1310 1348
f 1349 1309 1311
f 1350 1348 1309
f 1349 1350 1309
f 1351 1311 1312
f 1351 1349 1311
f 1352 1312 1313
f 1352 1351 1312
f 1353 1313 1314
f 1353 1352 1313
f 1354 1314 1315
f 1354 1353 1314
f 1355 1315 1316
f 1355 1354 1315
f 1356 1316 1317
f 1356 1355 1316
f 1357 1317 1318
f 1357 1356 1317
f 1358 1318 1319
f 1358 1357 1318
f 1359 1319 1320
f 1359 1358 1319
f 1360 1320 1321
f 1360 1359 1320
f 1361 1321 1322
f 1361 1360 1321
f 1362 1322 1323
f 1362 1361 1322
f 1363 1323 1324
f 1363 1362 1323
f 1364 1324 1325
f 1364 1363 1324
f 1365 1325 1326
f 1365 1364 1325
f 1366 1326 1327
f 1366 1365 1326
f 1367 1327 1328
f 1367 1366 1327
f 1368 1328 1329
f 1368 1367 1328
f 1369 1329 1330
f 1369 1368 1329
f 1370 1330 1331
f 1370 1369 1330
f 1371 1331 1332
f 1371 1370 1331
f 1372 1332 1333
f 1372 1371 1332
f 1373 1333 1334
f 1373 1372 1333
f 1374 1334 1335
f 1374 1373 1334
f 1375 1335 1336
f 1375 1374 1335
f 1376 1336 1337
f 1376 1375 1336
f 1377 1337 1338
f 1377 1376 1337
f 1378 1338 1339
f 1378 1377 1338
f 1379 1339 1340
f 1379 1378 1339
f 1380 1340 1341
f 1380 1379 1340
f 1381 1341 1342
f 1381 1380 1341
f 1382 1342 1344
f 1382 1381 1342
f 1346 1383 1344
f 1384 1344 1383
f 1384 1382 1344
f 1385 1383 1346
f 1386 1384 1383
f 1385 1386 1383
f 1345 1385 1346
f 1387 1348 1350
f 1387 1347 1348
f 1388 1350 1349
f 1387 1350 1388
f 1389 1349 1351
f 1390 1388 1349
f 1389 1390 1349
f 1391 1351 1352
f 1391 1389 1351
f 1392 1352 1353
f 1392 1391 1352
f 1393 1353 1354
f 1393 1392 1353
f 1394 1354 1355
f 1394 1393 1354
f 1395 1355 1356
f 1395 1394 1355
f 1396 1356 1357
f 1396 1395 1356
f 1397 1357 1358
f 1397 1396 1357
f 1398 1358 1359
f 1398 1397 1358
f 1399 1359 1360
f 1399 1398 1359
f 1400 1360 1361
f 1400 1399 1360
f 1401 1361 1362
f 1401 1400 1361
f 1402 1362 1363
f 1402 1401 1362
f 1403 1363 1364
f 1403 1402 1363
f 1404 1364 1365
f 1404 1403 1364
f 1405 1365 1366
f 1405 1404 1365
f 1406 1366 1367
f 1406 1405 1366
f 1407 1367 1368
f 1407 1406 1367
f 1408 1368 1369
f 1408 1407 1368
f 1409 1369 1370
f 1409 1408 1369
f 1410 1370 1371
f 1410 1409 1370
f 1411 1371 1372
f 1411 1410 1371
f 1412 1372 1373
f 1412 1411 1372
f 1413 1373 1374
f 1413 1412 1373
f 1414 1374 1375
f 1414 1413 1374
f 1415 1375 1376
f 1415 1414 1375
f 1416 1376 1377
f 1416 1415 1376
f 1417 1377 1378
f 1417 1416 1377
f 1418 1378 1379
f 1418 1417 1378
f 1419 1379 1380
f 1419 1418 1379
f 1420 1380 1381
f 1420 1419 1380
f 1421 1381 1382
f 1421 1420 1381
f 1422 1382 1384
f 1422 1421 1382
f 1386 1423 1384
f 1424 1384 1423
f 1424 1422 1384
f 1425 1423 1386
f 1426 1424 1423
f 1425 1426 1423
f 1385 1425 1386
f 1427 1388 1390
f 1427 1387 1388
f 1428 1390 1389
f 1427 1390 1428
f 1429 1389 1391
f 1430 1428 1389
f 1429 1430 1389
f 1431 1391 1392
f 1431 1429 1391
f 1432 1392 1393
f 1432 1431 1392
f 1433 1393 1394
f 1433 1432 1393
f 1434 1394 1395
f 1434 1433 1394
f 1435 1395 1396
f 1435 1434 1395
f 1436 1396 1397
f 1436 1435 1396
f 1437 1397 1398
f 1437 1436 1397
f 1438 1398 1399
f 1438 1437 1398
f 1439 1399 1400
f 1439 1438 1399
f 1440 1400 1401
f 1440 1439 1400
f 1441 1401 1402
f 1441 1440 1401
f 1442 1402 1403
f 1442 1441 1402
f 1443 1403 1404
f 1443 1442 1403
f 1444 1404 1405
f 1444 1443 1404
f 1445 1405 1406
f 1445 1444 1405
f 1446 1406 1407
f 1446 1445 1406
f 1447 1407 1408
f 1447 1446 1407
f 1448 1408 1409
f 1448 1447 1408
f 1449 1409 1410
f 1449 1448 1409
f 1450 1410 1411
f 1450 1449 1410
f 1451 1411 1412
f 1451 1450 1411
f 1452 1412 1413
f 1452 1451 1412
f 1453 1413 1414
f 1453 1452 1413
f 1454 1414 1415
f 1454 1453 1414
f 1455 1415 1416
f 1455 1454 1415
f 1456 1416 1417
f 1456 1455 1416
f 1457 1417 1418
f 1457 1456 1417
f 1458 1418 1419
f 1458 1457 1418
f 1459 1419 1420
f 1459 1458 1419
f 1460 1420 1421
f 1460 1459 1420
f 1461 1421 1422
f 1461 1460 1421
f 1462 1422 1424
f 1462 1461 1422
f 1426 1463 1424
f 1464 1424 1463
f 1464 1462 1424
f 1465 1463 1426
f 1466 1464 1463
f 1465 1466 1463
f 1425 1465 1426
f 1467 1428 1430
f 1467 1427 1428
f 1468 1430 1429
f 1468 1467 1430
f 1469 1429 1431
f 1469 1468 1429
f 1470 1431 1432
f 1470 1469 1431
f 1471 1432 1433
f 1471 1470 1432
f 1472 1433 1434
f 1472 1471 1433
f 1473 1434 1435
f 1473 1472 1434
f 1474 1435 1436
f 1474 1473 1435
f 1475 1436 1437
f 1475 1474 1436
f 1476 1437 1438
f 1476 1475 1437
f 1477 1438 1439
f 1477 1476 1438
f 1478 1439 1440
f 1478 1477 1439
f 1479 1440 1441
f 1479 1478 1440
f 1480 1441 1442
f 1480 1479 1441
f 1481 1442 1443
f 1481 1480 1442
f 1482 1443 1444
f 1482 1481 1443
f 1483 1444 1445
f 1483 1482 1444
f 1484 1445 1446
f 1484 1483 1445
f 1485 1446 1447
f 1485 1484 1446
f 1486 1447 1448
f 1486 1485 1447
f 1487 1448 1449
f 1487 1486 1448
f 1488 1449 1450
f 1488 1487 1449
f 1489 1450 1451
f 1489 1488 1450
f 1490 1451 1452
f 1490 1489 1451
f 1491 1452 1453
f 1491 1490 1452
f 1492 1453 1454
f 1492 1491 1453
f 1493 1454 1455
f 1493 1492 1454
f 1494 1455 1456
f 1494 1493 1455
f 1495 1456 1457
f 1495 1494 1456
f 1496 1457 1458
f 1496 1495 1457
f 1497 1458 1459
f 1497 1496 1458
f 1498 1459 1460
f 1498 1497 1459
f 1499 1460 1461
f 1499 1498 1460
f 1500 1461 1462
f 1500 1499 1461
f 1501 1462 1464
f 1501 1500 1462
f 1466 1502 1464
f 1503 1464 1502
f 1503 1501 1464
f 1504 1502 1466
f 1504 1503 1502
f 1465 1504 1466
f 1505 1506 1507
f 1508 1507 1506
f 1509 1505 1507
f 1510 1509 1507
f 1510 1507 1508
f 1511 1512 1506
f 1513 1506 1512
f 1505 1511 1506
f 1513 1508 1506
f 1514 1515 1512
f 1516 1512 1515
f 1511 1514 1512
f 1513 1512 1516
f 1517 1518 1515
f 1519 1515 1518
f 1514 1517 1515
f 1516 1515 1519
f 1520 1521 1518
f 1522 1518 1521
f 1517 1520 1518
f 1519 1518 1522
f 1523 1524 1521
f 1525 1521 1524
f 1520 1523 1521
f 1522 1521 1525
f 1526 1527 1524
f 1528 1524 1527
f 1523 1526 1524
f 1525 1524 1528
f 1529 1530 1527
f 1531 1527 1530
f 1526 1529 1527
f 1528 1527 1531
f 1532 1533 1530
f 1534 1530 1533
f 1529 1532 1530
f 1531 1530 1534
f 1535 1536 1533
f 1537 1533 1536
f 1532 1535 1533
f 1534 1533 1537
f 1538 1539 1536
f 1540 1536 1539
f 1535 1538 1536
f 1537 1536 1540
f 1541 1542 1539
f 1543 1539 1542
f 1538 1541 1539
f 1540 1539 1543
f 1544 1545 1542
f 1546 1542 1545
f 1541 1544 1542
f 1543 1542 1546
f 1547 1548 1545
f 1549 1545 1548
f 1544 1547 1545
f 1546 1545 1549
f 1550 1551 1548
f 1552 1548 1551
f 1547 1550 1548
f 1549 1548 1552
f 1553 1554 1551
f 1555 1551 1554
f 1550 1553 1551
f 1552 1551 1555
f 1556 1557 1554
f 1558 1554 1557
f 1553 1556 1554
f 1555 1554 1558
f 1559 1560 1557
f 1561 1557 1560
f 1556 1559 1557
f 1558 1557 1561
f 1562 1563 1560
f 1564 1560 1563
f 1559 1562 1560
f 1561 1560 1564
f 1565 1566 1563
f 1567 1563 1566
f 1562 1565 1563
f 1564 1563 1567
f 1568 1569 1566
f 1570 1566 1569
f 1565 1568 1566
f 1567 1566 1570
f 1571 1572 1569
f 1573 1569 1572
f 1568 1571 1569
f 1570 1569 1573
f 1574 1575 1572
f 1576 1572 1575
f 1571 1574 1572
f 1573 1572 1576
f 1577 1578 1575
f 1579 1575 1578
f 1574 1577 1575
f 1576 1575 1579
f 1580 1581 1578
f 1582 1578 1581
f 1577 1580 1578
f 1579 1578 1582
f 1583 1584 1581
f 1585 1581 1584
f 1580 1583 1581
f 1582 1581 1585
f 1586 1587 1584
f 1588 1584 1587
f 1583 1586 1584
f 1585 1584 1588
f 1589 1590 1587
f 1591 1587 1590
f 1586 1589 1587
f 1588 1587 1591
f 1592 1593 1590
f 1594 1590 1593
f 1589 1592 1590
f 1591 1590 1594
f 1595 1596 1593
f 1597 1593 1596
f 1592 1595 1593
f 1594 1593 1597
f 1598 1599 1596
f 1600 1596 1599
f 1595 1598 1596
f 1597 1596 1600
f 1601 1602 1599
f 1603 1599 1602
f 1598 1601 1599
f 1600 1599 1603
f 1604 1605 1602
f 1606 1602 1605
f 1601 1604 1602
f 1603 1602 1606
f 1607 1608 1605
f 1609 1605 1608
f 1604 1607 1605
f 1606 1605 1609
f 1610 1611 1608
f 1612 1608 1611
f 1607 1610 1608
f 1609 1608 1612
f 1613 1611 1610
f 1612 1611 1613
f 1614 1610 1607
f 1613 1610 1614
f 1615 1607 1604
f 1616 1614 1607
f 1615 1616 1607
f 1617 1604 1601
f 1617 1615 1604
f 1618 1601 1598
f 1618 1617 1601
f 1619 1598 1595
f 1619 1618 1598
f 1620 1595 1592
f 1620 1619 1595
f 1621 1592 1589
f 1621 1620 1592
f 1622 1589 1586
f 1622 1621 1589
f 1623 1586 1583
f 1623 1622 1586
f 1624 1583 1580
f 1624 1623 1583
f 1625 1580 1577
f 1625 1624 1580
f 1626 1577 1574
f 1626 1625 1577
f 1627 1574 1571
f 1627 1626 1574
f 1628 1571 1568
f 1628 1627 1571
f 1629 1568 1565
f 1629 1628 1568
f 1630 1565 1562
f 1630 1629 1565
f 1631 1562 1559
f 1631 1630 1562
f 1632 1559 1556
f 1632 1631 1559
f 1633 1556 1553
f 1633 1632 1556
f 1634 1553 1550
f 1634 1633 1553
f 1635 1550 1547
f 1635 1634 1550
f 1636 1547 1544
f 1636 1635 1547
f 1637 1544 1541
f 1637 1636 1544
f 1638 1541 1538
f 1638 1637 1541
f 1639 1538 1535
f 1639 1638 1538
f 1640 1535 1532
f 1640 1639 1535
f 1641 1532 1529
f 1641 1640 1532
f 1642 1529 1526
f 1642 1641 1529
f 1643 1526 1523
f 1643 1642 1526
f 1644 1523 1520
f 1644 1643 1523
f 1645 1520 1517
f 1645 1644 1520
f 1646 1517 1514
f 1646 1645 1517
f 1647 1514 1511
f 1647 1646 1514
f 1648 1511 1505
f 1648 1647 1511
f 1649 1505 1509
f 1649 1648 1505
f 1649 1509 1650
f 1510 1650 1509
f 1651 1649 1650
f 1652 1651 1650
f 1652 1650 1510
f 1653 1614 1616
f 1613 1614 1653
f 1654 1616 1615
f 1653 1616 1654
f 1655 1615 1617
f 1656 1654 1615
f 1655 1656 1615
f 1657 1617 1618
f 1657 1655 1617
f 1658 1618 1619
f 1658 1657 1618
f 1659 1619 1620
f 1659 1658 1619
f 1660 1620 1621
f 1660 1659 1620
f 1661 1621 1622
f 1661 1660 1621
f 1662 1622 1623
f 1662 1661 1622
f 1663 1623 1624
f 1663 1662 1623
f 1664 1624 1625
f 1664 1663 1624
f 1665 1625 1626
f 1665 1664 1625
f 1666 1626 1627
f 1666 1665 1626
f 1667 1627 1628
f 1667 1666 1627
f 1668 1628 1629
f 1668 1667 1628
f 1669 1629 1630
f 1669 1668 1629
f 1670 1630 1631
f 1670 1669 1630
f 1671 1631 1632
f 1671 1670 1631
f 1672 1632 1633
f 1672 1671 1632
f 1673 1633 1634
f 1673 1672 1633
f 1674 1634 1635
f 1674 1673 1634
f 1675 1635 1636
f 1675 1674 1635
f 1676 1636 1637
f 1676 1675 1636
f 1677 1637 1638
f 1677 1676 1637
f 1678 1638 1639
f 1678 1677 1638
f 1679 1639 1640
f 1679 1678 1639
f 1680 1640 1641
f 1680 1679 1640
f 1681 1641 1642
f 1681 1680 1641
f 1682 1642 1643
f 1682 1681 1642
f 1683 1643 1644
f 1683 1682 1643
f 1684 1644 1645
f 1684 1683 1644
f 1685 1645 1646
f 1685 1684 1645
f 1686 1646 1647
f 1686 1685 1646
f 1687 1647 1648
f 1687 1686 1647
f 1688 1648 1649
f 1688 1687 1648
f 1689 1649 1651
f 1689 1688 1649
f 1689 1651 1690
f 1652 1690 1651
f 1691 1689 1690
f 1692 1691 1690
f 1692 1690 1652
f 1693 1654 1656
f 1653 1654 1693
f 1694 1656 1655
f 1693 1656 1694
f 1695 1655 1657
f 1696 1694 1655
f 1695 1696 1655
f 1697 1657 1658
f 1697 1695 1657
f 1698 1658 1659
f 1698 1697 1658
f 1699 1659 1660
f 1699 1698 1659
f 1700 1660 1661
f 1700 1699 1660
f 1701 1661 1662
f 1701 1700 1661
f 1702 1662 1663
f 1702 1701 1662
f 1703 1663 1664
f 1703 1702 1663
f 1704 1664 1665
f 1704 1703 1664
f 1705 1665 1666
f 1705 1704 1665
f 1706 1666 1667
f 1706 1705 1666
f 1707 1667 1668
f 1707 1706 1667
f 1708 1668 1669
f 1708 1707 1668
f 1709 1669 1670
f 1709 1708 1669
f 1710 1670 1671
f 1710 1709 1670
f 1711 1671 1672
f 1711 1710 1671
f 1712 1672 1673
f 1712 1711 1672
f 1713 1673 1674
f 1713 1712 1673
f 1714 1674 1675
f 1714 1713 1674
f 1715 1675 1676
f 1715 1714 1675
f 1716 1676 1677
f 1716 1715 1676
f 1717 1677 1678
f 1717 1716 1677
f 1718 1678 1679
f 1718 1717 1678
f 1719 1679 1680
f 1719 1718 1679
f 1720 1680 1681
f 1720 1719 1680
f 1721 1681 1682
f 1721 1720 1681
f 1722 1682 1683
f 1722 1721 1682
f 1723 1683 1684
f 1723 1722 1683
f 1724 1684 1685
f 1724 1723 1684
f 1725 1685 1686
f 1725 1724 1685
f 1726 1686 1687
f 1726 1725 1686
f 1727 1687 1688
f 1727 1726 1687
f 1728 1688 1689
f 1728 1727 1688
f 1729 1689 1691
f 1729 1728 1689
f 1729 1691 1730
f 1692 1730 1691
f 1731 1729 1730
f 1732 1731 1730
f 1732 1730 1692
f 1733 1694 1696
f 1693 1694 1733
f 1734 1696 1695
f 1733 1696 1734
f 1735 1695 1697
f 1736 1734 1695
f 1735 1736 1695
f 1737 1697 1698
f 1737 1735 1697
f 1738 1698 1699
f 1738 1737 1698
f 1739 1699 1700
f 1739 1738 1699
f 1740 1700 1701
f 1740 1739 1700
f 1741 1701 1702
f 1741 1740 1701
f 1742 1702 1703
f 1742 1741 1702
f 1743 1703 1704
f 1743 1742 1703
f 1744 1704 1705
f 1744 1743 1704
f 1745 1705 1706
f 1745 1744 1705
f 1746 1706 1707
f 1746 1745 1706
f 1747 1707 1708
f 1747 1746 1707
f 1748 1708 1709
f 1748 1747 1708
f 1749 1709 1710
f 1749 1748 1709
f 1750 1710 1711
f 1750 1749 1710
f 1751 1711 1712
f 1751 1750 1711
f 1752 1712 1713
f 1752 1751 1712
f 1753 1713 1714
f 1753 1752 1713
f 1754 1714 1715
f 1754 1753 1714
f 1755 1715 1716
f 1755 1754 1715
f 1756 1716 1717
f 1756 1755 1716
f 1757 1717 1718
f 1757 1756 1717
f 1758 1718 1719
f 1758 1757 1718
f 1759 1719 1720
f 1759 1758 1719
f 1760 1720 1721
f 1760 1759 1720
f 1761 1721 1722
f 1761 1760 1721
f 1762 1722 1723
f 1762 1761 1722
f 1763 1723 1724
f 1763 1762 1723
f 1764 1724 1725
f 1764 1763 1724
f 1765 1725 1726
f 1765 1764 1725
f 1766 1726 1727
f 1766 1765 1726
f 1767 1727 1728
f 1767 1766 1727
f 1768 1728 1729
f 1768 1767 1728
f 1769 1729 1731
f 1769 1768 1729
f 1769 1731 1770
f 1732 1770 1731
f 1771 1769 1770
f 1772 1771 1770
f 1772 1770 1732
f 1773 1734 1736
f 1733 1734 1773
f 1774 1736 1735
f 1773 1736 1774
f 1775 1735 1737
f 1776 1774 1735
f 1775 1776 1735
f 1777 1737 1738
f 1777 1775 1737
f 1778 1738 1739
f 1778 1777 1738
f 1779 1739 1740
f 1779 1778 1739
f 1780 1740 1741
f 1780 1779 1740
f 1781 1741 1742
f 1781 1780 1741
f 1782 1742 1743
f 1782 1781 1742
f 1783 1743 1744
f 1783 1782 1743
f 1784 1744 1745
f 1784 1783 1744
f 1785 1745 1746
f 1785 1784 1745
f 1786 1746 1747
f 1786 1785 1746
f 1787 1747 1748
f 1787 1786 1747
f 1788 1748 1749
f 1788 1787 1748
f 1789 1749 1750
f 1789 1788 1749
f 1790 1750 1751
f 1790 1789 1750
f 1791 1751 1752
f 1791 1790 1751
f 1792 1752 1753
f 1792 1791 1752
f 1793 1753 1754
f 1793 1792 1753
f 1794 1754 1755
f 1794 1793 1754
f 1795 1755 1756
f 1795 1794 1755
f 1796 1756 1757
f 1796 1795 1756
f 1797 1757 1758
f 1797 1796 1757
f 1798 1758 1759
f 1798 1797 1758
f 1799 1759 1760
f 1799 1798 1759
f 1800 1760 1761
f 1800 1799 1760
f 1801 1761 1762
f 1801 1800 1761
f 1802 1762 1763
f 1802 1801 1762
f 1803 1763 1764
f 1803 1802 1763
f 1804 1764 1765
f 1804 1803 1764
f 1805 1765 1766
f 1805 1804 1765
f 1806 1766 1767
f 1806 1805 1766
f 1807 1767 1768
f 1807 1806 1767
f 1808 1768 1769
f 1808 1807 1768
f 1809 1769 1771
f 1809 1808 1769
f 1809 1771 1810
f 1772 1810 1771
f 1811 1809 1810
f 1812 1811 1810
f 1812 1810 1772
f 1813 1774 1776
f 1773 1774 1813
f 1814 1776 1775
f 1813 1776 1814
f 1815 1775 1777
f 1816 1814 1775
f 1815 1816 1775
f 1817 1777 1778
f 1817 1815 1777
f 1818 1778 1779
f 1818 1817 1778
f 1819 1779 1780
f 1819 1818 1779
f 1820 1780 1781
f 1820 1819 1780
f 1821 1781 1782
f 1821 1820 1781
f 1822 1782 1783
f 1822 1821 1782
f 1823 1783 1784
f 1823 1822 1783
f 1824 1784 1785
f 1824 1823 1784
f 1825 1785 1786
f 1825 1824 1785
f 1826 1786 1787
f 1826 1825 1786
f 1827 1787 1788
f 1827 1826 1787
f 1828 1788 1789
f 1828 1827 1788
f 1829 1789 1790
f 1829 1828 1789
f 1830 1790 1791
f 1830 1829 1790
f 1831 1791 1792
f 1831 1830 1791
f 1832 1792 1793
f 1832 1831 1792
f 1833 1793 1794
f 1833 1832 1793
f 1834 1794 1795
f 1834 1833 1794
f 1835 1795 1796
f 1835 1834 1795
f 1836 1796 1797
f 1836 1835 1796
f 1837 1797 1798
f 1837 1836 1797
f 1838 1798 1799
f 1838 1837 1798
f 1839 1799 1800
f 1839 1838 1799
f 1840 1800 1801
f 1840 1839 1800
f 1841 1801 1802
f 1841 1840 1801
f 1842 1802 1803
f 1842 1841 1802
f 1843 1803 1804
f 1843 1842 1803
f 1844 1804 1805
f 1844 1843 1804
f 1845 1805 1806
f 1845 1844 1805
f 1846 1806 1807
f 1846 1845 1806
f 1847 1807 1808
f 1847 1846 1807
f 1848 1808 1809
f 1848 1847 1808
f 1849 1809 1811
f 1849 1848 1809
f 1849 1811 1850
f 1812 1850 1811
f 1851 1849 1850
f 1852 1851 1850
f 1852 1850 1812
f 1853 1814 1816
f 1813 1814 1853
f 1854 1816 1815
f 1853 1816 1854
f 1855 1815 1817
f 1856 1854 1815
f 1855 1856 1815
f 1857 1817 1818
f 1857 1855 1817
f 1858 1818 1819
f 1858 1857 1818
f 1859 1819 1820
f 1859 1858 1819
f 1860 1820 1821
f 1860 1859 1820
f 1861 1821 1822
f 1861 1860 1821
f 1862 1822 1823
f 1862 1861 1822
f 1863 1823 1824
f 1863 1862 1823
f 1864 1824 1825
f 1864 1863 1824
f 1865 1825 1826
f 1865 1864 1825
f 1866 1826 1827
f 1866 1865 1826
f 1867 1827 1828
f 1867 1866 1827
f 1868 1828 1829
f 1868 1867 1828
f 1869 1829 1830
f 1869 1868 1829
f 1870 1830 1831
f 1870 1869 1830
f 1871 1831 1832
f 1871 1870 1831
f 1872 1832 1833
f 1872 1871 1832
f 1873 1833 1834
f 1873 1872 1833
f 1874 1834 1835
f 1874 1873 1834
f 1875 1835 1836
f 1875 1874 1835
f 1876 1836 1837
f 1876 1875 1836
f 1877 1837 1838
f 1877 1876 1837
f 1878 1838 1839
f 1878 1877 1838
f 1879 1839 1840
f 1879 1878 1839
f 1880 1840 1841
f 1880 1879 1840
f 1881 1841 1842
f 1881 1880 1841
f 1882 1842 1843
f 1882 1881 1842
f 1883 1843 1844
f 1883 1882 1843
f 1884 1844 1845
f 1884 1883 1844
f 1885 1845 1846
f 1885 1884 1845
f 1886 1846 1847
f 1886 1885 1846
f 1887 1847 1848
f 1887 1886 1847
f 1888 1848 1849
f 1888 1887 1848
f 1889 1849 1851
f 1889 1888 1849
f 1889 1851 1890
f 1852 1890 1851
f 1891 1889 1890
f 1892 1891 1890
f 1892 1890 1852
f 1893 1854 1856
f 1853 1854 1893
f 1894 1856 1855
f 1893 1856 1894
f 1895 1855 1857
f 1896 1894 1855
f 1895 1896 1855
f 1897 1857 1858
f 1897 1895 1857
f 1898 1858 1859
f 1898 1897 1858
f 1899 1859 1860
f 1899 1898 1859
f 1900 1860 1861
f 1900 1899 1860
f 1901 1861 1862
f 1901 1900 1861
f 1902 1862 1863
f 1902 1901 1862
f 1903 1863 1864
f 1903 1902 1863
f 1904 1864 1865
f 1904 1903 1864
f 1905 1865 1866
f 1905 1904 1865
f 1906 1866 1867
f 1906 1905 1866
f 1907 1867 1868
f 1907 1906 1867
f 1908 1868 1869
f 1908 1907 1868
f 1909 1869 1870
f 1909 1908 1869
f 1910 1870 1871
f 1910 1909 1870
f 1911 1871 1872
f 1911 1910 1871
f 1912 1872 1873
f 1912 1911 1872
f 1913 1873 1874
f 1913 1912 1873
f 1914 1874 1875
f 1914 1913 1874
f 1915 1875 1876
f 1915 1914 1875
f 1916 1876 1877
f 1916 1915 1876
f 1917 1877 1878
f 1917 1916 1877
f 1918 1878 1879
f 1918 1917 1878
f 1919 1879 1880
f 1919 1918 1879
f 1920 1880 1881
f 1920 1919 1880
f 1921 1881 1882
f 1921 1920 1881
f 1922 1882 1883
f 1922 1921 1882
f 1923 1883 1884
f 1923 1922 1883
f 1924 1884 1885
f 1924 1923 1884
f 1925 1885 1886
f 1925 1924 1885
f 1926 1886 1887
f 1926 1925 1886
f 1927 1887 1888
f 1927 1926 1887
f 1928 1888 1889
f 1928 1927 1888
f 1929 1889 1891
f 1929 1928 1889
f 1929 1891 1930
f 1892 1930 1891
f 1931 1929 1930
f 1932 1931 1930
f 1932 1930 1892
f 1933 1894 1896
f 1893 1894 1933
f 1934 1896 1895
f 1933 1896 1934
f 1935 1895 1897
f 1936 1934 1895
f 1935 1936 1895
f 1937 1897 1898
f 1937 1935 1897
f 1938 1898 1899
f 1938 1937 1898
f 1939 1899 1900
f 1939 1938 1899
f 1940 1900 1901
f 1940 1939 1900
f 1941 1901 1902
f 1941 1940 1901
f 1942 1902 1903
f 1942 1941 1902
f 1943 1903 1904
f 1943 1942 1903
f 1944 1904 1905
f 1944 1943 1904
f 1945 1905 1906
f 1945 1944 1905
f 1946 1906 1907
f 1946 1945 1906
f 1947 1907 1908
f 1947 1946 1907
f 1948 1908 1909
f 1948 1947 1908
f 1949 1909 1910
f 1949 1948 1909
f 1950 1910 1911
f 1950 1949 1910
f 1951 1911 1912
f 1951 1950 1911
f 1952 1912 1913
f 1952 1951 1912
f 1953 1913 1914
f 1953 1952 1913
f 1954 1914 1915
f 1954 1953 1914
f 1955 1915 1916
f 1955 1954 1915
f 1956 1916 1917
f 1956 1955 1916
f 1957 1917 1918
f 1957 1956 1917
f 1958 1918 1919
f 1958 1957 1918
f 1959 1919 1920
f 1959 1958 1919
f 1960 1920 1921
f 1960 1959 1920
f 1961 1921 1922
f 1961 1960 1921
f 1962 1922 1923
f 1962 1961 1922
f 1963 1923 1924
f 1963 1962 1923
f 1964 1924 1925
f 1964 1963 1924
f 1965 1925 1926
f 1965 1964 1925
f 1966 1926 1927
f 1966 1965 1926
f 1967 1927 1928
f 1967 1966 1927
f 1968 1928 1929
f 1968 1967 1928
f 1969 1929 1931
f 1969 1968 1929
f 1969 1931 1970
f 1932 1970 1931
f 1971 1969 1970
f 1972 1971 1970
f 1972 1970 1932
f 1973 1934 1936
f 1933 1934 1973
f 1974 1936 1935
f 1973 1936 1974
f 1975 1935 1937
f 1976 1974 1935
f 1977 1976 1935
f 1975 1977 1935
f 1978 1937 1938
f 1979 1975 1937
f 1978 1979 1937
f 1980 1938 1939
f 1981 1978 1938
f 1980 1981 1938
f 1982 1939 1940
f 1983 1980 1939
f 1982 1983 1939
f 1984 1940 1941
f 1985 1982 1940
f 1984 1985 1940
f 1986 1941 1942
f 1987 1984 1941
f 1986 1987 1941
f 1988 1942 1943
f 1989 1986 1942
f 1988 1989 1942
f 1990 1943 1944
f 1991 1988 1943
f 1990 1991 1943
f 1992 1944 1945
f 1993 1990 1944
f 1992 1993 1944
f 1994 1945 1946
f 1995 1992 1945
f 1994 1995 1945
f 1996 1946 1947
f 1997 1994 1946
f 1996 1997 1946
f 1998 1947 1948
f 1998 1996 1947
f 1999 1948 1949
f 1999 1998 1948
f 2000 1949 1950
f 2000 1999 1949
f 2001 1950 1951
f 2001 2000 1950
f 2002 1951 1952
f 2002 2001 1951
f 2003 1952 1953
f 2003 2002 1952
f 2004 1953 1954
f 2004 2003 1953
f 2005 1954 1955
f 2005 2004 1954
f 2006 1955 1956
f 2006 2005 1955
f 2007 1956 1957
f 2007 2006 1956
f 2008 1957 1958
f 2008 2007 1957
f 2009 1958 1959
f 2009 2008 1958
f 2010 1959 1960
f 2010 2009 1959
f 2011 1960 1961
f 2011 2010 1960
f 2012 1961 1962
f 2012 2011 1961
f 2013 1962 1963
f 2013 2012 1962
f 2014 1963 1964
f 2014 2013 1963
f 2015 1964 1965
f 2015 2014 1964
f 2016 1965 1966
f 2016 2015 1965
f 2017 1966 1967
f 2017 2016 1966
f 2018 1967 1968
f 2018 2017 1967
f 2019 1968 1969
f 2019 2018 1968
f 2020 1969 1971
f 2020 2019 1969
f 2020 1971 2021
f 1972 2021 1971
f 2022 2020 2021
f 2023 2022 2021
f 2023 2021 1972
f 2024 1974 1976
f 1973 1974 2024
f 1977 2025 1976
f 2026 1976 2025
f 2024 1976 2026
f 2027 2025 1977
f 2026 2025 2028
f 2029 2028 2025
f 2027 2029 2025
f 2030 1977 1975
f 2030 2027 1977
f 2030 1975 1979
f 2031 1979 1978
f 2031 2030 1979
f 2031 1978 1981
f 2032 1981 1980
f 2032 2031 1981
f 2032 1980 1983
f 2033 1983 1982
f 2033 2032 1983
f 2033 1982 1985
f 2034 1985 1984
f 2034 2033 1985
f 2034 1984 1987
f 2035 1987 1986
f 2035 2034 1987
f 2035 1986 1989
f 2036 1989 1988
f 2036 2035 1989
f 2036 1988 1991
f 2037 1991 1990
f 2037 2036 1991
f 2037 1990 1993
f 2038 1993 1992
f 2038 2037 1993
f 2038 1992 1995
f 2039 1995 1994
f 2040 1995 2039
f 2038 1995 2040
f 2041 1994 1997
f 2042 1994 2041
f 2039 1994 2042
f 2043 1997 1996
f 2041 1997 2043
f 2044 1996 1998
f 2043 1996 2044
f 2045 1998 1999
f 2044 1998 2045
f 2046 1999 2000
f 2047 2045 1999
f 2046 2047 1999
f 2048 2000 2001
f 2049 2046 2000
f 2048 2049 2000
f 2050 2001 2002
f 2050 2048 2001
f 2050 2002 2003
f 2051 2003 2004
f 2050 2003 2051
f 2052 2004 2005
f 2052 2051 2004
f 2053 2005 2006
f 2053 2052 2005
f 2054 2006 2007
f 2053 2006 2054
f 2055 2007 2008
f 2055 2054 2007
f 2056 2008 2009
f 2057 2055 2008
f 2056 2057 2008
f 2058 2009 2010
f 2058 2056 2009
f 2059 2010 2011
f 2059 2058 2010
f 2060 2011 2012
f 2060 2059 2011
f 2061 2012 2013
f 2061 2060 2012
f 2062 2013 2014
f 2062 2061 2013
f 2063 2014 2015
f 2063 2062 2014
f 2064 2015 2016
f 2064 2063 2015
f 2065 2016 2017
f 2065 2064 2016
f 2066 2017 2018
f 2066 2065 2017
f 2067 2018 2019
f 2067 2066 2018
f 2068 2019 2020
f 2068 2067 2019
f 2068 2020 2022
f 2068 2022 2069
f 2023 2069 2022
f 2070 2068 2069
f 2071 2070 2069
f 2071 2069 2023
f 2072 2054 2055
f 2072 2053 2054
f 2073 2055 2057
f 2073 2072 2055
f 2074 2057 2056
f 2073 2057 2074
f 2075 2056 2058
f 2076 2074 2056
f 2075 2076 2056
f 2077 2058 2059
f 2077 2075 2058
f 2078 2059 2060
f 2078 2077 2059
f 2079 2060 2061
f 2079 2078 2060
f 2080 2061 2062
f 2080 2079 2061
f 2081 2062 2063
f 2081 2080 2062
f 2082 2063 2064
f 2082 2081 2063
f 2083 2064 2065
f 2083 2082 2064
f 2084 2065 2066
f 2084 2083 2065
f 2085 2066 2067
f 2085 2084 2066
f 2086 2067 2068
f 2086 2085 2067
f 2087 2068 2070
f 2087 2086 2068
f 2087 2070 2088
f 2071 2088 2070
f 2089 2087 2088
f 2090 2089 2088
f 2090 2088 2071
f 2091 2074 2076
f 2091 2073 2074
f 2092 2076 2075
f 2092 2091 2076
f 2093 2075 2077
f 2092 2075 2093
f 2094 2077 2078
f 2095 2093 2077
f 2096 2095 2077
f 2094 2096 2077
f 2097 2078 2079
f 2097 2094 2078
f 2098 2079 2080
f 2098 2097 2079
f 2099 2080 2081
f 2099 2098 2080
f 2100 2081 2082
f 2100 2099 2081
f 2101 2082 2083
f 2101 2100 2082
f 2102 2083 2084
f 2102 2101 2083
f 2103 2084 2085
f 2103 2102 2084
f 2104 2085 2086
f 2104 2103 2085
f 2105 2086 2087
f 2105 2104 2086
f 2106 2087 2089
f 2106 2105 2087
f 2106 2089 2107
f 2090 2107 2089
f 2108 2106 2107
f 2109 2108 2107
f 2109 2107 2090
f 2110 2093 2095
f 2110 2092 2093
f 2110 2095 2096
f 2111 2096 2094
f 2110 2096 2111
f 2112 2094 2097
f 2113 2111 2094
f 2112 2113 2094
f 2114 2097 2098
f 2114 2112 2097
f 2115 2098 2099
f 2115 2114 2098
f 2116 2099 2100
f 2116 2115 2099
f 2117 2100 2101
f 2117 2116 2100
f 2118 2101 2102
f 2118 2117 2101
f 2119 2102 2103
f 2119 2118 2102
f 2120 2103 2104
f 2120 2119 2103
f 2121 2104 2105
f 2121 2120 2104
f 2122 2105 2106
f 2122 2121 2105
f 2122 2106 2108
f 2122 2108 2123
f 2109 2123 2108
f 2124 2122 2123
f 2125 2124 2123
f 2125 2123 2109
f 2126 2111 2113
f 2126 2110 2111
f 2127 2113 2112
f 2126 2113 2127
f 2128 2112 2114
f 2129 2127 2112
f 2130 2129 2112
f 2128 2130 2112
f 2131 2114 2115
f 2131 2128 2114
f 2132 2115 2116
f 2132 2131 2115
f 2133 2116 2117
f 2133 2132 2116
f 2134 2117 2118
f 2134 2133 2117
f 2135 2118 2119
f 2135 2134 2118
f 2136 2119 2120
f 2136 2135 2119
f 2137 2120 2121
f 2137 2136 2120
f 2138 2121 2122
f 2138 2137 2121
f 2139 2122 2124
f 2139 2138 2122
f 2139 2124 2140
f 2125 2140 2124
f 2141 2139 2140
f 2142 2141 2140
f 2142 2140 2125
f 2143 2127 2129
f 2143 2126 2127
f 2143 2129 2130
f 2144 2130 2128
f 2145 2130 2144
f 2145 2143 2130
f 2146 2128 2131
f 2147 2144 2128
f 2146 2147 2128
f 2148 2131 2132
f 2148 2146 2131
f 2149 2132 2133
f 2149 2148 2132
f 2150 2133 2134
f 2150 2149 2133
f 2151 2134 2135
f 2151 2150 2134
f 2152 2135 2136
f 2152 2151 2135
f 2153 2136 2137
f 2153 2152 2136
f 2154 2137 2138
f 2154 2153 2137
f 2155 2138 2139
f 2155 2154 2138
f 2156 2139 2141
f 2156 2155 2139
f 2156 2141 2157
f 2142 2157 2141
f 2158 2156 2157
f 2159 2158 2157
f 2159 2157 2142
f 2145 2144 2147
f 2160 2147 2146
f 2161 2147 2160
f 2161 2145 2147
f 2162 2146 2148
f 2163 2160 2146
f 2162 2163 2146
f 2164 2148 2149
f 2164 2162 2148
f 2165 2149 2150
f 2165 2164 2149
f 2166 2150 2151
f 2166 2165 2150
f 2167 2151 2152
f 2167 2166 2151
f 2168 2152 2153
f 2168 2167 2152
f 2169 2153 2154
f 2169 2168 2153
f 2170 2154 2155
f 2170 2169 2154
f 2171 2155 2156
f 2171 2170 2155
f 2171 2156 2158
f 2171 2158 2172
f 2159 2172 2158
f 2173 2171 2172
f 2174 2173 2172
f 2174 2172 2159
f 2161 2160 2163
f 2175 2163 2162
f 2175 2176 2163
f 2177 2163 2176
f 2177 2161 2163
f 2178 2162 2164
f 2178 2175 2162
f 2179 2164 2165
f 2179 2178 2164
f 2180 2165 2166
f 2180 2179 2165
f 2181 2166 2167
f 2181 2180 2166
f 2182 2167 2168
f 2182 2181 2167
f 2183 2168 2169
f 2183 2182 2168
f 2184 2169 2170
f 2184 2183 2169
f 2185 2170 2171
f 2185 2184 2170
f 2186 2171 2173
f 2186 2185 2171
f 2186 2173 2187
f 2174 2187 2173
f 2188 2186 2187
f 2189 2188 2187
f 2189 2187 2174
f 2175 2190 2176
f 2177 2176 2190
f 2191 2190 2175
f 2191 2192 2190
f 2193 2190 2192
f 2193 2177 2190
f 2194 2175 2178
f 2194 2191 2175
f 2195 2178 2179
f 2195 2194 2178
f 2196 2179 2180
f 2196 2195 2179
f 2197 2180 2181
f 2197 2196 2180
f 2198 2181 2182
f 2198 2197 2181
f 2199 2182 2183
f 2199 2198 2182
f 2200 2183 2184
f 2200 2199 2183
f 2201 2184 2185
f 2201 2200 2184
f 2202 2185 2186
f 2202 2201 2185
f 2202 2186 2188
f 2202 2188 2203
f 2189 2203 2188
f 2204 2202 2203
f 2205 2204 2203
f 2205 2203 2189
f 2191 2206 2192
f 2193 2192 2206
f 2207 2206 2191
f 2207 2208 2206
f 2209 2206 2208
f 2209 2193 2206
f 2210 2191 2194
f 2210 2207 2191
f 2211 2194 2195
f 2211 2210 2194
f 2212 2195 2196
f 2212 2211 2195
f 2213 2196 2197
f 2213 2212 2196
f 2214 2197 2198
f 2214 2213 2197
f 2215 2198 2199
f 2215 2214 2198
f 2216 2199 2200
f 2216 2215 2199
f 2217 2200 2201
f 2217 2216 2200
f 2218 2201 2202
f 2218 2217 2201
f 2218 2202 2204
f 2218 2204 2219
f 2205 2219 2204
f 2220 2218 2219
f 2221 2220 2219
f 2221 2219 2205
f 2207 2222 2208
f 2209 2208 2222
f 2223 2222 2207
f 2223 2224 2222
f 2225 2222 2224
f 2225 2209 2222
f 2226 2207 2210
f 2226 2223 2207
f 2227 2210 2211
f 2227 2226 2210
f 2228 2211 2212
f 2228 2227 2211
f 2229 2212 2213
f 2229 2228 2212
f 2230 2213 2214
f 2230 2229 2213
f 2231 2214 2215
f 2231 2230 2214
f 2232 2215 2216
f 2232 2231 2215
f 2233 2216 2217
f 2233 2232 2216
f 2234 2217 2218
f 2234 2233 2217
f 2235 2218 2220
f 2235 2234 2218
f 2235 2220 2236
f 2221 2236 2220
f 2237 2235 2236
f 2238 2237 2236
f 2238 2236 2221
f 2223 2239 2224
f 2225 2224 2239
f 2223 2240 2239
f 2241 2239 2240
f 2241 2225 2239
f 2242 2240 2223
f 2242 2243 2240
f 2241 2240 2243
f 2244 2223 2226
f 2244 2242 2223
f 2245 2226 2227
f 2245 2244 2226
f 2246 2227 2228
f 2246 2245 2227
f 2247 2228 2229
f 2247 2246 2228
f 2248 2229 2230
f 2248 2247 2229
f 2249 2230 2231
f 2249 2248 2230
f 2250 2231 2232
f 2250 2249 2231
f 2251 2232 2233
f 2251 2250 2232
f 2252 2233 2234
f 2252 2251 2233
f 2253 2234 2235
f 2253 2252 2234
f 2254 2235 2237
f 2254 2253 2235
f 2254 2237 2255
f 2238 2255 2237
f 2256 2254 2255
f 2257 2256 2255
f 2257 2255 2238
f 2242 2258 2243
f 2259 2243 2258
f 2259 2241 2243
f 2242 2260 2258
f 2259 2258 2260
f 2261 2260 2242
f 2262 2263 2260
f 2264 2260 2263
f 2261 2262 2260
f 2264 2259 2260
f 2265 2242 2244
f 2265 2261 2242
f 2266 2244 2245
f 2266 2265 2244
f 2267 2245 2246
f 2267 2266 2245
f 2268 2246 2247
f 2268 2267 2246
f 2269 2247 2248
f 2269 2268 2247
f 2270 2248 2249
f 2270 2269 2248
f 2271 2249 2250
f 2271 2270 2249
f 2272 2250 2251
f 2272 2271 2250
f 2273 2251 2252
f 2273 2272 2251
f 2274 2252 2253
f 2274 2273 2252
f 2275 2253 2254
f 2275 2274 2253
f 2275 2254 2256
f 2275 2256 2276
f 2257 2276 2256
f 2277 2275 2276
f 2278 2277 2276
f 2278 2276 2257
f 2262 2279 2263
f 2280 2263 2279
f 2280 2264 2263
f 2281 2279 2262
f 2282 2283 2279
f 2280 2279 2283
f 2281 2282 2279
f 2284 2262 2261
f 2284 2281 2262
f 2285 2261 2265
f 2285 2284 2261
f 2286 2265 2266
f 2286 2285 2265
f 2287 2266 2267
f 2287 2286 2266
f 2288 2267 2268
f 2288 2287 2267
f 2289 2268 2269
f 2289 2288 2268
f 2290 2269 2270
f 2290 2289 2269
f 2291 2270 2271
f 2291 2290 2270
f 2292 2271 2272
f 2292 2291 2271
f 2293 2272 2273
f 2293 2292 2272
f 2294 2273 2274
f 2294 2293 2273
f 2295 2274 2275
f 2295 2294 2274
f 2295 2275 2277
f 2295 2277 2296
f 2278 2296 2277
f 2297 2295 2296
f 2298 2297 2296
f 2298 2296 2278
f 2282 2299 2283
f 2300 2283 2299
f 2300 2280 2283
f 2301 2302 2299
f 2303 2299 2302
f 2282 2301 2299
f 2303 2300 2299
f 2304 2305 2302
f 2306 2302 2305
f 2301 2304 2302
f 2306 2303 2302
f 2304 2307 2305
f 2306 2305 2307
f 2308 2307 2304
f 2309 2310 2307
f 2306 2307 2310
f 2308 2309 2307
f 2311 2304 2301
f 2311 2308 2304
f 2312 2301 2282
f 2312 2311 2301
f 2313 2282 2281
f 2313 2312 2282
f 2314 2281 2284
f 2314 2313 2281
f 2315 2284 2285
f 2315 2314 2284
f 2316 2285 2286
f 2316 2315 2285
f 2317 2286 2287
f 2317 2316 2286
f 2318 2287 2288
f 2318 2317 2287
f 2319 2288 2289
f 2319 2318 2288
f 2320 2289 2290
f 2320 2319 2289
f 2321 2290 2291
f 2321 2320 2290
f 2322 2291 2292
f 2322 2321 2291
f 2323 2292 2293
f 2323 2322 2292
f 2324 2293 2294
f 2324 2323 2293
f 2325 2294 2295
f 2325 2324 2294
f 2326 2295 2297
f 2326 2325 2295
f 2326 2297 2327
f 2298 2327 2297
f 2328 2326 2327
f 2329 2328 2327
f 2329 2327 2298
f 2309 2330 2310
f 2331 2310 2330
f 2331 2306 2310
f 2309 2332 2330
f 2333 2330 2332
f 2331 2330 2333
f 2334 2335 2332
f 2336 2332 2335
f 2309 2334 2332
f 2336 2333 2332
f 2337 2338 2335
f 2339 2335 2338
f 2334 2337 2335
f 2339 2336 2335
f 2340 2341 2338
f 2342 2338 2341
f 2337 2340 2338
f 2342 2339 2338
f 2343 2344 2341
f 2345 2341 2344
f 2340 2343 2341
f 2346 2342 2341
f 2345 2346 2341
f 2347 2348 2344
f 2349 2344 2348
f 2343 2347 2344
f 2349 2345 2344
f 2350 2351 2348
f 2352 2348 2351
f 2347 2350 2348
f 2352 2349 2348
f 2353 2354 2351
f 2355 2351 2354
f 2356 2353 2351
f 2350 2356 2351
f 2355 2352 2351
f 2357 2354 2353
f 2358 2355 2354
f 2357 2358 2354
f 2359 2360 2353
f 2361 2353 2360
f 2356 2359 2353
f 2362 2353 2361
f 2357 2353 2362
f 2363 2364 2360
f 2365 2360 2364
f 2359 2363 2360
f 2361 2360 2365
f 2363 2366 2364
f 2365 2364 2366
f 2367 2368 2366
f 2369 2366 2368
f 2363 2367 2366
f 2365 2366 2369
f 2367 2370 2368
f 2369 2368 2370
f 2371 2372 2370
f 2373 2370 2372
f 2367 2371 2370
f 2369 2370 2373
f 2371 2374 2372
f 2373 2372 2374
f 2375 2376 2374
f 2377 2374 2376
f 2371 2375 2374
f 2373 2374 2377
f 2375 2378 2376
f 2377 2376 2378
f 2379 2380 2378
f 2381 2378 2380
f 2375 2379 2378
f 2377 2378 2381
f 2379 2382 2380
f 2381 2380 2382
f 2383 2384 2382
f 2385 2382 2384
f 2379 2383 2382
f 2381 2382 2385
f 2383 2386 2384
f 2385 2384 2386
f 2387 2388 2386
f 2389 2386 2388
f 2383 2387 2386
f 2385 2386 2389
f 2387 2390 2388
f 2389 2388 2390
f 2391 2392 2390
f 2393 2390 2392
f 2387 2391 2390
f 2393 2389 2390
f 2391 2394 2392
f 2393 2392 2394
f 2395 2396 2394
f 2397 2394 2396
f 2391 2395 2394
f 2397 2393 2394
f 2398 2399 2396
f 2400 2396 2399
f 2395 2398 2396
f 2397 2396 2400
f 2401 2399 2398
f 2402 2399 2403
f 2401 2403 2399
f 2402 2400 2399
f 2404 2398 2395
f 2401 2398 2404
f 2405 2395 2391
f 2404 2395 2405
f 2406 2391 2387
f 2407 2405 2391
f 2406 2407 2391
f 2408 2387 2383
f 2408 2406 2387
f 2409 2383 2379
f 2409 2408 2383
f 2410 2379 2375
f 2410 2409 2379
f 2411 2375 2371
f 2411 2410 2375
f 2412 2371 2367
f 2412 2411 2371
f 2413 2367 2363
f 2413 2412 2367
f 2414 2363 2359
f 2414 2413 2363
f 2415 2359 2356
f 2415 2414 2359
f 2416 2356 2350
f 2416 2415 2356
f 2417 2350 2347
f 2417 2416 2350
f 2418 2347 2343
f 2418 2417 2347
f 2419 2343 2340
f 2419 2418 2343
f 2420 2340 2337
f 2420 2419 2340
f 2421 2337 2334
f 2421 2420 2337
f 2422 2334 2309
f 2422 2421 2334
f 2423 2309 2308
f 2423 2422 2309
f 2424 2308 2311
f 2425 2423 2308
f 2424 2425 2308
f 2426 2311 2312
f 2426 2424 2311
f 2427 2312 2313
f 2427 2426 2312
f 2428 2313 2314
f 2428 2427 2313
f 2429 2314 2315
f 2429 2428 2314
f 2430 2315 2316
f 2430 2429 2315
f 2431 2316 2317
f 2431 2430 2316
f 2432 2317 2318
f 2433 2431 2317
f 2434 2433 2317
f 2432 2434 2317
f 2435 2318 2319
f 2435 2432 2318
f 2436 2319 2320
f 2436 2435 2319
f 2437 2320 2321
f 2437 2436 2320
f 2438 2321 2322
f 2438 2437 2321
f 2439 2322 2323
f 2439 2438 2322
f 2440 2323 2324
f 2440 2439 2323
f 2441 2324 2325
f 2441 2440 2324
f 2442 2325 2326
f 2442 2441 2325
f 2442 2326 2328
f 2442 2328 2443
f 2329 2443 2328
f 2444 2442 2443
f 2445 2444 2443
f 2445 2443 2329
f 2446 2405 2407
f 2404 2405 2446
f 2447 2407 2406
f 2446 2407 2447
f 2448 2406 2408
f 2449 2406 2448
f 2447 2406 2449
f 2450 2408 2409
f 2448 2408 2450
f 2451 2409 2410
f 2450 2409 2451
f 2452 2410 2411
f 2451 2410 2452
f 2453 2411 2412
f 2452 2411 2453
f 2454 2412 2413
f 2453 2412 2454
f 2455 2413 2414
f 2454 2413 2455
f 2456 2414 2415
f 2455 2414 2456
f 2457 2458 2415
f 2459 2415 2458
f 2416 2457 2415
f 2456 2415 2459
f 2460 2458 2457
f 2461 2459 2458
f 2460 2461 2458
f 2462 2457 2416
f 2462 2460 2457
f 2462 2416 2417
f 2463 2417 2418
f 2462 2417 2464
f 2463 2464 2417
f 2465 2418 2419
f 2465 2463 2418
f 2466 2419 2420
f 2466 2465 2419
f 2467 2420 2421
f 2467 2466 2420
f 2468 2421 2422
f 2468 2467 2421
f 2469 2422 2423
f 2469 2468 2422
f 2470 2423 2425
f 2470 2469 2423
f 2471 2425 2424
f 2471 2470 2425
f 2472 2424 2426
f 2472 2471 2424
f 2473 2426 2427
f 2473 2472 2426
f 2474 2427 2428
f 2474 2473 2427
f 2475 2428 2429
f 2475 2474 2428
f 2476 2429 2430
f 2476 2475 2429
f 2477 2430 2431
f 2477 2476 2430
f 2478 2431 2433
f 2479 2431 2478
f 2477 2431 2479
f 2480 2433 2434
f 2478 2433 2480
f 2481 2434 2432
f 2480 2434 2481
f 2482 2432 2435
f 2483 2481 2432
f 2482 2483 2432
f 2484 2435 2436
f 2484 2482 2435
f 2485 2436 2437
f 2485 2484 2436
f 2486 2437 2438
f 2486 2485 2437
f 2487 2438 2439
f 2487 2486 2438
f 2488 2439 2440
f 2488 2487 2439
f 2489 2440 2441
f 2489 2488 2440
f 2490 2441 2442
f 2490 2489 2441
f 2491 2442 2444
f 2491 2490 2442
f 2491 2444 2492
f 2445 2492 2444
f 2493 2491 2492
f 2494 2493 2492
f 2494 2492 2445
f 2495 2481 2483
f 2480 2481 2495
f 2496 2483 2482
f 2495 2483 2496
f 2497 2482 2484
f 2498 2496 2482
f 2497 2498 2482
f 2499 2484 2485
f 2499 2497 2484
f 2500 2485 2486
f 2500 2499 2485
f 2501 2486 2487
f 2501 2500 2486
f 2502 2487 2488
f 2502 2501 2487
f 2503 2488 2489
f 2503 2502 2488
f 2504 2489 2490
f 2504 2503 2489
f 2505 2490 2491
f 2505 2504 2490
f 2506 2491 2493
f 2506 2505 2491
f 2506 2493 2507
f 2494 2507 2493
f 2508 2506 2507
f 2509 2508 2507
f 2509 2507 2494
f 2510 2496 2498
f 2495 2496 2510
f 2511 2498 2497
f 2510 2498 2511
f 2512 2497 2499
f 2513 2511 2497
f 2512 2513 2497
f 2514 2499 2500
f 2514 2512 2499
f 2515 2500 2501
f 2515 2514 2500
f 2516 2501 2502
f 2516 2515 2501
f 2517 2502 2503
f 2517 2516 2502
f 2518 2503 2504
f 2518 2517 2503
f 2519 2504 2505
f 2519 2518 2504
f 2520 2505 2506
f 2520 2519 2505
f 2521 2506 2508
f 2521 2520 2506
f 2521 2508 2522
f 2509 2522 2508
f 2523 2521 2522
f 2524 2523 2522
f 2524 2522 2509
f 2525 2511 2513
f 2510 2511 2525
f 2526 2513 2512
f 2525 2513 2526
f 2527 2512 2514
f 2528 2526 2512
f 2527 2528 2512
f 2529 2514 2515
f 2529 2527 2514
f 2530 2515 2516
f 2530 2529 2515
f 2531 2516 2517
f 2531 2530 2516
f 2532 2517 2518
f 2532 2531 2517
f 2533 2518 2519
f 2533 2532 2518
f 2534 2519 2520
f 2534 2533 2519
f 2535 2520 2521
f 2535 2534 2520
f 2536 2521 2523
f 2536 2535 2521
f 2536 2523 2537
f 2524 2537 2523
f 2538 2536 2537
f 2539 2538 2537
f 2539 2537 2524
f 2540 2526 2528
f 2525 2526 2540
f 2541 2528 2527
f 2540 2528 2541
f 2542 2527 2529
f 2543 2541 2527
f 2542 2543 2527
f 2544 2529 2530
f 2544 2542 2529
f 2545 2530 2531
f 2545 2544 2530
f 2546 2531 2532
f 2546 2545 2531
f 2547 2532 2533
f 2547 2546 2532
f 2548 2533 2534
f 2548 2547 2533
f 2549 2534 2535
f 2549 2548 2534
f 2550 2535 2536
f 2550 2549 2535
f 2551 2536 2538
f 2551 2550 2536
f 2551 2538 2552
f 2539 2552 2538
f 2553 2551 2552
f 2554 2553 2552
f 2554 2552 2539
f 2555 2541 2543
f 2540 2541 2555
f 2556 2543 2542
f 2555 2543 2556
f 2557 2542 2544
f 2558 2556 2542
f 2557 2558 2542
f 2559 2544 2545
f 2559 2557 2544
f 2560 2545 2546
f 2560 2559 2545
f 2561 2546 2547
f 2561 2560 2546
f 2562 2547 2548
f 2562 2561 2547
f 2563 2548 2549
f 2563 2562 2548
f 2564 2549 2550
f 2564 2563 2549
f 2565 2550 2551
f 2565 2564 2550
f 2566 2551 2553
f 2566 2565 2551
f 2566 2553 2567
f 2554 2567 2553
f 2568 2566 2567
f 2569 2568 2567
f 2569 2567 2554
f 2570 2556 2558
f 2555 2556 2570
f 2571 2558 2557
f 2570 2558 2571
f 2572 2557 2559
f 2573 2571 2557
f 2572 2573 2557
f 2574 2559 2560
f 2574 2572 2559
f 2575 2560 2561
f 2575 2574 2560
f 2576 2561 2562
f 2576 2575 2561
f 2577 2562 2563
f 2577 2576 2562
f 2578 2563 2564
f 2578 2577 2563
f 2579 2564 2565
f 2579 2578 2564
f 2580 2565 2566
f 2580 2579 2565
f 2581 2566 2568
f 2581 2580 2566
f 2581 2568 2582
f 2569 2582 2568
f 2583 2581 2582
f 2584 2583 2582
f 2584 2582 2569
f 2585 2571 2573
f 2585 2570 2571
f 2586 2573 2572
f 2585 2573 2586
f 2587 2572 2574
f 2588 2586 2572
f 2587 2588 2572
f 2589 2574 2575
f 2589 2587 2574
f 2590 2575 2576
f 2590 2589 2575
f 2591 2576 2577
f 2591 2590 2576
f 2592 2577 2578
f 2592 2591 2577
f 2593 2578 2579
f 2593 2592 2578
f 2594 2579 2580
f 2594 2593 2579
f 2595 2580 2581
f 2595 2594 2580
f 2596 2581 2583
f 2596 2595 2581
f 2596 2583 2597
f 2584 2597 2583
f 2598 2596 2597
f 2599 2598 2597
f 2599 2597 2584
f 2600 2601 2586
f 2602 2586 2601
f 2588 2600 2586
f 2602 2585 2586
f 2603 2604 2601
f 2602 2601 2604
f 2600 2603 2601
f 2603 2605 2604
f 2606 2604 2605
f 2606 2602 2604
f 2607 2608 2605
f 2606 2605 2608
f 2603 2607 2605
f 2607 2609 2608
f 2610 2608 2609
f 2610 2606 2608
f 2611 2612 2609
f 2610 2609 2612
f 2607 2611 2609
f 2611 2613 2612
f 2614 2612 2613
f 2614 2610 2612
f 2615 2616 2613
f 2614 2613 2616
f 2611 2615 2613
f 2615 2617 2616
f 2618 2616 2617
f 2618 2614 2616
f 2619 2620 2617
f 2618 2617 2620
f 2615 2619 2617
f 2619 2621 2620
f 2622 2620 2621
f 2622 2618 2620
f 2623 2624 2621
f 2622 2621 2624
f 2619 2623 2621
f 2623 2625 2624
f 2626 2624 2625
f 2626 2622 2624
f 2627 2628 2625
f 2626 2625 2628
f 2623 2627 2625
f 2627 2629 2628
f 2630 2628 2629
f 2630 2626 2628
f 2627 2631 2629
f 2630 2629 2631
f 2632 2633 2631
f 2634 2631 2633
f 2627 2632 2631
f 2634 2630 2631
f 2632 2635 2633
f 2634 2633 2635
f 2636 2637 2635
f 2638 2635 2637
f 2632 2636 2635
f 2638 2634 2635
f 2636 2639 2637
f 2638 2637 2639
f 2640 2641 2639
f 2642 2639 2641
f 2636 2640 2639
f 2642 2638 2639
f 2640 2643 2641
f 2642 2641 2643
f 2644 2645 2643
f 2646 2643 2645
f 2640 2644 2643
f 2646 2642 2643
f 2644 2647 2645
f 2646 2645 2647
f 2648 2649 2647
f 2650 2647 2649
f 2644 2648 2647
f 2650 2646 2647
f 2648 2651 2649
f 2650 2649 2651
f 2652 2653 2651
f 2654 2651 2653
f 2648 2652 2651
f 2654 2650 2651
f 2652 2655 2653
f 2654 2653 2655
f 2656 2657 2655
f 2658 2655 2657
f 2652 2656 2655
f 2654 2655 2658
f 2656 2659 2657
f 2660 2657 2659
f 2660 2658 2657
f 2656 2661 2659
f 2662 2659 2661
f 2660 2659 2662
f 2663 2664 2661
f 2665 2661 2664
f 2656 2663 2661
f 2666 2662 2661
f 2665 2666 2661
f 2667 2668 2664
f 2669 2664 2668
f 2663 2667 2664
f 2669 2665 2664
f 2670 2671 2668
f 2672 2668 2671
f 2667 2670 2668
f 2672 2669 2668
f 2673 2674 2671
f 2675 2671 2674
f 2670 2673 2671
f 2675 2672 2671
f 2676 2677 2674
f 2678 2674 2677
f 2673 2676 2674
f 2678 2675 2674
f 2679 2680 2677
f 2681 2677 2680
f 2676 2679 2677
f 2681 2678 2677
f 2682 2683 2680
f 2684 2680 2683
f 2679 2682 2680
f 2684 2681 2680
f 2685 2686 2683
f 2687 2683 2686
f 2682 2685 2683
f 2687 2684 2683
f 2688 2689 2686
f 2690 2686 2689
f 2691 2688 2686
f 2692 2691 2686
f 2685 2692 2686
f 2690 2687 2686
f 2693 2689 2688
f 2690 2689 2694
f 2693 2694 2689
f 2695 2688 2691
f 2693 2688 2695
f 2696 2691 2692
f 2695 2691 2696
f 2697 2692 2685
f 2696 2692 2697
f 2698 2685 2682
f 2697 2685 2698
f 2699 2682 2679
f 2698 2682 2699
f 2700 2679 2676
f 2699 2679 2700
f 2701 2676 2673
f 2700 2676 2701
f 2702 2673 2670
f 2701 2673 2702
f 2703 2670 2667
f 2702 2670 2703
f 2704 2667 2663
f 2703 2667 2704
f 2705 2663 2656
f 2704 2663 2705
f 2706 2656 2652
f 2705 2656 2706
f 2707 2652 2648
f 2706 2652 2707
f 2708 2648 2644
f 2707 2648 2708
f 2709 2644 2640
f 2708 2644 2709
f 2710 2640 2636
f 2709 2640 2710
f 2711 2636 2632
f 2710 2636 2711
f 2712 2632 2627
f 2711 2632 2712
f 2713 2627 2623
f 2712 2627 2713
f 2714 2623 2619
f 2713 2623 2714
f 2715 2619 2615
f 2714 2619 2715
f 2716 2615 2611
f 2715 2615 2716
f 2717 2611 2607
f 2716 2611 2717
f 2718 2607 2603
f 2717 2607 2718
f 2719 2603 2600
f 2718 2603 2719
f 2720 2600 2588
f 2719 2600 2720
f 2721 2588 2587
f 2720 2588 2721
f 2722 2587 2589
f 2721 2587 2722
f 2723 2589 2590
f 2722 2589 2723
f 2724 2590 2591
f 2723 2590 2724
f 2725 2591 2592
f 2724 2591 2725
f 2726 2592 2593
f 2725 2592 2726
f 2727 2593 2594
f 2726 2593 2727
f 2728 2594 2595
f 2727 2594 2728
f 2729 2595 2596
f 2728 2595 2729
f 2730 2596 2598
f 2729 2596 2730
f 2730 2598 2599
f 2731 2690 2694
f 2732 2731 2694
f 2732 2694 2693
f 2733 2662 2666
f 2733 2660 2662
f 2734 2666 2665
f 2733 2666 2734
f 2735 2665 2669
f 2736 2734 2665
f 2735 2736 2665
f 2737 2669 2672
f 2737 2735 2669
f 2738 2672 2675
f 2738 2737 2672
f 2739 2675 2678
f 2739 2738 2675
f 2740 2678 2681
f 2740 2739 2678
f 2741 2681 2684
f 2741 2740 2681
f 2742 2684 2687
f 2742 2741 2684
f 2743 2687 2690
f 2743 2742 2687
f 2744 2690 2731
f 2744 2743 2690
f 2744 2731 2745
f 2732 2745 2731
f 2746 2744 2745
f 2747 2746 2745
f 2747 2745 2732
f 2748 2734 2736
f 2748 2733 2734
f 2749 2736 2735
f 2748 2736 2749
f 2750 2735 2737
f 2751 2749 2735
f 2750 2751 2735
f 2752 2737 2738
f 2752 2750 2737
f 2753 2738 2739
f 2753 2752 2738
f 2754 2739 2740
f 2754 2753 2739
f 2755 2740 2741
f 2755 2754 2740
f 2756 2741 2742
f 2756 2755 2741
f 2757 2742 2743
f 2757 2756 2742
f 2758 2743 2744
f 2758 2757 2743
f 2759 2744 2746
f 2759 2758 2744
f 2759 2746 2760
f 2747 2760 2746
f 2761 2759 2760
f 2762 2761 2760
f 2762 2760 2747
f 2763 2749 2751
f 2763 2748 2749
f 2764 2751 2750
f 2763 2751 2764
f 2765 2750 2752
f 2766 2764 2750
f 2765 2766 2750
f 2767 2752 2753
f 2767 2765 2752
f 2768 2753 2754
f 2768 2767 2753
f 2769 2754 2755
f 2769 2768 2754
f 2770 2755 2756
f 2770 2769 2755
f 2771 2756 2757
f 2771 2770 2756
f 2772 2757 2758
f 2772 2771 2757
f 2773 2758 2759
f 2773 2772 2758
f 2774 2759 2761
f 2774 2773 2759
f 2774 2761 2775
f 2762 2775 2761
f 2776 2774 2775
f 2777 2776 2775
f 2777 2775 2762
f 2778 2764 2766
f 2778 2763 2764
f 2779 2766 2765
f 2778 2766 2779
f 2780 2765 2767
f 2781 2779 2765
f 2780 2781 2765
f 2782 2767 2768
f 2782 2780 2767
f 2783 2768 2769
f 2783 2782 2768
f 2784 2769 2770
f 2784 2783 2769
f 2785 2770 2771
f 2785 2784 2770
f 2786 2771 2772
f 2786 2785 2771
f 2787 2772 2773
f 2787 2786 2772
f 2788 2773 2774
f 2788 2787 2773
f 2789 2774 2776
f 2789 2788 2774
f 2789 2776 2790
f 2777 2790 2776
f 2791 2789 2790
f 2792 2791 2790
f 2792 2790 2777
f 2793 2779 2781
f 2793 2778 2779
f 2794 2781 2780
f 2793 2781 2794
f 2459 2780 2782
f 2795 2794 2780
f 2459 2795 2780
f 2456 2782 2783
f 2456 2459 2782
f 2455 2783 2784
f 2455 2456 2783
f 2454 2784 2785
f 2454 2455 2784
f 2453 2785 2786
f 2453 2454 2785
f 2452 2786 2787
f 2452 2453 2786
f 2451 2787 2788
f 2451 2452 2787
f 2450 2788 2789
f 2450 2451 2788
f 2448 2789 2791
f 2448 2450 2789
f 2448 2791 2796
f 2792 2796 2791
f 2449 2448 2796
f 2797 2449 2796
f 2797 2796 2792
f 2798 2794 2795
f 2798 2793 2794
f 2461 2795 2459
f 2798 2795 2461
f 2797 2447 2449
f 2446 2447 2797
f 2460 2798 2461
f 2799 2402 2403
f 2800 2799 2403
f 2800 2403 2401
f 2801 2400 2402
f 2801 2397 2400
f 2802 2402 2799
f 2801 2402 2802
f 2803 2799 2804
f 2800 2804 2799
f 2803 2802 2799
f 2805 2803 2804
f 2806 2805 2804
f 2806 2804 2800
f 2807 2802 2803
f 2807 2801 2802
f 2808 2803 2805
f 2807 2803 2808
f 2809 2805 2810
f 2806 2810 2805
f 2809 2808 2805
f 2811 2809 2810
f 2812 2811 2810
f 2812 2810 2806
f 2813 2808 2809
f 2813 2807 2808
f 2814 2809 2811
f 2813 2809 2814
f 2815 2811 2816
f 2812 2816 2811
f 2815 2814 2811
f 2817 2815 2816
f 2818 2817 2816
f 2818 2816 2812
f 2819 2814 2815
f 2819 2813 2814
f 2820 2815 2817
f 2819 2815 2820
f 2821 2817 2822
f 2818 2822 2817
f 2821 2820 2817
f 2823 2821 2822
f 2824 2823 2822
f 2824 2822 2818
f 2825 2820 2821
f 2825 2819 2820
f 2826 2821 2823
f 2825 2821 2826
f 2827 2823 2828
f 2824 2828 2823
f 2827 2826 2823
f 2829 2827 2828
f 2830 2829 2828
f 2830 2828 2824
f 2831 2826 2827
f 2831 2825 2826
f 2832 2827 2829
f 2831 2827 2832
f 2833 2829 2834
f 2830 2834 2829
f 2833 2832 2829
f 2835 2833 2834
f 2836 2835 2834
f 2836 2834 2830
f 2837 2832 2833
f 2837 2831 2832
f 2838 2833 2835
f 2837 2833 2838
f 2839 2835 2840
f 2836 2840 2835
f 2839 2838 2835
f 2841 2839 2840
f 2842 2841 2840
f 2842 2840 2836
f 2843 2838 2839
f 2843 2837 2838
f 2844 2839 2841
f 2843 2839 2844
f 2845 2841 2846
f 2842 2846 2841
f 2845 2844 2841
f 2847 2845 2846
f 2848 2847 2846
f 2848 2846 2842
f 2849 2844 2845
f 2849 2843 2844
f 2850 2845 2847
f 2849 2845 2850
f 2851 2847 2852
f 2848 2852 2847
f 2851 2850 2847
f 2853 2851 2852
f 2854 2853 2852
f 2854 2852 2848
f 2855 2850 2851
f 2855 2849 2850
f 2856 2851 2853
f 2855 2851 2856
f 2857 2853 2858
f 2854 2858 2853
f 2857 2856 2853
f 2859 2857 2858
f 2860 2859 2858
f 2860 2858 2854
f 2861 2856 2857
f 2861 2855 2856
f 2862 2857 2859
f 2861 2857 2862
f 2863 2859 2864
f 2860 2864 2859
f 2863 2862 2859
f 2865 2863 2864
f 2866 2865 2864
f 2866 2864 2860
f 2867 2862 2863
f 2867 2861 2862
f 2868 2863 2865
f 2867 2863 2868
f 2869 2865 2870
f 2866 2870 2865
f 2869 2868 2865
f 2028 2869 2870
f 2871 2028 2870
f 2871 2870 2866
f 2872 2868 2869
f 2872 2867 2868
f 2029 2869 2028
f 2872 2869 2029
f 2871 2026 2028
f 2024 2026 2871
f 2872 2029 2027
f 2873 2333 2336
f 2873 2331 2333
f 2874 2336 2339
f 2874 2873 2336
f 2875 2339 2342
f 2875 2874 2339
f 2875 2342 2346
f 2876 2346 2345
f 2877 2346 2876
f 2877 2875 2346
f 2878 2345 2349
f 2878 2876 2345
f 2879 2349 2352
f 2879 2878 2349
f 2880 2352 2355
f 2880 2879 2352
f 2358 2881 2355
f 2882 2355 2881
f 2882 2880 2355
f 2883 2881 2358
f 2884 2882 2881
f 2883 2884 2881
f 2357 2883 2358
f 2885 2876 2878
f 2885 2877 2876
f 2886 2878 2879
f 2885 2878 2886
f 2887 2879 2880
f 2888 2886 2879
f 2887 2888 2879
f 2889 2880 2882
f 2889 2887 2880
f 2884 2890 2882
f 2891 2882 2890
f 2891 2889 2882
f 2892 2890 2884
f 2893 2891 2890
f 2892 2893 2890
f 2883 2892 2884
f 2894 2886 2888
f 2894 2885 2886
f 2894 2888 2887
f 2895 2887 2889
f 2896 2887 2895
f 2896 2894 2887
f 2897 2889 2891
f 2898 2895 2889
f 2899 2898 2889
f 2897 2899 2889
f 2893 2900 2891
f 2897 2891 2900
f 2901 2900 2893
f 2902 2897 2900
f 2901 2902 2900
f 2892 2901 2893
f 2896 2895 2898
f 2903 2898 2899
f 2903 2896 2898
f 2904 2899 2897
f 2903 2899 2904
f 2902 2905 2897
f 2906 2897 2905
f 2907 2904 2897
f 2906 2907 2897
f 2908 2905 2902
f 2909 2906 2905
f 2908 2909 2905
f 2901 2908 2902
f 2910 2904 2907
f 2910 2903 2904
f 2911 2907 2906
f 2910 2907 2911
f 2909 2912 2906
f 2913 2906 2912
f 2914 2911 2906
f 2913 2914 2906
f 2915 2912 2909
f 2916 2913 2912
f 2915 2916 2912
f 2908 2915 2909
f 2917 2911 2914
f 2917 2910 2911
f 2918 2914 2913
f 2917 2914 2918
f 2916 2919 2913
f 2920 2913 2919
f 2921 2918 2913
f 2920 2921 2913
f 2922 2919 2916
f 2923 2920 2919
f 2922 2923 2919
f 2915 2922 2916
f 2924 2918 2921
f 2924 2917 2918
f 2925 2921 2920
f 2924 2921 2925
f 2923 2926 2920
f 2927 2920 2926
f 2927 2925 2920
f 2928 2926 2923
f 2929 2927 2926
f 2928 2929 2926
f 2922 2928 2923
f 2927 2930 2925
f 2931 2925 2930
f 2931 2924 2925
f 2932 2930 2927
f 2932 2933 2930
f 2931 2930 2933
f 2929 2934 2927
f 2932 2927 2934
f 2935 2934 2929
f 2936 2932 2934
f 2935 2936 2934
f 2928 2935 2929
f 2932 2937 2933
f 2938 2933 2937
f 2938 2931 2933
f 2939 2937 2932
f 2939 2940 2937
f 2938 2937 2940
f 2936 2941 2932
f 2939 2932 2941
f 2942 2941 2936
f 2943 2939 2941
f 2942 2943 2941
f 2935 2942 2936
f 2939 2944 2940
f 2945 2940 2944
f 2945 2938 2940
f 2939 2946 2944
f 2945 2944 2946
f 2947 2946 2939
f 2947 2948 2946
f 2949 2946 2948
f 2949 2945 2946
f 2943 2950 2939
f 2951 2939 2950
f 2951 2947 2939
f 2952 2950 2943
f 2953 2951 2950
f 2952 2953 2950
f 2942 2952 2943
f 2947 2954 2948
f 2949 2948 2954
f 2955 2954 2947
f 2955 2956 2954
f 2949 2954 2956
f 2957 2947 2951
f 2957 2955 2947
f 2953 2958 2951
f 2957 2951 2958
f 2959 2958 2953
f 2960 2957 2958
f 2959 2960 2958
f 2952 2959 2953
f 2955 2961 2956
f 2962 2956 2961
f 2962 2949 2956
f 2955 2963 2961
f 2962 2961 2963
f 2043 2963 2955
f 2044 2964 2963
f 2965 2963 2964
f 2043 2044 2963
f 2965 2962 2963
f 2041 2955 2957
f 2041 2043 2955
f 2960 2966 2957
f 2041 2957 2966
f 2967 2966 2960
f 2968 2041 2966
f 2967 2968 2966
f 2959 2967 2960
f 2044 2969 2964
f 2970 2964 2969
f 2970 2965 2964
f 2044 2045 2969
f 2970 2969 2045
f 2971 2045 2047
f 2971 2970 2045
f 2968 2042 2041
f 2972 2042 2968
f 2972 2039 2042
f 2967 2972 2968
f 2049 2047 2046
f 2049 2971 2047
f 2972 2040 2039
f 1508 4 147
f 1513 4 1508
f 1513 5 4
f 1510 147 187
f 1510 1508 147
f 1652 187 227
f 1652 1510 187
f 1692 227 267
f 1692 1652 227
f 1732 267 307
f 1732 1692 267
f 1772 307 347
f 1772 1732 307
f 1812 347 387
f 1812 1772 347
f 1852 387 427
f 1852 1812 387
f 1892 427 467
f 1892 1852 427
f 1932 467 507
f 1932 1892 467
f 1972 507 547
f 1972 1932 507
f 2023 547 587
f 2023 1972 547
f 2071 587 627
f 2071 2023 587
f 2090 627 667
f 2090 2071 627
f 2109 667 707
f 2109 2090 667
f 2125 707 747
f 2125 2109 707
f 2142 747 787
f 2142 2125 747
f 2159 787 827
f 2159 2142 787
f 2174 827 867
f 2174 2159 827
f 2189 867 907
f 2189 2174 867
f 2205 907 947
f 2205 2189 907
f 2221 947 987
f 2221 2205 947
f 2238 987 1027
f 2238 2221 987
f 2257 1027 1067
f 2257 2238 1027
f 2278 1067 1107
f 2278 2257 1067
f 2298 1107 1147
f 2298 2278 1107
f 2329 1147 1187
f 2329 2298 1147
f 2445 1187 1227
f 2445 2329 1187
f 2494 1227 1267
f 2494 2445 1227
f 2509 1267 1307
f 2509 2494 1267
f 2524 1307 1347
f 2524 2509 1307
f 2539 1347 1387
f 2539 2524 1347
f 2554 1387 1427
f 2554 2539 1387
f 2569 1427 1467
f 2569 2554 1427
f 2584 1467 1468
f 2584 2569 1467
f 2599 2584 1468
f 1469 2599 1468
f 2730 2599 1469
f 2730 1469 1470
f 2729 1470 1471
f 2729 2730 1470
f 2728 1471 1472
f 2728 2729 1471
f 2727 1472 1473
f 2727 2728 1472
f 2726 1473 1474
f 2726 2727 1473
f 2725 1474 1475
f 2725 2726 1474
f 2724 1475 1476
f 2724 2725 1475
f 2723 1476 1477
f 2723 2724 1476
f 2722 1477 1478
f 2722 2723 1477
f 2721 1478 1479
f 2721 2722 1478
f 2720 1479 1480
f 2720 2721 1479
f 2719 1480 1481
f 2719 2720 1480
f 2718 1481 1482
f 2718 2719 1481
f 2717 1482 1483
f 2717 2718 1482
f 2716 1483 1484
f 2716 2717 1483
f 2715 1484 1485
f 2715 2716 1484
f 2714 1485 1486
f 2714 2715 1485
f 2713 1486 1487
f 2713 2714 1486
f 2712 1487 1488
f 2712 2713 1487
f 2711 1488 1489
f 2711 2712 1488
f 2710 1489 1490
f 2710 2711 1489
f 2709 1490 1491
f 2709 2710 1490
f 2708 1491 1492
f 2708 2709 1491
f 2707 1492 1493
f 2707 2708 1492
f 2706 1493 1494
f 2706 2707 1493
f 2705 1494 1495
f 2705 2706 1494
f 2704 1495 1496
f 2704 2705 1495
f 2703 1496 1497
f 2703 2704 1496
f 2702 1497 1498
f 2702 2703 1497
f 2701 1498 1499
f 2701 2702 1498
f 2700 1499 1500
f 2700 2701 1499
f 2699 1500 1501
f 2699 2700 1500
f 2698 1501 1503
f 2698 2699 1501
f 2697 1503 1504
f 2697 2698 1503
f 2696 2697 1504
f 1465 2696 1504
f 2695 2696 1465
f 2695 1465 1425
f 2693 1425 1385
f 2693 2695 1425
f 2732 1385 1345
f 2732 2693 1385
f 2747 1345 1305
f 2747 2732 1345
f 2762 1305 1265
f 2762 2747 1305
f 2777 1265 1225
f 2777 2762 1265
f 2792 1225 1185
f 2792 2777 1225
f 2797 1185 1145
f 2797 2792 1185
f 2446 1145 1105
f 2446 2797 1145
f 2404 1105 1065
f 2404 2446 1105
f 2401 1065 1025
f 2401 2404 1065
f 2800 1025 985
f 2800 2401 1025
f 2806 985 945
f 2806 2800 985
f 2812 945 905
f 2812 2806 945
f 2818 905 865
f 2818 2812 905
f 2824 865 825
f 2824 2818 865
f 2830 825 785
f 2830 2824 825
f 2836 785 745
f 2836 2830 785
f 2842 745 705
f 2842 2836 745
f 2848 705 665
f 2848 2842 705
f 2854 665 625
f 2854 2848 665
f 2860 625 585
f 2860 2854 625
f 2866 585 545
f 2866 2860 585
f 2871 545 505
f 2871 2866 545
f 2024 505 465
f 2024 2871 505
f 1973 465 425
f 1973 2024 465
f 1933 425 385
f 1933 1973 425
f 1893 385 345
f 1893 1933 385
f 1853 345 305
f 1853 1893 345
f 1813 305 265
f 1813 1853 305
f 1773 265 225
f 1773 1813 265
f 1733 225 185
f 1733 1773 225
f 1693 185 111
f 1693 1733 185
f 1653 111 113
f 1653 1693 111
f 1613 1653 113
f 114 1613 113
f 1612 1613 114
f 1612 114 115
f 1609 115 116
f 1609 1612 115
f 1606 116 117
f 1606 1609 116
f 1603 117 118
f 1603 1606 117
f 1600 118 119
f 1600 1603 118
f 1597 119 120
f 1597 1600 119
f 1594 120 121
f 1594 1597 120
f 1591 121 122
f 1591 1594 121
f 1588 122 123
f 1588 1591 122
f 1585 123 124
f 1585 1588 123
f 1582 124 125
f 1582 1585 124
f 1579 125 126
f 1579 1582 125
f 1576 126 127
f 1576 1579 126
f 1573 127 128
f 1573 1576 127
f 1570 128 129
f 1570 1573 128
f 1567 129 130
f 1567 1570 129
f 1564 130 131
f 1564 1567 130
f 1561 131 132
f 1561 1564 131
f 1558 132 133
f 1558 1561 132
f 1555 133 134
f 1555 1558 133
f 1552 134 135
f 1552 1555 134
f 1549 135 136
f 1549 1552 135
f 1546 136 137
f 1546 1549 136
f 1543 137 138
f 1543 1546 137
f 1540 138 139
f 1540 1543 138
f 1537 139 140
f 1537 1540 139
f 1534 140 141
f 1534 1537 140
f 1531 141 142
f 1531 1534 141
f 1528 142 143
f 1528 1531 142
f 1525 143 144
f 1525 1528 143
f 1522 144 145
f 1522 1525 144
f 1519 145 146
f 1519 1522 145
f 1516 146 5
f 1516 1519 146
f 1513 1516 5
f 2973 2974 2975
f 2976 2975 2974
f 2977 2973 2975
f 2978 2977 2975
f 2979 2978 2975
f 2979 2975 2976
f 2980 2981 2974
f 2982 2974 2981
f 2973 2980 2974
f 2982 2976 2974
f 2980 2983 2981
f 2984 2981 2983
f 2982 2981 2984
f 2985 2983 2980
f 2986 2987 2983
f 2984 2983 2987
f 2985 2986 2983
f 2988 2980 2973
f 2988 2985 2980
f 2988 2973 2977
f 2978 2989 2977
f 2990 2977 2989
f 2990 2988 2977
f 2978 2991 2989
f 2992 2989 2991
f 2992 2990 2989
f 2993 2994 2991
f 2995 2991 2994
f 2978 2993 2991
f 2995 2992 2991
f 2996 2994 2993
f 2995 2994 2997
f 2998 2997 2994
f 2998 2994 2996
f 2979 2993 2978
f 2996 2993 2979
f 2999 2995 2997
f 3000 2999 2997
f 2998 3000 2997
f 3001 3002 2987
f 3003 2987 3002
f 2986 3001 2987
f 2984 2987 3003
f 3004 3005 3002
f 3006 3002 3005
f 3001 3004 3002
f 3003 3002 3006
f 3007 3005 3004
f 3008 3005 3009
f 3007 3009 3005
f 3010 3005 3008
f 3006 3005 3010
f 3011 3004 3001
f 3011 3007 3004
f 3012 3001 2986
f 3012 3011 3001
f 3013 2986 2985
f 3012 2986 3013
f 3014 2985 2988
f 3013 2985 3014
f 3015 2988 2990
f 3014 2988 3015
f 3016 2990 2992
f 3015 2990 3016
f 3017 2992 2995
f 3017 3016 2992
f 3018 2995 2999
f 3017 2995 3018
f 3000 3019 2999
f 3020 2999 3019
f 3018 2999 3020
f 3000 3021 3019
f 3022 3019 3021
f 3020 3019 3022
f 3000 3023 3021
f 3022 3021 3023
f 3024 3023 3000
f 3025 3023 3026
f 3027 3026 3023
f 3025 3022 3023
f 3027 3023 3024
f 3024 3000 2998
f 3028 3025 3026
f 3029 3028 3026
f 3030 3029 3026
f 3030 3026 3027
f 3031 3022 3025
f 3020 3022 3031
f 3032 3025 3028
f 3031 3025 3032
f 3033 3028 3029
f 3032 3028 3033
f 3034 3029 3035
f 3036 3035 3029
f 3034 3033 3029
f 3036 3029 3030
f 3037 3034 3035
f 3036 3037 3035
f 3038 3033 3034
f 3032 3033 3038
f 3037 3039 3034
f 3040 3034 3039
f 3038 3034 3040
f 3041 3039 3037
f 3042 3039 3043
f 3041 3043 3039
f 3044 3040 3039
f 3042 3044 3039
f 3041 3037 3036
f 3045 3042 3043
f 3041 3045 3043
f 3046 3040 3044
f 3038 3040 3046
f 3046 3044 3042
f 3045 3047 3042
f 3048 3042 3047
f 3049 3042 3048
f 3046 3042 3049
f 3050 3047 3045
f 3051 3047 3052
f 3050 3052 3047
f 3051 3048 3047
f 3050 3045 3041
f 3053 3051 3052
f 3054 3053 3052
f 3054 3052 3050
f 3049 3048 3051
f 3055 3051 3053
f 3049 3051 3055
f 3056 3053 3057
f 3054 3057 3053
f 3056 3055 3053
f 3058 3056 3057
f 3059 3058 3057
f 3059 3057 3054
f 3060 3055 3056
f 3049 3055 3060
f 3061 3056 3058
f 3060 3056 3061
f 3062 3058 3063
f 3059 3063 3058
f 3064 3061 3058
f 3062 3064 3058
f 3065 3062 3063
f 3065 3063 3059
f 3066 3061 3064
f 3060 3061 3066
f 3067 3064 3062
f 3066 3064 3067
f 3068 3062 3069
f 3065 3069 3062
f 3068 3067 3062
f 3070 3068 3069
f 3070 3069 3065
f 3068 3071 3067
f 3072 3067 3071
f 3066 3067 3072
f 3073 3071 3068
f 3073 3074 3071
f 3072 3071 3074
f 3073 3068 3075
f 3070 3075 3068
f 3076 3073 3075
f 3076 3075 3070
f 3073 3077 3074
f 3078 3074 3077
f 3072 3074 3078
f 3073 3079 3077
f 3078 3077 3079
f 3080 3079 3073
f 3080 3081 3079
f 3082 3079 3081
f 3078 3079 3082
f 3080 3073 3083
f 3076 3083 3073
f 3084 3080 3083
f 3084 3083 3076
f 3080 3085 3081
f 3082 3081 3085
f 3086 3085 3080
f 3086 3087 3085
f 3088 3085 3087
f 3082 3085 3088
f 3089 3080 3090
f 3084 3090 3080
f 3089 3086 3080
f 3091 3089 3090
f 3091 3090 3084
f 3086 3092 3087
f 3088 3087 3092
f 3086 3093 3092
f 3094 3092 3093
f 3088 3092 3094
f 3095 3093 3086
f 3096 3097 3093
f 3094 3093 3097
f 3095 3096 3093
f 3091 3086 3089
f 3098 3086 3099
f 3100 3099 3086
f 3098 3095 3086
f 3100 3086 3091
f 3100 3098 3099
f 3096 3101 3097
f 3102 3097 3101
f 3094 3097 3102
f 3103 3101 3096
f 3104 3101 3103
f 3104 3105 3101
f 3102 3101 3105
f 3103 3096 3095
f 3106 3095 3098
f 3106 3103 3095
f 3106 3098 3100
f 3107 3104 3103
f 3107 3103 3106
f 3104 3108 3105
f 3109 3105 3108
f 3102 3105 3109
f 3110 3111 3108
f 3112 3108 3111
f 3104 3110 3108
f 3109 3108 3112
f 3110 3113 3111
f 3114 3111 3113
f 3112 3111 3114
f 3115 3113 3110
f 3116 3117 3113
f 3114 3113 3117
f 3115 3116 3113
f 3118 3110 3104
f 3118 3115 3110
f 3118 3104 3119
f 3120 3119 3104
f 3120 3104 3107
f 3120 3118 3119
f 3121 3122 3117
f 3123 3117 3122
f 3116 3121 3117
f 3114 3117 3123
f 3124 3125 3122
f 3126 3122 3125
f 3121 3124 3122
f 3123 3122 3126
f 3127 3128 3125
f 3129 3125 3128
f 3124 3127 3125
f 3129 3126 3125
f 3127 3130 3128
f 3131 3128 3130
f 3129 3128 3131
f 3132 3133 3130
f 3134 3130 3133
f 3135 3132 3130
f 3127 3135 3130
f 3134 3131 3130
f 3136 3133 3132
f 3137 3133 3138
f 3136 3138 3133
f 3137 3134 3133
f 3139 3132 3135
f 3136 3132 3139
f 3140 3135 3127
f 3139 3135 3140
f 3141 3127 3124
f 3140 3127 3141
f 3141 3124 3121
f 3142 3121 3116
f 3141 3121 3142
f 3143 3116 3115
f 3142 3116 3143
f 3144 3115 3118
f 3143 3115 3144
f 3144 3118 3120
f 3145 3137 3138
f 3146 3145 3138
f 3147 3146 3138
f 3148 3147 3138
f 3148 3138 3136
f 3149 3131 3134
f 3129 3131 3149
f 3150 3134 3137
f 3149 3134 3150
f 3151 3137 3145
f 3150 3137 3151
f 3152 3145 3146
f 3151 3145 3152
f 3152 3146 3147
f 3153 3147 3154
f 3155 3154 3147
f 3153 3152 3147
f 3155 3147 3148
f 3156 3153 3154
f 3155 3156 3154
f 3157 3152 3153
f 3151 3152 3157
f 3156 3158 3153
f 3159 3153 3158
f 3157 3153 3159
f 3160 3158 3156
f 3161 3158 3162
f 3160 3162 3158
f 3163 3159 3158
f 3161 3163 3158
f 3160 3156 3155
f 3164 3161 3162
f 3165 3164 3162
f 3165 3162 3160
f 3166 3159 3163
f 3157 3159 3166
f 3167 3163 3161
f 3166 3163 3167
f 3164 3168 3161
f 3169 3161 3168
f 3167 3161 3169
f 3165 3168 3164
f 3170 3168 3171
f 3172 3171 3168
f 3170 3169 3168
f 3172 3168 3165
f 3173 3170 3171
f 3172 3173 3171
f 3174 3169 3170
f 3167 3169 3174
f 3175 3170 3173
f 3174 3170 3175
f 3176 3173 3177
f 3178 3177 3173
f 3179 3175 3173
f 3176 3179 3173
f 3178 3173 3172
f 3180 3176 3177
f 3178 3180 3177
f 3174 3175 3179
f 3181 3179 3176
f 3174 3179 3181
f 3182 3176 3180
f 3181 3176 3182
f 3183 3180 3184
f 3185 3184 3180
f 3183 3182 3180
f 3185 3180 3178
f 3186 3183 3184
f 3185 3186 3184
f 3187 3182 3183
f 3181 3182 3187
f 3188 3183 3186
f 3187 3183 3188
f 3189 3186 3190
f 3191 3190 3186
f 3189 3188 3186
f 3191 3186 3185
f 3191 3189 3190
f 3189 3192 3188
f 3193 3188 3192
f 3187 3188 3193
f 3194 3192 3189
f 3194 3195 3192
f 3193 3192 3195
f 3194 3189 3196
f 3197 3196 3189
f 3197 3189 3191
f 3197 3194 3196
f 3194 3198 3195
f 3199 3195 3198
f 3193 3195 3199
f 3200 3198 3194
f 3200 3201 3198
f 3199 3198 3201
f 3200 3194 3202
f 3203 3202 3194
f 3203 3194 3197
f 3203 3200 3202
f 3200 3204 3201
f 3205 3201 3204
f 3199 3201 3205
f 3206 3204 3200
f 3206 3207 3204
f 3205 3204 3207
f 3208 3200 3209
f 3210 3209 3200
f 3208 3206 3200
f 3210 3200 3203
f 3210 3208 3209
f 3206 3211 3207
f 3212 3207 3211
f 3205 3207 3212
f 3206 3213 3211
f 3212 3211 3213
f 3214 3213 3206
f 3214 3215 3213
f 3212 3213 3215
f 3216 3206 3208
f 3217 3206 3218
f 3216 3218 3206
f 3217 3214 3206
f 3216 3208 3210
f 3216 3217 3218
f 3214 3009 3215
f 3219 3215 3009
f 3212 3215 3219
f 3008 3009 3214
f 3219 3009 3007
f 3220 3214 3217
f 3220 3008 3214
f 3220 3217 3216
f 3010 3008 3220
f 3221 3007 3011
f 3219 3007 3221
f 3221 3011 3012
f 3222 2051 2052
f 3223 2051 3222
f 3223 2050 2051
f 3224 2052 2053
f 3224 3222 2052
f 3225 2053 2072
f 3225 3224 2053
f 3226 2072 2073
f 3226 3225 2072
f 3227 2073 2091
f 3227 3226 2073
f 3228 2091 2092
f 3228 3227 2091
f 3229 2092 2110
f 3229 3228 2092
f 3230 2110 2126
f 3230 3229 2110
f 3231 2126 2143
f 3231 3230 2126
f 3232 2143 2145
f 3232 3231 2143
f 3233 2145 2161
f 3233 3232 2145
f 3234 2161 2177
f 3234 3233 2161
f 3235 2177 2193
f 3235 3234 2177
f 3236 2193 2209
f 3236 3235 2193
f 3237 2209 2225
f 3237 3236 2209
f 3238 2225 2241
f 3238 3237 2225
f 3239 2241 2259
f 3239 3238 2241
f 3240 2259 2264
f 3240 3239 2259
f 3241 2264 2280
f 3241 3240 2264
f 3242 2280 2300
f 3242 3241 2280
f 3243 2300 2303
f 3243 3242 2300
f 3244 2303 2306
f 3244 3243 2303
f 3245 2306 2331
f 3245 3244 2306
f 3246 3245 2331
f 2873 3246 2331
f 3247 3222 3224
f 3248 3222 3247
f 3248 3223 3222
f 3249 3224 3225
f 3249 3247 3224
f 3250 3225 3226
f 3250 3249 3225
f 3251 3226 3227
f 3251 3250 3226
f 3252 3227 3228
f 3252 3251 3227
f 3253 3228 3229
f 3253 3252 3228
f 3254 3229 3230
f 3254 3253 3229
f 3255 3230 3231
f 3255 3254 3230
f 3256 3231 3232
f 3256 3255 3231
f 3257 3232 3233
f 3257 3256 3232
f 3258 3233 3234
f 3258 3257 3233
f 3259 3234 3235
f 3259 3258 3234
f 3260 3235 3236
f 3260 3259 3235
f 3261 3236 3237
f 3261 3260 3236
f 3262 3237 3238
f 3262 3261 3237
f 3263 3238 3239
f 3263 3262 3238
f 3264 3239 3240
f 3264 3263 3239
f 3265 3240 3241
f 3265 3264 3240
f 3266 3241 3242
f 3266 3265 3241
f 3267 3242 3243
f 3267 3266 3242
f 3268 3243 3244
f 3268 3267 3243
f 3269 3244 3245
f 3269 3268 3244
f 3270 3245 3246
f 3270 3269 3245
f 3271 3270 3246
f 3272 3271 3246
f 3272 3246 2873
f 3273 3247 3249
f 3274 3247 3273
f 3274 3248 3247
f 3275 3249 3250
f 3275 3273 3249
f 3276 3250 3251
f 3276 3275 3250
f 3277 3251 3252
f 3277 3276 3251
f 3278 3252 3253
f 3278 3277 3252
f 3279 3253 3254
f 3279 3278 3253
f 3280 3254 3255
f 3280 3279 3254
f 3281 3255 3256
f 3281 3280 3255
f 3282 3256 3257
f 3282 3281 3256
f 3283 3257 3258
f 3283 3282 3257
f 3284 3258 3259
f 3284 3283 3258
f 3285 3259 3260
f 3285 3284 3259
f 3286 3260 3261
f 3286 3285 3260
f 3287 3261 3262
f 3287 3286 3261
f 3288 3262 3263
f 3288 3287 3262
f 3289 3263 3264
f 3289 3288 3263
f 3290 3264 3265
f 3290 3289 3264
f 3291 3265 3266
f 3291 3290 3265
f 3292 3266 3267
f 3292 3291 3266
f 3293 3267 3268
f 3293 3292 3267
f 3294 3268 3269
f 3294 3293 3268
f 3295 3269 3270
f 3295 3294 3269
f 3296 3270 3271
f 3296 3295 3270
f 3297 3296 3271
f 3298 3297 3271
f 3298 3271 3272
f 3299 3273 3275
f 3300 3273 3299
f 3300 3274 3273
f 3301 3275 3276
f 3301 3299 3275
f 3302 3276 3277
f 3302 3301 3276
f 3303 3277 3278
f 3303 3302 3277
f 3304 3278 3279
f 3304 3303 3278
f 3305 3279 3280
f 3305 3304 3279
f 3306 3280 3281
f 3306 3305 3280
f 3307 3281 3282
f 3307 3306 3281
f 3308 3282 3283
f 3308 3307 3282
f 3309 3283 3284
f 3309 3308 3283
f 3310 3284 3285
f 3310 3309 3284
f 3311 3285 3286
f 3311 3310 3285
f 3312 3286 3287
f 3312 3311 3286
f 3313 3287 3288
f 3313 3312 3287
f 3314 3288 3289
f 3314 3313 3288
f 3315 3289 3290
f 3315 3314 3289
f 3316 3290 3291
f 3316 3315 3290
f 3317 3291 3292
f 3317 3316 3291
f 3318 3292 3293
f 3318 3317 3292
f 3319 3293 3294
f 3319 3318 3293
f 3320 3294 3295
f 3320 3319 3294
f 3321 3295 3296
f 3321 3320 3295
f 3322 3296 3297
f 3322 3321 3296
f 3323 3322 3297
f 3324 3323 3297
f 3324 3297 3298
f 3325 3299 3301
f 3326 3299 3325
f 3326 3300 3299
f 3327 3301 3302
f 3327 3325 3301
f 3328 3302 3303
f 3328 3327 3302
f 3329 3303 3304
f 3329 3328 3303
f 3330 3304 3305
f 3330 3329 3304
f 3331 3305 3306
f 3331 3330 3305
f 3332 3306 3307
f 3332 3331 3306
f 3333 3307 3308
f 3333 3332 3307
f 3334 3308 3309
f 3334 3333 3308
f 3335 3309 3310
f 3335 3334 3309
f 3336 3310 3311
f 3336 3335 3310
f 3337 3311 3312
f 3337 3336 3311
f 3338 3312 3313
f 3338 3337 3312
f 3339 3313 3314
f 3339 3338 3313
f 3340 3314 3315
f 3340 3339 3314
f 3341 3315 3316
f 3341 3340 3315
f 3342 3316 3317
f 3342 3341 3316
f 3343 3317 3318
f 3343 3342 3317
f 3344 3318 3319
f 3344 3343 3318
f 3345 3319 3320
f 3345 3344 3319
f 3346 3320 3321
f 3346 3345 3320
f 3347 3321 3322
f 3347 3346 3321
f 3348 3322 3323
f 3348 3347 3322
f 3349 3348 3323
f 3350 3349 3323
f 3350 3323 3324
f 3351 3325 3327
f 3352 3325 3351
f 3352 3326 3325
f 3353 3327 3328
f 3353 3351 3327
f 3354 3328 3329
f 3354 3353 3328
f 3355 3329 3330
f 3355 3354 3329
f 3356 3330 3331
f 3356 3355 3330
f 3357 3331 3332
f 3357 3356 3331
f 3358 3332 3333
f 3358 3357 3332
f 3359 3333 3334
f 3359 3358 3333
f 3360 3334 3335
f 3360 3359 3334
f 3361 3335 3336
f 3361 3360 3335
f 3362 3336 3337
f 3362 3361 3336
f 3363 3337 3338
f 3363 3362 3337
f 3364 3338 3339
f 3364 3363 3338
f 3365 3339 3340
f 3365 3364 3339
f 3366 3340 3341
f 3366 3365 3340
f 3367 3341 3342
f 3367 3366 3341
f 3368 3342 3343
f 3368 3367 3342
f 3369 3343 3344
f 3369 3368 3343
f 3370 3344 3345
f 3370 3369 3344
f 3371 3345 3346
f 3371 3370 3345
f 3372 3346 3347
f 3372 3371 3346
f 3373 3347 3348
f 3373 3372 3347
f 3374 3348 3349
f 3374 3373 3348
f 3375 3374 3349
f 3376 3375 3349
f 3376 3349 3350
f 3377 3351 3353
f 3378 3351 3377
f 3378 3352 3351
f 3379 3353 3354
f 3379 3377 3353
f 3380 3354 3355
f 3380 3379 3354
f 3381 3355 3356
f 3381 3380 3355
f 3382 3356 3357
f 3382 3381 3356
f 3383 3357 3358
f 3383 3382 3357
f 3384 3358 3359
f 3384 3383 3358
f 3385 3359 3360
f 3385 3384 3359
f 3386 3360 3361
f 3386 3385 3360
f 3387 3361 3362
f 3387 3386 3361
f 3388 3362 3363
f 3388 3387 3362
f 3389 3363 3364
f 3389 3388 3363
f 3390 3364 3365
f 3390 3389 3364
f 3391 3365 3366
f 3391 3390 3365
f 3392 3366 3367
f 3392 3391 3366
f 3393 3367 3368
f 3393 3392 3367
f 3394 3368 3369
f 3394 3393 3368
f 3395 3369 3370
f 3395 3394 3369
f 3396 3370 3371
f 3396 3395 3370
f 3397 3371 3372
f 3397 3396 3371
f 3398 3372 3373
f 3398 3397 3372
f 3399 3373 3374
f 3399 3398 3373
f 3400 3374 3375
f 3400 3399 3374
f 3401 3400 3375
f 3402 3401 3375
f 3402 3375 3376
f 3403 3377 3379
f 3404 3377 3403
f 3404 3378 3377
f 3405 3379 3380
f 3405 3403 3379
f 3406 3380 3381
f 3406 3405 3380
f 3407 3381 3382
f 3407 3406 3381
f 3408 3382 3383
f 3408 3407 3382
f 3409 3383 3384
f 3409 3408 3383
f 3410 3384 3385
f 3410 3409 3384
f 3411 3385 3386
f 3411 3410 3385
f 3412 3386 3387
f 3412 3411 3386
f 3413 3387 3388
f 3413 3412 3387
f 3414 3388 3389
f 3414 3413 3388
f 3415 3389 3390
f 3415 3414 3389
f 3416 3390 3391
f 3416 3415 3390
f 3417 3391 3392
f 3417 3416 3391
f 3418 3392 3393
f 3418 3417 3392
f 3419 3393 3394
f 3419 3418 3393
f 3420 3394 3395
f 3420 3419 3394
f 3421 3395 3396
f 3421 3420 3395
f 3422 3396 3397
f 3422 3421 3396
f 3423 3397 3398
f 3423 3422 3397
f 3424 3398 3399
f 3424 3423 3398
f 3425 3399 3400
f 3425 3424 3399
f 3426 3400 3401
f 3426 3425 3400
f 3427 3426 3401
f 3428 3427 3401
f 3428 3401 3402
f 3429 3403 3405
f 3430 3403 3429
f 3430 3404 3403
f 3431 3405 3406
f 3431 3429 3405
f 3432 3406 3407
f 3432 3431 3406
f 3433 3407 3408
f 3433 3432 3407
f 3434 3408 3409
f 3434 3433 3408
f 3435 3409 3410
f 3435 3434 3409
f 3436 3410 3411
f 3436 3435 3410
f 3437 3411 3412
f 3437 3436 3411
f 3438 3412 3413
f 3438 3437 3412
f 3439 3413 3414
f 3439 3438 3413
f 3440 3414 3415
f 3440 3439 3414
f 3441 3415 3416
f 3441 3440 3415
f 3442 3416 3417
f 3442 3441 3416
f 3443 3417 3418
f 3443 3442 3417
f 3444 3418 3419
f 3444 3443 3418
f 3445 3419 3420
f 3445 3444 3419
f 3446 3420 3421
f 3446 3445 3420
f 3447 3421 3422
f 3447 3446 3421
f 3448 3422 3423
f 3448 3447 3422
f 3449 3423 3424
f 3449 3448 3423
f 3450 3424 3425
f 3450 3449 3424
f 3451 3425 3426
f 3451 3450 3425
f 3452 3426 3427
f 3452 3451 3426
f 3453 3452 3427
f 3454 3453 3427
f 3454 3427 3428
f 3455 3429 3431
f 3456 3429 3455
f 3456 3430 3429
f 3457 3431 3432
f 3457 3455 3431
f 3458 3432 3433
f 3458 3457 3432
f 3459 3433 3434
f 3459 3458 3433
f 3460 3434 3435
f 3460 3459 3434
f 3461 3435 3436
f 3461 3460 3435
f 3462 3436 3437
f 3462 3461 3436
f 3463 3437 3438
f 3463 3462 3437
f 3464 3438 3439
f 3464 3463 3438
f 3465 3439 3440
f 3465 3464 3439
f 3466 3440 3441
f 3466 3465 3440
f 3467 3441 3442
f 3467 3466 3441
f 3468 3442 3443
f 3468 3467 3442
f 3469 3443 3444
f 3469 3468 3443
f 3470 3444 3445
f 3470 3469 3444
f 3471 3445 3446
f 3471 3470 3445
f 3472 3446 3447
f 3472 3471 3446
f 3473 3447 3448
f 3473 3472 3447
f 3474 3448 3449
f 3474 3473 3448
f 3475 3449 3450
f 3475 3474 3449
f 3476 3450 3451
f 3476 3475 3450
f 3477 3451 3452
f 3477 3476 3451
f 3478 3452 3453
f 3478 3477 3452
f 3479 3478 3453
f 3480 3479 3453
f 3480 3453 3454
f 3481 3455 3457
f 3482 3455 3481
f 3482 3456 3455
f 3483 3457 3458
f 3483 3481 3457
f 3484 3458 3459
f 3484 3483 3458
f 3485 3459 3460
f 3485 3484 3459
f 3486 3460 3461
f 3486 3485 3460
f 3487 3461 3462
f 3487 3486 3461
f 3488 3462 3463
f 3488 3487 3462
f 3489 3463 3464
f 3489 3488 3463
f 3490 3464 3465
f 3490 3489 3464
f 3491 3465 3466
f 3491 3490 3465
f 3492 3466 3467
f 3492 3491 3466
f 3493 3467 3468
f 3493 3492 3467
f 3494 3468 3469
f 3494 3493 3468
f 3495 3469 3470
f 3495 3494 3469
f 3496 3470 3471
f 3496 3495 3470
f 3497 3471 3472
f 3497 3496 3471
f 3498 3472 3473
f 3498 3497 3472
f 3499 3473 3474
f 3499 3498 3473
f 3500 3474 3475
f 3500 3499 3474
f 3501 3475 3476
f 3501 3500 3475
f 3502 3476 3477
f 3502 3501 3476
f 3503 3477 3478
f 3503 3502 3477
f 3504 3478 3479
f 3504 3503 3478
f 3505 3504 3479
f 3506 3505 3479
f 3506 3479 3480
f 3507 3481 3483
f 3508 3481 3507
f 3508 3482 3481
f 3509 3483 3484
f 3509 3507 3483
f 3510 3484 3485
f 3510 3509 3484
f 3511 3485 3486
f 3511 3510 3485
f 3512 3486 3487
f 3512 3511 3486
f 3513 3487 3488
f 3513 3512 3487
f 3514 3488 3489
f 3514 3513 3488
f 3515 3489 3490
f 3515 3514 3489
f 3516 3490 3491
f 3516 3515 3490
f 3517 3491 3492
f 3517 3516 3491
f 3518 3492 3493
f 3518 3517 3492
f 3519 3493 3494
f 3519 3518 3493
f 3520 3494 3495
f 3520 3519 3494
f 3521 3495 3496
f 3521 3520 3495
f 3522 3496 3497
f 3522 3521 3496
f 3523 3497 3498
f 3523 3522 3497
f 3524 3498 3499
f 3524 3523 3498
f 3525 3499 3500
f 3525 3524 3499
f 3526 3500 3501
f 3526 3525 3500
f 3527 3501 3502
f 3527 3526 3501
f 3528 3502 3503
f 3528 3527 3502
f 3529 3503 3504
f 3529 3528 3503
f 3530 3504 3505
f 3530 3529 3504
f 3531 3530 3505
f 3532 3531 3505
f 3532 3505 3506
f 3533 3507 3509
f 3534 3507 3533
f 3534 3508 3507
f 3535 3509 3510
f 3535 3533 3509
f 3536 3510 3511
f 3536 3535 3510
f 3537 3511 3512
f 3537 3536 3511
f 3538 3512 3513
f 3538 3537 3512
f 3539 3513 3514
f 3539 3538 3513
f 3540 3514 3515
f 3540 3539 3514
f 3541 3515 3516
f 3541 3540 3515
f 3542 3516 3517
f 3542 3541 3516
f 3543 3517 3518
f 3543 3542 3517
f 3544 3518 3519
f 3544 3543 3518
f 3545 3519 3520
f 3545 3544 3519
f 3546 3520 3521
f 3546 3545 3520
f 3547 3521 3522
f 3547 3546 3521
f 3548 3522 3523
f 3548 3547 3522
f 3549 3523 3524
f 3549 3548 3523
f 3550 3524 3525
f 3550 3549 3524
f 3551 3525 3526
f 3551 3550 3525
f 3552 3526 3527
f 3552 3551 3526
f 3553 3527 3528
f 3553 3552 3527
f 3554 3528 3529
f 3554 3553 3528
f 3555 3529 3530
f 3555 3554 3529
f 3556 3530 3531
f 3556 3555 3530
f 3557 3556 3531
f 3558 3557 3531
f 3558 3531 3532
f 3559 3533 3535
f 3560 3533 3559
f 3560 3534 3533
f 3561 3535 3536
f 3561 3559 3535
f 3562 3536 3537
f 3562 3561 3536
f 3563 3537 3538
f 3563 3562 3537
f 3564 3538 3539
f 3564 3563 3538
f 3565 3539 3540
f 3565 3564 3539
f 3566 3540 3541
f 3566 3565 3540
f 3567 3541 3542
f 3567 3566 3541
f 3568 3542 3543
f 3568 3567 3542
f 3569 3543 3544
f 3569 3568 3543
f 3570 3544 3545
f 3570 3569 3544
f 3571 3545 3546
f 3571 3570 3545
f 3572 3546 3547
f 3572 3571 3546
f 3573 3547 3548
f 3573 3572 3547
f 3574 3548 3549
f 3574 3573 3548
f 3575 3549 3550
f 3575 3574 3549
f 3576 3550 3551
f 3576 3575 3550
f 3577 3551 3552
f 3577 3576 3551
f 3578 3552 3553
f 3578 3577 3552
f 3579 3553 3554
f 3579 3578 3553
f 3580 3554 3555
f 3580 3579 3554
f 3581 3555 3556
f 3581 3580 3555
f 3582 3556 3557
f 3582 3581 3556
f 3583 3582 3557
f 3584 3583 3557
f 3584 3557 3558
f 2976 3559 3561
f 2982 3559 2976
f 2982 3560 3559
f 2979 3561 3562
f 2979 2976 3561
f 2996 3562 3563
f 2996 2979 3562
f 2998 3563 3564
f 2998 2996 3563
f 3024 3564 3565
f 3024 2998 3564
f 3027 3565 3566
f 3027 3024 3565
f 3030 3566 3567
f 3030 3027 3566
f 3036 3567 3568
f 3036 3030 3567
f 3041 3568 3569
f 3041 3036 3568
f 3050 3569 3570
f 3050 3041 3569
f 3054 3570 3571
f 3054 3050 3570
f 3059 3571 3572
f 3059 3054 3571
f 3065 3572 3573
f 3065 3059 3572
f 3070 3573 3574
f 3070 3065 3573
f 3076 3574 3575
f 3076 3070 3574
f 3084 3575 3576
f 3084 3076 3575
f 3091 3576 3577
f 3091 3084 3576
f 3100 3577 3578
f 3100 3091 3577
f 3106 3578 3579
f 3106 3100 3578
f 3107 3579 3580
f 3107 3106 3579
f 3120 3580 3581
f 3120 3107 3580
f 3144 3581 3582
f 3144 3120 3581
f 3143 3582 3583
f 3143 3144 3582
f 3142 3143 3583
f 3585 3142 3583
f 3585 3583 3584
f 3141 3142 3585
f 3272 2873 2874
f 3586 2874 2875
f 3586 3272 2874
f 3587 2875 2877
f 3587 3586 2875
f 3588 2877 2885
f 3588 3587 2877
f 3589 2885 2894
f 3589 3588 2885
f 3590 2894 2896
f 3590 3589 2894
f 3591 2896 2903
f 3591 3590 2896
f 3592 2903 2910
f 3592 3591 2903
f 3593 2910 2917
f 3593 3592 2910
f 3594 2917 2924
f 3594 3593 2917
f 3595 2924 2931
f 3595 3594 2924
f 3596 2931 2938
f 3596 3595 2931
f 3597 2938 2945
f 3597 3596 2938
f 3598 2945 2949
f 3598 3597 2945
f 3599 2949 2962
f 3599 3598 2949
f 3600 2962 2965
f 3600 3599 2962
f 3601 2965 2970
f 3601 3600 2965
f 3602 2970 2971
f 3602 3601 2970
f 3603 2971 2049
f 3603 3602 2971
f 3604 2049 2048
f 3604 3603 2049
f 3605 2048 2050
f 3605 3604 2048
f 3223 3605 2050
f 3298 3272 3586
f 3606 3586 3587
f 3606 3298 3586
f 3607 3587 3588
f 3607 3606 3587
f 3608 3588 3589
f 3608 3607 3588
f 3609 3589 3590
f 3609 3608 3589
f 3610 3590 3591
f 3610 3609 3590
f 3611 3591 3592
f 3611 3610 3591
f 3612 3592 3593
f 3612 3611 3592
f 3613 3593 3594
f 3613 3612 3593
f 3614 3594 3595
f 3614 3613 3594
f 3615 3595 3596
f 3615 3614 3595
f 3616 3596 3597
f 3616 3615 3596
f 3617 3597 3598
f 3617 3616 3597
f 3618 3598 3599
f 3618 3617 3598
f 3619 3599 3600
f 3619 3618 3599
f 3620 3600 3601
f 3620 3619 3600
f 3621 3601 3602
f 3621 3620 3601
f 3622 3602 3603
f 3622 3621 3602
f 3623 3603 3604
f 3623 3622 3603
f 3624 3604 3605
f 3624 3623 3604
f 3625 3605 3223
f 3625 3624 3605
f 3248 3625 3223
f 3324 3298 3606
f 3626 3606 3607
f 3626 3324 3606
f 3627 3607 3608
f 3627 3626 3607
f 3628 3608 3609
f 3628 3627 3608
f 3629 3609 3610
f 3629 3628 3609
f 3630 3610 3611
f 3630 3629 3610
f 3631 3611 3612
f 3631 3630 3611
f 3632 3612 3613
f 3632 3631 3612
f 3633 3613 3614
f 3633 3632 3613
f 3634 3614 3615
f 3634 3633 3614
f 3635 3615 3616
f 3635 3634 3615
f 3636 3616 3617
f 3636 3635 3616
f 3637 3617 3618
f 3637 3636 3617
f 3638 3618 3619
f 3638 3637 3618
f 3639 3619 3620
f 3639 3638 3619
f 3640 3620 3621
f 3640 3639 3620
f 3641 3621 3622
f 3641 3640 3621
f 3642 3622 3623
f 3642 3641 3622
f 3643 3623 3624
f 3643 3642 3623
f 3644 3624 3625
f 3644 3643 3624
f 3645 3625 3248
f 3645 3644 3625
f 3274 3645 3248
f 3350 3324 3626
f 3646 3626 3627
f 3646 3350 3626
f 3647 3627 3628
f 3647 3646 3627
f 3648 3628 3629
f 3648 3647 3628
f 3649 3629 3630
f 3649 3648 3629
f 3650 3630 3631
f 3650 3649 3630
f 3651 3631 3632
f 3651 3650 3631
f 3652 3632 3633
f 3652 3651 3632
f 3653 3633 3634
f 3653 3652 3633
f 3654 3634 3635
f 3654 3653 3634
f 3655 3635 3636
f 3655 3654 3635
f 3656 3636 3637
f 3656 3655 3636
f 3657 3637 3638
f 3657 3656 3637
f 3658 3638 3639
f 3658 3657 3638
f 3659 3639 3640
f 3659 3658 3639
f 3660 3640 3641
f 3660 3659 3640
f 3661 3641 3642
f 3661 3660 3641
f 3662 3642 3643
f 3662 3661 3642
f 3663 3643 3644
f 3663 3662 3643
f 3664 3644 3645
f 3664 3663 3644
f 3665 3645 3274
f 3665 3664 3645
f 3300 3665 3274
f 3376 3350 3646
f 3666 3646 3647
f 3666 3376 3646
f 3667 3647 3648
f 3667 3666 3647
f 3668 3648 3649
f 3668 3667 3648
f 3669 3649 3650
f 3669 3668 3649
f 3670 3650 3651
f 3670 3669 3650
f 3671 3651 3652
f 3671 3670 3651
f 3672 3652 3653
f 3672 3671 3652
f 3673 3653 3654
f 3673 3672 3653
f 3674 3654 3655
f 3674 3673 3654
f 3675 3655 3656
f 3675 3674 3655
f 3676 3656 3657
f 3676 3675 3656
f 3677 3657 3658
f 3677 3676 3657
f 3678 3658 3659
f 3678 3677 3658
f 3679 3659 3660
f 3679 3678 3659
f 3680 3660 3661
f 3680 3679 3660
f 3681 3661 3662
f 3681 3680 3661
f 3682 3662 3663
f 3682 3681 3662
f 3683 3663 3664
f 3683 3682 3663
f 3684 3664 3665
f 3684 3683 3664
f 3685 3665 3300
f 3685 3684 3665
f 3326 3685 3300
f 3402 3376 3666
f 3686 3666 3667
f 3686 3402 3666
f 3687 3667 3668
f 3687 3686 3667
f 3688 3668 3669
f 3688 3687 3668
f 3689 3669 3670
f 3689 3688 3669
f 3690 3670 3671
f 3690 3689 3670
f 3691 3671 3672
f 3691 3690 3671
f 3692 3672 3673
f 3692 3691 3672
f 3693 3673 3674
f 3693 3692 3673
f 3694 3674 3675
f 3694 3693 3674
f 3695 3675 3676
f 3695 3694 3675
f 3696 3676 3677
f 3696 3695 3676
f 3697 3677 3678
f 3697 3696 3677
f 3698 3678 3679
f 3698 3697 3678
f 3699 3679 3680
f 3699 3698 3679
f 3700 3680 3681
f 3700 3699 3680
f 3701 3681 3682
f 3701 3700 3681
f 3702 3682 3683
f 3702 3701 3682
f 3703 3683 3684
f 3703 3702 3683
f 3704 3684 3685
f 3704 3703 3684
f 3705 3685 3326
f 3705 3704 3685
f 3352 3705 3326
f 3428 3402 3686
f 3706 3686 3687
f 3706 3428 3686
f 3707 3687 3688
f 3707 3706 3687
f 3708 3688 3689
f 3708 3707 3688
f 3709 3689 3690
f 3709 3708 3689
f 3710 3690 3691
f 3710 3709 3690
f 3711 3691 3692
f 3711 3710 3691
f 3712 3692 3693
f 3712 3711 3692
f 3713 3693 3694
f 3713 3712 3693
f 3714 3694 3695
f 3714 3713 3694
f 3715 3695 3696
f 3715 3714 3695
f 3716 3696 3697
f 3716 3715 3696
f 3717 3697 3698
f 3717 3716 3697
f 3718 3698 3699
f 3718 3717 3698
f 3719 3699 3700
f 3719 3718 3699
f 3720 3700 3701
f 3720 3719 3700
f 3721 3701 3702
f 3721 3720 3701
f 3722 3702 3703
f 3722 3721 3702
f 3723 3703 3704
f 3723 3722 3703
f 3724 3704 3705
f 3724 3723 3704
f 3725 3705 3352
f 3725 3724 3705
f 3378 3725 3352
f 3454 3428 3706
f 3726 3706 3707
f 3726 3454 3706
f 3727 3707 3708
f 3727 3726 3707
f 3728 3708 3709
f 3728 3727 3708
f 3729 3709 3710
f 3729 3728 3709
f 3730 3710 3711
f 3730 3729 3710
f 3731 3711 3712
f 3731 3730 3711
f 3732 3712 3713
f 3732 3731 3712
f 3733 3713 3714
f 3733 3732 3713
f 3734 3714 3715
f 3734 3733 3714
f 3735 3715 3716
f 3735 3734 3715
f 3736 3716 3717
f 3736 3735 3716
f 3737 3717 3718
f 3737 3736 3717
f 3738 3718 3719
f 3738 3737 3718
f 3739 3719 3720
f 3739 3738 3719
f 3740 3720 3721
f 3740 3739 3720
f 3741 3721 3722
f 3741 3740 3721
f 3742 3722 3723
f 3742 3741 3722
f 3743 3723 3724
f 3743 3742 3723
f 3744 3724 3725
f 3744 3743 3724
f 3745 3725 3378
f 3745 3744 3725
f 3404 3745 3378
f 3480 3454 3726
f 3746 3726 3727
f 3746 3480 3726
f 3747 3727 3728
f 3747 3746 3727
f 3748 3728 3729
f 3748 3747 3728
f 3749 3729 3730
f 3749 3748 3729
f 3750 3730 3731
f 3750 3749 3730
f 3751 3731 3732
f 3751 3750 3731
f 3752 3732 3733
f 3752 3751 3732
f 3753 3733 3734
f 3753 3752 3733
f 3754 3734 3735
f 3754 3753 3734
f 3755 3735 3736
f 3755 3754 3735
f 3756 3736 3737
f 3756 3755 3736
f 3757 3737 3738
f 3757 3756 3737
f 3758 3738 3739
f 3758 3757 3738
f 3759 3739 3740
f 3759 3758 3739
f 3760 3740 3741
f 3760 3759 3740
f 3761 3741 3742
f 3761 3760 3741
f 3762 3742 3743
f 3762 3761 3742
f 3763 3743 3744
f 3763 3762 3743
f 3764 3744 3745
f 3764 3763 3744
f 3765 3745 3404
f 3765 3764 3745
f 3430 3765 3404
f 3506 3480 3746
f 3766 3746 3747
f 3766 3506 3746
f 3767 3747 3748
f 3767 3766 3747
f 3768 3748 3749
f 3768 3767 3748
f 3769 3749 3750
f 3769 3768 3749
f 3770 3750 3751
f 3770 3769 3750
f 3771 3751 3752
f 3771 3770 3751
f 3772 3752 3753
f 3772 3771 3752
f 3773 3753 3754
f 3773 3772 3753
f 3774 3754 3755
f 3774 3773 3754
f 3775 3755 3756
f 3775 3774 3755
f 3776 3756 3757
f 3776 3775 3756
f 3777 3757 3758
f 3777 3776 3757
f 3778 3758 3759
f 3778 3777 3758
f 3779 3759 3760
f 3779 3778 3759
f 3780 3760 3761
f 3780 3779 3760
f 3781 3761 3762
f 3781 3780 3761
f 3782 3762 3763
f 3782 3781 3762
f 3783 3763 3764
f 3783 3782 3763
f 3784 3764 3765
f 3784 3783 3764
f 3785 3765 3430
f 3785 3784 3765
f 3456 3785 3430
f 3532 3506 3766
f 3786 3766 3767
f 3786 3532 3766
f 3787 3767 3768
f 3787 3786 3767
f 3788 3768 3769
f 3788 3787 3768
f 3789 3769 3770
f 3789 3788 3769
f 3790 3770 3771
f 3790 3789 3770
f 3791 3771 3772
f 3791 3790 3771
f 3792 3772 3773
f 3792 3791 3772
f 3793 3773 3774
f 3793 3792 3773
f 3794 3774 3775
f 3794 3793 3774
f 3795 3775 3776
f 3795 3794 3775
f 3796 3776 3777
f 3796 3795 3776
f 3797 3777 3778
f 3797 3796 3777
f 3798 3778 3779
f 3798 3797 3778
f 3799 3779 3780
f 3799 3798 3779
f 3800 3780 3781
f 3800 3799 3780
f 3801 3781 3782
f 3801 3800 3781
f 3802 3782 3783
f 3802 3801 3782
f 3803 3783 3784
f 3803 3802 3783
f 3804 3784 3785
f 3804 3803 3784
f 3805 3785 3456
f 3805 3804 3785
f 3482 3805 3456
f 3558 3532 3786
f 3806 3786 3787
f 3806 3558 3786
f 3807 3787 3788
f 3807 3806 3787
f 3808 3788 3789
f 3808 3807 3788
f 3809 3789 3790
f 3809 3808 3789
f 3810 3790 3791
f 3810 3809 3790
f 3811 3791 3792
f 3811 3810 3791
f 3812 3792 3793
f 3812 3811 3792
f 3813 3793 3794
f 3813 3812 3793
f 3814 3794 3795
f 3814 3813 3794
f 3815 3795 3796
f 3815 3814 3795
f 3816 3796 3797
f 3816 3815 3796
f 3817 3797 3798
f 3817 3816 3797
f 3818 3798 3799
f 3818 3817 3798
f 3819 3799 3800
f 3819 3818 3799
f 3820 3800 3801
f 3820 3819 3800
f 3821 3801 3802
f 3821 3820 3801
f 3822 3802 3803
f 3822 3821 3802
f 3823 3803 3804
f 3823 3822 3803
f 3824 3804 3805
f 3824 3823 3804
f 3825 3805 3482
f 3825 3824 3805
f 3508 3825 3482
f 3584 3558 3806
f 3826 3806 3807
f 3826 3584 3806
f 3827 3807 3808
f 3827 3826 3807
f 3828 3808 3809
f 3828 3827 3808
f 3829 3809 3810
f 3829 3828 3809
f 3830 3810 3811
f 3830 3829 3810
f 3831 3811 3812
f 3831 3830 3811
f 3832 3812 3813
f 3832 3831 3812
f 3833 3813 3814
f 3833 3832 3813
f 3834 3814 3815
f 3834 3833 3814
f 3835 3815 3816
f 3835 3834 3815
f 3836 3816 3817
f 3836 3835 3816
f 3837 3817 3818
f 3837 3836 3817
f 3838 3818 3819
f 3838 3837 3818
f 3839 3819 3820
f 3839 3838 3819
f 3840 3820 3821
f 3840 3839 3820
f 3841 3821 3822
f 3841 3840 3821
f 3842 3822 3823
f 3842 3841 3822
f 3843 3823 3824
f 3843 3842 3823
f 3844 3824 3825
f 3844 3843 3824
f 3845 3825 3508
f 3845 3844 3825
f 3534 3845 3508
f 3585 3584 3826
f 3846 3826 3827
f 3846 3585 3826
f 3847 3827 3828
f 3847 3846 3827
f 3848 3828 3829
f 3848 3847 3828
f 3849 3829 3830
f 3849 3848 3829
f 3850 3830 3831
f 3850 3849 3830
f 3851 3831 3832
f 3851 3850 3831
f 3852 3832 3833
f 3852 3851 3832
f 3853 3833 3834
f 3853 3852 3833
f 3854 3834 3835
f 3854 3853 3834
f 3855 3835 3836
f 3855 3854 3835
f 3856 3836 3837
f 3856 3855 3836
f 3857 3837 3838
f 3857 3856 3837
f 3858 3838 3839
f 3858 3857 3838
f 3859 3839 3840
f 3859 3858 3839
f 3860 3840 3841
f 3860 3859 3840
f 3861 3841 3842
f 3861 3860 3841
f 3862 3842 3843
f 3862 3861 3842
f 3863 3843 3844
f 3863 3862 3843
f 3864 3844 3845
f 3864 3863 3844
f 3865 3845 3534
f 3865 3864 3845
f 3560 3865 3534
f 3141 3585 3846
f 3140 3846 3847
f 3140 3141 3846
f 3139 3847 3848
f 3139 3140 3847
f 3136 3848 3849
f 3136 3139 3848
f 3148 3849 3850
f 3148 3136 3849
f 3155 3850 3851
f 3155 3148 3850
f 3160 3851 3852
f 3160 3155 3851
f 3165 3852 3853
f 3165 3160 3852
f 3172 3853 3854
f 3172 3165 3853
f 3178 3854 3855
f 3178 3172 3854
f 3185 3855 3856
f 3185 3178 3855
f 3191 3856 3857
f 3191 3185 3856
f 3197 3857 3858
f 3197 3191 3857
f 3203 3858 3859
f 3203 3197 3858
f 3210 3859 3860
f 3210 3203 3859
f 3216 3860 3861
f 3216 3210 3860
f 3220 3861 3862
f 3220 3216 3861
f 3010 3862 3863
f 3010 3220 3862
f 3006 3863 3864
f 3006 3010 3863
f 3003 3864 3865
f 3003 3006 3864
f 2984 3865 3560
f 2984 3003 3865
f 2982 2984 3560
f 3866 3867 3868
f 3869 3868 3867
f 3870 3866 3868
f 3871 3870 3868
f 3872 3871 3868
f 3869 3872 3868
f 3866 3873 3867
f 3874 3867 3873
f 3874 3869 3867
f 3875 3876 3873
f 3877 3873 3876
f 3866 3875 3873
f 3877 3874 3873
f 3878 3879 3876
f 3880 3876 3879
f 3875 3878 3876
f 3880 3877 3876
f 3880 3879 3878
f 3881 3878 3875
f 3882 3883 3878
f 3880 3878 3883
f 3881 3882 3878
f 3884 3875 3866
f 3884 3881 3875
f 3885 3866 3870
f 3885 3884 3866
f 3871 3886 3870
f 3887 3870 3886
f 3887 3885 3870
f 3888 3889 3886
f 3890 3886 3889
f 3871 3888 3886
f 3890 3887 3886
f 3891 3892 3889
f 3893 3889 3892
f 3894 3891 3889
f 3888 3894 3889
f 3893 3890 3889
f 3895 3892 3891
f 3896 3893 3892
f 3897 3896 3892
f 3895 3897 3892
f 3898 3891 3894
f 3898 3895 3891
f 3899 3894 3888
f 3899 3898 3894
f 3872 3888 3871
f 3872 3899 3888
f 3900 3901 3883
f 3902 3883 3901
f 3882 3900 3883
f 3902 3880 3883
f 3902 3901 3900
f 3903 3900 3882
f 3904 3905 3900
f 3906 3900 3905
f 3903 3904 3900
f 3906 3902 3900
f 3907 3882 3881
f 3907 3903 3882
f 3908 3881 3884
f 3908 3907 3881
f 3909 3884 3885
f 3909 3908 3884
f 3910 3885 3887
f 3910 3909 3885
f 3911 3887 3890
f 3911 3910 3887
f 3912 3890 3893
f 3912 3911 3890
f 3913 3893 3896
f 3913 3912 3893
f 3914 3915 3896
f 3916 3896 3915
f 3897 3914 3896
f 3916 3913 3896
f 3917 3915 3914
f 3918 3916 3915
f 3917 3918 3915
f 3895 3914 3897
f 3895 3917 3914
f 3904 3919 3905
f 3906 3905 3919
f 3920 3919 3904
f 3920 3906 3919
f 3921 3904 3903
f 3922 3923 3904
f 3920 3904 3923
f 3921 3922 3904
f 3924 3903 3907
f 3924 3921 3903
f 3925 3907 3908
f 3925 3924 3907
f 3926 3908 3909
f 3926 3925 3908
f 3927 3909 3910
f 3927 3926 3909
f 3928 3910 3911
f 3928 3927 3910
f 3929 3911 3912
f 3929 3928 3911
f 3930 3912 3913
f 3930 3929 3912
f 3931 3913 3916
f 3931 3930 3913
f 3932 3933 3916
f 3934 3916 3933
f 3918 3932 3916
f 3934 3931 3916
f 3935 3933 3932
f 3936 3934 3933
f 3937 3936 3933
f 3935 3937 3933
f 3935 3932 3918
f 3917 3935 3918
f 3922 3938 3923
f 3939 3923 3938
f 3939 3920 3923
f 3939 3938 3922
f 3940 3922 3921
f 3941 3942 3922
f 3939 3922 3942
f 3940 3941 3922
f 3943 3921 3924
f 3943 3940 3921
f 3944 3924 3925
f 3944 3943 3924
f 3945 3925 3926
f 3945 3944 3925
f 3946 3926 3927
f 3946 3945 3926
f 3946 3927 3928
f 3947 3928 3929
f 3947 3946 3928
f 3948 3929 3930
f 3948 3947 3929
f 3949 3930 3931
f 3949 3948 3930
f 3950 3931 3934
f 3950 3949 3931
f 3951 3952 3934
f 3953 3934 3952
f 3936 3951 3934
f 3953 3950 3934
f 3954 3952 3951
f 3955 3953 3952
f 3954 3955 3952
f 3937 3951 3936
f 3937 3954 3951
f 3956 3942 3941
f 3956 3939 3942
f 3957 3941 3940
f 3958 3959 3941
f 3956 3941 3959
f 3960 3958 3941
f 3957 3960 3941
f 3961 3940 3943
f 3961 3957 3940
f 3962 3943 3944
f 3962 3961 3943
f 3963 3944 3945
f 3963 3962 3944
f 3964 3945 3946
f 3964 3963 3945
f 3964 3946 3947
f 3965 3947 3948
f 3965 3964 3947
f 3966 3948 3949
f 3966 3965 3948
f 3967 3949 3950
f 3967 3966 3949
f 3968 3950 3953
f 3968 3967 3950
f 3955 3969 3953
f 3970 3953 3969
f 3970 3968 3953
f 3954 3969 3955
f 3971 3970 3969
f 3972 3971 3969
f 3973 3972 3969
f 3954 3973 3969
f 3974 3959 3958
f 3974 3956 3959
f 3974 3958 3960
f 3975 3960 3957
f 3976 3960 3975
f 3976 3974 3960
f 3977 3957 3961
f 3978 3975 3957
f 3977 3978 3957
f 3979 3961 3962
f 3979 3977 3961
f 3980 3962 3963
f 3980 3979 3962
f 3981 3963 3964
f 3981 3980 3963
f 3982 3964 3965
f 3982 3981 3964
f 3983 3965 3966
f 3984 3982 3965
f 3983 3984 3965
f 3985 3966 3967
f 3985 3983 3966
f 3986 3967 3968
f 3986 3985 3967
f 3987 3968 3970
f 3987 3986 3968
f 3988 3970 3971
f 3988 3987 3970
f 3972 3989 3971
f 3990 3971 3989
f 3991 3988 3971
f 3990 3991 3971
f 3973 3989 3972
f 3973 3990 3989
f 3976 3975 3978
f 3992 3978 3977
f 3976 3978 3992
f 3993 3977 3979
f 3994 3992 3977
f 3995 3994 3977
f 3993 3995 3977
f 3996 3979 3980
f 3996 3993 3979
f 3997 3980 3981
f 3997 3996 3980
f 3998 3981 3982
f 3998 3997 3981
f 3999 3982 3984
f 3999 3998 3982
f 4000 3984 3983
f 4000 3999 3984
f 4001 3983 3985
f 4001 4000 3983
f 4002 3985 3986
f 4002 4001 3985
f 4003 3986 3987
f 4003 4002 3986
f 4004 3987 3988
f 4004 4003 3987
f 4005 3988 3991
f 4006 4004 3988
f 4007 4006 3988
f 4005 4007 3988
f 3990 4005 3991
f 4008 3992 3994
f 4008 3976 3992
f 4008 3994 3995
f 4009 3995 3993
f 4010 3995 4009
f 4010 4008 3995
f 4011 3993 3996
f 4012 4009 3993
f 4013 4012 3993
f 4011 4013 3993
f 4014 3996 3997
f 4014 4011 3996
f 4015 3997 3998
f 4015 4014 3997
f 4016 3998 3999
f 4016 4015 3998
f 4017 3999 4000
f 4017 4016 3999
f 4018 4000 4001
f 4018 4017 4000
f 4019 4001 4002
f 4019 4018 4001
f 4020 4002 4003
f 4020 4019 4002
f 4021 4003 4004
f 4021 4020 4003
f 4022 4004 4006
f 4023 4021 4004
f 4024 4023 4004
f 4022 4024 4004
f 4005 4006 4007
f 4005 4022 4006
f 4010 4009 4012
f 4010 4012 4013
f 4025 4013 4011
f 4026 4013 4025
f 4026 4010 4013
f 4027 4011 4014
f 4028 4025 4011
f 4027 4028 4011
f 4029 4014 4015
f 4029 4027 4014
f 4030 4015 4016
f 4030 4029 4015
f 4031 4016 4017
f 4031 4030 4016
f 4032 4017 4018
f 4033 4031 4017
f 4032 4033 4017
f 4034 4018 4019
f 4034 4032 4018
f 4035 4019 4020
f 4035 4034 4019
f 4036 4020 4021
f 4036 4035 4020
f 4037 4021 4023
f 4038 4036 4021
f 4037 4038 4021
f 4037 4023 4024
f 4022 4037 4024
f 4039 4025 4028
f 4039 4026 4025
f 4039 4028 4027
f 4040 4027 4029
f 4039 4027 4040
f 4041 4029 4030
f 4042 4040 4029
f 4041 4042 4029
f 4043 4030 4031
f 4043 4041 4030
f 4044 4031 4033
f 4044 4043 4031
f 4045 4033 4032
f 4045 4044 4033
f 4046 4032 4034
f 4046 4045 4032
f 4047 4034 4035
f 4047 4046 4034
f 4048 4035 4036
f 4049 4047 4035
f 4048 4049 4035
f 4050 4036 4038
f 4050 4048 4036
f 4037 4050 4038
f 4051 4040 4042
f 4051 4039 4040
f 4052 4042 4041
f 4052 4051 4042
f 4053 4041 4043
f 4053 4052 4041
f 4053 4043 4044
f 4054 4044 4045
f 4053 4044 4054
f 4055 4045 4046
f 4055 4054 4045
f 4056 4046 4047
f 4056 4055 4046
f 4048 4047 4049
f 4048 4056 4047
f 4057 4054 4055
f 4058 4054 4057
f 4058 4053 4054
f 4059 4055 4056
f 4059 4057 4055
f 4060 4056 4048
f 4060 4059 4056
f 4061 4048 4050
f 4061 4060 4048
f 4062 4050 4037
f 4062 4061 4050
f 4063 4037 4022
f 4063 4062 4037
f 4064 4022 4005
f 4064 4063 4022
f 4065 4005 3990
f 4065 4064 4005
f 4066 3990 3973
f 4066 4065 3990
f 4067 3973 3954
f 4067 4066 3973
f 4068 3954 3937
f 4068 4067 3954
f 4069 3937 3935
f 4069 4068 3937
f 4070 3935 3917
f 4070 4069 3935
f 4071 3917 3895
f 4071 4070 3917
f 4072 3895 3898
f 4072 4071 3895
f 4073 3898 3899
f 4073 4072 3898
f 4074 3899 3872
f 4074 4073 3899
f 4075 3872 3869
f 4075 4074 3872
f 4075 3869 4076
f 3874 4076 3869
f 4077 4075 4076
f 4077 4076 4078
f 4079 4078 4076
f 4079 4076 3874
f 4080 4057 4059
f 4081 4057 4080
f 4081 4058 4057
f 4082 4059 4060
f 4082 4080 4059
f 4083 4060 4061
f 4083 4082 4060
f 4084 4061 4062
f 4084 4083 4061
f 4085 4062 4063
f 4085 4084 4062
f 4086 4063 4064
f 4086 4085 4063
f 4087 4064 4065
f 4087 4086 4064
f 4088 4065 4066
f 4088 4087 4065
f 4089 4066 4067
f 4089 4088 4066
f 4090 4067 4068
f 4090 4089 4067
f 4091 4068 4069
f 4091 4090 4068
f 4092 4069 4070
f 4092 4091 4069
f 4093 4070 4071
f 4093 4092 4070
f 4094 4071 4072
f 4094 4093 4071
f 4095 4072 4073
f 4095 4094 4072
f 4096 4073 4074
f 4096 4095 4073
f 4097 4074 4075
f 4097 4096 4074
f 4077 4097 4075
f 4098 4077 4078
f 4098 4078 4099
f 4100 4099 4078
f 4100 4078 4079
f 4101 4080 4082
f 4102 4080 4101
f 4102 4081 4080
f 4103 4082 4083
f 4103 4101 4082
f 4104 4083 4084
f 4104 4103 4083
f 4105 4084 4085
f 4105 4104 4084
f 4106 4085 4086
f 4106 4105 4085
f 4107 4086 4087
f 4107 4106 4086
f 4108 4087 4088
f 4108 4107 4087
f 4109 4088 4089
f 4109 4108 4088
f 4110 4089 4090
f 4110 4109 4089
f 4111 4090 4091
f 4111 4110 4090
f 4112 4091 4092
f 4112 4111 4091
f 4113 4092 4093
f 4113 4112 4092
f 4114 4093 4094
f 4114 4113 4093
f 4115 4094 4095
f 4115 4114 4094
f 4116 4095 4096
f 4116 4115 4095
f 4117 4096 4097
f 4117 4116 4096
f 4118 4097 4077
f 4118 4117 4097
f 4098 4118 4077
f 4119 4098 4099
f 4119 4099 4120
f 4121 4120 4099
f 4121 4099 4100
f 4122 4101 4103
f 4123 4101 4122
f 4123 4102 4101
f 4124 4103 4104
f 4124 4122 4103
f 4125 4104 4105
f 4125 4124 4104
f 4126 4105 4106
f 4126 4125 4105
f 4127 4106 4107
f 4127 4126 4106
f 4128 4107 4108
f 4128 4127 4107
f 4129 4108 4109
f 4129 4128 4108
f 4130 4109 4110
f 4130 4129 4109
f 4131 4110 4111
f 4131 4130 4110
f 4132 4111 4112
f 4132 4131 4111
f 4133 4112 4113
f 4133 4132 4112
f 4134 4113 4114
f 4134 4133 4113
f 4135 4114 4115
f 4135 4134 4114
f 4136 4115 4116
f 4136 4135 4115
f 4137 4116 4117
f 4137 4136 4116
f 4138 4117 4118
f 4138 4137 4117
f 4139 4118 4098
f 4139 4138 4118
f 4119 4139 4098
f 4140 4119 4120
f 4140 4120 4141
f 4142 4141 4120
f 4142 4120 4121
f 4143 4122 4124
f 4144 4122 4143
f 4144 4123 4122
f 4145 4124 4125
f 4145 4143 4124
f 4146 4125 4126
f 4146 4145 4125
f 4147 4126 4127
f 4147 4146 4126
f 4148 4127 4128
f 4148 4147 4127
f 4149 4128 4129
f 4149 4148 4128
f 4150 4129 4130
f 4150 4149 4129
f 4151 4130 4131
f 4151 4150 4130
f 4152 4131 4132
f 4152 4151 4131
f 4153 4132 4133
f 4153 4152 4132
f 4154 4133 4134
f 4154 4153 4133
f 4155 4134 4135
f 4155 4154 4134
f 4156 4135 4136
f 4156 4155 4135
f 4157 4136 4137
f 4157 4156 4136
f 4158 4137 4138
f 4158 4157 4137
f 4159 4138 4139
f 4159 4158 4138
f 4160 4139 4119
f 4160 4159 4139
f 4140 4160 4119
f 4161 4140 4141
f 4161 4141 4162
f 4163 4162 4141
f 4163 4141 4142
f 4164 4143 4145
f 4165 4143 4164
f 4165 4144 4143
f 4166 4145 4146
f 4166 4164 4145
f 4167 4146 4147
f 4167 4166 4146
f 4168 4147 4148
f 4168 4167 4147
f 4169 4148 4149
f 4169 4168 4148
f 4170 4149 4150
f 4170 4169 4149
f 4171 4150 4151
f 4171 4170 4150
f 4172 4151 4152
f 4172 4171 4151
f 4173 4152 4153
f 4173 4172 4152
f 4174 4153 4154
f 4174 4173 4153
f 4175 4154 4155
f 4175 4174 4154
f 4176 4155 4156
f 4176 4175 4155
f 4177 4156 4157
f 4177 4176 4156
f 4178 4157 4158
f 4178 4177 4157
f 4179 4158 4159
f 4179 4178 4158
f 4180 4159 4160
f 4180 4179 4159
f 4181 4160 4140
f 4181 4180 4160
f 4161 4181 4140
f 4182 4161 4162
f 4182 4162 4183
f 4184 4183 4162
f 4184 4162 4163
f 4185 4164 4166
f 4186 4164 4185
f 4186 4165 4164
f 4187 4166 4167
f 4187 4185 4166
f 4188 4167 4168
f 4188 4187 4167
f 4189 4168 4169
f 4189 4188 4168
f 4190 4169 4170
f 4190 4189 4169
f 4191 4170 4171
f 4191 4190 4170
f 4192 4171 4172
f 4192 4191 4171
f 4193 4172 4173
f 4193 4192 4172
f 4194 4173 4174
f 4194 4193 4173
f 4195 4174 4175
f 4195 4194 4174
f 4196 4175 4176
f 4196 4195 4175
f 4197 4176 4177
f 4197 4196 4176
f 4198 4177 4178
f 4198 4197 4177
f 4199 4178 4179
f 4199 4198 4178
f 4200 4179 4180
f 4200 4199 4179
f 4201 4180 4181
f 4201 4200 4180
f 4202 4181 4161
f 4202 4201 4181
f 4182 4202 4161
f 4203 4182 4183
f 4203 4183 4204
f 4205 4204 4183
f 4205 4183 4184
f 4206 4185 4187
f 4207 4185 4206
f 4207 4186 4185
f 4208 4187 4188
f 4208 4206 4187
f 4209 4188 4189
f 4209 4208 4188
f 4210 4189 4190
f 4210 4209 4189
f 4211 4190 4191
f 4211 4210 4190
f 4212 4191 4192
f 4212 4211 4191
f 4213 4192 4193
f 4213 4212 4192
f 4214 4193 4194
f 4214 4213 4193
f 4215 4194 4195
f 4215 4214 4194
f 4216 4195 4196
f 4216 4215 4195
f 4217 4196 4197
f 4217 4216 4196
f 4218 4197 4198
f 4218 4217 4197
f 4219 4198 4199
f 4219 4218 4198
f 4220 4199 4200
f 4220 4219 4199
f 4221 4200 4201
f 4221 4220 4200
f 4222 4201 4202
f 4222 4221 4201
f 4223 4202 4182
f 4223 4222 4202
f 4203 4223 4182
f 4224 4203 4204
f 4224 4204 4225
f 4226 4225 4204
f 4226 4204 4205
f 4227 4206 4208
f 4228 4206 4227
f 4228 4207 4206
f 4229 4208 4209
f 4229 4227 4208
f 4230 4209 4210
f 4230 4229 4209
f 4231 4210 4211
f 4231 4230 4210
f 4232 4211 4212
f 4232 4231 4211
f 4233 4212 4213
f 4233 4232 4212
f 4234 4213 4214
f 4234 4233 4213
f 4235 4214 4215
f 4235 4234 4214
f 4236 4215 4216
f 4236 4235 4215
f 4237 4216 4217
f 4237 4236 4216
f 4238 4217 4218
f 4238 4237 4217
f 4239 4218 4219
f 4239 4238 4218
f 4240 4219 4220
f 4240 4239 4219
f 4241 4220 4221
f 4241 4240 4220
f 4242 4221 4222
f 4242 4241 4221
f 4243 4222 4223
f 4243 4242 4222
f 4244 4223 4203
f 4244 4243 4223
f 4224 4244 4203
f 4245 4224 4225
f 4245 4225 4246
f 4247 4246 4225
f 4247 4225 4226
f 4248 4227 4229
f 4249 4227 4248
f 4249 4228 4227
f 4250 4229 4230
f 4250 4248 4229
f 4251 4230 4231
f 4251 4250 4230
f 4252 4231 4232
f 4252 4251 4231
f 4253 4232 4233
f 4253 4252 4232
f 4254 4233 4234
f 4254 4253 4233
f 4255 4234 4235
f 4255 4254 4234
f 4256 4235 4236
f 4256 4255 4235
f 4257 4236 4237
f 4257 4256 4236
f 4258 4237 4238
f 4258 4257 4237
f 4259 4238 4239
f 4259 4258 4238
f 4260 4239 4240
f 4260 4259 4239
f 4261 4240 4241
f 4261 4260 4240
f 4262 4241 4242
f 4262 4261 4241
f 4263 4242 4243
f 4263 4262 4242
f 4264 4243 4244
f 4264 4263 4243
f 4265 4244 4224
f 4265 4264 4244
f 4245 4265 4224
f 4266 4245 4246
f 4266 4246 4267
f 4268 4267 4246
f 4268 4246 4247
f 4269 4248 4250
f 4270 4248 4269
f 4270 4249 4248
f 4271 4250 4251
f 4271 4269 4250
f 4272 4251 4252
f 4272 4271 4251
f 4273 4252 4253
f 4273 4272 4252
f 4274 4253 4254
f 4274 4273 4253
f 4275 4254 4255
f 4275 4274 4254
f 4276 4255 4256
f 4276 4275 4255
f 4277 4256 4257
f 4277 4276 4256
f 4278 4257 4258
f 4278 4277 4257
f 4279 4258 4259
f 4279 4278 4258
f 4280 4259 4260
f 4280 4279 4259
f 4281 4260 4261
f 4281 4280 4260
f 4282 4261 4262
f 4282 4281 4261
f 4283 4262 4263
f 4283 4282 4262
f 4284 4263 4264
f 4284 4283 4263
f 4285 4264 4265
f 4285 4284 4264
f 4286 4265 4245
f 4286 4285 4265
f 4266 4286 4245
f 4287 4266 4267
f 4287 4267 4288
f 4289 4288 4267
f 4289 4267 4268
f 4290 4269 4271
f 4291 4269 4290
f 4291 4270 4269
f 4292 4271 4272
f 4292 4290 4271
f 4293 4272 4273
f 4293 4292 4272
f 4294 4273 4274
f 4294 4293 4273
f 4295 4274 4275
f 4295 4294 4274
f 4296 4275 4276
f 4296 4295 4275
f 4297 4276 4277
f 4297 4296 4276
f 4298 4277 4278
f 4298 4297 4277
f 4299 4278 4279
f 4299 4298 4278
f 4300 4279 4280
f 4300 4299 4279
f 4301 4280 4281
f 4301 4300 4280
f 4302 4281 4282
f 4302 4301 4281
f 4303 4282 4283
f 4303 4302 4282
f 4304 4283 4284
f 4304 4303 4283
f 4305 4284 4285
f 4305 4304 4284
f 4306 4285 4286
f 4306 4305 4285
f 4307 4286 4266
f 4307 4306 4286
f 4287 4307 4266
f 4308 4287 4288
f 4308 4288 4309
f 4310 4309 4288
f 4310 4288 4289
f 4311 4290 4292
f 4312 4290 4311
f 4312 4291 4290
f 4313 4292 4293
f 4313 4311 4292
f 4314 4293 4294
f 4314 4313 4293
f 4315 4294 4295
f 4315 4314 4294
f 4316 4295 4296
f 4316 4315 4295
f 4317 4296 4297
f 4317 4316 4296
f 4318 4297 4298
f 4318 4317 4297
f 4319 4298 4299
f 4319 4318 4298
f 4320 4299 4300
f 4320 4319 4299
f 4321 4300 4301
f 4321 4320 4300
f 4322 4301 4302
f 4322 4321 4301
f 4323 4302 4303
f 4323 4322 4302
f 4324 4303 4304
f 4324 4323 4303
f 4325 4304 4305
f 4325 4324 4304
f 4326 4305 4306
f 4326 4325 4305
f 4327 4306 4307
f 4327 4326 4306
f 4328 4307 4287
f 4328 4327 4307
f 4308 4328 4287
f 3017 4308 4309
f 3017 4309 3016
f 4329 3016 4309
f 4329 4309 4310
f 3126 4311 4313
f 3129 4311 3126
f 3129 4312 4311
f 3114 4313 4314
f 3123 3126 4313
f 3114 3123 4313
f 3112 4314 4315
f 3112 3114 4314
f 3109 4315 4316
f 3109 3112 4315
f 3102 4316 4317
f 3102 3109 4316
f 3094 4317 4318
f 3094 3102 4317
f 3088 4318 4319
f 3088 3094 4318
f 3078 4319 4320
f 3082 3088 4319
f 3078 3082 4319
f 3072 4320 4321
f 3072 3078 4320
f 3066 4321 4322
f 3066 3072 4321
f 3060 4322 4323
f 3060 3066 4322
f 3049 4323 4324
f 3049 3060 4323
f 3046 4324 4325
f 3046 3049 4324
f 3032 4325 4326
f 3038 3046 4325
f 3032 3038 4325
f 3031 4326 4327
f 3031 3032 4326
f 3020 4327 4328
f 3020 3031 4327
f 3018 4328 4308
f 3018 3020 4328
f 3017 3018 4308
f 3015 3016 4329
f 4079 3874 3877
f 4330 3877 3880
f 4330 4079 3877
f 4331 3880 3902
f 4331 4330 3880
f 4332 3902 3906
f 4332 4331 3902
f 4333 3906 3920
f 4333 4332 3906
f 4334 3920 3939
f 4334 4333 3920
f 4335 3939 3956
f 4335 4334 3939
f 4336 3956 3974
f 4336 4335 3956
f 4337 3974 3976
f 4337 4336 3974
f 4338 3976 4008
f 4338 4337 3976
f 4339 4008 4010
f 4339 4338 4008
f 4340 4010 4026
f 4340 4339 4010
f 4341 4026 4039
f 4341 4340 4026
f 4342 4039 4051
f 4342 4341 4039
f 4343 4051 4052
f 4343 4342 4051
f 4344 4052 4053
f 4344 4343 4052
f 4058 4344 4053
f 4100 4079 4330
f 4345 4330 4331
f 4345 4100 4330
f 4346 4331 4332
f 4346 4345 4331
f 4347 4332 4333
f 4347 4346 4332
f 4348 4333 4334
f 4348 4347 4333
f 4349 4334 4335
f 4349 4348 4334
f 4350 4335 4336
f 4350 4349 4335
f 4351 4336 4337
f 4351 4350 4336
f 4352 4337 4338
f 4352 4351 4337
f 4353 4338 4339
f 4353 4352 4338
f 4354 4339 4340
f 4354 4353 4339
f 4355 4340 4341
f 4355 4354 4340
f 4356 4341 4342
f 4356 4355 4341
f 4357 4342 4343
f 4357 4356 4342
f 4358 4343 4344
f 4358 4357 4343
f 4359 4344 4058
f 4359 4358 4344
f 4081 4359 4058
f 4121 4100 4345
f 4360 4345 4346
f 4360 4121 4345
f 4361 4346 4347
f 4361 4360 4346
f 4362 4347 4348
f 4362 4361 4347
f 4363 4348 4349
f 4363 4362 4348
f 4364 4349 4350
f 4364 4363 4349
f 4365 4350 4351
f 4365 4364 4350
f 4366 4351 4352
f 4366 4365 4351
f 4367 4352 4353
f 4367 4366 4352
f 4368 4353 4354
f 4368 4367 4353
f 4369 4354 4355
f 4369 4368 4354
f 4370 4355 4356
f 4370 4369 4355
f 4371 4356 4357
f 4371 4370 4356
f 4372 4357 4358
f 4372 4371 4357
f 4373 4358 4359
f 4373 4372 4358
f 4374 4359 4081
f 4374 4373 4359
f 4102 4374 4081
f 4142 4121 4360
f 4375 4360 4361
f 4375 4142 4360
f 4376 4361 4362
f 4376 4375 4361
f 4377 4362 4363
f 4377 4376 4362
f 4378 4363 4364
f 4378 4377 4363
f 4379 4364 4365
f 4379 4378 4364
f 4380 4365 4366
f 4380 4379 4365
f 4381 4366 4367
f 4381 4380 4366
f 4382 4367 4368
f 4382 4381 4367
f 4383 4368 4369
f 4383 4382 4368
f 4384 4369 4370
f 4384 4383 4369
f 4385 4370 4371
f 4385 4384 4370
f 4386 4371 4372
f 4386 4385 4371
f 4387 4372 4373
f 4387 4386 4372
f 4388 4373 4374
f 4388 4387 4373
f 4389 4374 4102
f 4389 4388 4374
f 4123 4389 4102
f 4163 4142 4375
f 4390 4375 4376
f 4390 4163 4375
f 4391 4376 4377
f 4391 4390 4376
f 4392 4377 4378
f 4392 4391 4377
f 4393 4378 4379
f 4393 4392 4378
f 4394 4379 4380
f 4394 4393 4379
f 4395 4380 4381
f 4395 4394 4380
f 4396 4381 4382
f 4396 4395 4381
f 4397 4382 4383
f 4397 4396 4382
f 4398 4383 4384
f 4398 4397 4383
f 4399 4384 4385
f 4399 4398 4384
f 4400 4385 4386
f 4400 4399 4385
f 4401 4386 4387
f 4401 4400 4386
f 4402 4387 4388
f 4402 4401 4387
f 4403 4388 4389
f 4403 4402 4388
f 4404 4389 4123
f 4404 4403 4389
f 4144 4404 4123
f 4184 4163 4390
f 4405 4390 4391
f 4405 4184 4390
f 4406 4391 4392
f 4406 4405 4391
f 4407 4392 4393
f 4407 4406 4392
f 4408 4393 4394
f 4408 4407 4393
f 4409 4394 4395
f 4409 4408 4394
f 4410 4395 4396
f 4410 4409 4395
f 4411 4396 4397
f 4411 4410 4396
f 4412 4397 4398
f 4412 4411 4397
f 4413 4398 4399
f 4413 4412 4398
f 4414 4399 4400
f 4414 4413 4399
f 4415 4400 4401
f 4415 4414 4400
f 4416 4401 4402
f 4416 4415 4401
f 4417 4402 4403
f 4417 4416 4402
f 4418 4403 4404
f 4418 4417 4403
f 4419 4404 4144
f 4419 4418 4404
f 4165 4419 4144
f 4205 4184 4405
f 4420 4405 4406
f 4420 4205 4405
f 4421 4406 4407
f 4421 4420 4406
f 4422 4407 4408
f 4422 4421 4407
f 4423 4408 4409
f 4423 4422 4408
f 4424 4409 4410
f 4424 4423 4409
f 4425 4410 4411
f 4425 4424 4410
f 4426 4411 4412
f 4426 4425 4411
f 4427 4412 4413
f 4427 4426 4412
f 4428 4413 4414
f 4428 4427 4413
f 4429 4414 4415
f 4429 4428 4414
f 4430 4415 4416
f 4430 4429 4415
f 4431 4416 4417
f 4431 4430 4416
f 4432 4417 4418
f 4432 4431 4417
f 4433 4418 4419
f 4433 4432 4418
f 4434 4419 4165
f 4434 4433 4419
f 4186 4434 4165
f 4226 4205 4420
f 4435 4420 4421
f 4435 4226 4420
f 4436 4421 4422
f 4436 4435 4421
f 4437 4422 4423
f 4437 4436 4422
f 4438 4423 4424
f 4438 4437 4423
f 4439 4424 4425
f 4439 4438 4424
f 4440 4425 4426
f 4440 4439 4425
f 4441 4426 4427
f 4441 4440 4426
f 4442 4427 4428
f 4442 4441 4427
f 4443 4428 4429
f 4443 4442 4428
f 4444 4429 4430
f 4444 4443 4429
f 4445 4430 4431
f 4445 4444 4430
f 4446 4431 4432
f 4446 4445 4431
f 4447 4432 4433
f 4447 4446 4432
f 4448 4433 4434
f 4448 4447 4433
f 4449 4434 4186
f 4449 4448 4434
f 4207 4449 4186
f 4247 4226 4435
f 4450 4435 4436
f 4450 4247 4435
f 4451 4436 4437
f 4451 4450 4436
f 4452 4437 4438
f 4452 4451 4437
f 4453 4438 4439
f 4453 4452 4438
f 4454 4439 4440
f 4454 4453 4439
f 4455 4440 4441
f 4455 4454 4440
f 4456 4441 4442
f 4456 4455 4441
f 4457 4442 4443
f 4457 4456 4442
f 4458 4443 4444
f 4458 4457 4443
f 4459 4444 4445
f 4459 4458 4444
f 4460 4445 4446
f 4460 4459 4445
f 4461 4446 4447
f 4461 4460 4446
f 4462 4447 4448
f 4462 4461 4447
f 4463 4448 4449
f 4463 4462 4448
f 4464 4449 4207
f 4464 4463 4449
f 4228 4464 4207
f 4268 4247 4450
f 4465 4450 4451
f 4465 4268 4450
f 4466 4451 4452
f 4466 4465 4451
f 4467 4452 4453
f 4467 4466 4452
f 4468 4453 4454
f 4468 4467 4453
f 4469 4454 4455
f 4469 4468 4454
f 4470 4455 4456
f 4470 4469 4455
f 4471 4456 4457
f 4471 4470 4456
f 4472 4457 4458
f 4472 4471 4457
f 4473 4458 4459
f 4473 4472 4458
f 4474 4459 4460
f 4474 4473 4459
f 4475 4460 4461
f 4475 4474 4460
f 4476 4461 4462
f 4476 4475 4461
f 4477 4462 4463
f 4477 4476 4462
f 4478 4463 4464
f 4478 4477 4463
f 4479 4464 4228
f 4479 4478 4464
f 4249 4479 4228
f 4289 4268 4465
f 4480 4465 4466
f 4480 4289 4465
f 4481 4466 4467
f 4481 4480 4466
f 4482 4467 4468
f 4482 4481 4467
f 4483 4468 4469
f 4483 4482 4468
f 4484 4469 4470
f 4484 4483 4469
f 4485 4470 4471
f 4485 4484 4470
f 4486 4471 4472
f 4486 4485 4471
f 4487 4472 4473
f 4487 4486 4472
f 4488 4473 4474
f 4488 4487 4473
f 4489 4474 4475
f 4489 4488 4474
f 4490 4475 4476
f 4490 4489 4475
f 4491 4476 4477
f 4491 4490 4476
f 4492 4477 4478
f 4492 4491 4477
f 4493 4478 4479
f 4493 4492 4478
f 4494 4479 4249
f 4494 4493 4479
f 4270 4494 4249
f 4310 4289 4480
f 4495 4480 4481
f 4495 4310 4480
f 4496 4481 4482
f 4496 4495 4481
f 4497 4482 4483
f 4497 4496 4482
f 4498 4483 4484
f 4498 4497 4483
f 4499 4484 4485
f 4499 4498 4484
f 4500 4485 4486
f 4500 4499 4485
f 4501 4486 4487
f 4501 4500 4486
f 4502 4487 4488
f 4502 4501 4487
f 4503 4488 4489
f 4503 4502 4488
f 4504 4489 4490
f 4504 4503 4489
f 4505 4490 4491
f 4505 4504 4490
f 4506 4491 4492
f 4506 4505 4491
f 4507 4492 4493
f 4507 4506 4492
f 4508 4493 4494
f 4508 4507 4493
f 4509 4494 4270
f 4509 4508 4494
f 4291 4509 4270
f 4329 4310 4495
f 4510 4495 4496
f 4510 4329 4495
f 4511 4496 4497
f 4511 4510 4496
f 4512 4497 4498
f 4512 4511 4497
f 4513 4498 4499
f 4513 4512 4498
f 4514 4499 4500
f 4514 4513 4499
f 4515 4500 4501
f 4515 4514 4500
f 4516 4501 4502
f 4516 4515 4501
f 4517 4502 4503
f 4517 4516 4502
f 4518 4503 4504
f 4518 4517 4503
f 4519 4504 4505
f 4519 4518 4504
f 4520 4505 4506
f 4520 4519 4505
f 4521 4506 4507
f 4521 4520 4506
f 4522 4507 4508
f 4522 4521 4507
f 4523 4508 4509
f 4523 4522 4508
f 4524 4509 4291
f 4524 4523 4509
f 4312 4524 4291
f 3014 4329 4510
f 3014 3015 4329
f 3013 4510 4511
f 3013 3014 4510
f 3012 4511 4512
f 3012 3013 4511
f 3221 4512 4513
f 3221 3012 4512
f 3219 4513 4514
f 3219 3221 4513
f 3212 4514 4515
f 3212 3219 4514
f 3199 4515 4516
f 3205 3212 4515
f 3199 3205 4515
f 3193 4516 4517
f 3193 3199 4516
f 3187 4517 4518
f 3187 3193 4517
f 3181 4518 4519
f 3181 3187 4518
f 3174 4519 4520
f 3174 3181 4519
f 3167 4520 4521
f 3167 3174 4520
f 3157 4521 4522
f 3166 3167 4521
f 3157 3166 4521
f 3151 4522 4523
f 3151 3157 4522
f 3150 4523 4524
f 3150 3151 4523
f 3149 4524 4312
f 3149 3150 4524
f 3129 3149 4312
f 4525 4526 2570
f 2555 2570 4526
f 4527 4525 2570
f 2585 4527 2570
f 4528 4526 4525
f 4529 2555 4526
f 4530 4529 4526
f 4531 4530 4526
f 4528 4531 4526
f 4528 4525 4527
f 2602 4527 2585
f 2602 4528 4527
f 2540 2555 4529
f 4532 4533 4529
f 4534 4529 4533
f 4530 4532 4529
f 4534 2540 4529
f 4535 4536 4533
f 4537 4533 4536
f 4538 4535 4533
f 4532 4538 4533
f 4537 4534 4533
f 4539 4536 4535
f 4540 4537 4536
f 4541 4540 4536
f 4542 4541 4536
f 4539 4542 4536
f 4539 4535 4538
f 4531 4538 4532
f 4531 4539 4538
f 4531 4532 4530
f 2525 2540 4534
f 4543 4534 4537
f 4543 2525 4534
f 4544 4537 4540
f 4544 4543 4537
f 4541 4545 4540
f 4546 4540 4545
f 4546 4544 4540
f 4547 4548 4545
f 4549 4545 4548
f 4550 4547 4545
f 4541 4550 4545
f 4549 4546 4545
f 4551 4548 4547
f 4552 4549 4548
f 4553 4552 4548
f 4551 4553 4548
f 4551 4547 4550
f 4542 4550 4541
f 4542 4551 4550
f 4554 2525 4543
f 4554 2510 2525
f 4555 4543 4544
f 4555 4554 4543
f 4556 4544 4546
f 4556 4555 4544
f 4557 4546 4549
f 4557 4556 4546
f 4558 4559 4549
f 4560 4549 4559
f 4552 4558 4549
f 4560 4557 4549
f 4561 4562 4559
f 4563 4559 4562
f 4564 4561 4559
f 4558 4564 4559
f 4563 4560 4559
f 4565 4562 4561
f 4566 4563 4562
f 4567 4566 4562
f 4565 4567 4562
f 4565 4561 4564
f 4553 4564 4558
f 4553 4565 4564
f 4553 4558 4552
f 4568 2510 4554
f 4568 2495 2510
f 4569 4554 4555
f 4569 4568 4554
f 4570 4555 4556
f 4570 4569 4555
f 4571 4556 4557
f 4571 4570 4556
f 4572 4557 4560
f 4572 4571 4557
f 4573 4560 4563
f 4573 4572 4560
f 4566 4574 4563
f 4575 4563 4574
f 4575 4573 4563
f 4576 4577 4574
f 4578 4574 4577
f 4579 4576 4574
f 4566 4579 4574
f 4578 4575 4574
f 4580 4577 4576
f 4581 4578 4577
f 4582 4581 4577
f 4580 4582 4577
f 4580 4576 4579
f 4567 4579 4566
f 4567 4580 4579
f 4583 2495 4568
f 4583 2480 2495
f 4584 4568 4569
f 4584 4583 4568
f 4585 4569 4570
f 4585 4584 4569
f 4586 4570 4571
f 4586 4585 4570
f 4587 4571 4572
f 4587 4586 4571
f 4588 4572 4573
f 4588 4587 4572
f 4589 4573 4575
f 4589 4588 4573
f 4590 4575 4578
f 4590 4589 4575
f 4591 4592 4578
f 4593 4578 4592
f 4581 4591 4578
f 4593 4590 4578
f 4594 4595 4592
f 4596 4592 4595
f 4597 4594 4592
f 4591 4597 4592
f 4596 4593 4592
f 4598 4595 4594
f 4599 4596 4595
f 4600 4599 4595
f 4598 4600 4595
f 4598 4594 4597
f 4582 4597 4591
f 4582 4598 4597
f 4582 4591 4581
f 2478 2480 4583
f 4601 4583 4584
f 4601 2478 4583
f 4602 4584 4585
f 4602 4601 4584
f 4603 4585 4586
f 4603 4602 4585
f 4604 4586 4587
f 4604 4603 4586
f 4605 4587 4588
f 4605 4604 4587
f 4606 4588 4589
f 4606 4605 4588
f 4607 4589 4590
f 4607 4606 4589
f 4608 4590 4593
f 4608 4607 4590
f 4609 4593 4596
f 4609 4608 4593
f 4610 4611 4596
f 4612 4596 4611
f 4599 4610 4596
f 4612 4609 4596
f 4613 4614 4611
f 4615 4611 4614
f 4616 4613 4611
f 4610 4616 4611
f 4615 4612 4611
f 4617 4614 4613
f 4618 4615 4614
f 4617 4618 4614
f 4619 4613 4616
f 4619 4617 4613
f 4619 4616 4610
f 4600 4610 4599
f 4600 4619 4610
f 4620 2478 4601
f 4620 2479 2478
f 4621 4601 4602
f 4622 4620 4601
f 4621 4622 4601
f 4623 4602 4603
f 4624 4621 4602
f 4623 4624 4602
f 4625 4603 4604
f 4626 4623 4603
f 4625 4626 4603
f 4627 4604 4605
f 4628 4625 4604
f 4627 4628 4604
f 4629 4605 4606
f 4630 4627 4605
f 4629 4630 4605
f 4631 4606 4607
f 4632 4629 4606
f 4631 4632 4606
f 4633 4607 4608
f 4634 4631 4607
f 4633 4634 4607
f 4635 4608 4609
f 4636 4633 4608
f 4635 4636 4608
f 4637 4609 4612
f 4638 4635 4609
f 4637 4638 4609
f 4639 4612 4615
f 4640 4637 4612
f 4639 4640 4612
f 4618 4641 4615
f 4642 4615 4641
f 4643 4639 4615
f 4642 4643 4615
f 4644 4645 4641
f 4646 4641 4645
f 4647 4644 4641
f 4618 4647 4641
f 4648 4642 4641
f 4646 4648 4641
f 4649 4645 4644
f 4650 4646 4645
f 4651 4650 4645
f 4652 4651 4645
f 4653 4652 4645
f 4649 4653 4645
f 4649 4644 4647
f 4617 4647 4618
f 4617 4649 4647
f 2477 2479 4620
f 4654 4620 4622
f 4654 2477 4620
f 4654 4622 4621
f 4655 4621 4624
f 4655 4654 4621
f 4655 4624 4623
f 4656 4623 4626
f 4656 4655 4623
f 4656 4626 4625
f 4657 4625 4628
f 4657 4656 4625
f 4657 4628 4627
f 4658 4627 4630
f 4658 4657 4627
f 4658 4630 4629
f 4659 4629 4632
f 4659 4658 4629
f 4659 4632 4631
f 4660 4631 4634
f 4660 4659 4631
f 4660 4634 4633
f 4661 4633 4636
f 4661 4660 4633
f 4661 4636 4635
f 4662 4635 4638
f 4662 4661 4635
f 4662 4638 4637
f 4663 4637 4640
f 4663 4662 4637
f 4663 4640 4639
f 4664 4639 4643
f 4664 4663 4639
f 4664 4643 4642
f 4665 4642 4648
f 4665 4664 4642
f 4665 4648 4646
f 4666 4646 4650
f 4666 4665 4646
f 4666 4650 4651
f 4652 4667 4651
f 4668 4651 4667
f 4666 4651 4668
f 4668 4667 4652
f 4653 4668 4652
f 2660 4669 2658
f 2654 2658 4669
f 2660 4670 4669
f 2654 4669 4670
f 2660 4671 4670
f 4672 4670 4671
f 2654 4670 4672
f 2733 4671 2660
f 4673 4674 4671
f 4672 4671 4674
f 2733 4673 4671
f 4675 4676 4674
f 4672 4674 4676
f 4673 4675 4674
f 4675 4677 4676
f 4678 4676 4677
f 4672 4676 4678
f 4675 4679 4677
f 4678 4677 4679
f 4675 4680 4679
f 4681 4679 4680
f 4678 4679 4681
f 4682 4680 4675
f 4683 4684 4680
f 4681 4680 4684
f 4682 4683 4680
f 4685 4675 4673
f 4685 4682 4675
f 2748 4673 2733
f 2748 4685 4673
f 4686 4687 4684
f 4688 4684 4687
f 4683 4686 4684
f 4681 4684 4688
f 4686 4689 4687
f 4688 4687 4689
f 4686 4690 4689
f 4691 4689 4690
f 4688 4689 4691
f 4692 4690 4686
f 4693 4694 4690
f 4691 4690 4694
f 4692 4693 4690
f 4695 4686 4683
f 4695 4692 4686
f 4696 4683 4682
f 4696 4695 4683
f 4697 4682 4685
f 4697 4696 4682
f 2763 4685 2748
f 2763 4697 4685
f 4693 4698 4694
f 4691 4694 4698
f 4693 4699 4698
f 4700 4698 4699
f 4691 4698 4700
f 4701 4699 4693
f 4700 4699 4701
f 4693 4702 4701
f 4703 4701 4702
f 4700 4701 4703
f 4704 4702 4693
f 4705 4706 4702
f 4703 4702 4706
f 4704 4705 4702
f 4707 4693 4692
f 4707 4704 4693
f 4708 4692 4695
f 4708 4707 4692
f 4709 4695 4696
f 4709 4708 4695
f 4710 4696 4697
f 4710 4709 4696
f 4711 4697 2763
f 4711 4710 4697
f 2778 4711 2763
f 4705 4712 4706
f 4713 4706 4712
f 4703 4706 4713
f 4714 4712 4705
f 4713 4712 4714
f 4705 4715 4714
f 4716 4714 4715
f 4713 4714 4716
f 4717 4715 4705
f 4718 4719 4715
f 4716 4715 4719
f 4717 4718 4715
f 4720 4705 4704
f 4720 4717 4705
f 4721 4704 4707
f 4721 4720 4704
f 4722 4707 4708
f 4722 4721 4707
f 4723 4708 4709
f 4723 4722 4708
f 4724 4709 4710
f 4724 4723 4709
f 4725 4710 4711
f 4725 4724 4710
f 4726 4711 2778
f 4726 4725 4711
f 2793 4726 2778
f 4718 4727 4719
f 4716 4719 4727
f 4718 4728 4727
f 4729 4727 4728
f 4716 4727 4729
f 4718 4730 4728
f 4729 4728 4730
f 4718 4731 4730
f 4732 4730 4731
f 4729 4730 4732
f 4733 4731 4718
f 4734 4735 4731
f 4732 4731 4735
f 4733 4734 4731
f 4736 4718 4717
f 4736 4733 4718
f 4737 4717 4720
f 4737 4736 4717
f 4738 4720 4721
f 4738 4737 4720
f 4739 4721 4722
f 4739 4738 4721
f 4740 4722 4723
f 4740 4739 4722
f 4741 4723 4724
f 4741 4740 4723
f 4742 4724 4725
f 4742 4741 4724
f 4743 4725 4726
f 4743 4742 4725
f 4744 4726 2793
f 4744 4743 4726
f 2798 4744 2793
f 4734 4745 4735
f 4746 4735 4745
f 4732 4735 4746
f 4734 4747 4745
f 4746 4745 4747
f 4734 4748 4747
f 4749 4747 4748
f 4746 4747 4749
f 4734 4750 4748
f 4749 4748 4750
f 4751 4750 4734
f 4752 4753 4750
f 4749 4750 4753
f 4751 4752 4750
f 4754 4734 4733
f 4754 4751 4734
f 4755 4733 4736
f 4755 4754 4733
f 4756 4736 4737
f 4756 4755 4736
f 4757 4737 4738
f 4757 4756 4737
f 4758 4738 4739
f 4758 4757 4738
f 4759 4739 4740
f 4759 4758 4739
f 4760 4740 4741
f 4760 4759 4740
f 4761 4741 4742
f 4761 4760 4741
f 4762 4742 4743
f 4762 4761 4742
f 4763 4743 4744
f 4763 4762 4743
f 2460 4744 2798
f 2460 4763 4744
f 4752 4764 4753
f 4765 4753 4764
f 4749 4753 4765
f 4752 4766 4764
f 4765 4764 4766
f 4752 4767 4766
f 4768 4766 4767
f 4765 4766 4768
f 4769 4767 4752
f 4770 4771 4767
f 4768 4767 4771
f 4769 4770 4767
f 4772 4752 4751
f 4773 4769 4752
f 4772 4773 4752
f 4774 4751 4754
f 4775 4772 4751
f 4774 4775 4751
f 4776 4754 4755
f 4777 4774 4754
f 4776 4777 4754
f 4778 4755 4756
f 4779 4776 4755
f 4778 4779 4755
f 4780 4756 4757
f 4781 4778 4756
f 4780 4781 4756
f 4782 4757 4758
f 4783 4780 4757
f 4782 4783 4757
f 4784 4758 4759
f 4785 4782 4758
f 4784 4785 4758
f 4786 4759 4760
f 4787 4784 4759
f 4786 4787 4759
f 4788 4760 4761
f 4789 4786 4760
f 4788 4789 4760
f 4790 4761 4762
f 4791 4788 4761
f 4790 4791 4761
f 4792 4762 4763
f 4793 4790 4762
f 4792 4793 4762
f 4794 4763 2460
f 4795 4792 4763
f 4794 4795 4763
f 2464 4794 2460
f 2462 2464 2460
f 4770 4796 4771
f 4768 4771 4796
f 4797 4796 4770
f 4768 4796 4798
f 4797 4798 4796
f 4799 4770 4769
f 4797 4770 4799
f 4799 4769 4773
f 4800 4773 4772
f 4799 4773 4800
f 4800 4772 4775
f 4801 4775 4774
f 4800 4775 4801
f 4801 4774 4777
f 4802 4777 4776
f 4801 4777 4802
f 4802 4776 4779
f 4803 4779 4778
f 4802 4779 4803
f 4803 4778 4781
f 4804 4781 4780
f 4803 4781 4804
f 4804 4780 4783
f 4805 4783 4782
f 4804 4783 4805
f 4805 4782 4785
f 4806 4785 4784
f 4805 4785 4806
f 4806 4784 4787
f 4807 4787 4786
f 4806 4787 4807
f 4807 4786 4789
f 4808 4789 4788
f 4807 4789 4808
f 4808 4788 4791
f 4809 4791 4790
f 4808 4791 4809
f 4809 4790 4793
f 4810 4793 4792
f 4809 4793 4810
f 4810 4792 4795
f 2463 4795 4794
f 4810 4795 2463
f 2463 4794 2464
f 4666 4668 4653
f 4811 4653 4649
f 4666 4653 4811
f 4812 4649 4617
f 4813 4811 4649
f 4812 4813 4649
f 4814 4617 4619
f 4814 4812 4617
f 4815 4619 4600
f 4815 4814 4619
f 4816 4600 4598
f 4816 4815 4600
f 4817 4598 4582
f 4817 4816 4598
f 4818 4582 4580
f 4818 4817 4582
f 4819 4580 4567
f 4819 4818 4580
f 4820 4567 4565
f 4820 4819 4567
f 4821 4565 4553
f 4821 4820 4565
f 4822 4553 4551
f 4822 4821 4553
f 4823 4551 4542
f 4823 4822 4551
f 4824 4542 4539
f 4824 4823 4542
f 4825 4539 4531
f 4825 4824 4539
f 4826 4531 4528
f 4826 4825 4531
f 4827 4528 2602
f 4827 4826 4528
f 2606 4827 2602
f 4828 4811 4813
f 4666 4811 4828
f 4829 4813 4812
f 4828 4813 4829
f 4830 4812 4814
f 4831 4829 4812
f 4830 4831 4812
f 4832 4814 4815
f 4832 4830 4814
f 4833 4815 4816
f 4833 4832 4815
f 4834 4816 4817
f 4834 4833 4816
f 4835 4817 4818
f 4835 4834 4817
f 4836 4818 4819
f 4836 4835 4818
f 4837 4819 4820
f 4837 4836 4819
f 4838 4820 4821
f 4838 4837 4820
f 4839 4821 4822
f 4839 4838 4821
f 4840 4822 4823
f 4840 4839 4822
f 4841 4823 4824
f 4841 4840 4823
f 4842 4824 4825
f 4842 4841 4824
f 4843 4825 4826
f 4843 4842 4825
f 4844 4826 4827
f 4844 4843 4826
f 4845 4827 2606
f 4845 4844 4827
f 2610 4845 2606
f 4846 4829 4831
f 4828 4829 4846
f 4847 4831 4830
f 4846 4831 4847
f 4848 4830 4832
f 4849 4847 4830
f 4848 4849 4830
f 4850 4832 4833
f 4850 4848 4832
f 4851 4833 4834
f 4851 4850 4833
f 4852 4834 4835
f 4852 4851 4834
f 4853 4835 4836
f 4853 4852 4835
f 4854 4836 4837
f 4854 4853 4836
f 4855 4837 4838
f 4855 4854 4837
f 4856 4838 4839
f 4856 4855 4838
f 4857 4839 4840
f 4857 4856 4839
f 4858 4840 4841
f 4858 4857 4840
f 4859 4841 4842
f 4859 4858 4841
f 4860 4842 4843
f 4860 4859 4842
f 4861 4843 4844
f 4861 4860 4843
f 4862 4844 4845
f 4862 4861 4844
f 4863 4845 2610
f 4863 4862 4845
f 2614 4863 2610
f 4864 4847 4849
f 4846 4847 4864
f 4865 4849 4848
f 4864 4849 4865
f 4866 4848 4850
f 4867 4865 4848
f 4866 4867 4848
f 4868 4850 4851
f 4868 4866 4850
f 4869 4851 4852
f 4869 4868 4851
f 4870 4852 4853
f 4870 4869 4852
f 4871 4853 4854
f 4871 4870 4853
f 4872 4854 4855
f 4872 4871 4854
f 4873 4855 4856
f 4873 4872 4855
f 4874 4856 4857
f 4874 4873 4856
f 4875 4857 4858
f 4875 4874 4857
f 4876 4858 4859
f 4876 4875 4858
f 4877 4859 4860
f 4877 4876 4859
f 4878 4860 4861
f 4878 4877 4860
f 4879 4861 4862
f 4879 4878 4861
f 4880 4862 4863
f 4880 4879 4862
f 4881 4863 2614
f 4881 4880 4863
f 2618 4881 2614
f 4882 4865 4867
f 4864 4865 4882
f 4883 4867 4866
f 4882 4867 4883
f 4884 4866 4868
f 4885 4883 4866
f 4884 4885 4866
f 4886 4868 4869
f 4886 4884 4868
f 4887 4869 4870
f 4887 4886 4869
f 4888 4870 4871
f 4888 4887 4870
f 4889 4871 4872
f 4889 4888 4871
f 4890 4872 4873
f 4890 4889 4872
f 4891 4873 4874
f 4891 4890 4873
f 4892 4874 4875
f 4892 4891 4874
f 4893 4875 4876
f 4893 4892 4875
f 4894 4876 4877
f 4894 4893 4876
f 4895 4877 4878
f 4895 4894 4877
f 4896 4878 4879
f 4896 4895 4878
f 4897 4879 4880
f 4897 4896 4879
f 4898 4880 4881
f 4898 4897 4880
f 4899 4881 2618
f 4899 4898 4881
f 2622 4899 2618
f 4900 4883 4885
f 4882 4883 4900
f 4901 4885 4884
f 4900 4885 4901
f 4902 4884 4886
f 4903 4901 4884
f 4902 4903 4884
f 4904 4886 4887
f 4904 4902 4886
f 4905 4887 4888
f 4905 4904 4887
f 4906 4888 4889
f 4906 4905 4888
f 4907 4889 4890
f 4907 4906 4889
f 4908 4890 4891
f 4908 4907 4890
f 4909 4891 4892
f 4909 4908 4891
f 4910 4892 4893
f 4910 4909 4892
f 4911 4893 4894
f 4911 4910 4893
f 4912 4894 4895
f 4912 4911 4894
f 4913 4895 4896
f 4913 4912 4895
f 4914 4896 4897
f 4914 4913 4896
f 4915 4897 4898
f 4915 4914 4897
f 4916 4898 4899
f 4916 4915 4898
f 4917 4899 2622
f 4917 4916 4899
f 2626 4917 2622
f 4918 4901 4903
f 4900 4901 4918
f 4919 4903 4902
f 4918 4903 4919
f 4920 4902 4904
f 4921 4919 4902
f 4920 4921 4902
f 4922 4904 4905
f 4922 4920 4904
f 4923 4905 4906
f 4923 4922 4905
f 4924 4906 4907
f 4924 4923 4906
f 4925 4907 4908
f 4925 4924 4907
f 4926 4908 4909
f 4926 4925 4908
f 4927 4909 4910
f 4927 4926 4909
f 4928 4910 4911
f 4928 4927 4910
f 4929 4911 4912
f 4929 4928 4911
f 4930 4912 4913
f 4930 4929 4912
f 4931 4913 4914
f 4931 4930 4913
f 4932 4914 4915
f 4932 4931 4914
f 4933 4915 4916
f 4933 4932 4915
f 4934 4916 4917
f 4934 4933 4916
f 4935 4917 2626
f 4935 4934 4917
f 2630 4935 2626
f 4936 4919 4921
f 4918 4919 4936
f 4937 4921 4920
f 4936 4921 4937
f 4938 4920 4922
f 4939 4937 4920
f 4938 4939 4920
f 4940 4922 4923
f 4940 4938 4922
f 4941 4923 4924
f 4941 4940 4923
f 4942 4924 4925
f 4942 4941 4924
f 4943 4925 4926
f 4943 4942 4925
f 4944 4926 4927
f 4944 4943 4926
f 4945 4927 4928
f 4945 4944 4927
f 4946 4928 4929
f 4946 4945 4928
f 4947 4929 4930
f 4947 4946 4929
f 4948 4930 4931
f 4948 4947 4930
f 4949 4931 4932
f 4949 4948 4931
f 4950 4932 4933
f 4950 4949 4932
f 4951 4933 4934
f 4951 4950 4933
f 4952 4934 4935
f 4952 4951 4934
f 4953 4935 2630
f 4953 4952 4935
f 2634 4953 2630
f 4954 4937 4939
f 4936 4937 4954
f 4955 4939 4938
f 4954 4939 4955
f 4956 4938 4940
f 4957 4955 4938
f 4956 4957 4938
f 4958 4940 4941
f 4958 4956 4940
f 4959 4941 4942
f 4959 4958 4941
f 4960 4942 4943
f 4960 4959 4942
f 4961 4943 4944
f 4961 4960 4943
f 4962 4944 4945
f 4962 4961 4944
f 4963 4945 4946
f 4963 4962 4945
f 4964 4946 4947
f 4964 4963 4946
f 4965 4947 4948
f 4965 4964 4947
f 4966 4948 4949
f 4966 4965 4948
f 4967 4949 4950
f 4967 4966 4949
f 4968 4950 4951
f 4968 4967 4950
f 4969 4951 4952
f 4969 4968 4951
f 4970 4952 4953
f 4970 4969 4952
f 4971 4953 2634
f 4971 4970 4953
f 2638 4971 2634
f 4972 4955 4957
f 4954 4955 4972
f 4973 4957 4956
f 4972 4957 4973
f 4974 4956 4958
f 4975 4973 4956
f 4974 4975 4956
f 4976 4958 4959
f 4976 4974 4958
f 4977 4959 4960
f 4977 4976 4959
f 4978 4960 4961
f 4978 4977 4960
f 4979 4961 4962
f 4979 4978 4961
f 4980 4962 4963
f 4980 4979 4962
f 4981 4963 4964
f 4981 4980 4963
f 4982 4964 4965
f 4982 4981 4964
f 4983 4965 4966
f 4983 4982 4965
f 4984 4966 4967
f 4984 4983 4966
f 4985 4967 4968
f 4985 4984 4967
f 4986 4968 4969
f 4986 4985 4968
f 4987 4969 4970
f 4987 4986 4969
f 4988 4970 4971
f 4988 4987 4970
f 4989 4971 2638
f 4989 4988 4971
f 2642 4989 2638
f 4990 4973 4975
f 4972 4973 4990
f 4991 4975 4974
f 4990 4975 4991
f 4992 4974 4976
f 4993 4991 4974
f 4992 4993 4974
f 4994 4976 4977
f 4994 4992 4976
f 4995 4977 4978
f 4995 4994 4977
f 4996 4978 4979
f 4996 4995 4978
f 4997 4979 4980
f 4997 4996 4979
f 4998 4980 4981
f 4998 4997 4980
f 4999 4981 4982
f 4999 4998 4981
f 5000 4982 4983
f 5000 4999 4982
f 5001 4983 4984
f 5001 5000 4983
f 5002 4984 4985
f 5002 5001 4984
f 5003 4985 4986
f 5003 5002 4985
f 5004 4986 4987
f 5004 5003 4986
f 5005 4987 4988
f 5005 5004 4987
f 5006 4988 4989
f 5006 5005 4988
f 5007 4989 2642
f 5007 5006 4989
f 2646 5007 2642
f 5008 4991 4993
f 4990 4991 5008
f 5009 4993 4992
f 5008 4993 5009
f 5010 4992 4994
f 5011 5009 4992
f 5010 5011 4992
f 5012 4994 4995
f 5012 5010 4994
f 5013 4995 4996
f 5013 5012 4995
f 5014 4996 4997
f 5014 5013 4996
f 5015 4997 4998
f 5015 5014 4997
f 5016 4998 4999
f 5016 5015 4998
f 5017 4999 5000
f 5017 5016 4999
f 5018 5000 5001
f 5018 5017 5000
f 5019 5001 5002
f 5019 5018 5001
f 5020 5002 5003
f 5020 5019 5002
f 5021 5003 5004
f 5021 5020 5003
f 5022 5004 5005
f 5022 5021 5004
f 5023 5005 5006
f 5023 5022 5005
f 5024 5006 5007
f 5024 5023 5006
f 5025 5007 2646
f 5025 5024 5007
f 2650 5025 2646
f 5026 5009 5011
f 5008 5009 5026
f 5027 5011 5010
f 5026 5011 5027
f 4768 5010 5012
f 4798 5027 5010
f 4768 4798 5010
f 4765 5012 5013
f 4765 4768 5012
f 4749 5013 5014
f 4749 4765 5013
f 4746 5014 5015
f 4746 4749 5014
f 4732 5015 5016
f 4732 4746 5015
f 4729 5016 5017
f 4729 4732 5016
f 4716 5017 5018
f 4716 4729 5017
f 4713 5018 5019
f 4713 4716 5018
f 4703 5019 5020
f 4703 4713 5019
f 4700 5020 5021
f 4700 4703 5020
f 4691 5021 5022
f 4691 4700 5021
f 4688 5022 5023
f 4688 4691 5022
f 4681 5023 5024
f 4681 4688 5023
f 4678 5024 5025
f 4678 4681 5024
f 4672 5025 2650
f 4672 4678 5025
f 2654 4672 2650
f 4797 5027 4798
f 5026 5027 4797
f 4810 2463 2465
f 5028 2465 2466
f 5028 4810 2465
f 5029 2466 2467
f 5029 5028 2466
f 5030 2467 2468
f 5030 5029 2467
f 5031 2468 2469
f 5031 5030 2468
f 5032 2469 2470
f 5032 5031 2469
f 5033 2470 2471
f 5033 5032 2470
f 5034 2471 2472
f 5034 5033 2471
f 5035 2472 2473
f 5035 5034 2472
f 5036 2473 2474
f 5036 5035 2473
f 5037 2474 2475
f 5037 5036 2474
f 5038 2475 2476
f 5038 5037 2475
f 5039 2476 2477
f 5039 5038 2476
f 4654 5039 2477
f 4809 4810 5028
f 5040 5028 5029
f 5040 4809 5028
f 5041 5029 5030
f 5041 5040 5029
f 5042 5030 5031
f 5042 5041 5030
f 5043 5031 5032
f 5043 5042 5031
f 5044 5032 5033
f 5044 5043 5032
f 5045 5033 5034
f 5045 5044 5033
f 5046 5034 5035
f 5046 5045 5034
f 5047 5035 5036
f 5047 5046 5035
f 5048 5036 5037
f 5048 5047 5036
f 5049 5037 5038
f 5049 5048 5037
f 5050 5038 5039
f 5050 5049 5038
f 5051 5039 4654
f 5051 5050 5039
f 4655 5051 4654
f 4808 4809 5040
f 5052 5040 5041
f 5052 4808 5040
f 5053 5041 5042
f 5053 5052 5041
f 5054 5042 5043
f 5054 5053 5042
f 5055 5043 5044
f 5055 5054 5043
f 5056 5044 5045
f 5056 5055 5044
f 5057 5045 5046
f 5057 5056 5045
f 5058 5046 5047
f 5058 5057 5046
f 5059 5047 5048
f 5059 5058 5047
f 5060 5048 5049
f 5060 5059 5048
f 5061 5049 5050
f 5061 5060 5049
f 5062 5050 5051
f 5062 5061 5050
f 5063 5051 4655
f 5063 5062 5051
f 4656 5063 4655
f 4807 4808 5052
f 5064 5052 5053
f 5064 4807 5052
f 5065 5053 5054
f 5065 5064 5053
f 5066 5054 5055
f 5066 5065 5054
f 5067 5055 5056
f 5067 5066 5055
f 5068 5056 5057
f 5068 5067 5056
f 5069 5057 5058
f 5069 5068 5057
f 5070 5058 5059
f 5070 5069 5058
f 5071 5059 5060
f 5071 5070 5059
f 5072 5060 5061
f 5072 5071 5060
f 5073 5061 5062
f 5073 5072 5061
f 5074 5062 5063
f 5074 5073 5062
f 5075 5063 4656
f 5075 5074 5063
f 4657 5075 4656
f 4806 4807 5064
f 5076 5064 5065
f 5076 4806 5064
f 5077 5065 5066
f 5077 5076 5065
f 5078 5066 5067
f 5078 5077 5066
f 5079 5067 5068
f 5079 5078 5067
f 5080 5068 5069
f 5080 5079 5068
f 5081 5069 5070
f 5081 5080 5069
f 5082 5070 5071
f 5082 5081 5070
f 5083 5071 5072
f 5083 5082 5071
f 5084 5072 5073
f 5084 5083 5072
f 5085 5073 5074
f 5085 5084 5073
f 5086 5074 5075
f 5086 5085 5074
f 5087 5075 4657
f 5087 5086 5075
f 4658 5087 4657
f 4805 4806 5076
f 5088 5076 5077
f 5088 4805 5076
f 5089 5077 5078
f 5089 5088 5077
f 5090 5078 5079
f 5090 5089 5078
f 5091 5079 5080
f 5091 5090 5079
f 5092 5080 5081
f 5092 5091 5080
f 5093 5081 5082
f 5093 5092 5081
f 5094 5082 5083
f 5094 5093 5082
f 5095 5083 5084
f 5095 5094 5083
f 5096 5084 5085
f 5096 5095 5084
f 5097 5085 5086
f 5097 5096 5085
f 5098 5086 5087
f 5098 5097 5086
f 5099 5087 4658
f 5099 5098 5087
f 4659 5099 4658
f 4804 4805 5088
f 5100 5088 5089
f 5100 4804 5088
f 5101 5089 5090
f 5101 5100 5089
f 5102 5090 5091
f 5102 5101 5090
f 5103 5091 5092
f 5103 5102 5091
f 5104 5092 5093
f 5104 5103 5092
f 5105 5093 5094
f 5105 5104 5093
f 5106 5094 5095
f 5106 5105 5094
f 5107 5095 5096
f 5107 5106 5095
f 5108 5096 5097
f 5108 5107 5096
f 5109 5097 5098
f 5109 5108 5097
f 5110 5098 5099
f 5110 5109 5098
f 5111 5099 4659
f 5111 5110 5099
f 4660 5111 4659
f 4803 4804 5100
f 5112 5100 5101
f 5112 4803 5100
f 5113 5101 5102
f 5113 5112 5101
f 5114 5102 5103
f 5114 5113 5102
f 5115 5103 5104
f 5115 5114 5103
f 5116 5104 5105
f 5116 5115 5104
f 5117 5105 5106
f 5117 5116 5105
f 5118 5106 5107
f 5118 5117 5106
f 5119 5107 5108
f 5119 5118 5107
f 5120 5108 5109
f 5120 5119 5108
f 5121 5109 5110
f 5121 5120 5109
f 5122 5110 5111
f 5122 5121 5110
f 5123 5111 4660
f 5123 5122 5111
f 4661 5123 4660
f 4802 4803 5112
f 5124 5112 5113
f 5124 4802 5112
f 5125 5113 5114
f 5125 5124 5113
f 5126 5114 5115
f 5126 5125 5114
f 5127 5115 5116
f 5127 5126 5115
f 5128 5116 5117
f 5128 5127 5116
f 5129 5117 5118
f 5129 5128 5117
f 5130 5118 5119
f 5130 5129 5118
f 5131 5119 5120
f 5131 5130 5119
f 5132 5120 5121
f 5132 5131 5120
f 5133 5121 5122
f 5133 5132 5121
f 5134 5122 5123
f 5134 5133 5122
f 5135 5123 4661
f 5135 5134 5123
f 4662 5135 4661
f 4801 4802 5124
f 5136 5124 5125
f 5136 4801 5124
f 5137 5125 5126
f 5137 5136 5125
f 5138 5126 5127
f 5138 5137 5126
f 5139 5127 5128
f 5139 5138 5127
f 5140 5128 5129
f 5140 5139 5128
f 5141 5129 5130
f 5141 5140 5129
f 5142 5130 5131
f 5142 5141 5130
f 5143 5131 5132
f 5143 5142 5131
f 5144 5132 5133
f 5144 5143 5132
f 5145 5133 5134
f 5145 5144 5133
f 5146 5134 5135
f 5146 5145 5134
f 5147 5135 4662
f 5147 5146 5135
f 4663 5147 4662
f 4800 4801 5136
f 5148 5136 5137
f 5148 4800 5136
f 5149 5137 5138
f 5149 5148 5137
f 5150 5138 5139
f 5150 5149 5138
f 5151 5139 5140
f 5151 5150 5139
f 5152 5140 5141
f 5152 5151 5140
f 5153 5141 5142
f 5153 5152 5141
f 5154 5142 5143
f 5154 5153 5142
f 5155 5143 5144
f 5155 5154 5143
f 5156 5144 5145
f 5156 5155 5144
f 5157 5145 5146
f 5157 5156 5145
f 5158 5146 5147
f 5158 5157 5146
f 5159 5147 4663
f 5159 5158 5147
f 4664 5159 4663
f 4799 4800 5148
f 5160 5148 5149
f 5160 4799 5148
f 5161 5149 5150
f 5161 5160 5149
f 5162 5150 5151
f 5162 5161 5150
f 5163 5151 5152
f 5163 5162 5151
f 5164 5152 5153
f 5164 5163 5152
f 5165 5153 5154
f 5165 5164 5153
f 5166 5154 5155
f 5166 5165 5154
f 5167 5155 5156
f 5167 5166 5155
f 5168 5156 5157
f 5168 5167 5156
f 5169 5157 5158
f 5169 5168 5157
f 5170 5158 5159
f 5170 5169 5158
f 5171 5159 4664
f 5171 5170 5159
f 4665 5171 4664
f 4797 4799 5160
f 5026 5160 5161
f 5026 4797 5160
f 5008 5161 5162
f 5008 5026 5161
f 4990 5162 5163
f 4990 5008 5162
f 4972 5163 5164
f 4972 4990 5163
f 4954 5164 5165
f 4954 4972 5164
f 4936 5165 5166
f 4936 4954 5165
f 4918 5166 5167
f 4918 4936 5166
f 4900 5167 5168
f 4900 4918 5167
f 4882 5168 5169
f 4882 4900 5168
f 4864 5169 5170
f 4864 4882 5169
f 4846 5170 5171
f 4846 4864 5170
f 4828 5171 4665
f 4828 4846 5171
f 4666 4828 4665
f 5172 5173 2389
f 2385 2389 5173
f 5174 5172 2389
f 2393 5174 2389
f 5175 5173 5172
f 5176 2385 5173
f 5177 5176 5173
f 5178 5177 5173
f 5175 5178 5173
f 5175 5172 5174
f 2397 5174 2393
f 2397 5175 5174
f 2381 2385 5176
f 5179 5180 5176
f 5181 5176 5180
f 5177 5179 5176
f 5181 2381 5176
f 5182 5183 5180
f 5184 5180 5183
f 5185 5182 5180
f 5179 5185 5180
f 5184 5181 5180
f 5186 5183 5182
f 5187 5184 5183
f 5188 5187 5183
f 5189 5188 5183
f 5186 5189 5183
f 5186 5182 5185
f 5178 5185 5179
f 5178 5186 5185
f 5178 5179 5177
f 2377 2381 5181
f 5190 5181 5184
f 5190 2377 5181
f 5191 5184 5187
f 5191 5190 5184
f 5188 5192 5187
f 5193 5187 5192
f 5193 5191 5187
f 5194 5195 5192
f 5196 5192 5195
f 5197 5194 5192
f 5188 5197 5192
f 5196 5193 5192
f 5198 5195 5194
f 5199 5196 5195
f 5200 5199 5195
f 5198 5200 5195
f 5198 5194 5197
f 5189 5197 5188
f 5189 5198 5197
f 5201 2377 5190
f 5201 2373 2377
f 5202 5190 5191
f 5202 5201 5190
f 5203 5191 5193
f 5203 5202 5191
f 5204 5193 5196
f 5204 5203 5193
f 5205 5206 5196
f 5207 5196 5206
f 5199 5205 5196
f 5207 5204 5196
f 5208 5209 5206
f 5210 5206 5209
f 5211 5208 5206
f 5205 5211 5206
f 5210 5207 5206
f 5212 5209 5208
f 5213 5210 5209
f 5214 5213 5209
f 5212 5214 5209
f 5212 5208 5211
f 5200 5211 5205
f 5200 5212 5211
f 5200 5205 5199
f 5215 2373 5201
f 5215 2369 2373
f 5216 5201 5202
f 5216 5215 5201
f 5217 5202 5203
f 5217 5216 5202
f 5218 5203 5204
f 5218 5217 5203
f 5219 5204 5207
f 5219 5218 5204
f 5220 5207 5210
f 5220 5219 5207
f 5213 5221 5210
f 5222 5210 5221
f 5222 5220 5210
f 5223 5224 5221
f 5225 5221 5224
f 5226 5223 5221
f 5213 5226 5221
f 5225 5222 5221
f 5227 5224 5223
f 5228 5225 5224
f 5229 5228 5224
f 5227 5229 5224
f 5227 5223 5226
f 5214 5226 5213
f 5214 5227 5226
f 5230 2369 5215
f 5230 2365 2369
f 5231 5215 5216
f 5231 5230 5215
f 5232 5216 5217
f 5232 5231 5216
f 5233 5217 5218
f 5233 5232 5217
f 5234 5218 5219
f 5234 5233 5218
f 5235 5219 5220
f 5235 5234 5219
f 5236 5220 5222
f 5236 5235 5220
f 5237 5222 5225
f 5237 5236 5222
f 5238 5239 5225
f 5240 5225 5239
f 5228 5238 5225
f 5240 5237 5225
f 5241 5242 5239
f 5243 5239 5242
f 5244 5241 5239
f 5238 5244 5239
f 5243 5240 5239
f 5245 5242 5241
f 5246 5243 5242
f 5247 5246 5242
f 5245 5247 5242
f 5245 5241 5244
f 5229 5244 5238
f 5229 5245 5244
f 5229 5238 5228
f 2361 2365 5230
f 5248 5230 5231
f 5248 2361 5230
f 5249 5231 5232
f 5249 5248 5231
f 5250 5232 5233
f 5250 5249 5232
f 5251 5233 5234
f 5251 5250 5233
f 5252 5234 5235
f 5252 5251 5234
f 5253 5235 5236
f 5253 5252 5235
f 5254 5236 5237
f 5254 5253 5236
f 5255 5237 5240
f 5255 5254 5237
f 5256 5240 5243
f 5256 5255 5240
f 5257 5258 5243
f 5259 5243 5258
f 5246 5257 5243
f 5259 5256 5243
f 5260 5261 5258
f 5262 5258 5261
f 5263 5260 5258
f 5257 5263 5258
f 5262 5259 5258
f 5264 5261 5260
f 5265 5262 5261
f 5264 5265 5261
f 5266 5260 5263
f 5266 5264 5260
f 5266 5263 5257
f 5247 5257 5246
f 5247 5266 5257
f 5267 2361 5248
f 5267 2362 2361
f 5268 5248 5249
f 5269 5267 5248
f 5268 5269 5248
f 5270 5249 5250
f 5271 5268 5249
f 5270 5271 5249
f 5272 5250 5251
f 5273 5270 5250
f 5272 5273 5250
f 5274 5251 5252
f 5275 5272 5251
f 5274 5275 5251
f 5276 5252 5253
f 5277 5274 5252
f 5276 5277 5252
f 5278 5253 5254
f 5279 5276 5253
f 5278 5279 5253
f 5280 5254 5255
f 5281 5278 5254
f 5280 5281 5254
f 5282 5255 5256
f 5283 5280 5255
f 5282 5283 5255
f 5284 5256 5259
f 5285 5282 5256
f 5284 5285 5256
f 5286 5259 5262
f 5287 5284 5259
f 5286 5287 5259
f 5265 5288 5262
f 5289 5262 5288
f 5290 5286 5262
f 5289 5290 5262
f 5291 5292 5288
f 5293 5288 5292
f 5294 5291 5288
f 5265 5294 5288
f 5295 5289 5288
f 5293 5295 5288
f 5296 5292 5291
f 5297 5293 5292
f 5298 5297 5292
f 5299 5298 5292
f 5296 5299 5292
f 5296 5291 5294
f 5264 5294 5265
f 5264 5296 5294
f 2357 2362 5267
f 5300 5267 5269
f 5300 2357 5267
f 5300 5269 5268
f 5301 5268 5271
f 5301 5300 5268
f 5301 5271 5270
f 5302 5270 5273
f 5302 5301 5270
f 5302 5273 5272
f 5303 5272 5275
f 5303 5302 5272
f 5303 5275 5274
f 5304 5274 5277
f 5304 5303 5274
f 5304 5277 5276
f 5305 5276 5279
f 5305 5304 5276
f 5305 5279 5278
f 5306 5278 5281
f 5306 5305 5278
f 5306 5281 5280
f 5307 5280 5283
f 5307 5306 5280
f 5307 5283 5282
f 5308 5282 5285
f 5308 5307 5282
f 5308 5285 5284
f 5309 5284 5287
f 5309 5308 5284
f 5309 5287 5286
f 5310 5286 5290
f 5310 5309 5286
f 5310 5290 5289
f 5311 5289 5295
f 5311 5310 5289
f 5311 5295 5293
f 5312 5293 5297
f 5312 5311 5293
f 5298 5313 5297
f 5312 5297 5313
f 5298 5314 5313
f 5315 5313 5314
f 5312 5313 5315
f 5315 5314 5298
f 5299 5315 5298
f 2030 5316 2027
f 2872 2027 5316
f 5317 5316 2030
f 2872 5316 5317
f 2030 5318 5317
f 5319 5317 5318
f 2872 5317 5319
f 2031 5318 2030
f 5320 5321 5318
f 5319 5318 5321
f 2031 5320 5318
f 5322 5323 5321
f 5319 5321 5323
f 5320 5322 5321
f 5322 5324 5323
f 5325 5323 5324
f 5319 5323 5325
f 5326 5324 5322
f 5325 5324 5326
f 5322 5327 5326
f 5328 5326 5327
f 5325 5326 5328
f 5329 5327 5322
f 5330 5331 5327
f 5328 5327 5331
f 5329 5330 5327
f 5332 5322 5320
f 5332 5329 5322
f 2032 5320 2031
f 2032 5332 5320
f 5333 5334 5331
f 5335 5331 5334
f 5330 5333 5331
f 5328 5331 5335
f 5336 5334 5333
f 5335 5334 5336
f 5333 5337 5336
f 5338 5336 5337
f 5335 5336 5338
f 5339 5337 5333
f 5340 5341 5337
f 5338 5337 5341
f 5339 5340 5337
f 5342 5333 5330
f 5342 5339 5333
f 5343 5330 5329
f 5343 5342 5330
f 5344 5329 5332
f 5344 5343 5329
f 2033 5332 2032
f 2033 5344 5332
f 5340 5345 5341
f 5338 5341 5345
f 5340 5346 5345
f 5347 5345 5346
f 5338 5345 5347
f 5340 5348 5346
f 5347 5346 5348
f 5340 5349 5348
f 5350 5348 5349
f 5347 5348 5350
f 5351 5349 5340
f 5352 5353 5349
f 5350 5349 5353
f 5351 5352 5349
f 5354 5340 5339
f 5354 5351 5340
f 5355 5339 5342
f 5355 5354 5339
f 5356 5342 5343
f 5356 5355 5342
f 5357 5343 5344
f 5357 5356 5343
f 5358 5344 2033
f 5358 5357 5344
f 2034 5358 2033
f 5352 5359 5353
f 5360 5353 5359
f 5350 5353 5360
f 5361 5359 5352
f 5360 5359 5361
f 5352 5362 5361
f 5363 5361 5362
f 5360 5361 5363
f 5364 5362 5352
f 5365 5366 5362
f 5363 5362 5366
f 5364 5365 5362
f 5367 5352 5351
f 5367 5364 5352
f 5368 5351 5354
f 5368 5367 5351
f 5369 5354 5355
f 5369 5368 5354
f 5370 5355 5356
f 5370 5369 5355
f 5371 5356 5357
f 5371 5370 5356
f 5372 5357 5358
f 5372 5371 5357
f 5373 5358 2034
f 5373 5372 5358
f 2035 5373 2034
f 5365 5374 5366
f 5363 5366 5374
f 5365 5375 5374
f 5376 5374 5375
f 5363 5374 5376
f 5377 5375 5365
f 5376 5375 5377
f 5365 5378 5377
f 5379 5377 5378
f 5376 5377 5379
f 5380 5378 5365
f 5381 5382 5378
f 5379 5378 5382
f 5380 5381 5378
f 5383 5365 5364
f 5383 5380 5365
f 5384 5364 5367
f 5384 5383 5364
f 5385 5367 5368
f 5385 5384 5367
f 5386 5368 5369
f 5386 5385 5368
f 5387 5369 5370
f 5387 5386 5369
f 5388 5370 5371
f 5388 5387 5370
f 5389 5371 5372
f 5389 5388 5371
f 5390 5372 5373
f 5390 5389 5372
f 5391 5373 2035
f 5391 5390 5373
f 2036 5391 2035
f 5381 5392 5382
f 5393 5382 5392
f 5379 5382 5393
f 5381 5394 5392
f 5393 5392 5394
f 5395 5394 5381
f 5396 5394 5395
f 5381 5397 5395
f 5393 5394 5396
f 5396 5395 5397
f 5398 5397 5381
f 5399 5400 5397
f 5396 5397 5400
f 5398 5399 5397
f 5401 5381 5380
f 5401 5398 5381
f 5402 5380 5383
f 5402 5401 5380
f 5403 5383 5384
f 5403 5402 5383
f 5404 5384 5385
f 5404 5403 5384
f 5405 5385 5386
f 5405 5404 5385
f 5406 5386 5387
f 5406 5405 5386
f 5407 5387 5388
f 5407 5406 5387
f 5408 5388 5389
f 5408 5407 5388
f 5409 5389 5390
f 5409 5408 5389
f 5410 5390 5391
f 5410 5409 5390
f 2037 5391 2036
f 2037 5410 5391
f 5399 5411 5400
f 5412 5400 5411
f 5396 5400 5412
f 5413 5411 5399
f 5412 5411 5413
f 5399 5414 5413
f 5415 5413 5414
f 5412 5413 5415
f 5416 5414 5399
f 5417 5418 5414
f 5415 5414 5418
f 5416 5417 5414
f 5419 5399 5398
f 5420 5416 5399
f 5419 5420 5399
f 5421 5398 5401
f 5422 5419 5398
f 5421 5422 5398
f 5423 5401 5402
f 5424 5421 5401
f 5423 5424 5401
f 5425 5402 5403
f 5426 5423 5402
f 5425 5426 5402
f 5427 5403 5404
f 5428 5425 5403
f 5427 5428 5403
f 5429 5404 5405
f 5430 5427 5404
f 5429 5430 5404
f 5431 5405 5406
f 5432 5429 5405
f 5431 5432 5405
f 5433 5406 5407
f 5434 5431 5406
f 5433 5434 5406
f 5435 5407 5408
f 5436 5433 5407
f 5435 5436 5407
f 5437 5408 5409
f 5438 5435 5408
f 5437 5438 5408
f 5439 5409 5410
f 5440 5437 5409
f 5439 5440 5409
f 5441 5410 2037
f 5442 5439 5410
f 5441 5442 5410
f 2040 5441 2037
f 2038 2040 2037
f 5417 5443 5418
f 5415 5418 5443
f 5444 5443 5417
f 5415 5443 5445
f 5444 5445 5443
f 5446 5417 5416
f 5444 5417 5446
f 5446 5416 5420
f 5447 5420 5419
f 5446 5420 5447
f 5447 5419 5422
f 5448 5422 5421
f 5447 5422 5448
f 5448 5421 5424
f 5449 5424 5423
f 5448 5424 5449
f 5449 5423 5426
f 5450 5426 5425
f 5449 5426 5450
f 5450 5425 5428
f 5451 5428 5427
f 5450 5428 5451
f 5451 5427 5430
f 5452 5430 5429
f 5451 5430 5452
f 5452 5429 5432
f 5453 5432 5431
f 5452 5432 5453
f 5453 5431 5434
f 5454 5434 5433
f 5453 5434 5454
f 5454 5433 5436
f 5455 5436 5435
f 5454 5436 5455
f 5455 5435 5438
f 5456 5438 5437
f 5455 5438 5456
f 5456 5437 5440
f 5457 5440 5439
f 5456 5440 5457
f 5457 5439 5442
f 2972 5442 5441
f 5457 5442 2972
f 2972 5441 2040
f 5312 5315 5299
f 5458 5299 5296
f 5312 5299 5458
f 5459 5296 5264
f 5460 5458 5296
f 5459 5460 5296
f 5461 5264 5266
f 5461 5459 5264
f 5462 5266 5247
f 5462 5461 5266
f 5463 5247 5245
f 5463 5462 5247
f 5464 5245 5229
f 5464 5463 5245
f 5465 5229 5227
f 5465 5464 5229
f 5466 5227 5214
f 5466 5465 5227
f 5467 5214 5212
f 5467 5466 5214
f 5468 5212 5200
f 5468 5467 5212
f 5469 5200 5198
f 5469 5468 5200
f 5470 5198 5189
f 5470 5469 5198
f 5471 5189 5186
f 5471 5470 5189
f 5472 5186 5178
f 5472 5471 5186
f 5473 5178 5175
f 5473 5472 5178
f 5474 5175 2397
f 5474 5473 5175
f 2801 5474 2397
f 5475 5458 5460
f 5312 5458 5475
f 5476 5460 5459
f 5475 5460 5476
f 5477 5459 5461
f 5478 5476 5459
f 5477 5478 5459
f 5479 5461 5462
f 5479 5477 5461
f 5480 5462 5463
f 5480 5479 5462
f 5481 5463 5464
f 5481 5480 5463
f 5482 5464 5465
f 5482 5481 5464
f 5483 5465 5466
f 5483 5482 5465
f 5484 5466 5467
f 5484 5483 5466
f 5485 5467 5468
f 5485 5484 5467
f 5486 5468 5469
f 5486 5485 5468
f 5487 5469 5470
f 5487 5486 5469
f 5488 5470 5471
f 5488 5487 5470
f 5489 5471 5472
f 5489 5488 5471
f 5490 5472 5473
f 5490 5489 5472
f 5491 5473 5474
f 5491 5490 5473
f 5492 5474 2801
f 5492 5491 5474
f 2807 5492 2801
f 5493 5476 5478
f 5475 5476 5493
f 5494 5478 5477
f 5493 5478 5494
f 5495 5477 5479
f 5496 5494 5477
f 5495 5496 5477
f 5497 5479 5480
f 5497 5495 5479
f 5498 5480 5481
f 5498 5497 5480
f 5499 5481 5482
f 5499 5498 5481
f 5500 5482 5483
f 5500 5499 5482
f 5501 5483 5484
f 5501 5500 5483
f 5502 5484 5485
f 5502 5501 5484
f 5503 5485 5486
f 5503 5502 5485
f 5504 5486 5487
f 5504 5503 5486
f 5505 5487 5488
f 5505 5504 5487
f 5506 5488 5489
f 5506 5505 5488
f 5507 5489 5490
f 5507 5506 5489
f 5508 5490 5491
f 5508 5507 5490
f 5509 5491 5492
f 5509 5508 5491
f 5510 5492 2807
f 5510 5509 5492
f 2813 5510 2807
f 5511 5494 5496
f 5493 5494 5511
f 5512 5496 5495
f 5511 5496 5512
f 5513 5495 5497
f 5514 5512 5495
f 5513 5514 5495
f 5515 5497 5498
f 5515 5513 5497
f 5516 5498 5499
f 5516 5515 5498
f 5517 5499 5500
f 5517 5516 5499
f 5518 5500 5501
f 5518 5517 5500
f 5519 5501 5502
f 5519 5518 5501
f 5520 5502 5503
f 5520 5519 5502
f 5521 5503 5504
f 5521 5520 5503
f 5522 5504 5505
f 5522 5521 5504
f 5523 5505 5506
f 5523 5522 5505
f 5524 5506 5507
f 5524 5523 5506
f 5525 5507 5508
f 5525 5524 5507
f 5526 5508 5509
f 5526 5525 5508
f 5527 5509 5510
f 5527 5526 5509
f 5528 5510 2813
f 5528 5527 5510
f 2819 5528 2813
f 5529 5512 5514
f 5511 5512 5529
f 5530 5514 5513
f 5529 5514 5530
f 5531 5513 5515
f 5532 5530 5513
f 5531 5532 5513
f 5533 5515 5516
f 5533 5531 5515
f 5534 5516 5517
f 5534 5533 5516
f 5535 5517 5518
f 5535 5534 5517
f 5536 5518 5519
f 5536 5535 5518
f 5537 5519 5520
f 5537 5536 5519
f 5538 5520 5521
f 5538 5537 5520
f 5539 5521 5522
f 5539 5538 5521
f 5540 5522 5523
f 5540 5539 5522
f 5541 5523 5524
f 5541 5540 5523
f 5542 5524 5525
f 5542 5541 5524
f 5543 5525 5526
f 5543 5542 5525
f 5544 5526 5527
f 5544 5543 5526
f 5545 5527 5528
f 5545 5544 5527
f 5546 5528 2819
f 5546 5545 5528
f 2825 5546 2819
f 5547 5530 5532
f 5529 5530 5547
f 5548 5532 5531
f 5547 5532 5548
f 5549 5531 5533
f 5550 5548 5531
f 5549 5550 5531
f 5551 5533 5534
f 5551 5549 5533
f 5552 5534 5535
f 5552 5551 5534
f 5553 5535 5536
f 5553 5552 5535
f 5554 5536 5537
f 5554 5553 5536
f 5555 5537 5538
f 5555 5554 5537
f 5556 5538 5539
f 5556 5555 5538
f 5557 5539 5540
f 5557 5556 5539
f 5558 5540 5541
f 5558 5557 5540
f 5559 5541 5542
f 5559 5558 5541
f 5560 5542 5543
f 5560 5559 5542
f 5561 5543 5544
f 5561 5560 5543
f 5562 5544 5545
f 5562 5561 5544
f 5563 5545 5546
f 5563 5562 5545
f 5564 5546 2825
f 5564 5563 5546
f 2831 5564 2825
f 5565 5548 5550
f 5547 5548 5565
f 5566 5550 5549
f 5565 5550 5566
f 5567 5549 5551
f 5568 5566 5549
f 5567 5568 5549
f 5569 5551 5552
f 5569 5567 5551
f 5570 5552 5553
f 5570 5569 5552
f 5571 5553 5554
f 5571 5570 5553
f 5572 5554 5555
f 5572 5571 5554
f 5573 5555 5556
f 5573 5572 5555
f 5574 5556 5557
f 5574 5573 5556
f 5575 5557 5558
f 5575 5574 5557
f 5576 5558 5559
f 5576 5575 5558
f 5577 5559 5560
f 5577 5576 5559
f 5578 5560 5561
f 5578 5577 5560
f 5579 5561 5562
f 5579 5578 5561
f 5580 5562 5563
f 5580 5579 5562
f 5581 5563 5564
f 5581 5580 5563
f 5582 5564 2831
f 5582 5581 5564
f 2837 5582 2831
f 5583 5566 5568
f 5565 5566 5583
f 5584 5568 5567
f 5583 5568 5584
f 5585 5567 5569
f 5586 5584 5567
f 5585 5586 5567
f 5587 5569 5570
f 5587 5585 5569
f 5588 5570 5571
f 5588 5587 5570
f 5589 5571 5572
f 5589 5588 5571
f 5590 5572 5573
f 5590 5589 5572
f 5591 5573 5574
f 5591 5590 5573
f 5592 5574 5575
f 5592 5591 5574
f 5593 5575 5576
f 5593 5592 5575
f 5594 5576 5577
f 5594 5593 5576
f 5595 5577 5578
f 5595 5594 5577
f 5596 5578 5579
f 5596 5595 5578
f 5597 5579 5580
f 5597 5596 5579
f 5598 5580 5581
f 5598 5597 5580
f 5599 5581 5582
f 5599 5598 5581
f 5600 5582 2837
f 5600 5599 5582
f 2843 5600 2837
f 5601 5584 5586
f 5583 5584 5601
f 5602 5586 5585
f 5601 5586 5602
f 5603 5585 5587
f 5604 5602 5585
f 5603 5604 5585
f 5605 5587 5588
f 5605 5603 5587
f 5606 5588 5589
f 5606 5605 5588
f 5607 5589 5590
f 5607 5606 5589
f 5608 5590 5591
f 5608 5607 5590
f 5609 5591 5592
f 5609 5608 5591
f 5610 5592 5593
f 5610 5609 5592
f 5611 5593 5594
f 5611 5610 5593
f 5612 5594 5595
f 5612 5611 5594
f 5613 5595 5596
f 5613 5612 5595
f 5614 5596 5597
f 5614 5613 5596
f 5615 5597 5598
f 5615 5614 5597
f 5616 5598 5599
f 5616 5615 5598
f 5617 5599 5600
f 5617 5616 5599
f 5618 5600 2843
f 5618 5617 5600
f 2849 5618 2843
f 5619 5602 5604
f 5601 5602 5619
f 5620 5604 5603
f 5619 5604 5620
f 5621 5603 5605
f 5622 5620 5603
f 5621 5622 5603
f 5623 5605 5606
f 5623 5621 5605
f 5624 5606 5607
f 5624 5623 5606
f 5625 5607 5608
f 5625 5624 5607
f 5626 5608 5609
f 5626 5625 5608
f 5627 5609 5610
f 5627 5626 5609
f 5628 5610 5611
f 5628 5627 5610
f 5629 5611 5612
f 5629 5628 5611
f 5630 5612 5613
f 5630 5629 5612
f 5631 5613 5614
f 5631 5630 5613
f 5632 5614 5615
f 5632 5631 5614
f 5633 5615 5616
f 5633 5632 5615
f 5634 5616 5617
f 5634 5633 5616
f 5635 5617 5618
f 5635 5634 5617
f 5636 5618 2849
f 5636 5635 5618
f 2855 5636 2849
f 5637 5620 5622
f 5619 5620 5637
f 5638 5622 5621
f 5637 5622 5638
f 5639 5621 5623
f 5640 5638 5621
f 5639 5640 5621
f 5641 5623 5624
f 5641 5639 5623
f 5642 5624 5625
f 5642 5641 5624
f 5643 5625 5626
f 5643 5642 5625
f 5644 5626 5627
f 5644 5643 5626
f 5645 5627 5628
f 5645 5644 5627
f 5646 5628 5629
f 5646 5645 5628
f 5647 5629 5630
f 5647 5646 5629
f 5648 5630 5631
f 5648 5647 5630
f 5649 5631 5632
f 5649 5648 5631
f 5650 5632 5633
f 5650 5649 5632
f 5651 5633 5634
f 5651 5650 5633
f 5652 5634 5635
f 5652 5651 5634
f 5653 5635 5636
f 5653 5652 5635
f 5654 5636 2855
f 5654 5653 5636
f 2861 5654 2855
f 5655 5638 5640
f 5637 5638 5655
f 5656 5640 5639
f 5655 5640 5656
f 5657 5639 5641
f 5658 5656 5639
f 5657 5658 5639
f 5659 5641 5642
f 5659 5657 5641
f 5660 5642 5643
f 5660 5659 5642
f 5661 5643 5644
f 5661 5660 5643
f 5662 5644 5645
f 5662 5661 5644
f 5663 5645 5646
f 5663 5662 5645
f 5664 5646 5647
f 5664 5663 5646
f 5665 5647 5648
f 5665 5664 5647
f 5666 5648 5649
f 5666 5665 5648
f 5667 5649 5650
f 5667 5666 5649
f 5668 5650 5651
f 5668 5667 5650
f 5669 5651 5652
f 5669 5668 5651
f 5670 5652 5653
f 5670 5669 5652
f 5671 5653 5654
f 5671 5670 5653
f 5672 5654 2861
f 5672 5671 5654
f 2867 5672 2861
f 5673 5656 5658
f 5655 5656 5673
f 5674 5658 5657
f 5673 5658 5674
f 5415 5657 5659
f 5445 5674 5657
f 5415 5445 5657
f 5412 5659 5660
f 5412 5415 5659
f 5396 5660 5661
f 5396 5412 5660
f 5393 5661 5662
f 5393 5396 5661
f 5379 5662 5663
f 5379 5393 5662
f 5376 5663 5664
f 5376 5379 5663
f 5363 5664 5665
f 5363 5376 5664
f 5360 5665 5666
f 5360 5363 5665
f 5350 5666 5667
f 5350 5360 5666
f 5347 5667 5668
f 5347 5350 5667
f 5338 5668 5669
f 5338 5347 5668
f 5335 5669 5670
f 5335 5338 5669
f 5328 5670 5671
f 5328 5335 5670
f 5325 5671 5672
f 5325 5328 5671
f 5319 5672 2867
f 5319 5325 5672
f 2872 5319 2867
f 5444 5674 5445
f 5673 5674 5444
f 5457 2972 2967
f 5675 2967 2959
f 5675 5457 2967
f 5676 2959 2952
f 5676 5675 2959
f 5677 2952 2942
f 5677 5676 2952
f 5678 2942 2935
f 5678 5677 2942
f 5679 2935 2928
f 5679 5678 2935
f 5680 2928 2922
f 5680 5679 2928
f 5681 2922 2915
f 5681 5680 2922
f 5682 2915 2908
f 5682 5681 2915
f 5683 2908 2901
f 5683 5682 2908
f 5684 2901 2892
f 5684 5683 2901
f 5685 2892 2883
f 5685 5684 2892
f 5686 2883 2357
f 5686 5685 2883
f 5300 5686 2357
f 5456 5457 5675
f 5687 5675 5676
f 5687 5456 5675
f 5688 5676 5677
f 5688 5687 5676
f 5689 5677 5678
f 5689 5688 5677
f 5690 5678 5679
f 5690 5689 5678
f 5691 5679 5680
f 5691 5690 5679
f 5692 5680 5681
f 5692 5691 5680
f 5693 5681 5682
f 5693 5692 5681
f 5694 5682 5683
f 5694 5693 5682
f 5695 5683 5684
f 5695 5694 5683
f 5696 5684 5685
f 5696 5695 5684
f 5697 5685 5686
f 5697 5696 5685
f 5698 5686 5300
f 5698 5697 5686
f 5301 5698 5300
f 5455 5456 5687
f 5699 5687 5688
f 5699 5455 5687
f 5700 5688 5689
f 5700 5699 5688
f 5701 5689 5690
f 5701 5700 5689
f 5702 5690 5691
f 5702 5701 5690
f 5703 5691 5692
f 5703 5702 5691
f 5704 5692 5693
f 5704 5703 5692
f 5705 5693 5694
f 5705 5704 5693
f 5706 5694 5695
f 5706 5705 5694
f 5707 5695 5696
f 5707 5706 5695
f 5708 5696 5697
f 5708 5707 5696
f 5709 5697 5698
f 5709 5708 5697
f 5710 5698 5301
f 5710 5709 5698
f 5302 5710 5301
f 5454 5455 5699
f 5711 5699 5700
f 5711 5454 5699
f 5712 5700 5701
f 5712 5711 5700
f 5713 5701 5702
f 5713 5712 5701
f 5714 5702 5703
f 5714 5713 5702
f 5715 5703 5704
f 5715 5714 5703
f 5716 5704 5705
f 5716 5715 5704
f 5717 5705 5706
f 5717 5716 5705
f 5718 5706 5707
f 5718 5717 5706
f 5719 5707 5708
f 5719 5718 5707
f 5720 5708 5709
f 5720 5719 5708
f 5721 5709 5710
f 5721 5720 5709
f 5722 5710 5302
f 5722 5721 5710
f 5303 5722 5302
f 5453 5454 5711
f 5723 5711 5712
f 5723 5453 5711
f 5724 5712 5713
f 5724 5723 5712
f 5725 5713 5714
f 5725 5724 5713
f 5726 5714 5715
f 5726 5725 5714
f 5727 5715 5716
f 5727 5726 5715
f 5728 5716 5717
f 5728 5727 5716
f 5729 5717 5718
f 5729 5728 5717
f 5730 5718 5719
f 5730 5729 5718
f 5731 5719 5720
f 5731 5730 5719
f 5732 5720 5721
f 5732 5731 5720
f 5733 5721 5722
f 5733 5732 5721
f 5734 5722 5303
f 5734 5733 5722
f 5304 5734 5303
f 5452 5453 5723
f 5735 5723 5724
f 5735 5452 5723
f 5736 5724 5725
f 5736 5735 5724
f 5737 5725 5726
f 5737 5736 5725
f 5738 5726 5727
f 5738 5737 5726
f 5739 5727 5728
f 5739 5738 5727
f 5740 5728 5729
f 5740 5739 5728
f 5741 5729 5730
f 5741 5740 5729
f 5742 5730 5731
f 5742 5741 5730
f 5743 5731 5732
f 5743 5742 5731
f 5744 5732 5733
f 5744 5743 5732
f 5745 5733 5734
f 5745 5744 5733
f 5746 5734 5304
f 5746 5745 5734
f 5305 5746 5304
f 5451 5452 5735
f 5747 5735 5736
f 5747 5451 5735
f 5748 5736 5737
f 5748 5747 5736
f 5749 5737 5738
f 5749 5748 5737
f 5750 5738 5739
f 5750 5749 5738
f 5751 5739 5740
f 5751 5750 5739
f 5752 5740 5741
f 5752 5751 5740
f 5753 5741 5742
f 5753 5752 5741
f 5754 5742 5743
f 5754 5753 5742
f 5755 5743 5744
f 5755 5754 5743
f 5756 5744 5745
f 5756 5755 5744
f 5757 5745 5746
f 5757 5756 5745
f 5758 5746 5305
f 5758 5757 5746
f 5306 5758 5305
f 5450 5451 5747
f 5759 5747 5748
f 5759 5450 5747
f 5760 5748 5749
f 5760 5759 5748
f 5761 5749 5750
f 5761 5760 5749
f 5762 5750 5751
f 5762 5761 5750
f 5763 5751 5752
f 5763 5762 5751
f 5764 5752 5753
f 5764 5763 5752
f 5765 5753 5754
f 5765 5764 5753
f 5766 5754 5755
f 5766 5765 5754
f 5767 5755 5756
f 5767 5766 5755
f 5768 5756 5757
f 5768 5767 5756
f 5769 5757 5758
f 5769 5768 5757
f 5770 5758 5306
f 5770 5769 5758
f 5307 5770 5306
f 5449 5450 5759
f 5771 5759 5760
f 5771 5449 5759
f 5772 5760 5761
f 5772 5771 5760
f 5773 5761 5762
f 5773 5772 5761
f 5774 5762 5763
f 5774 5773 5762
f 5775 5763 5764
f 5775 5774 5763
f 5776 5764 5765
f 5776 5775 5764
f 5777 5765 5766
f 5777 5776 5765
f 5778 5766 5767
f 5778 5777 5766
f 5779 5767 5768
f 5779 5778 5767
f 5780 5768 5769
f 5780 5779 5768
f 5781 5769 5770
f 5781 5780 5769
f 5782 5770 5307
f 5782 5781 5770
f 5308 5782 5307
f 5448 5449 5771
f 5783 5771 5772
f 5783 5448 5771
f 5784 5772 5773
f 5784 5783 5772
f 5785 5773 5774
f 5785 5784 5773
f 5786 5774 5775
f 5786 5785 5774
f 5787 5775 5776
f 5787 5786 5775
f 5788 5776 5777
f 5788 5787 5776
f 5789 5777 5778
f 5789 5788 5777
f 5790 5778 5779
f 5790 5789 5778
f 5791 5779 5780
f 5791 5790 5779
f 5792 5780 5781
f 5792 5791 5780
f 5793 5781 5782
f 5793 5792 5781
f 5794 5782 5308
f 5794 5793 5782
f 5309 5794 5308
f 5447 5448 5783
f 5795 5783 5784
f 5795 5447 5783
f 5796 5784 5785
f 5796 5795 5784
f 5797 5785 5786
f 5797 5796 5785
f 5798 5786 5787
f 5798 5797 5786
f 5799 5787 5788
f 5799 5798 5787
f 5800 5788 5789
f 5800 5799 5788
f 5801 5789 5790
f 5801 5800 5789
f 5802 5790 5791
f 5802 5801 5790
f 5803 5791 5792
f 5803 5802 5791
f 5804 5792 5793
f 5804 5803 5792
f 5805 5793 5794
f 5805 5804 5793
f 5806 5794 5309
f 5806 5805 5794
f 5310 5806 5309
f 5446 5447 5795
f 5807 5795 5796
f 5807 5446 5795
f 5808 5796 5797
f 5808 5807 5796
f 5809 5797 5798
f 5809 5808 5797
f 5810 5798 5799
f 5810 5809 5798
f 5811 5799 5800
f 5811 5810 5799
f 5812 5800 5801
f 5812 5811 5800
f 5813 5801 5802
f 5813 5812 5801
f 5814 5802 5803
f 5814 5813 5802
f 5815 5803 5804
f 5815 5814 5803
f 5816 5804 5805
f 5816 5815 5804
f 5817 5805 5806
f 5817 5816 5805
f 5818 5806 5310
f 5818 5817 5806
f 5311 5818 5310
f 5444 5446 5807
f 5673 5807 5808
f 5673 5444 5807
f 5655 5808 5809
f 5655 5673 5808
f 5637 5809 5810
f 5637 5655 5809
f 5619 5810 5811
f 5619 5637 5810
f 5601 5811 5812
f 5601 5619 5811
f 5583 5812 5813
f 5583 5601 5812
f 5565 5813 5814
f 5565 5583 5813
f 5547 5814 5815
f 5547 5565 5814
f 5529 5815 5816
f 5529 5547 5815
f 5511 5816 5817
f 5511 5529 5816
f 5493 5817 5818
f 5493 5511 5817
f 5475 5818 5311
f 5475 5493 5818
f 5312 5475 5311

