mtllib material.mtl
usemtl black.004
v -0.00240900 -0.01525000 0.00178800
v -0.00294600 -0.01525000 0.00056600
v -0.00290000 -0.01525000 -0.00076800
v 0.00240900 -0.01525000 -0.00178800
v 0.00294600 -0.01525000 -0.00056600
v 0.00290000 -0.01525000 0.00076800
v 0.00139400 -0.01525000 -0.00265600
v 0.00010400 -0.01525000 -0.00299800
v -0.00120700 -0.01525000 -0.00274600
v -0.00227900 -0.01525000 -0.00195100
v -0.00139400 -0.01525000 0.00265600
v -0.00010400 -0.01525000 0.00299800
v 0.00120700 -0.01525000 0.00274600
v 0.00227900 -0.01525000 0.00195100
v 0.00227900 -0.01745000 0.00195100
v 0.00227900 -0.01745000 0.00195100
v 0.00120700 -0.01745000 0.00274600
v 0.00120700 -0.01745000 0.00274600
v -0.00010400 -0.01745000 0.00299800
v -0.00010400 -0.01745000 0.00299800
v -0.00139400 -0.01745000 0.00265600
v -0.00139400 -0.01745000 0.00265600
v -0.00240900 -0.01745000 0.00178800
v -0.00240900 -0.01745000 0.00178800
v -0.00294600 -0.01745000 0.00056600
v -0.00294600 -0.01745000 0.00056600
v -0.00290000 -0.01745000 -0.00076800
v -0.00290000 -0.01745000 -0.00076800
v -0.00227900 -0.01745000 -0.00195100
v -0.00227900 -0.01745000 -0.00195100
v 0.00227900 0.01535000 0.00195100
v 0.00290000 0.01535000 0.00076800
v -0.00120700 0.01535000 -0.00274600
v 0.00120700 0.01535000 0.00274600
v -0.00227900 0.01535000 -0.00195100
v -0.00290000 0.01535000 -0.00076800
v 0.00010400 0.01535000 -0.00299800
v 0.00139400 0.01535000 -0.00265600
v 0.00240900 0.01535000 -0.00178800
v 0.00294600 0.01535000 -0.00056600
v -0.00139400 0.01535000 0.00265600
v -0.00010400 0.01535000 0.00299800
v -0.00240900 0.01535000 0.00178800
v -0.00294600 0.01535000 0.00056600
v -0.00227900 0.01755000 -0.00195100
v -0.00227900 0.01755000 -0.00195100
v -0.00290000 0.01755000 -0.00076800
v -0.00290000 0.01755000 -0.00076800
v -0.00294600 0.01755000 0.00056600
v -0.00294600 0.01755000 0.00056600
v -0.00240900 0.01755000 0.00178800
v -0.00240900 0.01755000 0.00178800
v -0.00139400 0.01755000 0.00265600
v -0.00139400 0.01755000 0.00265600
v -0.00010400 0.01755000 0.00299800
v -0.00010400 0.01755000 0.00299800
v 0.00120700 0.01755000 0.00274600
v 0.00120700 0.01755000 0.00274600
v 0.00227900 0.01755000 0.00195100
v 0.00227900 0.01755000 0.00195100
v -0.03525800 -0.01325000 0.04504700
v -0.03503000 -0.01355000 0.04524200
v -0.03503000 -0.01355000 0.04524200
v -0.03632500 -0.01325000 0.04577900
v -0.03622500 -0.01355000 0.04606200
v -0.03622500 -0.01355000 0.04606200
v -0.03761500 -0.01325000 0.04587900
v -0.03767000 -0.01355000 0.04617400
v -0.03767000 -0.01355000 0.04617400
v -0.03878300 -0.01325000 0.04532100
v -0.03897800 -0.01355000 0.04554900
v -0.03897800 -0.01355000 0.04554900
v -0.03951500 -0.01325000 0.04425400
v -0.03979800 -0.01355000 0.04435400
v -0.03979800 -0.01355000 0.04435400
v -0.03961500 -0.01325000 0.04296400
v -0.03991000 -0.01355000 0.04290900
v -0.03991000 -0.01355000 0.04290900
v -0.03905700 -0.01325000 0.04179600
v -0.03928500 -0.01355000 0.04160100
v -0.03928500 -0.01355000 0.04160100
v -0.03816400 -0.01325000 0.04113300
v -0.03474100 -0.01325000 0.04406200
v -0.03707100 -0.01325000 0.04092300
v -0.03599500 -0.01325000 0.04120800
v -0.03470200 -0.01325000 0.04295000
v -0.03515000 -0.01325000 0.04193100
v -0.03905700 0.01335000 0.04179600
v -0.03928500 0.01365000 0.04160100
v -0.03928500 0.01365000 0.04160100
v -0.03961500 0.01335000 0.04296400
v -0.03991000 0.01365000 0.04290900
v -0.03991000 0.01365000 0.04290900
v -0.03951500 0.01335000 0.04425400
v -0.03979800 0.01365000 0.04435400
v -0.03979800 0.01365000 0.04435400
v -0.03878300 0.01335000 0.04532100
v -0.03897800 0.01365000 0.04554900
v -0.03897800 0.01365000 0.04554900
v -0.03761500 0.01335000 0.04587900
v -0.03767000 0.01365000 0.04617400
v -0.03767000 0.01365000 0.04617400
v -0.03632500 0.01335000 0.04577900
v -0.03622500 0.01365000 0.04606200
v -0.03622500 0.01365000 0.04606200
v -0.03525800 0.01335000 0.04504700
v -0.03503000 0.01365000 0.04524200
v -0.03503000 0.01365000 0.04524200
v -0.03474100 0.01335000 0.04406200
v -0.03515000 0.01335000 0.04193100
v -0.03599500 0.01335000 0.04120800
v -0.03707100 0.01335000 0.04092300
v -0.03816400 0.01335000 0.04113300
v -0.03470200 0.01335000 0.04295000
v -0.01085100 0.01755000 0.01460300
v -0.01085100 0.01755000 0.01460300
v -0.01085100 0.01755000 0.01460300
v -0.01085100 0.01220000 0.01460300
v -0.01085100 0.01220000 0.01460300
v -0.01129800 0.01755000 0.01493400
v -0.01129800 0.01755000 0.01493400
v -0.01129800 0.01755000 0.01493400
v -0.01129800 0.01220000 0.01493400
v -0.01129800 0.01220000 0.01493400
v -0.01184400 0.01755000 0.01503900
v -0.01184400 0.01755000 0.01503900
v -0.01184400 0.01220000 0.01503900
v -0.01184400 0.01220000 0.01503900
v -0.01238200 0.01755000 0.01489700
v -0.01238200 0.01755000 0.01489700
v -0.01238200 0.01220000 0.01489700
v -0.01238200 0.01220000 0.01489700
v -0.01280400 0.01755000 0.01453500
v -0.01280400 0.01755000 0.01453500
v -0.01280400 0.01755000 0.01453500
v -0.01280400 0.01220000 0.01453500
v -0.01280400 0.01220000 0.01453500
v -0.01280400 0.01220000 0.01453500
v -0.01302800 0.01755000 0.01402600
v -0.01302800 0.01755000 0.01402600
v -0.01302800 0.01220000 0.01402600
v -0.01302800 0.01220000 0.01402600
v -0.01300900 0.01755000 0.01347000
v -0.01300900 0.01755000 0.01347000
v -0.01300900 0.01220000 0.01347000
v -0.01300900 0.01220000 0.01347000
v -0.01275000 0.01755000 0.01297700
v -0.01275000 0.01755000 0.01297700
v -0.01275000 0.01220000 0.01297700
v -0.01275000 0.01220000 0.01297700
v -0.01085100 -0.01210000 0.01460300
v -0.01085100 -0.01210000 0.01460300
v -0.01085100 -0.01745000 0.01460300
v -0.01085100 -0.01745000 0.01460300
v -0.01129800 -0.01210000 0.01493400
v -0.01129800 -0.01210000 0.01493400
v -0.01129800 -0.01745000 0.01493400
v -0.01129800 -0.01745000 0.01493400
v -0.01184400 -0.01210000 0.01503900
v -0.01184400 -0.01210000 0.01503900
v -0.01184400 -0.01745000 0.01503900
v -0.01184400 -0.01745000 0.01503900
v -0.01238200 -0.01210000 0.01489700
v -0.01238200 -0.01210000 0.01489700
v -0.01238200 -0.01745000 0.01489700
v -0.01238200 -0.01745000 0.01489700
v -0.01280400 -0.01210000 0.01453500
v -0.01280400 -0.01210000 0.01453500
v -0.01280400 -0.01210000 0.01453500
v -0.01280400 -0.01745000 0.01453500
v -0.01280400 -0.01745000 0.01453500
v -0.01280400 -0.01745000 0.01453500
v -0.01302800 -0.01210000 0.01402600
v -0.01302800 -0.01210000 0.01402600
v -0.01302800 -0.01745000 0.01402600
v -0.01302800 -0.01745000 0.01402600
v -0.01300900 -0.01210000 0.01347000
v -0.01300900 -0.01210000 0.01347000
v -0.01300900 -0.01745000 0.01347000
v -0.01300900 -0.01745000 0.01347000
v -0.01275000 -0.01210000 0.01297700
v -0.01275000 -0.01210000 0.01297700
v -0.01275000 -0.01745000 0.01297700
v -0.01275000 -0.01745000 0.01297700
v -0.01670200 -0.01208100 0.02144100
v -0.01670200 -0.01208100 0.02144100
v -0.01670200 -0.01745000 0.02144100
v -0.01670200 -0.01745000 0.02144100
v -0.01694700 -0.01202800 0.02166000
v -0.01694700 -0.01202800 0.02166000
v -0.01723600 -0.01745000 0.02180700
v -0.01723600 -0.01745000 0.02180700
v -0.01723800 -0.01194700 0.02180700
v -0.01723800 -0.01194700 0.02180700
v -0.01754200 -0.01185600 0.02187300
v -0.01754200 -0.01185600 0.02187300
v -0.01788100 -0.01745000 0.02185700
v -0.01788100 -0.01745000 0.02185700
v -0.01788100 -0.01176100 0.02185700
v -0.01788100 -0.01176100 0.02185700
v -0.01818800 -0.01169600 0.02175700
v -0.01818800 -0.01169600 0.02175700
v -0.01846500 -0.01745000 0.02157800
v -0.01846500 -0.01745000 0.02157800
v -0.01846500 -0.01167100 0.02157800
v -0.01846500 -0.01167100 0.02157800
v -0.01868500 -0.01169600 0.02133300
v -0.01868500 -0.01169600 0.02133300
v -0.01883100 -0.01745000 0.02104400
v -0.01883100 -0.01745000 0.02104400
v -0.01883100 -0.01176100 0.02104400
v -0.01883100 -0.01176100 0.02104400
v -0.01888100 -0.01745000 0.02039900
v -0.01888100 -0.01745000 0.02039900
v -0.01888100 -0.01194800 0.02039900
v -0.01888100 -0.01194800 0.02039900
v -0.01860200 -0.01745000 0.01981500
v -0.01860200 -0.01745000 0.01981500
v -0.01860200 -0.01208100 0.01981500
v -0.01860200 -0.01208100 0.01981500
v -0.01878200 -0.01202700 0.02009300
v -0.01878200 -0.01202700 0.02009300
v -0.01860200 0.01218100 0.01981500
v -0.01860200 0.01218100 0.01981500
v -0.01860200 0.01755000 0.01981500
v -0.01860200 0.01755000 0.01981500
v -0.01878100 0.01212800 0.02009100
v -0.01878100 0.01212800 0.02009100
v -0.01888100 0.01755000 0.02039900
v -0.01888100 0.01755000 0.02039900
v -0.01888100 0.01204700 0.02040100
v -0.01888100 0.01204700 0.02040100
v -0.01889900 0.01195600 0.02071200
v -0.01889900 0.01195600 0.02071200
v -0.01883100 0.01755000 0.02104400
v -0.01883100 0.01755000 0.02104400
v -0.01883100 0.01186100 0.02104400
v -0.01883100 0.01186100 0.02104400
v -0.01868500 0.01179600 0.02133200
v -0.01868500 0.01179600 0.02133200
v -0.01846500 0.01755000 0.02157800
v -0.01846500 0.01755000 0.02157800
v -0.01846500 0.01177100 0.02157800
v -0.01846500 0.01177100 0.02157800
v -0.01818900 0.01179600 0.02175700
v -0.01818900 0.01179600 0.02175700
v -0.01788100 0.01755000 0.02185700
v -0.01788100 0.01755000 0.02185700
v -0.01788100 0.01186100 0.02185700
v -0.01788100 0.01186100 0.02185700
v -0.01723600 0.01755000 0.02180700
v -0.01723600 0.01755000 0.02180700
v -0.01723600 0.01204800 0.02180700
v -0.01723600 0.01204800 0.02180700
v -0.01670200 0.01755000 0.02144100
v -0.01670200 0.01755000 0.02144100
v -0.01670200 0.01218100 0.02144100
v -0.01670200 0.01218100 0.02144100
v -0.01694900 0.01212700 0.02166100
v -0.01694900 0.01212700 0.02166100
v -0.02677600 -0.01634000 0.02513800
v -0.02698300 -0.01606000 0.02538000
v -0.02749600 -0.01595000 0.02480200
v -0.02581700 -0.01716400 0.02401700
v -0.02631900 -0.01681500 0.02460400
v -0.02685300 -0.01668200 0.02405000
v -0.02473400 -0.01745000 0.02275200
v -0.02555300 -0.01728900 0.02370900
v -0.02531600 -0.01729800 0.02225400
v -0.02611000 -0.01714100 0.02318200
v -0.02549400 -0.01718200 0.02210200
v -0.02653200 -0.01672200 0.02267700
v -0.02675500 -0.01609400 0.02227100
v -0.02605000 -0.01645000 0.02162600
v -0.02580900 -0.01686400 0.02183200
v -0.02674500 -0.01535300 0.02202600
v -0.02625400 -0.01545000 0.02145100
v -0.02613800 -0.01621500 0.02155000
v -0.02720800 -0.01630400 0.02346800
v -0.02733200 -0.01573700 0.02294500
v -0.02720500 -0.01506900 0.02256300
v -0.02779400 -0.01563700 0.02415300
v -0.02783200 -0.01516900 0.02353000
v -0.02760300 -0.01461600 0.02302800
v -0.02750200 -0.01507200 0.02598600
v -0.02799900 -0.01499200 0.02539000
v -0.02825200 -0.01476500 0.02468800
v -0.02822200 -0.01442500 0.02398600
v -0.02791400 -0.01402300 0.02339200
v -0.02796700 -0.01426000 0.02652900
v -0.02825900 -0.01395600 0.02687100
v -0.02879200 -0.01382300 0.02631700
v -0.03079300 -0.01155000 0.02675600
v -0.02994100 -0.01171800 0.02576100
v -0.03067800 -0.01231500 0.02685500
v -0.02995100 -0.01245800 0.02600600
v -0.02930600 -0.01350600 0.02691700
v -0.03003300 -0.01328200 0.02740600
v -0.02972800 -0.01308600 0.02641200
v -0.03034800 -0.01296400 0.02713700
v -0.03059000 -0.01255000 0.02693000
v -0.02914500 -0.01221000 0.02483000
v -0.02927200 -0.01287800 0.02521200
v -0.02914800 -0.01344500 0.02573400
v -0.02874900 -0.01365300 0.02744400
v -0.02927400 -0.01355000 0.02805700
v -0.02985500 -0.01339800 0.02755900
v -0.02858100 -0.01373300 0.02724700
v -0.02783400 -0.01444000 0.02637400
v -0.02834700 -0.01433000 0.02579700
v -0.02864500 -0.01401700 0.02514700
v -0.02868300 -0.01354800 0.02452400
v -0.02845400 -0.01299600 0.02402300
v -0.00303900 -0.01745000 -0.00260100
v -0.00362100 -0.01729800 -0.00309800
v -0.00379900 -0.01718200 -0.00325100
v -0.00411400 -0.01686400 -0.00352000
v -0.00435500 -0.01645000 -0.00372700
v -0.00444300 -0.01621500 -0.00380200
v -0.00455900 -0.01545000 -0.00390100
v -0.04171600 -0.01155000 0.03952100
v -0.04160100 -0.01231500 0.03962000
v -0.04151300 -0.01255000 0.03969500
v -0.04127100 -0.01296400 0.03990100
v -0.04095600 -0.01328200 0.04017100
v -0.04077800 -0.01339800 0.04032300
v -0.04019700 -0.01355000 0.04082100
v -0.00295000 -0.01545000 -0.00522500
v -0.00222400 -0.01545000 -0.00557300
v -0.00216700 -0.01621500 -0.00543100
v -0.00098500 -0.01545000 -0.00591900
v -0.00082500 -0.01545000 -0.00594300
v -0.00080400 -0.01621500 -0.00579200
v 0.00109900 -0.01545000 -0.00589800
v 0.00203100 -0.01545000 -0.00564600
v 0.00197900 -0.01621500 -0.00550300
v 0.00305000 -0.01545000 -0.00516700
v 0.00332300 -0.01545000 -0.00499600
v 0.00323900 -0.01621500 -0.00486900
v 0.00463300 -0.01545000 -0.00381200
v 0.00526400 -0.01545000 -0.00287900
v 0.00513000 -0.01621500 -0.00280600
v -0.00277400 -0.01729800 -0.00387500
v -0.00232800 -0.01745000 -0.00325200
v -0.00315200 -0.01686400 -0.00440200
v 0.00357300 -0.01745000 0.00179800
v 0.00390000 -0.01745000 0.00089000
v 0.00425700 -0.01729800 0.00214200
v 0.00464600 -0.01729800 0.00106100
v 0.00483600 -0.01686400 0.00243300
v 0.00527800 -0.01686400 0.00120500
v 0.00522400 -0.01621500 0.00262800
v 0.00570100 -0.01621500 0.00130200
v 0.00399900 -0.01745000 -0.00006900
v 0.00476500 -0.01729800 -0.00008200
v 0.00541300 -0.01686400 -0.00009300
v 0.00584700 -0.01621500 -0.00010000
v 0.00386700 -0.01745000 -0.00102400
v 0.00460700 -0.01729800 -0.00122000
v 0.00523400 -0.01686400 -0.00138600
v 0.00565300 -0.01621500 -0.00149700
v 0.00303900 -0.01745000 0.00260100
v 0.00362100 -0.01729800 0.00309800
v 0.00411400 -0.01686400 0.00352000
v 0.00444300 -0.01621500 0.00380200
v 0.00455900 -0.01545000 0.00390100
v 0.00536000 -0.01545000 0.00269700
v 0.00565800 -0.01545000 -0.00199700
v 0.00580000 -0.01545000 -0.00153600
v 0.00599900 -0.01545000 -0.00010300
v 0.00600000 -0.01545000 0.00005800
v 0.00584900 -0.01545000 0.00133600
v 0.00561800 -0.01545000 0.00210700
v 0.00475000 -0.01686400 -0.00259800
v 0.00418100 -0.01729800 -0.00228700
v 0.00350900 -0.01745000 -0.00191900
v 0.00442200 -0.01545000 -0.00405500
v 0.00431000 -0.01621500 -0.00395200
v 0.00399000 -0.01686400 -0.00365900
v 0.00351200 -0.01729800 -0.00322100
v 0.00294800 -0.01745000 -0.00270300
v 0.00221500 -0.01745000 -0.00333000
v 0.00263900 -0.01729800 -0.00396800
v 0.00299900 -0.01686400 -0.00450800
v 0.00183300 -0.01686400 -0.00509500
v 0.00161300 -0.01729800 -0.00448400
v 0.00135400 -0.01745000 -0.00376400
v 0.00062100 -0.01545000 -0.00596800
v 0.00060500 -0.01621500 -0.00581600
v 0.00056000 -0.01686400 -0.00538500
v 0.00049300 -0.01729800 -0.00474000
v 0.00041400 -0.01745000 -0.00397800
v -0.00055000 -0.01745000 -0.00396200
v -0.00065600 -0.01729800 -0.00472000
v -0.00074500 -0.01686400 -0.00536300
v -0.00200600 -0.01686400 -0.00502900
v -0.00176600 -0.01729800 -0.00442600
v -0.00148200 -0.01745000 -0.00371500
v -0.00349300 -0.01545000 -0.00487900
v -0.00340400 -0.01621500 -0.00475500
v -0.03271400 -0.01231500 0.04722400
v -0.03259900 -0.01155000 0.04732300
v -0.03358100 -0.01155000 0.04823900
v -0.03280200 -0.01255000 0.04714900
v -0.03367200 -0.01231500 0.04811700
v -0.03480400 -0.01231500 0.04877500
v -0.03420800 -0.01155000 0.04864700
v -0.03474300 -0.01155000 0.04891400
v -0.03602600 -0.01155000 0.04931400
v -0.03605400 -0.01231500 0.04916400
v -0.03617300 -0.01155000 0.04934000
v -0.03736000 -0.01231500 0.04926600
v -0.03736500 -0.01155000 0.04941800
v -0.03825700 -0.01155000 0.04932000
v -0.03865500 -0.01231500 0.04907400
v -0.04105900 -0.01155000 0.04798000
v -0.04096000 -0.01231500 0.04786500
v -0.04020800 -0.01155000 0.04858900
v -0.03987600 -0.01231500 0.04859900
v -0.03994600 -0.01155000 0.04873400
v -0.03869400 -0.01155000 0.04922200
v -0.03335900 -0.01328200 0.04667300
v -0.03304400 -0.01296400 0.04694200
v -0.03393000 -0.01296400 0.04776900
v -0.03497900 -0.01296400 0.04837800
v -0.03613600 -0.01296400 0.04873900
v -0.03734500 -0.01296400 0.04883300
v -0.03854400 -0.01296400 0.04865500
v -0.03967400 -0.01296400 0.04821500
v -0.04067800 -0.01296400 0.04753500
v -0.03411800 -0.01355000 0.04602200
v -0.03353700 -0.01339800 0.04652000
v -0.03431700 -0.01339800 0.04724800
v -0.03524000 -0.01339800 0.04778400
v -0.03625900 -0.01339800 0.04810100
v -0.03732200 -0.01339800 0.04818400
v -0.03837800 -0.01339800 0.04802800
v -0.03937200 -0.01339800 0.04764100
v -0.04025600 -0.01339800 0.04704200
v -0.03477300 -0.01355000 0.04663300
v -0.03554800 -0.01355000 0.04708300
v -0.03640300 -0.01355000 0.04735000
v -0.03729600 -0.01355000 0.04741900
v -0.03818200 -0.01355000 0.04728800
v -0.03901700 -0.01355000 0.04696300
v -0.03975800 -0.01355000 0.04646100
v -0.01865600 -0.01745000 0.02795300
v -0.01807400 -0.01729800 0.02845100
v -0.01758100 -0.01686400 0.02887300
v -0.01725200 -0.01621500 0.02915400
v -0.01713600 -0.01545000 0.02925300
v -0.02319500 -0.01355000 0.03325800
v -0.02261400 -0.01339800 0.03375600
v -0.02243600 -0.01328200 0.03390800
v -0.02212100 -0.01296400 0.03417700
v -0.02187900 -0.01255000 0.03438400
v -0.02179200 -0.01231500 0.03445900
v -0.02167600 -0.01155000 0.03455800
v -0.01973900 -0.01716400 0.02921900
v -0.01947500 -0.01728900 0.02891000
v -0.01886800 -0.01714100 0.02937900
v -0.02069800 -0.01634000 0.03033900
v -0.02024100 -0.01681500 0.02980600
v -0.01961100 -0.01668200 0.03024700
v -0.02142400 -0.01507200 0.03118800
v -0.02090500 -0.01606000 0.03058100
v -0.02075800 -0.01499200 0.03158700
v -0.02025500 -0.01595000 0.03099900
v -0.02002500 -0.01476500 0.03172800
v -0.01956700 -0.01563700 0.03119300
v -0.01933600 -0.01442500 0.03159000
v -0.01894600 -0.01516900 0.03113400
v -0.01879700 -0.01402300 0.03119400
v -0.01848600 -0.01461600 0.03083100
v -0.01898100 -0.01630400 0.03050800
v -0.01844600 -0.01573700 0.03055000
v -0.01808700 -0.01506900 0.03036500
v -0.01830400 -0.01672200 0.02971800
v -0.01786900 -0.01609400 0.02987500
v -0.01762800 -0.01535300 0.02982800
v -0.02188800 -0.01426000 0.03173100
v -0.02175600 -0.01444000 0.03157600
v -0.02110600 -0.01433000 0.03199300
v -0.02106500 -0.01245800 0.03361000
v -0.02082400 -0.01171800 0.03356300
v -0.01933700 -0.01299600 0.03182500
v -0.02002700 -0.01221000 0.03263200
v -0.01979700 -0.01354800 0.03212800
v -0.02038500 -0.01287800 0.03281600
v -0.02041800 -0.01401700 0.03218700
v -0.02092100 -0.01344500 0.03277500
v -0.02155100 -0.01382300 0.03251400
v -0.02150100 -0.01308600 0.03345300
v -0.02206500 -0.01350600 0.03311400
v -0.02218100 -0.01395600 0.03207200
v -0.02250200 -0.01373300 0.03244800
v -0.02267100 -0.01365300 0.03264500
v -0.02791400 0.01412300 0.02339200
v -0.02822200 0.01452500 0.02398600
v -0.02783200 0.01526900 0.02353000
v -0.02825200 0.01486500 0.02468800
v -0.02779400 0.01573700 0.02415300
v -0.02799900 0.01509200 0.02539000
v -0.02749600 0.01605000 0.02480200
v -0.02750200 0.01517200 0.02598600
v -0.02698300 0.01616000 0.02538000
v -0.02677600 0.01644000 0.02513800
v -0.02685300 0.01678200 0.02405000
v -0.02631900 0.01691500 0.02460400
v -0.02581700 0.01726400 0.02401700
v -0.02611000 0.01724100 0.02318200
v -0.02555300 0.01738900 0.02370900
v -0.02473400 0.01755000 0.02275200
v -0.02720800 0.01640400 0.02346800
v -0.02653200 0.01682200 0.02267700
v -0.02531600 0.01739800 0.02225400
v -0.02549400 0.01728200 0.02210200
v -0.02580900 0.01696400 0.02183200
v -0.02605000 0.01655000 0.02162600
v -0.02733200 0.01583700 0.02294500
v -0.02675500 0.01619400 0.02227100
v -0.02613800 0.01631500 0.02155000
v -0.02760300 0.01471600 0.02302800
v -0.02720500 0.01516900 0.02256300
v -0.02674500 0.01545300 0.02202600
v -0.02625400 0.01555000 0.02145100
v -0.00303900 0.01755000 -0.00260100
v -0.00362100 0.01739800 -0.00309800
v -0.00379900 0.01728200 -0.00325100
v -0.00411400 0.01696400 -0.00352000
v -0.00435500 0.01655000 -0.00372700
v -0.00444300 0.01631500 -0.00380200
v -0.00455900 0.01555000 -0.00390100
v -0.02796700 0.01436000 0.02652900
v -0.02783400 0.01454000 0.02637400
v -0.02834700 0.01443000 0.02579700
v -0.02995100 0.01255800 0.02600600
v -0.02994100 0.01181800 0.02576100
v -0.03079300 0.01165000 0.02675600
v -0.02845400 0.01309600 0.02402300
v -0.02914500 0.01231000 0.02483000
v -0.02868300 0.01364800 0.02452400
v -0.02927200 0.01297800 0.02521200
v -0.02864500 0.01411700 0.02514700
v -0.02914800 0.01354500 0.02573400
v -0.02879200 0.01392300 0.02631700
v -0.02972800 0.01318600 0.02641200
v -0.02930600 0.01360600 0.02691700
v -0.03067800 0.01241500 0.02685500
v -0.03059000 0.01265000 0.02693000
v -0.03034800 0.01306400 0.02713700
v -0.03003300 0.01338200 0.02740600
v -0.02985500 0.01349800 0.02755900
v -0.02825900 0.01405600 0.02687100
v -0.02858100 0.01383300 0.02724700
v -0.02874900 0.01375300 0.02744400
v -0.02927400 0.01365000 0.02805700
v 0.00435500 0.01655000 0.00372700
v 0.00444300 0.01631500 0.00380200
v 0.00522400 0.01631500 0.00262800
v -0.00340400 0.01631500 -0.00475500
v -0.00349300 0.01555000 -0.00487900
v 0.00455900 0.01555000 0.00390100
v 0.00536000 0.01555000 0.00269700
v 0.00561800 0.01555000 0.00210700
v 0.00570100 0.01631500 0.00130200
v 0.00584900 0.01555000 0.00133600
v 0.00600000 0.01555000 0.00005800
v 0.00584700 0.01631500 -0.00010000
v 0.00599900 0.01555000 -0.00010300
v 0.00580000 0.01555000 -0.00153600
v 0.00565300 0.01631500 -0.00149700
v 0.00565800 0.01555000 -0.00199700
v 0.00513000 0.01631500 -0.00280600
v 0.00526400 0.01555000 -0.00287900
v 0.00463300 0.01555000 -0.00381200
v 0.00431000 0.01631500 -0.00395200
v 0.00442200 0.01555000 -0.00405500
v 0.00332300 0.01555000 -0.00499600
v 0.00323900 0.01631500 -0.00486900
v 0.00305000 0.01555000 -0.00516700
v 0.00197900 0.01631500 -0.00550300
v 0.00203100 0.01555000 -0.00564600
v 0.00109900 0.01555000 -0.00589800
v 0.00060500 0.01631500 -0.00581600
v 0.00062100 0.01555000 -0.00596800
v -0.00082500 0.01555000 -0.00594300
v -0.00080400 0.01631500 -0.00579200
v -0.00098500 0.01555000 -0.00591900
v -0.00216700 0.01631500 -0.00543100
v -0.00222400 0.01555000 -0.00557300
v -0.00295000 0.01555000 -0.00522500
v 0.00379900 0.01728200 0.00325100
v 0.00411400 0.01696400 0.00352000
v 0.00483600 0.01696400 0.00243300
v 0.00527800 0.01696400 0.00120500
v 0.00541300 0.01696400 -0.00009300
v 0.00523400 0.01696400 -0.00138600
v 0.00475000 0.01696400 -0.00259800
v 0.00399000 0.01696400 -0.00365900
v 0.00299900 0.01696400 -0.00450800
v 0.00183300 0.01696400 -0.00509500
v 0.00056000 0.01696400 -0.00538500
v -0.00074500 0.01696400 -0.00536300
v -0.00200600 0.01696400 -0.00502900
v -0.00315200 0.01696400 -0.00440200
v 0.00303900 0.01755000 0.00260100
v 0.00303900 0.01755000 0.00260100
v 0.00362100 0.01739800 0.00309800
v 0.00425700 0.01739800 0.00214200
v 0.00464600 0.01739800 0.00106100
v 0.00476500 0.01739800 -0.00008200
v 0.00460700 0.01739800 -0.00122000
v 0.00418100 0.01739800 -0.00228700
v 0.00351200 0.01739800 -0.00322100
v 0.00263900 0.01739800 -0.00396800
v 0.00161300 0.01739800 -0.00448400
v 0.00049300 0.01739800 -0.00474000
v -0.00065600 0.01739800 -0.00472000
v -0.00176600 0.01739800 -0.00442600
v -0.00277400 0.01739800 -0.00387500
v 0.00357300 0.01755000 0.00179800
v 0.00390000 0.01755000 0.00089000
v 0.00399900 0.01755000 -0.00006900
v 0.00386700 0.01755000 -0.00102400
v 0.00350900 0.01755000 -0.00191900
v 0.00294800 0.01755000 -0.00270300
v 0.00221500 0.01755000 -0.00333000
v 0.00135400 0.01755000 -0.00376400
v 0.00041400 0.01755000 -0.00397800
v -0.00055000 0.01755000 -0.00396200
v -0.00148200 0.01755000 -0.00371500
v -0.00232800 0.01755000 -0.00325200
v -0.04019700 0.01365000 0.04082100
v -0.04077800 0.01349800 0.04032300
v -0.04095600 0.01338200 0.04017100
v -0.04127100 0.01306400 0.03990100
v -0.04151300 0.01265000 0.03969500
v -0.04160100 0.01241500 0.03962000
v -0.04171600 0.01165000 0.03952100
v -0.01713600 0.01555000 0.02925300
v -0.01725200 0.01631500 0.02915400
v -0.01734000 0.01655000 0.02907900
v -0.01758100 0.01696400 0.02887300
v -0.01789600 0.01728200 0.02860300
v -0.01807400 0.01739800 0.02845100
v -0.01865600 0.01755000 0.02795300
v -0.04238100 0.01241500 0.04079300
v -0.03375300 0.01241500 0.04817700
v -0.03366500 0.01165000 0.04830000
v -0.03259900 0.01165000 0.04732300
v -0.04251700 0.01165000 0.04072500
v -0.04277600 0.01165000 0.04131500
v -0.04285800 0.01241500 0.04212000
v -0.04300700 0.01165000 0.04208600
v -0.04315700 0.01165000 0.04336400
v -0.04300400 0.01241500 0.04352200
v -0.04315700 0.01165000 0.04352500
v -0.04295800 0.01165000 0.04495700
v -0.04281000 0.01241500 0.04491800
v -0.04281500 0.01165000 0.04541900
v -0.04228800 0.01241500 0.04622800
v -0.04242200 0.01165000 0.04630100
v -0.04179100 0.01165000 0.04723400
v -0.04146700 0.01241500 0.04737400
v -0.04158000 0.01165000 0.04747700
v -0.04048100 0.01165000 0.04841700
v -0.04039600 0.01241500 0.04829100
v -0.04020800 0.01165000 0.04858900
v -0.03913700 0.01241500 0.04892400
v -0.03918900 0.01165000 0.04906700
v -0.03825700 0.01165000 0.04932000
v -0.03776300 0.01241500 0.04923800
v -0.03777800 0.01165000 0.04938900
v -0.03633200 0.01165000 0.04936500
v -0.03635300 0.01241500 0.04921400
v -0.03617300 0.01165000 0.04934000
v -0.03499000 0.01241500 0.04885300
v -0.03493400 0.01165000 0.04899400
v -0.03420800 0.01165000 0.04864700
v -0.04199400 0.01306400 0.04098800
v -0.04243600 0.01306400 0.04221600
v -0.04257100 0.01306400 0.04351500
v -0.04239100 0.01306400 0.04480700
v -0.04190800 0.01306400 0.04602000
v -0.04114800 0.01306400 0.04708100
v -0.04015600 0.01306400 0.04793000
v -0.03899000 0.01306400 0.04851600
v -0.03771800 0.01306400 0.04880700
v -0.03641300 0.01306400 0.04878400
v -0.03515100 0.01306400 0.04845000
v -0.03400600 0.01306400 0.04782400
v -0.04141400 0.01349800 0.04128000
v -0.03271400 0.01241500 0.04722400
v -0.03280200 0.01265000 0.04714900
v -0.03304400 0.01306400 0.04694200
v -0.03335900 0.01338200 0.04667300
v -0.04180300 0.01349800 0.04236100
v -0.04192200 0.01349800 0.04350300
v -0.04176400 0.01349800 0.04464100
v -0.04133800 0.01349800 0.04570800
v -0.04067000 0.01349800 0.04664200
v -0.03979700 0.01349800 0.04738900
v -0.03877100 0.01349800 0.04790600
v -0.03765100 0.01349800 0.04816100
v -0.03650200 0.01349800 0.04814200
v -0.03539100 0.01349800 0.04784800
v -0.03438400 0.01349800 0.04729600
v -0.03353700 0.01349800 0.04652000
v -0.04073100 0.01365000 0.04162400
v -0.04105700 0.01365000 0.04253100
v -0.04115700 0.01365000 0.04349000
v -0.04102400 0.01365000 0.04444500
v -0.04066700 0.01365000 0.04534100
v -0.04010600 0.01365000 0.04612500
v -0.03937300 0.01365000 0.04675200
v -0.03851100 0.01365000 0.04718600
v -0.03757100 0.01365000 0.04740000
v -0.03660700 0.01365000 0.04738400
v -0.03567500 0.01365000 0.04713700
v -0.03482900 0.01365000 0.04667400
v -0.03411800 0.01365000 0.04602200
v -0.02069800 0.01644000 0.03033900
v -0.02090500 0.01616000 0.03058100
v -0.02025500 0.01605000 0.03099900
v -0.01973900 0.01726400 0.02921900
v -0.02024100 0.01691500 0.02980600
v -0.01961100 0.01678200 0.03024700
v -0.01947500 0.01738900 0.02891000
v -0.01886800 0.01724100 0.02937900
v -0.01830400 0.01682200 0.02971800
v -0.01786900 0.01619400 0.02987500
v -0.01762800 0.01545300 0.02982800
v -0.01898100 0.01640400 0.03050800
v -0.01844600 0.01583700 0.03055000
v -0.01808700 0.01516900 0.03036500
v -0.01956700 0.01573700 0.03119300
v -0.01894600 0.01526900 0.03113400
v -0.01848600 0.01471600 0.03083100
v -0.02142400 0.01517200 0.03118800
v -0.02075800 0.01509200 0.03158700
v -0.02002500 0.01486500 0.03172800
v -0.01933600 0.01452500 0.03159000
v -0.01879700 0.01412300 0.03119400
v -0.02167600 0.01165000 0.03455800
v -0.02179200 0.01241500 0.03445900
v -0.02187900 0.01265000 0.03438400
v -0.02212100 0.01306400 0.03417700
v -0.02243600 0.01338200 0.03390800
v -0.02261400 0.01349800 0.03375600
v -0.02319500 0.01365000 0.03325800
v -0.02188800 0.01436000 0.03173100
v -0.02218100 0.01405600 0.03207200
v -0.02155100 0.01392300 0.03251400
v -0.02082400 0.01181800 0.03356300
v -0.02106500 0.01255800 0.03361000
v -0.02206500 0.01360600 0.03311400
v -0.02150100 0.01318600 0.03345300
v -0.02002700 0.01231000 0.03263200
v -0.02038500 0.01297800 0.03281600
v -0.02092100 0.01354500 0.03277500
v -0.02267100 0.01375300 0.03264500
v -0.02250200 0.01383300 0.03244800
v -0.02175600 0.01454000 0.03157600
v -0.02110600 0.01443000 0.03199300
v -0.02041800 0.01411700 0.03218700
v -0.01979700 0.01364800 0.03212800
v -0.01933700 0.01309600 0.03182500
v -0.03554000 0.00595000 0.03230300
v -0.03554000 0.00595000 0.03230300
v -0.03402000 0.00595000 0.03360300
v -0.03402000 0.00595000 0.03360300
v -0.03569800 0.00717500 0.03248800
v -0.03569800 0.00717500 0.03248800
v -0.03417800 0.00717500 0.03378800
v -0.03417800 0.00717500 0.03378800
v -0.03614900 0.00821300 0.03301500
v -0.03614900 0.00821300 0.03301500
v -0.03462900 0.00821300 0.03431500
v -0.03462900 0.00821300 0.03431500
v -0.03682400 0.00890600 0.03380400
v -0.03682400 0.00890600 0.03380400
v -0.03530400 0.00890600 0.03510400
v -0.03530400 0.00890600 0.03510400
v -0.03762000 0.00915000 0.03473400
v -0.03762000 0.00915000 0.03473400
v -0.03610000 0.00915000 0.03603400
v -0.03610000 0.00915000 0.03603400
v -0.03610000 0.00915000 0.03603400
v -0.03762000 -0.00905000 0.03473400
v -0.03762000 -0.00905000 0.03473400
v -0.03610000 -0.00905000 0.03603400
v -0.03610000 -0.00905000 0.03603400
v -0.03610000 -0.00905000 0.03603400
v -0.03682400 -0.00880600 0.03380400
v -0.03682400 -0.00880600 0.03380400
v -0.03530400 -0.00880600 0.03510400
v -0.03530400 -0.00880600 0.03510400
v -0.03614900 -0.00811300 0.03301500
v -0.03614900 -0.00811300 0.03301500
v -0.03462900 -0.00811300 0.03431500
v -0.03462900 -0.00811300 0.03431500
v -0.03569800 -0.00707500 0.03248800
v -0.03569800 -0.00707500 0.03248800
v -0.03417800 -0.00707500 0.03378800
v -0.03417800 -0.00707500 0.03378800
v -0.03417800 -0.00707500 0.03378800
v -0.03554000 -0.00585000 0.03230300
v -0.03554000 -0.00585000 0.03230300
v -0.03402000 -0.00585000 0.03360300
v -0.03402000 -0.00585000 0.03360300
v -0.03629600 -0.00905000 0.03626200
v -0.03629600 -0.00905000 0.03626200
v -0.02869800 -0.00905000 0.04276400
v -0.02869800 -0.00905000 0.04276400
v -0.03577900 -0.00915000 0.03565900
v -0.03577900 -0.00915000 0.03565900
v -0.03577900 -0.00915000 0.03565900
v -0.02818200 -0.00915000 0.04216100
v -0.02818200 -0.00915000 0.04216100
v -0.02869800 0.00915000 0.04276400
v -0.02869800 0.00915000 0.04276400
v -0.03629600 0.00915000 0.03626200
v -0.03629600 0.00915000 0.03626200
v -0.02818200 0.00925000 0.04216100
v -0.02818200 0.00925000 0.04216100
v -0.03577900 0.00925000 0.03565900
v -0.03577900 0.00925000 0.03565900
v -0.03577900 0.00925000 0.03565900
v -0.00846000 0.01210000 0.00065800
v -0.00846000 0.01210000 0.00065800
v 0.00065800 0.01210000 0.00846000
v 0.00065800 0.01210000 0.00846000
v 0.00065800 0.01210000 0.00846000
v -0.00897600 0.01220000 0.00126100
v -0.00897600 0.01220000 0.00126100
v 0.00014200 0.01220000 0.00906300
v 0.00014200 0.01220000 0.00906300
v 0.00065800 -0.01200000 0.00846000
v 0.00065800 -0.01200000 0.00846000
v -0.00846000 -0.01200000 0.00065800
v -0.00846000 -0.01200000 0.00065800
v 0.00014200 -0.01210000 0.00906300
v 0.00014200 -0.01210000 0.00906300
v 0.00014200 -0.01210000 0.00906300
v -0.00897600 -0.01210000 0.00126100
v -0.00897600 -0.01210000 0.00126100
v -0.01959500 -0.00595000 0.03212700
v -0.01959500 -0.00595000 0.03212700
v -0.02719300 -0.00595000 0.02562500
v -0.02719300 -0.00595000 0.02562500
v -0.01975400 -0.00717500 0.03231200
v -0.01975400 -0.00717500 0.03231200
v -0.02735100 -0.00717500 0.02581000
v -0.02735100 -0.00717500 0.02581000
v -0.02020500 -0.00821300 0.03283900
v -0.02020500 -0.00821300 0.03283900
v -0.02780200 -0.00821300 0.02633700
v -0.02780200 -0.00821300 0.02633700
v -0.02088000 -0.00890600 0.03362800
v -0.02088000 -0.00890600 0.03362800
v -0.02847700 -0.00890600 0.02712600
v -0.02847700 -0.00890600 0.02712600
v -0.02167600 -0.00915000 0.03455800
v -0.02167600 -0.00915000 0.03455800
v -0.02927400 -0.00915000 0.02805700
v -0.02927400 -0.00915000 0.02805700
v -0.02167600 0.00925000 0.03455800
v -0.02167600 0.00925000 0.03455800
v -0.02927400 0.00925000 0.02805700
v -0.02927400 0.00925000 0.02805700
v -0.02088000 0.00900600 0.03362800
v -0.02088000 0.00900600 0.03362800
v -0.02847700 0.00900600 0.02712600
v -0.02847700 0.00900600 0.02712600
v -0.02020500 0.00831300 0.03283900
v -0.02020500 0.00831300 0.03283900
v -0.02020500 0.00831300 0.03283900
v -0.02780200 0.00831300 0.02633700
v -0.02780200 0.00831300 0.02633700
v -0.01975400 0.00727500 0.03231200
v -0.01975400 0.00727500 0.03231200
v -0.02735100 0.00727500 0.02581000
v -0.02735100 0.00727500 0.02581000
v -0.01959500 0.00605000 0.03212700
v -0.01959500 0.00605000 0.03212700
v -0.02719300 0.00605000 0.02562500
v -0.02719300 0.00605000 0.02562500
v -0.01366200 0.01195600 0.02519400
v -0.01366200 0.01195600 0.02519400
v -0.01286600 0.01220000 0.02426300
v -0.01286600 0.01220000 0.02426300
v -0.01651300 0.01220000 0.02114200
v -0.01651300 0.01220000 0.02114200
v -0.01433700 0.01126300 0.02598200
v -0.01433700 0.01126300 0.02598200
v -0.02278000 0.01195600 0.01739200
v -0.02278000 0.01195600 0.01739200
v -0.02198300 0.01220000 0.01646100
v -0.02198300 0.01220000 0.01646100
v -0.01833600 0.01220000 0.01958200
v -0.01833600 0.01220000 0.01958200
v -0.02345500 0.01126300 0.01818000
v -0.02345500 0.01126300 0.01818000
v -0.01494700 0.00900000 0.02669500
v -0.01494700 0.00900000 0.02669500
v -0.02406400 0.00900000 0.01889200
v -0.02406400 0.00900000 0.01889200
v -0.01478800 0.01022500 0.02650900
v -0.01478800 0.01022500 0.02650900
v -0.02390600 0.01022500 0.01870700
v -0.02390600 0.01022500 0.01870700
v -0.02278000 -0.01185600 0.01739200
v -0.02278000 -0.01185600 0.01739200
v -0.02198300 -0.01210000 0.01646100
v -0.02198300 -0.01210000 0.01646100
v -0.01833600 -0.01210000 0.01958200
v -0.01833600 -0.01210000 0.01958200
v -0.02345500 -0.01116300 0.01818000
v -0.02345500 -0.01116300 0.01818000
v -0.01366200 -0.01185600 0.02519400
v -0.01366200 -0.01185600 0.02519400
v -0.01286600 -0.01210000 0.02426300
v -0.01286600 -0.01210000 0.02426300
v -0.01651300 -0.01210000 0.02114200
v -0.01651300 -0.01210000 0.02114200
v -0.01433700 -0.01116300 0.02598200
v -0.01433700 -0.01116300 0.02598200
v -0.01478800 -0.01012500 0.02650900
v -0.01478800 -0.01012500 0.02650900
v -0.02390600 -0.01012500 0.01870700
v -0.02390600 -0.01012500 0.01870700
v -0.01494700 -0.00890000 0.02669500
v -0.01494700 -0.00890000 0.02669500
v -0.02406400 -0.00890000 0.01889200
v -0.02406400 -0.00890000 0.01889200
v -0.01098800 -0.01210000 0.01284000
v -0.01098800 -0.01210000 0.01284000
v -0.01062200 -0.01210000 0.01337400
v -0.01062200 -0.01210000 0.01337400
v -0.01157200 -0.01210000 0.01256100
v -0.01157200 -0.01210000 0.01256100
v -0.01221700 -0.01210000 0.01261100
v -0.01221700 -0.01210000 0.01261100
v -0.01057200 -0.01210000 0.01401900
v -0.01057200 -0.01210000 0.01401900
v -0.01057200 -0.01210000 0.01401900
v -0.01815500 -0.01210000 0.01948400
v -0.01815500 -0.01210000 0.01948400
v -0.01664900 -0.01210000 0.01988300
v -0.01664900 -0.01210000 0.01988300
v -0.01642500 -0.01210000 0.02039200
v -0.01642500 -0.01210000 0.02039200
v -0.01644400 -0.01210000 0.02094800
v -0.01644400 -0.01210000 0.02094800
v -0.01644400 -0.01210000 0.02094800
v -0.01760900 -0.01210000 0.01937900
v -0.01760900 -0.01210000 0.01937900
v -0.01707100 -0.01210000 0.01952100
v -0.01707100 -0.01210000 0.01952100
v -0.01157200 0.01220000 0.01256100
v -0.01157200 0.01220000 0.01256100
v -0.01098800 0.01220000 0.01284000
v -0.01098800 0.01220000 0.01284000
v -0.01062200 0.01220000 0.01337400
v -0.01062200 0.01220000 0.01337400
v -0.01221700 0.01220000 0.01261100
v -0.01221700 0.01220000 0.01261100
v -0.01707100 0.01220000 0.01952100
v -0.01707100 0.01220000 0.01952100
v -0.01760900 0.01220000 0.01937900
v -0.01760900 0.01220000 0.01937900
v -0.01815500 0.01220000 0.01948400
v -0.01815500 0.01220000 0.01948400
v -0.01644400 0.01220000 0.02094800
v -0.01644400 0.01220000 0.02094800
v -0.01057200 0.01220000 0.01401900
v -0.01057200 0.01220000 0.01401900
v -0.01057200 0.01220000 0.01401900
v -0.01642500 0.01220000 0.02039200
v -0.01642500 0.01220000 0.02039200
v -0.01664900 0.01220000 0.01988300
v -0.01664900 0.01220000 0.01988300
v -0.03445100 0.01365000 0.04413900
v -0.03445100 0.01365000 0.04413900
v -0.03440800 0.01365000 0.04289300
v -0.03440800 0.01365000 0.04289300
v -0.03828400 0.01365000 0.04085800
v -0.03828400 0.01365000 0.04085800
v -0.03706100 0.01365000 0.04062300
v -0.03706100 0.01365000 0.04062300
v -0.03585600 0.01365000 0.04094200
v -0.03585600 0.01365000 0.04094200
v -0.03490900 0.01365000 0.04175300
v -0.03490900 0.01365000 0.04175300
v -0.04036900 -0.01355000 0.04580600
v -0.04115500 -0.01355000 0.04328300
v -0.04108600 -0.01355000 0.04417600
v -0.04081900 -0.01355000 0.04503100
v -0.03445100 -0.01355000 0.04413900
v -0.03445100 -0.01355000 0.04413900
v -0.03585600 -0.01355000 0.04094200
v -0.03585600 -0.01355000 0.04094200
v -0.03490900 -0.01355000 0.04175300
v -0.03490900 -0.01355000 0.04175300
v -0.03440800 -0.01355000 0.04289300
v -0.03440800 -0.01355000 0.04289300
v -0.04102400 -0.01355000 0.04239700
v -0.04069900 -0.01355000 0.04156200
v -0.03828400 -0.01355000 0.04085800
v -0.03828400 -0.01355000 0.04085800
v -0.03706100 -0.01355000 0.04062300
v -0.03706100 -0.01355000 0.04062300
v 0.00561800 0.01210000 0.00210700
v 0.00561800 0.01210000 0.00210700
v 0.00455900 0.01210000 0.00390100
v 0.00455900 0.01210000 0.00390100
v 0.00305000 0.01210000 -0.00516700
v 0.00305000 0.01210000 -0.00516700
v -0.00455900 0.01210000 -0.00390100
v -0.00455900 0.01210000 -0.00390100
v -0.00295000 0.01210000 -0.00522500
v -0.00295000 0.01210000 -0.00522500
v -0.00098500 0.01210000 -0.00591900
v -0.00098500 0.01210000 -0.00591900
v 0.00109900 0.01210000 -0.00589800
v 0.00109900 0.01210000 -0.00589800
v 0.00463300 0.01210000 -0.00381200
v 0.00463300 0.01210000 -0.00381200
v 0.00565800 0.01210000 -0.00199700
v 0.00565800 0.01210000 -0.00199700
v 0.00600000 0.01210000 0.00005800
v 0.00600000 0.01210000 0.00005800
v -0.00455900 -0.01200000 -0.00390100
v -0.00455900 -0.01200000 -0.00390100
v 0.00455900 -0.01200000 0.00390100
v 0.00455900 -0.01200000 0.00390100
v 0.00561800 -0.01200000 0.00210700
v 0.00561800 -0.01200000 0.00210700
v 0.00600000 -0.01200000 0.00005800
v 0.00600000 -0.01200000 0.00005800
v 0.00565800 -0.01200000 -0.00199700
v 0.00565800 -0.01200000 -0.00199700
v 0.00463300 -0.01200000 -0.00381200
v 0.00463300 -0.01200000 -0.00381200
v -0.00295000 -0.01200000 -0.00522500
v -0.00295000 -0.01200000 -0.00522500
v -0.00098500 -0.01200000 -0.00591900
v -0.00098500 -0.01200000 -0.00591900
v 0.00109900 -0.01200000 -0.00589800
v 0.00109900 -0.01200000 -0.00589800
v 0.00305000 -0.01200000 -0.00516700
v 0.00305000 -0.01200000 -0.00516700
v -0.04315700 0.00915000 0.04336400
v -0.04315700 0.00915000 0.04336400
v -0.04277600 0.00915000 0.04131500
v -0.04277600 0.00915000 0.04131500
v -0.04171600 0.00915000 0.03952100
v -0.04171600 0.00915000 0.03952100
v -0.04281500 0.00915000 0.04541900
v -0.04281500 0.00915000 0.04541900
v -0.03617300 0.00915000 0.04934000
v -0.03617300 0.00915000 0.04934000
v -0.03259900 0.00915000 0.04732300
v -0.03259900 0.00915000 0.04732300
v -0.03420800 0.00915000 0.04864700
v -0.03420800 0.00915000 0.04864700
v -0.03825700 0.00915000 0.04932000
v -0.03825700 0.00915000 0.04932000
v -0.04020800 0.00915000 0.04858900
v -0.04020800 0.00915000 0.04858900
v -0.04179100 0.00915000 0.04723400
v -0.04179100 0.00915000 0.04723400
v -0.04171600 -0.00905000 0.03952100
v -0.04171600 -0.00905000 0.03952100
v -0.03617300 -0.00905000 0.04934000
v -0.03617300 -0.00905000 0.04934000
v -0.03420800 -0.00905000 0.04864700
v -0.03420800 -0.00905000 0.04864700
v -0.04315700 -0.00905000 0.04336400
v -0.04315700 -0.00905000 0.04336400
v -0.03259900 -0.00905000 0.04732300
v -0.03259900 -0.00905000 0.04732300
v -0.04277600 -0.00905000 0.04131500
v -0.04277600 -0.00905000 0.04131500
v -0.04020800 -0.00905000 0.04858900
v -0.04020800 -0.00905000 0.04858900
v -0.03825700 -0.00905000 0.04932000
v -0.03825700 -0.00905000 0.04932000
v -0.04179100 -0.00905000 0.04723400
v -0.04179100 -0.00905000 0.04723400
v -0.04281500 -0.00905000 0.04541900
v -0.04281500 -0.00905000 0.04541900
v -0.01221700 0.01755000 0.01261100
v -0.01221700 0.01755000 0.01261100
v -0.01157200 0.01755000 0.01256100
v -0.01157200 0.01755000 0.01256100
v 0.00139400 0.01755000 -0.00265600
v 0.00139400 0.01755000 -0.00265600
v 0.00240900 0.01755000 -0.00178800
v 0.00240900 0.01755000 -0.00178800
v -0.01057200 0.01755000 0.01401900
v -0.01057200 0.01755000 0.01401900
v -0.01057200 0.01755000 0.01401900
v 0.00294600 0.01755000 -0.00056600
v 0.00294600 0.01755000 -0.00056600
v 0.00290000 0.01755000 0.00076800
v 0.00290000 0.01755000 0.00076800
v -0.01098800 0.01755000 0.01284000
v -0.01098800 0.01755000 0.01284000
v -0.01062200 0.01755000 0.01337400
v -0.01062200 0.01755000 0.01337400
v -0.00120700 0.01755000 -0.00274600
v -0.00120700 0.01755000 -0.00274600
v 0.00010400 0.01755000 -0.00299800
v 0.00010400 0.01755000 -0.00299800
v -0.01642500 0.01755000 0.02039200
v -0.01642500 0.01755000 0.02039200
v -0.01664900 0.01755000 0.01988300
v -0.01664900 0.01755000 0.01988300
v -0.01707100 0.01755000 0.01952100
v -0.01707100 0.01755000 0.01952100
v -0.01707100 0.01755000 0.01952100
v -0.01760900 0.01755000 0.01937900
v -0.01760900 0.01755000 0.01937900
v -0.01644400 0.01755000 0.02094800
v -0.01644400 0.01755000 0.02094800
v -0.01815500 0.01755000 0.01948400
v -0.01815500 0.01755000 0.01948400
v -0.01815500 0.01755000 0.01948400
v -0.04179100 -0.01155000 0.04723400
v -0.04265000 -0.01155000 0.04583600
v -0.04197500 -0.01155000 0.04699800
v -0.04305000 -0.01155000 0.04455400
v -0.04281500 -0.01155000 0.04541900
v -0.04277600 -0.01155000 0.04131500
v -0.04295700 -0.01155000 0.04188500
v -0.04315400 -0.01155000 0.04321400
v -0.04315700 -0.01155000 0.04336400
v -0.04247000 -0.01155000 0.04063300
v 0.00240900 -0.01745000 -0.00178800
v 0.00240900 -0.01745000 -0.00178800
v 0.00139400 -0.01745000 -0.00265600
v 0.00139400 -0.01745000 -0.00265600
v 0.00010400 -0.01745000 -0.00299800
v 0.00010400 -0.01745000 -0.00299800
v 0.00290000 -0.01745000 0.00076800
v 0.00290000 -0.01745000 0.00076800
v 0.00294600 -0.01745000 -0.00056600
v 0.00294600 -0.01745000 -0.00056600
v -0.00120700 -0.01745000 -0.00274600
v -0.00120700 -0.01745000 -0.00274600
v -0.01157200 -0.01745000 0.01256100
v -0.01157200 -0.01745000 0.01256100
v -0.01098800 -0.01745000 0.01284000
v -0.01098800 -0.01745000 0.01284000
v -0.01062200 -0.01745000 0.01337400
v -0.01062200 -0.01745000 0.01337400
v -0.01057200 -0.01745000 0.01401900
v -0.01057200 -0.01745000 0.01401900
v -0.01057200 -0.01745000 0.01401900
v -0.01644400 -0.01745000 0.02094800
v -0.01644400 -0.01745000 0.02094800
v -0.01644400 -0.01745000 0.02094800
v -0.01642500 -0.01745000 0.02039200
v -0.01642500 -0.01745000 0.02039200
v -0.01664900 -0.01745000 0.01988300
v -0.01664900 -0.01745000 0.01988300
v -0.01221700 -0.01745000 0.01261100
v -0.01221700 -0.01745000 0.01261100
v -0.01707100 -0.01745000 0.01952100
v -0.01707100 -0.01745000 0.01952100
v -0.01760900 -0.01745000 0.01937900
v -0.01760900 -0.01745000 0.01937900
v -0.01815500 -0.01745000 0.01948400
v -0.01815500 -0.01745000 0.01948400
v -0.01815500 -0.01745000 0.01948400
v -0.04098400 -0.01339800 0.04626200
v -0.04150500 -0.01296400 0.04664900
v -0.04185300 -0.01231500 0.04690700
v -0.04251100 -0.01231500 0.04577500
v -0.04290000 -0.01231500 0.04452500
v -0.04300200 -0.01231500 0.04321900
v -0.04281000 -0.01231500 0.04192400
v -0.04233500 -0.01231500 0.04070400
v -0.04211400 -0.01296400 0.04560100
v -0.04247400 -0.01296400 0.04444300
v -0.04256800 -0.01296400 0.04323400
v -0.04239100 -0.01296400 0.04203500
v -0.04195100 -0.01296400 0.04090500
v -0.04152000 -0.01339800 0.04533900
v -0.04183700 -0.01339800 0.04432100
v -0.04192000 -0.01339800 0.04325700
v -0.04176400 -0.01339800 0.04220100
v -0.04137700 -0.01339800 0.04120700
vn 0.80290000 -0.00000000 -0.59600000
vn 0.98200000 -0.00000000 -0.18860000
vn 0.96660000 -0.00000000 0.25610000
vn -0.80290000 -0.00000000 0.59600000
vn -0.98200000 -0.00000000 0.18860000
vn -0.96660000 -0.00000000 -0.25610000
vn -0.46480000 -0.00000000 0.88540000
vn -0.03460000 -0.00000000 0.99940000
vn 0.40240000 -0.00000000 0.91540000
vn 0.75980000 -0.00000000 0.65020000
vn 0.46480000 -0.00000000 -0.88540000
vn 0.03460000 -0.00000000 -0.99940000
vn -0.40240000 -0.00000000 -0.91540000
vn -0.75980000 -0.00000000 -0.65020000
vn -0.75980000 -0.00000000 -0.65020000
vn -0.00000000 -1.00000000 -0.00000000
vn -0.40240000 -0.00000000 -0.91540000
vn -0.00000000 -1.00000000 -0.00000000
vn 0.03460000 -0.00000000 -0.99940000
vn -0.00000000 -1.00000000 -0.00000000
vn 0.46480000 -0.00000000 -0.88540000
vn -0.00000000 -1.00000000 -0.00000000
vn -0.00000000 -1.00000000 -0.00000000
vn 0.80290000 -0.00000000 -0.59600000
vn -0.00000000 -1.00000000 -0.00000000
vn 0.98200000 -0.00000000 -0.18860000
vn 0.96660000 -0.00000000 0.25610000
vn -0.00000000 -1.00000000 -0.00000000
vn 0.75980000 -0.00000000 0.65020000
vn -0.00000000 -1.00000000 -0.00000000
vn -0.75980000 -0.00000000 -0.65020000
vn -0.96660000 -0.00000000 -0.25610000
vn 0.40240000 -0.00000000 0.91540000
vn -0.40240000 -0.00000000 -0.91540000
vn 0.75980000 -0.00000000 0.65020000
vn 0.96660000 -0.00000000 0.25610000
vn -0.03460000 -0.00000000 0.99940000
vn -0.46480000 -0.00000000 0.88540000
vn -0.80290000 -0.00000000 0.59600000
vn -0.98200000 -0.00000000 0.18860000
vn 0.46480000 -0.00000000 -0.88540000
vn 0.03460000 -0.00000000 -0.99940000
vn 0.80290000 -0.00000000 -0.59600000
vn 0.98200000 -0.00000000 -0.18860000
vn 0.75980000 -0.00000000 0.65020000
vn -0.00000000 1.00000000 -0.00000000
vn -0.00000000 1.00000000 -0.00000000
vn 0.96660000 -0.00000000 0.25610000
vn 0.98200000 -0.00000000 -0.18860000
vn -0.00000000 1.00000000 -0.00000000
vn 0.80290000 -0.00000000 -0.59600000
vn -0.00000000 1.00000000 -0.00000000
vn 0.46480000 -0.00000000 -0.88540000
vn -0.00000000 1.00000000 -0.00000000
vn -0.00000000 1.00000000 -0.00000000
vn 0.03460000 -0.00000000 -0.99940000
vn -0.00000000 1.00000000 -0.00000000
vn -0.40240000 -0.00000000 -0.91540000
vn -0.00000000 1.00000000 -0.00000000
vn -0.75980000 -0.00000000 -0.65020000
vn -0.52750000 -0.70700000 -0.47100000
vn -0.00000000 -1.00000000 -0.00000000
vn -0.52940000 -0.70710000 -0.46880000
vn -0.23540000 -0.70710000 -0.66680000
vn -0.00000000 -1.00000000 -0.00000000
vn -0.23540000 -0.70710000 -0.66670000
vn 0.12950000 -0.70710000 -0.69510000
vn -0.00000000 -1.00000000 -0.00000000
vn 0.12950000 -0.70710000 -0.69510000
vn 0.45970000 -0.70710000 -0.53720000
vn -0.00000000 -1.00000000 -0.00000000
vn 0.45970000 -0.70710000 -0.53720000
vn 0.66680000 -0.70710000 -0.23540000
vn -0.00000000 -1.00000000 -0.00000000
vn 0.66680000 -0.70710000 -0.23540000
vn 0.69510000 -0.70710000 0.12950000
vn 0.69510000 -0.70710000 0.12950000
vn -0.00000000 -1.00000000 -0.00000000
vn 0.54690000 -0.70700000 0.44840000
vn 0.54500000 -0.70700000 0.45060000
vn -0.00000000 -1.00000000 -0.00000000
vn 0.28460000 -0.70710000 0.64730000
vn -0.68350000 -0.70710000 -0.18110000
vn -0.02450000 -0.70720000 0.70660000
vn -0.32860000 -0.70720000 0.62600000
vn -0.69440000 -0.70710000 0.13340000
vn -0.56780000 -0.70710000 0.42150000
vn 0.54700000 0.70690000 0.44840000
vn 0.54510000 0.70700000 0.45060000
vn -0.00000000 1.00000000 -0.00000000
vn 0.69520000 0.70700000 0.12950000
vn -0.00000000 1.00000000 -0.00000000
vn 0.69520000 0.70700000 0.12950000
vn 0.66680000 0.70700000 -0.23540000
vn -0.00000000 1.00000000 -0.00000000
vn 0.66680000 0.70700000 -0.23540000
vn 0.45980000 0.70710000 -0.53730000
vn -0.00000000 1.00000000 -0.00000000
vn 0.45980000 0.70710000 -0.53730000
vn 0.12950000 0.70700000 -0.69520000
vn -0.00000000 1.00000000 -0.00000000
vn 0.12950000 0.70700000 -0.69520000
vn -0.23540000 0.70710000 -0.66680000
vn -0.23540000 0.70710000 -0.66680000
vn -0.00000000 1.00000000 -0.00000000
vn -0.52750000 0.70700000 -0.47110000
vn -0.52950000 0.70700000 -0.46890000
vn -0.00000000 1.00000000 -0.00000000
vn -0.68360000 0.70700000 -0.18110000
vn -0.56780000 0.70700000 0.42150000
vn -0.32870000 0.70710000 0.62610000
vn -0.02450000 0.70710000 0.70670000
vn 0.28460000 0.70710000 0.64740000
vn -0.69450000 0.70710000 0.13340000
vn -0.00000000 1.00000000 -0.00010000
vn -0.00000000 1.00000000 -0.00000000
vn -0.77180000 -0.00000000 -0.63590000
vn -0.77180000 -0.00000000 -0.63590000
vn -0.00000000 -1.00000000 -0.00000000
vn -0.00000000 1.00000000 -0.00000000
vn -0.40240000 -0.00000000 -0.91540000
vn -0.00000000 1.00000000 -0.00010000
vn -0.00000000 -1.00000000 -0.00000000
vn -0.40240000 -0.00000000 -0.91540000
vn 0.03460000 -0.00000000 -0.99940000
vn -0.00000000 1.00000000 -0.00000000
vn 0.03460000 -0.00000000 -0.99940000
vn -0.00000000 -1.00000000 -0.00000000
vn -0.00000000 1.00000000 -0.00000000
vn 0.46480000 -0.00000000 -0.88540000
vn -0.00000000 -1.00000000 -0.00000000
vn 0.46480000 -0.00000000 -0.88540000
vn 0.80290000 -0.00000000 -0.59610000
vn -0.00000000 1.00000000 -0.00000000
vn 0.80300000 -0.00000000 -0.59600000
vn 0.80290000 -0.00000000 -0.59610000
vn 0.80300000 -0.00000000 -0.59600000
vn -0.00000000 -1.00000000 -0.00000000
vn -0.00000000 1.00000000 -0.00000000
vn 0.98200000 -0.00000000 -0.18870000
vn 0.98200000 -0.00000000 -0.18870000
vn -0.00000000 -1.00000000 -0.00000000
vn 0.96660000 -0.00000000 0.25610000
vn -0.00000000 1.00000000 -0.00000000
vn 0.96660000 -0.00000000 0.25610000
vn -0.00000000 -1.00000000 -0.00000000
vn -0.00000000 1.00000000 -0.00000000
vn 0.74750000 -0.00000000 0.66430000
vn 0.74750000 -0.00000000 0.66430000
vn -0.00000000 -1.00000000 -0.00000000
vn -0.00000000 1.00000000 -0.00000000
vn -0.77180000 -0.00000000 -0.63590000
vn -0.77180000 -0.00000000 -0.63590000
vn -0.00000000 -1.00000000 -0.00000000
vn -0.00000000 1.00000000 -0.00000000
vn -0.40240000 -0.00000000 -0.91540000
vn -0.40240000 -0.00000000 -0.91540000
vn -0.00000000 -1.00000000 -0.00000000
vn 0.03460000 -0.00000000 -0.99940000
vn -0.00000000 1.00000000 -0.00000000
vn -0.00000000 -1.00000000 -0.00000000
vn 0.03460000 -0.00000000 -0.99940000
vn 0.46480000 -0.00000000 -0.88540000
vn -0.00000000 1.00000000 -0.00000000
vn -0.00000000 -1.00000000 -0.00000000
vn 0.46480000 -0.00000000 -0.88540000
vn -0.00000000 1.00000000 -0.00000000
vn 0.80300000 -0.00000000 -0.59600000
vn 0.80290000 -0.00000000 -0.59610000
vn -0.00000000 -1.00000000 -0.00000000
vn 0.80300000 -0.00000000 -0.59600000
vn 0.80290000 -0.00000000 -0.59610000
vn -0.00000000 1.00000000 -0.00000000
vn 0.98200000 -0.00000000 -0.18870000
vn -0.00000000 -1.00000000 -0.00000000
vn 0.98200000 -0.00000000 -0.18870000
vn -0.00000000 1.00000000 -0.00000000
vn 0.96660000 -0.00000000 0.25610000
vn 0.96660000 -0.00000000 0.25610000
vn -0.00000000 -1.00000000 -0.00000000
vn -0.00000000 1.00000000 -0.00000000
vn 0.74750000 -0.00000000 0.66430000
vn -0.00000000 -1.00000000 -0.00000000
vn 0.74750000 -0.00000000 0.66430000
vn 0.06760000 0.99350000 -0.09160000
vn -0.75720000 -0.00000000 -0.65320000
vn -0.74800000 0.00660000 -0.66370000
vn -0.00000000 -1.00000000 -0.00000000
vn 0.13250000 0.97640000 -0.17050000
vn -0.55090000 0.00030000 -0.83460000
vn -0.00000000 -1.00000000 -0.00000000
vn -0.33280000 0.00770000 -0.94300000
vn 0.20260000 0.94950000 -0.23950000
vn -0.31410000 -0.00000000 -0.94940000
vn -0.05900000 0.00030000 -0.99830000
vn 0.26260000 0.90400000 -0.33730000
vn 0.18330000 0.00750000 -0.98300000
vn -0.00000000 -1.00000000 -0.00000000
vn 0.20020000 -0.00000000 -0.97980000
vn 0.30060000 0.87260000 -0.38490000
vn 0.34340000 0.84050000 -0.41910000
vn 0.44100000 0.00030000 -0.89750000
vn 0.65010000 0.00740000 -0.75980000
vn -0.00000000 -1.00000000 -0.00000000
vn 0.65000000 -0.00000000 -0.75990000
vn 0.38950000 0.80070000 -0.45520000
vn 0.81840000 0.00030000 -0.57470000
vn 0.35940000 0.84030000 -0.40590000
vn 0.94370000 0.00370000 -0.33070000
vn -0.00000000 -1.00000000 -0.00000000
vn 0.29470000 0.89240000 -0.34180000
vn 0.95400000 -0.00000000 -0.29980000
vn 0.98310000 0.00030000 0.18320000
vn -0.00000000 -1.00000000 -0.00000000
vn 0.99640000 -0.00000000 0.08530000
vn 0.21850000 0.94210000 -0.25450000
vn 0.77180000 0.00020000 0.63590000
vn -0.00000000 -1.00000000 -0.00000000
vn 0.76650000 0.00760000 0.64210000
vn 0.07500000 0.99390000 -0.08130000
vn 0.90830000 0.00700000 0.41830000
vn 0.14670000 0.97590000 -0.16130000
vn 0.08000000 -0.99350000 -0.08090000
vn 0.76240000 -0.00000000 0.64710000
vn 0.77130000 -0.00660000 0.63640000
vn -0.00000000 1.00000000 -0.00000000
vn 0.90970000 -0.00030000 0.41530000
vn 0.14800000 -0.97640000 -0.15720000
vn -0.00000000 1.00000000 -0.00000000
vn 0.98310000 -0.00770000 0.18310000
vn 0.98650000 -0.00000000 0.16370000
vn 0.20530000 -0.94950000 -0.23720000
vn 0.29270000 -0.90400000 -0.31160000
vn 0.99540000 -0.00030000 -0.09580000
vn -0.00000000 1.00000000 -0.00000000
vn 0.94290000 -0.00750000 -0.33300000
vn 0.93700000 -0.00000000 -0.34920000
vn 0.33390000 -0.87250000 -0.35670000
vn 0.81860000 -0.00030000 -0.57440000
vn 0.36080000 -0.84070000 -0.40380000
vn -0.00000000 1.00000000 -0.00000000
vn 0.65010000 -0.00740000 -0.75980000
vn 0.38950000 -0.80070000 -0.45510000
vn 0.65030000 -0.00000000 -0.75970000
vn 0.34540000 -0.84040000 -0.41770000
vn 0.44120000 -0.00030000 -0.89740000
vn -0.00000000 1.00000000 -0.00000000
vn 0.18090000 -0.00370000 -0.98350000
vn 0.29220000 -0.89230000 -0.34410000
vn 0.14890000 -0.00000000 -0.98890000
vn -0.00000000 1.00000000 -0.00000000
vn -0.33280000 -0.00030000 -0.94300000
vn -0.23820000 -0.00000000 -0.97120000
vn 0.21770000 -0.94210000 -0.25510000
vn -0.00000000 1.00000000 -0.00000000
vn -0.74750000 -0.00020000 -0.66430000
vn 0.06880000 -0.99390000 -0.08680000
vn -0.75290000 -0.00760000 -0.65810000
vn 0.13670000 -0.97590000 -0.16980000
vn -0.55360000 -0.00700000 -0.83280000
vn -0.47570000 -0.78730000 0.39220000
vn -0.54110000 -0.68880000 0.48240000
vn -0.71070000 -0.66160000 0.23920000
vn -0.30970000 -0.92990000 0.19820000
vn -0.38960000 -0.86890000 0.30530000
vn -0.58650000 -0.80490000 0.08990000
vn -0.11500000 -0.99320000 -0.01540000
vn -0.21050000 -0.97290000 0.09610000
vn -0.28160000 -0.94580000 -0.16190000
vn -0.43970000 -0.89530000 -0.07130000
vn -0.43650000 -0.84870000 -0.29860000
vn -0.65520000 -0.68920000 -0.30940000
vn -0.76860000 -0.37640000 -0.51730000
vn -0.66810000 -0.53030000 -0.52190000
vn -0.56420000 -0.70900000 -0.42320000
vn -0.77290000 -0.10240000 -0.62620000
vn -0.76020000 -0.10190000 -0.64160000
vn -0.73180000 -0.32600000 -0.59850000
vn -0.75800000 -0.62410000 -0.18980000
vn -0.82320000 -0.34570000 -0.45030000
vn -0.78910000 -0.09240000 -0.60730000
vn -0.85290000 -0.51610000 -0.07890000
vn -0.87580000 -0.28590000 -0.38880000
vn -0.80310000 -0.07650000 -0.59090000
vn -0.57730000 -0.62530000 0.52510000
vn -0.75670000 -0.58110000 0.29950000
vn -0.89420000 -0.44590000 -0.03850000
vn -0.89600000 -0.24200000 -0.37240000
vn -0.80600000 -0.06210000 -0.58860000
vn -0.46670000 -0.78810000 0.40140000
vn -0.38320000 -0.87200000 0.30460000
vn -0.58250000 -0.80790000 0.08960000
vn -0.76020000 -0.09410000 -0.64290000
vn -0.77140000 -0.08710000 -0.63030000
vn -0.73350000 -0.31660000 -0.60140000
vn -0.76500000 -0.35680000 -0.53630000
vn -0.43370000 -0.89770000 -0.07710000
vn -0.43420000 -0.84700000 -0.30670000
vn -0.65650000 -0.67410000 -0.33850000
vn -0.56640000 -0.69920000 -0.43630000
vn -0.65770000 -0.53120000 -0.53410000
vn -0.78530000 -0.07870000 -0.61410000
vn -0.82320000 -0.32220000 -0.46760000
vn -0.76490000 -0.61030000 -0.20590000
vn -0.21100000 -0.97290000 0.09510000
vn -0.11590000 -0.99310000 -0.01560000
vn -0.28440000 -0.94460000 -0.16370000
vn -0.29710000 -0.92970000 0.21760000
vn -0.54200000 -0.68840000 0.48200000
vn -0.70870000 -0.66390000 0.23880000
vn -0.85780000 -0.50470000 -0.09750000
vn -0.87220000 -0.26640000 -0.41030000
vn -0.79720000 -0.06510000 -0.60010000
vn -0.07310000 -0.99480000 -0.07100000
vn -0.23450000 -0.94520000 -0.22700000
vn -0.38020000 -0.84710000 -0.37140000
vn -0.51070000 -0.70400000 -0.49360000
vn -0.61020000 -0.52590000 -0.59250000
vn -0.68160000 -0.31950000 -0.65830000
vn -0.71590000 -0.09750000 -0.69140000
vn -0.79110000 -0.09750000 -0.60380000
vn -0.75320000 -0.31960000 -0.57490000
vn -0.67760000 -0.52620000 -0.51380000
vn -0.56450000 -0.70430000 -0.43060000
vn -0.42440000 -0.84720000 -0.31960000
vn -0.25940000 -0.94530000 -0.19760000
vn -0.08090000 -0.99480000 -0.06150000
vn -0.48240000 -0.10970000 -0.86910000
vn -0.35020000 -0.09520000 -0.93180000
vn -0.33750000 -0.38550000 -0.85880000
vn -0.21020000 -0.10160000 -0.97240000
vn -0.08070000 -0.09300000 -0.99240000
vn -0.12350000 -0.38190000 -0.91590000
vn 0.20290000 -0.10820000 -0.97320000
vn 0.34330000 -0.09500000 -0.93440000
vn 0.31390000 -0.38580000 -0.86760000
vn 0.47520000 -0.10530000 -0.87350000
vn 0.59140000 -0.09380000 -0.80090000
vn 0.51640000 -0.38420000 -0.76530000
vn 0.78960000 -0.10530000 -0.60450000
vn 0.87020000 -0.09500000 -0.48350000
vn 0.80860000 -0.38580000 -0.44420000
vn -0.22190000 -0.92030000 -0.32230000
vn -0.06140000 -0.99440000 -0.08580000
vn -0.40780000 -0.69950000 -0.58690000
vn 0.09420000 -0.99440000 0.04740000
vn 0.10280000 -0.99440000 0.02350000
vn 0.35320000 -0.91850000 0.17770000
vn 0.38540000 -0.91850000 0.08800000
vn 0.63820000 -0.69970000 0.32110000
vn 0.69650000 -0.69970000 0.15910000
vn 0.82320000 -0.38320000 0.41900000
vn 0.90160000 -0.37920000 0.20820000
vn 0.10540000 -0.99440000 -0.00180000
vn 0.39530000 -0.91850000 -0.00680000
vn 0.71440000 -0.69970000 -0.01230000
vn 0.92400000 -0.38190000 -0.01950000
vn 0.10200000 -0.99440000 -0.02700000
vn 0.38220000 -0.91850000 -0.10120000
vn 0.69070000 -0.69970000 -0.18290000
vn 0.89410000 -0.38490000 -0.22900000
vn 0.08150000 -0.99480000 0.06130000
vn 0.31100000 -0.92100000 0.23470000
vn 0.56750000 -0.70280000 0.42900000
vn 0.73780000 -0.37950000 0.55820000
vn 0.79370000 -0.09750000 0.60040000
vn 0.87370000 -0.09530000 0.47700000
vn 0.93010000 -0.10820000 -0.35090000
vn 0.97290000 -0.09140000 -0.21260000
vn 0.99290000 -0.09300000 -0.07360000
vn 0.99320000 -0.10160000 0.05740000
vn 0.97220000 -0.10270000 0.21040000
vn 0.93480000 -0.13040000 0.33030000
vn 0.62680000 -0.69970000 -0.34280000
vn 0.34690000 -0.91850000 -0.18970000
vn 0.09250000 -0.99440000 -0.05060000
vn 0.69990000 -0.09380000 -0.70800000
vn 0.67630000 -0.38420000 -0.62850000
vn 0.52660000 -0.69970000 -0.48290000
vn 0.29140000 -0.91850000 -0.26720000
vn 0.07770000 -0.99440000 -0.07130000
vn 0.05840000 -0.99440000 -0.08780000
vn 0.21900000 -0.91850000 -0.32920000
vn 0.39570000 -0.69970000 -0.59490000
vn 0.24180000 -0.69970000 -0.67230000
vn 0.13380000 -0.91850000 -0.37200000
vn 0.03570000 -0.99440000 -0.09920000
vn 0.05970000 -0.09140000 -0.99400000
vn 0.08810000 -0.38490000 -0.91870000
vn 0.07390000 -0.69970000 -0.71060000
vn 0.04090000 -0.91850000 -0.39320000
vn 0.01090000 -0.99440000 -0.10490000
vn -0.01450000 -0.99440000 -0.10450000
vn -0.05440000 -0.91850000 -0.39160000
vn -0.09830000 -0.69970000 -0.70770000
vn -0.26480000 -0.69970000 -0.66360000
vn -0.14650000 -0.91850000 -0.36720000
vn -0.03910000 -0.99440000 -0.09800000
vn -0.60630000 -0.09540000 -0.78950000
vn -0.54030000 -0.38110000 -0.75020000
vn 0.68440000 -0.31960000 0.65530000
vn 0.71880000 -0.09750000 0.68830000
vn 0.60670000 -0.10020000 0.78860000
vn 0.61240000 -0.52610000 0.59010000
vn 0.54840000 -0.37410000 0.74790000
vn 0.36860000 -0.38280000 0.84710000
vn 0.50250000 -0.12560000 0.85540000
vn 0.37090000 -0.09260000 0.92410000
vn 0.23730000 -0.09560000 0.96670000
vn 0.17750000 -0.38170000 0.90710000
vn 0.11950000 -0.10090000 0.98770000
vn -0.02870000 -0.38390000 0.92290000
vn -0.02190000 -0.09300000 0.99540000
vn -0.16290000 -0.10630000 0.98090000
vn -0.24270000 -0.38440000 0.89070000
vn -0.64730000 -0.09290000 0.75650000
vn -0.60030000 -0.38410000 0.70150000
vn -0.53310000 -0.10400000 0.83970000
vn -0.42450000 -0.38370000 0.82010000
vn -0.42170000 -0.09310000 0.90190000
vn -0.29330000 -0.09200000 0.95160000
vn 0.38130000 -0.84720000 0.36990000
vn 0.51260000 -0.70430000 0.49110000
vn 0.41720000 -0.70000000 0.57970000
vn 0.28730000 -0.70020000 0.65360000
vn 0.13470000 -0.70020000 0.70110000
vn -0.02470000 -0.70020000 0.71350000
vn -0.18290000 -0.70020000 0.69010000
vn -0.33180000 -0.70020000 0.63210000
vn -0.46420000 -0.70020000 0.54250000
vn 0.07330000 -0.99480000 0.07050000
vn 0.23530000 -0.94530000 0.22580000
vn 0.22640000 -0.92080000 0.31770000
vn 0.15880000 -0.91890000 0.36110000
vn 0.07440000 -0.91890000 0.38740000
vn -0.01370000 -0.91890000 0.39420000
vn -0.10100000 -0.91890000 0.38130000
vn -0.18330000 -0.91890000 0.34930000
vn -0.25650000 -0.91890000 0.29970000
vn 0.06250000 -0.99450000 0.08430000
vn 0.04220000 -0.99450000 0.09610000
vn 0.01980000 -0.99450000 0.10300000
vn -0.00360000 -0.99450000 0.10490000
vn -0.02690000 -0.99450000 0.10140000
vn -0.04880000 -0.99450000 0.09290000
vn -0.06820000 -0.99450000 0.07970000
vn 0.03300000 -0.99320000 0.11130000
vn 0.25010000 -0.92340000 0.29110000
vn 0.50430000 -0.71020000 0.49120000
vn 0.68320000 -0.38920000 0.61790000
vn 0.75140000 -0.10200000 0.65190000
vn 0.03330000 -0.99310000 0.11220000
vn 0.20570000 -0.94460000 0.25570000
vn 0.38550000 -0.84270000 0.37590000
vn 0.51020000 -0.70920000 0.48660000
vn 0.62660000 -0.52550000 0.57560000
vn 0.70760000 -0.31660000 0.63180000
vn 0.75270000 -0.09410000 0.65170000
vn -0.14790000 -0.92990000 0.33660000
vn -0.06240000 -0.97290000 0.22280000
vn 0.14530000 -0.89510000 0.42150000
vn -0.31400000 -0.78730000 0.53060000
vn -0.24150000 -0.86890000 0.43210000
vn 0.00190000 -0.80490000 0.59340000
vn -0.42950000 -0.62530000 0.65150000
vn -0.39300000 -0.68880000 0.60910000
vn -0.17890000 -0.58110000 0.79390000
vn -0.12650000 -0.66160000 0.73910000
vn 0.17620000 -0.44590000 0.87750000
vn 0.20970000 -0.51610000 0.83050000
vn 0.50630000 -0.24200000 0.82770000
vn 0.51950000 -0.28590000 0.80520000
vn 0.70610000 -0.06200000 0.70540000
vn 0.70790000 -0.07650000 0.70220000
vn 0.30470000 -0.62410000 0.71950000
vn 0.57210000 -0.34570000 0.74370000
vn 0.72190000 -0.09250000 0.68580000
vn 0.41420000 -0.69180000 0.59150000
vn 0.63280000 -0.38320000 0.67280000
vn 0.73820000 -0.10250000 0.66680000
vn -0.32850000 -0.79280000 0.51350000
vn -0.39240000 -0.68840000 0.61000000
vn -0.12290000 -0.66530000 0.73640000
vn 0.65150000 -0.35420000 0.67090000
vn 0.74190000 -0.08720000 0.66480000
vn 0.71620000 -0.06510000 0.69490000
vn 0.72810000 -0.07870000 0.68090000
vn 0.54020000 -0.26650000 0.79830000
vn 0.58910000 -0.32220000 0.74100000
vn 0.22890000 -0.50470000 0.83240000
vn 0.32170000 -0.61030000 0.72390000
vn -0.00290000 -0.80410000 0.59450000
vn 0.42980000 -0.68160000 0.59220000
vn 0.14420000 -0.89640000 0.41910000
vn -0.24820000 -0.86650000 0.43320000
vn -0.15770000 -0.93130000 0.32830000
vn -0.06140000 -0.97290000 0.22310000
vn -0.80600000 0.06210000 -0.58860000
vn -0.89600000 0.24200000 -0.37240000
vn -0.87580000 0.28590000 -0.38880000
vn -0.89420000 0.44590000 -0.03850000
vn -0.85290000 0.51610000 -0.07890000
vn -0.75670000 0.58110000 0.29950000
vn -0.71070000 0.66160000 0.23920000
vn -0.57730000 0.62530000 0.52510000
vn -0.54100000 0.68890000 0.48240000
vn -0.47570000 0.78730000 0.39220000
vn -0.58650000 0.80490000 0.08990000
vn -0.38960000 0.86890000 0.30540000
vn -0.30970000 0.92990000 0.19820000
vn -0.43970000 0.89530000 -0.07130000
vn -0.21050000 0.97290000 0.09610000
vn -0.11500000 0.99320000 -0.01540000
vn -0.75800000 0.62410000 -0.18980000
vn -0.65520000 0.68920000 -0.30940000
vn -0.28170000 0.94570000 -0.16200000
vn -0.43650000 0.84870000 -0.29860000
vn -0.56410000 0.70900000 -0.42310000
vn -0.66810000 0.53030000 -0.52190000
vn -0.82320000 0.34570000 -0.45030000
vn -0.76860000 0.37640000 -0.51730000
vn -0.73180000 0.32600000 -0.59850000
vn -0.80310000 0.07640000 -0.59090000
vn -0.78910000 0.09240000 -0.60730000
vn -0.77290000 0.10250000 -0.62630000
vn -0.76020000 0.10190000 -0.64160000
vn -0.07310000 0.99480000 -0.07100000
vn -0.23460000 0.94520000 -0.22710000
vn -0.38020000 0.84700000 -0.37150000
vn -0.51070000 0.70400000 -0.49350000
vn -0.61020000 0.52590000 -0.59250000
vn -0.68160000 0.31950000 -0.65830000
vn -0.71590000 0.09750000 -0.69140000
vn -0.45650000 0.79280000 0.40380000
vn -0.54200000 0.68850000 0.48190000
vn -0.70850000 0.66530000 0.23520000
vn -0.76360000 0.35420000 -0.53990000
vn -0.77140000 0.08710000 -0.63030000
vn -0.76020000 0.09410000 -0.64290000
vn -0.79720000 0.06510000 -0.60010000
vn -0.78530000 0.07870000 -0.61410000
vn -0.87220000 0.26640000 -0.41030000
vn -0.82320000 0.32220000 -0.46760000
vn -0.85780000 0.50470000 -0.09750000
vn -0.76490000 0.61030000 -0.20590000
vn -0.58690000 0.80410000 0.09480000
vn -0.65150000 0.68160000 -0.33310000
vn -0.43630000 0.89640000 -0.07770000
vn -0.73350000 0.31660000 -0.60140000
vn -0.66550000 0.52550000 -0.53010000
vn -0.55960000 0.70910000 -0.42890000
vn -0.43090000 0.84270000 -0.32270000
vn -0.28440000 0.94460000 -0.16370000
vn -0.38960000 0.86650000 0.31210000
vn -0.30000000 0.93130000 0.20660000
vn -0.21100000 0.97290000 0.09510000
vn -0.11600000 0.99310000 -0.01560000
vn 0.67970000 0.52590000 0.51130000
vn 0.75570000 0.31940000 0.57170000
vn 0.82470000 0.38110000 0.41790000
vn -0.53780000 0.37970000 -0.75270000
vn -0.60630000 0.09540000 -0.78950000
vn 0.79370000 0.09750000 0.60040000
vn 0.87370000 0.09530000 0.47700000
vn 0.93320000 0.10970000 0.34230000
vn 0.90070000 0.38540000 0.20070000
vn 0.97470000 0.09510000 0.20200000
vn 0.99320000 0.10150000 0.05740000
vn 0.92400000 0.38190000 -0.01950000
vn 0.99280000 0.09590000 -0.07120000
vn 0.97200000 0.09460000 -0.21500000
vn 0.89410000 0.38490000 -0.22910000
vn 0.93010000 0.10820000 -0.35090000
vn 0.80860000 0.38580000 -0.44420000
vn 0.87020000 0.09500000 -0.48350000
vn 0.78960000 0.10530000 -0.60450000
vn 0.67630000 0.38420000 -0.62850000
vn 0.69990000 0.09380000 -0.70800000
vn 0.59140000 0.09380000 -0.80090000
vn 0.51640000 0.38420000 -0.76530000
vn 0.47520000 0.10530000 -0.87350000
vn 0.31390000 0.38580000 -0.86760000
vn 0.34330000 0.09500000 -0.93440000
vn 0.20290000 0.10820000 -0.97320000
vn 0.08810000 0.38490000 -0.91870000
vn 0.06210000 0.09460000 -0.99360000
vn -0.08310000 0.09590000 -0.99190000
vn -0.12350000 0.38190000 -0.91590000
vn -0.21020000 0.10150000 -0.97240000
vn -0.34500000 0.37920000 -0.85860000
vn -0.35810000 0.10270000 -0.92800000
vn -0.47080000 0.13050000 -0.87260000
vn 0.42580000 0.84700000 0.31820000
vn 0.56650000 0.70400000 0.42830000
vn 0.64280000 0.69950000 0.31230000
vn 0.69650000 0.69970000 0.15910000
vn 0.71440000 0.69970000 -0.01230000
vn 0.69060000 0.69970000 -0.18290000
vn 0.62680000 0.69970000 -0.34280000
vn 0.52660000 0.69970000 -0.48290000
vn 0.39570000 0.69970000 -0.59490000
vn 0.24180000 0.69970000 -0.67230000
vn 0.07390000 0.69970000 -0.71060000
vn -0.09830000 0.69970000 -0.70770000
vn -0.26480000 0.69970000 -0.66360000
vn -0.40790000 0.69950000 -0.58690000
vn 0.08140000 0.99480000 0.06120000
vn 0.08150000 0.99480000 0.06130000
vn 0.26070000 0.94520000 0.19670000
vn 0.35270000 0.92030000 0.16940000
vn 0.38540000 0.91850000 0.08800000
vn 0.39530000 0.91850000 -0.00680000
vn 0.38220000 0.91850000 -0.10120000
vn 0.34690000 0.91850000 -0.18970000
vn 0.29140000 0.91850000 -0.26720000
vn 0.21900000 0.91850000 -0.32920000
vn 0.13380000 0.91850000 -0.37200000
vn 0.04090000 0.91850000 -0.39320000
vn -0.05440000 0.91850000 -0.39160000
vn -0.14650000 0.91850000 -0.36720000
vn -0.22190000 0.92030000 -0.32230000
vn 0.09420000 0.99440000 0.04740000
vn 0.10280000 0.99440000 0.02350000
vn 0.10540000 0.99440000 -0.00180000
vn 0.10200000 0.99440000 -0.02700000
vn 0.09250000 0.99440000 -0.05060000
vn 0.07770000 0.99440000 -0.07130000
vn 0.05840000 0.99440000 -0.08780000
vn 0.03570000 0.99440000 -0.09920000
vn 0.01090000 0.99440000 -0.10490000
vn -0.01450000 0.99440000 -0.10450000
vn -0.03910000 0.99440000 -0.09800000
vn -0.06140000 0.99440000 -0.08580000
vn -0.08150000 0.99480000 -0.06130000
vn -0.26060000 0.94520000 -0.19670000
vn -0.42570000 0.84710000 -0.31820000
vn -0.56650000 0.70400000 -0.42830000
vn -0.67970000 0.52590000 -0.51130000
vn -0.75570000 0.31950000 -0.57170000
vn -0.79370000 0.09740000 -0.60040000
vn 0.75140000 0.10200000 0.65190000
vn 0.70440000 0.32610000 0.63050000
vn 0.61890000 0.53040000 0.57940000
vn 0.50530000 0.70900000 0.49200000
vn 0.36250000 0.84870000 0.38510000
vn 0.20360000 0.94570000 0.25330000
vn 0.03300000 0.99320000 0.11130000
vn -0.82470000 0.38110000 -0.41790000
vn 0.53780000 0.37970000 0.75270000
vn 0.60650000 0.09360000 0.78950000
vn 0.71590000 0.09750000 0.69140000
vn -0.87380000 0.09360000 -0.47730000
vn -0.93320000 0.10970000 -0.34230000
vn -0.90060000 0.38540000 -0.20070000
vn -0.97500000 0.09310000 -0.20190000
vn -0.99320000 0.10150000 -0.05730000
vn -0.92400000 0.38190000 0.01950000
vn -0.99300000 0.09180000 0.07490000
vn -0.97340000 0.08880000 0.21130000
vn -0.89410000 0.38490000 0.22900000
vn -0.93020000 0.10820000 0.35090000
vn -0.80860000 0.38580000 0.44420000
vn -0.87030000 0.09290000 0.48370000
vn -0.78960000 0.10530000 0.60450000
vn -0.67630000 0.38420000 0.62850000
vn -0.69940000 0.09240000 0.70870000
vn -0.59210000 0.09230000 0.80060000
vn -0.51640000 0.38420000 0.76530000
vn -0.47520000 0.10530000 0.87360000
vn -0.31390000 0.38580000 0.86760000
vn -0.34340000 0.09290000 0.93460000
vn -0.20290000 0.10820000 0.97320000
vn -0.08810000 0.38490000 0.91870000
vn -0.05830000 0.08880000 0.99430000
vn 0.07960000 0.09180000 0.99260000
vn 0.12350000 0.38190000 0.91590000
vn 0.21020000 0.10150000 0.97240000
vn 0.34510000 0.37920000 0.85860000
vn 0.35810000 0.10070000 0.92820000
vn 0.47080000 0.13050000 0.87260000
vn -0.64280000 0.69950000 -0.31220000
vn -0.69650000 0.69970000 -0.15900000
vn -0.71430000 0.69970000 0.01230000
vn -0.69060000 0.69970000 0.18290000
vn -0.62680000 0.69970000 0.34280000
vn -0.52660000 0.69970000 0.48290000
vn -0.39570000 0.69970000 0.59480000
vn -0.24180000 0.69970000 0.67230000
vn -0.07390000 0.69970000 0.71060000
vn 0.09830000 0.69970000 0.70760000
vn 0.26480000 0.69970000 0.66360000
vn 0.40780000 0.69950000 0.58690000
vn -0.35270000 0.92030000 -0.16940000
vn 0.68160000 0.31940000 0.65830000
vn 0.61020000 0.52590000 0.59250000
vn 0.51070000 0.70400000 0.49350000
vn 0.38010000 0.84710000 0.37140000
vn -0.38540000 0.91850000 -0.08800000
vn -0.39530000 0.91850000 0.00680000
vn -0.38220000 0.91850000 0.10120000
vn -0.34690000 0.91850000 0.18970000
vn -0.29140000 0.91850000 0.26720000
vn -0.21900000 0.91850000 0.32920000
vn -0.13380000 0.91850000 0.37200000
vn -0.04090000 0.91850000 0.39320000
vn 0.05440000 0.91850000 0.39160000
vn 0.14650000 0.91850000 0.36720000
vn 0.22190000 0.92030000 0.32230000
vn 0.23460000 0.94520000 0.22710000
vn -0.09430000 0.99440000 -0.04740000
vn -0.10290000 0.99440000 -0.02350000
vn -0.10550000 0.99440000 0.00180000
vn -0.10200000 0.99440000 0.02700000
vn -0.09260000 0.99440000 0.05060000
vn -0.07780000 0.99440000 0.07130000
vn -0.05840000 0.99440000 0.08780000
vn -0.03570000 0.99440000 0.09930000
vn -0.01090000 0.99440000 0.10490000
vn 0.01450000 0.99440000 0.10450000
vn 0.03910000 0.99440000 0.09800000
vn 0.06140000 0.99440000 0.08580000
vn 0.07320000 0.99480000 0.07100000
vn -0.31400000 0.78730000 0.53060000
vn -0.39300000 0.68890000 0.60910000
vn -0.12650000 0.66160000 0.73910000
vn -0.14790000 0.92990000 0.33660000
vn -0.24150000 0.86890000 0.43220000
vn 0.00190000 0.80490000 0.59340000
vn -0.06240000 0.97290000 0.22280000
vn 0.13840000 0.89530000 0.42340000
vn 0.40700000 0.68920000 0.59950000
vn 0.62990000 0.37640000 0.67940000
vn 0.73820000 0.10240000 0.66680000
vn 0.30470000 0.62410000 0.71950000
vn 0.57210000 0.34570000 0.74380000
vn 0.72190000 0.09240000 0.68580000
vn 0.20970000 0.51610000 0.83050000
vn 0.51950000 0.28590000 0.80520000
vn 0.70790000 0.07650000 0.70220000
vn -0.42950000 0.62530000 0.65150000
vn -0.17890000 0.58110000 0.79390000
vn 0.17620000 0.44600000 0.87750000
vn 0.50630000 0.24200000 0.82770000
vn 0.70610000 0.06210000 0.70540000
vn 0.75270000 0.09410000 0.65170000
vn 0.70750000 0.31660000 0.63180000
vn 0.62930000 0.53120000 0.56730000
vn 0.51860000 0.69920000 0.49220000
vn 0.37010000 0.84710000 0.38150000
vn 0.20570000 0.94460000 0.25570000
vn 0.03330000 0.99310000 0.11220000
vn -0.32440000 0.78810000 0.52310000
vn -0.24170000 0.87200000 0.42560000
vn 0.00150000 0.80790000 0.58930000
vn 0.74190000 0.08720000 0.66480000
vn 0.64800000 0.35670000 0.67290000
vn 0.14320000 0.89770000 0.41660000
vn 0.43590000 0.67410000 0.59630000
vn 0.72810000 0.07870000 0.68090000
vn 0.58920000 0.32220000 0.74100000
vn 0.32170000 0.61030000 0.72390000
vn -0.06130000 0.97290000 0.22310000
vn -0.16900000 0.92970000 0.32720000
vn -0.39240000 0.68850000 0.61000000
vn -0.12640000 0.66390000 0.73700000
vn 0.22890000 0.50470000 0.83240000
vn 0.54020000 0.26640000 0.79830000
vn 0.71620000 0.06510000 0.69490000
vn -0.64700000 -0.09800000 0.75610000
vn -0.75980000 -0.00000000 -0.65020000
vn -0.64700000 -0.09800000 0.75610000
vn 0.75980000 -0.00000000 0.65020000
vn -0.75980000 -0.00000000 -0.65020000
vn -0.60070000 -0.38270000 0.70190000
vn -0.60070000 -0.38270000 0.70200000
vn 0.75980000 -0.00000000 0.65020000
vn -0.45970000 -0.70710000 0.53730000
vn -0.75980000 -0.00000000 -0.65020000
vn -0.45970000 -0.70710000 0.53720000
vn 0.75980000 -0.00000000 0.65020000
vn -0.75980000 -0.00000000 -0.65020000
vn -0.24880000 -0.92390000 0.29080000
vn 0.75980000 -0.00000000 0.65020000
vn -0.24880000 -0.92390000 0.29080000
vn -0.06370000 -0.99520000 0.07450000
vn -0.75980000 -0.00000000 -0.65020000
vn 0.75980000 0.00010000 0.65020000
vn 0.75980000 -0.00000000 0.65020000
vn -0.06370000 -0.99520000 0.07450000
vn -0.06370000 0.99520000 0.07450000
vn -0.75980000 -0.00000000 -0.65020000
vn 0.75980000 -0.00050000 0.65010000
vn -0.06370000 0.99520000 0.07450000
vn 0.75980000 0.00020000 0.65010000
vn -0.75980000 -0.00000000 -0.65020000
vn -0.24880000 0.92390000 0.29070000
vn 0.75980000 -0.00000000 0.65020000
vn -0.24880000 0.92390000 0.29070000
vn -0.75980000 -0.00000000 -0.65020000
vn -0.45970000 0.70710000 0.53730000
vn -0.45970000 0.70710000 0.53730000
vn 0.75980000 -0.00000000 0.65020000
vn -0.75980000 -0.00000000 -0.65020000
vn -0.60070000 0.38270000 0.70200000
vn 0.75980000 -0.00000000 0.65020000
vn -0.60070000 0.38270000 0.70190000
vn -0.60070000 0.38270000 0.70200000
vn -0.64700000 0.09800000 0.75610000
vn -0.75980000 -0.00000000 -0.65020000
vn 0.75980000 -0.00000000 0.65020000
vn -0.64700000 0.09800000 0.75610000
vn 0.02030000 0.99950000 -0.02380000
vn 0.75980000 0.00020000 0.65010000
vn 0.75980000 -0.00000000 0.65020000
vn 0.04070000 0.99800000 -0.04760000
vn 0.04070000 0.99800000 -0.04760000
vn 0.75980000 -0.00000000 0.65020000
vn 0.75980000 0.00020000 0.65010000
vn 0.04070000 0.99800000 -0.04760000
vn 0.75980000 -0.00000000 0.65020000
vn 0.04070000 -0.99800000 -0.04760000
vn 0.75980000 -0.00000000 0.65020000
vn 0.02040000 -0.99950000 -0.02380000
vn 0.75980000 0.00010000 0.65020000
vn 0.04070000 -0.99800000 -0.04760000
vn 0.75980000 -0.00000000 0.65020000
vn 0.75970000 0.00020000 0.65020000
vn 0.75980000 -0.00000000 0.65020000
vn 0.04070000 -0.99800000 -0.04760000
vn -0.75980000 -0.00000000 -0.65020000
vn -0.04070000 -0.99800000 0.04760000
vn 0.75980000 -0.00000000 0.65020000
vn 0.75980000 0.00010000 0.65020000
vn -0.04070000 -0.99800000 0.04760000
vn -0.75980000 -0.00000000 -0.65020000
vn -0.04070000 -0.99800000 0.04760000
vn 0.75980000 -0.00000000 0.65020000
vn -0.04070000 -0.99800000 0.04760000
vn 0.75980000 -0.00000000 0.65020000
vn -0.04070000 0.99800000 0.04760000
vn -0.75980000 -0.00000000 -0.65020000
vn -0.04070000 0.99800000 0.04760000
vn 0.75980000 -0.00000000 0.65020000
vn -0.04070000 0.99800000 0.04760000
vn 0.75980000 -0.00010000 0.65020000
vn -0.04070000 0.99800000 0.04760000
vn -0.75980000 -0.00000000 -0.65020000
vn -0.64700000 0.09800000 0.75610000
vn 0.75980000 -0.00000000 0.65020000
vn -0.64700000 0.09800000 0.75610000
vn 0.75980000 -0.00000000 0.65020000
vn -0.60070000 0.38270000 0.70190000
vn 0.75980000 -0.00000000 0.65020000
vn 0.75980000 -0.00000000 0.65020000
vn -0.60070000 0.38270000 0.70200000
vn 0.75980000 -0.00000000 0.65020000
vn -0.45970000 0.70710000 0.53720000
vn -0.45970000 0.70710000 0.53730000
vn 0.75980000 -0.00000000 0.65020000
vn -0.24880000 0.92390000 0.29080000
vn 0.75980000 -0.00000000 0.65020000
vn 0.75980000 -0.00000000 0.65020000
vn -0.24880000 0.92390000 0.29080000
vn 0.75980000 -0.00000000 0.65020000
vn -0.06370000 0.99520000 0.07450000
vn -0.06370000 0.99520000 0.07450000
vn 0.75980000 -0.00000000 0.65020000
vn -0.06370000 -0.99520000 0.07450000
vn 0.75980000 -0.00000000 0.65020000
vn -0.06370000 -0.99520000 0.07450000
vn 0.75980000 -0.00000000 0.65020000
vn -0.24880000 -0.92390000 0.29080000
vn 0.75980000 -0.00000000 0.65020000
vn -0.24880000 -0.92390000 0.29080000
vn 0.75980000 -0.00000000 0.65020000
vn -0.45970000 -0.70710000 0.53720000
vn 0.75980000 -0.00000000 0.65020000
vn -0.45970000 -0.70710000 0.53730000
vn 0.75980000 -0.00000000 0.65020000
vn -0.45970000 -0.70710000 0.53730000
vn -0.60070000 -0.38270000 0.70190000
vn 0.75980000 -0.00000000 0.65020000
vn 0.75980000 -0.00000000 0.65020000
vn -0.60070000 -0.38270000 0.70200000
vn 0.75980000 -0.00000000 0.65020000
vn -0.64700000 -0.09800000 0.75610000
vn -0.64700000 -0.09800000 0.75610000
vn 0.75980000 -0.00000000 0.65020000
vn 0.24160000 -0.92340000 -0.29840000
vn 0.75980000 -0.00000000 0.65020000
vn 0.05660000 -0.99560000 -0.07530000
vn 0.75980000 -0.00000000 0.65020000
vn -0.90000000 -0.00760000 -0.43590000
vn 0.01510000 -0.99970000 -0.01770000
vn 0.75980000 -0.00000000 0.65020000
vn 0.45790000 -0.70510000 -0.54150000
vn 0.25470000 -0.92260000 -0.28970000
vn -0.75980000 -0.00000000 -0.65020000
vn -0.75980000 -0.00000000 -0.65020000
vn 0.06540000 -0.99550000 -0.06870000
vn 0.01510000 -0.99970000 -0.01770000
vn 0.57350000 -0.00020000 0.81920000
vn 0.46040000 -0.70700000 -0.53680000
vn -0.75980000 -0.00000000 -0.65020000
vn 0.64700000 -0.09800000 -0.75610000
vn 0.75980000 -0.00000000 0.65020000
vn 0.64700000 -0.09800000 -0.75610000
vn -0.75980000 -0.00000000 -0.65020000
vn 0.60070000 -0.38270000 -0.70190000
vn 0.75980000 -0.00000000 0.65020000
vn 0.60070000 -0.38270000 -0.70200000
vn -0.75980000 -0.00000000 -0.65020000
vn -0.75980000 -0.00000000 -0.65020000
vn 0.25750000 0.92340000 -0.28480000
vn 0.06570000 0.99560000 -0.06750000
vn -0.75980000 -0.00000000 -0.65020000
vn 0.01510000 0.99970000 -0.01770000
vn 0.56970000 0.00760000 0.82180000
vn 0.46420000 0.70510000 -0.53600000
vn -0.75980000 -0.00000000 -0.65020000
vn 0.24690000 0.92260000 -0.29640000
vn 0.75980000 -0.00000000 0.65020000
vn 0.75980000 -0.00000000 0.65020000
vn 0.05780000 0.99550000 -0.07520000
vn -0.89800000 0.00020000 -0.44000000
vn 0.01510000 0.99970000 -0.01770000
vn 0.75980000 -0.00000000 0.65020000
vn 0.45920000 0.70700000 -0.53780000
vn 0.75980000 -0.00000000 0.65020000
vn 0.60070000 0.38270000 -0.70190000
vn 0.60070000 0.38270000 -0.70190000
vn -0.75980000 -0.00000000 -0.65020000
vn 0.64700000 0.09800000 -0.75610000
vn 0.75980000 -0.00000000 0.65020000
vn 0.64700000 0.09800000 -0.75610000
vn -0.75980000 -0.00000000 -0.65020000
vn -0.00000000 1.00000000 -0.00000000
vn -0.65020000 -0.00000000 0.75980000
vn -0.00000000 1.00000000 -0.00000000
vn -0.94290000 -0.00000000 0.33290000
vn -0.00000000 1.00000000 -0.00000000
vn -0.18320000 -0.00000000 0.98310000
vn 0.33290000 -0.00000000 0.94300000
vn -0.00000000 1.00000000 -0.00000000
vn -0.00000000 1.00000000 -0.00000000
vn -0.90220000 -0.00000000 -0.43140000
vn -0.99700000 -0.00000000 0.07760000
vn 0.34090000 0.00700000 0.94010000
vn -0.00000000 1.00000000 -0.00000000
vn -0.80290000 -0.00000000 0.59610000
vn -0.00000000 1.00000000 -0.00000000
vn -0.00000000 1.00000000 -0.00000000
vn -0.98200000 -0.00000000 0.18870000
vn -0.00000000 1.00000000 -0.00000000
vn -0.98240000 -0.00000000 -0.18700000
vn -0.98240000 -0.00000000 -0.18690000
vn -0.00000000 1.00000000 -0.00000000
vn -0.03460000 -0.00000000 0.99940000
vn -0.00000000 1.00000000 -0.00000000
vn -0.46480000 -0.00000000 0.88540000
vn -0.18320000 -0.00000000 0.98310000
vn -0.00000000 -1.00000000 -0.00000000
vn -0.00000000 -1.00000000 -0.00000000
vn -0.65020000 -0.00000000 0.75980000
vn -0.00000000 -1.00000000 -0.00000000
vn -0.94300000 -0.00000000 0.33290000
vn 0.33290000 -0.00000000 0.94300000
vn -0.00000000 -1.00000000 -0.00000000
vn -0.46480000 -0.00000000 0.88540000
vn -0.00000000 -1.00000000 -0.00000000
vn -0.00000000 -1.00000000 -0.00000000
vn -0.03460000 -0.00000000 0.99940000
vn -0.00000000 -1.00000000 -0.00000000
vn 0.33650000 -0.00000000 0.94170000
vn -0.98150000 -0.00700000 -0.19150000
vn -0.00000000 -1.00000000 -0.00000000
vn -0.99700000 -0.00000000 0.07760000
vn -0.90220000 -0.00000000 -0.43140000
vn -0.00000000 -1.00000000 -0.00000000
vn -0.98200000 -0.00000000 0.18870000
vn -0.00000000 -1.00000000 -0.00000000
vn -0.80290000 -0.00000000 0.59610000
vn -0.00000000 -1.00000000 -0.00000000
vn -0.68360000 0.70710000 -0.18110000
vn -0.00000000 1.00000000 -0.00000000
vn -0.69450000 0.70710000 0.13340000
vn -0.00000000 1.00000000 -0.00000000
vn 0.28460000 0.70710000 0.64740000
vn -0.00000000 1.00000000 -0.00000000
vn -0.00000000 1.00000000 -0.00000000
vn -0.02450000 0.70710000 0.70670000
vn -0.00000000 1.00000000 -0.00000000
vn -0.32870000 0.70710000 0.62610000
vn -0.00000000 1.00000000 -0.00000000
vn -0.56780000 0.70700000 0.42150000
vn -0.08430000 -0.99450000 0.06250000
vn -0.10490000 -0.99450000 -0.00360000
vn -0.10310000 -0.99450000 0.01980000
vn -0.09610000 -0.99450000 0.04220000
vn -0.00000000 -1.00000000 -0.00000000
vn -0.68350000 -0.70710000 -0.18110000
vn -0.32860000 -0.70720000 0.62600000
vn -0.00000000 -1.00000000 -0.00000000
vn -0.56780000 -0.70710000 0.42150000
vn -0.00000000 -1.00000000 -0.00000000
vn -0.00000000 -1.00000000 -0.00000000
vn -0.69440000 -0.70710000 0.13340000
vn -0.10140000 -0.99450000 -0.02690000
vn -0.09290000 -0.99450000 -0.04880000
vn 0.28460000 -0.70710000 0.64730000
vn -0.00000000 -1.00000000 -0.00000000
vn -0.02450000 -0.70720000 0.70660000
vn -0.00000000 -1.00000000 -0.00000000
vn 0.93590000 -0.02090000 0.35170000
vn -0.00000000 -1.00000000 -0.00000000
vn 0.80960000 -0.00840000 0.58700000
vn -0.00000000 -1.00000000 -0.00000000
vn -0.00000000 -1.00000000 -0.00000000
vn 0.51150000 -0.01720000 -0.85910000
vn -0.00000000 -1.00000000 -0.00000000
vn -0.70500000 -0.00840000 -0.70910000
vn -0.00000000 -1.00000000 -0.00000000
vn -0.49210000 -0.02090000 -0.87030000
vn -0.16220000 -0.01740000 -0.98660000
vn -0.00000000 -1.00000000 -0.00000000
vn 0.18100000 -0.01960000 -0.98330000
vn -0.00000000 -1.00000000 -0.00000000
vn -0.00000000 -1.00000000 -0.00000000
vn 0.76970000 -0.01720000 -0.63810000
vn 0.94350000 -0.01970000 -0.33070000
vn -0.00000000 -1.00000000 -0.00000000
vn -0.00000000 -1.00000000 -0.00000000
vn 0.99980000 -0.01740000 0.00780000
vn -0.70500000 0.00840000 -0.70910000
vn -0.00000000 1.00000000 -0.00000000
vn -0.00000000 1.00000000 -0.00000000
vn 0.80960000 0.00840000 0.58700000
vn 0.93590000 0.02090000 0.35170000
vn -0.00000000 1.00000000 -0.00000000
vn -0.00000000 1.00000000 -0.00000000
vn 0.99990000 0.01350000 0.00440000
vn -0.00000000 1.00000000 -0.00000000
vn 0.94460000 0.01630000 -0.32780000
vn -0.00000000 1.00000000 -0.00000000
vn 0.76970000 0.01720000 -0.63810000
vn -0.00000000 1.00000000 -0.00000000
vn -0.49210000 0.02090000 -0.87030000
vn -0.15890000 0.01350000 -0.98720000
vn -0.00000000 1.00000000 -0.00000000
vn -0.00000000 1.00000000 -0.00000000
vn 0.17780000 0.01630000 -0.98390000
vn -0.00000000 1.00000000 -0.00000000
vn 0.51150000 0.01720000 -0.85910000
vn -0.00000000 -1.00000000 -0.00000000
vn -0.99980000 -0.01720000 -0.00280000
vn -0.00000000 -1.00000000 -0.00000000
vn -0.93570000 -0.02720000 -0.35190000
vn -0.80830000 -0.01040000 -0.58870000
vn -0.00000000 -1.00000000 -0.00000000
vn -0.00000000 -1.00000000 -0.00000000
vn -0.94500000 -0.02180000 0.32630000
vn -0.00000000 -1.00000000 -0.00000000
vn 0.15730000 -0.01720000 0.98740000
vn 0.70660000 -0.01040000 0.70760000
vn -0.00000000 -1.00000000 -0.00000000
vn -0.00000000 -1.00000000 -0.00000000
vn 0.49220000 -0.02720000 0.87000000
vn -0.00000000 -1.00000000 -0.00000000
vn -0.17640000 -0.02180000 0.98410000
vn -0.51240000 -0.02220000 0.85850000
vn -0.00000000 -1.00000000 -0.00000000
vn -0.76890000 -0.02220000 0.63890000
vn -0.00000000 -1.00000000 -0.00000000
vn -0.00000000 1.00000000 -0.00000000
vn -0.80780000 0.01150000 -0.58940000
vn -0.00000000 1.00000000 -0.00000000
vn 0.16590000 0.02400000 0.98590000
vn -0.00000000 1.00000000 -0.00000000
vn 0.49050000 0.02660000 0.87100000
vn -0.99970000 0.01770000 -0.01720000
vn -0.00000000 1.00000000 -0.00000000
vn 0.70710000 0.01150000 0.70700000
vn -0.00000000 1.00000000 -0.00000000
vn -0.00000000 1.00000000 -0.00000000
vn -0.93820000 0.02200000 -0.34530000
vn -0.50520000 0.02410000 0.86270000
vn -0.00000000 1.00000000 -0.00000000
vn -0.18630000 0.02510000 0.98220000
vn -0.00000000 1.00000000 -0.00000000
vn -0.00000000 1.00000000 -0.00000000
vn -0.77420000 0.02410000 0.63240000
vn -0.94160000 0.02510000 0.33580000
vn -0.00000000 1.00000000 -0.00000000
vn 0.33290000 -0.00000000 0.94300000
vn -0.00000000 1.00000000 -0.00000000
vn -0.18320000 -0.00000000 0.98310000
vn -0.00000000 1.00000000 -0.00000000
vn -0.00000000 1.00000000 -0.00000000
vn -0.46480000 -0.00000000 0.88540000
vn -0.80290000 -0.00000000 0.59600000
vn -0.00000000 1.00000000 -0.00000000
vn -0.99700000 -0.00000000 0.07760000
vn -0.00000000 1.00000000 -0.00000000
vn -0.90220000 -0.00000000 -0.43140000
vn -0.00000000 1.00000000 -0.00000000
vn -0.98200000 -0.00000000 0.18860000
vn -0.00000000 1.00000000 -0.00000000
vn -0.96660000 -0.00000000 -0.25610000
vn -0.65020000 -0.00000000 0.75980000
vn -0.00000000 1.00000000 -0.00000000
vn -0.00000000 1.00000000 -0.00000000
vn -0.94290000 -0.00000000 0.33290000
vn -0.00000000 1.00000000 -0.00000000
vn 0.40240000 -0.00000000 0.91540000
vn -0.00000000 1.00000000 -0.00000000
vn -0.03460000 -0.00000000 0.99940000
vn -0.00000000 1.00000000 -0.00000000
vn -0.98200000 -0.00000000 0.18860000
vn -0.80290000 -0.00000000 0.59610000
vn -0.00000000 1.00000000 -0.00000000
vn -0.00000000 1.00000000 -0.00010000
vn -0.46480000 -0.00000000 0.88540000
vn -0.00000000 1.00000000 -0.00000000
vn -0.00000000 1.00000000 -0.00000000
vn -0.03460000 -0.00000000 0.99940000
vn -0.00000000 1.00000000 -0.00000000
vn -0.96660000 -0.00000000 -0.25610000
vn -0.00000000 1.00000000 -0.00000000
vn 0.40090000 -0.00270000 0.91610000
vn 0.40080000 -0.00520000 0.91610000
vn -0.74720000 -0.10400000 0.65640000
vn -0.89480000 -0.09200000 0.43690000
vn -0.82590000 -0.09310000 0.55600000
vn -0.98010000 -0.09300000 0.17550000
vn -0.94400000 -0.10630000 0.31250000
vn -0.92860000 -0.10760000 -0.35520000
vn -0.97180000 -0.08640000 -0.21920000
vn -0.99180000 -0.09090000 -0.08940000
vn -0.99430000 -0.10090000 0.03450000
vn -0.86970000 -0.09330000 -0.48480000
vn -0.00000000 -1.00000000 -0.00000000
vn -0.80290000 -0.00000000 0.59600000
vn -0.46480000 -0.00000000 0.88540000
vn -0.00000000 -1.00000000 -0.00000000
vn -0.00000000 -1.00000000 -0.00000000
vn -0.03460000 -0.00000000 0.99940000
vn -0.96660000 -0.00000000 -0.25610000
vn -0.00000000 -1.00000000 -0.00000000
vn -0.98200000 -0.00000000 0.18860000
vn -0.00000000 -1.00000000 -0.00000000
vn -0.00000000 -1.00000000 -0.00000000
vn 0.40240000 -0.00000000 0.91540000
vn -0.18320000 -0.00000000 0.98310000
vn -0.00000000 -1.00000000 -0.00000000
vn -0.00000000 -1.00000000 -0.00000000
vn -0.65020000 -0.00000000 0.75980000
vn -0.94290000 -0.00000000 0.33290000
vn -0.00000000 -1.00000000 -0.00000000
vn -0.00000000 -1.00000000 -0.00000000
vn -0.99700000 -0.00000000 0.07760000
vn -0.90220000 -0.00000000 -0.43140000
vn -0.00000000 -1.00000000 -0.00000000
vn -0.96710000 0.00520000 -0.25440000
vn -0.96710000 0.00270000 -0.25440000
vn -0.00000000 -1.00000000 -0.00000000
vn -0.98200000 -0.00000000 0.18870000
vn -0.00000000 -1.00000000 -0.00000000
vn -0.80290000 -0.00000000 0.59610000
vn 0.33290000 -0.00000000 0.94300000
vn -0.00000000 -1.00000000 -0.00000000
vn -0.46480000 -0.00000000 0.88540000
vn -0.00000000 -1.00000000 -0.00000000
vn -0.03460000 -0.00000000 0.99940000
vn -0.00000000 -1.00000000 -0.00000000
vn 0.40250000 -0.00000000 0.91540000
vn -0.00000000 -1.00000000 -0.00000000
vn 0.40240000 -0.00000000 0.91550000
vn -0.31670000 -0.91890000 0.23510000
vn -0.57330000 -0.70020000 0.42560000
vn -0.74460000 -0.38370000 0.54620000
vn -0.84250000 -0.38440000 0.37740000
vn -0.90740000 -0.38390000 0.17100000
vn -0.92360000 -0.38170000 -0.03510000
vn -0.89410000 -0.38420000 -0.22990000
vn -0.81870000 -0.37970000 -0.43070000
vn -0.65360000 -0.70020000 0.28730000
vn -0.70110000 -0.70020000 0.13470000
vn -0.71350000 -0.70020000 -0.02470000
vn -0.69010000 -0.70020000 -0.18290000
vn -0.63720000 -0.70000000 -0.32260000
vn -0.36110000 -0.91890000 0.15870000
vn -0.38740000 -0.91890000 0.07440000
vn -0.39420000 -0.91890000 -0.01360000
vn -0.38130000 -0.91890000 -0.10100000
vn -0.34880000 -0.92080000 -0.17460000
f 14//14 15//15 13//13
f 13//13 15//15 17//17
f 13//13 17//17 12//12
f 12//12 17//17 19//19
f 12//12 19//19 11//11
f 11//11 19//19 21//21
f 11//11 21//21 1//1
f 1//1 21//21 24//24
f 1//1 24//24 2//2
f 2//2 24//24 26//26
f 2//2 26//26 3//3
f 3//3 26//26 27//27
f 3//3 27//27 10//10
f 10//10 27//27 29//29
f 35//35 45//45 36//36
f 36//36 45//45 48//48
f 36//36 48//48 44//44
f 44//44 48//48 49//49
f 44//44 49//49 43//43
f 43//43 49//49 51//51
f 43//43 51//51 41//41
f 41//41 51//51 53//53
f 41//41 53//53 42//42
f 42//42 53//53 56//56
f 42//42 56//56 34//34
f 34//34 56//56 58//58
f 34//34 58//58 31//31
f 31//31 58//58 60//60
f 61//61 63//63 64//64
f 64//64 63//63 66//66
f 64//64 66//66 67//67
f 67//67 66//66 69//69
f 67//67 69//69 70//70
f 70//70 69//69 72//72
f 70//70 72//72 73//73
f 73//73 72//72 75//75
f 73//73 75//75 76//76
f 76//76 75//75 77//77
f 76//76 77//77 79//79
f 79//79 77//77 80//80
f 88//88 89//89 91//91
f 91//91 89//89 93//93
f 91//91 93//93 94//94
f 94//94 93//93 96//96
f 94//94 96//96 97//97
f 97//97 96//96 99//99
f 97//97 99//99 100//100
f 100//100 99//99 102//102
f 100//100 102//102 103//103
f 103//103 102//102 104//104
f 103//103 104//104 106//106
f 106//106 104//104 107//107
f 117//117 118//118 121//121
f 121//121 118//118 124//124
f 121//121 124//124 125//125
f 125//125 124//124 127//127
f 125//125 127//127 130//130
f 130//130 127//127 132//132
f 130//130 132//132 135//135
f 135//135 132//132 137//137
f 133//133 136//136 140//140
f 140//140 136//136 141//141
f 140//140 141//141 143//143
f 143//143 141//141 145//145
f 143//143 145//145 148//148
f 148//148 145//145 149//149
f 152//152 153//153 156//156
f 156//156 153//153 157//157
f 156//156 157//157 159//159
f 159//159 157//157 162//162
f 159//159 162//162 163//163
f 163//163 162//162 166//166
f 163//163 166//166 168//168
f 168//168 166//166 171//171
f 169//169 172//172 174//174
f 174//174 172//172 176//176
f 174//174 176//176 178//178
f 178//178 176//176 179//179
f 178//178 179//179 182//182
f 182//182 179//179 184//184
f 186//186 187//187 190//190
f 190//190 187//187 192//192
f 190//190 192//192 194//194
f 194//194 192//192 195//195
f 195//195 192//192 197//197
f 195//195 197//197 199//199
f 199//199 197//197 202//202
f 202//202 197//197 203//203
f 202//202 203//203 205//205
f 205//205 203//203 207//207
f 207//207 203//203 209//209
f 207//207 209//209 212//212
f 212//212 209//209 213//213
f 212//212 213//213 215//215
f 217//217 219//219 213//213
f 213//213 219//219 221//221
f 213//213 221//221 215//215
f 224//224 225//225 227//227
f 227//227 225//225 230//230
f 227//227 230//230 231//231
f 231//231 230//230 234//234
f 234//234 230//230 236//236
f 234//234 236//236 237//237
f 237//237 236//236 239//239
f 239//239 236//236 242//242
f 239//239 242//242 244//244
f 244//244 242//242 246//246
f 246//246 242//242 248//248
f 246//246 248//248 250//250
f 250//250 248//248 252//252
f 250//250 252//252 253//253
f 256//256 258//258 252//252
f 252//252 258//258 260//260
f 252//252 260//260 253//253
f 261//261 262//262 263//263
f 264//264 265//265 266//266
f 267//267 268//268 269//269
f 269//269 268//268 270//270
f 269//269 270//270 271//271
f 271//271 270//270 272//272
f 273//273 274//274 272//272
f 272//272 274//274 275//275
f 272//272 275//275 271//271
f 276//276 277//277 273//273
f 273//273 277//277 278//278
f 273//273 278//278 274//274
f 268//268 264//264 270//270
f 270//270 264//264 266//266
f 270//270 266//266 272//272
f 272//272 266//266 279//279
f 272//272 279//279 273//273
f 273//273 279//279 280//280
f 273//273 280//280 276//276
f 276//276 280//280 281//281
f 265//265 261//261 266//266
f 266//266 261//261 263//263
f 266//266 263//263 279//279
f 279//279 263//263 282//282
f 279//279 282//282 280//280
f 280//280 282//282 283//283
f 280//280 283//283 281//281
f 281//281 283//283 284//284
f 262//262 285//285 263//263
f 263//263 285//285 286//286
f 263//263 286//286 282//282
f 282//282 286//286 287//287
f 282//282 287//287 283//283
f 283//283 287//287 288//288
f 283//283 288//288 284//284
f 284//284 288//288 289//289
f 290//290 291//291 292//292
f 293//293 294//294 295//295
f 295//295 294//294 296//296
f 297//297 298//298 299//299
f 299//299 298//298 300//300
f 299//299 300//300 296//296
f 296//296 300//300 301//301
f 296//296 301//301 295//295
f 294//294 302//302 296//296
f 296//296 302//302 303//303
f 296//296 303//303 299//299
f 299//299 303//303 304//304
f 299//299 304//304 297//297
f 297//297 304//304 292//292
f 305//305 306//306 297//297
f 297//297 306//306 307//307
f 297//297 307//307 298//298
f 292//292 291//291 297//297
f 297//297 291//291 308//308
f 297//297 308//308 305//305
f 309//309 290//290 310//310
f 310//310 290//290 292//292
f 310//310 292//292 311//311
f 311//311 292//292 304//304
f 311//311 304//304 312//312
f 312//312 304//304 303//303
f 312//312 303//303 313//313
f 313//313 303//303 302//302
f 313//313 289//289 312//312
f 312//312 289//289 288//288
f 312//312 288//288 311//311
f 311//311 288//288 287//287
f 311//311 287//287 310//310
f 310//310 287//287 286//286
f 310//310 286//286 309//309
f 309//309 286//286 285//285
f 314//314 267//267 315//315
f 315//315 267//267 269//269
f 315//315 269//269 316//316
f 316//316 269//269 271//271
f 316//316 271//271 317//317
f 317//317 271//271 275//275
f 317//317 275//275 318//318
f 318//318 275//275 274//274
f 318//318 274//274 319//319
f 319//319 274//274 278//278
f 319//319 278//278 320//320
f 320//320 278//278 277//277
f 321//321 293//293 322//322
f 322//322 293//293 295//295
f 322//322 295//295 323//323
f 323//323 295//295 301//301
f 323//323 301//301 324//324
f 324//324 301//301 300//300
f 324//324 300//300 325//325
f 325//325 300//300 298//298
f 325//325 298//298 326//326
f 326//326 298//298 307//307
f 326//326 307//307 327//327
f 327//327 307//307 306//306
f 328//328 329//329 330//330
f 331//331 332//332 333//333
f 334//334 335//335 336//336
f 337//337 338//338 339//339
f 340//340 341//341 342//342
f 343//343 344//344 314//314
f 314//314 315//315 343//343
f 343//343 315//315 316//316
f 343//343 316//316 345//345
f 346//346 347//347 348//348
f 348//348 347//347 349//349
f 348//348 349//349 350//350
f 350//350 349//349 351//351
f 350//350 351//351 352//352
f 352//352 351//351 353//353
f 347//347 354//354 349//349
f 349//349 354//354 355//355
f 349//349 355//355 351//351
f 351//351 355//355 356//356
f 351//351 356//356 353//353
f 353//353 356//356 357//357
f 354//354 358//358 355//355
f 355//355 358//358 359//359
f 355//355 359//359 356//356
f 356//356 359//359 360//360
f 356//356 360//360 357//357
f 357//357 360//360 361//361
f 362//362 346//346 363//363
f 363//363 346//346 348//348
f 363//363 348//348 364//364
f 364//364 348//348 350//350
f 364//364 350//350 365//365
f 365//365 350//350 352//352
f 365//365 352//352 366//366
f 366//366 352//352 367//367
f 368//368 369//369 361//361
f 361//361 369//369 370//370
f 361//361 370//370 357//357
f 357//357 370//370 371//371
f 357//357 371//371 353//353
f 353//353 371//371 372//372
f 353//353 372//372 352//352
f 352//352 372//372 373//373
f 352//352 373//373 367//367
f 341//341 368//368 342//342
f 342//342 368//368 361//361
f 342//342 361//361 374//374
f 374//374 361//361 360//360
f 374//374 360//360 375//375
f 375//375 360//360 359//359
f 375//375 359//359 376//376
f 376//376 359//359 358//358
f 377//377 340//340 378//378
f 378//378 340//340 342//342
f 378//378 342//342 379//379
f 379//379 342//342 374//374
f 379//379 374//374 380//380
f 380//380 374//374 375//375
f 380//380 375//375 381//381
f 381//381 375//375 376//376
f 381//381 382//382 380//380
f 380//380 382//382 383//383
f 380//380 383//383 379//379
f 379//379 383//383 384//384
f 379//379 384//384 378//378
f 378//378 384//384 339//339
f 378//378 339//339 377//377
f 377//377 339//339 338//338
f 335//335 337//337 336//336
f 336//336 337//337 339//339
f 336//336 339//339 385//385
f 385//385 339//339 384//384
f 385//385 384//384 386//386
f 386//386 384//384 383//383
f 386//386 383//383 387//387
f 387//387 383//383 382//382
f 388//388 334//334 389//389
f 389//389 334//334 336//336
f 389//389 336//336 390//390
f 390//390 336//336 385//385
f 390//390 385//385 391//391
f 391//391 385//385 386//386
f 391//391 386//386 392//392
f 392//392 386//386 387//387
f 392//392 393//393 391//391
f 391//391 393//393 394//394
f 391//391 394//394 390//390
f 390//390 394//394 395//395
f 390//390 395//395 389//389
f 389//389 395//395 333//333
f 389//389 333//333 388//388
f 388//388 333//333 332//332
f 329//329 331//331 330//330
f 330//330 331//331 333//333
f 330//330 333//333 396//396
f 396//396 333//333 395//395
f 396//396 395//395 397//397
f 397//397 395//395 394//394
f 397//397 394//394 398//398
f 398//398 394//394 393//393
f 399//399 328//328 400//400
f 400//400 328//328 330//330
f 400//400 330//330 345//345
f 345//345 330//330 396//396
f 345//345 396//396 343//343
f 343//343 396//396 397//397
f 343//343 397//397 344//344
f 344//344 397//397 398//398
f 316//316 317//317 345//345
f 345//345 317//317 318//318
f 345//345 318//318 400//400
f 400//400 318//318 319//319
f 400//400 319//319 399//399
f 399//399 319//319 320//320
f 401//401 402//402 403//403
f 404//404 401//401 405//405
f 405//405 401//401 403//403
f 405//405 403//403 406//406
f 406//406 403//403 407//407
f 407//407 408//408 406//406
f 406//406 408//408 409//409
f 406//406 409//409 410//410
f 410//410 409//409 411//411
f 410//410 411//411 412//412
f 411//411 413//413 412//412
f 412//412 413//413 414//414
f 412//412 414//414 415//415
f 416//416 417//417 418//418
f 418//418 417//417 419//419
f 418//418 419//419 420//420
f 420//420 419//419 415//415
f 420//420 415//415 421//421
f 421//421 415//415 414//414
f 422//422 423//423 424//424
f 424//424 423//423 404//404
f 404//404 405//405 424//424
f 424//424 405//405 406//406
f 424//424 406//406 425//425
f 425//425 406//406 410//410
f 425//425 410//410 426//426
f 426//426 410//410 412//412
f 426//426 412//412 427//427
f 427//427 412//412 415//415
f 427//427 415//415 428//428
f 428//428 415//415 419//419
f 428//428 419//419 429//429
f 429//429 419//419 417//417
f 429//429 417//417 430//430
f 431//431 432//432 433//433
f 433//433 432//432 422//422
f 422//422 424//424 433//433
f 433//433 424//424 425//425
f 433//433 425//425 434//434
f 434//434 425//425 426//426
f 434//434 426//426 435//435
f 435//435 426//426 427//427
f 435//435 427//427 436//436
f 436//436 427//427 428//428
f 436//436 428//428 437//437
f 437//437 428//428 429//429
f 437//437 429//429 438//438
f 438//438 429//429 430//430
f 438//438 430//430 439//439
f 431//431 433//433 440//440
f 440//440 433//433 434//434
f 440//440 434//434 441//441
f 441//441 434//434 435//435
f 441//441 435//435 442//442
f 442//442 435//435 436//436
f 442//442 436//436 443//443
f 443//443 436//436 437//437
f 443//443 437//437 444//444
f 444//444 437//437 438//438
f 444//444 438//438 445//445
f 445//445 438//438 439//439
f 445//445 439//439 446//446
f 447//447 362//362 363//363
f 447//447 363//363 448//448
f 448//448 363//363 364//364
f 448//448 364//364 449//449
f 449//449 364//364 365//365
f 449//449 365//365 450//450
f 450//450 365//365 366//366
f 450//450 366//366 451//451
f 431//431 452//452 432//432
f 432//432 452//452 453//453
f 432//432 453//453 422//422
f 422//422 453//453 454//454
f 422//422 454//454 423//423
f 423//423 454//454 455//455
f 423//423 455//455 404//404
f 404//404 455//455 456//456
f 404//404 456//456 401//401
f 401//401 456//456 457//457
f 401//401 457//457 402//402
f 402//402 457//457 458//458
f 459//459 460//460 461//461
f 462//462 463//463 464//464
f 465//465 466//466 467//467
f 467//467 466//466 468//468
f 467//467 468//468 469//469
f 469//469 468//468 470//470
f 469//469 470//470 471//471
f 471//471 470//470 472//472
f 471//471 472//472 473//473
f 473//473 472//472 474//474
f 466//466 462//462 468//468
f 468//468 462//462 464//464
f 468//468 464//464 470//470
f 470//470 464//464 475//475
f 470//470 475//475 472//472
f 472//472 475//475 476//476
f 472//472 476//476 474//474
f 474//474 476//476 477//477
f 463//463 459//459 464//464
f 464//464 459//459 461//461
f 464//464 461//461 475//475
f 475//475 461//461 478//478
f 475//475 478//478 476//476
f 476//476 478//478 479//479
f 476//476 479//479 477//477
f 477//477 479//479 480//480
f 460//460 447//447 461//461
f 461//461 447//447 448//448
f 461//461 448//448 478//478
f 478//478 448//448 449//449
f 478//478 449//449 479//479
f 479//479 449//449 450//450
f 479//479 450//450 480//480
f 480//480 450//450 451//451
f 481//481 482//482 483//483
f 484//484 485//485 458//458
f 486//486 487//487 488//488
f 488//488 487//487 489//489
f 488//488 489//489 490//490
f 490//490 489//489 491//491
f 490//490 491//491 483//483
f 483//483 491//491 492//492
f 487//487 485//485 489//489
f 489//489 485//485 484//484
f 489//489 484//484 491//491
f 491//491 484//484 493//493
f 491//491 493//493 492//492
f 492//492 493//493 494//494
f 458//458 457//457 484//484
f 484//484 457//457 456//456
f 484//484 456//456 493//493
f 493//493 456//456 455//455
f 493//493 455//455 494//494
f 494//494 455//455 454//454
f 494//494 454//454 453//453
f 473//473 486//486 471//471
f 471//471 486//486 488//488
f 471//471 488//488 469//469
f 469//469 488//488 490//490
f 469//469 490//490 467//467
f 467//467 490//490 483//483
f 467//467 483//483 465//465
f 465//465 483//483 482//482
f 481//481 483//483 495//495
f 495//495 483//483 492//492
f 495//495 492//492 496//496
f 496//496 492//492 494//494
f 496//496 494//494 497//497
f 497//497 494//494 453//453
f 497//497 453//453 452//452
f 498//498 499//499 500//500
f 499//499 501//501 502//502
f 501//501 503//503 504//504
f 503//503 505//505 506//506
f 503//503 506//506 504//504
f 504//504 506//506 507//507
f 504//504 507//507 508//508
f 507//507 509//509 508//508
f 508//508 509//509 510//510
f 508//508 510//510 511//511
f 511//511 510//510 512//512
f 511//511 512//512 513//513
f 501//501 504//504 502//502
f 502//502 504//504 508//508
f 502//502 508//508 514//514
f 514//514 508//508 511//511
f 514//514 511//511 515//515
f 513//513 516//516 511//511
f 511//511 516//516 517//517
f 511//511 517//517 515//515
f 515//515 517//517 518//518
f 515//515 518//518 519//519
f 499//499 502//502 500//500
f 500//500 502//502 514//514
f 500//500 514//514 520//520
f 520//520 514//514 515//515
f 520//520 515//515 521//521
f 521//521 515//515 519//519
f 521//521 519//519 522//522
f 498//498 500//500 523//523
f 523//523 500//500 520//520
f 523//523 520//520 524//524
f 524//524 520//520 521//521
f 524//524 521//521 525//525
f 525//525 521//521 522//522
f 525//525 522//522 526//526
f 513//513 527//527 516//516
f 516//516 527//527 528//528
f 516//516 528//528 517//517
f 517//517 528//528 529//529
f 517//517 529//529 518//518
f 518//518 529//529 530//530
f 518//518 530//530 519//519
f 519//519 530//530 531//531
f 519//519 531//531 522//522
f 522//522 531//531 532//532
f 522//522 532//532 526//526
f 526//526 532//532 533//533
f 534//534 535//535 536//536
f 537//537 538//538 539//539
f 540//540 541//541 542//542
f 542//542 541//541 543//543
f 542//542 543//543 544//544
f 544//544 543//543 545//545
f 544//544 545//545 536//536
f 536//536 545//545 546//546
f 541//541 538//538 543//543
f 543//543 538//538 537//537
f 543//543 537//537 545//545
f 545//545 537//537 547//547
f 545//545 547//547 546//546
f 546//546 547//547 548//548
f 539//539 549//549 537//537
f 537//537 549//549 550//550
f 537//537 550//550 547//547
f 547//547 550//550 551//551
f 547//547 551//551 548//548
f 548//548 551//551 552//552
f 548//548 552//552 553//553
f 498//498 540//540 499//499
f 499//499 540//540 542//542
f 499//499 542//542 501//501
f 501//501 542//542 544//544
f 501//501 544//544 503//503
f 503//503 544//544 536//536
f 503//503 536//536 505//505
f 505//505 536//536 535//535
f 534//534 536//536 554//554
f 554//554 536//536 546//546
f 554//554 546//546 555//555
f 555//555 546//546 548//548
f 555//555 548//548 556//556
f 556//556 548//548 553//553
f 556//556 553//553 557//557
f 558//558 559//559 560//560
f 561//561 562//562 533//533
f 559//559 563//563 564//564
f 559//559 564//564 560//560
f 560//560 564//564 565//565
f 560//560 565//565 566//566
f 565//565 567//567 566//566
f 566//566 567//567 568//568
f 566//566 568//568 569//569
f 568//568 570//570 569//569
f 569//569 570//570 571//571
f 569//569 571//571 572//572
f 572//572 571//571 573//573
f 572//572 573//573 574//574
f 573//573 575//575 574//574
f 574//574 575//575 576//576
f 574//574 576//576 577//577
f 576//576 578//578 577//577
f 577//577 578//578 579//579
f 577//577 579//579 580//580
f 580//580 579//579 581//581
f 580//580 581//581 582//582
f 581//581 583//583 582//582
f 582//582 583//583 584//584
f 582//582 584//584 585//585
f 584//584 586//586 585//585
f 585//585 586//586 587//587
f 585//585 587//587 588//588
f 588//588 587//587 589//589
f 588//588 589//589 590//590
f 590//590 589//589 591//591
f 590//590 591//591 561//561
f 561//561 591//591 592//592
f 561//561 592//592 562//562
f 593//593 594//594 595//595
f 595//595 594//594 558//558
f 558//558 560//560 595//595
f 595//595 560//560 566//566
f 595//595 566//566 596//596
f 596//596 566//566 569//569
f 596//596 569//569 597//597
f 597//597 569//569 572//572
f 597//597 572//572 598//598
f 598//598 572//572 574//574
f 598//598 574//574 599//599
f 599//599 574//574 577//577
f 599//599 577//577 600//600
f 600//600 577//577 580//580
f 600//600 580//580 601//601
f 601//601 580//580 582//582
f 601//601 582//582 602//602
f 602//602 582//582 585//585
f 602//602 585//585 603//603
f 603//603 585//585 588//588
f 603//603 588//588 604//604
f 604//604 588//588 590//590
f 604//604 590//590 605//605
f 605//605 590//590 561//561
f 605//605 561//561 606//606
f 607//607 609//609 610//610
f 610//610 609//609 593//593
f 533//533 532//532 561//561
f 561//561 532//532 531//531
f 561//561 531//531 606//606
f 606//606 531//531 530//530
f 606//606 530//530 529//529
f 593//593 595//595 610//610
f 610//610 595//595 596//596
f 610//610 596//596 611//611
f 611//611 596//596 597//597
f 611//611 597//597 612//612
f 612//612 597//597 598//598
f 612//612 598//598 613//613
f 613//613 598//598 599//599
f 613//613 599//599 614//614
f 614//614 599//599 600//600
f 614//614 600//600 615//615
f 615//615 600//600 601//601
f 615//615 601//601 616//616
f 616//616 601//601 602//602
f 616//616 602//602 617//617
f 617//617 602//602 603//603
f 617//617 603//603 618//618
f 618//618 603//603 604//604
f 618//618 604//604 619//619
f 619//619 604//604 605//605
f 619//619 605//605 620//620
f 620//620 605//605 606//606
f 620//620 606//606 621//621
f 621//621 606//606 529//529
f 621//621 529//529 528//528
f 607//607 610//610 622//622
f 622//622 610//610 611//611
f 622//622 611//611 623//623
f 623//623 611//611 612//612
f 623//623 612//612 624//624
f 624//624 612//612 613//613
f 624//624 613//613 625//625
f 625//625 613//613 614//614
f 625//625 614//614 626//626
f 626//626 614//614 615//615
f 626//626 615//615 627//627
f 627//627 615//615 616//616
f 627//627 616//616 628//628
f 628//628 616//616 617//617
f 628//628 617//617 629//629
f 629//629 617//617 618//618
f 629//629 618//618 630//630
f 630//630 618//618 619//619
f 630//630 619//619 631//631
f 631//631 619//619 620//620
f 631//631 620//620 632//632
f 632//632 620//620 621//621
f 632//632 621//621 633//633
f 633//633 621//621 528//528
f 633//633 528//528 527//527
f 634//634 557//557 635//635
f 635//635 557//557 553//553
f 635//635 553//553 636//636
f 636//636 553//553 552//552
f 636//636 552//552 637//637
f 637//637 552//552 551//551
f 637//637 551//551 638//638
f 638//638 551//551 550//550
f 638//638 550//550 639//639
f 639//639 550//550 549//549
f 639//639 549//549 640//640
f 640//640 549//549 539//539
f 641//641 563//563 642//642
f 642//642 563//563 559//559
f 642//642 559//559 643//643
f 643//643 559//559 558//558
f 643//643 558//558 644//644
f 644//644 558//558 594//594
f 644//644 594//594 645//645
f 645//645 594//594 593//593
f 645//645 593//593 646//646
f 646//646 593//593 609//609
f 646//646 609//609 647//647
f 647//647 609//609 607//607
f 638//638 639//639 648//648
f 649//649 650//650 651//651
f 639//639 640//640 652//652
f 639//639 652//652 648//648
f 648//648 652//652 653//653
f 648//648 653//653 654//654
f 653//653 655//655 654//654
f 654//654 655//655 656//656
f 654//654 656//656 657//657
f 656//656 658//658 657//657
f 657//657 658//658 659//659
f 657//657 659//659 660//660
f 660//660 659//659 661//661
f 660//660 661//661 662//662
f 661//661 663//663 662//662
f 662//662 663//663 664//664
f 662//662 664//664 665//665
f 664//664 666//666 665//665
f 665//665 666//666 667//667
f 665//665 667//667 668//668
f 668//668 667//667 669//669
f 668//668 669//669 670//670
f 669//669 671//671 670//670
f 670//670 671//671 672//672
f 670//670 672//672 673//673
f 672//672 674//674 673//673
f 673//673 674//674 675//675
f 673//673 675//675 676//676
f 676//676 675//675 677//677
f 676//676 677//677 678//678
f 678//678 677//677 679//679
f 678//678 679//679 649//649
f 649//649 679//679 680//680
f 649//649 680//680 650//650
f 636//636 637//637 681//681
f 681//681 637//637 638//638
f 638//638 648//648 681//681
f 681//681 648//648 654//654
f 681//681 654//654 682//682
f 682//682 654//654 657//657
f 682//682 657//657 683//683
f 683//683 657//657 660//660
f 683//683 660//660 684//684
f 684//684 660//660 662//662
f 684//684 662//662 685//685
f 685//685 662//662 665//665
f 685//685 665//665 686//686
f 686//686 665//665 668//668
f 686//686 668//668 687//687
f 687//687 668//668 670//670
f 687//687 670//670 688//688
f 688//688 670//670 673//673
f 688//688 673//673 689//689
f 689//689 673//673 676//676
f 689//689 676//676 690//690
f 690//690 676//676 678//678
f 690//690 678//678 691//691
f 691//691 678//678 649//649
f 691//691 649//649 692//692
f 634//634 635//635 693//693
f 693//693 635//635 636//636
f 651//651 694//694 649//649
f 649//649 694//694 695//695
f 649//649 695//695 692//692
f 692//692 695//695 696//696
f 692//692 696//696 697//697
f 636//636 681//681 693//693
f 693//693 681//681 682//682
f 693//693 682//682 698//698
f 698//698 682//682 683//683
f 698//698 683//683 699//699
f 699//699 683//683 684//684
f 699//699 684//684 700//700
f 700//700 684//684 685//685
f 700//700 685//685 701//701
f 701//701 685//685 686//686
f 701//701 686//686 702//702
f 702//702 686//686 687//687
f 702//702 687//687 703//703
f 703//703 687//687 688//688
f 703//703 688//688 704//704
f 704//704 688//688 689//689
f 704//704 689//689 705//705
f 705//705 689//689 690//690
f 705//705 690//690 706//706
f 706//706 690//690 691//691
f 706//706 691//691 707//707
f 707//707 691//691 692//692
f 707//707 692//692 708//708
f 708//708 692//692 697//697
f 708//708 697//697 709//709
f 634//634 693//693 710//710
f 710//710 693//693 698//698
f 710//710 698//698 711//711
f 711//711 698//698 699//699
f 711//711 699//699 712//712
f 712//712 699//699 700//700
f 712//712 700//700 713//713
f 713//713 700//700 701//701
f 713//713 701//701 714//714
f 714//714 701//701 702//702
f 714//714 702//702 715//715
f 715//715 702//702 703//703
f 715//715 703//703 716//716
f 716//716 703//703 704//704
f 716//716 704//704 717//717
f 717//717 704//704 705//705
f 717//717 705//705 718//718
f 718//718 705//705 706//706
f 718//718 706//706 719//719
f 719//719 706//706 707//707
f 719//719 707//707 720//720
f 720//720 707//707 708//708
f 720//720 708//708 721//721
f 721//721 708//708 709//709
f 721//721 709//709 722//722
f 723//723 724//724 725//725
f 726//726 727//727 728//728
f 647//647 729//729 646//646
f 646//646 729//729 730//730
f 646//646 730//730 645//645
f 645//645 730//730 731//731
f 732//732 643//643 731//731
f 731//731 643//643 644//644
f 731//731 644//644 645//645
f 733//733 641//641 732//732
f 732//732 641//641 642//642
f 732//732 642//642 643//643
f 729//729 726//726 730//730
f 730//730 726//726 728//728
f 730//730 728//728 731//731
f 731//731 728//728 734//734
f 731//731 734//734 732//732
f 732//732 734//734 735//735
f 732//732 735//735 733//733
f 733//733 735//735 736//736
f 727//727 723//723 728//728
f 728//728 723//723 725//725
f 728//728 725//725 734//734
f 734//734 725//725 737//737
f 734//734 737//737 735//735
f 735//735 737//737 738//738
f 735//735 738//738 736//736
f 736//736 738//738 739//739
f 724//724 740//740 725//725
f 725//725 740//740 741//741
f 725//725 741//741 737//737
f 737//737 741//741 742//742
f 737//737 742//742 738//738
f 738//738 742//742 743//743
f 738//738 743//743 739//739
f 739//739 743//743 744//744
f 651//651 745//745 694//694
f 694//694 745//745 746//746
f 694//694 746//746 695//695
f 695//695 746//746 747//747
f 695//695 747//747 696//696
f 696//696 747//747 748//748
f 696//696 748//748 697//697
f 697//697 748//748 749//749
f 697//697 749//749 709//709
f 709//709 749//749 750//750
f 709//709 750//750 722//722
f 722//722 750//750 751//751
f 752//752 753//753 754//754
f 745//745 755//755 746//746
f 746//746 755//755 756//756
f 757//757 749//749 758//758
f 758//758 749//749 748//748
f 758//758 748//748 756//756
f 756//756 748//748 747//747
f 756//756 747//747 746//746
f 755//755 759//759 756//756
f 756//756 759//759 760//760
f 756//756 760//760 758//758
f 758//758 760//760 761//761
f 758//758 761//761 757//757
f 757//757 761//761 754//754
f 762//762 751//751 757//757
f 757//757 751//751 750//750
f 757//757 750//750 749//749
f 754//754 753//753 757//757
f 757//757 753//753 763//763
f 757//757 763//763 762//762
f 764//764 752//752 765//765
f 765//765 752//752 754//754
f 765//765 754//754 766//766
f 766//766 754//754 761//761
f 766//766 761//761 767//767
f 767//767 761//761 760//760
f 767//767 760//760 768//768
f 768//768 760//760 759//759
f 768//768 744//744 767//767
f 767//767 744//744 743//743
f 767//767 743//743 766//766
f 766//766 743//743 742//742
f 766//766 742//742 765//765
f 765//765 742//742 741//741
f 765//765 741//741 764//764
f 764//764 741//741 740//740
f 769//769 771//771 774//774
f 774//774 771//771 775//775
f 774//774 775//775 777//777
f 777//777 775//775 779//779
f 777//777 779//779 782//782
f 782//782 779//779 784//784
f 782//782 784//784 785//785
f 785//785 784//784 789//789
f 790//790 793//793 796//796
f 796//796 793//793 798//798
f 796//796 798//798 800//800
f 800//800 798//798 801//801
f 800//800 801//801 804//804
f 804//804 801//801 807//807
f 804//804 806//806 808//808
f 808//808 806//806 811//811
f 812//812 815//815 816//816
f 816//816 815//815 819//819
f 821//821 823//823 825//825
f 825//825 823//823 829//829
f 831//831 834//834 836//836
f 836//836 834//834 838//838
f 840//840 842//842 844//844
f 844//844 842//842 846//846
f 465//465 285//285 466//466
f 466//466 285//285 262//262
f 466//466 262//262 462//462
f 462//462 262//262 261//261
f 462//462 261//261 463//463
f 463//463 261//261 265//265
f 463//463 265//265 459//459
f 459//459 265//265 264//264
f 459//459 264//264 460//460
f 460//460 264//264 268//268
f 460//460 268//268 447//447
f 447//447 268//268 267//267
f 647//647 513//513 729//729
f 729//729 513//513 512//512
f 729//729 512//512 726//726
f 726//726 512//512 510//510
f 726//726 510//510 727//727
f 727//727 510//510 509//509
f 727//727 509//509 723//723
f 723//723 509//509 507//507
f 723//723 507//507 724//724
f 724//724 507//507 506//506
f 724//724 506//506 740//740
f 740//740 506//506 505//505
f 285//285 465//465 309//309
f 309//309 465//465 482//482
f 309//309 482//482 290//290
f 290//290 482//482 481//481
f 290//290 481//481 291//291
f 291//291 481//481 495//495
f 291//291 495//495 308//308
f 308//308 495//495 496//496
f 308//308 496//496 305//305
f 305//305 496//496 497//497
f 305//305 497//497 306//306
f 306//306 497//497 452//452
f 557//557 751//751 556//556
f 556//556 751//751 762//762
f 556//556 762//762 555//555
f 555//555 762//762 763//763
f 555//555 763//763 554//554
f 554//554 763//763 753//753
f 554//554 753//753 534//534
f 534//534 753//753 752//752
f 534//534 752//752 535//535
f 535//535 752//752 764//764
f 535//535 764//764 505//505
f 505//505 764//764 740//740
f 848//848 850//850 852//852
f 852//852 850//850 855//855
f 852//852 855//855 857//857
f 857//857 855//855 858//858
f 857//857 858//858 860//860
f 860//860 858//858 863//863
f 860//860 863//863 865//865
f 865//865 863//863 866//866
f 868//868 870//870 872//872
f 872//872 870//870 874//874
f 872//872 874//874 878//878
f 878//878 874//874 880//880
f 876//876 880//880 881//881
f 881//881 880//880 884//884
f 881//881 884//884 886//886
f 886//886 884//884 887//887
f 249//249 254//254 889//889
f 889//889 254//254 259//259
f 889//889 259//259 891//891
f 891//891 259//259 257//257
f 891//891 257//257 894//894
f 249//249 889//889 245//245
f 245//245 889//889 896//896
f 245//245 896//896 243//243
f 228//228 897//897 223//223
f 223//223 897//897 900//900
f 223//223 900//900 901//901
f 228//228 232//232 897//897
f 897//897 232//232 233//233
f 897//897 233//233 903//903
f 903//903 233//233 238//238
f 903//903 238//238 240//240
f 905//905 907//907 909//909
f 909//909 907//907 911//911
f 909//909 911//911 896//896
f 896//896 911//911 903//903
f 896//896 903//903 243//243
f 243//243 903//903 240//240
f 211//211 216//216 914//914
f 914//914 216//216 222//222
f 914//914 222//222 915//915
f 915//915 222//222 220//220
f 915//915 220//220 917//917
f 211//211 914//914 208//208
f 208//208 914//914 919//919
f 208//208 919//919 206//206
f 189//189 921//921 185//185
f 185//185 921//921 924//924
f 185//185 924//924 926//926
f 189//189 193//193 921//921
f 921//921 193//193 196//196
f 921//921 196//196 928//928
f 928//928 196//196 200//200
f 928//928 200//200 201//201
f 201//201 206//206 928//928
f 928//928 206//206 919//919
f 928//928 919//919 930//930
f 930//930 919//919 931//931
f 930//930 931//931 933//933
f 933//933 931//931 935//935
f 824//824 787//787 827//827
f 828//828 788//788 783//783
f 828//828 783//783 871//871
f 805//805 802//802 867//867
f 867//867 802//802 797//797
f 867//867 797//797 817//817
f 817//817 797//797 792//792
f 818//818 794//794 813//813
f 805//805 867//867 810//810
f 810//810 867//867 862//862
f 810//810 862//862 859//859
f 783//783 780//780 871//871
f 871//871 780//780 776//776
f 871//871 776//776 875//875
f 875//875 776//776 772//772
f 875//875 772//772 879//879
f 879//879 772//772 883//883
f 859//859 854//854 810//810
f 810//810 854//854 851//851
f 810//810 851//851 772//772
f 772//772 851//851 888//888
f 772//772 888//888 883//883
f 811//811 771//771 808//808
f 808//808 771//771 769//769
f 844//844 937//937 939//939
f 937//937 844//844 941//941
f 941//941 844//844 846//846
f 941//941 846//846 944//944
f 939//939 945//945 844//844
f 844//844 945//945 151//151
f 844//844 151//151 924//924
f 944//944 846//846 181//181
f 181//181 846//846 915//915
f 181//181 915//915 177//177
f 167//167 917//917 949//949
f 155//155 951//951 151//151
f 151//151 951//951 952//952
f 151//151 952//952 924//924
f 924//924 952//952 954//954
f 924//924 954//954 926//926
f 917//917 167//167 915//915
f 915//915 167//167 173//173
f 915//915 173//173 177//177
f 949//949 957//957 167//167
f 167//167 957//957 959//959
f 167//167 959//959 164//164
f 164//164 959//959 951//951
f 164//164 951//951 160//160
f 160//160 951//951 155//155
f 962//962 836//836 963//963
f 963//963 836//836 838//838
f 963//963 838//838 965//965
f 962//962 968//968 836//836
f 836//836 968//968 150//150
f 836//836 150//150 900//900
f 970//970 971//971 138//138
f 150//150 146//146 900//900
f 900//900 146//146 142//142
f 900//900 142//142 901//901
f 901//901 142//142 138//138
f 901//901 138//138 973//973
f 973//973 138//138 971//971
f 894//894 976//976 891//891
f 891//891 976//976 119//119
f 891//891 119//119 838//838
f 838//838 119//119 979//979
f 838//838 979//979 965//965
f 976//976 981//981 119//119
f 119//119 981//981 983//983
f 119//119 983//983 123//123
f 123//123 983//983 128//128
f 970//970 138//138 983//983
f 983//983 138//138 131//131
f 983//983 131//131 128//128
f 718//718 719//719 101//101
f 101//101 719//719 105//105
f 718//718 101//101 717//717
f 717//717 101//101 98//98
f 717//717 98//98 716//716
f 95//95 714//714 98//98
f 98//98 714//714 715//715
f 98//98 715//715 716//716
f 92//92 712//712 95//95
f 95//95 712//712 713//713
f 95//95 713//713 714//714
f 719//719 720//720 105//105
f 105//105 720//720 721//721
f 105//105 721//721 108//108
f 108//108 721//721 722//722
f 108//108 722//722 985//985
f 985//985 722//722 751//751
f 985//985 751//751 987//987
f 90//90 710//710 92//92
f 92//92 710//710 711//711
f 92//92 711//711 712//712
f 989//989 557//557 90//90
f 90//90 557//557 634//634
f 90//90 634//634 710//710
f 989//989 990//990 557//557
f 557//557 990//990 992//992
f 557//557 992//992 751//751
f 751//751 992//992 994//994
f 751//751 994//994 987//987
f 444//444 445//445 68//68
f 68//68 445//445 71//71
f 445//445 446//446 71//71
f 71//71 446//446 996//996
f 71//71 996//996 74//74
f 65//65 442//442 68//68
f 68//68 442//442 443//443
f 68//68 443//443 444//444
f 62//62 440//440 65//65
f 65//65 440//440 441//441
f 65//65 441//441 442//442
f 997//997 78//78 998//998
f 998//998 78//78 74//74
f 998//998 74//74 999//999
f 999//999 74//74 996//996
f 1000//1000 452//452 62//62
f 62//62 452//452 431//431
f 62//62 431//431 440//440
f 1003//1003 306//306 1005//1005
f 1005//1005 306//306 452//452
f 1005//1005 452//452 1006//1006
f 1006//1006 452//452 1000//1000
f 997//997 1008//1008 78//78
f 78//78 1008//1008 1009//1009
f 78//78 1009//1009 81//81
f 81//81 1009//1009 327//327
f 81//81 327//327 1011//1011
f 1011//1011 327//327 306//306
f 1011//1011 306//306 1013//1013
f 1013//1013 306//306 1003//1003
f 1015//1015 1017//1017 1018//1018
f 834//834 831//831 1017//1017
f 1017//1017 831//831 1020//1020
f 1017//1017 1020//1020 1022//1022
f 1022//1022 1025//1025 1017//1017
f 1017//1017 1025//1025 1027//1027
f 1017//1017 1027//1027 1018//1018
f 1028//1028 1031//1031 1018//1018
f 1018//1018 1031//1031 1032//1032
f 1018//1018 1032//1032 1015//1015
f 935//935 907//907 933//933
f 933//933 907//907 905//905
f 842//842 840//840 1035//1035
f 1035//1035 840//840 1036//1036
f 1035//1035 1036//1036 1039//1039
f 1039//1039 1040//1040 1035//1035
f 1035//1035 1040//1040 1042//1042
f 1035//1035 1042//1042 1044//1044
f 1046//1046 1035//1035 1049//1049
f 1049//1049 1035//1035 1044//1044
f 1049//1049 1044//1044 1050//1050
f 1050//1050 1044//1044 1052//1052
f 1054//1054 1056//1056 1059//1059
f 785//785 789//789 1059//1059
f 1059//1059 789//789 823//823
f 1060//1060 1054//1054 1062//1062
f 823//823 821//821 1059//1059
f 1059//1059 821//821 1065//1065
f 1059//1059 1065//1065 1054//1054
f 1054//1054 1065//1065 1066//1066
f 1054//1054 1066//1066 1062//1062
f 1068//1068 1071//1071 1062//1062
f 1062//1062 1071//1071 1073//1073
f 1062//1062 1073//1073 1060//1060
f 793//793 790//790 812//812
f 812//812 790//790 1074//1074
f 1076//1076 1078//1078 1081//1081
f 815//815 812//812 1083//1083
f 1083//1083 812//812 1074//1074
f 1083//1083 1074//1074 1078//1078
f 1078//1078 1074//1074 1084//1084
f 1078//1078 1084//1084 1081//1081
f 1087//1087 1089//1089 1090//1090
f 1090//1090 1089//1089 1076//1076
f 1090//1090 1076//1076 1093//1093
f 1093//1093 1076//1076 1081//1081
f 841//841 1034//1034 320//320
f 803//803 293//293 799//799
f 799//799 293//293 795//795
f 795//795 293//293 791//791
f 791//791 293//293 321//321
f 791//791 321//321 1075//1075
f 920//920 913//913 277//277
f 277//277 913//913 916//916
f 277//277 916//916 320//320
f 320//320 916//916 847//847
f 320//320 847//847 841//841
f 1058//1058 640//640 786//786
f 786//786 640//640 539//539
f 786//786 539//539 781//781
f 899//899 526//526 835//835
f 835//835 526//526 533//533
f 835//835 533//533 830//830
f 830//830 533//533 1021//1021
f 538//538 541//541 773//773
f 912//912 498//498 523//523
f 899//899 898//898 526//526
f 526//526 898//898 904//904
f 526//526 904//904 525//525
f 525//525 904//904 912//912
f 525//525 912//912 524//524
f 524//524 912//912 523//523
f 538//538 773//773 539//539
f 539//539 773//773 778//778
f 539//539 778//778 781//781
f 770//770 773//773 908//908
f 908//908 773//773 541//541
f 908//908 541//541 912//912
f 912//912 541//541 540//540
f 912//912 540//540 498//498
f 920//920 277//277 932//932
f 932//932 277//277 276//276
f 932//932 276//276 281//281
f 770//770 908//908 809//809
f 809//809 908//908 936//936
f 809//809 936//936 803//803
f 932//932 313//313 936//936
f 936//936 313//313 302//302
f 936//936 302//302 803//803
f 803//803 302//302 294//294
f 803//803 294//294 293//293
f 281//281 284//284 932//932
f 932//932 284//284 289//289
f 932//932 289//289 313//313
f 651//651 650//650 1064//1064
f 1064//1064 650//650 1067//1067
f 650//650 680//680 1067//1067
f 1067//1067 680//680 679//679
f 1067//1067 679//679 1063//1063
f 674//674 1069//1069 675//675
f 675//675 1069//1069 1063//1063
f 675//675 1063//1063 677//677
f 677//677 1063//1063 679//679
f 669//669 1070//1070 671//671
f 671//671 1070//1070 1069//1069
f 671//671 1069//1069 672//672
f 672//672 1069//1069 674//674
f 669//669 667//667 1070//1070
f 1070//1070 667//667 666//666
f 1070//1070 666//666 1072//1072
f 661//661 1061//1061 663//663
f 663//663 1061//1061 1072//1072
f 663//663 1072//1072 664//664
f 664//664 1072//1072 666//666
f 661//661 659//659 1061//1061
f 1061//1061 659//659 658//658
f 1061//1061 658//658 1055//1055
f 658//658 656//656 1055//1055
f 1055//1055 656//656 655//655
f 1055//1055 655//655 1057//1057
f 640//640 1058//1058 652//652
f 652//652 1058//1058 1057//1057
f 652//652 1057//1057 653//653
f 653//653 1057//1057 655//655
f 832//832 1016//1016 563//563
f 895//895 890//890 641//641
f 641//641 890//890 892//892
f 641//641 892//892 563//563
f 563//563 892//892 837//837
f 563//563 837//837 833//833
f 736//736 739//739 910//910
f 910//910 739//739 744//744
f 910//910 744//744 768//768
f 814//814 1082//1082 402//402
f 895//895 641//641 910//910
f 910//910 641//641 733//733
f 910//910 733//733 736//736
f 486//486 856//856 487//487
f 487//487 856//856 861//861
f 487//487 861//861 485//485
f 1064//1064 822//822 651//651
f 651//651 822//822 826//826
f 651//651 826//826 745//745
f 745//745 826//826 869//869
f 745//745 869//869 755//755
f 755//755 869//869 873//873
f 755//755 873//873 759//759
f 923//923 451//451 843//843
f 843//843 451//451 366//366
f 845//845 366//366 839//839
f 839//839 366//366 1037//1037
f 923//923 922//922 451//451
f 451//451 922//922 927//927
f 451//451 927//927 929//929
f 934//934 853//853 929//929
f 929//929 853//853 856//856
f 929//929 856//856 451//451
f 451//451 856//856 486//486
f 451//451 486//486 473//473
f 474//474 477//477 473//473
f 473//473 477//477 480//480
f 473//473 480//480 451//451
f 485//485 861//861 458//458
f 458//458 861//861 864//864
f 458//458 864//864 402//402
f 402//402 864//864 820//820
f 402//402 820//820 814//814
f 759//759 873//873 768//768
f 768//768 873//873 877//877
f 768//768 877//877 910//910
f 910//910 877//877 882//882
f 910//910 882//882 906//906
f 906//906 882//882 885//885
f 906//906 885//885 934//934
f 934//934 885//885 849//849
f 934//934 849//849 853//853
f 533//533 562//562 1021//1021
f 1021//1021 562//562 1023//1023
f 589//589 1024//1024 591//591
f 591//591 1024//1024 1023//1023
f 591//591 1023//1023 592//592
f 592//592 1023//1023 562//562
f 589//589 587//587 1024//1024
f 1024//1024 587//587 586//586
f 1024//1024 586//586 1026//1026
f 581//581 1019//1019 583//583
f 583//583 1019//1019 1026//1026
f 583//583 1026//1026 584//584
f 584//584 1026//1026 586//586
f 581//581 579//579 1019//1019
f 1019//1019 579//579 578//578
f 1019//1019 578//578 1029//1029
f 578//578 576//576 1029//1029
f 1029//1029 576//576 575//575
f 1029//1029 575//575 1030//1030
f 570//570 1033//1033 571//571
f 571//571 1033//1033 1030//1030
f 571//571 1030//1030 573//573
f 573//573 1030//1030 575//575
f 570//570 568//568 1033//1033
f 1033//1033 568//568 567//567
f 1033//1033 567//567 1014//1014
f 563//563 1016//1016 564//564
f 564//564 1016//1016 1014//1014
f 564//564 1014//1014 565//565
f 565//565 1014//1014 567//567
f 527//527 1095//1095 1097//1097
f 1098//1098 1101//1101 627//627
f 608//608 1103//1103 116//116
f 647//647 247//247 513//513
f 513//513 247//247 241//241
f 513//513 241//241 235//235
f 627//627 1101//1101 626//626
f 626//626 1101//1101 1105//1105
f 626//626 1105//1105 625//625
f 625//625 1105//1105 624//624
f 624//624 1105//1105 1107//1107
f 624//624 1107//1107 623//623
f 52//52 1097//1097 54//54
f 54//54 1097//1097 1110//1110
f 54//54 1110//1110 55//55
f 623//623 1107//1107 622//622
f 622//622 1107//1107 59//59
f 622//622 59//59 607//607
f 1103//1103 608//608 1111//1111
f 1111//1111 607//607 59//59
f 1111//1111 59//59 1110//1110
f 1110//1110 59//59 57//57
f 1110//1110 57//57 55//55
f 52//52 50//50 1097//1097
f 1097//1097 50//50 47//47
f 1097//1097 47//47 527//527
f 527//527 47//47 46//46
f 527//527 46//46 633//633
f 633//633 46//46 1113//1113
f 1115//1115 631//631 1113//1113
f 1113//1113 631//631 632//632
f 1113//1113 632//632 633//633
f 627//627 628//628 1098//1098
f 1098//1098 628//628 629//629
f 1098//1098 629//629 1115//1115
f 1115//1115 629//629 630//630
f 1115//1115 630//630 631//631
f 1117//1117 607//607 1120//1120
f 1120//1120 608//608 116//116
f 1120//1120 116//116 1123//1123
f 1121//1121 115//115 122//122
f 1123//1123 120//120 1124//1124
f 1117//1117 1126//1126 607//607
f 607//607 1126//1126 255//255
f 607//607 255//255 647//647
f 647//647 255//255 251//251
f 647//647 251//251 247//247
f 235//235 229//229 513//513
f 513//513 229//229 226//226
f 513//513 226//226 1128//1128
f 1095//1095 527//527 147//147
f 147//147 527//527 513//513
f 147//147 513//513 144//144
f 120//120 126//126 1124//1124
f 1124//1124 126//126 129//129
f 1124//1124 129//129 1128//1128
f 1128//1128 129//129 134//134
f 1128//1128 134//134 513//513
f 513//513 134//134 139//139
f 513//513 139//139 144//144
f 402//402 1082//1082 403//403
f 403//403 1082//1082 1079//1079
f 403//403 1079//1079 407//407
f 407//407 1079//1079 408//408
f 408//408 1079//1079 1077//1077
f 408//408 1077//1077 409//409
f 1088//1088 413//413 1077//1077
f 1077//1077 413//413 411//411
f 1077//1077 411//411 409//409
f 418//418 420//420 1086//1086
f 1086//1086 420//420 421//421
f 1086//1086 421//421 1088//1088
f 1088//1088 421//421 414//414
f 1088//1088 414//414 413//413
f 418//418 1086//1086 416//416
f 416//416 1086//1086 1091//1091
f 416//416 1091//1091 1131//1131
f 1092//1092 1132//1132 1091//1091
f 1091//1091 1132//1132 1133//1133
f 1091//1091 1133//1133 1131//1131
f 1080//1080 1134//1134 1092//1092
f 1092//1092 1134//1134 1135//1135
f 1092//1092 1135//1135 1132//1132
f 1136//1136 1137//1137 1085//1085
f 1085//1085 1137//1137 1138//1138
f 1085//1085 1138//1138 1080//1080
f 1080//1080 1138//1138 1139//1139
f 1080//1080 1139//1139 1134//1134
f 1136//1136 1085//1085 1140//1140
f 1140//1140 1085//1085 1075//1075
f 1140//1140 1075//1075 321//321
f 320//320 1034//1034 399//399
f 399//399 1034//1034 1047//1047
f 1048//1048 329//329 1047//1047
f 1047//1047 329//329 328//328
f 1047//1047 328//328 399//399
f 334//334 388//388 1051//1051
f 1051//1051 388//388 332//332
f 1051//1051 332//332 1048//1048
f 1048//1048 332//332 331//331
f 1048//1048 331//331 329//329
f 334//334 1051//1051 335//335
f 335//335 1051//1051 1053//1053
f 335//335 1053//1053 337//337
f 337//337 1053//1053 338//338
f 338//338 1053//1053 1045//1045
f 338//338 1045//1045 377//377
f 369//369 368//368 1043//1043
f 1043//1043 368//368 341//341
f 1043//1043 341//341 1045//1045
f 1045//1045 341//341 340//340
f 1045//1045 340//340 377//377
f 369//369 1043//1043 370//370
f 370//370 1043//1043 1041//1041
f 370//370 1041//1041 371//371
f 371//371 1041//1041 372//372
f 372//372 1041//1041 1038//1038
f 372//372 1038//1038 373//373
f 373//373 1038//1038 367//367
f 367//367 1038//1038 1037//1037
f 367//367 1037//1037 366//366
f 819//819 865//865 816//816
f 816//816 865//865 866//866
f 829//829 870//870 825//825
f 825//825 870//870 868//868
f 887//887 850//850 886//886
f 886//886 850//850 848//848
f 1141//1141 1144//1144 382//382
f 161//161 158//158 447//447
f 447//447 158//158 154//154
f 447//447 154//154 22//22
f 382//382 1144//1144 387//387
f 387//387 1144//1144 1145//1145
f 387//387 1145//1145 392//392
f 214//214 210//210 267//267
f 267//267 210//210 204//204
f 267//267 204//204 447//447
f 447//447 204//204 198//198
f 447//447 198//198 191//191
f 22//22 20//20 447//447
f 447//447 20//20 18//18
f 447//447 18//18 362//362
f 362//362 18//18 16//16
f 362//362 16//16 346//346
f 346//346 16//16 1148//1148
f 1150//1150 354//354 1148//1148
f 1148//1148 354//354 347//347
f 1148//1148 347//347 346//346
f 382//382 381//381 1141//1141
f 1141//1141 381//381 376//376
f 1141//1141 376//376 1150//1150
f 1150//1150 376//376 358//358
f 1150//1150 358//358 354//354
f 392//392 1145//1145 393//393
f 393//393 1145//1145 1151//1151
f 393//393 1151//1151 398//398
f 398//398 1151//1151 344//344
f 344//344 1151//1151 30//30
f 344//344 30//30 314//314
f 1154//1154 314//314 1155//1155
f 1155//1155 314//314 30//30
f 1155//1155 30//30 1158//1158
f 1158//1158 30//30 28//28
f 1158//1158 28//28 1159//1159
f 1159//1159 28//28 25//25
f 1159//1159 25//25 154//154
f 154//154 25//25 23//23
f 154//154 23//23 22//22
f 175//175 170//170 267//267
f 191//191 188//188 447//447
f 447//447 188//188 1162//1162
f 447//447 1162//1162 161//161
f 161//161 1162//1162 1165//1165
f 161//161 1165//1165 1167//1167
f 1154//1154 1170//1170 314//314
f 314//314 1170//1170 183//183
f 314//314 183//183 267//267
f 267//267 183//183 180//180
f 267//267 180//180 175//175
f 1172//1172 1174//1174 170//170
f 170//170 1174//1174 1176//1176
f 170//170 1176//1176 267//267
f 267//267 1176//1176 218//218
f 267//267 218//218 214//214
f 1172//1172 170//170 1167//1167
f 1167//1167 170//170 165//165
f 1167//1167 165//165 161//161
f 446//446 439//439 1178//1178
f 439//439 430//430 1179//1179
f 416//416 1131//1131 417//417
f 417//417 1131//1131 1180//1180
f 417//417 1180//1180 430//430
f 1131//1131 1133//1133 1180//1180
f 1180//1180 1133//1133 1132//1132
f 1180//1180 1132//1132 1181//1181
f 1181//1181 1132//1132 1135//1135
f 1181//1181 1135//1135 1182//1182
f 1135//1135 1134//1134 1182//1182
f 1182//1182 1134//1134 1139//1139
f 1182//1182 1139//1139 1183//1183
f 1139//1139 1138//1138 1183//1183
f 1183//1183 1138//1138 1137//1137
f 1183//1183 1137//1137 1184//1184
f 1184//1184 1137//1137 1136//1136
f 1184//1184 1136//1136 1185//1185
f 1185//1185 1136//1136 1140//1140
f 1185//1185 1140//1140 321//321
f 430//430 1180//1180 1179//1179
f 1179//1179 1180//1180 1181//1181
f 1179//1179 1181//1181 1186//1186
f 1186//1186 1181//1181 1182//1182
f 1186//1186 1182//1182 1187//1187
f 1187//1187 1182//1182 1183//1183
f 1187//1187 1183//1183 1188//1188
f 1188//1188 1183//1183 1184//1184
f 1188//1188 1184//1184 1189//1189
f 1189//1189 1184//1184 1185//1185
f 1189//1189 1185//1185 1190//1190
f 321//321 322//322 1185//1185
f 1185//1185 322//322 323//323
f 1185//1185 323//323 1190//1190
f 1190//1190 323//323 324//324
f 1190//1190 324//324 325//325
f 439//439 1179//1179 1178//1178
f 1178//1178 1179//1179 1186//1186
f 1178//1178 1186//1186 1191//1191
f 1191//1191 1186//1186 1187//1187
f 1191//1191 1187//1187 1192//1192
f 1192//1192 1187//1187 1188//1188
f 1192//1192 1188//1188 1193//1193
f 1193//1193 1188//1188 1189//1189
f 1193//1193 1189//1189 1194//1194
f 1194//1194 1189//1189 1190//1190
f 1194//1194 1190//1190 1195//1195
f 1195//1195 1190//1190 325//325
f 1195//1195 325//325 326//326
f 446//446 1178//1178 996//996
f 996//996 1178//1178 1191//1191
f 996//996 1191//1191 999//999
f 999//999 1191//1191 1192//1192
f 999//999 1192//1192 998//998
f 998//998 1192//1192 1193//1193
f 998//998 1193//1193 997//997
f 997//997 1193//1193 1194//1194
f 997//997 1194//1194 1008//1008
f 1008//1008 1194//1194 1195//1195
f 1008//1008 1195//1195 1009//1009
f 1009//1009 1195//1195 326//326
f 1009//1009 326//326 327//327
f 893//893 258//258 256//256
f 893//893 256//256 975//975
f 975//975 256//256 1127//1127
f 975//975 1127//1127 980//980
f 980//980 1127//1127 1118//1118
f 980//980 1118//1118 982//982
f 982//982 1118//1118 1119//1119
f 982//982 1119//1119 969//969
f 969//969 1119//1119 1122//1122
f 969//969 1122//1122 972//972
f 972//972 1122//1122 1125//1125
f 972//972 1125//1125 974//974
f 974//974 1125//1125 1129//1129
f 974//974 1130//1130 902//902
f 902//902 1130//1130 225//225
f 902//902 225//225 224//224
f 918//918 219//219 217//217
f 918//918 217//217 948//948
f 948//948 217//217 1177//1177
f 948//948 1175//1175 958//958
f 958//958 1175//1175 1173//1173
f 958//958 1173//1173 960//960
f 960//960 1173//1173 1171//1171
f 960//960 1171//1171 950//950
f 950//950 1171//1171 1168//1168
f 950//950 1168//1168 953//953
f 953//953 1168//1168 1166//1166
f 953//953 1166//1166 955//955
f 955//955 1166//1166 1164//1164
f 956//956 1163//1163 925//925
f 925//925 1163//1163 187//187
f 925//925 187//187 186//186
f 182//182 184//184 943//943
f 943//943 184//184 1169//1169
f 943//943 1169//1169 942//942
f 942//942 1169//1169 1153//1153
f 942//942 1153//1153 938//938
f 938//938 1153//1153 1156//1156
f 938//938 1156//1156 940//940
f 940//940 1156//1156 1157//1157
f 940//940 1157//1157 947//947
f 947//947 1157//1157 1160//1160
f 946//946 1161//1161 152//152
f 152//152 1161//1161 153//153
f 148//148 149//149 1094//1094
f 1094//1094 149//149 967//967
f 1094//1094 967//967 1096//1096
f 1096//1096 967//967 961//961
f 1096//1096 961//961 1109//1109
f 1109//1109 961//961 964//964
f 1109//1109 964//964 1112//1112
f 1112//1112 964//964 966//966
f 1112//1112 966//966 1102//1102
f 1102//1102 966//966 977//977
f 1104//1104 978//978 117//117
f 117//117 978//978 118//118
f 106//106 107//107 109//109
f 109//109 107//107 984//984
f 109//109 984//984 114//114
f 114//114 984//984 986//986
f 114//114 986//986 110//110
f 110//110 986//986 995//995
f 110//110 995//995 111//111
f 111//111 995//995 993//993
f 111//111 993//993 112//112
f 112//112 993//993 991//991
f 112//112 991//991 113//113
f 113//113 991//991 988//988
f 113//113 988//988 88//88
f 88//88 988//988 89//89
f 79//79 80//80 82//82
f 82//82 80//80 1010//1010
f 82//82 1010//1010 84//84
f 84//84 1010//1010 1012//1012
f 84//84 1012//1012 85//85
f 85//85 1012//1012 1002//1002
f 85//85 1002//1002 87//87
f 87//87 1002//1002 1004//1004
f 87//87 1004//1004 86//86
f 86//86 1004//1004 1007//1007
f 86//86 1007//1007 83//83
f 83//83 1007//1007 1001//1001
f 83//83 1001//1001 61//61
f 61//61 1001//1001 63//63
f 31//31 60//60 32//32
f 32//32 60//60 1108//1108
f 32//32 1108//1108 40//40
f 40//40 1108//1108 1106//1106
f 40//40 1106//1106 39//39
f 39//39 1106//1106 1100//1100
f 39//39 1100//1100 38//38
f 38//38 1100//1100 1099//1099
f 38//38 1099//1099 37//37
f 37//37 1099//1099 1116//1116
f 37//37 1116//1116 33//33
f 33//33 1116//1116 1114//1114
f 33//33 1114//1114 35//35
f 35//35 1114//1114 45//45
f 10//10 29//29 9//9
f 9//9 29//29 1152//1152
f 9//9 1152//1152 8//8
f 8//8 1152//1152 1146//1146
f 8//8 1146//1146 7//7
f 7//7 1146//1146 1143//1143
f 7//7 1143//1143 4//4
f 4//4 1143//1143 1142//1142
f 4//4 1142//1142 5//5
f 5//5 1142//1142 1149//1149
f 5//5 1149//1149 6//6
f 6//6 1149//1149 1147//1147
f 6//6 1147//1147 14//14
f 14//14 1147//1147 15//15

