mtllib material.mtl
usemtl black.003
v 0.00139400 -0.01515000 0.00265600
v 0.00010400 -0.01515000 0.00299800
v -0.00120700 -0.01515000 0.00274600
v -0.00139400 -0.01515000 -0.00265600
v -0.00010400 -0.01515000 -0.00299800
v 0.00120700 -0.01515000 -0.00274600
v -0.00240900 -0.01515000 -0.00178800
v -0.00294600 -0.01515000 -0.00056600
v -0.00290000 -0.01515000 0.00076800
v -0.00227900 -0.01515000 0.00195100
v 0.00240900 -0.01515000 0.00178800
v 0.00294600 -0.01515000 0.00056600
v 0.00290000 -0.01515000 -0.00076800
v 0.00227900 -0.01515000 -0.00195100
v 0.00227900 -0.01735000 -0.00195100
v 0.00227900 -0.01735000 -0.00195100
v 0.00290000 -0.01735000 -0.00076800
v 0.00290000 -0.01735000 -0.00076800
v 0.00294600 -0.01735000 0.00056600
v 0.00294600 -0.01735000 0.00056600
v 0.00240900 -0.01735000 0.00178800
v 0.00240900 -0.01735000 0.00178800
v 0.00139400 -0.01735000 0.00265600
v 0.00139400 -0.01735000 0.00265600
v 0.00010400 -0.01735000 0.00299800
v 0.00010400 -0.01735000 0.00299800
v -0.00120700 -0.01735000 0.00274600
v -0.00120700 -0.01735000 0.00274600
v -0.00227900 -0.01735000 0.00195100
v -0.00227900 -0.01735000 0.00195100
v 0.00227900 0.01545000 -0.00195100
v 0.00120700 0.01545000 -0.00274600
v -0.00290000 0.01545000 0.00076800
v 0.00290000 0.01545000 -0.00076800
v -0.00227900 0.01545000 0.00195100
v -0.00120700 0.01545000 0.00274600
v -0.00294600 0.01545000 -0.00056600
v -0.00240900 0.01545000 -0.00178800
v -0.00139400 0.01545000 -0.00265600
v -0.00010400 0.01545000 -0.00299800
v 0.00240900 0.01545000 0.00178800
v 0.00294600 0.01545000 0.00056600
v 0.00139400 0.01545000 0.00265600
v 0.00010400 0.01545000 0.00299800
v -0.00227900 0.01765000 0.00195100
v -0.00227900 0.01765000 0.00195100
v -0.00120700 0.01765000 0.00274600
v -0.00120700 0.01765000 0.00274600
v 0.00010400 0.01765000 0.00299800
v 0.00010400 0.01765000 0.00299800
v 0.00139400 0.01765000 0.00265600
v 0.00139400 0.01765000 0.00265600
v 0.00240900 0.01765000 0.00178800
v 0.00240900 0.01765000 0.00178800
v 0.00294600 0.01765000 0.00056600
v 0.00294600 0.01765000 0.00056600
v 0.00290000 0.01765000 -0.00076800
v 0.00290000 0.01765000 -0.00076800
v 0.00227900 0.01765000 -0.00195100
v 0.00227900 0.01765000 -0.00195100
v 0.03905700 -0.01315000 0.04179600
v 0.03928500 -0.01345000 0.04160100
v 0.03928500 -0.01345000 0.04160100
v 0.03961500 -0.01315000 0.04296400
v 0.03991000 -0.01345000 0.04290900
v 0.03991000 -0.01345000 0.04290900
v 0.03951500 -0.01315000 0.04425400
v 0.03979800 -0.01345000 0.04435400
v 0.03979800 -0.01345000 0.04435400
v 0.03878300 -0.01315000 0.04532100
v 0.03897800 -0.01345000 0.04554900
v 0.03897800 -0.01345000 0.04554900
v 0.03761500 -0.01315000 0.04587900
v 0.03767000 -0.01345000 0.04617400
v 0.03767000 -0.01345000 0.04617400
v 0.03632500 -0.01315000 0.04577900
v 0.03622500 -0.01345000 0.04606200
v 0.03622500 -0.01345000 0.04606200
v 0.03525800 -0.01315000 0.04504700
v 0.03503000 -0.01345000 0.04524200
v 0.03503000 -0.01345000 0.04524200
v 0.03474100 -0.01315000 0.04406200
v 0.03816400 -0.01315000 0.04113300
v 0.03470200 -0.01315000 0.04295000
v 0.03515000 -0.01315000 0.04193100
v 0.03707100 -0.01315000 0.04092300
v 0.03599500 -0.01315000 0.04120800
v 0.03525800 0.01345000 0.04504700
v 0.03503000 0.01375000 0.04524200
v 0.03503000 0.01375000 0.04524200
v 0.03632500 0.01345000 0.04577900
v 0.03622500 0.01375000 0.04606200
v 0.03622500 0.01375000 0.04606200
v 0.03761500 0.01345000 0.04587900
v 0.03767000 0.01375000 0.04617400
v 0.03767000 0.01375000 0.04617400
v 0.03878300 0.01345000 0.04532100
v 0.03897800 0.01375000 0.04554900
v 0.03897800 0.01375000 0.04554900
v 0.03951500 0.01345000 0.04425400
v 0.03979800 0.01375000 0.04435400
v 0.03979800 0.01375000 0.04435400
v 0.03961500 0.01345000 0.04296400
v 0.03991000 0.01375000 0.04290900
v 0.03991000 0.01375000 0.04290900
v 0.03905700 0.01345000 0.04179600
v 0.03928500 0.01375000 0.04160100
v 0.03928500 0.01375000 0.04160100
v 0.03816400 0.01345000 0.04113300
v 0.03599500 0.01345000 0.04120800
v 0.03515000 0.01345000 0.04193100
v 0.03470200 0.01345000 0.04295000
v 0.03474100 0.01345000 0.04406200
v 0.03707100 0.01345000 0.04092300
v 0.01275000 0.01765000 0.01297700
v 0.01275000 0.01765000 0.01297700
v 0.01275000 0.01230000 0.01297700
v 0.01275000 0.01230000 0.01297700
v 0.01300900 0.01765000 0.01347000
v 0.01300900 0.01765000 0.01347000
v 0.01300900 0.01230000 0.01347000
v 0.01300900 0.01230000 0.01347000
v 0.01302800 0.01765000 0.01402600
v 0.01302800 0.01765000 0.01402600
v 0.01302800 0.01230000 0.01402600
v 0.01302800 0.01230000 0.01402600
v 0.01280400 0.01765000 0.01453500
v 0.01280400 0.01765000 0.01453500
v 0.01280400 0.01230000 0.01453500
v 0.01280400 0.01230000 0.01453500
v 0.01238200 0.01765000 0.01489700
v 0.01238200 0.01765000 0.01489700
v 0.01238200 0.01230000 0.01489700
v 0.01238200 0.01230000 0.01489700
v 0.01184400 0.01765000 0.01503900
v 0.01184400 0.01765000 0.01503900
v 0.01184400 0.01230000 0.01503900
v 0.01184400 0.01230000 0.01503900
v 0.01129800 0.01765000 0.01493400
v 0.01129800 0.01765000 0.01493400
v 0.01129800 0.01230000 0.01493400
v 0.01129800 0.01230000 0.01493400
v 0.01085100 0.01765000 0.01460300
v 0.01085100 0.01765000 0.01460300
v 0.01085100 0.01230000 0.01460300
v 0.01085100 0.01230000 0.01460300
v 0.01275000 -0.01200000 0.01297700
v 0.01275000 -0.01200000 0.01297700
v 0.01275000 -0.01735000 0.01297700
v 0.01275000 -0.01735000 0.01297700
v 0.01300900 -0.01200000 0.01347000
v 0.01300900 -0.01200000 0.01347000
v 0.01300900 -0.01735000 0.01347000
v 0.01300900 -0.01735000 0.01347000
v 0.01302800 -0.01200000 0.01402600
v 0.01302800 -0.01200000 0.01402600
v 0.01302800 -0.01735000 0.01402600
v 0.01302800 -0.01735000 0.01402600
v 0.01280400 -0.01200000 0.01453500
v 0.01280400 -0.01200000 0.01453500
v 0.01280400 -0.01735000 0.01453500
v 0.01280400 -0.01735000 0.01453500
v 0.01238200 -0.01200000 0.01489700
v 0.01238200 -0.01200000 0.01489700
v 0.01238200 -0.01735000 0.01489700
v 0.01238200 -0.01735000 0.01489700
v 0.01184400 -0.01200000 0.01503900
v 0.01184400 -0.01200000 0.01503900
v 0.01184400 -0.01735000 0.01503900
v 0.01184400 -0.01735000 0.01503900
v 0.01129800 -0.01200000 0.01493400
v 0.01129800 -0.01200000 0.01493400
v 0.01129800 -0.01735000 0.01493400
v 0.01129800 -0.01735000 0.01493400
v 0.01085100 -0.01200000 0.01460300
v 0.01085100 -0.01200000 0.01460300
v 0.01085100 -0.01735000 0.01460300
v 0.01085100 -0.01735000 0.01460300
v 0.01860200 -0.01198100 0.01981500
v 0.01860200 -0.01198100 0.01981500
v 0.01860200 -0.01735000 0.01981500
v 0.01860200 -0.01735000 0.01981500
v 0.01878100 -0.01192800 0.02009100
v 0.01878100 -0.01192800 0.02009100
v 0.01888100 -0.01735000 0.02039900
v 0.01888100 -0.01735000 0.02039900
v 0.01888100 -0.01184700 0.02040100
v 0.01888100 -0.01184700 0.02040100
v 0.01889900 -0.01175600 0.02071200
v 0.01889900 -0.01175600 0.02071200
v 0.01883100 -0.01735000 0.02104400
v 0.01883100 -0.01735000 0.02104400
v 0.01883100 -0.01166100 0.02104400
v 0.01883100 -0.01166100 0.02104400
v 0.01868500 -0.01159600 0.02133200
v 0.01868500 -0.01159600 0.02133200
v 0.01846500 -0.01735000 0.02157800
v 0.01846500 -0.01735000 0.02157800
v 0.01846500 -0.01157100 0.02157800
v 0.01846500 -0.01157100 0.02157800
v 0.01818900 -0.01159600 0.02175700
v 0.01818900 -0.01159600 0.02175700
v 0.01788100 -0.01735000 0.02185700
v 0.01788100 -0.01735000 0.02185700
v 0.01788100 -0.01166100 0.02185700
v 0.01788100 -0.01166100 0.02185700
v 0.01723600 -0.01735000 0.02180700
v 0.01723600 -0.01735000 0.02180700
v 0.01723600 -0.01184800 0.02180700
v 0.01723600 -0.01184800 0.02180700
v 0.01670200 -0.01735000 0.02144100
v 0.01670200 -0.01735000 0.02144100
v 0.01670200 -0.01198100 0.02144100
v 0.01670200 -0.01198100 0.02144100
v 0.01694900 -0.01192700 0.02166100
v 0.01694900 -0.01192700 0.02166100
v 0.01670200 0.01228100 0.02144100
v 0.01670200 0.01228100 0.02144100
v 0.01670200 0.01765000 0.02144100
v 0.01670200 0.01765000 0.02144100
v 0.01694700 0.01222800 0.02166000
v 0.01694700 0.01222800 0.02166000
v 0.01723600 0.01765000 0.02180700
v 0.01723600 0.01765000 0.02180700
v 0.01723800 0.01214700 0.02180700
v 0.01723800 0.01214700 0.02180700
v 0.01754200 0.01205600 0.02187300
v 0.01754200 0.01205600 0.02187300
v 0.01788100 0.01765000 0.02185700
v 0.01788100 0.01765000 0.02185700
v 0.01788100 0.01196100 0.02185700
v 0.01788100 0.01196100 0.02185700
v 0.01818800 0.01189600 0.02175700
v 0.01818800 0.01189600 0.02175700
v 0.01846500 0.01765000 0.02157800
v 0.01846500 0.01765000 0.02157800
v 0.01846500 0.01187100 0.02157800
v 0.01846500 0.01187100 0.02157800
v 0.01868500 0.01189600 0.02133300
v 0.01868500 0.01189600 0.02133300
v 0.01883100 0.01765000 0.02104400
v 0.01883100 0.01765000 0.02104400
v 0.01883100 0.01196100 0.02104400
v 0.01883100 0.01196100 0.02104400
v 0.01888100 0.01765000 0.02039900
v 0.01888100 0.01765000 0.02039900
v 0.01888100 0.01214800 0.02039900
v 0.01888100 0.01214800 0.02039900
v 0.01860200 0.01765000 0.01981500
v 0.01860200 0.01765000 0.01981500
v 0.01860200 0.01228100 0.01981500
v 0.01860200 0.01228100 0.01981500
v 0.01878200 0.01222700 0.02009300
v 0.01878200 0.01222700 0.02009300
v 0.02069800 -0.01624000 0.03033900
v 0.02090500 -0.01596000 0.03058100
v 0.02025500 -0.01585000 0.03099900
v 0.01973900 -0.01706400 0.02921900
v 0.02024100 -0.01671500 0.02980600
v 0.01961100 -0.01658200 0.03024700
v 0.01865600 -0.01735000 0.02795300
v 0.01947500 -0.01718900 0.02891000
v 0.01807400 -0.01719800 0.02845100
v 0.01886800 -0.01704100 0.02937900
v 0.01789600 -0.01708200 0.02860300
v 0.01830400 -0.01662200 0.02971800
v 0.01786900 -0.01599400 0.02987500
v 0.01734000 -0.01635000 0.02907900
v 0.01758100 -0.01676400 0.02887300
v 0.01762800 -0.01525300 0.02982800
v 0.01713600 -0.01535000 0.02925300
v 0.01725200 -0.01611500 0.02915400
v 0.01898100 -0.01620400 0.03050800
v 0.01844600 -0.01563700 0.03055000
v 0.01808700 -0.01496900 0.03036500
v 0.01956700 -0.01553700 0.03119300
v 0.01894600 -0.01506900 0.03113400
v 0.01848600 -0.01451600 0.03083100
v 0.02142400 -0.01497200 0.03118800
v 0.02075800 -0.01489200 0.03158700
v 0.02002500 -0.01466500 0.03172800
v 0.01933600 -0.01432400 0.03159000
v 0.01879700 -0.01392300 0.03119400
v 0.02188800 -0.01416000 0.03173100
v 0.02218100 -0.01385600 0.03207200
v 0.02155100 -0.01372300 0.03251400
v 0.02167600 -0.01145000 0.03455800
v 0.02082400 -0.01161800 0.03356300
v 0.02179200 -0.01221500 0.03445900
v 0.02106500 -0.01235800 0.03361000
v 0.02206500 -0.01340600 0.03311400
v 0.02243600 -0.01318200 0.03390800
v 0.02150100 -0.01298600 0.03345300
v 0.02212100 -0.01286400 0.03417700
v 0.02187900 -0.01245000 0.03438400
v 0.02002700 -0.01211000 0.03263200
v 0.02038500 -0.01277800 0.03281600
v 0.02092100 -0.01334500 0.03277500
v 0.02267100 -0.01355300 0.03264500
v 0.02319500 -0.01345000 0.03325800
v 0.02261400 -0.01329800 0.03375600
v 0.02250200 -0.01363300 0.03244800
v 0.02175600 -0.01434000 0.03157600
v 0.02110600 -0.01423000 0.03199300
v 0.02041800 -0.01391700 0.03218700
v 0.01979700 -0.01344800 0.03212800
v 0.01933700 -0.01289600 0.03182500
v -0.00303900 -0.01735000 0.00260100
v -0.00362100 -0.01719800 0.00309800
v -0.00379900 -0.01708200 0.00325100
v -0.00411400 -0.01676400 0.00352000
v -0.00435500 -0.01635000 0.00372700
v -0.00444300 -0.01611500 0.00380200
v -0.00455900 -0.01535000 0.00390100
v 0.03259900 -0.01145000 0.04732300
v 0.03271400 -0.01221500 0.04722400
v 0.03280200 -0.01245000 0.04714900
v 0.03304400 -0.01286400 0.04694200
v 0.03335900 -0.01318200 0.04667300
v 0.03353700 -0.01329800 0.04652000
v 0.03411800 -0.01345000 0.04602200
v -0.00561800 -0.01535000 0.00210700
v -0.00584900 -0.01535000 0.00133600
v -0.00570100 -0.01611500 0.00130200
v -0.00600000 -0.01535000 0.00005800
v -0.00599900 -0.01535000 -0.00010300
v -0.00584700 -0.01611500 -0.00010000
v -0.00565800 -0.01535000 -0.00199700
v -0.00526400 -0.01535000 -0.00287900
v -0.00513000 -0.01611500 -0.00280600
v -0.00463300 -0.01535000 -0.00381200
v -0.00442200 -0.01535000 -0.00405500
v -0.00431000 -0.01611500 -0.00395200
v -0.00305000 -0.01535000 -0.00516700
v -0.00203100 -0.01535000 -0.00564600
v -0.00197900 -0.01611500 -0.00550300
v -0.00425700 -0.01719800 0.00214200
v -0.00357300 -0.01735000 0.00179800
v -0.00483600 -0.01676400 0.00243300
v 0.00232800 -0.01735000 -0.00325200
v 0.00148200 -0.01735000 -0.00371500
v 0.00277400 -0.01719800 -0.00387500
v 0.00176600 -0.01719800 -0.00442600
v 0.00315200 -0.01676400 -0.00440200
v 0.00200700 -0.01676400 -0.00502900
v 0.00340400 -0.01611500 -0.00475500
v 0.00216700 -0.01611500 -0.00543100
v 0.00055000 -0.01735000 -0.00396200
v 0.00065600 -0.01719800 -0.00472000
v 0.00074500 -0.01676400 -0.00536300
v 0.00080400 -0.01611500 -0.00579200
v -0.00041400 -0.01735000 -0.00397800
v -0.00049300 -0.01719800 -0.00474000
v -0.00056000 -0.01676400 -0.00538500
v -0.00060500 -0.01611500 -0.00581600
v 0.00303900 -0.01735000 -0.00260100
v 0.00362100 -0.01719800 -0.00309800
v 0.00411400 -0.01676400 -0.00352000
v 0.00444300 -0.01611500 -0.00380200
v 0.00455900 -0.01535000 -0.00390100
v 0.00349300 -0.01535000 -0.00487900
v -0.00109900 -0.01535000 -0.00589800
v -0.00062100 -0.01535000 -0.00596800
v 0.00082500 -0.01535000 -0.00594300
v 0.00098500 -0.01535000 -0.00591900
v 0.00222400 -0.01535000 -0.00557300
v 0.00295000 -0.01535000 -0.00522500
v -0.00183300 -0.01676400 -0.00509500
v -0.00161300 -0.01719800 -0.00448400
v -0.00135400 -0.01735000 -0.00376400
v -0.00332300 -0.01535000 -0.00499600
v -0.00323900 -0.01611500 -0.00486900
v -0.00299900 -0.01676400 -0.00450800
v -0.00263900 -0.01719800 -0.00396800
v -0.00221500 -0.01735000 -0.00333000
v -0.00294800 -0.01735000 -0.00270300
v -0.00351200 -0.01719800 -0.00322100
v -0.00399000 -0.01676400 -0.00365900
v -0.00475000 -0.01676400 -0.00259800
v -0.00418100 -0.01719800 -0.00228700
v -0.00350900 -0.01735000 -0.00191900
v -0.00580000 -0.01535000 -0.00153600
v -0.00565300 -0.01611500 -0.00149700
v -0.00523400 -0.01676400 -0.00138600
v -0.00460700 -0.01719800 -0.00122000
v -0.00386700 -0.01735000 -0.00102400
v -0.00399900 -0.01735000 -0.00006900
v -0.00476500 -0.01719800 -0.00008200
v -0.00541300 -0.01676400 -0.00009300
v -0.00527800 -0.01676400 0.00120500
v -0.00464600 -0.01719800 0.00106100
v -0.00390000 -0.01735000 0.00089000
v -0.00536000 -0.01535000 0.00269700
v -0.00522400 -0.01611500 0.00262800
v 0.04160100 -0.01221500 0.03962000
v 0.04171600 -0.01145000 0.03952100
v 0.04247000 -0.01145000 0.04063300
v 0.04151300 -0.01245000 0.03969500
v 0.04233500 -0.01221500 0.04070400
v 0.04281000 -0.01221500 0.04192400
v 0.04277600 -0.01145000 0.04131500
v 0.04295700 -0.01145000 0.04188500
v 0.04315400 -0.01145000 0.04321400
v 0.04300200 -0.01221500 0.04321900
v 0.04315700 -0.01145000 0.04336400
v 0.04290000 -0.01221500 0.04452500
v 0.04305000 -0.01145000 0.04455400
v 0.04281500 -0.01145000 0.04541900
v 0.04251100 -0.01221500 0.04577500
v 0.04105900 -0.01145000 0.04798000
v 0.04096000 -0.01221500 0.04786500
v 0.04179100 -0.01145000 0.04723400
v 0.04185300 -0.01221500 0.04690700
v 0.04197500 -0.01145000 0.04699800
v 0.04265000 -0.01145000 0.04583600
v 0.04095600 -0.01318200 0.04017100
v 0.04127100 -0.01286400 0.03990100
v 0.04195100 -0.01286400 0.04090500
v 0.04239100 -0.01286400 0.04203500
v 0.04256800 -0.01286400 0.04323400
v 0.04247400 -0.01286400 0.04444300
v 0.04211400 -0.01286400 0.04560100
v 0.04150500 -0.01286400 0.04664900
v 0.04067800 -0.01286400 0.04753500
v 0.04019700 -0.01345000 0.04082100
v 0.04077800 -0.01329800 0.04032300
v 0.04137700 -0.01329800 0.04120700
v 0.04176400 -0.01329800 0.04220100
v 0.04192000 -0.01329800 0.04325700
v 0.04183700 -0.01329800 0.04432100
v 0.04152000 -0.01329800 0.04533900
v 0.04098400 -0.01329800 0.04626200
v 0.04025600 -0.01329800 0.04704200
v 0.04069900 -0.01345000 0.04156200
v 0.04102400 -0.01345000 0.04239700
v 0.04115500 -0.01345000 0.04328300
v 0.04108600 -0.01345000 0.04417600
v 0.04081900 -0.01345000 0.04503100
v 0.04036900 -0.01345000 0.04580600
v 0.03975800 -0.01345000 0.04646100
v 0.02473400 -0.01735000 0.02275200
v 0.02473400 -0.01735000 0.02275200
v 0.02531600 -0.01719800 0.02225400
v 0.02580900 -0.01676400 0.02183200
v 0.02613800 -0.01611500 0.02155000
v 0.02625400 -0.01535000 0.02145100
v 0.02927400 -0.01345000 0.02805700
v 0.02985500 -0.01329800 0.02755900
v 0.03003300 -0.01318200 0.02740600
v 0.03034800 -0.01286400 0.02713700
v 0.03059000 -0.01245000 0.02693000
v 0.03067800 -0.01221500 0.02685500
v 0.03079300 -0.01145000 0.02675600
v 0.02581700 -0.01706400 0.02401700
v 0.02555300 -0.01718900 0.02370900
v 0.02611000 -0.01704100 0.02318200
v 0.02677600 -0.01624000 0.02513800
v 0.02631900 -0.01671500 0.02460400
v 0.02685300 -0.01658200 0.02405000
v 0.02750200 -0.01497200 0.02598600
v 0.02698300 -0.01596000 0.02538000
v 0.02799900 -0.01489200 0.02539000
v 0.02749600 -0.01585000 0.02480200
v 0.02825200 -0.01466500 0.02468800
v 0.02779400 -0.01553700 0.02415300
v 0.02822200 -0.01432400 0.02398600
v 0.02783200 -0.01506900 0.02353000
v 0.02791400 -0.01392300 0.02339200
v 0.02760300 -0.01451600 0.02302800
v 0.02720800 -0.01620400 0.02346800
v 0.02733200 -0.01563700 0.02294500
v 0.02720500 -0.01496900 0.02256300
v 0.02653200 -0.01662200 0.02267700
v 0.02675500 -0.01599400 0.02227100
v 0.02674500 -0.01525300 0.02202600
v 0.02796700 -0.01416000 0.02652900
v 0.02783400 -0.01434000 0.02637400
v 0.02834700 -0.01423000 0.02579700
v 0.02995100 -0.01235800 0.02600600
v 0.02994100 -0.01161800 0.02576100
v 0.02845400 -0.01289600 0.02402300
v 0.02914500 -0.01211000 0.02483000
v 0.02868300 -0.01344800 0.02452400
v 0.02927200 -0.01277800 0.02521200
v 0.02864500 -0.01391700 0.02514700
v 0.02914800 -0.01334500 0.02573400
v 0.02879200 -0.01372300 0.02631700
v 0.02972800 -0.01298600 0.02641200
v 0.02930600 -0.01340600 0.02691700
v 0.02825900 -0.01385600 0.02687100
v 0.02858100 -0.01363300 0.02724700
v 0.02874900 -0.01355300 0.02744400
v 0.01879700 0.01422300 0.03119400
v 0.01933600 0.01462400 0.03159000
v 0.01894600 0.01536900 0.03113400
v 0.02002500 0.01496500 0.03172800
v 0.01956700 0.01583700 0.03119300
v 0.02075800 0.01519200 0.03158700
v 0.02025500 0.01615000 0.03099900
v 0.02142400 0.01527200 0.03118800
v 0.02090500 0.01626000 0.03058100
v 0.02069800 0.01654000 0.03033900
v 0.01961100 0.01688200 0.03024700
v 0.02024100 0.01701500 0.02980600
v 0.01973900 0.01736400 0.02921900
v 0.01886800 0.01734100 0.02937900
v 0.01947500 0.01748900 0.02891000
v 0.01865600 0.01765000 0.02795300
v 0.01898100 0.01650400 0.03050800
v 0.01830400 0.01692200 0.02971800
v 0.01807400 0.01749800 0.02845100
v 0.01789600 0.01738200 0.02860300
v 0.01758100 0.01706400 0.02887300
v 0.01734000 0.01665000 0.02907900
v 0.01844600 0.01593700 0.03055000
v 0.01786900 0.01629400 0.02987500
v 0.01725200 0.01641500 0.02915400
v 0.01848600 0.01481600 0.03083100
v 0.01808700 0.01526900 0.03036500
v 0.01762800 0.01555300 0.02982800
v 0.01713600 0.01565000 0.02925300
v -0.00303900 0.01765000 0.00260100
v -0.00362100 0.01749800 0.00309800
v -0.00379900 0.01738200 0.00325100
v -0.00411400 0.01706400 0.00352000
v -0.00435500 0.01665000 0.00372700
v -0.00444300 0.01641500 0.00380200
v -0.00455900 0.01565000 0.00390100
v 0.02188800 0.01446000 0.03173100
v 0.02175600 0.01464000 0.03157600
v 0.02110600 0.01453000 0.03199300
v 0.02106500 0.01265800 0.03361000
v 0.02082400 0.01191800 0.03356300
v 0.02167600 0.01175000 0.03455800
v 0.01933700 0.01319600 0.03182500
v 0.02002700 0.01241000 0.03263200
v 0.01979700 0.01374800 0.03212800
v 0.02038500 0.01307800 0.03281600
v 0.02041800 0.01421700 0.03218700
v 0.02092100 0.01364500 0.03277500
v 0.02155100 0.01402300 0.03251400
v 0.02150100 0.01328600 0.03345300
v 0.02206500 0.01370600 0.03311400
v 0.02179200 0.01251500 0.03445900
v 0.02187900 0.01275000 0.03438400
v 0.02212100 0.01316400 0.03417700
v 0.02243600 0.01348200 0.03390800
v 0.02261400 0.01359800 0.03375600
v 0.02218100 0.01415600 0.03207200
v 0.02250200 0.01393300 0.03244800
v 0.02267100 0.01385300 0.03264500
v 0.02319500 0.01375000 0.03325800
v 0.00435500 0.01665000 -0.00372700
v 0.00444300 0.01641500 -0.00380200
v 0.00340400 0.01641500 -0.00475500
v -0.00522400 0.01641500 0.00262800
v -0.00536000 0.01565000 0.00269700
v 0.00455900 0.01565000 -0.00390100
v 0.00349300 0.01565000 -0.00487900
v 0.00295000 0.01565000 -0.00522500
v 0.00216700 0.01641500 -0.00543100
v 0.00222400 0.01565000 -0.00557300
v 0.00098500 0.01565000 -0.00591900
v 0.00080400 0.01641500 -0.00579200
v 0.00082500 0.01565000 -0.00594300
v -0.00062100 0.01565000 -0.00596800
v -0.00060500 0.01641500 -0.00581600
v -0.00109900 0.01565000 -0.00589800
v -0.00197900 0.01641500 -0.00550300
v -0.00203100 0.01565000 -0.00564600
v -0.00305000 0.01565000 -0.00516700
v -0.00323900 0.01641500 -0.00486900
v -0.00332300 0.01565000 -0.00499600
v -0.00442200 0.01565000 -0.00405500
v -0.00431000 0.01641500 -0.00395200
v -0.00463300 0.01565000 -0.00381200
v -0.00513000 0.01641500 -0.00280600
v -0.00526400 0.01565000 -0.00287900
v -0.00565800 0.01565000 -0.00199700
v -0.00565300 0.01641500 -0.00149700
v -0.00580000 0.01565000 -0.00153600
v -0.00599900 0.01565000 -0.00010300
v -0.00584700 0.01641500 -0.00010000
v -0.00600000 0.01565000 0.00005800
v -0.00570100 0.01641500 0.00130200
v -0.00584900 0.01565000 0.00133600
v -0.00561800 0.01565000 0.00210700
v 0.00379900 0.01738200 -0.00325100
v 0.00411400 0.01706400 -0.00352000
v 0.00315200 0.01706400 -0.00440200
v 0.00200700 0.01706400 -0.00502900
v 0.00074500 0.01706400 -0.00536300
v -0.00056000 0.01706400 -0.00538500
v -0.00183300 0.01706400 -0.00509500
v -0.00299900 0.01706400 -0.00450800
v -0.00399000 0.01706400 -0.00365900
v -0.00475000 0.01706400 -0.00259800
v -0.00523400 0.01706400 -0.00138600
v -0.00541300 0.01706400 -0.00009300
v -0.00527800 0.01706400 0.00120500
v -0.00483600 0.01706400 0.00243300
v 0.00303900 0.01765000 -0.00260100
v 0.00303900 0.01765000 -0.00260100
v 0.00362100 0.01749800 -0.00309800
v 0.00277400 0.01749800 -0.00387500
v 0.00176600 0.01749800 -0.00442600
v 0.00065600 0.01749800 -0.00472000
v -0.00049300 0.01749800 -0.00474000
v -0.00161300 0.01749800 -0.00448400
v -0.00263900 0.01749800 -0.00396800
v -0.00351200 0.01749800 -0.00322100
v -0.00418100 0.01749800 -0.00228700
v -0.00460700 0.01749800 -0.00122000
v -0.00476500 0.01749800 -0.00008200
v -0.00464600 0.01749800 0.00106100
v -0.00425700 0.01749800 0.00214200
v 0.00232800 0.01765000 -0.00325200
v 0.00148200 0.01765000 -0.00371500
v 0.00055000 0.01765000 -0.00396200
v -0.00041400 0.01765000 -0.00397800
v -0.00135400 0.01765000 -0.00376400
v -0.00221500 0.01765000 -0.00333000
v -0.00294800 0.01765000 -0.00270300
v -0.00350900 0.01765000 -0.00191900
v -0.00386700 0.01765000 -0.00102400
v -0.00399900 0.01765000 -0.00006900
v -0.00390000 0.01765000 0.00089000
v -0.00357300 0.01765000 0.00179800
v 0.03411800 0.01375000 0.04602200
v 0.03353700 0.01359800 0.04652000
v 0.03335900 0.01348200 0.04667300
v 0.03304400 0.01316400 0.04694200
v 0.03280200 0.01275000 0.04714900
v 0.03271400 0.01251500 0.04722400
v 0.03259900 0.01175000 0.04732300
v 0.02625400 0.01565000 0.02145100
v 0.02613800 0.01641500 0.02155000
v 0.02605000 0.01665000 0.02162600
v 0.02580900 0.01706400 0.02183200
v 0.02549400 0.01738200 0.02210200
v 0.02531600 0.01749800 0.02225400
v 0.02473400 0.01765000 0.02275200
v 0.03375300 0.01251500 0.04817700
v 0.04238100 0.01251500 0.04079300
v 0.04251700 0.01175000 0.04072500
v 0.04171600 0.01175000 0.03952100
v 0.03366500 0.01175000 0.04830000
v 0.03420800 0.01175000 0.04864700
v 0.03499000 0.01251500 0.04885300
v 0.03493400 0.01175000 0.04899400
v 0.03617300 0.01175000 0.04934000
v 0.03635300 0.01251500 0.04921400
v 0.03633200 0.01175000 0.04936500
v 0.03777800 0.01175000 0.04938900
v 0.03776300 0.01251500 0.04923800
v 0.03825700 0.01175000 0.04932000
v 0.03913700 0.01251500 0.04892400
v 0.03918900 0.01175000 0.04906700
v 0.04020800 0.01175000 0.04858900
v 0.04039600 0.01251500 0.04829100
v 0.04048100 0.01175000 0.04841700
v 0.04158000 0.01175000 0.04747700
v 0.04146700 0.01251500 0.04737400
v 0.04179100 0.01175000 0.04723400
v 0.04228800 0.01251500 0.04622800
v 0.04242200 0.01175000 0.04630100
v 0.04281500 0.01175000 0.04541900
v 0.04281000 0.01251500 0.04491800
v 0.04295800 0.01175000 0.04495700
v 0.04315700 0.01175000 0.04352500
v 0.04300400 0.01251500 0.04352200
v 0.04315700 0.01175000 0.04336400
v 0.04285800 0.01251500 0.04212000
v 0.04300700 0.01175000 0.04208600
v 0.04277600 0.01175000 0.04131500
v 0.03400600 0.01316400 0.04782400
v 0.03515100 0.01316400 0.04845000
v 0.03641300 0.01316400 0.04878400
v 0.03771800 0.01316400 0.04880700
v 0.03899000 0.01316400 0.04851600
v 0.04015600 0.01316400 0.04793000
v 0.04114800 0.01316400 0.04708100
v 0.04190800 0.01316400 0.04602000
v 0.04239100 0.01316400 0.04480700
v 0.04257100 0.01316400 0.04351500
v 0.04243600 0.01316400 0.04221600
v 0.04199400 0.01316400 0.04098800
v 0.03438400 0.01359800 0.04729600
v 0.04160100 0.01251500 0.03962000
v 0.04151300 0.01275000 0.03969500
v 0.04127100 0.01316400 0.03990100
v 0.04095600 0.01348200 0.04017100
v 0.03539100 0.01359800 0.04784800
v 0.03650200 0.01359800 0.04814200
v 0.03765100 0.01359800 0.04816100
v 0.03877100 0.01359800 0.04790600
v 0.03979700 0.01359800 0.04738900
v 0.04067000 0.01359800 0.04664200
v 0.04133800 0.01359800 0.04570800
v 0.04176400 0.01359800 0.04464100
v 0.04192200 0.01359800 0.04350300
v 0.04180300 0.01359800 0.04236100
v 0.04141400 0.01359800 0.04128000
v 0.04077800 0.01359800 0.04032300
v 0.03482900 0.01375000 0.04667400
v 0.03567500 0.01375000 0.04713700
v 0.03660700 0.01375000 0.04738400
v 0.03757100 0.01375000 0.04740000
v 0.03851100 0.01375000 0.04718600
v 0.03937300 0.01375000 0.04675200
v 0.04010600 0.01375000 0.04612500
v 0.04066700 0.01375000 0.04534100
v 0.04102400 0.01375000 0.04444500
v 0.04115700 0.01375000 0.04349000
v 0.04105700 0.01375000 0.04253100
v 0.04073100 0.01375000 0.04162400
v 0.04019700 0.01375000 0.04082100
v 0.02677600 0.01654000 0.02513800
v 0.02698300 0.01626000 0.02538000
v 0.02749600 0.01615000 0.02480200
v 0.02581700 0.01736400 0.02401700
v 0.02631900 0.01701500 0.02460400
v 0.02685300 0.01688200 0.02405000
v 0.02555300 0.01748900 0.02370900
v 0.02611000 0.01734100 0.02318200
v 0.02653200 0.01692200 0.02267700
v 0.02675500 0.01629400 0.02227100
v 0.02674500 0.01555300 0.02202600
v 0.02720800 0.01650400 0.02346800
v 0.02733200 0.01593700 0.02294500
v 0.02720500 0.01526900 0.02256300
v 0.02779400 0.01583700 0.02415300
v 0.02783200 0.01536900 0.02353000
v 0.02760300 0.01481600 0.02302800
v 0.02750200 0.01527200 0.02598600
v 0.02799900 0.01519200 0.02539000
v 0.02825200 0.01496500 0.02468800
v 0.02822200 0.01462400 0.02398600
v 0.02791400 0.01422300 0.02339200
v 0.03079300 0.01175000 0.02675600
v 0.03067800 0.01251500 0.02685500
v 0.03059000 0.01275000 0.02693000
v 0.03034800 0.01316400 0.02713700
v 0.03003300 0.01348200 0.02740600
v 0.02985500 0.01359800 0.02755900
v 0.02927400 0.01375000 0.02805700
v 0.02796700 0.01446000 0.02652900
v 0.02825900 0.01415600 0.02687100
v 0.02879200 0.01402300 0.02631700
v 0.02994100 0.01191800 0.02576100
v 0.02995100 0.01265800 0.02600600
v 0.02930600 0.01370600 0.02691700
v 0.02972800 0.01328600 0.02641200
v 0.02914500 0.01241000 0.02483000
v 0.02927200 0.01307800 0.02521200
v 0.02914800 0.01364500 0.02573400
v 0.02874900 0.01385300 0.02744400
v 0.02858100 0.01393300 0.02724700
v 0.02783400 0.01464000 0.02637400
v 0.02834700 0.01453000 0.02579700
v 0.02864500 0.01421700 0.02514700
v 0.02868300 0.01374800 0.02452400
v 0.02845400 0.01319600 0.02402300
v 0.02642200 0.00605000 0.04010500
v 0.02642200 0.00605000 0.04010500
v 0.02794200 0.00605000 0.03880400
v 0.02794200 0.00605000 0.03880400
v 0.02658000 0.00727500 0.04029000
v 0.02658000 0.00727500 0.04029000
v 0.02810000 0.00727500 0.03898900
v 0.02810000 0.00727500 0.03898900
v 0.02703100 0.00831300 0.04081700
v 0.02703100 0.00831300 0.04081700
v 0.02855100 0.00831300 0.03951700
v 0.02855100 0.00831300 0.03951700
v 0.02770600 0.00900600 0.04160600
v 0.02770600 0.00900600 0.04160600
v 0.02922600 0.00900600 0.04030500
v 0.02922600 0.00900600 0.04030500
v 0.02922600 0.00900600 0.04030500
v 0.02850300 0.00925000 0.04253600
v 0.02850300 0.00925000 0.04253600
v 0.03002200 0.00925000 0.04123600
v 0.03002200 0.00925000 0.04123600
v 0.03002200 0.00925000 0.04123600
v 0.02850300 -0.00895000 0.04253600
v 0.02850300 -0.00895000 0.04253600
v 0.03002200 -0.00895000 0.04123600
v 0.03002200 -0.00895000 0.04123600
v 0.03002200 -0.00895000 0.04123600
v 0.02770600 -0.00870600 0.04160600
v 0.02770600 -0.00870600 0.04160600
v 0.02922600 -0.00870600 0.04030500
v 0.02922600 -0.00870600 0.04030500
v 0.02922600 -0.00870600 0.04030500
v 0.02703100 -0.00801300 0.04081700
v 0.02703100 -0.00801300 0.04081700
v 0.02855100 -0.00801300 0.03951700
v 0.02855100 -0.00801300 0.03951700
v 0.02658000 -0.00697500 0.04029000
v 0.02658000 -0.00697500 0.04029000
v 0.02810000 -0.00697500 0.03898900
v 0.02810000 -0.00697500 0.03898900
v 0.02810000 -0.00697500 0.03898900
v 0.02642200 -0.00575000 0.04010500
v 0.02642200 -0.00575000 0.04010500
v 0.02794200 -0.00575000 0.03880400
v 0.02794200 -0.00575000 0.03880400
v 0.03021700 -0.00895000 0.04146400
v 0.03021700 -0.00895000 0.04146400
v 0.03021700 -0.00895000 0.04146400
v 0.03781500 -0.00895000 0.03496200
v 0.03781500 -0.00895000 0.03496200
v 0.03781500 -0.00895000 0.03496200
v 0.02970100 -0.00905000 0.04086100
v 0.02970100 -0.00905000 0.04086100
v 0.02970100 -0.00905000 0.04086100
v 0.02970100 -0.00905000 0.04086100
v 0.03729900 -0.00905000 0.03435900
v 0.03729900 -0.00905000 0.03435900
v 0.03781500 0.00925000 0.03496200
v 0.03781500 0.00925000 0.03496200
v 0.03021700 0.00925000 0.04146400
v 0.03021700 0.00925000 0.04146400
v 0.03729900 0.00935000 0.03435900
v 0.03729900 0.00935000 0.03435900
v 0.02970100 0.00935000 0.04086100
v 0.02970100 0.00935000 0.04086100
v 0.02970100 0.00935000 0.04086100
v -0.00065800 0.01220000 0.00846000
v -0.00065800 0.01220000 0.00846000
v 0.00846000 0.01220000 0.00065800
v 0.00846000 0.01220000 0.00065800
v -0.00014200 0.01230000 0.00906300
v -0.00014200 0.01230000 0.00906300
v -0.00014200 0.01230000 0.00906300
v 0.00897600 0.01230000 0.00126100
v 0.00897600 0.01230000 0.00126100
v 0.00846000 -0.01190000 0.00065800
v 0.00846000 -0.01190000 0.00065800
v -0.00065800 -0.01190000 0.00846000
v -0.00065800 -0.01190000 0.00846000
v -0.00065800 -0.01190000 0.00846000
v 0.00897600 -0.01200000 0.00126100
v 0.00897600 -0.01200000 0.00126100
v -0.00014200 -0.01200000 0.00906300
v -0.00014200 -0.01200000 0.00906300
v 0.02871300 -0.00585000 0.02432500
v 0.02871300 -0.00585000 0.02432500
v 0.02111500 -0.00585000 0.03082700
v 0.02111500 -0.00585000 0.03082700
v 0.02887100 -0.00707500 0.02451000
v 0.02887100 -0.00707500 0.02451000
v 0.02127300 -0.00707500 0.03101200
v 0.02127300 -0.00707500 0.03101200
v 0.02932200 -0.00811300 0.02503700
v 0.02932200 -0.00811300 0.02503700
v 0.02172400 -0.00811300 0.03153900
v 0.02172400 -0.00811300 0.03153900
v 0.02999700 -0.00880600 0.02582600
v 0.02999700 -0.00880600 0.02582600
v 0.02239900 -0.00880600 0.03232800
v 0.02239900 -0.00880600 0.03232800
v 0.03079300 -0.00905000 0.02675600
v 0.03079300 -0.00905000 0.02675600
v 0.02319500 -0.00905000 0.03325800
v 0.02319500 -0.00905000 0.03325800
v 0.03079300 0.00935000 0.02675600
v 0.03079300 0.00935000 0.02675600
v 0.02319500 0.00935000 0.03325800
v 0.02319500 0.00935000 0.03325800
v 0.02999700 0.00910600 0.02582600
v 0.02999700 0.00910600 0.02582600
v 0.02239900 0.00910600 0.03232800
v 0.02239900 0.00910600 0.03232800
v 0.02932200 0.00841300 0.02503700
v 0.02932200 0.00841300 0.02503700
v 0.02172400 0.00841300 0.03153900
v 0.02172400 0.00841300 0.03153900
v 0.02887100 0.00737500 0.02451000
v 0.02887100 0.00737500 0.02451000
v 0.02127300 0.00737500 0.03101200
v 0.02127300 0.00737500 0.03101200
v 0.02871300 0.00615000 0.02432500
v 0.02871300 0.00615000 0.02432500
v 0.02111500 0.00615000 0.03082700
v 0.02111500 0.00615000 0.03082700
v 0.02278000 0.01205600 0.01739200
v 0.02278000 0.01205600 0.01739200
v 0.02198300 0.01230000 0.01646100
v 0.02198300 0.01230000 0.01646100
v 0.01833600 0.01230000 0.01958200
v 0.01833600 0.01230000 0.01958200
v 0.02345500 0.01136300 0.01818000
v 0.02345500 0.01136300 0.01818000
v 0.01366200 0.01205600 0.02519400
v 0.01366200 0.01205600 0.02519400
v 0.01286600 0.01230000 0.02426300
v 0.01286600 0.01230000 0.02426300
v 0.01651300 0.01230000 0.02114200
v 0.01651300 0.01230000 0.02114200
v 0.01433700 0.01136300 0.02598200
v 0.01433700 0.01136300 0.02598200
v 0.02406400 0.00910000 0.01889200
v 0.02406400 0.00910000 0.01889200
v 0.01494700 0.00910000 0.02669500
v 0.01494700 0.00910000 0.02669500
v 0.02390600 0.01032500 0.01870700
v 0.02390600 0.01032500 0.01870700
v 0.01478800 0.01032500 0.02650900
v 0.01478800 0.01032500 0.02650900
v 0.01366200 -0.01175600 0.02519400
v 0.01366200 -0.01175600 0.02519400
v 0.01286600 -0.01200000 0.02426300
v 0.01286600 -0.01200000 0.02426300
v 0.01651300 -0.01200000 0.02114200
v 0.01651300 -0.01200000 0.02114200
v 0.01651300 -0.01200000 0.02114200
v 0.01433700 -0.01106300 0.02598200
v 0.01433700 -0.01106300 0.02598200
v 0.02278000 -0.01175600 0.01739200
v 0.02278000 -0.01175600 0.01739200
v 0.02198300 -0.01200000 0.01646100
v 0.02198300 -0.01200000 0.01646100
v 0.01833600 -0.01200000 0.01958200
v 0.01833600 -0.01200000 0.01958200
v 0.02345500 -0.01106300 0.01818000
v 0.02345500 -0.01106300 0.01818000
v 0.02390600 -0.01002500 0.01870700
v 0.02390600 -0.01002500 0.01870700
v 0.01478800 -0.01002500 0.02650900
v 0.01478800 -0.01002500 0.02650900
v 0.01478800 -0.01002500 0.02650900
v 0.02406400 -0.00880000 0.01889200
v 0.02406400 -0.00880000 0.01889200
v 0.01494700 -0.00880000 0.02669500
v 0.01494700 -0.00880000 0.02669500
v 0.01098800 -0.01200000 0.01284000
v 0.01098800 -0.01200000 0.01284000
v 0.01157200 -0.01200000 0.01256100
v 0.01157200 -0.01200000 0.01256100
v 0.01062200 -0.01200000 0.01337400
v 0.01062200 -0.01200000 0.01337400
v 0.01057200 -0.01200000 0.01401900
v 0.01057200 -0.01200000 0.01401900
v 0.01221700 -0.01200000 0.01261100
v 0.01221700 -0.01200000 0.01261100
v 0.01221700 -0.01200000 0.01261100
v 0.01644400 -0.01200000 0.02094800
v 0.01644400 -0.01200000 0.02094800
v 0.01707100 -0.01200000 0.01952100
v 0.01707100 -0.01200000 0.01952100
v 0.01760900 -0.01200000 0.01937900
v 0.01760900 -0.01200000 0.01937900
v 0.01815500 -0.01200000 0.01948400
v 0.01815500 -0.01200000 0.01948400
v 0.01642500 -0.01200000 0.02039200
v 0.01642500 -0.01200000 0.02039200
v 0.01664900 -0.01200000 0.01988300
v 0.01664900 -0.01200000 0.01988300
v 0.01062200 0.01230000 0.01337400
v 0.01062200 0.01230000 0.01337400
v 0.01098800 0.01230000 0.01284000
v 0.01098800 0.01230000 0.01284000
v 0.01157200 0.01230000 0.01256100
v 0.01157200 0.01230000 0.01256100
v 0.01057200 0.01230000 0.01401900
v 0.01057200 0.01230000 0.01401900
v 0.01664900 0.01230000 0.01988300
v 0.01664900 0.01230000 0.01988300
v 0.01642500 0.01230000 0.02039200
v 0.01642500 0.01230000 0.02039200
v 0.01644400 0.01230000 0.02094800
v 0.01644400 0.01230000 0.02094800
v 0.01644400 0.01230000 0.02094800
v 0.01815500 0.01230000 0.01948400
v 0.01815500 0.01230000 0.01948400
v 0.01221700 0.01230000 0.01261100
v 0.01221700 0.01230000 0.01261100
v 0.01221700 0.01230000 0.01261100
v 0.01760900 0.01230000 0.01937900
v 0.01760900 0.01230000 0.01937900
v 0.01707100 0.01230000 0.01952100
v 0.01707100 0.01230000 0.01952100
v 0.03828400 0.01375000 0.04085800
v 0.03828400 0.01375000 0.04085800
v 0.03706100 0.01375000 0.04062300
v 0.03706100 0.01375000 0.04062300
v 0.03445100 0.01375000 0.04413900
v 0.03445100 0.01375000 0.04413900
v 0.03440800 0.01375000 0.04289300
v 0.03440800 0.01375000 0.04289300
v 0.03490900 0.01375000 0.04175300
v 0.03490900 0.01375000 0.04175300
v 0.03585600 0.01375000 0.04094200
v 0.03585600 0.01375000 0.04094200
v 0.03901700 -0.01345000 0.04696300
v 0.03640300 -0.01345000 0.04735000
v 0.03729600 -0.01345000 0.04741900
v 0.03818200 -0.01345000 0.04728800
v 0.03828400 -0.01345000 0.04085800
v 0.03828400 -0.01345000 0.04085800
v 0.03490900 -0.01345000 0.04175300
v 0.03490900 -0.01345000 0.04175300
v 0.03585600 -0.01345000 0.04094200
v 0.03585600 -0.01345000 0.04094200
v 0.03706100 -0.01345000 0.04062300
v 0.03706100 -0.01345000 0.04062300
v 0.03554800 -0.01345000 0.04708300
v 0.03477300 -0.01345000 0.04663300
v 0.03445100 -0.01345000 0.04413900
v 0.03445100 -0.01345000 0.04413900
v 0.03440800 -0.01345000 0.04289300
v 0.03440800 -0.01345000 0.04289300
v 0.00295000 0.01220000 -0.00522500
v 0.00295000 0.01220000 -0.00522500
v 0.00455900 0.01220000 -0.00390100
v 0.00455900 0.01220000 -0.00390100
v -0.00463300 0.01220000 -0.00381200
v -0.00463300 0.01220000 -0.00381200
v -0.00455900 0.01220000 0.00390100
v -0.00455900 0.01220000 0.00390100
v -0.00561800 0.01220000 0.00210700
v -0.00561800 0.01220000 0.00210700
v -0.00600000 0.01220000 0.00005800
v -0.00600000 0.01220000 0.00005800
v -0.00565800 0.01220000 -0.00199700
v -0.00565800 0.01220000 -0.00199700
v -0.00305000 0.01220000 -0.00516700
v -0.00305000 0.01220000 -0.00516700
v -0.00109900 0.01220000 -0.00589800
v -0.00109900 0.01220000 -0.00589800
v 0.00098500 0.01220000 -0.00591900
v 0.00098500 0.01220000 -0.00591900
v -0.00455900 -0.01190000 0.00390100
v -0.00455900 -0.01190000 0.00390100
v 0.00455900 -0.01190000 -0.00390100
v 0.00455900 -0.01190000 -0.00390100
v 0.00295000 -0.01190000 -0.00522500
v 0.00295000 -0.01190000 -0.00522500
v 0.00098500 -0.01190000 -0.00591900
v 0.00098500 -0.01190000 -0.00591900
v -0.00109900 -0.01190000 -0.00589800
v -0.00109900 -0.01190000 -0.00589800
v -0.00305000 -0.01190000 -0.00516700
v -0.00305000 -0.01190000 -0.00516700
v -0.00561800 -0.01190000 0.00210700
v -0.00561800 -0.01190000 0.00210700
v -0.00600000 -0.01190000 0.00005800
v -0.00600000 -0.01190000 0.00005800
v -0.00565800 -0.01190000 -0.00199700
v -0.00565800 -0.01190000 -0.00199700
v -0.00463300 -0.01190000 -0.00381200
v -0.00463300 -0.01190000 -0.00381200
v 0.03617300 0.00925000 0.04934000
v 0.03617300 0.00925000 0.04934000
v 0.03420800 0.00925000 0.04864700
v 0.03420800 0.00925000 0.04864700
v 0.03259900 0.00925000 0.04732300
v 0.03259900 0.00925000 0.04732300
v 0.03825700 0.00925000 0.04932000
v 0.03825700 0.00925000 0.04932000
v 0.04315700 0.00925000 0.04336400
v 0.04315700 0.00925000 0.04336400
v 0.04171600 0.00925000 0.03952100
v 0.04171600 0.00925000 0.03952100
v 0.04277600 0.00925000 0.04131500
v 0.04277600 0.00925000 0.04131500
v 0.04281500 0.00925000 0.04541900
v 0.04281500 0.00925000 0.04541900
v 0.04179100 0.00925000 0.04723400
v 0.04179100 0.00925000 0.04723400
v 0.04020800 0.00925000 0.04858900
v 0.04020800 0.00925000 0.04858900
v 0.03259900 -0.00895000 0.04732300
v 0.03259900 -0.00895000 0.04732300
v 0.04315700 -0.00895000 0.04336400
v 0.04315700 -0.00895000 0.04336400
v 0.04277600 -0.00895000 0.04131500
v 0.04277600 -0.00895000 0.04131500
v 0.03617300 -0.00895000 0.04934000
v 0.03617300 -0.00895000 0.04934000
v 0.04171600 -0.00895000 0.03952100
v 0.04171600 -0.00895000 0.03952100
v 0.03420800 -0.00895000 0.04864700
v 0.03420800 -0.00895000 0.04864700
v 0.04179100 -0.00895000 0.04723400
v 0.04179100 -0.00895000 0.04723400
v 0.04281500 -0.00895000 0.04541900
v 0.04281500 -0.00895000 0.04541900
v 0.04020800 -0.00895000 0.04858900
v 0.04020800 -0.00895000 0.04858900
v 0.03825700 -0.00895000 0.04932000
v 0.03825700 -0.00895000 0.04932000
v 0.01057200 0.01765000 0.01401900
v 0.01057200 0.01765000 0.01401900
v 0.01062200 0.01765000 0.01337400
v 0.01062200 0.01765000 0.01337400
v -0.00240900 0.01765000 -0.00178800
v -0.00240900 0.01765000 -0.00178800
v -0.00139400 0.01765000 -0.00265600
v -0.00139400 0.01765000 -0.00265600
v 0.01221700 0.01765000 0.01261100
v 0.01221700 0.01765000 0.01261100
v 0.01221700 0.01765000 0.01261100
v -0.00010400 0.01765000 -0.00299800
v -0.00010400 0.01765000 -0.00299800
v 0.00120700 0.01765000 -0.00274600
v 0.00120700 0.01765000 -0.00274600
v 0.01098800 0.01765000 0.01284000
v 0.01098800 0.01765000 0.01284000
v 0.01157200 0.01765000 0.01256100
v 0.01157200 0.01765000 0.01256100
v -0.00290000 0.01765000 0.00076800
v -0.00290000 0.01765000 0.00076800
v -0.00294600 0.01765000 -0.00056600
v -0.00294600 0.01765000 -0.00056600
v 0.01760900 0.01765000 0.01937900
v 0.01760900 0.01765000 0.01937900
v 0.01707100 0.01765000 0.01952100
v 0.01707100 0.01765000 0.01952100
v 0.01664900 0.01765000 0.01988300
v 0.01664900 0.01765000 0.01988300
v 0.01642500 0.01765000 0.02039200
v 0.01642500 0.01765000 0.02039200
v 0.01815500 0.01765000 0.01948400
v 0.01815500 0.01765000 0.01948400
v 0.01815500 0.01765000 0.01948400
v 0.01644400 0.01765000 0.02094800
v 0.01644400 0.01765000 0.02094800
v 0.01644400 0.01765000 0.02094800
v 0.04020800 -0.01145000 0.04858900
v 0.03869400 -0.01145000 0.04922200
v 0.03994600 -0.01145000 0.04873400
v 0.03736500 -0.01145000 0.04941800
v 0.03825700 -0.01145000 0.04932000
v 0.03420800 -0.01145000 0.04864700
v 0.03474300 -0.01145000 0.04891400
v 0.03602600 -0.01145000 0.04931400
v 0.03617300 -0.01145000 0.04934000
v 0.03358100 -0.01145000 0.04823900
v -0.00139400 -0.01735000 -0.00265600
v -0.00139400 -0.01735000 -0.00265600
v -0.00240900 -0.01735000 -0.00178800
v -0.00240900 -0.01735000 -0.00178800
v -0.00294600 -0.01735000 -0.00056600
v -0.00294600 -0.01735000 -0.00056600
v 0.00120700 -0.01735000 -0.00274600
v 0.00120700 -0.01735000 -0.00274600
v -0.00010400 -0.01735000 -0.00299800
v -0.00010400 -0.01735000 -0.00299800
v -0.00290000 -0.01735000 0.00076800
v -0.00290000 -0.01735000 0.00076800
v 0.01062200 -0.01735000 0.01337400
v 0.01062200 -0.01735000 0.01337400
v 0.01098800 -0.01735000 0.01284000
v 0.01098800 -0.01735000 0.01284000
v 0.01157200 -0.01735000 0.01256100
v 0.01157200 -0.01735000 0.01256100
v 0.01221700 -0.01735000 0.01261100
v 0.01221700 -0.01735000 0.01261100
v 0.01221700 -0.01735000 0.01261100
v 0.01815500 -0.01735000 0.01948400
v 0.01815500 -0.01735000 0.01948400
v 0.01815500 -0.01735000 0.01948400
v 0.01760900 -0.01735000 0.01937900
v 0.01760900 -0.01735000 0.01937900
v 0.01707100 -0.01735000 0.01952100
v 0.01707100 -0.01735000 0.01952100
v 0.01057200 -0.01735000 0.01401900
v 0.01057200 -0.01735000 0.01401900
v 0.01664900 -0.01735000 0.01988300
v 0.01664900 -0.01735000 0.01988300
v 0.01642500 -0.01735000 0.02039200
v 0.01642500 -0.01735000 0.02039200
v 0.01644400 -0.01735000 0.02094800
v 0.01644400 -0.01735000 0.02094800
v 0.03937200 -0.01329800 0.04764100
v 0.03967400 -0.01286400 0.04821500
v 0.03987600 -0.01221500 0.04859900
v 0.03865500 -0.01221500 0.04907400
v 0.03736000 -0.01221500 0.04926600
v 0.03605400 -0.01221500 0.04916400
v 0.03480400 -0.01221500 0.04877500
v 0.03367200 -0.01221500 0.04811700
v 0.03854400 -0.01286400 0.04865500
v 0.03734500 -0.01286400 0.04883300
v 0.03613600 -0.01286400 0.04873900
v 0.03497900 -0.01286400 0.04837800
v 0.03393000 -0.01286400 0.04776900
v 0.03837800 -0.01329800 0.04802800
v 0.03732200 -0.01329800 0.04818400
v 0.03625900 -0.01329800 0.04810100
v 0.03524000 -0.01329800 0.04778400
v 0.03431700 -0.01329800 0.04724800
vn -0.46480000 -0.00000000 -0.88540000
vn -0.03460000 -0.00000000 -0.99940000
vn 0.40240000 -0.00000000 -0.91540000
vn 0.46480000 -0.00000000 0.88540000
vn 0.03460000 -0.00000000 0.99940000
vn -0.40240000 -0.00000000 0.91540000
vn 0.80290000 -0.00000000 0.59600000
vn 0.98200000 -0.00000000 0.18860000
vn 0.96660000 -0.00000000 -0.25610000
vn 0.75980000 -0.00000000 -0.65020000
vn -0.80290000 -0.00000000 -0.59600000
vn -0.98200000 -0.00000000 -0.18860000
vn -0.96660000 -0.00000000 0.25610000
vn -0.75980000 -0.00000000 0.65020000
vn -0.00000000 -1.00000000 -0.00000000
vn -0.75980000 -0.00000000 0.65020000
vn -0.00000000 -1.00000000 -0.00000000
vn -0.96660000 -0.00000000 0.25610000
vn -0.00000000 -1.00000000 -0.00000000
vn -0.98200000 -0.00000000 -0.18860000
vn -0.80290000 -0.00000000 -0.59600000
vn -0.00000000 -1.00000000 -0.00000000
vn -0.46480000 -0.00000000 -0.88540000
vn -0.00000000 -1.00000000 -0.00000000
vn -0.00000000 -1.00000000 -0.00000000
vn -0.03460000 -0.00000000 -0.99940000
vn -0.00000000 -1.00000000 -0.00000000
vn 0.40240000 -0.00000000 -0.91540000
vn -0.00000000 -1.00000000 -0.00000000
vn 0.75980000 -0.00000000 -0.65020000
vn -0.75980000 -0.00000000 0.65020000
vn -0.40240000 -0.00000000 0.91540000
vn 0.96660000 -0.00000000 -0.25610000
vn -0.96660000 -0.00000000 0.25610000
vn 0.75980000 -0.00000000 -0.65020000
vn 0.40240000 -0.00000000 -0.91540000
vn 0.98200000 -0.00000000 0.18860000
vn 0.80290000 -0.00000000 0.59600000
vn 0.46480000 -0.00000000 0.88540000
vn 0.03460000 -0.00000000 0.99940000
vn -0.80290000 -0.00000000 -0.59600000
vn -0.98200000 -0.00000000 -0.18860000
vn -0.46480000 -0.00000000 -0.88540000
vn -0.03460000 -0.00000000 -0.99940000
vn 0.75980000 -0.00000000 -0.65020000
vn -0.00000000 1.00000000 -0.00000000
vn 0.40240000 -0.00000000 -0.91540000
vn -0.00000000 1.00000000 -0.00000000
vn -0.00000000 1.00000000 -0.00000000
vn -0.03460000 -0.00000000 -0.99940000
vn -0.00000000 1.00000000 -0.00000000
vn -0.46480000 -0.00000000 -0.88540000
vn -0.80290000 -0.00000000 -0.59600000
vn -0.00000000 1.00000000 -0.00000000
vn -0.00000000 1.00000000 -0.00000000
vn -0.98200000 -0.00000000 -0.18860000
vn -0.96660000 -0.00000000 0.25610000
vn -0.00000000 1.00000000 -0.00000000
vn -0.00000000 1.00000000 -0.00000000
vn -0.75980000 -0.00000000 0.65020000
vn -0.54690000 -0.70700000 0.44830000
vn -0.54500000 -0.70700000 0.45060000
vn -0.00000000 -1.00000000 -0.00000000
vn -0.69510000 -0.70710000 0.12950000
vn -0.00000000 -1.00000000 -0.00000000
vn -0.69510000 -0.70710000 0.12950000
vn -0.66680000 -0.70710000 -0.23540000
vn -0.66680000 -0.70710000 -0.23540000
vn -0.00000000 -1.00000000 -0.00000000
vn -0.45970000 -0.70710000 -0.53720000
vn -0.45970000 -0.70710000 -0.53720000
vn -0.00000000 -1.00000000 -0.00000000
vn -0.12950000 -0.70710000 -0.69510000
vn -0.12950000 -0.70710000 -0.69510000
vn -0.00000000 -1.00000000 -0.00000000
vn 0.23540000 -0.70710000 -0.66680000
vn 0.23540000 -0.70710000 -0.66680000
vn -0.00000000 -1.00000000 -0.00000000
vn 0.52750000 -0.70700000 -0.47100000
vn 0.52940000 -0.70710000 -0.46880000
vn -0.00000000 -1.00000000 -0.00000000
vn 0.68350000 -0.70710000 -0.18110000
vn -0.28460000 -0.70710000 0.64730000
vn 0.69440000 -0.70710000 0.13340000
vn 0.56780000 -0.70710000 0.42150000
vn 0.02450000 -0.70710000 0.70670000
vn 0.32860000 -0.70720000 0.62600000
vn 0.52750000 0.70700000 -0.47100000
vn 0.52940000 0.70710000 -0.46880000
vn -0.00000000 1.00000000 -0.00000000
vn 0.23540000 0.70710000 -0.66680000
vn 0.23540000 0.70710000 -0.66670000
vn -0.00000000 1.00000000 -0.00000000
vn -0.12950000 0.70710000 -0.69510000
vn -0.12950000 0.70710000 -0.69510000
vn -0.00000000 1.00000000 -0.00000000
vn -0.45970000 0.70710000 -0.53720000
vn -0.45970000 0.70710000 -0.53720000
vn -0.00000000 1.00000000 -0.00000000
vn -0.66680000 0.70710000 -0.23540000
vn -0.66680000 0.70710000 -0.23540000
vn -0.00000000 1.00000000 -0.00000000
vn -0.69510000 0.70710000 0.12950000
vn -0.69510000 0.70710000 0.12950000
vn -0.00000000 1.00000000 -0.00000000
vn -0.54690000 0.70700000 0.44840000
vn -0.54500000 0.70700000 0.45060000
vn -0.00000000 1.00000000 -0.00000000
vn -0.28460000 0.70710000 0.64730000
vn 0.32860000 0.70720000 0.62600000
vn 0.56780000 0.70710000 0.42150000
vn 0.69440000 0.70710000 0.13340000
vn 0.68350000 0.70710000 -0.18110000
vn 0.02450000 0.70710000 0.70670000
vn -0.00000000 1.00000000 -0.00000000
vn -0.74750000 -0.00000000 0.66430000
vn -0.00000000 -1.00000000 -0.00000000
vn -0.74750000 -0.00000000 0.66430000
vn -0.00000000 1.00000000 -0.00000000
vn -0.96660000 -0.00000000 0.25610000
vn -0.00000000 -1.00000000 -0.00000000
vn -0.96660000 -0.00000000 0.25610000
vn -0.98200000 -0.00000000 -0.18860000
vn -0.00000000 1.00000000 -0.00000000
vn -0.00000000 -1.00000000 -0.00000000
vn -0.98200000 -0.00000000 -0.18870000
vn -0.80290000 -0.00000000 -0.59610000
vn -0.00000000 1.00000000 -0.00000000
vn -0.00000000 -1.00000000 -0.00000000
vn -0.80290000 -0.00000000 -0.59610000
vn -0.00000000 1.00000000 -0.00000000
vn -0.46480000 -0.00000000 -0.88540000
vn -0.46480000 -0.00000000 -0.88540000
vn -0.00000000 -1.00000000 -0.00000000
vn -0.00000000 1.00000000 -0.00000000
vn -0.03460000 -0.00000000 -0.99940000
vn -0.03460000 -0.00000000 -0.99940000
vn -0.00000000 -1.00000000 -0.00000000
vn 0.40240000 -0.00000000 -0.91540000
vn -0.00000000 1.00000000 -0.00000000
vn 0.40240000 -0.00000000 -0.91540000
vn -0.00000000 -1.00000000 -0.00000000
vn -0.00000000 1.00000000 -0.00000000
vn 0.77180000 -0.00000000 -0.63590000
vn 0.77180000 -0.00000000 -0.63590000
vn -0.00000000 -1.00000000 -0.00000000
vn -0.74750000 -0.00000000 0.66430000
vn -0.00000000 1.00000000 -0.00000000
vn -0.00000000 -1.00000000 -0.00000000
vn -0.74750000 -0.00000000 0.66430000
vn -0.00000000 1.00000000 -0.00000000
vn -0.96660000 -0.00000000 0.25610000
vn -0.96660000 -0.00000000 0.25610000
vn -0.00000000 -1.00000000 -0.00000000
vn -0.98200000 -0.00000000 -0.18860000
vn -0.00000000 1.00000000 -0.00000000
vn -0.00000000 -1.00000000 -0.00000000
vn -0.98200000 -0.00000000 -0.18870000
vn -0.80290000 -0.00000000 -0.59610000
vn -0.00000000 1.00000000 -0.00000000
vn -0.00000000 -1.00000000 -0.00000000
vn -0.80290000 -0.00000000 -0.59610000
vn -0.00000000 1.00000000 -0.00000000
vn -0.46480000 -0.00000000 -0.88540000
vn -0.00000000 -1.00000000 -0.00000000
vn -0.46480000 -0.00000000 -0.88540000
vn -0.00000000 1.00000000 -0.00000000
vn -0.03460000 -0.00000000 -0.99940000
vn -0.03460000 -0.00000000 -0.99940000
vn -0.00000000 -1.00000000 -0.00000000
vn -0.00000000 1.00000000 -0.00000000
vn 0.40240000 -0.00000000 -0.91540000
vn -0.00000000 -1.00000000 -0.00000000
vn 0.40240000 -0.00000000 -0.91540000
vn 0.77180000 -0.00000000 -0.63590000
vn -0.00000000 1.00000000 -0.00000000
vn -0.00000000 -1.00000000 -0.00000000
vn 0.77180000 -0.00000000 -0.63590000
vn -0.08000000 0.99350000 -0.08090000
vn -0.76240000 -0.00000000 0.64710000
vn -0.00000000 -1.00000000 -0.00000000
vn -0.77130000 0.00660000 0.63640000
vn -0.90970000 0.00030000 0.41530000
vn -0.14800000 0.97640000 -0.15720000
vn -0.98310000 0.00770000 0.18310000
vn -0.00000000 -1.00000000 -0.00000000
vn -0.20530000 0.94950000 -0.23720000
vn -0.98650000 -0.00000000 0.16370000
vn -0.99540000 0.00030000 -0.09580000
vn -0.29270000 0.90400000 -0.31160000
vn -0.94290000 0.00750000 -0.33300000
vn -0.00000000 -1.00000000 -0.00000000
vn -0.33380000 0.87260000 -0.35650000
vn -0.93700000 -0.00000000 -0.34920000
vn -0.81860000 0.00030000 -0.57440000
vn -0.36100000 0.84050000 -0.40410000
vn -0.00000000 -1.00000000 -0.00000000
vn -0.65010000 0.00740000 -0.75980000
vn -0.38950000 0.80070000 -0.45510000
vn -0.65030000 -0.00000000 -0.75970000
vn -0.44130000 0.00030000 -0.89740000
vn -0.34520000 0.84050000 -0.41760000
vn -0.18090000 0.00370000 -0.98350000
vn -0.00000000 -1.00000000 -0.00000000
vn -0.14890000 -0.00000000 -0.98890000
vn -0.29220000 0.89230000 -0.34410000
vn -0.00000000 -1.00000000 -0.00000000
vn 0.33290000 0.00030000 -0.94300000
vn 0.23820000 -0.00000000 -0.97120000
vn -0.21770000 0.94210000 -0.25520000
vn 0.74750000 0.00020000 -0.66430000
vn -0.00000000 -1.00000000 -0.00000000
vn -0.06870000 0.99390000 -0.08670000
vn 0.75290000 0.00760000 -0.65810000
vn -0.13670000 0.97590000 -0.16990000
vn 0.55360000 0.00700000 -0.83280000
vn -0.06750000 -0.99350000 -0.09150000
vn 0.75720000 -0.00000000 -0.65320000
vn 0.74800000 -0.00660000 -0.66370000
vn -0.00000000 1.00000000 -0.00000000
vn -0.13250000 -0.97640000 -0.17050000
vn 0.55090000 -0.00030000 -0.83460000
vn -0.00000000 1.00000000 -0.00000000
vn 0.33280000 -0.00770000 -0.94300000
vn -0.20260000 -0.94960000 -0.23940000
vn 0.31410000 -0.00000000 -0.94940000
vn 0.05900000 -0.00030000 -0.99830000
vn -0.26270000 -0.90400000 -0.33740000
vn -0.18330000 -0.00750000 -0.98300000
vn -0.00000000 1.00000000 -0.00000000
vn -0.30070000 -0.87260000 -0.38490000
vn -0.20020000 -0.00000000 -0.97980000
vn -0.34320000 -0.84070000 -0.41890000
vn -0.44100000 -0.00030000 -0.89750000
vn -0.00000000 1.00000000 -0.00000000
vn -0.65010000 -0.00740000 -0.75980000
vn -0.65000000 -0.00000000 -0.75990000
vn -0.38950000 -0.80070000 -0.45510000
vn -0.35920000 -0.84050000 -0.40560000
vn -0.81840000 -0.00030000 -0.57470000
vn -0.00000000 1.00000000 -0.00000000
vn -0.94370000 -0.00370000 -0.33070000
vn -0.29470000 -0.89230000 -0.34180000
vn -0.95400000 -0.00000000 -0.29990000
vn -0.00000000 1.00000000 -0.00000000
vn -0.98310000 -0.00030000 0.18320000
vn -0.99640000 -0.00000000 0.08530000
vn -0.21850000 -0.94210000 -0.25450000
vn -0.00000000 1.00000000 -0.00000000
vn -0.77180000 -0.00020000 0.63590000
vn -0.07500000 -0.99390000 -0.08130000
vn -0.76650000 -0.00760000 0.64220000
vn -0.14660000 -0.97600000 -0.16120000
vn -0.90830000 -0.00700000 0.41820000
vn 0.31390000 -0.78730000 0.53060000
vn 0.39300000 -0.68890000 0.60910000
vn 0.12650000 -0.66160000 0.73910000
vn 0.14790000 -0.92990000 0.33660000
vn 0.24150000 -0.86890000 0.43210000
vn -0.00190000 -0.80490000 0.59340000
vn -0.03300000 -0.99320000 0.11130000
vn 0.06240000 -0.97290000 0.22280000
vn -0.20350000 -0.94580000 0.25320000
vn -0.13840000 -0.89530000 0.42340000
vn -0.36250000 -0.84870000 0.38510000
vn -0.40700000 -0.68920000 0.59950000
vn -0.62990000 -0.37640000 0.67940000
vn -0.61890000 -0.53040000 0.57940000
vn -0.50530000 -0.70890000 0.49200000
vn -0.73820000 -0.10240000 0.66680000
vn -0.75140000 -0.10200000 0.65190000
vn -0.70430000 -0.32610000 0.63050000
vn -0.30470000 -0.62410000 0.71950000
vn -0.57210000 -0.34570000 0.74380000
vn -0.72190000 -0.09240000 0.68580000
vn -0.20970000 -0.51610000 0.83040000
vn -0.51950000 -0.28590000 0.80520000
vn -0.70790000 -0.07650000 0.70220000
vn 0.42950000 -0.62530000 0.65150000
vn 0.17890000 -0.58110000 0.79390000
vn -0.17620000 -0.44590000 0.87750000
vn -0.50630000 -0.24200000 0.82770000
vn -0.70610000 -0.06210000 0.70540000
vn 0.32440000 -0.78810000 0.52310000
vn 0.24170000 -0.87200000 0.42570000
vn -0.00150000 -0.80790000 0.58930000
vn -0.75270000 -0.09410000 0.65170000
vn -0.74190000 -0.08740000 0.66480000
vn -0.70760000 -0.31660000 0.63180000
vn -0.64800000 -0.35670000 0.67290000
vn -0.14320000 -0.89780000 0.41660000
vn -0.37010000 -0.84700000 0.38150000
vn -0.43590000 -0.67410000 0.59630000
vn -0.51860000 -0.69920000 0.49220000
vn -0.62930000 -0.53120000 0.56730000
vn -0.72810000 -0.07870000 0.68090000
vn -0.58910000 -0.32220000 0.74100000
vn -0.32170000 -0.61030000 0.72390000
vn 0.06130000 -0.97290000 0.22310000
vn -0.03330000 -0.99310000 0.11220000
vn -0.20570000 -0.94460000 0.25560000
vn 0.16900000 -0.92970000 0.32720000
vn 0.39240000 -0.68850000 0.60990000
vn 0.12640000 -0.66390000 0.73700000
vn -0.22890000 -0.50470000 0.83240000
vn -0.54020000 -0.26640000 0.79830000
vn -0.71620000 -0.06510000 0.69490000
vn -0.08150000 -0.99480000 0.06130000
vn -0.26060000 -0.94520000 0.19660000
vn -0.42570000 -0.84710000 0.31820000
vn -0.56660000 -0.70400000 0.42830000
vn -0.67970000 -0.52590000 0.51130000
vn -0.75570000 -0.31950000 0.57170000
vn -0.79370000 -0.09750000 0.60040000
vn -0.71880000 -0.09750000 0.68830000
vn -0.68440000 -0.31960000 0.65530000
vn -0.61240000 -0.52610000 0.59000000
vn -0.51260000 -0.70430000 0.49120000
vn -0.38130000 -0.84720000 0.36990000
vn -0.23530000 -0.94540000 0.22570000
vn -0.07330000 -0.99480000 0.07050000
vn -0.93320000 -0.10970000 0.34230000
vn -0.97470000 -0.09510000 0.20200000
vn -0.90060000 -0.38540000 0.20070000
vn -0.99320000 -0.10150000 0.05740000
vn -0.99290000 -0.09300000 -0.07370000
vn -0.92400000 -0.38190000 -0.01950000
vn -0.93010000 -0.10820000 -0.35090000
vn -0.87020000 -0.09500000 -0.48350000
vn -0.80860000 -0.38580000 -0.44420000
vn -0.78960000 -0.10530000 -0.60450000
vn -0.69990000 -0.09380000 -0.70800000
vn -0.67630000 -0.38420000 -0.62850000
vn -0.47520000 -0.10530000 -0.87350000
vn -0.34330000 -0.09500000 -0.93440000
vn -0.31390000 -0.38580000 -0.86750000
vn -0.35270000 -0.92030000 0.16940000
vn -0.09420000 -0.99440000 0.04740000
vn -0.64280000 -0.69950000 0.31230000
vn 0.06140000 -0.99440000 -0.08580000
vn 0.03910000 -0.99440000 -0.09800000
vn 0.23010000 -0.91850000 -0.32140000
vn 0.14650000 -0.91850000 -0.36720000
vn 0.41590000 -0.69970000 -0.58090000
vn 0.26480000 -0.69970000 -0.66360000
vn 0.54110000 -0.38320000 -0.74860000
vn 0.34500000 -0.37930000 -0.85860000
vn 0.01450000 -0.99440000 -0.10450000
vn 0.05440000 -0.91850000 -0.39160000
vn 0.09830000 -0.69970000 -0.70760000
vn 0.12350000 -0.38200000 -0.91590000
vn -0.01090000 -0.99440000 -0.10490000
vn -0.04090000 -0.91850000 -0.39320000
vn -0.07390000 -0.69970000 -0.71060000
vn -0.08810000 -0.38490000 -0.91870000
vn 0.07310000 -0.99480000 -0.07100000
vn 0.27990000 -0.92100000 -0.27100000
vn 0.51150000 -0.70280000 -0.49440000
vn 0.66550000 -0.37950000 -0.64270000
vn 0.71590000 -0.09750000 -0.69140000
vn 0.60630000 -0.09540000 -0.78950000
vn -0.20290000 -0.10820000 -0.97320000
vn -0.05970000 -0.09130000 -0.99400000
vn 0.08070000 -0.09300000 -0.99240000
vn 0.21020000 -0.10150000 -0.97240000
vn 0.35810000 -0.10270000 -0.92800000
vn 0.47080000 -0.13050000 -0.87260000
vn -0.24180000 -0.69970000 -0.67230000
vn -0.13380000 -0.91850000 -0.37200000
vn -0.03570000 -0.99440000 -0.09920000
vn -0.59140000 -0.09380000 -0.80090000
vn -0.51640000 -0.38420000 -0.76530000
vn -0.39570000 -0.69970000 -0.59480000
vn -0.21900000 -0.91850000 -0.32920000
vn -0.05840000 -0.99440000 -0.08780000
vn -0.07770000 -0.99440000 -0.07130000
vn -0.29140000 -0.91850000 -0.26720000
vn -0.52650000 -0.69970000 -0.48290000
vn -0.62680000 -0.69970000 -0.34280000
vn -0.34680000 -0.91850000 -0.18970000
vn -0.09250000 -0.99440000 -0.05060000
vn -0.97290000 -0.09140000 -0.21260000
vn -0.89410000 -0.38490000 -0.22910000
vn -0.69060000 -0.69970000 -0.18290000
vn -0.38220000 -0.91850000 -0.10120000
vn -0.10200000 -0.99440000 -0.02700000
vn -0.10540000 -0.99440000 -0.00180000
vn -0.39530000 -0.91850000 -0.00680000
vn -0.71430000 -0.69970000 -0.01230000
vn -0.69650000 -0.69970000 0.15900000
vn -0.38540000 -0.91850000 0.08800000
vn -0.10280000 -0.99440000 0.02350000
vn -0.87370000 -0.09530000 0.47700000
vn -0.82470000 -0.38110000 0.41790000
vn 0.75320000 -0.31960000 -0.57490000
vn 0.79110000 -0.09750000 -0.60380000
vn 0.87290000 -0.10030000 -0.47750000
vn 0.67760000 -0.52620000 -0.51380000
vn 0.82370000 -0.37410000 -0.42620000
vn 0.89390000 -0.38280000 -0.23320000
vn 0.92280000 -0.12570000 -0.36420000
vn 0.97030000 -0.09260000 -0.22360000
vn 0.99180000 -0.09560000 -0.08510000
vn 0.92360000 -0.38170000 -0.03510000
vn 0.99430000 -0.10090000 0.03450000
vn 0.90740000 -0.38390000 0.17100000
vn 0.98010000 -0.09300000 0.17560000
vn 0.94400000 -0.10630000 0.31250000
vn 0.84250000 -0.38440000 0.37740000
vn 0.64740000 -0.09290000 0.75650000
vn 0.60030000 -0.38410000 0.70150000
vn 0.74720000 -0.10400000 0.65650000
vn 0.74460000 -0.38370000 0.54620000
vn 0.82590000 -0.09310000 0.55610000
vn 0.89480000 -0.09200000 0.43680000
vn 0.42440000 -0.84720000 -0.31960000
vn 0.56450000 -0.70420000 -0.43060000
vn 0.63720000 -0.70000000 -0.32260000
vn 0.69010000 -0.70020000 -0.18290000
vn 0.71350000 -0.70020000 -0.02470000
vn 0.70110000 -0.70020000 0.13470000
vn 0.65360000 -0.70020000 0.28730000
vn 0.57330000 -0.70020000 0.42560000
vn 0.46420000 -0.70020000 0.54240000
vn 0.08090000 -0.99480000 -0.06150000
vn 0.25940000 -0.94540000 -0.19750000
vn 0.34880000 -0.92080000 -0.17450000
vn 0.38130000 -0.91890000 -0.10100000
vn 0.39420000 -0.91890000 -0.01360000
vn 0.38740000 -0.91890000 0.07440000
vn 0.36110000 -0.91890000 0.15870000
vn 0.31670000 -0.91890000 0.23510000
vn 0.25650000 -0.91890000 0.29970000
vn 0.09290000 -0.99450000 -0.04880000
vn 0.10140000 -0.99450000 -0.02690000
vn 0.10490000 -0.99450000 -0.00360000
vn 0.10300000 -0.99450000 0.01980000
vn 0.09610000 -0.99450000 0.04220000
vn 0.08430000 -0.99450000 0.06250000
vn 0.06820000 -0.99450000 0.07970000
vn 0.11510000 -0.99320000 -0.01540000
vn 0.11500000 -0.99320000 -0.01540000
vn 0.32630000 -0.92340000 -0.20210000
vn 0.56330000 -0.71020000 -0.42230000
vn 0.71600000 -0.38920000 -0.57950000
vn 0.76020000 -0.10200000 -0.64160000
vn 0.11600000 -0.99310000 -0.01550000
vn 0.28430000 -0.94470000 -0.16370000
vn 0.43090000 -0.84270000 -0.32280000
vn 0.55960000 -0.70910000 -0.42890000
vn 0.66550000 -0.52550000 -0.53010000
vn 0.73350000 -0.31660000 -0.60140000
vn 0.76020000 -0.09410000 -0.64290000
vn 0.30970000 -0.92990000 0.19820000
vn 0.21050000 -0.97290000 0.09610000
vn 0.43890000 -0.89510000 -0.07840000
vn 0.47570000 -0.78730000 0.39220000
vn 0.38960000 -0.86890000 0.30530000
vn 0.58650000 -0.80490000 0.08980000
vn 0.57730000 -0.62530000 0.52510000
vn 0.54110000 -0.68890000 0.48240000
vn 0.75670000 -0.58110000 0.29950000
vn 0.71070000 -0.66160000 0.23920000
vn 0.89420000 -0.44590000 -0.03850000
vn 0.85290000 -0.51610000 -0.07890000
vn 0.89600000 -0.24200000 -0.37240000
vn 0.87580000 -0.28590000 -0.38880000
vn 0.80610000 -0.06210000 -0.58860000
vn 0.80310000 -0.07640000 -0.59090000
vn 0.75800000 -0.62410000 -0.18980000
vn 0.82320000 -0.34570000 -0.45030000
vn 0.78910000 -0.09240000 -0.60730000
vn 0.64840000 -0.69180000 -0.31780000
vn 0.76250000 -0.38320000 -0.52120000
vn 0.77290000 -0.10250000 -0.62620000
vn 0.45650000 -0.79280000 0.40380000
vn 0.54200000 -0.68850000 0.48190000
vn 0.70850000 -0.66530000 0.23520000
vn 0.76360000 -0.35420000 -0.53990000
vn 0.77150000 -0.08720000 -0.63030000
vn 0.79720000 -0.06510000 -0.60010000
vn 0.78530000 -0.07870000 -0.61410000
vn 0.87220000 -0.26640000 -0.41030000
vn 0.82320000 -0.32220000 -0.46760000
vn 0.85780000 -0.50470000 -0.09750000
vn 0.76500000 -0.61030000 -0.20590000
vn 0.58690000 -0.80410000 0.09480000
vn 0.65150000 -0.68160000 -0.33310000
vn 0.43630000 -0.89640000 -0.07770000
vn 0.38960000 -0.86650000 0.31210000
vn 0.30000000 -0.93130000 0.20650000
vn 0.21090000 -0.97290000 0.09510000
vn -0.70610000 0.06210000 0.70540000
vn -0.50630000 0.24200000 0.82770000
vn -0.51950000 0.28590000 0.80520000
vn -0.17620000 0.44590000 0.87750000
vn -0.20970000 0.51610000 0.83040000
vn 0.17890000 0.58110000 0.79390000
vn 0.12650000 0.66160000 0.73910000
vn 0.42950000 0.62530000 0.65150000
vn 0.39300000 0.68890000 0.60910000
vn 0.31390000 0.78730000 0.53060000
vn -0.00190000 0.80490000 0.59340000
vn 0.24150000 0.86890000 0.43220000
vn 0.14790000 0.93000000 0.33660000
vn -0.13840000 0.89530000 0.42340000
vn 0.06240000 0.97290000 0.22270000
vn -0.03300000 0.99320000 0.11130000
vn -0.30470000 0.62410000 0.71950000
vn -0.40700000 0.68920000 0.59950000
vn -0.20350000 0.94580000 0.25320000
vn -0.36240000 0.84870000 0.38510000
vn -0.50530000 0.70900000 0.49200000
vn -0.61890000 0.53040000 0.57940000
vn -0.57210000 0.34570000 0.74370000
vn -0.62990000 0.37640000 0.67940000
vn -0.70430000 0.32610000 0.63050000
vn -0.70790000 0.07650000 0.70220000
vn -0.72190000 0.09240000 0.68580000
vn -0.73820000 0.10240000 0.66680000
vn -0.75140000 0.10200000 0.65190000
vn -0.08150000 0.99480000 0.06130000
vn -0.26060000 0.94520000 0.19660000
vn -0.42570000 0.84710000 0.31820000
vn -0.56660000 0.70400000 0.42830000
vn -0.67970000 0.52590000 0.51130000
vn -0.75570000 0.31950000 0.57170000
vn -0.79370000 0.09750000 0.60040000
vn 0.32840000 0.79280000 0.51340000
vn 0.39240000 0.68850000 0.60990000
vn 0.12280000 0.66530000 0.73640000
vn -0.65150000 0.35420000 0.67090000
vn -0.74190000 0.08740000 0.66480000
vn -0.75270000 0.09410000 0.65170000
vn -0.71620000 0.06510000 0.69490000
vn -0.72810000 0.07870000 0.68090000
vn -0.54020000 0.26650000 0.79830000
vn -0.58910000 0.32220000 0.74100000
vn -0.22890000 0.50470000 0.83240000
vn -0.32170000 0.61030000 0.72390000
vn 0.00290000 0.80410000 0.59450000
vn -0.42980000 0.68160000 0.59220000
vn -0.14420000 0.89640000 0.41910000
vn -0.70750000 0.31660000 0.63180000
vn -0.62650000 0.52550000 0.57550000
vn -0.51020000 0.70910000 0.48660000
vn -0.38550000 0.84270000 0.37590000
vn -0.20560000 0.94460000 0.25560000
vn 0.24820000 0.86650000 0.43320000
vn 0.15770000 0.93130000 0.32830000
vn 0.06140000 0.97290000 0.22310000
vn -0.03330000 0.99310000 0.11220000
vn 0.61020000 0.52590000 -0.59250000
vn 0.68160000 0.31950000 -0.65830000
vn 0.54030000 0.38110000 -0.75020000
vn -0.82680000 0.37970000 0.41510000
vn -0.87370000 0.09530000 0.47700000
vn 0.71590000 0.09750000 -0.69140000
vn 0.60630000 0.09540000 -0.78950000
vn 0.48240000 0.10970000 -0.86910000
vn 0.33750000 0.38540000 -0.85880000
vn 0.35020000 0.09520000 -0.93180000
vn 0.21020000 0.10150000 -0.97240000
vn 0.12350000 0.38190000 -0.91590000
vn 0.08310000 0.09590000 -0.99190000
vn -0.06210000 0.09460000 -0.99360000
vn -0.08810000 0.38490000 -0.91870000
vn -0.20290000 0.10820000 -0.97320000
vn -0.31390000 0.38580000 -0.86760000
vn -0.34330000 0.09500000 -0.93440000
vn -0.47520000 0.10530000 -0.87350000
vn -0.51640000 0.38420000 -0.76530000
vn -0.59140000 0.09380000 -0.80090000
vn -0.69990000 0.09380000 -0.70800000
vn -0.67630000 0.38420000 -0.62850000
vn -0.78960000 0.10530000 -0.60450000
vn -0.80860000 0.38580000 -0.44420000
vn -0.87020000 0.09500000 -0.48350000
vn -0.93010000 0.10820000 -0.35090000
vn -0.89410000 0.38490000 -0.22900000
vn -0.97200000 0.09460000 -0.21500000
vn -0.99280000 0.09590000 -0.07120000
vn -0.92400000 0.38190000 -0.01950000
vn -0.99320000 0.10150000 0.05740000
vn -0.90160000 0.37920000 0.20820000
vn -0.97220000 0.10270000 0.21040000
vn -0.93480000 0.13040000 0.33030000
vn 0.38010000 0.84710000 -0.37140000
vn 0.51070000 0.70400000 -0.49360000
vn 0.40780000 0.69950000 -0.58690000
vn 0.26480000 0.69970000 -0.66360000
vn 0.09830000 0.69970000 -0.70760000
vn -0.07390000 0.69970000 -0.71060000
vn -0.24180000 0.69970000 -0.67230000
vn -0.39570000 0.69970000 -0.59480000
vn -0.52650000 0.69970000 -0.48290000
vn -0.62680000 0.69970000 -0.34280000
vn -0.69060000 0.69970000 -0.18290000
vn -0.71430000 0.69970000 -0.01230000
vn -0.69650000 0.69970000 0.15900000
vn -0.64280000 0.69950000 0.31230000
vn 0.07310000 0.99480000 -0.07100000
vn 0.07300000 0.99480000 -0.07090000
vn 0.23450000 0.94520000 -0.22700000
vn 0.22180000 0.92030000 -0.32230000
vn 0.14650000 0.91850000 -0.36720000
vn 0.05440000 0.91850000 -0.39160000
vn -0.04090000 0.91850000 -0.39320000
vn -0.13380000 0.91850000 -0.37200000
vn -0.21890000 0.91850000 -0.32920000
vn -0.29140000 0.91850000 -0.26720000
vn -0.34680000 0.91850000 -0.18970000
vn -0.38210000 0.91850000 -0.10120000
vn -0.39520000 0.91860000 -0.00680000
vn -0.38540000 0.91860000 0.08800000
vn -0.35270000 0.92030000 0.16940000
vn 0.06140000 0.99440000 -0.08580000
vn 0.03910000 0.99440000 -0.09800000
vn 0.01450000 0.99440000 -0.10450000
vn -0.01090000 0.99440000 -0.10490000
vn -0.03570000 0.99440000 -0.09920000
vn -0.05840000 0.99440000 -0.08780000
vn -0.07770000 0.99440000 -0.07130000
vn -0.09250000 0.99440000 -0.05060000
vn -0.10200000 0.99440000 -0.02700000
vn -0.10540000 0.99440000 -0.00180000
vn -0.10280000 0.99440000 0.02350000
vn -0.09420000 0.99440000 0.04740000
vn -0.07310000 0.99480000 0.07100000
vn -0.23450000 0.94520000 0.22700000
vn -0.38020000 0.84710000 0.37140000
vn -0.51070000 0.70400000 0.49360000
vn -0.61020000 0.52590000 0.59250000
vn -0.68160000 0.31940000 0.65830000
vn -0.71590000 0.09740000 0.69140000
vn 0.76020000 0.10190000 -0.64160000
vn 0.73180000 0.32610000 -0.59840000
vn 0.66810000 0.53040000 -0.52190000
vn 0.56420000 0.70900000 -0.42320000
vn 0.43650000 0.84870000 -0.29860000
vn 0.28160000 0.94580000 -0.16190000
vn 0.11500000 0.99320000 -0.01540000
vn -0.54030000 0.38110000 0.75020000
vn 0.82680000 0.37970000 -0.41500000
vn 0.87380000 0.09360000 -0.47730000
vn 0.79370000 0.09750000 -0.60040000
vn -0.60650000 0.09360000 0.78950000
vn -0.48240000 0.10970000 0.86910000
vn -0.33750000 0.38550000 0.85880000
vn -0.35020000 0.09320000 0.93200000
vn -0.21020000 0.10150000 0.97240000
vn -0.12350000 0.38190000 0.91590000
vn -0.07960000 0.09180000 0.99260000
vn 0.05840000 0.08880000 0.99430000
vn 0.08810000 0.38490000 0.91870000
vn 0.20300000 0.10820000 0.97320000
vn 0.31380000 0.38580000 0.86760000
vn 0.34340000 0.09290000 0.93460000
vn 0.47520000 0.10530000 0.87360000
vn 0.51640000 0.38420000 0.76530000
vn 0.59210000 0.09230000 0.80060000
vn 0.69940000 0.09230000 0.70870000
vn 0.67630000 0.38420000 0.62850000
vn 0.78960000 0.10530000 0.60450000
vn 0.80860000 0.38580000 0.44420000
vn 0.87030000 0.09290000 0.48370000
vn 0.93010000 0.10810000 0.35090000
vn 0.89410000 0.38490000 0.22910000
vn 0.97340000 0.08880000 0.21140000
vn 0.99300000 0.09180000 0.07460000
vn 0.92400000 0.38190000 0.01950000
vn 0.99320000 0.10150000 -0.05730000
vn 0.90160000 0.37920000 -0.20820000
vn 0.97240000 0.10070000 -0.21030000
vn 0.93480000 0.13050000 -0.33020000
vn -0.40780000 0.69950000 0.58690000
vn -0.26480000 0.69970000 0.66360000
vn -0.09830000 0.69970000 0.70770000
vn 0.07390000 0.69970000 0.71060000
vn 0.24180000 0.69970000 0.67230000
vn 0.39570000 0.69970000 0.59480000
vn 0.52650000 0.69970000 0.48290000
vn 0.62680000 0.69970000 0.34280000
vn 0.69060000 0.69970000 0.18290000
vn 0.71430000 0.69970000 0.01230000
vn 0.69650000 0.69970000 -0.15900000
vn 0.64290000 0.69950000 -0.31220000
vn -0.22190000 0.92030000 0.32230000
vn 0.75570000 0.31950000 -0.57170000
vn 0.67970000 0.52600000 -0.51130000
vn 0.56650000 0.70400000 -0.42830000
vn 0.42570000 0.84710000 -0.31820000
vn -0.14650000 0.91850000 0.36720000
vn -0.05440000 0.91850000 0.39160000
vn 0.04090000 0.91850000 0.39320000
vn 0.13380000 0.91850000 0.37200000
vn 0.21900000 0.91850000 0.32920000
vn 0.29140000 0.91850000 0.26720000
vn 0.34690000 0.91850000 0.18970000
vn 0.38220000 0.91850000 0.10120000
vn 0.39530000 0.91850000 0.00680000
vn 0.38540000 0.91850000 -0.08800000
vn 0.35270000 0.92030000 -0.16940000
vn 0.26060000 0.94520000 -0.19660000
vn -0.06140000 0.99440000 0.08580000
vn -0.03910000 0.99440000 0.09800000
vn -0.01450000 0.99440000 0.10450000
vn 0.01090000 0.99440000 0.10490000
vn 0.03570000 0.99440000 0.09920000
vn 0.05840000 0.99440000 0.08780000
vn 0.07770000 0.99440000 0.07130000
vn 0.09250000 0.99440000 0.05060000
vn 0.10190000 0.99440000 0.02700000
vn 0.10550000 0.99440000 0.00180000
vn 0.10280000 0.99440000 -0.02350000
vn 0.09420000 0.99440000 -0.04740000
vn 0.08150000 0.99480000 -0.06130000
vn 0.47570000 0.78730000 0.39220000
vn 0.54100000 0.68890000 0.48240000
vn 0.71070000 0.66160000 0.23920000
vn 0.30970000 0.93000000 0.19810000
vn 0.38970000 0.86890000 0.30540000
vn 0.58650000 0.80490000 0.08980000
vn 0.21040000 0.97290000 0.09610000
vn 0.43970000 0.89530000 -0.07130000
vn 0.65520000 0.68920000 -0.30940000
vn 0.76860000 0.37640000 -0.51730000
vn 0.77290000 0.10240000 -0.62620000
vn 0.75800000 0.62410000 -0.18980000
vn 0.82320000 0.34570000 -0.45030000
vn 0.78910000 0.09240000 -0.60730000
vn 0.85290000 0.51610000 -0.07890000
vn 0.87580000 0.28590000 -0.38880000
vn 0.80310000 0.07650000 -0.59090000
vn 0.57730000 0.62530000 0.52510000
vn 0.75670000 0.58110000 0.29950000
vn 0.89420000 0.44590000 -0.03850000
vn 0.89600000 0.24200000 -0.37240000
vn 0.80600000 0.06210000 -0.58860000
vn 0.76020000 0.09410000 -0.64290000
vn 0.73350000 0.31660000 -0.60140000
vn 0.65770000 0.53120000 -0.53400000
vn 0.56640000 0.69920000 -0.43630000
vn 0.43410000 0.84700000 -0.30670000
vn 0.28430000 0.94470000 -0.16360000
vn 0.11600000 0.99310000 -0.01550000
vn 0.46670000 0.78810000 0.40140000
vn 0.38320000 0.87200000 0.30460000
vn 0.58250000 0.80790000 0.08960000
vn 0.77150000 0.08720000 -0.63030000
vn 0.76500000 0.35670000 -0.53630000
vn 0.43370000 0.89770000 -0.07710000
vn 0.65650000 0.67410000 -0.33850000
vn 0.78530000 0.07870000 -0.61410000
vn 0.82320000 0.32220000 -0.46750000
vn 0.76490000 0.61030000 -0.20590000
vn 0.21090000 0.97290000 0.09510000
vn 0.29710000 0.92970000 0.21770000
vn 0.54200000 0.68850000 0.48190000
vn 0.70860000 0.66390000 0.23880000
vn 0.85780000 0.50470000 -0.09750000
vn 0.87220000 0.26650000 -0.41030000
vn 0.79720000 0.06510000 -0.60010000
vn 0.64700000 -0.09800000 0.75610000
vn -0.75980000 -0.00000000 0.65020000
vn 0.75980000 -0.00000000 -0.65020000
vn 0.64700000 -0.09800000 0.75610000
vn 0.60070000 -0.38270000 0.70200000
vn -0.75980000 -0.00000000 0.65020000
vn 0.75980000 -0.00000000 -0.65020000
vn 0.60070000 -0.38270000 0.70200000
vn -0.75980000 -0.00000000 0.65020000
vn 0.45970000 -0.70710000 0.53730000
vn 0.75980000 -0.00000000 -0.65020000
vn 0.45970000 -0.70710000 0.53730000
vn -0.75980000 -0.00000000 0.65020000
vn 0.24880000 -0.92390000 0.29080000
vn 0.75970000 0.00010000 -0.65020000
vn 0.75980000 -0.00000000 -0.65020000
vn 0.24880000 -0.92390000 0.29080000
vn 0.06370000 -0.99520000 0.07450000
vn -0.75980000 -0.00000000 0.65020000
vn 0.75980000 -0.00000000 -0.65020000
vn 0.06370000 -0.99520000 0.07450000
vn 0.75970000 0.00010000 -0.65020000
vn 0.06370000 0.99520000 0.07450000
vn -0.75980000 -0.00000000 0.65020000
vn 0.75970000 -0.00010000 -0.65020000
vn 0.75980000 0.00010000 -0.65020000
vn 0.06370000 0.99520000 0.07450000
vn 0.24880000 0.92390000 0.29080000
vn -0.75980000 -0.00000000 0.65020000
vn 0.75970000 -0.00010000 -0.65020000
vn 0.75980000 -0.00000000 -0.65020000
vn 0.24880000 0.92390000 0.29080000
vn -0.75980000 -0.00000000 0.65020000
vn 0.45970000 0.70710000 0.53720000
vn 0.75980000 -0.00000000 -0.65020000
vn 0.45970000 0.70710000 0.53730000
vn 0.60070000 0.38270000 0.70200000
vn -0.75980000 -0.00000000 0.65020000
vn 0.75980000 -0.00000000 -0.65020000
vn 0.60070000 0.38270000 0.70190000
vn 0.60070000 0.38270000 0.70200000
vn -0.75980000 -0.00000000 0.65020000
vn 0.64700000 0.09800000 0.75610000
vn 0.64700000 0.09800000 0.75610000
vn 0.75980000 -0.00000000 -0.65020000
vn 0.75980000 -0.00000000 -0.65020000
vn -0.02030000 0.99950000 -0.02380000
vn -0.02040000 0.99950000 -0.02380000
vn 0.75980000 -0.00010000 -0.65020000
vn 0.75980000 -0.00000000 -0.65020000
vn -0.04070000 0.99800000 -0.04760000
vn -0.04070000 0.99800000 -0.04760000
vn 0.75970000 -0.00010000 -0.65020000
vn 0.75980000 0.00010000 -0.65020000
vn 0.75980000 -0.00000000 -0.65020000
vn 0.75980000 -0.00000000 -0.65020000
vn -0.04070000 0.99800000 -0.04760000
vn -0.04070000 -0.99800000 -0.04760000
vn 0.75980000 0.00010000 -0.65020000
vn 0.75980000 0.00010000 -0.65020000
vn -0.02030000 -0.99950000 -0.02380000
vn -0.04070000 -0.99800000 -0.04760000
vn 0.75980000 -0.00000000 -0.65020000
vn 0.75980000 -0.00000000 -0.65020000
vn -0.04070000 -0.99800000 -0.04760000
vn 0.75970000 0.00010000 -0.65020000
vn 0.04070000 -0.99800000 0.04760000
vn -0.75980000 -0.00000000 0.65020000
vn 0.04070000 -0.99800000 0.04760000
vn 0.75980000 -0.00000000 -0.65020000
vn 0.04070000 -0.99800000 0.04760000
vn -0.75980000 -0.00000000 0.65020000
vn -0.75980000 0.00010000 0.65020000
vn 0.75980000 -0.00000000 -0.65020000
vn 0.04070000 -0.99800000 0.04760000
vn 0.04070000 0.99800000 0.04760000
vn 0.75980000 -0.00000000 -0.65020000
vn 0.04070000 0.99800000 0.04760000
vn -0.75980000 -0.00000000 0.65020000
vn -0.75980000 -0.00010000 0.65020000
vn 0.75980000 -0.00000000 -0.65020000
vn 0.04070000 0.99800000 0.04760000
vn 0.04070000 0.99800000 0.04760000
vn -0.75980000 -0.00000000 0.65020000
vn 0.75980000 -0.00000000 -0.65020000
vn 0.64700000 0.09800000 0.75610000
vn 0.75980000 -0.00000000 -0.65020000
vn 0.64700000 0.09800000 0.75610000
vn 0.60070000 0.38270000 0.70190000
vn 0.75980000 -0.00000000 -0.65020000
vn 0.60070000 0.38270000 0.70200000
vn 0.75980000 -0.00000000 -0.65020000
vn 0.45970000 0.70710000 0.53730000
vn 0.75980000 -0.00000000 -0.65020000
vn 0.75980000 -0.00000000 -0.65020000
vn 0.45980000 0.70710000 0.53730000
vn 0.24880000 0.92390000 0.29080000
vn 0.75980000 -0.00000000 -0.65020000
vn 0.24880000 0.92390000 0.29080000
vn 0.75980000 -0.00000000 -0.65020000
vn 0.06370000 0.99520000 0.07450000
vn 0.75980000 -0.00000000 -0.65020000
vn 0.75980000 -0.00000000 -0.65020000
vn 0.06370000 0.99520000 0.07450000
vn 0.75980000 -0.00000000 -0.65020000
vn 0.06370000 -0.99520000 0.07450000
vn 0.75980000 -0.00000000 -0.65020000
vn 0.06370000 -0.99520000 0.07450000
vn 0.24880000 -0.92390000 0.29080000
vn 0.75980000 -0.00000000 -0.65020000
vn 0.75980000 -0.00000000 -0.65020000
vn 0.24880000 -0.92390000 0.29080000
vn 0.75980000 -0.00000000 -0.65020000
vn 0.45970000 -0.70710000 0.53720000
vn 0.45970000 -0.70710000 0.53720000
vn 0.75980000 -0.00000000 -0.65020000
vn 0.75980000 -0.00000000 -0.65020000
vn 0.60070000 -0.38270000 0.70190000
vn 0.75980000 -0.00000000 -0.65020000
vn 0.60070000 -0.38270000 0.70190000
vn 0.64700000 -0.09800000 0.75610000
vn 0.75980000 -0.00000000 -0.65020000
vn 0.75980000 -0.00000000 -0.65020000
vn 0.64700000 -0.09800000 0.75610000
vn 0.75980000 -0.00000000 -0.65020000
vn -0.25740000 -0.92340000 -0.28480000
vn 0.75980000 -0.00000000 -0.65020000
vn -0.06570000 -0.99560000 -0.06750000
vn -0.56970000 -0.00760000 0.82180000
vn -0.01510000 -0.99970000 -0.01770000
vn 0.75980000 -0.00000000 -0.65020000
vn -0.46420000 -0.70510000 -0.53610000
vn -0.24690000 -0.92260000 -0.29640000
vn -0.75980000 -0.00000000 0.65020000
vn -0.05780000 -0.99550000 -0.07520000
vn -0.75980000 -0.00000000 0.65020000
vn -0.01510000 -0.99970000 -0.01770000
vn 0.89800000 -0.00020000 -0.44000000
vn -0.45920000 -0.70700000 -0.53780000
vn -0.75980000 -0.00000000 0.65020000
vn 0.75980000 -0.00000000 -0.65020000
vn -0.64700000 -0.09800000 -0.75610000
vn -0.75980000 -0.00000000 0.65020000
vn -0.64700000 -0.09800000 -0.75610000
vn 0.75980000 -0.00000000 -0.65020000
vn -0.60070000 -0.38270000 -0.70200000
vn -0.75980000 -0.00000000 0.65020000
vn -0.60070000 -0.38270000 -0.70200000
vn -0.24160000 0.92340000 -0.29840000
vn -0.75980000 -0.00000000 0.65020000
vn -0.05660000 0.99560000 -0.07530000
vn -0.75980000 -0.00000000 0.65020000
vn -0.01510000 0.99970000 -0.01770000
vn -0.01510000 0.99970000 -0.01760000
vn 0.90000000 0.00760000 -0.43590000
vn -0.75980000 -0.00000000 0.65020000
vn -0.45790000 0.70510000 -0.54150000
vn 0.75980000 -0.00000000 -0.65020000
vn -0.25470000 0.92260000 -0.28970000
vn -0.06540000 0.99550000 -0.06870000
vn 0.75980000 -0.00000000 -0.65020000
vn -0.57350000 0.00020000 0.81920000
vn -0.01510000 0.99970000 -0.01770000
vn 0.75980000 -0.00000000 -0.65020000
vn -0.46040000 0.70700000 -0.53680000
vn 0.75980000 -0.00000000 -0.65020000
vn -0.60070000 0.38270000 -0.70190000
vn -0.60070000 0.38270000 -0.70200000
vn -0.75980000 -0.00000000 0.65020000
vn -0.60070000 0.38270000 -0.70190000
vn -0.64700000 0.09800000 -0.75610000
vn 0.75980000 -0.00000000 -0.65020000
vn -0.75980000 -0.00000000 0.65020000
vn -0.64700000 0.09800000 -0.75610000
vn 0.65020000 -0.00000000 0.75980000
vn -0.00000000 1.00000000 -0.00000000
vn 0.18320000 -0.00000000 0.98310000
vn -0.00000000 1.00000000 -0.00000000
vn -0.00000000 1.00000000 -0.00000000
vn 0.94290000 -0.00000000 0.33290000
vn -0.00000000 1.00000000 -0.00000000
vn 0.98310000 -0.00000000 -0.18310000
vn -0.07750000 -0.00000000 0.99700000
vn -0.00000000 1.00000000 -0.00000000
vn -0.56560000 -0.00000000 0.82470000
vn -0.00000000 1.00000000 -0.00000000
vn 0.98150000 0.00700000 -0.19160000
vn 0.46480000 -0.00000000 0.88540000
vn -0.00000000 1.00000000 -0.00000000
vn -0.00000000 1.00000000 -0.00000000
vn 0.03460000 -0.00000000 0.99940000
vn -0.00000000 1.00000000 -0.00000000
vn -0.33650000 -0.00000000 0.94170000
vn -0.00000000 1.00000000 -0.00000000
vn 0.98200000 -0.00000000 0.18870000
vn -0.00000000 1.00000000 -0.00000000
vn 0.80290000 -0.00000000 0.59610000
vn -0.00000000 -1.00000000 -0.00000000
vn 0.94300000 -0.00000000 0.33290000
vn 0.65020000 -0.00000000 0.75980000
vn -0.00000000 -1.00000000 -0.00000000
vn 0.18320000 -0.00000000 0.98310000
vn -0.00000000 -1.00000000 -0.00000000
vn -0.00000000 -1.00000000 -0.00000000
vn 0.98310000 -0.00000000 -0.18310000
vn 0.80290000 -0.00000000 0.59610000
vn -0.00000000 -1.00000000 -0.00000000
vn -0.00000000 -1.00000000 -0.00000000
vn 0.98200000 -0.00000000 0.18870000
vn 0.98240000 -0.00000000 -0.18700000
vn 0.98240000 -0.00000000 -0.18690000
vn -0.00000000 -1.00000000 -0.00000000
vn -0.34090000 -0.00700000 0.94010000
vn -0.00000000 -1.00000000 -0.00000000
vn -0.00000000 -1.00000000 -0.00000000
vn -0.56560000 -0.00000000 0.82470000
vn -0.07750000 -0.00000000 0.99700000
vn 0.03460000 -0.00000000 0.99940000
vn -0.00000000 -1.00000000 -0.00000000
vn 0.46480000 -0.00000000 0.88540000
vn -0.00000000 -1.00000000 -0.00000000
vn -0.28460000 0.70710000 0.64730000
vn -0.00000000 1.00000000 -0.00000000
vn -0.00000000 1.00000000 -0.00000000
vn 0.02450000 0.70710000 0.70670000
vn -0.00000000 1.00000000 -0.00000000
vn 0.68350000 0.70710000 -0.18110000
vn -0.00000000 1.00000000 -0.00000000
vn 0.69440000 0.70710000 0.13340000
vn -0.00000000 1.00000000 -0.00000000
vn 0.56780000 0.70710000 0.42150000
vn -0.00000000 1.00000000 -0.00000000
vn 0.32860000 0.70720000 0.62600000
vn 0.04880000 -0.99450000 0.09290000
vn -0.01980000 -0.99450000 0.10310000
vn 0.00360000 -0.99450000 0.10490000
vn 0.02690000 -0.99450000 0.10140000
vn -0.28450000 -0.70710000 0.64730000
vn -0.00000000 -1.00000000 -0.00000000
vn -0.00000000 -1.00000000 -0.00000000
vn 0.56770000 -0.70710000 0.42150000
vn 0.32860000 -0.70720000 0.62600000
vn -0.00000000 -1.00000000 -0.00000000
vn 0.02450000 -0.70710000 0.70670000
vn -0.00000000 -1.00000000 -0.00000000
vn -0.04220000 -0.99450000 0.09610000
vn -0.06250000 -0.99450000 0.08430000
vn 0.68350000 -0.70710000 -0.18110000
vn -0.00000000 -1.00000000 -0.00000000
vn -0.00000000 -1.00000000 -0.00000000
vn 0.69440000 -0.70710000 0.13340000
vn 0.49210000 -0.02090000 -0.87030000
vn -0.00000000 -1.00000000 -0.00000000
vn 0.70500000 -0.00840000 -0.70910000
vn -0.00000000 -1.00000000 -0.00000000
vn -0.00000000 -1.00000000 -0.00000000
vn -0.76970000 -0.01720000 -0.63810000
vn -0.00000000 -1.00000000 -0.00000000
vn -0.80960000 -0.00840000 0.58700000
vn -0.00000000 -1.00000000 -0.00000000
vn -0.93590000 -0.02090000 0.35170000
vn -0.99980000 -0.01740000 0.00780000
vn -0.00000000 -1.00000000 -0.00000000
vn -0.00000000 -1.00000000 -0.00000000
vn -0.94350000 -0.01970000 -0.33070000
vn -0.00000000 -1.00000000 -0.00000000
vn -0.51150000 -0.01720000 -0.85910000
vn -0.00000000 -1.00000000 -0.00000000
vn -0.18100000 -0.01960000 -0.98330000
vn -0.00000000 -1.00000000 -0.00000000
vn 0.16220000 -0.01740000 -0.98660000
vn -0.00000000 1.00000000 -0.00000000
vn -0.80960000 0.00840000 0.58700000
vn 0.70500000 0.00840000 -0.70910000
vn -0.00000000 1.00000000 -0.00000000
vn -0.00000000 1.00000000 -0.00000000
vn 0.49210000 0.02090000 -0.87030000
vn -0.00000000 1.00000000 -0.00000000
vn 0.15890000 0.01350000 -0.98720000
vn -0.00000000 1.00000000 -0.00000000
vn -0.17780000 0.01630000 -0.98390000
vn -0.00000000 1.00000000 -0.00000000
vn -0.51150000 0.01720000 -0.85910000
vn -0.93590000 0.02090000 0.35170000
vn -0.00000000 1.00000000 -0.00000000
vn -0.99990000 0.01350000 0.00440000
vn -0.00000000 1.00000000 -0.00000000
vn -0.94460000 0.01630000 -0.32780000
vn -0.00000000 1.00000000 -0.00000000
vn -0.00000000 1.00000000 -0.00000000
vn -0.76970000 0.01720000 -0.63810000
vn -0.15730000 -0.01720000 0.98740000
vn -0.00000000 -1.00000000 -0.00000000
vn -0.49220000 -0.02720000 0.87000000
vn -0.00000000 -1.00000000 -0.00000000
vn -0.70660000 -0.01040000 0.70760000
vn -0.00000000 -1.00000000 -0.00000000
vn -0.00000000 -1.00000000 -0.00000000
vn 0.17640000 -0.02180000 0.98410000
vn -0.00000000 -1.00000000 -0.00000000
vn 0.99980000 -0.01720000 -0.00280000
vn -0.00000000 -1.00000000 -0.00000000
vn 0.80830000 -0.01040000 -0.58870000
vn -0.00000000 -1.00000000 -0.00000000
vn 0.93570000 -0.02720000 -0.35190000
vn 0.94500000 -0.02180000 0.32630000
vn -0.00000000 -1.00000000 -0.00000000
vn -0.00000000 -1.00000000 -0.00000000
vn 0.76900000 -0.02220000 0.63890000
vn 0.51240000 -0.02220000 0.85850000
vn -0.00000000 -1.00000000 -0.00000000
vn -0.00000000 1.00000000 -0.00000000
vn -0.70710000 0.01150000 0.70700000
vn -0.00000000 1.00000000 -0.00000000
vn 0.99960000 0.02400000 -0.01150000
vn 0.93640000 0.02660000 -0.35000000
vn -0.00000000 1.00000000 -0.00000000
vn -0.17150000 0.01770000 0.98500000
vn -0.00000000 1.00000000 -0.00000000
vn 0.80780000 0.01150000 -0.58940000
vn -0.00000000 1.00000000 -0.00000000
vn -0.00000000 1.00000000 -0.00000000
vn -0.48610000 0.02200000 0.87360000
vn 0.77420000 0.02410000 0.63240000
vn -0.00000000 1.00000000 -0.00000000
vn 0.94160000 0.02520000 0.33580000
vn -0.00000000 1.00000000 -0.00000000
vn 0.50520000 0.02410000 0.86270000
vn -0.00000000 1.00000000 -0.00000000
vn 0.18630000 0.02510000 0.98220000
vn -0.00000000 1.00000000 -0.00000000
vn 0.98310000 -0.00000000 -0.18310000
vn -0.00000000 1.00000000 -0.00000000
vn -0.00000000 1.00000000 -0.00000000
vn 0.94300000 -0.00000000 0.33290000
vn -0.00000000 1.00000000 -0.00000000
vn 0.80290000 -0.00000000 0.59600000
vn 0.46480000 -0.00000000 0.88540000
vn -0.00000000 1.00000000 -0.00000000
vn -0.07750000 -0.00000000 0.99700000
vn -0.56560000 -0.00000000 0.82470000
vn -0.00000000 1.00000000 -0.00000000
vn 0.03460000 -0.00000000 0.99940000
vn -0.00000000 1.00000000 -0.00000000
vn -0.00000000 1.00000000 -0.00000000
vn -0.40240000 -0.00000000 0.91540000
vn 0.65020000 -0.00000000 0.75980000
vn -0.00000000 1.00000000 -0.00000000
vn 0.18320000 -0.00000000 0.98310000
vn -0.00000000 1.00000000 -0.00000000
vn 0.96660000 -0.00000000 -0.25610000
vn -0.00000000 1.00000000 -0.00000000
vn 0.98200000 -0.00000000 0.18860000
vn -0.00000000 1.00000000 -0.00000000
vn 0.03460000 -0.00000000 0.99940000
vn -0.00000000 1.00000000 -0.00000000
vn 0.46480000 -0.00000000 0.88540000
vn -0.00000000 1.00000000 -0.00000000
vn -0.00000000 1.00000000 -0.00000000
vn 0.80290000 -0.00000000 0.59610000
vn 0.98200000 -0.00000000 0.18870000
vn -0.00000000 1.00000000 -0.00000000
vn -0.00000000 1.00000000 -0.00000000
vn -0.40240000 -0.00000000 0.91550000
vn -0.40250000 -0.00000000 0.91540000
vn -0.00000000 1.00000000 -0.00000000
vn 0.96710000 -0.00270000 -0.25440000
vn 0.96710000 -0.00520000 -0.25450000
vn 0.53310000 -0.10400000 0.83970000
vn 0.29330000 -0.09200000 0.95160000
vn 0.42170000 -0.09310000 0.90190000
vn 0.02190000 -0.09300000 0.99540000
vn 0.16290000 -0.10630000 0.98090000
vn -0.49440000 -0.10760000 0.86250000
vn -0.36680000 -0.08640000 0.92630000
vn -0.24140000 -0.09090000 0.96620000
vn -0.11940000 -0.10090000 0.98770000
vn -0.61330000 -0.09330000 0.78430000
vn -0.00000000 -1.00000000 -0.00000000
vn 0.46480000 -0.00000000 0.88540000
vn 0.80290000 -0.00000000 0.59600000
vn -0.00000000 -1.00000000 -0.00000000
vn 0.98200000 -0.00000000 0.18860000
vn -0.00000000 -1.00000000 -0.00000000
vn -0.40240000 -0.00000000 0.91540000
vn -0.00000000 -1.00000000 -0.00000000
vn 0.03460000 -0.00000000 0.99940000
vn -0.00000000 -1.00000000 -0.00000000
vn -0.00000000 -1.00000000 -0.00000000
vn 0.96660000 -0.00000000 -0.25610000
vn -0.00000000 -1.00000000 -0.00000000
vn 0.94290000 -0.00000000 0.33290000
vn 0.65020000 -0.00000000 0.75980000
vn -0.00000000 -1.00000000 -0.00000000
vn 0.18320000 -0.00000000 0.98310000
vn -0.00000000 -1.00000000 -0.00000000
vn -0.56560000 -0.00000000 0.82470000
vn -0.00000000 -1.00000000 -0.00000000
vn -0.07750000 -0.00000000 0.99700000
vn -0.40090000 0.00270000 0.91610000
vn -0.40080000 0.00520000 0.91610000
vn -0.00000000 -1.00000000 -0.00000000
vn 0.03460000 -0.00000000 0.99940000
vn -0.00000000 -1.00000000 -0.00000000
vn 0.46480000 -0.00000000 0.88540000
vn -0.00000000 -1.00000000 -0.00000000
vn -0.00000000 -1.00000000 -0.00000000
vn 0.98310000 -0.00000000 -0.18310000
vn 0.80290000 -0.00000000 0.59610000
vn -0.00000000 -1.00000000 -0.00000000
vn -0.00000000 -1.00000000 -0.00000000
vn 0.98200000 -0.00000000 0.18870000
vn 0.96660000 -0.00000000 -0.25610000
vn -0.00000000 -1.00000000 -0.00000000
vn 0.18330000 -0.91890000 0.34930000
vn 0.33180000 -0.70020000 0.63210000
vn 0.42450000 -0.38370000 0.82010000
vn 0.24270000 -0.38440000 0.89070000
vn 0.02870000 -0.38390000 0.92290000
vn -0.17740000 -0.38170000 0.90710000
vn -0.36530000 -0.38420000 0.84790000
vn -0.55210000 -0.37970000 0.74230000
vn 0.18290000 -0.70020000 0.69010000
vn 0.02470000 -0.70020000 0.71350000
vn -0.13470000 -0.70020000 0.70110000
vn -0.28730000 -0.70020000 0.65360000
vn -0.41720000 -0.70000000 0.57960000
vn 0.10100000 -0.91890000 0.38130000
vn 0.01370000 -0.91890000 0.39420000
vn -0.07440000 -0.91890000 0.38740000
vn -0.15870000 -0.91890000 0.36110000
vn -0.22640000 -0.92080000 0.31770000
f 14//14 16//16 13//13
f 13//13 16//16 18//18
f 13//13 18//18 12//12
f 12//12 18//18 20//20
f 12//12 20//20 11//11
f 11//11 20//20 21//21
f 11//11 21//21 1//1
f 1//1 21//21 23//23
f 1//1 23//23 2//2
f 2//2 23//23 26//26
f 2//2 26//26 3//3
f 3//3 26//26 28//28
f 3//3 28//28 10//10
f 10//10 28//28 30//30
f 35//35 45//45 36//36
f 36//36 45//45 47//47
f 36//36 47//47 44//44
f 44//44 47//47 50//50
f 44//44 50//50 43//43
f 43//43 50//50 52//52
f 43//43 52//52 41//41
f 41//41 52//52 53//53
f 41//41 53//53 42//42
f 42//42 53//53 56//56
f 42//42 56//56 34//34
f 34//34 56//56 57//57
f 34//34 57//57 31//31
f 31//31 57//57 60//60
f 61//61 62//62 64//64
f 64//64 62//62 66//66
f 64//64 66//66 67//67
f 67//67 66//66 68//68
f 67//67 68//68 70//70
f 70//70 68//68 71//71
f 70//70 71//71 73//73
f 73//73 71//71 74//74
f 73//73 74//74 76//76
f 76//76 74//74 77//77
f 76//76 77//77 79//79
f 79//79 77//77 80//80
f 88//88 89//89 91//91
f 91//91 89//89 92//92
f 91//91 92//92 94//94
f 94//94 92//92 95//95
f 94//94 95//95 97//97
f 97//97 95//95 98//98
f 97//97 98//98 100//100
f 100//100 98//98 101//101
f 100//100 101//101 103//103
f 103//103 101//101 104//104
f 103//103 104//104 106//106
f 106//106 104//104 107//107
f 116//116 118//118 120//120
f 120//120 118//118 122//122
f 120//120 122//122 123//123
f 123//123 122//122 126//126
f 123//123 126//126 127//127
f 127//127 126//126 130//130
f 127//127 130//130 132//132
f 132//132 130//130 133//133
f 132//132 133//133 136//136
f 136//136 133//133 137//137
f 136//136 137//137 139//139
f 139//139 137//137 141//141
f 139//139 141//141 144//144
f 144//144 141//141 145//145
f 147//147 150//150 152//152
f 152//152 150//150 153//153
f 152//152 153//153 155//155
f 155//155 153//153 158//158
f 155//155 158//158 159//159
f 159//159 158//158 162//162
f 159//159 162//162 164//164
f 164//164 162//162 166//166
f 164//164 166//166 168//168
f 168//168 166//166 169//169
f 168//168 169//169 172//172
f 172//172 169//169 174//174
f 172//172 174//174 175//175
f 175//175 174//174 178//178
f 180//180 182//182 183//183
f 183//183 182//182 185//185
f 183//183 185//185 188//188
f 188//188 185//185 189//189
f 189//189 185//185 191//191
f 189//189 191//191 194//194
f 194//194 191//191 195//195
f 195//195 191//191 198//198
f 195//195 198//198 200//200
f 200//200 198//198 201//201
f 201//201 198//198 203//203
f 201//201 203//203 205//205
f 205//205 203//203 208//208
f 205//205 208//208 209//209
f 211//211 214//214 208//208
f 208//208 214//214 216//216
f 208//208 216//216 209//209
f 218//218 219//219 222//222
f 222//222 219//219 224//224
f 222//222 224//224 226//226
f 226//226 224//224 227//227
f 227//227 224//224 229//229
f 227//227 229//229 232//232
f 232//232 229//229 234//234
f 234//234 229//229 236//236
f 234//234 236//236 237//237
f 237//237 236//236 240//240
f 240//240 236//236 242//242
f 240//240 242//242 244//244
f 244//244 242//242 246//246
f 244//244 246//246 247//247
f 250//250 252//252 246//246
f 246//246 252//252 254//254
f 246//246 254//254 247//247
f 255//255 256//256 257//257
f 258//258 259//259 260//260
f 261//261 262//262 263//263
f 263//263 262//262 264//264
f 263//263 264//264 265//265
f 265//265 264//264 266//266
f 267//267 268//268 266//266
f 266//266 268//268 269//269
f 266//266 269//269 265//265
f 270//270 271//271 267//267
f 267//267 271//271 272//272
f 267//267 272//272 268//268
f 262//262 258//258 264//264
f 264//264 258//258 260//260
f 264//264 260//260 266//266
f 266//266 260//260 273//273
f 266//266 273//273 267//267
f 267//267 273//273 274//274
f 267//267 274//274 270//270
f 270//270 274//274 275//275
f 259//259 255//255 260//260
f 260//260 255//255 257//257
f 260//260 257//257 273//273
f 273//273 257//257 276//276
f 273//273 276//276 274//274
f 274//274 276//276 277//277
f 274//274 277//277 275//275
f 275//275 277//277 278//278
f 256//256 279//279 257//257
f 257//257 279//279 280//280
f 257//257 280//280 276//276
f 276//276 280//280 281//281
f 276//276 281//281 277//277
f 277//277 281//281 282//282
f 277//277 282//282 278//278
f 278//278 282//282 283//283
f 284//284 285//285 286//286
f 287//287 288//288 289//289
f 289//289 288//288 290//290
f 291//291 292//292 293//293
f 293//293 292//292 294//294
f 293//293 294//294 290//290
f 290//290 294//294 295//295
f 290//290 295//295 289//289
f 288//288 296//296 290//290
f 290//290 296//296 297//297
f 290//290 297//297 293//293
f 293//293 297//297 298//298
f 293//293 298//298 291//291
f 291//291 298//298 286//286
f 299//299 300//300 291//291
f 291//291 300//300 301//301
f 291//291 301//301 292//292
f 286//286 285//285 291//291
f 291//291 285//285 302//302
f 291//291 302//302 299//299
f 303//303 284//284 304//304
f 304//304 284//284 286//286
f 304//304 286//286 305//305
f 305//305 286//286 298//298
f 305//305 298//298 306//306
f 306//306 298//298 297//297
f 306//306 297//297 307//307
f 307//307 297//297 296//296
f 307//307 283//283 306//306
f 306//306 283//283 282//282
f 306//306 282//282 305//305
f 305//305 282//282 281//281
f 305//305 281//281 304//304
f 304//304 281//281 280//280
f 304//304 280//280 303//303
f 303//303 280//280 279//279
f 308//308 261//261 309//309
f 309//309 261//261 263//263
f 309//309 263//263 310//310
f 310//310 263//263 265//265
f 310//310 265//265 311//311
f 311//311 265//265 269//269
f 311//311 269//269 312//312
f 312//312 269//269 268//268
f 312//312 268//268 313//313
f 313//313 268//268 272//272
f 313//313 272//272 314//314
f 314//314 272//272 271//271
f 315//315 287//287 316//316
f 316//316 287//287 289//289
f 316//316 289//289 317//317
f 317//317 289//289 295//295
f 317//317 295//295 318//318
f 318//318 295//295 294//294
f 318//318 294//294 319//319
f 319//319 294//294 292//292
f 319//319 292//292 320//320
f 320//320 292//292 301//301
f 320//320 301//301 321//321
f 321//321 301//301 300//300
f 322//322 323//323 324//324
f 325//325 326//326 327//327
f 328//328 329//329 330//330
f 331//331 332//332 333//333
f 334//334 335//335 336//336
f 337//337 338//338 308//308
f 308//308 309//309 337//337
f 337//337 309//309 310//310
f 337//337 310//310 339//339
f 340//340 341//341 342//342
f 342//342 341//341 343//343
f 342//342 343//343 344//344
f 344//344 343//343 345//345
f 344//344 345//345 346//346
f 346//346 345//345 347//347
f 341//341 348//348 343//343
f 343//343 348//348 349//349
f 343//343 349//349 345//345
f 345//345 349//349 350//350
f 345//345 350//350 347//347
f 347//347 350//350 351//351
f 348//348 352//352 349//349
f 349//349 352//352 353//353
f 349//349 353//353 350//350
f 350//350 353//353 354//354
f 350//350 354//354 351//351
f 351//351 354//354 355//355
f 356//356 340//340 357//357
f 357//357 340//340 342//342
f 357//357 342//342 358//358
f 358//358 342//342 344//344
f 358//358 344//344 359//359
f 359//359 344//344 346//346
f 359//359 346//346 360//360
f 360//360 346//346 361//361
f 362//362 363//363 355//355
f 355//355 363//363 364//364
f 355//355 364//364 351//351
f 351//351 364//364 365//365
f 351//351 365//365 347//347
f 347//347 365//365 366//366
f 347//347 366//366 346//346
f 346//346 366//366 367//367
f 346//346 367//367 361//361
f 335//335 362//362 336//336
f 336//336 362//362 355//355
f 336//336 355//355 368//368
f 368//368 355//355 354//354
f 368//368 354//354 369//369
f 369//369 354//354 353//353
f 369//369 353//353 370//370
f 370//370 353//353 352//352
f 371//371 334//334 372//372
f 372//372 334//334 336//336
f 372//372 336//336 373//373
f 373//373 336//336 368//368
f 373//373 368//368 374//374
f 374//374 368//368 369//369
f 374//374 369//369 375//375
f 375//375 369//369 370//370
f 375//375 376//376 374//374
f 374//374 376//376 377//377
f 374//374 377//377 373//373
f 373//373 377//377 378//378
f 373//373 378//378 372//372
f 372//372 378//378 333//333
f 372//372 333//333 371//371
f 371//371 333//333 332//332
f 329//329 331//331 330//330
f 330//330 331//331 333//333
f 330//330 333//333 379//379
f 379//379 333//333 378//378
f 379//379 378//378 380//380
f 380//380 378//378 377//377
f 380//380 377//377 381//381
f 381//381 377//377 376//376
f 382//382 328//328 383//383
f 383//383 328//328 330//330
f 383//383 330//330 384//384
f 384//384 330//330 379//379
f 384//384 379//379 385//385
f 385//385 379//379 380//380
f 385//385 380//380 386//386
f 386//386 380//380 381//381
f 386//386 387//387 385//385
f 385//385 387//387 388//388
f 385//385 388//388 384//384
f 384//384 388//388 389//389
f 384//384 389//389 383//383
f 383//383 389//389 327//327
f 383//383 327//327 382//382
f 382//382 327//327 326//326
f 323//323 325//325 324//324
f 324//324 325//325 327//327
f 324//324 327//327 390//390
f 390//390 327//327 389//389
f 390//390 389//389 391//391
f 391//391 389//389 388//388
f 391//391 388//388 392//392
f 392//392 388//388 387//387
f 393//393 322//322 394//394
f 394//394 322//322 324//324
f 394//394 324//324 339//339
f 339//339 324//324 390//390
f 339//339 390//390 337//337
f 337//337 390//390 391//391
f 337//337 391//391 338//338
f 338//338 391//391 392//392
f 310//310 311//311 339//339
f 339//339 311//311 312//312
f 339//339 312//312 394//394
f 394//394 312//312 313//313
f 394//394 313//313 393//393
f 393//393 313//313 314//314
f 395//395 396//396 397//397
f 398//398 395//395 399//399
f 399//399 395//395 397//397
f 399//399 397//397 400//400
f 400//400 397//397 401//401
f 401//401 402//402 400//400
f 400//400 402//402 403//403
f 400//400 403//403 404//404
f 404//404 403//403 405//405
f 404//404 405//405 406//406
f 405//405 407//407 406//406
f 406//406 407//407 408//408
f 406//406 408//408 409//409
f 410//410 411//411 412//412
f 412//412 411//411 413//413
f 412//412 413//413 414//414
f 414//414 413//413 409//409
f 414//414 409//409 415//415
f 415//415 409//409 408//408
f 416//416 417//417 418//418
f 418//418 417//417 398//398
f 398//398 399//399 418//418
f 418//418 399//399 400//400
f 418//418 400//400 419//419
f 419//419 400//400 404//404
f 419//419 404//404 420//420
f 420//420 404//404 406//406
f 420//420 406//406 421//421
f 421//421 406//406 409//409
f 421//421 409//409 422//422
f 422//422 409//409 413//413
f 422//422 413//413 423//423
f 423//423 413//413 411//411
f 423//423 411//411 424//424
f 425//425 426//426 427//427
f 427//427 426//426 416//416
f 416//416 418//418 427//427
f 427//427 418//418 419//419
f 427//427 419//419 428//428
f 428//428 419//419 420//420
f 428//428 420//420 429//429
f 429//429 420//420 421//421
f 429//429 421//421 430//430
f 430//430 421//421 422//422
f 430//430 422//422 431//431
f 431//431 422//422 423//423
f 431//431 423//423 432//432
f 432//432 423//423 424//424
f 432//432 424//424 433//433
f 425//425 427//427 434//434
f 434//434 427//427 428//428
f 434//434 428//428 435//435
f 435//435 428//428 429//429
f 435//435 429//429 436//436
f 436//436 429//429 430//430
f 436//436 430//430 437//437
f 437//437 430//430 431//431
f 437//437 431//431 438//438
f 438//438 431//431 432//432
f 438//438 432//432 439//439
f 439//439 432//432 433//433
f 439//439 433//433 440//440
f 442//442 356//356 357//357
f 442//442 357//357 443//443
f 443//443 357//357 358//358
f 443//443 358//358 444//444
f 444//444 358//358 359//359
f 444//444 359//359 445//445
f 445//445 359//359 360//360
f 445//445 360//360 446//446
f 425//425 447//447 426//426
f 426//426 447//447 448//448
f 426//426 448//448 416//416
f 416//416 448//448 449//449
f 416//416 449//449 417//417
f 417//417 449//449 450//450
f 417//417 450//450 398//398
f 398//398 450//450 451//451
f 398//398 451//451 395//395
f 395//395 451//451 452//452
f 395//395 452//452 396//396
f 396//396 452//452 453//453
f 454//454 455//455 456//456
f 457//457 458//458 459//459
f 460//460 461//461 462//462
f 462//462 461//461 463//463
f 462//462 463//463 464//464
f 464//464 463//463 465//465
f 464//464 465//465 466//466
f 466//466 465//465 467//467
f 466//466 467//467 468//468
f 468//468 467//467 469//469
f 461//461 457//457 463//463
f 463//463 457//457 459//459
f 463//463 459//459 465//465
f 465//465 459//459 470//470
f 465//465 470//470 467//467
f 467//467 470//470 471//471
f 467//467 471//471 469//469
f 469//469 471//471 472//472
f 458//458 454//454 459//459
f 459//459 454//454 456//456
f 459//459 456//456 470//470
f 470//470 456//456 473//473
f 470//470 473//473 471//471
f 471//471 473//473 474//474
f 471//471 474//474 472//472
f 472//472 474//474 475//475
f 455//455 442//442 456//456
f 456//456 442//442 443//443
f 456//456 443//443 473//473
f 473//473 443//443 444//444
f 473//473 444//444 474//474
f 474//474 444//444 445//445
f 474//474 445//445 475//475
f 475//475 445//445 446//446
f 476//476 477//477 478//478
f 479//479 480//480 453//453
f 481//481 482//482 483//483
f 483//483 482//482 484//484
f 483//483 484//484 485//485
f 485//485 484//484 486//486
f 485//485 486//486 478//478
f 478//478 486//486 487//487
f 482//482 480//480 484//484
f 484//484 480//480 479//479
f 484//484 479//479 486//486
f 486//486 479//479 488//488
f 486//486 488//488 487//487
f 487//487 488//488 489//489
f 453//453 452//452 479//479
f 479//479 452//452 451//451
f 479//479 451//451 488//488
f 488//488 451//451 450//450
f 488//488 450//450 489//489
f 489//489 450//450 449//449
f 489//489 449//449 448//448
f 468//468 481//481 466//466
f 466//466 481//481 483//483
f 466//466 483//483 464//464
f 464//464 483//483 485//485
f 464//464 485//485 462//462
f 462//462 485//485 478//478
f 462//462 478//478 460//460
f 460//460 478//478 477//477
f 476//476 478//478 490//490
f 490//490 478//478 487//487
f 490//490 487//487 491//491
f 491//491 487//487 489//489
f 491//491 489//489 492//492
f 492//492 489//489 448//448
f 492//492 448//448 447//447
f 493//493 494//494 495//495
f 494//494 496//496 497//497
f 496//496 498//498 499//499
f 498//498 500//500 501//501
f 498//498 501//501 499//499
f 499//499 501//501 502//502
f 499//499 502//502 503//503
f 502//502 504//504 503//503
f 503//503 504//504 505//505
f 503//503 505//505 506//506
f 506//506 505//505 507//507
f 506//506 507//507 508//508
f 496//496 499//499 497//497
f 497//497 499//499 503//503
f 497//497 503//503 509//509
f 509//509 503//503 506//506
f 509//509 506//506 510//510
f 508//508 511//511 506//506
f 506//506 511//511 512//512
f 506//506 512//512 510//510
f 510//510 512//512 513//513
f 510//510 513//513 514//514
f 494//494 497//497 495//495
f 495//495 497//497 509//509
f 495//495 509//509 515//515
f 515//515 509//509 510//510
f 515//515 510//510 516//516
f 516//516 510//510 514//514
f 516//516 514//514 517//517
f 493//493 495//495 518//518
f 518//518 495//495 515//515
f 518//518 515//515 519//519
f 519//519 515//515 516//516
f 519//519 516//516 520//520
f 520//520 516//516 517//517
f 520//520 517//517 521//521
f 508//508 522//522 511//511
f 511//511 522//522 523//523
f 511//511 523//523 512//512
f 512//512 523//523 524//524
f 512//512 524//524 513//513
f 513//513 524//524 525//525
f 513//513 525//525 514//514
f 514//514 525//525 526//526
f 514//514 526//526 517//517
f 517//517 526//526 527//527
f 517//517 527//527 521//521
f 521//521 527//527 528//528
f 529//529 530//530 531//531
f 532//532 533//533 534//534
f 535//535 536//536 537//537
f 537//537 536//536 538//538
f 537//537 538//538 539//539
f 539//539 538//538 540//540
f 539//539 540//540 531//531
f 531//531 540//540 541//541
f 536//536 533//533 538//538
f 538//538 533//533 532//532
f 538//538 532//532 540//540
f 540//540 532//532 542//542
f 540//540 542//542 541//541
f 541//541 542//542 543//543
f 534//534 544//544 532//532
f 532//532 544//544 545//545
f 532//532 545//545 542//542
f 542//542 545//545 546//546
f 542//542 546//546 543//543
f 543//543 546//546 547//547
f 543//543 547//547 548//548
f 493//493 535//535 494//494
f 494//494 535//535 537//537
f 494//494 537//537 496//496
f 496//496 537//537 539//539
f 496//496 539//539 498//498
f 498//498 539//539 531//531
f 498//498 531//531 500//500
f 500//500 531//531 530//530
f 529//529 531//531 549//549
f 549//549 531//531 541//541
f 549//549 541//541 550//550
f 550//550 541//541 543//543
f 550//550 543//543 551//551
f 551//551 543//543 548//548
f 551//551 548//548 552//552
f 553//553 554//554 555//555
f 556//556 557//557 528//528
f 554//554 558//558 559//559
f 554//554 559//559 555//555
f 555//555 559//559 560//560
f 555//555 560//560 561//561
f 560//560 562//562 561//561
f 561//561 562//562 563//563
f 561//561 563//563 564//564
f 563//563 565//565 564//564
f 564//564 565//565 566//566
f 564//564 566//566 567//567
f 567//567 566//566 568//568
f 567//567 568//568 569//569
f 568//568 570//570 569//569
f 569//569 570//570 571//571
f 569//569 571//571 572//572
f 571//571 573//573 572//572
f 572//572 573//573 574//574
f 572//572 574//574 575//575
f 575//575 574//574 576//576
f 575//575 576//576 577//577
f 576//576 578//578 577//577
f 577//577 578//578 579//579
f 577//577 579//579 580//580
f 579//579 581//581 580//580
f 580//580 581//581 582//582
f 580//580 582//582 583//583
f 583//583 582//582 584//584
f 583//583 584//584 585//585
f 585//585 584//584 586//586
f 585//585 586//586 556//556
f 556//556 586//586 587//587
f 556//556 587//587 557//557
f 588//588 589//589 590//590
f 590//590 589//589 553//553
f 553//553 555//555 590//590
f 590//590 555//555 561//561
f 590//590 561//561 591//591
f 591//591 561//561 564//564
f 591//591 564//564 592//592
f 592//592 564//564 567//567
f 592//592 567//567 593//593
f 593//593 567//567 569//569
f 593//593 569//569 594//594
f 594//594 569//569 572//572
f 594//594 572//572 595//595
f 595//595 572//572 575//575
f 595//595 575//575 596//596
f 596//596 575//575 577//577
f 596//596 577//577 597//597
f 597//597 577//577 580//580
f 597//597 580//580 598//598
f 598//598 580//580 583//583
f 598//598 583//583 599//599
f 599//599 583//583 585//585
f 599//599 585//585 600//600
f 600//600 585//585 556//556
f 600//600 556//556 601//601
f 603//603 604//604 605//605
f 605//605 604//604 588//588
f 528//528 527//527 556//556
f 556//556 527//527 526//526
f 556//556 526//526 601//601
f 601//601 526//526 525//525
f 601//601 525//525 524//524
f 588//588 590//590 605//605
f 605//605 590//590 591//591
f 605//605 591//591 606//606
f 606//606 591//591 592//592
f 606//606 592//592 607//607
f 607//607 592//592 593//593
f 607//607 593//593 608//608
f 608//608 593//593 594//594
f 608//608 594//594 609//609
f 609//609 594//594 595//595
f 609//609 595//595 610//610
f 610//610 595//595 596//596
f 610//610 596//596 611//611
f 611//611 596//596 597//597
f 611//611 597//597 612//612
f 612//612 597//597 598//598
f 612//612 598//598 613//613
f 613//613 598//598 599//599
f 613//613 599//599 614//614
f 614//614 599//599 600//600
f 614//614 600//600 615//615
f 615//615 600//600 601//601
f 615//615 601//601 616//616
f 616//616 601//601 524//524
f 616//616 524//524 523//523
f 603//603 605//605 617//617
f 617//617 605//605 606//606
f 617//617 606//606 618//618
f 618//618 606//606 607//607
f 618//618 607//607 619//619
f 619//619 607//607 608//608
f 619//619 608//608 620//620
f 620//620 608//608 609//609
f 620//620 609//609 621//621
f 621//621 609//609 610//610
f 621//621 610//610 622//622
f 622//622 610//610 611//611
f 622//622 611//611 623//623
f 623//623 611//611 612//612
f 623//623 612//612 624//624
f 624//624 612//612 613//613
f 624//624 613//613 625//625
f 625//625 613//613 614//614
f 625//625 614//614 626//626
f 626//626 614//614 615//615
f 626//626 615//615 627//627
f 627//627 615//615 616//616
f 627//627 616//616 628//628
f 628//628 616//616 523//523
f 628//628 523//523 522//522
f 629//629 552//552 630//630
f 630//630 552//552 548//548
f 630//630 548//548 631//631
f 631//631 548//548 547//547
f 631//631 547//547 632//632
f 632//632 547//547 546//546
f 632//632 546//546 633//633
f 633//633 546//546 545//545
f 633//633 545//545 634//634
f 634//634 545//545 544//544
f 634//634 544//544 635//635
f 635//635 544//544 534//534
f 636//636 558//558 637//637
f 637//637 558//558 554//554
f 637//637 554//554 638//638
f 638//638 554//554 553//553
f 638//638 553//553 639//639
f 639//639 553//553 589//589
f 639//639 589//589 640//640
f 640//640 589//589 588//588
f 640//640 588//588 641//641
f 641//641 588//588 604//604
f 641//641 604//604 642//642
f 642//642 604//604 603//603
f 633//633 634//634 643//643
f 644//644 645//645 646//646
f 634//634 635//635 647//647
f 634//634 647//647 643//643
f 643//643 647//647 648//648
f 643//643 648//648 649//649
f 648//648 650//650 649//649
f 649//649 650//650 651//651
f 649//649 651//651 652//652
f 651//651 653//653 652//652
f 652//652 653//653 654//654
f 652//652 654//654 655//655
f 655//655 654//654 656//656
f 655//655 656//656 657//657
f 656//656 658//658 657//657
f 657//657 658//658 659//659
f 657//657 659//659 660//660
f 659//659 661//661 660//660
f 660//660 661//661 662//662
f 660//660 662//662 663//663
f 663//663 662//662 664//664
f 663//663 664//664 665//665
f 664//664 666//666 665//665
f 665//665 666//666 667//667
f 665//665 667//667 668//668
f 667//667 669//669 668//668
f 668//668 669//669 670//670
f 668//668 670//670 671//671
f 671//671 670//670 672//672
f 671//671 672//672 673//673
f 673//673 672//672 674//674
f 673//673 674//674 644//644
f 644//644 674//674 675//675
f 644//644 675//675 645//645
f 631//631 632//632 676//676
f 676//676 632//632 633//633
f 633//633 643//643 676//676
f 676//676 643//643 649//649
f 676//676 649//649 677//677
f 677//677 649//649 652//652
f 677//677 652//652 678//678
f 678//678 652//652 655//655
f 678//678 655//655 679//679
f 679//679 655//655 657//657
f 679//679 657//657 680//680
f 680//680 657//657 660//660
f 680//680 660//660 681//681
f 681//681 660//660 663//663
f 681//681 663//663 682//682
f 682//682 663//663 665//665
f 682//682 665//665 683//683
f 683//683 665//665 668//668
f 683//683 668//668 684//684
f 684//684 668//668 671//671
f 684//684 671//671 685//685
f 685//685 671//671 673//673
f 685//685 673//673 686//686
f 686//686 673//673 644//644
f 686//686 644//644 687//687
f 629//629 630//630 688//688
f 688//688 630//630 631//631
f 646//646 689//689 644//644
f 644//644 689//689 690//690
f 644//644 690//690 687//687
f 687//687 690//690 691//691
f 687//687 691//691 692//692
f 631//631 676//676 688//688
f 688//688 676//676 677//677
f 688//688 677//677 693//693
f 693//693 677//677 678//678
f 693//693 678//678 694//694
f 694//694 678//678 679//679
f 694//694 679//679 695//695
f 695//695 679//679 680//680
f 695//695 680//680 696//696
f 696//696 680//680 681//681
f 696//696 681//681 697//697
f 697//697 681//681 682//682
f 697//697 682//682 698//698
f 698//698 682//682 683//683
f 698//698 683//683 699//699
f 699//699 683//683 684//684
f 699//699 684//684 700//700
f 700//700 684//684 685//685
f 700//700 685//685 701//701
f 701//701 685//685 686//686
f 701//701 686//686 702//702
f 702//702 686//686 687//687
f 702//702 687//687 703//703
f 703//703 687//687 692//692
f 703//703 692//692 704//704
f 629//629 688//688 705//705
f 705//705 688//688 693//693
f 705//705 693//693 706//706
f 706//706 693//693 694//694
f 706//706 694//694 707//707
f 707//707 694//694 695//695
f 707//707 695//695 708//708
f 708//708 695//695 696//696
f 708//708 696//696 709//709
f 709//709 696//696 697//697
f 709//709 697//697 710//710
f 710//710 697//697 698//698
f 710//710 698//698 711//711
f 711//711 698//698 699//699
f 711//711 699//699 712//712
f 712//712 699//699 700//700
f 712//712 700//700 713//713
f 713//713 700//700 701//701
f 713//713 701//701 714//714
f 714//714 701//701 702//702
f 714//714 702//702 715//715
f 715//715 702//702 703//703
f 715//715 703//703 716//716
f 716//716 703//703 704//704
f 716//716 704//704 717//717
f 718//718 719//719 720//720
f 721//721 722//722 723//723
f 642//642 724//724 641//641
f 641//641 724//724 725//725
f 641//641 725//725 640//640
f 640//640 725//725 726//726
f 727//727 638//638 726//726
f 726//726 638//638 639//639
f 726//726 639//639 640//640
f 728//728 636//636 727//727
f 727//727 636//636 637//637
f 727//727 637//637 638//638
f 724//724 721//721 725//725
f 725//725 721//721 723//723
f 725//725 723//723 726//726
f 726//726 723//723 729//729
f 726//726 729//729 727//727
f 727//727 729//729 730//730
f 727//727 730//730 728//728
f 728//728 730//730 731//731
f 722//722 718//718 723//723
f 723//723 718//718 720//720
f 723//723 720//720 729//729
f 729//729 720//720 732//732
f 729//729 732//732 730//730
f 730//730 732//732 733//733
f 730//730 733//733 731//731
f 731//731 733//733 734//734
f 719//719 735//735 720//720
f 720//720 735//735 736//736
f 720//720 736//736 732//732
f 732//732 736//736 737//737
f 732//732 737//737 733//733
f 733//733 737//737 738//738
f 733//733 738//738 734//734
f 734//734 738//738 739//739
f 646//646 740//740 689//689
f 689//689 740//740 741//741
f 689//689 741//741 690//690
f 690//690 741//741 742//742
f 690//690 742//742 691//691
f 691//691 742//742 743//743
f 691//691 743//743 692//692
f 692//692 743//743 744//744
f 692//692 744//744 704//704
f 704//704 744//744 745//745
f 704//704 745//745 717//717
f 717//717 745//745 746//746
f 747//747 748//748 749//749
f 740//740 750//750 741//741
f 741//741 750//750 751//751
f 752//752 744//744 753//753
f 753//753 744//744 743//743
f 753//753 743//743 751//751
f 751//751 743//743 742//742
f 751//751 742//742 741//741
f 750//750 754//754 751//751
f 751//751 754//754 755//755
f 751//751 755//755 753//753
f 753//753 755//755 756//756
f 753//753 756//756 752//752
f 752//752 756//756 749//749
f 757//757 746//746 752//752
f 752//752 746//746 745//745
f 752//752 745//745 744//744
f 749//749 748//748 752//752
f 752//752 748//748 758//758
f 752//752 758//758 757//757
f 759//759 747//747 760//760
f 760//760 747//747 749//749
f 760//760 749//749 761//761
f 761//761 749//749 756//756
f 761//761 756//756 762//762
f 762//762 756//756 755//755
f 762//762 755//755 763//763
f 763//763 755//755 754//754
f 763//763 739//739 762//762
f 762//762 739//739 738//738
f 762//762 738//738 761//761
f 761//761 738//738 737//737
f 761//761 737//737 760//760
f 760//760 737//737 736//736
f 760//760 736//736 759//759
f 759//759 736//736 735//735
f 764//764 767//767 768//768
f 768//768 767//767 771//771
f 768//768 771//771 773//773
f 773//773 771//771 775//775
f 773//773 775//775 777//777
f 777//777 775//775 780//780
f 777//777 780//780 781//781
f 781//781 780//780 784//784
f 786//786 790//790 791//791
f 791//791 790//790 795//795
f 791//791 795//795 797//797
f 797//797 795//795 799//799
f 797//797 799//799 800//800
f 800//800 799//799 803//803
f 800//800 804//804 806//806
f 806//806 804//804 807//807
f 811//811 814//814 815//815
f 815//815 814//814 820//820
f 821//821 824//824 825//825
f 825//825 824//824 828//828
f 830//830 832//832 834//834
f 834//834 832//832 838//838
f 839//839 841//841 845//845
f 845//845 841//841 846//846
f 460//460 279//279 461//461
f 461//461 279//279 256//256
f 461//461 256//256 457//457
f 457//457 256//256 255//255
f 457//457 255//255 458//458
f 458//458 255//255 259//259
f 458//458 259//259 454//454
f 454//454 259//259 258//258
f 454//454 258//258 455//455
f 455//455 258//258 262//262
f 455//455 262//262 442//442
f 442//442 262//262 261//261
f 642//642 508//508 724//724
f 724//724 508//508 507//507
f 724//724 507//507 721//721
f 721//721 507//507 505//505
f 721//721 505//505 722//722
f 722//722 505//505 504//504
f 722//722 504//504 718//718
f 718//718 504//504 502//502
f 718//718 502//502 719//719
f 719//719 502//502 501//501
f 719//719 501//501 735//735
f 735//735 501//501 500//500
f 279//279 460//460 303//303
f 303//303 460//460 477//477
f 303//303 477//477 284//284
f 284//284 477//477 476//476
f 284//284 476//476 285//285
f 285//285 476//476 490//490
f 285//285 490//490 302//302
f 302//302 490//490 491//491
f 302//302 491//491 299//299
f 299//299 491//491 492//492
f 299//299 492//492 300//300
f 300//300 492//492 447//447
f 552//552 746//746 551//551
f 551//551 746//746 757//757
f 551//551 757//757 550//550
f 550//550 757//757 758//758
f 550//550 758//758 549//549
f 549//549 758//758 748//748
f 549//549 748//748 529//529
f 529//529 748//748 747//747
f 529//529 747//747 530//530
f 530//530 747//747 759//759
f 530//530 759//759 500//500
f 500//500 759//759 735//735
f 849//849 851//851 852//852
f 852//852 851//851 854//854
f 852//852 854//854 856//856
f 856//856 854//854 859//859
f 856//856 859//859 860//860
f 860//860 859//859 862//862
f 860//860 862//862 864//864
f 864//864 862//862 867//867
f 869//869 871//871 872//872
f 872//872 871//871 875//875
f 872//872 875//875 877//877
f 877//877 875//875 878//878
f 877//877 878//878 881//881
f 881//881 878//878 883//883
f 881//881 883//883 884//884
f 884//884 883//883 887//887
f 243//243 248//248 889//889
f 889//889 248//248 253//253
f 889//889 253//253 891//891
f 891//891 253//253 251//251
f 891//891 251//251 893//893
f 243//243 889//889 239//239
f 239//239 889//889 895//895
f 239//239 895//895 238//238
f 221//221 896//896 217//217
f 217//217 896//896 898//898
f 217//217 898//898 900//900
f 221//221 225//225 896//896
f 896//896 225//225 228//228
f 896//896 228//228 902//902
f 902//902 228//228 231//231
f 902//902 231//231 233//233
f 905//905 907//907 909//909
f 909//909 907//907 911//911
f 909//909 911//911 895//895
f 895//895 911//911 902//902
f 895//895 902//902 238//238
f 238//238 902//902 233//233
f 206//206 210//210 912//912
f 912//912 210//210 215//215
f 912//912 215//215 914//914
f 914//914 215//215 213//213
f 914//914 213//213 917//917
f 206//206 912//912 202//202
f 202//202 912//912 920//920
f 202//202 920//920 199//199
f 184//184 922//922 179//179
f 179//179 922//922 923//923
f 179//179 923//923 926//926
f 184//184 187//187 922//922
f 922//922 187//187 190//190
f 922//922 190//190 928//928
f 928//928 190//190 193//193
f 928//928 193//193 196//196
f 196//196 199//199 928//928
f 928//928 199//199 920//920
f 928//928 920//920 930//930
f 930//930 920//920 931//931
f 930//930 933//933 934//934
f 934//934 933//933 937//937
f 823//823 783//783 827//827
f 829//829 785//785 778//778
f 827//827 779//779 870//870
f 802//802 798//798 866//866
f 866//866 798//798 794//794
f 866//866 794//794 818//818
f 816//816 793//793 788//788
f 817//817 789//789 809//809
f 802//802 866//866 808//808
f 808//808 866//866 863//863
f 808//808 863//863 858//858
f 779//779 774//774 870//870
f 870//870 774//774 770//770
f 870//870 770//770 874//874
f 874//874 770//770 766//766
f 874//874 766//766 879//879
f 879//879 766//766 882//882
f 858//858 855//855 808//808
f 808//808 855//855 850//850
f 808//808 850//850 766//766
f 766//766 850//850 886//886
f 766//766 886//886 882//882
f 807//807 767//767 806//806
f 806//806 767//767 764//764
f 845//845 939//939 941//941
f 939//939 845//845 942//942
f 942//942 845//845 846//846
f 942//942 846//846 944//944
f 941//941 947//947 845//845
f 845//845 947//947 148//148
f 845//845 148//148 923//923
f 944//944 846//846 176//176
f 176//176 846//846 914//914
f 176//176 914//914 171//171
f 163//163 916//916 949//949
f 151//151 952//952 148//148
f 148//148 952//952 953//953
f 148//148 953//953 923//923
f 923//923 953//953 955//955
f 923//923 955//955 926//926
f 917//917 163//163 914//914
f 914//914 163//163 167//167
f 914//914 167//167 171//171
f 949//949 957//957 163//163
f 163//163 957//957 959//959
f 163//163 959//959 160//160
f 160//160 959//959 952//952
f 160//160 952//952 156//156
f 156//156 952//952 151//151
f 961//961 834//834 964//964
f 964//964 834//834 838//838
f 964//964 838//838 966//966
f 961//961 967//967 834//834
f 834//834 967//967 146//146
f 834//834 146//146 898//898
f 970//970 971//971 134//134
f 146//146 142//142 898//898
f 898//898 142//142 138//138
f 898//898 138//138 900//900
f 900//900 138//138 134//134
f 900//900 134//134 975//975
f 975//975 134//134 971//971
f 893//893 977//977 891//891
f 891//891 977//977 117//117
f 891//891 117//117 838//838
f 838//838 117//117 978//978
f 838//838 978//978 966//966
f 977//977 982//982 117//117
f 117//117 982//982 984//984
f 117//117 984//984 121//121
f 121//121 984//984 125//125
f 970//970 134//134 984//984
f 984//984 134//134 129//129
f 984//984 129//129 125//125
f 713//713 714//714 102//102
f 102//102 714//714 105//105
f 713//713 102//102 712//712
f 712//712 102//102 99//99
f 712//712 99//99 711//711
f 96//96 709//709 99//99
f 99//99 709//709 710//710
f 99//99 710//710 711//711
f 93//93 707//707 96//96
f 96//96 707//707 708//708
f 96//96 708//708 709//709
f 714//714 715//715 105//105
f 105//105 715//715 716//716
f 105//105 716//716 108//108
f 108//108 716//716 717//717
f 108//108 717//717 986//986
f 986//986 717//717 746//746
f 986//986 746//746 987//987
f 90//90 705//705 93//93
f 93//93 705//705 706//706
f 93//93 706//706 707//707
f 989//989 552//552 90//90
f 90//90 552//552 629//629
f 90//90 629//629 705//705
f 989//989 991//991 552//552
f 552//552 991//991 993//993
f 552//552 993//993 746//746
f 746//746 993//993 995//995
f 746//746 995//995 987//987
f 438//438 439//439 69//69
f 69//69 439//439 72//72
f 439//439 440//440 72//72
f 72//72 440//440 997//997
f 72//72 997//997 75//75
f 65//65 436//436 69//69
f 69//69 436//436 437//437
f 69//69 437//437 438//438
f 63//63 434//434 65//65
f 65//65 434//434 435//435
f 65//65 435//435 436//436
f 998//998 78//78 999//999
f 999//999 78//78 75//75
f 999//999 75//75 1000//1000
f 1000//1000 75//75 997//997
f 1002//1002 447//447 63//63
f 63//63 447//447 425//425
f 63//63 425//425 434//434
f 1003//1003 300//300 1006//1006
f 1006//1006 300//300 447//447
f 1006//1006 447//447 1008//1008
f 1008//1008 447//447 1002//1002
f 998//998 1009//1009 78//78
f 78//78 1009//1009 1010//1010
f 78//78 1010//1010 81//81
f 81//81 1010//1010 321//321
f 81//81 321//321 1012//1012
f 1012//1012 321//321 300//300
f 1012//1012 300//300 1013//1013
f 1013//1013 300//300 1003//1003
f 1016//1016 1018//1018 1019//1019
f 832//832 830//830 1018//1018
f 1018//1018 830//830 1021//1021
f 1018//1018 1021//1021 1023//1023
f 1023//1023 1026//1026 1018//1018
f 1018//1018 1026//1026 1027//1027
f 1018//1018 1027//1027 1019//1019
f 1029//1029 1031//1031 1019//1019
f 1019//1019 1031//1031 1033//1033
f 1019//1019 1033//1033 1016//1016
f 937//937 907//907 934//934
f 934//934 907//907 905//905
f 841//841 839//839 1035//1035
f 1035//1035 839//839 1038//1038
f 1035//1035 1038//1038 1039//1039
f 1039//1039 1041//1041 1035//1035
f 1035//1035 1041//1041 1043//1043
f 1035//1035 1043//1043 1045//1045
f 1048//1048 1035//1035 1050//1050
f 1050//1050 1035//1035 1045//1045
f 1050//1050 1045//1045 1052//1052
f 1052//1052 1045//1045 1053//1053
f 1056//1056 1058//1058 1060//1060
f 781//781 784//784 1060//1060
f 1060//1060 784//784 824//824
f 1061//1061 1056//1056 1063//1063
f 824//824 821//821 1060//1060
f 1060//1060 821//821 1065//1065
f 1060//1060 1065//1065 1056//1056
f 1056//1056 1065//1065 1067//1067
f 1056//1056 1067//1067 1063//1063
f 1070//1070 1071//1071 1063//1063
f 1063//1063 1071//1071 1074//1074
f 1063//1063 1074//1074 1061//1061
f 790//790 786//786 810//810
f 810//810 786//786 1075//1075
f 1077//1077 1080//1080 1082//1082
f 814//814 811//811 1084//1084
f 1084//1084 810//810 1075//1075
f 1084//1084 1075//1075 1080//1080
f 1080//1080 1075//1075 1085//1085
f 1080//1080 1085//1085 1082//1082
f 1088//1088 1090//1090 1092//1092
f 1092//1092 1090//1090 1077//1077
f 1092//1092 1077//1077 1094//1094
f 1094//1094 1077//1077 1082//1082
f 842//842 1036//1036 314//314
f 801//801 287//287 796//796
f 796//796 287//287 792//792
f 792//792 287//287 787//787
f 787//787 287//287 315//315
f 787//787 315//315 1076//1076
f 919//919 913//913 271//271
f 271//271 913//913 915//915
f 271//271 915//915 314//314
f 314//314 915//915 847//847
f 314//314 847//847 843//843
f 1059//1059 635//635 782//782
f 782//782 635//635 534//534
f 782//782 534//534 776//776
f 899//899 521//521 835//835
f 835//835 521//521 528//528
f 836//836 528//528 831//831
f 831//831 528//528 1022//1022
f 533//533 536//536 769//769
f 910//910 493//493 518//518
f 899//899 897//897 521//521
f 521//521 897//897 903//903
f 521//521 903//903 520//520
f 520//520 903//903 910//910
f 520//520 910//910 519//519
f 519//519 910//910 518//518
f 533//533 769//769 534//534
f 534//534 769//769 772//772
f 534//534 772//772 776//776
f 765//765 769//769 906//906
f 906//906 769//769 536//536
f 906//906 536//536 910//910
f 910//910 536//536 535//535
f 910//910 535//535 493//493
f 919//919 271//271 932//932
f 932//932 271//271 270//270
f 932//932 270//270 275//275
f 765//765 906//906 805//805
f 805//805 906//906 936//936
f 805//805 936//936 801//801
f 932//932 307//307 936//936
f 936//936 307//307 296//296
f 936//936 296//296 801//801
f 801//801 296//296 288//288
f 801//801 288//288 287//287
f 275//275 278//278 932//932
f 932//932 278//278 283//283
f 932//932 283//283 307//307
f 646//646 645//645 1066//1066
f 1066//1066 645//645 1068//1068
f 645//645 675//675 1068//1068
f 1068//1068 675//675 674//674
f 1068//1068 674//674 1064//1064
f 669//669 1069//1069 670//670
f 670//670 1069//1069 1064//1064
f 670//670 1064//1064 672//672
f 672//672 1064//1064 674//674
f 664//664 1072//1072 666//666
f 666//666 1072//1072 1069//1069
f 666//666 1069//1069 667//667
f 667//667 1069//1069 669//669
f 664//664 662//662 1072//1072
f 1072//1072 662//662 661//661
f 1072//1072 661//661 1073//1073
f 656//656 1062//1062 658//658
f 658//658 1062//1062 1073//1073
f 658//658 1073//1073 659//659
f 659//659 1073//1073 661//661
f 656//656 654//654 1062//1062
f 1062//1062 654//654 653//653
f 1062//1062 653//653 1055//1055
f 653//653 651//651 1055//1055
f 1055//1055 651//651 650//650
f 1055//1055 650//650 1057//1057
f 635//635 1059//1059 647//647
f 647//647 1059//1059 1057//1057
f 647//647 1057//1057 648//648
f 648//648 1057//1057 650//650
f 833//833 1017//1017 558//558
f 894//894 888//888 636//636
f 636//636 888//888 890//890
f 636//636 890//890 558//558
f 558//558 890//890 837//837
f 558//558 837//837 833//833
f 731//731 734//734 908//908
f 908//908 734//734 739//739
f 908//908 739//739 763//763
f 813//813 1083//1083 396//396
f 894//894 636//636 908//908
f 908//908 636//636 728//728
f 908//908 728//728 731//731
f 481//481 857//857 482//482
f 482//482 857//857 861//861
f 482//482 861//861 480//480
f 1066//1066 822//822 646//646
f 646//646 822//822 826//826
f 646//646 826//826 740//740
f 740//740 826//826 868//868
f 740//740 868//868 750//750
f 750//750 868//868 873//873
f 750//750 873//873 754//754
f 924//924 446//446 844//844
f 844//844 446//446 360//360
f 844//844 360//360 840//840
f 840//840 360//360 1037//1037
f 924//924 921//921 446//446
f 446//446 921//921 927//927
f 446//446 927//927 929//929
f 935//935 853//853 929//929
f 929//929 853//853 857//857
f 929//929 857//857 446//446
f 446//446 857//857 481//481
f 446//446 481//481 468//468
f 469//469 472//472 468//468
f 468//468 472//472 475//475
f 468//468 475//475 446//446
f 480//480 861//861 453//453
f 453//453 861//861 865//865
f 453//453 865//865 396//396
f 396//396 865//865 819//819
f 396//396 819//819 812//812
f 754//754 873//873 763//763
f 763//763 873//873 876//876
f 763//763 876//876 908//908
f 908//908 876//876 880//880
f 908//908 880//880 904//904
f 904//904 880//880 885//885
f 904//904 885//885 935//935
f 935//935 885//885 848//848
f 935//935 848//848 853//853
f 528//528 557//557 1022//1022
f 1022//1022 557//557 1024//1024
f 584//584 1025//1025 586//586
f 586//586 1025//1025 1024//1024
f 586//586 1024//1024 587//587
f 587//587 1024//1024 557//557
f 584//584 582//582 1025//1025
f 1025//1025 582//582 581//581
f 1025//1025 581//581 1028//1028
f 576//576 1020//1020 578//578
f 578//578 1020//1020 1028//1028
f 578//578 1028//1028 579//579
f 579//579 1028//1028 581//581
f 576//576 574//574 1020//1020
f 1020//1020 574//574 573//573
f 1020//1020 573//573 1030//1030
f 573//573 571//571 1030//1030
f 1030//1030 571//571 570//570
f 1030//1030 570//570 1032//1032
f 565//565 1034//1034 566//566
f 566//566 1034//1034 1032//1032
f 566//566 1032//1032 568//568
f 568//568 1032//1032 570//570
f 565//565 563//563 1034//1034
f 1034//1034 563//563 562//562
f 1034//1034 562//562 1015//1015
f 558//558 1017//1017 559//559
f 559//559 1017//1017 1015//1015
f 559//559 1015//1015 560//560
f 560//560 1015//1015 562//562
f 522//522 1096//1096 1097//1097
f 1099//1099 1102//1102 622//622
f 602//602 1105//1105 115//115
f 642//642 241//241 508//508
f 508//508 241//241 235//235
f 508//508 235//235 230//230
f 622//622 1102//1102 621//621
f 621//621 1102//1102 1107//1107
f 621//621 1107//1107 620//620
f 620//620 1107//1107 619//619
f 619//619 1107//1107 1108//1108
f 619//619 1108//1108 618//618
f 51//51 1097//1097 54//54
f 54//54 1097//1097 1111//1111
f 54//54 1111//1111 55//55
f 618//618 1108//1108 617//617
f 617//617 1108//1108 59//59
f 617//617 59//59 603//603
f 1105//1105 602//602 1113//1113
f 1113//1113 603//603 59//59
f 1113//1113 59//59 1111//1111
f 1111//1111 59//59 58//58
f 1111//1111 58//58 55//55
f 51//51 49//49 1097//1097
f 1097//1097 49//49 48//48
f 1097//1097 48//48 522//522
f 522//522 48//48 46//46
f 522//522 46//46 628//628
f 628//628 46//46 1115//1115
f 1117//1117 626//626 1115//1115
f 1115//1115 626//626 627//627
f 1115//1115 627//627 628//628
f 622//622 623//623 1099//1099
f 1099//1099 623//623 624//624
f 1099//1099 624//624 1117//1117
f 1117//1117 624//624 625//625
f 1117//1117 625//625 626//626
f 1119//1119 603//603 1121//1121
f 1121//1121 602//602 115//115
f 1121//1121 115//115 1122//1122
f 1122//1122 115//115 119//119
f 1122//1122 119//119 1125//1125
f 1119//1119 1126//1126 603//603
f 603//603 1126//1126 249//249
f 603//603 249//249 642//642
f 642//642 249//249 245//245
f 642//642 245//245 241//241
f 230//230 223//223 508//508
f 508//508 223//223 220//220
f 508//508 220//220 1129//1129
f 1096//1096 522//522 143//143
f 143//143 522//522 508//508
f 143//143 508//508 140//140
f 119//119 124//124 1125//1125
f 1125//1125 124//124 128//128
f 1125//1125 128//128 1129//1129
f 1129//1129 128//128 131//131
f 1129//1129 131//131 508//508
f 508//508 131//131 135//135
f 508//508 135//135 140//140
f 396//396 1083//1083 397//397
f 397//397 1083//1083 1079//1079
f 397//397 1079//1079 401//401
f 401//401 1079//1079 402//402
f 402//402 1079//1079 1078//1078
f 402//402 1078//1078 403//403
f 1089//1089 407//407 1078//1078
f 1078//1078 407//407 405//405
f 1078//1078 405//405 403//403
f 412//412 414//414 1087//1087
f 1087//1087 414//414 415//415
f 1087//1087 415//415 1089//1089
f 1089//1089 415//415 408//408
f 1089//1089 408//408 407//407
f 412//412 1087//1087 410//410
f 410//410 1087//1087 1091//1091
f 410//410 1091//1091 1132//1132
f 1093//1093 1133//1133 1091//1091
f 1091//1091 1133//1133 1134//1134
f 1091//1091 1134//1134 1132//1132
f 1081//1081 1135//1135 1093//1093
f 1093//1093 1135//1135 1136//1136
f 1093//1093 1136//1136 1133//1133
f 1137//1137 1138//1138 1086//1086
f 1086//1086 1138//1138 1139//1139
f 1086//1086 1139//1139 1081//1081
f 1081//1081 1139//1139 1140//1140
f 1081//1081 1140//1140 1135//1135
f 1137//1137 1086//1086 1141//1141
f 1141//1141 1086//1086 1076//1076
f 1141//1141 1076//1076 315//315
f 314//314 1036//1036 393//393
f 393//393 1036//1036 1047//1047
f 1049//1049 323//323 1047//1047
f 1047//1047 323//323 322//322
f 1047//1047 322//322 393//393
f 328//328 382//382 1051//1051
f 1051//1051 382//382 326//326
f 1051//1051 326//326 1049//1049
f 1049//1049 326//326 325//325
f 1049//1049 325//325 323//323
f 328//328 1051//1051 329//329
f 329//329 1051//1051 1054//1054
f 329//329 1054//1054 331//331
f 331//331 1054//1054 332//332
f 332//332 1054//1054 1046//1046
f 332//332 1046//1046 371//371
f 363//363 362//362 1044//1044
f 1044//1044 362//362 335//335
f 1044//1044 335//335 1046//1046
f 1046//1046 335//335 334//334
f 1046//1046 334//334 371//371
f 363//363 1044//1044 364//364
f 364//364 1044//1044 1042//1042
f 364//364 1042//1042 365//365
f 365//365 1042//1042 366//366
f 366//366 1042//1042 1040//1040
f 366//366 1040//1040 367//367
f 367//367 1040//1040 361//361
f 361//361 1040//1040 1037//1037
f 361//361 1037//1037 360//360
f 820//820 864//864 815//815
f 815//815 864//864 867//867
f 828//828 871//871 825//825
f 825//825 871//871 869//869
f 887//887 851//851 884//884
f 884//884 851//851 849//849
f 1142//1142 1145//1145 376//376
f 157//157 154//154 441//441
f 441//441 154//154 149//149
f 441//441 149//149 22//22
f 376//376 1145//1145 381//381
f 381//381 1145//1145 1147//1147
f 381//381 1147//1147 386//386
f 207//207 204//204 261//261
f 261//261 204//204 197//197
f 261//261 197//197 442//442
f 442//442 197//197 192//192
f 442//442 192//192 186//186
f 22//22 19//19 442//442
f 442//442 19//19 17//17
f 442//442 17//17 356//356
f 356//356 17//17 15//15
f 356//356 15//15 340//340
f 340//340 15//15 1149//1149
f 1151//1151 348//348 1149//1149
f 1149//1149 348//348 341//341
f 1149//1149 341//341 340//340
f 376//376 375//375 1142//1142
f 1142//1142 375//375 370//370
f 1142//1142 370//370 1151//1151
f 1151//1151 370//370 352//352
f 1151//1151 352//352 348//348
f 386//386 1147//1147 387//387
f 387//387 1147//1147 1152//1152
f 387//387 1152//1152 392//392
f 392//392 1152//1152 338//338
f 338//338 1152//1152 29//29
f 338//338 29//29 308//308
f 1154//1154 308//308 1157//1157
f 1157//1157 308//308 29//29
f 1157//1157 29//29 1159//1159
f 1159//1159 29//29 27//27
f 1159//1159 27//27 1161//1161
f 1161//1161 27//27 25//25
f 1161//1161 25//25 149//149
f 149//149 25//25 24//24
f 149//149 24//24 22//22
f 170//170 165//165 261//261
f 186//186 181//181 442//442
f 442//442 181//181 1165//1165
f 442//442 1165//1165 157//157
f 157//157 1165//1165 1167//1167
f 157//157 1167//1167 1169//1169
f 1154//1154 1170//1170 308//308
f 308//308 1170//1170 177//177
f 308//308 177//177 261//261
f 261//261 177//177 173//173
f 261//261 173//173 170//170
f 1173//1173 1174//1174 165//165
f 165//165 1174//1174 1177//1177
f 165//165 1177//1177 261//261
f 261//261 1177//1177 212//212
f 261//261 212//212 207//207
f 1173//1173 165//165 1169//1169
f 1169//1169 165//165 161//161
f 1169//1169 161//161 157//157
f 440//440 433//433 1178//1178
f 433//433 424//424 1179//1179
f 410//410 1132//1132 411//411
f 411//411 1132//1132 1180//1180
f 411//411 1180//1180 424//424
f 1132//1132 1134//1134 1180//1180
f 1180//1180 1134//1134 1133//1133
f 1180//1180 1133//1133 1181//1181
f 1181//1181 1133//1133 1136//1136
f 1181//1181 1136//1136 1182//1182
f 1136//1136 1135//1135 1182//1182
f 1182//1182 1135//1135 1140//1140
f 1182//1182 1140//1140 1183//1183
f 1140//1140 1139//1139 1183//1183
f 1183//1183 1139//1139 1138//1138
f 1183//1183 1138//1138 1184//1184
f 1184//1184 1138//1138 1137//1137
f 1184//1184 1137//1137 1185//1185
f 1185//1185 1137//1137 1141//1141
f 1185//1185 1141//1141 315//315
f 424//424 1180//1180 1179//1179
f 1179//1179 1180//1180 1181//1181
f 1179//1179 1181//1181 1186//1186
f 1186//1186 1181//1181 1182//1182
f 1186//1186 1182//1182 1187//1187
f 1187//1187 1182//1182 1183//1183
f 1187//1187 1183//1183 1188//1188
f 1188//1188 1183//1183 1184//1184
f 1188//1188 1184//1184 1189//1189
f 1189//1189 1184//1184 1185//1185
f 1189//1189 1185//1185 1190//1190
f 315//315 316//316 1185//1185
f 1185//1185 316//316 317//317
f 1185//1185 317//317 1190//1190
f 1190//1190 317//317 318//318
f 1190//1190 318//318 319//319
f 433//433 1179//1179 1178//1178
f 1178//1178 1179//1179 1186//1186
f 1178//1178 1186//1186 1191//1191
f 1191//1191 1186//1186 1187//1187
f 1191//1191 1187//1187 1192//1192
f 1192//1192 1187//1187 1188//1188
f 1192//1192 1188//1188 1193//1193
f 1193//1193 1188//1188 1189//1189
f 1193//1193 1189//1189 1194//1194
f 1194//1194 1189//1189 1190//1190
f 1194//1194 1190//1190 1195//1195
f 1195//1195 1190//1190 319//319
f 1195//1195 319//319 320//320
f 440//440 1178//1178 997//997
f 997//997 1178//1178 1191//1191
f 997//997 1191//1191 1000//1000
f 1000//1000 1191//1191 1192//1192
f 1000//1000 1192//1192 999//999
f 999//999 1192//1192 1193//1193
f 999//999 1193//1193 998//998
f 998//998 1193//1193 1194//1194
f 998//998 1194//1194 1009//1009
f 1009//1009 1194//1194 1195//1195
f 1009//1009 1195//1195 1010//1010
f 1010//1010 1195//1195 320//320
f 1010//1010 320//320 321//321
f 892//892 252//252 250//250
f 892//892 250//250 976//976
f 976//976 250//250 1127//1127
f 976//976 1128//1128 981//981
f 981//981 1128//1128 1118//1118
f 981//981 1118//1118 983//983
f 983//983 1118//1118 1120//1120
f 983//983 1120//1120 969//969
f 969//969 1120//1120 1123//1123
f 969//969 1123//1123 972//972
f 972//972 1123//1123 1124//1124
f 972//972 1124//1124 973//973
f 973//973 1124//1124 1130//1130
f 974//974 1131//1131 901//901
f 901//901 1131//1131 219//219
f 901//901 219//219 218//218
f 918//918 214//214 211//211
f 918//918 211//211 950//950
f 950//950 211//211 1176//1176
f 950//950 1176//1176 958//958
f 958//958 1176//1176 1175//1175
f 958//958 1175//1175 960//960
f 960//960 1175//1175 1172//1172
f 960//960 1172//1172 951//951
f 951//951 1172//1172 1168//1168
f 951//951 1168//1168 954//954
f 954//954 1168//1168 1166//1166
f 954//954 1166//1166 956//956
f 956//956 1166//1166 1163//1163
f 956//956 1164//1164 925//925
f 925//925 1164//1164 182//182
f 925//925 182//182 180//180
f 175//175 178//178 945//945
f 945//945 178//178 1171//1171
f 945//945 1171//1171 943//943
f 943//943 1171//1171 1155//1155
f 943//943 1155//1155 938//938
f 938//938 1155//1155 1156//1156
f 938//938 1156//1156 940//940
f 940//940 1156//1156 1158//1158
f 940//940 1158//1158 946//946
f 946//946 1158//1158 1162//1162
f 948//948 1160//1160 147//147
f 147//147 1160//1160 150//150
f 144//144 145//145 1095//1095
f 1095//1095 145//145 968//968
f 1095//1095 968//968 1098//1098
f 1098//1098 968//968 962//962
f 1098//1098 962//962 1110//1110
f 1110//1110 962//962 963//963
f 1110//1110 963//963 1112//1112
f 1112//1112 963//963 965//965
f 1112//1112 965//965 1103//1103
f 1103//1103 965//965 980//980
f 1104//1104 979//979 116//116
f 116//116 979//979 118//118
f 106//106 107//107 109//109
f 109//109 107//107 985//985
f 109//109 985//985 114//114
f 114//114 985//985 988//988
f 114//114 988//988 110//110
f 110//110 988//988 996//996
f 110//110 996//996 111//111
f 111//111 996//996 994//994
f 111//111 994//994 112//112
f 112//112 994//994 992//992
f 112//112 992//992 113//113
f 113//113 992//992 990//990
f 113//113 990//990 88//88
f 88//88 990//990 89//89
f 79//79 80//80 82//82
f 82//82 80//80 1011//1011
f 82//82 1011//1011 84//84
f 84//84 1011//1011 1014//1014
f 84//84 1014//1014 85//85
f 85//85 1014//1014 1004//1004
f 85//85 1004//1004 87//87
f 87//87 1004//1004 1005//1005
f 87//87 1005//1005 86//86
f 86//86 1005//1005 1007//1007
f 86//86 1007//1007 83//83
f 83//83 1007//1007 1001//1001
f 83//83 1001//1001 61//61
f 61//61 1001//1001 62//62
f 31//31 60//60 32//32
f 32//32 60//60 1109//1109
f 32//32 1109//1109 40//40
f 40//40 1109//1109 1106//1106
f 40//40 1106//1106 39//39
f 39//39 1106//1106 1101//1101
f 39//39 1101//1101 38//38
f 38//38 1101//1101 1100//1100
f 38//38 1100//1100 37//37
f 37//37 1100//1100 1116//1116
f 37//37 1116//1116 33//33
f 33//33 1116//1116 1114//1114
f 33//33 1114//1114 35//35
f 35//35 1114//1114 45//45
f 10//10 30//30 9//9
f 9//9 30//30 1153//1153
f 9//9 1153//1153 8//8
f 8//8 1153//1153 1146//1146
f 8//8 1146//1146 7//7
f 7//7 1146//1146 1144//1144
f 7//7 1144//1144 4//4
f 4//4 1144//1144 1143//1143
f 4//4 1143//1143 5//5
f 5//5 1143//1143 1150//1150
f 5//5 1150//1150 6//6
f 6//6 1150//1150 1148//1148
f 6//6 1148//1148 14//14
f 14//14 1148//1148 16//16

