mtllib material.mtl
usemtl mtl_static_pedestal_with_mount
v -2.71650624 -3.81250000 2.18400002
v -2.71650624 -3.81250000 2.17899990
v -2.50000000 -3.93750000 2.17899990
v -3.00000000 -3.84761214 2.17899990
v -2.50000000 -3.93750000 2.18400002
v -2.28349376 -3.81250000 2.17899990
v -1.06716931 -4.76169538 2.17899990
v -2.71650624 -3.56250000 2.18400002
v -2.71650624 -3.56250000 2.17899990
v -3.00000000 -2.64000010 2.17899990
v -2.50000000 -3.43750000 2.18400002
v -2.50000000 -3.43750000 2.17899990
v -2.60999990 -2.25000000 2.17899990
v -2.28349376 -3.56250000 2.18400002
v -2.28349376 -3.56250000 2.17899990
v -2.34999990 -2.25000000 2.17899990
v -2.50000000 -3.49264312 2.25299597
v -2.42141342 -3.60989666 2.27900004
v -2.61044335 -3.68706822 2.27900004
v -2.50000000 -3.57705283 2.27900004
v -2.57811069 -3.60941720 2.27900004
v -2.57858658 -3.76510334 2.27900004
v -2.28349376 -3.81250000 2.18400002
v -2.50000000 -3.88235688 2.25299597
v -2.50000000 -3.61249995 2.26900005
v -2.57489204 -3.68719268 2.26900005
v -2.50000000 -3.76250005 2.26900005
v -2.50000000 -3.76250005 2.27900004
v -2.42510796 -3.68780732 2.26900005
v -2.42510796 -3.68719268 2.27900004
v -2.57489204 -3.68780732 2.27900004
v -2.50000000 -3.61249995 2.27900004
v -2.38955665 -3.68793178 2.27900004
v -2.42188931 -3.76558280 2.27900004
v -2.50000000 -3.79794717 2.27900004
v -2.59086323 -3.77836323 1.74150002
v -2.59086323 -3.59663677 1.74150002
v -2.50000000 -3.55900002 1.74150002
v -2.50000000 -3.55900002 1.57500005
v -2.50000000 -3.81599998 1.74150002
v -2.40913677 -3.59663677 1.74150002
v -2.40856814 -3.59721231 1.57500005
v -2.62849998 -3.68750000 1.74150002
v -2.59087801 -3.59665442 1.57500005
v -2.59143186 -3.77778769 1.57500005
v -2.62849545 -3.68699765 1.57500005
v -2.40913677 -3.77836323 1.74150002
v -2.50000000 -3.81599998 1.57500005
v -2.37150002 -3.68750000 1.74150002
v -2.40912199 -3.77834558 1.57500005
v -2.37150455 -3.68800235 1.57500005
v -2.60999990 -2.25000000 2.07500005
v -2.34999990 -2.25000000 2.07500005
v -0.86407697 -3.13803124 2.17899990
v -2.59380198 -1.88532960 2.07500005
v -1.66764128 -2.79444242 2.07500005
v -1.88355219 -2.59517217 2.07500005
v -3.00000000 -2.64000010 2.07500005
v -3.05055857 -0.98798794 2.07500005
v -3.00000000 -3.84761214 2.07500005
v 2.60999990 -2.25000000 2.17899990
v 2.60999990 -2.25000000 2.07500005
v 2.34999990 -2.25000000 2.07500005
v 2.59509373 -1.88356328 2.07500005
v 2.34999990 -2.25000000 2.17899990
v 1.66764128 -2.79444242 2.07500005
v 1.88828957 -2.59173584 2.07500005
v 3.00000000 -2.64000010 2.17899990
v 3.00000000 -2.64000010 2.07500005
v 2.50000000 -3.43750000 2.17899990
v 3.00000000 -3.84761214 2.17899990
v 2.71650624 -3.56250000 2.17899990
v 0.86504608 -3.13776708 2.07500005
v 0.86411148 -3.13802171 2.17899990
v 2.28349376 -3.56250000 2.17899990
v -0.00000000 -3.25492644 2.07500005
v 1.06721079 -4.76168585 2.17899990
v 2.28349376 -3.81250000 2.17899990
v -0.86504608 -3.13776708 2.07500005
v -0.99117160 -3.04948926 2.07500005
v 0.00000000 -3.20661235 2.07500005
v 0.99589431 -3.04793429 2.07500005
v 2.50000000 -3.93750000 2.17899990
v 3.00000000 -3.84761214 2.07500005
v 2.71650624 -3.81250000 2.17899990
v 1.06814361 -4.76147842 2.07500005
v -1.06814361 -4.76147842 2.07500005
v 2.50000000 -3.43750000 2.18400002
v 2.71650624 -3.56250000 2.18400002
v 2.28349376 -3.56250000 2.18400002
v 2.28349376 -3.81250000 2.18400002
v 2.50000000 -3.93750000 2.18400002
v 2.71650624 -3.81250000 2.18400002
v -4.13749981 -4.43750000 2.07500005
v 5.06248665 -5.45747280 2.07500005
v 4.17801523 -4.58796453 2.07500005
v 5.68750000 -5.93750000 2.07500005
v 3.04954863 -0.99115902 2.07500005
v 2.29512000 -2.49135709 25.54172897
v 2.36630225 -2.54346752 25.57500076
v 2.36630225 -2.51318574 25.54471779
v 2.52016997 -2.45411658 25.57500076
v 2.28799343 -2.50293231 25.53379631
v 2.38748693 -2.52235103 25.53975487
v 2.44251776 -2.49534774 25.54770660
v 2.24524593 -2.43849659 25.53878403
v 2.21315074 -2.45536065 25.57500076
v -1.34765661 -2.54184556 25.57500076
v -1.34678113 -2.75802326 25.57500076
v 2.36461234 -2.66889453 25.57500076
v 3.22260070 -2.33603430 25.57500076
v 2.24772000 -2.30085087 25.53328133
v 2.21243453 -2.27848792 25.57500076
v -1.53484166 -2.43415928 25.57500076
v 2.22821379 -2.36922359 25.53595352
v 2.36630225 -2.23566794 25.52846909
v 2.36630225 -2.18913698 25.57500076
v 0.47776607 -2.24848533 25.57500076
v 2.29856062 -2.25189686 25.53079224
v 0.39372686 -2.28360796 25.57500076
v -1.83184588 -2.34519219 25.57500076
v 2.42710328 -2.25300932 25.52641106
v 2.45918512 -2.23912978 25.55531502
v 2.50218153 -2.28669786 25.55531502
v 2.51945353 -2.27724385 25.57500076
v 2.40079045 -2.21264482 25.55531502
v 0.51183295 -2.16503596 25.57500076
v 1.83736408 -2.01452947 25.57500076
v 2.65283632 -1.74767220 25.57500076
v 3.78779507 -1.22283530 25.57500076
v 2.36630225 -2.20882201 25.51295280
v 2.27037477 -2.24141026 25.51746559
v 2.21413875 -2.32572770 25.52241898
v 2.22093940 -2.42688036 25.52790833
v 1.95965779 -1.93658245 25.09468460
v 1.99051547 -1.92642248 25.07500076
v 1.83736408 -2.01452947 25.07500076
v 1.65657663 -2.27291727 25.07500076
v 1.90509558 -1.97953475 25.09465408
v 1.83736408 -1.99484444 25.09519005
v 1.68349636 -1.92517841 25.07500076
v 1.97488892 -1.77374113 25.10063744
v 1.99123180 -1.74954975 25.07500076
v 2.20854568 0.30592120 25.07500076
v 1.99074221 -1.85691309 25.09754562
v 2.27631474 -1.65181172 25.07500076
v 1.83736408 -1.69235373 25.10715485
v 1.83736408 -1.66019869 25.07500076
v 1.99051547 1.74830568 25.07500076
v 1.91761065 -1.71266925 25.10387993
v 1.99123180 1.92517841 25.07500076
v 2.27418494 1.65472984 25.07500076
v 2.20926213 0.48279396 25.07500076
v 1.75503242 -1.72215354 25.11056137
v 1.68421268 -1.74830568 25.07500076
v 1.83736408 1.66019869 25.07500076
v 1.83736408 -1.67988372 25.11434555
v 1.75859308 -1.70099998 25.11889458
v 1.97970283 -1.76998663 25.10415077
v 1.92168856 -1.70436251 25.10924530
v 1.99370563 -1.85626841 25.09924126
v 1.91605616 -1.97377384 25.10029411
v 1.97361863 -1.91632438 25.10457420
v 1.92081714 -1.95248115 25.10998154
v 1.82836688 -1.99458718 25.09468460
v -1.93656313 3.24568582 25.21086884
v -1.83736408 3.27250791 25.19852448
v -1.83736408 3.27250791 25.20590591
v -1.73816502 3.24568582 25.19355965
v -1.90949714 3.21659660 25.23249626
v -1.73816347 3.24568486 25.20094299
v -1.80360210 3.23039579 25.22603035
v -1.93656468 3.24568486 25.20348740
v -1.88844883 3.22550964 25.17946625
v -1.77764010 3.22227001 25.17274284
v -2.00820398 3.17345214 25.21577263
v -2.00820541 3.17344952 25.20839119
v -1.97425997 3.15524745 25.18619347
v -2.03421450 3.07565904 25.22066879
v -2.03421450 3.07565594 25.21328735
v -2.00820541 2.97786546 25.22556686
v -2.00820398 2.97786283 25.21818352
v -1.99313891 3.04693222 25.19285774
v -1.93656468 2.90563011 25.23046875
v -1.93656313 2.90562916 25.22308731
v -1.93766427 2.95298433 25.19946480
v -1.83736408 2.87880707 25.23543358
v -1.83736408 2.87880707 25.22805023
v -1.73816502 2.90562916 25.24039650
v -1.83511662 2.91718125 25.20603943
v -1.73816347 2.90563011 25.23301506
v -1.81756556 2.91845775 25.25875854
v -1.92172420 2.94162273 25.25230217
v -1.98789024 3.02658033 25.24577904
v -1.98397970 3.13537407 25.23917961
v -1.93656313 3.24568582 25.38803482
v -1.83736408 3.27250791 25.37568855
v -1.83736408 3.27250791 25.38306999
v -1.73816502 3.24568582 25.37072563
v -1.92885458 3.20497608 25.41100121
v -1.73816347 3.24568486 25.37810707
v -1.82142425 3.23331094 25.40426826
v -1.93656468 3.24568486 25.38065147
v -1.90722549 3.21773028 25.35783768
v -1.80152452 3.22991848 25.35139465
v -2.00820398 3.17345214 25.39293671
v -2.00820541 3.17344952 25.38555527
v -2.03421450 3.07565904 25.39783478
v -2.03421450 3.07565594 25.39045334
v -1.98244107 3.13902259 25.36443710
v -2.00820541 2.97786546 25.40273094
v -2.00820398 2.97786283 25.39534950
v -1.98915541 3.03060675 25.37102127
v -1.93656468 2.90563011 25.40763474
v -1.93656313 2.90562916 25.40025330
v -1.92488074 2.94364285 25.37757111
v -1.83736408 2.87880707 25.41259766
v -1.83736408 2.87880707 25.40521622
v -1.73816502 2.90562916 25.41756248
v -1.81748235 2.91846871 25.38425636
v -1.73816347 2.90563011 25.41017914
v -1.89448667 2.92801046 25.43127441
v -1.78517461 2.92618871 25.43790245
v -1.97812772 3.00318050 25.42444801
v -1.99103975 3.11388922 25.41768646
v -1.93656313 3.24568582 25.15181351
v -1.83736408 3.27250791 25.13946915
v -1.83736408 3.27250791 25.14685059
v -1.72687793 3.23857737 25.13391495
v -1.89896047 3.22149348 25.17275238
v -1.71146381 3.22698236 25.14031792
v -1.79074526 3.22696972 25.16618538
v -1.93656468 3.24568486 25.14443207
v -1.83736408 3.24411631 25.12307739
v -1.75006473 3.22343755 25.11989594
v -2.00820398 3.17345214 25.15671730
v -2.00820541 3.17344952 25.14933586
v -1.95864153 3.18528152 25.12805557
v -2.03421450 3.07565904 25.16161346
v -2.03421450 3.07565594 25.15423203
v -2.00820541 2.97786546 25.16651154
v -2.00820398 2.97786283 25.15913010
v -1.99498129 3.05901885 25.13304329
v -1.93656468 2.90563011 25.17141533
v -1.93656313 2.90562916 25.16403198
v -1.94662499 2.96083379 25.13970757
v -1.83736408 2.87880707 25.17637825
v -1.83736408 2.87880707 25.16899681
v -1.84653330 2.91743493 25.14630890
v -1.73816502 2.90562916 25.18134117
v -1.73816347 2.90563011 25.17395973
v -1.82119560 2.91802812 25.19948578
v -1.92685652 2.94496131 25.19288254
v -1.99039662 3.03496480 25.18620491
v -1.97949076 3.14540863 25.17947197
v -1.93656313 3.24568582 25.26992416
v -1.83736408 3.27250791 25.25757790
v -1.83736408 3.27250791 25.26496124
v -1.73816502 3.24568582 25.25261497
v -1.91260040 3.21497512 25.29175758
v -1.73816347 3.24568486 25.25999641
v -1.80554342 3.23081541 25.28520203
v -1.93656468 3.24568486 25.26254272
v -1.89904511 3.22145772 25.23919487
v -1.78876829 3.22634101 25.23250008
v -2.00820398 3.17345214 25.27482796
v -2.00820541 3.17344952 25.26744652
v -2.03421450 3.07565904 25.27972412
v -2.03421450 3.07565594 25.27234268
v -1.97860980 3.14718485 25.24579239
v -2.00820541 2.97786546 25.28462219
v -2.00820398 2.97786283 25.27723885
v -1.99176610 3.04041862 25.25230789
v -1.93656468 2.90563011 25.28952408
v -1.93656313 2.90562916 25.28214264
v -1.93441141 2.95041633 25.25876617
v -1.83736408 2.87880707 25.29448891
v -1.83736408 2.87880707 25.28710556
v -1.73816502 2.90562916 25.29945183
v -1.83119166 2.91729093 25.26532745
v -1.73816347 2.90563011 25.29207039
v -1.91529989 2.93782067 25.31180000
v -1.80539799 2.92053032 25.31854630
v -1.98643744 3.02235484 25.30509758
v -1.98508322 3.13259363 25.29841232
v -1.93656313 3.24568582 25.44709015
v -1.83736408 3.27250791 25.43474388
v -1.83736408 3.27250791 25.44212532
v -1.73816502 3.24568582 25.42978096
v -1.84176552 3.23408604 25.46453285
v -1.73816347 3.24568486 25.43716240
v -1.93656468 3.24568486 25.43970680
v -1.81090033 3.23184299 25.41101837
v -2.00820398 3.17345214 25.45199203
v -2.00820541 3.17344952 25.44461060
v -1.91925704 3.21120000 25.41770363
v -2.03421450 3.07565904 25.45689011
v -2.03421450 3.07565594 25.44950867
v -1.98825991 3.12359524 25.42446899
v -2.00820541 2.97786546 25.46178627
v -2.00820398 2.97786283 25.45440483
v -1.98199654 3.01128221 25.43129730
v -1.93656468 2.90563011 25.46669006
v -1.93656313 2.90562916 25.45930862
v -1.83736408 2.87880707 25.47165298
v -1.83736408 2.87880707 25.46427155
v -1.90591419 2.93295026 25.43791771
v -1.73816502 2.90562916 25.47661781
v -1.79613471 2.92277074 25.44460297
v -1.73816347 2.90563011 25.46923447
v -1.89067745 2.92658806 25.49056816
v -1.78396428 2.92661905 25.49703789
v -1.97322810 2.99430370 25.48410416
v -1.99382138 3.10051036 25.47755241
v -1.94209337 3.19459796 25.47105598
v -1.93656313 3.24568582 25.50614357
v -1.83736408 3.27250791 25.49379921
v -1.83736408 3.27250791 25.50118065
v -1.73816502 3.24568582 25.48883629
v -1.93248761 3.21184039 25.52458000
v -1.73816347 3.24568486 25.49621773
v -1.83244336 3.23791003 25.52079201
v -1.93656468 3.24568486 25.49876213
v -1.82695985 3.23379183 25.47103500
v -2.00820398 3.17345214 25.51104736
v -2.00820541 3.17344952 25.50366592
v -1.92988932 3.20424461 25.47751427
v -2.03421450 3.07565904 25.51594543
v -2.03421450 3.07565594 25.50856400
v -1.99079227 3.11485791 25.48406410
v -2.00820541 2.97786546 25.52084160
v -2.00820398 2.97786283 25.51346016
v -1.98065722 3.00834298 25.49054527
v -1.93656468 2.90563011 25.52574539
v -1.93656313 2.90562916 25.51836395
v -1.83736408 2.87880707 25.53070831
v -1.83736408 2.87880707 25.52332687
v -1.90523577 2.93264079 25.49701118
v -1.71635950 2.92039013 25.53693771
v -1.79586792 2.92280412 25.50369644
v -1.73816347 2.90563011 25.52828979
v -1.83736408 2.89440680 25.53971481
v -1.72349775 2.92959070 25.54367065
v -1.94140375 2.93184781 25.53596306
v -2.00262094 3.02215600 25.53216553
v -1.99850345 3.12951326 25.52836609
v -1.93656313 3.24568582 25.32897949
v -1.83736408 3.27250791 25.31663322
v -1.83736408 3.27250791 25.32401657
v -1.73816502 3.24568582 25.31167030
v -1.92128778 3.20996332 25.35140800
v -1.73816347 3.24568486 25.31905174
v -1.81787920 3.23289752 25.34500122
v -1.93656468 3.24568486 25.32159805
v -1.90172505 3.22029614 25.29842186
v -1.79229951 3.22744465 25.29177475
v -2.00820398 3.17345214 25.33388329
v -2.00820541 3.17344952 25.32649994
v -2.03421450 3.07565904 25.33877945
v -2.03421450 3.07565594 25.33139801
v -1.98051822 3.14326572 25.30510521
v -2.00820541 2.97786546 25.34367561
v -2.00820398 2.97786283 25.33629417
v -1.98992229 3.03324389 25.31180191
v -1.93656468 2.90563011 25.34857941
v -1.93656313 2.90562916 25.34119797
v -1.92442238 2.94334316 25.31854820
v -1.83736408 2.87880707 25.35354424
v -1.83736408 2.87880707 25.34616089
v -1.73816502 2.90562916 25.35850716
v -1.81606805 2.91866040 25.32528496
v -1.73816347 2.90563011 25.35112572
v -1.91281474 2.93645501 25.37102318
v -1.80593419 2.92041826 25.37756920
v -1.98472583 3.01780462 25.36444092
v -1.98727298 3.12657642 25.35784721
v -2.44421601 2.22944641 25.28177643
v -2.44399357 2.22932005 25.28805542
v -2.36630225 2.20882201 25.29202843
v -2.42314053 2.25454259 25.30679893
v -2.36630225 2.20882201 25.28587532
v -2.28838849 2.22944641 25.29612732
v -2.33086181 2.24602294 25.31272888
v -2.50196576 2.28633046 25.28384972
v -2.50250149 2.28724647 25.27772522
v -2.52378154 2.36577272 25.27974129
v -2.48416257 2.32354927 25.30090523
v -2.52378154 2.36683178 25.27355576
v -2.50250149 2.44535804 25.27557182
v -2.48151326 2.41574335 25.29500389
v -2.50196576 2.44627380 25.26944733
v -2.44421601 2.50315785 25.27152061
v -2.36630225 2.52378249 25.26127052
v -2.36630225 2.52378249 25.26742172
v -2.41653371 2.48117137 25.28910446
v -2.44399357 2.50328422 25.26524162
v -2.28838849 2.50315785 25.25716972
v -2.32343006 2.48411918 25.28314209
v -2.28861070 2.50328422 25.26344872
v -2.42716455 2.47593665 25.24678230
v -2.33370852 2.48739386 25.24075317
v -2.48658800 2.40172100 25.25287437
v -2.47695589 2.30732703 25.25895119
v -2.40448046 2.24687195 25.26499748
v -2.28861070 2.22932005 25.28984833
v -2.30886769 2.25484610 25.27114677
v -2.46371555 2.49003863 25.51869011
v -2.47515202 2.48010802 25.51331139
v -2.36630225 2.52378249 25.50733185
v -2.43172741 2.47329855 25.49317551
v -2.36630225 2.52378249 25.51348495
v -2.28838849 2.50315785 25.50323296
v -2.33901882 2.48872161 25.48715782
v -2.51939678 2.40320897 25.52388000
v -2.52364230 2.37294626 25.51930809
v -2.48799515 2.39660978 25.49926758
v -2.50938916 2.30052876 25.52907562
v -2.48435068 2.26206875 25.52530861
v -2.47518158 2.30408931 25.50524521
v -2.43809533 2.22613859 25.53428841
v -2.37922454 2.20935297 25.53130913
v -2.40176463 2.24602938 25.51123428
v -2.33611846 2.21174169 25.53952408
v -2.26684546 2.24420238 25.53731155
v -2.30773973 2.25543094 25.51729393
v -2.24692035 2.26359868 25.54477501
v -2.20998406 2.34720516 25.54331589
v -2.24688983 2.32763815 25.52334976
v -2.23853397 2.45836377 25.55531502
v -2.24037218 2.46086264 25.54932022
v -2.24606419 2.44110847 25.53944397
v -2.20896769 2.35952878 25.55001259
v -2.28349018 2.50025082 25.55531502
v -2.34105396 2.52174544 25.55531502
v -2.36630225 2.54346752 25.57500076
v -2.29949689 2.47575712 25.52606583
v -2.36630225 2.49726295 25.52879524
v -2.21206331 2.37914395 25.55260658
v -2.21315074 2.45536065 25.57500076
v -2.23027372 2.29836369 25.54988480
v -2.28748178 2.23948026 25.54715538
v -2.36630225 2.21974182 25.54439545
v -2.43767977 2.24125552 25.54181862
v -2.50512576 2.36365056 25.53668404
v -2.48794150 2.29417229 25.53925133
v -2.48555231 2.43221641 25.53408813
v -2.43450952 2.48120308 25.53145599
v -2.28861070 2.50328422 25.50951195
v -2.44421601 2.22944641 25.18335152
v -2.44399357 2.22932005 25.18963051
v -2.36630225 2.20882201 25.19360161
v -2.38370466 2.24204755 25.21096611
v -2.36630225 2.20882201 25.18745041
v -2.28838849 2.22944641 25.19770241
v -2.29173136 2.26540661 25.21704102
v -2.50196576 2.28633046 25.18542480
v -2.46687913 2.29129815 25.20477104
v -2.50250149 2.28724647 25.17930031
v -2.52378154 2.36577272 25.18131638
v -2.52378154 2.36683178 25.17513084
v -2.50250149 2.44535804 25.17714691
v -2.49074721 2.38233447 25.19874954
v -2.50196576 2.44627380 25.17102242
v -2.44421601 2.50315785 25.17309570
v -2.44644809 2.46286702 25.19287491
v -2.36630225 2.52378249 25.16284370
v -2.36630225 2.52378249 25.16899681
v -2.44399357 2.50328422 25.16681671
v -2.28838849 2.50315785 25.15874481
v -2.35795498 2.49152660 25.18692780
v -2.28861070 2.50328422 25.16502380
v -2.37182856 2.49168992 25.14473534
v -2.28193521 2.45922446 25.13861656
v -2.45881629 2.45111871 25.15088272
v -2.49174833 2.36222363 25.15694809
v -2.45289516 2.27544308 25.16303253
v -2.28861070 2.22932005 25.19142342
v -2.36481833 2.24079561 25.16908836
v -2.44421601 2.22944641 25.42941284
v -2.44399357 2.22932005 25.43569374
v -2.36630225 2.20882201 25.43966484
v -2.38159609 2.24176121 25.45716095
v -2.36630225 2.20882201 25.43351364
v -2.28838849 2.22944641 25.44376564
v -2.28951931 2.26706433 25.46327591
v -2.50196576 2.28633046 25.43148804
v -2.46524382 2.28913450 25.45100403
v -2.50250149 2.28724647 25.42536163
v -2.52378154 2.36577272 25.42737961
v -2.52378154 2.36683178 25.42119217
v -2.50250149 2.44535804 25.42321014
v -2.49107718 2.37962937 25.44498253
v -2.50196576 2.44627380 25.41708565
v -2.44421601 2.50315785 25.41915894
v -2.44899321 2.46071124 25.43914604
v -2.36630225 2.52378249 25.40890694
v -2.36630225 2.52378249 25.41505814
v -2.44399357 2.50328422 25.41287994
v -2.28838849 2.50315785 25.40480804
v -2.36151361 2.49172187 25.43321419
v -2.28861070 2.50328422 25.41108704
v -2.37796998 2.49124980 25.39118385
v -2.28714085 2.46366930 25.38510704
v -2.46212077 2.44734502 25.39725876
v -2.49162626 2.35953331 25.40317917
v -2.45210314 2.27469707 25.40916443
v -2.28861070 2.22932005 25.43748665
v -2.36563325 2.24078822 25.41510010
v -2.44421601 2.22944641 25.23256302
v -2.44399357 2.22932005 25.23884201
v -2.36630225 2.20882201 25.24281502
v -2.40294194 2.24638653 25.25894547
v -2.36630225 2.20882201 25.23666382
v -2.28838849 2.22944641 25.24691582
v -2.30899763 2.25477958 25.26498604
v -2.50196576 2.28633046 25.23463631
v -2.50250149 2.28724647 25.22851181
v -2.52378154 2.36577272 25.23052979
v -2.47640872 2.30630493 25.25287247
v -2.52378154 2.36683178 25.22434235
v -2.50250149 2.44535804 25.22636032
v -2.48690081 2.40065360 25.24679184
v -2.50196576 2.44627380 25.22023582
v -2.44421601 2.50315785 25.22230911
v -2.42903757 2.47488403 25.24076462
v -2.36630225 2.52378249 25.21205711
v -2.36630225 2.52378249 25.21820831
v -2.44399357 2.50328422 25.21603012
v -2.28838849 2.50315785 25.20795631
v -2.33876395 2.48866343 25.23492813
v -2.28861070 2.50328422 25.21423721
v -2.35440516 2.49122739 25.19285774
v -2.44287992 2.46569705 25.19874191
v -2.49044824 2.38444138 25.20476723
v -2.46649718 2.29078388 25.21096230
v -2.38499022 2.24224019 25.21703529
v -2.28861070 2.22932005 25.24063492
v -2.44421601 2.22944641 25.33098793
v -2.44399357 2.22932005 25.33726883
v -2.36630225 2.20882201 25.34123993
v -2.34491372 2.24268961 25.36103821
v -2.36630225 2.20882201 25.33508873
v -2.28838849 2.22944641 25.34534073
v -2.50196576 2.28633046 25.33306122
v -2.43789673 2.26329327 25.35494041
v -2.50250149 2.28724647 25.32693672
v -2.52378154 2.36577272 25.32895470
v -2.48980713 2.34431648 25.34877396
v -2.52378154 2.36683178 25.32276726
v -2.50250149 2.44535804 25.32478523
v -2.50196576 2.44627380 25.31866074
v -2.44421601 2.50315785 25.32073402
v -2.46979380 2.43719053 25.34268951
v -2.36630225 2.52378249 25.31048203
v -2.36630225 2.52378249 25.31663322
v -2.39150882 2.48917532 25.33667564
v -2.44399357 2.50328422 25.31445503
v -2.28838849 2.50315785 25.30638313
v -2.28861070 2.50328422 25.31266212
v -2.41276550 2.48274612 25.29500198
v -2.32048559 2.48300242 25.28909683
v -2.47988939 2.41937613 25.30090714
v -2.48551846 2.32746530 25.30679893
v -2.42621660 2.25615072 25.31273270
v -2.28861070 2.22932005 25.33906174
v -2.33253956 2.24553561 25.31877136
v -2.44421601 2.22944641 25.38020134
v -2.44399357 2.22932005 25.38648033
v -2.36630225 2.20882201 25.39045334
v -2.36228323 2.24085426 25.40915871
v -2.36630225 2.20882201 25.38430023
v -2.28838849 2.22944641 25.39455223
v -2.50196576 2.28633046 25.38227463
v -2.45018959 2.27294874 25.40317535
v -2.50250149 2.28724647 25.37615013
v -2.52378154 2.36577272 25.37816811
v -2.49137044 2.35595107 25.39725304
v -2.52378154 2.36683178 25.37198067
v -2.50250149 2.44535804 25.37399864
v -2.50196576 2.44627380 25.36787224
v -2.44421601 2.50315785 25.36994553
v -2.46280956 2.44651771 25.39117432
v -2.36630225 2.52378249 25.35969543
v -2.36630225 2.52378249 25.36584663
v -2.37908268 2.49113655 25.38510132
v -2.44399357 2.50328422 25.36366653
v -2.28838849 2.50315785 25.35559464
v -2.28861070 2.50328422 25.36187363
v -2.38945103 2.48958921 25.34269524
v -2.29730487 2.47105169 25.33667946
v -2.46926546 2.43796277 25.34878349
v -2.48973131 2.34390497 25.35495186
v -2.43840051 2.26364183 25.36105347
v -2.28861070 2.22932005 25.38827324
v -2.34778285 2.24221396 25.36700821
v -2.44421601 2.22944641 25.47862625
v -2.44399357 2.22932005 25.48490524
v -2.36630225 2.20882201 25.48887825
v -2.39904165 2.24524999 25.50526237
v -2.36630225 2.20882201 25.48272705
v -2.28838849 2.22944641 25.49297714
v -2.30593872 2.25638795 25.51126099
v -2.50196576 2.28633046 25.48069954
v -2.47380829 2.30172682 25.49926376
v -2.50250149 2.28724647 25.47457504
v -2.52378154 2.36577272 25.47659302
v -2.52378154 2.36683178 25.47040558
v -2.50250149 2.44535804 25.47242355
v -2.48814774 2.39600229 25.49315453
v -2.50196576 2.44627380 25.46629906
v -2.44421601 2.50315785 25.46837234
v -2.43322825 2.47237468 25.48713303
v -2.36630225 2.52378249 25.45812035
v -2.36630225 2.52378249 25.46427155
v -2.44399357 2.50328422 25.46209145
v -2.28838849 2.50315785 25.45401955
v -2.34116912 2.48919082 25.48114395
v -2.28861070 2.50328422 25.46029854
v -2.35796690 2.49152732 25.43914413
v -2.44493484 2.46409345 25.44496727
v -2.49079943 2.38193774 25.45098877
v -2.46529818 2.28920507 25.45714951
v -2.38235855 2.24186039 25.46326447
v -2.28861070 2.22932005 25.48669815
v -2.44421601 2.22944641 25.13413811
v -2.44399357 2.22932005 25.14041710
v -2.36630225 2.20882201 25.14439011
v -2.36343765 2.24082088 25.16302299
v -2.36630225 2.20882201 25.13823891
v -2.28838849 2.22944641 25.14848900
v -2.50196576 2.28633046 25.13621140
v -2.45229483 2.27487636 25.15693283
v -2.50250149 2.28724647 25.13008690
v -2.52378154 2.36577272 25.13210487
v -2.49170041 2.36100030 25.15087318
v -2.52378154 2.36683178 25.12591743
v -2.50250149 2.44535804 25.12793541
v -2.50196576 2.44627380 25.12181091
v -2.44421601 2.50315785 25.12388420
v -2.45885539 2.45107484 25.14473534
v -2.36630225 2.52378249 25.11363220
v -2.36630225 2.52378249 25.11978340
v -2.37235308 2.49166250 25.13861847
v -2.44399381 2.50328422 25.11760330
v -2.27618551 2.49544954 25.10888290
v -2.28861070 2.50328422 25.11581039
v -2.36630225 2.51177073 25.10669708
v -2.28125310 2.48804617 25.10365677
v -2.45345330 2.47863531 25.10998917
v -2.50093985 2.40024924 25.11331367
v -2.48996878 2.31087422 25.11664581
v -2.42698765 2.24885678 25.11996841
v -2.28861070 2.22932005 25.14221001
v -2.34082103 2.23998332 25.12330246
v 2.44501066 -2.50270247 25.14952850
v 2.44498730 -2.50271606 25.14119339
v 2.36630225 -2.52378249 25.13753700
v 2.36533499 -2.49663496 25.12182999
v 2.36630225 -2.52378249 25.14490700
v 2.28761101 -2.50271249 25.13405800
v 2.50261641 -2.44515967 25.14512634
v 2.44092345 -2.46970201 25.12465096
v 2.50262594 -2.44514322 25.15383720
v 2.52378249 -2.36635613 25.14947319
v 2.49130011 -2.39168668 25.13054085
v 2.52378249 -2.36634707 25.15786362
v 2.50271010 -2.28760672 25.15410614
v 2.44507885 -2.22994137 25.16501427
v 2.44507837 -2.22994113 25.15882683
v 2.47458291 -2.30087185 25.13646889
v 2.50270939 -2.28760576 25.16156960
v 2.36630225 -2.20882201 25.16846466
v 2.36630225 -2.20882201 25.16355896
v 2.40092731 -2.24630237 25.14232063
v 2.28796864 -2.22968626 25.17199135
v 2.28859162 -2.22933102 25.16808319
v 2.31147504 -2.25557494 25.14806938
v 2.33978605 -2.24522305 25.18924522
v 2.43000031 -2.25823259 25.18341827
v 2.48828721 -2.33114600 25.17744446
v 2.48042727 -2.42336226 25.17152214
v 2.41043878 -2.48543191 25.16553307
v 2.31601834 -2.48134804 25.15947914
v 2.28758883 -2.50269961 25.14013863
v 2.44473982 -2.50285840 25.49394989
v 2.44508553 -2.50265932 25.48567963
v 2.36630225 -2.52378249 25.48202515
v 2.39831138 -2.48912311 25.46616936
v 2.36630225 -2.52378249 25.48939514
v 2.28753448 -2.50266838 25.47854233
v 2.30698681 -2.47678566 25.46027565
v 2.50247836 -2.44539785 25.49826813
v 2.50271106 -2.44499588 25.48965073
v 2.47337770 -2.43577409 25.47205925
v 2.52378249 -2.36638713 25.50231361
v 2.52378249 -2.36624360 25.49396515
v 2.50220871 -2.28674412 25.50602150
v 2.50262928 -2.28746700 25.49857521
v 2.49160624 -2.34461737 25.47800446
v 2.44495916 -2.22987223 25.50333214
v 2.44313693 -2.26671076 25.48386955
v 2.36630225 -2.20882201 25.50804710
v 2.44439220 -2.22954679 25.50949097
v 2.25809908 -2.25188136 25.51451874
v 2.35517144 -2.24256659 25.48969650
v 2.47183800 -2.29650044 25.52436638
v 2.49239731 -2.38545251 25.51850128
v 2.44696355 -2.46508741 25.51264381
v 2.35822463 -2.49246621 25.50670433
v 2.28750253 -2.50264978 25.48462105
v 2.44509029 -2.50265646 25.29717064
v 2.44507837 -2.50266337 25.28883553
v 2.36630225 -2.52378249 25.28517342
v 2.34152102 -2.48991513 25.26573753
v 2.36630225 -2.52378249 25.29254532
v 2.28790665 -2.50288248 25.28175926
v 2.50269747 -2.44501948 25.29277229
v 2.43433547 -2.47395921 25.27176666
v 2.50270152 -2.44501233 25.30148125
v 2.52378249 -2.36627436 25.29711533
v 2.48969460 -2.39861894 25.27775002
v 2.52378249 -2.36626840 25.30550385
v 2.50264454 -2.28749347 25.30175209
v 2.47801018 -2.30674744 25.28367424
v 2.50264072 -2.28748679 25.30921364
v 2.44504166 -2.22991991 25.30646706
v 2.36630225 -2.20882201 25.31610107
v 2.36630225 -2.20882201 25.31119728
v 2.40519881 -2.24755168 25.28968239
v 2.44503427 -2.22991562 25.31265450
v 2.28819728 -2.22955561 25.31962013
v 2.28870249 -2.22926831 25.31571198
v 2.31392455 -2.25437045 25.29553604
v 2.35243392 -2.24289513 25.33608055
v 2.44098663 -2.26516056 25.33024597
v 2.49131393 -2.34312057 25.32431030
v 2.47539043 -2.43254638 25.31850624
v 2.40167332 -2.48823023 25.31259727
v 2.31005621 -2.47843671 25.30670357
v 2.28841734 -2.50317430 25.28779221
v 2.44501472 -2.50270009 25.34632683
v 2.44459844 -2.50293946 25.33806610
v 2.36630225 -2.52378249 25.33438683
v 2.40676546 -2.48668885 25.31908035
v 2.36630225 -2.52378249 25.34175682
v 2.28780675 -2.50282502 25.33097076
v 2.31433439 -2.48056412 25.31315422
v 2.50256562 -2.44524741 25.35063934
v 2.50302410 -2.44445062 25.34210396
v 2.47695827 -2.42987275 25.32485199
v 2.52378249 -2.36637163 25.35467720
v 2.52378035 -2.36549044 25.34640503
v 2.50222564 -2.28677320 25.35838127
v 2.50248432 -2.28721666 25.35102081
v 2.49028563 -2.33847427 25.33075905
v 2.44491005 -2.22984385 25.35574150
v 2.43666005 -2.26224327 25.33672333
v 2.36630225 -2.20882201 25.36531448
v 2.36630225 -2.20882201 25.36040878
v 2.44430065 -2.22949481 25.36185837
v 2.28756952 -2.22991586 25.36891556
v 2.28752565 -2.22994137 25.36495781
v 2.34821081 -2.24352384 25.34249878
v 2.38447332 -2.24295115 25.38328362
v 2.29465294 -2.26576376 25.38920975
v 2.46542382 -2.28797698 25.37736130
v 2.49347210 -2.37565994 25.37147903
v 2.45406127 -2.45895934 25.36559105
v 2.36930919 -2.49288058 25.35976219
v 2.28804851 -2.50296378 25.33697701
v 2.45062685 -2.23330069 25.10924530
v 2.44431543 -2.22950315 25.11579514
v 2.36630225 -2.20882201 25.11925125
v 2.39842606 -2.24562192 25.13632011
v 2.36630225 -2.20882201 25.11434555
v 2.28757477 -2.22991276 25.12285233
v 2.30758071 -2.25763249 25.14219475
v 2.50223374 -2.28678703 25.11231613
v 2.47329187 -2.29891634 25.13048363
v 2.50864100 -2.29892492 25.10415077
v 2.52378249 -2.36638880 25.10861397
v 2.52264380 -2.38520646 25.09924126
v 2.50255680 -2.44526267 25.10457420
v 2.49170136 -2.39000678 25.12454605
v 2.48859596 -2.46552062 25.09468460
v 2.44499421 -2.50271201 25.10029411
v 2.44975519 -2.48141932 25.10998154
v 2.43403363 -2.50847292 25.09465408
v 2.36630225 -2.52378249 25.09519005
v 2.36630225 -2.54346752 25.07500076
v 2.35730505 -2.52352524 25.09468460
v 2.21243453 -2.45411658 25.07500076
v 2.51968026 -2.38585114 25.09754562
v 2.51945353 -2.45536065 25.07500076
v 2.50382710 -2.30267930 25.10063744
v 2.44654870 -2.24160743 25.10387993
v 2.28753114 -2.22993803 25.11889458
v 2.36630225 -2.22129178 25.10715485
v 2.44497728 -2.50272179 25.44479370
v 2.44428658 -2.50311780 25.43647575
v 2.36630225 -2.52378249 25.43281174
v 2.42757154 -2.47783589 25.41891861
v 2.36630225 -2.52378249 25.44018173
v 2.28803611 -2.50295687 25.42940712
v 2.33689928 -2.48879552 25.41307831
v 2.50213051 -2.44599390 25.44043350
v 2.50265360 -2.44509530 25.44914055
v 2.52378249 -2.36633110 25.44478607
v 2.48645115 -2.40915847 25.42469978
v 2.50270486 -2.28759789 25.45681953
v 2.50247073 -2.28719354 25.44944572
v 2.48321176 -2.31736493 25.43057442
v 2.52378249 -2.36632919 25.45313644
v 2.44508362 -2.22994423 25.46029663
v 2.44465375 -2.22969651 25.45418167
v 2.36630225 -2.20882201 25.46373940
v 2.36630225 -2.20882201 25.45883369
v 2.41551661 -2.25125217 25.43663788
v 2.28755736 -2.22992301 25.46734047
v 2.28751564 -2.22994709 25.46338463
v 2.32180166 -2.25091720 25.44263840
v 2.36298132 -2.24196982 25.48305511
v 2.44752550 -2.27009964 25.47737122
v 2.49226451 -2.34841609 25.47161293
v 2.47178125 -2.43819022 25.46572685
v 2.39418244 -2.49008703 25.45975304
v 2.28808880 -2.50298691 25.43540573
v 2.44497466 -2.50272322 25.19873047
v 2.44429612 -2.50311232 25.19041252
v 2.36630225 -2.52378249 25.18674850
v 2.41109562 -2.48519397 25.17172813
v 2.36630225 -2.52378249 25.19411850
v 2.28803039 -2.50295353 25.18334389
v 2.31746316 -2.48199749 25.16572952
v 2.50213742 -2.44598198 25.19437027
v 2.52378249 -2.36633492 25.20707321
v 2.52378249 -2.36632299 25.19872284
v 2.48040366 -2.42340946 25.17767143
v 2.50265002 -2.44510150 25.20307732
v 2.50270677 -2.28760147 25.21075630
v 2.50247502 -2.28720069 25.20338249
v 2.48804188 -2.33035088 25.18364716
v 2.44508600 -2.22994542 25.21423340
v 2.44466805 -2.22970486 25.20811653
v 2.43118668 -2.25890708 25.18948555
v 2.36630225 -2.20882201 25.21767616
v 2.36630225 -2.20882201 25.21277046
v 2.28755450 -2.22992468 25.22127724
v 2.28751254 -2.22994876 25.21732140
v 2.34189057 -2.24474263 25.19526291
v 2.37310266 -2.24195290 25.23635864
v 2.28610396 -2.27248359 25.24225044
v 2.45770121 -2.27932692 25.23044968
v 2.49375296 -2.36612296 25.22443771
v 2.45991516 -2.45309973 25.21847153
v 2.37683988 -2.49257636 25.21259499
v 2.28815794 -2.50302649 25.18934631
v 2.44500232 -2.50270724 25.39559174
v 2.44497824 -2.50272107 25.38725662
v 2.36630225 -2.52378249 25.38360023
v 2.37029934 -2.49286771 25.36597443
v 2.36630225 -2.52378249 25.39097023
v 2.28762031 -2.50271773 25.38012123
v 2.28412700 -2.46051741 25.36009407
v 2.50261140 -2.44516802 25.39118958
v 2.45563388 -2.45746398 25.37187767
v 2.50262141 -2.44515109 25.39989853
v 2.52378249 -2.36636233 25.39553642
v 2.49361396 -2.37326503 25.37778091
v 2.52378249 -2.36635280 25.40392494
v 2.50271249 -2.28761101 25.40016937
v 2.44507813 -2.22994089 25.41107750
v 2.44507742 -2.22994065 25.40489006
v 2.46441436 -2.28674793 25.38361359
v 2.50271177 -2.28760982 25.40763283
v 2.36630225 -2.20882201 25.41452789
v 2.36630225 -2.20882201 25.40962219
v 2.38340712 -2.24281192 25.38950157
v 2.28782463 -2.22976899 25.41806221
v 2.28858089 -2.22933722 25.41414642
v 2.41941643 -2.25291586 25.43022156
v 2.32648158 -2.24915290 25.43617439
v 2.48365450 -2.31839633 25.42435455
v 2.48577619 -2.41101313 25.41842461
v 2.42553020 -2.47890139 25.41262245
v 2.33540463 -2.48839402 25.40682983
v 2.28759766 -2.50270462 25.38620186
v 2.44472623 -2.50286627 25.24788666
v 2.44508672 -2.50265861 25.23961639
v 2.36630225 -2.52378249 25.23596191
v 2.37550092 -2.49266505 25.21866226
v 2.36630225 -2.52378249 25.24333191
v 2.28753519 -2.50266862 25.23247910
v 2.28878212 -2.46449375 25.21283913
v 2.50247383 -2.44540548 25.25220490
v 2.50271177 -2.44499445 25.24358940
v 2.46031833 -2.45266485 25.22466087
v 2.52378249 -2.36638308 25.25625229
v 2.52378249 -2.36624384 25.24790192
v 2.50220346 -2.28673506 25.25996017
v 2.50263047 -2.28746915 25.25251198
v 2.49372196 -2.36437392 25.23069954
v 2.44495893 -2.22987223 25.25726891
v 2.45734882 -2.27897000 25.23663139
v 2.36630225 -2.20882201 25.26688957
v 2.36630225 -2.20882201 25.26198387
v 2.37277961 -2.24194002 25.24253082
v 2.44438672 -2.22954369 25.26342773
v 2.28769708 -2.22984242 25.27042770
v 2.28798628 -2.22967625 25.26654816
v 2.40864658 -2.24867868 25.28330612
v 2.31503534 -2.25384521 25.28930855
v 2.47891641 -2.30843043 25.27740479
v 2.48899150 -2.40119910 25.27143097
v 2.43139338 -2.47571301 25.26540184
v 2.34036255 -2.48965168 25.25951195
v 2.28750324 -2.50265026 25.23855782
v 4.59575081 -4.55978966 1.58620310
v 4.62649536 -4.50307369 1.58051944
v 4.57922316 -4.57867146 1.57500005
v 4.64665604 -4.47637415 1.57500005
v 4.52510595 -4.61718988 1.58051133
v 4.51366472 -4.62237835 1.57500005
v 5.06136084 -5.45553732 1.57500005
v 4.63321877 -4.47866964 1.59168947
v 4.63616514 -4.41474533 1.58601391
v 4.63134718 -4.38818598 1.59727800
v 4.60620928 -4.33017731 1.59155345
v 4.64401007 -4.34735918 1.57500005
v 4.58988285 -4.30802345 1.60285485
v 4.54071188 -4.26616812 1.59720862
v 4.56649113 -4.23772001 1.57500005
v 4.51778460 -4.25436068 1.60840392
v 4.45465040 -4.23821878 1.60279393
v 4.42929602 -4.23763657 1.61396420
v 4.36626530 -4.25066757 1.60830545
v 4.43750000 -4.18750000 1.57500005
v 4.34236479 -4.26157856 1.61952972
v 4.29276848 -4.29950094 1.61375391
v 4.31307650 -4.22066212 1.58139491
v 4.27525187 -4.32064724 1.62505090
v 4.24741507 -4.37519073 1.61919892
v 4.22107601 -4.31235790 1.58778358
v 4.24026585 -4.40440655 1.63065815
v 4.23947906 -4.46542311 1.62479091
v 4.18750238 -4.43862820 1.59430993
v 4.24587297 -4.49488640 1.63625431
v 4.27286243 -4.55096292 1.63046467
v 4.22207308 -4.56435156 1.60071170
v 4.29116488 -4.57379007 1.64187181
v 4.33972073 -4.61197329 1.63605499
v 4.31355238 -4.65461063 1.60713637
v 4.36733007 -4.62473440 1.64753366
v 4.42572784 -4.63718033 1.64158618
v 4.45643997 -4.63661528 1.65308499
v 4.51373148 -4.62235641 1.64709556
v 4.43750000 -4.68750000 1.61346149
v 4.54213953 -4.60796642 1.65866232
v 4.58697367 -4.57032871 1.65264487
v 4.56192350 -4.65433788 1.61985648
v 4.60650110 -4.54436731 1.66425002
v 4.63041258 -4.49038458 1.65826321
v 4.65392399 -4.56264210 1.62624514
v 4.63621330 -4.45987558 1.66978192
v 4.63392448 -4.39984560 1.66385627
v 4.68749762 -4.43637180 1.63277137
v 4.62632704 -4.37148046 1.67527187
v 4.59701920 -4.31694746 1.66946113
v 4.65292692 -4.31064844 1.63917327
v 4.57826948 -4.29544497 1.68082380
v 4.52780676 -4.25906515 1.67503428
v 4.56144762 -4.22038937 1.64559782
v 4.50176573 -4.24816132 1.68637872
v 4.44035673 -4.23748398 1.68059421
v 4.41257477 -4.23905802 1.69191539
v 4.35231543 -4.25657654 1.68615556
v 4.43750000 -4.18750000 1.65192306
v 4.32901525 -4.26944590 1.69740188
v 4.28170538 -4.31216526 1.69170642
v 4.31307650 -4.22066212 1.65831792
v 4.26652288 -4.33381414 1.70294070
v 4.24240255 -4.39342070 1.69728041
v 4.22107601 -4.31235790 1.66470671
v 4.23841810 -4.41874933 1.70846653
v 4.24290943 -4.48378468 1.70285809
v 4.18750238 -4.43862820 1.67123294
v 4.25026226 -4.50788641 1.71401799
v 4.28303337 -4.56447124 1.70842254
v 4.22207308 -4.56435156 1.67763484
v 4.29938030 -4.58214378 1.71951222
v 4.35478830 -4.61956167 1.71401107
v 4.31355238 -4.65461063 1.68405938
v 4.37578726 -4.62768555 1.72500479
v 4.44226742 -4.63747835 1.71952283
v 4.43750000 -4.68750000 1.69038463
v 4.46489143 -4.63561106 1.73052919
v 4.52839088 -4.61563969 1.72500575
v 4.54851675 -4.60389757 1.73604882
v 4.59649277 -4.55874681 1.73048556
v 4.56192350 -4.65433788 1.69677949
v 4.60993290 -4.53875446 1.74157572
v 4.63341284 -4.47776031 1.73598111
v 4.65392399 -4.56264210 1.70316827
v 4.63687849 -4.45271206 1.74714530
v 4.63107014 -4.38708878 1.74158001
v 4.68749762 -4.43637180 1.70969450
v 4.62326384 -4.36332607 1.75272858
v 4.58819199 -4.30606031 1.74724197
v 4.65292692 -4.31064844 1.71609628
v 4.57144642 -4.28896666 1.75832295
v 4.51446533 -4.25294638 1.75285590
v 4.56144762 -4.22038937 1.72252095
v 4.49206877 -4.24514008 1.76392329
v 4.42507648 -4.23786020 1.75845385
v 4.43750000 -4.18750000 1.72884619
v 4.40143633 -4.24080181 1.76952863
v 4.33823395 -4.26386404 1.76404953
v 4.31812572 -4.27698708 1.77513647
v 4.27197886 -4.32532787 1.76963103
v 4.31307650 -4.22066212 1.73524106
v 4.25949192 -4.34635401 1.78074384
v 4.23950386 -4.40940046 1.77519810
v 4.22107601 -4.31235790 1.74162972
v 4.23757601 -4.43440056 1.78634882
v 4.24715519 -4.49901104 1.78074968
v 4.18750238 -4.43862820 1.74815607
v 4.25671291 -4.52303362 1.79194963
v 4.29318190 -4.57593250 1.78628266
v 4.22207308 -4.56435156 1.75455785
v 4.31292105 -4.59400082 1.79753780
v 4.36779213 -4.62490606 1.79179454
v 4.31355238 -4.65461063 1.76098251
v 4.39460802 -4.63281012 1.80312181
v 4.45599556 -4.63665771 1.79728842
v 4.43750000 -4.68750000 1.76730764
v 4.48531866 -4.63165522 1.80872631
v 4.54020262 -4.60913515 1.80275464
v 4.56192350 -4.65433788 1.77370262
v 4.56576204 -4.59098721 1.81429207
v 4.60385513 -4.54843330 1.80818391
v 4.61920118 -4.52108479 1.81972063
v 4.63545465 -4.46589422 1.81364143
v 4.65392399 -4.56264210 1.78009129
v 4.63743162 -4.43495560 1.82515562
v 4.62744236 -4.37475729 1.81929064
v 4.68749762 -4.43637180 1.78661752
v 4.61646032 -4.34822845 1.83066595
v 4.57981586 -4.29700089 1.82492030
v 4.65292692 -4.31064844 1.79301941
v 4.55818224 -4.27796936 1.83630168
v 4.50315762 -4.24863911 1.83051944
v 4.56144762 -4.22038937 1.79944396
v 4.47494793 -4.24106359 1.84192359
v 4.41299009 -4.23900557 1.83612049
v 4.43750000 -4.18750000 1.80576921
v 4.34531498 -4.26002312 1.85009480
v 4.32808542 -4.27004766 1.84170055
v 4.31307650 -4.22066212 1.81216419
v 4.25499773 -4.35566854 1.85830021
v 4.26578760 -4.33503246 1.84725857
v 4.23817921 -4.42153549 1.85286844
v 4.22107601 -4.31235790 1.81855285
v 4.23764849 -4.44374609 1.86384380
v 4.25103092 -4.50989056 1.85838032
v 4.18750238 -4.43862820 1.82507908
v 4.26107597 -4.53166008 1.86946452
v 4.30088186 -4.58356905 1.86386967
v 4.22207308 -4.56435156 1.83148098
v 4.32021713 -4.59954786 1.87502241
v 4.37820005 -4.62845182 1.86939049
v 4.31355238 -4.65461063 1.83790553
v 4.40257978 -4.63440657 1.88054252
v 4.46748734 -4.63522863 1.87492061
v 4.43750000 -4.68750000 1.84423077
v 4.49232674 -4.62978649 1.88609314
v 4.55109787 -4.60214949 1.88047051
v 4.56192350 -4.65433788 1.85062563
v 4.57071590 -4.58669138 1.89161682
v 4.61117077 -4.53662491 1.88595724
v 4.65392399 -4.56264210 1.85701442
v 4.62259340 -4.51332283 1.89716244
v 4.63698053 -4.45128202 1.89146388
v 4.63704729 -4.42473984 1.90270424
v 4.62311316 -4.36295176 1.89698398
v 4.68749762 -4.43637180 1.86354065
v 4.61117220 -4.33837795 1.90827334
v 4.57142353 -4.28894615 1.90255570
v 4.65292692 -4.31064844 1.86994243
v 4.54975224 -4.27193165 1.91386008
v 4.49240923 -4.24523735 1.90813231
v 4.56144762 -4.22038937 1.87636709
v 4.46522808 -4.23943663 1.91944993
v 4.40273666 -4.24056482 1.91367853
v 4.43750000 -4.18750000 1.88269234
v 4.37483931 -4.24762440 1.92505622
v 4.31989717 -4.27568388 1.91923261
v 4.31307650 -4.22066212 1.88908720
v 4.29774761 -4.29444027 1.93062699
v 4.26084900 -4.34376383 1.92479563
v 4.22107601 -4.31235790 1.89547586
v 4.24949408 -4.36918449 1.93611717
v 4.23767567 -4.43042326 1.93033624
v 4.23854637 -4.45758343 1.94161522
v 4.25557709 -4.52060366 1.93601620
v 4.18750238 -4.43862820 1.90200222
v 4.26751518 -4.54280519 1.94717705
v 4.31144762 -4.59281349 1.94165266
v 4.22207308 -4.56435156 1.90840399
v 4.33222294 -4.60757160 1.95282841
v 4.39318895 -4.63249302 1.94726229
v 4.31355238 -4.65461063 1.91482866
v 4.41895390 -4.63664865 1.95847511
v 4.48401594 -4.63196611 1.95287907
v 4.43750000 -4.68750000 1.92115390
v 4.50749540 -4.62483597 1.96401262
v 4.56475544 -4.59183502 1.95843816
v 4.56192350 -4.65433788 1.92754877
v 4.58262634 -4.57501602 1.96953511
v 4.61929274 -4.52091265 1.96395695
v 4.65392399 -4.56264210 1.93393743
v 4.62793875 -4.49872017 1.97503698
v 4.63731480 -4.43221283 1.96959138
v 4.68749762 -4.43637180 1.94046366
v 4.63690233 -4.42157793 1.97503698
v 4.61528206 -4.34580278 1.97503698
v 4.64853477 -4.40865135 1.98799765
v 4.65292692 -4.31064844 1.94686556
v 4.54351902 -4.26284122 1.97931767
v 4.56722784 -4.23821497 2.01278949
v 4.62749386 -4.31597042 2.00053716
v 4.66516972 -4.54077911 2.00250268
v 4.68315554 -4.39109468 2.01002312
v 4.56439018 -4.65290403 1.99498630
v 4.41747808 -4.68669701 1.98749185
v 4.27788639 -4.62991524 1.98001456
v 4.19628811 -4.50320292 1.97252941
v 4.20235491 -4.35260773 1.96502364
v 4.29385471 -4.23288822 1.95750654
v 4.43750000 -4.18750000 1.95000005
v 4.56192350 -4.22066212 1.94360507
v 4.65392399 -4.31235790 1.93721640
v 4.68749762 -4.43862820 1.93069017
v 4.65292692 -4.56435156 1.92428827
v 4.56144762 -4.65461063 1.91786373
v 4.43750000 -4.68750000 1.91153848
v 4.31307650 -4.65433788 1.90514350
v 4.22107601 -4.56264210 1.89875484
v 4.18750238 -4.43637180 1.89222860
v 4.22207308 -4.31064844 1.88582671
v 4.43750000 -4.18750000 1.87307692
v 4.31355238 -4.22038937 1.87940216
v 4.56192350 -4.22066212 1.86668205
v 4.65392399 -4.31235790 1.86029327
v 4.68749762 -4.43862820 1.85376704
v 4.65292692 -4.56435156 1.84736526
v 4.56144762 -4.65461063 1.84094059
v 4.43750000 -4.68750000 1.83461535
v 4.31307650 -4.65433788 1.82822049
v 4.22107601 -4.56264210 1.82183182
v 4.18750238 -4.43637180 1.81530547
v 4.22207308 -4.31064844 1.80890369
v 4.31355238 -4.22038937 1.80247903
v 4.43750000 -4.18750000 1.79615390
v 4.56192350 -4.22066212 1.78975892
v 4.65392399 -4.31235790 1.78337026
v 4.68749762 -4.43862820 1.77684402
v 4.65292692 -4.56435156 1.77044213
v 4.56144762 -4.65461063 1.76401758
v 4.43750000 -4.68750000 1.75769234
v 4.31307650 -4.65433788 1.75129735
v 4.22107601 -4.56264210 1.74490869
v 4.18750238 -4.43637180 1.73838246
v 4.22207308 -4.31064844 1.73198056
v 4.31355238 -4.22038937 1.72555602
v 4.43750000 -4.18750000 1.71923077
v 4.56192350 -4.22066212 1.71283591
v 4.65392399 -4.31235790 1.70644712
v 4.68749762 -4.43862820 1.69992089
v 4.65292692 -4.56435156 1.69351912
v 4.56144762 -4.65461063 1.68709445
v 4.43750000 -4.68750000 1.68076921
v 4.31307650 -4.65433788 1.67437434
v 4.22107601 -4.56264210 1.66798556
v 4.18750238 -4.43637180 1.66145933
v 4.22207308 -4.31064844 1.65505755
v 4.31355238 -4.22038937 1.64863288
v 4.43750000 -4.18750000 1.64230764
v 4.56192350 -4.22066212 1.63591278
v 4.65392399 -4.31235790 1.62952411
v 4.68749762 -4.43862820 1.62299776
v 4.65292692 -4.56435156 1.61659598
v 4.56144762 -4.65461063 1.61017132
v 4.43750000 -4.63753700 1.57500005
v 4.43750000 -4.68750000 1.60384619
v 4.31798697 -4.61339664 1.57500005
v -5.68750000 -5.93750000 1.57500005
v 2.47409773 -2.43481684 25.12443924
v 2.34833336 -2.52275395 25.09468460
v 2.28706002 -2.47307992 25.11919594
v 2.24970269 -2.32653189 25.14794159
v 2.22992134 -2.28756022 25.12668419
v 2.20882201 -2.36627603 25.13091087
v 2.22989035 -2.28761387 25.12309265
v 2.25282502 -2.41632485 25.15368271
v 2.22995210 -2.44509745 25.13545227
v 2.20882201 -2.36633253 25.12700653
v 2.22997308 -2.44513392 25.13064003
v 2.26559258 -2.29525852 25.19495964
v 2.22974920 -2.28785920 25.17586708
v 2.23020649 -2.28706837 25.17235947
v 2.24381185 -2.38349938 25.20076561
v 2.20882273 -2.36680794 25.18012810
v 2.20882249 -2.36588025 25.17622566
v 2.23001981 -2.44521451 25.18458557
v 2.22995639 -2.44510508 25.17989922
v 2.28851748 -2.46427822 25.20666695
v 2.22995305 -2.28750515 25.22510529
v 2.24355936 -2.35324812 25.24808121
v 2.20882201 -2.36626148 25.22933578
v 2.22992206 -2.28755903 25.22151566
v 2.26593304 -2.43996787 25.25379753
v 2.22990680 -2.44501877 25.23387146
v 2.20882201 -2.36632395 25.22543144
v 2.22993469 -2.44506741 25.22906113
v 2.25225091 -2.31979251 25.29512978
v 2.23009944 -2.28725243 25.27425957
v 2.20882273 -2.36578751 25.27848816
v 2.22963405 -2.28805971 25.27084160
v 2.25035977 -2.41005754 25.30090141
v 2.22983742 -2.44489884 25.28298950
v 2.20882320 -2.36696100 25.27470589
v 2.23014545 -2.44543099 25.27833939
v 2.27216291 -2.28664017 25.34191895
v 2.23023844 -2.28701353 25.32346153
v 2.24293756 -2.37444448 25.34783363
v 2.20882273 -2.36576748 25.32769966
v 2.23007393 -2.28729653 25.32000732
v 2.22972178 -2.44469738 25.33219337
v 2.20882201 -2.36651731 25.32389832
v 2.28249979 -2.45902801 25.35380554
v 2.23012924 -2.44540334 25.32754707
v 2.22991681 -2.28756809 25.37274742
v 2.24511766 -2.34340000 25.39509583
v 2.20882201 -2.36629176 25.37697411
v 2.22988534 -2.28762245 25.36915588
v 2.26207757 -2.43414545 25.40099907
v 2.22996068 -2.44511247 25.38151550
v 2.20882201 -2.36634898 25.37306976
v 2.22998214 -2.44514966 25.37670326
v 2.25744987 -2.30866003 25.44200134
v 2.23012018 -2.28721690 25.42189407
v 2.23020077 -2.28707838 25.41842270
v 2.20882320 -2.36564612 25.42611885
v 2.24684238 -2.39880729 25.44780350
v 2.22966719 -2.44460249 25.43060875
v 2.20882249 -2.36588526 25.42228889
v 2.30222964 -2.47400689 25.45378113
v 2.22995949 -2.44511032 25.42596245
v 2.28053117 -2.27758884 25.48878670
v 2.22995567 -2.28750062 25.47116852
v 2.24281669 -2.36276889 25.49474144
v 2.20882201 -2.36625910 25.47539711
v 2.22992468 -2.28755426 25.46757698
v 2.27483010 -2.45118952 25.50075722
v 2.22990441 -2.44501495 25.47993469
v 2.20882201 -2.36632180 25.47149467
v 2.22993279 -2.44506383 25.47512436
v 2.20906520 -2.35755062 25.52031517
v 2.24606967 -2.46800852 25.52551651
v 2.34884477 -2.52281189 25.53051376
v 2.47820640 -2.47710609 25.54542542
v 2.46119142 -2.49198461 25.53582764
v 2.49931741 -2.44111872 25.55044746
v 2.52255106 -2.38595843 25.55057907
v 2.52161407 -2.39234567 25.54181290
v 2.52144527 -2.36494160 25.55298424
v 2.49698877 -2.27843237 25.54844666
v 2.47965837 -2.28000116 25.54030418
v 2.48917007 -2.33373857 25.52494431
v 2.45484710 -2.45821881 25.51944733
v 2.49355054 -2.37460995 25.52535439
v 2.36985779 -2.49287438 25.51358414
v 2.28302169 -2.45951176 25.50763893
v 2.24296021 -2.37481666 25.50164604
v 2.27269077 -2.28601170 25.49565887
v 2.24915814 -2.40660143 25.45446205
v 2.25419521 -2.31529784 25.44861412
v 2.26258564 -2.43495393 25.40721130
v 2.24499965 -2.34400010 25.40128517
v 2.29478645 -2.26566815 25.39534950
v 2.24319196 -2.37790895 25.35420227
v 2.27000022 -2.28930759 25.34828568
v 2.25122643 -2.41237187 25.30720711
v 2.25171614 -2.32111645 25.30137062
v 2.26461196 -2.43805075 25.25980377
v 2.24389768 -2.35061169 25.25406647
v 2.28675389 -2.27192855 25.24834824
v 2.24386215 -2.38387036 25.20693970
v 2.26575851 -2.29502058 25.20109367
v 2.25183821 -2.41392851 25.15967369
v 2.25121617 -2.32239413 25.15381813
v 4.30030584 -4.64649200 1.59672892
v 4.43750000 -4.18750000 1.95961535
v 4.56144762 -4.22038937 1.95329010
v 4.28275156 -4.24115086 1.96778381
v 4.43750000 -4.22895241 1.98354781
v 4.32947302 -4.25429630 1.98768151
v 1.75863135 -1.70097780 25.36891556
v 1.83736408 -1.67988372 25.36040878
v 1.83736408 -1.67988372 25.36531448
v 1.91597188 -1.70090580 25.35574150
v 1.76571488 -1.73682559 25.38920975
v 1.91536248 -1.70055664 25.36185837
v 1.85553527 -1.71401286 25.38328362
v 1.75858748 -1.70100319 25.36495781
v 1.81927264 -1.71458566 25.34249878
v 1.90772200 -1.73330510 25.33672333
v 1.70097864 -1.75863004 25.37274742
v 1.70094717 -1.75868440 25.36915588
v 1.74106216 -1.76036954 25.34828568
v 1.67988372 -1.83735359 25.37697411
v 1.67988372 -1.83741093 25.37306976
v 1.70102262 -1.91617429 25.38151550
v 1.70104408 -1.91621149 25.37670326
v 1.71425378 -1.84897065 25.35420227
v 1.75865936 -1.97376657 25.38620186
v 1.75868225 -1.97377968 25.38012123
v 1.75518882 -1.93157935 25.36009407
v 1.83736408 -1.99484444 25.39097023
v 1.83736408 -1.99484444 25.38360023
v 1.91606426 -1.97376907 25.39559174
v 1.91604018 -1.97378302 25.38725662
v 1.84136128 -1.96392953 25.36597443
v 1.80646646 -1.95945597 25.40682983
v 1.89659214 -1.94996333 25.41262245
v 1.73313940 -1.90520728 25.40099907
v 1.71617961 -1.81446183 25.39509583
v 1.75861931 -1.70098472 25.46734047
v 1.83736408 -1.67988372 25.45883369
v 1.83736408 -1.67988372 25.46373940
v 1.91571558 -1.70075846 25.45418167
v 1.83404315 -1.71303177 25.48305511
v 1.91614556 -1.70100605 25.46029663
v 1.75857747 -1.70100892 25.46338463
v 1.79286349 -1.72197914 25.44263840
v 1.88657844 -1.72231412 25.43663788
v 1.70101762 -1.75856245 25.47116852
v 1.70098662 -1.75861621 25.46757698
v 1.67988372 -1.83732104 25.47539711
v 1.67988372 -1.83738363 25.47149467
v 1.72525704 -1.78635967 25.44861412
v 1.70096636 -1.91607690 25.47993469
v 1.70099449 -1.91612577 25.47512436
v 1.72021997 -1.87766337 25.45446205
v 1.75856435 -1.97371161 25.48462105
v 1.75859642 -1.97373021 25.47854233
v 1.83736408 -1.99484444 25.48939514
v 1.83736408 -1.99484444 25.48202515
v 1.77804852 -1.94784737 25.46027565
v 1.91580176 -1.97392023 25.49394989
v 1.91614735 -1.97372115 25.48567963
v 1.86937320 -1.96018505 25.46616936
v 1.82928646 -1.96352816 25.50670433
v 1.91802549 -1.93614936 25.51264381
v 1.74589193 -1.92225134 25.50075722
v 1.71387863 -1.83383071 25.49474144
v 1.75159299 -1.74865079 25.48878670
v 1.75909793 -1.97401857 25.42940712
v 1.75915062 -1.97404873 25.43540573
v 1.83736408 -1.99484444 25.44018173
v 1.86524427 -1.96114886 25.45975304
v 1.83736408 -1.99484444 25.43281174
v 1.91603911 -1.97378361 25.44479370
v 1.70102143 -1.91617227 25.42596245
v 1.70072913 -1.91566443 25.43060875
v 1.77329159 -1.94506872 25.45378113
v 1.67988431 -1.83694708 25.42228889
v 1.67988515 -1.83670783 25.42611885
v 1.71790421 -1.86986923 25.44780350
v 1.70126259 -1.75814021 25.41842270
v 1.70118201 -1.75827873 25.42189407
v 1.72851181 -1.77972186 25.44200134
v 1.75888658 -1.70083082 25.41806221
v 1.83736408 -1.67988372 25.40962219
v 1.83736408 -1.67988372 25.41452789
v 1.79754353 -1.72021472 25.43617439
v 1.75964272 -1.70039904 25.41414642
v 1.91613936 -1.70100236 25.40489006
v 1.91614008 -1.70100284 25.41107750
v 1.89047837 -1.72397768 25.43022156
v 1.85446906 -1.71387386 25.38950157
v 1.76584840 -1.73672998 25.39534950
v 1.71606147 -1.81506205 25.40128517
v 1.73364758 -1.90601587 25.40721130
v 1.80796111 -1.95985734 25.41307831
v 1.91534841 -1.97417963 25.43647575
v 1.89863348 -1.94889784 25.41891861
v 1.75863671 -1.70097470 25.12285233
v 1.83736408 -1.67988372 25.11925125
v 1.77864254 -1.72869432 25.14219475
v 1.91537726 -1.70056498 25.11579514
v 1.86948800 -1.71668386 25.13632011
v 1.70098317 -1.75862205 25.12668419
v 1.70095217 -1.75867581 25.12309265
v 1.67988372 -1.83733785 25.13091087
v 1.67988372 -1.83739448 25.12700653
v 1.70619655 -1.79302967 25.11370850
v 1.70101392 -1.91615927 25.13545227
v 1.70103502 -1.91619575 25.13064003
v 1.70789909 -1.87772107 25.11655617
v 1.75865066 -1.97376144 25.14013863
v 1.75867295 -1.97377431 25.13405800
v 1.75812185 -1.94414186 25.11919594
v 1.83736408 -1.99484444 25.14490700
v 1.83736408 -1.99484444 25.13753700
v 1.83639681 -1.96769679 25.12182999
v 1.91607261 -1.97376430 25.14952850
v 1.91604912 -1.97377789 25.14119339
v 1.78708029 -1.95240974 25.15947914
v 1.88150072 -1.95649374 25.16553307
v 1.72388685 -1.88738668 25.15368271
v 1.72076464 -1.79759359 25.14794159
v 1.75896859 -1.97394443 25.28175926
v 1.75947917 -1.97423625 25.28779221
v 1.83736408 -1.99484444 25.29254532
v 1.78111792 -1.94949865 25.30670357
v 1.83736408 -1.99484444 25.28517342
v 1.91615224 -1.97371829 25.29717064
v 1.87273526 -1.95929205 25.31259727
v 1.70120728 -1.91649294 25.27833939
v 1.70089936 -1.91596079 25.28298950
v 1.67988515 -1.83802295 25.27470589
v 1.67988455 -1.83684933 25.27848816
v 1.72142148 -1.88111937 25.30090141
v 1.70069599 -1.75912166 25.27084160
v 1.70116127 -1.75831437 25.27425957
v 1.72331262 -1.79085445 25.29512978
v 1.75904822 -1.70073807 25.26654816
v 1.75875902 -1.70090425 25.27042770
v 1.83736408 -1.67988372 25.26198387
v 1.83736408 -1.67988372 25.26688957
v 1.78609717 -1.72490704 25.28930855
v 1.91602075 -1.70093393 25.25726891
v 1.91544843 -1.70060563 25.26342773
v 1.87970853 -1.71974063 25.28330612
v 1.84384143 -1.71300197 25.24253082
v 1.75781572 -1.74299037 25.24834824
v 1.71495950 -1.82167351 25.25406647
v 1.73567390 -1.90911257 25.25980377
v 1.81258297 -1.96097696 25.26573753
v 1.91614032 -1.97372520 25.28883553
v 1.74143672 -1.71247220 25.51746559
v 1.72916079 -1.72294331 25.51451874
v 1.83736408 -1.67988372 25.50804710
v 1.82623339 -1.71362853 25.48969650
v 1.83736408 -1.67988372 25.51295280
v 1.91602099 -1.70093405 25.50333214
v 1.91419876 -1.73777270 25.48386955
v 1.68520045 -1.79678953 25.52241898
v 1.68012714 -1.82861245 25.52031517
v 1.74375272 -1.75707364 25.49565887
v 1.69200134 -1.89794219 25.52790833
v 1.71713161 -1.93907046 25.52551651
v 1.71402192 -1.84587848 25.50164604
v 1.75905538 -1.97399414 25.53379631
v 1.81990647 -1.99387372 25.53051376
v 1.75408351 -1.93057346 25.50763893
v 1.85854876 -1.99341297 25.53975487
v 1.93225336 -1.96304655 25.53582764
v 1.84091973 -1.96393633 25.51358414
v 1.94926822 -1.94816792 25.54542542
v 1.99267602 -1.86340749 25.54181290
v 1.92590904 -1.92928076 25.51944733
v 1.97324336 -1.75775969 25.55531502
v 1.96805048 -1.74949431 25.54844666
v 1.96461248 -1.84567177 25.52535439
v 1.99361289 -1.85702026 25.55057907
v 1.93024695 -1.71019173 25.55531502
v 1.87185228 -1.68370664 25.55531502
v 1.95072019 -1.75106311 25.54030418
v 1.83736408 -1.66019869 25.57500076
v 1.89816523 -1.72407126 25.52641106
v 1.99250722 -1.83600342 25.55298424
v 1.99051547 -1.74830568 25.57500076
v 1.97037923 -1.91218054 25.55044746
v 1.91357958 -1.96640956 25.54770660
v 1.83736408 -1.98424768 25.54471779
v 1.71630788 -1.90955853 25.53878403
v 1.76618195 -1.96241879 25.54172897
v 1.69927549 -1.84028542 25.53595352
v 1.71878183 -1.77191269 25.53328133
v 1.76962245 -1.72295880 25.53079224
v 1.91545391 -1.70060873 25.50949097
v 1.83736408 -1.70672965 25.52846909
v 1.75909221 -1.97401536 25.18334389
v 1.75921988 -1.97408831 25.18934631
v 1.83736408 -1.99484444 25.19411850
v 1.84790170 -1.96363831 25.21259499
v 1.83736408 -1.99484444 25.18674850
v 1.91603649 -1.97378516 25.19873047
v 1.70108163 -1.91627622 25.18458557
v 1.75957930 -1.93534005 25.20666695
v 1.70101833 -1.91616678 25.17989922
v 1.67988455 -1.83786976 25.18012810
v 1.71487367 -1.85456133 25.20076561
v 1.67988431 -1.83694208 25.17622566
v 1.70081091 -1.75892115 25.17586708
v 1.70126843 -1.75813007 25.17235947
v 1.75903046 -1.70074821 25.17199135
v 1.73665440 -1.76632035 25.19495964
v 1.83736408 -1.67988372 25.16355896
v 1.83736408 -1.67988372 25.16846466
v 1.81084788 -1.71628487 25.18924522
v 1.75965345 -1.70039284 25.16808319
v 1.91614020 -1.70100284 25.15882683
v 1.91614079 -1.70100319 25.16501427
v 1.78253698 -1.72663677 25.14806938
v 1.87198901 -1.71736431 25.14232063
v 1.72227800 -1.79345596 25.15381813
v 1.72290003 -1.88499045 25.15967369
v 1.78852510 -1.95305943 25.16572952
v 1.91535783 -1.97417426 25.19041252
v 1.88215733 -1.95625591 25.17172813
v 1.75886858 -1.97388697 25.33097076
v 1.75911033 -1.97402573 25.33697701
v 1.83736408 -1.99484444 25.34175682
v 1.84037113 -1.96394253 25.35976219
v 1.83736408 -1.99484444 25.33438683
v 1.91607654 -1.97376204 25.34632683
v 1.70119119 -1.91646516 25.32754707
v 1.70078361 -1.91575933 25.33219337
v 1.75356162 -1.93008983 25.35380554
v 1.67988396 -1.83757913 25.32389832
v 1.67988467 -1.83682930 25.32769966
v 1.71399939 -1.84550643 25.34783363
v 1.70113575 -1.75835848 25.32000732
v 1.70130026 -1.75807536 25.32346153
v 1.75976419 -1.70033014 25.31571198
v 1.75925910 -1.70061743 25.31962013
v 1.74322486 -1.75770211 25.34191895
v 1.83736408 -1.67988372 25.31119728
v 1.83736408 -1.67988372 25.31610107
v 1.82349575 -1.71395707 25.33608055
v 1.91610348 -1.70098174 25.30646706
v 1.91609621 -1.70097744 25.31265450
v 1.78498638 -1.72543228 25.29553604
v 1.87626052 -1.71861351 25.28968239
v 1.72277808 -1.79217827 25.30137062
v 1.72228837 -1.88343382 25.30720711
v 1.78539622 -1.95162606 25.31315422
v 1.91566038 -1.97400129 25.33806610
v 1.87782729 -1.95775068 25.31908035
v 1.75861645 -1.70098639 25.22127724
v 1.83736408 -1.67988372 25.21277046
v 1.83736408 -1.67988372 25.21767616
v 1.91573000 -1.70076668 25.20811653
v 1.75716567 -1.74354553 25.24225044
v 1.91614795 -1.70100737 25.21423340
v 1.84416449 -1.71301472 25.23635864
v 1.75857449 -1.70101070 25.21732140
v 1.81295228 -1.71580434 25.19526291
v 1.90224850 -1.72996891 25.18948555
v 1.70101500 -1.75856709 25.22510529
v 1.70098376 -1.75862098 25.22151566
v 1.73682034 -1.76608241 25.20109367
v 1.67988372 -1.83732319 25.22933578
v 1.67988372 -1.83738589 25.22543144
v 1.70096850 -1.91608071 25.23387146
v 1.70099664 -1.91612935 25.22906113
v 1.71492398 -1.85493219 25.20693970
v 1.75856519 -1.97371209 25.23855782
v 1.75859702 -1.97373044 25.23247910
v 1.75984395 -1.93555558 25.21283913
v 1.83736408 -1.99484444 25.24333191
v 1.83736408 -1.99484444 25.23596191
v 1.91578805 -1.97392809 25.24788666
v 1.91614866 -1.97372043 25.23961639
v 1.84656286 -1.96372688 25.21866226
v 1.81142449 -1.96071351 25.25951195
v 1.90245533 -1.94677472 25.26540184
v 1.73699486 -1.91102970 25.25379753
v 1.71462131 -1.82430995 25.24808121
v -5.86423492 -5.86424541 2.07500005
v -5.93750000 5.68750000 2.07500005
v -5.93750000 -5.68750000 2.07500005
v -5.93750000 -5.68750000 1.57500005
v -5.86424541 -5.86423492 1.57500005
v -5.86424541 5.86423492 2.07500005
v -5.93750000 5.68750000 1.57500005
v -5.68750000 -5.93750000 2.07500005
v -5.68750000 5.93750000 2.07500005
v -5.86423492 5.86424541 1.57500005
v 5.31250000 5.60155010 2.07500005
v 5.68750000 5.93750000 2.07500005
v -5.68750000 5.93750000 1.57500005
v -5.56251335 -5.45747280 2.07500005
v -1.40125000 3.66732717 2.07500005
v 0.00000000 3.20661235 2.07500005
v 1.31850004 3.52399993 2.07500005
v 4.17684698 4.58595562 2.07500005
v 4.43750000 4.73750019 2.07500005
v 5.06136084 5.45553732 2.07500005
v 1.56675005 3.66732717 2.07500005
v -5.31250000 5.60155010 2.07500005
v -5.06248665 5.45747280 2.07500005
v -1.64950001 3.52399993 2.07500005
v -5.56363916 5.45553732 2.07500005
v -5.56363916 -5.16946268 2.07500005
v -1.56675005 3.66732717 2.07500005
v 1.40125000 3.66732717 2.07500005
v 5.86424541 -5.86423492 2.07500005
v 5.86423492 5.86424541 2.07500005
v 5.68750000 5.93750000 1.57500005
v 5.56251335 5.45747280 2.07500005
v 5.93750000 -5.68750000 2.07500005
v 5.93750000 5.68750000 2.07500005
v 5.86424541 5.86423492 1.57500005
v 5.93750000 5.68750000 1.57500005
v 5.93750000 -5.68750000 1.57500005
v 5.86423492 -5.86424541 1.57500005
v -5.31250000 -5.60155010 2.07500005
v 5.68750000 -5.93750000 1.57500005
v -4.28841400 -4.69777822 2.07500005
v -4.58658600 -4.69777822 2.07500005
v -5.06136084 -5.45553732 2.07500005
v 5.56363916 5.16946268 2.07500005
v 5.56363916 -5.45553732 2.07500005
v 5.31250000 -5.60155010 2.07500005
v -0.00000000 -3.20010042 2.07556963
v -1.87726057 -2.58382750 2.07726145
v 1.87726057 -2.58382750 2.07726145
v 0.00000000 -3.19378662 2.07726145
v 3.05055857 0.98798794 2.07500005
v 3.03747153 -0.98693430 2.07726145
v 2.59380198 1.88532960 2.07500005
v 3.03747153 0.98693430 2.07726145
v 4.17684698 -4.28904438 2.07500005
v 1.64950001 3.52399993 2.07500005
v 1.88355219 2.59517217 2.07500005
v 1.87726057 2.58382750 2.07726145
v 1.40125000 3.38067269 2.07500005
v 1.56675005 3.38067269 2.07500005
v -0.99589431 3.04793429 2.07500005
v 0.00000000 3.20010042 2.07556963
v -1.56675005 3.38067269 2.07500005
v -1.88828957 2.59173584 2.07500005
v -1.87726057 2.58382750 2.07726145
v -1.40125000 3.38067269 2.07500005
v -1.31850004 3.52399993 2.07500005
v -0.00000000 3.19378662 2.07726145
v -4.17801523 4.58796453 2.07500005
v -3.04954863 0.99115902 2.07500005
v -3.03747153 0.98693430 2.07726145
v -3.03747153 -0.98693430 2.07726145
v -4.17684698 4.28904438 2.07500005
v 4.61749983 3.52399993 2.07500005
v 4.69815302 4.28904438 2.07500005
v 4.43750000 4.13749981 2.07500005
v 4.43750000 4.21676016 1.99573958
v 4.36924982 3.66732717 2.07500005
v 4.17801523 4.28703547 2.07500005
v 4.30507565 4.26736116 1.99060011
v 4.53474998 3.66732717 2.07500005
v 5.06136084 -5.16946268 2.07500005
v 4.69698477 4.58796453 2.07500005
v 4.63712740 4.32540274 2.00394726
v 4.69698477 -4.28703547 2.07500005
v 4.69815302 -4.58595562 2.07500005
v 4.55115557 4.24348927 1.99985039
v 4.64232111 4.55681133 2.01203775
v 4.67050838 4.44028902 2.00802517
v 4.43750000 4.68262339 2.02012324
v 4.55792761 4.64633179 2.01606727
v 4.19065475 4.47708988 2.02500010
v 4.36103535 4.67295599 2.02256107
v 4.29055357 4.63975430 2.02500010
v 4.22446728 4.56833220 2.02500010
v 4.28649998 -3.52399993 2.07500005
v 4.28649998 3.52399993 2.07500005
v 4.23326921 4.38682461 1.98542380
v -4.28649998 3.52399993 2.07500005
v -4.43750000 4.13749981 2.07500005
v -4.43750000 4.22895241 1.98354781
v -4.53474998 3.66732717 2.07500005
v -4.69698477 4.28703547 2.07500005
v -4.63975430 4.29055357 2.02500010
v -4.36924982 3.66732717 2.07500005
v -4.47708988 4.19065475 2.02500010
v -4.56833220 4.22446728 2.02500010
v -4.24835539 4.33156061 1.99179220
v -4.32947302 4.25429630 1.98768151
v -4.43750000 4.73750019 2.07500005
v -4.24378300 4.55169058 1.99986839
v -4.21667385 4.44043827 1.99584556
v -4.69815302 4.58595562 2.07500005
v -4.43750000 4.67043161 2.00793147
v -4.32444525 4.63655996 2.00392413
v -4.73750019 -4.43750000 2.07500005
v -4.65328312 4.54597569 2.01651478
v -4.56226444 4.63927460 2.01223230
v -4.61749983 -3.52399993 2.07500005
v -4.61749983 3.52399993 2.07500005
v -4.68242741 4.41719532 2.02076769
v -4.67043161 -4.43750000 2.00793147
v -4.58757544 -4.17779779 2.07500005
v -4.55169058 -4.24378300 1.99986839
v -5.06136084 5.16946268 2.07500005
v -4.63655996 -4.32444525 2.00392413
v -4.54597569 -4.65328312 2.01651478
v -4.63927460 -4.56226444 2.01223230
v -4.29055357 -4.63975430 2.02500010
v -4.41719532 -4.68242741 2.02076769
v -4.28649998 -3.52399993 2.07500005
v -4.28742409 -4.17779779 2.07500005
v -4.22895241 -4.43750000 1.98354781
v -4.19065475 -4.47708988 2.02500010
v -4.22446728 -4.56833220 2.02500010
v -4.53474998 -3.66732717 2.07500005
v -4.33156061 -4.24835539 1.99179220
v -4.36924982 -3.66732717 2.07500005
v -4.25429630 -4.32947302 1.98768151
v -4.44043827 -4.21667385 1.99584556
v 4.43750000 -4.73750019 2.07500005
v 4.43750000 -4.67043161 2.00793147
v 4.24378300 -4.55169058 1.99986839
v 4.32444525 -4.63655996 2.00392413
v 4.65328312 -4.54597569 2.01651478
v 4.56226444 -4.63927460 2.01223230
v 4.53474998 -3.66732717 2.07500005
v 4.43750000 -4.13749981 2.07500005
v 4.63975430 -4.29055357 2.02500010
v 4.61749983 -3.52399993 2.07500005
v 4.68242741 -4.41719532 2.02076769
v 4.36924982 -3.66732717 2.07500005
v 4.56833220 -4.22446728 2.02500010
v 4.47708988 -4.19065475 2.02500010
v 4.24835539 -4.33156061 1.99179220
v 4.21667385 -4.44043827 1.99584556
v -5.06248665 -5.16752720 2.07500005
v -5.31250000 5.02344990 2.07500005
v -5.31250000 5.02344990 1.57500005
v -5.31250000 -5.02344990 2.07500005
v -5.56251335 5.16752720 2.07500005
v -5.56363916 5.16946268 1.57500005
v -5.06136084 5.45553732 1.57500005
v -5.06248665 5.16752720 1.57500005
v -5.31250000 5.60155010 1.57500005
v -5.56251335 5.45747280 1.57500005
v 5.56251335 -5.16752720 2.07500005
v 5.31250000 5.02344990 2.07500005
v 5.31250000 5.02344990 1.57500005
v 5.31250000 -5.02344990 2.07500005
v 5.06248665 5.16752720 2.07500005
v 5.06136084 5.16946268 1.57500005
v 5.56363916 5.45553732 1.57500005
v 5.56251335 5.16752720 1.57500005
v 5.31250000 5.60155010 1.57500005
v 5.06248665 5.45747280 1.57500005
v -5.31250000 -5.60155010 1.57500005
v -5.56363916 -5.45553732 1.57500005
v -5.06136084 -5.16946268 1.57500005
v -5.06248665 -5.45747280 1.57500005
v -5.31250000 -5.02344990 1.57500005
v -5.56251335 -5.16752720 1.57500005
v 5.31250000 -5.60155010 1.57500005
v 5.56363916 -5.16946268 1.57500005
v 5.56251335 -5.45747280 1.57500005
v 5.31250000 -5.02344990 1.57500005
v 5.06248665 -5.16752720 1.57500005
v -4.61749983 -3.52399993 1.57500005
v -4.53474998 -3.38067269 2.07500005
v -4.53474998 -3.38067269 1.57500005
v -4.53474998 -3.66732717 1.57500005
v -4.36924982 -3.66732717 1.57500005
v -4.36924982 3.38067269 2.07500005
v -4.36924982 -3.38067269 2.07500005
v -4.28649998 -3.52399993 1.57500005
v -4.53474998 3.38067269 2.07500005
v -4.36924982 -3.38067269 1.57500005
v 4.28649998 -3.52399993 1.57500005
v 4.36924982 -3.38067269 2.07500005
v 4.36924982 -3.38067269 1.57500005
v 4.36924982 -3.66732717 1.57500005
v 4.53474998 -3.66732717 1.57500005
v 4.53474998 3.38067269 2.07500005
v 4.53474998 -3.38067269 2.07500005
v 4.61749983 -3.52399993 1.57500005
v 4.36924982 3.38067269 2.07500005
v 4.53474998 -3.38067269 1.57500005
v -4.61749983 3.52399993 1.57500005
v -4.53474998 3.66732717 1.57500005
v -4.53474998 3.38067269 1.57500005
v -4.36924982 3.38067269 1.57500005
v -4.28649998 3.52399993 1.57500005
v -4.36924982 3.66732717 1.57500005
v -1.64950001 3.52399993 1.57500005
v -1.56675005 3.66732717 1.57500005
v -1.56675005 3.38067269 1.57500005
v -1.40125000 3.38067269 1.57500005
v -1.31850004 3.52399993 1.57500005
v -1.40125000 3.66732717 1.57500005
v 4.28649998 3.52399993 1.57500005
v 4.36924982 3.66732717 1.57500005
v 4.36924982 3.38067269 1.57500005
v 4.53474998 3.38067269 1.57500005
v 4.61749983 3.52399993 1.57500005
v 4.53474998 3.66732717 1.57500005
v 1.31850004 3.52399993 1.57500005
v 1.40125000 3.66732717 1.57500005
v 1.40125000 3.38067269 1.57500005
v 1.56675005 3.38067269 1.57500005
v 1.64950001 3.52399993 1.57500005
v 1.56675005 3.66732717 1.57500005
v 1.97319221 -1.91705573 25.44043350
v 1.97371542 -1.91615725 25.44914055
v 1.99484444 -1.83739305 25.44478607
v 1.95751297 -1.88022029 25.42469978
v 1.97376668 -1.75865972 25.45681953
v 1.97353268 -1.75825548 25.44944572
v 1.95427358 -1.78842688 25.43057442
v 1.99484444 -1.83739102 25.45313644
v 1.91858733 -1.74116158 25.47737122
v 1.96332622 -1.81947803 25.47161293
v 1.94284308 -1.90925205 25.46572685
v 1.97362745 -1.91630924 25.35063934
v 1.97408605 -1.91551232 25.34210396
v 1.94802022 -1.90093458 25.32485199
v 1.99484432 -1.83743346 25.35467720
v 1.99484229 -1.83655238 25.34640503
v 1.97328746 -1.75783503 25.35838127
v 1.97354603 -1.75827861 25.35102081
v 1.96134758 -1.80953610 25.33075905
v 1.93648577 -1.75903881 25.37736130
v 1.96453404 -1.84672189 25.37147903
v 1.92512321 -1.93002117 25.36559105
v 1.97354019 -1.91645968 25.49826813
v 1.97377288 -1.91605771 25.48965073
v 1.94443965 -1.90683603 25.47205925
v 1.99484432 -1.83744907 25.50231361
v 1.99484444 -1.83730555 25.49396515
v 1.97327054 -1.75780594 25.50602150
v 1.97369111 -1.75852883 25.49857521
v 1.96266818 -1.81567907 25.47800446
v 1.94289994 -1.76756239 25.52436638
v 1.96345901 -1.85651445 25.51850128
v 1.97375929 -1.91608131 25.29277229
v 1.90539742 -1.94502103 25.27176666
v 1.97376335 -1.91607428 25.30148125
v 1.99484444 -1.83733630 25.29711533
v 1.96075654 -1.86968064 25.27775002
v 1.99484444 -1.83733022 25.30550385
v 1.97370636 -1.75855529 25.30175209
v 1.94907200 -1.77780938 25.28367424
v 1.97370255 -1.75854862 25.30921364
v 1.91204846 -1.73622251 25.33024597
v 1.96237576 -1.81418240 25.32431030
v 1.94645226 -1.90360808 25.31850624
v 1.97319925 -1.91704381 25.19437027
v 1.99484444 -1.83739674 25.20707321
v 1.99484444 -1.83738494 25.19872284
v 1.95146549 -1.89447141 25.17767143
v 1.97371185 -1.91616344 25.20307732
v 1.97376871 -1.75866330 25.21075630
v 1.97353673 -1.75826263 25.20338249
v 1.95910382 -1.80141282 25.18364716
v 1.92876315 -1.75038874 25.23044968
v 1.96481490 -1.83718491 25.22443771
v 1.93097699 -1.92416167 25.21847153
v 1.97353578 -1.91646731 25.25220490
v 1.97377372 -1.91605628 25.24358940
v 1.93138027 -1.92372680 25.22466087
v 1.99484432 -1.83744490 25.25625229
v 1.99484444 -1.83730567 25.24790192
v 1.97326529 -1.75779700 25.25996017
v 1.97369230 -1.75853097 25.25251198
v 1.96478379 -1.83543587 25.23069954
v 1.92841077 -1.75003195 25.23663139
v 1.94997835 -1.77949226 25.27740479
v 1.96005344 -1.87226105 25.27143097
v 1.97367823 -1.91622150 25.14512634
v 1.91198528 -1.94076371 25.12465096
v 1.97368777 -1.91620505 25.15383720
v 1.99484444 -1.83741796 25.14947319
v 1.96236205 -1.86274862 25.13054085
v 1.99484444 -1.83740890 25.15786362
v 1.97377181 -1.75866866 25.15410614
v 1.94564474 -1.77193379 25.13646889
v 1.97377121 -1.75866759 25.16156960
v 1.90106225 -1.72929454 25.18341827
v 1.95934904 -1.80220795 25.17744446
v 1.95148909 -1.89442396 25.17152214
v 1.97329569 -1.75784898 25.11231613
v 1.94435358 -1.76997828 25.13048363
v 1.99484432 -1.83745062 25.10861397
v 1.96276331 -1.86106861 25.12454605
v 1.97367334 -1.91622996 25.39118958
v 1.92669582 -1.92852569 25.37187767
v 1.97368324 -1.91621292 25.39989853
v 1.99484444 -1.83742416 25.39553642
v 1.96467590 -1.84432685 25.37778091
v 1.99484444 -1.83741450 25.40392494
v 1.97377431 -1.75867295 25.40016937
v 1.93547630 -1.75780976 25.38361359
v 1.97377360 -1.75867164 25.40763283
v 1.95471621 -1.78945827 25.42435455
v 1.95683801 -1.88207483 25.41842461
v -1.45418441 -2.47382021 25.31825066
v -1.37540269 -2.53524208 25.36895180
v -1.37540269 -2.53524208 25.31358719
v -1.40184832 -2.50556421 25.55531502
v -1.46712685 -2.51351237 25.34205055
v -1.38942516 -2.59283996 25.33531380
v -1.33862150 -2.63495445 25.31033134
v -1.37540269 -2.53524208 25.30989647
v -1.33858919 -2.63536286 25.30287552
v -1.45413256 -2.47398591 25.37358284
v -1.41302347 -2.55479074 25.34535980
v -1.37573338 -2.65348554 25.33898354
v -1.33858919 -2.63536286 25.36193085
v -1.37540269 -2.53524208 25.37264252
v -1.55410206 -2.45791435 25.32312393
v -1.55434203 -2.45792413 25.37849426
v -1.50417352 -2.50139713 25.35174942
v -1.64915073 -2.49334049 25.32794380
v -1.64952230 -2.49364209 25.38329124
v -1.60833573 -2.51702738 25.35812187
v -1.71479869 -2.57091022 25.33274460
v -1.71479869 -2.57091022 25.38810921
v -1.64218330 -2.48568606 25.09468460
v -1.71479869 -2.57091022 25.39179993
v -1.68053567 -2.59655523 25.36462975
v -1.73107839 -2.66622591 25.39104652
v -1.73109365 -2.66603136 25.39811325
v -1.66720295 -2.57095075 25.35553551
v -1.71479869 -2.57091022 25.32905388
v -1.69131005 -2.67730117 25.36213875
v -1.73109365 -2.66603136 25.33905792
v -1.57798469 -2.50476122 25.34879684
v 1.55907166 -1.41637754 25.40500259
v 1.55900168 -1.41636062 25.40235901
v 1.58535933 -1.42620850 25.40221405
v 1.59703696 -1.46902847 25.38292503
v 1.54336107 -1.44124615 25.42152786
v 1.63864458 -1.48222768 25.39950943
v 1.63857007 -1.48206425 25.39670372
v 1.60659719 -1.48101890 25.41631889
v 1.53113675 -1.41302645 25.40667152
v 1.53113675 -1.41302645 25.40364265
v 1.44761014 -1.44763029 25.41230583
v 1.44769728 -1.44754314 25.40776443
v 1.52774966 -1.44025660 25.38813210
v 1.47159004 -1.46098185 25.42671585
v 1.55907583 -1.41637862 25.32626152
v 1.55899358 -1.41635859 25.32361984
v 1.58535933 -1.42620850 25.32347298
v 1.59725857 -1.46926236 25.30415726
v 1.51563430 -1.44138765 25.34467697
v 1.63861966 -1.48217309 25.32077217
v 1.63861859 -1.48217082 25.31795692
v 1.58615792 -1.45929778 25.33961105
v 1.53113675 -1.41302645 25.32793236
v 1.53113675 -1.41302645 25.32490349
v 1.44768202 -1.44755840 25.33356094
v 1.44766033 -1.44757998 25.32902527
v 1.52847528 -1.44024229 25.30933571
v 1.55906010 -1.41637468 25.24752235
v 1.55900741 -1.41636193 25.24487877
v 1.58535933 -1.42620850 25.24473381
v 1.59886789 -1.47101152 25.22525597
v 1.56209242 -1.44610345 25.26273537
v 1.63862121 -1.48217654 25.24203110
v 1.63858175 -1.48208976 25.23922157
v 1.53113675 -1.41302645 25.24919128
v 1.53113675 -1.41302645 25.24616241
v 1.44764495 -1.44759548 25.25482368
v 1.44753206 -1.44770837 25.25029373
v 1.53019249 -1.44023097 25.23048019
v 1.48790097 -1.45044601 25.26791954
v 1.55907595 -1.41637862 25.52311134
v 1.55899322 -1.41635847 25.52046967
v 1.58535922 -1.42620850 25.52032280
v 1.56132686 -1.44571340 25.50393486
v 1.53113675 -1.43239093 25.53594971
v 1.63862085 -1.48217547 25.51762199
v 1.63862169 -1.48217750 25.51480675
v 1.61581194 -1.49825490 25.49864006
v 1.60721719 -1.47420800 25.53222656
v 1.53113675 -1.41302645 25.52478218
v 1.53113675 -1.41302645 25.52175331
v 1.44594634 -1.44932830 25.53056145
v 1.45834041 -1.43812752 25.52527809
v 1.48578048 -1.45145571 25.50924301
v 1.45701742 -1.46045291 25.53962517
v 1.55907202 -1.41637766 25.20815086
v 1.55900204 -1.41636062 25.20550919
v 1.58535933 -1.42620850 25.20536232
v 1.57040954 -1.44954562 25.18831062
v 1.51390541 -1.44168329 25.22668457
v 1.63864565 -1.48223019 25.20265961
v 1.63856959 -1.48206317 25.19985390
v 1.61924577 -1.50849354 25.18294144
v 1.58528483 -1.45864391 25.22157478
v 1.53113675 -1.41302645 25.20982170
v 1.53113675 -1.41302645 25.20679283
v 1.44758511 -1.44765520 25.21545792
v 1.44769728 -1.44754314 25.21091461
v 1.49371588 -1.44761992 25.19367790
v 1.55906606 -1.41637623 25.16878128
v 1.55901325 -1.41636336 25.16613770
v 1.58535933 -1.42620850 25.16599274
v 1.60229313 -1.47506022 25.14616203
v 1.53933048 -1.44072855 25.18558311
v 1.63864505 -1.48222876 25.16328812
v 1.63860476 -1.48214030 25.16047859
v 1.60408998 -1.47745395 25.18039322
v 1.53113675 -1.41302645 25.17045212
v 1.53113675 -1.41302645 25.16742325
v 1.53505194 -1.44037032 25.15141487
v 1.44756961 -1.44767082 25.17609024
v 1.44762671 -1.44761372 25.17154884
v 1.46807206 -1.46397090 25.19080925
v 1.55905938 -1.41637456 25.44437218
v 1.55901277 -1.41636324 25.44172859
v 1.58535933 -1.42620850 25.44158363
v 1.56427944 -1.44683373 25.42497635
v 1.52233303 -1.44055939 25.46232796
v 1.63862181 -1.48217762 25.43888283
v 1.63858807 -1.48210359 25.43607140
v 1.61681211 -1.50085795 25.41970444
v 1.59022045 -1.46256530 25.45736694
v 1.53113675 -1.41302645 25.44604301
v 1.53113675 -1.41302645 25.44301224
v 1.44764102 -1.44759929 25.45167542
v 1.44753993 -1.44770050 25.44714355
v 1.48895371 -1.44980967 25.43025589
v 1.55906689 -1.41637635 25.36563110
v 1.55901253 -1.41636312 25.36298943
v 1.58535933 -1.42620850 25.36284256
v 1.56607318 -1.44757211 25.34611130
v 1.56563926 -1.44750488 25.38058662
v 1.63864326 -1.48222470 25.36013985
v 1.63861382 -1.48216009 25.35732841
v 1.61763310 -1.50319123 25.34079742
v 1.53113675 -1.41302645 25.36730194
v 1.53113675 -1.41302645 25.36427307
v 1.44756901 -1.44767141 25.37294006
v 1.44761658 -1.44762385 25.36839867
v 1.49019039 -1.44920933 25.35142517
v 1.49226260 -1.44836855 25.38570213
v 1.55907083 -1.41637731 25.28689194
v 1.55900705 -1.41636181 25.28424835
v 1.58535933 -1.42620850 25.28410339
v 1.56613660 -1.44759905 25.26736832
v 1.53594959 -1.44043481 25.30392265
v 1.63861656 -1.48216605 25.28140259
v 1.63858020 -1.48208642 25.27859306
v 1.61755013 -1.50294626 25.26207542
v 1.60078275 -1.47324395 25.29886627
v 1.53113675 -1.41302645 25.28856277
v 1.53113675 -1.41302645 25.28553200
v 1.44765389 -1.44758654 25.29419327
v 1.44758677 -1.44765365 25.28966141
v 1.49153602 -1.44858158 25.27258110
v 1.46837091 -1.46370459 25.30889320
v 1.55907142 -1.41637754 25.48374176
v 1.55900645 -1.41636169 25.48110008
v 1.58535933 -1.42620850 25.48095322
v 1.59574771 -1.46769893 25.46179199
v 1.56571305 -1.44753587 25.49869156
v 1.63861895 -1.48217142 25.47825241
v 1.63858008 -1.48208618 25.47544289
v 1.53113675 -1.41302645 25.48541260
v 1.53113675 -1.41302645 25.48238373
v 1.44759071 -1.44764960 25.49104881
v 1.44758761 -1.44765282 25.48651123
v 1.52561605 -1.44033146 25.46701622
v 1.49275458 -1.44815087 25.50377655
v 1.41531456 -1.55427241 25.10455322
v 1.42057288 -1.57267773 25.09893608
v 1.42308819 -1.48343420 25.09468460
v 1.43480933 -1.59335673 25.09811974
v 1.42614532 -1.47703660 25.09958458
v 1.44750667 -1.44773376 25.09468460
v 1.43368483 -1.43371964 25.07500076
v 1.39334631 -1.53059804 25.07500076
v 1.45499122 -1.62142456 25.10914040
v 1.48124266 -1.63819098 25.10370064
v 1.52787483 -1.64920187 25.11319733
v 1.57043552 -1.64251733 25.10911751
v 1.53113675 -1.64168918 25.10224342
v 1.60217988 -1.62549198 25.11684036
v 1.63716745 -1.58317053 25.11485481
v 1.60539937 -1.60816813 25.10579681
v 1.64550173 -1.56064391 25.12029457
v 1.64328265 -1.49407852 25.12040901
v 1.63447940 -1.53427577 25.10940552
v 1.63896406 -1.48293626 25.12392426
v 1.58535933 -1.42620850 25.12662315
v 1.60339916 -1.46203840 25.11281395
v 1.56646657 -1.44785559 25.14430618
v 1.55900598 -1.41636157 25.12676811
v 1.55906808 -1.41637671 25.12941170
v 1.61609674 -1.49926424 25.13933182
v 1.61334598 -1.57264280 25.13421249
v 1.55547071 -1.62162495 25.12891960
v 1.48282135 -1.61230218 25.12382126
v 1.43979013 -1.55361283 25.11872482
v 1.43616486 -1.48345137 25.10652351
v 1.48274875 -1.42339337 25.09468460
v 1.53113675 -1.39334142 25.07500076
v 1.47763479 -1.45267510 25.11782837
v 1.60413682 -1.62398612 25.15634537
v 1.60407495 -1.62403476 25.15082932
v 1.53113675 -1.64924693 25.14597130
v 1.57948065 -1.61093557 25.13565254
v 1.53113675 -1.64924693 25.15277100
v 1.44763875 -1.61467183 25.14076424
v 1.50306821 -1.62131441 25.13024521
v 1.64589763 -1.55906463 25.15972519
v 1.64590061 -1.55905247 25.15578651
v 1.62132549 -1.54740882 25.14096642
v 1.62092948 -1.54939663 25.17524338
v 1.57997680 -1.61054146 25.17011642
v 1.44752562 -1.61455858 25.14797783
v 1.50768387 -1.62250924 25.16501045
v 1.60400558 -1.62408912 25.39255905
v 1.60416877 -1.62396109 25.38705635
v 1.53113675 -1.64924693 25.38219261
v 1.58576632 -1.60658228 25.37236977
v 1.53113675 -1.64924693 25.38899231
v 1.44757795 -1.61461103 25.37697983
v 1.51226509 -1.62360227 25.36709976
v 1.64587021 -1.55917692 25.39594078
v 1.64591718 -1.55898428 25.39201164
v 1.62216413 -1.54054129 25.37764549
v 1.61995983 -1.55394137 25.41114998
v 1.57596850 -1.61295712 25.40601921
v 1.44769776 -1.61473072 25.38421059
v 1.50381052 -1.62144387 25.40095901
v 1.60400450 -1.62409008 25.19570732
v 1.60416663 -1.62396264 25.19020653
v 1.53113675 -1.64924693 25.18534279
v 1.54577637 -1.62394559 25.17251587
v 1.53113675 -1.64924693 25.19214058
v 1.44757628 -1.61460936 25.18013000
v 1.47184622 -1.60479450 25.16720581
v 1.64587009 -1.55917752 25.19909096
v 1.64591670 -1.55898631 25.19516182
v 1.60825717 -1.58207703 25.17774773
v 1.62185359 -1.52216542 25.21646881
v 1.60022652 -1.59295475 25.21131134
v 1.53244054 -1.62527263 25.20607376
v 1.44769895 -1.61473203 25.18736076
v 1.60410583 -1.62401056 25.27445412
v 1.60409176 -1.62402153 25.26893997
v 1.53113675 -1.64924693 25.26408195
v 1.54982734 -1.62314701 25.25153923
v 1.53113675 -1.64924693 25.27088165
v 1.44771004 -1.61474299 25.25887871
v 1.47628224 -1.60815692 25.24632263
v 1.64590263 -1.55904424 25.27389717
v 1.61009037 -1.57903552 25.25673103
v 1.64590788 -1.55902255 25.27783775
v 1.62160969 -1.54524863 25.29363823
v 1.58291221 -1.60859203 25.28846359
v 1.44764125 -1.61467433 25.26609612
v 1.51020133 -1.62310743 25.28329468
v 1.60415256 -1.62397373 25.31382561
v 1.60410321 -1.62401247 25.30831146
v 1.53113675 -1.64924693 25.30345154
v 1.58499324 -1.60716033 25.29358101
v 1.53113675 -1.64924693 25.31025124
v 1.44765556 -1.61468863 25.29824448
v 1.51184642 -1.62351954 25.28833771
v 1.64589298 -1.55908358 25.31326485
v 1.62218225 -1.54032266 25.29892731
v 1.64589930 -1.55905795 25.31720543
v 1.62194955 -1.52300119 25.33452225
v 1.60008371 -1.59312224 25.32940674
v 1.53363943 -1.62523055 25.32426643
v 1.44758523 -1.61461830 25.30546188
v 1.46487248 -1.59855843 25.31912804
v 1.60415745 -1.62396991 25.43193626
v 1.60419941 -1.62393689 25.42642975
v 1.53113675 -1.64924693 25.42156219
v 1.55167913 -1.62271881 25.40916061
v 1.53113675 -1.64924693 25.42836189
v 1.44756508 -1.61459816 25.41634941
v 1.47739387 -1.60893536 25.40389252
v 1.64590573 -1.55903101 25.43531799
v 1.64592803 -1.55893922 25.43138504
v 1.61143899 -1.57661641 25.41440964
v 1.62222958 -1.52600062 25.45242882
v 1.59910274 -1.59425044 25.44741631
v 1.53211272 -1.62528133 25.44227219
v 1.44768071 -1.61471367 25.42358017
v 1.53113675 -1.41302645 25.13108253
v 1.49323523 -1.44794166 25.14941025
v 1.53113675 -1.41302645 25.12805176
v 1.44772089 -1.44751954 25.13670731
v 1.53113675 -1.43417299 25.11583138
v 1.44763505 -1.44760537 25.13217735
v 1.60415506 -1.62397182 25.51067734
v 1.60409486 -1.62401915 25.50516129
v 1.53113675 -1.64924693 25.50030327
v 1.55551291 -1.62170446 25.48817062
v 1.53113675 -1.64924693 25.50710297
v 1.44766271 -1.61469579 25.49509621
v 1.48038661 -1.61091387 25.48287010
v 1.64589024 -1.55909467 25.51011467
v 1.61315906 -1.57325971 25.49341202
v 1.64589930 -1.55905771 25.51405716
v 1.61919677 -1.55723453 25.52905083
v 1.57290518 -1.61460543 25.52390480
v 1.44761121 -1.61464429 25.50231552
v 1.49864841 -1.61974418 25.51869965
v 1.60410118 -1.62401414 25.47130394
v 1.60408962 -1.62402332 25.46578979
v 1.53113675 -1.64924693 25.46093178
v 1.58788037 -1.60493529 25.45129395
v 1.53113675 -1.64924693 25.46773148
v 1.44770908 -1.61474216 25.45572853
v 1.51439881 -1.62399280 25.44599152
v 1.64590168 -1.55904794 25.47074890
v 1.62234986 -1.53786659 25.45656586
v 1.64590621 -1.55902922 25.47468758
v 1.61688578 -1.50136030 25.49351120
v 1.61194956 -1.57545197 25.48833275
v 1.55348670 -1.62217963 25.48311043
v 1.44764483 -1.61467791 25.46294785
v 1.48042858 -1.61086035 25.47795677
v 1.60416043 -1.62396765 25.23508644
v 1.60418272 -1.62395000 25.22957802
v 1.53113675 -1.64924693 25.22471237
v 1.58409762 -1.60781431 25.21476364
v 1.53113675 -1.64924693 25.23151207
v 1.44756329 -1.61459637 25.21949768
v 1.51007891 -1.62314796 25.20947456
v 1.64590645 -1.55902815 25.23846626
v 1.64592671 -1.55894458 25.23453331
v 1.62187886 -1.54339862 25.21997452
v 1.61619556 -1.49951756 25.25742340
v 1.61354709 -1.57221460 25.25235558
v 1.56028962 -1.62008548 25.24737167
v 1.44764745 -1.61468053 25.22672653
v 1.48688459 -1.61456859 25.24224091
v 1.60413909 -1.62398446 25.35319519
v 1.60405791 -1.62404811 25.34767723
v 1.53113675 -1.64924693 25.34282303
v 1.55038619 -1.62302196 25.33032227
v 1.53113675 -1.64924693 25.34962082
v 1.44765067 -1.61468375 25.33761597
v 1.47669005 -1.60844541 25.32509232
v 1.64589322 -1.55908275 25.35263634
v 1.61056650 -1.57820058 25.33554077
v 1.64589894 -1.55905926 25.35657692
v 1.61715567 -1.50211382 25.37534714
v 1.61220419 -1.57495618 25.37026024
v 1.55546510 -1.62162805 25.36513901
v 1.44759059 -1.61462367 25.34483337
v 1.48241401 -1.61207366 25.36000443
v 1.97361863 1.75840378 25.10457420
v 1.92081714 1.72224700 25.10998154
v 1.96276331 1.81365955 25.12454605
v 1.94515955 1.76884949 25.12443924
v 1.99484432 1.83727753 25.10861397
v 1.94435358 1.90474987 25.13048363
v 1.94564474 1.90279436 25.13646889
v 1.96236205 1.81197953 25.13054085
v 1.82836688 1.68014097 25.09468460
v 1.81939518 1.68091226 25.09468460
v 1.91198528 1.73396444 25.12465096
v 1.83736408 1.67988372 25.09519005
v 1.91605616 1.70095432 25.10029411
v 1.68349636 1.74954975 25.07500076
v 1.75812185 1.73058629 25.11919594
v 1.83639681 1.70703137 25.12182999
v 1.90509558 1.69519341 25.09465408
v 1.95965779 1.73814571 25.09468460
v 1.99370563 1.81845975 25.09924126
v 1.97329569 1.91687918 25.11231613
v 1.97970283 1.90474153 25.10415077
v 1.91537726 1.97416317 25.11579514
v 1.92168856 1.97036564 25.10924530
v 1.86948800 1.95804429 25.13632011
v 1.83736408 1.99484444 25.11925125
v 1.77864254 1.94603384 25.14219475
v 1.75863671 1.97375345 25.12285233
v 1.83736408 1.99484444 25.11434555
v 1.72076464 1.87713456 25.14794159
v 1.70098317 1.91610610 25.12668419
v 1.75859308 1.97372818 25.11889458
v 1.67988372 1.83739030 25.13091087
v 1.70095217 1.91605234 25.12309265
v 1.72388685 1.78734148 25.15368271
v 1.70101392 1.75856888 25.13545227
v 1.67988372 1.83733368 25.12700653
v 1.78708029 1.72231841 25.15947914
v 1.75865066 1.70096672 25.14013863
v 1.70103502 1.75853240 25.13064003
v 1.83736408 1.67988372 25.14490700
v 1.75867295 1.70095384 25.13405800
v 1.88150072 1.71823442 25.16553307
v 1.91607261 1.70096385 25.14952850
v 1.83736408 1.67988372 25.13753700
v 1.95148909 1.78030419 25.17152214
v 1.97368777 1.75852311 25.15383720
v 1.97367823 1.75850666 25.14512634
v 1.91604912 1.70095026 25.14119339
v 1.99484444 1.83731925 25.15786362
v 1.99484444 1.83731019 25.14947319
v 1.95934904 1.87252021 25.17744446
v 1.97377121 1.91606057 25.16156960
v 1.97377181 1.91605949 25.15410614
v 1.90106225 1.94543362 25.18341827
v 1.91614079 1.97372496 25.16501427
v 1.81084788 1.95844328 25.18924522
v 1.83736408 1.99484444 25.16846466
v 1.91614020 1.97372532 25.15882683
v 1.75903046 1.97397995 25.17199135
v 1.83736408 1.99484444 25.16355896
v 1.73665440 1.90840781 25.19495964
v 1.70081091 1.91580701 25.17586708
v 1.70126843 1.91659808 25.17235947
v 1.75965345 1.97433519 25.16808319
v 1.71487367 1.82016683 25.20076561
v 1.67988455 1.83685839 25.18012810
v 1.67988431 1.83778608 25.17622566
v 1.70108163 1.75845194 25.18458557
v 1.70101833 1.75856137 25.17989922
v 1.75957930 1.73938811 25.20666695
v 1.75921988 1.70063984 25.18934631
v 1.75909221 1.70071280 25.18334389
v 1.84790170 1.71108985 25.21259499
v 1.83736408 1.67988372 25.19411850
v 1.91603649 1.70094299 25.19873047
v 1.83736408 1.67988372 25.18674850
v 1.93097699 1.75056648 25.21847153
v 1.97371185 1.75856471 25.20307732
v 1.97319925 1.75768435 25.19437027
v 1.91535783 1.70055389 25.19041252
v 1.96481490 1.83754325 25.22443771
v 1.99484444 1.83733141 25.20707321
v 1.97376871 1.91606486 25.21075630
v 1.99484444 1.83734322 25.19872284
v 1.92876315 1.92433941 25.23044968
v 1.91614795 1.97372079 25.21423340
v 1.97353673 1.91646552 25.20338249
v 1.84416449 1.96171343 25.23635864
v 1.83736408 1.99484444 25.21767616
v 1.91573000 1.97396147 25.20811653
v 1.75716567 1.93118262 25.24225044
v 1.75861645 1.97374177 25.22127724
v 1.83736408 1.99484444 25.21277046
v 1.70101500 1.91616106 25.22510529
v 1.75857449 1.97371745 25.21732140
v 1.71462131 1.85041821 25.24808121
v 1.67988372 1.83740497 25.22933578
v 1.70098376 1.91610718 25.22151566
v 1.73699486 1.76369846 25.25379753
v 1.70096850 1.75864744 25.23387146
v 1.67988372 1.83734226 25.22543144
v 1.75856519 1.70101607 25.23855782
v 1.70099664 1.75859880 25.22906113
v 1.81142449 1.71401465 25.25951195
v 1.83736408 1.67988372 25.24333191
v 1.75859702 1.70099771 25.23247910
v 1.90245533 1.72795343 25.26540184
v 1.91578805 1.70080006 25.24788666
v 1.83736408 1.67988372 25.23596191
v 1.97353578 1.75826085 25.25220490
v 1.91614866 1.70100772 25.23961639
v 1.96005344 1.80246711 25.27143097
v 1.99484432 1.83728325 25.25625229
v 1.97377372 1.75867188 25.24358940
v 1.94997835 1.89523590 25.27740479
v 1.97326529 1.91693115 25.25996017
v 1.99484444 1.83742249 25.24790192
v 1.87970853 1.95498753 25.28330612
v 1.91544843 1.97412252 25.26342773
v 1.91602075 1.97379410 25.25726891
v 1.97369230 1.91619718 25.25251198
v 1.83736408 1.99484444 25.26688957
v 1.78609717 1.94982111 25.28930855
v 1.75875902 1.97382390 25.27042770
v 1.83736408 1.99484444 25.26198387
v 1.72331262 1.88387370 25.29512978
v 1.70116127 1.91641378 25.27425957
v 1.75904822 1.97399008 25.26654816
v 1.67988455 1.83787882 25.27848816
v 1.70069599 1.91560650 25.27084160
v 1.72142148 1.79360878 25.30090141
v 1.70089936 1.75876737 25.28298950
v 1.67988515 1.83670521 25.27470589
v 1.78111792 1.72522950 25.30670357
v 1.75947917 1.70049191 25.28779221
v 1.70120728 1.75823522 25.27833939
v 1.83736408 1.67988372 25.29254532
v 1.75896859 1.70078373 25.28175926
v 1.87273526 1.71543610 25.31259727
v 1.91615224 1.70100987 25.29717064
v 1.83736408 1.67988372 25.28517342
v 1.94645226 1.77112007 25.31850624
v 1.97376335 1.75865388 25.30148125
v 1.97375929 1.75864685 25.29277229
v 1.91614032 1.70100296 25.28883553
v 1.96237576 1.86054575 25.32431030
v 1.99484444 1.83739793 25.30550385
v 1.99484444 1.83739185 25.29711533
v 1.97370255 1.91617954 25.30921364
v 1.97370636 1.91617286 25.30175209
v 1.91204846 1.93850565 25.33024597
v 1.91609621 1.97375071 25.31265450
v 1.91610348 1.97374642 25.30646706
v 1.82349575 1.96077108 25.33608055
v 1.83736408 1.99484444 25.31610107
v 1.75925910 1.97411072 25.31962013
v 1.83736408 1.99484444 25.31119728
v 1.74322486 1.91702604 25.34191895
v 1.70130026 1.91665280 25.32346153
v 1.75976419 1.97439802 25.31571198
v 1.71399939 1.82922173 25.34783363
v 1.67988467 1.83789885 25.32769966
v 1.70113575 1.91636968 25.32000732
v 1.70078361 1.75896883 25.33219337
v 1.67988396 1.83714902 25.32389832
v 1.75356162 1.74463832 25.35380554
v 1.75911033 1.70070243 25.33697701
v 1.70119119 1.75826299 25.32754707
v 1.84037113 1.71078563 25.35976219
v 1.83736408 1.67988372 25.34175682
v 1.75886858 1.70084119 25.33097076
v 1.91607654 1.70096612 25.34632683
v 1.83736408 1.67988372 25.33438683
v 1.92512321 1.74470699 25.36559105
v 1.97362745 1.75841892 25.35063934
v 1.91566038 1.70072687 25.33806610
v 1.96453404 1.82800627 25.37147903
v 1.99484432 1.83729470 25.35467720
v 1.97408605 1.75921583 25.34210396
v 1.93648577 1.91568935 25.37736130
v 1.97328746 1.91689312 25.35838127
v 1.99484229 1.83817577 25.34640503
v 1.91536248 1.97417152 25.36185837
v 1.91597188 1.97382236 25.35574150
v 1.97354603 1.91644955 25.35102081
v 1.85553527 1.96071517 25.38328362
v 1.83736408 1.99484444 25.36531448
v 1.76571488 1.93790257 25.38920975
v 1.75863135 1.97375035 25.36891556
v 1.83736408 1.99484444 25.36040878
v 1.70097864 1.91609812 25.37274742
v 1.75858748 1.97372496 25.36495781
v 1.71617961 1.86026633 25.39509583
v 1.67988372 1.83737457 25.37697411
v 1.70094717 1.91604376 25.36915588
v 1.73313940 1.76952088 25.40099907
v 1.70102262 1.75855386 25.38151550
v 1.67988372 1.83731723 25.37306976
v 1.75865936 1.70096159 25.38620186
v 1.70104408 1.75851667 25.37670326
v 1.80646646 1.71527219 25.40682983
v 1.83736408 1.67988372 25.39097023
v 1.75868225 1.70094848 25.38012123
v 1.89659214 1.72476482 25.41262245
v 1.91606426 1.70095909 25.39559174
v 1.83736408 1.67988372 25.38360023
v 1.95683801 1.79265332 25.41842461
v 1.97368324 1.75851524 25.39989853
v 1.97367334 1.75849819 25.39118958
v 1.91604018 1.70094514 25.38725662
v 1.99484444 1.83731365 25.40392494
v 1.99484444 1.83730400 25.39553642
v 1.95471621 1.88526988 25.42435455
v 1.97377360 1.91605639 25.40763283
v 1.97377431 1.91605520 25.40016937
v 1.89047837 1.95075047 25.43022156
v 1.91614008 1.97372532 25.41107750
v 1.83736408 1.99484444 25.41452789
v 1.91613936 1.97372580 25.40489006
v 1.79754353 1.95451343 25.43617439
v 1.75888658 1.97389734 25.41806221
v 1.83736408 1.99484444 25.40962219
v 1.72851181 1.89500630 25.44200134
v 1.70118201 1.91644943 25.42189407
v 1.70126259 1.91658795 25.41842270
v 1.75964272 1.97432911 25.41414642
v 1.67988515 1.83802032 25.42611885
v 1.71790421 1.80485892 25.44780350
v 1.70072913 1.75906372 25.43060875
v 1.67988431 1.83778107 25.42228889
v 1.77329159 1.72965944 25.45378113
v 1.75915062 1.70067942 25.43540573
v 1.70102143 1.75855589 25.42596245
v 1.86524427 1.71357930 25.45975304
v 1.83736408 1.67988372 25.44018173
v 1.75909793 1.70070958 25.42940712
v 1.91603911 1.70094454 25.44479370
v 1.83736408 1.67988372 25.43281174
v 1.94284308 1.76547611 25.46572685
v 1.97371542 1.75857091 25.44914055
v 1.97319221 1.75767243 25.44043350
v 1.91534841 1.70054853 25.43647575
v 1.96332622 1.85525012 25.47161293
v 1.99484444 1.83733714 25.45313644
v 1.99484444 1.83733511 25.44478607
v 1.97376668 1.91606843 25.45681953
v 1.91858733 1.93356657 25.47737122
v 1.91614556 1.97372210 25.46029663
v 1.97353268 1.91647267 25.44944572
v 1.83404315 1.96169639 25.48305511
v 1.83736408 1.99484444 25.46373940
v 1.91571558 1.97396970 25.45418167
v 1.75861931 1.97374332 25.46734047
v 1.83736408 1.99484444 25.45883369
v 1.75159299 1.92607737 25.48878670
v 1.70101762 1.91616571 25.47116852
v 1.75857747 1.97371924 25.46338463
v 1.71387863 1.84089744 25.49474144
v 1.67988372 1.83740711 25.47539711
v 1.70098662 1.91611195 25.46757698
v 1.74589193 1.75247681 25.50075722
v 1.70096636 1.75865126 25.47993469
v 1.67988372 1.83734453 25.47149467
v 1.75856435 1.70101655 25.48462105
v 1.70099449 1.75860238 25.47512436
v 1.82928646 1.71120000 25.50670433
v 1.83736408 1.67988372 25.48939514
v 1.75859642 1.70099795 25.47854233
v 1.91802549 1.73857880 25.51264381
v 1.91580176 1.70080793 25.49394989
v 1.83736408 1.67988372 25.48202515
v 1.97354019 1.75826848 25.49826813
v 1.91614735 1.70100701 25.48567963
v 1.96345901 1.81821370 25.51850128
v 1.99484432 1.83727908 25.50231361
v 1.97377288 1.75867045 25.48965073
v 1.94289994 1.90716577 25.52436638
v 1.97327054 1.91692221 25.50602150
v 1.99484444 1.83742261 25.49396515
v 1.91545391 1.97411942 25.50949097
v 1.91602099 1.97379410 25.50333214
v 1.97369111 1.91619933 25.49857521
v 1.89816523 1.95065689 25.52641106
v 1.83736408 1.99484444 25.51295280
v 1.76962245 1.95176935 25.53079224
v 1.74143672 1.96225595 25.51746559
v 1.83736408 1.99484444 25.50804710
v 1.83736408 1.96799850 25.52846909
v 1.71878183 1.90281546 25.53328133
v 1.68520045 1.87793863 25.52241898
v 1.72916079 1.95178485 25.51451874
v 1.69927549 1.83444273 25.53595352
v 1.69200134 1.77678597 25.52790833
v 1.68012714 1.84611571 25.52031517
v 1.71630788 1.76516962 25.53878403
v 1.75905538 1.70073390 25.53379631
v 1.71713161 1.73565769 25.52551651
v 1.83736408 1.69048047 25.54471779
v 1.85854876 1.68131518 25.53975487
v 1.81990647 1.68085444 25.53051376
v 1.76618195 1.71230936 25.54172897
v 1.91357958 1.70831859 25.54770660
v 1.94926822 1.72656024 25.54542542
v 1.93225336 1.71168160 25.53582764
v 1.97037923 1.76254761 25.55044746
v 1.99361289 1.81770790 25.55057907
v 1.99267602 1.81132066 25.54181290
v 1.99250722 1.83872473 25.55298424
v 1.97324336 1.91696846 25.55531502
v 1.99051547 1.92642248 25.57500076
v 1.96805048 1.92523384 25.54844666
v 1.93024695 1.96453643 25.55531502
v 1.83736408 2.01452947 25.57500076
v 1.99123180 1.74954975 25.57500076
v 1.83736408 1.66019869 25.57500076
v 1.68421268 1.74830568 25.57500076
v 1.68349636 1.92517841 25.57500076
v 1.95072019 1.92366505 25.54030418
v 1.87185228 1.99102151 25.55531502
v 1.96023190 1.86992776 25.52494431
v 1.92590904 1.74544740 25.51944733
v 1.96461248 1.82905638 25.52535439
v 1.84091973 1.71079183 25.51358414
v 1.75408351 1.74415469 25.50763893
v 1.71402192 1.82884967 25.50164604
v 1.74375272 1.91765451 25.49565887
v 1.82623339 1.96109962 25.48969650
v 1.91419876 1.93695545 25.48386955
v 1.96266818 1.85904896 25.47800446
v 1.94443965 1.76789212 25.47205925
v 1.86937320 1.71454310 25.46616936
v 1.77804852 1.72688079 25.46027565
v 1.72021997 1.79706478 25.45446205
v 1.72525704 1.88836849 25.44861412
v 1.79286349 1.95274901 25.44263840
v 1.88657844 1.95241404 25.43663788
v 1.95427358 1.88630128 25.43057442
v 1.95751297 1.79450786 25.42469978
v 1.89863348 1.72583032 25.41891861
v 1.80796111 1.71487081 25.41307831
v 1.73364758 1.76871228 25.40721130
v 1.71606147 1.85966611 25.40128517
v 1.76584840 1.93799818 25.39534950
v 1.93547630 1.91691840 25.38361359
v 1.85446906 1.96085429 25.38950157
v 1.96467590 1.83040130 25.37778091
v 1.92669582 1.74620247 25.37187767
v 1.84136128 1.71079862 25.36597443
v 1.75518882 1.74314880 25.36009407
v 1.71425378 1.82575750 25.35420227
v 1.74106216 1.91435862 25.34828568
v 1.81927264 1.96014249 25.34249878
v 1.90772200 1.94142306 25.33672333
v 1.96134758 1.86519206 25.33075905
v 1.94802022 1.77379358 25.32485199
v 1.87782729 1.71697748 25.31908035
v 1.78539622 1.72310209 25.31315422
v 1.72228837 1.79129434 25.30720711
v 1.72277808 1.88254988 25.30137062
v 1.78498638 1.94929588 25.29553604
v 1.87626052 1.95611465 25.28968239
v 1.94907200 1.89691877 25.28367424
v 1.96075654 1.80504751 25.27775002
v 1.90539742 1.72970712 25.27176666
v 1.81258297 1.71375120 25.26573753
v 1.73567390 1.76561558 25.25980377
v 1.71495950 1.85305464 25.25406647
v 1.75781572 1.93173778 25.24834824
v 1.92841077 1.92469621 25.23663139
v 1.84384143 1.96172619 25.24253082
v 1.96478379 1.83929229 25.23069954
v 1.93138027 1.75100136 25.22466087
v 1.84656286 1.71100128 25.21866226
v 1.71492398 1.81979597 25.20693970
v 1.75984395 1.73917258 25.21283913
v 1.73682034 1.90864575 25.20109367
v 1.81295228 1.95892382 25.19526291
v 1.90224850 1.94475925 25.18948555
v 1.95910382 1.87331533 25.18364716
v 1.95146549 1.78025675 25.17767143
v 1.78852510 1.72166872 25.16572952
v 1.88215733 1.71847224 25.17172813
v 1.72290003 1.78973770 25.15967369
v 1.72227800 1.88127220 25.15381813
v 1.78253698 1.94809139 25.14806938
v 1.87198901 1.95736384 25.14232063
v 1.61303854 2.82899213 25.37730598
v 1.69182026 2.76757026 25.42800713
v 1.69182026 2.76757026 25.37264252
v 1.66537452 2.79724813 25.55531502
v 1.59439349 2.79182577 25.40147591
v 1.67414021 2.71769667 25.39487648
v 1.72860134 2.66785789 25.36938667
v 1.72863364 2.66744971 25.36193085
v 1.69182026 2.76757026 25.36895180
v 1.61309040 2.82882643 25.43263626
v 1.64959502 2.75327539 25.40483093
v 1.72863364 2.66744971 25.42098427
v 1.69182026 2.76757026 25.43169785
v 1.69144762 2.65083051 25.39812851
v 1.51312089 2.84489799 25.38217735
v 1.51288092 2.84488821 25.43754959
v 1.55104816 2.80331111 25.41152573
v 1.41807222 2.80947185 25.38699913
v 1.41770065 2.80917025 25.44234657
v 1.44449377 2.77722502 25.41817093
v 1.35242426 2.73190212 25.39179993
v 1.35242426 2.73190212 25.44716263
v 1.42503953 2.81712627 25.09468460
v 1.33612919 2.63678098 25.45716858
v 1.35242426 2.73190212 25.45085526
v 1.33614457 2.63658643 25.45009995
v 1.38015342 2.68713474 25.42488289
v 1.39953506 2.73109961 25.41464424
v 1.37579000 2.62644911 25.42113876
v 1.33612919 2.63678098 25.39811325
v 1.35242426 2.73190212 25.38810921
v 1.48609388 2.79710078 25.40804672
v 1.99074221 1.81781507 25.09754562
v 1.97488892 1.90098703 25.10063744
v 1.91761065 1.96205890 25.10387993
v 1.83736408 1.98237443 25.10715485
v -2.99500036 -1.66048968 25.20014000
v -2.91621852 -1.72191143 25.25084114
v -2.91621852 -1.72191143 25.19547844
v -2.94266415 -1.69223356 25.55531502
v -2.98686481 -1.71198809 25.22250748
v -2.87940502 -1.82203233 25.18476486
v -2.91621852 -1.72191143 25.19178581
v -2.87943745 -1.82162404 25.19222069
v -2.92191458 -1.80310714 25.21571922
v -2.99494839 -1.66065526 25.25547218
v -2.94481492 -1.75335550 25.22636414
v -2.87940502 -1.82203233 25.24382019
v -2.91621852 -1.72191143 25.25453186
v -3.09491777 -1.64458382 25.20501328
v -3.09515786 -1.64459372 25.26038361
v -3.03582811 -1.69015837 25.23308182
v -3.18996644 -1.68000996 25.20983315
v -3.19033813 -1.68031144 25.26518250
v -3.14521909 -1.70169365 25.23974991
v -3.25561452 -1.75757968 25.21463394
v -3.25561452 -1.75757968 25.26999855
v -3.18299913 -1.67235553 25.09468460
v -3.22117996 -1.78281021 25.24649239
v -3.27189422 -1.85289538 25.27293587
v -3.27190948 -1.85270071 25.28000450
v -3.25561452 -1.75757968 25.27368927
v -3.19288898 -1.73767126 25.23593521
v -3.25561452 -1.75757968 25.21094322
v -3.27190948 -1.85270071 25.22094917
v -3.23347497 -1.84108531 25.24266624
v -3.09578347 -1.68652391 25.22929001
v -4.51366472 4.62237835 1.57500005
v -4.57922316 4.57867146 1.57500005
v -4.64665604 4.47637415 1.57500005
v -4.43750000 4.63753700 1.57500005
v -4.56192350 4.22066212 1.94360507
v -4.56144762 4.22038937 1.95329010
v -4.43750000 4.18750000 1.95961535
v -4.43750000 4.18750000 1.95000005
v -4.28275108 4.24115133 1.96778393
v -4.65292692 4.31064844 1.94686556
v -4.54351902 4.26284122 1.97931767
v -4.65392399 4.31235790 1.93721640
v -4.68749762 4.43637180 1.94046366
v -4.61528206 4.34580278 1.97503698
v -4.68749762 4.43862820 1.93069017
v -4.65392399 4.56264210 1.93393743
v -4.61929274 4.52091265 1.96395695
v -4.63731480 4.43221283 1.96959138
v -4.65292692 4.56435156 1.92428827
v -4.56192350 4.65433788 1.92754877
v -4.56475544 4.59183502 1.95843816
v -4.43750000 4.68750000 1.91153848
v -4.43750000 4.68750000 1.92115390
v -4.48401594 4.63196611 1.95287907
v -4.56144762 4.65461063 1.91786373
v -4.31307650 4.65433788 1.90514350
v -4.39318895 4.63249302 1.94726229
v -4.31355238 4.65461063 1.91482866
v -4.49232674 4.62978649 1.88609314
v -4.40257978 4.63440657 1.88054252
v -4.57071590 4.58669138 1.89161682
v -4.62259340 4.51332283 1.89716244
v -4.63704729 4.42473984 1.90270424
v -4.54975224 4.27193165 1.91386008
v -4.61117220 4.33837795 1.90827334
v -4.46522808 4.23943663 1.91944993
v -4.37483931 4.24762440 1.92505622
v -4.29385471 4.23288822 1.95750654
v -4.56192350 4.22066212 1.78975892
v -4.56144762 4.22038937 1.79944396
v -4.43750000 4.18750000 1.80576921
v -4.50315762 4.24863911 1.83051944
v -4.43750000 4.18750000 1.79615390
v -4.31307650 4.22066212 1.81216419
v -4.41299009 4.23900557 1.83612049
v -4.65292692 4.31064844 1.79301941
v -4.57981586 4.29700089 1.82492030
v -4.65392399 4.31235790 1.78337026
v -4.68749762 4.43637180 1.78661752
v -4.62744236 4.37475729 1.81929064
v -4.68749762 4.43862820 1.77684402
v -4.65392399 4.56264210 1.78009129
v -4.63545465 4.46589422 1.81364143
v -4.65292692 4.56435156 1.77044213
v -4.56192350 4.65433788 1.77370262
v -4.60385513 4.54843330 1.80818391
v -4.43750000 4.68750000 1.75769234
v -4.43750000 4.68750000 1.76730764
v -4.45599556 4.63665771 1.79728842
v -4.56144762 4.65461063 1.76401758
v -4.54020262 4.60913515 1.80275464
v -4.31307650 4.65433788 1.75129735
v -4.36779213 4.62490606 1.79179454
v -4.31355238 4.65461063 1.76098251
v -4.46489143 4.63561106 1.73052919
v -4.37578726 4.62768555 1.72500479
v -4.54851675 4.60389757 1.73604882
v -4.60993290 4.53875446 1.74157572
v -4.62326384 4.36332607 1.75272858
v -4.63687849 4.45271206 1.74714530
v -4.57144642 4.28896666 1.75832295
v -4.49206877 4.24514008 1.76392329
v -4.40143633 4.24080181 1.76952863
v -4.31355238 4.22038937 1.80247903
v -4.56192350 4.22066212 1.71283591
v -4.56144762 4.22038937 1.72252095
v -4.43750000 4.18750000 1.72884619
v -4.51446533 4.25294638 1.75285590
v -4.43750000 4.18750000 1.71923077
v -4.31307650 4.22066212 1.73524106
v -4.42507648 4.23786020 1.75845385
v -4.33823395 4.26386404 1.76404953
v -4.65292692 4.31064844 1.71609628
v -4.58819199 4.30606031 1.74724197
v -4.65392399 4.31235790 1.70644712
v -4.68749762 4.43637180 1.70969450
v -4.63107014 4.38708878 1.74158001
v -4.68749762 4.43862820 1.69992089
v -4.65392399 4.56264210 1.70316827
v -4.63341284 4.47776031 1.73598111
v -4.65292692 4.56435156 1.69351912
v -4.56192350 4.65433788 1.69677949
v -4.59649277 4.55874681 1.73048556
v -4.43750000 4.68750000 1.68076921
v -4.43750000 4.68750000 1.69038463
v -4.52839088 4.61563969 1.72500575
v -4.56144762 4.65461063 1.68709445
v -4.31307650 4.65433788 1.67437434
v -4.44226742 4.63747835 1.71952283
v -4.35478830 4.61956167 1.71401107
v -4.31355238 4.65461063 1.68405938
v -4.45643997 4.63661528 1.65308499
v -4.36733007 4.62473440 1.64753366
v -4.54213953 4.60796642 1.65866232
v -4.63621330 4.45987558 1.66978192
v -4.60650110 4.54436731 1.66425002
v -4.62632704 4.37148046 1.67527187
v -4.57826948 4.29544497 1.68082380
v -4.50176573 4.24816132 1.68637872
v -4.41257477 4.23905802 1.69191539
v -4.31355238 4.22038937 1.72555602
v -4.56192350 4.22066212 1.63591278
v -4.56144762 4.22038937 1.64559782
v -4.43750000 4.18750000 1.65192306
v -4.44035673 4.23748398 1.68059421
v -4.43750000 4.18750000 1.64230764
v -4.31307650 4.22066212 1.65831792
v -4.35231543 4.25657654 1.68615556
v -4.65292692 4.31064844 1.63917327
v -4.59701920 4.31694746 1.66946113
v -4.52780676 4.25906515 1.67503428
v -4.65392399 4.31235790 1.62952411
v -4.68749762 4.43637180 1.63277137
v -4.63392448 4.39984560 1.66385627
v -4.68749762 4.43862820 1.62299776
v -4.65392399 4.56264210 1.62624514
v -4.63041258 4.49038458 1.65826321
v -4.65292692 4.56435156 1.61659598
v -4.56192350 4.65433788 1.61985648
v -4.58697367 4.57032871 1.65264487
v -4.43750000 4.68750000 1.60384619
v -4.43750000 4.68750000 1.61346149
v -4.51373148 4.62235641 1.64709556
v -4.56144762 4.65461063 1.61017132
v -4.29795122 4.64492750 1.59660125
v -4.42572784 4.63718033 1.64158618
v -4.31355238 4.65461063 1.60713637
v -4.31798697 4.61339664 1.57500005
v -4.59575081 4.55978966 1.58620310
v -4.52510595 4.61718988 1.58051133
v -4.63321877 4.47866964 1.59168947
v -4.63134718 4.38818598 1.59727800
v -4.58988285 4.30802345 1.60285485
v -4.51778460 4.25436068 1.60840392
v -4.42929602 4.23763657 1.61396420
v -4.31355238 4.22038937 1.64863288
v -4.56192350 4.22066212 1.86668205
v -4.56144762 4.22038937 1.87636709
v -4.43750000 4.18750000 1.88269234
v -4.49240923 4.24523735 1.90813231
v -4.43750000 4.18750000 1.87307692
v -4.31307650 4.22066212 1.88908720
v -4.40273666 4.24056482 1.91367853
v -4.65292692 4.31064844 1.86994243
v -4.57142353 4.28894615 1.90255570
v -4.65392399 4.31235790 1.86029327
v -4.68749762 4.43637180 1.86354065
v -4.62311316 4.36295176 1.89698398
v -4.68749762 4.43862820 1.85376704
v -4.65392399 4.56264210 1.85701442
v -4.63698053 4.45128202 1.89146388
v -4.65292692 4.56435156 1.84736526
v -4.56192350 4.65433788 1.85062563
v -4.55109787 4.60214949 1.88047051
v -4.61117077 4.53662491 1.88595724
v -4.43750000 4.68750000 1.83461535
v -4.43750000 4.68750000 1.84423077
v -4.46748734 4.63522863 1.87492061
v -4.56144762 4.65461063 1.84094059
v -4.31307650 4.65433788 1.82822049
v -4.37820005 4.62845182 1.86939049
v -4.31355238 4.65461063 1.83790553
v -4.48531866 4.63165522 1.80872631
v -4.39460802 4.63281012 1.80312181
v -4.56576204 4.59098721 1.81429207
v -4.61920118 4.52108479 1.81972063
v -4.63743162 4.43495560 1.82515562
v -4.55818224 4.27796936 1.83630168
v -4.61646032 4.34822845 1.83066595
v -4.47494793 4.24106359 1.84192359
v -4.34531498 4.26002312 1.85009480
v -4.31355238 4.22038937 1.87940216
v -1.61510324 1.61420083 25.25515175
v -1.53113675 1.64924693 25.24527550
v -1.53113675 1.64924693 25.25019646
v -1.44717014 1.61420083 25.24032021
v -1.58520186 1.60618401 25.26887131
v -1.44718385 1.61421466 25.24524307
v -1.51462519 1.62213719 25.26383400
v -1.61508954 1.61421466 25.25022888
v -1.53107643 1.62367535 25.23049545
v -1.46236849 1.59306014 25.22527122
v -1.64924693 1.53114974 25.25511742
v -1.59931254 1.59371138 25.23568726
v -1.64924693 1.53112376 25.26004028
v -1.61510324 1.44807267 25.26000595
v -1.62324405 1.52219331 25.24095726
v -1.53113675 1.41302645 25.26988220
v -1.53113675 1.41302645 25.26496124
v -1.58489859 1.45581555 25.24631119
v -1.61508954 1.44805872 25.26492691
v -1.44717014 1.44807267 25.27483749
v -1.51119566 1.44077325 25.25154305
v -1.44718385 1.44805872 25.26991463
v -1.53720319 1.43880689 25.28423309
v -1.46740973 1.46404004 25.28940582
v -1.60373735 1.47379935 25.27898979
v -1.62249911 1.54557192 25.27381897
v -1.61510324 1.61420083 25.49137306
v -1.53113675 1.64924693 25.48149681
v -1.53113675 1.64924693 25.48641777
v -1.44717014 1.61420083 25.47654152
v -1.57534695 1.61232758 25.50430489
v -1.44718385 1.61421466 25.48146248
v -1.50271773 1.61910081 25.49922180
v -1.61508954 1.61421466 25.48645020
v -1.53083849 1.62367487 25.46671677
v -1.64924693 1.53114974 25.49133873
v -1.60005164 1.59289694 25.47197533
v -1.64924693 1.53112376 25.49625969
v -1.61510324 1.44807267 25.49622536
v -1.62317860 1.52154243 25.47720528
v -1.53113675 1.41302645 25.50610161
v -1.53113675 1.41302645 25.50118065
v -1.58565342 1.45635974 25.48246384
v -1.61508954 1.44805872 25.50114822
v -1.44717014 1.44807267 25.51105690
v -1.51149535 1.44070756 25.48776054
v -1.44718385 1.44805872 25.50613594
v -1.55122757 1.44088018 25.51949501
v -1.47880912 1.45487261 25.52462959
v -1.61050153 1.48369825 25.51439667
v -1.62041092 1.55517483 25.50937462
v -1.61466169 1.61464489 25.53071022
v -1.60605061 1.62244904 25.52520180
v -1.53113675 1.64924693 25.52086639
v -1.56930304 1.61543739 25.50877190
v -1.53113675 1.64924693 25.52578735
v -1.44717014 1.61420083 25.51591110
v -1.49351418 1.61568177 25.50346184
v -1.64697242 1.55420446 25.52954102
v -1.61923289 1.55945683 25.51402092
v -1.64924693 1.53113651 25.53562927
v -1.63531053 1.47547829 25.53383636
v -1.61466134 1.44762826 25.54055023
v -1.57633960 1.42201877 25.53812790
v -1.61126745 1.48485494 25.51925087
v -1.53113604 1.41302645 25.54547310
v -1.49683952 1.41811585 25.54245377
v -1.55045533 1.44063783 25.52447128
v -1.44762254 1.44761789 25.55039406
v -1.43291759 1.46553922 25.54676819
v -1.47681248 1.45622158 25.52974319
v -1.41302645 1.53113675 25.55531502
v -1.41359711 1.54273212 25.55103874
v -1.42601824 1.52348006 25.54260254
v -1.42201710 1.57633555 25.55531502
v -1.44762015 1.61465323 25.55531502
v -1.43368483 1.62855387 25.57500076
v -1.45825827 1.59358740 25.53318024
v -1.53113675 1.66893196 25.57500076
v -1.39334631 1.53167546 25.57500076
v -1.44954872 1.45008779 25.55220795
v -1.43309093 1.43431795 25.57500076
v -1.53113675 1.41926634 25.54907417
v -1.63682020 1.52905500 25.54290962
v -1.60746479 1.45363569 25.54598236
v -1.60476804 1.60254109 25.53977203
v -1.44718385 1.61421466 25.52083397
v -1.53113675 1.63052726 25.53659439
v -1.61510324 1.61420083 25.33389282
v -1.53113675 1.64924693 25.32401657
v -1.53113675 1.64924693 25.32893753
v -1.44717014 1.61420083 25.31906128
v -1.55827641 1.61950743 25.34556961
v -1.44718385 1.61421466 25.32398224
v -1.48632348 1.61199868 25.34053040
v -1.61508954 1.61421466 25.32896996
v -1.53259075 1.62366402 25.30933762
v -1.46383607 1.59465122 25.30415916
v -1.64924693 1.53114974 25.33385849
v -1.60084951 1.59199536 25.31457520
v -1.64924693 1.53112376 25.33877945
v -1.61510324 1.44807267 25.33874512
v -1.62303615 1.52026200 25.31981850
v -1.53113675 1.41302645 25.34862137
v -1.53113675 1.41302645 25.34370041
v -1.58473837 1.45570159 25.32506371
v -1.61508954 1.44805872 25.34366798
v -1.44717014 1.44807267 25.35357666
v -1.51125133 1.44076097 25.33028412
v -1.44718385 1.44805872 25.34865570
v -1.56625640 1.44563651 25.36094284
v -1.49311376 1.44688594 25.36604118
v -1.61734998 1.49780345 25.35585594
v -1.61401641 1.57207274 25.35066986
v -1.61510324 1.61420083 25.21578217
v -1.53113675 1.64924693 25.20590591
v -1.53113675 1.64924693 25.21082687
v -1.44717014 1.61420083 25.20095062
v -1.56328809 1.61779892 25.22781754
v -1.44718385 1.61421466 25.20587158
v -1.48808193 1.61294198 25.22255516
v -1.61508954 1.61421466 25.21085930
v -1.56860971 1.61574817 25.19376945
v -1.49275017 1.61533725 25.18846893
v -1.64924693 1.53114974 25.21574783
v -1.61883593 1.56066442 25.19895554
v -1.64924693 1.53112376 25.22067070
v -1.61510324 1.44807267 25.22063446
v -1.61203372 1.48620832 25.20415688
v -1.53113675 1.41302645 25.23051262
v -1.53113675 1.41302645 25.22558975
v -1.55078006 1.44070792 25.20948982
v -1.61508954 1.44805872 25.22555733
v -1.44717014 1.44807267 25.23546791
v -1.47670519 1.45629776 25.21478653
v -1.44718385 1.44805872 25.23054504
v -1.55991447 1.44329023 25.24329185
v -1.48714983 1.44982553 25.24838066
v -1.61495519 1.49216735 25.23815918
v -1.61674452 1.56599355 25.23300934
v -1.61510324 1.61420083 25.13704109
v -1.53113675 1.64924693 25.12716484
v -1.53113675 1.64924693 25.13208580
v -1.45988381 1.62533367 25.12313271
v -1.58813727 1.60399985 25.15100861
v -1.45099568 1.61789751 25.12741089
v -1.51654470 1.62247372 25.14585686
v -1.61508954 1.61421466 25.13212013
v -1.53113675 1.62865531 25.11527634
v -1.45881855 1.60120714 25.11209869
v -1.64924693 1.53114974 25.13700676
v -1.61900556 1.56016195 25.12025642
v -1.58669627 1.60824454 25.11775589
v -1.64924693 1.53112376 25.14192963
v -1.61510324 1.44807267 25.14189529
v -1.61172211 1.48565149 25.12545204
v -1.53113675 1.41302645 25.15177155
v -1.53113675 1.41302645 25.14685059
v -1.55174613 1.44092369 25.13069344
v -1.61508954 1.44805872 25.14681816
v -1.44717014 1.44807267 25.15672684
v -1.47686911 1.45617890 25.13603973
v -1.44718385 1.44805872 25.15180397
v -1.53649879 1.43876135 25.16617203
v -1.46653557 1.46487963 25.17137718
v -1.60053551 1.46993589 25.16122055
v -1.62337434 1.53842449 25.15619850
v -1.61510324 1.61420083 25.45200348
v -1.53113675 1.64924693 25.44212532
v -1.53113675 1.64924693 25.44704819
v -1.44717014 1.61420083 25.43717003
v -1.54993546 1.62168169 25.46309471
v -1.44718385 1.61421466 25.44209290
v -1.47888553 1.60744596 25.45804977
v -1.61508954 1.61421466 25.44708061
v -1.56855392 1.61577296 25.42997932
v -1.49334097 1.61560440 25.42471313
v -1.64924693 1.53114974 25.45196724
v -1.61923587 1.55944765 25.43527985
v -1.64924693 1.53112376 25.45689011
v -1.61510324 1.44807267 25.45685577
v -1.61128521 1.48488593 25.44050026
v -1.53113675 1.41302645 25.46673203
v -1.53113675 1.41302645 25.46181107
v -1.55084145 1.44072127 25.44570541
v -1.61508954 1.44805872 25.46177864
v -1.44717014 1.44807267 25.47168732
v -1.47667503 1.45631969 25.45099449
v -1.44718385 1.44805872 25.46676445
v -1.57439244 1.44943690 25.47844696
v -1.50120080 1.44368076 25.48356247
v -1.62032592 1.50678718 25.47332573
v -1.61011076 1.57922506 25.46822739
v -1.61510324 1.61420083 25.17641258
v -1.53113675 1.64924693 25.16653633
v -1.53113675 1.64924693 25.17145729
v -1.44717014 1.61420083 25.16158104
v -1.54131436 1.62308955 25.18691254
v -1.44718385 1.61421466 25.16650200
v -1.47080290 1.60128605 25.18177032
v -1.61508954 1.61421466 25.17148972
v -1.53005373 1.62366903 25.15168381
v -1.64924693 1.53114974 25.17637634
v -1.59964848 1.59334350 25.15699005
v -1.64924693 1.53112376 25.18129921
v -1.61510324 1.44807267 25.18126488
v -1.62322831 1.52203202 25.16223717
v -1.53113675 1.41302645 25.19114113
v -1.53113675 1.41302645 25.18622017
v -1.58665609 1.45710075 25.16742516
v -1.61508954 1.44805872 25.18618774
v -1.44717014 1.44807267 25.19609642
v -1.51268256 1.44045722 25.17269325
v -1.44718385 1.44805872 25.19117546
v -1.58235848 1.45413935 25.20222855
v -1.50879240 1.44141638 25.20743561
v -1.62231207 1.51559389 25.19712257
v -1.60498464 1.58684385 25.19201469
v -1.61510324 1.61420083 25.41263199
v -1.53113675 1.64924693 25.40275574
v -1.53113675 1.64924693 25.40767670
v -1.44717014 1.61420083 25.39780045
v -1.59438133 1.59868693 25.42715645
v -1.44718385 1.61421466 25.40272331
v -1.52479303 1.62344706 25.42201042
v -1.61508954 1.61421466 25.40771103
v -1.53041112 1.62367249 25.38793945
v -1.64924693 1.53114974 25.41259766
v -1.59929621 1.59372914 25.39315605
v -1.64924693 1.53112376 25.41752052
v -1.61510324 1.44807267 25.41748619
v -1.62323511 1.52210164 25.39842606
v -1.53113675 1.41302645 25.42736244
v -1.53113675 1.41302645 25.42244148
v -1.58594918 1.45657611 25.40370369
v -1.61508954 1.44805872 25.42240715
v -1.44717014 1.44807267 25.43231773
v -1.51233590 1.44052863 25.40895844
v -1.44718385 1.44805872 25.42739487
v -1.59231055 1.46171427 25.43760109
v -1.52138031 1.43913662 25.44278908
v -1.62366712 1.52993500 25.43236542
v -1.61510324 1.61420083 25.37326241
v -1.53113675 1.64924693 25.36338615
v -1.53113675 1.64924693 25.36830711
v -1.44717014 1.61420083 25.35843086
v -1.57958376 1.60989320 25.38652420
v -1.44718385 1.61421466 25.36335373
v -1.50671422 1.62030566 25.38139534
v -1.61508954 1.61421466 25.36833954
v -1.56927466 1.61545026 25.35129929
v -1.49373400 1.61577928 25.34601212
v -1.64924693 1.53114974 25.37322807
v -1.61923397 1.55945373 25.35653687
v -1.64924693 1.53112376 25.37815094
v -1.61510324 1.44807267 25.37811470
v -1.61128092 1.48487842 25.36175346
v -1.53113675 1.41302645 25.38799286
v -1.53113675 1.41302645 25.38306999
v -1.55049348 1.44064605 25.36698914
v -1.61508954 1.44805872 25.38303757
v -1.44717014 1.44807267 25.39294815
v -1.47694623 1.45612311 25.37224007
v -1.44718385 1.44805872 25.38802528
v -1.54494977 1.43967533 25.40181541
v -1.47546911 1.45725930 25.40680122
v -1.60714900 1.47845042 25.39670944
v -1.62153935 1.55059493 25.39158249
v -1.61510324 1.61420083 25.29452133
v -1.53113675 1.64924693 25.28464508
v -1.53113675 1.64924693 25.28956604
v -1.44717014 1.61420083 25.27968979
v -1.53747284 1.62344766 25.30476189
v -1.44718385 1.61421466 25.28461266
v -1.46829295 1.59905863 25.29965401
v -1.61508954 1.61421466 25.28960037
v -1.56953430 1.61533225 25.27258301
v -1.49458253 1.61614943 25.26734352
v -1.64924693 1.53114974 25.29448700
v -1.61955273 1.55844140 25.27786255
v -1.64924693 1.53112376 25.29940987
v -1.61510324 1.44807267 25.29937553
v -1.61029744 1.48321378 25.28313637
v -1.53113675 1.41302645 25.30925179
v -1.53113675 1.41302645 25.30433083
v -1.54917264 1.44037282 25.28833961
v -1.61508954 1.44805872 25.30429840
v -1.44717014 1.44807267 25.31420708
v -1.47635388 1.45655441 25.29355431
v -1.44718385 1.44805872 25.30928421
v -1.58498669 1.45593643 25.32012367
v -1.51339674 1.44037354 25.32522774
v -1.62285268 1.51906943 25.31499481
v -1.60255086 1.58995712 25.30985641
v -2.28762984 -2.50272322 25.19873047
v -2.28830838 -2.50311232 25.19041252
v -2.36630225 -2.52378249 25.18674850
v -2.32150888 -2.48519397 25.17172813
v -2.36630225 -2.52378249 25.19411850
v -2.44457412 -2.50295353 25.18334389
v -2.41514111 -2.48199749 25.16572952
v -2.23046708 -2.44598198 25.19437027
v -2.20882201 -2.36633492 25.20707321
v -2.20882201 -2.36632299 25.19872284
v -2.25220084 -2.42340946 25.17767143
v -2.22995448 -2.44510150 25.20307732
v -2.22989750 -2.28760147 25.21075630
v -2.23012948 -2.28720069 25.20338249
v -2.24456239 -2.33035088 25.18364716
v -2.28751826 -2.22994542 25.21423340
v -2.28793645 -2.22970486 25.20811653
v -2.30141783 -2.25890708 25.18948555
v -2.36630225 -2.20882201 25.21767616
v -2.36630225 -2.20882201 25.21277046
v -2.44504976 -2.22992468 25.22127724
v -2.44509196 -2.22994876 25.21732140
v -2.39071393 -2.24474263 25.19526291
v -2.35950184 -2.24195290 25.23635864
v -2.44650054 -2.27248359 25.24225044
v -2.27490306 -2.27932692 25.23044968
v -2.23885131 -2.36612296 25.22443771
v -2.27268934 -2.45309973 25.21847153
v -2.35576463 -2.49257636 25.21259499
v -2.44444656 -2.50302649 25.18934631
v -2.28758979 -2.50270009 25.34632683
v -2.28800583 -2.50293946 25.33806610
v -2.36630225 -2.52378249 25.33438683
v -2.32583904 -2.48668885 25.31908035
v -2.36630225 -2.52378249 25.34175682
v -2.44479775 -2.50282502 25.33097076
v -2.41827011 -2.48056412 25.31315422
v -2.23003888 -2.44524741 25.35063934
v -2.22958016 -2.44445062 25.34210396
v -2.25564623 -2.42987275 25.32485199
v -2.20882201 -2.36637163 25.35467720
v -2.20882392 -2.36549044 25.34640503
v -2.23037887 -2.28677320 25.35838127
v -2.23012018 -2.28721666 25.35102081
v -2.24231863 -2.33847427 25.33075905
v -2.28769445 -2.22984385 25.35574150
v -2.29594421 -2.26224327 25.33672333
v -2.36630225 -2.20882201 25.36531448
v -2.36630225 -2.20882201 25.36040878
v -2.28830385 -2.22949481 25.36185837
v -2.44503498 -2.22991586 25.36891556
v -2.44507885 -2.22994137 25.36495781
v -2.38439369 -2.24352384 25.34249878
v -2.34813094 -2.24295115 25.38328362
v -2.43795133 -2.26576376 25.38920975
v -2.26718044 -2.28797698 25.37736130
v -2.23913240 -2.37565994 25.37147903
v -2.27854300 -2.45895934 25.36559105
v -2.36329508 -2.49288058 25.35976219
v -2.44455600 -2.50296378 25.33697701
v -2.28197765 -2.23330069 25.10924530
v -2.28828907 -2.22950315 25.11579514
v -2.36630225 -2.20882201 25.11925125
v -2.33417821 -2.24562192 25.13632011
v -2.36630225 -2.20882201 25.11434555
v -2.44502950 -2.22991276 25.12285233
v -2.42502379 -2.25763249 25.14219475
v -2.23037076 -2.28678703 25.11231613
v -2.25931263 -2.29891634 25.13048363
v -2.22396350 -2.29892492 25.10415077
v -2.20882201 -2.36638880 25.10861397
v -2.20996070 -2.38520646 25.09924126
v -2.23004770 -2.44526267 25.10457420
v -2.24090314 -2.39000678 25.12454605
v -2.24400854 -2.46552062 25.09468460
v -2.28761005 -2.50271201 25.10029411
v -2.28284907 -2.48141932 25.10998154
v -2.29857087 -2.50847292 25.09465408
v -2.36630225 -2.52378249 25.09519005
v -2.36630225 -2.54346752 25.07500076
v -2.52016997 -2.45411658 25.07500076
v -2.37529945 -2.52352524 25.09468460
v -2.21292424 -2.38585114 25.09754562
v -2.21315074 -2.45536065 25.07500076
v -2.22877741 -2.30267930 25.10063744
v -2.28605580 -2.24160743 25.10387993
v -2.44507313 -2.22993803 25.11889458
v -2.36630225 -2.22129178 25.10715485
v -2.28760195 -2.50270724 25.39559174
v -2.28762603 -2.50272107 25.38725662
v -2.36630225 -2.52378249 25.38360023
v -2.36230493 -2.49286771 25.36597443
v -2.36630225 -2.52378249 25.39097023
v -2.44498396 -2.50271773 25.38012123
v -2.44847751 -2.46051741 25.36009407
v -2.22999287 -2.44516802 25.39118958
v -2.27697039 -2.45746398 25.37187767
v -2.22998309 -2.44515109 25.39989853
v -2.20882201 -2.36636233 25.39553642
v -2.23899055 -2.37326503 25.37778091
v -2.20882201 -2.36635280 25.40392494
v -2.22989202 -2.28761101 25.40016937
v -2.28752613 -2.22994089 25.41107750
v -2.28752685 -2.22994065 25.40489006
v -2.26819015 -2.28674793 25.38361359
v -2.22989273 -2.28760982 25.40763283
v -2.36630225 -2.20882201 25.41452789
v -2.36630225 -2.20882201 25.40962219
v -2.34919739 -2.24281192 25.38950157
v -2.44477963 -2.22976899 25.41806221
v -2.44402361 -2.22933722 25.41414642
v -2.31318784 -2.25291586 25.43022156
v -2.40612292 -2.24915290 25.43617439
v -2.24895000 -2.31839633 25.42435455
v -2.24682832 -2.41101313 25.41842461
v -2.30707431 -2.47890139 25.41262245
v -2.44500685 -2.50270462 25.38620186
v -2.39719987 -2.48839402 25.40682983
v -2.28762722 -2.50272179 25.44479370
v -2.28831792 -2.50311780 25.43647575
v -2.36630225 -2.52378249 25.43281174
v -2.30503273 -2.47783589 25.41891861
v -2.36630225 -2.52378249 25.44018173
v -2.44456840 -2.50295687 25.42940712
v -2.39570522 -2.48879552 25.41307831
v -2.23047400 -2.44599390 25.44043350
v -2.22995090 -2.44509530 25.44914055
v -2.20882201 -2.36633110 25.44478607
v -2.24615335 -2.40915847 25.42469978
v -2.22989964 -2.28759789 25.45681953
v -2.23013377 -2.28719354 25.44944572
v -2.24939275 -2.31736493 25.43057442
v -2.20882201 -2.36632919 25.45313644
v -2.28752065 -2.22994423 25.46029663
v -2.28795075 -2.22969651 25.45418167
v -2.36630225 -2.20882201 25.46373940
v -2.36630225 -2.20882201 25.45883369
v -2.31708789 -2.25125217 25.43663788
v -2.44504690 -2.22992301 25.46734047
v -2.44508886 -2.22994709 25.46338463
v -2.41080284 -2.25091720 25.44263840
v -2.36962318 -2.24196982 25.48305511
v -2.28507900 -2.27009964 25.47737122
v -2.24033999 -2.34841609 25.47161293
v -2.26082325 -2.43819022 25.46572685
v -2.33842206 -2.49008703 25.45975304
v -2.44451571 -2.50298691 25.43540573
v -2.28787827 -2.50286627 25.24788666
v -2.28751779 -2.50265861 25.23961639
v -2.36630225 -2.52378249 25.23596191
v -2.35710359 -2.49266505 25.21866226
v -2.36630225 -2.52378249 25.24333191
v -2.44506931 -2.50266862 25.23247910
v -2.44382238 -2.46449375 25.21283913
v -2.23013067 -2.44540548 25.25220490
v -2.22989249 -2.44499445 25.24358940
v -2.27228618 -2.45266485 25.22466087
v -2.20882201 -2.36638308 25.25625229
v -2.20882201 -2.36624384 25.24790192
v -2.23040104 -2.28673506 25.25996017
v -2.22997403 -2.28746915 25.25251198
v -2.23888254 -2.36437392 25.23069954
v -2.28764558 -2.22987223 25.25726891
v -2.27525544 -2.27897000 25.23663139
v -2.36630225 -2.20882201 25.26688957
v -2.36630225 -2.20882201 25.26198387
v -2.35982490 -2.24194002 25.24253082
v -2.28821778 -2.22954369 25.26342773
v -2.44490743 -2.22984242 25.27042770
v -2.44461823 -2.22967625 25.26654816
v -2.32395768 -2.24867868 25.28330612
v -2.41756916 -2.25384521 25.28930855
v -2.25368786 -2.30843043 25.27740479
v -2.24361277 -2.40119910 25.27143097
v -2.30121088 -2.47571301 25.26540184
v -2.44510102 -2.50265026 25.23855782
v -2.39224172 -2.48965168 25.25951195
v -2.28759360 -2.50270247 25.14952850
v -2.28761721 -2.50271606 25.14119339
v -2.36630225 -2.52378249 25.13753700
v -2.36726952 -2.49663496 25.12182999
v -2.36630225 -2.52378249 25.14490700
v -2.44499326 -2.50271249 25.13405800
v -2.22998810 -2.44515967 25.14512634
v -2.29168105 -2.46970201 25.12465096
v -2.22997856 -2.44514322 25.15383720
v -2.20882201 -2.36635613 25.14947319
v -2.24130416 -2.39168668 25.13054085
v -2.20882201 -2.36634707 25.15786362
v -2.22989440 -2.28760672 25.15410614
v -2.28752542 -2.22994137 25.16501427
v -2.28752613 -2.22994113 25.15882683
v -2.25802159 -2.30087185 25.13646889
v -2.22989511 -2.28760576 25.16156960
v -2.36630225 -2.20882201 25.16846466
v -2.36630225 -2.20882201 25.16355896
v -2.33167720 -2.24630237 25.14232063
v -2.44463587 -2.22968626 25.17199135
v -2.44401288 -2.22933102 25.16808319
v -2.42112923 -2.25557494 25.14806938
v -2.39281845 -2.24522305 25.18924522
v -2.30260420 -2.25823259 25.18341827
v -2.24431729 -2.33114600 25.17744446
v -2.25217724 -2.42336226 25.17152214
v -2.32216549 -2.48543191 25.16553307
v -2.44501567 -2.50269961 25.14013863
v -2.41658616 -2.48134804 25.15947914
v -2.28786445 -2.50285840 25.49394989
v -2.28751898 -2.50265932 25.48567963
v -2.36630225 -2.52378249 25.48202515
v -2.33429313 -2.48912311 25.46616936
v -2.36630225 -2.52378249 25.48939514
v -2.44506979 -2.50266838 25.47854233
v -2.42561769 -2.47678566 25.46027565
v -2.23012614 -2.44539785 25.49826813
v -2.22989345 -2.44499588 25.48965073
v -2.25922656 -2.43577409 25.47205925
v -2.20882201 -2.36638713 25.50231361
v -2.20882201 -2.36624360 25.49396515
v -2.23039579 -2.28674412 25.50602150
v -2.22997522 -2.28746700 25.49857521
v -2.24099803 -2.34461737 25.47800446
v -2.28764534 -2.22987223 25.50333214
v -2.28946757 -2.26671076 25.48386955
v -2.36630225 -2.20882201 25.51295280
v -2.36630225 -2.20882201 25.50804710
v -2.28821230 -2.22954679 25.50949097
v -2.46222973 -2.24141026 25.51746559
v -2.47450542 -2.25188136 25.51451874
v -2.37743306 -2.24256659 25.48969650
v -2.30550098 -2.25300932 25.52641106
v -2.43404388 -2.25189686 25.53079224
v -2.36630225 -2.23566794 25.52846909
v -2.26076627 -2.29650044 25.52436638
v -2.24020720 -2.38545251 25.51850128
v -2.28564072 -2.46508741 25.51264381
v -2.44510198 -2.50264978 25.48462105
v -2.37437987 -2.49246621 25.50670433
v -2.28751421 -2.50265646 25.29717064
v -2.28752589 -2.50266337 25.28883553
v -2.36630225 -2.52378249 25.28517342
v -2.39108324 -2.48991513 25.26573753
v -2.36630225 -2.52378249 25.29254532
v -2.44469762 -2.50288248 25.28175926
v -2.22990704 -2.44501948 25.29277229
v -2.29826880 -2.47395921 25.27176666
v -2.22990298 -2.44501233 25.30148125
v -2.20882201 -2.36627436 25.29711533
v -2.24290991 -2.39861894 25.27775002
v -2.20882201 -2.36626840 25.30550385
v -2.22995996 -2.28749347 25.30175209
v -2.25459433 -2.30674744 25.28367424
v -2.22996378 -2.28748679 25.30921364
v -2.28756285 -2.22991991 25.30646706
v -2.36630225 -2.20882201 25.31610107
v -2.36630225 -2.20882201 25.31119728
v -2.32740569 -2.24755168 25.28968239
v -2.28757024 -2.22991562 25.31265450
v -2.44440722 -2.22955561 25.31962013
v -2.44390202 -2.22926831 25.31571198
v -2.41867995 -2.25437045 25.29553604
v -2.38017058 -2.24289513 25.33608055
v -2.29161787 -2.26516056 25.33024597
v -2.24129057 -2.34312057 25.32431030
v -2.25721407 -2.43254638 25.31850624
v -2.33093095 -2.48823023 25.31259727
v -2.44418716 -2.50317430 25.28779221
v -2.42254829 -2.47843671 25.30670357
v 2.58126020 0.08300000 25.56515694
v 2.58950782 0.08839341 25.57500076
v 2.43750000 0.17584252 25.57500076
v 3.78511477 1.23107851 25.57500076
v 2.43750000 0.16599999 25.56515694
v 2.28478122 0.08715869 25.57500076
v 2.36241341 0.21657021 25.57500076
v 2.51628113 0.30592120 25.57500076
v 1.68743253 0.00191130 25.57500076
v 2.59021878 -0.08715869 25.57500076
v 3.98030591 0.00582439 25.57500076
v 2.43750000 -0.16599999 25.56515694
v 2.43750000 -0.17584252 25.57500076
v 2.58126020 -0.08300000 25.56515694
v 2.29373980 -0.08300000 25.56515694
v 1.19684041 -1.18963397 25.57500076
v 2.28549218 -0.08839341 25.57500076
v 2.43750000 -0.16599999 25.07500076
v 2.29332948 -0.08228011 25.07500076
v 2.58167052 0.08228011 25.07500076
v 2.58099937 -0.08344572 25.07500076
v 2.29373980 0.08300000 25.56515694
v 2.43750000 0.16599999 25.07500076
v 3.12811685 2.02709579 25.55531502
v 3.07565737 2.05389953 25.57500076
v 3.07565737 2.03421450 25.55531502
v 2.88759708 1.94469273 25.57500076
v 3.16516495 2.01268792 25.09468460
v 3.07565737 2.03421450 25.09468460
v 2.96831584 2.00237274 25.55531502
v 3.17678189 2.00625443 25.55531502
v 3.26284242 1.94621325 25.57500076
v 3.22192788 2.33699775 25.57500076
v 0.39372686 2.04738736 25.57500076
v -1.83736408 2.01452947 25.57500076
v 2.36630225 2.18913698 25.57500076
v 0.47776607 2.08251023 25.57500076
v 3.25906134 1.78766763 25.54848289
v 3.26371789 1.73003542 25.57500076
v 3.25398231 1.90957892 25.55085754
v 3.07565737 1.65385497 25.54197311
v 3.07565737 1.62082863 25.57500076
v 3.18964982 1.68886709 25.54566956
v 2.96449351 1.69743860 25.53717232
v 1.53113675 1.39334142 25.57500076
v 1.62918246 1.43431795 25.57500076
v 1.66892719 1.53167546 25.57500076
v 1.62858856 1.62855387 25.57500076
v 2.88847232 1.72851491 25.57500076
v 3.07565737 1.64051366 25.53427315
v 2.98164606 1.66441345 25.52880287
v 3.25128078 1.74844515 25.54323196
v 3.17886424 1.66973817 25.53927612
v 3.27187753 1.85310411 25.54655266
v 3.20822120 1.98149669 25.55154800
v 3.23509645 1.95281672 25.54980850
v 3.23509645 1.95281672 25.09468460
v 3.20865083 1.98249459 25.55531502
v 4.19441462 -4.37910891 1.97594869
v 4.21046019 -4.54215670 1.98411143
v 4.32400322 -4.66025209 1.99227273
v 4.48627710 -4.68269539 2.00043440
v 4.62760925 -4.59985304 2.00859857
v 4.68730783 -4.44730425 2.01676512
v 4.61180973 -4.25829029 2.01752687
v 4.63753700 4.43750000 1.57500005
v 4.34161520 -4.20665026 1.57500005
v 4.26037884 -4.26106834 1.57500005
v 4.19208002 -4.38986683 1.58226359
v 4.20727682 -4.53495407 1.58952963
v 1.55907202 1.64589584 25.20815086
v 1.55900204 1.64591289 25.20550919
v 1.58535933 1.63606501 25.20536232
v 1.57040954 1.61272788 25.18831062
v 1.51390541 1.62059009 25.22668457
v 1.63864565 1.58004332 25.20265961
v 1.63856959 1.58021021 25.19985390
v 1.61924577 1.55377996 25.18294144
v 1.58528483 1.60362947 25.22157478
v 1.53113675 1.64924693 25.20982170
v 1.53113675 1.64924693 25.20679283
v 1.44758511 1.61461830 25.21545792
v 1.44769728 1.61473024 25.21091461
v 1.49371588 1.61465359 25.19367790
v 1.55907142 1.64589596 25.48374176
v 1.55900645 1.64591181 25.48110008
v 1.58535933 1.63606501 25.48095322
v 1.59574771 1.59457457 25.46179199
v 1.56571305 1.61473763 25.49869156
v 1.63861895 1.58010197 25.47825241
v 1.63858008 1.58018720 25.47544289
v 1.53113675 1.64924693 25.48541260
v 1.53113675 1.64924693 25.48238373
v 1.44759071 1.61462379 25.49104881
v 1.44758761 1.61462069 25.48651123
v 1.52561605 1.62194204 25.46701622
v 1.49275458 1.61412263 25.50377655
v 1.55906010 1.64589870 25.24752235
v 1.55900741 1.64591157 25.24487877
v 1.58535933 1.63606501 25.24473381
v 1.59886789 1.59126186 25.22525597
v 1.56209242 1.61616993 25.26273537
v 1.63862121 1.58009696 25.24203110
v 1.63858175 1.58018374 25.23922157
v 1.53113675 1.64924693 25.24919128
v 1.53113675 1.64924693 25.24616241
v 1.44764495 1.61467803 25.25482368
v 1.44753206 1.61456501 25.25029373
v 1.53019249 1.62204254 25.23048019
v 1.48790097 1.61182749 25.26791954
v 1.55906606 1.64589727 25.16878128
v 1.55901325 1.64591014 25.16613770
v 1.58535933 1.63606501 25.16599274
v 1.60229313 1.58721328 25.14616203
v 1.53933048 1.62154496 25.18558311
v 1.63864505 1.58004475 25.16328812
v 1.63860476 1.58013308 25.16047859
v 1.60408998 1.58481944 25.18039322
v 1.53113675 1.64924693 25.17045212
v 1.53113675 1.64924693 25.16742325
v 1.53505194 1.62190306 25.15141487
v 1.44756961 1.61460268 25.17609024
v 1.44762671 1.61465979 25.17154884
v 1.46807206 1.59830260 25.19080925
v 1.55906689 1.64589703 25.36563110
v 1.55901253 1.64591026 25.36298943
v 1.58535933 1.63606501 25.36284256
v 1.56607318 1.61470139 25.34611130
v 1.56563926 1.61476862 25.38058662
v 1.63864326 1.58004868 25.36013985
v 1.63861382 1.58011341 25.35732841
v 1.61763310 1.55908215 25.34079742
v 1.53113675 1.64924693 25.36730194
v 1.53113675 1.64924693 25.36427307
v 1.44756901 1.61460209 25.37294006
v 1.44761658 1.61464965 25.36839867
v 1.49019039 1.61306417 25.35142517
v 1.49226260 1.61390495 25.38570213
v 1.55907166 1.64589596 25.40500259
v 1.55900168 1.64591289 25.40235901
v 1.58535933 1.63606501 25.40221405
v 1.59703696 1.59324503 25.38292503
v 1.54336107 1.62102735 25.42152786
v 1.63864458 1.58004582 25.39950943
v 1.63857007 1.58020926 25.39670372
v 1.60659719 1.58125448 25.41631889
v 1.53113675 1.64924693 25.40667152
v 1.53113675 1.64924693 25.40364265
v 1.44761014 1.61464322 25.41230583
v 1.44769728 1.61473036 25.40776443
v 1.52774966 1.62201691 25.38813210
v 1.47159004 1.60129166 25.42671585
v 1.55907583 1.64589489 25.32626152
v 1.55899358 1.64591491 25.32361984
v 1.58535933 1.63606501 25.32347298
v 1.59725857 1.59301114 25.30415726
v 1.51563430 1.62088585 25.34467697
v 1.63861966 1.58010030 25.32077217
v 1.63861859 1.58010268 25.31795692
v 1.58615792 1.60297573 25.33961105
v 1.53113675 1.64924693 25.32793236
v 1.53113675 1.64924693 25.32490349
v 1.44768202 1.61471510 25.33356094
v 1.44766033 1.61469340 25.32902527
v 1.52847528 1.62203121 25.30933571
v 1.55907595 1.64589489 25.52311134
v 1.55899322 1.64591491 25.52046967
v 1.58535922 1.63606501 25.52032280
v 1.56132686 1.61656010 25.50393486
v 1.53113675 1.62988257 25.53594971
v 1.63862085 1.58009791 25.51762199
v 1.63862169 1.58009589 25.51480675
v 1.61581194 1.56401849 25.49864006
v 1.60721719 1.58806539 25.53222656
v 1.53113675 1.64924693 25.52478218
v 1.53113675 1.64924693 25.52175331
v 1.44594634 1.61294520 25.53056145
v 1.45834041 1.62414598 25.52527809
v 1.48578048 1.61081767 25.50924301
v 1.45701742 1.60182059 25.53962517
v 1.55907083 1.64589608 25.28689194
v 1.55900705 1.64591157 25.28424835
v 1.58535933 1.63606501 25.28410339
v 1.56613660 1.61467433 25.26736832
v 1.53594959 1.62183857 25.30392265
v 1.63861656 1.58010733 25.28140259
v 1.63858020 1.58018696 25.27859306
v 1.61755013 1.55932724 25.26207542
v 1.60078275 1.58902955 25.29886627
v 1.53113675 1.64924693 25.28856277
v 1.53113675 1.64924693 25.28553200
v 1.44765389 1.61468697 25.29419327
v 1.44758677 1.61461985 25.28966141
v 1.49153602 1.61369181 25.27258110
v 1.46837091 1.59856880 25.30889320
v 1.55905938 1.64589894 25.44437218
v 1.55901277 1.64591026 25.44172859
v 1.58535933 1.63606501 25.44158363
v 1.56427944 1.61543977 25.42497635
v 1.52233303 1.62171400 25.46232796
v 1.63862181 1.58009589 25.43888283
v 1.63858807 1.58016992 25.43607140
v 1.61681211 1.56141555 25.41970444
v 1.59022045 1.59970820 25.45736694
v 1.53113675 1.64924693 25.44604301
v 1.53113675 1.64924693 25.44301224
v 1.44764102 1.61467409 25.45167542
v 1.44753993 1.61457300 25.44714355
v 1.48895371 1.61246383 25.43025589
v 1.41531456 1.50800097 25.10455322
v 1.42057288 1.48959577 25.09893608
v 1.42308819 1.57883930 25.09468460
v 1.43480933 1.46891677 25.09811974
v 1.42614532 1.58523691 25.09958458
v 1.44750667 1.61453962 25.09468460
v 1.43368483 1.62855387 25.07500076
v 1.39334631 1.53167546 25.07500076
v 1.45499122 1.44084883 25.10914040
v 1.48124266 1.42408252 25.10370064
v 1.52787483 1.41307151 25.11319733
v 1.57043552 1.41975617 25.10911751
v 1.53113675 1.42058432 25.10224342
v 1.60217988 1.43678153 25.11684036
v 1.63716745 1.47910297 25.11485481
v 1.60539937 1.45410538 25.10579681
v 1.64550173 1.50162959 25.12029457
v 1.64328265 1.56819487 25.12040901
v 1.63447940 1.52799761 25.10940552
v 1.63896406 1.57933724 25.12392426
v 1.58535933 1.63606501 25.12662315
v 1.60339916 1.60023499 25.11281395
v 1.56646657 1.61441791 25.14430618
v 1.55900598 1.64591181 25.12676811
v 1.55906808 1.64589679 25.12941170
v 1.61609674 1.56300926 25.13933182
v 1.61334598 1.48963070 25.13421249
v 1.55547071 1.44064844 25.12891960
v 1.48282135 1.44997132 25.12382126
v 1.43979013 1.50866067 25.11872482
v 1.43616486 1.57882202 25.10652351
v 1.48274875 1.63888013 25.09468460
v 1.47763479 1.60959828 25.11782837
v 1.53113675 1.66893196 25.07500076
v 1.60415256 1.43829978 25.31382561
v 1.60410321 1.43826091 25.30831146
v 1.53113675 1.41302645 25.30345154
v 1.58499324 1.45511317 25.29358101
v 1.53113675 1.41302645 25.31025124
v 1.44765556 1.44758475 25.29824448
v 1.51184642 1.43875396 25.28833771
v 1.64589298 1.50318992 25.31326485
v 1.62218225 1.52195084 25.29892731
v 1.64589930 1.50321555 25.31720543
v 1.62194955 1.53927219 25.33452225
v 1.60008371 1.46915126 25.32940674
v 1.53363943 1.43704295 25.32426643
v 1.44758523 1.44765520 25.30546188
v 1.46487248 1.46371508 25.31912804
v 1.60410583 1.43826294 25.27445412
v 1.60409176 1.43825185 25.26893997
v 1.53113675 1.41302645 25.26408195
v 1.54982734 1.43912649 25.25153923
v 1.53113675 1.41302645 25.27088165
v 1.44771004 1.44753051 25.25887871
v 1.47628224 1.45411658 25.24632263
v 1.64590251 1.50322926 25.27389717
v 1.61009037 1.48323798 25.25673103
v 1.64590788 1.50325096 25.27783775
v 1.62160969 1.51702487 25.29363823
v 1.58291221 1.45368147 25.28846359
v 1.44764125 1.44759905 25.26609612
v 1.51020133 1.43916607 25.28329468
v 1.60415506 1.43830168 25.51067734
v 1.60409486 1.43825436 25.50516129
v 1.53113675 1.41302645 25.50030327
v 1.55551291 1.44056904 25.48817062
v 1.53113675 1.41302645 25.50710297
v 1.44766271 1.44757771 25.49509621
v 1.48038661 1.45135963 25.48287010
v 1.64589024 1.50317872 25.51011467
v 1.61315906 1.48901379 25.49341202
v 1.64589930 1.50321579 25.51405716
v 1.61919677 1.50503898 25.52905083
v 1.57290518 1.44766808 25.52390480
v 1.44761121 1.44762909 25.50231552
v 1.49864841 1.44252920 25.51869965
v 1.60410118 1.43825936 25.47130394
v 1.60408962 1.43825018 25.46578979
v 1.53113675 1.41302645 25.46093178
v 1.58788037 1.45733821 25.45129395
v 1.53113675 1.41302645 25.46773148
v 1.44770908 1.44753134 25.45572853
v 1.51439881 1.43828070 25.44599152
v 1.64590168 1.50322556 25.47074890
v 1.62234986 1.52440691 25.45656586
v 1.64590621 1.50324428 25.47468758
v 1.61688578 1.56091321 25.49351120
v 1.61194956 1.48682153 25.48833275
v 1.55348670 1.44009376 25.48311043
v 1.44764483 1.44759560 25.46294785
v 1.48042858 1.45141315 25.47795677
v 1.60400450 1.43818343 25.19570732
v 1.60416663 1.43831074 25.19020653
v 1.53113675 1.41302645 25.18534279
v 1.54577637 1.43832791 25.17251587
v 1.53113675 1.41302645 25.19214058
v 1.44757628 1.44766402 25.18013000
v 1.47184622 1.45747900 25.16720581
v 1.64587009 1.50309598 25.19909096
v 1.64591670 1.50328720 25.19516182
v 1.60825717 1.48019648 25.17774773
v 1.62185359 1.54010808 25.21646881
v 1.60022652 1.46931863 25.21131134
v 1.53244054 1.43700087 25.20607376
v 1.44769895 1.44754148 25.18736076
v 1.53113675 1.64924693 25.13108253
v 1.49323523 1.61433184 25.14941025
v 1.53113675 1.64924693 25.12805176
v 1.44772089 1.61475396 25.13670731
v 1.53113675 1.62810051 25.11583138
v 1.44763505 1.61466813 25.13217735
v 1.60413682 1.43828726 25.15634537
v 1.60407495 1.43823874 25.15082932
v 1.53113675 1.41302645 25.14597130
v 1.57948065 1.45133793 25.13565254
v 1.53113675 1.41302645 25.15277100
v 1.44763875 1.44760156 25.14076424
v 1.50306821 1.44095910 25.13024521
v 1.64589763 1.50320876 25.15972519
v 1.64590061 1.50322092 25.15578651
v 1.62132549 1.51486468 25.14096642
v 1.62092948 1.51287687 25.17524338
v 1.57997680 1.45173204 25.17011642
v 1.44752562 1.44771481 25.14797783
v 1.50768387 1.43976426 25.16501045
v 1.60416043 1.43830585 25.23508644
v 1.60418272 1.43832350 25.22957802
v 1.53113675 1.41302645 25.22471237
v 1.58409762 1.45445919 25.21476364
v 1.53113675 1.41302645 25.23151207
v 1.44756329 1.44767714 25.21949768
v 1.51007891 1.43912542 25.20947456
v 1.64590645 1.50324523 25.23846626
v 1.64592671 1.50332892 25.23453331
v 1.62187886 1.51887476 25.21997452
v 1.61619556 1.56275582 25.25742340
v 1.61354709 1.49005890 25.25235558
v 1.56028962 1.44218802 25.24737167
v 1.44764745 1.44759285 25.22672653
v 1.48688459 1.44770491 25.24224091
v 1.60400558 1.43818426 25.39255905
v 1.60416877 1.43831241 25.38705635
v 1.53113675 1.41302645 25.38219261
v 1.58576632 1.45569122 25.37236977
v 1.53113675 1.41302645 25.38899231
v 1.44757795 1.44766247 25.37697983
v 1.51226509 1.43867123 25.36709976
v 1.64587021 1.50309646 25.39594078
v 1.64591718 1.50328922 25.39201164
v 1.62216413 1.52173221 25.37764549
v 1.61995983 1.50833201 25.41114998
v 1.57596850 1.44931626 25.40601921
v 1.44769776 1.44754267 25.38421059
v 1.50381052 1.44082952 25.40095901
v 1.60413897 1.43828905 25.35319519
v 1.60405791 1.43822527 25.34767723
v 1.53113675 1.41302645 25.34282303
v 1.55038619 1.43925154 25.33032227
v 1.53113675 1.41302645 25.34962082
v 1.44765067 1.44758976 25.33761597
v 1.47669005 1.45382810 25.32509232
v 1.64589322 1.50319064 25.35263634
v 1.61056650 1.48407280 25.33554077
v 1.64589894 1.50321412 25.35657692
v 1.61715567 1.56015968 25.37534714
v 1.61220419 1.48731720 25.37026024
v 1.55546510 1.44064534 25.36513901
v 1.44759059 1.44764984 25.34483337
v 1.48241401 1.45019984 25.36000443
v 1.60415745 1.43830347 25.43193626
v 1.60419941 1.43833661 25.42642975
v 1.53113675 1.41302645 25.42156219
v 1.55167913 1.43955457 25.40916061
v 1.53113675 1.41302645 25.42836189
v 1.44756508 1.44767535 25.41634941
v 1.47739387 1.45333803 25.40389252
v 1.64590573 1.50324237 25.43531799
v 1.64592803 1.50333428 25.43138504
v 1.61143899 1.48565710 25.41440964
v 1.62222958 1.53627288 25.45242882
v 1.59910274 1.46802306 25.44741631
v 1.53211272 1.43699217 25.44227219
v 1.44768071 1.44755971 25.42358017
v -4.62649536 4.50307369 1.58051944
v -4.63616514 4.41474533 1.58601391
v -4.60620928 4.33017731 1.59155345
v -4.64401007 4.34735918 1.57500005
v -4.54071188 4.26616812 1.59720862
v -4.56649113 4.23772001 1.57500005
v -4.45465040 4.23821878 1.60279393
v -4.36626530 4.25066757 1.60830545
v -4.43750000 4.18750000 1.57500005
v -4.34236479 4.26157856 1.61952972
v -4.29276848 4.29950094 1.61375391
v -4.31307650 4.22066212 1.58139491
v -4.27525187 4.32064724 1.62505090
v -4.24741507 4.37519073 1.61919892
v -4.22107601 4.31235790 1.58778358
v -4.24026585 4.40440655 1.63065815
v -4.23947906 4.46542311 1.62479091
v -4.18750238 4.43862820 1.59430993
v -4.24587297 4.49488640 1.63625431
v -4.27286243 4.55096292 1.63046467
v -4.22207308 4.56435156 1.60071170
v -4.29116488 4.57379007 1.64187181
v -4.33972073 4.61197329 1.63605499
v -4.32901525 4.26944590 1.69740188
v -4.28170538 4.31216526 1.69170642
v -4.26652288 4.33381414 1.70294070
v -4.24240255 4.39342070 1.69728041
v -4.22107601 4.31235790 1.66470671
v -4.23841810 4.41874933 1.70846653
v -4.24290943 4.48378468 1.70285809
v -4.18750238 4.43862820 1.67123294
v -4.25026226 4.50788641 1.71401799
v -4.28303337 4.56447124 1.70842254
v -4.22207308 4.56435156 1.67763484
v -4.29938030 4.58214378 1.71951222
v -4.31812572 4.27698708 1.77513647
v -4.27197886 4.32532787 1.76963103
v -4.25949192 4.34635401 1.78074384
v -4.23950386 4.40940046 1.77519810
v -4.22107601 4.31235790 1.74162972
v -4.23757601 4.43440056 1.78634882
v -4.24715519 4.49901104 1.78074968
v -4.18750238 4.43862820 1.74815607
v -4.25671291 4.52303362 1.79194963
v -4.29318190 4.57593250 1.78628266
v -4.22207308 4.56435156 1.75455785
v -4.31292105 4.59400082 1.79753780
v -4.32808542 4.27004766 1.84170055
v -4.25499773 4.35566854 1.85830021
v -4.26578760 4.33503246 1.84725857
v -4.23817921 4.42153549 1.85286844
v -4.22107601 4.31235790 1.81855285
v -4.23764849 4.44374609 1.86384380
v -4.25103092 4.50989056 1.85838032
v -4.18750238 4.43862820 1.82507908
v -4.26107597 4.53166008 1.86946452
v -4.30088186 4.58356905 1.86386967
v -4.22207308 4.56435156 1.83148098
v -4.32021713 4.59954786 1.87502241
v -4.31989717 4.27568388 1.91923261
v -4.29774761 4.29444027 1.93062699
v -4.26084900 4.34376383 1.92479563
v -4.22107601 4.31235790 1.89547586
v -4.24949408 4.36918449 1.93611717
v -4.23767567 4.43042326 1.93033624
v -4.23854637 4.45758343 1.94161522
v -4.25557709 4.52060366 1.93601620
v -4.18750238 4.43862820 1.90200222
v -4.26751518 4.54280519 1.94717705
v -4.31144762 4.59281349 1.94165266
v -4.22207308 4.56435156 1.90840399
v -4.33222294 4.60757160 1.95282841
v -4.41895390 4.63664865 1.95847511
v -4.50749540 4.62483597 1.96401262
v -4.58262634 4.57501602 1.96953511
v -4.62793875 4.49872017 1.97503698
v -4.63690233 4.42157793 1.97503698
v -4.64853477 4.40865135 1.98799765
v -4.56722784 4.23821497 2.01278949
v -4.62749386 4.31597042 2.00053716
v -4.66517305 4.54077196 2.00250292
v -4.68315506 4.39109325 2.01002312
v -4.56439734 4.65289974 1.99498665
v -4.41747808 4.68669701 1.98749185
v -4.27788639 4.62991524 1.98001456
v -4.19628811 4.50320292 1.97252941
v -4.20235491 4.35260773 1.96502364
v -4.22107601 4.56264210 1.89875484
v -4.18750238 4.43637180 1.89222860
v -4.22207308 4.31064844 1.88582671
v -4.22107601 4.56264210 1.82183182
v -4.18750238 4.43637180 1.81530547
v -4.22207308 4.31064844 1.80890369
v -4.22107601 4.56264210 1.74490869
v -4.18750238 4.43637180 1.73838246
v -4.22207308 4.31064844 1.73198056
v -4.22107601 4.56264210 1.66798556
v -4.18750238 4.43637180 1.66145933
v -4.22207308 4.31064844 1.65505755
v -1.75892639 1.70080793 25.49394989
v -1.75858080 1.70100701 25.48567963
v -1.83736408 1.67988372 25.48202515
v -1.80535495 1.71454310 25.46616936
v -1.83736408 1.67988372 25.48939514
v -1.91613173 1.70099795 25.47854233
v -1.89667964 1.72688079 25.46027565
v -1.70118797 1.75826848 25.49826813
v -1.70095527 1.75867045 25.48965073
v -1.73028851 1.76789212 25.47205925
v -1.67988384 1.83727908 25.50231361
v -1.67988372 1.83742261 25.49396515
v -1.70145762 1.91692221 25.50602150
v -1.70103705 1.91619933 25.49857521
v -1.71205997 1.85904896 25.47800446
v -1.75870717 1.97379410 25.50333214
v -1.76052940 1.93695545 25.48386955
v -1.83736408 1.99484444 25.51295280
v -1.83736408 1.99484444 25.50804710
v -1.75927424 1.97411942 25.50949097
v -1.93329144 1.96225595 25.51746559
v -1.94556737 1.95178485 25.51451874
v -1.84849477 1.96109962 25.48969650
v -1.77656293 1.95065689 25.52641106
v -1.90510571 1.95176935 25.53079224
v -1.83736408 1.96799850 25.52846909
v -1.73182821 1.90716577 25.52436638
v -1.71126914 1.81821370 25.51850128
v -1.75670266 1.73857880 25.51264381
v -1.91616380 1.70101655 25.48462105
v -1.84544170 1.71120000 25.50670433
v -1.75866389 1.70095909 25.39559174
v -1.75868797 1.70094514 25.38725662
v -1.83736408 1.67988372 25.38360023
v -1.83336687 1.71079862 25.36597443
v -1.83736408 1.67988372 25.39097023
v -1.91604590 1.70094848 25.38012123
v -1.91953933 1.74314880 25.36009407
v -1.70105481 1.75849819 25.39118958
v -1.74803233 1.74620247 25.37187767
v -1.70104492 1.75851524 25.39989853
v -1.67988372 1.83730400 25.39553642
v -1.71005225 1.83040130 25.37778091
v -1.67988372 1.83731365 25.40392494
v -1.70095384 1.91605520 25.40016937
v -1.75858808 1.97372532 25.41107750
v -1.75858879 1.97372580 25.40489006
v -1.73925185 1.91691840 25.38361359
v -1.70095456 1.91605639 25.40763283
v -1.83736408 1.99484444 25.41452789
v -1.83736408 1.99484444 25.40962219
v -1.82025909 1.96085429 25.38950157
v -1.91584158 1.97389734 25.41806221
v -1.91508543 1.97432911 25.41414642
v -1.78424978 1.95075047 25.43022156
v -1.87718463 1.95451343 25.43617439
v -1.72001195 1.88526988 25.42435455
v -1.71789014 1.79265332 25.41842461
v -1.77813601 1.72476482 25.41262245
v -1.91606879 1.70096159 25.38620186
v -1.86826169 1.71527219 25.40682983
v -1.75869167 1.70094299 25.19873047
v -1.75937033 1.70055389 25.19041252
v -1.83736408 1.67988372 25.18674850
v -1.79257083 1.71847224 25.17172813
v -1.83736408 1.67988372 25.19411850
v -1.91563594 1.70071280 25.18334389
v -1.88620305 1.72166872 25.16572952
v -1.70152891 1.75768435 25.19437027
v -1.67988372 1.83733141 25.20707321
v -1.67988372 1.83734322 25.19872284
v -1.72326267 1.78025675 25.17767143
v -1.70101631 1.75856471 25.20307732
v -1.70095944 1.91606486 25.21075630
v -1.70119143 1.91646552 25.20338249
v -1.71562433 1.87331533 25.18364716
v -1.75858021 1.97372079 25.21423340
v -1.75899816 1.97396147 25.20811653
v -1.77247965 1.94475925 25.18948555
v -1.83736408 1.99484444 25.21767616
v -1.83736408 1.99484444 25.21277046
v -1.91611171 1.97374177 25.22127724
v -1.91615367 1.97371745 25.21732140
v -1.86177588 1.95892382 25.19526291
v -1.83056366 1.96171343 25.23635864
v -1.91756248 1.93118262 25.24225044
v -1.74596500 1.92433941 25.23044968
v -1.70991325 1.83754325 25.22443771
v -1.74375117 1.75056648 25.21847153
v -1.82682645 1.71108985 25.21259499
v -1.91550827 1.70063984 25.18934631
v -1.75865555 1.70096385 25.14952850
v -1.75867903 1.70095026 25.14119339
v -1.83736408 1.67988372 25.13753700
v -1.83833134 1.70703137 25.12182999
v -1.83736408 1.67988372 25.14490700
v -1.91605520 1.70095384 25.13405800
v -1.70104992 1.75850666 25.14512634
v -1.76274288 1.73396444 25.12465096
v -1.70104039 1.75852311 25.15383720
v -1.67988372 1.83731019 25.14947319
v -1.71236610 1.81197953 25.13054085
v -1.67988372 1.83731925 25.15786362
v -1.70095634 1.91605949 25.15410614
v -1.75858736 1.97372496 25.16501427
v -1.75858796 1.97372532 25.15882683
v -1.72908342 1.90279436 25.13646889
v -1.70095694 1.91606057 25.16156960
v -1.83736408 1.99484444 25.16846466
v -1.83736408 1.99484444 25.16355896
v -1.80273914 1.95736384 25.14232063
v -1.91569769 1.97397995 25.17199135
v -1.91507471 1.97433519 25.16808319
v -1.89219117 1.94809139 25.14806938
v -1.86388028 1.95844328 25.18924522
v -1.77366590 1.94543362 25.18341827
v -1.71537912 1.87252021 25.17744446
v -1.72323906 1.78030419 25.17152214
v -1.79322743 1.71823442 25.16553307
v -1.91607749 1.70096672 25.14013863
v -1.88764787 1.72231841 25.15947914
v -1.75303960 1.97036564 25.10924530
v -1.75935090 1.97416317 25.11579514
v -1.83736408 1.99484444 25.11925125
v -1.80524015 1.95804429 25.13632011
v -1.83736408 1.99484444 25.11434555
v -1.91609144 1.97375345 25.12285233
v -1.89608562 1.94603384 25.14219475
v -1.70143247 1.91687918 25.11231613
v -1.73037457 1.90474987 25.13048363
v -1.69502532 1.90474153 25.10415077
v -1.67988384 1.83727753 25.10861397
v -1.68102252 1.81845975 25.09924126
v -1.70110953 1.75840378 25.10457420
v -1.71196485 1.81365955 25.12454605
v -1.71507037 1.73814571 25.09468460
v -1.75867200 1.70095432 25.10029411
v -1.75391102 1.72224700 25.10998154
v -1.76963258 1.69519341 25.09465408
v -1.83736408 1.67988372 25.09519005
v -1.83736408 1.66019869 25.07500076
v -1.84636128 1.68014097 25.09468460
v -1.99123180 1.74954975 25.07500076
v -1.68398595 1.81781507 25.09754562
v -1.68421268 1.74830568 25.07500076
v -1.69983923 1.90098703 25.10063744
v -1.75711751 1.96205890 25.10387993
v -1.91613507 1.97372818 25.11889458
v -1.83736408 1.98237443 25.10715485
v -1.75894010 1.70080006 25.24788666
v -1.75857949 1.70100772 25.23961639
v -1.83736408 1.67988372 25.23596191
v -1.82816529 1.71100128 25.21866226
v -1.83736408 1.67988372 25.24333191
v -1.91613114 1.70099771 25.23247910
v -1.91488421 1.73917258 25.21283913
v -1.70119238 1.75826085 25.25220490
v -1.70095444 1.75867188 25.24358940
v -1.74334788 1.75100136 25.22466087
v -1.67988384 1.83728325 25.25625229
v -1.67988372 1.83742249 25.24790192
v -1.70146286 1.91693115 25.25996017
v -1.70103586 1.91619718 25.25251198
v -1.70994437 1.83929229 25.23069954
v -1.75870728 1.97379410 25.25726891
v -1.74631739 1.92469621 25.23663139
v -1.83736408 1.99484444 25.26688957
v -1.83736408 1.99484444 25.26198387
v -1.83088672 1.96172619 25.24253082
v -1.75927973 1.97412252 25.26342773
v -1.91596913 1.97382390 25.27042770
v -1.91567993 1.97399008 25.26654816
v -1.79501963 1.95498753 25.28330612
v -1.88863099 1.94982111 25.28930855
v -1.72474980 1.89523590 25.27740479
v -1.71467471 1.80246711 25.27143097
v -1.77227283 1.72795343 25.26540184
v -1.91616297 1.70101607 25.23855782
v -1.86330366 1.71401465 25.25951195
v -1.75857592 1.70100987 25.29717064
v -1.75858784 1.70100296 25.28883553
v -1.83736408 1.67988372 25.28517342
v -1.86214519 1.71375120 25.26573753
v -1.83736408 1.67988372 25.29254532
v -1.91575956 1.70078373 25.28175926
v -1.70096886 1.75864685 25.29277229
v -1.76933074 1.72970712 25.27176666
v -1.70096481 1.75865388 25.30148125
v -1.67988372 1.83739185 25.29711533
v -1.71397161 1.80504751 25.27775002
v -1.67988372 1.83739793 25.30550385
v -1.70102179 1.91617286 25.30175209
v -1.72565615 1.89691877 25.28367424
v -1.70102561 1.91617954 25.30921364
v -1.75862467 1.97374642 25.30646706
v -1.83736408 1.99484444 25.31610107
v -1.83736408 1.99484444 25.31119728
v -1.79846764 1.95611465 25.28968239
v -1.75863194 1.97375071 25.31265450
v -1.91546905 1.97411072 25.31962013
v -1.91496396 1.97439802 25.31571198
v -1.88974178 1.94929588 25.29553604
v -1.85123241 1.96077108 25.33608055
v -1.76267970 1.93850565 25.33024597
v -1.71235240 1.86054575 25.32431030
v -1.72827590 1.77112007 25.31850624
v -1.80199289 1.71543610 25.31259727
v -1.91524899 1.70049191 25.28779221
v -1.89361024 1.72522950 25.30670357
v -1.75865161 1.70096612 25.34632683
v -1.75906777 1.70072687 25.33806610
v -1.83736408 1.67988372 25.33438683
v -1.79690087 1.71697748 25.31908035
v -1.83736408 1.67988372 25.34175682
v -1.91585958 1.70084119 25.33097076
v -1.88933194 1.72310209 25.31315422
v -1.70110071 1.75841892 25.35063934
v -1.70064211 1.75921583 25.34210396
v -1.72670794 1.77379358 25.32485199
v -1.67988372 1.83729470 25.35467720
v -1.67988586 1.83817577 25.34640503
v -1.70144069 1.91689312 25.35838127
v -1.70118213 1.91644955 25.35102081
v -1.71338058 1.86519206 25.33075905
v -1.75875628 1.97382236 25.35574150
v -1.76700616 1.94142306 25.33672333
v -1.83736408 1.99484444 25.36531448
v -1.83736408 1.99484444 25.36040878
v -1.75936568 1.97417152 25.36185837
v -1.91609681 1.97375035 25.36891556
v -1.91614068 1.97372496 25.36495781
v -1.85545552 1.96014249 25.34249878
v -1.81919289 1.96071517 25.38328362
v -1.90901327 1.93790257 25.38920975
v -1.73824239 1.91568935 25.37736130
v -1.71019411 1.82800627 25.37147903
v -1.74960494 1.74470699 25.36559105
v -1.83435702 1.71078563 25.35976219
v -1.91561782 1.70070243 25.33697701
v -1.75868905 1.70094454 25.44479370
v -1.75937974 1.70054853 25.43647575
v -1.83736408 1.67988372 25.43281174
v -1.77609468 1.72583032 25.41891861
v -1.83736408 1.67988372 25.44018173
v -1.91563022 1.70070958 25.42940712
v -1.86676705 1.71487081 25.41307831
v -1.70153594 1.75767243 25.44043350
v -1.70101273 1.75857091 25.44914055
v -1.67988372 1.83733511 25.44478607
v -1.71721518 1.79450786 25.42469978
v -1.70096147 1.91606843 25.45681953
v -1.70119548 1.91647267 25.44944572
v -1.72045457 1.88630128 25.43057442
v -1.67988372 1.83733714 25.45313644
v -1.75858259 1.97372210 25.46029663
v -1.75901258 1.97396970 25.45418167
v -1.83736408 1.99484444 25.46373940
v -1.83736408 1.99484444 25.45883369
v -1.78814971 1.95241404 25.43663788
v -1.91610885 1.97374332 25.46734047
v -1.91615069 1.97371924 25.46338463
v -1.88186467 1.95274901 25.44263840
v -1.84068501 1.96169639 25.48305511
v -1.75614083 1.93356657 25.47737122
v -1.71140194 1.85525012 25.47161293
v -1.73188508 1.76547611 25.46572685
v -1.80948389 1.71357930 25.45975304
v -1.91557753 1.70067942 25.43540573
v 1.23606801 -3.80422616 25.09468460
v 1.23606801 -3.80422616 25.55531502
v 0.00000000 -4.00000000 25.55531502
v -0.00000000 -3.98031497 25.57500076
v 0.00000000 -4.00000000 25.09468460
v -1.23606801 -3.80422616 25.55531502
v -1.23671937 -3.78323388 25.57500076
v 2.35114098 -3.23606801 25.09468460
v 2.35114098 -3.23606801 25.55531502
v 1.23107576 -3.78509283 25.57500076
v 3.23606801 -2.35114098 25.09468460
v 3.23606801 -2.35114098 25.55531502
v 2.33954120 -3.22026777 25.57500076
v 3.80422616 -1.23606801 25.09468460
v 3.80422616 -1.23606801 25.55531502
v 4.00000000 0.00000000 25.09468460
v 4.00000000 -0.00000000 25.55531502
v 3.80422616 1.23606801 25.09468460
v 3.80422616 1.23606801 25.55531502
v 3.23606801 2.35114098 25.09468460
v 3.23606801 2.35114098 25.55531502
v 2.35114098 3.23606801 25.09468460
v 2.35114098 3.23606801 25.55531502
v 2.34371710 3.21722460 25.57500076
v 1.23606801 3.80422616 25.09468460
v 1.23606801 3.80422616 25.55531502
v 1.23671937 3.78323388 25.57500076
v 0.00000000 4.00000000 25.09468460
v 0.00000000 4.00000000 25.55531502
v -1.23606801 3.80422616 25.09468460
v 0.00000000 3.98031497 25.57500076
v -1.23606801 3.80422616 25.55531502
v -0.00000000 3.98031497 25.07500076
v -1.23671937 3.78323388 25.07500076
v 1.23107576 3.78509283 25.07500076
v 2.33954120 3.22026777 25.07500076
v 3.22260070 2.33603430 25.07500076
v 3.78779507 1.22283530 25.07500076
v 3.98030591 -0.00582439 25.07500076
v 3.78511477 -1.23107851 25.07500076
v 2.34371710 -3.21722460 25.07500076
v 3.22192788 -2.33699775 25.07500076
v 1.23671937 -3.78323388 25.07500076
v 0.00000000 -3.98031497 25.07500076
v -1.23606801 -3.80422616 25.09468460
v -1.74497402 -2.59861970 25.07500076
v -1.72475815 -2.59890866 25.09468460
v -1.73038960 -2.62808752 25.09468460
v -1.73109365 -2.66603136 25.10289574
v -1.73756135 -2.72662401 25.07500076
v -1.67927861 -2.77971148 25.09786797
v -1.68179166 -2.78167462 25.09970284
v -1.70004940 -2.75772953 25.10931587
v -1.67709327 -2.48744011 25.07500076
v -1.71479869 -2.57091022 25.09468460
v -1.71479869 -2.57091022 25.15188789
v -1.64952230 -2.49364209 25.14707184
v -1.70891964 -2.55991650 25.09592438
v -1.71408224 -2.65493798 25.11224556
v -1.53484166 -2.43415928 25.07500076
v -1.53484166 -2.45384431 25.09468460
v -1.64218330 -2.48568606 25.55531502
v -1.61078680 -2.44793272 25.07500076
v -1.71479869 -2.57091022 25.15557861
v -1.71479869 -2.57091022 25.45085526
v -1.71479869 -2.57091022 25.50621796
v -1.71479869 -2.57091022 25.50990868
v -1.71479869 -2.57091022 25.44716263
v -1.71479869 -2.57091022 25.21094322
v -1.71479869 -2.57091022 25.21463394
v -1.71479869 -2.57091022 25.26999855
v -1.71479869 -2.57091022 25.27368927
v -1.71479869 -2.57091022 25.55531502
v -1.36756408 -2.51330805 25.07500076
v -1.53484166 -2.45384431 25.55531502
v -1.44533408 -2.47537065 25.09468460
v -1.50327659 -2.59618139 25.07500076
v -1.96963632 -2.48352623 25.07500076
v -1.88260639 -2.45256186 25.07500076
v -1.75681245 -2.43179154 25.07500076
v 0.00000000 -3.00000000 2.17405176
v -1.65905833 -2.82800126 25.07500076
v -3.22260070 -2.33603430 25.07500076
v -1.53484166 -2.84017277 25.10205650
v -1.53484166 -2.86723018 25.07500076
v -2.33954120 -3.22026777 25.07500076
v -1.43232477 -2.80540299 25.10594368
v -1.39741898 -2.81803083 25.07500076
v -0.67881685 -2.92215157 25.07500076
v 1.64944792 -3.18289995 25.07500076
v 0.00000000 -3.00000000 25.07500076
v -1.53484166 -2.84754491 25.10631561
v -1.43243766 -2.81881213 25.11195946
v -2.49879551 0.47247574 25.09468460
v -2.36241341 0.57090092 25.07500076
v -2.36241341 0.55121589 25.09468460
v -2.20854568 0.48154995 25.07500076
v -2.49879551 0.47247574 25.55531502
v -2.36241341 0.55121589 25.55531502
v -2.22603154 0.47247574 25.09468460
v -2.51556492 0.48279396 25.07500076
v -2.27631474 1.65181172 25.07500076
v -2.51628113 0.30592120 25.07500076
v -2.54799604 0.00043201 25.07500076
v -2.67501736 0.86847878 25.07500076
v -2.36241341 0.23625526 25.09468460
v -2.36241341 0.21657021 25.07500076
v -2.51564813 0.07812015 25.07500076
v -2.49879551 0.31499541 25.09468460
v -2.22603154 0.31499541 25.09468460
v -2.20926213 0.30467719 25.07500076
v -2.35887575 0.07764038 25.07500076
v -2.43750000 0.11050000 25.07500076
v -2.36241341 0.23625526 25.55531502
v -2.22603154 0.31499541 25.55531502
v -2.49879551 0.31499541 25.55531502
v -3.16155219 -1.66348267 25.55240440
v -3.18996644 -1.68000996 25.50510979
v -3.25561452 -1.75757968 25.50990868
v -3.22472882 -1.76085365 25.52602386
v -3.25561452 -1.75757968 25.55531502
v -3.25561452 -1.75757968 25.50621796
v -3.27190948 -1.85270071 25.51622391
v -3.24472594 -1.87482846 25.53163338
v -3.09491777 -1.64458382 25.50028801
v -3.13834310 -1.68735909 25.52103996
v -3.03000021 -1.64867330 25.55260086
v -2.99500036 -1.66048968 25.49541664
v -3.02749634 -1.68622422 25.51709175
v -2.91621852 -1.72191143 25.54611778
v -2.91621852 -1.72191143 25.49075317
v -2.96690178 -1.67542303 25.54934120
v -2.87940502 -1.82203233 25.48003960
v -2.91621852 -1.72191143 25.48706245
v -2.87943745 -1.82162404 25.48749733
v -2.94324780 -1.75549829 25.51413918
v -2.94147110 -1.72094238 25.53611565
v -2.91758633 -1.82515192 25.51700592
v -2.87940502 -1.82203233 25.53909492
v -2.91621852 -1.72191143 25.54980850
v -3.26284242 -1.94621325 25.57500076
v -3.26371789 -1.73003542 25.57500076
v -3.18299913 -1.67235553 25.55531502
v 2.73349357 -1.35426235 25.14108467
v 2.81227541 -1.41568410 25.19178581
v 2.81227541 -1.41568410 25.13642311
v 2.78582978 -1.38600624 25.55531502
v 2.74535418 -1.40830779 25.16318321
v 2.80668879 -1.49728835 25.15663910
v 2.84905648 -1.51539671 25.13316536
v 2.84909916 -1.51593614 25.12568474
v 2.81227541 -1.41568410 25.13273239
v 2.73354554 -1.35442793 25.19641685
v 2.79466152 -1.46568859 25.16602898
v 2.84908891 -1.51580489 25.18476486
v 2.81227541 -1.41568410 25.19547844
v 2.63357592 -1.33835649 25.14595795
v 2.63333607 -1.33836639 25.20132828
v 2.71545935 -1.39168680 25.17259789
v 2.53852725 -1.37378263 25.15077782
v 2.53815579 -1.37408412 25.20612717
v 2.60392857 -1.38699925 25.17937279
v 2.47287941 -1.45135236 25.15557861
v 2.47287941 -1.45135236 25.21094322
v 2.51764798 -1.45597601 25.18607140
v 2.54549479 -1.36612821 25.09468460
v 2.45658445 -1.54647338 25.22094917
v 2.47287941 -1.45135236 25.21463394
v 2.45659971 -1.54666805 25.21388054
v 2.54302454 -1.42371261 25.17624474
v 2.49606681 -1.51937318 25.18268776
v 2.45658445 -1.54647338 25.16189384
v 2.47287941 -1.45135236 25.15188789
v 2.64050937 -1.37942970 25.16976929
v 0.32412973 -2.23509479 25.09468460
v 0.32412973 -2.23509479 25.55531502
v 0.39372686 -2.26392293 25.55531502
v 0.39372686 -2.26392293 25.09468460
v 0.46332398 -2.23509479 25.55531502
v 0.29530165 -2.16549778 25.09468460
v 0.29530165 -2.16549778 25.55531502
v 0.31019670 -2.24899793 25.57500076
v 0.32412973 -2.09590054 25.09468460
v 0.32412973 -2.09590054 25.55531502
v 0.30968761 -2.08251023 25.57500076
v 0.27562073 -2.16595936 25.57500076
v 0.39372686 -2.06707239 25.09468460
v 0.39372686 -2.06707239 25.55531502
v 0.46332398 -2.09590054 25.09468460
v 0.46332398 -2.09590054 25.55531502
v 0.39372686 -2.04738736 25.57500076
v 0.39372686 -2.04738736 25.07500076
v 0.47776607 -2.08251023 25.07500076
v 0.31019670 -2.08199739 25.07500076
v 0.30968761 -2.24848533 25.07500076
v 0.27562073 -2.16503596 25.07500076
v 0.46332398 -2.23509479 25.09468460
v 0.39372686 -2.28360796 25.07500076
v 2.50255680 2.28734183 25.10457420
v 2.44975519 2.25118518 25.10998154
v 2.49170136 2.34259772 25.12454605
v 2.47409773 2.29778767 25.12443924
v 2.52378249 2.36621571 25.10861397
v 2.47329187 2.43368816 25.13048363
v 2.47458291 2.43173265 25.13646889
v 2.49130011 2.34091783 25.13054085
v 2.35730505 2.20907903 25.09468460
v 2.34833336 2.20985031 25.09468460
v 2.44092345 2.26290250 25.12465096
v 2.36630225 2.20882201 25.09519005
v 2.44499421 2.22989249 25.10029411
v 2.21243453 2.27848792 25.07500076
v 2.36533499 2.23596954 25.12182999
v 2.28706002 2.25952435 25.11919594
v 2.43403363 2.22413158 25.09465408
v 2.36630225 2.18913698 25.07500076
v 2.48859596 2.26708388 25.09468460
v 2.52264380 2.34739780 25.09924126
v 2.50223374 2.44581723 25.11231613
v 2.50864100 2.43367958 25.10415077
v 2.44431543 2.50310135 25.11579514
v 2.45062685 2.49930382 25.10924530
v 2.39842606 2.48698235 25.13632011
v 2.36630225 2.52378249 25.11925125
v 2.30758071 2.47497201 25.14219475
v 2.28757477 2.50269151 25.12285233
v 2.36630225 2.52378249 25.11434555
v 2.24970269 2.40607262 25.14794159
v 2.22992134 2.44504428 25.12668419
v 2.28753114 2.50266647 25.11889458
v 2.20882201 2.36632848 25.13091087
v 2.22989035 2.44499040 25.12309265
v 2.25282502 2.31627965 25.15368271
v 2.22995210 2.28750706 25.13545227
v 2.20882201 2.36627173 25.12700653
v 2.31601834 2.25125647 25.15947914
v 2.28758883 2.22990489 25.14013863
v 2.22997308 2.28747058 25.13064003
v 2.36630225 2.20882201 25.14490700
v 2.28761101 2.22989202 25.13405800
v 2.41043878 2.24717259 25.16553307
v 2.44501066 2.22990203 25.14952850
v 2.36630225 2.20882201 25.13753700
v 2.48042727 2.30924225 25.17152214
v 2.50262594 2.28746128 25.15383720
v 2.50261641 2.28744483 25.14512634
v 2.44498730 2.22988844 25.14119339
v 2.52378249 2.36625743 25.15786362
v 2.52378249 2.36624837 25.14947319
v 2.48828721 2.40145850 25.17744446
v 2.50270939 2.44499874 25.16156960
v 2.50271010 2.44499755 25.15410614
v 2.43000031 2.47437167 25.18341827
v 2.44507885 2.50266314 25.16501427
v 2.33978605 2.48738146 25.18924522
v 2.36630225 2.52378249 25.16846466
v 2.44507837 2.50266337 25.15882683
v 2.28796864 2.50291800 25.17199135
v 2.36630225 2.52378249 25.16355896
v 2.26559258 2.43734598 25.19495964
v 2.22974920 2.44474506 25.17586708
v 2.23020649 2.44553614 25.17235947
v 2.28859162 2.50327349 25.16808319
v 2.24381185 2.34910488 25.20076561
v 2.20882273 2.36579657 25.18012810
v 2.20882249 2.36672425 25.17622566
v 2.23001981 2.28738999 25.18458557
v 2.22995639 2.28749943 25.17989922
v 2.28851748 2.26832628 25.20666695
v 2.28815794 2.22957802 25.18934631
v 2.28803039 2.22965097 25.18334389
v 2.37683988 2.24002790 25.21259499
v 2.36630225 2.20882201 25.19411850
v 2.44497466 2.22988105 25.19873047
v 2.36630225 2.20882201 25.18674850
v 2.45991516 2.27950478 25.21847153
v 2.50265002 2.28750277 25.20307732
v 2.50213742 2.28662252 25.19437027
v 2.44429612 2.22949219 25.19041252
v 2.49375296 2.36648130 25.22443771
v 2.52378249 2.36626959 25.20707321
v 2.50270677 2.44500303 25.21075630
v 2.52378249 2.36628127 25.19872284
v 2.45770121 2.45327759 25.23044968
v 2.44508600 2.50265884 25.21423340
v 2.50247502 2.44540381 25.20338249
v 2.37310266 2.49065161 25.23635864
v 2.36630225 2.52378249 25.21767616
v 2.44466805 2.50289965 25.20811653
v 2.28610396 2.46012068 25.24225044
v 2.28755450 2.50267982 25.22127724
v 2.36630225 2.52378249 25.21277046
v 2.22995305 2.44509935 25.22510529
v 2.28751254 2.50265551 25.21732140
v 2.24355936 2.37935638 25.24808121
v 2.20882201 2.36634302 25.22933578
v 2.22992206 2.44504523 25.22151566
v 2.26593304 2.29263663 25.25379753
v 2.22990680 2.28758550 25.23387146
v 2.20882201 2.36628032 25.22543144
v 2.28750324 2.22995424 25.23855782
v 2.22993469 2.28753710 25.22906113
v 2.34036255 2.24295282 25.25951195
v 2.36630225 2.20882201 25.24333191
v 2.28753519 2.22993588 25.23247910
v 2.43139338 2.25689149 25.26540184
v 2.44472623 2.22973824 25.24788666
v 2.36630225 2.20882201 25.23596191
v 2.50247383 2.28719902 25.25220490
v 2.44508672 2.22994590 25.23961639
v 2.48899150 2.33140516 25.27143097
v 2.52378249 2.36622143 25.25625229
v 2.50271177 2.28761005 25.24358940
v 2.47891641 2.42417407 25.27740479
v 2.50220346 2.44586921 25.25996017
v 2.52378249 2.36636066 25.24790192
v 2.40864658 2.48392582 25.28330612
v 2.44438672 2.50306058 25.26342773
v 2.44495893 2.50273228 25.25726891
v 2.50263047 2.44513535 25.25251198
v 2.36630225 2.52378249 25.26688957
v 2.31503534 2.47875929 25.28930855
v 2.28769708 2.50276208 25.27042770
v 2.36630225 2.52378249 25.26198387
v 2.25225091 2.41281176 25.29512978
v 2.23009944 2.44535184 25.27425957
v 2.28798628 2.50292826 25.26654816
v 2.20882273 2.36681700 25.27848816
v 2.22963405 2.44454479 25.27084160
v 2.25035977 2.32254696 25.30090141
v 2.22983742 2.28770566 25.28298950
v 2.20882320 2.36564326 25.27470589
v 2.31005621 2.25416780 25.30670357
v 2.28841734 2.22942996 25.28779221
v 2.23014545 2.28717351 25.27833939
v 2.36630225 2.20882201 25.29254532
v 2.28790665 2.22972178 25.28175926
v 2.40167332 2.24437428 25.31259727
v 2.44509029 2.22994804 25.29717064
v 2.36630225 2.20882201 25.28517342
v 2.47539043 2.30005813 25.31850624
v 2.50270152 2.28759217 25.30148125
v 2.50269747 2.28758502 25.29277229
v 2.44507837 2.22994113 25.28883553
v 2.49131393 2.38948393 25.32431030
v 2.52378249 2.36633611 25.30550385
v 2.52378249 2.36632991 25.29711533
v 2.50264072 2.44511771 25.30921364
v 2.50264454 2.44511104 25.30175209
v 2.44098663 2.46744370 25.33024597
v 2.44503427 2.50268888 25.31265450
v 2.44504166 2.50268459 25.30646706
v 2.35243392 2.48970914 25.33608055
v 2.36630225 2.52378249 25.31610107
v 2.28819728 2.50304890 25.31962013
v 2.36630225 2.52378249 25.31119728
v 2.27216291 2.44596410 25.34191895
v 2.23023844 2.44559097 25.32346153
v 2.28870249 2.50333619 25.31571198
v 2.24293756 2.35815978 25.34783363
v 2.20882273 2.36683702 25.32769966
v 2.23007393 2.44530773 25.32000732
v 2.22972178 2.28790689 25.33219337
v 2.20882201 2.36608720 25.32389832
v 2.28249979 2.27357650 25.35380554
v 2.28804851 2.22964072 25.33697701
v 2.23012924 2.28720117 25.32754707
v 2.36930919 2.23972368 25.35976219
v 2.36630225 2.20882201 25.34175682
v 2.28780675 2.22977924 25.33097076
v 2.44501472 2.22990417 25.34632683
v 2.36630225 2.20882201 25.33438683
v 2.45406127 2.27364516 25.36559105
v 2.50256562 2.28735709 25.35063934
v 2.44459844 2.22966504 25.33806610
v 2.49347210 2.35694432 25.37147903
v 2.52378249 2.36623287 25.35467720
v 2.50302410 2.28815389 25.34210396
v 2.46542382 2.44462752 25.37736130
v 2.50222564 2.44583130 25.35838127
v 2.52378035 2.36711407 25.34640503
v 2.44430065 2.50310969 25.36185837
v 2.44491005 2.50276041 25.35574150
v 2.50248432 2.44538760 25.35102081
v 2.38447332 2.48965335 25.38328362
v 2.36630225 2.52378249 25.36531448
v 2.29465294 2.46684074 25.38920975
v 2.28756952 2.50268841 25.36891556
v 2.36630225 2.52378249 25.36040878
v 2.22991681 2.44503617 25.37274742
v 2.28752565 2.50266314 25.36495781
v 2.24511766 2.38920450 25.39509583
v 2.20882201 2.36631274 25.37697411
v 2.22988534 2.44498181 25.36915588
v 2.26207757 2.29845905 25.40099907
v 2.22996068 2.28749204 25.38151550
v 2.20882201 2.36625528 25.37306976
v 2.28759766 2.22989988 25.38620186
v 2.22998214 2.28745484 25.37670326
v 2.33540463 2.24421024 25.40682983
v 2.36630225 2.20882201 25.39097023
v 2.28762031 2.22988653 25.38012123
v 2.42553020 2.25370288 25.41262245
v 2.44500232 2.22989726 25.39559174
v 2.36630225 2.20882201 25.38360023
v 2.48577619 2.32159138 25.41842461
v 2.50262141 2.28745341 25.39989853
v 2.50261140 2.28743625 25.39118958
v 2.44497824 2.22988319 25.38725662
v 2.52378249 2.36625171 25.40392494
v 2.52378249 2.36624217 25.39553642
v 2.48365450 2.41420817 25.42435455
v 2.50271177 2.44499469 25.40763283
v 2.50271249 2.44499326 25.40016937
v 2.41941643 2.47968864 25.43022156
v 2.44507813 2.50266337 25.41107750
v 2.36630225 2.52378249 25.41452789
v 2.44507742 2.50266385 25.40489006
v 2.32648158 2.48345160 25.43617439
v 2.28782463 2.50283551 25.41806221
v 2.36630225 2.52378249 25.40962219
v 2.25744987 2.42394447 25.44200134
v 2.23012018 2.44538760 25.42189407
v 2.23020077 2.44552612 25.41842270
v 2.28858089 2.50326729 25.41414642
v 2.20882320 2.36695838 25.42611885
v 2.24684238 2.33379722 25.44780350
v 2.22966719 2.28800178 25.43060875
v 2.20882249 2.36671925 25.42228889
v 2.30222964 2.25859761 25.45378113
v 2.28808880 2.22961760 25.43540573
v 2.22995949 2.28749394 25.42596245
v 2.39418244 2.24251747 25.45975304
v 2.36630225 2.20882201 25.44018173
v 2.28803611 2.22964764 25.42940712
v 2.44497728 2.22988272 25.44479370
v 2.36630225 2.20882201 25.43281174
v 2.47178125 2.29441428 25.46572685
v 2.50265360 2.28750920 25.44914055
v 2.50213051 2.28661060 25.44043350
v 2.44428658 2.22948670 25.43647575
v 2.49226451 2.38418818 25.47161293
v 2.52378249 2.36627531 25.45313644
v 2.52378249 2.36627316 25.44478607
v 2.50270486 2.44500661 25.45681953
v 2.44752550 2.46250463 25.47737122
v 2.44508362 2.50266027 25.46029663
v 2.50247073 2.44541073 25.44944572
v 2.36298132 2.49063444 25.48305511
v 2.36630225 2.52378249 25.46373940
v 2.44465375 2.50290775 25.45418167
v 2.28755736 2.50268149 25.46734047
v 2.36630225 2.52378249 25.45883369
v 2.28053117 2.45501542 25.48878670
v 2.22995567 2.44510388 25.47116852
v 2.28751564 2.50265741 25.46338463
v 2.24281669 2.36983562 25.49474144
v 2.20882201 2.36634541 25.47539711
v 2.22992468 2.44505000 25.46757698
v 2.27483010 2.28141499 25.50075722
v 2.22990441 2.28758931 25.47993469
v 2.20882201 2.36628270 25.47149467
v 2.28750253 2.22995472 25.48462105
v 2.22993279 2.28754067 25.47512436
v 2.35822463 2.24013805 25.50670433
v 2.36630225 2.20882201 25.48939514
v 2.28753448 2.22993612 25.47854233
v 2.44696355 2.26751709 25.51264381
v 2.44473982 2.22974610 25.49394989
v 2.36630225 2.20882201 25.48202515
v 2.50247836 2.28720665 25.49826813
v 2.44508553 2.22994518 25.48567963
v 2.49239731 2.34715176 25.51850128
v 2.52378249 2.36621737 25.50231361
v 2.50271106 2.28760862 25.48965073
v 2.47183800 2.43610406 25.52436638
v 2.50220871 2.44586039 25.50602150
v 2.52378249 2.36636090 25.49396515
v 2.44439220 2.50305748 25.50949097
v 2.44495916 2.50273228 25.50333214
v 2.50262928 2.44513750 25.49857521
v 2.42710328 2.47959495 25.52641106
v 2.36630225 2.52378249 25.51295280
v 2.29856062 2.48070741 25.53079224
v 2.27037477 2.49119401 25.51746559
v 2.36630225 2.52378249 25.50804710
v 2.36630225 2.49693656 25.52846909
v 2.24772000 2.43175364 25.53328133
v 2.21413875 2.40687680 25.52241898
v 2.25809908 2.48072290 25.51451874
v 2.22821379 2.36338091 25.53595352
v 2.22093940 2.30572414 25.52790833
v 2.20906520 2.37505388 25.52031517
v 2.24524593 2.29410791 25.53878403
v 2.28799343 2.22967219 25.53379631
v 2.24606967 2.26459575 25.52551651
v 2.36630225 2.21941853 25.54471779
v 2.38748693 2.21025324 25.53975487
v 2.34884477 2.20979261 25.53051376
v 2.29512000 2.24124742 25.54172897
v 2.44251776 2.23725677 25.54770660
v 2.47820640 2.25549841 25.54542542
v 2.46119142 2.24061990 25.53582764
v 2.49931741 2.29148579 25.55044746
v 2.52255106 2.34664607 25.55057907
v 2.52161407 2.34025884 25.54181290
v 2.52144527 2.36766291 25.55298424
v 2.50218153 2.44590664 25.55531502
v 2.51945353 2.45536065 25.57500076
v 2.49698877 2.45417213 25.54844666
v 2.45918512 2.49347472 25.55531502
v 2.36630225 2.54346752 25.57500076
v 2.52016997 2.27848792 25.57500076
v 2.21315074 2.27724385 25.57500076
v 2.21243453 2.45411658 25.57500076
v 2.47965837 2.45260334 25.54030418
v 2.40079045 2.51995969 25.55531502
v 2.48917007 2.39886594 25.52494431
v 2.45484710 2.27438569 25.51944733
v 2.49355054 2.35799456 25.52535439
v 2.36985779 2.23972988 25.51358414
v 2.28302169 2.27309275 25.50763893
v 2.24296021 2.35778785 25.50164604
v 2.27269077 2.44659257 25.49565887
v 2.35517144 2.49003792 25.48969650
v 2.44313693 2.46589351 25.48386955
v 2.49160624 2.38798714 25.47800446
v 2.47337770 2.29683018 25.47205925
v 2.39831138 2.24348116 25.46616936
v 2.30698681 2.25581884 25.46027565
v 2.24915814 2.32600284 25.45446205
v 2.25419521 2.41730666 25.44861412
v 2.32180166 2.48168731 25.44263840
v 2.41551661 2.48135209 25.43663788
v 2.48321176 2.41523933 25.43057442
v 2.48645115 2.32344604 25.42469978
v 2.42757154 2.25476861 25.41891861
v 2.33689928 2.24380898 25.41307831
v 2.26258564 2.29765034 25.40721130
v 2.24499965 2.38860416 25.40128517
v 2.29478645 2.46693635 25.39534950
v 2.46441436 2.44585657 25.38361359
v 2.38340712 2.48979235 25.38950157
v 2.49361396 2.35933948 25.37778091
v 2.45563388 2.27514052 25.37187767
v 2.37029934 2.23973680 25.36597443
v 2.28412700 2.27208710 25.36009407
v 2.24319196 2.35469556 25.35420227
v 2.27000022 2.44329691 25.34828568
v 2.34821081 2.48908067 25.34249878
v 2.43666005 2.47036123 25.33672333
v 2.49028563 2.39413023 25.33075905
v 2.47695827 2.30273175 25.32485199
v 2.40676546 2.24591565 25.31908035
v 2.31433439 2.25204039 25.31315422
v 2.25122643 2.32023239 25.30720711
v 2.25171614 2.41148806 25.30137062
v 2.31392455 2.47823405 25.29553604
v 2.40519881 2.48505282 25.28968239
v 2.47801018 2.42585707 25.28367424
v 2.48969460 2.33398557 25.27775002
v 2.43433547 2.25864530 25.27176666
v 2.34152102 2.24268937 25.26573753
v 2.26461196 2.29455376 25.25980377
v 2.24389768 2.38199282 25.25406647
v 2.28675389 2.46067595 25.24834824
v 2.45734882 2.45363450 25.23663139
v 2.37277961 2.49066424 25.24253082
v 2.49372196 2.36823058 25.23069954
v 2.46031833 2.27993941 25.22466087
v 2.37550092 2.23993945 25.21866226
v 2.24386215 2.34873414 25.20693970
v 2.28878212 2.26811075 25.21283913
v 2.26575851 2.43758392 25.20109367
v 2.34189057 2.48786187 25.19526291
v 2.43118668 2.47369742 25.18948555
v 2.48804188 2.40225339 25.18364716
v 2.48040366 2.30919480 25.17767143
v 2.31746316 2.25060678 25.16572952
v 2.41109562 2.24741030 25.17172813
v 2.25183821 2.31867576 25.15967369
v 2.25121617 2.41021037 25.15381813
v 2.31147504 2.47702956 25.14806938
v 2.40092731 2.48630214 25.14232063
v 1.33612919 2.63678098 25.10289574
v 1.35314071 2.64787436 25.11224556
v 1.39982152 2.56001759 25.13012123
v 1.38333154 2.59384489 25.13150024
v 1.36717355 2.54508281 25.10931587
v 1.43836987 2.47916698 25.11541748
v 1.48808134 2.49414873 25.13680458
v 1.42262709 2.53218079 25.13960838
v 1.35830319 2.74289608 25.09592438
v 1.36448121 2.75363064 25.09533310
v 1.38986027 2.72662902 25.13071251
v 1.35242426 2.73190212 25.09560394
v 1.37528801 2.63053870 25.13296700
v 1.41770065 2.80917025 25.14707184
v 1.51288092 2.84488821 25.14227295
v 1.52464366 2.84575105 25.09774780
v 1.45832372 2.79793286 25.12799072
v 1.34246469 2.70390368 25.09468460
v 1.35242426 2.73190212 25.15188789
v 1.39488101 2.81939006 25.07500076
v 1.33683336 2.67472482 25.09468460
v 1.38543117 2.52113771 25.09970284
v 1.53238130 2.45526743 25.12088776
v 1.59616065 2.50066972 25.14330101
v 1.63558817 2.48449183 25.12588882
v 1.53238130 2.45526743 25.10631561
v 1.67601120 2.57792258 25.15006828
v 1.70800447 2.56319880 25.12984467
v 1.70759833 2.56240106 25.11856461
v 1.63478518 2.48400021 25.11195946
v 1.68623364 2.68596601 25.15663910
v 1.72860134 2.66785789 25.13316536
v 1.72864389 2.66731834 25.12568474
v 1.69182026 2.76757026 25.13642311
v 1.62489903 2.77494669 25.16318321
v 1.61303854 2.82899213 25.14108467
v 1.69182026 2.76757026 25.19178581
v 1.69182026 2.76757026 25.13273239
v 1.52005410 2.80382466 25.16976929
v 1.51312089 2.84489799 25.14595795
v 1.61309040 2.82882643 25.19641685
v 1.42256939 2.75954199 25.17624474
v 1.41807222 2.80947185 25.15077782
v 1.51288092 2.84488821 25.20132828
v 1.35242426 2.73190212 25.15557861
v 1.41770065 2.80917025 25.20612717
v 1.37561154 2.66388130 25.18268776
v 1.33612919 2.63678098 25.16189384
v 1.35242426 2.73190212 25.21094322
v 1.40004253 2.55988169 25.18915367
v 1.36717355 2.54508281 25.16837120
v 1.33614457 2.63658643 25.15482521
v 1.43836987 2.47916698 25.17447281
v 1.36724424 2.54497385 25.15781021
v 1.48753726 2.49423313 25.19578171
v 1.53238130 2.45526743 25.17994308
v 1.43836594 2.47916913 25.16117477
v 1.59809136 2.50156093 25.20250320
v 1.63558817 2.48449183 25.18494415
v 1.53238130 2.45526743 25.16537094
v 1.67636347 2.57865095 25.20916557
v 1.70800447 2.56319880 25.18889999
v 1.70766222 2.56252599 25.17771339
v 1.63477337 2.48399305 25.17106628
v 1.72860134 2.66785789 25.19222069
v 1.72863364 2.66744947 25.18476486
v 1.68612421 2.68637466 25.21571922
v 1.69182026 2.76757026 25.19547844
v 1.62117398 2.77749372 25.22250748
v 1.61303854 2.82899213 25.20014000
v 1.69182026 2.76757026 25.25084114
v 1.51225531 2.80295777 25.22929001
v 1.51312089 2.84489799 25.20501328
v 1.61309040 2.82882643 25.25547218
v 1.41807222 2.80947185 25.20983315
v 1.51288092 2.84488821 25.26038361
v 1.41514981 2.75181055 25.23593521
v 1.35242426 2.73190212 25.21463394
v 1.41770065 2.80917025 25.26518250
v 1.37456381 2.64839649 25.24266624
v 1.33612919 2.63678098 25.22094917
v 1.35242426 2.73190212 25.26999855
v 1.41269863 2.54277802 25.24947166
v 1.36717355 2.54508281 25.22742653
v 1.33614457 2.63658643 25.21388054
v 1.43836987 2.47916698 25.23352814
v 1.36724424 2.54497385 25.21686363
v 1.50945032 2.48923016 25.25617218
v 1.53238130 2.45526743 25.23899841
v 1.43836594 2.47916913 25.22023010
v 1.61733639 2.51181746 25.26285172
v 1.63558817 2.48449183 25.24399948
v 1.53238130 2.45526743 25.22442436
v 1.68481994 2.60081458 25.26962662
v 1.70800447 2.56319880 25.24795532
v 1.70766234 2.56252623 25.23676872
v 1.63477349 2.48399305 25.23012161
v 1.72860134 2.66785789 25.25127602
v 1.72863364 2.66744971 25.24382019
v 1.67766476 2.71027231 25.27627945
v 1.69182026 2.76757026 25.25453186
v 1.60148847 2.78864336 25.28290558
v 1.61303854 2.82899213 25.25919533
v 1.69182026 2.76757026 25.30989647
v 1.49207544 2.79884934 25.28956795
v 1.51312089 2.84489799 25.26406860
v 1.61309040 2.82882643 25.31452751
v 1.41807222 2.80947185 25.26888847
v 1.51288092 2.84488821 25.31943893
v 1.40387416 2.73760343 25.29606819
v 1.35242426 2.73190212 25.27368927
v 1.41770065 2.80917025 25.32423782
v 1.37486899 2.63596916 25.30245972
v 1.33612919 2.63678098 25.28000450
v 1.35242426 2.73190212 25.32905388
v 1.36717355 2.54508281 25.28648186
v 1.33614457 2.63658643 25.27293587
v 1.41643608 2.53854728 25.30886269
v 1.43836987 2.47916698 25.29258156
v 1.36724424 2.54497385 25.27591896
v 1.51162934 2.48890758 25.31535721
v 1.53238130 2.45526743 25.29805374
v 1.43836594 2.47916913 25.27928543
v 1.61787379 2.51215386 25.32194519
v 1.63558817 2.48449183 25.30305481
v 1.53238130 2.45526743 25.28347969
v 1.68442905 2.59953165 25.32860374
v 1.70800447 2.56319880 25.30701065
v 1.70766222 2.56252599 25.29582405
v 1.63477337 2.48399305 25.28917503
v 1.72860134 2.66785789 25.31033134
v 1.72863364 2.66744947 25.30287552
v 1.67779768 2.70997238 25.33531380
v 1.69182026 2.76757026 25.31358719
v 1.60009611 2.78929996 25.34205055
v 1.61303854 2.82899213 25.31825066
v 1.48923814 2.79805112 25.34879684
v 1.51312089 2.84489799 25.32312393
v 1.61309040 2.82882643 25.37358284
v 1.41807222 2.80947185 25.32794380
v 1.51288092 2.84488821 25.37849426
v 1.40002000 2.73186159 25.35553551
v 1.35242426 2.73190212 25.33274460
v 1.41770065 2.80917025 25.38329124
v 1.37591279 2.62551117 25.36213875
v 1.33612919 2.63678098 25.33905792
v 1.36717355 2.54508281 25.34553719
v 1.33614457 2.63658643 25.33199120
v 1.42610002 2.52891850 25.36872864
v 1.43836987 2.47916698 25.35163689
v 1.36724424 2.54497385 25.33497429
v 1.52657688 2.48753476 25.37530518
v 1.53238130 2.45526743 25.35710716
v 1.43836594 2.47916913 25.33834076
v 1.63039696 2.52088976 25.38190651
v 1.63558817 2.48449183 25.36211014
v 1.53238130 2.45526743 25.34253502
v 1.70800447 2.56319880 25.36606598
v 1.70766234 2.56252623 25.35487938
v 1.63477349 2.48399305 25.34823036
v 1.68761659 2.61142778 25.38838959
v 1.36717355 2.54508281 25.40459061
v 1.33614457 2.63658643 25.39104652
v 1.42525733 2.52969146 25.42771530
v 1.43836987 2.47916698 25.41069221
v 1.36724424 2.54497385 25.39402962
v 1.52780020 2.48748755 25.43443298
v 1.53238130 2.45526743 25.41616249
v 1.43836594 2.47916913 25.39739609
v 1.63121831 2.52152848 25.44102287
v 1.63558817 2.48449183 25.42116547
v 1.53238130 2.45526743 25.40159035
v 1.70800447 2.56319880 25.42512131
v 1.70766234 2.56252623 25.41393280
v 1.63477349 2.48399305 25.40728569
v 1.68782377 2.61235118 25.44750023
v 1.72860134 2.66785789 25.42844200
v 1.67294180 2.72001839 25.45408630
v 1.58900928 2.79397678 25.46087456
v 1.61303854 2.82899213 25.43636131
v 1.69182026 2.76757026 25.48706245
v 1.51312089 2.84489799 25.44123268
v 1.61309040 2.82882643 25.49169159
v 1.47859311 2.79454827 25.46757126
v 1.41807222 2.80947185 25.44605446
v 1.51288092 2.84488821 25.49660492
v 1.39544213 2.72425699 25.47417068
v 1.41770065 2.80917025 25.50140190
v 1.37761450 2.61535358 25.48086166
v 1.35242426 2.73190212 25.50621796
v 1.36717355 2.54508281 25.46364594
v 1.43530869 2.52117157 25.48755264
v 1.43836987 2.47916698 25.46974754
v 1.36724424 2.54497385 25.45308495
v 1.54107368 2.48761296 25.49427795
v 1.53238130 2.45526743 25.47521782
v 1.43836594 2.47916913 25.45645142
v 1.63558817 2.48449183 25.48022079
v 1.53238130 2.45526743 25.46064568
v 1.64257801 2.53134966 25.50097275
v 1.70800447 2.56319880 25.48417664
v 1.70766234 2.56252623 25.47298813
v 1.63477349 2.48399305 25.46634102
v 1.69056451 2.62883520 25.50754929
v 1.72860134 2.66785789 25.48749733
v 1.72863364 2.66744971 25.48003960
v 1.66479111 2.73398352 25.51413918
v 1.69182026 2.76757026 25.49075317
v 1.58054256 2.80325747 25.51709175
v 1.61303854 2.82899213 25.49541664
v 1.69182026 2.76757026 25.54611778
v 1.51312089 2.84489799 25.50028801
v 1.57803857 2.84080863 25.55260086
v 1.64113700 2.81405878 25.54934120
v 1.46969557 2.80212283 25.52103996
v 1.41807222 2.80947185 25.50510979
v 1.44648659 2.82599902 25.55240440
v 1.38331008 2.72862816 25.52602386
v 1.35242426 2.73190212 25.50990868
v 1.36331272 2.61465335 25.53163338
v 1.33612919 2.63678098 25.51622391
v 1.35242426 2.73190212 25.55531502
v 1.36717355 2.54508281 25.52270126
v 1.33614457 2.63658643 25.50915527
v 1.42121744 2.51219225 25.53717232
v 1.43836987 2.47916698 25.52880287
v 1.36724424 2.54497385 25.51214027
v 1.53238130 2.46860862 25.54197311
v 1.53238130 2.45526743 25.53427315
v 1.43836594 2.47916913 25.51550484
v 1.64637363 2.50362062 25.54566956
v 1.63558817 2.48449183 25.53927612
v 1.53238130 2.45526743 25.51970100
v 1.70800447 2.56319880 25.54323196
v 1.70766222 2.56252599 25.53204346
v 1.63477337 2.48399305 25.52539635
v 1.71578515 2.60242128 25.54848289
v 1.72860134 2.66785789 25.54655266
v 1.72863364 2.66744947 25.53909492
v 1.71070611 2.72433257 25.55085754
v 1.69182026 2.76757026 25.54980850
v 1.66494501 2.79625034 25.55154800
v 1.69182026 2.76757026 25.55531502
v 1.63350570 2.82100797 25.55531502
v 1.71956635 2.76096678 25.57500076
v 1.53238130 2.86865306 25.57500076
v 1.58484054 2.84184933 25.55531502
v 1.62188876 2.82744169 25.09468460
v 1.69182026 2.76757026 25.09468460
v 1.72044170 2.54478908 25.57500076
v 1.53238130 2.43558240 25.57500076
v 1.34519625 2.54326868 25.57500076
v 1.66656756 2.76853943 25.53611565
v 1.68174374 2.70071626 25.51553535
v 1.66519713 2.55859661 25.51048470
v 1.69045234 2.66433001 25.51700592
v 1.57703507 2.49378633 25.50381851
v 1.46989489 2.50071478 25.49732971
v 1.39244556 2.57307458 25.49090576
v 1.37837601 2.68000126 25.48437500
v 1.43711972 2.77199101 25.47776222
v 1.54223096 2.80410194 25.47110748
v 1.64116263 2.76176429 25.46459770
v 1.69034362 2.66483974 25.45801926
v 1.66496778 2.55824685 25.45138168
v 1.57626104 2.49356198 25.44472694
v 1.46860981 2.50127935 25.43818665
v 1.39075458 2.57645535 25.43162918
v 1.65528953 2.54507422 25.39135551
v 1.55781448 2.48941994 25.38455009
v 1.45015585 2.51094270 25.37789726
v 1.38285148 2.59578323 25.37133408
v 1.38668716 2.70625710 25.36462975
v 1.45888710 2.78578496 25.35812187
v 1.56304932 2.80141521 25.35174942
v 1.65419936 2.74802160 25.34535980
v 1.69148946 2.64932680 25.33898354
v 1.65714037 2.54738045 25.33247566
v 1.56347370 2.49044800 25.32583618
v 1.45387208 2.50874853 25.31909752
v 1.38312757 2.59496856 25.31233025
v 1.38639903 2.70555401 25.30562019
v 1.46068835 2.78671908 25.29894638
v 1.57045126 2.79976916 25.29224396
v 1.66147029 2.73862886 25.28560066
v 1.69117618 2.63557220 25.27910995
v 1.64830935 2.53711939 25.27261543
v 1.55272758 2.48867583 25.26613426
v 1.44735694 2.51268601 25.25959015
v 1.38199234 2.59841466 25.25306129
v 1.38685882 2.70667148 25.24649239
v 1.46281981 2.78778815 25.23974991
v 1.57221055 2.79932356 25.23308182
v 1.66322386 2.73612618 25.22636414
v 1.69032586 2.62679696 25.21953201
v 1.63949370 2.52848530 25.21282768
v 1.53742802 2.48746037 25.20616722
v 1.43144369 2.52427578 25.19936562
v 1.37652981 2.62133574 25.19260597
v 1.39719284 2.72727847 25.18607140
v 1.48347354 2.79625535 25.17937279
v 1.59500420 2.79156756 25.17259789
v 1.67420638 2.71756577 25.16602898
v 1.68736172 2.61032438 25.15948486
v 1.62753892 2.51873493 25.15285301
v 1.52272463 2.48774862 25.14624023
v -2.23010302 2.28724647 25.10332870
v -2.26259804 2.27075148 25.11115265
v -2.24134660 2.37814784 25.12664986
v -2.24632239 2.32943678 25.12664986
v -2.20882273 2.36683178 25.10749817
v -2.23063874 2.44627380 25.11160469
v -2.28419995 2.46123576 25.13264847
v -2.24112988 2.37536669 25.13265800
v -2.28838849 2.22944641 25.09929276
v -2.36630225 2.20882201 25.09493065
v -2.26956916 2.28632140 25.12664986
v -2.31082869 2.21891594 25.09466934
v -2.52016997 2.27848792 25.07500076
v -2.36630225 2.18913698 25.07500076
v -2.26246643 2.24790382 25.09468460
v -2.21344328 2.32843184 25.09940147
v -2.21887946 2.42167878 25.10414124
v -2.27645373 2.27865887 25.16909409
v -2.23010302 2.28724647 25.15254021
v -2.23063874 2.28633046 25.14641571
v -2.24080014 2.36450338 25.17503548
v -2.20882273 2.36683178 25.15670967
v -2.20882273 2.36577272 25.15052414
v -2.27424288 2.45161414 25.18100166
v -2.23063874 2.44627380 25.16081810
v -2.23010302 2.44535804 25.15469360
v -2.23010302 2.28724647 25.20175362
v -2.23063874 2.28633046 25.19562912
v -2.24247837 2.34613752 25.22309303
v -2.20882273 2.36683178 25.20592308
v -2.20882273 2.36577272 25.19973564
v -2.26306272 2.43756056 25.22908974
v -2.23063874 2.44627380 25.21002960
v -2.23010302 2.44535804 25.20390511
v -2.24690318 2.32802653 25.27114105
v -2.23010302 2.28724647 25.25096703
v -2.23063874 2.28633046 25.24484253
v -2.20882273 2.36683178 25.25513649
v -2.20882273 2.36577272 25.24894905
v -2.25381207 2.42167258 25.27715492
v -2.23063874 2.44627380 25.25924301
v -2.23010302 2.44535804 25.25311852
v -2.25707388 2.30470872 25.31876564
v -2.23010302 2.28724647 25.30017853
v -2.23063874 2.28633046 25.29405403
v -2.20882273 2.36683178 25.30434799
v -2.20882273 2.36577272 25.29816246
v -2.24458289 2.39650607 25.32469177
v -2.23063874 2.44627380 25.30845642
v -2.23010302 2.44535804 25.30233002
v -2.30003333 2.47278285 25.33073044
v -2.26560426 2.29146218 25.36699486
v -2.23010302 2.28724647 25.34939194
v -2.23063874 2.28633046 25.34326744
v -2.24194241 2.38296270 25.37304306
v -2.20882273 2.36683178 25.35356140
v -2.20882273 2.36577272 25.34737396
v -2.23063874 2.44627380 25.35766792
v -2.23010302 2.44535804 25.35154343
v -2.28853130 2.46477437 25.37906647
v -2.27714729 2.27795291 25.41509438
v -2.23010302 2.28724647 25.39860344
v -2.23063874 2.28633046 25.39247894
v -2.24079037 2.36533785 25.42115021
v -2.20882273 2.36683178 25.40277290
v -2.20882273 2.36577272 25.39658737
v -2.27584004 2.45331073 25.42720985
v -2.23063874 2.44627380 25.40688133
v -2.23010302 2.44535804 25.40075684
v -2.23010302 2.28724647 25.44781685
v -2.23063874 2.28633046 25.44169235
v -2.24196386 2.34948754 25.46936798
v -2.20882273 2.36683178 25.45198631
v -2.20882273 2.36577272 25.44579887
v -2.26406360 2.43900299 25.47526360
v -2.23063874 2.44627380 25.45609283
v -2.23010302 2.44535804 25.44996834
v -2.24636221 2.32988405 25.51734924
v -2.23010302 2.28724647 25.49702835
v -2.23063874 2.28633046 25.49090385
v -2.20882273 2.36683178 25.50119781
v -2.20882273 2.36577272 25.49501228
v -2.25452542 2.42339993 25.52334976
v -2.23063874 2.44627380 25.50530624
v -2.23010302 2.44535804 25.49918175
v -2.21243453 2.27848792 25.57500076
v -2.36630225 2.18913698 25.57500076
v -2.51945353 2.27724385 25.57500076
v -2.52016997 2.45411658 25.57500076
v -2.24118328 2.37627554 25.52334976
v -2.26169944 2.43552399 25.48115158
v -2.24262619 2.34527349 25.47525406
v -2.29041076 2.26638722 25.46935844
v -2.27430487 2.45168114 25.43322182
v -2.24080729 2.36407542 25.42722321
v -2.27808213 2.27701950 25.42116356
v -2.24170446 2.38114333 25.37907982
v -2.26645255 2.29032397 25.37305641
v -2.24417782 2.39485359 25.33073807
v -2.25882077 2.30168438 25.32469940
v -2.25263524 2.41920447 25.28313637
v -2.24761438 2.32589030 25.27715302
v -2.26019955 2.43317986 25.23491478
v -2.24295163 2.34348655 25.22907639
v -2.29308867 2.26442671 25.22308731
v -2.27160001 2.44865513 25.18690491
v -2.24089837 2.36113691 25.18097687
v -2.27902889 2.27609491 25.17501831
v -1.50321412 -1.41637456 25.44437218
v -1.50326061 -1.41636324 25.44172859
v -1.47691417 -1.42620850 25.44158363
v -1.49799407 -1.44683373 25.42497635
v -1.53994048 -1.44055939 25.46232796
v -1.42365170 -1.48217762 25.43888283
v -1.42368543 -1.48210359 25.43607140
v -1.44546139 -1.50085795 25.41970444
v -1.47205293 -1.46256530 25.45736694
v -1.53113675 -1.41302645 25.44604301
v -1.53113675 -1.41302645 25.44301224
v -1.61463249 -1.44759929 25.45167542
v -1.61473346 -1.44770050 25.44714355
v -1.57331967 -1.44980967 25.43025589
v -1.50320661 -1.41637635 25.36563110
v -1.50326097 -1.41636312 25.36298943
v -1.47691417 -1.42620850 25.36284256
v -1.49620032 -1.44757211 25.34611130
v -1.49663424 -1.44750488 25.38058662
v -1.42363024 -1.48222470 25.36013985
v -1.42365968 -1.48216009 25.35732841
v -1.44464040 -1.50319123 25.34079742
v -1.53113675 -1.41302645 25.36730194
v -1.53113675 -1.41302645 25.36427307
v -1.61470449 -1.44767141 25.37294006
v -1.61465693 -1.44762385 25.36839867
v -1.57208300 -1.44920933 25.35142517
v -1.57001090 -1.44836855 25.38570213
v -1.50320184 -1.41637754 25.40500259
v -1.50327170 -1.41636062 25.40235901
v -1.47691417 -1.42620850 25.40221405
v -1.46523654 -1.46902847 25.38292503
v -1.51891232 -1.44124615 25.42152786
v -1.42362893 -1.48222768 25.39950943
v -1.42370343 -1.48206425 25.39670372
v -1.45567620 -1.48101890 25.41631889
v -1.53113675 -1.41302645 25.40667152
v -1.53113675 -1.41302645 25.40364265
v -1.61466336 -1.44763029 25.41230583
v -1.61457610 -1.44754314 25.40776443
v -1.53452384 -1.44025660 25.38813210
v -1.59068334 -1.46098185 25.42671585
v -1.50320196 -1.41637754 25.48374176
v -1.50326705 -1.41636169 25.48110008
v -1.47691417 -1.42620850 25.48095322
v -1.46652567 -1.46769893 25.46179199
v -1.49656034 -1.44753587 25.49869156
v -1.42365444 -1.48217154 25.47825241
v -1.42369330 -1.48208630 25.47544289
v -1.53113675 -1.41302645 25.48541260
v -1.53113675 -1.41302645 25.48238373
v -1.61468279 -1.44764960 25.49104881
v -1.61468589 -1.44765282 25.48651123
v -1.53665745 -1.44033146 25.46701622
v -1.56951892 -1.44815087 25.50377655
v -1.50320148 -1.41637766 25.20815086
v -1.50327146 -1.41636062 25.20550919
v -1.47691417 -1.42620850 25.20536232
v -1.49186385 -1.44954562 25.18831062
v -1.54836810 -1.44168329 25.22668457
v -1.42362773 -1.48223019 25.20265961
v -1.42370391 -1.48206329 25.19985390
v -1.44302773 -1.50849354 25.18294144
v -1.47698855 -1.45864391 25.22157478
v -1.53113675 -1.41302645 25.20982170
v -1.53113675 -1.41302645 25.20679283
v -1.61468828 -1.44765520 25.21545792
v -1.61457622 -1.44754314 25.21091461
v -1.56855762 -1.44761992 25.19367790
v -1.50321341 -1.41637468 25.24752235
v -1.50326610 -1.41636193 25.24487877
v -1.47691417 -1.42620850 25.24473381
v -1.46340561 -1.47101152 25.22525597
v -1.50018108 -1.44610345 25.26273537
v -1.42365217 -1.48217654 25.24203110
v -1.42369175 -1.48208976 25.23922157
v -1.53113675 -1.41302645 25.24919128
v -1.53113675 -1.41302645 25.24616241
v -1.61462855 -1.44759548 25.25482368
v -1.61474144 -1.44770837 25.25029373
v -1.53208101 -1.44023097 25.23048019
v -1.57437241 -1.45044601 25.26791954
v -1.50320745 -1.41637623 25.16878128
v -1.50326025 -1.41636336 25.16613770
v -1.47691417 -1.42620850 25.16599274
v -1.45998025 -1.47506022 25.14616203
v -1.52294290 -1.44072855 25.18558311
v -1.42362845 -1.48222876 25.16328812
v -1.42366862 -1.48214030 25.16047859
v -1.45818353 -1.47745395 25.18039322
v -1.53113675 -1.41302645 25.17045212
v -1.53113675 -1.41302645 25.16742325
v -1.52722156 -1.44037032 25.15141487
v -1.61470389 -1.44767082 25.17609024
v -1.61464679 -1.44761372 25.17154884
v -1.59420133 -1.46397090 25.19080925
v -1.50319755 -1.41637862 25.32626152
v -1.50327981 -1.41635859 25.32361984
v -1.47691417 -1.42620850 25.32347298
v -1.46501493 -1.46926236 25.30415726
v -1.54663908 -1.44138765 25.34467697
v -1.42365372 -1.48217309 25.32077217
v -1.42365479 -1.48217082 25.31795692
v -1.47611558 -1.45929778 25.33961105
v -1.53113675 -1.41302645 25.32793236
v -1.53113675 -1.41302645 25.32490349
v -1.61459148 -1.44755840 25.33356094
v -1.61461306 -1.44757998 25.32902527
v -1.53379810 -1.44024229 25.30933571
v -1.50319755 -1.41637862 25.52311134
v -1.50328028 -1.41635847 25.52046967
v -1.47691417 -1.42620850 25.52032280
v -1.50094664 -1.44571340 25.50393486
v -1.53113675 -1.43239093 25.53594971
v -1.42365265 -1.48217547 25.51762199
v -1.42365170 -1.48217750 25.51480675
v -1.44646156 -1.49825490 25.49864006
v -1.45505619 -1.47420800 25.53222656
v -1.53113675 -1.41302645 25.52478218
v -1.53113675 -1.41302645 25.52175331
v -1.61632717 -1.44932830 25.53056145
v -1.60393310 -1.43812752 25.52527809
v -1.57649291 -1.45145571 25.50924301
v -1.60525596 -1.46045291 25.53962517
v -1.50320268 -1.41637731 25.28689194
v -1.50326645 -1.41636181 25.28424835
v -1.47691417 -1.42620850 25.28410339
v -1.49613678 -1.44759905 25.26736832
v -1.52632380 -1.44043481 25.30392265
v -1.42365694 -1.48216617 25.28140259
v -1.42369330 -1.48208642 25.27859306
v -1.44472337 -1.50294626 25.26207542
v -1.46149075 -1.47324395 25.29886627
v -1.53113675 -1.41302645 25.28856277
v -1.53113675 -1.41302645 25.28553200
v -1.61461961 -1.44758654 25.29419327
v -1.61468673 -1.44765365 25.28966141
v -1.57073748 -1.44858158 25.27258110
v -1.59390259 -1.46370459 25.30889320
v -1.64695883 -1.55427241 25.10455322
v -1.64170063 -1.57267773 25.09893608
v -1.63918531 -1.48343420 25.09468460
v -1.62746418 -1.59335673 25.09811974
v -1.63612819 -1.47703660 25.09958458
v -1.61476672 -1.44773376 25.09468460
v -1.62858856 -1.43371964 25.07500076
v -1.66892719 -1.53059804 25.07500076
v -1.60728216 -1.62142456 25.10914040
v -1.58103073 -1.63819098 25.10370064
v -1.53439867 -1.64920187 25.11319733
v -1.49183798 -1.64251733 25.10911751
v -1.53113675 -1.64168918 25.10224342
v -1.46009362 -1.62549198 25.11684036
v -1.42510605 -1.58317053 25.11485481
v -1.45687413 -1.60816813 25.10579681
v -1.41677177 -1.56064391 25.12029457
v -1.41899073 -1.49407852 25.12040901
v -1.42779398 -1.53427577 25.10940552
v -1.42330933 -1.48293626 25.12392426
v -1.47691417 -1.42620850 25.12662315
v -1.45887434 -1.46203840 25.11281395
v -1.49580693 -1.44785559 25.14430618
v -1.50326753 -1.41636157 25.12676811
v -1.50320530 -1.41637671 25.12941170
v -1.44617677 -1.49926424 25.13933182
v -1.44892752 -1.57264280 25.13421249
v -1.50680268 -1.62162495 25.12891960
v -1.57945216 -1.61230218 25.12382126
v -1.62248337 -1.55361283 25.11872482
v -1.62610865 -1.48345137 25.10652351
v -1.57952476 -1.42339337 25.09468460
v -1.58463860 -1.45267510 25.11782837
v -1.53113675 -1.39334142 25.07500076
v -1.53113675 -1.41302645 25.13108253
v -1.56903827 -1.44794166 25.14941025
v -1.53113675 -1.41302645 25.12805176
v -1.61455250 -1.44751954 25.13670731
v -1.53113675 -1.43417299 25.11583138
v -1.61463845 -1.44760537 25.13217735
v -1.45813668 -1.62398612 25.15634537
v -1.45819855 -1.62403476 25.15082932
v -1.53113675 -1.64924693 25.14597130
v -1.48279285 -1.61093557 25.13565254
v -1.53113675 -1.64924693 25.15277100
v -1.61463475 -1.61467183 25.14076424
v -1.55920529 -1.62131441 25.13024521
v -1.41637588 -1.55906463 25.15972519
v -1.41637290 -1.55905247 25.15578651
v -1.44094801 -1.54740882 25.14096642
v -1.44134390 -1.54939663 25.17524338
v -1.48229659 -1.61054146 25.17011642
v -1.61474788 -1.61455858 25.14797783
v -1.55458951 -1.62250924 25.16501045
v -1.45813441 -1.62398446 25.35319519
v -1.45821559 -1.62404811 25.34767723
v -1.53113675 -1.64924693 25.34282303
v -1.51188719 -1.62302196 25.33032227
v -1.53113675 -1.64924693 25.34962082
v -1.61462283 -1.61468375 25.33761597
v -1.58558333 -1.60844541 25.32509232
v -1.41638029 -1.55908287 25.35263634
v -1.45170701 -1.57820058 25.33554077
v -1.41637456 -1.55905926 25.35657692
v -1.44511783 -1.50211382 25.37534714
v -1.45006931 -1.57495618 25.37026024
v -1.50680840 -1.62162805 25.36513901
v -1.61468291 -1.61462367 25.34483337
v -1.57985950 -1.61207366 25.36000443
v -1.45811605 -1.62396991 25.43193626
v -1.45807397 -1.62393689 25.42642975
v -1.53113675 -1.64924693 25.42156219
v -1.51059437 -1.62271881 25.40916061
v -1.53113675 -1.64924693 25.42836189
v -1.61470842 -1.61459816 25.41634941
v -1.58487964 -1.60893536 25.40389252
v -1.41636765 -1.55903101 25.43531799
v -1.41634536 -1.55893922 25.43138504
v -1.45083439 -1.57661641 25.41440964
v -1.44004381 -1.52600062 25.45242882
v -1.46317077 -1.59425044 25.44741631
v -1.53016078 -1.62528133 25.44227219
v -1.61459279 -1.61471367 25.42358017
v -1.45826900 -1.62409008 25.19570732
v -1.45810676 -1.62396264 25.19020653
v -1.53113675 -1.64924693 25.18534279
v -1.51649702 -1.62394559 25.17251587
v -1.53113675 -1.64924693 25.19214058
v -1.61469710 -1.61460936 25.18013000
v -1.59042716 -1.60479450 25.16720581
v -1.41640341 -1.55917752 25.19909096
v -1.41635680 -1.55898631 25.19516182
v -1.45401633 -1.58207703 25.17774773
v -1.44041991 -1.52216542 25.21646881
v -1.46204698 -1.59295475 25.21131134
v -1.52983296 -1.62527263 25.20607376
v -1.61457443 -1.61473203 25.18736076
v -1.45811307 -1.62396765 25.23508644
v -1.45809066 -1.62395000 25.22957802
v -1.53113675 -1.64924693 25.22471237
v -1.47817588 -1.60781431 25.21476364
v -1.53113675 -1.64924693 25.23151207
v -1.61471021 -1.61459637 25.21949768
v -1.55219460 -1.62314796 25.20947456
v -1.41636693 -1.55902815 25.23846626
v -1.41634667 -1.55894458 25.23453331
v -1.44039452 -1.54339862 25.21997452
v -1.44607794 -1.49951756 25.25742340
v -1.44872642 -1.57221460 25.25235558
v -1.50198388 -1.62008548 25.24737167
v -1.61462593 -1.61468053 25.22672653
v -1.57538891 -1.61456859 25.24224091
v -1.45812082 -1.62397373 25.31382561
v -1.45817018 -1.62401247 25.30831146
v -1.53113675 -1.64924693 25.30345154
v -1.47728026 -1.60716033 25.29358101
v -1.53113675 -1.64924693 25.31025124
v -1.61461782 -1.61468863 25.29824448
v -1.55042696 -1.62351954 25.28833771
v -1.41638052 -1.55908358 25.31326485
v -1.44009125 -1.54032266 25.29892731
v -1.41637421 -1.55905795 25.31720543
v -1.44032383 -1.52300119 25.33452225
v -1.46218979 -1.59312224 25.32940674
v -1.52863395 -1.62523055 25.32426643
v -1.61468828 -1.61461830 25.30546188
v -1.59740102 -1.59855843 25.31912804
v -1.45816767 -1.62401056 25.27445412
v -1.45818174 -1.62402153 25.26893997
v -1.53113675 -1.64924693 25.26408195
v -1.51244617 -1.62314701 25.25153923
v -1.53113675 -1.64924693 25.27088165
v -1.61456347 -1.61474299 25.25887871
v -1.58599126 -1.60815692 25.24632263
v -1.41637087 -1.55904424 25.27389717
v -1.45218313 -1.57903552 25.25673103
v -1.41636562 -1.55902255 25.27783775
v -1.44066381 -1.54524863 25.29363823
v -1.47936130 -1.60859203 25.28846359
v -1.61463225 -1.61467433 25.26609612
v -1.55207217 -1.62310743 25.28329468
v -1.45817220 -1.62401414 25.47130394
v -1.45818388 -1.62402332 25.46578979
v -1.53113675 -1.64924693 25.46093178
v -1.47439313 -1.60493529 25.45129395
v -1.53113675 -1.64924693 25.46773148
v -1.61456430 -1.61474216 25.45572853
v -1.54787457 -1.62399280 25.44599152
v -1.41637182 -1.55904794 25.47074890
v -1.43992352 -1.53786659 25.45656586
v -1.41636729 -1.55902922 25.47468758
v -1.44538772 -1.50136030 25.49351120
v -1.45032394 -1.57545197 25.48833275
v -1.50878680 -1.62217963 25.48311043
v -1.61462867 -1.61467791 25.46294785
v -1.58184481 -1.61086035 25.47795677
v -1.45826781 -1.62408912 25.39255905
v -1.45810473 -1.62396109 25.38705635
v -1.53113675 -1.64924693 25.38219261
v -1.47650719 -1.60658228 25.37236977
v -1.53113675 -1.64924693 25.38899231
v -1.61469555 -1.61461103 25.37697983
v -1.55000830 -1.62360227 25.36709976
v -1.41640329 -1.55917692 25.39594078
v -1.41635633 -1.55898428 25.39201164
v -1.44010937 -1.54054129 25.37764549
v -1.44231367 -1.55394137 25.41114998
v -1.48630488 -1.61295712 25.40601921
v -1.61457574 -1.61473072 25.38421059
v -1.55846286 -1.62144387 25.40095901
v -1.45811832 -1.62397182 25.51067734
v -1.45817864 -1.62401915 25.50516129
v -1.53113675 -1.64924693 25.50030327
v -1.50676048 -1.62170446 25.48817062
v -1.53113675 -1.64924693 25.50710297
v -1.61461079 -1.61469579 25.49509621
v -1.58188689 -1.61091387 25.48287010
v -1.41638315 -1.55909467 25.51011467
v -1.44911444 -1.57325971 25.49341202
v -1.41637421 -1.55905771 25.51405716
v -1.44307673 -1.55723453 25.52905083
v -1.48936832 -1.61460543 25.52390480
v -1.61466229 -1.61464429 25.50231552
v -1.56362510 -1.61974418 25.51869965
v 1.41302645 1.53118193 25.37246513
v 1.44131660 1.55609167 25.35665894
v 1.41302657 1.53106558 25.37874794
v 1.45071089 1.48171234 25.36187172
v 1.44779181 1.48713255 25.39589500
v 1.44276285 1.56020772 25.39079094
v 1.41302657 1.53127813 25.14251518
v 1.41302645 1.53114581 25.13624573
v 1.44453442 1.56510544 25.11977005
v 1.44623828 1.49006569 25.12498856
v 1.44926202 1.48437738 25.15988731
v 1.44213748 1.55838239 25.15470123
v 1.41302645 1.53114021 25.49685478
v 1.41302657 1.53103507 25.49058151
v 1.45777082 1.58741641 25.47230721
v 1.43866134 1.51434290 25.47758102
v 1.44568443 1.49151349 25.51367760
v 1.44356000 1.56237423 25.50874519
v 1.41302657 1.53121448 25.41183281
v 1.45977330 1.58982670 25.39336395
v 1.41302657 1.53105783 25.41811943
v 1.43820298 1.51741683 25.39864349
v 1.46366870 1.46492863 25.43712234
v 1.43757951 1.53493440 25.43191528
v 1.41302645 1.53119481 25.17561340
v 1.46420395 1.59462535 25.15670967
v 1.41302657 1.53106451 25.18189812
v 1.43756008 1.52425349 25.16196823
v 1.46292984 1.46569741 25.20083046
v 1.43746924 1.53267181 25.19584846
v 1.64901114 1.52367759 25.55076408
v 1.62255549 1.45635283 25.55116463
v 1.64841795 1.54510581 25.55531502
v 1.61739886 1.45455706 25.55255508
v 1.64169562 1.57269120 25.55531502
v 1.55221605 1.41492271 25.54098129
v 1.54066586 1.41341150 25.54691696
v 1.61936295 1.45261180 25.54588127
v 1.47608304 1.42664218 25.53641319
v 1.45284629 1.44270229 25.54207611
v 1.53113675 1.41863084 25.54971123
v 1.42337000 1.48280072 25.53235626
v 1.41312373 1.52634573 25.53651428
v 1.45493305 1.45245874 25.54673576
v 1.41648448 1.55950713 25.52872658
v 1.42505276 1.52795744 25.54333687
v 1.44001901 1.55130601 25.51448250
v 1.45349717 1.47736681 25.51971245
v 1.51761234 1.43778992 25.52494049
v 1.59005153 1.45913875 25.53023529
v 1.63629389 1.51695240 25.54331398
v 1.62858415 1.59787524 25.55531502
v 1.41302657 1.53122699 25.29999924
v 1.41302657 1.53104270 25.29373169
v 1.44160545 1.55703688 25.27784729
v 1.45057952 1.48193097 25.28311157
v 1.43745053 1.53210032 25.31399727
v 1.41302645 1.53117764 25.33937263
v 1.41302645 1.53116155 25.33309555
v 1.46013165 1.59024096 25.31458282
v 1.43808782 1.51832473 25.31983948
v 1.43963051 1.50967479 25.35489845
v 1.45367956 1.58181143 25.34977913
v 1.41302657 1.53121519 25.21498299
v 1.44246697 1.55966520 25.19890976
v 1.41302657 1.53106666 25.22126961
v 1.44897091 1.48472524 25.20414543
v 1.44031298 1.50683630 25.23698616
v 1.45216286 1.57950568 25.23185539
v 1.41302645 1.53113055 25.45748520
v 1.41302657 1.53102088 25.45121193
v 1.44069088 1.55390906 25.43555832
v 1.45193517 1.47973716 25.44077682
v 1.43884313 1.51357901 25.47274017
v 1.45682859 1.58616912 25.46752357
v 1.41302645 1.53113401 25.26063347
v 1.41302657 1.53101313 25.25436211
v 1.46177626 1.59208035 25.23568916
v 1.43787122 1.52027845 25.24098206
v 1.45040107 1.48238277 25.27815247
v 1.44113255 1.55515790 25.27304077
v 2.49879551 0.31499541 25.55531502
v 2.49879551 0.31499541 25.09468460
v 2.36241341 0.23625526 25.09468460
v 2.36241341 0.21657021 25.07500076
v 2.36241341 0.23625526 25.55531502
v 2.22603154 0.31499541 25.09468460
v 2.49879551 0.47247574 25.55531502
v 2.49879551 0.47247574 25.09468460
v 2.51628113 0.48154995 25.07500076
v 2.51556492 0.30467719 25.07500076
v 2.36241341 0.55121589 25.55531502
v 2.36241341 0.55121589 25.09468460
v 2.22603154 0.47247574 25.55531502
v 2.36241341 0.57090092 25.07500076
v 2.22603154 0.47247574 25.09468460
v 2.36241341 0.57090092 25.57500076
v 2.20854568 0.48154995 25.57500076
v 2.51556492 0.48279396 25.57500076
v 2.22603154 0.31499541 25.55531502
v -2.35936475 0.07813530 25.56515694
v -2.35239100 0.08507852 25.57500076
v -2.43750000 0.12034252 25.57500076
v -2.20854568 0.30592120 25.57500076
v -2.43750000 0.11050000 25.56515694
v -2.52312756 0.08455601 25.57500076
v -3.98030591 -0.00582439 25.57500076
v -2.36241341 0.21657021 25.57500076
v -2.32699990 0.00000000 25.56515694
v -2.31716156 0.00047049 25.57500076
v -1.19684041 1.18963397 25.57500076
v -2.35187244 -0.08455601 25.57500076
v -1.68743253 -0.00191130 25.57500076
v -2.43750000 -0.11050000 25.56515694
v -2.43750000 -0.12034252 25.57500076
v -2.35936475 -0.07813530 25.56515694
v -2.51563525 -0.07813530 25.56515694
v -2.52260900 -0.08507852 25.57500076
v -3.78511477 -1.23107851 25.57500076
v -1.19240820 -1.19410169 25.57500076
v -2.43750000 -0.11050000 25.07500076
v -2.51612425 -0.07764038 25.07500076
v -2.35935187 -0.07812015 25.07500076
v -2.32700396 -0.00043201 25.07500076
v -2.51563525 0.07813530 25.56515694
v -1.90854621 1.71230936 25.54172897
v -1.83736408 1.66019869 25.57500076
v -1.83736408 1.69048047 25.54471779
v -1.68349636 1.74954975 25.57500076
v -1.91567278 1.70073390 25.53379631
v -1.76114857 1.70831859 25.54770660
v -1.81617939 1.68131518 25.53975487
v -1.95842028 1.76516962 25.53878403
v -1.99051547 1.74830568 25.57500076
v -2.46421337 1.64247465 25.57500076
v -1.62918246 1.62795556 25.57500076
v -1.95594633 1.90281546 25.53328133
v -1.99123180 1.92517841 25.57500076
v -2.65139842 1.75016093 25.57500076
v -1.97545266 1.83444273 25.53595352
v -1.70148480 1.91696846 25.55531502
v -1.68421268 1.92642248 25.57500076
v -1.74448121 1.96453643 25.55531502
v -1.80287588 1.99102151 25.55531502
v 0.31019670 2.08199739 25.57500076
v 0.27562073 2.16503596 25.57500076
v -1.98952770 1.87793863 25.52241898
v -1.98272681 1.77678597 25.52790833
v 1.64125645 -3.09090781 25.10289574
v 1.65826786 -3.07981443 25.11224556
v 1.70494866 -3.16767144 25.13012123
v 1.68845868 -3.13384414 25.13150024
v 1.67230070 -3.18260622 25.10931587
v 1.74349701 -3.24852180 25.11541748
v 1.79320848 -3.23354030 25.13680458
v 1.72775424 -3.19550824 25.13960838
v 1.66343045 -2.98479295 25.09592438
v 1.66960835 -2.97405839 25.09533310
v 1.69498742 -3.00106001 25.13071251
v 1.65755141 -2.99578691 25.09560394
v 1.68041515 -3.09715009 25.13296700
v 1.72282779 -2.91851854 25.14707184
v 1.76345086 -2.92975616 25.12799072
v 1.82977080 -2.88193798 25.09774780
v 1.81800807 -2.88280082 25.14227295
v 1.64759183 -3.02378535 25.09468460
v 1.65755141 -2.99578691 25.15188789
v 1.73016667 -2.91056275 25.09468460
v 1.65032339 -2.96672201 25.07500076
v 1.64196050 -3.05296397 25.09468460
v 1.69055831 -3.20655131 25.09970284
v 1.83750844 -3.27242160 25.12088776
v 1.90128779 -3.22701931 25.14330101
v 1.94071531 -3.24319696 25.12588882
v 1.83750844 -3.27242160 25.10631561
v 1.98113835 -3.14976645 25.15006828
v 2.01313162 -3.16449022 25.12984467
v 2.01272559 -3.16528773 25.11856461
v 1.93991232 -3.24368882 25.11195946
v 1.99136078 -3.04172277 25.15663910
v 2.03372860 -3.05983114 25.13316536
v 2.03377104 -3.06037068 25.12568474
v 1.99694741 -2.96011853 25.13642311
v 1.93002617 -2.95274234 25.16318321
v 1.91816568 -2.89869690 25.14108467
v 1.99694741 -2.96011853 25.19178581
v 1.99694741 -2.96011853 25.13273239
v 1.97050178 -2.93044066 25.55531502
v 1.82518125 -2.92386436 25.16976929
v 1.81824803 -2.88279104 25.14595795
v 1.91821754 -2.89886236 25.19641685
v 1.72769666 -2.96814704 25.17624474
v 1.72319937 -2.91821718 25.15077782
v 1.81800807 -2.88280082 25.20132828
v 1.65755141 -2.99578691 25.15557861
v 1.72282779 -2.91851854 25.20612717
v 1.68073869 -3.06380773 25.18268776
v 1.64125645 -3.09090781 25.16189384
v 1.65755141 -2.99578691 25.21094322
v 1.70516968 -3.16780710 25.18915367
v 1.67230070 -3.18260622 25.16837120
v 1.64127171 -3.09110260 25.15482521
v 1.74349701 -3.24852180 25.17447281
v 1.67237139 -3.18271518 25.15781021
v 1.79266453 -3.23345590 25.19578171
v 1.83750844 -3.27242160 25.17994308
v 1.74349308 -3.24851966 25.16117477
v 1.90321863 -3.22612810 25.20250320
v 1.94071531 -3.24319696 25.18494415
v 1.83750844 -3.27242160 25.16537094
v 1.98149061 -3.14903808 25.20916557
v 2.01313162 -3.16449022 25.18889999
v 2.01278925 -3.16516304 25.17771339
v 1.93990052 -3.24369597 25.17106628
v 2.03372860 -3.05983114 25.19222069
v 2.03376079 -3.06023955 25.18476486
v 1.99125135 -3.04131436 25.21571922
v 1.99694741 -2.96011853 25.19547844
v 1.92630112 -2.95019531 25.22250748
v 1.91816568 -2.89869690 25.20014000
v 1.99694741 -2.96011853 25.25084114
v 1.81738245 -2.92473102 25.22929001
v 1.81824803 -2.88279104 25.20501328
v 1.91821754 -2.89886236 25.25547218
v 1.72319937 -2.91821718 25.20983315
v 1.81800807 -2.88280082 25.26038361
v 1.72027695 -2.97587848 25.23593521
v 1.65755141 -2.99578691 25.21463394
v 1.72282779 -2.91851854 25.26518250
v 1.67969096 -3.07929254 25.24266624
v 1.64125645 -3.09090781 25.22094917
v 1.65755141 -2.99578691 25.26999855
v 1.71782577 -3.18491077 25.24947166
v 1.67230070 -3.18260622 25.22742653
v 1.64127171 -3.09110260 25.21388054
v 1.74349701 -3.24852180 25.23352814
v 1.67237139 -3.18271518 25.21686363
v 1.81457746 -3.23845887 25.25617218
v 1.83750844 -3.27242160 25.23899841
v 1.74349308 -3.24851966 25.22023010
v 1.92246354 -3.21587133 25.26285172
v 1.94071531 -3.24319696 25.24399948
v 1.83750844 -3.27242160 25.22442436
v 1.98994708 -3.12687445 25.26962662
v 2.01313162 -3.16449022 25.24795532
v 2.01278925 -3.16516304 25.23676872
v 1.93990052 -3.24369597 25.23012161
v 2.03372860 -3.05983114 25.25127602
v 2.03376079 -3.06023955 25.24382019
v 1.98279202 -3.01741648 25.27627945
v 1.99694741 -2.96011853 25.25453186
v 1.90661561 -2.93904567 25.28290558
v 1.91816568 -2.89869690 25.25919533
v 1.99694741 -2.96011853 25.30989647
v 1.79720259 -2.92883945 25.28956795
v 1.81824803 -2.88279104 25.26406860
v 1.91821754 -2.89886236 25.31452751
v 1.72319937 -2.91821718 25.26888847
v 1.81800807 -2.88280082 25.31943893
v 1.70900142 -2.99008536 25.29606819
v 1.65755141 -2.99578691 25.27368927
v 1.72282779 -2.91851854 25.32423782
v 1.67999613 -3.09171987 25.30245972
v 1.64125645 -3.09090781 25.28000450
v 1.65755141 -2.99578691 25.32905388
v 1.67230070 -3.18260622 25.28648186
v 1.64127171 -3.09110260 25.27293587
v 1.72156322 -3.18914151 25.30886269
v 1.74349701 -3.24852180 25.29258156
v 1.67237139 -3.18271518 25.27591896
v 1.81675661 -3.23878121 25.31535721
v 1.83750844 -3.27242160 25.29805374
v 1.74349308 -3.24851966 25.27928543
v 1.92300093 -3.21553516 25.32194519
v 1.94071531 -3.24319696 25.30305481
v 1.83750844 -3.27242160 25.28347969
v 1.98955631 -3.12815738 25.32860374
v 2.01313162 -3.16449022 25.30701065
v 2.01278925 -3.16516304 25.29582405
v 1.93990052 -3.24369597 25.28917503
v 2.03372860 -3.05983114 25.31033134
v 2.03376079 -3.06023955 25.30287552
v 1.98292482 -3.01771641 25.33531380
v 1.99694741 -2.96011853 25.31358719
v 1.90522325 -2.93838882 25.34205055
v 1.91816568 -2.89869690 25.31825066
v 1.99694741 -2.96011853 25.36895180
v 1.79436529 -2.92963791 25.34879684
v 1.81824803 -2.88279104 25.32312393
v 1.91821754 -2.89886236 25.37358284
v 1.72319937 -2.91821718 25.32794380
v 1.81800807 -2.88280082 25.37849426
v 1.70514715 -2.99582720 25.35553551
v 1.65755141 -2.99578691 25.33274460
v 1.72282779 -2.91851854 25.38329124
v 1.68104005 -3.10217786 25.36213875
v 1.64125645 -3.09090781 25.33905792
v 1.65755141 -2.99578691 25.38810921
v 1.67230070 -3.18260622 25.34553719
v 1.64127171 -3.09110260 25.33199120
v 1.73122716 -3.19877028 25.36872864
v 1.74349701 -3.24852180 25.35163689
v 1.67237139 -3.18271518 25.33497429
v 1.83170414 -3.24015403 25.37530518
v 1.83750844 -3.27242160 25.35710716
v 1.74349308 -3.24851966 25.33834076
v 1.93552411 -3.20679903 25.38190651
v 1.94071531 -3.24319696 25.36211014
v 1.83750844 -3.27242160 25.34253502
v 2.01313162 -3.16449022 25.36606598
v 2.01278925 -3.16516304 25.35487938
v 1.93990052 -3.24369597 25.34823036
v 1.99274385 -3.11626124 25.38838959
v 2.03372860 -3.05983114 25.36938667
v 2.03376079 -3.06023955 25.36193085
v 1.97926748 -3.00999236 25.39487648
v 1.99694741 -2.96011853 25.37264252
v 1.89952075 -2.93586326 25.40147591
v 1.91816568 -2.89869690 25.37730598
v 1.99694741 -2.96011853 25.42800713
v 1.81824803 -2.88279104 25.38217735
v 1.91821754 -2.89886236 25.43263626
v 1.79122102 -2.93058825 25.40804672
v 1.72319937 -2.91821718 25.38699913
v 1.81800807 -2.88280082 25.43754959
v 1.70466220 -2.99658942 25.41464424
v 1.65755141 -2.99578691 25.39179993
v 1.72282779 -2.91851854 25.44234657
v 1.68091714 -3.10123992 25.42113876
v 1.64125645 -3.09090781 25.39811325
v 1.65755141 -2.99578691 25.44716263
v 1.67230070 -3.18260622 25.40459061
v 1.64127171 -3.09110260 25.39104652
v 1.73038459 -3.19799757 25.42771530
v 1.74349701 -3.24852180 25.41069221
v 1.67237139 -3.18271518 25.39402962
v 1.83292735 -3.24020147 25.43443298
v 1.83750844 -3.27242160 25.41616249
v 1.74349308 -3.24851966 25.39739609
v 1.93634546 -3.20616055 25.44102287
v 1.94071531 -3.24319696 25.42116547
v 1.83750844 -3.27242160 25.40159035
v 2.01313162 -3.16449022 25.42512131
v 2.01278925 -3.16516304 25.41393280
v 1.93990052 -3.24369597 25.40728569
v 1.99295092 -3.11533761 25.44750023
v 2.03372860 -3.05983114 25.42844200
v 2.03376079 -3.06023955 25.42098427
v 1.97806907 -3.00767040 25.45408630
v 1.99694741 -2.96011853 25.43169785
v 1.89413655 -2.93371201 25.46087456
v 1.91816568 -2.89869690 25.43636131
v 1.99694741 -2.96011853 25.48706245
v 1.81824803 -2.88279104 25.44123268
v 1.91821754 -2.89886236 25.49169159
v 1.78372037 -2.93314052 25.46757126
v 1.72319937 -2.91821718 25.44605446
v 1.81800807 -2.88280082 25.49660492
v 1.70056927 -3.00343204 25.47417068
v 1.65755141 -2.99578691 25.45085526
v 1.72282779 -2.91851854 25.50140190
v 1.68274164 -3.11233544 25.48086166
v 1.64125645 -3.09090781 25.45716858
v 1.65755141 -2.99578691 25.50621796
v 1.67230070 -3.18260622 25.46364594
v 1.64127171 -3.09110260 25.45009995
v 1.74043584 -3.20651746 25.48755264
v 1.74349701 -3.24852180 25.46974754
v 1.67237139 -3.18271518 25.45308495
v 1.84620082 -3.24007607 25.49427795
v 1.83750844 -3.27242160 25.47521782
v 1.74349308 -3.24851966 25.45645142
v 1.94071531 -3.24319696 25.48022079
v 1.83750844 -3.27242160 25.46064568
v 1.94770515 -3.19633913 25.50097275
v 2.01313162 -3.16449022 25.48417664
v 2.01278925 -3.16516304 25.47298813
v 1.93990052 -3.24369597 25.46634102
v 1.99569166 -3.09885383 25.50754929
v 2.03372860 -3.05983114 25.48749733
v 2.03376079 -3.06023955 25.48003960
v 1.96991825 -2.99370551 25.51413918
v 1.99694741 -2.96011853 25.49075317
v 1.88566971 -2.92443132 25.51709175
v 1.91816568 -2.89869690 25.49541664
v 1.99694741 -2.96011853 25.54611778
v 1.81824803 -2.88279104 25.50028801
v 1.88316572 -2.88688040 25.55260086
v 1.94626427 -2.91363025 25.54934120
v 1.77482283 -2.92556620 25.52103996
v 1.72319937 -2.91821718 25.50510979
v 1.75161386 -2.90168977 25.55240440
v 1.68843722 -2.99906087 25.52602386
v 1.65755141 -2.99578691 25.50990868
v 1.66843998 -3.11303568 25.53163338
v 1.64125645 -3.09090781 25.51622391
v 1.65755141 -2.99578691 25.55531502
v 1.67230070 -3.18260622 25.52270126
v 1.64127171 -3.09110260 25.50915527
v 1.72634459 -3.21549678 25.53717232
v 1.74349701 -3.24852180 25.52880287
v 1.67237139 -3.18271518 25.51214027
v 1.83750844 -3.25908017 25.54197311
v 1.83750844 -3.27242160 25.53427315
v 1.74349308 -3.24851966 25.51550484
v 1.95150077 -3.22406816 25.54566956
v 1.94071531 -3.24319696 25.53927612
v 1.83750844 -3.27242160 25.51970100
v 2.01313162 -3.16449022 25.54323196
v 2.01278925 -3.16516304 25.53204346
v 1.93990052 -3.24369597 25.52539635
v 2.02091241 -3.12526774 25.54848289
v 2.03372860 -3.05983114 25.54655266
v 2.03376079 -3.06023955 25.53909492
v 2.01583314 -3.00335646 25.55085754
v 1.99694741 -2.96011853 25.54980850
v 1.97007215 -2.93143868 25.55154800
v 1.99694741 -2.96011853 25.55531502
v 1.93863285 -2.90668106 25.55531502
v 2.02469349 -2.96672201 25.57500076
v 1.83750844 -2.85903573 25.57500076
v 1.88996780 -2.88583970 25.55531502
v 1.92701590 -2.90024734 25.09468460
v 1.99694741 -2.96011853 25.09468460
v 2.02556896 -3.18289995 25.57500076
v 1.83750844 -3.29210663 25.57500076
v 1.65032339 -3.18442035 25.57500076
v 1.97169471 -2.95914960 25.53611565
v 1.98687088 -3.02697277 25.51553535
v 1.97032428 -3.16909242 25.51048470
v 1.99557960 -3.06335902 25.51700592
v 1.88216221 -3.23390245 25.50381851
v 1.77502215 -3.22697425 25.49732971
v 1.69757271 -3.15461421 25.49090576
v 1.68350315 -3.04768753 25.48437500
v 1.74224687 -2.95569777 25.47776222
v 1.84735811 -2.92358685 25.47110748
v 1.94628990 -2.96592450 25.46459770
v 1.99547076 -3.06284928 25.45801926
v 1.97009492 -3.16944194 25.45138168
v 1.88138831 -3.23412704 25.44472694
v 1.77373707 -3.22640944 25.43818665
v 1.69588172 -3.15123343 25.43162918
v 1.68528056 -3.04055429 25.42488289
v 1.74962091 -2.95046401 25.41817093
v 1.85617530 -2.92437768 25.41152573
v 1.95472217 -2.97441339 25.40483093
v 1.99657488 -3.07685852 25.39812851
v 1.96041667 -3.18261480 25.39135551
v 1.86294162 -3.23826909 25.38455009
v 1.75528300 -3.21674609 25.37789726
v 1.68797874 -3.13190579 25.37133408
v 1.69181442 -3.02143168 25.36462975
v 1.76401424 -2.94190383 25.35812187
v 1.86817646 -2.92627382 25.35174942
v 1.95932651 -2.97966719 25.34535980
v 1.99661672 -3.07836223 25.33898354
v 1.96226764 -3.18030858 25.33247566
v 1.86860085 -3.23724103 25.32583618
v 1.75899923 -3.21894050 25.31909752
v 1.68825483 -3.13272047 25.31233025
v 1.69152629 -3.02213478 25.30562019
v 1.76581550 -2.94096971 25.29894638
v 1.87557840 -2.92791986 25.29224396
v 1.96659744 -2.98906016 25.28560066
v 1.99630344 -3.09211659 25.27910995
v 1.95343649 -3.19056964 25.27261543
v 1.85785472 -3.23901320 25.26613426
v 1.75248408 -3.21500301 25.25959015
v 1.68711948 -3.12927437 25.25306129
v 1.69198596 -3.02101731 25.24649239
v 1.76794696 -2.93990088 25.23974991
v 1.87733769 -2.92836547 25.23308182
v 1.96835113 -2.99156260 25.22636414
v 1.99545300 -3.10089183 25.21953201
v 1.94462097 -3.19920349 25.21282768
v 1.84255517 -3.24022841 25.20616722
v 1.73657095 -3.20341325 25.19936562
v 1.68165708 -3.10635328 25.19260597
v 1.70231998 -3.00041056 25.18607140
v 1.78860068 -2.93143368 25.17937279
v 1.90013134 -2.93612123 25.17259789
v 1.97933352 -3.01012301 25.16602898
v 1.99248886 -3.11736441 25.15948486
v 1.93266606 -3.20895410 25.15285301
v 1.82785177 -3.23994040 25.14624023
v -3.25489807 -1.84160733 25.11224556
v -3.21817851 -1.76285291 25.13071251
v -3.23275065 -1.85894299 25.13296700
v -3.27189422 -1.85289538 25.15482521
v -3.22470713 -1.89563692 25.13150024
v -3.18541169 -1.95730102 25.13960838
v -3.24079442 -1.94450808 25.15781021
v -3.24355745 -1.73585117 25.09533310
v -3.14971495 -1.69154894 25.12799072
v -3.19033813 -1.68031144 25.14707184
v -3.25561452 -1.75757968 25.15188789
v -3.08339524 -1.64373088 25.09774780
v -3.05142474 -1.67211580 25.12451935
v -3.09515786 -1.64459372 25.14227295
v -2.91621852 -1.72191143 25.09468460
v -2.95790744 -1.71299899 25.12026978
v -2.99494839 -1.66065526 25.13736153
v -2.90331411 -1.80143273 25.11548615
v -2.91621852 -1.72191143 25.13273239
v -2.88847232 -1.94621325 25.07500076
v -2.90853882 -1.90684354 25.11054993
v -2.87939477 -1.82216346 25.12568474
v -2.88759708 -1.73003542 25.07500076
v -2.97314072 -1.99207258 25.10594368
v -2.90044045 -1.92708063 25.11856461
v -3.07565737 -2.05389953 25.07500076
v -3.07565737 -2.02684212 25.10205650
v -2.97325349 -2.00548172 25.11195946
v -3.26371789 -1.94469273 25.07500076
v -3.07565737 -2.03421450 25.10631561
v -3.22009444 -1.96638083 25.09786797
v -2.02040648 -2.21763062 25.07500076
v -2.36630225 -2.18913698 25.07500076
v -2.51945353 -2.27724385 25.07500076
v -3.07565737 -1.64051366 25.09468460
v -3.07565737 -1.62082863 25.07500076
v -2.98615003 -1.66204011 25.09468460
v -2.61975169 -1.46171844 25.07500076
v -3.78779507 -1.22283530 25.07500076
v -3.26284242 -1.72851491 25.07500076
v -3.07565737 -1.64051366 25.55531502
v -2.97453308 -1.66847384 25.55531502
v -3.02319813 -1.64763248 25.55531502
v -3.24973559 -1.74658585 25.09592438
v -3.20821714 -1.92946434 25.13012123
v -3.27190948 -1.85270071 25.10289574
v -3.25561452 -1.75757968 25.09560394
v -3.11995745 -1.99533308 25.13680458
v -3.16966891 -2.01031470 25.11541748
v -3.24086523 -1.94439900 25.10931587
v -1.64924693 -1.53113317 25.49685478
v -1.64924693 -1.53123844 25.49058151
v -1.60450268 -1.47485709 25.47230721
v -1.62361217 -1.54793060 25.47758102
v -1.61658895 -1.57076001 25.51367760
v -1.61871350 -1.49989915 25.50874519
v -1.64924693 -1.53113949 25.26063347
v -1.64924693 -1.53126025 25.25436211
v -1.60049713 -1.47019315 25.23568916
v -1.62440228 -1.54199505 25.24098206
v -1.61187243 -1.57989073 25.27815247
v -1.62114096 -1.50711560 25.27304077
v -1.64924693 -1.53109157 25.37246513
v -1.62095690 -1.50618184 25.35665894
v -1.64924693 -1.53120780 25.37874794
v -1.61156261 -1.58056104 25.36187172
v -1.61448169 -1.57514095 25.39589500
v -1.61951065 -1.50206578 25.39079094
v -1.64924693 -1.53105891 25.41183281
v -1.60250020 -1.47244680 25.39336395
v -1.64924693 -1.53121567 25.41811943
v -1.62407053 -1.54485667 25.39864349
v -1.59860480 -1.59734488 25.43712234
v -1.62469399 -1.52733910 25.43191528
v -1.64924693 -1.53105831 25.21498299
v -1.61980641 -1.50260830 25.19890976
v -1.64924693 -1.53120685 25.22126961
v -1.61330259 -1.57754827 25.20414543
v -1.62196052 -1.55543721 25.23698616
v -1.61011052 -1.48276782 25.23185539
v -1.64924693 -1.53109586 25.33937263
v -1.64924693 -1.53111196 25.33309555
v -1.60214174 -1.47203255 25.31458282
v -1.62418556 -1.54394865 25.31983948
v -1.62264299 -1.55259860 25.35489845
v -1.60859382 -1.48046196 25.34977913
v -1.64924693 -1.53104651 25.29999924
v -1.64924693 -1.53123081 25.29373169
v -1.62066793 -1.50523663 25.27784729
v -1.61169386 -1.58034241 25.28311157
v -1.62482297 -1.53017318 25.31399727
v -1.64924693 -1.53107870 25.17561340
v -1.59806955 -1.46764815 25.15670967
v -1.64924693 -1.53120899 25.18189812
v -1.62471330 -1.53802001 25.16196823
v -1.59934366 -1.59657609 25.20083046
v -1.62480426 -1.52960169 25.19584846
v -1.64924693 -1.53099537 25.14251518
v -1.64924693 -1.53112769 25.13624573
v -1.61773908 -1.49716806 25.11977005
v -1.61603522 -1.57220781 25.12498856
v -1.61301148 -1.57789612 25.15988731
v -1.62013602 -1.50389111 25.15470123
v -1.41326225 -1.53859591 25.55076408
v -1.43971789 -1.60592067 25.55116463
v -1.41385543 -1.51716769 25.55531502
v -1.44487464 -1.60771632 25.55255508
v -1.42057788 -1.48958230 25.55531502
v -1.43368483 -1.43371964 25.57500076
v -1.39334631 -1.53059804 25.57500076
v -1.51005745 -1.64735067 25.54098129
v -1.52160764 -1.64886189 25.54691696
v -1.44291055 -1.60966158 25.54588127
v -1.58619046 -1.63563132 25.53641319
v -1.60942709 -1.61957109 25.54207611
v -1.53113675 -1.64364266 25.54971123
v -1.63890338 -1.57947266 25.53235626
v -1.64914978 -1.53592777 25.53651428
v -1.60734046 -1.60981476 25.54673576
v -1.64578903 -1.50276637 25.52872658
v -1.63722062 -1.53431606 25.54333687
v -1.62225449 -1.51096737 25.51448250
v -1.60877633 -1.58490670 25.51971245
v -1.54466116 -1.62448359 25.52494049
v -1.47222185 -1.60313463 25.53023529
v -1.42597961 -1.54532111 25.54331398
v -1.43368936 -1.46439826 25.55531502
v -1.64924693 -1.53114295 25.45748520
v -1.64924693 -1.53125250 25.45121193
v -1.62158251 -1.50836444 25.43555832
v -1.61033833 -1.58253634 25.44077682
v -1.62343037 -1.54869437 25.47274017
v -1.60544491 -1.47610438 25.46752357
v 0.49215204 -2.16549778 25.55531502
v 0.49215204 -2.16549778 25.09468460
v 0.47725701 -2.24899793 25.07500076
v 0.51183295 -2.16595936 25.07500076
v 0.47725701 -2.08199739 25.57500076
v 0.46332398 2.09590054 25.55531502
v 0.46332398 2.09590054 25.09468460
v 0.39372686 2.06707239 25.09468460
v 0.39372686 2.04738736 25.07500076
v 0.39372686 2.06707239 25.55531502
v 0.32412973 2.09590054 25.09468460
v 0.30968761 2.08251023 25.07500076
v 0.49215204 2.16549778 25.55531502
v 0.49215204 2.16549778 25.09468460
v 0.47725701 2.08199739 25.07500076
v 0.46332398 2.23509479 25.55531502
v 0.46332398 2.23509479 25.09468460
v 0.47776607 2.24848533 25.07500076
v 0.51183295 2.16503596 25.07500076
v 0.39372686 2.26392293 25.55531502
v 0.39372686 2.26392293 25.09468460
v 0.32412973 2.23509479 25.55531502
v 0.39372686 2.28360796 25.07500076
v 0.32412973 2.23509479 25.09468460
v 0.39372686 2.28360796 25.57500076
v 0.30968761 2.24848533 25.57500076
v 0.47725701 2.24899793 25.57500076
v 0.51183295 2.16595936 25.57500076
v 0.32412973 2.09590054 25.55531502
v -1.75892639 -1.97392023 25.49394989
v -1.75858080 -1.97372115 25.48567963
v -1.83736408 -1.99484444 25.48202515
v -1.80535495 -1.96018505 25.46616936
v -1.83736408 -1.99484444 25.48939514
v -1.91613173 -1.97373021 25.47854233
v -1.89667964 -1.94784737 25.46027565
v -1.70118797 -1.91645968 25.49826813
v -1.70095527 -1.91605771 25.48965073
v -1.73028851 -1.90683603 25.47205925
v -1.67988384 -1.83744907 25.50231361
v -1.67988372 -1.83730555 25.49396515
v -1.70145762 -1.75780594 25.50602150
v -1.70103705 -1.75852883 25.49857521
v -1.71205997 -1.81567907 25.47800446
v -1.75870717 -1.70093405 25.50333214
v -1.76052940 -1.73777270 25.48386955
v -1.83736408 -1.67988372 25.51295280
v -1.83736408 -1.67988372 25.50804710
v -1.75927424 -1.70060873 25.50949097
v -1.93329144 -1.71247220 25.51746559
v -1.84849477 -1.71362853 25.48969650
v -1.94556737 -1.72294331 25.51451874
v -1.77656293 -1.72407126 25.52641106
v -1.90510571 -1.72295880 25.53079224
v -1.83736408 -1.70672965 25.52846909
v -1.73182821 -1.76756239 25.52436638
v -1.71126914 -1.85651445 25.51850128
v -1.75670266 -1.93614936 25.51264381
v -1.91616380 -1.97371161 25.48462105
v -1.84544170 -1.96352816 25.50670433
v -1.75303960 -1.70436251 25.10924530
v -1.75935090 -1.70056498 25.11579514
v -1.83736408 -1.67988372 25.11925125
v -1.80524015 -1.71668386 25.13632011
v -1.83736408 -1.67988372 25.11434555
v -1.91609144 -1.70097470 25.12285233
v -1.89608562 -1.72869432 25.14219475
v -1.70143247 -1.75784898 25.11231613
v -1.73037457 -1.76997828 25.13048363
v -1.69502532 -1.76998663 25.10415077
v -1.67988384 -1.83745062 25.10861397
v -1.68102252 -1.85626841 25.09924126
v -1.70110953 -1.91632438 25.10457420
v -1.71196485 -1.86106861 25.12454605
v -1.71507037 -1.93658245 25.09468460
v -1.75867200 -1.97377384 25.10029411
v -1.75391102 -1.95248115 25.10998154
v -1.76963258 -1.97953475 25.09465408
v -1.83736408 -1.99484444 25.09519005
v -1.83736408 -2.01452947 25.07500076
v -1.99123180 -1.92517841 25.07500076
v -1.84636128 -1.99458718 25.09468460
v -1.68398595 -1.85691309 25.09754562
v -1.68421268 -1.92642248 25.07500076
v -1.69983923 -1.77374113 25.10063744
v -1.75711751 -1.71266925 25.10387993
v -1.83736408 -1.69235373 25.10715485
v -1.91613507 -1.70099998 25.11889458
v -1.75869167 -1.97378516 25.19873047
v -1.75937033 -1.97417426 25.19041252
v -1.83736408 -1.99484444 25.18674850
v -1.79257083 -1.95625591 25.17172813
v -1.83736408 -1.99484444 25.19411850
v -1.91563594 -1.97401536 25.18334389
v -1.88620305 -1.95305943 25.16572952
v -1.70152891 -1.91704381 25.19437027
v -1.67988372 -1.83739674 25.20707321
v -1.67988372 -1.83738494 25.19872284
v -1.72326267 -1.89447141 25.17767143
v -1.70101631 -1.91616344 25.20307732
v -1.70095944 -1.75866330 25.21075630
v -1.70119143 -1.75826263 25.20338249
v -1.71562433 -1.80141282 25.18364716
v -1.75858021 -1.70100737 25.21423340
v -1.75899816 -1.70076668 25.20811653
v -1.77247965 -1.72996891 25.18948555
v -1.83736408 -1.67988372 25.21767616
v -1.83736408 -1.67988372 25.21277046
v -1.91611171 -1.70098639 25.22127724
v -1.86177588 -1.71580434 25.19526291
v -1.91615367 -1.70101070 25.21732140
v -1.83056366 -1.71301472 25.23635864
v -1.91756248 -1.74354553 25.24225044
v -1.74596500 -1.75038874 25.23044968
v -1.70991325 -1.83718491 25.22443771
v -1.74375117 -1.92416167 25.21847153
v -1.82682645 -1.96363831 25.21259499
v -1.91550827 -1.97408831 25.18934631
v -1.75866389 -1.97376907 25.39559174
v -1.75868797 -1.97378302 25.38725662
v -1.83736408 -1.99484444 25.38360023
v -1.83336687 -1.96392953 25.36597443
v -1.83736408 -1.99484444 25.39097023
v -1.91604590 -1.97377968 25.38012123
v -1.91953933 -1.93157935 25.36009407
v -1.70105481 -1.91622996 25.39118958
v -1.74803233 -1.92852569 25.37187767
v -1.70104492 -1.91621292 25.39989853
v -1.67988372 -1.83742416 25.39553642
v -1.71005225 -1.84432685 25.37778091
v -1.67988372 -1.83741450 25.40392494
v -1.70095384 -1.75867295 25.40016937
v -1.75858808 -1.70100284 25.41107750
v -1.75858879 -1.70100236 25.40489006
v -1.73925185 -1.75780976 25.38361359
v -1.70095456 -1.75867164 25.40763283
v -1.83736408 -1.67988372 25.41452789
v -1.83736408 -1.67988372 25.40962219
v -1.82025909 -1.71387386 25.38950157
v -1.91584158 -1.70083082 25.41806221
v -1.91508543 -1.70039904 25.41414642
v -1.78424978 -1.72397768 25.43022156
v -1.87718463 -1.72021472 25.43617439
v -1.72001195 -1.78945827 25.42435455
v -1.71789014 -1.88207483 25.41842461
v -1.77813601 -1.94996333 25.41262245
v -1.91606879 -1.97376657 25.38620186
v -1.86826169 -1.95945597 25.40682983
v -1.75865161 -1.97376204 25.34632683
v -1.75906777 -1.97400129 25.33806610
v -1.83736408 -1.99484444 25.33438683
v -1.79690087 -1.95775068 25.31908035
v -1.83736408 -1.99484444 25.34175682
v -1.91585958 -1.97388697 25.33097076
v -1.88933194 -1.95162606 25.31315422
v -1.70110071 -1.91630924 25.35063934
v -1.70064211 -1.91551232 25.34210396
v -1.72670794 -1.90093458 25.32485199
v -1.67988372 -1.83743346 25.35467720
v -1.67988586 -1.83655238 25.34640503
v -1.70144069 -1.75783503 25.35838127
v -1.70118213 -1.75827861 25.35102081
v -1.71338058 -1.80953610 25.33075905
v -1.75875628 -1.70090580 25.35574150
v -1.76700616 -1.73330510 25.33672333
v -1.83736408 -1.67988372 25.36531448
v -1.83736408 -1.67988372 25.36040878
v -1.75936568 -1.70055664 25.36185837
v -1.91609681 -1.70097780 25.36891556
v -1.85545552 -1.71458566 25.34249878
v -1.91614068 -1.70100319 25.36495781
v -1.81919289 -1.71401286 25.38328362
v -1.90901327 -1.73682559 25.38920975
v -1.73824239 -1.75903881 25.37736130
v -1.71019411 -1.84672189 25.37147903
v -1.74960494 -1.93002117 25.36559105
v -1.83435702 -1.96394253 25.35976219
v -1.91561782 -1.97402573 25.33697701
v -1.75894010 -1.97392809 25.24788666
v -1.75857949 -1.97372043 25.23961639
v -1.83736408 -1.99484444 25.23596191
v -1.82816529 -1.96372688 25.21866226
v -1.83736408 -1.99484444 25.24333191
v -1.91613114 -1.97373044 25.23247910
v -1.91488421 -1.93555558 25.21283913
v -1.70119238 -1.91646731 25.25220490
v -1.70095444 -1.91605628 25.24358940
v -1.74334788 -1.92372680 25.22466087
v -1.67988384 -1.83744490 25.25625229
v -1.67988372 -1.83730567 25.24790192
v -1.70146286 -1.75779700 25.25996017
v -1.70103586 -1.75853097 25.25251198
v -1.70994437 -1.83543587 25.23069954
v -1.75870728 -1.70093393 25.25726891
v -1.74631739 -1.75003195 25.23663139
v -1.83736408 -1.67988372 25.26688957
v -1.83736408 -1.67988372 25.26198387
v -1.83088672 -1.71300197 25.24253082
v -1.75927973 -1.70060563 25.26342773
v -1.91596913 -1.70090425 25.27042770
v -1.91567993 -1.70073807 25.26654816
v -1.79501963 -1.71974063 25.28330612
v -1.88863099 -1.72490704 25.28930855
v -1.72474980 -1.77949226 25.27740479
v -1.71467471 -1.87226105 25.27143097
v -1.77227283 -1.94677472 25.26540184
v -1.91616297 -1.97371209 25.23855782
v -1.86330366 -1.96071351 25.25951195
v -1.75868905 -1.97378361 25.44479370
v -1.75937974 -1.97417963 25.43647575
v -1.83736408 -1.99484444 25.43281174
v -1.77609468 -1.94889784 25.41891861
v -1.83736408 -1.99484444 25.44018173
v -1.91563022 -1.97401857 25.42940712
v -1.86676705 -1.95985734 25.41307831
v -1.70153594 -1.91705573 25.44043350
v -1.70101273 -1.91615725 25.44914055
v -1.67988372 -1.83739305 25.44478607
v -1.71721518 -1.88022029 25.42469978
v -1.70096147 -1.75865972 25.45681953
v -1.70119548 -1.75825548 25.44944572
v -1.72045457 -1.78842688 25.43057442
v -1.67988372 -1.83739102 25.45313644
v -1.75858259 -1.70100605 25.46029663
v -1.75901258 -1.70075846 25.45418167
v -1.83736408 -1.67988372 25.46373940
v -1.83736408 -1.67988372 25.45883369
v -1.78814971 -1.72231412 25.43663788
v -1.91610885 -1.70098472 25.46734047
v -1.88186467 -1.72197914 25.44263840
v -1.91615069 -1.70100892 25.46338463
v -1.84068501 -1.71303177 25.48305511
v -1.75614083 -1.74116158 25.47737122
v -1.71140194 -1.81947803 25.47161293
v -1.73188508 -1.90925205 25.46572685
v -1.80948389 -1.96114886 25.45975304
v -1.91557753 -1.97404873 25.43540573
v -1.75865555 -1.97376430 25.14952850
v -1.75867903 -1.97377789 25.14119339
v -1.83736408 -1.99484444 25.13753700
v -1.83833134 -1.96769679 25.12182999
v -1.83736408 -1.99484444 25.14490700
v -1.91605520 -1.97377431 25.13405800
v -1.70104992 -1.91622150 25.14512634
v -1.76274288 -1.94076371 25.12465096
v -1.70104039 -1.91620505 25.15383720
v -1.67988372 -1.83741796 25.14947319
v -1.71236610 -1.86274862 25.13054085
v -1.67988372 -1.83740890 25.15786362
v -1.70095634 -1.75866866 25.15410614
v -1.75858736 -1.70100319 25.16501427
v -1.75858796 -1.70100284 25.15882683
v -1.72908342 -1.77193379 25.13646889
v -1.70095694 -1.75866759 25.16156960
v -1.83736408 -1.67988372 25.16846466
v -1.83736408 -1.67988372 25.16355896
v -1.80273914 -1.71736431 25.14232063
v -1.91569769 -1.70074821 25.17199135
v -1.89219117 -1.72663677 25.14806938
v -1.91507471 -1.70039284 25.16808319
v -1.86388028 -1.71628487 25.18924522
v -1.77366590 -1.72929454 25.18341827
v -1.71537912 -1.80220795 25.17744446
v -1.72323906 -1.89442396 25.17152214
v -1.79322743 -1.95649374 25.16553307
v -1.91607749 -1.97376144 25.14013863
v -1.88764787 -1.95240974 25.15947914
v -1.75857592 -1.97371829 25.29717064
v -1.75858784 -1.97372520 25.28883553
v -1.83736408 -1.99484444 25.28517342
v -1.86214519 -1.96097696 25.26573753
v -1.83736408 -1.99484444 25.29254532
v -1.91575956 -1.97394443 25.28175926
v -1.70096886 -1.91608131 25.29277229
v -1.76933074 -1.94502103 25.27176666
v -1.70096481 -1.91607428 25.30148125
v -1.67988372 -1.83733630 25.29711533
v -1.71397161 -1.86968064 25.27775002
v -1.67988372 -1.83733022 25.30550385
v -1.70102179 -1.75855529 25.30175209
v -1.72565615 -1.77780938 25.28367424
v -1.70102561 -1.75854862 25.30921364
v -1.75862467 -1.70098174 25.30646706
v -1.83736408 -1.67988372 25.31610107
v -1.83736408 -1.67988372 25.31119728
v -1.79846764 -1.71861351 25.28968239
v -1.75863194 -1.70097744 25.31265450
v -1.91546905 -1.70061743 25.31962013
v -1.88974178 -1.72543228 25.29553604
v -1.91496396 -1.70033014 25.31571198
v -1.85123241 -1.71395707 25.33608055
v -1.76267970 -1.73622251 25.33024597
v -1.71235240 -1.81418240 25.32431030
v -1.72827590 -1.90360808 25.31850624
v -1.80199289 -1.95929205 25.31259727
v -1.91524899 -1.97423625 25.28779221
v -1.89361024 -1.94949865 25.30670357
v -1.64459574 -2.77063155 25.13960838
v -1.68389142 -2.70896745 25.13150024
v -1.69193494 -2.67227364 25.13296700
v -1.69997871 -2.75783849 25.15781021
v -1.67736256 -2.57618332 25.13071251
v -1.73107839 -2.66622591 25.15482521
v -1.66740131 -2.74279475 25.13012123
v -1.57914162 -2.80866361 25.13680458
v -1.62885296 -2.82364535 25.11541748
v -1.54449821 -2.81506371 25.14624023
v -1.47106218 -2.80214262 25.14330101
v -1.53484166 -2.84754491 25.12088776
v -1.43968391 -2.78407764 25.15285301
v -1.39121175 -2.72488976 25.15006828
v -1.43163478 -2.81832051 25.12588882
v -1.37986124 -2.69248796 25.15948486
v -1.38098931 -2.61684632 25.15663910
v -1.35921836 -2.73961353 25.12984467
v -1.39301646 -2.58524656 25.16602898
v -1.44232392 -2.52786565 25.16318321
v -1.37540269 -2.53524208 25.13642311
v -1.33862150 -2.63495445 25.13316536
v -1.47221863 -2.51124477 25.17259789
v -1.54716873 -2.49898767 25.16976929
v -1.45418441 -2.47382021 25.14108467
v -1.58374941 -2.50655699 25.17937279
v -1.64465344 -2.54327035 25.17624474
v -1.55410206 -2.45791435 25.14595795
v -1.67003000 -2.57553387 25.18607140
v -1.69161129 -2.63893104 25.18268776
v -1.64915073 -2.49334049 25.15077782
v -1.69069302 -2.68147659 25.19260597
v -1.66718042 -2.74293065 25.18915367
v -1.73109365 -2.66603136 25.16189384
v -1.63577914 -2.77853656 25.19936562
v -1.57968557 -2.80857944 25.19578171
v -1.62885296 -2.82364535 25.17447281
v -1.70004940 -2.75772953 25.16837120
v -1.52979493 -2.81535196 25.20616722
v -1.46913147 -2.80125141 25.20250320
v -1.53484166 -2.84754491 25.17994308
v -1.42772913 -2.77432704 25.21282768
v -1.39085948 -2.72416139 25.20916557
v -1.43163478 -2.81832051 25.18494415
v -1.37689710 -2.67601538 25.21953201
v -1.38109863 -2.61643767 25.21571922
v -1.33862150 -2.63495445 25.19222069
v -1.35921836 -2.73961353 25.18889999
v -1.40399897 -2.56668615 25.22636414
v -1.44604886 -2.52531862 25.22250748
v -1.37540269 -2.53524208 25.19547844
v -1.49501240 -2.50348878 25.23308182
v -1.55496752 -2.49985456 25.22929001
v -1.45418441 -2.47382021 25.20014000
v -1.60440314 -2.51502419 25.23974991
v -1.65207303 -2.55100179 25.23593521
v -1.64915073 -2.49334049 25.20983315
v -1.55410206 -2.45791435 25.20501328
v -1.68036401 -2.59614086 25.24649239
v -1.69265914 -2.65441585 25.24266624
v -1.68523049 -2.70439768 25.25306129
v -1.65452433 -2.76003432 25.24947166
v -1.73109365 -2.66603136 25.22094917
v -1.61986601 -2.79012632 25.25959015
v -1.55777264 -2.81358218 25.25617218
v -1.62885296 -2.82364535 25.23352814
v -1.70004940 -2.75772953 25.22742653
v -1.51449525 -2.81413651 25.26613426
v -1.44988644 -2.79099488 25.26285172
v -1.53484166 -2.84754491 25.23899841
v -1.41891348 -2.76569295 25.27261543
v -1.38240290 -2.70199800 25.26962662
v -1.43163478 -2.81832051 25.24399948
v -1.37604666 -2.66724014 25.27910995
v -1.38955808 -2.59254003 25.27627945
v -1.33862150 -2.63495445 25.25127602
v -1.35921836 -2.73961353 25.24795532
v -1.40575266 -2.56418347 25.28560066
v -1.46573448 -2.51416898 25.28290558
v -1.37540269 -2.53524208 25.25453186
v -1.49677169 -2.50304317 25.29224396
v -1.57514751 -2.50396299 25.28956795
v -1.45418441 -2.47382021 25.25919533
v -1.60653448 -2.51609325 25.29894638
v -1.66334867 -2.56520891 25.29606819
v -1.64915073 -2.49334049 25.26888847
v -1.55410206 -2.45791435 25.26406860
v -1.68082380 -2.59725833 25.30562019
v -1.69235396 -2.66684318 25.30245972
v -1.68409526 -2.70784378 25.31233025
v -1.65078676 -2.76426506 25.30886269
v -1.70004940 -2.75772953 25.28648186
v -1.73109365 -2.66603136 25.28000450
v -1.61335087 -2.79406381 25.31909752
v -1.55559349 -2.81390476 25.31535721
v -1.62885296 -2.82364535 25.29258156
v -1.50374925 -2.81236434 25.32583618
v -1.44934916 -2.79065847 25.32194519
v -1.53484166 -2.84754491 25.29805374
v -1.41008246 -2.75543189 25.33247566
v -1.38279378 -2.70328069 25.32860374
v -1.43163478 -2.81832051 25.30305481
v -1.35921836 -2.73961353 25.30701065
v -1.68437135 -2.70702910 25.37133408
v -1.64112294 -2.77389383 25.36872864
v -1.70004940 -2.75772953 25.34553719
v -1.61706698 -2.79186964 25.37789726
v -1.54064596 -2.81527758 25.37530518
v -1.62885296 -2.82364535 25.35163689
v -1.50940835 -2.81339240 25.38455009
v -1.43682599 -2.78192258 25.38190651
v -1.53484166 -2.84754491 25.35710716
v -1.41193342 -2.75773811 25.39135551
v -1.37960625 -2.69138455 25.38838959
v -1.35921836 -2.73961353 25.36606598
v -1.43163478 -2.81832051 25.36211014
v -1.37577522 -2.65198183 25.39812851
v -1.39308262 -2.58511567 25.39487648
v -1.33862150 -2.63495445 25.36938667
v -1.41762781 -2.54953694 25.40483093
v -1.47282934 -2.51098657 25.40147591
v -1.51617479 -2.49950123 25.41152573
v -1.58112895 -2.50571156 25.40804672
v -1.55410206 -2.45791435 25.38217735
v -1.45418441 -2.47382021 25.37730598
v -1.62272918 -2.52558756 25.41817093
v -1.66768789 -2.57171273 25.41464424
v -1.64915073 -2.49334049 25.38699913
v -1.68706954 -2.61567760 25.42488289
v -1.69143295 -2.67636323 25.42113876
v -1.67646837 -2.72635698 25.43162918
v -1.64196551 -2.77312088 25.42771530
v -1.70004940 -2.75772953 25.40459061
v -1.59861302 -2.80153298 25.43818665
v -1.53942263 -2.81532502 25.43443298
v -1.62885296 -2.82364535 25.41069221
v -1.49096179 -2.80925035 25.44472694
v -1.43600464 -2.78128386 25.44102287
v -1.53484166 -2.84754491 25.41616249
v -1.40225518 -2.74456549 25.45138168
v -1.37939918 -2.69046116 25.44750023
v -1.35921836 -2.73961353 25.42512131
v -1.43163478 -2.81832051 25.42116547
v -1.37687933 -2.63797259 25.45801926
v -1.39428103 -2.58279395 25.45408630
v -1.33862150 -2.63495445 25.42844200
v -1.42606020 -2.54104805 25.46459770
v -1.47821355 -2.50883555 25.46087456
v -1.37540269 -2.53524208 25.43169785
v -1.52499187 -2.49871039 25.47110748
v -1.58862972 -2.50826406 25.46757126
v -1.55410206 -2.45791435 25.44123268
v -1.45418441 -2.47382021 25.43636131
v -1.63010323 -2.53082132 25.47776222
v -1.67178082 -2.57855535 25.47417068
v -1.64915073 -2.49334049 25.44605446
v -1.68884695 -2.62281108 25.48437500
v -1.68960845 -2.68745875 25.48086166
v -1.67477739 -2.72973776 25.49090576
v -1.63191414 -2.78164077 25.48755264
v -1.70004940 -2.75772953 25.46364594
v -1.73109365 -2.66603136 25.45716858
v -1.59732795 -2.80209756 25.49732971
v -1.52614927 -2.81519938 25.49427795
v -1.62885296 -2.82364535 25.46974754
v -1.49018788 -2.80902600 25.50381851
v -1.42464483 -2.77146268 25.50097275
v -1.43163478 -2.81832051 25.48022079
v -1.53484166 -2.84754491 25.47521782
v -1.40202570 -2.74421573 25.51048470
v -1.37665832 -2.67397714 25.50754929
v -1.35921836 -2.73961353 25.48417664
v -1.38547921 -2.60209608 25.51553535
v -1.40243185 -2.56882882 25.51413918
v -1.33862150 -2.63495445 25.48749733
v -1.37677050 -2.63848233 25.51700592
v -1.40065527 -2.53427291 25.53611565
v -1.37540269 -2.53524208 25.49075317
v -1.48668039 -2.49955487 25.51709175
v -1.33858919 -2.63536286 25.53909492
v -1.37540269 -2.53524208 25.54611778
v -1.43244946 -2.81881928 25.52539635
v -1.35956073 -2.74028635 25.53204346
v -1.53484166 -2.84754491 25.51970100
v -1.62885690 -2.82364321 25.51550484
v -1.73107839 -2.66622591 25.50915527
v -1.69997871 -2.75783849 25.51214027
v -1.64952230 -2.49364209 25.50140190
v -1.45413256 -2.47398591 25.49169159
v -1.55434203 -2.45792413 25.49660492
v -1.37540269 -2.53524208 25.48706245
v -1.33858919 -2.63536286 25.48003960
v -1.43244946 -2.81881928 25.46634102
v -1.35956073 -2.74028635 25.47298813
v -1.53484166 -2.84754491 25.46064568
v -1.62885690 -2.82364321 25.45645142
v -1.73107839 -2.66622591 25.45009995
v -1.69997871 -2.75783849 25.45308495
v -1.55434203 -2.45792413 25.43754959
v -1.64952230 -2.49364209 25.44234657
v -1.45413256 -2.47398591 25.43263626
v -1.37540269 -2.53524208 25.42800713
v -1.35956073 -2.74028635 25.41393280
v -1.33858919 -2.63536286 25.42098427
v -1.43244946 -2.81881928 25.40728569
v -1.53484166 -2.84754491 25.40159035
v -1.69997871 -2.75783849 25.39402962
v -1.62885690 -2.82364321 25.39739609
v -1.35956073 -2.74028635 25.35487938
v -1.43244946 -2.81881928 25.34823036
v -1.53484166 -2.84754491 25.34253502
v -1.69997871 -2.75783849 25.33497429
v -1.62885690 -2.82364321 25.33834076
v -1.73107839 -2.66622591 25.33199120
v -1.55434203 -2.45792413 25.31943893
v -1.64952230 -2.49364209 25.32423782
v -1.45413256 -2.47398591 25.31452751
v -1.35956073 -2.74028635 25.29582405
v -1.43244946 -2.81881928 25.28917503
v -1.53484166 -2.84754491 25.28347969
v -1.69997871 -2.75783849 25.27591896
v -1.62885690 -2.82364321 25.27928543
v -1.73107839 -2.66622591 25.27293587
v -1.55434203 -2.45792413 25.26038361
v -1.64952230 -2.49364209 25.26518250
v -1.45413256 -2.47398591 25.25547218
v -1.33858919 -2.63536286 25.24382019
v -1.37540269 -2.53524208 25.25084114
v -1.35956073 -2.74028635 25.23676872
v -1.43244946 -2.81881928 25.23012161
v -1.53484166 -2.84754491 25.22442436
v -1.69997871 -2.75783849 25.21686363
v -1.62885690 -2.82364321 25.22023010
v -1.73107839 -2.66622591 25.21388054
v -1.64952230 -2.49364209 25.20612717
v -1.55434203 -2.45792413 25.20132828
v -1.45413256 -2.47398591 25.19641685
v -1.33858919 -2.63536286 25.18476486
v -1.37540269 -2.53524208 25.19178581
v -1.35956073 -2.74028635 25.17771339
v -1.43244946 -2.81881928 25.17106628
v -1.62885690 -2.82364321 25.16117477
v -1.53484166 -2.84754491 25.16537094
v -1.68349636 -1.74954975 25.07500076
v -1.91969573 -1.72215354 25.11056137
v -1.83736408 -1.66019869 25.07500076
v -1.97377598 -1.75867581 25.12309265
v -1.96853161 -1.79302967 25.11370850
v -1.99051547 -1.74830568 25.07500076
v -1.99484444 -1.83739448 25.12700653
v -1.96682906 -1.87772107 25.11655617
v -1.97369313 -1.91619575 25.13064003
v -1.91660631 -1.94414186 25.11919594
v -1.85533297 -1.99381590 25.09468460
v -1.72956860 -1.90587866 25.12443924
v -1.97345972 -1.75813007 25.17235947
v -1.95245016 -1.79345596 25.15381813
v -1.99484384 -1.83694208 25.17622566
v -1.95182812 -1.88499045 25.15967369
v -1.95396352 -1.79759359 25.14794159
v -1.95084131 -1.88738668 25.15368271
v -1.97370982 -1.91616678 25.17989922
v -1.93790781 -1.76608241 25.20109367
v -1.99484444 -1.83738589 25.22543144
v -1.95980418 -1.85493219 25.20693970
v -1.93807375 -1.76632035 25.19495964
v -1.97374439 -1.75862098 25.22151566
v -1.97373152 -1.91612935 25.22906113
v -1.91514885 -1.93534005 25.20666695
v -1.95985448 -1.85456133 25.20076561
v -1.91691244 -1.74299037 25.24834824
v -1.97403216 -1.75912166 25.27084160
v -1.95976865 -1.82167351 25.25406647
v -1.97352087 -1.91649294 25.27833939
v -1.93905425 -1.90911257 25.25980377
v -1.96010685 -1.82430995 25.24808121
v -1.99484301 -1.83802295 25.27470589
v -1.93773329 -1.91102970 25.25379753
v -1.97359240 -1.75835848 25.32000732
v -1.95195007 -1.79217827 25.30137062
v -1.95141554 -1.79085445 25.29512978
v -1.99484420 -1.83757913 25.32389832
v -1.95243979 -1.88343382 25.30720711
v -1.95330667 -1.88111937 25.30090141
v -1.97353697 -1.91646516 25.32754707
v -1.93366599 -1.76036954 25.34828568
v -1.93150330 -1.75770211 25.34191895
v -1.99484444 -1.83741093 25.37306976
v -1.96047437 -1.84897065 25.35420227
v -1.96072876 -1.84550643 25.34783363
v -1.97378099 -1.75868440 25.36915588
v -1.97368407 -1.91621149 25.37670326
v -1.92116654 -1.93008983 25.35380554
v -1.90887976 -1.73672998 25.39534950
v -1.97346556 -1.75814021 25.41842270
v -1.95866668 -1.81506205 25.40128517
v -1.97370672 -1.91617227 25.42596245
v -1.94108057 -1.90601587 25.40721130
v -1.94158876 -1.90520728 25.40099907
v -1.99484384 -1.83694708 25.42228889
v -1.95854855 -1.81446183 25.39509583
v -1.97374153 -1.75861621 25.46757698
v -1.94947112 -1.78635967 25.44861412
v -1.94621634 -1.77972186 25.44200134
v -1.99484444 -1.83738363 25.47149467
v -1.95450819 -1.87766337 25.45446205
v -1.95682395 -1.86986923 25.44780350
v -1.90143657 -1.94506872 25.45378113
v -1.97373366 -1.91612577 25.47512436
v -1.93097544 -1.75707364 25.49565887
v -1.92313516 -1.74865079 25.48878670
v -1.99460101 -1.82861245 25.52031517
v -1.96070623 -1.84587848 25.50164604
v -1.96084952 -1.83383071 25.49474144
v -1.95759654 -1.93907046 25.52551651
v -1.92064464 -1.93057346 25.50763893
v -1.92883623 -1.92225134 25.50075722
v -1.85482168 -1.99387372 25.53051376
v -1.83380842 -1.96393633 25.51358414
v -1.74247479 -1.96304655 25.53582764
v -1.74881911 -1.92928076 25.51944733
v -1.68205214 -1.86340749 25.54181290
v -1.71011567 -1.84567177 25.52535439
v -1.70667768 -1.74949431 25.54844666
v -1.72400796 -1.75106311 25.54030418
v -1.71449625 -1.80480039 25.52494431
v -1.80287588 -1.68370664 25.55531502
v -1.74448121 -1.71019173 25.55531502
v -1.83736408 -1.66019869 25.57500076
v -1.70148480 -1.75775969 25.55531502
v -1.72545993 -1.94816792 25.54542542
v -1.68111527 -1.85702026 25.55057907
v -1.81617939 -1.99341297 25.53975487
v -1.91567278 -1.97399414 25.53379631
v -1.98272681 -1.89794219 25.52790833
v -1.98952770 -1.79678953 25.52241898
v -1.97376180 -1.91607690 25.47993469
v -1.99484444 -1.83732104 25.47539711
v -1.97371054 -1.75856245 25.47116852
v -1.97399902 -1.91566443 25.43060875
v -1.99484301 -1.83670783 25.42611885
v -1.97354615 -1.75827873 25.42189407
v -1.97370553 -1.91617429 25.38151550
v -1.99484444 -1.83735359 25.37697411
v -1.97374952 -1.75863004 25.37274742
v -1.97394454 -1.91575933 25.33219337
v -1.99484348 -1.83682930 25.32769966
v -1.97342777 -1.75807536 25.32346153
v -1.97382879 -1.91596079 25.28298950
v -1.99484360 -1.83684933 25.27848816
v -1.97356689 -1.75831437 25.27425957
v -1.97375965 -1.91608071 25.23387146
v -1.99484444 -1.83732319 25.22933578
v -1.97371316 -1.75856709 25.22510529
v -1.97364652 -1.91627622 25.18458557
v -1.99484360 -1.83786976 25.18012810
v -1.97391725 -1.75892115 25.17586708
v -1.97371423 -1.91615927 25.13545227
v -1.99484444 -1.83733785 25.13091087
v -1.97374499 -1.75862205 25.12668419
v -3.22192788 2.33699775 25.07500076
v -2.21315074 2.27724385 25.07500076
v -2.56177783 1.73070586 25.07500076
v -2.48820925 1.67595208 25.07500076
v -2.65139842 1.75016093 25.07500076
v -2.51945353 2.45536065 25.07500076
v -2.36630225 2.54346752 25.07500076
v -2.21243453 2.45411658 25.07500076
v -2.34371710 3.21722460 25.07500076
v -1.40927958 2.64838028 25.07500076
v -1.83736408 2.85912204 25.07500076
v -2.02542448 2.96832871 25.07500076
v 1.94515955 -1.90587866 25.12443924
v 1.81939518 -1.99381590 25.09468460
v 1.99123180 -1.92517841 25.57500076
v 1.68421268 -1.92642248 25.57500076
v 1.68349636 -1.74954975 25.57500076
v 1.96023190 -1.80480039 25.52494431
v 1.19240820 1.19410169 25.57500076
v 2.20926213 0.30467719 25.57500076
v -1.53113675 -1.66893196 25.57500076
v -1.43309093 -1.62795556 25.57500076
v -1.62858856 -1.62855387 25.57500076
v -1.68421268 -1.74830568 25.57500076
v -0.00000000 -1.68750000 25.57500076
v -1.66892719 -1.53167546 25.57500076
v -3.07565737 -1.62082863 25.57500076
v -2.88847232 -1.72851491 25.57500076
v -1.62918246 -1.43431795 25.57500076
v -1.53113675 -1.39334142 25.57500076
v 1.50086689 2.59757519 25.07500076
v 1.60842049 2.44939113 25.07500076
v 1.67478442 2.48899531 25.07500076
v 1.63489819 2.49740934 25.10594368
v 0.88284284 2.86715555 24.07500076
v 1.69949996 2.58263826 25.11054993
v 1.74254966 2.60018778 25.07500076
v 2.36630225 2.54346752 25.07500076
v 1.88260639 2.45256186 25.07500076
v 1.75568402 2.43260646 25.07500076
v 1.68750000 2.48039174 24.07500076
v 1.96963632 2.48352623 25.07500076
v 1.53238130 2.43558240 25.07500076
v 1.36516738 2.51465344 25.07500076
v 1.53238130 2.46263957 25.10205650
v 1.31993937 2.69402289 25.07500076
v 1.38794422 2.52310085 25.09786797
v 0.67746103 2.92246652 25.07500076
v 4.20497894 -4.38791800 1.57500005
v 4.20665026 4.34161520 1.57500005
v 4.26106834 4.26037884 1.57500005
v 4.22810841 -4.52048635 1.57500005
v -1.70434892 1.76254761 25.55044746
v -1.68222094 1.83872473 25.55298424
v -1.72545993 1.72656024 25.54542542
v -1.68111527 1.81770790 25.55057907
v -1.70667768 1.92523384 25.54844666
v -1.68205214 1.81132066 25.54181290
v -1.72400796 1.92366505 25.54030418
v -1.71449625 1.86992776 25.52494431
v -1.71011567 1.82905638 25.52535439
v -1.74881911 1.74544740 25.51944733
v 2.56694174 -1.35725534 25.55240440
v 2.53852725 -1.37378263 25.50510979
v 2.47287941 -1.45135236 25.50990868
v 2.50376511 -1.45462632 25.52602386
v 2.47287941 -1.45135236 25.55531502
v 2.48376799 -1.56860113 25.53163338
v 2.45658445 -1.54647338 25.51622391
v 2.47287941 -1.45135236 25.50621796
v 2.63357592 -1.33835649 25.50028801
v 2.59015083 -1.38113165 25.52103996
v 2.69849372 -1.34244597 25.55260086
v 2.73349357 -1.35426235 25.49541664
v 2.70099759 -1.37999690 25.51709175
v 2.81227541 -1.41568410 25.54611778
v 2.81227541 -1.41568410 25.49075317
v 2.76159215 -1.36919558 25.54934120
v 2.78524613 -1.44927096 25.51413918
v 2.84905648 -1.51539671 25.48749733
v 2.84908891 -1.51580489 25.48003960
v 2.81227541 -1.41568410 25.48706245
v 2.78702283 -1.41471505 25.53611565
v 2.84908891 -1.51580465 25.53909492
v 2.81227541 -1.41568410 25.54980850
v 2.81090760 -1.51892459 25.51700592
v 2.46565127 -1.63998592 25.57500076
v 2.46477604 -1.42380810 25.57500076
v 2.54549479 -1.36612821 25.55531502
v -1.68222094 -1.83600342 25.55298424
v -1.70434892 -1.91218054 25.55044746
v -1.76114857 -1.96640956 25.54770660
v -1.83736408 -1.98424768 25.54471779
v -1.95842028 -1.90955853 25.53878403
v -1.90854621 -1.96241879 25.54172897
v -1.97545266 -1.84028542 25.53595352
v -1.95594633 -1.77191269 25.53328133
v 2.36630225 2.51131248 25.10715485
v 2.44654870 2.49099708 25.10387993
v 2.28397059 2.48151278 25.11056137
v 2.23513484 2.41063666 25.11370850
v 2.23683715 2.32594514 25.11655617
v -1.37540269 -2.53524208 25.54980850
v -1.37540269 -2.53524208 25.55531502
v -1.40227795 -2.50656199 25.55154800
v -1.35651684 -2.57847977 25.55085754
v -1.33862150 -2.63495445 25.54655266
v -1.43371713 -2.48180437 25.55531502
v -1.37540269 -2.53524208 25.09468460
v -1.37540269 -2.53524208 25.13273239
v -1.48238230 -2.46096301 25.55531502
v 1.64944792 -2.96824265 25.57500076
v 1.73016667 -2.91056275 25.55531502
v -2.34371710 -3.21722460 25.57500076
v 1.83750844 -2.87872076 25.55531502
v -1.53484166 -2.86723018 25.57500076
v 2.22682190 -2.80722857 25.57500076
v 2.26716065 -2.90410686 25.57500076
v 1.83750844 -2.87872076 25.09468460
v -2.50264478 -2.44511032 25.42596245
v -2.50293708 -2.44460249 25.43060875
v -2.43037462 -2.47400689 25.45378113
v -2.52378201 -2.36588526 25.42228889
v -2.52378106 -2.36564612 25.42611885
v -2.48576212 -2.39880729 25.44780350
v -2.50240374 -2.28707838 25.41842270
v -2.50248432 -2.28721690 25.42189407
v -2.47515464 -2.30866003 25.44200134
v -2.43781805 -2.26566815 25.39534950
v -2.48760486 -2.34400010 25.40128517
v -2.47001886 -2.43495393 25.40721130
v -2.50264859 -2.28750062 25.47116852
v -2.50267982 -2.28755426 25.46757698
v -2.52378249 -2.36625910 25.47539711
v -2.52378249 -2.36632180 25.47149467
v -2.47840929 -2.31529784 25.44861412
v -2.50269985 -2.44501495 25.47993469
v -2.50267172 -2.44506383 25.47512436
v -2.48344636 -2.40660143 25.45446205
v -2.45777440 -2.45118952 25.50075722
v -2.48978758 -2.36276889 25.49474144
v -2.45207334 -2.27758884 25.48878670
v -2.50258470 -2.44521451 25.18458557
v -2.44408703 -2.46427822 25.20666695
v -2.50264812 -2.44510508 25.17989922
v -2.52378178 -2.36680794 25.18012810
v -2.48879266 -2.38349938 25.20076561
v -2.52378201 -2.36588025 25.17622566
v -2.50285530 -2.28785920 25.17586708
v -2.50239778 -2.28706837 25.17235947
v -2.46701193 -2.29525852 25.19495964
v -2.48138833 -2.32239413 25.15381813
v -2.48076630 -2.41392851 25.15967369
v -2.50245905 -2.44543099 25.27833939
v -2.50276685 -2.44489884 25.28298950
v -2.52378106 -2.36696100 25.27470589
v -2.52378178 -2.36578751 25.27848816
v -2.48224473 -2.41005754 25.30090141
v -2.50297022 -2.28805971 25.27084160
v -2.50250506 -2.28725243 25.27425957
v -2.48035359 -2.31979251 25.29512978
v -2.44585061 -2.27192855 25.24834824
v -2.48870683 -2.35061169 25.25406647
v -2.46799231 -2.43805075 25.25980377
v -2.50265121 -2.28750515 25.22510529
v -2.50268245 -2.28755903 25.22151566
v -2.46684599 -2.29502058 25.20109367
v -2.52378249 -2.36626148 25.22933578
v -2.52378249 -2.36632395 25.22543144
v -2.50269771 -2.44501877 25.23387146
v -2.50266981 -2.44506741 25.22906113
v -2.48874235 -2.38387036 25.20693970
v -2.46667147 -2.43996787 25.25379753
v -2.48904514 -2.35324812 25.24808121
v -2.51846576 -2.32572770 25.52241898
v -2.52353907 -2.35755062 25.52031517
v -2.45991373 -2.28601170 25.49565887
v -2.51166511 -2.42688036 25.52790833
v -2.48653483 -2.46800852 25.52551651
v -2.48964429 -2.37481666 25.50164604
v -2.44461107 -2.50293231 25.53379631
v -2.38375974 -2.52281189 25.53051376
v -2.44958282 -2.45951176 25.50763893
v -2.34511757 -2.52235103 25.53975487
v -2.27141285 -2.49198461 25.53582764
v -2.36274648 -2.49287438 25.51358414
v -2.25439811 -2.47710609 25.54542542
v -2.21099043 -2.39234567 25.54181290
v -2.27775717 -2.45821881 25.51944733
v -2.23042297 -2.28669786 25.55531502
v -2.23561573 -2.27843237 25.54844666
v -2.23905373 -2.37460995 25.52535439
v -2.21005344 -2.38595843 25.55057907
v -2.27341938 -2.23912978 25.55531502
v -2.33181405 -2.21264482 25.55531502
v -2.25294614 -2.28000116 25.54030418
v -2.36630225 -2.18913698 25.57500076
v -2.21115923 -2.36494160 25.55298424
v -2.21315074 -2.27724385 25.57500076
v -2.23328710 -2.44111872 25.55044746
v -2.29008675 -2.49534774 25.54770660
v -2.36630225 -2.51318574 25.54471779
v -2.48735833 -2.43849659 25.53878403
v -2.43748426 -2.49135709 25.54172897
v -2.50439072 -2.36922359 25.53595352
v -2.48488450 -2.30085087 25.53328133
v -2.50247502 -2.44540334 25.32754707
v -2.50288272 -2.44469738 25.33219337
v -2.45010471 -2.45902801 25.35380554
v -2.52378249 -2.36651731 25.32389832
v -2.52378154 -2.36576748 25.32769966
v -2.48966694 -2.37444448 25.34783363
v -2.50253057 -2.28729653 25.32000732
v -2.50236607 -2.28701353 25.32346153
v -2.46044159 -2.28664017 25.34191895
v -2.48088837 -2.32111645 25.30137062
v -2.48137784 -2.41237187 25.30720711
v -2.50268316 -2.28756022 25.12668419
v -2.50271416 -2.28761387 25.12309265
v -2.44863391 -2.25109172 25.11056137
v -2.52378249 -2.36627603 25.13091087
v -2.52378249 -2.36633253 25.12700653
v -2.49746966 -2.32196784 25.11370850
v -2.50265241 -2.44509745 25.13545227
v -2.50263143 -2.44513392 25.13064003
v -2.49576712 -2.40665913 25.11655617
v -2.44554448 -2.47307992 25.11919594
v -2.47977948 -2.41632485 25.15368271
v -2.48290157 -2.32653189 25.14794159
v -2.50268769 -2.28756809 25.37274742
v -2.50271916 -2.28762245 25.36915588
v -2.46260405 -2.28930759 25.34828568
v -2.52378249 -2.36629176 25.37697411
v -2.52378249 -2.36634898 25.37306976
v -2.50264382 -2.44511247 25.38151550
v -2.50262213 -2.44514966 25.37670326
v -2.48941255 -2.37790895 25.35420227
v -2.47052693 -2.43414545 25.40099907
v -2.48748684 -2.34340000 25.39509583
v 2.45658445 -1.54647338 25.10289574
v 2.47359586 -1.53538001 25.11224556
v 2.52027678 -1.62323701 25.13012123
v 2.50378656 -1.58940959 25.13150024
v 2.48762870 -1.63817167 25.10931587
v 2.55882502 -1.70408738 25.11541748
v 2.60853648 -1.68910575 25.13680458
v 2.54308224 -1.65107369 25.13960838
v 2.47875834 -1.44035852 25.09592438
v 2.48493648 -1.42962372 25.09533310
v 2.51031542 -1.45662546 25.13071251
v 2.47287941 -1.45135236 25.09560394
v 2.49574304 -1.55271566 25.13296700
v 2.53815579 -1.37408412 25.14707184
v 2.57877874 -1.38532162 25.12799072
v 2.64509869 -1.33750355 25.09774780
v 2.63333607 -1.33836639 25.14227295
v 2.46291995 -1.47935092 25.09468460
v 2.45572758 -1.44161487 25.07500076
v 2.45728850 -1.50852954 25.09468460
v 2.50588632 -1.66211665 25.09970284
v 2.65283632 -1.72798717 25.12088776
v 2.71661592 -1.68258488 25.14330101
v 2.75604320 -1.69876254 25.12588882
v 2.65283632 -1.72798717 25.10631561
v 2.79646635 -1.60533190 25.15006828
v 2.82845974 -1.62005556 25.12984467
v 2.82805347 -1.62085330 25.11856461
v 2.75524044 -1.69925427 25.11195946
v 2.52049756 -1.62337267 25.18915367
v 2.48762870 -1.63817167 25.16837120
v 2.45659971 -1.54666805 25.15482521
v 2.55882502 -1.70408738 25.17447281
v 2.48769927 -1.63828075 25.15781021
v 2.60799241 -1.68902147 25.19578171
v 2.65283632 -1.72798717 25.17994308
v 2.55882096 -1.70408523 25.16117477
v 2.71854663 -1.68169355 25.20250320
v 2.75604320 -1.69876254 25.18494415
v 2.65283632 -1.72798717 25.16537094
v 2.79681849 -1.60460353 25.20916557
v 2.82845974 -1.62005556 25.18889999
v 2.82811737 -1.62072849 25.17771339
v 2.75522852 -1.69926143 25.17106628
v 2.84905648 -1.51539671 25.19222069
v 2.80657935 -1.49687982 25.21571922
v 2.74162912 -1.40576077 25.22250748
v 2.73349357 -1.35426235 25.20014000
v 2.81227541 -1.41568410 25.25084114
v 2.63271046 -1.38029659 25.22929001
v 2.63357592 -1.33835649 25.20501328
v 2.73354554 -1.35442793 25.25547218
v 2.53852725 -1.37378263 25.20983315
v 2.63333607 -1.33836639 25.26038361
v 2.53560495 -1.43144393 25.23593521
v 2.53815579 -1.37408412 25.26518250
v 2.49501896 -1.53485799 25.24266624
v 2.47287941 -1.45135236 25.26999855
v 2.53315377 -1.64047635 25.24947166
v 2.48762870 -1.63817167 25.22742653
v 2.55882502 -1.70408738 25.23352814
v 2.48769927 -1.63828075 25.21686363
v 2.62990546 -1.69402432 25.25617218
v 2.65283632 -1.72798717 25.23899841
v 2.55882096 -1.70408523 25.22023010
v 2.73779154 -1.67143691 25.26285172
v 2.75604320 -1.69876254 25.24399948
v 2.65283632 -1.72798717 25.22442436
v 2.80527520 -1.58244002 25.26962662
v 2.82845974 -1.62005556 25.24795532
v 2.82811737 -1.62072825 25.23676872
v 2.75522876 -1.69926143 25.23012161
v 2.84905648 -1.51539671 25.25127602
v 2.84908891 -1.51580465 25.24382019
v 2.79812002 -1.47298205 25.27627945
v 2.81227541 -1.41568410 25.25453186
v 2.72194362 -1.39461124 25.28290558
v 2.73349357 -1.35426235 25.25919533
v 2.81227541 -1.41568410 25.30989647
v 2.61253047 -1.38440502 25.28956795
v 2.63357592 -1.33835649 25.26406860
v 2.73354554 -1.35442793 25.31452751
v 2.53852725 -1.37378263 25.26888847
v 2.63333607 -1.33836639 25.31943893
v 2.52432942 -1.44565094 25.29606819
v 2.47287941 -1.45135236 25.27368927
v 2.53815579 -1.37408412 25.32423782
v 2.49532413 -1.54728532 25.30245972
v 2.45658445 -1.54647338 25.28000450
v 2.47287941 -1.45135236 25.32905388
v 2.48762870 -1.63817167 25.28648186
v 2.45659971 -1.54666805 25.27293587
v 2.53689122 -1.64470708 25.30886269
v 2.55882502 -1.70408738 25.29258156
v 2.48769927 -1.63828075 25.27591896
v 2.63208461 -1.69434679 25.31535721
v 2.65283632 -1.72798717 25.29805374
v 2.55882096 -1.70408523 25.27928543
v 2.73832893 -1.67110062 25.32194519
v 2.75604320 -1.69876254 25.30305481
v 2.65283632 -1.72798717 25.28347969
v 2.80488420 -1.58372283 25.32860374
v 2.82845974 -1.62005556 25.30701065
v 2.82811737 -1.62072849 25.29582405
v 2.75522852 -1.69926143 25.28917503
v 2.84905648 -1.51539671 25.31033134
v 2.84908891 -1.51580489 25.30287552
v 2.79825282 -1.47328198 25.33531380
v 2.81227541 -1.41568410 25.31358719
v 2.72055125 -1.39395440 25.34205055
v 2.73349357 -1.35426235 25.31825066
v 2.81227541 -1.41568410 25.36895180
v 2.60969329 -1.38520336 25.34879684
v 2.63357592 -1.33835649 25.32312393
v 2.73354554 -1.35442793 25.37358284
v 2.53852725 -1.37378263 25.32794380
v 2.63333607 -1.33836639 25.37849426
v 2.52047515 -1.45139277 25.35553551
v 2.47287941 -1.45135236 25.33274460
v 2.53815579 -1.37408412 25.38329124
v 2.49636793 -1.55774331 25.36213875
v 2.45658445 -1.54647338 25.33905792
v 2.47287941 -1.45135236 25.38810921
v 2.48762870 -1.63817167 25.34553719
v 2.45659971 -1.54666805 25.33199120
v 2.54655504 -1.65433586 25.36872864
v 2.55882502 -1.70408738 25.35163689
v 2.48769927 -1.63828075 25.33497429
v 2.64703202 -1.69571960 25.37530518
v 2.65283632 -1.72798717 25.35710716
v 2.55882096 -1.70408523 25.33834076
v 2.75085211 -1.66236460 25.38190651
v 2.75604320 -1.69876254 25.36211014
v 2.65283632 -1.72798717 25.34253502
v 2.82845974 -1.62005556 25.36606598
v 2.82811737 -1.62072849 25.35487938
v 2.75522852 -1.69926143 25.34823036
v 2.80807185 -1.57182670 25.38838959
v 2.84905648 -1.51539671 25.36938667
v 2.84908891 -1.51580489 25.36193085
v 2.79459548 -1.46555781 25.39487648
v 2.81227541 -1.41568410 25.37264252
v 2.71484876 -1.39142871 25.40147591
v 2.73349357 -1.35426235 25.37730598
v 2.81227541 -1.41568410 25.42800713
v 2.63357592 -1.33835649 25.38217735
v 2.73354554 -1.35442793 25.43263626
v 2.60654902 -1.38615370 25.40804672
v 2.53852725 -1.37378263 25.38699913
v 2.63333607 -1.33836639 25.43754959
v 2.51999021 -1.45215487 25.41464424
v 2.47287941 -1.45135236 25.39179993
v 2.53815579 -1.37408412 25.44234657
v 2.49624515 -1.55680537 25.42113876
v 2.45658445 -1.54647338 25.39811325
v 2.47287941 -1.45135236 25.44716263
v 2.48762870 -1.63817167 25.40459061
v 2.45659971 -1.54666805 25.39104652
v 2.54571247 -1.65356314 25.42771530
v 2.55882502 -1.70408738 25.41069221
v 2.48769927 -1.63828075 25.39402962
v 2.64825535 -1.69576705 25.43443298
v 2.65283632 -1.72798717 25.41616249
v 2.55882096 -1.70408523 25.39739609
v 2.75167346 -1.66172600 25.44102287
v 2.75604320 -1.69876254 25.42116547
v 2.65283632 -1.72798717 25.40159035
v 2.82845974 -1.62005556 25.42512131
v 2.82811737 -1.62072849 25.41393280
v 2.75522852 -1.69926143 25.40728569
v 2.80827880 -1.57090318 25.44750023
v 2.84905648 -1.51539671 25.42844200
v 2.84908891 -1.51580489 25.42098427
v 2.79339695 -1.46323597 25.45408630
v 2.81227541 -1.41568410 25.43169785
v 2.70946455 -1.38927758 25.46087456
v 2.73349357 -1.35426235 25.43636131
v 2.63357592 -1.33835649 25.44123268
v 2.73354554 -1.35442793 25.49169159
v 2.59904838 -1.38870609 25.46757126
v 2.53852725 -1.37378263 25.44605446
v 2.63333607 -1.33836639 25.49660492
v 2.51589727 -1.45899749 25.47417068
v 2.47287941 -1.45135236 25.45085526
v 2.53815579 -1.37408412 25.50140190
v 2.49806952 -1.56790078 25.48086166
v 2.45658445 -1.54647338 25.45716858
v 2.48762870 -1.63817167 25.46364594
v 2.45659971 -1.54666805 25.45009995
v 2.55576396 -1.66208291 25.48755264
v 2.55882502 -1.70408738 25.46974754
v 2.48769927 -1.63828075 25.45308495
v 2.66152883 -1.69564140 25.49427795
v 2.65283632 -1.72798717 25.47521782
v 2.55882096 -1.70408523 25.45645142
v 2.75604320 -1.69876254 25.48022079
v 2.65283632 -1.72798717 25.46064568
v 2.76303315 -1.65190470 25.50097275
v 2.82845974 -1.62005556 25.48417664
v 2.82811737 -1.62072849 25.47298813
v 2.75522852 -1.69926143 25.46634102
v 2.81101966 -1.55441928 25.50754929
v 2.48762870 -1.63817167 25.52270126
v 2.45659971 -1.54666805 25.50915527
v 2.54167247 -1.67106223 25.53717232
v 2.55882502 -1.70408738 25.52880287
v 2.48769927 -1.63828075 25.51214027
v 2.65283632 -1.71464574 25.54197311
v 2.65283632 -1.72798717 25.53427315
v 2.55882096 -1.70408523 25.51550484
v 2.76682878 -1.67963374 25.54566956
v 2.75604320 -1.69876254 25.53927612
v 2.65283632 -1.72798717 25.51970100
v 2.82845974 -1.62005556 25.54323196
v 2.82811737 -1.62072825 25.53204346
v 2.75522876 -1.69926143 25.52539635
v 2.83624029 -1.58083320 25.54848289
v 2.84905648 -1.51539671 25.54655266
v 2.83116126 -1.45892191 25.55085754
v 2.78540015 -1.38700414 25.55154800
v 2.81227541 -1.41568410 25.55531502
v 2.75396085 -1.36224651 25.55531502
v 2.84002137 -1.42228758 25.57500076
v 2.81227541 -1.41568410 25.09468460
v 2.74234390 -1.35581279 25.09468460
v 2.70529580 -1.34140503 25.55531502
v 2.65283632 -1.31460130 25.57500076
v 2.84089684 -1.63846540 25.57500076
v 2.80219889 -1.48253822 25.51553535
v 2.78565240 -1.62465787 25.51048470
v 2.69749022 -1.68946803 25.50381851
v 2.59035015 -1.68253970 25.49732971
v 2.51290059 -1.61017978 25.49090576
v 2.49883103 -1.50325310 25.48437500
v 2.55757475 -1.41126335 25.47776222
v 2.66268611 -1.37915242 25.47110748
v 2.76161790 -1.42149007 25.46459770
v 2.81079865 -1.51841474 25.45801926
v 2.78542280 -1.62500751 25.45138168
v 2.69671631 -1.68969250 25.44472694
v 2.58906507 -1.68197501 25.43818665
v 2.51120973 -1.60679901 25.43162918
v 2.50060844 -1.49611974 25.42488289
v 2.56494880 -1.40602958 25.41817093
v 2.67150331 -1.37994325 25.41152573
v 2.77005029 -1.42997897 25.40483093
v 2.81190276 -1.53242397 25.39812851
v 2.77574468 -1.63818026 25.39135551
v 2.67826962 -1.69383454 25.38455009
v 2.57061100 -1.67231166 25.37789726
v 2.50330663 -1.58747125 25.37133408
v 2.50714231 -1.47699726 25.36462975
v 2.57934237 -1.39746940 25.35812187
v 2.68350458 -1.38183928 25.35174942
v 2.77465463 -1.43523276 25.34535980
v 2.81194472 -1.53392768 25.33898354
v 2.77759552 -1.63587415 25.33247566
v 2.68392873 -1.69280648 25.32583618
v 2.57432723 -1.67450595 25.31909752
v 2.50358272 -1.58828592 25.31233025
v 2.50685430 -1.47770035 25.30562019
v 2.58114362 -1.39653528 25.29894638
v 2.69090629 -1.38348532 25.29224396
v 2.78192544 -1.44462562 25.28560066
v 2.81163144 -1.54768217 25.27910995
v 2.76876450 -1.64613509 25.27261543
v 2.67318273 -1.69457865 25.26613426
v 2.56781197 -1.67056847 25.25959015
v 2.50244761 -1.58483982 25.25306129
v 2.50731397 -1.47658288 25.24649239
v 2.58327484 -1.39546633 25.23974991
v 2.69266558 -1.38393104 25.23308182
v 2.78367901 -1.44712818 25.22636414
v 2.81078100 -1.55645740 25.21953201
v 2.75994897 -1.65476906 25.21282768
v 2.65788317 -1.69579399 25.20616722
v 2.55189896 -1.65897870 25.19936562
v 2.49698496 -1.56191874 25.19260597
v 2.80781674 -1.57292998 25.15948486
v 2.74799418 -1.66451967 25.15285301
v 2.64317966 -1.69550586 25.14624023
v -2.51556492 0.30467719 25.57500076
v -2.51628113 0.48154995 25.57500076
v -2.36241341 0.57090092 25.57500076
v -2.22603154 0.47247574 25.55531502
v -2.20926213 0.48279396 25.57500076
v -1.64736712 1.51014781 25.09881401
v -1.62860382 1.47187662 25.09872627
v -1.63647687 1.58455467 25.09468460
v -1.66892719 1.53167546 25.07500076
v -1.64593220 1.50335121 25.10398293
v -1.63429737 1.58865118 25.09930038
v -1.60801625 1.62080038 25.09468460
v -1.62858856 1.62855387 25.07500076
v -1.54246473 1.41357100 25.10688400
v -1.53113675 1.42113841 25.10279655
v -1.62918246 1.43431795 25.07500076
v -1.61113751 1.44424653 25.10283470
v -1.46924651 1.43054032 25.11097527
v -1.45629990 1.45477855 25.10587883
v -1.53113675 1.39334142 25.07500076
v -1.42109370 1.48823500 25.11506844
v -1.42732692 1.52915359 25.10896683
v -1.43368483 1.43371964 25.07500076
v -1.41748655 1.56328762 25.11911583
v -1.39334631 1.53059804 25.07500076
v -1.43309093 1.62795556 25.07500076
v -1.53113675 1.66893196 25.07500076
v -1.62795174 1.57322311 25.10722733
v -1.56785131 1.64339566 25.09468460
v -1.62342381 1.52431810 25.12025642
v -1.55656934 1.44228923 25.12543678
v -1.61379337 1.48952806 25.12025642
v -1.48411858 1.45151603 25.13050079
v -1.43914473 1.52107489 25.14126968
v -1.44080901 1.51134634 25.13565636
v -1.41302645 1.53112376 25.15669250
v -1.46144700 1.59202182 25.14643097
v -1.45464206 1.58311260 25.14074516
v -1.45148921 1.48402786 25.17792130
v -1.41302645 1.53112376 25.19606209
v -1.44259417 1.55802763 25.18312836
v -1.43866408 1.53454101 25.17660904
v -1.43916738 1.52087009 25.22000122
v -1.45050585 1.48590600 25.21254539
v -1.41302645 1.53112376 25.23543167
v -1.44232225 1.55680299 25.21751213
v -1.45114315 1.48461831 25.25671196
v -1.41302645 1.53112376 25.27480316
v -1.44337308 1.56047225 25.26204300
v -1.44175673 1.50748742 25.25349617
v -1.45274091 1.58017039 25.25861931
v -1.43892050 1.52339816 25.29891396
v -1.41302645 1.53112376 25.31417274
v -1.43860090 1.53183103 25.29453468
v -1.45088077 1.48507273 25.33549118
v -1.45309424 1.48153746 25.33031273
v -1.41302645 1.53112376 25.35354233
v -1.44313002 1.55973387 25.34072685
v -1.44157660 1.55410492 25.33543205
v -1.43914640 1.52105963 25.37749290
v -1.44392753 1.50049353 25.37111092
v -1.41302645 1.53112376 25.39291191
v -1.46217036 1.59283948 25.38274384
v -1.44908428 1.57371557 25.37622643
v -1.45114303 1.48461854 25.41420364
v -1.41302645 1.53112376 25.43228340
v -1.44311857 1.55969882 25.41946220
v -1.43920612 1.52076781 25.41189384
v -1.45964944 1.58986759 25.41690636
v -1.43908179 1.52166879 25.45626450
v -1.45734048 1.47536051 25.44791412
v -1.41302645 1.53112376 25.47165298
v -1.46232080 1.59300709 25.46149826
v -1.43992460 1.54646838 25.45301437
v -1.45089483 1.48504829 25.49298668
v -1.41302645 1.53112376 25.51102257
v -1.44306362 1.55952847 25.49819374
v -1.44607472 1.49496818 25.48881912
v -1.44706762 1.56956065 25.49402428
v -1.45229781 1.48268247 25.52974319
v -1.43975067 1.51657677 25.52974319
v -1.41302645 1.53114974 25.51594543
v -1.41302645 1.53114974 25.47657585
v -1.41302645 1.53114974 25.43720627
v -1.41302645 1.53114974 25.39783478
v -1.41302645 1.53114974 25.35846519
v -1.41302645 1.53114974 25.31909561
v -1.41302645 1.53114974 25.27972603
v -1.41302645 1.53114974 25.24035454
v -1.41302645 1.53114974 25.20098495
v -1.41302645 1.53114974 25.16161537
v -1.41339910 1.54051077 25.12272835
v -1.43827569 1.45815134 25.11804390
v -1.51244378 1.41451514 25.11335754
v -1.59656715 1.43280625 25.10866928
v -1.43414116 3.32891846 25.09468460
v -1.43414116 3.32891846 25.55531502
v -1.35062468 3.29432487 25.55531502
v -1.35062468 3.27463984 25.57500076
v -1.35062468 3.29432487 25.09468460
v -1.26710808 3.32891846 25.55531502
v -1.25257885 3.31561613 25.57500076
v -1.46873486 3.41243505 25.09468460
v -1.46873486 3.41243505 25.55531502
v -1.44807649 3.31501794 25.57500076
v -1.43414116 3.49595165 25.09468460
v -1.43414116 3.49595165 25.55531502
v -1.44867039 3.50925398 25.57500076
v -1.48841512 3.41189623 25.57500076
v -1.35062468 3.53054523 25.09468460
v -1.35062468 3.53054523 25.55531502
v -1.26710808 3.49595165 25.09468460
v -1.35062468 3.55023026 25.57500076
v -1.26710808 3.49595165 25.55531502
v -1.35062468 3.55023026 25.07500076
v -1.25257885 3.50925398 25.07500076
v -1.44807649 3.50985217 25.07500076
v -1.44867039 3.31561613 25.07500076
v -1.48841512 3.41297388 25.07500076
v -1.35062468 3.27463984 25.07500076
v -1.26710808 3.32891846 25.09468460
v -1.54257929 -2.45706129 25.09774780
v -1.45413256 -2.47398591 25.13736153
v -1.41709149 -2.52632952 25.12026978
v -1.33857894 -2.63549399 25.12568474
v -1.36249816 -2.61476326 25.11548615
v -1.55434203 -2.45792413 25.14227295
v -1.51060891 -2.48544645 25.12451935
v -1.70274162 -2.54918170 25.09533310
v -1.60889924 -2.50487947 25.12799072
v -1.32243872 -2.69279695 25.07500076
v -2.57074118 1.71049988 25.20014000
v -2.49195957 1.64907813 25.25084114
v -2.49195957 1.64907813 25.19547844
v -2.51840520 1.67875600 25.55531502
v -2.56260562 1.65900147 25.22250748
v -2.49195957 1.64907813 25.19178581
v -2.45514607 1.54895723 25.18476486
v -2.49765539 1.56788242 25.21571922
v -2.45517826 1.54936552 25.19222069
v -2.57068944 1.71033430 25.25547218
v -2.52055573 1.61763406 25.22636414
v -2.49195957 1.64907813 25.25453186
v -2.45514607 1.54895759 25.24382019
v -2.67065883 1.72640574 25.20501328
v -2.67089891 1.72639585 25.26038361
v -2.61156917 1.68083119 25.23308182
v -2.76570749 1.69097960 25.20983315
v -2.76607919 1.69067812 25.26518250
v -2.72095990 1.66929591 25.23974991
v -2.83135557 1.61340988 25.21463394
v -2.83135557 1.61340988 25.26999855
v -2.75874019 1.69863403 25.09468460
v -2.83135557 1.61340988 25.27368927
v -2.84765053 1.51828885 25.28000450
v -2.84763527 1.51809418 25.27293587
v -2.79692078 1.58817935 25.24649239
v -2.76862979 1.63331831 25.23593521
v -2.83135557 1.61340988 25.21094322
v -2.84765053 1.51828885 25.22094917
v -2.80921602 1.52990425 25.24266624
v -2.67152429 1.68446565 25.22929001
v 1.53113675 -1.66893196 25.57500076
v -3.07565737 -2.05389953 25.57500076
v -1.83736408 -2.01452947 25.57500076
v -2.94284153 -1.93088520 25.51048470
v -2.90037656 -1.92695582 25.53204346
v -2.90003419 -1.92628300 25.54323196
v -2.87943745 -1.82162404 25.54655266
v -2.97326541 -2.00548887 25.52539635
v -2.97245073 -2.00498986 25.53927612
v -3.03100371 -1.99569535 25.50381851
v -3.07565737 -2.03421450 25.51970100
v -3.13814378 -1.98876703 25.49732971
v -3.16967273 -2.01031256 25.51550484
v -3.07565737 -2.03421450 25.53427315
v -3.21559310 -1.91640711 25.49090576
v -3.24079442 -1.94450808 25.51214027
v -3.16966891 -2.01031470 25.52880287
v -3.27189422 -1.85289538 25.50915527
v -3.24086523 -1.94439900 25.52270126
v -3.22966266 -1.80948043 25.48437500
v -3.17091918 -1.71749067 25.47776222
v -3.19033813 -1.68031144 25.50140190
v -3.25561452 -1.75757968 25.45085526
v -3.06580782 -1.68537974 25.47110748
v -3.09515786 -1.64459372 25.49660492
v -3.18996644 -1.68000996 25.44605446
v -2.99494839 -1.66065526 25.49169159
v -3.09491777 -1.64458382 25.44123268
v -2.96687603 -1.72771740 25.46459770
v -2.99500036 -1.66048968 25.43636131
v -2.91769528 -1.82464218 25.45801926
v -2.91621852 -1.72191143 25.43169785
v -2.94307089 -1.93123484 25.45138168
v -2.90037656 -1.92695582 25.47298813
v -2.90003419 -1.92628300 25.48417664
v -2.97326541 -2.00548887 25.46634102
v -2.97245073 -2.00498986 25.48022079
v -3.03177762 -1.99591982 25.44472694
v -3.07565737 -2.03421450 25.46064568
v -3.13942885 -1.98820233 25.43818665
v -3.16967273 -2.01031256 25.45645142
v -3.07565737 -2.03421450 25.47521782
v -3.21728420 -1.91302633 25.43162918
v -3.24079442 -1.94450808 25.45308495
v -3.16966891 -2.01031470 25.46974754
v -3.27189422 -1.85289538 25.45009995
v -3.24086523 -1.94439900 25.46364594
v -3.22788548 -1.80234706 25.42488289
v -3.25561452 -1.75757968 25.44716263
v -3.27190948 -1.85270071 25.45716858
v -3.16354489 -1.71225691 25.41817093
v -3.19033813 -1.68031144 25.44234657
v -3.25561452 -1.75757968 25.39179993
v -3.09515786 -1.64459372 25.43754959
v -3.18996644 -1.68000996 25.38699913
v -3.05699062 -1.68617058 25.41152573
v -2.99494839 -1.66065526 25.43263626
v -3.09491777 -1.64458382 25.38217735
v -2.95844364 -1.73620629 25.40483093
v -2.91621852 -1.72191143 25.42800713
v -2.99500036 -1.66048968 25.37730598
v -2.91659117 -1.83865130 25.39812851
v -2.87940502 -1.82203233 25.42098427
v -2.91621852 -1.72191143 25.37264252
v -2.90037656 -1.92695582 25.41393280
v -2.90003419 -1.92628300 25.42512131
v -2.87943745 -1.82162404 25.42844200
v -2.95274925 -1.94440758 25.39135551
v -2.97326541 -2.00548887 25.40728569
v -2.97245073 -2.00498986 25.42116547
v -3.05022430 -2.00006199 25.38455009
v -3.07565737 -2.03421450 25.40159035
v -3.15788293 -1.97853911 25.37789726
v -3.16967273 -2.01031256 25.39739609
v -3.07565737 -2.03421450 25.41616249
v -3.24079442 -1.94450808 25.39402962
v -3.16966891 -2.01031470 25.41069221
v -3.22518730 -1.89369857 25.37133408
v -3.27189422 -1.85289538 25.39104652
v -3.24086523 -1.94439900 25.40459061
v -3.22135162 -1.78322458 25.36462975
v -3.25561452 -1.75757968 25.38810921
v -3.27190948 -1.85270071 25.39811325
v -3.14915156 -1.70369673 25.35812187
v -3.19033813 -1.68031144 25.38329124
v -3.25561452 -1.75757968 25.33274460
v -3.09515786 -1.64459372 25.37849426
v -3.18996644 -1.68000996 25.32794380
v -3.04498935 -1.68806660 25.35174942
v -2.99494839 -1.66065526 25.37358284
v -3.09491777 -1.64458382 25.32312393
v -2.95383930 -1.74146020 25.34535980
v -2.91621852 -1.72191143 25.36895180
v -2.99500036 -1.66048968 25.31825066
v -2.91654921 -1.84015501 25.33898354
v -2.87940502 -1.82203233 25.36193085
v -2.91621852 -1.72191143 25.31358719
v -2.90037656 -1.92695582 25.35487938
v -2.90003419 -1.92628300 25.36606598
v -2.87943745 -1.82162404 25.36938667
v -2.95089841 -1.94210148 25.33247566
v -2.97326541 -2.00548887 25.34823036
v -2.97245073 -2.00498986 25.36211014
v -3.04456520 -1.99903381 25.32583618
v -3.07565737 -2.03421450 25.34253502
v -3.15416670 -1.98073328 25.31909752
v -3.16967273 -2.01031256 25.33834076
v -3.07565737 -2.03421450 25.35710716
v -3.24079442 -1.94450808 25.33497429
v -3.16966891 -2.01031470 25.35163689
v -3.22491121 -1.89451325 25.31233025
v -3.27189422 -1.85289538 25.33199120
v -3.24086523 -1.94439900 25.34553719
v -3.22163963 -1.78392768 25.30562019
v -3.25561452 -1.75757968 25.32905388
v -3.27190948 -1.85270071 25.33905792
v -3.14735031 -1.70276260 25.29894638
v -3.19033813 -1.68031144 25.32423782
v -3.09515786 -1.64459372 25.31943893
v -3.18996644 -1.68000996 25.26888847
v -3.03758764 -1.68971264 25.29224396
v -2.99494839 -1.66065526 25.31452751
v -3.09491777 -1.64458382 25.26406860
v -2.94656849 -1.75085306 25.28560066
v -2.91621852 -1.72191143 25.30989647
v -2.99500036 -1.66048968 25.25919533
v -2.87940502 -1.82203233 25.30287552
v -2.91686249 -1.85390949 25.27910995
v -2.90037656 -1.92695582 25.29582405
v -2.90003419 -1.92628300 25.30701065
v -2.87943745 -1.82162404 25.31033134
v -2.95972943 -1.95236242 25.27261543
v -2.97326541 -2.00548887 25.28917503
v -2.97245073 -2.00498986 25.30305481
v -3.05531120 -2.00080585 25.26613426
v -3.07565737 -2.03421450 25.28347969
v -3.16068196 -1.97679579 25.25959015
v -3.16967273 -2.01031256 25.27928543
v -3.07565737 -2.03421450 25.29805374
v -3.24079442 -1.94450808 25.27591896
v -3.16966891 -2.01031470 25.29258156
v -3.22604632 -1.89106715 25.25306129
v -3.24086523 -1.94439900 25.28648186
v -2.91771293 -1.86268473 25.21953201
v -2.90037656 -1.92695582 25.23676872
v -2.90003419 -1.92628300 25.24795532
v -2.87943745 -1.82162404 25.25127602
v -2.96854496 -1.96099639 25.21282768
v -2.97326541 -2.00548887 25.23012161
v -2.97245073 -2.00498986 25.24399948
v -3.07061076 -2.00202131 25.20616722
v -3.07565737 -2.03421450 25.22442436
v -3.17659497 -1.96520603 25.19936562
v -3.16967273 -2.01031256 25.22023010
v -3.07565737 -2.03421450 25.23899841
v -3.24079442 -1.94450808 25.21686363
v -3.16966891 -2.01031470 25.23352814
v -3.23150897 -1.86814618 25.19260597
v -3.27189422 -1.85289538 25.21388054
v -3.24086523 -1.94439900 25.22742653
v -3.21084595 -1.76220334 25.18607140
v -3.19033813 -1.68031144 25.20612717
v -3.25561452 -1.75757968 25.15557861
v -3.12456536 -1.69322658 25.17937279
v -3.09515786 -1.64459372 25.20132828
v -3.18996644 -1.68000996 25.15077782
v -3.01303458 -1.69791412 25.17259789
v -2.99494839 -1.66065526 25.19641685
v -3.09491777 -1.64458382 25.14595795
v -2.93383241 -1.77191603 25.16602898
v -2.99500036 -1.66048968 25.14108467
v -2.91621852 -1.72191143 25.13642311
v -2.92067695 -1.87915730 25.15948486
v -2.90037656 -1.92695582 25.17771339
v -2.90003419 -1.92628300 25.18889999
v -2.98049974 -1.97074699 25.15285301
v -2.97326541 -2.00548887 25.17106628
v -2.97245073 -2.00498986 25.18494415
v -3.08531404 -2.00173330 25.14624023
v -3.07565737 -2.03421450 25.16537094
v -3.16967273 -2.01031256 25.16117477
v -3.07565737 -2.03421450 25.17994308
v -3.16966891 -2.01031470 25.17447281
v -3.24086523 -1.94439900 25.16837120
v -3.27190948 -1.85270071 25.16189384
v -2.90003419 -1.92628300 25.12984467
v -2.87943745 -1.82162404 25.13316536
v -2.97245073 -2.00498986 25.12588882
v -3.22260761 -1.96834409 25.09970284
v -3.07565737 -2.03421450 25.12088776
v -3.27120543 -1.81475687 25.09468460
v -3.26557398 -1.78557825 25.09468460
v -3.01187801 -1.98881221 25.14330101
v -2.93202758 -1.91155922 25.15006828
v -2.92180514 -1.80351567 25.15663910
v -2.98313975 -1.71453512 25.16318321
v -3.08798456 -1.68565714 25.16976929
v -3.18546939 -1.72993994 25.17624474
v -3.23242712 -1.82560050 25.18268776
v -3.20799613 -1.92960000 25.18915367
v -3.12050152 -1.99524879 25.19578171
v -3.00994730 -1.98792088 25.20250320
v -2.93167543 -1.91083086 25.20916557
v -3.19534016 -1.94670367 25.24947166
v -3.09858847 -2.00025177 25.25617218
v -2.99070239 -1.97766423 25.26285172
v -2.92321873 -1.88866735 25.26962662
v -2.93037391 -1.77920938 25.27627945
v -3.00655031 -1.70083857 25.28290558
v -3.11596322 -1.69063234 25.28956795
v -3.20416451 -1.75187826 25.29606819
v -3.23316979 -1.85351276 25.30245972
v -3.19160271 -1.95093441 25.30886269
v -3.09640932 -2.00057411 25.31535721
v -2.99016500 -1.97732794 25.32194519
v -2.92360973 -1.88995016 25.32860374
v -2.93024111 -1.77950931 25.33531380
v -3.00794268 -1.70018172 25.34205055
v -3.11880064 -1.69143069 25.34879684
v -3.20801878 -1.75762010 25.35553551
v -3.23212600 -1.86397064 25.36213875
v -3.18193865 -1.96056318 25.36872864
v -3.08146191 -2.00194693 25.37530518
v -2.97764182 -1.96859193 25.38190651
v -2.92042208 -1.87805402 25.38838959
v -2.93389845 -1.77178514 25.39487648
v -3.01364517 -1.69765604 25.40147591
v -3.12194490 -1.69238102 25.40804672
v -3.20850372 -1.75838220 25.41464424
v -3.23224878 -1.86303282 25.42113876
v -3.18278146 -1.95979047 25.42771530
v -3.08023858 -2.00199437 25.43443298
v -2.97682047 -1.96795332 25.44102287
v -2.92021513 -1.87713051 25.44750023
v -2.93509698 -1.76946330 25.45408630
v -3.01902938 -1.69550502 25.46087456
v -3.12944555 -1.69493341 25.46757126
v -3.21259665 -1.76522481 25.47417068
v -3.23042417 -1.87412822 25.48086166
v -3.17272997 -1.96831024 25.48755264
v -3.06696510 -2.00186872 25.49427795
v -2.96546078 -1.95813203 25.50097275
v -2.91747427 -1.86064672 25.50754929
v -2.92629504 -1.78876555 25.51553535
v -4.22810841 4.52048635 1.57500005
v -4.20497894 4.38791800 1.57500005
v 2.05315304 2.42924738 25.55531502
v 2.06708813 2.44314790 25.57500076
v 1.96963632 2.48352623 25.57500076
v 1.96963632 2.46384120 25.55531502
v 1.87159061 2.44254971 25.57500076
v 2.08774662 2.34573078 25.55531502
v 2.10742688 2.34626961 25.57500076
v 2.06768203 2.24891210 25.57500076
v 1.96963632 2.22762060 25.55531502
v 1.96963632 2.20793557 25.57500076
v 2.05315304 2.26221442 25.55531502
v 1.88611984 2.26221442 25.55531502
v 1.87218451 2.24831390 25.57500076
v 1.96963632 2.22762060 25.09468460
v 1.88611984 2.26221442 25.09468460
v 2.05315304 2.26221442 25.09468460
v 2.08774662 2.34573078 25.09468460
v 2.05315304 2.42924738 25.09468460
v 1.88611984 2.42924738 25.55531502
v 1.96963632 2.46384120 25.09468460
v -2.05315304 -2.26221442 25.09468460
v -1.96963632 -2.20793557 25.07500076
v -1.96963632 -2.22762060 25.09468460
v -1.86284351 -2.25872421 25.07500076
v -2.05315304 -2.26221442 25.55531502
v -1.96963632 -2.22762060 25.55531502
v -1.88611984 -2.26221442 25.09468460
v -1.99548769 -2.21038318 25.07500076
v -1.92951787 -2.29716158 25.07500076
v -2.09083962 -2.28028417 25.07500076
v -2.21243453 -2.27848792 25.07500076
v -1.76335573 -2.42705107 2.17405176
v -2.08774662 -2.34573078 25.09468460
v -2.10492015 -2.37156916 25.07500076
v -2.05315304 -2.42924738 25.09468460
v -2.05819035 -2.45123887 25.07500076
v -1.96963632 -2.46384120 25.09468460
v -1.88611984 -2.42924738 25.09468460
v -1.96963632 -2.46384120 25.55531502
v -1.88611984 -2.42924738 25.55531502
v -2.05315304 -2.42924738 25.55531502
v -2.08774662 -2.34573078 25.55531502
v 0.88939005 2.66817021 8.07499981
v 1.68750000 2.48039174 8.07499981
v 1.68750000 2.25000000 8.07499981
v 1.68750000 2.48039174 3.07500005
v 0.88939005 2.66817021 19.07500076
v 1.68750000 2.25000000 19.07500076
v 2.67501736 0.86847878 2.07500005
v 1.68750000 2.25000000 3.07500005
v 0.88284284 2.86715555 8.07499981
v 1.68750000 2.48039174 19.07500076
v 0.00000000 2.81250000 8.07499981
v 0.00000000 3.00000000 8.07499981
v 0.88284284 2.86715555 19.07500076
v -0.88939005 2.66817021 8.07499981
v -0.88284284 2.86715555 8.07499981
v 0.00000000 3.00000000 19.07500076
v -1.68750000 2.25000000 8.07499981
v -1.68750000 2.48039174 8.07499981
v -0.88284284 2.86715555 19.07500076
v -1.68750000 2.25000000 3.07500005
v -1.68750000 2.48039174 19.07500076
v -1.76335573 2.42705107 2.17405176
v -1.68750000 2.48039174 3.07500005
v -1.68750000 2.25000000 19.07500076
v -0.88939005 2.66817021 19.07500076
v 0.00000000 2.81250000 19.07500076
v 1.43309093 1.43431795 25.07500076
v 1.53113675 1.39334142 25.07500076
v 1.62858856 1.43371964 25.07500076
v 1.66892719 1.53059804 25.07500076
v 1.62918246 1.62795556 25.07500076
v 1.43775022 1.53726995 25.11920738
v 1.60807323 1.47992122 25.52962875
v 1.75503242 1.95257461 25.11056137
v 1.70619655 1.88169849 25.11370850
v 1.70789909 1.79700708 25.11655617
v -1.68750000 2.48039174 24.07500076
v -1.68750000 2.25000000 24.07500076
v -0.88284284 2.86715555 24.07500076
v -1.65657663 2.27291727 25.07500076
v -0.88939005 2.66817021 24.07500076
v -2.21663070 2.32798433 25.09766769
v -2.22413611 2.41870499 25.10064888
v 1.41302645 -1.53113949 25.26063347
v 1.41302657 -1.53126025 25.25436211
v 1.46177626 -1.47019315 25.23568916
v 1.43787122 -1.54199505 25.24098206
v 1.45040107 -1.57989073 25.27815247
v 1.44113255 -1.50711560 25.27304077
v 1.41302657 -1.53105831 25.21498299
v 1.44246697 -1.50260830 25.19890976
v 1.41302657 -1.53120685 25.22126961
v 1.44897091 -1.57754827 25.20414543
v 1.44031298 -1.55543721 25.23698616
v 1.45216286 -1.48276782 25.23185539
v 1.41302645 -1.53114295 25.45748520
v 1.41302657 -1.53125250 25.45121193
v 1.44069088 -1.50836444 25.43555832
v 1.45193517 -1.58253634 25.44077682
v 1.43884313 -1.54869437 25.47274017
v 1.45682859 -1.47610438 25.46752357
v 1.41302657 -1.53099537 25.14251518
v 1.41302645 -1.53112769 25.13624573
v 1.44453442 -1.49716806 25.11977005
v 1.44623828 -1.57220781 25.12498856
v 1.44926202 -1.57789612 25.15988731
v 1.44213748 -1.50389111 25.15470123
v 1.41302657 -1.53104651 25.29999924
v 1.41302657 -1.53123081 25.29373169
v 1.44160545 -1.50523663 25.27784729
v 1.45057952 -1.58034241 25.28311157
v 1.43745053 -1.53017318 25.31399727
v 1.41648448 -1.50276637 25.52872658
v 1.41312373 -1.53592777 25.53651428
v 1.42337000 -1.57947266 25.53235626
v 1.44001901 -1.51096737 25.51448250
v 1.45284629 -1.61957109 25.54207611
v 1.47608304 -1.63563132 25.53641319
v 1.45349717 -1.58490670 25.51971245
v 1.54066586 -1.64886189 25.54691696
v 1.55221605 -1.64735067 25.54098129
v 1.51761234 -1.62448359 25.52494049
v 1.62255549 -1.60592067 25.55116463
v 1.61936295 -1.60966158 25.54588127
v 1.59005153 -1.60313463 25.53023529
v 1.64901114 -1.53859591 25.55076408
v 1.63629389 -1.54532111 25.54331398
v 1.64169562 -1.48958230 25.55531502
v 1.62858415 -1.46439826 25.55531502
v 1.64841795 -1.51716769 25.55531502
v 1.62858856 -1.43371964 25.57500076
v 1.61739886 -1.60771632 25.55255508
v 1.66892719 -1.53059804 25.57500076
v 1.53113675 -1.64364266 25.54971123
v 1.45493305 -1.60981476 25.54673576
v 1.42505276 -1.53431606 25.54333687
v 1.41302657 -1.53105891 25.41183281
v 1.45977330 -1.47244680 25.39336395
v 1.41302657 -1.53121567 25.41811943
v 1.43820298 -1.54485667 25.39864349
v 1.46366870 -1.59734488 25.43712234
v 1.43757951 -1.52733910 25.43191528
v 1.41302645 -1.53109586 25.33937263
v 1.41302645 -1.53111196 25.33309555
v 1.46013165 -1.47203255 25.31458282
v 1.43808782 -1.54394865 25.31983948
v 1.43963051 -1.55259860 25.35489845
v 1.45367956 -1.48046196 25.34977913
v 1.41302645 -1.53107870 25.17561340
v 1.46420395 -1.46764815 25.15670967
v 1.41302657 -1.53120899 25.18189812
v 1.43756008 -1.53802001 25.16196823
v 1.46292984 -1.59657609 25.20083046
v 1.43746924 -1.52960169 25.19584846
v 1.41302645 -1.53113317 25.49685478
v 1.41302657 -1.53123844 25.49058151
v 1.45777082 -1.47485709 25.47230721
v 1.43866134 -1.54793060 25.47758102
v 1.44568443 -1.57076001 25.51367760
v 1.44356000 -1.49989915 25.50874519
v 1.41302645 -1.53109157 25.37246513
v 1.44131660 -1.50618184 25.35665894
v 1.41302657 -1.53120780 25.37874794
v 1.45071089 -1.58056104 25.36187172
v 1.44779181 -1.57514095 25.39589500
v 1.44276285 -1.50206578 25.39079094
v 2.87940550 1.82202744 25.10289574
v 2.88574100 1.88914990 25.09468460
v 2.89570045 1.91714847 25.09468460
v 2.88847232 1.94621325 25.07500076
v 2.89641690 1.83312082 25.11224556
v 2.89570045 1.91714847 25.15188789
v 2.96831584 2.00237274 25.09468460
v 2.96097684 1.99441671 25.14707184
v 2.90157938 1.92814231 25.09592438
v 2.88010955 1.85997128 25.09468460
v 2.91044974 1.73032916 25.10931587
v 2.92870736 1.70638406 25.09970284
v 2.93122053 1.70834732 25.09786797
v 2.88759708 1.73003542 25.07500076
v 3.07565737 1.64051366 25.12088776
v 3.07565737 1.64051366 25.10631561
v 2.98164606 1.66441345 25.11541748
v 3.17886424 1.66973817 25.12588882
v 3.07565737 1.64788604 25.10205650
v 3.17806149 1.66924655 25.11195946
v 3.03135753 1.67939508 25.13680458
v 3.13943696 1.68591595 25.14330101
v 2.94309783 1.74526381 25.13012123
v 2.89570045 1.91714847 25.55531502
v 2.89570045 1.91714847 25.50990868
v 2.98976278 2.01124549 25.55240440
v 2.89570045 1.91714847 25.50621796
v 2.87940550 1.82202744 25.51622391
v 2.90658903 1.79989970 25.53163338
v 2.96134853 1.99471819 25.50510979
v 2.92658615 1.91387451 25.52602386
v 3.07565737 2.05389953 25.07500076
v 3.26371789 1.94469273 25.07500076
v 2.89570045 1.91714847 25.15557861
v 2.89570045 1.91714847 25.21094322
v 2.89570045 1.91714847 25.21463394
v 2.89570045 1.91714847 25.26999855
v 2.89570045 1.91714847 25.27368927
v 2.89570045 1.91714847 25.32905388
v 2.89570045 1.91714847 25.33274460
v 2.89570045 1.91714847 25.38810921
v 2.89570045 1.91714847 25.39179993
v 2.89570045 1.91714847 25.44716263
v 2.89570045 1.91714847 25.45085526
v 2.87940550 1.82202744 25.16189384
v 2.87942076 1.82183278 25.15482521
v 2.93313646 1.91187525 25.13071251
v 2.91044974 1.73032916 25.16837120
v 2.91052032 1.73022008 25.15781021
v 2.91856408 1.81578517 25.13296700
v 2.98164606 1.66441345 25.17447281
v 2.98164225 1.66441560 25.16117477
v 2.96590328 1.71742713 25.13960838
v 3.07565737 1.64051366 25.17994308
v 3.07565737 1.64051366 25.16537094
v 3.06600094 1.67299497 25.14624023
v 3.17886424 1.66973817 25.18494415
v 3.17804980 1.66923940 25.17106628
v 3.03081346 1.67947936 25.19578171
v 3.14136767 1.68680727 25.20250320
v 2.94331861 1.74512815 25.18915367
v 2.91888785 1.84912765 25.18268776
v 2.96097684 1.99441671 25.20612717
v 2.96584558 1.94478822 25.17624474
v 2.96134830 1.99471819 25.15077782
v 2.87940550 1.82202744 25.22094917
v 2.87942076 1.82183278 25.21388054
v 2.94046903 1.91252482 25.18607140
v 2.91044974 1.73032916 25.22742653
v 2.91052032 1.73022008 25.21686363
v 2.91980600 1.80658197 25.19260597
v 2.98164606 1.66441345 25.23352814
v 2.98164225 1.66441560 25.22023010
v 2.97472000 1.70952213 25.19936562
v 3.07565737 1.64051366 25.23899841
v 3.07565737 1.64051366 25.22442436
v 3.17886424 1.66973817 25.24399948
v 3.17804980 1.66923940 25.23012161
v 3.08070421 1.67270684 25.20616722
v 3.05272651 1.67447650 25.25617218
v 3.16061258 1.69706392 25.26285172
v 2.95597482 1.72802448 25.24947166
v 2.91784000 1.83364284 25.24266624
v 2.96097684 1.99441671 25.26518250
v 2.95842600 1.93705690 25.23593521
v 2.96134830 1.99471819 25.20983315
v 2.87940550 1.82202744 25.28000450
v 2.87942076 1.82183278 25.27293587
v 2.93013501 1.89191794 25.24649239
v 3.00609589 1.97303450 25.23974991
v 2.91044974 1.73032916 25.28648186
v 2.91052032 1.73022008 25.27591896
v 2.92526865 1.78366101 25.25306129
v 2.98164606 1.66441345 25.29258156
v 2.98164225 1.66441560 25.27928543
v 2.99063301 1.69793236 25.25959015
v 3.07565737 1.64051366 25.29805374
v 3.07565737 1.64051366 25.28347969
v 3.17886424 1.66973817 25.30305481
v 3.17804980 1.66923940 25.28917503
v 3.09600377 1.67392218 25.26613426
v 3.05490565 1.67415404 25.31535721
v 3.16114998 1.69740021 25.32194519
v 2.95971227 1.72379375 25.30886269
v 2.91814518 1.82121539 25.30245972
v 2.96097684 1.99441671 25.32423782
v 2.94715047 1.92284989 25.29606819
v 2.96134830 1.99471819 25.26888847
v 2.87940550 1.82202744 25.33905792
v 2.87942076 1.82183278 25.33199120
v 2.92967534 1.89080048 25.30562019
v 3.00396466 1.97196555 25.29894638
v 2.91044974 1.73032916 25.34553719
v 2.91052032 1.73022008 25.33497429
v 2.92640376 1.78021491 25.31233025
v 2.98164606 1.66441345 25.35163689
v 2.98164225 1.66441560 25.33834076
v 2.99714828 1.69399488 25.31909752
v 3.07565737 1.64051366 25.35710716
v 3.07565737 1.64051366 25.34253502
v 3.17886424 1.66973817 25.36211014
v 3.17804956 1.66923928 25.34823036
v 3.10674977 1.67569435 25.32583618
v 3.06985307 1.67278123 25.37530518
v 3.17367315 1.70613623 25.38190651
v 2.96937609 1.71416497 25.36872864
v 2.91918898 1.81075752 25.36213875
v 2.96097684 1.99441671 25.38329124
v 2.94329619 1.91710806 25.35553551
v 2.96134830 1.99471819 25.32794380
v 2.87940550 1.82202744 25.39811325
v 2.87942076 1.82183278 25.39104652
v 2.92996335 1.89150357 25.36462975
v 3.00216341 1.97103143 25.35812187
v 2.91044974 1.73032916 25.40459061
v 2.91052032 1.73022008 25.39402962
v 2.92612767 1.78102958 25.37133408
v 2.98164606 1.66441345 25.41069221
v 2.98164225 1.66441560 25.39739609
v 2.99343204 1.69618905 25.37789726
v 3.07565737 1.64051366 25.41616249
v 3.07565737 1.64051366 25.40159035
v 3.17886424 1.66973817 25.42116547
v 3.17804956 1.66923928 25.40728569
v 3.10109067 1.67466617 25.38455009
v 3.07107639 1.67273378 25.43443298
v 3.17449450 1.70677483 25.44102287
v 2.96853352 1.71493769 25.42771530
v 2.91906619 1.81169534 25.42113876
v 2.96097684 1.99441671 25.44234657
v 2.94281125 1.91634595 25.41464424
v 2.96134830 1.99471819 25.38699913
v 2.87940550 1.82202744 25.45716858
v 2.87942076 1.82183278 25.45009995
v 2.92342949 1.87238097 25.42488289
v 2.98776984 1.96247125 25.41817093
v 2.91044974 1.73032916 25.46364594
v 2.91052032 1.73022008 25.45308495
v 2.93403077 1.76170182 25.43162918
v 2.98164606 1.66441345 25.46974754
v 2.98164225 1.66441560 25.45645142
v 3.07565737 1.64051366 25.47521782
v 3.07565737 1.64051366 25.46064568
v 3.01188612 1.68652582 25.43818665
v 3.17886424 1.66973817 25.48022079
v 3.17804980 1.66923940 25.46634102
v 3.11953735 1.67880833 25.44472694
v 3.08434987 1.67285931 25.49427795
v 2.97858500 1.70641792 25.48755264
v 2.92089057 1.80059993 25.48086166
v 2.96097684 1.99441671 25.50140190
v 2.93871832 1.90950334 25.47417068
v 2.96134830 1.99471819 25.44605446
v 2.87942076 1.82183278 25.50915527
v 2.92165208 1.86524773 25.48437500
v 2.98039579 1.95723748 25.47776222
v 2.91044974 1.73032916 25.52270126
v 2.91052032 1.73022008 25.51214027
v 2.93572164 1.75832105 25.49090576
v 2.98164225 1.66441560 25.51550484
v 3.07565737 1.64051366 25.51970100
v 3.01317120 1.68596113 25.49732971
v 3.17804956 1.66923928 25.52539635
v 3.12031126 1.67903280 25.50381851
v 3.09989023 2.00261235 25.12451935
v 3.06791973 2.03099728 25.09774780
v 3.23509645 1.95281672 25.13273239
v 3.19340754 1.96172917 25.12026978
v 3.24800086 1.87329543 25.11548615
v 3.00159979 1.98317921 25.12799072
v 2.90775752 1.93887699 25.09533310
v 3.05615711 2.03013444 25.14227295
v 3.15636659 2.01407290 25.13736153
v 2.92660761 1.77909124 25.13150024
v 3.26284242 1.72851491 25.07500076
v 3.24277616 1.76788461 25.11054993
v 3.27192020 1.85256469 25.12568474
v 3.17817426 1.68265557 25.10594368
v 3.25087452 1.74764752 25.11856461
v 3.07565737 1.62082863 25.07500076
v 2.02049041 2.21768093 25.07500076
v 2.61940646 1.46233737 25.07500076
v 2.51945353 2.27724385 25.07500076
v 1.86174119 -2.91032290 25.12451935
v 1.95525849 -2.95120621 25.12026978
v 2.00985193 -3.03963995 25.11548615
v 2.02556896 -2.96824265 25.07500076
v 1.91821754 -2.89886236 25.13736153
v 2.02469349 -3.18442035 25.07500076
v 2.00462699 -3.14505076 25.11054993
v 1.94002533 -3.23027968 25.10594368
v 1.83750844 -3.29210663 25.07500076
v 1.83750844 -3.26504922 25.10205650
v 1.69307137 -3.20458794 25.09786797
v 1.83750844 -2.85903573 25.07500076
v 2.36461234 -2.94448519 25.07500076
v 2.26656675 -2.90350866 25.07500076
v 1.41052210 -2.64771867 25.07500076
v 2.22682190 -2.80615115 25.07500076
v 2.29400063 0.08344572 25.07500076
v 2.67528033 0.86761886 25.07500076
v 0.00000000 1.68750000 25.07500076
v 0.64958769 1.55743587 25.07500076
v 1.65172005 2.27644491 25.07500076
v 0.00000000 2.81250000 25.07500076
v 0.31019670 2.24899793 25.07500076
v 1.68750000 2.25000000 24.07500076
v 2.51968026 2.34675336 25.09754562
v 2.50382710 2.42992520 25.10063744
v 2.46265817 -2.70987105 25.07500076
v 2.36461234 -2.66889453 25.07500076
v 2.52016997 -2.27848792 25.07500076
v 2.50240302 -2.80722857 25.07500076
v 2.36630225 -2.18913698 25.07500076
v 2.28397059 -2.25109172 25.11056137
v 2.65283632 -1.74767220 25.07500076
v 2.56330824 -1.72825933 25.07500076
v 2.48978066 -1.67361641 25.07500076
v 2.21315074 -2.27724385 25.07500076
v -1.96963632 -2.48352623 25.57500076
v -1.87159061 -2.44254971 25.57500076
v -2.06708813 -2.44314790 25.57500076
v -2.06768203 -2.24891210 25.57500076
v -2.10742688 -2.34626961 25.57500076
v -1.96963632 -2.20793557 25.57500076
v -1.88611984 -2.26221442 25.55531502
v 0.00000000 2.81250000 2.07500005
v 0.00000000 -2.81250000 2.07500005
v 1.65172005 -2.27644491 2.07500005
v 0.87310570 -2.67345929 25.07500076
v -1.65172005 2.27644491 2.07500005
v -0.00000000 -2.81250000 25.07500076
v -0.87310570 -2.67345929 2.07500005
v 1.65657663 2.27291727 2.07500005
v 2.67528033 -0.86761886 2.07500005
v 2.67501736 -0.86847878 25.07500076
v 0.87310570 2.67345929 2.07500005
v 0.88939005 2.66817021 3.07500005
v 0.00000000 2.81250000 3.07500005
v -0.88939005 2.66817021 3.07500005
v 0.00000000 3.00000000 3.07500005
v -0.88284284 2.86715555 3.07500005
v 0.88284284 2.86715555 3.07500005
v 0.88939005 2.66817021 24.07500076
v 0.00000000 2.81250000 24.07500076
v -0.87310570 2.67345929 25.07500076
v 0.00000000 3.00000000 24.07500076
v -1.19240820 1.19410169 25.07500076
v 1.83736408 2.01452947 25.07500076
v 1.68421268 1.92642248 25.07500076
v 1.19684041 1.18963397 25.07500076
v 1.62858856 -1.62855387 25.07500076
v 1.66892719 -1.53167546 25.07500076
v 1.19240820 -1.19410169 25.07500076
v 1.53113675 -1.66893196 25.07500076
v 1.43309093 -1.62795556 25.07500076
v -0.00000000 -1.68750000 25.07500076
v -1.65172005 -2.27644491 25.07500076
v 4.31280422 4.22081852 1.97245908
v 4.43750000 4.18750000 1.97884619
v 4.22112942 4.31226492 1.96603549
v 4.18750000 4.43751478 1.95961463
v 4.25057077 4.52221870 1.98023129
v 4.31281853 4.65419006 1.94677091
v 4.34580278 4.61528206 1.97503698
v 4.23877668 4.56808281 2.01278734
v 4.22114277 4.56275845 1.95319390
v 4.43750000 4.68750000 1.94038463
v 4.47774839 4.63338900 1.96676576
v 4.42075205 4.63677263 1.97497535
v 4.41059780 4.64862442 1.98783135
v 4.31730270 4.62818241 2.00040436
v 4.56219578 4.65418148 1.93399751
v 4.59183502 4.56475544 1.95843816
v 4.49872017 4.62793875 1.97503698
v 4.65387058 4.56273508 1.92757404
v 4.63753176 4.43864918 1.95007133
v 4.62483597 4.50749540 1.96401262
v 4.57501602 4.58262634 1.96953511
v 4.68750000 4.43748522 1.92115307
v 4.62613726 4.37119675 1.94586122
v 4.63664865 4.41895390 1.95847511
v 4.65385723 4.31224155 1.91473234
v 4.59281349 4.31144762 1.94165266
v 4.60757160 4.33222294 1.95282841
v 4.56218147 4.22080994 1.90830934
v 4.54097128 4.26639271 1.93742859
v 4.54280519 4.26751518 1.94717705
v 4.47665071 4.24136496 1.93318033
v 4.43750000 4.18750000 1.90192306
v 4.40768099 4.23975182 1.92893791
v 4.45758343 4.23854637 1.94161522
v 4.31280422 4.22081852 1.89553607
v 4.34376383 4.26084900 1.92479563
v 4.36918449 4.24949408 1.93611717
v 4.22112942 4.31226492 1.88911247
v 4.25344276 4.35935068 1.91645348
v 4.29444027 4.29774761 1.93062699
v 4.18750000 4.43751478 1.88269162
v 4.24523735 4.49240923 1.90813231
v 4.24762440 4.37483931 1.92505622
v 4.22114277 4.56275845 1.87627089
v 4.27465916 4.55367899 1.90395176
v 4.27193165 4.54975224 1.91386008
v 4.23943663 4.46522808 1.91944993
v 4.31281853 4.65419006 1.86984777
v 4.32319784 4.60155582 1.89975786
v 4.43750000 4.68750000 1.86346149
v 4.45128202 4.63698053 1.89146388
v 4.33837795 4.61117220 1.90827334
v 4.56219578 4.65418148 1.85707450
v 4.57272387 4.58481741 1.88321686
v 4.51332283 4.62259340 1.89716244
v 4.42473984 4.63704729 1.90270424
v 4.65387058 4.56273508 1.85065091
v 4.63522863 4.46748734 1.87492061
v 4.58669138 4.57071590 1.89161682
v 4.65385723 4.31224155 1.83780932
v 4.61029434 4.33676910 1.86661625
v 4.63440657 4.40257978 1.88054252
v 4.68750000 4.43748522 1.84423006
v 4.62978649 4.49232674 1.88609314
v 4.56218147 4.22080994 1.83138621
v 4.50989056 4.25103092 1.85838032
v 4.59954786 4.32021713 1.87502241
v 4.43750000 4.18750000 1.82500005
v 4.37681770 4.24688959 1.85007286
v 4.44374609 4.23764849 1.86384380
v 4.53166008 4.26107597 1.86946452
v 4.31280422 4.22081852 1.81861293
v 4.27004766 4.32808542 1.84170055
v 4.35566854 4.25499773 1.85830021
v 4.22112942 4.31226492 1.81218934
v 4.24316025 4.39043379 1.83752501
v 4.26002312 4.34531498 1.85009480
v 4.18750000 4.43751478 1.80576849
v 4.23860931 4.45862484 1.83331895
v 4.22114277 4.56275845 1.79934776
v 4.25733137 4.52427721 1.82912111
v 4.24106359 4.47494793 1.84192359
v 4.29700089 4.57981586 1.82492030
v 4.27796936 4.55818224 1.83630168
v 4.31281853 4.65419006 1.79292476
v 4.35335207 4.61893988 1.82070208
v 4.34822845 4.61646032 1.83066595
v 4.43750000 4.68750000 1.78653848
v 4.41985035 4.63668108 1.81646585
v 4.56219578 4.65418148 1.78015137
v 4.54843330 4.60385513 1.80818391
v 4.43495560 4.63743162 1.82515562
v 4.65387058 4.56273508 1.77372789
v 4.62752581 4.49970293 1.80002677
v 4.59098721 4.56576204 1.81429207
v 4.52108479 4.61920118 1.81972063
v 4.68750000 4.43748522 1.76730692
v 4.62490606 4.36779213 1.79179454
v 4.63165522 4.48531866 1.80872631
v 4.65385723 4.31224155 1.76088619
v 4.54007959 4.26585484 1.78351867
v 4.59400082 4.31292105 1.79753780
v 4.63281012 4.39460802 1.80312181
v 4.43750000 4.18750000 1.74807692
v 4.40940046 4.23950386 1.77519810
v 4.52303362 4.25671291 1.79194963
v 4.56218147 4.22080994 1.75446320
v 4.31280422 4.22081852 1.74168992
v 4.29079056 4.30156660 1.76684213
v 4.34635401 4.25949192 1.78074384
v 4.43440056 4.23757601 1.78634882
v 4.22112942 4.31226492 1.73526633
v 4.25372601 4.35868406 1.76265156
v 4.27698708 4.31812572 1.77513647
v 4.18750000 4.43751478 1.72884548
v 4.23786020 4.42507648 1.75845385
v 4.24080181 4.40143633 1.76952863
v 4.24538040 4.49290752 1.75425446
v 4.24514008 4.49206877 1.76392329
v 4.22114277 4.56275845 1.72242475
v 4.27514791 4.55436087 1.75005424
v 4.31281853 4.65419006 1.71600163
v 4.32427216 4.60230017 1.74583173
v 4.28896666 4.57144642 1.75832295
v 4.38708878 4.63107014 1.74158001
v 4.36332607 4.62326384 1.75272858
v 4.43750000 4.68750000 1.70961535
v 4.52042341 4.61950588 1.73322678
v 4.45271206 4.63687849 1.74714530
v 4.65387058 4.56273508 1.69680476
v 4.61563969 4.52839088 1.72500575
v 4.53875446 4.60993290 1.74157572
v 4.56219578 4.65418148 1.70322835
v 4.68750000 4.43748522 1.69038391
v 4.63346386 4.39767551 1.71677530
v 4.63561106 4.46489143 1.73052919
v 4.60389757 4.54851675 1.73604882
v 4.65385723 4.31224155 1.68396318
v 4.56447124 4.28303337 1.70842254
v 4.62768555 4.37578726 1.72500479
v 4.56218147 4.22080994 1.67754006
v 4.43869448 4.23755598 1.70007312
v 4.50788641 4.25026226 1.71401799
v 4.58214378 4.29938030 1.71951222
v 4.31280422 4.22081852 1.66476679
v 4.31216526 4.28170538 1.69170642
v 4.41874933 4.23841810 1.70846653
v 4.43750000 4.18750000 1.67115390
v 4.22112942 4.31226492 1.65834320
v 4.24204731 4.39525843 1.68337595
v 4.26944590 4.32901525 1.69740188
v 4.33381414 4.26652288 1.70294070
v 4.18750000 4.43751478 1.65192235
v 4.25906515 4.52780676 1.67503428
v 4.23905802 4.41257477 1.69191539
v 4.22114277 4.56275845 1.64550161
v 4.29954910 4.58227682 1.67085731
v 4.29544497 4.57826948 1.68082380
v 4.24816132 4.50176573 1.68637872
v 4.31281853 4.65419006 1.63907850
v 4.35628796 4.62028027 1.66665828
v 4.43750000 4.68750000 1.63269234
v 4.42247725 4.63689232 1.66245842
v 4.37148046 4.62632704 1.67527187
v 4.49038458 4.63041258 1.65826321
v 4.45987558 4.63621330 1.66978192
v 4.57644510 4.64533234 1.62542474
v 4.55227089 4.60122824 1.65405333
v 4.54436731 4.60650110 1.66425002
v 4.66852140 4.53304625 1.61823225
v 4.60070658 4.55316401 1.64985561
v 4.63718033 4.42572784 1.64158618
v 4.60796642 4.54213953 1.65866232
v 4.68265772 4.38853264 1.61102307
v 4.58547926 4.30294418 1.63327265
v 4.62473440 4.36733007 1.64753366
v 4.63661528 4.45643997 1.65308499
v 4.61409998 4.26054668 1.60379648
v 4.53127956 4.26087236 1.62905359
v 4.57379007 4.29116488 1.64187181
v 4.48598623 4.19224691 1.59657240
v 4.46542311 4.23947906 1.62479091
v 4.49488640 4.24587297 1.63625431
v 4.34161711 4.20661783 1.58937383
v 4.33475351 4.26595497 1.61646938
v 4.40440655 4.24026585 1.63065815
v 4.22956514 4.29870892 1.58219182
v 4.25066757 4.36626530 1.60830545
v 4.32064724 4.27525187 1.62505090
v 4.18750000 4.43750000 1.57500005
v 4.24727154 4.49908495 1.60001230
v 4.23763657 4.42929602 1.61396420
v 4.26157856 4.34236479 1.61952972
v 4.23772001 4.56649113 1.57500005
v 4.27921677 4.55981064 1.59579170
v 4.25436068 4.51778460 1.60840392
v 4.34735918 4.64401007 1.57500005
v 4.33017731 4.60620928 1.59155345
v 4.30802345 4.58988285 1.60285485
v 4.45952940 4.63624573 1.58326793
v 4.38818598 4.63134718 1.59727800
v 4.47637415 4.64665604 1.57500005
v 4.57867146 4.57922316 1.57500005
v 4.47866964 4.63321877 1.59168947
v 4.55978966 4.59575081 1.58620310
v 4.61718988 4.52510595 1.58051133
v 4.62237835 4.51366472 1.57500005
v 2.62849545 -3.68800235 1.57500005
v 2.59143186 -3.59721231 1.57500005
v 2.50000000 -3.55900002 1.57500005
v 2.40912199 -3.59665442 1.57500005
v 2.37150455 -3.68699765 1.57500005
v 1.64950001 -3.52399993 1.57500005
v 4.40497923 4.18962431 1.58306348
v 4.56252098 4.22100592 1.59107852
v 4.66846800 4.34182501 1.59909558
v 4.67898655 4.50218534 1.60711181
v 4.58970594 4.63582659 1.61512709
v 4.43750000 4.68750000 1.62307692
v 4.31280422 4.65418148 1.62946403
v 4.22112942 4.56273508 1.63588750
v 4.18750000 4.43748522 1.64230847
v 4.22114277 4.31224155 1.64872921
v 4.31281853 4.22080994 1.65515220
v 4.43750000 4.18750000 1.66153848
v 4.56219578 4.22081852 1.66792548
v 4.65387058 4.31226492 1.67434907
v 4.68750000 4.43751478 1.68076992
v 4.65385723 4.56275845 1.68719065
v 4.56218147 4.65419006 1.69361377
v 4.43750000 4.68750000 1.70000005
v 4.31280422 4.65418148 1.70638704
v 4.22112942 4.56273508 1.71281064
v 4.18750000 4.43748522 1.71923149
v 4.22114277 4.31224155 1.72565222
v 4.31281853 4.22080994 1.73207533
v 4.43750000 4.18750000 1.73846149
v 4.56219578 4.22081852 1.74484861
v 4.65387058 4.31226492 1.75127220
v 4.68750000 4.43751478 1.75769305
v 4.65385723 4.56275845 1.76411378
v 4.56218147 4.65419006 1.77053678
v 4.43750000 4.68750000 1.77692306
v 4.31280422 4.65418148 1.78331017
v 4.22112942 4.56273508 1.78973365
v 4.18750000 4.43748522 1.79615462
v 4.22114277 4.31224155 1.80257535
v 4.31281853 4.22080994 1.80899835
v 4.43750000 4.18750000 1.81538463
v 4.56219578 4.22081852 1.82177162
v 4.65387058 4.31226492 1.82819521
v 4.68750000 4.43751478 1.83461607
v 4.65385723 4.56275845 1.84103680
v 4.56218147 4.65419006 1.84745991
v 4.43750000 4.68750000 1.85384619
v 4.31280422 4.65418148 1.86023319
v 4.22112942 4.56273508 1.86665678
v 4.18750000 4.43748522 1.87307763
v 4.22114277 4.31224155 1.87949836
v 4.31281853 4.22080994 1.88592148
v 4.43750000 4.18750000 1.89230764
v 4.56219578 4.22081852 1.89869475
v 4.65387058 4.31226492 1.90511835
v 4.68750000 4.43751478 1.91153920
v 4.65385723 4.56275845 1.91795993
v 4.56218147 4.65419006 1.92438304
v 4.43750000 4.68750000 1.93076921
v 4.31280422 4.65418148 1.93715632
v 4.22112942 4.56273508 1.94357979
v 4.18750000 4.43748522 1.95000076
v 4.22114277 4.31224155 1.95642149
v 4.31281853 4.22080994 1.96284449
v 4.58451843 4.23529816 1.98648643
v 4.43750000 4.18750000 1.96923077
v 4.67532158 4.36042309 1.99420178
v 4.66454649 4.33285761 1.98319697
v 4.57228851 4.22694826 1.97624350
v 4.67517519 4.51502752 2.00190783
v 4.68513584 4.47179937 1.99019182
v 4.58413601 4.63997936 2.00959659
v 4.62755728 4.59991360 1.99715900
v 4.43706512 4.68749952 2.01727319
v 4.50999355 4.67675877 2.00409436
v 4.36967945 4.67812490 2.01107121
v 4.25078726 4.60374784 2.01806498
v -1.43163478 -2.81832051 25.53927612
v -1.53484166 -2.84754491 25.53427315
v -1.35921836 -2.73961353 25.54323196
v -1.45418441 -2.47382021 25.49541664
v -1.42608583 -2.48875356 25.54934120
v -1.35962451 -2.74041128 25.11856461
v -1.36772299 -2.72017407 25.11054993
v -1.72290206 -2.54336596 25.57500076
v -1.35143781 -2.70039105 25.54848289
v -1.42084932 -2.79919171 25.54566956
v -1.53484166 -2.83420372 25.54197311
v -1.62885296 -2.82364535 25.52880287
v -1.83736408 3.29219294 25.07500076
v -1.64930356 3.18298626 25.07500076
v -1.25317287 3.31501794 25.07500076
v -2.57074118 1.71049988 25.14108467
v -2.49195957 1.64907813 25.13642311
v -2.55888081 1.65645444 25.16318321
v -2.49195957 1.64907813 25.13273239
v -2.45513582 1.54882610 25.12568474
v -2.49754620 1.56747389 25.15663910
v -2.45517826 1.54936552 25.13316536
v -2.57068944 1.71033430 25.19641685
v -2.50957322 1.59907353 25.16602898
v -2.67065883 1.72640574 25.14595795
v -2.67089891 1.72639585 25.20132828
v -2.58877540 1.67307544 25.17259789
v -2.76570749 1.69097960 25.15077782
v -2.76607919 1.69067812 25.20612717
v -2.70030618 1.67776299 25.17937279
v -2.83135557 1.61340988 25.15557861
v -2.78658676 1.60878623 25.18607140
v -2.84763527 1.51809418 25.21388054
v -2.76121020 1.64104962 25.17624474
v -2.83135557 1.61340988 25.15188789
v -2.84765053 1.51828885 25.16189384
v -2.80816817 1.54538906 25.18268776
v -2.66372561 1.68533242 25.16976929
v -1.83736408 3.29219294 25.57500076
v -1.65017903 3.18450665 25.57500076
v -2.33954120 3.22026777 25.57500076
v -1.23107576 3.78509283 25.57500076
v -1.25317287 3.50985217 25.57500076
v 4.61339664 4.31798697 1.57500005
v -1.64950001 -3.52399993 1.57500005
v 2.23513484 -2.32196784 25.11370850
v 2.23683715 -2.40665913 25.11655617
v 1.55661392 2.81736588 25.12451935
v 1.61309040 2.82882643 25.13736153
v 1.65013134 2.77648282 25.12026978
v 1.70472467 2.68804908 25.11548615
v 1.73506594 2.72814131 25.07500076
v 4.52048635 4.22810841 1.57500005
v 4.38791800 4.20497894 1.57500005
v 2.67706919 -1.36588848 25.12451935
v 2.77058649 -1.40677166 25.12026978
v 2.73354554 -1.35442793 25.13736153
v 2.85292602 -1.44836783 25.07500076
v 2.82517982 -1.49520540 25.11548615
v 2.83317447 -1.65098989 25.07500076
v 2.81995511 -1.60061622 25.11054993
v 2.75535321 -1.68584526 25.10594368
v 2.65283632 -1.72061479 25.10205650
v 2.50839949 -1.66015351 25.09786797
v 2.69464207 -1.31867528 25.07500076
v 2.65283632 -1.33428633 25.09468460
v 2.67383814 -1.31562233 25.07500076
v 2.53484774 -1.34961462 25.07500076
v 2.59827900 -1.49964786 25.07500076
v 2.85316944 -0.92705101 2.17405176
v 2.97357941 -0.39688542 25.07500076
v 2.65283632 -1.31460130 25.07500076
v 2.65283632 -1.33428633 25.55531502
v -1.97353697 1.75826299 25.32754707
v -1.97394454 1.75896883 25.33219337
v -1.92116654 1.74463832 25.35380554
v -1.99484420 1.83714902 25.32389832
v -1.99484348 1.83789885 25.32769966
v -1.96072876 1.82922173 25.34783363
v -1.97359240 1.91636968 25.32000732
v -1.97342777 1.91665280 25.32346153
v -1.93150330 1.91702604 25.34191895
v -1.95195007 1.88254988 25.30137062
v -1.95243979 1.79129434 25.30720711
v -1.97352087 1.75823522 25.27833939
v -1.97382879 1.75876737 25.28298950
v -1.99484301 1.83670521 25.27470589
v -1.99484360 1.83787882 25.27848816
v -1.95330667 1.79360878 25.30090141
v -1.97403216 1.91560650 25.27084160
v -1.97356689 1.91641378 25.27425957
v -1.95141554 1.88387370 25.29512978
v -1.91691244 1.93173778 25.24834824
v -1.95976865 1.85305464 25.25406647
v -1.93905425 1.76561558 25.25980377
v -1.97371316 1.91616106 25.22510529
v -1.97374439 1.91610718 25.22151566
v -1.93790781 1.90864575 25.20109367
v -1.99484444 1.83740497 25.22933578
v -1.99484444 1.83734226 25.22543144
v -1.97375965 1.75864744 25.23387146
v -1.97373152 1.75859880 25.22906113
v -1.95980418 1.81979597 25.20693970
v -1.93773329 1.76369846 25.25379753
v -1.96010685 1.85041821 25.24808121
v -1.97371054 1.91616571 25.47116852
v -1.97374153 1.91611195 25.46757698
v -1.99484444 1.83740711 25.47539711
v -1.99484444 1.83734453 25.47149467
v -1.94947112 1.88836849 25.44861412
v -1.97376180 1.75865126 25.47993469
v -1.97373366 1.75860238 25.47512436
v -1.95450819 1.79706478 25.45446205
v -1.92883623 1.75247681 25.50075722
v -1.96084952 1.84089744 25.49474144
v -1.92313516 1.92607737 25.48878670
v -1.97374952 1.91609812 25.37274742
v -1.97378099 1.91604376 25.36915588
v -1.93366599 1.91435862 25.34828568
v -1.99484444 1.83737457 25.37697411
v -1.99484444 1.83731723 25.37306976
v -1.97370553 1.75855386 25.38151550
v -1.97368407 1.75851667 25.37670326
v -1.96047437 1.82575750 25.35420227
v -1.94158876 1.76952088 25.40099907
v -1.95854855 1.86026633 25.39509583
v -1.97370672 1.75855589 25.42596245
v -1.97399902 1.75906372 25.43060875
v -1.90143657 1.72965944 25.45378113
v -1.99484384 1.83778107 25.42228889
v -1.99484301 1.83802032 25.42611885
v -1.95682395 1.80485892 25.44780350
v -1.97346556 1.91658795 25.41842270
v -1.97354615 1.91644943 25.42189407
v -1.94621634 1.89500630 25.44200134
v -1.90887976 1.93799818 25.39534950
v -1.95866668 1.85966611 25.40128517
v -1.94108057 1.76871228 25.40721130
v -1.97374499 1.91610610 25.12668419
v -1.97377598 1.91605234 25.12309265
v -1.91969573 1.95257461 25.11056137
v -1.99484444 1.83739030 25.13091087
v -1.99484444 1.83733368 25.12700653
v -1.96853161 1.88169849 25.11370850
v -1.97371423 1.75856888 25.13545227
v -1.97369313 1.75853240 25.13064003
v -1.96682906 1.79700708 25.11655617
v -1.91660631 1.73058629 25.11919594
v -1.95084131 1.78734148 25.15368271
v -1.95396352 1.87713456 25.14794159
v -1.97364652 1.75845194 25.18458557
v -1.91514885 1.73938811 25.20666695
v -1.97370982 1.75856137 25.17989922
v -1.99484360 1.83685839 25.18012810
v -1.95985448 1.82016683 25.20076561
v -1.99484384 1.83778608 25.17622566
v -1.97391725 1.91580701 25.17586708
v -1.97345972 1.91659808 25.17235947
v -1.93807375 1.90840781 25.19495964
v -1.95245016 1.88127220 25.15381813
v -1.95182812 1.78973770 25.15967369
v -1.99460101 1.84611571 25.52031517
v -1.93097544 1.91765451 25.49565887
v -1.95759654 1.73565769 25.52551651
v -1.96070623 1.82884967 25.50164604
v -1.85482168 1.68085444 25.53051376
v -1.92064464 1.74415469 25.50763893
v -1.74247479 1.71168160 25.53582764
v -1.83380842 1.71079183 25.51358414
v 2.50000000 -3.81599998 1.57500005
v 2.40856814 -3.77778769 1.57500005
v 1.56675005 -3.66732717 1.57500005
v -1.56675005 -3.66732717 1.57500005
v -1.40125000 -3.66732717 1.57500005
v 1.31850004 -3.52399993 1.57500005
v 1.40125000 -3.66732717 1.57500005
v -1.68349636 1.92517841 25.07500076
v -1.83736408 2.01452947 25.07500076
v -1.99051547 1.92642248 25.07500076
v -1.85533297 1.68091226 25.09468460
v -1.72956860 1.76884949 25.12443924
v 0.29530165 2.16549778 25.55531502
v 1.83184588 2.34519219 25.57500076
v 0.29530165 2.16549778 25.09468460
v 0.00000000 3.00000000 2.17405176
v 1.76335573 2.42705107 2.17405176
v -2.94309378 -1.69323146 25.55154800
v -2.89733267 -1.76514924 25.55085754
v -2.91621852 -1.72191143 25.55531502
v -2.89225364 -1.88706052 25.54848289
v -2.96166515 -1.98586106 25.54566956
v -3.07565737 -2.02087307 25.54197311
v -3.18682146 -1.97728956 25.53717232
v -2.88759708 -1.94469273 25.57500076
v -3.22192788 -2.33699775 25.57500076
v 2.26656675 -2.70987105 25.57500076
v -1.64600551 -2.79062009 25.53717232
v -1.72202671 -2.75954366 25.57500076
v -1.21283424 3.41297388 25.57500076
v -1.64930356 2.96832871 25.57500076
v 1.53113675 -1.39334142 25.57500076
v 2.46265817 -2.90350866 25.57500076
v 2.50240302 -2.80615115 25.57500076
v 2.46206427 -2.70927286 25.57500076
v -2.35114098 -3.23606801 25.55531502
v -2.51945353 -2.45536065 25.57500076
v -3.23606801 -2.35114098 25.55531502
v -2.36630225 -2.54346752 25.57500076
v -2.52016997 -2.27848792 25.57500076
v -3.80422616 -1.23606801 25.55531502
v -3.78779507 1.22283530 25.57500076
v -4.00000000 -0.00000000 25.55531502
v -2.55783844 -0.00047049 25.57500076
v -3.22260070 2.33603430 25.57500076
v -3.80422616 1.23606801 25.55531502
v -2.83858347 1.42477632 25.57500076
v -2.65139842 1.31709003 25.57500076
v -1.53113675 1.39334142 25.57500076
v -2.83945894 1.64095414 25.57500076
v -2.02542448 3.18298626 25.57500076
v -3.23606801 2.35114098 25.55531502
v -2.02454901 2.96680832 25.57500076
v -1.83736408 2.85912204 25.57500076
v -2.35114098 3.23606801 25.55531502
v -2.54800010 -0.00000000 25.56515694
v 1.43368483 1.43371964 25.57500076
v 1.53113675 1.66893196 25.57500076
v 0.00000000 1.68750000 25.57500076
v 1.43309093 1.62795556 25.57500076
v 1.39334631 1.53059804 25.57500076
v 1.34432077 2.75944638 25.57500076
v 1.53238130 2.84896803 25.55531502
v 1.42503953 2.81712627 25.55531502
v 1.85152614 2.34573078 25.55531502
v 2.36461234 -2.94448519 25.57500076
v 2.36461234 -2.92480016 25.55531502
v 2.28109598 -2.89020634 25.55531502
v 2.48272276 -2.80668998 25.55531502
v 2.44812894 -2.89020634 25.55531502
v 2.44812894 -2.72317338 25.55531502
v 2.36461234 -2.68857956 25.55531502
v 2.24650216 -2.80668998 25.55531502
v 2.28109598 -2.72317338 25.55531502
v 1.62918246 -1.62795556 25.57500076
v -1.68349636 -1.92517841 25.57500076
v 1.43368483 -1.62855387 25.57500076
v 0.64958769 -1.55743587 25.57500076
v 1.43309093 -1.43431795 25.57500076
v 1.39334631 -1.53167546 25.57500076
v -1.87218451 -2.24831390 25.57500076
v -1.70391011 -2.68815899 25.53163338
v -1.99123180 -1.74954975 25.57500076
v -1.99051547 -1.92642248 25.57500076
v -2.21243453 -2.45411658 25.57500076
v -1.85152614 -2.34573078 25.55531502
v -1.23251438 3.41243505 25.55531502
v -1.65425289 3.02841783 25.54757118
v -1.73944902 3.24642849 25.55531502
v -1.65960062 3.15077591 25.55144882
v -1.83736408 3.27250791 25.55408478
v -1.78669977 3.26587629 25.55539131
v -1.86326623 3.27016473 25.55468941
v -1.88888097 3.26564717 25.55531502
v -2.46333790 1.42629683 25.57500076
v -2.65139842 1.35011637 25.54197311
v -2.76256227 1.39370000 25.53717232
v -2.46799469 1.48392904 25.54848289
v -1.62858856 1.43371964 25.57500076
v -1.66892719 1.53059804 25.57500076
v -2.53740621 1.38512850 25.54566956
v -2.55027390 1.70251572 25.55531502
v -2.47307372 1.60584033 25.55085754
v -2.65139842 1.73047590 25.55531502
v -2.59893918 1.72335708 25.55531502
v -2.83135557 1.61340988 25.55531502
v -2.75874019 1.69863403 25.55531502
v -2.82046700 1.49616110 25.53163338
v -0.64958769 1.55743587 25.57500076
v -0.64958769 -1.55743587 25.07500076
v 1.68743253 -0.00191130 25.07500076
v -1.68743253 0.00191130 25.07500076
v -1.19684041 -1.18963397 25.07500076
v -1.64679718 3.02631855 25.54307175
v -1.65600264 3.15219569 25.54925728
v -1.73816502 3.24568582 25.54781342
v -1.66652405 3.17345214 25.54298782
v -1.73825431 3.22356820 25.53651047
v 0.00000000 -3.02467418 2.13881326
v -1.77785897 -2.44701290 2.13881326
v 1.77785897 -2.44701290 2.13881326
v 2.87663627 -0.93467575 2.13881326
v 2.87663627 0.93467575 2.13881326
v 1.77785897 2.44701290 2.13881326
v -0.00000000 3.02467418 2.13881326
v -2.80046964 1.61013591 25.52602386
v -2.73729300 1.70750690 25.55240440
v -2.83135557 1.61340988 25.50990868
v -2.71408415 1.68363047 25.52103996
v -2.60574126 1.72231627 25.55260086
v -2.67065883 1.72640574 25.50028801
v -2.76570749 1.69097960 25.50510979
v -2.60323715 1.68476534 25.51709175
v -2.51721215 1.65004718 25.53611565
v -2.54264259 1.69556653 25.54934120
v -2.57074118 1.71049988 25.49541664
v -2.50203609 1.58222401 25.51553535
v -2.49332738 1.54583764 25.51700592
v -2.49195957 1.64907813 25.54611778
v -2.51898861 1.61549127 25.51413918
v -2.49321508 1.51034284 25.50754929
v -2.51858258 1.44010437 25.51048470
v -2.45514607 1.54895723 25.53909492
v -2.49195957 1.64907813 25.49075317
v -2.45517826 1.54936552 25.48749733
v -2.81660628 1.42659056 25.52270126
v -2.84765053 1.51828885 25.51622391
v -2.74540973 1.36067486 25.52880287
v -2.65139842 1.33677506 25.53427315
v -2.65139842 1.73047590 25.09468460
v -2.56189084 1.70894945 25.09468460
v -4.63753700 -4.43750000 1.57500005
v -4.34161520 4.20665026 1.57500005
v -4.26037884 4.26106834 1.57500005
v -4.19229507 4.38876963 1.58221793
v -4.20626688 4.53253269 1.58938444
v -4.19441414 4.37911034 1.97594869
v -4.21046114 4.54215860 1.98411155
v -4.32400560 4.66025352 1.99227285
v -4.48629379 4.68269205 2.00043511
v -4.62762785 4.59983110 2.00859976
v -4.68730879 4.44727898 2.01676655
v -4.61181355 4.25829411 2.01752663
v -4.20665026 -4.34161520 1.57500005
v -4.26106834 -4.26037884 1.57500005
v 0.00000000 3.00678182 2.15254283
v -1.77785897 2.44701290 2.13881326
v 2.85316944 0.92705101 2.17405176
v 1.76335573 -2.42705107 2.17405176
v -0.00000000 -3.00678182 2.15254283
v 2.94693279 0.56139392 25.07500076
v 1.83468652 2.37358904 25.07500076
v 1.92951787 2.29716158 25.07500076
v -1.83468652 -2.37358904 25.07500076
v -1.85152614 -2.34573078 25.09468460
v 2.43851042 -1.56172991 25.07500076
v -2.00611734 2.97430468 25.10032082
v -1.97734201 2.94417906 25.09949303
v -2.03392076 3.08640766 25.09468460
v -2.00539732 2.97311521 25.10764885
v -2.02454901 3.18450665 25.07500076
v -2.01484489 3.16080832 25.09468460
v -2.03211713 3.10431695 25.10115433
v -1.92018342 2.89707685 25.10595703
v -1.83736408 2.88847899 25.10435677
v -1.80569971 2.88137054 25.11153793
v -1.74584675 2.91594601 25.10746193
v -1.70208776 2.93265271 25.11712456
v -1.68136370 2.98384738 25.11052322
v -1.64513540 3.03325224 25.12276077
v -1.65946996 3.07258272 25.11361504
v -1.65017903 2.96680832 25.07500076
v -1.65447497 3.14846992 25.12837219
v -1.68450272 3.16041541 25.11674881
v -2.01510525 3.07206774 25.11375809
v -1.96874917 3.22224545 25.09468460
v -1.97661006 2.99995685 25.13304329
v -1.93705094 2.95244002 25.13304329
v -1.74128807 2.94968653 25.15296745
v -1.83340132 2.91721678 25.13970566
v -1.66652274 2.97786546 25.17886353
v -1.68248260 3.04253292 25.15963364
v -1.73199546 2.95727992 25.14630508
v -1.64051366 3.07565904 25.18375969
v -1.69731915 3.14952159 25.16617393
v -1.68036151 3.05440021 25.15296364
v -1.70446813 3.16181684 25.15963745
v -1.66652405 3.17345214 25.18865776
v -1.73135722 2.95784807 25.21279144
v -1.66652274 2.97786546 25.23791885
v -1.68008566 3.05647326 25.21952629
v -1.72367966 2.96522379 25.20604134
v -1.66652405 3.17345214 25.24771118
v -1.70398533 3.16106033 25.22601891
v -1.67910409 3.06727648 25.21278954
v -1.64051366 3.07565904 25.24281502
v -1.71262336 3.17335272 25.21953011
v -1.73024809 2.95885110 25.27193451
v -1.66652274 2.97786546 25.29697227
v -1.68012416 3.05617070 25.27856255
v -1.72115862 2.96788716 25.26531601
v -1.66652405 3.17345214 25.30676651
v -1.70529544 3.16309166 25.28521919
v -1.67903709 3.06858635 25.27192116
v -1.64051366 3.07565904 25.30187035
v -1.71225941 3.17288208 25.27854919
v -1.71879387 2.97050667 25.33196259
v -1.66652274 2.97786546 25.35602760
v -1.67892504 3.07162976 25.33854103
v -1.71130824 2.97968030 25.32528305
v -1.66652405 3.17345214 25.36582184
v -1.71228957 3.17292142 25.34498978
v -1.67916918 3.08514142 25.33196259
v -1.64051366 3.07565904 25.36092567
v -1.72252214 3.18488431 25.33854294
v -1.71987081 2.96929860 25.39092064
v -1.66652274 2.97786546 25.41508293
v -1.67893708 3.07120419 25.39756966
v -1.71220481 2.97850370 25.38425064
v -1.66652405 3.17345214 25.42487717
v -1.71476996 3.17605519 25.40428162
v -1.67907178 3.08343482 25.39091492
v -1.64051366 3.07565904 25.41998100
v -1.72208369 3.18442011 25.39756012
v -1.70563483 2.98770785 25.45135880
v -1.64051366 3.07565904 25.47903633
v -1.68008864 3.09486508 25.45803452
v -1.70016181 2.99660110 25.44459724
v -1.66652274 2.97786546 25.47413826
v -1.66652405 3.17345214 25.48393250
v -1.72839093 3.19073963 25.46452904
v -1.68204510 3.10669994 25.45136452
v -1.73979509 3.20049620 25.45803833
v -1.70662987 2.98632598 25.51027870
v -1.64051366 3.07565904 25.53808975
v -1.67985201 3.09326291 25.51695824
v -1.69986093 2.99712992 25.50367737
v -1.66652274 2.97786546 25.53319359
v -1.69858527 3.15221119 25.51695824
v -1.68177009 3.10532379 25.51035881
v -1.73843515 3.19948435 25.51695824
v -1.66652274 3.17344952 25.49131393
v -1.64051366 3.07565594 25.48641777
v -1.66652405 2.97786283 25.48151970
v -1.66652274 3.17344952 25.43225861
v -1.64051366 3.07565594 25.42736244
v -1.66652405 2.97786283 25.42246437
v -1.66652274 3.17344952 25.37320328
v -1.64051366 3.07565594 25.36830711
v -1.66652405 2.97786283 25.36341095
v -1.66652274 3.17344952 25.31414795
v -1.64051366 3.07565594 25.30925179
v -1.66652405 2.97786283 25.30435562
v -1.66652274 3.17344952 25.25509453
v -1.64051366 3.07565594 25.25019646
v -1.66652405 2.97786283 25.24530029
v -1.66652274 3.17344952 25.19603920
v -1.64051366 3.07565594 25.19114113
v -1.66652405 2.97786283 25.18624496
v -1.64379370 3.11144257 25.13376808
v -1.66569269 2.97932982 25.12721634
v -1.76704943 2.89179349 25.12067604
v -1.90093029 2.88935280 25.11415291
v -4.31141138 -4.65337420 1.94687366
v -4.31229734 -4.65388918 1.93717051
v -4.43750000 -4.68750000 1.93076921
v -4.33837795 -4.61117220 1.90827334
v -4.43750000 -4.68750000 1.94038463
v -4.56358862 -4.65337420 1.92428017
v -4.46988964 -4.63484907 1.89993250
v -4.22128725 -4.56300735 1.94356906
v -4.28579330 -4.56785631 1.91246259
v -4.22019243 -4.56110191 1.95327878
v -4.18750238 -4.43861961 1.94994807
v -4.25089788 -4.50933838 1.91665518
v -4.18750238 -4.43638039 1.95966733
v -4.22019243 -4.31389809 1.95633662
v -4.24762440 -4.37483931 1.92505622
v -4.23752689 -4.44246864 1.92084944
v -4.22128725 -4.31199265 1.96604633
v -4.31141138 -4.22162580 1.96274173
v -4.32920933 -4.26940966 1.93337739
v -4.43750000 -4.18750000 1.97884619
v -4.43750000 -4.18750000 1.96923077
v -4.31229734 -4.22111082 1.97244489
v -4.58454084 -4.23531485 1.98648775
v -4.57229662 -4.22695351 1.97624385
v -4.45758343 -4.23854637 1.94161522
v -4.26284122 -4.54351902 1.97931767
v -4.34580278 -4.61528206 1.97503698
v -4.56270266 -4.65388918 1.93398333
v -4.47774839 -4.63338900 1.96676576
v -4.31141138 -4.65337420 1.79302752
v -4.31229734 -4.65388918 1.78332436
v -4.43750000 -4.68750000 1.77692306
v -4.40724993 -4.63518381 1.74993491
v -4.43750000 -4.68750000 1.78653848
v -4.56358862 -4.65337420 1.77043402
v -4.53875446 -4.60993290 1.74157572
v -4.22128725 -4.56300735 1.78972292
v -4.28896666 -4.57144642 1.75832295
v -4.34267092 -4.61356401 1.75412643
v -4.22019243 -4.56110191 1.79943264
v -4.18750238 -4.43861961 1.79610193
v -4.25262642 -4.51368999 1.76252258
v -4.18750238 -4.43638039 1.80582118
v -4.22019243 -4.31389809 1.80249047
v -4.24624157 -4.37919521 1.77093053
v -4.23769569 -4.44700241 1.76672542
v -4.22128725 -4.31199265 1.81220019
v -4.31141138 -4.22162580 1.80889559
v -4.27698708 -4.31812572 1.77513647
v -4.43750000 -4.18750000 1.82500005
v -4.43750000 -4.18750000 1.81538463
v -4.38909245 -4.24342251 1.78354657
v -4.31229734 -4.22111082 1.81859875
v -4.32662678 -4.27110481 1.77934229
v -4.56358862 -4.22162580 1.83148909
v -4.56270266 -4.22111082 1.82178593
v -4.45726395 -4.23851442 1.78774965
v -4.37681770 -4.24688959 1.85007286
v -4.50989056 -4.25103092 1.85838032
v -4.27004766 -4.32808542 1.84170055
v -4.24316025 -4.39043379 1.83752501
v -4.23860931 -4.45862484 1.83331895
v -4.29700089 -4.57981586 1.82492030
v -4.25733137 -4.52427721 1.82912111
v -4.35335207 -4.61893988 1.82070208
v -4.56270266 -4.65388918 1.78013718
v -4.41985035 -4.63668108 1.81646585
v -4.31141138 -4.65337420 1.63918138
v -4.31229734 -4.65388918 1.62947822
v -4.43750000 -4.68750000 1.62307692
v -4.41071081 -4.63566351 1.59586823
v -4.43750000 -4.68750000 1.63269234
v -4.58972454 -4.63581228 1.61512589
v -4.47866964 -4.63321877 1.59168947
v -4.22128725 -4.56300735 1.63587677
v -4.34569073 -4.61516809 1.60007250
v -4.22019243 -4.56110191 1.64558649
v -4.18750238 -4.43861961 1.64225578
v -4.25436068 -4.51778460 1.60840392
v -4.18750238 -4.43638039 1.65197492
v -4.22019243 -4.31389809 1.64864433
v -4.24470377 -4.38448858 1.61674702
v -4.22128725 -4.31199265 1.65835404
v -4.31141138 -4.22162580 1.65504944
v -4.32064724 -4.27525187 1.62505090
v -4.43750000 -4.18750000 1.67115390
v -4.43750000 -4.18750000 1.66153848
v -4.38211584 -4.24528646 1.62925816
v -4.31229734 -4.22111082 1.66475260
v -4.56358862 -4.22162580 1.67764294
v -4.56270266 -4.22111082 1.66793978
v -4.44994307 -4.23793316 1.63345408
v -4.43869448 -4.23755598 1.70007312
v -4.31216526 -4.28170538 1.69170642
v -4.24204731 -4.39525843 1.68337595
v -4.25906515 -4.52780676 1.67503428
v -4.29954910 -4.58227682 1.67085731
v -4.35628796 -4.62028027 1.66665828
v -4.57645082 -4.64532852 1.62542439
v -4.49038458 -4.63041258 1.65826321
v -4.42247725 -4.63689232 1.66245842
v -4.31141138 -4.65337420 1.71610439
v -4.31229734 -4.65388918 1.70640123
v -4.43750000 -4.68750000 1.70000005
v -4.37148046 -4.62632704 1.67527187
v -4.43750000 -4.68750000 1.70961535
v -4.56358862 -4.65337420 1.69351101
v -4.50370264 -4.62626266 1.66702390
v -4.22128725 -4.56300735 1.71279979
v -4.26742268 -4.54277325 1.68359983
v -4.22019243 -4.56110191 1.72250962
v -4.18750238 -4.43861961 1.71917892
v -4.18750238 -4.43638039 1.72889805
v -4.22019243 -4.31389809 1.72556734
v -4.23905802 -4.41257477 1.69191539
v -4.22128725 -4.31199265 1.73527706
v -4.31141138 -4.22162580 1.73197246
v -4.29804468 -4.29416609 1.70016897
v -4.43750000 -4.18750000 1.74807692
v -4.43750000 -4.18750000 1.73846149
v -4.41874933 -4.23841810 1.70846653
v -4.31229734 -4.22111082 1.74167562
v -4.56358862 -4.22162580 1.75456595
v -4.56270266 -4.22111082 1.74486279
v -4.40940046 -4.23950386 1.77519810
v -4.54007959 -4.26585484 1.78351867
v -4.29079056 -4.30156660 1.76684213
v -4.25372601 -4.35868406 1.76265156
v -4.24538040 -4.49290752 1.75425446
v -4.23786020 -4.42507648 1.75845385
v -4.27514791 -4.55436087 1.75005424
v -4.38708878 -4.63107014 1.74158001
v -4.32427216 -4.60230017 1.74583173
v -4.56270266 -4.65388918 1.70321417
v -4.52042341 -4.61950588 1.73322678
v -4.31141138 -4.65337420 1.86995053
v -4.31229734 -4.65388918 1.86024737
v -4.43750000 -4.68750000 1.85384619
v -4.43495560 -4.63743162 1.82515562
v -4.43750000 -4.68750000 1.86346149
v -4.56358862 -4.65337420 1.84735715
v -4.55875731 -4.59648466 1.81702316
v -4.22128725 -4.56300735 1.86664593
v -4.30992508 -4.59146929 1.83347034
v -4.22019243 -4.56110191 1.87635577
v -4.18750238 -4.43861961 1.87302506
v -4.24106359 -4.47494793 1.84192359
v -4.26509142 -4.53889275 1.83772314
v -4.18750238 -4.43638039 1.88274419
v -4.22019243 -4.31389809 1.87941349
v -4.26002312 -4.34531498 1.85009480
v -4.22128725 -4.31199265 1.88912332
v -4.31141138 -4.22162580 1.88581860
v -4.43750000 -4.18750000 1.90192306
v -4.43750000 -4.18750000 1.89230764
v -4.35566854 -4.25499773 1.85830021
v -4.31229734 -4.22111082 1.89552176
v -4.56358862 -4.22162580 1.90841210
v -4.56270266 -4.22111082 1.89870894
v -4.48890924 -4.24419069 1.86664319
v -4.40768099 -4.23975182 1.92893791
v -4.47665071 -4.24136496 1.93318033
v -4.34376383 -4.26084900 1.92479563
v -4.25344276 -4.35935068 1.91645348
v -4.24523735 -4.49240923 1.90813231
v -4.27465916 -4.55367899 1.90395176
v -4.32319784 -4.60155582 1.89975786
v -4.56270266 -4.65388918 1.85706031
v -4.45128202 -4.63698053 1.89146388
v -2.62716579 1.69887376 25.12451935
v -2.65913606 1.72725868 25.09774780
v -2.49195957 1.64907813 25.09468460
v -2.53364825 1.65799057 25.12026978
v -2.47905493 1.56955683 25.11548615
v -2.43705106 1.56406879 25.07500076
v -2.72545600 1.67944062 25.12799072
v -2.81929851 1.63513839 25.09533310
v -2.67089891 1.72639585 25.14227295
v -2.57068944 1.71033430 25.13736153
v -2.79391932 1.60813665 25.13071251
v -2.83063912 1.52938223 25.11224556
v -2.82547641 1.62440372 25.09592438
v -2.76607919 1.69067812 25.14707184
v -2.80044818 1.47535264 25.13150024
v -2.78395820 1.44152522 25.13012123
v -2.84765053 1.51828885 25.10289574
v -2.80849171 1.51204658 25.13296700
v -2.83135557 1.61340988 25.09468460
v -2.76115251 1.41368854 25.13960838
v -2.81660628 1.42659056 25.10931587
v -2.74540973 1.36067486 25.11541748
v -2.69569850 1.37565649 25.13680458
v -2.84763527 1.51809418 25.15482521
v -2.81653547 1.42648149 25.15781021
v -2.48427987 1.46414602 25.11054993
v -2.45433164 1.44401109 25.07500076
v -2.54888153 1.37891698 25.10594368
v -2.47618127 1.44390893 25.11856461
v -2.65139842 1.31709003 25.07500076
v -2.65139842 1.34414744 25.10205650
v -2.54899454 1.36550796 25.11195946
v -2.53345323 1.35207510 25.07500076
v -2.67250133 1.31812096 25.07500076
v -2.69340348 1.32120335 25.07500076
v -2.79583549 1.40460873 25.09786797
v -2.65139842 1.33677506 25.10631561
v -2.59687066 1.50208545 25.07500076
v -2.85316944 0.92705101 2.17405176
v -2.83169866 1.65353537 25.07500076
v -4.67532778 -4.36044121 1.99420273
v -4.67517233 -4.51503658 2.00190806
v -4.65371275 -4.56300735 1.77373862
v -4.54843330 -4.60385513 1.80818391
v -4.65480757 -4.56110191 1.76402891
v -4.68749762 -4.43861961 1.76735961
v -4.62752581 -4.49970293 1.80002677
v -4.68749762 -4.43638039 1.75764036
v -4.65480757 -4.31389809 1.76097107
v -4.62490606 -4.36779213 1.79179454
v -4.65371275 -4.31199265 1.75126135
v -4.54781103 -4.27073097 1.71677029
v -4.62768555 -4.37578726 1.72500479
v -4.62434626 -4.50869942 1.73330295
v -4.66454315 -4.33285093 1.98319662
v -4.57885408 -4.29602766 1.94999480
v -4.52278233 -4.25659180 1.94577968
v -4.68513823 -4.47178316 1.99019098
v -4.63664865 -4.41895390 1.95847511
v -4.61860418 -4.35272503 1.95425093
v -4.62757683 -4.59989071 1.99715757
v -4.60435534 -4.54785585 1.96677840
v -4.58414268 -4.63997459 2.00959635
v -4.51000261 -4.67675591 2.00409389
v -4.49872017 -4.62793875 1.97503698
v -4.43706417 -4.68749952 2.01727319
v -4.36967373 -4.67812347 2.01107144
v -4.40865135 -4.64853477 1.98799765
v -4.25078201 -4.60374212 2.01806545
v -4.31597042 -4.62749386 2.00053716
v -4.23821497 -4.56722784 2.01278949
v -4.65371275 -4.56300735 1.69681561
v -4.65480757 -4.56110191 1.68710577
v -4.68749762 -4.43861961 1.69043648
v -4.61563969 -4.52839088 1.72500575
v -4.68749762 -4.43638039 1.68071735
v -4.65480757 -4.31389809 1.68404806
v -4.63346386 -4.39767551 1.71677530
v -4.65371275 -4.31199265 1.67433822
v -4.56447124 -4.28303337 1.70842254
v -4.57379007 -4.29116488 1.64187181
v -4.51637936 -4.25369549 1.63765609
v -4.61542320 -4.34618378 1.64611888
v -4.63578176 -4.41135406 1.65031695
v -4.60796642 -4.54213953 1.65866232
v -4.65371275 -4.56300735 1.92758477
v -4.59183502 -4.56475544 1.95843816
v -4.65480757 -4.56110191 1.91787505
v -4.68749762 -4.43861961 1.92120576
v -4.63753176 -4.43864918 1.95007133
v -4.68749762 -4.43638039 1.91148651
v -4.65480757 -4.31389809 1.91481721
v -4.62613726 -4.37119675 1.94586122
v -4.65371275 -4.31199265 1.90510750
v -4.59281349 -4.31144762 1.94165266
v -4.54097128 -4.26639271 1.93742859
v -4.55117941 -4.27301168 1.87086535
v -4.59954786 -4.32021713 1.87502241
v -4.63726521 -4.44777346 1.88332188
v -4.58669138 -4.57071590 1.89161682
v -4.34161043 -4.20662069 1.58937347
v -4.40497780 -4.18962431 1.58306336
v -4.38791847 -4.20497894 1.57500005
v -4.22955513 -4.29872370 1.58219099
v -4.48599005 -4.19224787 1.59657264
v -4.56252193 -4.22100639 1.59107852
v -4.52048635 -4.22810841 1.57500005
v -4.61411715 -4.26056385 1.60379779
v -4.66846609 -4.34181976 1.59909534
v -4.61339664 -4.31798744 1.57500005
v -4.68266058 -4.38854790 1.61102390
v -4.67898989 -4.50217390 1.60711122
v -4.66851759 -4.53305531 1.61823273
v -4.62598610 -4.50395966 1.57909858
v -4.59246349 -4.56401730 1.58339632
v -4.55227089 -4.60122824 1.65405333
v -4.63718033 -4.42572784 1.64158618
v -4.60070658 -4.55316401 1.64985561
v -4.58547926 -4.30294418 1.63327265
v -4.53127956 -4.26087236 1.62905359
v -4.46542311 -4.23947906 1.62479091
v -4.33475351 -4.26595497 1.61646938
v -4.18750000 -4.43750000 1.57500005
v -4.25066757 -4.36626530 1.60830545
v -4.23772001 -4.56649113 1.57500005
v -4.24727154 -4.49908495 1.60001230
v -4.65371275 -4.56300735 1.85066175
v -4.57272387 -4.58481741 1.88321686
v -4.65480757 -4.56110191 1.84095192
v -4.68749762 -4.43861961 1.84428263
v -4.63522863 -4.46748734 1.87492061
v -4.68749762 -4.43638039 1.83456349
v -4.65480757 -4.31389809 1.83789420
v -4.65371275 -4.31199265 1.82818437
v -4.61029434 -4.33676910 1.86661625
v -4.57878590 -4.29596233 1.79614198
v -4.52303362 -4.25671291 1.79194963
v -4.61804628 -4.35151529 1.80032873
v -4.63165522 -4.48531866 1.80872631
v -4.63647366 -4.41715622 1.80452096
v 3.01297188 1.98736906 25.52103996
v 3.12131476 2.02605486 25.55260086
v 3.05639720 2.03014421 25.50028801
v 3.12381864 1.98850393 25.51709175
v 3.20984387 1.95378578 25.53611565
v 3.18441319 1.99930513 25.54934120
v 3.15631461 2.01423860 25.49541664
v 3.22501993 1.88596261 25.51553535
v 3.23372865 1.84957623 25.51700592
v 3.23509645 1.95281672 25.54611778
v 3.20806718 1.91922987 25.51413918
v 3.23384070 1.81408143 25.50754929
v 3.20847344 1.74384296 25.51048470
v 3.27190995 1.85269582 25.53909492
v 3.23509645 1.95281672 25.49075317
v 3.27187753 1.85310411 25.48749733
v -1.73109365 -2.66603136 25.51622391
v -1.62452328 -1.52500355 25.11920738
v -1.45420027 -1.58235228 25.52962875
v -4.42157793 -4.63690233 1.97503698
v -2.38427114 -2.52275395 25.09468460
v -2.25850677 -2.43481684 25.12443924
v 3.21928740 1.76316893 25.15006828
v 3.25128078 1.74844515 25.12984467
v 3.22950983 1.87121248 25.15663910
v 3.27187753 1.85310411 25.13316536
v 3.23509645 1.95281672 25.13642311
v 3.16817522 1.96019304 25.16318321
v 3.15631461 2.01423860 25.14108467
v 3.23509645 1.95281672 25.19178581
v 3.06333041 1.98907101 25.16976929
v 3.05639696 2.03014421 25.14595795
v 3.15636659 2.01407290 25.19641685
v 3.05615711 2.03013444 25.20132828
v 3.21963954 1.76389730 25.20916557
v 3.25128078 1.74844515 25.18889999
v 3.25093842 1.74777257 25.17771339
v 3.27187753 1.85310411 25.19222069
v 3.27190995 1.85269618 25.18476486
v 3.22940040 1.87162101 25.21571922
v 3.23509645 1.95281672 25.19547844
v 3.16445017 1.96274006 25.22250748
v 3.15631461 2.01423860 25.20014000
v 3.23509645 1.95281672 25.25084114
v 3.05553150 1.98820424 25.22929001
v 3.05639696 2.03014421 25.20501328
v 3.15636659 2.01407290 25.25547218
v 3.05615711 2.03013444 25.26038361
v 3.22809625 1.78606081 25.26962662
v 3.25128078 1.74844515 25.24795532
v 3.25093842 1.74777257 25.23676872
v 3.27187753 1.85310411 25.25127602
v 3.27190995 1.85269618 25.24382019
v 3.22094107 1.89551878 25.27627945
v 3.23509645 1.95281672 25.25453186
v 3.14476466 1.97388959 25.28290558
v 3.15631461 2.01423860 25.25919533
v 3.23509645 1.95281672 25.30989647
v 3.03535151 1.98409581 25.28956795
v 3.05639696 2.03014421 25.26406860
v 3.15636659 2.01407290 25.31452751
v 3.05615711 2.03013444 25.31943893
v 3.22770524 1.78477800 25.32860374
v 3.25128078 1.74844515 25.30701065
v 3.25093842 1.74777257 25.29582405
v 3.27187753 1.85310411 25.31033134
v 3.27190995 1.85269618 25.30287552
v 3.22107387 1.89521885 25.33531380
v 3.23509645 1.95281672 25.31358719
v 3.14337230 1.97454643 25.34205055
v 3.15631461 2.01423860 25.31825066
v 3.23509645 1.95281672 25.36895180
v 3.03251433 1.98329747 25.34879684
v 3.05639696 2.03014421 25.32312393
v 3.15636659 2.01407290 25.37358284
v 3.05615711 2.03013444 25.37849426
v 3.25128078 1.74844515 25.36606598
v 3.25093842 1.74777234 25.35487938
v 3.23089290 1.79667413 25.38838959
v 3.27187753 1.85310411 25.36938667
v 3.27190995 1.85269582 25.36193085
v 3.21741652 1.90294302 25.39487648
v 3.23509645 1.95281672 25.37264252
v 3.13766980 1.97707212 25.40147591
v 3.15631461 2.01423860 25.37730598
v 3.23509645 1.95281672 25.42800713
v 3.05639696 2.03014421 25.38217735
v 3.15636659 2.01407290 25.43263626
v 3.02937007 1.98234713 25.40804672
v 3.05615711 2.03013444 25.43754959
v 3.25128078 1.74844515 25.42512131
v 3.25093842 1.74777234 25.41393280
v 3.23109984 1.79759765 25.44750023
v 3.27187753 1.85310411 25.42844200
v 3.27190995 1.85269582 25.42098427
v 3.21621799 1.90526485 25.45408630
v 3.23509645 1.95281672 25.43169785
v 3.13228559 1.97922313 25.46087456
v 3.15631461 2.01423860 25.43636131
v 3.23509645 1.95281672 25.48706245
v 3.05639696 2.03014421 25.44123268
v 3.15636659 2.01407290 25.49169159
v 3.02186942 1.97979474 25.46757126
v 3.05615711 2.03013444 25.49660492
v 3.18585420 1.71659613 25.50097275
v 3.25128078 1.74844515 25.48417664
v 3.25093842 1.74777257 25.47298813
v 3.27190995 1.85269618 25.48003960
v 3.25093842 1.74777234 25.53204346
v 3.23509645 1.95281672 25.55531502
v 3.08550715 1.98934841 25.47110748
v 3.18443894 1.94701076 25.46459770
v 3.23361969 1.85008597 25.45801926
v 3.20824385 1.74349332 25.45138168
v 3.09432435 1.98855758 25.41152573
v 3.19287133 1.93852186 25.40483093
v 3.23472381 1.83607686 25.39812851
v 3.19856572 1.73032057 25.39135551
v 3.10632563 1.98666155 25.35174942
v 3.19747567 1.93326795 25.34535980
v 3.23476577 1.83457315 25.33898354
v 3.20041656 1.73262668 25.33247566
v 3.11372733 1.98501551 25.29224396
v 3.20474648 1.92387509 25.28560066
v 3.23445249 1.82081866 25.27910995
v 3.19158554 1.72236574 25.27261543
v 3.11548662 1.98456979 25.23308182
v 3.20650005 1.92137265 25.22636414
v 3.23360205 1.81204343 25.21953201
v 3.18277001 1.71373177 25.21282768
v 3.02674961 1.98150158 25.17937279
v 3.13828039 1.97681403 25.17259789
v 3.21748257 1.90281212 25.16602898
v 3.23063779 1.79557085 25.15948486
v 3.17081523 1.70398116 25.15285301
v 0.00000000 3.00000000 25.07500076
v 1.53238130 2.86865306 25.07500076
v -2.97329974 0.39897329 25.07500076
v -3.78511477 1.23107851 25.07500076
v -2.85153961 1.45098150 25.07500076
v 2.44812894 -2.89020634 25.09468460
v 2.46206427 -2.90410686 25.07500076
v 2.36461234 -2.92480016 25.09468460
v 2.48272276 -2.80668998 25.09468460
v 2.36461234 -2.68857956 25.09468460
v 2.44812894 -2.72317338 25.09468460
v 2.28109598 -2.72317338 25.09468460
v 2.26716065 -2.70927286 25.07500076
v 2.28109598 -2.89020634 25.09468460
v 2.59087801 -3.77834558 1.57500005
v -4.34735918 -4.64401007 1.57500005
v -4.47637415 -4.64665604 1.57500005
v -4.57867146 -4.57922316 1.57500005
v -4.62237835 -4.51366472 1.57500005
v 2.50000000 -3.55900002 1.74150002
v 2.40913677 -3.59663677 1.74150002
v 2.62849998 -3.68750000 1.74150002
v 2.59086323 -3.59663677 1.74150002
v 2.59086323 -3.77836323 1.74150002
v 2.50000000 -3.81599998 1.74150002
v 2.37150002 -3.68750000 1.74150002
v 2.40913677 -3.77836323 1.74150002
v -4.27921677 -4.55981064 1.59579170
v -4.45952940 -4.63624573 1.58326793
v -4.33017731 -4.60620928 1.59155345
v -1.56675005 -3.38067269 1.57500005
v -1.64950001 -3.52399993 2.07500005
v -1.56660533 -3.66732788 2.07500005
v -1.40125000 -3.38067269 1.57500005
v -1.56660533 -3.38067222 2.07500005
v -1.31850004 -3.52399993 1.57500005
v -1.40139472 -3.38067222 2.07500005
v -1.31850004 -3.52399993 2.07500005
v -1.40139472 -3.66732788 2.07500005
v 1.40125000 -3.38067269 1.57500005
v 1.31850004 -3.52399993 2.07500005
v 1.40139472 -3.66732788 2.07500005
v 1.56675005 -3.38067269 1.57500005
v 1.40139472 -3.38067222 2.07500005
v 1.56660533 -3.38067222 2.07500005
v 1.64950001 -3.52399993 2.07500005
v 1.56660533 -3.66732788 2.07500005
v 2.52016997 2.45411658 25.07500076
v 2.21315074 2.45536065 25.07500076
v -2.24343443 -2.33373857 25.52494431
v -1.55410194 -2.45791435 25.50028801
v -1.48918438 -2.46200371 25.55260086
v -1.59752727 -2.50068951 25.52103996
v -1.64915061 -2.49334049 25.50510979
v -1.62073624 -2.47681332 25.55240440
v -1.68391287 -2.57418418 25.52602386
v -1.70004940 -2.75772953 25.52270126
v -2.87663627 -0.93467575 2.13881326
v -2.87663627 0.93467575 2.13881326
v -2.85316944 -0.92705101 2.17405176
v 1.60807323 -1.58235228 25.52962875
v -1.65657663 -2.27291727 2.07500005
v -2.27418494 -1.65472984 25.07500076
v -1.62918246 -1.62795556 25.07500076
v -1.53113675 -1.66893196 25.07500076
v -1.43368483 -1.62855387 25.07500076
v -1.39334631 -1.53167546 25.07500076
v -2.67501736 -0.86847878 2.07500005
v -2.67528033 -0.86761886 25.07500076
v -2.67528033 0.86761886 2.07500005
v -1.23107576 -3.78509283 25.07500076
v 1.65655589 2.82945395 25.07500076
v -1.21283424 3.41189623 25.07500076
v -2.35114098 3.23606801 25.09468460
v -3.23606801 2.35114098 25.09468460
v -3.98030591 0.00582439 25.07500076
v -3.80422616 1.23606801 25.09468460
v -2.94719577 -0.56001115 25.07500076
v -4.00000000 -0.00000000 25.09468460
v -3.80422616 -1.23606801 25.09468460
v -3.23606801 -2.35114098 25.09468460
v -2.35114098 -3.23606801 25.09468460
v -2.84694624 1.55623269 25.09468460
v -2.84131503 1.58541131 25.09468460
v 1.53238130 2.84896803 25.09468460
v 1.88611984 2.42924738 25.09468460
v 1.85152614 2.34573078 25.09468460
v 1.86284351 2.25872421 25.07500076
v 2.05819035 2.45123887 25.07500076
v 2.10492015 2.37156916 25.07500076
v 2.09083962 2.28028417 25.07500076
v 1.99548769 2.21038318 25.07500076
v 2.24650216 -2.80668998 25.09468460
v -1.23251438 3.41243505 25.09468460
v -2.47577524 1.44470656 25.54323196
v -2.54819155 1.36599970 25.53927612
v -2.45517826 1.54936552 25.54655266
v -2.51883483 1.67775810 25.55154800
v -2.49195957 1.64907813 25.54980850
v -1.43309093 -1.43431795 25.07500076
v -2.79834843 1.40264547 25.09970284
v -2.83135557 1.61340988 25.50621796
v -2.83135557 1.61340988 25.32905388
v -2.83135557 1.61340988 25.33274460
v -2.83135557 1.61340988 25.38810921
v -2.83135557 1.61340988 25.39179993
v -2.83135557 1.61340988 25.44716263
v -2.83135557 1.61340988 25.45085526
v 1.43775022 -1.52500355 25.11920738
v 0.27562073 2.16595936 25.07500076
v 1.96963632 2.20793557 25.07500076
v -2.49195957 1.64907813 25.55531502
v -2.49195957 1.64907813 25.48706245
v -2.49195957 1.64907813 25.43169785
v -2.49195957 1.64907813 25.42800713
v -2.49195957 1.64907813 25.30989647
v -2.49195957 1.64907813 25.36895180
v -2.49195957 1.64907813 25.31358719
v -2.49195957 1.64907813 25.37264252
v -2.65139842 1.33677506 25.12088776
v -2.54819155 1.36599970 25.12588882
v -2.58761907 1.38217735 25.14330101
v -2.81660628 1.42659056 25.16837120
v -2.74540973 1.36067486 25.17447281
v -2.74541378 1.36067700 25.16117477
v -2.65139842 1.33677506 25.17994308
v -2.65139842 1.33677506 25.16537094
v -2.66105509 1.36925638 25.14624023
v -2.54819155 1.36599970 25.18494415
v -2.54900622 1.36550069 25.17106628
v -2.69624233 1.37574077 25.19578171
v -2.58568835 1.38306868 25.20250320
v -2.78373718 1.44138956 25.18915367
v -2.81660628 1.42659056 25.22742653
v -2.81653547 1.42648149 25.21686363
v -2.80724978 1.50284338 25.19260597
v -2.74540973 1.36067486 25.23352814
v -2.74541378 1.36067700 25.22023010
v -2.75233603 1.40578353 25.19936562
v -2.65139842 1.33677506 25.23899841
v -2.65139842 1.33677506 25.22442436
v -2.54819155 1.36599970 25.24399948
v -2.64635181 1.36896825 25.20616722
v -2.54900622 1.36550081 25.23012161
v -2.67432952 1.37073791 25.25617218
v -2.56644320 1.39332533 25.26285172
v -2.77108121 1.42428589 25.24947166
v -2.81660628 1.42659056 25.28648186
v -2.81653547 1.42648149 25.27591896
v -2.80178738 1.47992241 25.25306129
v -2.74540973 1.36067486 25.29258156
v -2.74541378 1.36067700 25.27928543
v -2.73642278 1.39419377 25.25959015
v -2.65139842 1.33677506 25.29805374
v -2.65139842 1.33677506 25.28347969
v -2.54819155 1.36599970 25.30305481
v -2.63105202 1.37018359 25.26613426
v -2.54900622 1.36550069 25.28917503
v -2.67215037 1.37041545 25.31535721
v -2.56590605 1.39366162 25.32194519
v -2.76734352 1.42005515 25.30886269
v -2.80891085 1.51747680 25.30245972
v -2.76607919 1.69067812 25.32423782
v -2.77990556 1.61911130 25.29606819
v -2.76570749 1.69097960 25.26888847
v -2.84765053 1.51828885 25.33905792
v -2.84763527 1.51809418 25.33199120
v -2.79738069 1.58706188 25.30562019
v -2.72309136 1.66822696 25.29894638
v -2.81660628 1.42659056 25.34553719
v -2.81653547 1.42648149 25.33497429
v -2.80065203 1.47647631 25.31233025
v -2.74540973 1.36067486 25.35163689
v -2.74541378 1.36067700 25.33834076
v -2.72990775 1.39025629 25.31909752
v -2.65139842 1.33677506 25.35710716
v -2.65139842 1.33677506 25.34253502
v -2.54819155 1.36599970 25.36211014
v -2.62030602 1.37195575 25.32583618
v -2.54900622 1.36550069 25.34823036
v -2.65720272 1.36904263 25.37530518
v -2.55338287 1.40239763 25.38190651
v -2.75767970 1.41042638 25.36872864
v -2.80786681 1.50701892 25.36213875
v -2.76607919 1.69067812 25.38329124
v -2.78375983 1.61336946 25.35553551
v -2.76570749 1.69097960 25.32794380
v -2.84765053 1.51828885 25.39811325
v -2.84763527 1.51809418 25.39104652
v -2.79709244 1.58776498 25.36462975
v -2.72489262 1.66729283 25.35812187
v -2.81660628 1.42659056 25.40459061
v -2.81653547 1.42648149 25.39402962
v -2.80092812 1.47729099 25.37133408
v -2.74540973 1.36067486 25.41069221
v -2.74541378 1.36067700 25.39739609
v -2.73362374 1.39245045 25.37789726
v -2.65139842 1.33677506 25.41616249
v -2.65139842 1.33677506 25.40159035
v -2.54819155 1.36599970 25.42116547
v -2.62596512 1.37092757 25.38455009
v -2.54900622 1.36550069 25.40728569
v -2.65597939 1.36899519 25.43443298
v -2.55256152 1.40303624 25.44102287
v -2.75852227 1.41119909 25.42771530
v -2.80798984 1.50795674 25.42113876
v -2.76607919 1.69067812 25.44234657
v -2.78424478 1.61260736 25.41464424
v -2.76570749 1.69097960 25.38699913
v -2.84765053 1.51828885 25.45716858
v -2.84763527 1.51809418 25.45009995
v -2.80362630 1.56864250 25.42488289
v -2.73928595 1.65873265 25.41817093
v -2.81660628 1.42659056 25.46364594
v -2.81653547 1.42648149 25.45308495
v -2.79302526 1.45796323 25.43162918
v -2.74540973 1.36067486 25.46974754
v -2.74541378 1.36067700 25.45645142
v -2.65139842 1.33677506 25.47521782
v -2.65139842 1.33677506 25.46064568
v -2.71516991 1.38278723 25.43818665
v -2.54819155 1.36599970 25.48022079
v -2.60751867 1.37506974 25.44472694
v -2.54900622 1.36550069 25.46634102
v -2.64270616 1.36912072 25.49427795
v -2.74847102 1.40267932 25.48755264
v -2.80616522 1.49686134 25.48086166
v -2.76607919 1.69067812 25.50140190
v -2.76570749 1.69097960 25.44605446
v -2.78833771 1.60576475 25.47417068
v -2.84763527 1.51809418 25.50915527
v -2.80540371 1.56150913 25.48437500
v -2.74665999 1.65349889 25.47776222
v -2.81653547 1.42648149 25.51214027
v -2.79133415 1.45458245 25.49090576
v -2.74541378 1.36067700 25.51550484
v -2.65139842 1.33677506 25.51970100
v -2.71388483 1.38222253 25.49732971
v -2.60674477 1.37529421 25.50381851
v -2.54900622 1.36550069 25.52539635
v -2.57074118 1.71049988 25.43636131
v -2.59477043 1.67548454 25.46087456
v -2.51083779 1.60152626 25.45408630
v -2.45517826 1.54936552 25.42844200
v -2.45514607 1.54895723 25.42098427
v -2.57068944 1.71033430 25.49169159
v -2.54261708 1.64327216 25.46459770
v -2.49343610 1.54634738 25.45801926
v -2.45514607 1.54895723 25.48003960
v -2.67065883 1.72640574 25.44123268
v -2.67089891 1.72639585 25.49660492
v -2.64154863 1.68560982 25.47110748
v -2.70518661 1.67605615 25.46757126
v 1.62918246 -1.43431795 25.07500076
v -2.55624080 1.40024257 25.15285301
v -2.50776863 1.45943034 25.15006828
v -2.49641800 1.49183226 25.15948486
v -2.47577524 1.44470656 25.12984467
v -2.54428601 1.40999317 25.21282768
v -2.50741625 1.46015871 25.20916557
v -2.49345398 1.50830483 25.21953201
v -2.47577524 1.44470656 25.18889999
v -2.53547025 1.41862714 25.27261543
v -2.49895978 1.48232222 25.26962662
v -2.49260354 1.51708007 25.27910995
v -2.50611496 1.59178019 25.27627945
v -2.45517826 1.54936552 25.25127602
v -2.47577524 1.44470656 25.24795532
v -2.52230954 1.62013650 25.28560066
v -2.58229136 1.67015100 25.28290558
v -2.61332846 1.68127692 25.29224396
v -2.69170427 1.68035722 25.28956795
v -2.57074118 1.71049988 25.25919533
v -2.67065883 1.72640574 25.26406860
v -2.52663922 1.42888808 25.33247566
v -2.49935055 1.48103940 25.32860374
v -2.49229026 1.53083456 25.33898354
v -2.50598192 1.59148026 25.33531380
v -2.45517826 1.54936552 25.31033134
v -2.47577524 1.44470656 25.30701065
v -2.52958035 1.62952936 25.34535980
v -2.58368373 1.67080784 25.34205055
v -2.62073040 1.68292296 25.35174942
v -2.69454145 1.67955887 25.34879684
v -2.57074118 1.71049988 25.31825066
v -2.67065883 1.72640574 25.32312393
v -2.52849007 1.42658198 25.39135551
v -2.49616313 1.49293554 25.38838959
v -2.47577524 1.44470656 25.36606598
v -2.49233198 1.53233826 25.39812851
v -2.50963950 1.59920442 25.39487648
v -2.45517826 1.54936552 25.36938667
v -2.53418469 1.63478327 25.40483093
v -2.58938622 1.67333353 25.40147591
v -2.63273168 1.68481898 25.41152573
v -2.69768572 1.67860854 25.40804672
v -2.67065883 1.72640574 25.38217735
v -2.57074118 1.71049988 25.37730598
v -2.51881194 1.43975472 25.45138168
v -2.49595594 1.49385905 25.44750023
v -2.47577524 1.44470656 25.42512131
v -2.54120159 1.41285753 25.50097275
v -2.47577524 1.44470656 25.48417664
v -2.47611761 1.44403374 25.53204346
v -2.47611761 1.44403374 25.47298813
v -2.67089891 1.72639585 25.43754959
v -2.57068944 1.71033430 25.43263626
v -2.47611761 1.44403374 25.41393280
v -2.67089891 1.72639585 25.37849426
v -2.57068944 1.71033430 25.37358284
v -2.47611761 1.44403374 25.35487938
v -2.45514607 1.54895723 25.36193085
v -2.67089891 1.72639585 25.31943893
v -2.57068944 1.71033430 25.31452751
v -2.45514607 1.54895723 25.30287552
v -2.47611761 1.44403374 25.29582405
v -2.47611737 1.44403398 25.23676872
v -2.47611761 1.44403374 25.17771339
v 2.50000000 -3.88235688 2.25299597
v 2.42141342 -3.76510334 2.27900004
v 2.61044335 -3.68793178 2.27900004
v 2.57811069 -3.76558280 2.27900004
v 2.50000000 -3.79794717 2.27900004
v 2.57858658 -3.60989666 2.27900004
v 2.50000000 -3.49264312 2.25299597
v 2.50000000 -3.76250005 2.26900005
v 2.57489204 -3.68780732 2.26900005
v 2.50000000 -3.61249995 2.26900005
v 2.50000000 -3.61249995 2.27900004
v 2.42510796 -3.68719268 2.26900005
v 2.42510796 -3.68780732 2.27900004
v 2.57489204 -3.68719268 2.27900004
v 2.50000000 -3.76250005 2.27900004
v 2.38955665 -3.68706822 2.27900004
v 2.42188931 -3.60941720 2.27900004
v 2.50000000 -3.57705283 2.27900004
v -2.50000000 -3.61249995 1.76150000
v -2.57489204 -3.68719268 1.76150000
v -2.50000000 -3.76250005 1.76150000
v -2.50000000 -3.76250005 1.83150005
v -2.42510796 -3.68780732 1.76150000
v -2.42510796 -3.68719268 1.83150005
v -2.57489204 -3.68780732 1.83150005
v -2.50000000 -3.61249995 1.83150005
v 2.50000000 -3.76250005 1.76150000
v 2.57489204 -3.68780732 1.76150000
v 2.50000000 -3.61249995 1.76150000
v 2.50000000 -3.61249995 1.83150005
v 2.42510796 -3.68719268 1.76150000
v 2.42510796 -3.68780732 1.83150005
v 2.57489204 -3.68719268 1.83150005
v 2.50000000 -3.76250005 1.83150005
v 5.14221478 -6.00000000 1.41312337
v 5.14221478 6.00000000 1.41312337
v 5.15173674 6.00000000 1.43401659
v 4.52517462 6.00000000 1.44571412
v 5.15173674 -6.00000000 1.43401659
v 5.15503502 -6.00000000 1.52847064
v 4.52509832 6.00000000 1.45007658
v 5.15503502 6.00000000 1.52847064
v 4.52511740 6.00000000 1.44789505
v 5.12070799 -6.00000000 1.40508187
v 5.12070799 6.00000000 1.40508187
v 4.92768383 6.00000000 1.41182232
v 4.92768383 -6.00000000 1.41182232
v 4.52517462 -6.00000000 1.44571412
v 5.63624763 6.00000000 0.98625898
v 5.13512945 6.00000000 1.10263562
v 5.48987055 6.00000000 1.10263562
v 5.13512945 -6.00000000 1.10263562
v 5.50134993 6.00000000 1.10492241
v 5.50134993 -6.00000000 1.10492241
v 5.48987055 -6.00000000 1.10263562
v 5.12365007 6.00000000 1.10492241
v 4.76792240 6.00000000 1.20708895
v 5.11391592 6.00000000 1.11142242
v 5.12365007 -6.00000000 1.10492241
v 4.98875237 6.00000000 0.98625898
v 4.89308596 6.00000000 1.33225238
v 4.89308596 -6.00000000 1.33225238
v 5.11391592 -6.00000000 1.11142242
v 4.88298321 6.00000000 1.34738159
v 4.71711111 6.00000000 1.21719646
v 4.87942934 6.00000000 1.36522317
v 4.88298321 -6.00000000 1.34738159
v 4.89366722 6.00000000 1.39876342
v 4.87942934 -6.00000000 1.36522317
v 4.89366722 -6.00000000 1.39876342
v 4.56328869 6.00000000 1.53997660
v 5.14659929 6.00000000 1.54938924
v 4.65446091 6.00000000 1.57500041
v 5.12606668 6.00000000 1.55853164
v 5.14659929 -6.00000000 1.54938924
v 4.65446091 -6.00000000 1.57500041
v 5.12606668 -6.00000000 1.55853164
v 4.56328297 -6.00000000 1.53997099
v 4.52509832 -6.00000000 1.45007658
v 4.52511740 -6.00000000 1.44789505
v 4.69512701 6.00000000 0.97849911
v 4.54164362 6.00000000 0.97410834
v 4.54164362 -6.00000000 0.97410834
v 4.68835258 6.00000000 1.17249095
v 4.68832445 6.00000000 1.17411828
v 4.68669128 6.00000000 0.95758057
v 4.55116558 6.00000000 0.95321518
v 4.66615868 6.00000000 0.94843823
v 4.57267189 6.00000000 0.94517356
v 4.55116558 -6.00000000 0.95321518
v 4.66615868 -6.00000000 0.94843823
v 4.57267189 -6.00000000 0.94517356
v 4.68669128 -6.00000000 0.95758057
v 4.68835258 -6.00000000 1.17249095
v 4.69512701 -6.00000000 0.97849911
v 4.68832445 -6.00000000 1.17411828
v 4.71710634 -6.00000000 1.21719444
v 4.98875237 -6.00000000 0.98625898
v 4.76792240 -6.00000000 1.20708895
v 5.62974739 6.00000000 0.97652495
v 4.99525261 6.00000000 0.97652495
v 5.62746048 6.00000000 0.96504575
v 4.99753952 6.00000000 0.96504575
v 4.99525261 -6.00000000 0.97652495
v 4.99753952 6.00000000 0.61030424
v 5.17470455 6.00000000 0.78767502
v 4.99753952 -6.00000000 0.61030424
v 5.31310081 6.00000000 0.92546737
v 5.31195545 6.00000000 0.64988238
v 4.99753952 -6.00000000 0.96504575
v 5.62974739 6.00000000 0.59882504
v 4.99525261 6.00000000 0.59882504
v 5.62746048 6.00000000 0.61030424
v 5.63624763 6.00000000 0.58909106
v 4.98875237 6.00000000 0.58909106
v 4.99525261 -6.00000000 0.59882504
v 5.11391592 6.00000000 0.46392757
v 4.76792240 6.00000000 0.36826104
v 4.76792240 -6.00000000 0.36826104
v 5.12365007 6.00000000 0.47042757
v 5.13512945 6.00000000 0.47271436
v 5.48987055 6.00000000 0.47271436
v 5.50134993 6.00000000 0.47042757
v 4.98875237 -6.00000000 0.58909106
v 4.89308596 6.00000000 0.24309759
v 4.71710634 6.00000000 0.35815555
v 4.54164362 6.00000000 0.60124165
v 4.68832445 6.00000000 0.40123177
v 4.71711111 -6.00000000 0.35815352
v 4.52517462 6.00000000 0.12963586
v 4.89366722 6.00000000 0.17658655
v 4.87942934 6.00000000 0.21012686
v 4.88298321 6.00000000 0.22796844
v 4.68832445 -6.00000000 0.40123177
v 4.68835258 6.00000000 0.40285906
v 4.69512701 6.00000000 0.59685087
v 4.69512701 -6.00000000 0.59685087
v 4.68835258 -6.00000000 0.40285906
v 4.68669128 6.00000000 0.61776942
v 4.55116558 6.00000000 0.62213480
v 4.66615868 6.00000000 0.62691182
v 4.68669128 -6.00000000 0.61776942
v 4.57267189 6.00000000 0.63017642
v 4.57267189 -6.00000000 0.63017642
v 4.66615868 -6.00000000 0.62691182
v 4.55116558 -6.00000000 0.62213480
v 4.52517462 -6.00000000 0.12963586
v 4.54164362 -6.00000000 0.60124165
v 5.15503502 6.00000000 0.04687933
v 4.52511740 6.00000000 0.12745498
v 5.15173674 6.00000000 0.14133345
v 4.92768383 6.00000000 0.16352764
v 4.52509832 6.00000000 0.12527342
v 4.52511740 -6.00000000 0.12745498
v 4.56328297 6.00000000 0.03537896
v 4.52509832 -6.00000000 0.12527342
v 5.12606668 6.00000000 0.01681841
v 4.65446091 6.00000000 0.00034957
v 4.56328869 -6.00000000 0.03537336
v 5.14659929 6.00000000 0.02596080
v 5.12606668 -6.00000000 0.01681841
v 4.65446091 -6.00000000 0.00034957
v 5.14659929 -6.00000000 0.02596080
v 5.15173674 -6.00000000 0.14133345
v 5.15503502 -6.00000000 0.04687933
v 5.14259434 6.00000000 0.16186622
v 5.12167597 6.00000000 0.17030197
v 5.14259434 -6.00000000 0.16186622
v 4.92768383 -6.00000000 0.16352764
v 5.12167597 -6.00000000 0.17030197
v 4.89366722 -6.00000000 0.17658655
v 4.87942934 -6.00000000 0.21012686
v 4.88298321 -6.00000000 0.22796844
v 5.11391592 -6.00000000 0.46392757
v 4.89308596 -6.00000000 0.24309759
v 5.12365007 -6.00000000 0.47042757
v 5.48987055 -6.00000000 0.47271436
v 5.13512945 -6.00000000 0.47271436
v 5.85707760 6.00000000 0.36826104
v 5.51108408 6.00000000 0.46392757
v 5.50134993 -6.00000000 0.47042757
v 5.87220669 6.00000000 0.35815841
v 5.73191404 6.00000000 0.24309759
v 5.73191404 -6.00000000 0.24309759
v 5.51108408 -6.00000000 0.46392757
v 6.09982538 6.00000000 0.12963586
v 5.74201965 6.00000000 0.19228123
v 5.89004803 6.00000000 0.35460413
v 5.69894314 6.00000000 0.16349924
v 5.74202156 -6.00000000 0.19228615
v 5.48240566 6.00000000 0.16186622
v 5.69894314 -6.00000000 0.16349924
v 5.69731617 6.00000000 0.16352764
v 5.50332403 6.00000000 0.17030197
v 5.50332403 -6.00000000 0.17030197
v 5.69731617 -6.00000000 0.16352764
v 5.47326326 6.00000000 0.14133345
v 5.48240566 -6.00000000 0.16186622
v 5.46999836 6.00000000 0.04784712
v 5.46999836 -6.00000000 0.04784712
v 5.47326326 -6.00000000 0.14133345
v 6.06479597 6.00000000 0.03845774
v 5.47804022 6.00000000 0.02634063
v 5.97490168 6.00000000 0.00027343
v 5.49893332 6.00000000 0.01681841
v 5.47804022 -6.00000000 0.02634063
v 5.97053909 6.00000000 0.00034957
v 5.97053909 -6.00000000 0.00034957
v 5.49893332 -6.00000000 0.01681841
v 5.97272015 6.00000000 0.00029246
v 5.97272015 -6.00000000 0.00029246
v 5.97490168 -6.00000000 0.00027343
v 6.06480169 -6.00000000 0.03846355
v 5.92987299 6.00000000 0.59685087
v 6.08335638 6.00000000 0.60124165
v 6.08335638 -6.00000000 0.60124165
v 5.93664742 6.00000000 0.40285906
v 5.92358828 6.00000000 0.36884227
v 6.09982538 -6.00000000 0.12963586
v 5.93830872 6.00000000 0.61776942
v 6.07421398 6.00000000 0.62177444
v 5.95884132 6.00000000 0.62691182
v 6.05329561 6.00000000 0.63021022
v 6.07421398 -6.00000000 0.62177444
v 5.95884132 -6.00000000 0.62691182
v 6.05329561 -6.00000000 0.63021022
v 5.93830872 -6.00000000 0.61776942
v 5.93664742 -6.00000000 0.40285906
v 5.92987299 -6.00000000 0.59685087
v 5.92358828 -6.00000000 0.36884227
v 5.89004803 -6.00000000 0.35460413
v 5.87220669 -6.00000000 0.35815841
v 5.63624763 -6.00000000 0.58909106
v 5.85707760 -6.00000000 0.36826104
v 5.62974739 -6.00000000 0.59882504
v 5.62746048 -6.00000000 0.96504575
v 5.45029545 6.00000000 0.78767502
v 5.62746048 -6.00000000 0.61030424
v 5.62974739 -6.00000000 0.97652495
v 5.51108408 6.00000000 1.11142242
v 5.85707760 6.00000000 1.20708895
v 5.85707760 -6.00000000 1.20708895
v 5.63624763 -6.00000000 0.98625898
v 5.73191404 6.00000000 1.33225238
v 5.87220669 6.00000000 1.21719158
v 5.89004803 6.00000000 1.22074592
v 5.87220669 -6.00000000 1.21719158
v 5.92358828 6.00000000 1.20650768
v 5.89004803 -6.00000000 1.22074592
v 6.08335638 6.00000000 0.97410834
v 5.93664742 6.00000000 1.17249095
v 5.92358828 -6.00000000 1.20650768
v 6.09982538 6.00000000 1.44571412
v 5.74202156 6.00000000 1.38306379
v 5.92990685 6.00000000 0.97946692
v 5.92990685 -6.00000000 0.97946692
v 5.93664742 -6.00000000 1.17249095
v 5.93794823 6.00000000 0.95796043
v 6.07421398 6.00000000 0.95357555
v 5.95884132 6.00000000 0.94843823
v 5.93794823 -6.00000000 0.95796043
v 6.05329561 6.00000000 0.94513977
v 6.05329561 -6.00000000 0.94513977
v 5.95884132 -6.00000000 0.94843823
v 6.07421398 -6.00000000 0.95357555
v 6.09982538 -6.00000000 1.44571412
v 6.08335638 -6.00000000 0.97410834
v 5.46999836 6.00000000 1.52750289
v 6.06480169 6.00000000 1.53688645
v 5.47326326 6.00000000 1.43401659
v 5.69894314 6.00000000 1.41185081
v 5.97272015 6.00000000 1.57505751
v 5.97490168 6.00000000 1.57507658
v 6.06479597 -6.00000000 1.53689229
v 5.97053909 6.00000000 1.57500041
v 5.49893332 6.00000000 1.55853164
v 5.47804022 6.00000000 1.54900932
v 5.97490168 -6.00000000 1.57507658
v 5.97272015 -6.00000000 1.57505751
v 5.49893332 -6.00000000 1.55853164
v 5.97053909 -6.00000000 1.57500041
v 5.47804022 -6.00000000 1.54900932
v 5.47326326 -6.00000000 1.43401659
v 5.46999836 -6.00000000 1.52750289
v 5.48240566 6.00000000 1.41348374
v 5.69731617 6.00000000 1.41182232
v 5.50332403 6.00000000 1.40504801
v 5.48240566 -6.00000000 1.41348374
v 5.17470455 -6.00000000 0.78767502
v 5.31162357 -6.00000000 0.92546588
v 5.69731617 -6.00000000 1.41182232
v 5.50332403 -6.00000000 1.40504801
v 5.31304455 -6.00000000 0.64988238
v 5.69894314 -6.00000000 1.41185081
v 5.74201965 -6.00000000 1.38306880
v 5.51108408 -6.00000000 1.11142242
v 5.73191404 -6.00000000 1.33225238
v 5.45029545 -6.00000000 0.78767502
v -5.48278522 -6.00000000 1.41312337
v -5.48278522 6.00000000 1.41312337
v -5.47326326 6.00000000 1.43401659
v -6.09982538 6.00000000 1.44571412
v -5.47326326 -6.00000000 1.43401659
v -5.46996498 -6.00000000 1.52847064
v -6.09990168 6.00000000 1.45007658
v -5.46996498 6.00000000 1.52847064
v -6.09988260 6.00000000 1.44789505
v -5.50429201 -6.00000000 1.40508187
v -5.50429201 6.00000000 1.40508187
v -5.69731617 6.00000000 1.41182232
v -5.69731617 -6.00000000 1.41182232
v -6.09982538 -6.00000000 1.44571412
v -4.98875237 6.00000000 0.98625898
v -5.48987055 6.00000000 1.10263562
v -5.13512945 6.00000000 1.10263562
v -5.48987055 -6.00000000 1.10263562
v -5.12365007 6.00000000 1.10492241
v -5.12365007 -6.00000000 1.10492241
v -5.13512945 -6.00000000 1.10263562
v -5.50134993 6.00000000 1.10492241
v -5.85707760 6.00000000 1.20708895
v -5.51108408 6.00000000 1.11142242
v -5.50134993 -6.00000000 1.10492241
v -5.63624763 6.00000000 0.98625898
v -5.73191404 6.00000000 1.33225238
v -5.73191404 -6.00000000 1.33225238
v -5.51108408 -6.00000000 1.11142242
v -5.74201679 6.00000000 1.34738159
v -5.90788889 6.00000000 1.21719646
v -5.74557066 6.00000000 1.36522317
v -5.74201679 -6.00000000 1.34738159
v -5.73133278 6.00000000 1.39876342
v -5.74557066 -6.00000000 1.36522317
v -5.73133278 -6.00000000 1.39876342
v -6.06171131 6.00000000 1.53997660
v -5.47840071 6.00000000 1.54938924
v -5.97053909 6.00000000 1.57500041
v -5.49893332 6.00000000 1.55853164
v -5.47840071 -6.00000000 1.54938924
v -5.97053909 -6.00000000 1.57500041
v -5.49893332 -6.00000000 1.55853164
v -6.06171703 -6.00000000 1.53997099
v -6.09990168 -6.00000000 1.45007658
v -6.09988260 -6.00000000 1.44789505
v -5.92987299 6.00000000 0.97849911
v -6.08335638 6.00000000 0.97410834
v -6.08335638 -6.00000000 0.97410834
v -5.93664742 6.00000000 1.17249095
v -5.93667555 6.00000000 1.17411828
v -5.93830872 6.00000000 0.95758057
v -6.07383442 6.00000000 0.95321518
v -5.95884132 6.00000000 0.94843823
v -6.05232811 6.00000000 0.94517356
v -6.07383442 -6.00000000 0.95321518
v -5.95884132 -6.00000000 0.94843823
v -6.05232811 -6.00000000 0.94517356
v -5.93830872 -6.00000000 0.95758057
v -5.93664742 -6.00000000 1.17249095
v -5.92987299 -6.00000000 0.97849911
v -5.93667555 -6.00000000 1.17411828
v -5.90789366 -6.00000000 1.21719444
v -5.63624763 -6.00000000 0.98625898
v -5.85707760 -6.00000000 1.20708895
v -4.99525261 6.00000000 0.97652495
v -5.62974739 6.00000000 0.97652495
v -4.99753952 6.00000000 0.96504575
v -5.62746048 6.00000000 0.96504575
v -5.62974739 -6.00000000 0.97652495
v -5.62746048 6.00000000 0.61030424
v -5.45029545 6.00000000 0.78767502
v -5.62746048 -6.00000000 0.61030424
v -5.31189919 6.00000000 0.92546737
v -5.31304455 6.00000000 0.64988238
v -5.62746048 -6.00000000 0.96504575
v -4.99525261 6.00000000 0.59882504
v -5.62974739 6.00000000 0.59882504
v -4.99753952 6.00000000 0.61030424
v -4.98875237 6.00000000 0.58909106
v -5.63624763 6.00000000 0.58909106
v -5.62974739 -6.00000000 0.59882504
v -5.51108408 6.00000000 0.46392757
v -5.85707760 6.00000000 0.36826104
v -5.85707760 -6.00000000 0.36826104
v -5.50134993 6.00000000 0.47042757
v -5.48987055 6.00000000 0.47271436
v -5.13512945 6.00000000 0.47271436
v -5.12365007 6.00000000 0.47042757
v -5.63624763 -6.00000000 0.58909106
v -5.73191404 6.00000000 0.24309759
v -5.90789366 6.00000000 0.35815555
v -6.08335638 6.00000000 0.60124165
v -5.93667555 6.00000000 0.40123177
v -5.90788889 -6.00000000 0.35815352
v -6.09982538 6.00000000 0.12963586
v -5.73133278 6.00000000 0.17658655
v -5.74557066 6.00000000 0.21012686
v -5.74201679 6.00000000 0.22796844
v -5.93667555 -6.00000000 0.40123177
v -5.93664742 6.00000000 0.40285906
v -5.92987299 6.00000000 0.59685087
v -5.92987299 -6.00000000 0.59685087
v -5.93664742 -6.00000000 0.40285906
v -5.93830872 6.00000000 0.61776942
v -6.07383442 6.00000000 0.62213480
v -5.95884132 6.00000000 0.62691182
v -5.93830872 -6.00000000 0.61776942
v -6.05232811 6.00000000 0.63017642
v -6.05232811 -6.00000000 0.63017642
v -5.95884132 -6.00000000 0.62691182
v -6.07383442 -6.00000000 0.62213480
v -6.09982538 -6.00000000 0.12963586
v -6.08335638 -6.00000000 0.60124165
v -5.46996498 6.00000000 0.04687933
v -6.09988260 6.00000000 0.12745498
v -5.47326326 6.00000000 0.14133345
v -5.69731617 6.00000000 0.16352764
v -6.09990168 6.00000000 0.12527342
v -6.09988260 -6.00000000 0.12745498
v -6.06171703 6.00000000 0.03537896
v -6.09990168 -6.00000000 0.12527342
v -5.49893332 6.00000000 0.01681841
v -5.97053909 6.00000000 0.00034957
v -6.06171131 -6.00000000 0.03537336
v -5.47840071 6.00000000 0.02596080
v -5.49893332 -6.00000000 0.01681841
v -5.97053909 -6.00000000 0.00034957
v -5.47840071 -6.00000000 0.02596080
v -5.47326326 -6.00000000 0.14133345
v -5.46996498 -6.00000000 0.04687933
v -5.48240566 6.00000000 0.16186622
v -5.50332403 6.00000000 0.17030197
v -5.48240566 -6.00000000 0.16186622
v -5.69731617 -6.00000000 0.16352764
v -5.50332403 -6.00000000 0.17030197
v -5.73133278 -6.00000000 0.17658655
v -5.74557066 -6.00000000 0.21012686
v -5.74201679 -6.00000000 0.22796844
v -5.51108408 -6.00000000 0.46392757
v -5.73191404 -6.00000000 0.24309759
v -5.50134993 -6.00000000 0.47042757
v -5.13512945 -6.00000000 0.47271436
v -5.48987055 -6.00000000 0.47271436
v -4.76792240 6.00000000 0.36826104
v -5.11391592 6.00000000 0.46392757
v -5.12365007 -6.00000000 0.47042757
v -4.75279331 6.00000000 0.35815841
v -4.89308596 6.00000000 0.24309759
v -4.89308596 -6.00000000 0.24309759
v -5.11391592 -6.00000000 0.46392757
v -4.52517462 6.00000000 0.12963586
v -4.88298035 6.00000000 0.19228123
v -4.73495197 6.00000000 0.35460413
v -4.92605686 6.00000000 0.16349924
v -4.88297844 -6.00000000 0.19228615
v -5.14259434 6.00000000 0.16186622
v -4.92605686 -6.00000000 0.16349924
v -4.92768383 6.00000000 0.16352764
v -5.12167597 6.00000000 0.17030197
v -5.12167597 -6.00000000 0.17030197
v -4.92768383 -6.00000000 0.16352764
v -5.15173674 6.00000000 0.14133345
v -5.14259434 -6.00000000 0.16186622
v -5.15500164 6.00000000 0.04784712
v -5.15500164 -6.00000000 0.04784712
v -5.15173674 -6.00000000 0.14133345
v -4.56020403 6.00000000 0.03845774
v -5.14695978 6.00000000 0.02634063
v -4.65009832 6.00000000 0.00027343
v -5.12606668 6.00000000 0.01681841
v -5.14695978 -6.00000000 0.02634063
v -4.65446091 6.00000000 0.00034957
v -4.65446091 -6.00000000 0.00034957
v -5.12606668 -6.00000000 0.01681841
v -4.65227985 6.00000000 0.00029246
v -4.65227985 -6.00000000 0.00029246
v -4.65009832 -6.00000000 0.00027343
v -4.56019831 -6.00000000 0.03846355
v -4.69512701 6.00000000 0.59685087
v -4.54164362 6.00000000 0.60124165
v -4.54164362 -6.00000000 0.60124165
v -4.68835258 6.00000000 0.40285906
v -4.70141172 6.00000000 0.36884227
v -4.52517462 -6.00000000 0.12963586
v -4.68669128 6.00000000 0.61776942
v -4.55078602 6.00000000 0.62177444
v -4.66615868 6.00000000 0.62691182
v -4.57170439 6.00000000 0.63021022
v -4.55078602 -6.00000000 0.62177444
v -4.66615868 -6.00000000 0.62691182
v -4.57170439 -6.00000000 0.63021022
v -4.68669128 -6.00000000 0.61776942
v -4.68835258 -6.00000000 0.40285906
v -4.69512701 -6.00000000 0.59685087
v -4.70141172 -6.00000000 0.36884227
v -4.73495197 -6.00000000 0.35460413
v -4.75279331 -6.00000000 0.35815841
v -4.98875237 -6.00000000 0.58909106
v -4.76792240 -6.00000000 0.36826104
v -4.99525261 -6.00000000 0.59882504
v -4.99753952 -6.00000000 0.96504575
v -5.17470455 6.00000000 0.78767502
v -4.99753952 -6.00000000 0.61030424
v -4.99525261 -6.00000000 0.97652495
v -5.11391592 6.00000000 1.11142242
v -4.76792240 6.00000000 1.20708895
v -4.76792240 -6.00000000 1.20708895
v -4.98875237 -6.00000000 0.98625898
v -4.89308596 6.00000000 1.33225238
v -4.75279331 6.00000000 1.21719158
v -4.73495197 6.00000000 1.22074592
v -4.75279331 -6.00000000 1.21719158
v -4.70141172 6.00000000 1.20650768
v -4.73495197 -6.00000000 1.22074592
v -4.54164362 6.00000000 0.97410834
v -4.68835258 6.00000000 1.17249095
v -4.70141172 -6.00000000 1.20650768
v -4.52517462 6.00000000 1.44571412
v -4.88297844 6.00000000 1.38306379
v -4.69509315 6.00000000 0.97946692
v -4.69509315 -6.00000000 0.97946692
v -4.68835258 -6.00000000 1.17249095
v -4.68705177 6.00000000 0.95796043
v -4.55078602 6.00000000 0.95357555
v -4.66615868 6.00000000 0.94843823
v -4.68705177 -6.00000000 0.95796043
v -4.57170439 6.00000000 0.94513977
v -4.57170439 -6.00000000 0.94513977
v -4.66615868 -6.00000000 0.94843823
v -4.55078602 -6.00000000 0.95357555
v -4.52517462 -6.00000000 1.44571412
v -4.54164362 -6.00000000 0.97410834
v -5.15500164 6.00000000 1.52750289
v -4.56019831 6.00000000 1.53688645
v -5.15173674 6.00000000 1.43401659
v -4.92605686 6.00000000 1.41185081
v -4.65227985 6.00000000 1.57505751
v -4.65009832 6.00000000 1.57507658
v -4.56020403 -6.00000000 1.53689229
v -4.65446091 6.00000000 1.57500041
v -5.12606668 6.00000000 1.55853164
v -5.14695978 6.00000000 1.54900932
v -4.65009832 -6.00000000 1.57507658
v -4.65227985 -6.00000000 1.57505751
v -5.12606668 -6.00000000 1.55853164
v -4.65446091 -6.00000000 1.57500041
v -5.14695978 -6.00000000 1.54900932
v -5.15173674 -6.00000000 1.43401659
v -5.15500164 -6.00000000 1.52750289
v -5.14259434 6.00000000 1.41348374
v -4.92768383 6.00000000 1.41182232
v -5.12167597 6.00000000 1.40504801
v -5.14259434 -6.00000000 1.41348374
v -5.45029545 -6.00000000 0.78767502
v -5.31337643 -6.00000000 0.92546588
v -4.92768383 -6.00000000 1.41182232
v -5.12167597 -6.00000000 1.40504801
v -5.31195545 -6.00000000 0.64988238
v -4.92605686 -6.00000000 1.41185081
v -4.88298035 -6.00000000 1.38306880
v -5.11391592 -6.00000000 1.11142242
v -4.89308596 -6.00000000 1.33225238
v -5.17470455 -6.00000000 0.78767502
v -5.59973574 4.84915113 -1.29252267
v -5.56694126 4.81796122 -1.08748460
v -5.31250000 4.72470093 -1.18075240
v -5.48922729 4.66875172 -1.13885570
v -5.31250000 4.72469234 -1.41698146
v -5.05805874 4.81796837 -1.08749211
v -5.13567543 4.66880035 -1.13880706
v -5.70620060 5.11840153 -0.78705156
v -5.70159912 5.17841911 -0.84706843
v -5.60028982 5.62328053 -0.51839316
v -5.70543623 5.09387398 -0.76252395
v -5.56694126 5.41884232 -0.48661858
v -5.68806648 5.23651171 -0.90516180
v -6.03100395 5.90580320 -0.23587047
v -6.03100395 4.56722069 -1.57445312
v -5.05823660 4.81781721 -1.32385623
v -4.59399605 4.56722069 -1.57445312
v -4.91879940 5.11840153 -0.78705156
v -4.91882801 5.11840153 -1.02327204
v -4.92340136 5.17842197 -0.84707141
v -4.92339993 5.17841816 -0.96325523
v -4.93693352 5.23651171 -0.90516180
v -5.02526426 5.62387276 -0.51780093
v -4.91956377 5.09387398 -0.76252395
v -4.91886806 5.11840153 -0.68920577
v -5.05917406 5.41977549 -0.48573157
v -4.92185068 5.06947851 -0.73812872
v -5.32891226 5.51176023 -0.29584730
v -5.31250000 5.51210213 -0.39334399
v -5.31250000 5.74832296 -0.39335078
v -5.70314932 5.06947851 -0.73812872
v -6.03100395 5.57173681 -0.23587047
v -4.59399605 5.57173681 -0.23587047
v -4.91955948 5.09387398 -0.71373349
v -4.59399605 4.56722069 -1.24038696
v -6.03100395 4.56722069 -1.24038696
v -4.59399605 5.90580320 -0.23587047
v -5.31235695 5.28374958 -0.23587047
v -5.31264305 4.95305347 -0.23587047
v -4.59399605 4.56722069 -0.23587047
v -4.59399605 4.33099985 0.00035000
v -5.14714575 5.11840153 -0.23587047
v -5.31250000 4.56722069 -0.95240593
v -5.14715195 4.56722069 -0.78719461
v -5.31250000 4.56722069 -0.62169725
v -6.03100395 4.56722069 -0.23587047
v -6.03100395 4.33099985 -1.57445312
v -5.47784805 4.56722069 -0.78690857
v -5.47785425 5.11840153 -0.23587047
v -6.03100395 5.90580320 0.00035000
v -6.03100395 4.33099985 0.00035000
v -5.14714575 5.11840153 0.00035000
v -5.31264305 5.28374958 0.00035000
v -5.31235695 4.95305347 0.00035000
v -5.47785425 5.11840153 0.00035000
v -5.31250000 4.33099985 -0.62169725
v -5.47784805 4.33099985 -0.78719461
v -5.19557810 4.33099985 -0.90397549
v -5.19557619 4.33099985 -0.67012954
v -5.14714575 4.33099985 -0.78705156
v -5.31250000 4.33099985 -0.95240593
v -4.59399605 4.33099985 -1.57445312
v -4.59399605 5.90580320 0.00035000
v 5.02526426 4.84915113 -1.29252267
v 5.05805874 4.81796122 -1.08748460
v 5.31250000 4.72470093 -1.18075240
v 5.13577271 4.66875172 -1.13885570
v 5.31250000 4.72469234 -1.41698146
v 5.56694126 4.81796837 -1.08749211
v 5.48932457 4.66880035 -1.13880706
v 4.91879940 5.11840153 -0.78705156
v 4.92340088 5.17841911 -0.84706843
v 5.02471018 5.62328053 -0.51839316
v 4.91956377 5.09387398 -0.76252395
v 5.05805874 5.41884232 -0.48661858
v 4.93693352 5.23651171 -0.90516180
v 4.59399605 5.90580320 -0.23587047
v 4.59399605 4.56722069 -1.57445312
v 5.56676340 4.81781721 -1.32385623
v 6.03100395 4.56722069 -1.57445312
v 5.70620060 5.11840153 -0.78705156
v 5.70617199 5.11840153 -1.02327204
v 5.70159864 5.17842197 -0.84707141
v 5.70160007 5.17841816 -0.96325523
v 5.68806648 5.23651171 -0.90516180
v 5.59973574 5.62387276 -0.51780093
v 5.70543623 5.09387398 -0.76252395
v 5.70613194 5.11840153 -0.68920577
v 5.56582594 5.41977549 -0.48573157
v 5.70314932 5.06947851 -0.73812872
v 5.29608774 5.51176023 -0.29584730
v 5.31250000 5.51210213 -0.39334399
v 5.31250000 5.74832296 -0.39335078
v 4.92185068 5.06947851 -0.73812872
v 4.59399605 5.57173681 -0.23587047
v 6.03100395 5.57173681 -0.23587047
v 5.70544052 5.09387398 -0.71373349
v 6.03100395 4.56722069 -1.24038696
v 4.59399605 4.56722069 -1.24038696
v 6.03100395 5.90580320 -0.23587047
v 5.31264305 5.28374958 -0.23587047
v 5.31235695 4.95305347 -0.23587047
v 6.03100395 4.56722069 -0.23587047
v 6.03100395 4.33099985 0.00035000
v 5.47785425 5.11840153 -0.23587047
v 5.31250000 4.56722069 -0.95240593
v 5.47784805 4.56722069 -0.78719461
v 5.31250000 4.56722069 -0.62169725
v 4.59399605 4.56722069 -0.23587047
v 4.59399605 4.33099985 -1.57445312
v 5.14715195 4.56722069 -0.78690857
v 5.14714575 5.11840153 -0.23587047
v 4.59399605 5.90580320 0.00035000
v 4.59399605 4.33099985 0.00035000
v 5.47785425 5.11840153 0.00035000
v 5.31235695 5.28374958 0.00035000
v 5.31264305 4.95305347 0.00035000
v 5.14714575 5.11840153 0.00035000
v 5.31250000 4.33099985 -0.62169725
v 5.14715195 4.33099985 -0.78719461
v 5.42942190 4.33099985 -0.90397549
v 5.42942381 4.33099985 -0.67012954
v 5.47785425 4.33099985 -0.78705156
v 5.31250000 4.33099985 -0.95240593
v 6.03100395 4.33099985 -1.57445312
v 6.03100395 5.90580320 0.00035000
v -5.59973574 -5.62387276 -0.51780093
v -5.56694126 -5.41883469 -0.48661101
v -5.31250000 -5.51210213 -0.39335078
v -5.48922729 -5.47020578 -0.33740172
v -5.31250000 -5.74833155 -0.39334217
v -5.05805874 -5.41884232 -0.48661858
v -5.13567543 -5.47015715 -0.33745033
v -5.70620060 -5.11840153 -0.78705156
v -5.70159912 -5.17841864 -0.84706891
v -5.60028982 -4.84974337 -1.29193044
v -5.70543623 -5.09387398 -0.76252395
v -5.56694126 -4.81796837 -1.08749211
v -5.68806648 -5.23651171 -0.90516180
v -6.03100395 -4.56722069 -1.57445312
v -6.03100395 -5.90580320 -0.23587047
v -5.05823660 -5.65520620 -0.48646745
v -4.59399605 -5.90580320 -0.23587047
v -4.91879940 -5.11840153 -0.78705156
v -4.91882801 -5.35462189 -0.78705156
v -4.92340136 -5.17842150 -0.84707195
v -4.92339993 -5.29460526 -0.84706837
v -4.93693352 -5.23651171 -0.90516180
v -5.02526426 -4.84915113 -1.29252267
v -4.91956377 -5.09387398 -0.76252389
v -4.91886806 -5.02055597 -0.78705168
v -5.05917406 -4.81708145 -1.08842564
v -4.92185068 -5.06947851 -0.73812872
v -5.32891226 -4.62719727 -1.18041015
v -5.31250000 -4.72469378 -1.18075240
v -5.31250000 -4.72470093 -1.41697288
v -5.70314932 -5.06947851 -0.73812872
v -6.03100395 -4.56722069 -1.24038696
v -4.59399605 -4.56722069 -1.24038696
v -4.91955948 -5.04508352 -0.76252395
v -4.59399605 -5.57173681 -0.23587047
v -6.03100395 -5.57173681 -0.23587047
v -4.59399605 -4.56722069 -1.57445312
v -5.31235695 -4.56722069 -0.95239949
v -5.31264305 -4.56722069 -0.62170368
v -4.59399605 -4.56722069 -0.23587047
v -4.59399605 -4.33099985 0.00035000
v -5.14714575 -4.56722069 -0.78705156
v -5.31250000 -5.28375578 -0.23587047
v -5.14715195 -5.11854458 -0.23587047
v -5.31250000 -4.95304728 -0.23587047
v -6.03100395 -4.56722069 -0.23587047
v -6.03100395 -5.90580320 0.00035000
v -5.47784805 -5.11825848 -0.23587047
v -5.47785425 -4.56722069 -0.78705156
v -6.03100395 -4.33099985 -1.57445312
v -6.03100395 -4.33099985 0.00035000
v -5.14714575 -4.33099985 -0.78705156
v -5.31264305 -4.33099985 -0.95239949
v -5.31235695 -4.33099985 -0.62170368
v -5.47785425 -4.33099985 -0.78705156
v -5.31250000 -4.95304728 0.00035000
v -5.47784805 -5.11854458 0.00035000
v -5.19557810 -5.23532534 0.00035000
v -5.19557619 -5.00147963 0.00035000
v -5.14714575 -5.11840153 0.00035000
v -5.31250000 -5.28375578 0.00035000
v -4.59399605 -5.90580320 0.00035000
v -4.59399605 -4.33099985 -1.57445312
v 5.02526426 -5.62387276 -0.51780093
v 5.05805874 -5.41883469 -0.48661101
v 5.31250000 -5.51210213 -0.39335078
v 5.13577271 -5.47020578 -0.33740172
v 5.31250000 -5.74833155 -0.39334217
v 5.56694126 -5.41884232 -0.48661858
v 5.48932457 -5.47015715 -0.33745033
v 4.91879940 -5.11840153 -0.78705156
v 4.92340088 -5.17841864 -0.84706891
v 5.02471018 -4.84974337 -1.29193044
v 4.91956377 -5.09387398 -0.76252395
v 5.05805874 -4.81796837 -1.08749211
v 4.93693352 -5.23651171 -0.90516180
v 4.59399605 -4.56722069 -1.57445312
v 4.59399605 -5.90580320 -0.23587047
v 5.56676340 -5.65520620 -0.48646745
v 6.03100395 -5.90580320 -0.23587047
v 5.70620060 -5.11840153 -0.78705156
v 5.70617199 -5.35462189 -0.78705156
v 5.70159864 -5.17842150 -0.84707195
v 5.70160007 -5.29460526 -0.84706837
v 5.68806648 -5.23651171 -0.90516180
v 5.59973574 -4.84915113 -1.29252267
v 5.70543623 -5.09387398 -0.76252389
v 5.70613194 -5.02055597 -0.78705168
v 5.56582594 -4.81708145 -1.08842564
v 5.70314932 -5.06947851 -0.73812872
v 5.29608774 -4.62719727 -1.18041015
v 5.31250000 -4.72469378 -1.18075240
v 5.31250000 -4.72470093 -1.41697288
v 4.92185068 -5.06947851 -0.73812872
v 4.59399605 -4.56722069 -1.24038696
v 6.03100395 -4.56722069 -1.24038696
v 5.70544052 -5.04508352 -0.76252395
v 6.03100395 -5.57173681 -0.23587047
v 4.59399605 -5.57173681 -0.23587047
v 6.03100395 -4.56722069 -1.57445312
v 5.31264305 -4.56722069 -0.95239949
v 5.31235695 -4.56722069 -0.62170368
v 6.03100395 -4.56722069 -0.23587047
v 6.03100395 -4.33099985 0.00035000
v 5.47785425 -4.56722069 -0.78705156
v 5.31250000 -5.28375578 -0.23587047
v 5.47784805 -5.11854458 -0.23587047
v 5.31250000 -4.95304728 -0.23587047
v 4.59399605 -4.56722069 -0.23587047
v 4.59399605 -5.90580320 0.00035000
v 5.14715195 -5.11825848 -0.23587047
v 5.14714575 -4.56722069 -0.78705156
v 4.59399605 -4.33099985 -1.57445312
v 4.59399605 -4.33099985 0.00035000
v 5.47785425 -4.33099985 -0.78705156
v 5.31235695 -4.33099985 -0.95239949
v 5.31264305 -4.33099985 -0.62170368
v 5.14714575 -4.33099985 -0.78705156
v 5.31250000 -4.95304728 0.00035000
v 5.14715195 -5.11854458 0.00035000
v 5.42942190 -5.23532534 0.00035000
v 5.42942381 -5.00147963 0.00035000
v 5.47785425 -5.11840153 0.00035000
v 5.31250000 -5.28375578 0.00035000
v 6.03100395 -5.90580320 0.00035000
v 6.03100395 -4.33099985 -1.57445312
f 1 2 3
f 4 3 2
f 5 1 3
f 6 5 3
f 7 6 3
f 4 7 3
f 8 9 2
f 10 2 9
f 1 8 2
f 4 2 10
f 11 12 9
f 13 9 12
f 8 11 9
f 10 9 13
f 14 12 11
f 14 15 12
f 16 12 15
f 13 12 16
f 17 11 8
f 18 14 11
f 18 11 17
f 19 8 1
f 20 17 8
f 21 20 8
f 19 21 8
f 22 1 5
f 22 19 1
f 23 5 6
f 24 5 23
f 24 22 5
f 25 26 27
f 28 27 26
f 29 25 27
f 30 29 27
f 28 30 27
f 31 26 25
f 31 28 26
f 32 25 29
f 31 25 32
f 30 32 29
f 18 32 30
f 19 32 21
f 18 21 32
f 31 32 19
f 33 30 28
f 18 30 33
f 34 28 22
f 31 22 28
f 33 28 34
f 23 6 15
f 7 15 6
f 14 23 15
f 7 16 15
f 33 23 14
f 24 23 35
f 34 35 23
f 33 34 23
f 18 33 14
f 36 37 38
f 39 38 37
f 40 36 38
f 41 40 38
f 42 41 38
f 39 42 38
f 36 43 37
f 44 37 43
f 44 39 37
f 45 43 36
f 46 43 45
f 44 43 46
f 45 36 40
f 41 47 40
f 48 40 47
f 45 40 48
f 41 49 47
f 50 47 49
f 50 48 47
f 42 49 41
f 51 50 49
f 42 51 49
f 18 17 20
f 18 20 21
f 31 19 22
f 24 35 22
f 34 22 35
f 52 16 53
f 54 53 16
f 55 52 53
f 56 53 54
f 57 53 56
f 57 55 53
f 52 13 16
f 7 54 16
f 58 13 52
f 10 13 58
f 59 58 52
f 55 59 52
f 60 10 58
f 59 60 58
f 60 4 10
f 61 62 63
f 64 63 62
f 65 61 63
f 66 65 63
f 67 66 63
f 64 67 63
f 68 62 61
f 69 62 68
f 64 62 69
f 70 61 65
f 71 68 61
f 72 71 61
f 72 61 70
f 73 74 65
f 75 65 74
f 66 73 65
f 75 70 65
f 76 54 74
f 77 74 54
f 73 76 74
f 78 74 77
f 78 75 74
f 79 56 54
f 76 79 54
f 7 77 54
f 80 56 79
f 80 57 56
f 80 79 76
f 81 76 73
f 80 76 81
f 82 73 66
f 82 81 73
f 67 82 66
f 69 68 71
f 83 77 71
f 84 71 77
f 85 83 71
f 72 85 71
f 69 71 84
f 86 77 7
f 83 78 77
f 86 84 77
f 87 7 4
f 87 86 7
f 87 4 60
f 88 70 75
f 89 72 70
f 88 89 70
f 90 75 78
f 90 88 75
f 91 78 83
f 91 90 78
f 92 83 85
f 91 83 92
f 93 85 72
f 93 92 85
f 89 93 72
f 94 87 60
f 94 60 59
f 95 84 86
f 96 69 84
f 95 96 84
f 97 86 87
f 95 86 97
f 94 97 87
f 98 64 69
f 96 98 69
f 99 100 101
f 102 101 100
f 103 99 101
f 104 103 101
f 105 104 101
f 102 105 101
f 106 107 100
f 108 100 107
f 99 106 100
f 109 100 108
f 110 100 109
f 110 111 100
f 102 100 111
f 112 113 107
f 114 107 113
f 115 112 107
f 106 115 107
f 108 107 114
f 116 117 113
f 118 113 117
f 119 116 113
f 112 119 113
f 120 113 118
f 121 113 120
f 121 114 113
f 122 117 116
f 123 124 117
f 125 117 124
f 126 117 122
f 127 117 128
f 129 128 117
f 118 117 127
f 123 117 126
f 125 130 117
f 129 117 130
f 131 116 119
f 122 116 131
f 132 119 112
f 132 131 119
f 133 112 115
f 133 132 112
f 134 115 106
f 134 133 115
f 103 106 99
f 103 134 106
f 135 136 137
f 138 137 136
f 139 135 137
f 140 139 137
f 141 140 137
f 141 137 138
f 142 143 136
f 144 136 143
f 145 142 136
f 135 145 136
f 138 136 146
f 144 146 136
f 147 148 143
f 149 143 148
f 150 147 143
f 142 150 143
f 151 152 143
f 153 143 152
f 151 143 149
f 144 143 153
f 154 148 147
f 155 148 154
f 156 148 155
f 149 148 156
f 157 147 150
f 158 147 157
f 154 147 158
f 159 150 142
f 160 157 150
f 160 150 159
f 161 142 145
f 159 142 161
f 161 145 135
f 162 135 139
f 162 163 135
f 161 135 163
f 162 139 140
f 164 162 140
f 165 164 140
f 141 165 140
f 166 167 168
f 169 168 167
f 170 166 168
f 171 168 169
f 172 170 168
f 171 172 168
f 166 173 167
f 174 167 173
f 174 175 167
f 169 167 175
f 176 177 173
f 178 173 177
f 166 176 173
f 178 174 173
f 179 180 177
f 178 177 180
f 176 179 177
f 181 182 180
f 183 180 182
f 179 181 180
f 183 178 180
f 184 185 182
f 186 182 185
f 181 184 182
f 186 183 182
f 187 188 185
f 186 185 188
f 184 187 185
f 189 188 187
f 190 186 188
f 191 190 188
f 189 191 188
f 192 187 184
f 189 187 192
f 193 184 181
f 193 192 184
f 194 181 179
f 194 193 181
f 195 179 176
f 195 194 179
f 195 176 166
f 170 195 166
f 196 197 198
f 199 198 197
f 200 196 198
f 201 198 199
f 202 200 198
f 201 202 198
f 196 203 197
f 204 197 203
f 204 205 197
f 199 197 205
f 206 207 203
f 204 203 207
f 196 206 203
f 208 209 207
f 210 207 209
f 206 208 207
f 210 204 207
f 211 212 209
f 213 209 212
f 208 211 209
f 213 210 209
f 214 215 212
f 216 212 215
f 211 214 212
f 216 213 212
f 217 218 215
f 216 215 218
f 214 217 215
f 219 218 217
f 220 216 218
f 221 220 218
f 219 221 218
f 222 217 214
f 222 223 217
f 219 217 223
f 222 214 211
f 224 211 208
f 224 222 211
f 225 208 206
f 225 224 208
f 200 206 196
f 200 225 206
f 226 227 228
f 229 228 227
f 230 226 228
f 231 228 229
f 232 230 228
f 231 232 228
f 226 233 227
f 234 227 233
f 234 235 227
f 229 227 235
f 236 237 233
f 238 233 237
f 226 236 233
f 238 234 233
f 239 240 237
f 238 237 240
f 236 239 237
f 241 242 240
f 243 240 242
f 239 241 240
f 243 238 240
f 244 245 242
f 246 242 245
f 241 244 242
f 246 243 242
f 247 248 245
f 249 245 248
f 244 247 245
f 249 246 245
f 250 248 247
f 251 249 248
f 250 251 248
f 252 247 244
f 250 247 252
f 253 244 241
f 253 252 244
f 254 241 239
f 254 253 241
f 255 239 236
f 255 254 239
f 255 236 226
f 230 255 226
f 256 257 258
f 259 258 257
f 260 256 258
f 261 258 259
f 262 260 258
f 261 262 258
f 256 263 257
f 264 257 263
f 264 265 257
f 259 257 265
f 266 267 263
f 264 263 267
f 256 266 263
f 268 269 267
f 270 267 269
f 266 268 267
f 270 264 267
f 271 272 269
f 273 269 272
f 268 271 269
f 273 270 269
f 274 275 272
f 276 272 275
f 271 274 272
f 276 273 272
f 277 278 275
f 276 275 278
f 274 277 275
f 279 278 277
f 280 276 278
f 281 280 278
f 279 281 278
f 282 277 274
f 282 283 277
f 279 277 283
f 282 274 271
f 284 271 268
f 284 282 271
f 285 268 266
f 285 284 268
f 285 266 256
f 260 285 256
f 286 287 288
f 289 288 287
f 290 286 288
f 291 288 289
f 291 290 288
f 286 292 287
f 293 287 292
f 289 287 293
f 294 295 292
f 296 292 295
f 286 294 292
f 296 293 292
f 297 298 295
f 299 295 298
f 294 297 295
f 299 296 295
f 300 301 298
f 302 298 301
f 297 300 298
f 302 299 298
f 303 304 301
f 302 301 304
f 300 303 301
f 305 306 304
f 307 304 306
f 303 305 304
f 307 302 304
f 308 306 305
f 309 307 306
f 310 309 306
f 308 310 306
f 311 305 303
f 311 312 305
f 308 305 312
f 313 303 300
f 313 311 303
f 313 300 297
f 314 297 294
f 314 313 297
f 315 294 286
f 315 314 294
f 290 315 286
f 316 317 318
f 319 318 317
f 320 316 318
f 321 318 319
f 322 318 321
f 322 320 318
f 316 323 317
f 324 317 323
f 319 317 324
f 325 326 323
f 327 323 326
f 316 325 323
f 327 324 323
f 328 329 326
f 330 326 329
f 325 328 326
f 330 327 326
f 331 332 329
f 333 329 332
f 328 331 329
f 333 330 329
f 334 335 332
f 333 332 335
f 331 334 332
f 336 337 335
f 338 335 337
f 334 336 335
f 338 333 335
f 339 337 336
f 340 338 337
f 341 340 337
f 339 341 337
f 342 336 334
f 343 336 342
f 339 336 343
f 344 334 331
f 344 342 334
f 345 331 328
f 345 344 331
f 346 328 325
f 346 345 328
f 320 325 316
f 320 346 325
f 347 348 349
f 350 349 348
f 351 347 349
f 352 349 350
f 353 351 349
f 352 353 349
f 347 354 348
f 355 348 354
f 355 356 348
f 350 348 356
f 357 358 354
f 355 354 358
f 347 357 354
f 359 360 358
f 361 358 360
f 357 359 358
f 361 355 358
f 362 363 360
f 364 360 363
f 359 362 360
f 364 361 360
f 365 366 363
f 367 363 366
f 362 365 363
f 367 364 363
f 368 369 366
f 367 366 369
f 365 368 366
f 370 369 368
f 371 367 369
f 372 371 369
f 370 372 369
f 373 368 365
f 373 374 368
f 370 368 374
f 373 365 362
f 375 362 359
f 375 373 362
f 376 359 357
f 376 375 359
f 351 357 347
f 351 376 357
f 377 378 379
f 380 379 378
f 381 377 379
f 382 381 379
f 383 382 379
f 380 383 379
f 377 384 378
f 380 378 384
f 385 386 384
f 387 384 386
f 377 385 384
f 387 380 384
f 388 389 386
f 390 386 389
f 385 388 386
f 390 387 386
f 391 392 389
f 390 389 392
f 388 391 389
f 393 394 392
f 395 392 394
f 396 393 392
f 391 396 392
f 395 390 392
f 397 394 393
f 398 394 399
f 397 399 394
f 398 395 394
f 400 393 396
f 401 397 393
f 400 401 393
f 400 396 391
f 402 391 388
f 402 400 391
f 403 388 385
f 403 402 388
f 403 385 377
f 404 377 381
f 404 403 377
f 405 381 382
f 406 381 405
f 406 404 381
f 407 408 409
f 410 409 408
f 411 407 409
f 412 411 409
f 413 412 409
f 410 413 409
f 414 415 408
f 416 408 415
f 407 414 408
f 416 410 408
f 417 418 415
f 419 415 418
f 414 417 415
f 419 416 415
f 420 421 418
f 422 418 421
f 417 420 418
f 422 419 418
f 423 424 421
f 425 421 424
f 420 423 421
f 425 422 421
f 426 427 424
f 428 424 427
f 423 426 424
f 428 425 424
f 429 430 427
f 431 427 430
f 432 429 427
f 426 432 427
f 431 428 427
f 433 434 430
f 431 430 434
f 429 433 430
f 435 434 433
f 436 434 437
f 435 437 434
f 431 434 436
f 435 433 429
f 438 429 432
f 439 429 438
f 435 429 439
f 440 432 426
f 440 438 432
f 441 426 423
f 441 440 426
f 442 423 420
f 442 441 423
f 443 420 417
f 443 442 420
f 444 417 414
f 445 443 417
f 444 445 417
f 446 414 407
f 446 444 414
f 447 407 411
f 447 446 407
f 437 411 448
f 412 448 411
f 437 447 411
f 449 450 451
f 452 451 450
f 453 449 451
f 454 453 451
f 455 454 451
f 452 455 451
f 449 456 450
f 457 450 456
f 457 452 450
f 458 459 456
f 457 456 459
f 449 458 456
f 460 461 459
f 462 459 461
f 458 460 459
f 462 457 459
f 463 464 461
f 465 461 464
f 460 463 461
f 465 462 461
f 466 467 464
f 465 464 467
f 468 466 464
f 463 468 464
f 469 467 466
f 470 467 471
f 469 471 467
f 470 465 467
f 472 466 468
f 473 469 466
f 472 473 466
f 474 468 463
f 474 472 468
f 474 463 460
f 475 460 458
f 475 474 460
f 476 458 449
f 476 475 458
f 476 449 453
f 477 453 454
f 478 453 477
f 478 476 453
f 479 480 481
f 482 481 480
f 483 479 481
f 484 483 481
f 485 484 481
f 482 485 481
f 479 486 480
f 487 480 486
f 487 482 480
f 488 489 486
f 487 486 489
f 479 488 486
f 490 491 489
f 492 489 491
f 488 490 489
f 492 487 489
f 493 494 491
f 495 491 494
f 490 493 491
f 495 492 491
f 496 497 494
f 495 494 497
f 498 496 494
f 493 498 494
f 499 497 496
f 500 497 501
f 499 501 497
f 500 495 497
f 502 496 498
f 503 499 496
f 502 503 496
f 504 498 493
f 504 502 498
f 504 493 490
f 505 490 488
f 505 504 490
f 506 488 479
f 506 505 488
f 506 479 483
f 507 483 484
f 508 483 507
f 508 506 483
f 509 510 511
f 512 511 510
f 513 509 511
f 514 513 511
f 515 514 511
f 512 515 511
f 509 516 510
f 512 510 516
f 517 518 516
f 519 516 518
f 509 517 516
f 519 512 516
f 520 521 518
f 522 518 521
f 517 520 518
f 522 519 518
f 523 524 521
f 525 521 524
f 520 523 521
f 525 522 521
f 526 527 524
f 525 524 527
f 528 526 524
f 523 528 524
f 529 527 526
f 530 527 531
f 529 531 527
f 530 525 527
f 532 526 528
f 532 529 526
f 533 528 523
f 533 532 528
f 534 523 520
f 534 533 523
f 534 520 517
f 535 517 509
f 535 534 517
f 536 509 513
f 536 535 509
f 537 513 514
f 536 513 537
f 538 539 540
f 541 540 539
f 542 538 540
f 543 542 540
f 541 543 540
f 538 544 539
f 545 539 544
f 545 541 539
f 546 547 544
f 548 544 547
f 538 546 544
f 548 545 544
f 549 550 547
f 548 547 550
f 546 549 547
f 551 552 550
f 553 550 552
f 549 551 550
f 553 548 550
f 554 555 552
f 556 552 555
f 557 554 552
f 551 557 552
f 556 553 552
f 558 555 554
f 556 555 559
f 558 559 555
f 560 554 557
f 561 558 554
f 560 561 554
f 560 557 551
f 562 551 549
f 562 560 551
f 563 549 546
f 563 562 549
f 563 546 538
f 564 538 542
f 564 563 538
f 565 542 543
f 566 542 565
f 566 564 542
f 567 568 569
f 570 569 568
f 571 567 569
f 572 571 569
f 570 572 569
f 567 573 568
f 574 568 573
f 574 570 568
f 575 576 573
f 577 573 576
f 567 575 573
f 577 574 573
f 578 579 576
f 577 576 579
f 575 578 576
f 580 581 579
f 582 579 581
f 578 580 579
f 582 577 579
f 583 584 581
f 585 581 584
f 586 583 581
f 580 586 581
f 585 582 581
f 587 584 583
f 585 584 588
f 587 588 584
f 589 583 586
f 590 587 583
f 589 590 583
f 591 586 580
f 591 589 586
f 591 580 578
f 592 578 575
f 592 591 578
f 593 575 567
f 593 592 575
f 593 567 571
f 594 571 572
f 595 571 594
f 595 593 571
f 596 597 598
f 599 598 597
f 600 596 598
f 601 600 598
f 602 601 598
f 599 602 598
f 596 603 597
f 604 597 603
f 604 599 597
f 605 606 603
f 604 603 606
f 596 605 603
f 607 608 606
f 609 606 608
f 605 607 606
f 609 604 606
f 610 611 608
f 612 608 611
f 607 610 608
f 612 609 608
f 613 614 611
f 612 611 614
f 615 613 611
f 610 615 611
f 616 614 613
f 617 614 618
f 616 618 614
f 617 612 614
f 619 613 615
f 619 616 613
f 620 615 610
f 620 619 615
f 621 610 607
f 621 620 610
f 621 607 605
f 622 605 596
f 622 621 605
f 623 596 600
f 623 622 596
f 624 600 601
f 623 600 624
f 625 626 627
f 628 627 626
f 629 625 627
f 630 629 627
f 628 630 627
f 625 631 626
f 632 626 631
f 632 628 626
f 633 634 631
f 635 631 634
f 625 633 631
f 635 632 631
f 636 637 634
f 635 634 637
f 633 636 634
f 638 639 637
f 640 637 639
f 636 638 637
f 640 635 637
f 641 642 639
f 643 639 642
f 644 641 639
f 638 644 639
f 643 640 639
f 645 642 641
f 643 642 646
f 645 646 642
f 647 641 644
f 648 641 647
f 648 645 641
f 649 644 638
f 647 644 649
f 650 638 636
f 649 638 650
f 651 636 633
f 650 636 651
f 651 633 625
f 652 625 629
f 651 625 652
f 653 629 630
f 652 629 654
f 653 654 629
f 655 656 657
f 658 657 656
f 659 655 657
f 660 659 657
f 658 660 657
f 655 661 656
f 662 656 661
f 662 658 656
f 663 664 661
f 665 661 664
f 655 663 661
f 665 662 661
f 666 667 664
f 665 664 667
f 663 666 664
f 668 669 667
f 670 667 669
f 671 668 667
f 666 671 667
f 670 665 667
f 672 673 669
f 674 669 673
f 668 672 669
f 674 670 669
f 675 673 672
f 676 673 675
f 677 673 676
f 677 674 673
f 678 672 668
f 678 675 672
f 679 668 671
f 679 678 668
f 680 671 666
f 680 679 671
f 681 666 663
f 681 680 666
f 681 663 655
f 682 655 659
f 682 681 655
f 683 659 684
f 660 684 659
f 683 682 659
f 685 686 687
f 688 687 686
f 689 685 687
f 690 689 687
f 691 690 687
f 688 691 687
f 692 693 686
f 694 686 693
f 685 692 686
f 694 688 686
f 695 696 693
f 694 693 696
f 692 695 693
f 697 698 696
f 699 696 698
f 695 697 696
f 699 694 696
f 697 700 698
f 701 698 700
f 701 699 698
f 131 702 700
f 701 700 702
f 703 131 700
f 697 703 700
f 132 702 131
f 704 702 132
f 705 702 704
f 705 701 702
f 122 131 703
f 706 703 697
f 706 122 703
f 706 697 695
f 707 695 692
f 707 706 695
f 708 692 685
f 708 707 692
f 708 685 689
f 709 689 710
f 690 710 689
f 709 708 689
f 711 712 713
f 714 713 712
f 715 711 713
f 716 715 713
f 714 716 713
f 711 717 712
f 718 712 717
f 718 714 712
f 719 720 717
f 721 717 720
f 711 719 717
f 721 718 717
f 722 723 720
f 724 720 723
f 719 722 720
f 724 721 720
f 725 726 723
f 724 723 726
f 722 725 723
f 727 728 726
f 729 726 728
f 730 727 726
f 725 730 726
f 729 724 726
f 731 728 727
f 732 728 731
f 733 728 732
f 733 729 728
f 734 727 730
f 734 731 727
f 735 730 725
f 735 734 730
f 736 725 722
f 736 735 725
f 736 722 719
f 737 719 711
f 737 736 719
f 738 711 715
f 738 737 711
f 739 715 740
f 716 740 715
f 739 738 715
f 741 742 743
f 744 743 742
f 745 741 743
f 746 745 743
f 747 746 743
f 744 747 743
f 748 749 742
f 750 742 749
f 741 748 742
f 750 744 742
f 751 752 749
f 750 749 752
f 748 751 749
f 753 754 752
f 755 752 754
f 751 753 752
f 755 750 752
f 753 756 754
f 757 754 756
f 757 755 754
f 758 759 756
f 757 756 759
f 760 758 756
f 753 760 756
f 761 759 758
f 762 759 761
f 763 759 762
f 763 757 759
f 764 758 760
f 765 761 758
f 764 765 758
f 766 760 753
f 766 764 760
f 766 753 751
f 767 751 748
f 767 766 751
f 768 748 741
f 768 767 748
f 769 741 745
f 769 768 741
f 769 745 770
f 746 770 745
f 771 772 773
f 774 773 772
f 775 771 773
f 776 775 773
f 777 776 773
f 774 777 773
f 771 778 772
f 779 772 778
f 779 774 772
f 780 781 778
f 779 778 781
f 771 780 778
f 782 783 781
f 784 781 783
f 780 782 781
f 779 781 784
f 785 786 783
f 787 783 786
f 782 785 783
f 787 784 783
f 788 789 786
f 787 786 789
f 785 788 786
f 790 789 788
f 791 787 789
f 792 791 789
f 792 789 790
f 790 788 785
f 793 785 782
f 794 790 785
f 793 794 785
f 795 782 780
f 793 782 795
f 796 780 771
f 795 780 796
f 796 771 775
f 797 775 776
f 796 775 798
f 797 798 775
f 799 800 801
f 802 801 800
f 803 799 801
f 804 803 801
f 805 804 801
f 802 805 801
f 799 806 800
f 802 800 806
f 807 808 806
f 809 806 808
f 799 807 806
f 809 802 806
f 810 811 808
f 812 808 811
f 813 810 808
f 807 813 808
f 812 809 808
f 814 815 811
f 812 811 815
f 810 814 811
f 816 817 815
f 818 815 817
f 814 816 815
f 818 812 815
f 819 817 816
f 820 817 819
f 821 817 820
f 821 818 817
f 822 816 814
f 822 819 816
f 823 814 810
f 823 822 814
f 824 810 813
f 824 823 810
f 824 813 807
f 825 807 799
f 825 824 807
f 826 799 803
f 826 825 799
f 826 803 827
f 804 827 803
f 828 829 830
f 831 830 829
f 832 828 830
f 833 832 830
f 834 833 830
f 831 834 830
f 828 835 829
f 831 829 835
f 836 837 835
f 838 835 837
f 839 836 835
f 828 839 835
f 838 831 835
f 840 841 837
f 842 837 841
f 836 840 837
f 842 838 837
f 843 844 841
f 845 841 844
f 840 843 841
f 845 842 841
f 846 847 844
f 845 844 847
f 843 846 844
f 848 847 846
f 849 847 848
f 850 847 849
f 850 845 847
f 851 846 843
f 852 848 846
f 851 852 846
f 853 843 840
f 853 851 843
f 854 840 836
f 854 853 840
f 854 836 839
f 855 839 828
f 855 854 839
f 856 828 832
f 856 855 828
f 856 832 857
f 833 857 832
f 858 859 860
f 861 860 859
f 862 858 860
f 863 862 860
f 864 863 860
f 861 864 860
f 858 865 859
f 866 859 865
f 866 861 859
f 867 868 865
f 869 865 868
f 858 867 865
f 869 866 865
f 870 871 868
f 869 868 871
f 867 870 868
f 872 873 871
f 874 871 873
f 875 872 871
f 870 875 871
f 874 869 871
f 876 877 873
f 878 873 877
f 872 876 873
f 878 874 873
f 879 877 876
f 880 877 879
f 878 877 880
f 881 876 872
f 882 879 876
f 881 882 876
f 881 872 875
f 883 875 870
f 883 881 875
f 884 870 867
f 884 883 870
f 884 867 858
f 885 858 862
f 885 884 858
f 886 862 887
f 863 887 862
f 886 885 862
f 888 889 890
f 891 890 889
f 892 888 890
f 893 892 890
f 894 893 890
f 891 894 890
f 895 896 889
f 897 889 896
f 888 895 889
f 897 891 889
f 898 899 896
f 897 896 899
f 895 898 896
f 900 901 899
f 902 899 901
f 898 900 899
f 902 897 899
f 900 903 901
f 904 901 903
f 904 902 901
f 905 906 903
f 907 903 906
f 908 905 903
f 900 908 903
f 907 904 903
f 909 906 905
f 910 906 909
f 907 906 910
f 911 905 908
f 912 909 905
f 911 912 905
f 911 908 900
f 913 900 898
f 913 911 900
f 914 898 895
f 914 913 898
f 915 895 888
f 915 914 895
f 915 888 892
f 916 892 917
f 893 917 892
f 916 915 892
f 918 919 920
f 921 920 919
f 922 918 920
f 923 922 920
f 924 923 920
f 924 920 921
f 925 926 919
f 921 919 926
f 918 925 919
f 927 928 926
f 929 926 928
f 925 927 926
f 929 921 926
f 930 931 928
f 932 928 931
f 927 930 928
f 932 929 928
f 933 934 931
f 932 931 934
f 930 933 931
f 935 936 934
f 937 934 936
f 933 935 934
f 937 932 934
f 938 939 936
f 940 936 939
f 935 938 936
f 940 937 936
f 941 942 939
f 943 939 942
f 938 941 939
f 943 940 939
f 944 945 942
f 946 942 945
f 941 944 942
f 946 943 942
f 947 948 945
f 949 945 948
f 944 947 945
f 949 946 945
f 950 951 948
f 952 948 951
f 947 950 948
f 952 949 948
f 953 954 951
f 952 951 954
f 950 953 951
f 955 956 954
f 957 954 956
f 953 955 954
f 952 954 957
f 958 959 956
f 960 956 959
f 955 958 956
f 957 956 960
f 961 962 959
f 963 959 962
f 958 961 959
f 960 959 963
f 964 965 962
f 966 962 965
f 961 964 962
f 963 962 966
f 967 968 965
f 969 965 968
f 964 967 965
f 966 965 969
f 970 971 968
f 972 968 971
f 967 970 968
f 969 968 972
f 973 974 971
f 972 971 974
f 970 973 971
f 975 976 974
f 977 974 976
f 973 975 974
f 972 974 977
f 978 979 976
f 980 976 979
f 975 978 976
f 980 977 976
f 981 982 979
f 983 979 982
f 978 981 979
f 983 980 979
f 984 985 982
f 986 982 985
f 981 984 982
f 986 983 982
f 987 988 985
f 989 985 988
f 984 987 985
f 989 986 985
f 990 991 988
f 992 988 991
f 987 990 988
f 992 989 988
f 993 994 991
f 995 991 994
f 990 993 991
f 992 991 995
f 996 997 994
f 995 994 997
f 993 996 994
f 998 999 997
f 1000 997 999
f 996 998 997
f 995 997 1000
f 1001 1002 999
f 1003 999 1002
f 998 1001 999
f 1000 999 1003
f 1004 1005 1002
f 1006 1002 1005
f 1001 1004 1002
f 1003 1002 1006
f 1007 1008 1005
f 1009 1005 1008
f 1004 1007 1005
f 1006 1005 1009
f 1010 1011 1008
f 1012 1008 1011
f 1007 1010 1008
f 1009 1008 1012
f 1013 1014 1011
f 1015 1011 1014
f 1010 1013 1011
f 1012 1011 1015
f 1016 1017 1014
f 1015 1014 1017
f 1013 1016 1014
f 1018 1019 1017
f 1020 1017 1019
f 1016 1018 1017
f 1020 1015 1017
f 1021 1022 1019
f 1023 1019 1022
f 1018 1021 1019
f 1023 1020 1019
f 1024 1025 1022
f 1026 1022 1025
f 1021 1024 1022
f 1026 1023 1022
f 1027 1028 1025
f 1029 1025 1028
f 1024 1027 1025
f 1029 1026 1025
f 1030 1031 1028
f 1032 1028 1031
f 1027 1030 1028
f 1032 1029 1028
f 1033 1034 1031
f 1035 1031 1034
f 1030 1033 1031
f 1032 1031 1035
f 1036 1037 1034
f 1038 1034 1037
f 1033 1036 1034
f 1035 1034 1038
f 1039 1040 1037
f 1038 1037 1040
f 1036 1039 1037
f 1041 1042 1040
f 1043 1040 1042
f 1039 1041 1040
f 1038 1040 1043
f 1044 1045 1042
f 1046 1042 1045
f 1041 1044 1042
f 1043 1042 1046
f 1047 1048 1045
f 1049 1045 1048
f 1044 1047 1045
f 1046 1045 1049
f 1050 1051 1048
f 1052 1048 1051
f 1047 1050 1048
f 1049 1048 1052
f 1053 1054 1051
f 1055 1051 1054
f 1050 1053 1051
f 1052 1051 1055
f 1056 1057 1054
f 1058 1054 1057
f 1053 1056 1054
f 1058 1055 1054
f 1059 1060 1057
f 1058 1057 1060
f 1056 1059 1057
f 1059 1061 1060
f 1062 1060 1061
f 1062 1058 1060
f 1063 1064 1061
f 1065 1061 1064
f 1059 1063 1061
f 1065 1062 1061
f 1066 1067 1064
f 1068 1064 1067
f 1063 1066 1064
f 1068 1065 1064
f 1069 1070 1067
f 1071 1067 1070
f 1066 1069 1067
f 1071 1068 1067
f 1072 1073 1070
f 1074 1070 1073
f 1069 1072 1070
f 1071 1070 1074
f 1075 1076 1073
f 1077 1073 1076
f 1072 1075 1073
f 1074 1073 1077
f 1078 1079 1076
f 1080 1076 1079
f 1075 1078 1076
f 1077 1076 1080
f 1081 1082 1079
f 1080 1079 1082
f 1078 1081 1079
f 1083 1084 1082
f 1085 1082 1084
f 1081 1083 1082
f 1080 1082 1085
f 1086 1087 1084
f 1088 1084 1087
f 1083 1086 1084
f 1085 1084 1088
f 1089 1090 1087
f 1091 1087 1090
f 1086 1089 1087
f 1088 1087 1091
f 1092 1093 1090
f 1094 1090 1093
f 1089 1092 1090
f 1091 1090 1094
f 1095 1096 1093
f 1097 1093 1096
f 1092 1095 1093
f 1097 1094 1093
f 1098 1099 1096
f 1100 1096 1099
f 1095 1098 1096
f 1100 1097 1096
f 1101 1102 1099
f 1100 1099 1102
f 1098 1101 1099
f 1103 1104 1102
f 1105 1102 1104
f 1101 1103 1102
f 1105 1100 1102
f 1106 1107 1104
f 1108 1104 1107
f 1103 1106 1104
f 1108 1105 1104
f 1109 1110 1107
f 1111 1107 1110
f 1106 1109 1107
f 1111 1108 1107
f 1112 1113 1110
f 1114 1110 1113
f 1109 1112 1110
f 1111 1110 1114
f 1115 1116 1113
f 1117 1113 1116
f 1112 1115 1113
f 1114 1113 1117
f 1118 1119 1116
f 1120 1116 1119
f 1115 1118 1116
f 1117 1116 1120
f 1121 1122 1119
f 1123 1119 1122
f 1118 1121 1119
f 1120 1119 1123
f 1124 1125 1122
f 1123 1122 1125
f 1121 1124 1122
f 1126 1125 1124
f 1123 1125 1127
f 1128 1127 1125
f 1129 1128 1125
f 1130 1129 1125
f 1126 1130 1125
f 1126 1124 1121
f 1131 1121 1118
f 1132 1121 1131
f 1126 1121 1132
f 1133 1118 1115
f 1131 1118 1133
f 1134 1115 1112
f 1133 1115 1134
f 1134 1112 1109
f 1135 1109 1106
f 1134 1109 1135
f 1136 1106 1103
f 1135 1106 1136
f 1137 1103 1101
f 1136 1103 1137
f 1137 1101 1098
f 1138 1098 1095
f 1137 1098 1138
f 1139 1095 1092
f 1138 1095 1139
f 1140 1092 1089
f 1139 1092 1140
f 1141 1089 1086
f 1140 1089 1141
f 1141 1086 1083
f 1142 1083 1081
f 1141 1083 1142
f 1143 1081 1078
f 1142 1081 1143
f 1144 1078 1075
f 1143 1078 1144
f 1145 1075 1072
f 1144 1075 1145
f 1146 1072 1069
f 1146 1145 1072
f 1147 1069 1066
f 1146 1069 1147
f 1147 1066 1063
f 1148 1063 1059
f 1147 1063 1148
f 1149 1059 1056
f 1148 1059 1149
f 1150 1056 1053
f 1151 1056 1150
f 1149 1056 1151
f 1152 1053 1050
f 1150 1053 1152
f 1153 1050 1047
f 1152 1050 1153
f 1153 1047 1044
f 1154 1044 1041
f 1153 1044 1154
f 1155 1041 1039
f 1154 1041 1155
f 1156 1039 1036
f 1155 1039 1156
f 1157 1036 1033
f 1156 1036 1157
f 1158 1033 1030
f 1158 1157 1033
f 1159 1030 1027
f 1158 1030 1159
f 1160 1027 1024
f 1159 1027 1160
f 1160 1024 1021
f 1161 1021 1018
f 1160 1021 1161
f 1162 1018 1016
f 1161 1018 1162
f 1163 1016 1013
f 1162 1016 1163
f 1164 1013 1010
f 1163 1013 1164
f 1165 1010 1007
f 1164 1010 1165
f 1166 1007 1004
f 1165 1007 1166
f 1166 1004 1001
f 1167 1001 998
f 1166 1001 1167
f 1168 998 996
f 1167 998 1168
f 1169 996 993
f 1168 996 1169
f 1170 993 990
f 1170 1169 993
f 1171 990 987
f 1170 990 1171
f 1172 987 984
f 1171 987 1172
f 1173 984 981
f 1172 984 1173
f 1173 981 978
f 1174 978 975
f 1173 978 1174
f 1175 975 973
f 1174 975 1175
f 1176 973 970
f 1175 973 1176
f 1177 970 967
f 1176 970 1177
f 1178 967 964
f 1177 967 1178
f 1179 964 961
f 1178 964 1179
f 1179 961 958
f 1180 958 955
f 1179 958 1180
f 1181 955 953
f 1180 955 1181
f 1182 953 950
f 1182 1181 953
f 1183 950 947
f 1182 950 1183
f 1184 947 944
f 1183 947 1184
f 1185 944 941
f 1184 944 1185
f 1186 941 938
f 1185 941 1186
f 1186 938 935
f 1187 935 933
f 1186 935 1187
f 1188 933 930
f 1187 933 1188
f 1189 930 927
f 1188 930 1189
f 1190 927 925
f 1189 927 1190
f 1191 925 918
f 1190 925 1191
f 1192 918 922
f 1191 918 1192
f 923 1193 922
f 1192 922 1193
f 924 1193 923
f 1192 1193 1194
f 1195 1194 1193
f 1195 1193 1196
f 924 1196 1193
f 1197 784 787
f 670 779 784
f 670 784 665
f 1197 665 784
f 791 1198 787
f 662 787 1198
f 1197 787 662
f 792 1198 791
f 658 1198 1199
f 792 1199 1198
f 662 1198 658
f 1200 1201 776
f 797 776 1201
f 777 1200 776
f 1200 1202 1201
f 1203 1201 1202
f 1203 797 1201
f 1204 1205 1202
f 1206 1202 1205
f 1200 1204 1202
f 1206 1203 1202
f 683 684 1205
f 1207 1205 684
f 1204 683 1205
f 1207 1206 1205
f 660 1207 684
f 1208 1209 675
f 1210 675 1209
f 678 1208 675
f 1210 676 675
f 1211 1212 1209
f 1213 1209 1212
f 1208 1211 1209
f 1213 1210 1209
f 1211 1214 1212
f 1215 1212 1214
f 1215 1213 1212
f 1216 857 1214
f 833 1214 857
f 1211 1216 1214
f 833 1215 1214
f 1216 856 857
f 852 1217 848
f 849 848 1217
f 1218 1219 1217
f 1220 1217 1219
f 852 1218 1217
f 1220 849 1217
f 1221 1222 1219
f 1223 1219 1222
f 1218 1221 1219
f 1223 1220 1219
f 1221 917 1222
f 1224 1222 917
f 1224 1223 1222
f 1221 916 917
f 893 1224 917
f 1225 1226 909
f 910 909 1226
f 912 1225 909
f 1225 1227 1226
f 1228 1226 1227
f 1228 910 1226
f 1229 1230 1227
f 1231 1227 1230
f 1225 1229 1227
f 1231 1228 1227
f 739 740 1230
f 1232 1230 740
f 1229 739 1230
f 1232 1231 1230
f 716 1232 740
f 1233 1234 731
f 732 731 1234
f 734 1233 731
f 1235 1236 1234
f 1237 1234 1236
f 1233 1235 1234
f 1237 732 1234
f 1235 1238 1236
f 1239 1236 1238
f 1239 1237 1236
f 1240 770 1238
f 1241 1238 770
f 1235 1240 1238
f 1241 1239 1238
f 1240 769 770
f 746 1241 770
f 765 1242 761
f 762 761 1242
f 1243 1244 1242
f 1245 1242 1244
f 765 1243 1242
f 1245 762 1242
f 1246 1247 1244
f 1248 1244 1247
f 1243 1246 1244
f 1248 1245 1244
f 1246 887 1247
f 1249 1247 887
f 1249 1248 1247
f 1246 886 887
f 863 1249 887
f 1250 1251 879
f 1252 879 1251
f 882 1250 879
f 1252 880 879
f 1250 1253 1251
f 1252 1251 1253
f 1254 1255 1253
f 1256 1253 1255
f 1250 1254 1253
f 1256 1252 1253
f 1257 827 1255
f 1258 1255 827
f 1254 1257 1255
f 1258 1256 1255
f 1257 826 827
f 804 1258 827
f 1259 1260 819
f 820 819 1260
f 822 1259 819
f 1261 1262 1260
f 1263 1260 1262
f 1259 1261 1260
f 1263 820 1260
f 1264 1265 1262
f 1266 1262 1265
f 1261 1264 1262
f 1266 1263 1262
f 1264 710 1265
f 1267 1265 710
f 1267 1266 1265
f 1264 709 710
f 690 1267 710
f 704 132 133
f 1268 133 134
f 1268 704 133
f 1269 134 103
f 1269 1268 134
f 1270 103 104
f 1270 1269 103
f 105 1271 104
f 1272 104 1271
f 1272 1270 104
f 1273 1274 1271
f 1275 1271 1274
f 105 1273 1271
f 1275 1272 1271
f 1276 124 1274
f 1275 1274 124
f 1273 1276 1274
f 125 124 1276
f 1277 1275 124
f 123 1277 124
f 125 1276 1273
f 102 1273 105
f 125 1273 102
f 1278 122 706
f 1278 126 122
f 1279 706 707
f 1279 1278 706
f 1280 707 708
f 1281 707 1280
f 1279 707 1281
f 1282 708 709
f 1280 708 1282
f 1283 709 1264
f 1282 709 1283
f 1284 1264 1261
f 1283 1264 1284
f 1285 1261 1259
f 1284 1261 1285
f 705 1259 822
f 1285 1259 705
f 701 822 823
f 705 822 701
f 699 823 824
f 701 823 699
f 694 824 825
f 699 824 694
f 688 825 826
f 694 825 688
f 691 826 1257
f 688 826 691
f 1286 1257 1254
f 691 1257 1286
f 1287 1254 1250
f 1286 1254 1287
f 821 1250 882
f 1287 1250 821
f 818 882 881
f 821 882 818
f 812 881 883
f 818 881 812
f 809 883 884
f 812 883 809
f 802 884 885
f 809 884 802
f 805 885 886
f 802 885 805
f 1288 886 1246
f 805 886 1288
f 1289 1246 1243
f 1288 1246 1289
f 1289 1243 765
f 1290 765 764
f 1289 765 1290
f 874 764 766
f 878 764 874
f 1290 764 878
f 869 766 767
f 874 766 869
f 866 767 768
f 869 767 866
f 861 768 769
f 866 768 861
f 864 769 1240
f 861 769 864
f 1291 1240 1235
f 864 1240 1291
f 1292 1235 1233
f 1291 1235 1292
f 763 1233 734
f 1292 1233 763
f 757 734 735
f 763 734 757
f 755 735 736
f 757 735 755
f 750 736 737
f 755 736 750
f 744 737 738
f 750 737 744
f 747 738 739
f 744 738 747
f 1293 739 1229
f 747 739 1293
f 1294 1229 1225
f 1293 1229 1294
f 733 1225 912
f 1294 1225 733
f 729 912 911
f 733 912 729
f 724 911 913
f 729 911 724
f 721 913 914
f 724 913 721
f 718 914 915
f 721 914 718
f 714 915 916
f 718 915 714
f 714 916 1221
f 1295 1221 1218
f 714 1221 1295
f 1296 1218 852
f 1295 1218 1296
f 1297 852 851
f 1296 852 1297
f 904 851 853
f 907 851 904
f 1297 851 907
f 902 853 854
f 904 853 902
f 897 854 855
f 902 854 897
f 897 855 856
f 891 856 1216
f 897 856 891
f 1298 1216 1211
f 894 1216 1298
f 891 1216 894
f 1298 1211 1208
f 1299 1208 678
f 1298 1208 1299
f 850 678 679
f 1299 678 850
f 845 679 680
f 850 679 845
f 842 680 681
f 845 680 842
f 838 681 682
f 842 681 838
f 834 682 683
f 831 682 834
f 838 682 831
f 834 683 1204
f 1300 1204 1200
f 834 1204 1300
f 1301 1200 777
f 1300 1200 1301
f 677 777 774
f 1301 777 677
f 674 774 779
f 677 774 674
f 674 779 670
f 960 1192 1194
f 957 960 1194
f 1302 957 1194
f 1195 1302 1194
f 960 1191 1192
f 963 1190 1191
f 960 963 1191
f 966 1189 1190
f 963 966 1190
f 969 1188 1189
f 966 969 1189
f 977 1187 1188
f 972 977 1188
f 969 972 1188
f 980 1187 977
f 1186 1187 980
f 1302 952 957
f 1077 1156 1157
f 1074 1077 1157
f 1158 1074 1157
f 1077 1155 1156
f 1080 1154 1155
f 1077 1080 1155
f 1085 1153 1154
f 1080 1085 1154
f 1088 1152 1153
f 1085 1088 1153
f 1094 1150 1152
f 1091 1094 1152
f 1088 1091 1152
f 1097 1150 1094
f 1151 1150 1097
f 1158 1071 1074
f 1000 1180 1181
f 995 1000 1181
f 1182 995 1181
f 1000 1179 1180
f 1003 1178 1179
f 1000 1003 1179
f 1006 1177 1178
f 1003 1006 1178
f 1009 1176 1177
f 1006 1009 1177
f 1015 1175 1176
f 1012 1015 1176
f 1009 1012 1176
f 1020 1175 1015
f 1174 1175 1020
f 1182 992 995
f 1038 1168 1169
f 1035 1038 1169
f 1170 1035 1169
f 1038 1167 1168
f 1043 1166 1167
f 1038 1043 1167
f 1046 1165 1166
f 1043 1046 1166
f 1049 1164 1165
f 1046 1049 1165
f 1055 1163 1164
f 1052 1055 1164
f 1049 1052 1164
f 1058 1163 1055
f 1162 1163 1058
f 1170 1032 1035
f 1117 1144 1145
f 1114 1117 1145
f 1146 1114 1145
f 1117 1143 1144
f 1120 1142 1143
f 1117 1120 1143
f 1123 1141 1142
f 1120 1123 1142
f 1127 1140 1141
f 1123 1127 1141
f 1303 1139 1140
f 1304 1303 1140
f 1127 1304 1140
f 1305 1139 1303
f 1138 1139 1305
f 1306 1303 1304
f 1307 1305 1303
f 1306 1307 1303
f 1128 1304 1127
f 1128 1306 1304
f 1146 1111 1114
f 1308 1309 1310
f 1311 1310 1309
f 1312 1308 1310
f 1313 1310 1311
f 1314 1310 1313
f 1314 1312 1310
f 1308 1315 1309
f 1316 1309 1315
f 1317 1311 1309
f 1317 1309 1316
f 1318 1319 1315
f 1320 1315 1319
f 1308 1318 1315
f 1316 1315 1320
f 1321 1322 1319
f 1320 1319 1322
f 1318 1321 1319
f 1323 1324 1322
f 1325 1322 1324
f 1321 1323 1322
f 1320 1322 1325
f 1326 1327 1324
f 1328 1324 1327
f 1323 1326 1324
f 1325 1324 1328
f 1329 1330 1327
f 1328 1327 1330
f 1326 1329 1327
f 1331 1330 1329
f 1331 1332 1330
f 1333 1330 1332
f 1328 1330 1333
f 1334 1329 1326
f 1335 1331 1329
f 1334 1335 1329
f 1336 1326 1323
f 1336 1334 1326
f 1336 1323 1321
f 1337 1321 1318
f 1337 1336 1321
f 1312 1318 1308
f 1312 1337 1318
f 1338 1339 1340
f 1341 1340 1339
f 1342 1338 1340
f 1343 1340 1341
f 1342 1340 1343
f 1338 1344 1339
f 1345 1339 1344
f 1346 1341 1339
f 1346 1339 1345
f 1347 1348 1344
f 1345 1344 1348
f 1338 1347 1344
f 1349 1350 1348
f 1351 1348 1350
f 1347 1349 1348
f 1345 1348 1351
f 1352 1353 1350
f 1354 1350 1353
f 1349 1352 1350
f 1351 1350 1354
f 1355 1356 1353
f 1354 1353 1356
f 1352 1355 1353
f 1357 1358 1356
f 1359 1356 1358
f 1355 1357 1356
f 1354 1356 1359
f 1360 1358 1357
f 1360 1361 1358
f 1362 1358 1361
f 1359 1358 1362
f 1363 1357 1355
f 1364 1360 1357
f 1363 1364 1357
f 1365 1355 1352
f 1365 1363 1355
f 1365 1352 1349
f 1366 1349 1347
f 1366 1365 1349
f 1367 1347 1338
f 1367 1366 1347
f 1342 1367 1338
f 1368 1369 1370
f 1371 1370 1369
f 1372 1368 1370
f 1373 1372 1370
f 1371 1373 1370
f 1374 1375 1369
f 1376 1369 1375
f 1368 1374 1369
f 1376 1371 1369
f 1377 1378 1375
f 1379 1375 1378
f 1374 1377 1375
f 1379 1376 1375
f 1380 1381 1378
f 1382 1378 1381
f 1377 1380 1378
f 1382 1379 1378
f 1380 1383 1381
f 1382 1381 1383
f 1384 1385 1383
f 1386 1383 1385
f 1387 1384 1383
f 1380 1387 1383
f 1386 1382 1383
f 1388 1385 1384
f 1389 1385 1388
f 1390 1385 1389
f 1390 1386 1385
f 1391 1384 1387
f 1391 1388 1384
f 1392 1387 1380
f 1391 1387 1392
f 1393 1380 1377
f 1392 1380 1393
f 1393 1377 1374
f 1394 1374 1368
f 1393 1374 1394
f 1395 1368 1372
f 1394 1368 1395
f 1373 1396 1372
f 1397 1372 1396
f 1395 1372 1397
f 1398 157 1399
f 160 1399 157
f 1400 1398 1399
f 160 1401 1399
f 1402 1399 1401
f 1402 1400 1399
f 1398 158 157
f 1403 1404 158
f 154 158 1404
f 1398 1403 158
f 1405 1406 1404
f 1407 1404 1406
f 1403 1405 1404
f 154 1404 1407
f 1408 1409 1406
f 1410 1406 1409
f 1405 1408 1406
f 1407 1406 1410
f 1411 1412 1409
f 1413 1409 1412
f 1408 1411 1409
f 1410 1409 1413
f 1414 1415 1412
f 1416 1412 1415
f 1411 1414 1412
f 1413 1412 1416
f 1417 1415 1414
f 1417 1418 1415
f 1416 1415 1418
f 1419 1414 1411
f 1420 1417 1414
f 1419 1420 1414
f 1419 1411 1408
f 1421 1408 1405
f 1421 1419 1408
f 1422 1405 1403
f 1422 1421 1405
f 1422 1403 1398
f 1400 1422 1398
f 1423 1424 1425
f 1426 1425 1424
f 1427 1423 1425
f 1428 1427 1425
f 1429 1428 1425
f 1426 1429 1425
f 1430 1431 1424
f 1426 1424 1431
f 1423 1430 1424
f 1432 1433 1431
f 1434 1431 1433
f 1430 1432 1431
f 1434 1426 1431
f 1435 1436 1433
f 1437 1433 1436
f 1432 1435 1433
f 1437 1434 1433
f 1438 1439 1436
f 1437 1436 1439
f 1435 1438 1436
f 1440 1441 1439
f 1442 1439 1441
f 1438 1440 1439
f 1442 1437 1439
f 1443 1441 1440
f 1444 1441 1443
f 1445 1441 1444
f 1445 1442 1441
f 1446 1440 1438
f 1446 1443 1440
f 1447 1438 1435
f 1446 1438 1447
f 1448 1435 1432
f 1447 1435 1448
f 1448 1432 1430
f 1449 1430 1423
f 1448 1430 1449
f 1450 1423 1427
f 1449 1423 1450
f 1428 1451 1427
f 1450 1427 1451
f 1452 1453 1454
f 1455 1454 1453
f 1456 1452 1454
f 1457 1456 1454
f 1458 1457 1454
f 1458 1454 1455
f 1459 1460 1453
f 1461 1453 1460
f 1452 1459 1453
f 1455 1453 1461
f 1462 1463 1460
f 1464 1460 1463
f 1459 1462 1460
f 1461 1460 1464
f 1465 1466 1463
f 1467 1463 1466
f 1462 1465 1463
f 1464 1463 1467
f 1468 1469 1466
f 1470 1466 1469
f 1465 1468 1466
f 1467 1466 1470
f 1471 1472 1469
f 1473 1469 1472
f 1468 1471 1469
f 1470 1469 1473
f 1474 1475 1472
f 1476 1472 1475
f 1477 1474 1472
f 1471 1477 1472
f 1473 1472 1476
f 1478 1479 1475
f 1480 1475 1479
f 1474 1478 1475
f 1476 1475 1480
f 1481 1479 1478
f 1481 1482 1479
f 1480 1479 1482
f 1481 1478 1474
f 1483 1474 1477
f 1484 1474 1483
f 1484 1481 1474
f 1485 1477 1471
f 1485 1483 1477
f 1486 1471 1468
f 1486 1485 1471
f 1487 1468 1465
f 1487 1486 1468
f 1488 1465 1462
f 1489 1487 1465
f 1488 1489 1465
f 1490 1462 1459
f 1490 1488 1462
f 1491 1459 1452
f 1491 1490 1459
f 1492 1452 1456
f 1492 1491 1452
f 1493 1456 1457
f 1482 1456 1493
f 1494 1492 1456
f 1482 1494 1456
f 1495 1496 1497
f 1498 1497 1496
f 1499 1495 1497
f 1500 1499 1497
f 1498 1500 1497
f 1495 1501 1496
f 1502 1496 1501
f 1502 1498 1496
f 1503 1504 1501
f 1505 1501 1504
f 1495 1503 1501
f 1505 1502 1501
f 1506 1507 1504
f 1505 1504 1507
f 1503 1506 1504
f 1508 1509 1507
f 1510 1507 1509
f 1506 1508 1507
f 1510 1505 1507
f 1511 1512 1509
f 1513 1509 1512
f 1514 1511 1509
f 1508 1514 1509
f 1513 1510 1509
f 1515 1512 1511
f 1516 1512 1515
f 1513 1512 1516
f 1517 1511 1514
f 1518 1515 1511
f 1518 1511 1517
f 1517 1514 1508
f 1519 1508 1506
f 1517 1508 1519
f 1520 1506 1503
f 1519 1506 1520
f 1520 1503 1495
f 1521 1495 1499
f 1520 1495 1521
f 1500 1522 1499
f 1523 1499 1522
f 1521 1499 1523
f 1524 1525 1526
f 1527 1526 1525
f 1528 1524 1526
f 1529 1528 1526
f 1527 1529 1526
f 1530 1531 1525
f 1532 1525 1531
f 1524 1530 1525
f 1532 1527 1525
f 1533 1534 1531
f 1535 1531 1534
f 1530 1533 1531
f 1535 1532 1531
f 1536 1537 1534
f 1535 1534 1537
f 1533 1536 1534
f 1538 1539 1537
f 1540 1537 1539
f 1536 1538 1537
f 1540 1535 1537
f 1541 1542 1539
f 1543 1539 1542
f 1538 1541 1539
f 1543 1540 1539
f 1544 1542 1541
f 1545 1542 1544
f 1543 1542 1545
f 1546 1541 1538
f 1547 1544 1541
f 1547 1541 1546
f 1546 1538 1536
f 1548 1536 1533
f 1546 1536 1548
f 1549 1533 1530
f 1548 1533 1549
f 1549 1530 1524
f 1550 1524 1528
f 1549 1524 1550
f 1529 1551 1528
f 1552 1528 1551
f 1550 1528 1552
f 1553 1554 1555
f 1556 1555 1554
f 1557 1553 1555
f 1558 1555 1556
f 1559 1555 1558
f 1559 1557 1555
f 1553 1560 1554
f 1561 1554 1560
f 1562 1556 1554
f 1562 1554 1561
f 1563 1564 1560
f 1565 1560 1564
f 1553 1563 1560
f 1561 1560 1565
f 1566 1567 1564
f 1565 1564 1567
f 1563 1566 1564
f 1568 1569 1567
f 1570 1567 1569
f 1566 1568 1567
f 1565 1567 1570
f 1571 1572 1569
f 1573 1569 1572
f 1568 1571 1569
f 1570 1569 1573
f 1574 1575 1572
f 1573 1572 1575
f 1571 1574 1572
f 1576 1575 1574
f 1576 1577 1575
f 1578 1575 1577
f 1573 1575 1578
f 1579 1574 1571
f 1580 1576 1574
f 1579 1580 1574
f 1581 1571 1568
f 1581 1579 1571
f 1581 1568 1566
f 1582 1566 1563
f 1582 1581 1566
f 1557 1563 1553
f 1557 1582 1563
f 1583 1584 1585
f 1586 1585 1584
f 1587 1583 1585
f 1586 1587 1585
f 1583 1588 1584
f 1589 1584 1588
f 1589 1586 1584
f 1590 1591 1588
f 1592 1588 1591
f 1583 1590 1588
f 1589 1588 1592
f 1593 1594 1591
f 1595 1591 1594
f 1596 1591 1590
f 1597 1598 1591
f 1599 1591 1598
f 1600 1601 1591
f 1602 1591 1601
f 1603 1600 1591
f 1604 1605 1591
f 1606 1591 1605
f 1607 1604 1591
f 1608 1607 1591
f 1602 1593 1591
f 1596 1608 1591
f 1609 1591 1606
f 1609 1597 1591
f 1610 1591 1599
f 1610 1603 1591
f 1592 1591 1595
f 1611 1612 1594
f 1613 1594 1612
f 97 1611 1594
f 1614 97 1594
f 1593 1614 1594
f 1595 1594 1613
f 1615 1616 1612
f 1617 1612 1616
f 1611 1615 1612
f 1617 1613 1612
f 1618 1616 1615
f 1618 1617 1616
f 1619 1615 1611
f 1619 1618 1615
f 1620 1611 97
f 1620 1619 1611
f 1621 1590 97
f 1622 97 1590
f 1623 1624 97
f 1625 97 1624
f 94 1623 97
f 1614 1626 97
f 1627 97 1626
f 1625 1621 97
f 1627 1628 97
f 95 97 1628
f 1622 1620 97
f 1196 1590 1583
f 1596 1590 1621
f 1196 1622 1590
f 1587 1196 1583
f 1629 81 82
f 1630 80 81
f 1630 81 1629
f 1631 82 67
f 1632 1629 82
f 1631 1632 82
f 1631 67 64
f 1631 64 98
f 96 1633 98
f 1634 98 1633
f 1634 1631 98
f 1600 1635 1633
f 1636 1633 1635
f 1637 1600 1633
f 96 1637 1633
f 1636 1634 1633
f 1638 1639 1635
f 1640 1635 1639
f 1638 1635 1600
f 1640 1636 1635
f 1641 1598 1639
f 1640 1639 1598
f 1642 1641 1639
f 1638 1642 1639
f 1597 1643 1598
f 1644 1598 1643
f 1641 1599 1598
f 1644 1640 1598
f 1645 1646 1643
f 1647 1643 1646
f 1648 1645 1643
f 1649 1648 1643
f 1597 1649 1643
f 1644 1643 1650
f 1647 1650 1643
f 1651 1652 1646
f 1647 1646 1652
f 1605 1651 1646
f 1606 1605 1646
f 1645 1606 1646
f 1651 59 1652
f 1653 1652 59
f 1647 1652 1653
f 1654 59 55
f 59 1651 1655
f 1653 59 1654
f 1630 55 57
f 1654 55 1630
f 1630 57 80
f 1656 1657 1658
f 1659 1658 1657
f 1660 1658 1661
f 1662 1661 1658
f 1663 1656 1658
f 1660 1663 1658
f 1662 1658 1659
f 1664 1665 1657
f 1666 1657 1665
f 1667 1668 1657
f 95 1657 1668
f 1656 1667 1657
f 95 1664 1657
f 1669 1659 1657
f 1669 1657 1666
f 1602 1601 1665
f 1670 1665 1601
f 1664 1602 1665
f 1671 1665 1670
f 1666 1665 1671
f 1672 1601 1600
f 1673 1601 1672
f 1670 1601 1673
f 1637 1661 1600
f 1674 1600 1661
f 1603 1638 1600
f 1675 1600 1676
f 1677 1676 1600
f 1672 1600 1675
f 1677 1600 1674
f 1678 1661 1637
f 1679 1661 1678
f 1660 1661 1679
f 1680 1661 1662
f 1674 1661 1680
f 1681 1655 1682
f 1683 1682 1655
f 1684 1682 1685
f 1686 1685 1682
f 1687 1681 1682
f 1684 1687 1682
f 1688 1682 1683
f 1689 1686 1682
f 1689 1682 1688
f 1655 94 59
f 1690 1655 1651
f 1681 94 1655
f 1691 1683 1655
f 1691 1655 1690
f 1605 1692 1651
f 1693 1651 1692
f 1694 1651 1693
f 1690 1651 1694
f 1605 1695 1692
f 1696 1692 1695
f 1697 1692 1696
f 1693 1692 1697
f 1698 1685 1695
f 1699 1695 1685
f 1605 1698 1695
f 1700 1695 1699
f 1696 1695 1700
f 1701 1685 1698
f 1702 1685 1701
f 1684 1685 1702
f 1703 1685 1686
f 1699 1685 1703
f 1625 1624 1698
f 1704 1698 1624
f 1701 1698 1705
f 1706 1705 1698
f 1605 1707 1698
f 1625 1698 1707
f 1708 1698 1704
f 1708 1706 1698
f 1709 1624 1623
f 1710 1704 1624
f 1709 1710 1624
f 1711 1623 94
f 1712 1623 1711
f 1712 1709 1623
f 1713 1714 94
f 1715 94 1714
f 1681 1713 94
f 1716 94 1715
f 1717 94 1716
f 1711 94 1717
f 1718 1705 1714
f 1719 1714 1705
f 1720 1718 1714
f 1713 1720 1714
f 1721 1715 1714
f 1719 1721 1714
f 1718 1701 1705
f 1722 1719 1705
f 1706 1722 1705
f 95 1668 1723
f 1724 1723 1668
f 95 1723 96
f 1725 96 1723
f 1726 1723 1724
f 1725 1723 1726
f 1727 1668 1667
f 1728 1668 1727
f 1724 1668 1728
f 1729 1730 1667
f 1731 1667 1730
f 1732 1729 1667
f 1656 1732 1667
f 1733 1667 1731
f 1727 1667 1733
f 1678 1637 1730
f 1306 1730 1637
f 1734 1678 1730
f 1729 1734 1730
f 1735 1731 1730
f 1736 1730 1306
f 1735 1730 1736
f 1737 1637 96
f 1307 1637 1737
f 1306 1637 1307
f 1738 96 1725
f 1737 96 1738
f 1739 1707 1740
f 1741 1740 1707
f 1742 1740 1743
f 1744 1743 1740
f 1742 1739 1740
f 1744 1740 1741
f 1745 1707 1605
f 1739 1625 1707
f 1746 1741 1707
f 1745 1746 1707
f 1745 1605 1604
f 1747 1604 1607
f 1747 1745 1604
f 1608 1743 1607
f 1744 1607 1743
f 1748 1747 1607
f 1748 1607 1744
f 1608 1742 1743
f 1749 1626 1750
f 1751 1750 1626
f 1752 1750 1753
f 1754 1753 1750
f 1752 1749 1750
f 1754 1750 1751
f 1755 1626 1614
f 1749 1627 1626
f 1756 1626 1755
f 1751 1626 1756
f 1755 1614 1593
f 1757 1593 1602
f 1755 1593 1757
f 1664 1753 1602
f 1754 1602 1753
f 1758 1757 1602
f 1758 1602 1754
f 1664 1752 1753
f 1759 1621 1625
f 1760 1596 1621
f 1759 1760 1621
f 1761 1625 1739
f 1762 1759 1625
f 1762 1625 1761
f 1761 1739 1742
f 1763 1742 1608
f 1761 1742 1763
f 1760 1608 1596
f 1764 1763 1608
f 1760 1764 1608
f 1765 1628 1627
f 924 95 1628
f 924 1628 1765
f 1766 1627 1749
f 1767 1765 1627
f 1766 1767 1627
f 1766 1749 1752
f 1768 1752 1664
f 1768 1766 1752
f 924 1664 95
f 1769 1768 1664
f 1769 1664 924
f 1770 1701 1718
f 1702 1701 1771
f 1772 1771 1701
f 1772 1701 1770
f 1773 1718 1720
f 1773 1770 1718
f 1774 1720 1713
f 1773 1720 1774
f 1775 1776 1713
f 1777 1713 1776
f 1681 1775 1713
f 1774 1713 1777
f 1778 1771 1776
f 1779 1776 1771
f 1775 1778 1776
f 1777 1776 1779
f 1778 1702 1771
f 1779 1771 1772
f 1780 1678 1734
f 1679 1678 1781
f 1782 1781 1678
f 1782 1678 1780
f 1783 1734 1729
f 1783 1780 1734
f 1784 1729 1732
f 1783 1729 1784
f 1785 1786 1732
f 1787 1732 1786
f 1656 1785 1732
f 1784 1732 1787
f 1788 1781 1786
f 1789 1786 1781
f 1785 1788 1786
f 1787 1786 1789
f 1788 1679 1781
f 1789 1781 1782
f 1790 1702 1778
f 1791 1684 1702
f 1791 1702 1790
f 1792 1778 1775
f 1792 1790 1778
f 1793 1775 1681
f 1792 1775 1793
f 1794 1681 1687
f 1793 1681 1794
f 1795 1687 1684
f 1794 1687 1795
f 1795 1684 1791
f 1796 1606 1645
f 1797 1609 1606
f 1797 1606 1796
f 1798 1645 1648
f 1798 1796 1645
f 1799 1648 1649
f 1798 1648 1799
f 1800 1649 1597
f 1799 1649 1800
f 1801 1597 1609
f 1800 1597 1801
f 1801 1609 1797
f 1802 1679 1788
f 1803 1660 1679
f 1803 1679 1802
f 1804 1788 1785
f 1804 1802 1788
f 1805 1785 1656
f 1804 1785 1805
f 1806 1656 1663
f 1805 1656 1806
f 1807 1663 1660
f 1806 1663 1807
f 1807 1660 1803
f 1808 1599 1641
f 1809 1610 1599
f 1809 1599 1808
f 1810 1641 1642
f 1810 1808 1641
f 1811 1642 1638
f 1810 1642 1811
f 1812 1638 1603
f 1811 1638 1812
f 1813 1603 1610
f 1812 1603 1813
f 1813 1610 1809
f 1373 1814 1396
f 1397 1396 1814
f 1815 1816 1814
f 1817 1814 1816
f 1373 1815 1814
f 1397 1814 1817
f 1818 1819 1816
f 1820 1816 1819
f 1821 1818 1816
f 1815 1821 1816
f 1817 1816 1820
f 1343 1341 1819
f 1820 1819 1341
f 1818 1343 1819
f 1820 1341 1346
f 1822 1343 1818
f 1822 1342 1343
f 1823 1818 1821
f 1823 1822 1818
f 1823 1821 1815
f 1824 1815 1373
f 1824 1823 1815
f 1371 1824 1373
f 1825 1826 1551
f 1827 1551 1826
f 1529 1825 1551
f 1552 1551 1827
f 1828 1829 1826
f 1827 1826 1829
f 1825 1828 1826
f 1830 1831 1829
f 1832 1829 1831
f 1828 1830 1829
f 1827 1829 1832
f 1830 1311 1831
f 1317 1831 1311
f 1832 1831 1317
f 1830 1313 1311
f 1833 1313 1830
f 1833 1314 1313
f 1833 1830 1828
f 1834 1828 1825
f 1834 1833 1828
f 1835 1825 1529
f 1835 1834 1825
f 1527 1835 1529
f 1836 1837 1361
f 1838 1361 1837
f 1360 1836 1361
f 1362 1361 1838
f 1839 1840 1837
f 1838 1837 1840
f 1836 1839 1837
f 1841 1842 1840
f 1843 1840 1842
f 1839 1841 1840
f 1838 1840 1843
f 1841 1457 1842
f 1458 1842 1457
f 1843 1842 1458
f 1841 1493 1457
f 1844 1493 1841
f 1844 1482 1493
f 1844 1841 1839
f 1845 1839 1836
f 1845 1844 1839
f 1364 1836 1360
f 1364 1845 1836
f 1428 1846 1451
f 1847 1451 1846
f 1450 1451 1847
f 1848 1849 1846
f 1850 1846 1849
f 1428 1848 1846
f 1847 1846 1850
f 1851 1852 1849
f 1853 1849 1852
f 1848 1851 1849
f 1850 1849 1853
f 1854 1544 1852
f 1853 1852 1544
f 1851 1854 1852
f 1854 1545 1544
f 1853 1544 1547
f 1855 1545 1854
f 1855 1543 1545
f 1856 1854 1851
f 1856 1855 1854
f 1856 1851 1848
f 1857 1848 1428
f 1857 1856 1848
f 1429 1857 1428
f 1500 1858 1522
f 1523 1522 1858
f 1859 1860 1858
f 1861 1858 1860
f 1862 1859 1858
f 1500 1862 1858
f 1523 1858 1861
f 1863 1864 1860
f 1865 1860 1864
f 1859 1863 1860
f 1861 1860 1865
f 1558 1556 1864
f 1562 1864 1556
f 1863 1558 1864
f 1865 1864 1562
f 1866 1558 1863
f 1866 1559 1558
f 1867 1863 1859
f 1867 1866 1863
f 1867 1859 1862
f 1868 1862 1500
f 1868 1867 1862
f 1498 1868 1500
f 1869 1870 1577
f 1871 1577 1870
f 1576 1869 1577
f 1578 1577 1871
f 1872 1873 1870
f 1871 1870 1873
f 1869 1872 1870
f 1874 1875 1873
f 1876 1873 1875
f 1872 1874 1873
f 1871 1873 1876
f 1874 1443 1875
f 1877 1875 1443
f 1876 1875 1877
f 1874 1444 1443
f 1877 1443 1446
f 1445 1444 1874
f 1878 1874 1872
f 1878 1445 1874
f 1879 1872 1869
f 1879 1878 1872
f 1580 1869 1576
f 1580 1879 1869
f 1417 1880 1418
f 1881 1418 1880
f 1416 1418 1881
f 1882 1883 1880
f 1884 1880 1883
f 1417 1882 1880
f 1884 1881 1880
f 1885 1886 1883
f 1884 1883 1886
f 1882 1885 1883
f 1516 1515 1886
f 1887 1886 1515
f 1888 1516 1886
f 1885 1888 1886
f 1884 1886 1887
f 1887 1515 1518
f 1889 1516 1888
f 1889 1513 1516
f 1890 1888 1885
f 1890 1889 1888
f 1891 1885 1882
f 1891 1890 1885
f 1891 1882 1417
f 1420 1891 1417
f 160 1892 1401
f 1893 1401 1892
f 1893 1402 1401
f 159 1894 1892
f 1893 1892 1894
f 160 159 1892
f 161 163 1894
f 1895 1894 163
f 159 161 1894
f 1893 1894 1895
f 164 163 162
f 164 1895 163
f 1331 1896 1332
f 1897 1332 1896
f 1333 1332 1897
f 1898 1899 1896
f 1900 1896 1899
f 1331 1898 1896
f 1897 1896 1900
f 1901 1902 1899
f 1900 1899 1902
f 1898 1901 1899
f 1389 1388 1902
f 1903 1902 1388
f 1904 1389 1902
f 1901 1904 1902
f 1900 1902 1903
f 1903 1388 1391
f 1390 1389 1904
f 1905 1904 1901
f 1905 1390 1904
f 1906 1901 1898
f 1906 1905 1901
f 1906 1898 1331
f 1335 1906 1331
f 1907 1908 1909
f 1910 1909 1908
f 1911 1907 1909
f 1911 1909 1912
f 1913 1912 1909
f 1914 1909 1910
f 1915 1913 1909
f 1914 1915 1909
f 1907 1916 1908
f 1917 1908 1916
f 1918 1908 1917
f 1919 1908 1918
f 1920 1910 1908
f 1919 1920 1908
f 1921 1922 1916
f 1923 1916 1922
f 1907 1921 1916
f 1917 1916 1923
f 1924 1925 1922
f 1926 1922 1925
f 1921 1924 1922
f 1923 1922 1926
f 1927 1928 1925
f 1926 1925 1928
f 1924 1927 1925
f 1929 1928 1927
f 1930 1928 1929
f 1926 1928 1931
f 1932 1931 1928
f 1933 1928 1930
f 1932 1928 1933
f 1934 1927 1924
f 1935 1929 1927
f 1936 1927 1934
f 1937 1927 1936
f 1935 1927 1937
f 1938 1924 1921
f 1934 1924 1938
f 1938 1921 1907
f 1938 1907 1911
f 1939 1940 1941
f 1942 1941 1940
f 1943 1939 1941
f 1944 1941 1945
f 1942 1945 1941
f 1946 1941 1944
f 1943 1941 1946
f 1947 1948 1940
f 1942 1940 1948
f 1939 1947 1940
f 1949 1948 1947
f 1949 1950 1948
f 1951 1948 1950
f 1942 1948 1951
f 1943 1947 1939
f 1952 1949 1947
f 1952 1947 1943
f 1953 1954 1955
f 1956 1955 1954
f 1957 1953 1955
f 1958 1955 1959
f 1956 1959 1955
f 1960 1955 1958
f 1957 1955 1960
f 1961 1962 1954
f 1956 1954 1962
f 1953 1961 1954
f 1963 1962 1961
f 1963 1964 1962
f 1965 1962 1964
f 1956 1962 1965
f 1957 1961 1953
f 1957 1963 1961
f 1966 1967 1968
f 1969 1968 1967
f 1970 1966 1968
f 1971 1968 1972
f 1969 1972 1968
f 1970 1968 1971
f 1973 1974 1967
f 1969 1967 1974
f 1966 1973 1967
f 1975 1974 1973
f 1975 1976 1974
f 1977 1974 1976
f 1969 1974 1977
f 1978 1973 1966
f 1978 1975 1973
f 1978 1966 1970
f 1979 1980 1981
f 1982 1981 1980
f 1983 1979 1981
f 1984 1981 1985
f 1986 1985 1981
f 1987 1981 1984
f 1983 1981 1987
f 1986 1981 1982
f 1988 1989 1980
f 1982 1980 1989
f 1979 1988 1980
f 1990 1989 1988
f 1990 1991 1989
f 1992 1989 1991
f 1982 1989 1992
f 1983 1988 1979
f 1993 1990 1988
f 1993 1988 1983
f 1994 1995 1996
f 1997 1996 1995
f 1998 1994 1996
f 1999 1996 2000
f 2001 2000 1996
f 2002 1996 1999
f 1998 1996 2002
f 2001 1996 1997
f 2003 2004 1995
f 1997 1995 2004
f 1994 2003 1995
f 2005 2004 2003
f 2005 2006 2004
f 2007 2004 2006
f 1997 2004 2007
f 1998 2003 1994
f 1998 2005 2003
f 2008 2009 2010
f 2011 2010 2009
f 2012 2008 2010
f 2013 2010 2014
f 2011 2014 2010
f 2015 2010 2013
f 2012 2010 2015
f 2016 2017 2009
f 2018 2009 2017
f 2008 2016 2009
f 2011 2009 2018
f 2019 2017 2016
f 2019 2020 2017
f 2018 2017 2020
f 2012 2016 2008
f 2021 2019 2016
f 2021 2016 2012
f 2022 2023 2024
f 2025 2024 2023
f 2026 2022 2024
f 2027 2024 2028
f 2029 2028 2024
f 2030 2024 2027
f 2026 2024 2030
f 2029 2024 2025
f 2031 2032 2023
f 2025 2023 2032
f 2022 2031 2023
f 2033 2032 2031
f 2033 2034 2032
f 2035 2032 2034
f 2025 2032 2035
f 2026 2031 2022
f 2026 2033 2031
f 2036 2037 2038
f 2039 2038 2037
f 2040 2036 2038
f 2041 2038 2042
f 2043 2042 2038
f 2040 2038 2041
f 2043 2038 2039
f 2044 2045 2037
f 2039 2037 2045
f 2036 2044 2037
f 2046 2045 2044
f 2046 2047 2045
f 2048 2045 2047
f 2039 2045 2048
f 2049 2044 2036
f 2049 2046 2044
f 2049 2036 2040
f 2050 2051 2052
f 2053 2052 2051
f 2054 2050 2052
f 2055 2052 2056
f 2057 2056 2052
f 2058 2052 2055
f 2054 2052 2058
f 2057 2052 2053
f 2059 2060 2051
f 2053 2051 2060
f 2050 2059 2051
f 2061 2060 2059
f 2061 2062 2060
f 2063 2060 2062
f 2053 2060 2063
f 2054 2059 2050
f 2064 2061 2059
f 2064 2059 2054
f 2065 2066 2067
f 2068 2067 2066
f 2069 2065 2067
f 2070 2067 2071
f 2068 2071 2067
f 2069 2067 2070
f 2072 2073 2066
f 2068 2066 2073
f 2065 2072 2066
f 2074 2073 2072
f 2074 2075 2073
f 2076 2073 2075
f 2068 2073 2076
f 2077 2072 2065
f 2077 2074 2072
f 2077 2065 2069
f 2078 2079 2080
f 2081 2080 2079
f 2082 2078 2080
f 2083 2082 2080
f 2084 2083 2080
f 2084 2080 2085
f 2081 2085 2080
f 2086 2087 2079
f 2081 2079 2087
f 2078 2086 2079
f 2088 2089 2087
f 2090 2087 2089
f 2086 2088 2087
f 2081 2087 2090
f 2091 2092 2089
f 2093 2089 2092
f 2088 2091 2089
f 2093 2090 2089
f 2094 2095 2092
f 2096 2092 2095
f 2091 2094 2092
f 2096 2093 2092
f 2097 2098 2095
f 2099 2095 2098
f 2094 2097 2095
f 2099 2096 2095
f 2100 2098 2097
f 2101 2098 2102
f 2100 2102 2098
f 2099 2098 2101
f 2103 2097 2094
f 2100 2097 2103
f 2104 2094 2091
f 2103 2094 2104
f 2105 2091 2088
f 2104 2091 2105
f 2106 2088 2086
f 2105 2088 2106
f 2107 2086 2078
f 2106 2086 2107
f 2108 2078 2082
f 2108 2107 2078
f 2083 2109 2082
f 2108 2082 2109
f 2084 2109 2083
f 2084 2110 2109
f 2111 2109 2110
f 2111 2108 2109
f 2112 2113 2114
f 2115 2114 2113
f 2116 2112 2114
f 2117 2116 2114
f 2118 2117 2114
f 2118 2114 2115
f 2119 2120 2113
f 2115 2113 2120
f 2112 2119 2113
f 2013 2014 2120
f 2121 2120 2014
f 2119 2013 2120
f 2115 2120 2121
f 2121 2014 2011
f 2122 2013 2119
f 2015 2013 2122
f 2122 2119 2112
f 2123 2112 2116
f 2122 2112 2123
f 2124 2116 2117
f 2125 2116 2124
f 2123 2116 2125
f 2126 2127 2128
f 2129 2128 2127
f 2130 2126 2128
f 2131 2130 2128
f 2132 2131 2128
f 2132 2128 2129
f 2133 2134 2127
f 2129 2127 2134
f 2126 2133 2127
f 1944 1945 2134
f 2135 2134 1945
f 2133 1944 2134
f 2129 2134 2135
f 2135 1945 1942
f 1946 1944 2133
f 2136 2133 2126
f 1946 2133 2136
f 2137 2126 2130
f 2136 2126 2137
f 2138 2130 2131
f 2139 2130 2138
f 2137 2130 2139
f 2140 2141 2142
f 2143 2142 2141
f 2144 2140 2142
f 2145 2144 2142
f 2146 2145 2142
f 2146 2142 2143
f 2147 2148 2141
f 2149 2141 2148
f 2140 2147 2141
f 2143 2141 2149
f 1999 2000 2148
f 2001 2148 2000
f 2147 1999 2148
f 2149 2148 2001
f 2150 1999 2147
f 2002 1999 2150
f 2151 2147 2140
f 2150 2147 2151
f 2152 2140 2144
f 2151 2140 2152
f 2153 2144 2145
f 2152 2144 2153
f 2154 2155 2156
f 2157 2156 2155
f 2158 2154 2156
f 2159 2158 2156
f 2160 2159 2156
f 2160 2156 2157
f 2154 2161 2155
f 2162 2155 2161
f 2157 2155 2162
f 2055 2056 2161
f 2057 2161 2056
f 2163 2055 2161
f 2154 2163 2161
f 2162 2161 2057
f 2164 2055 2163
f 2058 2055 2164
f 2164 2163 2154
f 2165 2154 2158
f 2164 2154 2165
f 2166 2158 2159
f 2167 2158 2166
f 2165 2158 2167
f 2168 2169 2170
f 2171 2170 2169
f 2172 2168 2170
f 2173 2172 2170
f 2174 2173 2170
f 2174 2170 2171
f 2168 2175 2169
f 2171 2169 2175
f 1958 1959 2175
f 2176 2175 1959
f 2177 1958 2175
f 2168 2177 2175
f 2171 2175 2176
f 2176 1959 1956
f 2178 1958 2177
f 1960 1958 2178
f 2179 2177 2168
f 2178 2177 2179
f 2180 2168 2172
f 2179 2168 2180
f 2181 2172 2173
f 2182 2172 2181
f 2180 2172 2182
f 2183 2184 2185
f 2186 2185 2184
f 2187 2183 2185
f 2188 2187 2185
f 2189 2188 2185
f 2189 2185 2186
f 2190 2191 2184
f 2192 2184 2191
f 2183 2190 2184
f 2186 2184 2192
f 2027 2028 2191
f 2029 2191 2028
f 2190 2027 2191
f 2192 2191 2029
f 2193 2027 2190
f 2030 2027 2193
f 2194 2190 2183
f 2193 2190 2194
f 2195 2183 2187
f 2194 2183 2195
f 2196 2187 2188
f 2195 2187 2196
f 2101 2102 2197
f 2198 2197 2102
f 2199 2101 2197
f 2200 2199 2197
f 2198 2200 2197
f 2198 2102 2100
f 2201 2101 2199
f 2099 2101 2201
f 2200 2202 2199
f 2111 2199 2202
f 2201 2199 2111
f 2203 2204 2205
f 2206 2205 2204
f 2207 2203 2205
f 2208 2207 2205
f 2209 2208 2205
f 2209 2205 2206
f 2203 2210 2204
f 2211 2204 2210
f 2206 2204 2211
f 2212 1985 2210
f 1986 2210 1985
f 2203 2212 2210
f 2211 2210 1986
f 2212 1984 1985
f 1987 1984 2212
f 2213 2212 2203
f 1987 2212 2213
f 2214 2203 2207
f 2214 2213 2203
f 2215 2207 2208
f 2216 2207 2215
f 2214 2207 2216
f 2217 2218 2219
f 2220 2219 2218
f 2221 2217 2219
f 2222 2221 2219
f 2223 2222 2219
f 2223 2219 2220
f 2217 2224 2218
f 2220 2218 2224
f 2070 2071 2224
f 2225 2224 2071
f 2226 2070 2224
f 2217 2226 2224
f 2220 2224 2225
f 2225 2071 2068
f 2227 2070 2226
f 2069 2070 2227
f 2228 2226 2217
f 2227 2226 2228
f 2229 2217 2221
f 2228 2217 2229
f 2230 2221 2222
f 2231 2221 2230
f 2229 2221 2231
f 2232 2233 2234
f 2235 2234 2233
f 2236 2232 2234
f 2237 2236 2234
f 2238 2237 2234
f 2238 2234 2235
f 2239 2240 2233
f 2235 2233 2240
f 2232 2239 2233
f 1971 1972 2240
f 2241 2240 1972
f 2239 1971 2240
f 2235 2240 2241
f 2241 1972 1969
f 2242 1971 2239
f 1970 1971 2242
f 2243 2239 2232
f 2242 2239 2243
f 2244 2232 2236
f 2243 2232 2244
f 2245 2236 2237
f 2246 2236 2245
f 2244 2236 2246
f 2247 2248 2249
f 2250 2249 2248
f 2251 2247 2249
f 2252 2251 2249
f 2253 2252 2249
f 2253 2249 2250
f 2247 2254 2248
f 2255 2248 2254
f 2250 2248 2255
f 2041 2042 2254
f 2043 2254 2042
f 2256 2041 2254
f 2247 2256 2254
f 2255 2254 2043
f 2257 2041 2256
f 2040 2041 2257
f 2258 2256 2247
f 2257 2256 2258
f 2259 2247 2251
f 2258 2247 2259
f 2260 2251 2252
f 2261 2251 2260
f 2259 2251 2261
f 2262 2263 2264
f 2265 2264 2263
f 2266 2262 2264
f 2267 2266 2264
f 2268 2267 2264
f 2269 2264 2265
f 2268 2264 2269
f 2270 2271 2263
f 2272 2263 2271
f 2273 2270 2263
f 2274 2273 2263
f 2262 2274 2263
f 2272 2265 2263
f 2275 2271 2270
f 2276 2271 2275
f 2277 2272 2271
f 2276 2277 2271
f 2275 2270 2273
f 2278 2273 2274
f 156 2273 2278
f 2275 2273 156
f 2279 2274 2262
f 2279 2278 2274
f 2280 2262 2266
f 2280 2279 2262
f 2267 2281 2266
f 2282 2266 2281
f 2282 2280 2266
f 2267 2283 2281
f 2284 2281 2283
f 2284 2282 2281
f 2285 2286 2283
f 2284 2283 2286
f 2267 2285 2283
f 2287 2288 2286
f 2289 2286 2288
f 2285 2287 2286
f 2289 2284 2286
f 2290 2291 2288
f 2292 2288 2291
f 2287 2290 2288
f 2292 2289 2288
f 2290 2293 2291
f 2294 2291 2293
f 2294 2292 2291
f 2295 2296 2293
f 2297 2293 2296
f 2290 2295 2293
f 2297 2294 2293
f 2298 2299 2296
f 2300 2296 2299
f 2295 2298 2296
f 2300 2297 2296
f 2298 2301 2299
f 2302 2299 2301
f 2302 2300 2299
f 2303 2304 2301
f 2305 2301 2304
f 2298 2303 2301
f 2302 2301 2305
f 2306 2307 2304
f 2308 2304 2307
f 2303 2306 2304
f 2309 2305 2304
f 2308 2309 2304
f 2306 2310 2307
f 2311 2307 2310
f 2311 2308 2307
f 2312 2313 2310
f 2314 2310 2313
f 2306 2312 2310
f 2314 2311 2310
f 2315 2316 2313
f 2314 2313 2316
f 2312 2315 2313
f 2317 2318 2316
f 2319 2316 2318
f 2315 2317 2316
f 2319 2314 2316
f 2317 2320 2318
f 2321 2318 2320
f 2321 2319 2318
f 2322 2323 2320
f 2324 2320 2323
f 2317 2322 2320
f 2325 2321 2320
f 2324 2325 2320
f 2326 2327 2323
f 2328 2323 2327
f 2322 2326 2323
f 2328 2324 2323
f 2326 2329 2327
f 2330 2327 2329
f 2330 2328 2327
f 2331 2332 2329
f 2333 2329 2332
f 2326 2331 2329
f 2333 2330 2329
f 2334 2335 2332
f 2333 2332 2335
f 2331 2334 2332
f 2334 2336 2335
f 2337 2335 2336
f 2333 2335 2337
f 2338 2339 2336
f 2340 2336 2339
f 2334 2338 2336
f 2341 2337 2336
f 2340 2341 2336
f 2342 2343 2339
f 2340 2339 2343
f 2338 2342 2339
f 2342 2344 2343
f 2345 2343 2344
f 2345 2340 2343
f 2346 2347 2344
f 2348 2344 2347
f 2342 2346 2344
f 2348 2345 2344
f 2349 2350 2347
f 2351 2347 2350
f 2346 2349 2347
f 2351 2348 2347
f 2352 2353 2350
f 2354 2350 2353
f 2349 2352 2350
f 2354 2351 2350
f 2352 2355 2353
f 2356 2353 2355
f 2356 2354 2353
f 2357 2358 2355
f 2359 2355 2358
f 2352 2357 2355
f 2359 2356 2355
f 2360 2361 2358
f 2362 2358 2361
f 2357 2360 2358
f 2362 2359 2358
f 2360 2363 2361
f 2364 2361 2363
f 2364 2362 2361
f 2365 2366 2363
f 2367 2363 2366
f 2360 2365 2363
f 2367 2364 2363
f 2368 2369 2366
f 2370 2366 2369
f 2365 2368 2366
f 2367 2366 2370
f 2368 2371 2369
f 2372 2369 2371
f 2372 2370 2369
f 2373 2374 2371
f 2375 2371 2374
f 2368 2373 2371
f 2375 2372 2371
f 2376 2377 2374
f 2378 2374 2377
f 2373 2376 2374
f 2378 2375 2374
f 2379 2380 2377
f 2381 2377 2380
f 2376 2379 2377
f 2382 2378 2377
f 2381 2382 2377
f 2379 2383 2380
f 2381 2380 2383
f 2384 2385 2383
f 2386 2383 2385
f 2379 2384 2383
f 2386 2381 2383
f 2387 2388 2385
f 2389 2385 2388
f 2384 2387 2385
f 2389 2386 2385
f 2387 2390 2388
f 2391 2388 2390
f 2391 2389 2388
f 2392 2393 2390
f 2394 2390 2393
f 2387 2392 2390
f 2394 2391 2390
f 2395 2396 2393
f 2397 2393 2396
f 2392 2395 2393
f 2397 2394 2393
f 2395 2398 2396
f 2399 2396 2398
f 2399 2397 2396
f 2400 2401 2398
f 2402 2398 2401
f 2395 2400 2398
f 2399 2398 2402
f 2403 2404 2401
f 2405 2401 2404
f 2400 2403 2401
f 2406 2402 2401
f 2405 2406 2401
f 2407 2408 2404
f 2409 2404 2408
f 2403 2407 2404
f 2409 2405 2404
f 2407 2410 2408
f 2411 2408 2410
f 2411 2409 2408
f 2412 2413 2410
f 2414 2410 2413
f 2407 2412 2410
f 2414 2411 2410
f 2415 2416 2413
f 2414 2413 2416
f 2412 2415 2413
f 2415 2417 2416
f 2418 2416 2417
f 2418 2414 2416
f 2419 2420 2417
f 2421 2417 2420
f 2415 2419 2417
f 2421 2418 2417
f 2422 2423 2420
f 2424 2420 2423
f 2419 2422 2420
f 2424 2421 2420
f 2422 2425 2423
f 2426 2423 2425
f 2426 2424 2423
f 2427 2428 2425
f 2429 2425 2428
f 2422 2427 2425
f 2429 2426 2425
f 2430 2431 2428
f 2432 2428 2431
f 2427 2430 2428
f 2432 2429 2428
f 2430 2433 2431
f 2434 2431 2433
f 2432 2431 2434
f 2435 2436 2433
f 2437 2433 2436
f 2430 2435 2433
f 2437 2434 2433
f 2438 2439 2436
f 2440 2436 2439
f 2435 2438 2436
f 2440 2437 2436
f 2441 2442 2439
f 2443 2439 2442
f 2438 2441 2439
f 2443 2440 2439
f 2441 2444 2442
f 2445 2442 2444
f 2446 2443 2442
f 2445 2446 2442
f 2447 2448 2444
f 2445 2444 2448
f 2441 2447 2444
f 2449 2450 2448
f 2451 2448 2450
f 2447 2449 2448
f 2451 2445 2448
f 2449 2452 2450
f 2453 2450 2452
f 2453 2451 2450
f 2454 2455 2452
f 2456 2452 2455
f 2449 2454 2452
f 2456 2453 2452
f 2457 2458 2455
f 2459 2455 2458
f 2454 2457 2455
f 2459 2456 2455
f 2457 2460 2458
f 2461 2458 2460
f 2461 2459 2458
f 2462 2463 2460
f 2464 2460 2463
f 2457 2462 2460
f 2464 2461 2460
f 2465 2466 2463
f 2467 2463 2466
f 2462 2465 2463
f 2464 2463 2467
f 2468 2469 2466
f 2470 2466 2469
f 2465 2468 2466
f 2471 2467 2466
f 2470 2471 2466
f 2468 2472 2469
f 2473 2469 2472
f 2473 2470 2469
f 2474 2475 2472
f 2476 2472 2475
f 2468 2474 2472
f 2476 2473 2472
f 2477 2478 2475
f 2476 2475 2478
f 2474 2477 2475
f 2477 2479 2478
f 2480 2478 2479
f 2480 2476 2478
f 2481 2482 2479
f 2483 2479 2482
f 2477 2481 2479
f 2483 2480 2479
f 2484 2485 2482
f 2486 2482 2485
f 2481 2484 2482
f 2487 2483 2482
f 2486 2487 2482
f 2484 2488 2485
f 2486 2485 2488
f 2489 2490 2488
f 2491 2488 2490
f 2484 2489 2488
f 2491 2486 2488
f 2492 2493 2490
f 2494 2490 2493
f 2489 2492 2490
f 2494 2491 2490
f 2495 2496 2493
f 2497 2493 2496
f 2492 2495 2493
f 2497 2494 2493
f 2495 2498 2496
f 2499 2496 2498
f 2497 2496 2499
f 2500 2501 2498
f 2502 2498 2501
f 2495 2500 2498
f 2503 2499 2498
f 2502 2503 2498
f 2504 2505 2501
f 2506 2501 2505
f 2500 2504 2501
f 2506 2502 2501
f 2504 2507 2505
f 2506 2505 2507
f 2508 2509 2507
f 2510 2507 2509
f 2504 2508 2507
f 2510 2506 2507
f 2511 2512 2509
f 2513 2509 2512
f 2508 2511 2509
f 2513 2510 2509
f 2511 2514 2512
f 2515 2512 2514
f 2515 2513 2512
f 2516 2517 2514
f 2518 2514 2517
f 2511 2516 2514
f 2518 2515 2514
f 2519 2520 2517
f 2521 2517 2520
f 2516 2519 2517
f 2521 2518 2517
f 2522 2523 2520
f 2524 2520 2523
f 2519 2522 2520
f 2524 2521 2520
f 2522 2525 2523
f 2526 2523 2525
f 2526 2524 2523
f 2527 2528 2525
f 2529 2525 2528
f 2522 2527 2525
f 2529 2526 2525
f 2530 2531 2528
f 2532 2528 2531
f 2527 2530 2528
f 2529 2528 2532
f 2530 2533 2531
f 2534 2531 2533
f 2534 2532 2531
f 2535 2536 2533
f 2537 2533 2536
f 2530 2535 2533
f 2537 2534 2533
f 2538 2539 2536
f 2540 2536 2539
f 2535 2538 2536
f 2540 2537 2536
f 2538 2541 2539
f 2542 2539 2541
f 2543 2540 2539
f 2542 2543 2539
f 2544 2545 2541
f 2542 2541 2545
f 2538 2544 2541
f 2546 2547 2545
f 2548 2545 2547
f 2549 2546 2545
f 2544 2549 2545
f 2548 2542 2545
f 2550 2551 2547
f 2552 2547 2551
f 2546 2550 2547
f 2552 2548 2547
f 2553 2554 2551
f 2555 2551 2554
f 2550 2553 2551
f 2555 2552 2551
f 2556 2557 2554
f 2558 2554 2557
f 2553 2556 2554
f 2558 2555 2554
f 2559 2560 2557
f 2561 2557 2560
f 2562 2559 2557
f 2556 2562 2557
f 2561 2558 2557
f 2563 2564 2560
f 2565 2560 2564
f 2559 2563 2560
f 2565 2561 2560
f 2566 2567 2564
f 2568 2564 2567
f 2563 2566 2564
f 2568 2565 2564
f 2569 2570 2567
f 2568 2567 2570
f 2566 2569 2567
f 2571 2570 2569
f 2572 2568 2570
f 2573 2572 2570
f 2574 2573 2570
f 2574 2570 2571
f 2571 2569 2566
f 2575 2566 2563
f 2571 2566 2575
f 2575 2563 2559
f 2576 2559 2562
f 2575 2559 2576
f 2576 2562 2556
f 2577 2556 2553
f 2577 2576 2556
f 2577 2553 2550
f 2578 2550 2546
f 2577 2550 2578
f 2578 2546 2549
f 2574 2549 2544
f 2578 2549 2574
f 2579 2544 2538
f 2574 2544 2580
f 2579 2580 2544
f 2581 2538 2535
f 2581 2579 2538
f 2582 2535 2530
f 2581 2535 2583
f 2582 2583 2535
f 2584 2530 2527
f 2582 2530 2584
f 2585 2527 2522
f 2584 2527 2585
f 2586 2522 2519
f 2585 2522 2586
f 2587 2519 2516
f 2586 2519 2587
f 2588 2516 2511
f 2587 2516 2588
f 2589 2511 2508
f 2588 2511 2589
f 2590 2508 2504
f 2589 2508 2590
f 2591 2504 2500
f 2590 2504 2591
f 2592 2500 2495
f 2591 2500 2592
f 2593 2495 2492
f 2592 2495 2593
f 2594 2492 2489
f 2593 2492 2594
f 2595 2489 2484
f 2594 2489 2595
f 2596 2484 2481
f 2595 2484 2596
f 2597 2481 2477
f 2596 2481 2597
f 2598 2477 2474
f 2597 2477 2598
f 2599 2474 2468
f 2598 2474 2599
f 2600 2468 2465
f 2599 2468 2600
f 2601 2465 2462
f 2600 2465 2601
f 2602 2462 2457
f 2601 2462 2602
f 2603 2457 2454
f 2602 2457 2603
f 2603 2454 2449
f 2604 2449 2447
f 2603 2449 2604
f 2605 2447 2441
f 2606 2447 2605
f 2604 2447 2606
f 2607 2441 2438
f 2605 2441 2607
f 2608 2438 2435
f 2607 2438 2608
f 2609 2435 2430
f 2608 2435 2609
f 2610 2430 2427
f 2609 2430 2610
f 2611 2427 2422
f 2610 2427 2611
f 2612 2422 2419
f 2611 2422 2612
f 2613 2419 2415
f 2612 2419 2613
f 2614 2415 2412
f 2613 2415 2614
f 2615 2412 2407
f 2614 2412 2615
f 2616 2407 2403
f 2615 2407 2616
f 2617 2403 2400
f 2616 2403 2617
f 2618 2400 2395
f 2617 2400 2618
f 2619 2395 2392
f 2618 2395 2619
f 2620 2392 2387
f 2619 2392 2620
f 2621 2387 2384
f 2620 2387 2621
f 2622 2384 2379
f 2621 2384 2622
f 2623 2379 2376
f 2622 2379 2623
f 2624 2376 2373
f 2623 2376 2624
f 2625 2373 2368
f 2624 2373 2625
f 2626 2368 2365
f 2625 2368 2626
f 2626 2365 2360
f 2627 2360 2357
f 2626 2360 2627
f 2628 2357 2352
f 2627 2357 2628
f 2629 2352 2349
f 2628 2352 2629
f 2630 2349 2346
f 2631 2349 2630
f 2629 2349 2631
f 2632 2346 2342
f 2630 2346 2632
f 2633 2342 2338
f 2632 2342 2633
f 2633 2338 2334
f 2634 2334 2331
f 2633 2334 2634
f 2635 2331 2326
f 2636 2331 2635
f 2634 2331 2636
f 2635 2326 2322
f 2637 2322 2317
f 2635 2322 2637
f 2638 2317 2315
f 2637 2317 2638
f 2639 2315 2312
f 2638 2315 2639
f 2640 2312 2306
f 2639 2312 2640
f 2641 2306 2303
f 2640 2306 2641
f 2642 2303 2298
f 2643 2303 2642
f 2641 2303 2643
f 2642 2298 2295
f 2644 2295 2290
f 2642 2295 2644
f 2645 2290 2287
f 2644 2290 2645
f 2646 2287 2285
f 2645 2287 2646
f 2647 2285 2267
f 2646 2285 2647
f 2647 2267 2268
f 2648 2649 2650
f 2651 2650 2649
f 2652 2648 2650
f 2653 2650 2654
f 2655 2654 2650
f 2653 2652 2650
f 2655 2650 2656
f 2651 2656 2650
f 2648 2657 2649
f 2658 2649 2657
f 2659 2660 2649
f 2651 2649 2660
f 2661 2649 2658
f 2659 2649 2661
f 2662 2663 2657
f 2664 2657 2663
f 2648 2662 2657
f 2658 2657 2664
f 2665 2666 2663
f 2667 2663 2666
f 2662 2665 2663
f 2664 2663 2667
f 2668 2669 2666
f 2667 2666 2669
f 2665 2668 2666
f 2670 2669 2668
f 2671 2669 2672
f 2670 2672 2669
f 2673 2669 2671
f 2667 2669 2674
f 2673 2674 2669
f 2675 2668 2665
f 2676 2677 2668
f 2678 2668 2677
f 2675 2676 2668
f 2670 2668 2678
f 2679 2665 2662
f 2679 2675 2665
f 2652 2662 2648
f 2652 2679 2662
f 2617 2434 2437
f 2618 2432 2434
f 2617 2618 2434
f 2616 2437 2440
f 2616 2617 2437
f 2616 2440 2443
f 2615 2443 2446
f 2615 2616 2443
f 2614 2446 2445
f 2614 2615 2446
f 2614 2445 2451
f 2613 2451 2453
f 2613 2614 2451
f 2277 2305 2309
f 2277 2302 2305
f 2272 2309 2308
f 2277 2309 2272
f 2269 2308 2311
f 2269 2272 2308
f 2269 2311 2314
f 2268 2314 2319
f 2268 2269 2314
f 2647 2319 2321
f 2647 2268 2319
f 2646 2321 2325
f 2646 2647 2321
f 2600 2499 2503
f 2601 2497 2499
f 2600 2601 2499
f 2600 2503 2502
f 2599 2502 2506
f 2599 2600 2502
f 2598 2506 2510
f 2598 2599 2506
f 2598 2510 2513
f 2597 2513 2515
f 2597 2598 2513
f 2596 2515 2518
f 2596 2597 2515
f 2609 2467 2471
f 2610 2464 2467
f 2609 2610 2467
f 2608 2471 2470
f 2608 2609 2471
f 2607 2470 2473
f 2607 2608 2470
f 2607 2473 2476
f 2605 2476 2480
f 2605 2607 2476
f 2606 2480 2483
f 2606 2605 2480
f 2606 2483 2487
f 2634 2370 2372
f 2636 2367 2370
f 2634 2636 2370
f 2633 2372 2375
f 2633 2634 2372
f 2633 2375 2378
f 2632 2378 2382
f 2632 2633 2378
f 2630 2382 2381
f 2630 2632 2382
f 2631 2381 2386
f 2631 2630 2381
f 2631 2386 2389
f 156 2278 2279
f 2680 2279 2280
f 149 156 2279
f 2680 149 2279
f 2681 2280 2282
f 2680 2280 2681
f 2682 2282 2284
f 2681 2282 2682
f 2682 2284 2289
f 2683 2289 2292
f 2682 2289 2683
f 2592 2532 2534
f 2593 2529 2532
f 2592 2593 2532
f 2591 2534 2537
f 2591 2592 2534
f 2591 2537 2540
f 2590 2540 2543
f 2590 2591 2540
f 2589 2543 2542
f 2589 2590 2543
f 2589 2542 2548
f 2588 2548 2552
f 2588 2589 2548
f 2643 2337 2341
f 2642 2333 2337
f 2643 2642 2337
f 2643 2341 2340
f 2641 2340 2345
f 2641 2643 2340
f 2640 2345 2348
f 2640 2641 2345
f 2639 2348 2351
f 2639 2640 2348
f 2639 2351 2354
f 2638 2354 2356
f 2638 2639 2354
f 2626 2402 2406
f 2626 2399 2402
f 2625 2406 2405
f 2625 2626 2406
f 2624 2405 2409
f 2624 2625 2405
f 2623 2409 2411
f 2623 2624 2409
f 2623 2411 2414
f 2622 2414 2418
f 2622 2623 2414
f 2621 2418 2421
f 2621 2622 2418
f 2684 2685 2686
f 2687 2686 2685
f 2688 2684 2686
f 2689 2686 2690
f 2687 2690 2686
f 2691 2686 2689
f 2688 2686 2692
f 2691 2692 2686
f 2684 2693 2685
f 2694 2685 2693
f 2694 2695 2685
f 2696 2685 2695
f 2687 2685 2696
f 2697 2698 2693
f 2699 2693 2698
f 2684 2697 2693
f 2699 2694 2693
f 2700 2701 2698
f 2702 2698 2701
f 2697 2700 2698
f 2702 2699 2698
f 2703 2704 2701
f 2702 2701 2704
f 2700 2703 2701
f 2705 2704 2703
f 2706 2704 2707
f 2708 2707 2704
f 2706 2702 2704
f 2709 2704 2705
f 2709 2708 2704
f 2710 2703 2700
f 2705 2703 2711
f 2712 2711 2703
f 2713 2703 2710
f 2712 2703 2713
f 2714 2700 2697
f 2710 2700 2714
f 2714 2697 2684
f 2714 2684 2688
f 1763 1741 1746
f 1764 1741 1763
f 1744 1741 1764
f 1761 1746 1745
f 1761 1763 1746
f 1613 1745 1747
f 2715 2716 1745
f 2717 1745 2716
f 2715 1745 2718
f 1613 2718 1745
f 1761 1745 2717
f 1595 1613 1747
f 1748 1595 1747
f 2719 2720 2721
f 1683 2721 2720
f 2722 2719 2721
f 2723 2722 2721
f 1691 2721 1683
f 1691 2723 2721
f 2719 2724 2720
f 2725 2720 2724
f 2725 1683 2720
f 2726 2727 2724
f 2728 2724 2727
f 2719 2726 2724
f 2725 2724 2728
f 2729 2730 2727
f 2731 2727 2730
f 2726 2729 2727
f 2732 2727 2731
f 2728 2727 2732
f 2733 2734 2730
f 2735 2730 2734
f 2729 2733 2730
f 2731 2730 2735
f 2736 2737 2734
f 2738 2734 2737
f 2739 2736 2734
f 2733 2739 2734
f 2735 2734 2738
f 2740 2737 2736
f 2738 2737 2741
f 2742 2741 2737
f 2740 2742 2737
f 2743 2736 2739
f 2744 2736 2743
f 2740 2736 2744
f 2745 2739 2733
f 2743 2739 2745
f 2746 2733 2729
f 2745 2733 2746
f 2747 2729 2726
f 2746 2729 2747
f 2748 2726 2719
f 2749 2726 2748
f 2747 2726 2749
f 2750 2719 2722
f 2748 2719 2750
f 2750 2722 2751
f 2752 2751 2722
f 2752 2722 2723
f 2753 2754 2755
f 2756 2755 2754
f 2757 2753 2755
f 2758 2757 2755
f 2759 2755 2756
f 2758 2755 2759
f 2753 2760 2754
f 2761 2754 2760
f 2756 2754 2761
f 2762 2763 2760
f 2764 2760 2763
f 2753 2762 2760
f 2761 2760 2764
f 2765 2766 2763
f 2767 2763 2766
f 2762 2765 2763
f 2764 2763 2767
f 2768 2769 2766
f 2770 2766 2769
f 2765 2768 2766
f 2767 2766 2770
f 2771 2772 2769
f 2773 2769 2772
f 2774 2771 2769
f 2768 2774 2769
f 2775 2769 2773
f 2770 2769 2775
f 2776 2772 2771
f 2773 2772 2777
f 2778 2777 2772
f 2776 2778 2772
f 2779 2771 2774
f 2780 2771 2779
f 2776 2771 2780
f 2781 2774 2768
f 2779 2774 2781
f 2782 2768 2765
f 2781 2768 2782
f 2783 2765 2762
f 2784 2765 2783
f 2782 2765 2784
f 2785 2762 2753
f 2783 2762 2785
f 2786 2753 2757
f 2785 2753 2786
f 2786 2757 2787
f 2788 2787 2757
f 2788 2757 2758
f 2789 2790 2791
f 2792 2791 2790
f 2793 2789 2791
f 2794 2793 2791
f 2795 2791 2792
f 2796 2791 2795
f 2794 2791 2796
f 2789 2797 2790
f 2798 2790 2797
f 2792 2790 2798
f 2799 2800 2797
f 2801 2797 2800
f 2789 2799 2797
f 2798 2797 2801
f 2802 2803 2800
f 2804 2800 2803
f 2799 2802 2800
f 2801 2800 2804
f 2805 2806 2803
f 2807 2803 2806
f 2802 2805 2803
f 2804 2803 2807
f 2808 2809 2806
f 2810 2806 2809
f 2811 2808 2806
f 2805 2811 2806
f 2807 2806 2810
f 2812 2809 2808
f 2813 2809 2814
f 2815 2814 2809
f 2810 2809 2813
f 2812 2815 2809
f 2816 2808 2811
f 2817 2808 2816
f 2812 2808 2817
f 2818 2811 2805
f 2816 2811 2818
f 2819 2805 2802
f 2820 2805 2819
f 2818 2805 2820
f 2821 2802 2799
f 2819 2802 2821
f 2822 2799 2789
f 2821 2799 2822
f 2823 2789 2793
f 2822 2789 2823
f 2823 2793 2824
f 2825 2824 2793
f 2825 2793 2794
f 2826 2827 2828
f 2829 2828 2827
f 2830 2826 2828
f 2831 2830 2828
f 2832 2828 2829
f 2831 2828 2832
f 2826 2833 2827
f 2834 2827 2833
f 2835 2827 2834
f 2829 2827 2835
f 2836 2837 2833
f 2838 2833 2837
f 2826 2836 2833
f 2834 2833 2838
f 2839 2840 2837
f 2841 2837 2840
f 2836 2839 2837
f 2838 2837 2841
f 2842 2843 2840
f 2844 2840 2843
f 2839 2842 2840
f 2841 2840 2844
f 2845 2846 2843
f 2847 2843 2846
f 2848 2845 2843
f 2842 2848 2843
f 2844 2843 2847
f 2849 2846 2845
f 2847 2846 2850
f 2851 2850 2846
f 2849 2851 2846
f 2718 2845 2848
f 2852 2845 2718
f 2852 2849 2845
f 2853 2848 2842
f 2854 2848 2853
f 2718 2848 2854
f 2855 2842 2839
f 2853 2842 2855
f 2856 2839 2836
f 2855 2839 2856
f 2857 2836 2826
f 2856 2836 2857
f 2858 2826 2830
f 2857 2826 2858
f 2858 2830 2859
f 2860 2859 2830
f 2860 2830 2831
f 2861 2862 2863
f 2864 2863 2862
f 2865 2861 2863
f 2866 2865 2863
f 2867 2863 2864
f 2866 2863 2867
f 2861 2868 2862
f 2869 2862 2868
f 2864 2862 2869
f 2870 2871 2868
f 2872 2868 2871
f 2861 2870 2868
f 2869 2868 2872
f 2873 2874 2871
f 2875 2871 2874
f 2870 2873 2871
f 2872 2871 2875
f 2876 2877 2874
f 2878 2874 2877
f 2873 2876 2874
f 2879 2874 2878
f 2875 2874 2879
f 2880 2881 2877
f 2882 2877 2881
f 2883 2880 2877
f 2876 2883 2877
f 2878 2877 2882
f 2884 2881 2880
f 2882 2881 2885
f 2886 2885 2881
f 2884 2886 2881
f 2887 2880 2883
f 2888 2880 2887
f 2884 2880 2888
f 2889 2883 2876
f 2887 2883 2889
f 2890 2876 2873
f 2889 2876 2890
f 2891 2873 2870
f 2890 2873 2891
f 2892 2870 2861
f 2893 2870 2892
f 2891 2870 2893
f 2894 2861 2865
f 2892 2861 2894
f 2894 2865 2895
f 2896 2895 2865
f 2896 2865 2866
f 2897 2898 2899
f 2900 2899 2898
f 2901 2897 2899
f 2902 2899 2900
f 2903 2899 2902
f 2903 2901 2899
f 2897 2904 2898
f 2905 2898 2904
f 2905 2906 2898
f 2900 2898 2906
f 2897 2907 2904
f 2908 2904 2907
f 2908 2905 2904
f 2909 2910 2907
f 2911 2907 2910
f 2897 2909 2907
f 2911 2908 2907
f 2912 2913 2910
f 2914 2910 2913
f 2915 2912 2910
f 2909 2915 2910
f 2914 2911 2910
f 2916 2913 2912
f 2917 2914 2913
f 2918 2917 2913
f 2916 2918 2913
f 2919 2912 2915
f 2920 2916 2912
f 2919 2920 2912
f 2921 2915 2909
f 2921 2919 2915
f 2922 2909 2897
f 2922 2921 2909
f 2901 2922 2897
f 2923 2924 2925
f 2926 2925 2924
f 2927 2923 2925
f 2928 2925 2926
f 2929 2925 2928
f 2929 2927 2925
f 2923 2930 2924
f 2931 2924 2930
f 2926 2924 2931
f 2923 2932 2930
f 2933 2930 2932
f 2933 2931 2930
f 2934 2935 2932
f 2936 2932 2935
f 2923 2934 2932
f 2936 2933 2932
f 2937 2938 2935
f 2939 2935 2938
f 2940 2937 2935
f 2934 2940 2935
f 2939 2936 2935
f 2941 2938 2937
f 2942 2939 2938
f 2943 2942 2938
f 2941 2943 2938
f 2944 2937 2940
f 2945 2941 2937
f 2944 2945 2937
f 2946 2940 2934
f 2946 2944 2940
f 2947 2934 2923
f 2947 2946 2934
f 2927 2947 2923
f 2948 2949 2950
f 2951 2950 2949
f 2952 2948 2950
f 2953 2952 2950
f 2951 2954 2950
f 2953 2950 2954
f 2948 2955 2949
f 2956 2949 2955
f 2956 2951 2949
f 2957 2958 2955
f 2956 2955 2958
f 2948 2957 2955
f 2959 2960 2958
f 2961 2958 2960
f 2957 2959 2958
f 2961 2956 2958
f 2962 2963 2960
f 2964 2960 2963
f 2959 2962 2960
f 2964 2961 2960
f 2965 2966 2963
f 2967 2963 2966
f 2962 2965 2963
f 2967 2964 2963
f 2968 2969 2966
f 2970 2966 2969
f 2965 2968 2966
f 2970 2967 2966
f 2971 2972 2969
f 2970 2969 2972
f 2968 2971 2969
f 2973 2972 2971
f 2974 2970 2972
f 2975 2972 2973
f 2974 2972 2975
f 2976 2971 2968
f 2973 2971 2976
f 2977 2968 2965
f 2976 2968 2978
f 2977 2978 2968
f 2977 2965 2962
f 2979 2962 2959
f 2979 2977 2962
f 2980 2959 2957
f 2981 2979 2959
f 2980 2981 2959
f 2982 2957 2948
f 2982 2980 2957
f 2982 2948 2952
f 2983 2952 2953
f 2984 2952 2983
f 2984 2982 2952
f 2985 2986 2987
f 2988 2987 2986
f 2989 2985 2987
f 2990 2987 2988
f 2991 2987 2990
f 2991 2989 2987
f 2985 2992 2986
f 2993 2986 2992
f 2993 2994 2986
f 2988 2986 2994
f 2985 2995 2992
f 2996 2992 2995
f 2996 2993 2992
f 2997 2998 2995
f 2999 2995 2998
f 2985 2997 2995
f 2999 2996 2995
f 3000 3001 2998
f 3002 2998 3001
f 3003 3000 2998
f 2997 3003 2998
f 3002 2999 2998
f 3004 3001 3000
f 3005 3002 3001
f 3006 3005 3001
f 3004 3006 3001
f 3007 3000 3003
f 3008 3004 3000
f 3007 3008 3000
f 3009 3003 2997
f 3009 3007 3003
f 3010 2997 2985
f 3010 3009 2997
f 2989 3010 2985
f 3011 3012 3013
f 3014 3013 3012
f 3015 3011 3013
f 3016 3013 3014
f 3017 3013 3016
f 3017 3015 3013
f 3011 3018 3012
f 3019 3012 3018
f 3019 3020 3012
f 3014 3012 3020
f 3011 3021 3018
f 3022 3018 3021
f 3022 3019 3018
f 3023 3024 3021
f 3025 3021 3024
f 3011 3023 3021
f 3025 3022 3021
f 3026 3027 3024
f 3028 3024 3027
f 3029 3026 3024
f 3023 3029 3024
f 3028 3025 3024
f 3030 3027 3026
f 3031 3028 3027
f 3032 3031 3027
f 3030 3032 3027
f 3033 3026 3029
f 3034 3030 3026
f 3033 3034 3026
f 3035 3029 3023
f 3035 3033 3029
f 3036 3023 3011
f 3036 3035 3023
f 3015 3036 3011
f 3037 3038 3039
f 3040 3039 3038
f 3041 3037 3039
f 3042 3039 3040
f 3043 3039 3042
f 3043 3041 3039
f 3037 3044 3038
f 3045 3038 3044
f 3045 3046 3038
f 3040 3038 3046
f 3037 3047 3044
f 3048 3044 3047
f 3049 3045 3044
f 3048 3049 3044
f 3050 3051 3047
f 3052 3047 3051
f 3037 3050 3047
f 3052 3048 3047
f 3053 3054 3051
f 3055 3051 3054
f 3056 3053 3051
f 3050 3056 3051
f 3055 3052 3051
f 3057 3054 3053
f 3058 3055 3054
f 3059 3058 3054
f 3057 3059 3054
f 3060 3053 3056
f 3061 3057 3053
f 3060 3061 3053
f 3062 3056 3050
f 3062 3060 3056
f 3063 3050 3037
f 3063 3062 3050
f 3041 3063 3037
f 3064 3065 3066
f 3067 3066 3065
f 3068 3064 3066
f 3069 3066 3067
f 3070 3066 3069
f 3070 3068 3066
f 3064 3071 3065
f 3072 3065 3071
f 3072 3073 3065
f 3067 3065 3073
f 3064 3074 3071
f 3075 3071 3074
f 3075 3072 3071
f 3076 3077 3074
f 3078 3074 3077
f 3064 3076 3074
f 3078 3075 3074
f 3079 3080 3077
f 3081 3077 3080
f 3082 3079 3077
f 3076 3082 3077
f 3081 3078 3077
f 3083 3080 3079
f 3084 3081 3080
f 3085 3084 3080
f 3083 3085 3080
f 3086 3079 3082
f 3087 3083 3079
f 3086 3087 3079
f 3088 3082 3076
f 3088 3086 3082
f 3089 3076 3064
f 3089 3088 3076
f 3068 3089 3064
f 3090 3091 3092
f 3093 3092 3091
f 3094 3090 3092
f 3095 3092 3093
f 3096 3092 3095
f 3096 3094 3092
f 3090 3097 3091
f 3098 3091 3097
f 3093 3091 3098
f 3090 3099 3097
f 3100 3097 3099
f 3100 3098 3097
f 3101 3102 3099
f 3103 3099 3102
f 3090 3101 3099
f 3103 3100 3099
f 3104 3105 3102
f 3106 3102 3105
f 3107 3104 3102
f 3101 3107 3102
f 3106 3103 3102
f 3108 3105 3104
f 3109 3106 3105
f 3110 3109 3105
f 3108 3110 3105
f 3111 3104 3107
f 3112 3108 3104
f 3111 3112 3104
f 3113 3107 3101
f 3113 3111 3107
f 3114 3101 3090
f 3114 3113 3101
f 3094 3114 3090
f 3115 3116 3117
f 3118 3117 3116
f 3119 3115 3117
f 3120 3117 3118
f 3121 3117 3120
f 3121 3119 3117
f 3115 3122 3116
f 3123 3116 3122
f 3118 3116 3123
f 3115 3124 3122
f 3125 3122 3124
f 3125 3123 3122
f 3126 3127 3124
f 3128 3124 3127
f 3115 3126 3124
f 3128 3125 3124
f 3129 3130 3127
f 3131 3127 3130
f 3132 3129 3127
f 3126 3132 3127
f 3131 3128 3127
f 3133 3130 3129
f 3134 3131 3130
f 3135 3134 3130
f 3133 3135 3130
f 3136 3129 3132
f 3137 3133 3129
f 3136 3137 3129
f 3138 3132 3126
f 3138 3136 3132
f 3138 3126 3115
f 3119 3138 3115
f 3139 3140 3141
f 3142 3141 3140
f 3143 3139 3141
f 3144 3141 3142
f 3145 3141 3144
f 3145 3143 3141
f 3139 3146 3140
f 3147 3140 3146
f 3147 3148 3140
f 3142 3140 3148
f 3139 3149 3146
f 3150 3146 3149
f 3150 3147 3146
f 3151 3152 3149
f 3153 3149 3152
f 3139 3151 3149
f 3153 3150 3149
f 3154 3155 3152
f 3156 3152 3155
f 3157 3154 3152
f 3151 3157 3152
f 3156 3153 3152
f 3158 3155 3154
f 3159 3156 3155
f 3160 3159 3155
f 3158 3160 3155
f 3161 3154 3157
f 3162 3158 3154
f 3161 3162 3154
f 3163 3157 3151
f 3163 3161 3157
f 3164 3151 3139
f 3164 3163 3151
f 3143 3164 3139
f 3165 3166 3167
f 3168 3167 3166
f 3169 3165 3167
f 3170 3167 3168
f 3171 3167 3170
f 3171 3169 3167
f 3165 3172 3166
f 3173 3166 3172
f 3173 3174 3166
f 3168 3166 3174
f 3165 3175 3172
f 3176 3172 3175
f 3176 3173 3172
f 3177 3178 3175
f 3179 3175 3178
f 3165 3177 3175
f 3179 3176 3175
f 3180 3181 3178
f 3182 3178 3181
f 3183 3180 3178
f 3177 3183 3178
f 3182 3179 3178
f 3184 3181 3180
f 3185 3182 3181
f 3186 3185 3181
f 3184 3186 3181
f 3187 3180 3183
f 3188 3184 3180
f 3187 3188 3180
f 3189 3183 3177
f 3189 3187 3183
f 3190 3177 3165
f 3190 3189 3177
f 3169 3190 3165
f 3191 3192 3193
f 3194 3193 3192
f 3195 3191 3193
f 3196 3195 3193
f 3197 3196 3193
f 3197 3193 3194
f 3191 3198 3192
f 3194 3192 3198
f 3199 3200 3198
f 3201 3198 3200
f 3202 3199 3198
f 3191 3202 3198
f 3194 3198 3201
f 3203 3204 3200
f 3205 3200 3204
f 3199 3203 3200
f 3201 3200 3205
f 3206 3207 3204
f 3208 3204 3207
f 3203 3206 3204
f 3205 3204 3208
f 3209 3210 3207
f 3208 3207 3210
f 3206 3209 3207
f 3211 3210 3209
f 3211 3212 3210
f 3213 3210 3212
f 3208 3210 3213
f 3214 3209 3206
f 3215 3211 3209
f 3214 3215 3209
f 3216 3206 3203
f 3216 3214 3206
f 3217 3203 3199
f 3217 3216 3203
f 3217 3199 3202
f 3218 3202 3191
f 3218 3217 3202
f 3219 3191 3195
f 3219 3218 3191
f 3196 3220 3195
f 3219 3195 3220
f 3221 3222 3223
f 3224 3223 3222
f 3225 3221 3223
f 3226 3225 3223
f 3227 3226 3223
f 3227 3223 3224
f 3228 3229 3222
f 3230 3222 3229
f 3221 3228 3222
f 3224 3222 3230
f 3231 3232 3229
f 3230 3229 3232
f 3228 3231 3229
f 3233 3234 3232
f 3235 3232 3234
f 3231 3233 3232
f 3230 3232 3235
f 3233 3236 3234
f 3237 3234 3236
f 3235 3234 3237
f 3238 3239 3236
f 3237 3236 3239
f 3240 3238 3236
f 3233 3240 3236
f 3241 3239 3238
f 3241 3242 3239
f 3243 3239 3242
f 3237 3239 3243
f 3244 3238 3240
f 3245 3241 3238
f 3244 3245 3238
f 3246 3240 3233
f 3246 3244 3240
f 3246 3233 3231
f 3247 3231 3228
f 3247 3246 3231
f 3248 3228 3221
f 3248 3247 3228
f 3249 3221 3225
f 3249 3248 3221
f 3226 3250 3225
f 3249 3225 3250
f 3251 3252 3253
f 3254 3253 3252
f 3255 3251 3253
f 3256 3255 3253
f 3257 3256 3253
f 3254 3257 3253
f 3251 3258 3252
f 3259 3252 3258
f 3259 3254 3252
f 3260 3261 3258
f 3259 3258 3261
f 3251 3260 3258
f 3262 3263 3261
f 3264 3261 3263
f 3260 3262 3261
f 3259 3261 3264
f 3265 3266 3263
f 3267 3263 3266
f 3262 3265 3263
f 3264 3263 3267
f 3268 3269 3266
f 3267 3266 3269
f 3265 3268 3266
f 3270 3269 3268
f 3270 3271 3269
f 3272 3269 3271
f 3267 3269 3272
f 3270 3268 3265
f 3273 3265 3262
f 3274 3270 3265
f 3273 3274 3265
f 3275 3262 3260
f 3275 3273 3262
f 3276 3260 3251
f 3276 3275 3260
f 3276 3251 3255
f 3256 3277 3255
f 3278 3255 3277
f 3276 3255 3278
f 3279 3280 3281
f 3282 3281 3280
f 3283 3279 3281
f 3284 3283 3281
f 3285 3284 3281
f 3285 3281 3282
f 3279 3286 3280
f 3287 3280 3286
f 3282 3280 3287
f 3288 3289 3286
f 3290 3286 3289
f 3279 3288 3286
f 3287 3286 3290
f 3291 3292 3289
f 3290 3289 3292
f 3288 3291 3289
f 3293 3294 3292
f 3295 3292 3294
f 3296 3293 3292
f 3291 3296 3292
f 3290 3292 3295
f 3297 3298 3294
f 3299 3294 3298
f 3293 3297 3294
f 3295 3294 3299
f 3300 3298 3297
f 3301 3298 3300
f 3299 3298 3301
f 3302 3297 3293
f 3303 3300 3297
f 3302 3303 3297
f 3302 3293 3296
f 3304 3296 3291
f 3304 3302 3296
f 3305 3291 3288
f 3305 3304 3291
f 3305 3288 3279
f 3306 3279 3283
f 3306 3305 3279
f 3307 3283 3284
f 3308 3283 3307
f 3308 3306 3283
f 3309 3310 3311
f 3312 3311 3310
f 3313 3309 3311
f 3314 3313 3311
f 3315 3314 3311
f 3315 3311 3312
f 3309 3316 3310
f 3312 3310 3316
f 3317 3318 3316
f 3319 3316 3318
f 3309 3317 3316
f 3312 3316 3319
f 3320 3321 3318
f 3322 3318 3321
f 3323 3320 3318
f 3317 3323 3318
f 3319 3318 3322
f 3324 3325 3321
f 3322 3321 3325
f 3320 3324 3321
f 3326 3327 3325
f 3328 3325 3327
f 3324 3326 3325
f 3322 3325 3328
f 3329 3327 3326
f 3329 3330 3327
f 3331 3327 3330
f 3328 3327 3331
f 3332 3326 3324
f 3332 3329 3326
f 3333 3324 3320
f 3333 3332 3324
f 3334 3320 3323
f 3334 3333 3320
f 3334 3323 3317
f 3335 3317 3309
f 3335 3334 3317
f 3336 3309 3313
f 3336 3335 3309
f 3314 3337 3313
f 3336 3313 3337
f 3338 3339 3340
f 3341 3340 3339
f 3342 3338 3340
f 3343 3342 3340
f 3344 3343 3340
f 3344 3340 3341
f 3345 3346 3339
f 3347 3339 3346
f 3338 3345 3339
f 3341 3339 3347
f 3348 3349 3346
f 3347 3346 3349
f 3345 3348 3346
f 3350 3351 3349
f 3352 3349 3351
f 3348 3350 3349
f 3347 3349 3352
f 3350 3353 3351
f 3354 3351 3353
f 3352 3351 3354
f 3355 3356 3353
f 3357 3353 3356
f 3358 3355 3353
f 3350 3358 3353
f 3354 3353 3357
f 3359 3356 3355
f 3360 3356 3359
f 3357 3356 3360
f 3361 3355 3358
f 3362 3359 3355
f 3361 3362 3355
f 3361 3358 3350
f 3363 3350 3348
f 3363 3361 3350
f 3364 3348 3345
f 3364 3363 3348
f 3365 3345 3338
f 3365 3364 3345
f 3365 3338 3342
f 3366 3342 3343
f 3367 3342 3366
f 3367 3365 3342
f 3368 3369 3370
f 3371 3370 3369
f 3372 3368 3370
f 3373 3372 3370
f 3371 3373 3370
f 3368 3374 3369
f 3375 3369 3374
f 3371 3369 3375
f 3376 3377 3374
f 3378 3374 3377
f 3368 3376 3374
f 3378 3375 3374
f 3379 3380 3377
f 3378 3377 3380
f 3376 3379 3377
f 3381 3382 3380
f 3383 3380 3382
f 3384 3381 3380
f 3379 3384 3380
f 3378 3380 3383
f 3385 3386 3382
f 3387 3382 3386
f 3381 3385 3382
f 3383 3382 3387
f 3388 3386 3385
f 3389 3386 3388
f 3390 3386 3389
f 3387 3386 3390
f 3391 3385 3381
f 3391 3388 3385
f 3392 3381 3384
f 3392 3391 3381
f 3393 3384 3379
f 3393 3392 3384
f 3394 3379 3376
f 3394 3393 3379
f 3394 3376 3368
f 3395 3368 3372
f 3395 3394 3368
f 3396 3372 3373
f 3397 3372 3396
f 3397 3395 3372
f 3398 3399 3400
f 3401 3400 3399
f 3402 3398 3400
f 3403 3402 3400
f 3404 3403 3400
f 3404 3400 3401
f 3405 3406 3399
f 3407 3399 3406
f 3398 3405 3399
f 3401 3399 3407
f 3408 3409 3406
f 3407 3406 3409
f 3405 3408 3406
f 3410 3411 3409
f 3412 3409 3411
f 3408 3410 3409
f 3407 3409 3412
f 3410 3413 3411
f 3414 3411 3413
f 3412 3411 3414
f 3415 3416 3413
f 3414 3413 3416
f 3417 3415 3413
f 3410 3417 3413
f 3418 3416 3415
f 3418 3419 3416
f 3420 3416 3419
f 3414 3416 3420
f 3421 3415 3417
f 3422 3418 3415
f 3423 3422 3415
f 3421 3423 3415
f 3424 3417 3410
f 3424 3421 3417
f 3424 3410 3408
f 3425 3408 3405
f 3425 3424 3408
f 3426 3405 3398
f 3426 3425 3405
f 3426 3398 3402
f 3427 3402 3403
f 3428 3402 3427
f 3428 3426 3402
f 3429 3430 3431
f 3432 3431 3430
f 3433 3429 3431
f 3434 3433 3431
f 3432 3434 3431
f 3429 3435 3430
f 3436 3430 3435
f 3432 3430 3436
f 3437 3438 3435
f 3439 3435 3438
f 3429 3437 3435
f 3436 3435 3439
f 3440 3441 3438
f 3442 3438 3441
f 3437 3440 3438
f 3439 3438 3442
f 3443 3444 3441
f 3442 3441 3444
f 3440 3443 3441
f 3445 3446 3444
f 3447 3444 3446
f 3448 3445 3444
f 3443 3448 3444
f 3442 3444 3447
f 3449 3446 3445
f 3450 3446 3449
f 3451 3446 3450
f 3447 3446 3451
f 3452 3445 3448
f 3452 3449 3445
f 3453 3448 3443
f 3453 3452 3448
f 3454 3443 3440
f 3454 3453 3443
f 3454 3440 3437
f 3455 3437 3429
f 3455 3454 3437
f 3456 3429 3433
f 3456 3455 3429
f 3434 3457 3433
f 3458 3433 3457
f 3458 3456 3433
f 3459 3460 3461
f 3462 3461 3460
f 3463 3459 3461
f 3464 3463 3461
f 3465 3461 3466
f 3462 3466 3461
f 3467 3461 3465
f 3467 3464 3461
f 3459 3468 3460
f 3469 3460 3468
f 3469 3462 3460
f 3470 3471 3468
f 3469 3468 3471
f 3472 3470 3468
f 3459 3472 3468
f 3473 3471 3470
f 3474 3469 3471
f 3474 3471 3475
f 3473 3475 3471
f 3476 3470 3472
f 3477 3470 3476
f 3477 3473 3470
f 3478 3472 3459
f 3479 3476 3472
f 3478 3479 3472
f 3478 3459 3463
f 3480 3463 3464
f 3481 3478 3463
f 3480 3481 3463
f 3482 3483 3484
f 3485 3484 3483
f 3486 3482 3484
f 3487 3484 3488
f 3485 3488 3484
f 3486 3484 3487
f 3489 3490 3483
f 3491 3483 3490
f 3482 3489 3483
f 3492 3493 3483
f 2574 3483 3493
f 3491 3494 3483
f 3495 3483 3494
f 3495 3492 3483
f 3485 3483 2574
f 3496 3497 3490
f 3462 3490 3497
f 3498 3496 3490
f 3489 3498 3490
f 3462 3491 3490
f 3499 3500 3497
f 3462 3497 3500
f 3501 3499 3497
f 3496 3501 3497
f 3502 3500 3499
f 3503 3462 3500
f 3504 3503 3500
f 3505 3504 3500
f 3506 3505 3500
f 3507 3506 3500
f 3502 3507 3500
f 3508 3499 3501
f 3509 3499 3508
f 3502 3499 3509
f 3510 3501 3496
f 3511 3508 3501
f 3510 3511 3501
f 3512 3496 3498
f 3512 3510 3496
f 3513 3498 3489
f 3514 3512 3498
f 3513 3514 3498
f 3486 3489 3482
f 3486 3515 3489
f 3516 3489 3515
f 3516 3513 3489
f 1185 980 983
f 1185 1186 980
f 1184 983 986
f 1184 1185 983
f 1183 986 989
f 1183 1184 986
f 1182 989 992
f 1182 1183 989
f 1173 1020 1023
f 1173 1174 1020
f 1172 1023 1026
f 1172 1173 1023
f 1171 1026 1029
f 1171 1172 1026
f 1170 1029 1032
f 1170 1171 1029
f 1161 1058 1062
f 1161 1162 1058
f 1160 1062 1065
f 1160 1161 1062
f 1159 1065 1068
f 1159 1160 1065
f 1158 1068 1071
f 1158 1159 1068
f 1149 1097 1100
f 1149 1151 1097
f 1148 1100 1105
f 1148 1149 1100
f 1147 1105 1108
f 1147 1148 1105
f 1146 1108 1111
f 1146 1147 1108
f 1737 3517 1305
f 1137 1305 3517
f 1307 1737 1305
f 1137 1138 1305
f 1738 3518 3517
f 1136 3517 3518
f 1737 1738 3517
f 1136 1137 3517
f 1726 3519 3518
f 1135 3518 3519
f 1725 1726 3518
f 1738 1725 3518
f 1135 1136 3518
f 1724 3520 3519
f 1134 3519 3520
f 1726 1724 3519
f 1134 1135 3519
f 1728 3521 3520
f 1133 3520 3521
f 1724 1728 3520
f 1133 1134 3520
f 1727 3522 3521
f 1131 3521 3522
f 1728 1727 3521
f 1131 1133 3521
f 1733 1731 3522
f 1132 3522 1731
f 1727 1733 3522
f 1132 1131 3522
f 3523 1132 1731
f 1735 3523 1731
f 1736 1306 1128
f 1129 1736 1128
f 1758 921 929
f 1754 924 921
f 1758 1754 921
f 1787 929 932
f 1758 929 3524
f 1787 3524 929
f 1784 932 937
f 1784 1787 932
f 3525 937 940
f 1783 937 3525
f 1783 1784 937
f 3526 940 943
f 3526 3525 940
f 3527 943 946
f 3527 3526 943
f 3528 946 949
f 3528 3527 946
f 1302 949 952
f 1302 3528 949
f 3529 3530 3531
f 3532 3531 3530
f 3533 3529 3531
f 3534 3531 3535
f 3536 3535 3531
f 3537 3531 3534
f 3532 3536 3531
f 3537 3533 3531
f 3538 3539 3530
f 3532 3530 3539
f 3529 3538 3530
f 3540 3539 3538
f 3540 3541 3539
f 3542 3539 3541
f 3542 3532 3539
f 3533 3538 3529
f 3533 3540 3538
f 3543 3544 3545
f 3546 3545 3544
f 3547 3543 3545
f 3548 3545 3549
f 3546 3549 3545
f 3547 3545 3548
f 3550 3551 3544
f 3546 3544 3551
f 3543 3550 3544
f 3552 3551 3550
f 3552 3553 3551
f 3554 3551 3553
f 3554 3546 3551
f 3555 3550 3543
f 3555 3552 3550
f 3547 3555 3543
f 3556 3557 3558
f 3559 3558 3557
f 3560 3556 3558
f 3561 3558 3562
f 3559 3562 3558
f 3560 3558 3561
f 3563 3564 3557
f 3559 3557 3564
f 3556 3563 3557
f 3565 3564 3563
f 3565 3566 3564
f 3567 3564 3566
f 3567 3559 3564
f 3568 3563 3556
f 3568 3565 3563
f 3560 3568 3556
f 3569 3570 3571
f 3572 3571 3570
f 3573 3569 3571
f 3574 3571 3575
f 3572 3575 3571
f 3576 3571 3574
f 3576 3573 3571
f 3577 3578 3570
f 3579 3570 3578
f 3569 3577 3570
f 3579 3572 3570
f 3580 3578 3577
f 3580 3581 3578
f 3579 3578 3581
f 3573 3577 3569
f 3582 3580 3577
f 3573 3582 3577
f 3583 3584 3585
f 3586 3585 3584
f 3587 3583 3585
f 3588 3585 3589
f 3590 3589 3585
f 3587 3585 3588
f 3586 3590 3585
f 3591 3592 3584
f 3586 3584 3592
f 3583 3591 3584
f 3593 3592 3591
f 3593 3594 3592
f 3595 3592 3594
f 3595 3586 3592
f 3596 3591 3583
f 3596 3593 3591
f 3587 3596 3583
f 3597 3598 3599
f 3600 3599 3598
f 3601 3597 3599
f 3602 3599 3603
f 3600 3603 3599
f 3604 3599 3602
f 3604 3601 3599
f 3605 3606 3598
f 3600 3598 3606
f 3597 3605 3598
f 3607 3606 3605
f 3607 3608 3606
f 3609 3606 3608
f 3609 3600 3606
f 3601 3605 3597
f 3610 3607 3605
f 3601 3610 3605
f 3611 3612 3613
f 3614 3613 3612
f 3615 3611 3613
f 3616 3613 3617
f 3614 3617 3613
f 3618 3613 3616
f 3618 3615 3613
f 3619 3620 3612
f 3614 3612 3620
f 3611 3619 3612
f 3621 3620 3619
f 3621 3622 3620
f 3623 3620 3622
f 3623 3614 3620
f 3615 3619 3611
f 3615 3621 3619
f 3624 3625 3626
f 3627 3626 3625
f 3628 3624 3626
f 3629 3626 3630
f 3631 3630 3626
f 3632 3626 3629
f 3627 3631 3626
f 3632 3628 3626
f 3633 3634 3625
f 3627 3625 3634
f 3624 3633 3625
f 3635 3634 3633
f 3636 3634 3635
f 3637 3634 3636
f 3637 3627 3634
f 3628 3633 3624
f 3638 3635 3633
f 3628 3638 3633
f 3639 3640 3641
f 3642 3641 3640
f 3643 3639 3641
f 3644 3641 3645
f 3646 3645 3641
f 3647 3641 3644
f 3642 3646 3641
f 3647 3643 3641
f 3648 3649 3640
f 3642 3640 3649
f 3639 3648 3640
f 3650 3649 3648
f 3650 3651 3649
f 3652 3649 3651
f 3652 3642 3649
f 3643 3648 3639
f 3653 3650 3648
f 3643 3653 3648
f 3654 3655 3656
f 3657 3656 3655
f 3658 3654 3656
f 3659 3656 3660
f 3661 3660 3656
f 3662 3656 3659
f 3657 3661 3656
f 3662 3658 3656
f 3663 3664 3655
f 3657 3655 3664
f 3654 3663 3655
f 3665 3664 3663
f 3665 3666 3664
f 3667 3664 3666
f 3667 3657 3664
f 3658 3663 3654
f 3658 3665 3663
f 3668 3669 3670
f 3671 3670 3669
f 3672 3668 3670
f 3673 3672 3670
f 3674 3673 3670
f 3675 3670 3671
f 3675 3674 3670
f 3676 3677 3669
f 3671 3669 3677
f 3668 3676 3669
f 3678 3679 3677
f 3680 3677 3679
f 3676 3678 3677
f 3680 3671 3677
f 3681 3682 3679
f 3683 3679 3682
f 3678 3681 3679
f 3683 3680 3679
f 3684 3685 3682
f 3686 3682 3685
f 3681 3684 3682
f 3686 3683 3682
f 3687 3688 3685
f 3689 3685 3688
f 3684 3687 3685
f 3689 3686 3685
f 3690 3688 3687
f 3691 3688 3692
f 3690 3692 3688
f 3689 3688 3691
f 3693 3687 3684
f 3693 3690 3687
f 3694 3684 3681
f 3694 3693 3684
f 3695 3681 3678
f 3695 3694 3681
f 3696 3678 3676
f 3696 3695 3678
f 3697 3676 3668
f 3696 3676 3697
f 3698 3668 3672
f 3698 3697 3668
f 3673 3699 3672
f 3698 3672 3699
f 3674 3699 3673
f 3698 3699 3700
f 3701 3700 3699
f 3674 3701 3699
f 3702 3703 3704
f 3705 3704 3703
f 3706 3702 3704
f 3707 3706 3704
f 3708 3707 3704
f 3705 3708 3704
f 3702 3709 3703
f 3705 3703 3709
f 3616 3617 3709
f 3710 3709 3617
f 3711 3616 3709
f 3702 3711 3709
f 3710 3705 3709
f 3614 3710 3617
f 3712 3616 3711
f 3712 3618 3616
f 3713 3711 3702
f 3713 3712 3711
f 3714 3702 3706
f 3714 3713 3702
f 3715 3706 3707
f 3716 3706 3715
f 3716 3714 3706
f 3717 3718 3719
f 3720 3719 3718
f 3721 3717 3719
f 3722 3721 3719
f 3723 3722 3719
f 3720 3723 3719
f 3717 3724 3718
f 3725 3718 3724
f 3725 3720 3718
f 3644 3645 3724
f 3646 3724 3645
f 3726 3644 3724
f 3717 3726 3724
f 3646 3725 3724
f 3727 3644 3726
f 3727 3647 3644
f 3727 3726 3717
f 3728 3717 3721
f 3728 3727 3717
f 3729 3721 3722
f 3730 3721 3729
f 3730 3728 3721
f 3731 3732 3733
f 3734 3733 3732
f 3735 3731 3733
f 3736 3735 3733
f 3737 3736 3733
f 3734 3737 3733
f 3731 3738 3732
f 3739 3732 3738
f 3739 3734 3732
f 3740 3630 3738
f 3631 3738 3630
f 3731 3740 3738
f 3631 3739 3738
f 3740 3629 3630
f 3632 3629 3740
f 3741 3740 3731
f 3741 3632 3740
f 3742 3731 3735
f 3742 3741 3731
f 3743 3735 3736
f 3744 3735 3743
f 3744 3742 3735
f 3745 3746 3747
f 3748 3747 3746
f 3749 3745 3747
f 3750 3749 3747
f 3751 3750 3747
f 3748 3751 3747
f 3745 3752 3746
f 3748 3746 3752
f 3548 3549 3752
f 3753 3752 3549
f 3754 3548 3752
f 3745 3754 3752
f 3753 3748 3752
f 3546 3753 3549
f 3755 3548 3754
f 3755 3547 3548
f 3756 3754 3745
f 3756 3755 3754
f 3757 3745 3749
f 3757 3756 3745
f 3758 3749 3750
f 3759 3749 3758
f 3759 3757 3749
f 3760 3761 3762
f 3763 3762 3761
f 3764 3760 3762
f 3765 3764 3762
f 3766 3765 3762
f 3763 3766 3762
f 3767 3768 3761
f 3769 3761 3768
f 3760 3767 3761
f 3769 3763 3761
f 3534 3535 3768
f 3536 3768 3535
f 3767 3534 3768
f 3536 3769 3768
f 3770 3534 3767
f 3770 3537 3534
f 3771 3767 3760
f 3771 3770 3767
f 3772 3760 3764
f 3772 3771 3760
f 3773 3764 3765
f 3772 3764 3773
f 3691 3692 3774
f 3775 3774 3692
f 3776 3691 3774
f 3777 3776 3774
f 3775 3777 3774
f 3690 3775 3692
f 3778 3691 3776
f 3778 3689 3691
f 3777 3779 3776
f 3700 3776 3779
f 3700 3778 3776
f 3780 3781 3782
f 3783 3782 3781
f 3784 3780 3782
f 3785 3784 3782
f 3786 3785 3782
f 3783 3786 3782
f 3787 3788 3781
f 3783 3781 3788
f 3780 3787 3781
f 3574 3575 3788
f 3789 3788 3575
f 3787 3574 3788
f 3789 3783 3788
f 3572 3789 3575
f 3790 3574 3787
f 3790 3576 3574
f 3790 3787 3780
f 3791 3780 3784
f 3791 3790 3780
f 3792 3784 3785
f 3793 3784 3792
f 3793 3791 3784
f 3794 3795 3796
f 3797 3796 3795
f 3798 3794 3796
f 3799 3798 3796
f 3800 3799 3796
f 3797 3800 3796
f 3801 3802 3795
f 3797 3795 3802
f 3794 3801 3795
f 3561 3562 3802
f 3803 3802 3562
f 3801 3561 3802
f 3803 3797 3802
f 3559 3803 3562
f 3804 3561 3801
f 3804 3560 3561
f 3805 3801 3794
f 3805 3804 3801
f 3806 3794 3798
f 3806 3805 3794
f 3807 3798 3799
f 3808 3798 3807
f 3808 3806 3798
f 3809 3810 3811
f 3812 3811 3810
f 3813 3809 3811
f 3814 3813 3811
f 3815 3814 3811
f 3812 3815 3811
f 3816 3817 3810
f 3812 3810 3817
f 3809 3816 3810
f 3602 3603 3817
f 3818 3817 3603
f 3816 3602 3817
f 3818 3812 3817
f 3600 3818 3603
f 3604 3602 3816
f 3819 3816 3809
f 3819 3604 3816
f 3820 3809 3813
f 3820 3819 3809
f 3821 3813 3814
f 3822 3813 3821
f 3822 3820 3813
f 3823 3824 3825
f 3826 3825 3824
f 3827 3823 3825
f 3828 3827 3825
f 3829 3828 3825
f 3826 3829 3825
f 3823 3830 3824
f 3831 3824 3830
f 3831 3826 3824
f 3588 3589 3830
f 3590 3830 3589
f 3832 3588 3830
f 3823 3832 3830
f 3590 3831 3830
f 3833 3588 3832
f 3833 3587 3588
f 3834 3832 3823
f 3834 3833 3832
f 3835 3823 3827
f 3835 3834 3823
f 3836 3827 3828
f 3837 3827 3836
f 3837 3835 3827
f 3838 3839 3840
f 3841 3840 3839
f 3842 3838 3840
f 3843 3842 3840
f 3844 3843 3840
f 3841 3844 3840
f 3845 3846 3839
f 3847 3839 3846
f 3838 3845 3839
f 3847 3841 3839
f 3659 3660 3846
f 3661 3846 3660
f 3845 3659 3846
f 3661 3847 3846
f 3848 3659 3845
f 3848 3662 3659
f 3849 3845 3838
f 3849 3848 3845
f 3850 3838 3842
f 3850 3849 3838
f 3851 3842 3843
f 3850 3842 3851
f 2853 3852 2716
f 2717 2716 3852
f 2854 2853 2716
f 2715 2854 2716
f 2855 3853 3852
f 2717 3852 3853
f 2853 2855 3852
f 2856 3854 3853
f 3855 3853 3854
f 2855 2856 3853
f 3855 2717 3853
f 2857 3856 3854
f 3857 3854 3856
f 2856 2857 3854
f 3857 3855 3854
f 2858 3858 3856
f 3857 3856 3858
f 2857 2858 3856
f 2859 3859 3858
f 3860 3858 3859
f 2858 2859 3858
f 3860 3857 3858
f 3861 3862 3859
f 3863 3859 3862
f 2859 3861 3859
f 3863 3860 3859
f 3864 3865 3862
f 3866 3862 3865
f 3861 3864 3862
f 3866 3863 3862
f 3867 3868 3865
f 3869 3865 3868
f 3864 3867 3865
f 3869 3866 3865
f 3870 3871 3868
f 3872 3868 3871
f 3867 3870 3868
f 3872 3869 3868
f 3873 3874 3871
f 2851 3871 3874
f 3870 3873 3871
f 2851 3872 3871
f 2817 2850 3874
f 2851 3874 2850
f 3873 2817 3874
f 2816 2847 2850
f 2817 2816 2850
f 2818 2844 2847
f 2816 2818 2847
f 2820 2841 2844
f 2818 2820 2844
f 2819 2838 2841
f 2820 2819 2841
f 2821 2834 2838
f 2819 2821 2838
f 2822 2835 2834
f 2821 2822 2834
f 2823 2829 2835
f 2822 2823 2835
f 2824 2832 2829
f 2823 2824 2829
f 3875 3876 2832
f 2831 2832 3876
f 2824 3875 2832
f 3877 3878 3876
f 3879 3876 3878
f 3875 3877 3876
f 3879 2831 3876
f 3880 3881 3878
f 3882 3878 3881
f 3877 3880 3878
f 3882 3879 3878
f 3883 3884 3881
f 3885 3881 3884
f 3880 3883 3881
f 3885 3882 3881
f 3886 2814 3884
f 2815 3884 2814
f 3883 3886 3884
f 2815 3885 3884
f 2780 2813 2814
f 3886 2780 2814
f 2779 2810 2813
f 2780 2779 2813
f 2781 2807 2810
f 2779 2781 2810
f 2782 2804 2807
f 2781 2782 2807
f 2784 2801 2804
f 2782 2784 2804
f 2783 2798 2801
f 2784 2783 2801
f 2785 2792 2798
f 2783 2785 2798
f 2786 2795 2792
f 2785 2786 2792
f 2787 2796 2795
f 2786 2787 2795
f 3887 3888 2796
f 2794 2796 3888
f 2787 3887 2796
f 3889 3890 3888
f 3891 3888 3890
f 3887 3889 3888
f 3891 2794 3888
f 3892 3893 3890
f 3894 3890 3893
f 3889 3892 3890
f 3894 3891 3890
f 3895 3896 3893
f 3897 3893 3896
f 3892 3895 3893
f 3897 3894 3893
f 3898 2777 3896
f 2778 3896 2777
f 3895 3898 3896
f 2778 3897 3896
f 2888 2773 2777
f 3898 2888 2777
f 2887 2775 2773
f 2888 2887 2773
f 2889 2770 2775
f 2887 2889 2775
f 2890 2767 2770
f 2889 2890 2770
f 2891 2764 2767
f 2890 2891 2767
f 2893 2761 2764
f 2891 2893 2764
f 2892 2756 2761
f 2893 2892 2761
f 2894 2759 2756
f 2892 2894 2756
f 2895 3899 2759
f 2758 2759 3899
f 2894 2895 2759
f 3900 3901 3899
f 2758 3899 3901
f 2895 3900 3899
f 3900 3902 3901
f 3903 3901 3902
f 3903 2758 3901
f 3904 3905 3902
f 3906 3902 3905
f 3900 3904 3902
f 3906 3903 3902
f 3907 3908 3905
f 3909 3905 3908
f 3904 3907 3905
f 3909 3906 3905
f 3910 2885 3908
f 2886 3908 2885
f 3907 3910 3908
f 2886 3909 3908
f 2744 2882 2885
f 3910 2744 2885
f 2743 2878 2882
f 2744 2743 2882
f 2745 2879 2878
f 2743 2745 2878
f 2746 2875 2879
f 2745 2746 2879
f 2747 2872 2875
f 2746 2747 2875
f 2749 2869 2872
f 2747 2749 2872
f 2748 2864 2869
f 2749 2748 2869
f 2750 2867 2864
f 2748 2750 2864
f 2751 3911 2867
f 2866 2867 3911
f 2750 2751 2867
f 3912 3913 3911
f 3914 3911 3913
f 2751 3912 3911
f 3914 2866 3911
f 3915 3916 3913
f 3914 3913 3916
f 3912 3915 3913
f 3917 3918 3916
f 3919 3916 3918
f 3915 3917 3916
f 3919 3914 3916
f 3920 3921 3918
f 3922 3918 3921
f 3917 3920 3918
f 3922 3919 3918
f 3923 2741 3921
f 2742 3921 2741
f 3920 3923 3921
f 2742 3922 3921
f 3924 2738 2741
f 3923 3924 2741
f 3925 2735 2738
f 3924 3925 2738
f 3926 2731 2735
f 3925 3926 2735
f 3927 2732 2731
f 3926 3927 2731
f 3928 2728 2732
f 3927 3928 2732
f 3929 2728 3928
f 3930 2725 2728
f 3931 2728 3929
f 3930 2728 3931
f 3929 3928 3927
f 3932 3927 3926
f 3933 3927 3932
f 3929 3927 3933
f 3934 3926 3925
f 3932 3926 3934
f 3935 3925 3924
f 3934 3925 3935
f 3935 3924 3923
f 3936 3923 3920
f 3935 3923 3936
f 3937 3920 3917
f 3936 3920 3937
f 3938 3917 3915
f 3937 3917 3938
f 3938 3915 3912
f 2752 3912 2751
f 3938 3912 2752
f 2740 2744 3910
f 3939 3910 3907
f 2740 3910 3939
f 3939 3907 3904
f 3940 3904 3900
f 3939 3904 3940
f 3941 3900 2895
f 3940 3900 3941
f 3941 2895 2896
f 2884 2888 3898
f 3942 3898 3895
f 2884 3898 3942
f 3943 3895 3892
f 3942 3895 3943
f 3943 3892 3889
f 3944 3889 3887
f 3943 3889 3944
f 2788 3887 2787
f 3944 3887 2788
f 2776 2780 3886
f 3945 3886 3883
f 2776 3886 3945
f 3946 3883 3880
f 3945 3883 3946
f 3947 3880 3877
f 3946 3880 3947
f 3947 3877 3875
f 2825 3875 2824
f 3947 3875 2825
f 2812 2817 3873
f 3948 3873 3870
f 2812 3873 3948
f 3949 3870 3867
f 3948 3870 3949
f 3950 3867 3864
f 3949 3867 3950
f 2860 3864 3861
f 3950 3864 2860
f 2860 3861 2859
f 2715 2718 2854
f 2852 2718 1613
f 3951 3952 3953
f 3954 3953 3952
f 3955 3951 3953
f 3956 3955 3953
f 3957 3956 3953
f 3954 3957 3953
f 3958 3959 3952
f 3960 3952 3959
f 3951 3958 3952
f 3960 3954 3952
f 3961 3962 3959
f 3960 3959 3962
f 3958 3961 3959
f 3963 3964 3962
f 3965 3962 3964
f 3961 3963 3962
f 3965 3960 3962
f 3963 3966 3964
f 3967 3964 3966
f 3967 3965 3964
f 3968 3969 3966
f 3967 3966 3969
f 3970 3968 3966
f 3963 3970 3966
f 3971 3969 3968
f 3971 3972 3969
f 3973 3969 3972
f 3973 3967 3969
f 3974 3968 3970
f 3975 3968 3976
f 3974 3976 3968
f 3971 3968 3975
f 3977 3970 3963
f 3974 3970 3977
f 3977 3963 3961
f 3978 3961 3958
f 3978 3977 3961
f 3979 3958 3951
f 3979 3978 3958
f 3979 3951 3955
f 3980 3955 3956
f 3981 3955 3980
f 3981 3979 3955
f 3982 3983 3984
f 3985 3984 3983
f 3986 3982 3984
f 3987 3986 3984
f 3988 3987 3984
f 3985 3988 3984
f 3982 3989 3983
f 3990 3983 3989
f 3990 3985 3983
f 3991 3992 3989
f 3993 3989 3992
f 3982 3991 3989
f 3993 3990 3989
f 3994 3995 3992
f 3993 3992 3995
f 3991 3994 3992
f 3996 3997 3995
f 3998 3995 3997
f 3999 3996 3995
f 3994 3999 3995
f 3998 3993 3995
f 4000 4001 3997
f 4002 3997 4001
f 3996 4000 3997
f 4002 3998 3997
f 4003 4001 4000
f 4004 4001 4003
f 4002 4001 4004
f 4005 4000 3996
f 4006 4003 4000
f 4005 4006 4000
f 4005 3996 3999
f 4007 3999 3994
f 4007 4005 3999
f 4008 3994 3991
f 4008 4007 3994
f 4008 3991 3982
f 4009 3982 3986
f 4009 4008 3982
f 4010 3986 3987
f 4011 3986 4010
f 4011 4009 3986
f 4012 4013 4014
f 4015 4014 4013
f 4016 4012 4014
f 4017 4016 4014
f 4018 4017 4014
f 4015 4018 4014
f 4012 4019 4013
f 4015 4013 4019
f 4020 4021 4019
f 4022 4019 4021
f 4023 4020 4019
f 4012 4023 4019
f 4022 4015 4019
f 4024 4025 4021
f 4026 4021 4025
f 4020 4024 4021
f 4026 4022 4021
f 4027 4028 4025
f 4029 4025 4028
f 4024 4027 4025
f 4029 4026 4025
f 4030 4031 4028
f 4029 4028 4031
f 4027 4030 4028
f 4032 4031 4030
f 4032 4033 4031
f 4034 4031 4033
f 4034 4029 4031
f 4035 4030 4027
f 4036 4032 4030
f 4035 4036 4030
f 4037 4027 4024
f 4037 4035 4027
f 4038 4024 4020
f 4038 4037 4024
f 4038 4020 4023
f 4039 4023 4012
f 4039 4038 4023
f 4040 4012 4016
f 4040 4039 4012
f 4017 4041 4016
f 4040 4016 4041
f 4042 4043 4044
f 4045 4044 4043
f 4046 4042 4044
f 4047 4046 4044
f 4045 4047 4044
f 4042 4048 4043
f 4049 4043 4048
f 4049 4045 4043
f 4050 4051 4048
f 4052 4048 4051
f 4042 4050 4048
f 4052 4049 4048
f 4053 4054 4051
f 4052 4051 4054
f 4050 4053 4051
f 4055 4056 4054
f 4057 4054 4056
f 4058 4055 4054
f 4053 4058 4054
f 4057 4052 4054
f 4059 4060 4056
f 4061 4056 4060
f 4055 4059 4056
f 4061 4057 4056
f 4062 4060 4059
f 4063 4060 4062
f 4064 4060 4063
f 4064 4061 4060
f 4065 4059 4055
f 4065 4062 4059
f 4066 4055 4058
f 4066 4065 4055
f 4067 4058 4053
f 4067 4066 4058
f 4068 4053 4050
f 4068 4067 4053
f 4068 4050 4042
f 4069 4042 4046
f 4069 4068 4042
f 4070 4046 4047
f 4071 4046 4070
f 4071 4069 4046
f 4072 4073 4074
f 4075 4074 4073
f 4076 4072 4074
f 4077 4076 4074
f 4078 4077 4074
f 4075 4078 4074
f 4072 4079 4073
f 4080 4073 4079
f 4080 4075 4073
f 4081 4082 4079
f 4080 4079 4082
f 4072 4081 4079
f 4083 4084 4082
f 4085 4082 4084
f 4081 4083 4082
f 4080 4082 4085
f 4086 4087 4084
f 4088 4084 4087
f 4083 4086 4084
f 4085 4084 4088
f 4089 4090 4087
f 4088 4087 4090
f 4086 4089 4087
f 4091 4090 4089
f 4092 4088 4090
f 4091 4093 4090
f 4092 4090 4093
f 4091 4089 4086
f 4094 4086 4083
f 4095 4086 4094
f 4095 4091 4086
f 4096 4083 4081
f 4096 4094 4083
f 4097 4081 4072
f 4097 4096 4081
f 4097 4072 4076
f 4077 4098 4076
f 4099 4076 4098
f 4099 4097 4076
f 4100 4101 4102
f 4103 4102 4101
f 4104 4100 4102
f 4105 4104 4102
f 4106 4105 4102
f 4103 4106 4102
f 4107 4108 4101
f 4109 4101 4108
f 4100 4107 4101
f 4109 4103 4101
f 4110 4111 4108
f 4109 4108 4111
f 4107 4110 4108
f 4112 4113 4111
f 4114 4111 4113
f 4110 4112 4111
f 4114 4109 4111
f 4112 4115 4113
f 4116 4113 4115
f 4116 4114 4113
f 4117 4118 4115
f 4119 4115 4118
f 4120 4117 4115
f 4112 4120 4115
f 4119 4116 4115
f 4121 4118 4117
f 4122 4118 4121
f 4119 4118 4122
f 4123 4117 4120
f 4124 4121 4117
f 4123 4124 4117
f 4123 4120 4112
f 4125 4112 4110
f 4125 4123 4112
f 4126 4110 4107
f 4126 4125 4110
f 4127 4107 4100
f 4127 4126 4107
f 4127 4100 4104
f 4128 4104 4105
f 4129 4104 4128
f 4129 4127 4104
f 4130 4131 4132
f 4133 4132 4131
f 4134 4130 4132
f 4135 4134 4132
f 4133 4135 4132
f 4130 4136 4131
f 4137 4131 4136
f 4137 4133 4131
f 4138 4139 4136
f 4140 4136 4139
f 4130 4138 4136
f 4140 4137 4136
f 4141 4142 4139
f 4143 4139 4142
f 4138 4141 4139
f 4143 4140 4139
f 4144 4145 4142
f 4143 4142 4145
f 4141 4144 4142
f 4146 4147 4145
f 4148 4145 4147
f 4149 4146 4145
f 4144 4149 4145
f 4148 4143 4145
f 4150 4147 4146
f 4151 4147 4150
f 4152 4147 4151
f 4152 4148 4147
f 4153 4146 4149
f 4153 4150 4146
f 4154 4149 4144
f 4154 4153 4149
f 4155 4144 4141
f 4155 4154 4144
f 4155 4141 4138
f 4156 4138 4130
f 4156 4155 4138
f 4157 4130 4134
f 4157 4156 4130
f 4135 4158 4134
f 4159 4134 4158
f 4159 4157 4134
f 4160 4161 4162
f 4163 4162 4161
f 4164 4160 4162
f 4165 4164 4162
f 4166 4165 4162
f 4163 4166 4162
f 4167 4168 4161
f 4169 4161 4168
f 4160 4167 4161
f 4169 4163 4161
f 4170 4171 4168
f 4169 4168 4171
f 4167 4170 4168
f 4172 4173 4171
f 4174 4171 4173
f 4170 4172 4171
f 4174 4169 4171
f 4172 4175 4173
f 4176 4173 4175
f 4176 4174 4173
f 4177 4178 4175
f 4176 4175 4178
f 4179 4177 4175
f 4172 4179 4175
f 4180 4178 4177
f 4180 4181 4178
f 4182 4178 4181
f 4182 4176 4178
f 4183 4177 4179
f 4184 4180 4177
f 4183 4184 4177
f 4185 4179 4172
f 4185 4183 4179
f 4185 4172 4170
f 4186 4170 4167
f 4186 4185 4170
f 4187 4167 4160
f 4187 4186 4167
f 4188 4160 4164
f 4188 4187 4160
f 4165 4189 4164
f 4188 4164 4189
f 4190 4191 4192
f 4193 4192 4191
f 4194 4190 4192
f 4195 4194 4192
f 4196 4195 4192
f 4193 4196 4192
f 4190 4197 4191
f 4193 4191 4197
f 4198 4199 4197
f 4200 4197 4199
f 4190 4198 4197
f 4200 4193 4197
f 4201 4202 4199
f 4203 4199 4202
f 4204 4201 4199
f 4198 4204 4199
f 4203 4200 4199
f 4205 4206 4202
f 4203 4202 4206
f 4201 4205 4202
f 4207 4208 4206
f 4209 4206 4208
f 4205 4207 4206
f 4209 4203 4206
f 4210 4208 4207
f 4210 4211 4208
f 4212 4208 4211
f 4212 4209 4208
f 4213 4207 4205
f 4213 4210 4207
f 4214 4205 4201
f 4214 4213 4205
f 4215 4201 4204
f 4215 4214 4201
f 4215 4204 4198
f 4216 4198 4190
f 4216 4215 4198
f 4217 4190 4194
f 4217 4216 4190
f 4195 4218 4194
f 4217 4194 4218
f 4219 4220 4221
f 4222 4221 4220
f 4223 4219 4221
f 4224 4223 4221
f 4225 4221 4222
f 4224 4221 4225
f 4226 4227 4220
f 4228 4220 4227
f 4219 4226 4220
f 4222 4220 4228
f 4229 4230 4227
f 4231 4227 4230
f 4226 4229 4227
f 4228 4227 4231
f 4232 4233 4230
f 111 4230 4233
f 4229 4232 4230
f 4231 4230 111
f 4234 4235 4233
f 130 4233 4235
f 4232 4234 4233
f 111 4233 130
f 4236 4237 4235
f 3469 4235 4237
f 4234 4236 4235
f 130 4235 3469
f 4238 4239 4237
f 3462 4237 4239
f 4236 4238 4237
f 3469 4237 3462
f 4240 4241 4239
f 4242 4239 4241
f 4238 4240 4239
f 3491 4239 4242
f 3462 4239 3491
f 4243 4244 4241
f 4245 4241 4244
f 4240 4243 4241
f 4242 4241 4245
f 4246 4247 4244
f 4245 4244 4247
f 4243 4246 4244
f 4248 4247 4246
f 4245 4247 4249
f 4250 4249 4247
f 4250 4247 4248
f 4251 4246 4243
f 4252 4246 4251
f 4248 4246 4252
f 4253 4243 4240
f 4251 4243 4253
f 4254 4240 4238
f 4253 4240 4254
f 4255 4238 4236
f 4254 4238 4255
f 4256 4236 4234
f 4255 4236 4256
f 4257 4234 4232
f 4256 4234 4257
f 4258 4232 4229
f 4257 4232 4258
f 4259 4229 4226
f 4260 4229 4259
f 4258 4229 4260
f 4261 4226 4219
f 4259 4226 4261
f 4261 4219 4223
f 4261 4223 4262
f 4263 4262 4223
f 4224 4263 4223
f 4264 4265 4266
f 4267 4266 4265
f 4268 4264 4266
f 4269 4268 4266
f 4270 4269 4266
f 4271 4266 4267
f 4270 4266 4271
f 4272 4273 4265
f 4267 4265 4273
f 4264 4272 4265
f 4272 1929 4273
f 4274 4273 1929
f 4274 4275 4273
f 4276 4273 4275
f 4277 4273 4276
f 4267 4273 4277
f 4278 4279 1929
f 4280 1929 4279
f 4281 4278 1929
f 4272 4281 1929
f 4282 4274 1929
f 4283 1929 4284
f 4285 4284 1929
f 4286 1929 4283
f 4287 4282 1929
f 4287 1929 4288
f 4289 4288 1929
f 4289 1929 4290
f 1935 4290 1929
f 4286 1930 1929
f 4291 4285 1929
f 4280 4291 1929
f 4292 4279 4278
f 4293 4279 4294
f 4292 4294 4279
f 4280 4279 4293
f 4295 4278 4281
f 4295 4292 4278
f 4295 4281 4272
f 3270 4272 4264
f 3270 4296 4272
f 4297 4272 4296
f 4298 4299 4272
f 4295 4272 4299
f 4297 4298 4272
f 3270 4264 4268
f 4269 4300 4268
f 4301 4268 4300
f 4301 3270 4268
f 4302 4303 4300
f 4300 4303 4304
f 4269 4302 4300
f 4305 4303 4302
f 4306 4303 4305
f 4307 4303 4306
f 4304 4301 4300
f 4308 4304 4303
f 4307 4309 4303
f 4308 4303 4309
f 4310 4302 4269
f 4311 4302 4310
f 4305 4302 4311
f 4270 4310 4269
f 4312 4313 4314
f 4315 4314 4313
f 4316 4312 4314
f 4316 4314 4317
f 4318 4317 4314
f 4315 4318 4314
f 4312 4319 4313
f 4320 4313 4319
f 4315 4313 4320
f 4312 4321 4319
f 4322 4319 4321
f 4320 4319 4323
f 4322 4323 4319
f 4324 4325 4321
f 4326 4321 4325
f 4327 4324 4321
f 4312 4327 4321
f 4326 4322 4321
f 4328 4325 4324
f 4329 4325 4328
f 4330 4325 4329
f 4330 4331 4325
f 4326 4325 4331
f 4332 4324 4327
f 4333 4324 4332
f 4333 4328 4324
f 4334 4327 4312
f 4334 4332 4327
f 4334 4312 4316
f 4335 4336 4337
f 4338 4337 4336
f 4339 4335 4337
f 2705 4339 4337
f 2705 4337 4340
f 4341 4340 4337
f 4342 4337 4338
f 4341 4337 4342
f 4335 4343 4336
f 4344 4336 4343
f 4338 4336 4344
f 4345 4346 4343
f 4347 4343 4346
f 4335 4345 4343
f 4344 4343 4347
f 4348 4349 4346
f 4347 4346 4349
f 4350 4348 4346
f 4345 4350 4346
f 2687 4349 4348
f 4351 4349 4352
f 2687 4352 4349
f 4353 4349 4351
f 4353 4354 4349
f 4347 4349 4354
f 4355 4348 4350
f 4356 4357 4348
f 4358 4348 4357
f 4355 4356 4348
f 4358 2687 4348
f 4355 4350 4345
f 4344 4345 4335
f 4347 4355 4345
f 4344 4347 4345
f 4338 4335 4339
f 4338 4344 4335
f 4342 4338 4339
f 4359 4342 4339
f 4360 4359 4339
f 4361 4360 4339
f 2705 4361 4339
f 4362 4363 4364
f 4365 4364 4363
f 4366 4362 4364
f 4367 4364 4368
f 4369 4368 4364
f 4367 4366 4364
f 4369 4364 4370
f 4365 4370 4364
f 4362 4371 4363
f 4372 4363 4371
f 4373 4374 4363
f 4365 4363 4374
f 4372 4373 4363
f 4375 4376 4371
f 4377 4371 4376
f 4362 4375 4371
f 4377 4372 4371
f 4378 4379 4376
f 4380 4376 4379
f 4375 4378 4376
f 4380 4377 4376
f 4381 4382 4379
f 4383 4379 4382
f 4378 4381 4379
f 4383 4380 4379
f 4384 4382 4381
f 4385 4382 4386
f 4384 4386 4382
f 4387 4382 4385
f 4383 4382 4387
f 4388 4381 4378
f 4389 4390 4381
f 4391 4381 4390
f 4388 4389 4381
f 4384 4381 4391
f 4388 4378 4375
f 4392 4375 4362
f 4392 4388 4375
f 4366 4392 4362
f 4393 4394 4395
f 120 4395 4394
f 4396 4393 4395
f 4397 4396 4395
f 118 4397 4395
f 120 118 4395
f 4398 4399 4394
f 4400 4394 4399
f 4393 4398 4394
f 4400 120 4394
f 4401 4402 4399
f 4403 4399 4402
f 4398 4401 4399
f 4404 4399 4403
f 4400 4399 4404
f 4405 4406 4402
f 4403 4402 4406
f 4401 4405 4402
f 4407 4406 4405
f 4408 4406 4407
f 4409 4406 4408
f 4403 4406 4409
f 4410 4405 4401
f 4411 4407 4405
f 4410 4411 4405
f 4412 4401 4398
f 4412 4410 4401
f 4413 4398 4393
f 4414 4412 4398
f 4413 4414 4398
f 4413 4393 4396
f 4397 4415 4396
f 4416 4396 4415
f 4413 4396 4416
f 4417 4418 4419
f 4420 4419 4418
f 4421 4417 4419
f 4422 4421 4419
f 4423 4422 4419
f 4424 4419 4420
f 4424 4423 4419
f 4425 4426 4418
f 4427 4418 4426
f 4428 4425 4418
f 4429 4428 4418
f 4417 4429 4418
f 4420 4418 4427
f 4430 4426 4425
f 4431 4427 4426
f 4431 4426 4432
f 4430 4432 4426
f 4430 4425 4428
f 4433 4428 4429
f 4434 4428 4433
f 4430 4428 4434
f 4435 4429 4417
f 4435 4433 4429
f 4436 4417 4421
f 4436 4435 4417
f 4422 4437 4421
f 4438 4421 4437
f 4438 4436 4421
f 4422 4439 4437
f 4440 4437 4439
f 4440 4438 4437
f 4441 4442 4439
f 4440 4439 4442
f 4422 4441 4439
f 4443 4444 4442
f 4445 4442 4444
f 4441 4443 4442
f 4440 4442 4445
f 4446 4447 4444
f 4448 4444 4447
f 4443 4446 4444
f 4448 4445 4444
f 4446 4449 4447
f 4450 4447 4449
f 4450 4448 4447
f 4451 4452 4449
f 4453 4449 4452
f 4446 4451 4449
f 4453 4450 4449
f 4454 4455 4452
f 4456 4452 4455
f 4451 4454 4452
f 4456 4453 4452
f 4454 4457 4455
f 4458 4455 4457
f 4458 4456 4455
f 4459 4460 4457
f 4461 4457 4460
f 4454 4459 4457
f 4461 4458 4457
f 4462 4463 4460
f 4464 4460 4463
f 4459 4462 4460
f 4465 4461 4460
f 4464 4465 4460
f 4462 4466 4463
f 4467 4463 4466
f 4467 4464 4463
f 4468 4469 4466
f 4470 4466 4469
f 4462 4468 4466
f 4470 4467 4466
f 4471 4472 4469
f 4470 4469 4472
f 4468 4471 4469
f 4473 4474 4472
f 4475 4472 4474
f 4471 4473 4472
f 4475 4470 4472
f 4473 4476 4474
f 4477 4474 4476
f 4475 4474 4477
f 4478 4479 4476
f 4480 4476 4479
f 4473 4478 4476
f 4481 4477 4476
f 4480 4481 4476
f 4482 4483 4479
f 4484 4479 4483
f 4478 4482 4479
f 4484 4480 4479
f 4482 4485 4483
f 4486 4483 4485
f 4486 4484 4483
f 4487 4488 4485
f 4489 4485 4488
f 4482 4487 4485
f 4489 4486 4485
f 4490 4491 4488
f 4489 4488 4491
f 4487 4490 4488
f 4490 4492 4491
f 4493 4491 4492
f 4493 4489 4491
f 4494 4495 4492
f 4496 4492 4495
f 4490 4494 4492
f 4497 4493 4492
f 4496 4497 4492
f 4498 4499 4495
f 4496 4495 4499
f 4494 4498 4495
f 4498 4500 4499
f 4501 4499 4500
f 4501 4496 4499
f 4502 4503 4500
f 4504 4500 4503
f 4498 4502 4500
f 4504 4501 4500
f 4505 4506 4503
f 4507 4503 4506
f 4502 4505 4503
f 4507 4504 4503
f 4508 4509 4506
f 4510 4506 4509
f 4505 4508 4506
f 4507 4506 4510
f 4508 4511 4509
f 4512 4509 4511
f 4512 4510 4509
f 4513 4514 4511
f 4515 4511 4514
f 4508 4513 4511
f 4515 4512 4511
f 4516 4517 4514
f 4518 4514 4517
f 4513 4516 4514
f 4518 4515 4514
f 4516 4519 4517
f 4520 4517 4519
f 4520 4518 4517
f 4521 4522 4519
f 4523 4519 4522
f 4516 4521 4519
f 4523 4520 4519
f 4524 4525 4522
f 4526 4522 4525
f 4521 4524 4522
f 4526 4523 4522
f 4524 4527 4525
f 4528 4525 4527
f 4528 4526 4525
f 4529 4530 4527
f 4531 4527 4530
f 4524 4529 4527
f 4531 4528 4527
f 4532 4533 4530
f 4534 4530 4533
f 4529 4532 4530
f 4534 4531 4530
f 4535 4536 4533
f 4537 4533 4536
f 4532 4535 4533
f 4538 4534 4533
f 4537 4538 4533
f 4535 4539 4536
f 4537 4536 4539
f 4540 4541 4539
f 4542 4539 4541
f 4535 4540 4539
f 4537 4539 4542
f 4543 4544 4541
f 4545 4541 4544
f 4540 4543 4541
f 4545 4542 4541
f 4543 4546 4544
f 4547 4544 4546
f 4547 4545 4544
f 4548 4549 4546
f 4550 4546 4549
f 4543 4548 4546
f 4550 4547 4546
f 4551 4552 4549
f 4553 4549 4552
f 4548 4551 4549
f 4553 4550 4549
f 4551 4554 4552
f 4555 4552 4554
f 4555 4553 4552
f 4556 4557 4554
f 4558 4554 4557
f 4551 4556 4554
f 4558 4555 4554
f 4559 4560 4557
f 4561 4557 4560
f 4556 4559 4557
f 4562 4558 4557
f 4561 4562 4557
f 4563 4564 4560
f 4565 4560 4564
f 4559 4563 4560
f 4565 4561 4560
f 4563 4566 4564
f 4567 4564 4566
f 4567 4565 4564
f 4568 4569 4566
f 4570 4566 4569
f 4563 4568 4566
f 4570 4567 4566
f 4571 4572 4569
f 4570 4569 4572
f 4568 4571 4569
f 4571 4573 4572
f 4574 4572 4573
f 4570 4572 4574
f 4575 4576 4573
f 4577 4573 4576
f 4571 4575 4573
f 4577 4574 4573
f 4578 4579 4576
f 4580 4576 4579
f 4575 4578 4576
f 4580 4577 4576
f 4578 4581 4579
f 4582 4579 4581
f 4582 4580 4579
f 4583 4584 4581
f 4585 4581 4584
f 4578 4583 4581
f 4585 4582 4581
f 4586 4587 4584
f 4588 4584 4587
f 4583 4586 4584
f 4588 4585 4584
f 4586 4589 4587
f 4590 4587 4589
f 4590 4588 4587
f 4591 4592 4589
f 4593 4589 4592
f 4586 4591 4589
f 4593 4590 4589
f 4594 4595 4592
f 4596 4592 4595
f 4591 4594 4592
f 4596 4593 4592
f 4597 4598 4595
f 4599 4595 4598
f 4594 4597 4595
f 4599 4596 4595
f 4597 4600 4598
f 4601 4598 4600
f 4602 4599 4598
f 4601 4602 4598
f 4603 4604 4600
f 4601 4600 4604
f 4597 4603 4600
f 4605 4606 4604
f 4607 4604 4606
f 4603 4605 4604
f 4601 4604 4607
f 4605 4608 4606
f 4609 4606 4608
f 4609 4607 4606
f 4610 4611 4608
f 4612 4608 4611
f 4605 4610 4608
f 4612 4609 4608
f 4613 4614 4611
f 4615 4611 4614
f 4610 4613 4611
f 4615 4612 4611
f 4613 4616 4614
f 4617 4614 4616
f 4617 4615 4614
f 4618 4619 4616
f 4620 4616 4619
f 4613 4618 4616
f 4620 4617 4616
f 4621 4622 4619
f 4623 4619 4622
f 4618 4621 4619
f 4623 4620 4619
f 4624 4625 4622
f 4626 4622 4625
f 4621 4624 4622
f 4627 4623 4622
f 4626 4627 4622
f 4624 4628 4625
f 4629 4625 4628
f 4629 4626 4625
f 4630 4631 4628
f 4632 4628 4631
f 4624 4630 4628
f 4632 4629 4628
f 4633 4634 4631
f 4632 4631 4634
f 4630 4633 4631
f 4633 4635 4634
f 4636 4634 4635
f 4636 4632 4634
f 4637 4638 4635
f 4639 4635 4638
f 4633 4637 4635
f 4636 4635 4639
f 4640 4641 4638
f 4642 4638 4641
f 4637 4640 4638
f 4643 4639 4638
f 4642 4643 4638
f 4640 4644 4641
f 4642 4641 4644
f 4645 4646 4644
f 4647 4644 4646
f 4640 4645 4644
f 4647 4642 4644
f 4648 4649 4646
f 4650 4646 4649
f 4645 4648 4646
f 4650 4647 4646
f 4651 4652 4649
f 4653 4649 4652
f 4648 4651 4649
f 4653 4650 4649
f 4651 4654 4652
f 4655 4652 4654
f 4655 4653 4652
f 4656 4657 4654
f 4658 4654 4657
f 4651 4656 4654
f 4659 4655 4654
f 4658 4659 4654
f 4660 4661 4657
f 4662 4657 4661
f 4656 4660 4657
f 4662 4658 4657
f 4660 4663 4661
f 4662 4661 4663
f 4664 4665 4663
f 4666 4663 4665
f 4660 4664 4663
f 4666 4662 4663
f 4667 4668 4665
f 4669 4665 4668
f 4664 4667 4665
f 4669 4666 4665
f 4667 4670 4668
f 4671 4668 4670
f 4669 4668 4671
f 4672 4673 4670
f 4674 4670 4673
f 4667 4672 4670
f 4674 4671 4670
f 4675 4676 4673
f 4677 4673 4676
f 4672 4675 4673
f 4677 4674 4673
f 4678 4679 4676
f 4680 4676 4679
f 4675 4678 4676
f 4680 4677 4676
f 4678 4681 4679
f 4682 4679 4681
f 4682 4680 4679
f 4683 4684 4681
f 4685 4681 4684
f 4678 4683 4681
f 4685 4682 4681
f 4686 4687 4684
f 4688 4684 4687
f 4683 4686 4684
f 4688 4685 4684
f 4686 4689 4687
f 4690 4687 4689
f 4690 4688 4687
f 4691 4692 4689
f 4693 4689 4692
f 4686 4691 4689
f 4693 4690 4689
f 4694 4695 4692
f 4696 4692 4695
f 4691 4694 4692
f 4696 4693 4692
f 4694 4697 4695
f 4698 4695 4697
f 4699 4696 4695
f 4698 4699 4695
f 4700 4701 4697
f 4698 4697 4701
f 4694 4700 4697
f 4702 4703 4701
f 4704 4701 4703
f 4705 4702 4701
f 4700 4705 4701
f 4698 4701 4704
f 4706 4707 4703
f 4708 4703 4707
f 4702 4706 4703
f 4708 4704 4703
f 4709 4710 4707
f 4711 4707 4710
f 4706 4709 4707
f 4711 4708 4707
f 4712 4713 4710
f 4714 4710 4713
f 4709 4712 4710
f 4714 4711 4710
f 4715 4716 4713
f 4717 4713 4716
f 4718 4715 4713
f 4712 4718 4713
f 4717 4714 4713
f 4719 4720 4716
f 4721 4716 4720
f 4715 4719 4716
f 4721 4717 4716
f 4722 4723 4720
f 4724 4720 4723
f 4719 4722 4720
f 4724 4721 4720
f 4725 4726 4723
f 4724 4723 4726
f 4722 4725 4723
f 4727 4726 4725
f 4728 4724 4726
f 4729 4728 4726
f 4730 4729 4726
f 4727 4730 4726
f 4727 4725 4722
f 4731 4722 4719
f 4731 4727 4722
f 4731 4719 4715
f 3494 4715 4718
f 3494 4731 4715
f 3494 4718 4712
f 4732 4712 4709
f 4732 3494 4712
f 4732 4709 4706
f 4733 4706 4702
f 4732 4706 4733
f 4733 4702 4705
f 4730 4705 4700
f 4733 4705 4730
f 4734 4700 4694
f 4730 4700 4735
f 4734 4735 4700
f 4736 4694 4691
f 4736 4734 4694
f 4737 4691 4686
f 4736 4691 4738
f 4737 4738 4691
f 4739 4686 4683
f 4739 4737 4686
f 4740 4683 4678
f 4740 4739 4683
f 4741 4678 4675
f 4741 4740 4678
f 4742 4675 4672
f 4742 4741 4675
f 4743 4672 4667
f 4743 4742 4672
f 4744 4667 4664
f 4744 4743 4667
f 4745 4664 4660
f 4745 4744 4664
f 4746 4660 4656
f 4746 4745 4660
f 4747 4656 4651
f 4747 4746 4656
f 4748 4651 4648
f 4748 4747 4651
f 4749 4648 4645
f 4749 4748 4648
f 4750 4645 4640
f 4750 4749 4645
f 4751 4640 4637
f 4751 4750 4640
f 4752 4637 4633
f 4752 4751 4637
f 4753 4633 4630
f 4753 4752 4633
f 4754 4630 4624
f 4754 4753 4630
f 4755 4624 4621
f 4755 4754 4624
f 4756 4621 4618
f 4756 4755 4621
f 4757 4618 4613
f 4757 4756 4618
f 4758 4613 4610
f 4758 4757 4613
f 4758 4610 4605
f 4759 4605 4603
f 4759 4758 4605
f 4760 4603 4597
f 4761 4759 4603
f 4760 4761 4603
f 4762 4597 4594
f 4762 4760 4597
f 4763 4594 4591
f 4763 4762 4594
f 4764 4591 4586
f 4764 4763 4591
f 4765 4586 4583
f 4765 4764 4586
f 4766 4583 4578
f 4766 4765 4583
f 4767 4578 4575
f 4767 4766 4578
f 4768 4575 4571
f 4768 4767 4575
f 4769 4571 4568
f 4769 4768 4571
f 4770 4568 4563
f 4770 4769 4568
f 4771 4563 4559
f 4771 4770 4563
f 4772 4559 4556
f 4772 4771 4559
f 4773 4556 4551
f 4773 4772 4556
f 4774 4551 4548
f 4774 4773 4551
f 4775 4548 4543
f 4775 4774 4548
f 4776 4543 4540
f 4776 4775 4543
f 4777 4540 4535
f 4777 4776 4540
f 4778 4535 4532
f 4778 4777 4535
f 4779 4532 4529
f 4779 4778 4532
f 4780 4529 4524
f 4780 4779 4529
f 4781 4524 4521
f 4781 4780 4524
f 4781 4521 4516
f 4782 4516 4513
f 4782 4781 4516
f 4783 4513 4508
f 4783 4782 4513
f 4784 4508 4505
f 4784 4783 4508
f 4785 4505 4502
f 4786 4784 4505
f 4785 4786 4505
f 4787 4502 4498
f 4787 4785 4502
f 4788 4498 4494
f 4788 4787 4498
f 4788 4494 4490
f 4789 4490 4487
f 4789 4788 4490
f 4790 4487 4482
f 4791 4789 4487
f 4790 4791 4487
f 4790 4482 4478
f 4792 4478 4473
f 4792 4790 4478
f 4793 4473 4471
f 4793 4792 4473
f 4794 4471 4468
f 4794 4793 4471
f 4795 4468 4462
f 4795 4794 4468
f 4796 4462 4459
f 4796 4795 4462
f 4797 4459 4454
f 4798 4796 4459
f 4797 4798 4459
f 4797 4454 4451
f 4799 4451 4446
f 4799 4797 4451
f 4800 4446 4443
f 4800 4799 4446
f 4801 4443 4441
f 4801 4800 4443
f 4802 4441 4422
f 4802 4801 4441
f 4423 4802 4422
f 4803 4804 4805
f 4806 4805 4804
f 4807 4803 4805
f 4808 4807 4805
f 4809 4808 4805
f 4810 4809 4805
f 4810 4805 4806
f 4811 4812 4804
f 4813 4804 4812
f 4814 4811 4804
f 4803 4814 4804
f 4806 4804 4815
f 4813 4815 4804
f 4816 4812 4811
f 4817 4812 4816
f 4818 4812 4817
f 4813 4812 4819
f 4818 4819 4812
f 4816 4811 4814
f 4820 4814 4803
f 4816 4814 4821
f 2670 4821 4814
f 4820 4822 4814
f 2670 4814 4822
f 4823 4803 4807
f 4820 4803 4823
f 4824 4807 4808
f 4823 4807 4824
f 4809 4825 4808
f 4824 4808 4825
f 4826 4827 4825
f 4828 4825 4827
f 4809 4826 4825
f 4824 4825 4828
f 4829 4830 4827
f 4831 4827 4830
f 4826 4829 4827
f 4832 4827 4831
f 4828 4827 4832
f 4833 4834 4830
f 4835 4830 4834
f 4829 4833 4830
f 4831 4830 4835
f 4833 4836 4834
f 4835 4834 4836
f 4837 4838 4836
f 4839 4836 4838
f 4833 4837 4836
f 2651 4836 4839
f 4835 4836 4840
f 2651 4840 4836
f 4841 4842 4838
f 4843 4838 4842
f 4837 4841 4838
f 4839 4838 4843
f 4844 4845 4842
f 4846 4842 4845
f 4841 4844 4842
f 4843 4842 4846
f 4844 4847 4845
f 4848 4845 4847
f 4846 4845 4848
f 4849 4850 4847
f 4821 4847 4850
f 4844 4849 4847
f 4848 4847 4851
f 2670 4851 4847
f 2670 4847 4821
f 4852 4853 4850
f 4854 4850 4853
f 4849 4852 4850
f 4821 4850 4854
f 4852 4855 4853
f 4856 4853 4855
f 4854 4853 4856
f 4857 4858 4855
f 4859 4855 4858
f 4852 4857 4855
f 4856 4855 4859
f 4860 4861 4858
f 4862 4858 4861
f 4857 4860 4858
f 4859 4858 4862
f 4863 4864 4861
f 4865 4861 4864
f 4860 4863 4861
f 4866 4861 4865
f 4862 4861 4866
f 4863 4867 4864
f 4868 4864 4867
f 4865 4864 4868
f 4869 4870 4867
f 4868 4867 4870
f 4863 4869 4867
f 4871 4872 4870
f 4873 4870 4872
f 4869 4871 4870
f 2651 4870 4873
f 4868 4870 4839
f 2651 4839 4870
f 4874 4875 4872
f 4876 4872 4875
f 4871 4874 4872
f 4873 4872 4876
f 4874 4877 4875
f 4878 4875 4877
f 4876 4875 4878
f 4879 4880 4877
f 4881 4877 4880
f 4874 4879 4877
f 4878 4877 4881
f 4882 4883 4880
f 4851 4880 4883
f 4879 4882 4880
f 4881 4880 4884
f 2670 4884 4880
f 2670 4880 4851
f 4885 4886 4883
f 4887 4883 4886
f 4882 4885 4883
f 4851 4883 4887
f 4885 4888 4886
f 4889 4886 4888
f 4887 4886 4889
f 4890 4891 4888
f 4892 4888 4891
f 4885 4890 4888
f 4889 4888 4892
f 4893 4894 4891
f 4895 4891 4894
f 4890 4893 4891
f 4892 4891 4895
f 4896 4897 4894
f 4898 4894 4897
f 4893 4896 4894
f 4899 4894 4898
f 4895 4894 4899
f 4896 4900 4897
f 4901 4897 4900
f 4898 4897 4901
f 4902 4903 4900
f 4901 4900 4903
f 4896 4902 4900
f 4904 4905 4903
f 4906 4903 4905
f 4902 4904 4903
f 2651 4903 4906
f 4901 4903 4873
f 2651 4873 4903
f 4907 4908 4905
f 4909 4905 4908
f 4904 4907 4905
f 4909 4906 4905
f 4907 4910 4908
f 4911 4908 4910
f 4911 4909 4908
f 4912 4913 4910
f 4914 4910 4913
f 4907 4912 4910
f 4914 4911 4910
f 4915 4916 4913
f 4884 4913 4916
f 4912 4915 4913
f 4917 4914 4913
f 2670 4917 4913
f 2670 4913 4884
f 4915 4918 4916
f 4919 4916 4918
f 4884 4916 4919
f 4920 4921 4918
f 4922 4918 4921
f 4915 4920 4918
f 4919 4918 4922
f 4923 4924 4921
f 4925 4921 4924
f 4920 4923 4921
f 4922 4921 4925
f 4926 4927 4924
f 4928 4924 4927
f 4923 4926 4924
f 4925 4924 4928
f 4929 4930 4927
f 4931 4927 4930
f 4926 4929 4927
f 4932 4927 4931
f 4928 4927 4932
f 4929 4933 4930
f 4934 4930 4933
f 4931 4930 4934
f 4935 4936 4933
f 4934 4933 4936
f 4929 4935 4933
f 4937 4938 4936
f 2656 4936 4938
f 4935 4937 4936
f 4934 4936 4906
f 2651 4906 4936
f 2651 4936 2656
f 4939 4940 4938
f 4941 4938 4940
f 4937 4939 4938
f 2656 4938 4941
f 4939 4942 4940
f 4943 4940 4942
f 4941 4940 4943
f 4944 4945 4942
f 4946 4942 4945
f 4939 4944 4942
f 4943 4942 4946
f 4947 4948 4945
f 4917 4945 4948
f 4944 4947 4945
f 2670 4945 4917
f 4946 4945 2678
f 2670 2678 4945
f 4947 4949 4948
f 4950 4948 4949
f 4950 4917 4948
f 4951 4952 4949
f 4953 4949 4952
f 4947 4951 4949
f 4950 4949 4953
f 4954 4955 4952
f 4956 4952 4955
f 4951 4954 4952
f 4953 4952 4956
f 4957 4958 4955
f 4959 4955 4958
f 4954 4957 4955
f 4956 4955 4959
f 4957 4960 4958
f 4961 4958 4960
f 4962 4958 4961
f 4959 4958 4962
f 4963 2654 4960
f 2655 4960 2654
f 4957 4963 4960
f 4961 4960 2655
f 4963 2653 2654
f 2676 4964 2677
f 4965 2677 4964
f 2678 2677 4965
f 4966 4967 4964
f 4968 4964 4967
f 2676 4966 4964
f 4965 4964 4968
f 4969 4970 4967
f 4971 4967 4970
f 4966 4969 4967
f 4968 4967 4971
f 4972 4973 4970
f 4974 4970 4973
f 4969 4972 4970
f 4971 4970 4974
f 4972 4975 4973
f 4976 4973 4975
f 4977 4973 4976
f 4974 4973 4977
f 4978 4979 4975
f 2659 4975 4979
f 4972 4978 4975
f 4976 4975 2659
f 4980 2660 4979
f 2659 4979 2660
f 4978 4980 4979
f 4981 4982 2660
f 4983 2660 4982
f 4980 4981 2660
f 2651 2660 4983
f 4981 4984 4982
f 4985 4982 4984
f 4983 4982 4985
f 4986 4987 4984
f 4988 4984 4987
f 4981 4986 4984
f 4985 4984 4988
f 4989 2672 4987
f 4990 4987 2672
f 4986 4989 4987
f 4988 4987 4990
f 4991 2671 2672
f 4989 4991 2672
f 4990 2672 4992
f 2670 4992 2672
f 4991 4993 2671
f 2673 2671 4993
f 4994 4995 4993
f 4996 4993 4995
f 4991 4994 4993
f 2673 4993 4996
f 4997 4998 4995
f 4999 4995 4998
f 4994 4997 4995
f 4996 4995 4999
f 4997 5000 4998
f 5001 4998 5000
f 4999 4998 5001
f 5002 5003 5000
f 5004 5000 5003
f 4997 5002 5000
f 5005 5000 5004
f 5001 5000 5005
f 5006 5007 5003
f 5008 5003 5007
f 5002 5006 5003
f 5004 5003 5008
f 5009 5010 5007
f 5008 5007 5010
f 5006 5009 5007
f 5011 5012 5010
f 5013 5010 5012
f 5009 5011 5010
f 2651 5010 5013
f 5008 5010 4983
f 2651 4983 5010
f 5011 5014 5012
f 5015 5012 5014
f 5016 5013 5012
f 5016 5012 5015
f 5017 5018 5014
f 5019 5014 5018
f 5011 5017 5014
f 5019 5015 5014
f 5020 5021 5018
f 5019 5018 5021
f 5017 5020 5018
f 5022 5023 5021
f 4992 5021 5023
f 5020 5022 5021
f 2670 5021 4992
f 2670 5024 5021
f 5019 5021 5024
f 5022 5025 5023
f 5026 5023 5025
f 4992 5023 5026
f 5027 5028 5025
f 5029 5025 5028
f 5022 5027 5025
f 5026 5025 5029
f 5030 5031 5028
f 5032 5028 5031
f 5027 5030 5028
f 5029 5028 5032
f 5033 5034 5031
f 5035 5031 5034
f 5030 5033 5031
f 5032 5031 5035
f 5033 5036 5034
f 5037 5034 5036
f 5038 5034 5037
f 5035 5034 5038
f 5039 5040 5036
f 5041 5036 5040
f 5033 5039 5036
f 5037 5036 5041
f 5042 5043 5040
f 5041 5040 5043
f 5039 5042 5040
f 5042 5044 5043
f 5045 5043 5044
f 5041 5043 5013
f 2651 5013 5043
f 5045 2651 5043
f 5042 5046 5044
f 2651 5044 5046
f 5045 5044 2651
f 5047 5046 5042
f 5048 5046 5047
f 5049 5046 5048
f 5050 5051 5046
f 2651 5046 5051
f 5049 5050 5046
f 5047 5042 5039
f 5052 5039 5033
f 5047 5039 5052
f 5052 5033 5030
f 5053 5030 5027
f 5052 5030 5053
f 5054 5027 5022
f 5054 5053 5027
f 5024 5022 5020
f 5024 5054 5022
f 5019 5020 5017
f 5019 5024 5020
f 5015 5017 5011
f 5019 5017 5015
f 5055 5011 5009
f 5015 5011 5055
f 5056 5009 5006
f 5055 5009 5056
f 5057 5006 5002
f 5058 5056 5006
f 5057 5058 5006
f 5059 5002 4997
f 5059 5057 5002
f 5060 4997 4994
f 5060 5059 4997
f 5061 4994 4991
f 5061 5060 4994
f 5062 4991 4989
f 5062 5061 4991
f 5063 4989 4986
f 5063 5062 4989
f 5064 4986 4981
f 5064 5063 4986
f 5065 4981 4980
f 5065 5064 4981
f 5066 4980 4978
f 5066 5065 4980
f 5067 4978 4972
f 5067 5066 4978
f 5068 4972 4969
f 5068 5067 4972
f 5069 4969 4966
f 5069 5068 4969
f 5070 4966 2676
f 5070 5069 4966
f 2674 2676 2675
f 2674 5070 2676
f 2667 2675 2679
f 2667 2674 2675
f 2664 2679 2652
f 2664 2667 2679
f 2658 2652 2653
f 2658 2664 2652
f 2661 2653 4963
f 2661 2658 2653
f 5071 4963 4957
f 5071 2661 4963
f 5072 4957 4954
f 5072 5071 4957
f 5073 4954 4951
f 5073 5072 4954
f 5074 4951 4947
f 5074 5073 4951
f 5075 4947 4944
f 5075 5074 4947
f 5076 4944 4939
f 5076 5075 4944
f 5077 4939 4937
f 5077 5076 4939
f 5078 4937 4935
f 5078 5077 4937
f 5079 4935 4929
f 5079 5078 4935
f 5080 4929 4926
f 5080 5079 4929
f 5081 4926 4923
f 5081 5080 4926
f 5082 4923 4920
f 5082 5081 4923
f 5083 4920 4915
f 5083 5082 4920
f 5084 4915 4912
f 5084 5083 4915
f 5085 4912 4907
f 5085 5084 4912
f 5086 4907 4904
f 5086 5085 4907
f 5087 4904 4902
f 5087 5086 4904
f 5088 4902 4896
f 5088 5087 4902
f 5089 4896 4893
f 5089 5088 4896
f 5090 4893 4890
f 5090 5089 4893
f 5091 4890 4885
f 5091 5090 4890
f 5092 4885 4882
f 5092 5091 4885
f 5093 4882 4879
f 5093 5092 4882
f 5094 4879 4874
f 5094 5093 4879
f 5095 4874 4871
f 5095 5094 4874
f 5096 4871 4869
f 5096 5095 4871
f 5097 4869 4863
f 5097 5096 4869
f 5098 4863 4860
f 5098 5097 4863
f 5099 4860 4857
f 5099 5098 4860
f 5100 4857 4852
f 5100 5099 4857
f 5101 4852 4849
f 5101 5100 4852
f 5102 4849 4844
f 5102 5101 4849
f 5103 4844 4841
f 5103 5102 4844
f 5104 4841 4837
f 5104 5103 4841
f 5105 4837 4833
f 5105 5104 4837
f 5106 4833 4829
f 5106 5105 4833
f 5107 4829 4826
f 5107 5106 4829
f 5108 4826 4809
f 5108 5107 4826
f 4810 5108 4809
f 5109 5110 5111
f 5112 5111 5110
f 5113 5109 5111
f 5114 5113 5111
f 5115 5114 5111
f 473 5115 5111
f 5116 5111 5112
f 473 5111 5116
f 5117 5118 5110
f 654 5110 5118
f 5109 5117 5110
f 5119 5112 5110
f 654 5119 5110
f 5120 5118 5117
f 5121 5118 5122
f 5120 5122 5118
f 652 654 5118
f 5121 652 5118
f 5123 5117 5109
f 5123 5120 5117
f 5124 5109 5113
f 5124 5123 5109
f 5125 5113 5114
f 5125 5124 5113
f 5115 646 5114
f 645 5114 646
f 645 5125 5114
f 5115 643 646
f 5126 5127 630
f 5128 630 5127
f 628 5126 630
f 5128 653 630
f 5129 5130 5127
f 5131 5127 5130
f 5126 5129 5127
f 5131 5128 5127
f 5132 5133 5130
f 5134 5130 5133
f 5129 5132 5130
f 5134 5131 5130
f 5132 471 5133
f 469 5133 471
f 469 5134 5133
f 5132 470 471
f 455 5135 454
f 5136 454 5135
f 5136 477 454
f 5137 5138 5135
f 5139 5135 5138
f 455 5137 5135
f 5139 5136 5135
f 5140 5141 5138
f 5142 5138 5141
f 5137 5140 5138
f 5142 5139 5138
f 5140 531 5141
f 529 5141 531
f 529 5142 5141
f 5140 530 531
f 5143 5144 514
f 5145 514 5144
f 515 5143 514
f 5145 537 514
f 5143 5146 5144
f 5147 5144 5146
f 5147 5145 5144
f 5148 5149 5146
f 5150 5146 5149
f 5143 5148 5146
f 5150 5147 5146
f 398 399 5149
f 397 5149 399
f 5148 398 5149
f 397 5150 5149
f 5151 5152 382
f 5153 382 5152
f 383 5151 382
f 5153 405 382
f 5151 5154 5152
f 5155 5152 5154
f 5155 5153 5152
f 5156 5157 5154
f 5158 5154 5157
f 5151 5156 5154
f 5158 5155 5154
f 5159 559 5157
f 558 5157 559
f 5156 5159 5157
f 558 5158 5157
f 5159 556 559
f 5160 5161 543
f 5162 543 5161
f 541 5160 543
f 5162 565 543
f 5163 5164 5161
f 5165 5161 5164
f 5160 5163 5161
f 5165 5162 5161
f 5163 5166 5164
f 5167 5164 5166
f 5167 5165 5164
f 5168 588 5166
f 587 5166 588
f 5163 5168 5166
f 587 5167 5166
f 5168 585 588
f 5169 5170 572
f 5171 572 5170
f 570 5169 572
f 5171 594 572
f 5172 5173 5170
f 5174 5170 5173
f 5169 5172 5170
f 5174 5171 5170
f 5175 5176 5173
f 5177 5173 5176
f 5172 5175 5173
f 5177 5174 5173
f 5175 501 5176
f 499 5176 501
f 499 5177 5176
f 5175 500 501
f 485 5178 484
f 5179 484 5178
f 5179 507 484
f 5180 5181 5178
f 5182 5178 5181
f 485 5180 5178
f 5182 5179 5178
f 5183 5184 5181
f 5185 5181 5184
f 5180 5183 5181
f 5185 5182 5181
f 5183 618 5184
f 616 5184 618
f 616 5185 5184
f 5183 617 618
f 5186 5187 601
f 5188 601 5187
f 602 5186 601
f 5188 624 601
f 5186 5189 5187
f 5190 5187 5189
f 5190 5188 5187
f 5191 5192 5189
f 5193 5189 5192
f 5186 5191 5189
f 5193 5190 5189
f 436 448 5192
f 412 5192 448
f 5191 436 5192
f 412 5193 5192
f 436 437 448
f 439 438 440
f 5194 440 441
f 439 440 5194
f 5194 441 442
f 5195 442 443
f 5194 442 5195
f 5195 443 445
f 5196 445 444
f 5196 5195 445
f 5196 444 446
f 5197 446 447
f 5196 446 5197
f 5197 447 437
f 5197 437 435
f 431 436 5191
f 5198 5191 5186
f 5198 431 5191
f 428 5186 602
f 5198 5186 428
f 425 602 599
f 428 602 425
f 422 599 604
f 425 599 422
f 419 604 609
f 422 604 419
f 416 609 612
f 419 609 416
f 410 612 617
f 416 612 410
f 413 617 5183
f 410 617 413
f 5199 5183 5180
f 413 5183 5199
f 5200 5180 485
f 5199 5180 5200
f 5201 485 482
f 5200 485 5201
f 623 482 487
f 5201 482 623
f 622 487 492
f 623 487 622
f 621 492 495
f 622 492 621
f 620 495 500
f 621 495 620
f 619 500 5175
f 620 500 619
f 5202 5175 5172
f 619 5175 5202
f 5203 5172 5169
f 5202 5172 5203
f 5204 5169 570
f 5203 5169 5204
f 508 570 574
f 5204 570 508
f 506 574 577
f 508 574 506
f 505 577 582
f 506 577 505
f 504 582 585
f 505 582 504
f 502 585 5168
f 504 585 502
f 503 5168 5163
f 502 5168 503
f 5205 5163 5160
f 503 5163 5205
f 5206 5160 541
f 5205 5160 5206
f 595 541 545
f 5206 541 595
f 593 545 548
f 595 545 593
f 592 548 553
f 593 548 592
f 591 553 556
f 592 553 591
f 589 556 5159
f 591 556 589
f 590 5159 5156
f 589 5159 590
f 5207 5156 5151
f 590 5156 5207
f 5208 5151 383
f 5207 5151 5208
f 566 383 380
f 5208 383 566
f 564 380 387
f 566 380 564
f 563 387 390
f 564 387 563
f 562 390 395
f 563 390 562
f 560 395 398
f 562 395 560
f 561 398 5148
f 560 398 561
f 5209 5148 5143
f 561 5148 5209
f 5210 5143 515
f 5209 5143 5210
f 406 515 512
f 5210 515 406
f 404 512 519
f 406 512 404
f 403 519 522
f 404 519 403
f 402 522 525
f 403 522 402
f 400 525 530
f 402 525 400
f 401 530 5140
f 400 530 401
f 5211 5140 5137
f 401 5140 5211
f 5212 5137 455
f 5211 5137 5212
f 5213 455 452
f 5212 455 5213
f 536 452 457
f 5213 452 536
f 535 457 462
f 536 457 535
f 534 462 465
f 535 462 534
f 533 465 470
f 534 465 533
f 532 470 5132
f 533 470 532
f 5214 5132 5129
f 532 5132 5214
f 5215 5129 5126
f 5214 5129 5215
f 5216 5126 628
f 5215 5126 5216
f 478 628 632
f 5216 628 478
f 476 632 635
f 478 632 476
f 475 635 640
f 476 635 475
f 474 640 643
f 475 640 474
f 472 643 5115
f 474 643 472
f 472 5115 473
f 1744 1764 1760
f 1196 1760 1759
f 1744 1760 1196
f 1762 1196 1759
f 5217 5218 5219
f 5220 5219 5218
f 5221 5217 5219
f 5222 5219 5223
f 5224 5223 5219
f 5225 5219 5222
f 5221 5219 5225
f 5224 5219 5220
f 5226 5227 5218
f 5220 5218 5227
f 5217 5226 5218
f 5228 5227 5226
f 5228 5229 5227
f 5230 5227 5229
f 5220 5227 5230
f 5221 5226 5217
f 5221 5228 5226
f 5231 5232 5233
f 5234 5233 5232
f 5235 5231 5233
f 5236 5233 5237
f 5238 5237 5233
f 5235 5233 5236
f 5238 5233 5234
f 5239 5240 5232
f 5234 5232 5240
f 5231 5239 5232
f 5241 5240 5239
f 5241 5242 5240
f 5243 5240 5242
f 5234 5240 5243
f 5244 5239 5231
f 5244 5241 5239
f 5244 5231 5235
f 5245 5246 5247
f 5248 5247 5246
f 5249 5245 5247
f 5250 5247 5251
f 5248 5251 5247
f 5252 5247 5250
f 5249 5247 5252
f 5253 5254 5246
f 5248 5246 5254
f 5245 5253 5246
f 5255 5254 5253
f 5255 5256 5254
f 5257 5254 5256
f 5248 5254 5257
f 5249 5253 5245
f 5258 5255 5253
f 5258 5253 5249
f 5259 5260 5261
f 5262 5261 5260
f 5263 5259 5261
f 5264 5261 5265
f 5262 5265 5261
f 5263 5261 5264
f 5266 5267 5260
f 5262 5260 5267
f 5259 5266 5260
f 5268 5267 5266
f 5268 5269 5267
f 5270 5267 5269
f 5262 5267 5270
f 5271 5266 5259
f 5271 5268 5266
f 5271 5259 5263
f 5272 5273 5274
f 5275 5274 5273
f 5276 5272 5274
f 5277 5274 5278
f 5279 5278 5274
f 5280 5274 5277
f 5276 5274 5280
f 5279 5274 5275
f 5281 5282 5273
f 5275 5273 5282
f 5272 5281 5273
f 5283 5282 5281
f 5283 5284 5282
f 5285 5282 5284
f 5275 5282 5285
f 5276 5281 5272
f 5276 5283 5281
f 5286 5287 5288
f 5289 5288 5287
f 5290 5286 5288
f 5291 5288 5292
f 5289 5292 5288
f 5290 5288 5291
f 5293 5294 5287
f 5289 5287 5294
f 5286 5293 5287
f 5295 5294 5293
f 5295 5296 5294
f 5297 5294 5296
f 5289 5294 5297
f 5298 5293 5286
f 5298 5295 5293
f 5298 5286 5290
f 5299 5300 5301
f 5302 5301 5300
f 5303 5299 5301
f 5304 5301 5305
f 5302 5305 5301
f 5306 5301 5304
f 5303 5301 5306
f 5307 5308 5300
f 5309 5300 5308
f 5299 5307 5300
f 5302 5300 5309
f 5310 5308 5307
f 5310 5311 5308
f 5309 5308 5311
f 5303 5307 5299
f 5312 5310 5307
f 5312 5307 5303
f 5313 5314 5315
f 5316 5315 5314
f 5317 5313 5315
f 5318 5315 5319
f 5316 5319 5315
f 5320 5315 5318
f 5317 5315 5320
f 5321 5322 5314
f 5316 5314 5322
f 5313 5321 5314
f 5323 5322 5321
f 5323 5324 5322
f 5325 5322 5324
f 5316 5322 5325
f 5317 5321 5313
f 5317 5323 5321
f 5326 5327 5328
f 5329 5328 5327
f 5330 5326 5328
f 5331 5328 5332
f 5333 5332 5328
f 5334 5328 5331
f 5334 5330 5328
f 5333 5328 5329
f 5335 5336 5327
f 5329 5327 5336
f 5326 5335 5327
f 5337 5336 5335
f 5338 5336 5337
f 5339 5336 5338
f 5329 5336 5339
f 5330 5335 5326
f 5340 5337 5335
f 5340 5335 5330
f 5341 5342 5343
f 5344 5343 5342
f 5345 5341 5343
f 5346 5343 5347
f 5348 5347 5343
f 5349 5343 5346
f 5345 5343 5349
f 5348 5343 5344
f 5350 5351 5342
f 5344 5342 5351
f 5341 5350 5342
f 5352 5351 5350
f 5352 5353 5351
f 5354 5351 5353
f 5344 5351 5354
f 5345 5350 5341
f 5355 5352 5350
f 5355 5350 5345
f 5356 5357 5358
f 5359 5358 5357
f 5360 5356 5358
f 5361 5360 5358
f 5362 5361 5358
f 5363 5362 5358
f 5359 5363 5358
f 5364 5365 5357
f 5359 5357 5365
f 5356 5364 5357
f 5366 5367 5365
f 5368 5365 5367
f 5364 5366 5365
f 5359 5365 5368
f 5369 5370 5367
f 5371 5367 5370
f 5366 5369 5367
f 5371 5368 5367
f 5372 5373 5370
f 5374 5370 5373
f 5369 5372 5370
f 5374 5371 5370
f 5375 5376 5373
f 5377 5373 5376
f 5372 5375 5373
f 5377 5374 5373
f 5378 5376 5375
f 5379 5376 5380
f 5378 5380 5376
f 5377 5376 5379
f 5381 5375 5372
f 5378 5375 5381
f 5382 5372 5369
f 5381 5372 5382
f 5383 5369 5366
f 5382 5369 5383
f 5384 5366 5364
f 5383 5366 5384
f 5385 5364 5356
f 5384 5364 5385
f 5386 5356 5360
f 5386 5385 5356
f 5361 5387 5360
f 5386 5360 5387
f 5362 5387 5361
f 5388 5386 5387
f 5389 5388 5387
f 5362 5389 5387
f 5379 5380 5390
f 5391 5390 5380
f 5392 5379 5390
f 5393 5392 5390
f 5391 5393 5390
f 5391 5380 5378
f 5394 5379 5392
f 5377 5379 5394
f 5393 5395 5392
f 5388 5392 5395
f 5394 5392 5388
f 5396 5397 5398
f 5399 5398 5397
f 5400 5396 5398
f 5401 5400 5398
f 5402 5401 5398
f 5402 5398 5399
f 5403 5404 5397
f 5399 5397 5404
f 5396 5403 5397
f 5304 5305 5404
f 5405 5404 5305
f 5403 5304 5404
f 5399 5404 5405
f 5405 5305 5302
f 5406 5304 5403
f 5306 5304 5406
f 5406 5403 5396
f 5407 5396 5400
f 5406 5396 5407
f 5408 5400 5401
f 5409 5400 5408
f 5407 5400 5409
f 5410 5411 5412
f 5413 5412 5411
f 5414 5410 5412
f 5415 5414 5412
f 5416 5415 5412
f 5416 5412 5413
f 5410 5417 5411
f 5418 5411 5417
f 5413 5411 5418
f 5236 5237 5417
f 5238 5417 5237
f 5419 5236 5417
f 5410 5419 5417
f 5418 5417 5238
f 5420 5236 5419
f 5235 5236 5420
f 5421 5419 5410
f 5420 5419 5421
f 5422 5410 5414
f 5421 5410 5422
f 5423 5414 5415
f 5424 5414 5423
f 5422 5414 5424
f 5425 5426 5427
f 5428 5427 5426
f 5429 5425 5427
f 5430 5429 5427
f 5431 5430 5427
f 5431 5427 5428
f 5432 5433 5426
f 5434 5426 5433
f 5425 5432 5426
f 5428 5426 5434
f 5222 5223 5433
f 5224 5433 5223
f 5432 5222 5433
f 5434 5433 5224
f 5435 5222 5432
f 5225 5222 5435
f 5436 5432 5425
f 5435 5432 5436
f 5437 5425 5429
f 5436 5425 5437
f 5438 5429 5430
f 5437 5429 5438
f 5439 5440 5441
f 5442 5441 5440
f 5443 5439 5441
f 5444 5443 5441
f 5445 5444 5441
f 5445 5441 5442
f 5446 5447 5440
f 5448 5440 5447
f 5439 5446 5440
f 5442 5440 5448
f 5277 5278 5447
f 5279 5447 5278
f 5446 5277 5447
f 5448 5447 5279
f 5449 5277 5446
f 5280 5277 5449
f 5450 5446 5439
f 5449 5446 5450
f 5451 5439 5443
f 5450 5439 5451
f 5452 5443 5444
f 5451 5443 5452
f 5453 5454 5455
f 5456 5455 5454
f 5457 5453 5455
f 5458 5457 5455
f 5459 5458 5455
f 5459 5455 5456
f 5460 5461 5454
f 5456 5454 5461
f 5453 5460 5454
f 5291 5292 5461
f 5462 5461 5292
f 5460 5291 5461
f 5456 5461 5462
f 5462 5292 5289
f 5463 5291 5460
f 5290 5291 5463
f 5464 5460 5453
f 5463 5460 5464
f 5465 5453 5457
f 5464 5453 5465
f 5466 5457 5458
f 5467 5457 5466
f 5465 5457 5467
f 5468 5469 5470
f 5471 5470 5469
f 5472 5468 5470
f 5473 5472 5470
f 5474 5473 5470
f 5474 5470 5471
f 5468 5475 5469
f 5471 5469 5475
f 5318 5319 5475
f 5476 5475 5319
f 5477 5318 5475
f 5468 5477 5475
f 5471 5475 5476
f 5476 5319 5316
f 5478 5318 5477
f 5320 5318 5478
f 5479 5477 5468
f 5478 5477 5479
f 5480 5468 5472
f 5479 5468 5480
f 5481 5472 5473
f 5482 5472 5481
f 5480 5472 5482
f 5483 5484 5485
f 5486 5485 5484
f 5487 5483 5485
f 5488 5487 5485
f 5489 5488 5485
f 5489 5485 5486
f 5483 5490 5484
f 5491 5484 5490
f 5486 5484 5491
f 5346 5347 5490
f 5348 5490 5347
f 5492 5346 5490
f 5483 5492 5490
f 5491 5490 5348
f 5493 5346 5492
f 5349 5346 5493
f 5493 5492 5483
f 5494 5483 5487
f 5493 5483 5494
f 5495 5487 5488
f 5496 5487 5495
f 5494 5487 5496
f 5497 5498 5499
f 5500 5499 5498
f 5501 5497 5499
f 5502 5501 5499
f 5503 5502 5499
f 5503 5499 5500
f 5497 5504 5498
f 5500 5498 5504
f 5264 5265 5504
f 5505 5504 5265
f 5506 5264 5504
f 5497 5506 5504
f 5500 5504 5505
f 5505 5265 5262
f 5507 5264 5506
f 5263 5264 5507
f 5508 5506 5497
f 5507 5506 5508
f 5509 5497 5501
f 5508 5497 5509
f 5510 5501 5502
f 5511 5501 5510
f 5509 5501 5511
f 5512 5513 5514
f 5515 5514 5513
f 5516 5512 5514
f 5517 5516 5514
f 5518 5517 5514
f 5518 5514 5515
f 5519 5520 5513
f 5515 5513 5520
f 5512 5519 5513
f 5250 5251 5520
f 5521 5520 5251
f 5519 5250 5520
f 5515 5520 5521
f 5521 5251 5248
f 5252 5250 5519
f 5522 5519 5512
f 5252 5519 5522
f 5523 5512 5516
f 5522 5512 5523
f 5524 5516 5517
f 5525 5516 5524
f 5523 5516 5525
f 5526 5527 5528
f 5529 5528 5527
f 5530 5526 5528
f 5531 5530 5528
f 5532 5531 5528
f 5532 5528 5529
f 5526 5533 5527
f 5534 5527 5533
f 5529 5527 5534
f 5535 5332 5533
f 5333 5533 5332
f 5526 5535 5533
f 5534 5533 5333
f 5535 5331 5332
f 5334 5331 5535
f 5536 5535 5526
f 5334 5535 5536
f 5537 5526 5530
f 5536 5526 5537
f 5538 5530 5531
f 5539 5530 5538
f 5537 5530 5539
f 3593 5540 3594
f 5541 3594 5540
f 5541 3595 3594
f 5542 3814 5540
f 5543 5540 3814
f 3593 5542 5540
f 5543 5541 5540
f 5542 3821 3814
f 3815 5543 3814
f 5544 3821 5542
f 5544 3822 3821
f 5545 5542 3593
f 5545 5544 5542
f 3596 5545 3593
f 5546 5547 3779
f 5548 3779 5547
f 3777 5546 3779
f 5548 3700 3779
f 3792 3785 5547
f 5549 5547 3785
f 5546 3792 5547
f 5549 5548 5547
f 3786 5549 3785
f 5550 3792 5546
f 5550 3793 3792
f 5551 5546 3777
f 5551 5550 5546
f 3775 5551 3777
f 5552 5553 3553
f 5554 3553 5553
f 3552 5552 3553
f 5554 3554 3553
f 3743 3736 5553
f 5555 5553 3736
f 5552 3743 5553
f 5555 5554 5553
f 3737 5555 3736
f 5556 3743 5552
f 5556 3744 3743
f 5557 5552 3552
f 5557 5556 5552
f 3555 5557 3552
f 3607 5558 3608
f 5559 3608 5558
f 5559 3609 3608
f 5560 3843 5558
f 5561 5558 3843
f 3607 5560 5558
f 5561 5559 5558
f 5560 3851 3843
f 3844 5561 3843
f 5562 3851 5560
f 5562 3850 3851
f 5563 5560 3607
f 5563 5562 5560
f 3610 5563 3607
f 3580 5564 3581
f 5565 3581 5564
f 5565 3579 3581
f 5566 3765 5564
f 5567 5564 3765
f 3580 5566 5564
f 5567 5565 5564
f 5566 3773 3765
f 3766 5567 3765
f 5568 3773 5566
f 5568 3772 3773
f 5569 5566 3580
f 5569 5568 5566
f 3582 5569 3580
f 5570 5571 5572
f 5573 5572 5571
f 5574 5570 5572
f 3506 5574 5572
f 3506 5572 3505
f 5573 3505 5572
f 5575 5576 5571
f 5573 5571 5576
f 5577 5575 5571
f 5570 5577 5571
f 5578 5579 5576
f 5580 5576 5579
f 5575 5578 5576
f 5580 5573 5576
f 5581 5582 5579
f 5583 5579 5582
f 5578 5581 5579
f 5583 5580 5579
f 5584 3635 5582
f 5585 5582 3635
f 5581 5584 5582
f 5585 5583 5582
f 5584 3636 3635
f 3638 5585 3635
f 3637 3636 5584
f 5586 5584 5581
f 5586 3637 5584
f 5587 5581 5578
f 5587 5586 5581
f 5588 5578 5575
f 5588 5587 5578
f 5589 5575 5577
f 5589 5588 5575
f 5590 5577 5570
f 5590 5589 5577
f 5574 5591 5570
f 5590 5570 5591
f 3506 5591 5574
f 3741 5590 5591
f 3632 5591 3506
f 3741 5591 3632
f 5592 5593 3651
f 5594 3651 5593
f 3650 5592 3651
f 5594 3652 3651
f 3715 3707 5593
f 5595 5593 3707
f 5592 3715 5593
f 5595 5594 5593
f 3708 5595 3707
f 3716 3715 5592
f 5596 5592 3650
f 5596 3716 5592
f 3653 5596 3650
f 5597 5598 3622
f 5599 3622 5598
f 3621 5597 3622
f 5599 3623 3622
f 3836 3828 5598
f 5600 5598 3828
f 5597 3836 5598
f 5600 5599 5598
f 3829 5600 3828
f 5601 3836 5597
f 5601 3837 3836
f 5602 5597 3621
f 5602 5601 5597
f 3615 5602 3621
f 3540 5603 3541
f 5604 3541 5603
f 5604 3542 3541
f 5605 3799 5603
f 5606 5603 3799
f 3540 5605 5603
f 5606 5604 5603
f 5605 3807 3799
f 3800 5606 3799
f 5607 3807 5605
f 5607 3808 3807
f 5608 5605 3540
f 5608 5607 5605
f 3533 5608 3540
f 5609 5610 3666
f 5611 3666 5610
f 3665 5609 3666
f 5611 3667 3666
f 3758 3750 5610
f 5612 5610 3750
f 5609 3758 5610
f 5612 5611 5610
f 3751 5612 3750
f 5613 3758 5609
f 5613 3759 3758
f 5614 5609 3665
f 5614 5613 5609
f 3658 5614 3665
f 5615 5616 3566
f 5617 3566 5616
f 3565 5615 3566
f 5617 3567 3566
f 3729 3722 5616
f 5618 5616 3722
f 5615 3729 5616
f 5618 5617 5616
f 3723 5618 3722
f 5619 3729 5615
f 5619 3730 3729
f 5620 5615 3565
f 5620 5619 5615
f 3568 5620 3565
f 5621 5622 5623
f 5624 5623 5622
f 5625 5621 5623
f 5626 5625 5623
f 144 5623 5624
f 144 5626 5623
f 5627 5628 5622
f 5629 5622 5628
f 5621 5627 5622
f 5630 5624 5622
f 5629 5630 5622
f 5631 5632 5628
f 5629 5628 5632
f 5627 5631 5628
f 5633 5632 5631
f 5634 5629 5632
f 5635 5634 5632
f 5635 5632 5633
f 5636 5631 5627
f 5637 5631 5636
f 5633 5631 5637
f 3466 5627 5621
f 5638 5636 5627
f 3466 5638 5627
f 3466 5621 5625
f 3465 3466 5625
f 5639 3465 5625
f 5626 5639 5625
f 5640 5641 5642
f 5643 5642 5641
f 5644 5640 5642
f 5645 5644 5642
f 5646 5642 5647
f 5643 5647 5642
f 5645 5642 5646
f 5648 5649 5641
f 5650 5641 5649
f 5640 5648 5641
f 5650 5643 5641
f 5648 5651 5649
f 5652 5649 5651
f 5652 5650 5649
f 5653 5654 5651
f 5652 5651 5654
f 5655 5653 5651
f 5648 5655 5651
f 5656 5654 5653
f 5657 5658 5654
f 5659 5654 5658
f 5656 5657 5654
f 5659 5652 5654
f 5660 5653 5655
f 5661 5656 5653
f 5661 5653 5660
f 5662 5655 5648
f 5660 5655 5662
f 4330 5648 5640
f 5663 5648 4330
f 5662 5648 5663
f 4330 5640 5644
f 5664 5644 5645
f 4331 5644 5664
f 4330 5644 4331
f 5665 5666 5667
f 5668 5667 5666
f 5669 5665 5667
f 5670 5667 5668
f 5671 5667 5670
f 5669 5667 5671
f 5672 5673 5666
f 5674 5666 5673
f 5665 5672 5666
f 2975 5668 5666
f 5675 5666 5674
f 5675 2975 5666
f 5676 5677 5673
f 5678 5673 5677
f 5679 5676 5673
f 5672 5679 5673
f 5678 5674 5673
f 3976 3493 5677
f 5678 5677 3493
f 3975 3976 5677
f 5676 3975 5677
f 3974 3493 3976
f 5680 5681 3493
f 2574 3493 5681
f 5682 5680 3493
f 5683 5682 3493
f 3974 5683 3493
f 5684 3493 3492
f 5685 3493 5684
f 5195 3493 5685
f 5678 3493 5195
f 3971 3975 5676
f 5686 5676 5679
f 3971 5676 5686
f 5687 5679 5672
f 5686 5679 5687
f 5669 5672 5665
f 5687 5672 5669
f 5688 5689 5690
f 5691 5690 5689
f 5692 5688 5690
f 5693 5692 5690
f 5694 5693 5690
f 5695 5694 5690
f 5695 5690 5691
f 5696 5697 5689
f 5698 5689 5697
f 5699 5696 5689
f 5688 5699 5689
f 5700 5691 5689
f 5698 5700 5689
f 5701 5697 5696
f 5702 5697 5703
f 5704 5703 5697
f 5702 5698 5697
f 5701 5704 5697
f 5701 5696 5699
f 5705 5699 5688
f 5706 5701 5699
f 5707 5706 5699
f 5708 5699 5705
f 5708 5707 5699
f 5709 5688 5692
f 5709 5705 5688
f 5710 5692 5693
f 5710 5709 5692
f 5694 5711 5693
f 5710 5693 5711
f 5712 5713 5711
f 5714 5711 5713
f 5694 5712 5711
f 5714 5710 5711
f 5715 5716 5713
f 5717 5713 5716
f 5712 5715 5713
f 5718 5714 5713
f 5718 5713 5717
f 5719 5720 5716
f 5721 5716 5720
f 5715 5719 5716
f 5717 5716 5721
f 5719 5722 5720
f 5721 5720 5722
f 5723 5724 5722
f 5725 5722 5724
f 5719 5723 5722
f 5721 5722 5726
f 5727 5726 5722
f 5727 5722 5725
f 5728 5729 5724
f 5730 5724 5729
f 5723 5728 5724
f 5725 5724 5730
f 5731 5732 5729
f 5733 5729 5732
f 5728 5731 5729
f 5730 5729 5733
f 5731 5734 5732
f 5735 5732 5734
f 5733 5732 5735
f 5736 5737 5734
f 5706 5734 5737
f 5731 5736 5734
f 5707 5734 5706
f 5738 5734 5707
f 5735 5734 5738
f 5739 5740 5737
f 5741 5737 5740
f 5736 5739 5737
f 5741 5706 5737
f 5739 5742 5740
f 5743 5740 5742
f 5743 5741 5740
f 5744 5745 5742
f 5746 5742 5745
f 5739 5744 5742
f 5746 5743 5742
f 5747 5748 5745
f 5749 5745 5748
f 5744 5747 5745
f 5749 5746 5745
f 5750 5751 5748
f 5752 5748 5751
f 5747 5750 5748
f 5753 5749 5748
f 5753 5748 5752
f 5750 5754 5751
f 5755 5751 5754
f 5752 5751 5755
f 5756 5757 5754
f 5755 5754 5757
f 5750 5756 5754
f 5758 5759 5757
f 5760 5757 5759
f 5756 5758 5757
f 5727 5757 5760
f 5755 5757 5725
f 5727 5725 5757
f 5761 5762 5759
f 5763 5759 5762
f 5758 5761 5759
f 5763 5760 5759
f 5761 5764 5762
f 5765 5762 5764
f 5765 5763 5762
f 5766 5767 5764
f 5768 5764 5767
f 5761 5766 5764
f 5768 5765 5764
f 5769 5770 5767
f 5738 5767 5770
f 5766 5769 5767
f 5738 5707 5767
f 5771 5767 5707
f 5768 5767 5771
f 5772 5773 5770
f 5774 5770 5773
f 5769 5772 5770
f 5774 5738 5770
f 5772 5775 5773
f 5776 5773 5775
f 5776 5774 5773
f 5777 5778 5775
f 5779 5775 5778
f 5772 5777 5775
f 5779 5776 5775
f 5780 5781 5778
f 5782 5778 5781
f 5777 5780 5778
f 5782 5779 5778
f 5783 5784 5781
f 5785 5781 5784
f 5780 5783 5781
f 5786 5782 5781
f 5786 5781 5785
f 5783 5787 5784
f 5788 5784 5787
f 5785 5784 5788
f 5789 5790 5787
f 5788 5787 5790
f 5783 5789 5787
f 5791 5792 5790
f 5793 5790 5792
f 5789 5791 5790
f 5727 5790 5793
f 5788 5790 5760
f 5727 5760 5790
f 5794 5795 5792
f 5796 5792 5795
f 5791 5794 5792
f 5796 5793 5792
f 5794 5797 5795
f 5798 5795 5797
f 5798 5796 5795
f 5799 5800 5797
f 5801 5797 5800
f 5794 5799 5797
f 5801 5798 5797
f 5802 5803 5800
f 5771 5800 5803
f 5799 5802 5800
f 5804 5801 5800
f 5707 5804 5800
f 5771 5707 5800
f 5802 5805 5803
f 5806 5803 5805
f 5806 5771 5803
f 5807 5808 5805
f 5809 5805 5808
f 5802 5807 5805
f 5809 5806 5805
f 5810 5811 5808
f 5812 5808 5811
f 5807 5810 5808
f 5812 5809 5808
f 5813 5814 5811
f 5815 5811 5814
f 5810 5813 5811
f 5815 5812 5811
f 5816 5817 5814
f 5818 5814 5817
f 5813 5816 5814
f 5819 5815 5814
f 5819 5814 5818
f 5816 5820 5817
f 5821 5817 5820
f 5818 5817 5821
f 5822 5823 5820
f 5821 5820 5823
f 5816 5822 5820
f 5824 5825 5823
f 5826 5823 5825
f 5822 5824 5823
f 5821 5823 5793
f 5727 5793 5823
f 5727 5823 5826
f 5827 5828 5825
f 5829 5825 5828
f 5824 5827 5825
f 5826 5825 5829
f 5827 5830 5828
f 5831 5828 5830
f 5829 5828 5831
f 5832 5833 5830
f 5834 5830 5833
f 5827 5832 5830
f 5831 5830 5834
f 5835 5836 5833
f 5804 5833 5836
f 5832 5835 5833
f 5707 5833 5804
f 5837 5833 5707
f 5834 5833 5837
f 5835 5838 5836
f 5839 5836 5838
f 5839 5804 5836
f 5840 5841 5838
f 5842 5838 5841
f 5835 5840 5838
f 5842 5839 5838
f 5843 5844 5841
f 5845 5841 5844
f 5840 5843 5841
f 5845 5842 5841
f 5846 5847 5844
f 5848 5844 5847
f 5843 5846 5844
f 5848 5845 5844
f 5846 5849 5847
f 5850 5847 5849
f 5851 5848 5847
f 5851 5847 5850
f 5852 5853 5849
f 5854 5849 5853
f 5846 5852 5849
f 5850 5849 5854
f 5855 5856 5853
f 5854 5853 5856
f 5852 5855 5853
f 5857 5858 5856
f 5859 5856 5858
f 5855 5857 5856
f 5727 5856 5859
f 5854 5856 5826
f 5727 5826 5856
f 5857 5860 5858
f 5861 5858 5860
f 5859 5858 5861
f 5862 5863 5860
f 5864 5860 5863
f 5857 5862 5860
f 5861 5860 5864
f 5865 5866 5863
f 5867 5863 5866
f 5862 5865 5863
f 5864 5863 5867
f 5868 5869 5866
f 5837 5866 5869
f 5865 5868 5866
f 5837 5707 5866
f 5870 5866 5707
f 5867 5866 5870
f 5868 5871 5869
f 5872 5869 5871
f 5872 5837 5869
f 5873 5874 5871
f 5875 5871 5874
f 5868 5873 5871
f 5875 5872 5871
f 5876 5877 5874
f 5878 5874 5877
f 5873 5876 5874
f 5878 5875 5874
f 5879 5880 5877
f 5881 5877 5880
f 5876 5879 5877
f 5881 5878 5877
f 5879 5882 5880
f 5883 5880 5882
f 5884 5881 5880
f 5884 5880 5883
f 5885 5886 5882
f 5887 5882 5886
f 5879 5885 5882
f 5883 5882 5887
f 5888 5889 5886
f 5887 5886 5889
f 5885 5888 5886
f 5890 5891 5889
f 5892 5889 5891
f 5888 5890 5889
f 5727 5889 5892
f 5887 5889 5859
f 5727 5859 5889
f 5890 5893 5891
f 5894 5891 5893
f 5894 5892 5891
f 5895 5896 5893
f 5897 5893 5896
f 5890 5895 5893
f 5897 5894 5893
f 5898 5899 5896
f 5900 5896 5899
f 5895 5898 5896
f 5900 5897 5896
f 5901 5902 5899
f 5870 5899 5902
f 5898 5901 5899
f 5870 5707 5899
f 5903 5899 5707
f 5900 5899 5903
f 5901 5904 5902
f 5905 5902 5904
f 5905 5870 5902
f 5906 5907 5904
f 5908 5904 5907
f 5901 5906 5904
f 5908 5905 5904
f 5909 5910 5907
f 5911 5907 5910
f 5906 5909 5907
f 5911 5908 5907
f 5909 5912 5910
f 5913 5910 5912
f 5913 5911 5910
f 5914 5915 5912
f 5916 5912 5915
f 5909 5914 5912
f 5917 5913 5912
f 5917 5912 5916
f 5918 5919 5915
f 5920 5915 5919
f 5914 5918 5915
f 5916 5915 5920
f 5921 5922 5919
f 5920 5919 5922
f 5918 5921 5919
f 5923 5924 5922
f 5925 5922 5924
f 5921 5923 5922
f 5920 5922 5892
f 5727 5892 5922
f 5727 5922 5925
f 5923 5926 5924
f 5927 5924 5926
f 5928 5924 5927
f 5928 5925 5924
f 5929 5930 5926
f 5931 5926 5930
f 5923 5929 5926
f 5927 5926 5931
f 5932 5933 5930
f 5931 5930 5933
f 5929 5932 5930
f 5934 5935 5933
f 5903 5933 5935
f 5932 5934 5933
f 5931 5933 5936
f 5707 5936 5933
f 5903 5707 5933
f 5934 5937 5935
f 5938 5935 5937
f 5938 5903 5935
f 5939 5940 5937
f 5941 5937 5940
f 5934 5939 5937
f 5941 5938 5937
f 5942 5943 5940
f 5944 5940 5943
f 5939 5942 5940
f 5944 5941 5940
f 5945 5946 5943
f 5947 5943 5946
f 5942 5945 5943
f 5947 5944 5943
f 5945 5948 5946
f 5949 5946 5948
f 5950 5947 5946
f 5950 5946 5949
f 5951 5952 5948
f 5953 5948 5952
f 5945 5951 5948
f 5949 5948 5953
f 5954 5955 5952
f 5953 5952 5955
f 5951 5954 5952
f 5954 5956 5955
f 5957 5955 5956
f 5953 5955 5925
f 5727 5925 5955
f 5727 5955 5957
f 5954 5958 5956
f 5727 5956 5958
f 5727 5957 5956
f 5959 5958 5954
f 5959 5960 5958
f 5961 5958 5960
f 5962 5963 5958
f 5727 5958 5963
f 5961 5962 5958
f 5959 5954 5951
f 5964 5951 5945
f 5959 5951 5964
f 5964 5945 5942
f 5965 5942 5939
f 5964 5942 5965
f 5966 5939 5934
f 5966 5965 5939
f 5936 5934 5932
f 5966 5934 5936
f 5931 5932 5929
f 5931 5936 5932
f 5927 5929 5923
f 5927 5931 5929
f 5967 5923 5921
f 5967 5927 5923
f 5968 5921 5918
f 5968 5967 5921
f 5969 5918 5914
f 5968 5918 5970
f 5969 5970 5918
f 5971 5914 5909
f 5971 5969 5914
f 5972 5909 5906
f 5972 5971 5909
f 5973 5906 5901
f 5973 5972 5906
f 5974 5901 5898
f 5974 5973 5901
f 5975 5898 5895
f 5975 5974 5898
f 5976 5895 5890
f 5976 5975 5895
f 5977 5890 5888
f 5977 5976 5890
f 5978 5888 5885
f 5978 5977 5888
f 5979 5885 5879
f 5979 5978 5885
f 5980 5879 5876
f 5980 5979 5879
f 5981 5876 5873
f 5981 5980 5876
f 5982 5873 5868
f 5982 5981 5873
f 5983 5868 5865
f 5983 5982 5868
f 5984 5865 5862
f 5984 5983 5865
f 5985 5862 5857
f 5985 5984 5862
f 5986 5857 5855
f 5986 5985 5857
f 5987 5855 5852
f 5987 5986 5855
f 5988 5852 5846
f 5988 5987 5852
f 5989 5846 5843
f 5989 5988 5846
f 5990 5843 5840
f 5990 5989 5843
f 5991 5840 5835
f 5991 5990 5840
f 5992 5835 5832
f 5992 5991 5835
f 5993 5832 5827
f 5993 5992 5832
f 5994 5827 5824
f 5994 5993 5827
f 5995 5824 5822
f 5995 5994 5824
f 5996 5822 5816
f 5996 5995 5822
f 5997 5816 5813
f 5997 5996 5816
f 5998 5813 5810
f 5998 5997 5813
f 5999 5810 5807
f 5999 5998 5810
f 6000 5807 5802
f 6000 5999 5807
f 6001 5802 5799
f 6001 6000 5802
f 6002 5799 5794
f 6002 6001 5799
f 6003 5794 5791
f 6003 6002 5794
f 6004 5791 5789
f 6004 6003 5791
f 6005 5789 5783
f 6005 6004 5789
f 6006 5783 5780
f 6006 6005 5783
f 6007 5780 5777
f 6007 6006 5780
f 6008 5777 5772
f 6008 6007 5777
f 6009 5772 5769
f 6009 6008 5772
f 6010 5769 5766
f 6010 6009 5769
f 6011 5766 5761
f 6011 6010 5766
f 6012 5761 5758
f 6012 6011 5761
f 6013 5758 5756
f 6013 6012 5758
f 6014 5756 5750
f 6014 6013 5756
f 6015 5750 5747
f 6015 6014 5750
f 6016 5747 5744
f 6016 6015 5747
f 6017 5744 5739
f 6017 6016 5744
f 6018 5739 5736
f 6018 6017 5739
f 6019 5736 5731
f 6019 6018 5736
f 6020 5731 5728
f 6020 6019 5731
f 6021 5728 5723
f 6021 6020 5728
f 6022 5723 5719
f 6022 6021 5723
f 6023 5719 5715
f 6023 6022 5719
f 6024 5715 5712
f 6024 6023 5715
f 6025 5712 5694
f 6025 6024 5712
f 5695 6025 5694
f 6026 6027 6028
f 6029 6028 6027
f 6030 6026 6028
f 6031 6030 6028
f 6029 6032 6028
f 6031 6028 6032
f 6033 6034 6027
f 6035 6027 6034
f 6026 6033 6027
f 6036 6029 6027
f 6035 6036 6027
f 6037 6038 6034
f 6039 6034 6038
f 6033 6037 6034
f 6039 6035 6034
f 6040 6041 6038
f 6042 6038 6041
f 6037 6040 6038
f 6042 6039 6038
f 6040 6043 6041
f 6044 6041 6043
f 6044 6042 6041
f 6045 6046 6043
f 6047 6043 6046
f 6048 6045 6043
f 6040 6048 6043
f 6047 6044 6043
f 6045 6049 6046
f 6050 6046 6049
f 6050 6047 6046
f 6051 6052 6049
f 6053 6049 6052
f 6045 6051 6049
f 6053 6050 6049
f 6054 6052 6051
f 6055 6053 6052
f 6056 6055 6052
f 6054 6056 6052
f 6057 6051 6045
f 6058 6051 6057
f 6059 6051 6058
f 4301 6051 6059
f 6054 6051 4301
f 6057 6045 6048
f 6060 6061 6048
f 6057 6048 6061
f 6062 6060 6048
f 6040 6062 6048
f 2705 6061 6060
f 6063 6057 6061
f 6063 6061 6064
f 6065 6064 6061
f 2705 6065 6061
f 6066 6060 6062
f 4361 6060 6066
f 2705 6060 4361
f 6067 6062 6040
f 6068 6066 6062
f 6067 6068 6062
f 6044 6040 6037
f 2687 6040 6044
f 2687 6067 6040
f 6039 6037 6033
f 6042 6037 6039
f 6044 6037 6042
f 6069 6033 6026
f 6039 6033 6035
f 6069 6035 6033
f 6030 6070 6026
f 6071 6026 6070
f 6069 6026 6072
f 6071 6072 6026
f 6031 6070 6030
f 6073 6070 6031
f 6074 6070 6073
f 6075 6070 6074
f 6071 6070 6075
f 6076 6077 5269
f 6078 5269 6077
f 5268 6076 5269
f 5270 5269 6078
f 5538 5531 6077
f 6079 6077 5531
f 6076 5538 6077
f 6078 6077 6079
f 6079 5531 5532
f 6080 5538 6076
f 5539 5538 6080
f 6081 6076 5268
f 6080 6076 6081
f 6081 5268 5271
f 6082 6083 5296
f 6084 5296 6083
f 5295 6082 5296
f 5297 5296 6084
f 5495 5488 6083
f 6085 6083 5488
f 6082 5495 6083
f 6084 6083 6085
f 6085 5488 5489
f 6086 5495 6082
f 5496 5495 6086
f 6087 6082 5295
f 6086 6082 6087
f 6087 5295 5298
f 5241 6088 5242
f 6089 5242 6088
f 5243 5242 6089
f 6090 5517 6088
f 6091 6088 5517
f 5241 6090 6088
f 6089 6088 6091
f 6090 5524 5517
f 6091 5517 5518
f 6092 5524 6090
f 5525 5524 6092
f 6093 6090 5241
f 6092 6090 6093
f 6093 5241 5244
f 5255 6094 5256
f 6095 5256 6094
f 5257 5256 6095
f 6096 5430 6094
f 6097 6094 5430
f 5255 6096 6094
f 6095 6094 6097
f 6096 5438 5430
f 6097 5430 5431
f 6098 5438 6096
f 5437 5438 6098
f 6099 6096 5255
f 6098 6096 6099
f 6099 5255 5258
f 5283 6100 5284
f 6101 5284 6100
f 5285 5284 6101
f 6102 5458 6100
f 6103 6100 5458
f 5283 6102 6100
f 6101 6100 6103
f 6102 5466 5458
f 6103 5458 5459
f 6104 5466 6102
f 5467 5466 6104
f 6105 6102 5283
f 6104 6102 6105
f 6105 5283 5276
f 6106 6107 5324
f 6108 5324 6107
f 5323 6106 5324
f 5325 5324 6108
f 5423 5415 6107
f 6109 6107 5415
f 6106 5423 6107
f 6108 6107 6109
f 6109 5415 5416
f 6110 5423 6106
f 5424 5423 6110
f 6111 6106 5323
f 6110 6106 6111
f 6111 5323 5317
f 6112 6113 5353
f 6114 5353 6113
f 5352 6112 5353
f 5354 5353 6114
f 5481 5473 6113
f 6115 6113 5473
f 6112 5481 6113
f 6114 6113 6115
f 6115 5473 5474
f 5482 5481 6112
f 6116 6112 5352
f 5482 6112 6116
f 6116 5352 5355
f 5310 6117 5311
f 6118 5311 6117
f 5309 5311 6118
f 6119 5444 6117
f 6120 6117 5444
f 5310 6119 6117
f 6118 6117 6120
f 6119 5452 5444
f 6120 5444 5445
f 6121 5452 6119
f 5451 5452 6121
f 6122 6119 5310
f 6121 6119 6122
f 6122 5310 5312
f 6123 6124 5395
f 6125 5395 6124
f 5393 6123 5395
f 5388 5395 6125
f 5408 5401 6124
f 6126 6124 5401
f 6123 5408 6124
f 6126 6125 6124
f 6126 5401 5402
f 6127 5408 6123
f 5409 5408 6127
f 6128 6123 5393
f 6127 6123 6128
f 6128 5393 5391
f 6129 6130 6131
f 6132 6131 6130
f 6133 6129 6131
f 6134 6133 6131
f 6134 6131 6135
f 6132 6135 6131
f 6136 6137 6130
f 6132 6130 6137
f 6138 6136 6130
f 6129 6138 6130
f 6139 6140 6137
f 6141 6137 6140
f 6136 6139 6137
f 6132 6137 6141
f 6142 6143 6140
f 6144 6140 6143
f 6139 6142 6140
f 6144 6141 6140
f 6145 5337 6143
f 6146 6143 5337
f 6142 6145 6143
f 6144 6143 6146
f 6145 5338 5337
f 6146 5337 5340
f 5339 5338 6145
f 6147 6145 6142
f 5339 6145 6147
f 6148 6142 6139
f 6147 6142 6148
f 6149 6139 6136
f 6148 6139 6149
f 6150 6136 6138
f 6149 6136 6150
f 6151 6138 6129
f 6151 6150 6138
f 6133 6152 6129
f 6151 6129 6152
f 6134 6152 6133
f 5334 6152 6134
f 5334 5536 6152
f 6151 6152 5536
f 6153 6154 5229
f 6155 5229 6154
f 5228 6153 5229
f 5230 5229 6155
f 5510 5502 6154
f 6156 6154 5502
f 6153 5510 6154
f 6155 6154 6156
f 6156 5502 5503
f 6157 5510 6153
f 5511 5510 6157
f 6158 6153 5228
f 6157 6153 6158
f 6158 5228 5221
f 6159 6160 4415
f 6161 4415 6160
f 4397 6159 4415
f 6161 4416 4415
f 4408 4407 6160
f 4411 6160 4407
f 6159 4408 6160
f 6162 6161 6160
f 4411 6162 6160
f 6163 4408 6159
f 6163 4409 4408
f 118 6159 4397
f 127 6163 6159
f 118 127 6159
f 6164 6165 6166
f 6167 6166 6165
f 6168 6164 6166
f 6169 6168 6166
f 6170 6166 6167
f 6170 6169 6166
f 6171 6172 6165
f 6173 6165 6172
f 6164 6171 6165
f 6173 6167 6165
f 6174 6175 6172
f 6176 6172 6175
f 6171 6174 6172
f 6177 6173 6172
f 6176 6177 6172
f 6178 6179 6175
f 6176 6175 6179
f 6174 6178 6175
f 6180 6179 6178
f 6181 6176 6179
f 6182 6181 6179
f 6182 6179 6180
f 6183 6178 6174
f 6183 6184 6178
f 6180 6178 6184
f 6185 6174 6171
f 6185 6183 6174
f 3495 6171 6164
f 6186 6171 3495
f 6185 6171 6186
f 3495 6164 6168
f 6187 3492 6168
f 3495 6168 3492
f 6169 6187 6168
f 6188 6189 6190
f 6191 6190 6189
f 6192 6188 6190
f 6193 6192 6190
f 6191 6194 6190
f 6193 6190 6194
f 6195 6196 6189
f 6197 6189 6196
f 6188 6195 6189
f 6197 6191 6189
f 6198 6199 6196
f 6197 6196 6199
f 6195 6198 6196
f 6200 6201 6199
f 6202 6199 6201
f 6198 6200 6199
f 6202 6197 6199
f 6200 6203 6201
f 6204 6201 6203
f 6204 6202 6201
f 6205 6206 6203
f 6204 6203 6206
f 6207 6205 6203
f 6200 6207 6203
f 6208 6206 6205
f 6209 6204 6206
f 6210 6209 6206
f 6208 6210 6206
f 6211 6205 6207
f 6212 6208 6205
f 6213 6205 6211
f 6212 6205 6213
f 6214 6207 6200
f 6211 6207 6214
f 6214 6200 6198
f 6215 6198 6195
f 6215 6214 6198
f 6216 6195 6188
f 6216 6215 6195
f 6216 6188 6192
f 6217 6192 6193
f 6218 6192 6217
f 6218 6216 6192
f 6219 6220 6221
f 6222 6221 6220
f 6223 6219 6221
f 6224 6223 6221
f 6225 6224 6221
f 6222 6225 6221
f 6219 6226 6220
f 6227 6220 6226
f 6227 6222 6220
f 6228 6229 6226
f 6227 6226 6229
f 6219 6228 6226
f 6230 6231 6229
f 6232 6229 6231
f 6228 6230 6229
f 6227 6229 6232
f 6233 6234 6231
f 6235 6231 6234
f 6230 6233 6231
f 6235 6232 6231
f 6236 6237 6234
f 6235 6234 6237
f 6233 6236 6234
f 6238 6237 6236
f 6239 6237 6238
f 6240 6235 6237
f 6239 6240 6237
f 6238 6236 6233
f 6241 6233 6230
f 6242 6233 6241
f 6242 6238 6233
f 6243 6230 6228
f 6243 6241 6230
f 6244 6228 6219
f 6244 6243 6228
f 6244 6219 6223
f 6245 6244 6223
f 6246 6245 6223
f 6224 6246 6223
f 6247 6248 6249
f 6250 6249 6248
f 6251 6247 6249
f 6252 6251 6249
f 6250 6253 6249
f 6252 6249 6253
f 6247 6254 6248
f 6250 6248 6254
f 6255 6256 6254
f 6257 6254 6256
f 6258 6255 6254
f 6247 6258 6254
f 6257 6250 6254
f 6259 6260 6256
f 6261 6256 6260
f 6255 6259 6256
f 6261 6257 6256
f 6262 6263 6260
f 6264 6260 6263
f 6259 6262 6260
f 6264 6261 6260
f 6265 6266 6263
f 6264 6263 6266
f 6262 6265 6263
f 6267 6266 6265
f 6268 6264 6266
f 6269 6268 6266
f 6267 6269 6266
f 6270 6265 6262
f 6271 6267 6265
f 6270 6271 6265
f 6272 6262 6259
f 6272 6270 6262
f 6273 6259 6255
f 6273 6272 6259
f 6273 6255 6258
f 6274 6258 6247
f 6274 6273 6258
f 6275 6247 6251
f 6275 6274 6247
f 6276 6251 6252
f 6275 6251 6276
f 6277 6278 6279
f 6280 6279 6278
f 6281 6277 6279
f 6282 6281 6279
f 6280 6283 6279
f 6282 6279 6283
f 6277 6284 6278
f 6285 6278 6284
f 6285 6280 6278
f 6286 6287 6284
f 6288 6284 6287
f 6277 6286 6284
f 6288 6285 6284
f 6289 6290 6287
f 6288 6287 6290
f 6286 6289 6287
f 6291 6292 6290
f 6293 6290 6292
f 6294 6291 6290
f 6289 6294 6290
f 6293 6288 6290
f 6295 6296 6292
f 6297 6292 6296
f 6291 6295 6292
f 6297 6293 6292
f 6298 6296 6295
f 6299 6297 6296
f 6298 6299 6296
f 6300 6295 6291
f 6301 6298 6295
f 6300 6301 6295
f 6300 6291 6294
f 6302 6294 6289
f 6302 6300 6294
f 6303 6289 6286
f 6303 6302 6289
f 6303 6286 6277
f 6304 6277 6281
f 6304 6303 6277
f 6305 6281 6282
f 6306 6281 6305
f 6306 6304 6281
f 6307 6308 6309
f 6310 6309 6308
f 6311 6307 6309
f 6312 6311 6309
f 6310 6313 6309
f 6312 6309 6313
f 6314 6315 6308
f 6316 6308 6315
f 6307 6314 6308
f 6316 6310 6308
f 6317 6318 6315
f 6316 6315 6318
f 6314 6317 6315
f 6319 6320 6318
f 6321 6318 6320
f 6317 6319 6318
f 6321 6316 6318
f 6319 6322 6320
f 6323 6320 6322
f 6323 6321 6320
f 6324 6325 6322
f 6323 6322 6325
f 6326 6324 6322
f 6319 6326 6322
f 6327 6325 6324
f 6328 6323 6325
f 6329 6328 6325
f 6327 6329 6325
f 6330 6324 6326
f 6331 6327 6324
f 6330 6331 6324
f 6332 6326 6319
f 6332 6330 6326
f 6332 6319 6317
f 6333 6317 6314
f 6333 6332 6317
f 6334 6314 6307
f 6334 6333 6314
f 6335 6307 6311
f 6335 6334 6307
f 6336 6311 6312
f 6335 6311 6336
f 6337 6338 6339
f 6340 6339 6338
f 6341 6337 6339
f 6342 6341 6339
f 6340 6343 6339
f 6342 6339 6343
f 6344 6345 6338
f 6346 6338 6345
f 6337 6344 6338
f 6346 6340 6338
f 6347 6348 6345
f 6346 6345 6348
f 6344 6347 6345
f 6349 6350 6348
f 6351 6348 6350
f 6347 6349 6348
f 6351 6346 6348
f 6349 6352 6350
f 6353 6350 6352
f 6353 6351 6350
f 6354 6355 6352
f 6356 6352 6355
f 6357 6354 6352
f 6349 6357 6352
f 6356 6353 6352
f 6358 6355 6354
f 6359 6356 6355
f 6358 6359 6355
f 6360 6354 6357
f 6361 6358 6354
f 6360 6361 6354
f 6360 6357 6349
f 6362 6349 6347
f 6362 6360 6349
f 6363 6347 6344
f 6363 6362 6347
f 6364 6344 6337
f 6364 6363 6344
f 6364 6337 6341
f 6365 6341 6342
f 6366 6341 6365
f 6366 6364 6341
f 6367 6368 6369
f 6370 6369 6368
f 6371 6367 6369
f 6372 6371 6369
f 6370 6373 6369
f 6372 6369 6373
f 6367 6374 6368
f 6370 6368 6374
f 6375 6376 6374
f 6377 6374 6376
f 6367 6375 6374
f 6377 6370 6374
f 6378 6379 6376
f 6380 6376 6379
f 6381 6378 6376
f 6375 6381 6376
f 6380 6377 6376
f 6382 6383 6379
f 6380 6379 6383
f 6378 6382 6379
f 6384 6385 6383
f 6386 6383 6385
f 6382 6384 6383
f 6386 6380 6383
f 6387 6385 6384
f 6388 6386 6385
f 6389 6388 6385
f 6387 6389 6385
f 6390 6384 6382
f 6390 6387 6384
f 6391 6382 6378
f 6391 6390 6382
f 6392 6378 6381
f 6392 6391 6378
f 6392 6381 6375
f 6393 6375 6367
f 6393 6392 6375
f 6394 6367 6371
f 6394 6393 6367
f 6395 6371 6372
f 6394 6371 6395
f 6396 6397 6398
f 6399 6398 6397
f 6400 6396 6398
f 6401 6400 6398
f 6401 6398 6399
f 6396 6402 6397
f 6403 6397 6402
f 6403 6399 6397
f 6404 6405 6402
f 6406 6402 6405
f 6396 6404 6402
f 6406 6403 6402
f 6407 6408 6405
f 6406 6405 6408
f 6404 6407 6405
f 6409 6410 6408
f 6411 6408 6410
f 6412 6409 6408
f 6407 6412 6408
f 6411 6406 6408
f 6413 6414 6410
f 6415 6410 6414
f 6409 6413 6410
f 6415 6411 6410
f 6416 6414 6413
f 6417 6415 6414
f 6418 6417 6414
f 6416 6418 6414
f 6419 6413 6409
f 6419 6416 6413
f 6420 6409 6412
f 6420 6419 6409
f 6421 6412 6407
f 6421 6420 6412
f 6422 6407 6404
f 6422 6421 6407
f 6422 6404 6396
f 6423 6396 6400
f 6423 6422 6396
f 6424 6400 6401
f 6425 6400 6424
f 6425 6423 6400
f 6426 6427 6428
f 6429 6428 6427
f 6430 6426 6428
f 6431 6430 6428
f 6431 6428 6429
f 6426 6432 6427
f 6433 6427 6432
f 6433 6429 6427
f 6434 6435 6432
f 6436 6432 6435
f 6426 6434 6432
f 6436 6433 6432
f 6437 6438 6435
f 6439 6435 6438
f 6434 6437 6435
f 6439 6436 6435
f 6440 6441 6438
f 6439 6438 6441
f 6437 6440 6438
f 6442 6443 6441
f 6444 6441 6443
f 6445 6442 6441
f 6440 6445 6441
f 6444 6439 6441
f 6446 6443 6442
f 6447 6444 6443
f 6448 6447 6443
f 6446 6448 6443
f 6449 6442 6445
f 6449 6446 6442
f 6450 6445 6440
f 6450 6449 6445
f 6451 6440 6437
f 6451 6450 6440
f 6451 6437 6434
f 6452 6434 6426
f 6452 6451 6434
f 6453 6426 6430
f 6453 6452 6426
f 6454 6430 6431
f 6455 6430 6454
f 6455 6453 6430
f 6456 6457 6458
f 4277 6458 6457
f 6459 6456 6458
f 6460 6458 4277
f 6461 6458 6460
f 6459 6458 6461
f 6456 6462 6457
f 4277 6457 6462
f 6456 6463 6462
f 6464 6462 6463
f 4267 4277 6462
f 4271 4267 6462
f 6464 4271 6462
f 6465 6466 6463
f 6467 6463 6466
f 6456 6465 6463
f 6464 6463 6467
f 6468 6469 6466
f 6470 6466 6469
f 6465 6468 6466
f 6467 6466 6470
f 6471 6472 6469
f 6473 6469 6472
f 6468 6471 6469
f 6470 6469 6473
f 6474 6475 6472
f 6476 6472 6475
f 6471 6474 6472
f 6477 6472 6476
f 6473 6472 6477
f 6478 6479 6475
f 6480 6475 6479
f 6474 6478 6475
f 6480 6476 6475
f 6481 6482 6479
f 6483 6479 6482
f 6478 6481 6479
f 6483 6480 6479
f 6484 6485 6482
f 4282 6482 6485
f 6481 6484 6482
f 6486 6483 6482
f 4282 6486 6482
f 6487 6488 6485
f 6489 6485 6488
f 6484 6487 6485
f 6489 4282 6485
f 6490 6491 6488
f 6492 6488 6491
f 6487 6490 6488
f 6493 6489 6488
f 6492 6493 6488
f 6494 6495 6491
f 6496 6491 6495
f 6490 6494 6491
f 6492 6491 6496
f 6497 6498 6495
f 6499 6495 6498
f 6494 6497 6495
f 6496 6495 6499
f 6500 6501 6498
f 6502 6498 6501
f 6497 6500 6498
f 6503 6498 6502
f 6499 6498 6503
f 6504 6505 6501
f 6506 6501 6505
f 6500 6504 6501
f 6502 6501 6506
f 6507 6508 6505
f 6509 6505 6508
f 6504 6507 6505
f 6509 6506 6505
f 6510 6511 6508
f 6512 6508 6511
f 6507 6510 6508
f 6513 6509 6508
f 6512 6513 6508
f 6514 6515 6511
f 4288 6511 6515
f 6510 6514 6511
f 4288 6512 6511
f 6516 6517 6515
f 6518 6515 6517
f 6514 6516 6515
f 6518 4288 6515
f 6519 6520 6517
f 6521 6517 6520
f 6516 6519 6517
f 6522 6518 6517
f 6521 6522 6517
f 6523 6524 6520
f 6525 6520 6524
f 6519 6523 6520
f 6521 6520 6525
f 6526 6527 6524
f 6528 6524 6527
f 6523 6526 6524
f 6525 6524 6528
f 6529 6530 6527
f 6531 6527 6530
f 6526 6529 6527
f 6532 6527 6531
f 6528 6527 6532
f 6533 6534 6530
f 6535 6530 6534
f 6529 6533 6530
f 6531 6530 6535
f 6536 6537 6534
f 6538 6534 6537
f 6533 6536 6534
f 6538 6535 6534
f 6539 6540 6537
f 6541 6537 6540
f 6536 6539 6537
f 6542 6538 6537
f 6541 6542 6537
f 6543 6544 6540
f 4290 6540 6544
f 6539 6543 6540
f 4290 6541 6540
f 6545 6546 6544
f 6547 6544 6546
f 6543 6545 6544
f 6548 4290 6544
f 6547 6548 6544
f 6549 6550 6546
f 6551 6546 6550
f 6545 6549 6546
f 6551 6547 6546
f 6552 6553 6550
f 6554 6550 6553
f 6549 6552 6550
f 6551 6550 6554
f 6555 6556 6553
f 6557 6553 6556
f 6552 6555 6553
f 6554 6553 6557
f 1918 1912 6556
f 1913 6556 1912
f 6555 1918 6556
f 6558 6556 1913
f 6557 6556 6558
f 1917 1911 1912
f 1918 1917 1912
f 1923 1938 1911
f 1917 1923 1911
f 1926 1934 1938
f 1923 1926 1938
f 1931 1936 1934
f 1926 1931 1934
f 6559 6560 1936
f 6561 1936 6560
f 1931 6559 1936
f 6561 1937 1936
f 6562 6563 6560
f 6564 6560 6563
f 6559 6562 6560
f 6564 6561 6560
f 6565 6566 6563
f 6567 6563 6566
f 6562 6565 6563
f 6564 6563 6567
f 6568 6569 6566
f 6570 6566 6569
f 6565 6568 6566
f 6571 6566 6570
f 6567 6566 6571
f 6572 6573 6569
f 6574 6569 6573
f 6568 6572 6569
f 6570 6569 6574
f 6575 6576 6573
f 1920 6573 6576
f 6572 6575 6573
f 6574 6573 1920
f 6577 6578 6576
f 6579 6576 6578
f 6575 6577 6576
f 6580 1920 6576
f 6579 6580 6576
f 6581 6582 6578
f 6583 6578 6582
f 6577 6581 6578
f 6583 6579 6578
f 6584 6585 6582
f 1930 6582 6585
f 6581 6584 6582
f 1930 6583 6582
f 6586 6587 6585
f 6588 6585 6587
f 6584 6586 6585
f 1933 1930 6585
f 6588 1933 6585
f 6589 6590 6587
f 6591 6587 6590
f 6586 6589 6587
f 6591 6588 6587
f 6592 6593 6590
f 6594 6590 6593
f 6589 6592 6590
f 6591 6590 6594
f 6595 6596 6593
f 6597 6593 6596
f 6592 6595 6593
f 6598 6593 6597
f 6594 6593 6598
f 6599 6600 6596
f 6601 6596 6600
f 6595 6599 6596
f 6597 6596 6601
f 6602 6603 6600
f 6604 6600 6603
f 6599 6602 6600
f 6601 6600 6604
f 6605 6606 6603
f 6607 6603 6606
f 6602 6605 6603
f 6608 6604 6603
f 6608 6603 6607
f 6609 6610 6606
f 6611 6606 6610
f 6605 6609 6606
f 6607 6606 6611
f 6612 6613 6610
f 4283 6610 6613
f 6609 6612 6610
f 6611 6610 4283
f 6614 6615 6613
f 6616 6613 6615
f 6612 6614 6613
f 6617 4283 6613
f 6616 6617 6613
f 6618 6619 6615
f 6620 6615 6619
f 6614 6618 6615
f 6620 6616 6615
f 6621 6622 6619
f 6623 6619 6622
f 6618 6621 6619
f 6624 6619 6623
f 6620 6619 6624
f 6625 6626 6622
f 6627 6622 6626
f 6621 6625 6622
f 6623 6622 6627
f 6628 6629 6626
f 6630 6626 6629
f 6631 6628 6626
f 6625 6631 6626
f 6627 6626 6630
f 6632 6629 6628
f 6630 6629 6633
f 6634 6633 6629
f 6632 6634 6629
f 6632 6628 6631
f 6635 6631 6625
f 6636 6631 6635
f 6632 6631 6636
f 6637 6625 6621
f 6638 6625 6637
f 6635 6625 6638
f 6639 6621 6618
f 6637 6621 6639
f 6640 6618 6614
f 6640 6639 6618
f 6641 6614 6612
f 6642 6614 6641
f 6640 6614 6642
f 4284 6612 6609
f 6641 6612 4284
f 6643 6609 6605
f 4284 6609 6643
f 6644 6605 6602
f 6645 6605 6644
f 6643 6605 6645
f 6646 6602 6599
f 6644 6602 6646
f 6647 6599 6595
f 6646 6599 6647
f 6648 6595 6592
f 6649 6595 6648
f 6647 6595 6649
f 6650 6592 6589
f 6648 6592 6650
f 6651 6589 6586
f 6651 6650 6589
f 6652 6586 6584
f 6653 6586 6652
f 6651 6586 6653
f 4286 6584 6581
f 6652 6584 4286
f 6654 6581 6577
f 6655 4286 6581
f 6654 6655 6581
f 6656 6577 6575
f 6656 6654 6577
f 6657 6575 6572
f 6656 6575 6657
f 6658 6572 6568
f 6659 6572 6658
f 6657 6572 6659
f 6660 6568 6565
f 6658 6568 6660
f 6661 6565 6562
f 6660 6565 6661
f 6662 6562 6559
f 6663 6661 6562
f 6663 6562 6662
f 1932 6559 1931
f 6662 6559 1932
f 6664 1918 6555
f 1919 1918 6664
f 6665 6555 6552
f 6664 6555 6665
f 6666 6552 6549
f 6665 6552 6666
f 6667 6549 6545
f 6668 6666 6549
f 6668 6549 6667
f 6669 6545 6543
f 6667 6545 6669
f 1935 6543 6539
f 6669 6543 1935
f 6670 6539 6536
f 6671 1935 6539
f 6671 6539 6670
f 6672 6536 6533
f 6670 6536 6672
f 1915 6533 6529
f 1914 6533 1915
f 6672 6533 1914
f 6673 6529 6526
f 1915 6529 6673
f 6674 6526 6523
f 6673 6526 6674
f 6675 6523 6519
f 6674 6523 6675
f 6676 6519 6516
f 6677 6675 6519
f 6677 6519 6676
f 6678 6516 6514
f 6676 6516 6678
f 4289 6514 6510
f 6678 6514 4289
f 6679 6510 6507
f 6680 6510 6679
f 4289 6510 6680
f 6681 6507 6504
f 6679 6507 6681
f 6682 6504 6500
f 6683 6504 6682
f 6681 6504 6683
f 6684 6500 6497
f 6682 6500 6684
f 6685 6497 6494
f 6684 6497 6685
f 6686 6494 6490
f 6685 6494 6686
f 6687 6490 6487
f 6688 6686 6490
f 6688 6490 6687
f 6689 6487 6484
f 6687 6487 6689
f 6690 6484 6481
f 4287 6484 6690
f 6689 6484 4287
f 6691 6481 6478
f 6690 6481 6691
f 6692 6478 6474
f 6691 6478 6692
f 6693 6474 6471
f 6694 6474 6693
f 6692 6474 6694
f 6695 6471 6468
f 6693 6471 6695
f 6696 6468 6465
f 6695 6468 6696
f 6697 6465 6456
f 6696 6465 6698
f 6697 6698 6465
f 6697 6456 6459
f 6242 6241 6243
f 6699 6243 6244
f 6699 6242 6243
f 6699 6244 6245
f 6246 6700 6245
f 6701 6245 6700
f 6701 6699 6245
f 6702 6703 6700
f 6704 6700 6703
f 6246 6702 6700
f 6704 6701 6700
f 6705 6706 6703
f 6704 6703 6706
f 6702 6705 6703
f 6707 6708 6706
f 6239 6706 6708
f 6705 6707 6706
f 6704 6706 6239
f 6401 6399 6708
f 6709 6708 6399
f 6707 6401 6708
f 6239 6708 6709
f 6709 6399 6403
f 6710 6403 6406
f 6709 6403 6235
f 6710 6235 6403
f 6232 6406 6411
f 6710 6406 6232
f 6227 6411 6415
f 6227 6232 6411
f 6222 6415 6417
f 6227 6415 6222
f 6711 6712 6417
f 6225 6417 6712
f 6418 6711 6417
f 6222 6417 6225
f 6713 6714 6712
f 6715 6712 6714
f 6711 6713 6712
f 6225 6712 6715
f 6252 6253 6714
f 6716 6714 6253
f 6717 6252 6714
f 6713 6717 6714
f 6715 6714 6716
f 6423 6253 6250
f 6425 6253 6423
f 6716 6253 6425
f 6423 6250 6257
f 6422 6257 6261
f 6423 6257 6422
f 6421 6261 6264
f 6422 6261 6421
f 6420 6264 6268
f 6421 6264 6420
f 6269 6718 6268
f 6419 6268 6718
f 6420 6268 6419
f 6719 6720 6718
f 6721 6718 6720
f 6722 6719 6718
f 6269 6722 6718
f 6419 6718 6721
f 6723 6343 6720
f 6724 6720 6343
f 6719 6723 6720
f 6725 6720 6724
f 6721 6720 6725
f 6724 6343 6340
f 6723 6342 6343
f 6275 6340 6346
f 6724 6340 6275
f 6273 6346 6351
f 6274 6346 6273
f 6275 6346 6274
f 6272 6351 6353
f 6273 6351 6272
f 6270 6353 6356
f 6272 6353 6270
f 6359 6726 6356
f 6270 6356 6726
f 6727 6728 6726
f 6271 6726 6728
f 6359 6727 6726
f 6270 6726 6271
f 6729 6730 6728
f 6731 6728 6730
f 6732 6729 6728
f 6727 6732 6728
f 6271 6728 6731
f 6431 6429 6730
f 6733 6730 6429
f 6729 6431 6730
f 6731 6730 6733
f 6364 6429 6433
f 6366 6429 6364
f 6733 6429 6366
f 6363 6433 6436
f 6364 6433 6363
f 6362 6436 6439
f 6363 6436 6362
f 6360 6439 6444
f 6362 6439 6360
f 6361 6444 6447
f 6360 6444 6361
f 6734 6735 6447
f 6736 6447 6735
f 6448 6734 6447
f 6361 6447 6736
f 6737 6738 6735
f 6739 6735 6738
f 6734 6737 6735
f 6736 6735 6739
f 6312 6313 6738
f 6455 6738 6313
f 6740 6312 6738
f 6737 6740 6738
f 6739 6738 6455
f 6453 6313 6310
f 6455 6313 6453
f 6452 6310 6316
f 6453 6310 6452
f 6451 6316 6321
f 6452 6316 6451
f 6450 6321 6323
f 6451 6321 6450
f 6449 6323 6328
f 6450 6323 6449
f 6329 6741 6328
f 6742 6328 6741
f 6449 6328 6742
f 6743 6744 6741
f 6745 6741 6744
f 6746 6743 6741
f 6329 6746 6741
f 6742 6741 6745
f 6747 6283 6744
f 6748 6744 6283
f 6743 6747 6744
f 6745 6744 6748
f 6335 6283 6280
f 6747 6282 6283
f 6748 6283 6335
f 6334 6280 6285
f 6335 6280 6334
f 6333 6285 6288
f 6334 6285 6333
f 6332 6288 6293
f 6333 6288 6332
f 6330 6293 6297
f 6332 6293 6330
f 6299 6749 6297
f 6330 6297 6749
f 6750 6751 6749
f 6331 6749 6751
f 6299 6750 6749
f 6330 6749 6331
f 6752 6753 6751
f 6754 6751 6753
f 6755 6752 6751
f 6750 6755 6751
f 6756 6751 6754
f 6331 6751 6756
f 6372 6373 6753
f 6306 6753 6373
f 6752 6372 6753
f 6754 6753 6306
f 6304 6373 6370
f 6306 6373 6304
f 6303 6370 6377
f 6304 6370 6303
f 6302 6377 6380
f 6303 6377 6302
f 6300 6380 6386
f 6302 6380 6300
f 6301 6386 6388
f 6300 6386 6301
f 6757 6758 6388
f 6759 6388 6758
f 6389 6757 6388
f 6301 6388 6759
f 6760 6761 6758
f 6762 6758 6761
f 6757 6760 6758
f 6759 6758 6762
f 6193 6194 6761
f 6763 6761 6194
f 6764 6193 6761
f 6760 6764 6761
f 6762 6761 6763
f 6394 6194 6191
f 6763 6194 6394
f 6393 6191 6197
f 6394 6191 6393
f 6392 6197 6202
f 6393 6197 6392
f 6391 6202 6204
f 6392 6202 6391
f 6390 6204 6209
f 6391 6204 6390
f 6210 6765 6209
f 6766 6209 6765
f 6390 6209 6766
f 6767 6768 6765
f 6769 6765 6768
f 6210 6767 6765
f 6766 6765 6769
f 6770 6771 6768
f 6772 6768 6771
f 6767 6770 6768
f 6769 6768 6772
f 6773 6774 6771
f 6218 6771 6774
f 6770 6773 6771
f 6772 6771 6218
f 6775 6776 6774
f 6216 6774 6776
f 6773 6775 6774
f 6218 6774 6216
f 6777 6778 6776
f 6215 6776 6778
f 6775 6777 6776
f 6216 6776 6215
f 6779 6780 6778
f 6781 6778 6780
f 6777 6779 6778
f 6215 6778 6781
f 6779 6782 6780
f 6211 6780 6782
f 6214 6781 6780
f 6211 6214 6780
f 6783 6782 6779
f 6784 6782 6783
f 6211 6782 6784
f 6785 6779 6777
f 6785 6783 6779
f 6786 6777 6775
f 6787 6785 6777
f 6786 6787 6777
f 6788 6775 6773
f 6788 6786 6775
f 6789 6773 6770
f 6789 6788 6773
f 6790 6770 6767
f 6790 6789 6770
f 6791 6767 6210
f 6791 6790 6767
f 6208 6791 6210
f 6217 6193 6764
f 6792 6764 6760
f 6792 6217 6764
f 6793 6760 6757
f 6793 6792 6760
f 6794 6757 6389
f 6794 6793 6757
f 6387 6794 6389
f 6395 6372 6752
f 6795 6752 6755
f 6795 6395 6752
f 6796 6755 6750
f 6796 6795 6755
f 6298 6750 6299
f 6797 6796 6750
f 6298 6797 6750
f 6305 6282 6747
f 6798 6747 6743
f 6798 6305 6747
f 6799 6743 6746
f 6799 6798 6743
f 6800 6746 6329
f 6800 6799 6746
f 6327 6800 6329
f 6336 6312 6740
f 6801 6740 6737
f 6801 6336 6740
f 6802 6737 6734
f 6802 6801 6737
f 6803 6734 6448
f 6803 6802 6734
f 6446 6803 6448
f 6454 6431 6729
f 6804 6729 6732
f 6804 6454 6729
f 6805 6732 6727
f 6805 6804 6732
f 6806 6727 6359
f 6806 6805 6727
f 6358 6806 6359
f 6365 6342 6723
f 6807 6723 6719
f 6807 6365 6723
f 6808 6719 6722
f 6808 6807 6719
f 6809 6722 6269
f 6809 6808 6722
f 6267 6809 6269
f 6810 6252 6717
f 6810 6276 6252
f 6811 6717 6713
f 6811 6810 6717
f 6812 6713 6711
f 6812 6811 6713
f 6416 6711 6418
f 6416 6812 6711
f 6424 6401 6707
f 6813 6707 6705
f 6813 6424 6707
f 6814 6705 6702
f 6814 6813 6705
f 6815 6702 6246
f 6815 6814 6702
f 6224 6815 6246
f 6816 5121 5122
f 5123 5122 5120
f 6817 5122 5123
f 6818 5122 6819
f 6817 6819 5122
f 6820 5122 6818
f 6816 5122 6820
f 5116 5112 5119
f 653 5119 654
f 5128 5119 653
f 5131 5119 5128
f 5116 5119 5131
f 5121 651 652
f 6821 650 651
f 5121 6821 651
f 6821 649 650
f 6822 647 649
f 6821 6822 649
f 6823 647 6822
f 6823 648 647
f 6824 6822 6821
f 6825 6822 6826
f 6827 6826 6822
f 6827 6822 6824
f 6823 6822 6825
f 6816 6821 5121
f 6816 6824 6821
f 6828 1895 164
f 1887 1893 1895
f 1884 1895 6828
f 1884 1887 1895
f 165 6829 164
f 1881 164 6829
f 6828 164 1881
f 141 6829 165
f 1416 1881 6829
f 1413 1416 6829
f 141 1413 6829
f 1484 1483 1485
f 6830 1485 1486
f 6830 1484 1485
f 6830 1486 1487
f 128 1487 1489
f 128 6830 1487
f 128 1489 1488
f 6831 1488 1490
f 6831 128 1488
f 6831 1490 1491
f 6832 1491 1492
f 6831 1491 6832
f 6832 1492 1494
f 1481 1494 1482
f 6832 1494 1481
f 1480 1482 1844
f 6833 1844 1845
f 6833 1480 1844
f 1473 1845 1364
f 6833 1845 1476
f 1473 1476 1845
f 1470 1364 1363
f 1470 1473 1364
f 1467 1363 1365
f 1467 1470 1363
f 1464 1365 1366
f 1464 1467 1365
f 1461 1366 1367
f 1461 1464 1366
f 1455 1367 1342
f 1455 1461 1367
f 1458 1342 1822
f 1458 1455 1342
f 1843 1822 1823
f 1843 1458 1822
f 1838 1823 1824
f 1838 1843 1823
f 1362 1824 1371
f 1362 1838 1824
f 1359 1371 1376
f 1359 1362 1371
f 1354 1376 1379
f 1354 1359 1376
f 1351 1379 1382
f 1351 1354 1379
f 1345 1382 1386
f 1345 1351 1382
f 1346 1386 1390
f 1346 1345 1386
f 1820 1390 1905
f 1820 1346 1390
f 1817 1905 1906
f 1817 1820 1905
f 1397 1906 1335
f 1397 1817 1906
f 1395 1335 1334
f 1395 1397 1335
f 1394 1334 1336
f 1394 1395 1334
f 1393 1336 1337
f 1393 1394 1336
f 1393 1337 1312
f 1392 1312 1314
f 1392 1393 1312
f 1903 1314 1833
f 1391 1392 1314
f 1903 1391 1314
f 1900 1833 1834
f 1900 1903 1833
f 1897 1834 1835
f 1897 1900 1834
f 1333 1835 1527
f 1333 1897 1835
f 1328 1527 1532
f 1328 1333 1527
f 1325 1532 1535
f 1325 1328 1532
f 1320 1535 1540
f 1320 1325 1535
f 1316 1540 1543
f 1316 1320 1540
f 1317 1543 1855
f 1317 1316 1543
f 1832 1855 1856
f 1832 1317 1855
f 1827 1856 1857
f 1827 1832 1856
f 1552 1857 1429
f 1552 1827 1857
f 1550 1429 1426
f 1550 1552 1429
f 1549 1426 1434
f 1549 1550 1426
f 1548 1434 1437
f 1548 1549 1434
f 1546 1437 1442
f 1546 1548 1437
f 1547 1442 1445
f 1547 1546 1442
f 1853 1445 1878
f 1853 1547 1445
f 1850 1878 1879
f 1850 1853 1878
f 1847 1879 1580
f 1847 1850 1879
f 1450 1580 1579
f 1450 1847 1580
f 1450 1579 1581
f 1449 1581 1582
f 1449 1450 1581
f 1448 1582 1557
f 1448 1449 1582
f 1447 1557 1559
f 1447 1448 1557
f 1877 1559 1866
f 1446 1447 1559
f 1877 1446 1559
f 1876 1866 1867
f 1876 1877 1866
f 1871 1867 1868
f 1871 1876 1867
f 1871 1868 1498
f 1578 1498 1502
f 1578 1871 1498
f 1570 1502 1505
f 1573 1578 1502
f 1570 1573 1502
f 1570 1505 1510
f 1565 1510 1513
f 1565 1570 1510
f 1561 1513 1889
f 1561 1565 1513
f 1562 1889 1890
f 1562 1561 1889
f 1865 1890 1891
f 1865 1562 1890
f 1861 1891 1420
f 1861 1865 1891
f 1521 1420 1419
f 1523 1861 1420
f 1521 1523 1420
f 1521 1419 1421
f 1520 1421 1422
f 1520 1521 1421
f 1519 1422 1400
f 1519 1520 1422
f 1517 1400 1402
f 1517 1519 1400
f 1518 1402 1893
f 1518 1517 1402
f 1887 1518 1893
f 3462 5636 5638
f 6834 5636 3462
f 6834 5637 5636
f 3462 5638 3466
f 3467 3465 6835
f 5639 6835 3465
f 6144 6836 6141
f 6837 6141 6836
f 6132 6141 6837
f 6144 6838 6836
f 6784 6836 6838
f 6784 6839 6836
f 6840 6836 6839
f 6840 6837 6836
f 6146 6841 6838
f 6842 6838 6841
f 6144 6146 6838
f 6843 6838 6842
f 6784 6838 6843
f 5340 6844 6841
f 6842 6841 6844
f 6146 5340 6841
f 5330 6845 6844
f 6842 6844 6845
f 5340 5330 6844
f 5334 6845 5330
f 5658 6842 6845
f 5659 5658 6845
f 5659 6845 6134
f 5334 6134 6845
f 6846 6847 6848
f 6849 6848 6847
f 6850 6846 6848
f 6851 6848 6849
f 6852 6848 6851
f 6853 6848 6852
f 6854 6855 6848
f 6856 6848 6855
f 6857 6854 6848
f 6853 6857 6848
f 6850 6848 6856
f 6846 6858 6847
f 6849 6847 6858
f 6846 6859 6858
f 6860 6858 6859
f 6849 6858 6860
f 6846 6861 6859
f 4823 6859 6861
f 6862 6859 4823
f 6860 6859 6862
f 6850 6861 6846
f 4820 4823 6861
f 4822 6861 6863
f 6850 6863 6861
f 4820 6861 4822
f 1130 1132 3523
f 1126 1132 1130
f 1735 1736 3523
f 1129 3523 1736
f 1130 3523 1129
f 1780 3525 3526
f 1783 3525 1780
f 6864 3526 3527
f 6865 6866 3526
f 1802 3526 6866
f 6864 6865 3526
f 1802 1780 3526
f 6867 3527 3528
f 6864 3527 6867
f 1195 3528 1302
f 6867 3528 1195
f 6868 5668 5681
f 2578 5681 5668
f 6869 6868 5681
f 5680 6869 5681
f 2578 2574 5681
f 6868 5670 5668
f 2577 2578 5668
f 2975 2577 5668
f 6870 5670 6868
f 5671 5670 6870
f 6871 6868 6869
f 6870 6868 6871
f 6871 6869 5680
f 6872 5680 5682
f 6872 6873 5680
f 6871 5680 6873
f 6872 5682 5683
f 3974 6874 5683
f 6872 5683 6874
f 6875 6876 6874
f 6872 6874 6876
f 3977 6875 6874
f 3974 3977 6874
f 3978 6876 6875
f 6872 6876 6873
f 6877 6873 6876
f 3978 6877 6876
f 3978 6875 3977
f 6878 6879 6880
f 6881 6880 6879
f 6882 6878 6880
f 4384 6882 6880
f 6883 6884 6880
f 6885 6880 6884
f 6881 6883 6880
f 4384 6880 6885
f 6878 6886 6879
f 6887 6879 6886
f 6887 6881 6879
f 6888 6889 6886
f 6890 6886 6889
f 6878 6888 6886
f 6890 6887 6886
f 6891 6892 6889
f 6890 6889 6892
f 6893 6891 6889
f 6888 6893 6889
f 4365 6892 6891
f 6894 6892 6895
f 6896 6895 6892
f 6894 6890 6892
f 6896 6892 6897
f 4365 6897 6892
f 6898 6891 6893
f 6899 6900 6891
f 4365 6891 6900
f 6901 6899 6891
f 6898 6901 6891
f 6898 6893 6888
f 6887 6888 6878
f 6890 6888 6887
f 6898 6888 6890
f 6881 6878 6882
f 6887 6878 6881
f 6881 6882 6883
f 6902 6883 6882
f 6902 6882 6903
f 6904 6903 6882
f 4384 6904 6882
f 6455 6454 6804
f 6739 6804 6805
f 6739 6455 6804
f 6736 6805 6806
f 6736 6739 6805
f 6736 6806 6358
f 6361 6736 6358
f 6784 6783 6785
f 6905 6785 6787
f 6784 6785 6839
f 6905 6839 6785
f 6906 6787 6786
f 6905 6787 6906
f 6907 6786 6788
f 6906 6786 6907
f 6908 6788 6789
f 6907 6788 6908
f 6909 6789 6790
f 6910 6908 6789
f 6910 6789 6909
f 6911 6790 6791
f 6909 6790 6911
f 6912 6791 6208
f 6911 6791 6912
f 6912 6208 6212
f 6772 6217 6792
f 6772 6218 6217
f 6772 6792 6793
f 6769 6793 6794
f 6769 6772 6793
f 6766 6794 6387
f 6766 6769 6794
f 6390 6766 6387
f 6748 6336 6801
f 6748 6335 6336
f 6745 6801 6802
f 6745 6748 6801
f 6745 6802 6803
f 6742 6803 6446
f 6742 6745 6803
f 6449 6742 6446
f 6724 6276 6810
f 6724 6275 6276
f 6725 6810 6811
f 6725 6724 6810
f 6725 6811 6812
f 6721 6812 6416
f 6721 6725 6812
f 6419 6721 6416
f 6733 6365 6807
f 6733 6366 6365
f 6733 6807 6808
f 6731 6808 6809
f 6731 6733 6808
f 6271 6809 6267
f 6271 6731 6809
f 6754 6305 6798
f 6754 6306 6305
f 6754 6798 6799
f 6756 6799 6800
f 6756 6754 6799
f 6331 6800 6327
f 6331 6756 6800
f 6763 6395 6795
f 6763 6394 6395
f 6762 6795 6796
f 6762 6763 6795
f 6759 6796 6797
f 6759 6762 6796
f 6759 6797 6298
f 6301 6759 6298
f 6425 6424 6813
f 6716 6813 6814
f 6716 6425 6813
f 6715 6814 6815
f 6715 6716 6814
f 6715 6815 6224
f 6225 6715 6224
f 4768 4607 4609
f 4769 4601 4607
f 4769 4607 4768
f 4767 4609 4612
f 4768 4609 4767
f 4767 4612 4615
f 4766 4615 4617
f 4767 4615 4766
f 4765 4617 4620
f 4766 4617 4765
f 4765 4620 4623
f 4764 4623 4627
f 4765 4623 4764
f 4776 4574 4577
f 4777 4570 4574
f 4777 4574 4776
f 4776 4577 4580
f 4775 4580 4582
f 4776 4580 4775
f 4774 4582 4585
f 4775 4582 4774
f 4774 4585 4588
f 4773 4588 4590
f 4774 4588 4773
f 4772 4590 4593
f 4773 4590 4772
f 6913 4445 4448
f 6914 4440 4445
f 6913 6914 4445
f 6915 4448 4450
f 6915 6913 4448
f 6916 4450 4453
f 6916 6915 4450
f 6917 4453 4456
f 6917 6916 4453
f 4432 4456 4458
f 4432 6917 4456
f 4431 4458 4461
f 4431 4432 4458
f 4431 4461 4465
f 4801 4477 4481
f 4802 4475 4477
f 4802 4477 4801
f 4801 4481 4480
f 4800 4480 4484
f 4801 4480 4800
f 4799 4484 4486
f 4800 4484 4799
f 4799 4486 4489
f 4797 4489 4493
f 4799 4489 4797
f 4798 4493 4497
f 4797 4493 4798
f 4793 4510 4512
f 4794 4507 4510
f 4794 4510 4793
f 4792 4512 4515
f 4793 4512 4792
f 4792 4515 4518
f 4790 4518 4520
f 4792 4518 4790
f 4791 4520 4523
f 4790 4520 4791
f 4791 4523 4526
f 4789 4526 4528
f 4791 4526 4789
f 4751 4671 4674
f 4752 4669 4671
f 4752 4671 4751
f 4751 4674 4677
f 4750 4677 4680
f 4751 4677 4750
f 4749 4680 4682
f 4750 4680 4749
f 4749 4682 4685
f 4748 4685 4688
f 4749 4685 4748
f 4747 4688 4690
f 4748 4688 4747
f 4743 4704 4708
f 4744 4698 4704
f 4744 4704 4743
f 4742 4708 4711
f 4743 4708 4742
f 4741 4711 4714
f 4742 4711 4741
f 4740 4714 4717
f 4741 4714 4740
f 4739 4717 4721
f 4740 4717 4739
f 4737 4721 4724
f 4739 4721 4737
f 4738 4724 4728
f 4737 4724 4738
f 4729 4735 4728
f 4734 4728 4735
f 4738 4728 4734
f 4730 4735 4729
f 4761 4639 4643
f 4761 4636 4639
f 4759 4643 4642
f 4761 4643 4759
f 4758 4642 4647
f 4759 4642 4758
f 4758 4647 4650
f 4757 4650 4653
f 4758 4650 4757
f 4756 4653 4655
f 4757 4653 4756
f 4755 4655 4659
f 4756 4655 4755
f 4786 4542 4545
f 4786 4537 4542
f 4784 4545 4547
f 4786 4545 4784
f 4783 4547 4550
f 4784 4547 4783
f 4783 4550 4553
f 4782 4553 4555
f 4783 4553 4782
f 4781 4555 4558
f 4782 4555 4781
f 4781 4558 4562
f 1910 6918 6919
f 6920 6919 6918
f 6636 6918 1910
f 6921 6920 6918
f 6636 6635 6918
f 6922 6918 6635
f 6921 6918 6922
f 6920 1910 6919
f 6920 6923 1910
f 6924 1910 6923
f 6924 6925 1910
f 6476 1910 6925
f 6633 6636 1910
f 6646 6633 1910
f 6604 6646 1910
f 6657 6604 1910
f 1920 6657 1910
f 6535 1914 1910
f 6683 6535 1910
f 6506 6683 1910
f 6694 6506 1910
f 6476 6694 1910
f 6921 6923 6920
f 4294 6924 6923
f 6926 4294 6923
f 114 6926 6923
f 108 114 6923
f 6921 108 6923
f 6927 5966 5936
f 6928 6927 5936
f 5707 6928 5936
f 5928 5927 5967
f 5968 5970 5967
f 5925 5967 5970
f 5928 5967 5925
f 5953 5970 5969
f 5953 5925 5970
f 6929 5965 5966
f 4225 4231 5965
f 5964 5965 4231
f 6929 4225 5965
f 6929 5966 6927
f 6930 5960 6927
f 6931 6927 5960
f 6928 6930 6927
f 6929 6927 6931
f 5961 5960 6930
f 6932 6931 5960
f 6933 5960 5959
f 6933 6932 5960
f 6934 6930 6928
f 5962 6930 6934
f 5961 6930 5962
f 5707 6934 6928
f 6935 6936 3337
f 6937 3337 6936
f 3314 6935 3337
f 6937 3336 3337
f 6938 6939 6936
f 6940 6936 6939
f 6935 6938 6936
f 6940 6937 6936
f 6941 6942 6939
f 6943 6939 6942
f 6938 6941 6939
f 6943 6940 6939
f 6941 3300 6942
f 6943 6942 3300
f 6941 3301 3300
f 3303 6943 3300
f 6944 3301 6941
f 3299 3301 6944
f 6945 6941 6938
f 6944 6941 6945
f 6945 6938 6935
f 6946 6935 3314
f 6945 6935 6946
f 6946 3314 3315
f 6947 6948 3330
f 3331 3330 6948
f 3329 6947 3330
f 6949 6950 6948
f 6951 6948 6950
f 6947 6949 6948
f 3331 6948 6951
f 6952 6953 6950
f 6954 6950 6953
f 6949 6952 6950
f 6951 6950 6954
f 3427 3403 6953
f 6954 6953 3403
f 6952 3427 6953
f 6954 3403 3404
f 6955 3427 6952
f 6955 3428 3427
f 6955 6952 6949
f 6956 6949 6947
f 6956 6955 6949
f 6957 6947 3329
f 6957 6956 6947
f 3332 6957 3329
f 3196 6958 3220
f 6959 3220 6958
f 6959 3219 3220
f 6960 6961 6958
f 6962 6958 6961
f 3196 6960 6958
f 6962 6959 6958
f 6963 6964 6961
f 6962 6961 6964
f 6960 6963 6961
f 6965 3388 6964
f 6966 6964 3388
f 6963 6965 6964
f 6966 6962 6964
f 6965 3389 3388
f 3391 6966 3388
f 3390 3389 6965
f 6967 6965 6963
f 3390 6965 6967
f 6968 6963 6960
f 6967 6963 6968
f 6968 6960 3196
f 6968 3196 3197
f 6969 6970 3457
f 3458 3457 6970
f 3434 6969 3457
f 6971 6972 6970
f 6973 6970 6972
f 6969 6971 6970
f 6973 3458 6970
f 6974 6975 6972
f 6976 6972 6975
f 6971 6974 6972
f 6976 6973 6972
f 3360 3359 6975
f 6976 6975 3359
f 6974 3360 6975
f 3362 6976 3359
f 6977 3360 6974
f 3357 3360 6977
f 6978 6974 6971
f 6977 6974 6978
f 6978 6971 6969
f 6979 6969 3434
f 6978 6969 6979
f 6979 3434 3432
f 6980 6981 3212
f 6982 3212 6981
f 3211 6980 3212
f 3213 3212 6982
f 6983 6984 6981
f 6982 6981 6984
f 6980 6983 6981
f 6985 6986 6984
f 6987 6984 6986
f 6983 6985 6984
f 6982 6984 6987
f 3366 3343 6986
f 3344 6986 3343
f 6985 3366 6986
f 6987 6986 3344
f 6988 3366 6985
f 6988 3367 3366
f 6988 6985 6983
f 6989 6983 6980
f 6989 6988 6983
f 3215 6980 3211
f 3215 6989 6980
f 6990 6991 3419
f 6992 3419 6991
f 3418 6990 3419
f 3420 3419 6992
f 6993 6994 6991
f 6995 6991 6994
f 6990 6993 6991
f 6992 6991 6995
f 6996 6997 6994
f 6998 6994 6997
f 6993 6996 6994
f 6995 6994 6998
f 6999 7000 6997
f 7001 6997 7000
f 6996 6999 6997
f 6998 6997 7001
f 7002 7003 7000
f 7004 7000 7003
f 6999 7002 7000
f 7001 7000 7004
f 7005 7006 7003
f 7007 7003 7006
f 7008 7005 7003
f 7002 7008 7003
f 7004 7003 7007
f 7009 7010 7006
f 7011 7006 7010
f 7005 7009 7006
f 7011 7007 7006
f 7012 7010 7009
f 3421 7010 7012
f 7011 7010 3421
f 7012 7009 7005
f 7013 7005 7008
f 7012 7005 7014
f 7013 7014 7005
f 7015 7008 7002
f 7015 7013 7008
f 7016 7002 6999
f 7016 7015 7002
f 7017 6999 6996
f 7017 7016 6999
f 7018 6996 6993
f 7019 7017 6996
f 7018 7019 6996
f 7020 6993 6990
f 7020 7018 6993
f 7021 6990 3418
f 7021 7020 6990
f 3422 7021 3418
f 7022 7023 3250
f 7024 3250 7023
f 3226 7022 3250
f 7024 3249 3250
f 7025 7026 7023
f 7027 7023 7026
f 7022 7025 7023
f 7027 7024 7023
f 7028 7029 7026
f 7027 7026 7029
f 7025 7028 7026
f 3450 3449 7029
f 7030 7029 3449
f 7028 3450 7029
f 7030 7027 7029
f 3452 7030 3449
f 3451 3450 7028
f 7031 7028 7025
f 3451 7028 7031
f 7032 7025 7022
f 7031 7025 7032
f 7032 7022 3226
f 7032 3226 3227
f 7033 7034 3277
f 7035 3277 7034
f 3256 7033 3277
f 3278 3277 7035
f 7036 7037 7034
f 7038 7034 7037
f 7033 7036 7034
f 7035 7034 7038
f 7039 7040 7037
f 7041 7037 7040
f 7036 7039 7037
f 7038 7037 7041
f 3396 3373 7040
f 7042 7040 3373
f 7039 3396 7040
f 7041 7040 7042
f 7042 3373 3371
f 3397 3396 7039
f 7043 7039 7036
f 7043 3397 7039
f 7044 7036 7033
f 7044 7043 7036
f 7044 7033 3256
f 3257 7044 3256
f 7045 7046 3242
f 7047 3242 7046
f 3241 7045 3242
f 3243 3242 7047
f 7048 7049 7046
f 7047 7046 7049
f 7045 7048 7046
f 7050 7051 7049
f 7052 7049 7051
f 7048 7050 7049
f 7047 7049 7052
f 3307 3284 7051
f 3285 7051 3284
f 7050 3307 7051
f 7052 7051 3285
f 7053 3307 7050
f 7053 3308 3307
f 7053 7050 7048
f 7054 7048 7045
f 7054 7053 7048
f 3245 7045 3241
f 3245 7054 7045
f 7055 7056 7057
f 7058 7057 7056
f 7059 7055 7057
f 7060 7059 7057
f 7061 7060 7057
f 7062 7061 7057
f 7062 7057 7058
f 7063 7064 7056
f 7065 7056 7064
f 7066 7063 7056
f 7055 7066 7056
f 7065 7067 7056
f 7058 7056 7067
f 7068 7064 7063
f 7069 7065 7064
f 7070 7069 7064
f 7071 7070 7064
f 7068 7071 7064
f 7068 7063 7066
f 7072 7066 7055
f 4391 7068 7066
f 4384 4391 7066
f 7072 7073 7066
f 4384 7066 7073
f 7074 7055 7059
f 7072 7055 7074
f 7075 7059 7060
f 7074 7059 7075
f 7061 7076 7060
f 7075 7060 7076
f 7077 7078 7076
f 7079 7076 7078
f 7061 7077 7076
f 7075 7076 7079
f 7080 7081 7078
f 7082 7078 7081
f 7077 7080 7078
f 7083 7078 7082
f 7079 7078 7083
f 4367 4368 7081
f 4369 7081 4368
f 7080 4367 7081
f 7082 7081 4369
f 7084 7085 4390
f 7086 4390 7085
f 4389 7084 4390
f 7086 4391 4390
f 7084 7087 7085
f 7088 7085 7087
f 7086 7085 7088
f 7089 7090 7087
f 7091 7087 7090
f 7084 7089 7087
f 7088 7087 7091
f 7092 7093 7090
f 7094 7090 7093
f 7089 7092 7090
f 7091 7090 7094
f 7095 7096 7093
f 7097 7093 7096
f 7092 7095 7093
f 7098 7093 7097
f 7094 7093 7098
f 7095 7099 7096
f 4373 7096 7099
f 7097 7096 4373
f 7100 4374 7099
f 4373 7099 4374
f 7095 7100 7099
f 7101 7102 4374
f 7103 4374 7102
f 7100 7101 4374
f 4365 4374 7103
f 7104 7105 7102
f 7106 7102 7105
f 7101 7104 7102
f 7103 7102 7106
f 7104 7107 7105
f 7108 7105 7107
f 7106 7105 7108
f 7109 4386 7107
f 7110 7107 4386
f 7104 7109 7107
f 7108 7107 7110
f 7111 4385 4386
f 7109 7111 4386
f 7110 4386 7112
f 4384 7112 4386
f 7113 7114 4385
f 4387 4385 7114
f 7111 7113 4385
f 7113 7115 7114
f 7116 7114 7115
f 4387 7114 7116
f 7117 7118 7115
f 7119 7115 7118
f 7113 7117 7115
f 7116 7115 7119
f 7120 7121 7118
f 7122 7118 7121
f 7117 7120 7118
f 7119 7118 7122
f 7123 7124 7121
f 7125 7121 7124
f 7120 7123 7121
f 7126 7121 7125
f 7122 7121 7126
f 7123 7127 7124
f 7128 7124 7127
f 7125 7124 7128
f 7129 7130 7127
f 7128 7127 7130
f 7123 7129 7127
f 7131 7132 7130
f 7133 7130 7132
f 7129 7131 7130
f 4365 7130 7133
f 7128 7130 7103
f 4365 7103 7130
f 7134 7135 7132
f 7136 7132 7135
f 7131 7134 7132
f 7133 7132 7136
f 7134 7137 7135
f 7138 7135 7137
f 7136 7135 7138
f 7139 7140 7137
f 7141 7137 7140
f 7134 7139 7137
f 7138 7137 7141
f 7142 7143 7140
f 7112 7140 7143
f 7139 7142 7140
f 7141 7140 7144
f 4384 7144 7140
f 4384 7140 7112
f 7142 7145 7143
f 7146 7143 7145
f 7112 7143 7146
f 7147 7148 7145
f 7149 7145 7148
f 7142 7147 7145
f 7146 7145 7149
f 7150 7151 7148
f 7152 7148 7151
f 7147 7150 7148
f 7149 7148 7152
f 7153 7154 7151
f 7155 7151 7154
f 7150 7153 7151
f 7152 7151 7155
f 7156 7157 7154
f 7158 7154 7157
f 7153 7156 7154
f 7159 7154 7158
f 7155 7154 7159
f 7156 7160 7157
f 7161 7157 7160
f 7158 7157 7161
f 7162 7163 7160
f 7161 7160 7163
f 7156 7162 7160
f 7164 7165 7163
f 7166 7163 7165
f 7162 7164 7163
f 4365 7163 7166
f 7161 7163 7133
f 4365 7133 7163
f 7167 7168 7165
f 7169 7165 7168
f 7164 7167 7165
f 7166 7165 7169
f 7167 7170 7168
f 7171 7168 7170
f 7169 7168 7171
f 7172 7173 7170
f 7174 7170 7173
f 7167 7172 7170
f 7171 7170 7174
f 7175 7176 7173
f 7144 7173 7176
f 7172 7175 7173
f 7174 7173 7177
f 4384 7177 7173
f 4384 7173 7144
f 7175 7178 7176
f 7179 7176 7178
f 7144 7176 7179
f 7180 7181 7178
f 7182 7178 7181
f 7175 7180 7178
f 7179 7178 7182
f 7183 7184 7181
f 7185 7181 7184
f 7180 7183 7181
f 7182 7181 7185
f 7186 7187 7184
f 7188 7184 7187
f 7183 7186 7184
f 7185 7184 7188
f 7186 7189 7187
f 7190 7187 7189
f 7191 7187 7190
f 7188 7187 7191
f 7192 7193 7189
f 7194 7189 7193
f 7186 7192 7189
f 7190 7189 7194
f 7195 7196 7193
f 7194 7193 7196
f 7192 7195 7193
f 7197 7198 7196
f 7199 7196 7198
f 7195 7197 7196
f 4365 7196 7199
f 7194 7196 7166
f 4365 7166 7196
f 7197 7200 7198
f 7201 7198 7200
f 7199 7198 7201
f 7202 7203 7200
f 7204 7200 7203
f 7197 7202 7200
f 7201 7200 7204
f 7205 7206 7203
f 7207 7203 7206
f 7202 7205 7203
f 7204 7203 7207
f 7208 7209 7206
f 7177 7206 7209
f 7205 7208 7206
f 7207 7206 7210
f 4384 7210 7206
f 4384 7206 7177
f 7208 7211 7209
f 7212 7209 7211
f 7177 7209 7212
f 7213 7214 7211
f 7215 7211 7214
f 7208 7213 7211
f 7212 7211 7215
f 7216 7217 7214
f 7218 7214 7217
f 7213 7216 7214
f 7215 7214 7218
f 7219 7220 7217
f 7221 7217 7220
f 7216 7219 7217
f 7218 7217 7221
f 7219 7222 7220
f 7223 7220 7222
f 7224 7220 7223
f 7221 7220 7224
f 7225 7226 7222
f 7227 7222 7226
f 7219 7225 7222
f 7223 7222 7227
f 7228 7229 7226
f 7227 7226 7229
f 7225 7228 7226
f 7230 7231 7229
f 6897 7229 7231
f 7228 7230 7229
f 4365 7229 6897
f 7227 7229 7199
f 4365 7199 7229
f 7230 7232 7231
f 7233 7231 7232
f 6897 7231 7233
f 7234 7235 7232
f 7236 7232 7235
f 7230 7234 7232
f 7233 7232 7236
f 7237 7238 7235
f 7239 7235 7238
f 7234 7237 7235
f 7236 7235 7239
f 7240 7241 7238
f 7210 7238 7241
f 7237 7240 7238
f 7239 7238 6885
f 4384 6885 7238
f 4384 7238 7210
f 7240 7242 7241
f 7243 7241 7242
f 7210 7241 7243
f 7244 7245 7242
f 7246 7242 7245
f 7240 7244 7242
f 7243 7242 7246
f 7247 7248 7245
f 7249 7245 7248
f 7244 7247 7245
f 7246 7245 7249
f 7247 7250 7248
f 7251 7248 7250
f 7249 7248 7251
f 7252 7253 7250
f 7254 7250 7253
f 7247 7252 7250
f 7255 7250 7254
f 7251 7250 7255
f 7256 6895 7253
f 6896 7253 6895
f 7252 7256 7253
f 7254 7253 6896
f 7256 6894 6895
f 6883 7257 6884
f 7258 6884 7257
f 6885 6884 7258
f 7259 7260 7257
f 7261 7257 7260
f 6883 7259 7257
f 7258 7257 7261
f 7262 7263 7260
f 7264 7260 7263
f 7259 7262 7260
f 7261 7260 7264
f 7265 7266 7263
f 7267 7263 7266
f 7262 7265 7263
f 7264 7263 7267
f 7265 7268 7266
f 7269 7266 7268
f 7270 7266 7269
f 7267 7266 7270
f 7271 7272 7268
f 6899 7268 7272
f 7265 7271 7268
f 7269 7268 6899
f 7273 6900 7272
f 6899 7272 6900
f 7271 7273 7272
f 7273 7274 6900
f 7275 6900 7274
f 7275 4365 6900
f 7273 7276 7274
f 4365 7274 7276
f 7275 7274 4365
f 7277 7276 7273
f 7278 7276 7279
f 7280 7279 7276
f 4365 7276 7278
f 7281 7276 7277
f 7280 7276 7281
f 7277 7273 7271
f 7282 7271 7265
f 7277 7271 7282
f 7282 7265 7262
f 129 7262 7259
f 7282 7262 129
f 6902 7259 6883
f 6902 129 7259
f 6898 6890 6894
f 7283 6894 7256
f 7283 6898 6894
f 7284 7256 7252
f 6901 7256 7284
f 7283 7256 6901
f 7285 7252 7247
f 7284 7252 7285
f 7286 7247 7244
f 7285 7247 7286
f 7287 7244 7240
f 7286 7244 7287
f 7288 7240 7237
f 7287 7240 7288
f 7289 7237 7234
f 7288 7237 7289
f 7290 7234 7230
f 7289 7234 7290
f 7291 7230 7228
f 7290 7230 7291
f 7292 7228 7225
f 7291 7228 7292
f 7293 7225 7219
f 7292 7225 7293
f 7294 7219 7216
f 7293 7219 7294
f 7295 7216 7213
f 7294 7216 7295
f 7296 7213 7208
f 7295 7213 7296
f 7297 7208 7205
f 7296 7208 7297
f 7298 7205 7202
f 7297 7205 7298
f 7299 7202 7197
f 7298 7202 7299
f 7300 7197 7195
f 7299 7197 7300
f 7301 7195 7192
f 7300 7195 7301
f 7302 7192 7186
f 7301 7192 7302
f 7303 7186 7183
f 7302 7186 7303
f 7304 7183 7180
f 7303 7183 7304
f 7305 7180 7175
f 7304 7180 7305
f 7306 7175 7172
f 7305 7175 7306
f 7307 7172 7167
f 7306 7172 7307
f 7308 7167 7164
f 7307 7167 7308
f 7309 7164 7162
f 7308 7164 7309
f 7310 7162 7156
f 7309 7162 7310
f 7311 7156 7153
f 7310 7156 7311
f 7312 7153 7150
f 7311 7153 7312
f 7313 7150 7147
f 7312 7150 7313
f 7314 7147 7142
f 7313 7147 7314
f 7315 7142 7139
f 7314 7142 7315
f 7316 7139 7134
f 7315 7139 7316
f 7317 7134 7131
f 7316 7134 7317
f 7318 7131 7129
f 7317 7131 7318
f 7319 7129 7123
f 7318 7129 7319
f 7320 7123 7120
f 7319 7123 7320
f 7321 7120 7117
f 7320 7120 7321
f 7322 7117 7113
f 7321 7117 7322
f 7323 7113 7111
f 7322 7113 7323
f 7324 7111 7109
f 7323 7111 7324
f 7325 7109 7104
f 7324 7109 7325
f 7326 7104 7101
f 7325 7104 7326
f 7327 7101 7100
f 7326 7101 7327
f 7328 7100 7095
f 7327 7100 7328
f 7329 7095 7092
f 7328 7095 7329
f 7330 7092 7089
f 7329 7092 7330
f 7331 7089 7084
f 7330 7089 7331
f 7332 7084 4389
f 7331 7084 7332
f 4383 4389 4388
f 7332 4389 4383
f 4380 4388 4392
f 4383 4388 4380
f 4377 4392 4366
f 4380 4392 4377
f 4372 4366 4367
f 4377 4366 4372
f 7333 4367 7080
f 4372 4367 7333
f 7334 7080 7077
f 7333 7080 7334
f 7335 7077 7061
f 7334 7077 7335
f 7335 7061 7062
f 4334 5647 4332
f 5643 4332 5647
f 4333 4332 5643
f 4334 7336 5647
f 5646 5647 7336
f 4334 7337 7336
f 5646 7336 7337
f 4317 7338 7337
f 5646 7337 7338
f 4316 4317 7337
f 4334 4316 7337
f 7339 7338 4317
f 5650 5646 7338
f 5650 7338 7340
f 7339 7340 7338
f 7339 4317 4318
f 7341 7342 7343
f 7344 7343 7342
f 7345 7341 7343
f 7346 7345 7343
f 7347 7346 7343
f 7348 7347 7343
f 7344 7348 7343
f 7349 7350 7342
f 7351 7342 7350
f 7352 7349 7342
f 7341 7352 7342
f 7351 7344 7342
f 7353 7354 7350
f 7355 7350 7354
f 7349 7353 7350
f 7355 7351 7350
f 7356 7357 7354
f 7358 7354 7357
f 7353 7356 7354
f 7358 7355 7354
f 7359 3046 7357
f 7360 7357 3046
f 7356 7359 7357
f 7358 7357 7360
f 7361 3046 3045
f 7359 3040 3046
f 7360 3046 7361
f 7362 3045 3049
f 7361 3045 7362
f 7363 3049 3048
f 7363 7364 3049
f 7362 3049 7364
f 7365 3048 3052
f 7365 7363 3048
f 7366 3052 3055
f 7365 3052 7367
f 7366 7367 3052
f 7368 3055 3058
f 7366 3055 7368
f 3059 7369 3058
f 7370 3058 7369
f 7368 3058 7370
f 7371 7372 7369
f 7373 7369 7372
f 3059 7371 7369
f 7370 7369 7373
f 3093 3098 7372
f 3043 7372 3098
f 7371 3093 7372
f 7373 7372 3043
f 3041 3098 3100
f 3043 3098 3041
f 3063 3100 3103
f 3041 3100 3063
f 3062 3103 3106
f 3063 3103 3062
f 3060 3106 3109
f 3062 3106 3060
f 3110 7374 3109
f 3061 3109 7374
f 3060 3109 3061
f 7375 7376 7374
f 7377 7374 7376
f 3110 7375 7374
f 3061 7374 7377
f 3014 3020 7376
f 3096 7376 3020
f 7375 3014 7376
f 7377 7376 3096
f 3094 3020 3019
f 3096 3020 3094
f 3114 3019 3022
f 3094 3019 3114
f 3113 3022 3025
f 3114 3022 3113
f 3111 3025 3028
f 3113 3025 3111
f 3112 3028 3031
f 3111 3028 3112
f 3032 7378 3031
f 7379 3031 7378
f 3112 3031 7379
f 7380 2906 7378
f 7381 7378 2906
f 3032 7380 7378
f 7379 7378 7381
f 3017 2906 2905
f 7380 2900 2906
f 7381 2906 3017
f 3015 2905 2908
f 3017 2905 3015
f 3036 2908 2911
f 3015 2908 3036
f 3035 2911 2914
f 3036 2911 3035
f 3033 2914 2917
f 3035 2914 3033
f 2918 7382 2917
f 3034 2917 7382
f 3033 2917 3034
f 7383 7384 7382
f 7385 7382 7384
f 2918 7383 7382
f 3034 7382 7385
f 3168 3174 7384
f 7386 7384 3174
f 7383 3168 7384
f 7385 7384 7386
f 2903 3174 3173
f 7386 3174 2903
f 2901 3173 3176
f 2903 3173 2901
f 2922 3176 3179
f 2901 3176 2922
f 2921 3179 3182
f 2922 3179 2921
f 2919 3182 3185
f 2921 3182 2919
f 3186 7387 3185
f 2920 3185 7387
f 2919 3185 2920
f 7388 2994 7387
f 7389 7387 2994
f 3186 7388 7387
f 2920 7387 7389
f 3171 2994 2993
f 7388 2988 2994
f 7389 2994 3171
f 3169 2993 2996
f 3171 2993 3169
f 3190 2996 2999
f 3169 2996 3190
f 3189 2999 3002
f 3190 2999 3189
f 3188 3002 3005
f 3187 3002 3188
f 3189 3002 3187
f 3006 7390 3005
f 7391 3005 7390
f 3188 3005 7391
f 7392 7393 7390
f 7394 7390 7393
f 3006 7392 7390
f 7391 7390 7394
f 3142 3148 7393
f 2991 7393 3148
f 7392 3142 7393
f 7394 7393 2991
f 2989 3148 3147
f 2991 3148 2989
f 3010 3147 3150
f 2989 3147 3010
f 3009 3150 3153
f 3010 3150 3009
f 3007 3153 3156
f 3009 3153 3007
f 3008 3156 3159
f 3007 3156 3008
f 3160 7395 3159
f 7396 3159 7395
f 3008 3159 7396
f 7397 7398 7395
f 7399 7395 7398
f 3160 7397 7395
f 7396 7395 7399
f 3118 3123 7398
f 3145 7398 3123
f 7397 3118 7398
f 7399 7398 3145
f 3143 3123 3125
f 3145 3123 3143
f 3164 3125 3128
f 3143 3125 3164
f 3163 3128 3131
f 3164 3128 3163
f 3161 3131 3134
f 3163 3131 3161
f 3135 7400 3134
f 3162 3134 7400
f 3161 3134 3162
f 7401 7402 7400
f 7403 7400 7402
f 3135 7401 7400
f 3162 7400 7403
f 3067 3073 7402
f 7404 7402 3073
f 7401 3067 7402
f 7403 7402 7404
f 3121 3073 3072
f 7404 3073 3121
f 3119 3072 3075
f 3121 3072 3119
f 3138 3075 3078
f 3119 3075 3138
f 3136 3078 3081
f 3138 3078 3136
f 3137 3081 3084
f 3136 3081 3137
f 3085 7405 3084
f 7406 3084 7405
f 3137 3084 7406
f 7407 7408 7405
f 7409 7405 7408
f 3085 7407 7405
f 7406 7405 7409
f 2926 2931 7408
f 3070 7408 2931
f 7407 2926 7408
f 7409 7408 3070
f 3068 2931 2933
f 3070 2931 3068
f 3089 2933 2936
f 3068 2933 3089
f 3088 2936 2939
f 3089 2936 3088
f 3086 2939 2942
f 3088 2939 3086
f 2943 7410 2942
f 3087 2942 7410
f 3086 2942 3087
f 7411 7412 7410
f 7413 7410 7412
f 2943 7411 7410
f 3087 7410 7413
f 2953 2954 7412
f 7414 7412 2954
f 7411 2953 7412
f 7413 7412 7414
f 2929 2954 2951
f 7414 2954 2929
f 2927 2951 2956
f 2929 2951 2927
f 2947 2956 2961
f 2927 2956 2947
f 2946 2961 2964
f 2947 2961 2946
f 2945 2964 2967
f 2944 2964 2945
f 2946 2964 2944
f 7415 2967 2970
f 7415 2945 2967
f 7416 2970 2974
f 7415 2970 7416
f 7417 2953 7411
f 7417 2983 2953
f 2941 7411 2943
f 2941 7417 7411
f 7418 2926 7407
f 7418 2928 2926
f 3083 7407 3085
f 3083 7418 7407
f 7419 3067 7401
f 7419 3069 3067
f 3133 7401 3135
f 3133 7419 7401
f 7420 3118 7397
f 7420 3120 3118
f 3158 7397 3160
f 3158 7420 7397
f 7421 3142 7392
f 7421 3144 3142
f 3004 7392 3006
f 3004 7421 7392
f 7422 2988 7388
f 7422 2990 2988
f 3184 7388 3186
f 3184 7422 7388
f 7423 3168 7383
f 7423 3170 3168
f 2916 7383 2918
f 2916 7423 7383
f 7424 2900 7380
f 7424 2902 2900
f 3030 7380 3032
f 3030 7424 7380
f 7425 3014 7375
f 7425 3016 3014
f 3108 7375 3110
f 3108 7425 7375
f 7426 3093 7371
f 7426 3095 3093
f 3057 7371 3059
f 3057 7426 7371
f 3042 3040 7359
f 7427 7359 7356
f 7427 3042 7359
f 7428 7356 7353
f 7428 7427 7356
f 7429 7353 7349
f 7429 7428 7353
f 7430 7349 7352
f 7430 7429 7349
f 7345 7352 7341
f 7345 7430 7352
f 7431 7432 7433
f 7434 7433 7432
f 7435 7431 7433
f 7436 7435 7433
f 7437 7433 7434
f 7436 7433 7437
f 7438 7439 7432
f 7440 7432 7439
f 7431 7438 7432
f 7440 7434 7432
f 7441 7442 7439
f 7443 7439 7442
f 7438 7441 7439
f 7444 7440 7439
f 7443 7444 7439
f 7445 7446 7442
f 7443 7442 7446
f 7441 7445 7442
f 7447 7446 7445
f 7448 7443 7446
f 7449 7448 7446
f 7447 7449 7446
f 7450 7445 7441
f 7451 7445 7450
f 7447 7445 7451
f 7452 7441 7438
f 7452 7450 7441
f 7453 7438 7431
f 7454 7452 7438
f 7453 7454 7438
f 7453 7431 7435
f 7455 7453 7435
f 7456 7455 7435
f 7456 7435 7436
f 7457 7458 6925
f 7459 6925 7458
f 6924 7457 6925
f 7460 6476 6925
f 7461 7460 6925
f 7461 6925 7459
f 7457 7462 7458
f 7463 7458 7462
f 7459 7458 7463
f 7464 4275 7462
f 7465 7462 4275
f 7457 7464 7462
f 7463 7462 7465
f 6460 4275 4274
f 7464 4276 4275
f 7465 4275 6460
f 6461 6460 4274
f 6489 4274 4282
f 6461 4274 6489
f 4277 4276 7464
f 7465 7464 7457
f 6460 4277 7464
f 7465 6460 7464
f 7463 7457 6924
f 7463 7465 7457
f 4292 6924 4294
f 7459 7463 6924
f 7461 7459 6924
f 7466 7461 6924
f 4292 7466 6924
f 7467 7468 7469
f 7470 7469 7468
f 7471 7467 7469
f 7470 7472 7469
f 7473 7469 7472
f 7471 7469 7474
f 7475 7474 7469
f 7473 7475 7469
f 7467 7476 7468
f 7477 7468 7476
f 7478 7470 7468
f 7479 7468 7477
f 7479 7478 7468
f 7480 7481 7476
f 7482 7476 7481
f 7467 7480 7476
f 7477 7476 7482
f 7483 7484 7481
f 7485 7481 7484
f 7480 7483 7481
f 7482 7481 7485
f 7486 7487 7484
f 7485 7484 7487
f 7483 7486 7484
f 7488 7487 7486
f 7489 7487 7488
f 7490 7491 7487
f 7492 7487 7491
f 7489 7490 7487
f 7485 7487 7492
f 7493 7486 7483
f 7488 7486 7494
f 7495 7494 7486
f 7496 7495 7486
f 7496 7486 7493
f 7497 7483 7480
f 7493 7483 7497
f 7497 7480 7467
f 7497 7467 7471
f 129 1481 1484
f 6902 1481 129
f 7498 1481 6902
f 7498 6832 1481
f 129 1484 6830
f 129 6830 128
f 6163 128 4409
f 7499 4409 128
f 127 128 6163
f 7500 7499 128
f 7500 128 6831
f 6833 1476 1480
f 7501 7502 4357
f 7503 4357 7502
f 4356 7501 4357
f 7504 4358 4357
f 7503 7504 4357
f 7501 7505 7502
f 7506 7502 7505
f 7506 7503 7502
f 7507 7508 7505
f 7506 7505 7508
f 7501 7507 7505
f 7509 7510 7508
f 7511 7508 7510
f 7507 7509 7508
f 7511 7506 7508
f 7512 7513 7510
f 7514 7510 7513
f 7509 7512 7510
f 7514 7511 7510
f 7512 7515 7513
f 7516 7513 7515
f 7516 7514 7513
f 7517 4340 7515
f 4341 7515 4340
f 7512 7517 7515
f 4341 7516 7515
f 7518 7519 4340
f 7520 4340 7519
f 7517 7518 4340
f 7520 2705 4340
f 7521 7522 7519
f 7523 7519 7522
f 7518 7521 7519
f 7523 7520 7519
f 7521 7524 7522
f 7525 7522 7524
f 7523 7522 7525
f 7526 4352 7524
f 7527 7524 4352
f 7521 7526 7524
f 7525 7524 7527
f 7528 4351 4352
f 7526 7528 4352
f 2687 7529 4352
f 7527 4352 7529
f 7530 7531 4351
f 7532 4351 7531
f 7528 7530 4351
f 7532 4353 4351
f 7530 7533 7531
f 7534 7531 7533
f 7534 7532 7531
f 7535 7536 7533
f 7534 7533 7536
f 7530 7535 7533
f 7537 7538 7536
f 7539 7536 7538
f 7535 7537 7536
f 7539 7534 7536
f 7540 7541 7538
f 7542 7538 7541
f 7537 7540 7538
f 7542 7539 7538
f 7540 7543 7541
f 7544 7541 7543
f 7544 7542 7541
f 7545 7546 7543
f 7547 7543 7546
f 7540 7545 7543
f 7547 7544 7543
f 7548 7549 7546
f 7550 7546 7549
f 7545 7548 7546
f 2705 7546 7550
f 7520 7546 2705
f 7520 7547 7546
f 7548 7551 7549
f 7552 7549 7551
f 7552 7550 7549
f 7553 7554 7551
f 7555 7551 7554
f 7548 7553 7551
f 7555 7552 7551
f 7556 7557 7554
f 7558 7554 7557
f 7553 7556 7554
f 7558 7555 7554
f 7559 7560 7557
f 7529 7557 7560
f 7556 7559 7557
f 2687 7557 7529
f 2687 7561 7557
f 7558 7557 7561
f 7559 7562 7560
f 7563 7560 7562
f 7564 7529 7560
f 7563 7564 7560
f 7565 7566 7562
f 7567 7562 7566
f 7559 7565 7562
f 7567 7563 7562
f 7568 7569 7566
f 7567 7566 7569
f 7565 7568 7566
f 7570 7571 7569
f 7572 7569 7571
f 7568 7570 7569
f 7572 7567 7569
f 7570 7573 7571
f 7574 7571 7573
f 7574 7572 7571
f 7575 7576 7573
f 7577 7573 7576
f 7570 7575 7573
f 7577 7574 7573
f 7578 7579 7576
f 7580 7576 7579
f 7575 7578 7576
f 7580 7577 7576
f 7581 7582 7579
f 7583 7579 7582
f 7578 7581 7579
f 2705 7579 7583
f 2705 7550 7579
f 7580 7579 7550
f 7581 7584 7582
f 7585 7582 7584
f 7585 7583 7582
f 7586 7587 7584
f 7588 7584 7587
f 7581 7586 7584
f 7588 7585 7584
f 7589 7590 7587
f 7591 7587 7590
f 7586 7589 7587
f 7591 7588 7587
f 7592 7593 7590
f 7561 7590 7593
f 7589 7592 7590
f 7591 7590 7594
f 2687 7594 7590
f 2687 7590 7561
f 7592 7595 7593
f 7596 7593 7595
f 7597 7561 7593
f 7596 7597 7593
f 7598 7599 7595
f 7600 7595 7599
f 7592 7598 7595
f 7600 7596 7595
f 7601 7602 7599
f 7600 7599 7602
f 7598 7601 7599
f 7603 7604 7602
f 7605 7602 7604
f 7601 7603 7602
f 7605 7600 7602
f 7603 7606 7604
f 7607 7604 7606
f 7607 7605 7604
f 7608 7609 7606
f 7610 7606 7609
f 7603 7608 7606
f 7610 7607 7606
f 7611 7612 7609
f 7613 7609 7612
f 7608 7611 7609
f 7613 7610 7609
f 7614 7615 7612
f 2709 7612 7615
f 7611 7614 7612
f 2705 7583 7612
f 7613 7612 7583
f 2709 2705 7612
f 7614 7616 7615
f 7617 7615 7616
f 7617 2709 7615
f 7618 7619 7616
f 7620 7616 7619
f 7614 7618 7616
f 7617 7616 7620
f 7621 7622 7619
f 7623 7619 7622
f 7618 7621 7619
f 7620 7619 7623
f 7621 7624 7622
f 7594 7622 7624
f 2687 7622 7594
f 2687 2696 7622
f 7623 7622 2696
f 7625 7626 7624
f 7627 7624 7626
f 7621 7625 7624
f 7628 7594 7624
f 7627 7628 7624
f 7629 7630 7626
f 7631 7626 7630
f 7625 7629 7626
f 7631 7627 7626
f 7632 7633 7630
f 7631 7630 7633
f 7629 7632 7630
f 7634 7635 7633
f 7636 7633 7635
f 7632 7634 7633
f 7636 7631 7633
f 7634 7637 7635
f 7638 7635 7637
f 7638 7636 7635
f 7639 2707 7637
f 7640 7637 2707
f 7634 7639 7637
f 7640 7638 7637
f 7639 2706 2707
f 2708 7640 2707
f 7641 7642 2695
f 7643 2695 7642
f 2694 7641 2695
f 7644 2696 2695
f 7643 7644 2695
f 7645 7646 7642
f 7647 7642 7646
f 7641 7645 7642
f 7647 7643 7642
f 7648 7649 7646
f 7647 7646 7649
f 7645 7648 7646
f 7650 7651 7649
f 7652 7649 7651
f 7648 7650 7649
f 7652 7647 7649
f 7650 7653 7651
f 7654 7651 7653
f 7654 7652 7651
f 7655 7656 7653
f 7657 7653 7656
f 7650 7655 7653
f 7657 7654 7653
f 7658 2711 7656
f 2712 7656 2711
f 7655 7658 7656
f 2712 7657 7656
f 7658 7659 2711
f 7660 2711 7659
f 2705 2711 7660
f 7661 7662 7659
f 7663 7659 7662
f 7658 7661 7659
f 7663 7660 7659
f 7664 7665 7662
f 7666 7662 7665
f 7661 7664 7662
f 7666 7663 7662
f 7667 2690 7665
f 7668 7665 2690
f 7664 7667 7665
f 7668 7666 7665
f 7667 2689 2690
f 7668 2690 7669
f 2687 7669 2690
f 7670 7671 2689
f 7672 2689 7671
f 7667 7670 2689
f 7672 2691 2689
f 7673 7674 7671
f 7675 7671 7674
f 7670 7673 7671
f 7675 7672 7671
f 7676 7677 7674
f 7675 7674 7677
f 7673 7676 7674
f 7676 7678 7677
f 7679 7677 7678
f 7679 7675 7677
f 6031 6032 7678
f 7680 7678 6032
f 7676 6031 7678
f 7680 7679 7678
f 7681 6032 6029
f 7681 7680 6032
f 7682 6029 6036
f 7682 7681 6029
f 6072 6036 6035
f 2705 7660 6036
f 7682 6036 7660
f 2705 6036 6072
f 6069 6072 6035
f 7669 6044 6047
f 2687 6044 7669
f 7683 6047 6050
f 7684 7669 6047
f 7683 7684 6047
f 7685 6050 6053
f 7685 7683 6050
f 7685 6053 6055
f 6056 7686 6055
f 7687 6055 7686
f 7687 7685 6055
f 6056 7688 7686
f 6075 7686 7688
f 6074 7687 7686
f 6075 6074 7686
f 6054 7688 6056
f 6065 7688 6054
f 7689 7688 6065
f 6071 7688 7689
f 6071 6075 7688
f 6073 6031 7676
f 7690 7676 7673
f 7690 6073 7676
f 7691 7673 7670
f 7691 7690 7673
f 7692 7670 7667
f 7692 7691 7670
f 7693 7667 7664
f 7693 7692 7667
f 7694 7664 7661
f 7694 7693 7664
f 7695 7661 7658
f 7695 7694 7661
f 7696 7658 7655
f 7696 7695 7658
f 7697 7655 7650
f 7697 7696 7655
f 7698 7650 7648
f 7698 7697 7650
f 7699 7648 7645
f 7699 7698 7648
f 7700 7645 7641
f 7700 7699 7645
f 2692 7641 2694
f 2692 7700 7641
f 2688 2694 2699
f 2688 2692 2694
f 2714 2699 2702
f 2714 2688 2699
f 2710 2702 2706
f 2710 2714 2702
f 2713 2706 7639
f 2713 2710 2706
f 7701 7639 7634
f 7701 2713 7639
f 7702 7634 7632
f 7702 7701 7634
f 7703 7632 7629
f 7703 7702 7632
f 7704 7629 7625
f 7704 7703 7629
f 7705 7625 7621
f 7705 7704 7625
f 7706 7621 7618
f 7706 7705 7621
f 7707 7618 7614
f 7707 7706 7618
f 7708 7614 7611
f 7708 7707 7614
f 7709 7611 7608
f 7709 7708 7611
f 7710 7608 7603
f 7710 7709 7608
f 7711 7603 7601
f 7711 7710 7603
f 7712 7601 7598
f 7712 7711 7601
f 7713 7598 7592
f 7713 7712 7598
f 7714 7592 7589
f 7714 7713 7592
f 7715 7589 7586
f 7715 7714 7589
f 7716 7586 7581
f 7716 7715 7586
f 7717 7581 7578
f 7717 7716 7581
f 7718 7578 7575
f 7718 7717 7578
f 7719 7575 7570
f 7719 7718 7575
f 7720 7570 7568
f 7720 7719 7570
f 7721 7568 7565
f 7721 7720 7568
f 7722 7565 7559
f 7722 7721 7565
f 7723 7559 7556
f 7723 7722 7559
f 7724 7556 7553
f 7724 7723 7556
f 7725 7553 7548
f 7725 7724 7553
f 7726 7548 7545
f 7726 7725 7548
f 7727 7545 7540
f 7727 7726 7545
f 7728 7540 7537
f 7728 7727 7540
f 7729 7537 7535
f 7729 7728 7537
f 7730 7535 7530
f 7730 7729 7535
f 7731 7530 7528
f 7731 7730 7530
f 7732 7528 7526
f 7732 7731 7528
f 7733 7526 7521
f 7733 7732 7526
f 7734 7521 7518
f 7734 7733 7521
f 7735 7518 7517
f 7735 7734 7518
f 7736 7517 7512
f 7736 7735 7517
f 7737 7512 7509
f 7737 7736 7512
f 7738 7509 7507
f 7738 7737 7509
f 7739 7507 7501
f 7739 7738 7507
f 7740 7501 4356
f 7740 7739 7501
f 7741 4356 4355
f 7741 7740 4356
f 7741 4355 4354
f 4347 4354 4355
f 1622 1613 1617
f 1767 1613 1622
f 1766 1613 1767
f 1755 1613 1766
f 1755 1757 1613
f 1758 1613 1757
f 1812 1613 1758
f 7742 2852 1613
f 7743 7742 1613
f 1797 7743 1613
f 1801 1797 1613
f 1800 1801 1613
f 1809 1800 1613
f 1813 1809 1613
f 1812 1813 1613
f 1620 1617 1618
f 1622 1617 1620
f 1620 1618 1619
f 7744 7745 7746
f 4733 7746 7745
f 7747 7744 7746
f 7748 7747 7746
f 5053 7746 4730
f 4733 4730 7746
f 7748 7746 5053
f 7749 7750 7745
f 4733 7745 7750
f 7744 7749 7745
f 7749 7751 7750
f 4732 7750 7751
f 4732 4733 7750
f 7752 7753 7751
f 4732 7751 7753
f 7754 7752 7751
f 7749 7754 7751
f 7755 7753 7752
f 4732 7753 3494
f 6186 3494 7753
f 6186 7753 7756
f 7755 7756 7753
f 7757 7752 7754
f 7758 7752 7757
f 7755 7752 7758
f 7759 7754 7749
f 7759 7757 7754
f 7760 7749 7744
f 7759 7749 7760
f 7761 7744 7747
f 7760 7744 7761
f 7762 7747 7748
f 7761 7747 7763
f 7762 7763 7747
f 7764 7765 7766
f 7767 7766 7765
f 7768 7764 7766
f 7769 7768 7766
f 7770 7769 7766
f 7770 7766 7767
f 7764 7771 7765
f 7772 7765 7771
f 7772 7767 7765
f 7764 6057 7771
f 7772 7771 6057
f 7764 7773 6057
f 7774 6057 7773
f 7775 7772 6057
f 7774 6058 6057
f 7775 6057 6063
f 7776 7777 7773
f 7774 7773 7777
f 7764 7776 7773
f 7778 7779 7777
f 7774 7777 7779
f 7776 7778 7777
f 7780 4296 7779
f 3274 7779 4296
f 7778 7780 7779
f 3274 7774 7779
f 7781 4296 7780
f 3274 4296 3270
f 7781 4297 4296
f 7782 7780 7778
f 7783 7780 7782
f 7783 7781 7780
f 7784 7778 7776
f 7784 7782 7778
f 7785 7776 7764
f 7785 7784 7776
f 7768 7785 7764
f 1767 1622 1765
f 1196 1765 1622
f 7786 7787 7788
f 7789 7788 7787
f 7790 7786 7788
f 7790 7788 7791
f 7792 7791 7788
f 7793 7792 7788
f 7789 7793 7788
f 7786 7794 7787
f 7795 7787 7794
f 6855 7787 7795
f 6855 7789 7787
f 7796 7797 7794
f 7798 7794 7797
f 7786 7796 7794
f 7795 7794 7798
f 7799 7800 7797
f 7801 7797 7800
f 7796 7799 7797
f 7798 7797 7801
f 7802 7803 7800
f 7804 7800 7803
f 7799 7802 7800
f 7801 7800 7804
f 7805 7803 7802
f 7804 7803 7806
f 7807 7806 7803
f 7805 7808 7803
f 7807 7803 7808
f 7809 7802 7799
f 4320 7802 7809
f 4320 7805 7802
f 7810 7799 7796
f 7810 7809 7799
f 7811 7796 7786
f 7810 7796 7811
f 7811 7786 7790
f 7812 3671 3680
f 7812 3675 3671
f 7813 3680 3683
f 7812 3680 7813
f 7814 3683 3686
f 7814 7813 3683
f 7815 3686 3689
f 7815 7814 3686
f 7816 3689 3778
f 7816 7815 3689
f 3701 3778 3700
f 3701 7816 3778
f 3698 3700 5548
f 7817 5548 5549
f 7817 3698 5548
f 3696 5549 3786
f 3696 3697 5549
f 7817 5549 3697
f 3695 3786 3783
f 3696 3786 3695
f 3694 3783 3789
f 3695 3783 3694
f 3693 3789 3572
f 3694 3789 3693
f 3690 3572 3579
f 3693 3572 3690
f 3775 3579 5565
f 3690 3579 3775
f 5551 5565 5567
f 3775 5565 5551
f 5550 5567 3766
f 5551 5567 5550
f 3793 3766 3763
f 5550 3766 3793
f 3791 3763 3769
f 3793 3763 3791
f 3790 3769 3536
f 3791 3769 3790
f 3576 3536 3532
f 3790 3536 3576
f 3573 3532 3542
f 3576 3532 3573
f 3582 3542 5604
f 3573 3542 3582
f 5569 5604 5606
f 3582 5604 5569
f 5568 5606 3800
f 5569 5606 5568
f 3772 3800 3797
f 5568 3800 3772
f 3771 3797 3803
f 3772 3797 3771
f 3770 3803 3559
f 3771 3803 3770
f 3537 3559 3567
f 3770 3559 3537
f 3533 3567 5617
f 3537 3567 3533
f 5608 5617 5618
f 3533 5617 5608
f 5607 5618 3723
f 5608 5618 5607
f 3808 3723 3720
f 5607 3723 3808
f 3806 3720 3725
f 3808 3720 3806
f 3805 3725 3646
f 3806 3725 3805
f 3804 3646 3642
f 3805 3646 3804
f 3560 3642 3652
f 3804 3642 3560
f 3568 3652 5594
f 3560 3652 3568
f 5620 5594 5595
f 3568 5594 5620
f 3730 5595 3708
f 5619 5595 3730
f 5620 5595 5619
f 3728 3708 3705
f 3730 3708 3728
f 3727 3705 3710
f 3728 3705 3727
f 3647 3710 3614
f 3727 3710 3647
f 3643 3614 3623
f 3647 3614 3643
f 3653 3623 5599
f 3643 3623 3653
f 5596 5599 5600
f 3653 5599 5596
f 3716 5600 3829
f 5596 5600 3716
f 3714 3829 3826
f 3716 3829 3714
f 3713 3826 3831
f 3714 3826 3713
f 3712 3831 3590
f 3713 3831 3712
f 3618 3590 3586
f 3712 3590 3618
f 3615 3586 3595
f 3618 3586 3615
f 5602 3595 5541
f 3615 3595 5602
f 5601 5541 5543
f 5602 5541 5601
f 3837 5543 3815
f 5601 5543 3837
f 3835 3815 3812
f 3837 3815 3835
f 3834 3812 3818
f 3835 3812 3834
f 3833 3818 3600
f 3834 3818 3833
f 3587 3600 3609
f 3833 3600 3587
f 3596 3609 5559
f 3587 3609 3596
f 5545 5559 5561
f 3596 5559 5545
f 5544 5561 3844
f 5545 5561 5544
f 3822 3844 3841
f 5544 3844 3822
f 3820 3841 3847
f 3822 3841 3820
f 3819 3847 3661
f 3820 3847 3819
f 3604 3661 3657
f 3819 3661 3604
f 3601 3657 3667
f 3604 3657 3601
f 3610 3667 5611
f 3601 3667 3610
f 5563 5611 5612
f 3610 5611 5563
f 5562 5612 3751
f 5563 5612 5562
f 3850 3751 3748
f 5562 3751 3850
f 3849 3748 3753
f 3850 3748 3849
f 3848 3753 3546
f 3849 3753 3848
f 3662 3546 3554
f 3848 3546 3662
f 3658 3554 5554
f 3662 3554 3658
f 5614 5554 5555
f 3658 5554 5614
f 5613 5555 3737
f 5614 5555 5613
f 3757 3737 3734
f 3759 3737 3757
f 5613 3737 3759
f 3756 3734 3739
f 3757 3734 3756
f 3755 3739 3631
f 3756 3739 3755
f 3547 3631 3627
f 3755 3631 3547
f 3555 3627 3637
f 3547 3627 3555
f 5557 3637 5586
f 3555 3637 5557
f 5556 5586 5587
f 5557 5586 5556
f 3744 5587 5588
f 5556 5587 3744
f 3742 5588 5589
f 3744 5588 3742
f 7818 5589 5590
f 7818 3742 5589
f 7818 5590 3741
f 2604 2487 2486
f 2604 2606 2487
f 2603 2486 2491
f 2603 2604 2486
f 2603 2491 2494
f 2602 2494 2497
f 2602 2603 2494
f 2601 2602 2497
f 2596 2518 2521
f 2595 2521 2524
f 2595 2596 2521
f 2594 2524 2526
f 2594 2595 2524
f 2594 2526 2529
f 2593 2594 2529
f 2637 2356 2359
f 2637 2638 2356
f 2637 2359 2362
f 2635 2362 2364
f 2635 2637 2362
f 2636 2364 2367
f 2636 2635 2364
f 2612 2453 2456
f 2612 2613 2453
f 2612 2456 2459
f 2611 2459 2461
f 2611 2612 2459
f 2610 2461 2464
f 2610 2611 2461
f 2629 2389 2391
f 2629 2631 2389
f 2628 2391 2394
f 2628 2629 2391
f 2628 2394 2397
f 2627 2397 2399
f 2627 2628 2397
f 2626 2627 2399
f 2621 2421 2424
f 2620 2424 2426
f 2620 2621 2424
f 2619 2426 2429
f 2619 2620 2426
f 2619 2429 2432
f 2618 2619 2432
f 2587 2552 2555
f 2587 2588 2552
f 2586 2555 2558
f 2586 2587 2555
f 2585 2558 2561
f 2585 2586 2558
f 2584 2561 2565
f 2584 2585 2561
f 2582 2565 2568
f 2582 2584 2565
f 2583 2568 2572
f 2582 2568 2583
f 2573 2580 2572
f 2579 2572 2580
f 2583 2572 2579
f 2574 2580 2573
f 7819 2292 2294
f 7819 2683 2292
f 7820 2294 2297
f 7819 2294 7820
f 7821 2297 2300
f 7820 2297 7821
f 2276 2300 2302
f 7821 2300 2276
f 2276 2302 2277
f 2646 2325 2324
f 2645 2324 2328
f 2645 2646 2324
f 2644 2328 2330
f 2644 2645 2328
f 2644 2330 2333
f 2642 2644 2333
f 7809 7822 7823
f 7824 7823 7822
f 4320 7809 7823
f 7825 4320 7823
f 7826 7825 7823
f 7824 7826 7823
f 7809 7806 7822
f 7807 7822 7806
f 6825 7822 6819
f 7807 6819 7822
f 7824 7822 6825
f 7810 7806 7809
f 7810 7804 7806
f 5213 537 5145
f 5213 536 537
f 5212 5145 5147
f 5212 5213 5145
f 5212 5147 5150
f 5211 5150 397
f 5211 5212 5150
f 401 5211 397
f 5208 565 5162
f 5208 566 565
f 5208 5162 5165
f 5207 5165 5167
f 5207 5208 5165
f 590 5167 587
f 590 5207 5167
f 5204 507 5179
f 5204 508 507
f 5203 5179 5182
f 5203 5204 5179
f 5203 5182 5185
f 5202 5185 616
f 5202 5203 5185
f 619 5202 616
f 7827 5123 5124
f 6817 5123 7827
f 7828 5124 5125
f 7828 7827 5124
f 648 5125 645
f 648 7828 5125
f 5116 5131 5134
f 473 5134 469
f 473 5116 5134
f 5201 624 5188
f 5201 623 624
f 5200 5188 5190
f 5200 5201 5188
f 5200 5190 5193
f 5199 5193 412
f 5199 5200 5193
f 413 5199 412
f 406 405 5153
f 5210 5153 5155
f 5210 406 5153
f 5209 5155 5158
f 5209 5210 5155
f 5209 5158 558
f 561 5209 558
f 5206 594 5171
f 5206 595 594
f 5206 5171 5174
f 5205 5174 5177
f 5205 5206 5174
f 503 5177 499
f 503 5205 5177
f 5216 477 5136
f 5216 478 477
f 5215 5136 5139
f 5215 5216 5136
f 5215 5139 5142
f 5214 5142 529
f 5214 5215 5142
f 532 5214 529
f 7829 7830 1976
f 7831 1976 7830
f 1975 7829 1976
f 1977 1976 7831
f 2166 2159 7830
f 7832 7830 2159
f 7829 2166 7830
f 7831 7830 7832
f 7832 2159 2160
f 7833 2166 7829
f 2167 2166 7833
f 7834 7829 1975
f 7833 7829 7834
f 7834 1975 1978
f 2005 7835 2006
f 7836 2006 7835
f 2007 2006 7836
f 7837 2237 7835
f 7838 7835 2237
f 2005 7837 7835
f 7836 7835 7838
f 7837 2245 2237
f 7838 2237 2238
f 7839 2245 7837
f 2246 2245 7839
f 7840 7837 2005
f 7839 7837 7840
f 7840 2005 1998
f 7841 7842 2034
f 7843 2034 7842
f 2033 7841 2034
f 2035 2034 7843
f 2230 2222 7842
f 7844 7842 2222
f 7841 2230 7842
f 7843 7842 7844
f 7844 2222 2223
f 7845 2230 7841
f 2231 2230 7845
f 7846 7841 2033
f 7845 7841 7846
f 7846 2033 2026
f 7847 7848 2202
f 7849 2202 7848
f 2200 7847 2202
f 2111 2202 7849
f 2124 2117 7848
f 7850 7848 2117
f 7847 2124 7848
f 7850 7849 7848
f 7850 2117 2118
f 7851 2124 7847
f 2125 2124 7851
f 7852 7847 2200
f 7851 7847 7852
f 7852 2200 2198
f 7853 7854 2062
f 7855 2062 7854
f 2061 7853 2062
f 2063 2062 7855
f 2181 2173 7854
f 7856 7854 2173
f 7853 2181 7854
f 7855 7854 7856
f 7856 2173 2174
f 2182 2181 7853
f 7857 7853 2061
f 2182 7853 7857
f 7857 2061 2064
f 1990 7858 1991
f 1992 1991 7858
f 7859 7860 7858
f 7861 7858 7860
f 1990 7859 7858
f 1992 7858 7861
f 7862 7863 7860
f 7864 7860 7863
f 7859 7862 7860
f 7861 7860 7864
f 7865 7866 7863
f 7867 7863 7866
f 7862 7865 7863
f 7864 7863 7867
f 7868 7869 7866
f 7870 7866 7869
f 7865 7868 7866
f 7867 7866 7870
f 7868 7871 7869
f 7872 7869 7871
f 7870 7869 7872
f 7873 7874 7871
f 7872 7871 7874
f 7875 7873 7871
f 7868 7875 7871
f 7876 7874 7873
f 1987 7874 7876
f 2213 7872 7874
f 1987 2213 7874
f 7876 7873 7875
f 7877 7875 7868
f 7876 7875 7878
f 7877 7878 7875
f 7877 7868 7865
f 7879 7865 7862
f 7877 7865 7879
f 7880 7862 7859
f 7880 7879 7862
f 7881 7859 1990
f 7880 7859 7881
f 7881 1990 1993
f 1949 7882 1950
f 7883 1950 7882
f 1951 1950 7883
f 7884 2188 7882
f 7885 7882 2188
f 1949 7884 7882
f 7883 7882 7885
f 7884 2196 2188
f 7885 2188 2189
f 7886 2196 7884
f 2195 2196 7886
f 7887 7884 1949
f 7886 7884 7887
f 7887 1949 1952
f 7888 7889 1964
f 7890 1964 7889
f 1963 7888 1964
f 1965 1964 7890
f 2260 2252 7889
f 7891 7889 2252
f 7888 2260 7889
f 7890 7889 7891
f 7891 2252 2253
f 7892 2260 7888
f 2261 2260 7892
f 7893 7888 1963
f 7892 7888 7893
f 7893 1963 1957
f 2019 7894 2020
f 7895 2020 7894
f 2018 2020 7895
f 7896 2145 7894
f 7897 7894 2145
f 2019 7896 7894
f 7895 7894 7897
f 7896 2153 2145
f 7897 2145 2146
f 7898 2153 7896
f 2152 2153 7898
f 7899 7896 2019
f 7898 7896 7899
f 7899 2019 2021
f 7900 7901 2075
f 7902 2075 7901
f 2074 7900 2075
f 2076 2075 7902
f 2215 2208 7901
f 7903 7901 2208
f 7900 2215 7901
f 7902 7901 7903
f 7903 2208 2209
f 7904 2215 7900
f 2216 2215 7904
f 7905 7900 2074
f 7904 7900 7905
f 7905 2074 2077
f 2046 7906 2047
f 7907 2047 7906
f 2048 2047 7907
f 7908 2131 7906
f 7909 7906 2131
f 2046 7908 7906
f 7907 7906 7909
f 7908 2138 2131
f 7909 2131 2132
f 7910 2138 7908
f 2139 2138 7910
f 7911 7908 2046
f 7910 7908 7911
f 7911 2046 2049
f 7912 7913 7914
f 7915 7914 7913
f 7916 7912 7914
f 7917 7914 7918
f 7915 7918 7914
f 7919 7914 7917
f 7920 7916 7914
f 7919 7920 7914
f 7912 7921 7913
f 7915 7913 7921
f 7922 7923 7921
f 7924 7921 7923
f 7912 7922 7921
f 7925 7915 7921
f 7924 7925 7921
f 7926 7927 7923
f 7924 7923 7927
f 7928 7926 7923
f 7922 7928 7923
f 7929 7927 7926
f 7924 7927 7930
f 7931 7930 7927
f 7931 7927 7929
f 7932 7926 7928
f 7933 7929 7926
f 7932 7933 7926
f 7934 7928 7922
f 7932 7928 7934
f 7934 7922 7912
f 7934 7912 7916
f 7918 7935 7936
f 7937 7936 7935
f 7938 7918 7936
f 7939 7938 7936
f 7940 7939 7936
f 7941 7936 7937
f 7940 7936 7942
f 7941 7942 7936
f 7918 3488 7935
f 3485 7935 3488
f 3507 7935 3485
f 7940 7935 3507
f 7942 7937 7935
f 7940 7942 7935
f 7918 3487 3488
f 7943 3487 7918
f 7943 7944 3487
f 3486 3487 7944
f 7945 7917 7918
f 7946 7945 7918
f 7947 7946 7918
f 7948 7947 7918
f 7949 7948 7918
f 7950 7949 7918
f 7951 7950 7918
f 7952 7951 7918
f 7953 7952 7918
f 7954 7953 7918
f 7955 7954 7918
f 7938 7955 7918
f 7915 7943 7918
f 7956 7957 7917
f 7958 7917 7957
f 7945 7956 7917
f 7919 7917 7958
f 7959 7960 7957
f 7961 7957 7960
f 7956 7959 7957
f 7958 7957 7961
f 7962 7963 7960
f 7964 7960 7963
f 7959 7962 7960
f 7964 7961 7960
f 7965 7966 7963
f 7967 7963 7966
f 7962 7965 7963
f 7967 7964 7963
f 7968 7966 7965
f 7969 7966 7968
f 7967 7966 7969
f 7970 7965 7962
f 7971 7968 7965
f 7970 7971 7965
f 7972 7962 7959
f 7972 7970 7962
f 7972 7959 7956
f 7973 7956 7945
f 7973 7972 7956
f 7974 7945 7946
f 7975 7945 7976
f 7974 7976 7945
f 7975 7973 7945
f 7977 7978 7946
f 7979 7946 7978
f 7947 7977 7946
f 7979 7974 7946
f 7980 7981 7978
f 7982 7978 7981
f 7977 7980 7978
f 7982 7979 7978
f 7983 7984 7981
f 7985 7981 7984
f 7980 7983 7981
f 7985 7982 7981
f 7986 7987 7984
f 7985 7984 7987
f 7983 7986 7984
f 7988 7987 7986
f 7989 7987 7988
f 7990 7987 7989
f 7990 7985 7987
f 7991 7986 7983
f 7992 7988 7986
f 7991 7992 7986
f 7993 7983 7980
f 7993 7991 7983
f 7993 7980 7977
f 7994 7977 7947
f 7994 7993 7977
f 7995 7947 7948
f 7996 7947 7997
f 7995 7997 7947
f 7996 7994 7947
f 7998 7999 7948
f 8000 7948 7999
f 7949 7998 7948
f 8001 7995 7948
f 8000 8001 7948
f 8002 8003 7999
f 8004 7999 8003
f 7998 8002 7999
f 8004 8000 7999
f 8005 8006 8003
f 8007 8003 8006
f 8002 8005 8003
f 8007 8004 8003
f 8008 8009 8006
f 8007 8006 8009
f 8005 8008 8006
f 8010 8009 8008
f 8011 8009 8010
f 8012 8009 8011
f 8012 8007 8009
f 8013 8008 8005
f 8014 8010 8008
f 8013 8014 8008
f 8015 8005 8002
f 8015 8013 8005
f 8016 8002 7998
f 8016 8015 8002
f 8016 7998 7949
f 8017 7949 7950
f 8018 7949 8019
f 8017 8019 7949
f 8018 8016 7949
f 8020 8021 7950
f 8022 7950 8021
f 7951 8020 7950
f 8023 8017 7950
f 8022 8023 7950
f 8024 8025 8021
f 8026 8021 8025
f 8020 8024 8021
f 8026 8022 8021
f 8027 8028 8025
f 8029 8025 8028
f 8024 8027 8025
f 8029 8026 8025
f 8030 8031 8028
f 8029 8028 8031
f 8027 8030 8028
f 8032 8031 8030
f 8033 8031 8032
f 8034 8031 8033
f 8034 8029 8031
f 8035 8030 8027
f 8036 8032 8030
f 8035 8036 8030
f 8037 8027 8024
f 8037 8035 8027
f 8038 8024 8020
f 8038 8037 8024
f 8038 8020 7951
f 8039 7951 7952
f 8040 7951 8041
f 8039 8041 7951
f 8040 8038 7951
f 8042 8043 7952
f 8044 7952 8043
f 7953 8042 7952
f 8045 8039 7952
f 8044 8045 7952
f 8046 8047 8043
f 8048 8043 8047
f 8042 8046 8043
f 8048 8044 8043
f 8049 8050 8047
f 8051 8047 8050
f 8046 8049 8047
f 8051 8048 8047
f 8052 8053 8050
f 8051 8050 8053
f 8049 8052 8050
f 8054 8053 8052
f 8055 8053 8054
f 8056 8053 8055
f 8056 8051 8053
f 8057 8052 8049
f 8058 8054 8052
f 8057 8058 8052
f 8059 8049 8046
f 8059 8057 8049
f 8060 8046 8042
f 8060 8059 8046
f 8060 8042 7953
f 8061 7953 7954
f 8062 7953 8063
f 8061 8063 7953
f 8062 8060 7953
f 8064 8065 7954
f 8066 7954 8065
f 7955 8064 7954
f 8067 8061 7954
f 8066 8067 7954
f 8068 8069 8065
f 8070 8065 8069
f 8064 8068 8065
f 8070 8066 8065
f 8071 8072 8069
f 8070 8069 8072
f 8068 8071 8069
f 8073 8074 8072
f 8075 8072 8074
f 8071 8073 8072
f 8075 8070 8072
f 8076 8074 8073
f 8077 8074 8076
f 8078 8074 8077
f 8078 8075 8074
f 8079 8073 8071
f 8079 8076 8073
f 8080 8071 8068
f 8080 8079 8071
f 8081 8068 8064
f 8081 8080 8068
f 8081 8064 7955
f 8082 7955 7938
f 8083 7955 8084
f 8082 8084 7955
f 8083 8081 7955
f 7939 8085 7938
f 8086 7938 8085
f 8087 8082 7938
f 8086 8087 7938
f 8088 8089 8085
f 8090 8085 8089
f 7939 8088 8085
f 8090 8086 8085
f 3509 8091 8089
f 8090 8089 8091
f 8088 3509 8089
f 3508 8092 8091
f 8093 8091 8092
f 3509 3508 8091
f 8093 8090 8091
f 3511 8092 3508
f 8094 8092 3511
f 8095 8092 8094
f 8095 8093 8092
f 3502 3509 8088
f 7940 8088 7939
f 3502 8088 7940
f 8096 8097 3515
f 8098 3515 8097
f 8099 8096 3515
f 8100 8099 3515
f 7944 8100 3515
f 3486 7944 3515
f 3516 3515 8098
f 8101 8102 8097
f 8103 8097 8102
f 8096 8101 8097
f 8104 8097 8103
f 8098 8097 8104
f 7958 7916 8102
f 7920 8102 7916
f 8101 7958 8102
f 7919 8102 7920
f 8103 8102 7919
f 8105 7934 7916
f 7961 8105 7916
f 7958 7961 7916
f 7964 7934 8105
f 7964 7932 7934
f 7964 8105 7961
f 7919 7958 8101
f 8103 8101 8096
f 8103 7919 8101
f 8104 8096 8099
f 8104 8103 8096
f 8098 8099 8100
f 8098 8104 8099
f 8106 8107 8100
f 8108 8100 8107
f 7944 8106 8100
f 8108 8098 8100
f 8106 8109 8107
f 8110 8107 8109
f 8110 8108 8107
f 8111 7930 8109
f 7931 8109 7930
f 8106 8111 8109
f 7931 8110 8109
f 7925 7930 8111
f 7924 7930 7925
f 4256 8111 8106
f 8112 7925 8111
f 8113 8111 4256
f 8113 8112 8111
f 4256 8106 7944
f 4255 7944 7943
f 4255 4256 7944
f 8112 7943 7915
f 8114 4255 7943
f 4434 7943 8112
f 4434 8114 7943
f 8115 5703 5963
f 5726 5963 5703
f 8116 8115 5963
f 8117 8116 5963
f 8118 8117 5963
f 5962 8118 5963
f 5727 5963 5726
f 8115 5702 5703
f 8119 5726 5703
f 5704 8119 5703
f 5695 5691 5700
f 5741 5700 5698
f 5743 5695 5700
f 5743 5700 5741
f 5701 5698 5702
f 5706 5698 5701
f 5741 5698 5706
f 5704 5702 8115
f 5701 5702 5704
f 8119 8115 8116
f 5704 8115 8119
f 5726 8116 8117
f 8119 8116 5726
f 8120 8121 8117
f 5721 8117 8121
f 8118 8120 8117
f 5721 5726 8117
f 8120 8122 8121
f 5717 8121 8122
f 5717 5721 8121
f 8123 8124 8122
f 5718 8122 8124
f 8120 8123 8122
f 5718 5717 8122
f 4308 8124 8123
f 8125 5714 8124
f 5718 8124 5714
f 8125 8124 4308
f 4259 8123 8120
f 4259 4261 8123
f 4304 8123 4261
f 4308 8123 4304
f 4259 8120 8118
f 6934 8126 8118
f 8127 8118 8126
f 5962 6934 8118
f 4259 8118 8127
f 5707 8126 6934
f 8128 8127 8126
f 5708 8126 5707
f 5708 8129 8126
f 8130 8126 8129
f 8130 8128 8126
f 6817 7827 7828
f 6823 7828 648
f 6817 7828 6823
f 5198 428 431
f 3481 5624 5630
f 8131 5624 3481
f 8131 144 5624
f 3478 5630 5629
f 3481 5630 3478
f 8132 5629 5634
f 3478 5629 8132
f 8132 5634 152
f 153 152 5634
f 153 5634 5635
f 8133 6167 6173
f 6170 6167 8133
f 8134 6173 6177
f 8134 8133 6173
f 8135 6177 6176
f 8134 6177 8135
f 8135 6176 6181
f 8135 6181 8136
f 8137 8136 6181
f 8137 6181 6182
f 7811 7801 7804
f 7810 7811 7804
f 7790 7798 7801
f 7811 7790 7801
f 7791 7795 7798
f 7790 7791 7798
f 8138 7795 7791
f 6856 7795 8138
f 6856 6855 7795
f 8138 7791 7792
f 6004 5793 5796
f 5821 5793 6004
f 6003 5796 5798
f 6004 5796 6003
f 6002 5798 5801
f 6003 5798 6002
f 6002 5801 5804
f 6002 5804 6001
f 5839 6001 5804
f 7693 7668 7669
f 7693 7669 7692
f 7684 7692 7669
f 7695 7660 7663
f 7696 7660 7695
f 7682 7660 7696
f 7695 7663 7666
f 7694 7666 7668
f 7695 7666 7694
f 7694 7668 7693
f 4771 4593 4596
f 4772 4593 4771
f 4771 4596 4599
f 4770 4599 4602
f 4771 4599 4770
f 4769 4602 4601
f 4770 4602 4769
f 4788 4528 4531
f 4789 4528 4788
f 4788 4531 4534
f 4787 4534 4538
f 4788 4534 4787
f 4785 4538 4537
f 4787 4538 4785
f 4785 4537 4786
f 4427 4465 4464
f 4431 4465 4427
f 4424 4464 4467
f 4424 4427 4464
f 4424 4467 4470
f 4423 4470 4475
f 4424 4470 4423
f 4423 4475 4802
f 4746 4690 4693
f 4747 4690 4746
f 4746 4693 4696
f 4745 4696 4699
f 4746 4696 4745
f 4744 4699 4698
f 4745 4699 4744
f 4755 4659 4658
f 4754 4658 4662
f 4755 4658 4754
f 4753 4662 4666
f 4754 4662 4753
f 4753 4666 4669
f 4753 4669 4752
f 4780 4562 4561
f 4781 4562 4780
f 4779 4561 4565
f 4780 4561 4779
f 4778 4565 4567
f 4779 4565 4778
f 4778 4567 4570
f 4778 4570 4777
f 4763 4627 4626
f 4764 4627 4763
f 4762 4626 4629
f 4763 4626 4762
f 4762 4629 4632
f 4760 4632 4636
f 4762 4632 4760
f 4760 4636 4761
f 4434 4433 4435
f 8139 4435 4436
f 8114 4435 8139
f 4434 4435 8114
f 8140 4436 4438
f 8140 8139 4436
f 6914 4438 4440
f 6914 8140 4438
f 4798 4497 4496
f 4796 4496 4501
f 4798 4496 4796
f 4795 4501 4504
f 4796 4501 4795
f 4794 4504 4507
f 4795 4504 4794
f 5087 4906 4909
f 4934 4906 5087
f 5086 4909 4911
f 5087 4909 5086
f 5085 4911 4914
f 5086 4911 5085
f 5085 4914 4917
f 5085 4917 5084
f 4950 5084 4917
f 8141 790 794
f 8142 790 8141
f 8129 790 8142
f 792 790 8129
f 795 8143 794
f 4260 794 8143
f 793 795 794
f 8141 794 8144
f 4260 8144 794
f 798 8145 8143
f 4260 8143 8145
f 796 798 8143
f 795 796 8143
f 8146 8145 798
f 4260 8145 8147
f 8148 8147 8145
f 8148 8145 8149
f 8150 8149 8145
f 8150 8145 8146
f 8146 798 797
f 4810 4806 4815
f 4856 4810 4815
f 4854 4856 4815
f 4813 4854 4815
f 5055 5056 5058
f 5041 5058 5057
f 5041 5013 5058
f 5055 5058 5013
f 5038 5057 5059
f 5037 5041 5057
f 5038 5037 5057
f 5035 5059 5060
f 5035 5038 5059
f 5032 5060 5061
f 5032 5035 5060
f 5026 5061 5062
f 5029 5032 5061
f 5026 5029 5061
f 4992 5062 5063
f 4992 5026 5062
f 4990 5063 5064
f 4990 4992 5063
f 4985 5064 5065
f 4988 4990 5064
f 4985 4988 5064
f 4983 5065 5066
f 4983 4985 5065
f 5008 5066 5067
f 5008 4983 5066
f 5005 5067 5068
f 5004 5008 5067
f 5005 5004 5067
f 5001 5068 5069
f 5001 5005 5068
f 4999 5069 5070
f 4999 5001 5069
f 2673 5070 2674
f 4996 4999 5070
f 2673 4996 5070
f 4976 2661 5071
f 4976 2659 2661
f 4977 5071 5072
f 4977 4976 5071
f 4974 5072 5073
f 4974 4977 5072
f 4968 5073 5074
f 4971 4974 5073
f 4968 4971 5073
f 4965 5074 5075
f 4965 4968 5074
f 2678 5075 5076
f 2678 4965 5075
f 4943 5076 5077
f 4946 2678 5076
f 4943 4946 5076
f 4941 5077 5078
f 4941 4943 5077
f 2656 5078 5079
f 2656 4941 5078
f 4961 5079 5080
f 2655 2656 5079
f 4961 2655 5079
f 4962 5080 5081
f 4962 4961 5080
f 4959 5081 5082
f 4959 4962 5081
f 4953 5082 5083
f 4956 4959 5082
f 4953 4956 5082
f 4950 5083 5084
f 4950 4953 5083
f 4934 5087 5088
f 4931 5088 5089
f 4931 4934 5088
f 4932 5089 5090
f 4932 4931 5089
f 4928 5090 5091
f 4928 4932 5090
f 4922 5091 5092
f 4925 4928 5091
f 4922 4925 5091
f 4919 5092 5093
f 4919 4922 5092
f 4884 5093 5094
f 4884 4919 5093
f 4878 5094 5095
f 4881 4884 5094
f 4878 4881 5094
f 4876 5095 5096
f 4876 4878 5095
f 4901 5096 5097
f 4873 4876 5096
f 4901 4873 5096
f 4898 5097 5098
f 4898 4901 5097
f 4899 5098 5099
f 4899 4898 5098
f 4895 5099 5100
f 4895 4899 5099
f 4889 5100 5101
f 4892 4895 5100
f 4889 4892 5100
f 4887 5101 5102
f 4887 4889 5101
f 4848 5102 5103
f 4851 4887 5102
f 4848 4851 5102
f 4846 5103 5104
f 4846 4848 5103
f 4843 5104 5105
f 4843 4846 5104
f 4868 5105 5106
f 4839 4843 5105
f 4868 4839 5105
f 4865 5106 5107
f 4865 4868 5106
f 4866 5107 5108
f 4866 4865 5107
f 4859 5108 4810
f 4862 4866 5108
f 4859 4862 5108
f 4856 4859 4810
f 8151 7782 7784
f 8152 7782 8151
f 7783 7782 8152
f 8153 7784 7785
f 8153 8151 7784
f 8154 7785 7768
f 8155 7785 8154
f 8153 7785 8155
f 8154 7768 7769
f 8154 7769 8156
f 8157 8156 7769
f 8157 7769 7770
f 8158 8159 8160
f 8161 8160 8159
f 8162 8159 8158
f 8163 8161 8159
f 8164 8163 8159
f 8164 8159 8162
f 8165 8160 8166
f 8167 8166 8160
f 8168 8160 8165
f 8158 8160 8168
f 146 8167 8160
f 138 146 8160
f 8161 138 8160
f 8165 8166 7792
f 8132 7792 8166
f 8167 8132 8166
f 7793 8165 7792
f 152 8138 7792
f 8132 152 7792
f 8169 8168 8165
f 7793 8169 8165
f 8170 8158 8168
f 8169 8170 8168
f 8171 8158 8170
f 8162 8158 8171
f 8172 8170 8169
f 8173 8171 8170
f 8172 8173 8170
f 8174 8169 7793
f 8174 8172 8169
f 8174 7793 7789
f 8135 8175 8138
f 6856 8138 8175
f 152 8135 8138
f 8136 8176 8175
f 6850 8175 8176
f 8135 8136 8175
f 6850 6856 8175
f 8177 8176 8136
f 7826 8176 8177
f 8178 8176 7826
f 8178 6850 8176
f 8179 8177 8136
f 8179 8136 8133
f 8137 8133 8136
f 151 8135 152
f 8180 8135 151
f 8181 8135 8180
f 7816 8135 7815
f 8181 7815 8135
f 3701 8135 7816
f 3674 8135 3701
f 3675 8135 3674
f 8182 8135 3675
f 8182 8134 8135
f 3478 8132 8167
f 3479 8167 146
f 3478 8167 3479
f 3479 146 3476
f 3477 3476 146
f 8131 146 144
f 8131 3477 146
f 8183 138 8161
f 8184 141 138
f 8183 8184 138
f 6161 8161 8163
f 6162 8161 6161
f 8185 8161 6162
f 8186 8183 8161
f 8187 8186 8161
f 2085 8187 8161
f 8185 2085 8161
f 6161 8163 4416
f 4413 4416 8163
f 4414 8163 4412
f 8188 4412 8163
f 4413 8163 4414
f 8164 8189 8163
f 8188 8163 8189
f 8190 1662 1659
f 8191 8190 1659
f 1669 8191 1659
f 8192 1680 1662
f 8190 8192 1662
f 8193 8194 1680
f 1674 1680 8194
f 8192 8193 1680
f 8195 8196 8194
f 8197 8194 8196
f 8198 8195 8194
f 8193 8198 8194
f 1674 8194 8197
f 8199 8200 8196
f 8201 8196 8200
f 8195 8199 8196
f 8202 8196 8201
f 8203 8196 8202
f 8197 8196 8203
f 8204 8205 8200
f 8206 8200 8205
f 8199 8204 8200
f 8206 8201 8200
f 8207 8208 8205
f 8209 8205 8208
f 8204 8207 8205
f 8210 8206 8205
f 8209 8210 8205
f 8211 8212 8208
f 8213 8208 8212
f 8207 8211 8208
f 8213 8209 8208
f 8214 8215 8212
f 8216 8212 8215
f 8211 8214 8212
f 8216 8213 8212
f 8217 8218 8215
f 8219 8215 8218
f 8214 8217 8215
f 8219 8216 8215
f 8217 8220 8218
f 8219 8218 8220
f 8221 8222 8220
f 8223 8220 8222
f 8217 8221 8220
f 8223 8219 8220
f 8224 8225 8222
f 8226 8222 8225
f 8221 8224 8222
f 8226 8223 8222
f 8227 8228 8225
f 8229 8225 8228
f 8224 8227 8225
f 8229 8226 8225
f 8230 8231 8228
f 8232 8228 8231
f 8227 8230 8228
f 8232 8229 8228
f 8233 8234 8231
f 8235 8231 8234
f 8230 8233 8231
f 8236 8232 8231
f 8235 8236 8231
f 8237 8238 8234
f 8235 8234 8238
f 8233 8237 8234
f 8239 8240 8238
f 8241 8238 8240
f 8237 8239 8238
f 8241 8235 8238
f 8242 8243 8240
f 8244 8240 8243
f 8239 8242 8240
f 8245 8241 8240
f 8244 8245 8240
f 8246 8247 8243
f 8248 8243 8247
f 8242 8246 8243
f 8248 8244 8243
f 8249 8250 8247
f 8251 8247 8250
f 8252 8249 8247
f 8246 8252 8247
f 8253 8248 8247
f 8251 8253 8247
f 8254 8255 8250
f 8256 8250 8255
f 8249 8254 8250
f 8256 8251 8250
f 8257 8258 8255
f 8259 8255 8258
f 8254 8257 8255
f 8260 8256 8255
f 8259 8260 8255
f 8261 8262 8258
f 8263 8258 8262
f 8257 8261 8258
f 8263 8259 8258
f 8264 8265 8262
f 8266 8262 8265
f 8261 8264 8262
f 8266 8263 8262
f 8267 8268 8265
f 8266 8265 8268
f 8264 8267 8265
f 8269 8270 8268
f 8271 8268 8270
f 8267 8269 8268
f 8271 8266 8268
f 8269 8272 8270
f 8273 8270 8272
f 8273 8271 8270
f 8274 8275 8272
f 8276 8272 8275
f 8269 8274 8272
f 8276 8273 8272
f 8277 8278 8275
f 8276 8275 8278
f 8274 8277 8275
f 8279 8280 8278
f 8281 8278 8280
f 8277 8279 8278
f 8281 8276 8278
f 8282 8283 8280
f 8284 8280 8283
f 8279 8282 8280
f 8285 8281 8280
f 8284 8285 8280
f 8286 8287 8283
f 8288 8283 8287
f 8282 8286 8283
f 8288 8284 8283
f 8289 8290 8287
f 8291 8287 8290
f 8286 8289 8287
f 8292 8288 8287
f 8291 8292 8287
f 8293 8294 8290
f 8295 8290 8294
f 8296 8293 8290
f 8289 8296 8290
f 8295 8291 8290
f 8297 8298 8294
f 8299 8294 8298
f 8293 8297 8294
f 8300 8295 8294
f 8299 8300 8294
f 8301 8302 8298
f 8303 8298 8302
f 8297 8301 8298
f 8303 8299 8298
f 8304 8305 8302
f 8306 8302 8305
f 8301 8304 8302
f 8306 8303 8302
f 8304 8307 8305
f 8308 8305 8307
f 8308 8306 8305
f 8309 8310 8307
f 8308 8307 8310
f 8304 8309 8307
f 8311 8312 8310
f 8313 8310 8312
f 8309 8311 8310
f 8313 8308 8310
f 8311 8314 8312
f 8315 8312 8314
f 8315 8313 8312
f 8316 8317 8314
f 8318 8314 8317
f 8311 8316 8314
f 8318 8315 8314
f 8319 8320 8317
f 8321 8317 8320
f 8322 8319 8317
f 8316 8322 8317
f 8321 8318 8317
f 8323 8324 8320
f 8325 8320 8324
f 8319 8323 8320
f 8326 8321 8320
f 8325 8326 8320
f 8327 8328 8324
f 8329 8324 8328
f 8323 8327 8324
f 8329 8325 8324
f 8330 8331 8328
f 8332 8328 8331
f 8327 8330 8328
f 8333 8329 8328
f 8332 8333 8328
f 8334 8335 8331
f 8336 8331 8335
f 8337 8334 8331
f 8330 8337 8331
f 8336 8332 8331
f 8338 8339 8335
f 8340 8335 8339
f 8334 8338 8335
f 8341 8336 8335
f 8340 8341 8335
f 8342 8343 8339
f 8344 8339 8343
f 8338 8342 8339
f 8344 8340 8339
f 8345 8346 8343
f 8347 8343 8346
f 8342 8345 8343
f 8348 8344 8343
f 8347 8348 8343
f 8349 8350 8346
f 8347 8346 8350
f 8345 8349 8346
f 8351 8352 8350
f 8353 8350 8352
f 8349 8351 8350
f 8353 8347 8350
f 8351 8354 8352
f 8355 8352 8354
f 8355 8353 8352
f 8356 8357 8354
f 8358 8354 8357
f 8351 8356 8354
f 8358 8355 8354
f 8359 8360 8357
f 8358 8357 8360
f 8356 8359 8357
f 8359 8361 8360
f 8362 8360 8361
f 8362 8358 8360
f 8363 8364 8361
f 8365 8361 8364
f 8359 8363 8361
f 8366 8362 8361
f 8365 8366 8361
f 8367 8368 8364
f 8369 8364 8368
f 8363 8367 8364
f 8369 8365 8364
f 8370 8371 8368
f 8372 8368 8371
f 8367 8370 8368
f 8372 8369 8368
f 8373 8374 8371
f 8375 8371 8374
f 8370 8373 8371
f 8375 8372 8371
f 8376 8377 8374
f 8378 8374 8377
f 8373 8376 8374
f 8378 8375 8374
f 8379 8380 8377
f 8381 8377 8380
f 8376 8379 8377
f 8382 8378 8377
f 8381 8382 8377
f 8383 8384 8380
f 8385 8380 8384
f 8379 8383 8380
f 8385 8381 8380
f 8386 8387 8384
f 8388 8384 8387
f 8383 8386 8384
f 8388 8385 8384
f 8386 8389 8387
f 8390 8387 8389
f 8390 8388 8387
f 8391 8392 8389
f 8393 8389 8392
f 8386 8391 8389
f 8393 8390 8389
f 1758 8392 8391
f 8394 8393 8392
f 8395 8394 8392
f 8396 8395 8392
f 1758 8396 8392
f 1758 8391 8386
f 1758 8386 8383
f 1812 8383 8379
f 1812 1758 8383
f 6865 8379 8376
f 6864 8379 6865
f 8397 8379 6864
f 8398 8399 8379
f 8400 8379 8399
f 8397 8398 8379
f 8400 8401 8379
f 8402 8379 8401
f 1812 8379 8402
f 6866 8376 8373
f 6865 8376 6866
f 8403 8373 8370
f 6866 8373 8403
f 8404 8370 8367
f 8403 8370 8404
f 8405 8367 8363
f 8404 8367 8405
f 8406 8363 8359
f 8405 8363 8406
f 8407 8359 8356
f 8406 8359 8407
f 8407 8356 8351
f 8408 8351 8349
f 8407 8351 8408
f 8409 8349 8345
f 8409 8408 8349
f 8410 8345 8342
f 8410 8409 8345
f 8411 8342 8338
f 8411 8410 8342
f 8412 8338 8334
f 8412 8411 8338
f 8413 8334 8337
f 8413 8412 8334
f 8414 8337 8330
f 8414 8413 8337
f 8415 8330 8327
f 8415 8414 8330
f 8416 8327 8323
f 8415 8327 8416
f 8417 8323 8319
f 8416 8323 8417
f 8418 8319 8322
f 8417 8319 8418
f 8419 8322 8316
f 8418 8322 8419
f 8420 8316 8311
f 8419 8316 8420
f 8421 8311 8309
f 8421 8420 8311
f 8422 8309 8304
f 8422 8421 8309
f 8423 8304 8301
f 8423 8422 8304
f 8424 8301 8297
f 8424 8423 8301
f 8425 8297 8293
f 8425 8424 8297
f 8426 8293 8296
f 8426 8425 8293
f 8427 8296 8289
f 8427 8426 8296
f 8428 8289 8286
f 8427 8289 8428
f 8429 8286 8282
f 8428 8286 8429
f 8430 8282 8279
f 8429 8282 8430
f 8431 8279 8277
f 8430 8279 8431
f 8432 8277 8274
f 8431 8277 8432
f 8433 8274 8269
f 8433 8432 8274
f 8434 8269 8267
f 8434 8433 8269
f 8435 8267 8264
f 8435 8434 8267
f 8436 8264 8261
f 8436 8435 8264
f 8437 8261 8257
f 8437 8436 8261
f 8438 8257 8254
f 8438 8437 8257
f 8439 8254 8249
f 8439 8438 8254
f 8440 8249 8252
f 8439 8249 8440
f 8441 8252 8246
f 8440 8252 8441
f 8442 8246 8242
f 8441 8246 8442
f 8443 8242 8239
f 8442 8242 8443
f 8444 8239 8237
f 8443 8239 8444
f 8445 8237 8233
f 8445 8444 8237
f 8446 8233 8230
f 8446 8445 8233
f 8447 8230 8227
f 8447 8446 8230
f 8448 8227 8224
f 8448 8447 8227
f 8449 8224 8221
f 8449 8448 8224
f 8450 8221 8217
f 8450 8449 8221
f 8451 8217 8214
f 8451 8450 8217
f 8452 8214 8211
f 8451 8214 8452
f 8453 8211 8207
f 8452 8211 8453
f 8454 8207 8204
f 8453 8207 8454
f 8455 8204 8199
f 8454 8204 8455
f 8456 8199 8195
f 8455 8199 8456
f 8457 8195 8198
f 8457 8456 8195
f 8458 8198 8193
f 8458 8457 8198
f 8459 8193 8192
f 8459 8458 8193
f 8460 8192 8190
f 8460 8459 8192
f 8461 8190 8191
f 8461 8460 8190
f 1669 8462 8191
f 8463 8191 8462
f 8463 8461 8191
f 1666 8464 8462
f 8465 8462 8464
f 1669 1666 8462
f 8466 8463 8462
f 8466 8462 8465
f 1671 8467 8464
f 8468 8464 8467
f 1666 1671 8464
f 8465 8464 8468
f 1670 8469 8467
f 8470 8467 8469
f 1671 1670 8467
f 8468 8467 8470
f 1672 8471 8469
f 8472 8469 8471
f 1673 1672 8469
f 1670 1673 8469
f 8470 8469 8472
f 1675 1676 8471
f 8473 8471 1676
f 1672 1675 8471
f 8472 8471 8473
f 8473 1676 8474
f 1677 8474 1676
f 4242 4730 4727
f 5052 4730 4242
f 5052 5053 4730
f 3491 4727 4731
f 3491 4242 4727
f 3491 4731 3494
f 6186 3495 3494
f 4736 4738 4734
f 8475 6637 6639
f 8476 8475 6639
f 6640 8476 6639
f 8475 6638 6637
f 8477 6635 6638
f 8475 8477 6638
f 8477 6922 6635
f 8478 6636 6633
f 8479 6636 8478
f 8479 6632 6636
f 6647 6630 6633
f 6646 6647 6633
f 6634 8478 6633
f 6647 6627 6630
f 6649 6623 6627
f 6647 6649 6627
f 6650 6624 6623
f 6648 6650 6623
f 6649 6648 6623
f 6651 6624 6650
f 6651 6620 6624
f 6608 6646 6604
f 6608 6644 6646
f 6659 6601 6604
f 6657 6659 6604
f 6659 6597 6601
f 6658 6598 6597
f 6659 6658 6597
f 6661 6594 6598
f 6660 6661 6598
f 6658 6660 6598
f 6663 6594 6661
f 6663 6591 6594
f 6580 6657 1920
f 6656 6657 6580
f 1919 6574 1920
f 1919 6570 6574
f 6664 6571 6570
f 1919 6664 6570
f 6666 6567 6571
f 6665 6666 6571
f 6664 6665 6571
f 6668 6567 6666
f 6668 6564 6567
f 1915 6558 1913
f 6673 6557 6558
f 1915 6673 6558
f 6675 6554 6557
f 6674 6675 6557
f 6673 6674 6557
f 6677 6554 6675
f 6677 6551 6554
f 6538 1914 6535
f 6672 1914 6538
f 6682 6531 6535
f 6683 6682 6535
f 6682 6532 6531
f 6684 6528 6532
f 6682 6684 6532
f 6686 6525 6528
f 6685 6686 6528
f 6684 6685 6528
f 6688 6525 6686
f 6688 6521 6525
f 6509 6683 6506
f 6681 6683 6509
f 6693 6502 6506
f 6694 6693 6506
f 6693 6503 6502
f 6695 6499 6503
f 6693 6695 6503
f 6698 6496 6499
f 6696 6698 6499
f 6695 6696 6499
f 6697 6496 6698
f 6697 6492 6496
f 6480 6694 6476
f 6692 6694 6480
f 7460 6477 6476
f 7460 6473 6477
f 8480 6470 6473
f 7460 8480 6473
f 4310 6467 6470
f 4311 4310 6470
f 8480 4311 6470
f 4270 6467 4310
f 4270 6464 6467
f 4305 4311 8480
f 8481 8480 7460
f 4305 8480 8481
f 8481 7460 7461
f 6926 4293 4294
f 114 4293 6926
f 8482 4293 114
f 4280 4293 8482
f 8483 6922 8477
f 6921 6922 8483
f 8484 8477 8475
f 8483 8477 8484
f 8484 8475 8476
f 8484 8476 8485
f 8486 8485 8476
f 6640 8486 8476
f 7715 7591 7594
f 7715 7594 7714
f 7628 7714 7594
f 7717 7583 7585
f 7718 7583 7717
f 7613 7583 7718
f 7716 7585 7588
f 7717 7585 7716
f 7716 7588 7591
f 7716 7591 7715
f 4252 7450 7452
f 4252 4254 7450
f 7451 7450 4254
f 8487 7452 7454
f 4252 7452 8487
f 8487 7454 7453
f 8487 7453 7455
f 8487 7455 8488
f 4254 8488 7455
f 8489 4254 7455
f 7456 8489 7455
f 8185 6162 4411
f 8185 4411 4410
f 8185 4410 4412
f 8490 7472 8491
f 7470 8491 7472
f 8492 8490 8491
f 7470 8493 8491
f 8494 8491 8493
f 8492 8491 8495
f 8496 8495 8491
f 8494 8496 8491
f 8490 8497 7472
f 8498 7472 8497
f 7473 7472 8498
f 8499 8500 8497
f 8501 8497 8500
f 8490 8499 8497
f 8498 8497 8501
f 8502 8503 8500
f 8504 8500 8503
f 8499 8502 8500
f 8501 8500 8504
f 8505 7494 8503
f 8506 8503 7494
f 8502 8505 8503
f 8504 8503 8506
f 7488 7494 8505
f 7495 8507 7494
f 8506 7494 8507
f 8508 8505 8502
f 8509 7488 8505
f 8510 8509 8505
f 8511 8510 8505
f 8511 8505 8508
f 8508 8502 8499
f 8512 8499 8490
f 8508 8499 8512
f 8512 8490 8492
f 8513 7434 7440
f 4242 4245 7434
f 7437 7434 4245
f 8514 4242 7434
f 8513 8514 7434
f 8513 7440 7444
f 8515 7444 7443
f 8513 7444 8515
f 8515 7443 7448
f 8516 7448 4245
f 8517 4245 7448
f 8516 8515 7448
f 7449 8517 7448
f 8245 8456 8457
f 8244 8456 8245
f 8455 8456 8244
f 8235 8457 8458
f 8241 8457 8235
f 8245 8457 8241
f 8236 8458 8459
f 8235 8458 8236
f 8232 8459 8460
f 8236 8459 8232
f 8229 8460 8461
f 8232 8460 8229
f 8226 8461 8463
f 8229 8461 8226
f 8226 8463 8223
f 8466 8223 8463
f 8315 8432 8433
f 8318 8432 8315
f 8431 8432 8318
f 8313 8433 8434
f 8315 8433 8313
f 8308 8434 8435
f 8313 8434 8308
f 8306 8435 8436
f 8308 8435 8306
f 8303 8436 8437
f 8306 8436 8303
f 8299 8437 8438
f 8303 8437 8299
f 8300 8438 8295
f 8439 8295 8438
f 8299 8438 8300
f 8353 8420 8421
f 8355 8420 8353
f 8419 8420 8355
f 8347 8421 8422
f 8353 8421 8347
f 8348 8422 8423
f 8347 8422 8348
f 8344 8423 8424
f 8348 8423 8344
f 8340 8424 8425
f 8344 8424 8340
f 8336 8425 8426
f 8341 8425 8336
f 8340 8425 8341
f 8336 8426 8332
f 8427 8332 8426
f 8390 8408 8409
f 8393 8408 8390
f 8407 8408 8393
f 8388 8409 8410
f 8390 8409 8388
f 8385 8410 8411
f 8388 8410 8385
f 8381 8411 8412
f 8385 8411 8381
f 8378 8412 8413
f 8382 8412 8378
f 8381 8412 8382
f 8375 8413 8414
f 8378 8413 8375
f 8375 8414 8372
f 8415 8372 8414
f 8281 8444 8445
f 8285 8444 8281
f 8443 8444 8285
f 8273 8445 8446
f 8276 8445 8273
f 8281 8445 8276
f 8271 8446 8447
f 8273 8446 8271
f 8266 8447 8448
f 8271 8447 8266
f 8266 8448 8449
f 8263 8449 8450
f 8266 8449 8263
f 8263 8450 8259
f 8451 8259 8450
f 8202 8201 8206
f 8472 8206 8210
f 8472 8202 8206
f 8470 8210 8209
f 8470 8472 8210
f 8468 8209 8213
f 8468 8470 8209
f 8465 8213 8216
f 8465 8468 8213
f 8466 8216 8219
f 8466 8465 8216
f 8466 8219 8223
f 8455 8244 8248
f 8454 8248 8253
f 8454 8455 8248
f 8453 8253 8251
f 8453 8454 8253
f 8452 8251 8256
f 8452 8453 8251
f 8451 8256 8260
f 8451 8452 8256
f 8451 8260 8259
f 8443 8285 8284
f 8442 8284 8288
f 8442 8443 8284
f 8441 8288 8292
f 8441 8442 8288
f 8440 8292 8291
f 8440 8441 8292
f 8439 8291 8295
f 8439 8440 8291
f 8431 8318 8321
f 8431 8321 8326
f 8430 8326 8325
f 8430 8431 8326
f 8429 8325 8329
f 8429 8430 8325
f 8428 8329 8333
f 8428 8429 8329
f 8427 8333 8332
f 8427 8428 8333
f 8419 8355 8358
f 8419 8358 8362
f 8418 8362 8366
f 8418 8419 8362
f 8417 8366 8365
f 8417 8418 8366
f 8416 8365 8369
f 8416 8417 8365
f 8415 8369 8372
f 8415 8416 8369
f 8407 8393 8394
f 8407 8394 8395
f 8396 3524 8395
f 8406 8395 3524
f 8406 8407 8395
f 1758 3524 8396
f 8405 8406 3524
f 8518 8405 3524
f 1806 8518 3524
f 1806 3524 1787
f 1196 48 50
f 45 48 1196
f 8519 50 51
f 8519 1196 50
f 1796 51 42
f 1796 8519 51
f 1796 42 39
f 1796 39 44
f 4403 4409 7499
f 121 120 4400
f 821 820 1263
f 1287 1263 1266
f 1287 821 1263
f 1286 1266 1267
f 1286 1287 1266
f 1286 1267 690
f 691 1286 690
f 8146 797 1203
f 8520 1203 1206
f 8520 8146 1203
f 8521 1206 1207
f 8521 8520 1206
f 1199 1207 660
f 1199 8521 1207
f 658 1199 660
f 1285 704 1268
f 1285 705 704
f 1284 1268 1269
f 1284 1285 1268
f 1283 1269 1270
f 1283 1284 1269
f 1282 1270 1272
f 1282 1283 1270
f 1280 1272 1275
f 1280 1282 1272
f 1281 1275 1277
f 1281 1280 1275
f 123 126 1277
f 1278 1277 126
f 1278 1281 1277
f 1299 849 1220
f 1299 850 849
f 1299 1220 1223
f 1298 1223 1224
f 1298 1299 1223
f 894 1224 893
f 894 1298 1224
f 677 676 1210
f 1301 1210 1213
f 1301 677 1210
f 1300 1213 1215
f 1300 1301 1213
f 1300 1215 833
f 834 1300 833
f 1297 910 1228
f 1297 907 910
f 1296 1228 1231
f 1296 1297 1228
f 1296 1231 1232
f 1295 1232 716
f 1295 1296 1232
f 714 1295 716
f 1292 762 1245
f 1292 763 762
f 1292 1245 1248
f 1291 1248 1249
f 1291 1292 1248
f 864 1249 863
f 864 1291 1249
f 1290 880 1252
f 1290 878 880
f 1289 1252 1256
f 1289 1290 1252
f 1289 1256 1258
f 1288 1258 804
f 1288 1289 1258
f 805 1288 804
f 733 732 1237
f 1294 1237 1239
f 1294 733 1237
f 1293 1239 1241
f 1293 1294 1239
f 1293 1241 746
f 747 1293 746
f 5016 5055 5013
f 4813 4821 4854
f 4813 4816 4821
f 4819 4817 4816
f 4813 4819 4816
f 8522 8523 4817
f 4818 4817 8523
f 4819 8522 4817
f 8524 4840 8523
f 4818 8523 4840
f 8522 8524 8523
f 8525 4835 4840
f 8524 8525 4840
f 2651 5051 4840
f 4818 4840 5051
f 6851 4831 4835
f 8525 6851 4835
f 6849 4832 4831
f 6851 6849 4831
f 6860 4828 4832
f 6849 6860 4832
f 6862 4824 4828
f 6860 6862 4828
f 6862 4823 4824
f 6852 6851 8525
f 8526 8525 8524
f 6852 8525 8526
f 5051 8524 8522
f 5051 8526 8524
f 4818 8522 4819
f 4818 5051 8522
f 5016 5015 5055
f 8473 8203 8202
f 8472 8473 8202
f 8474 8197 8203
f 8473 8474 8203
f 8474 1674 8197
f 1677 1674 8474
f 8518 8404 8405
f 8527 8403 8404
f 8518 8527 8404
f 8528 6866 8403
f 8527 8528 8403
f 1802 6866 8528
f 1803 8528 8527
f 1803 1802 8528
f 1807 8527 8518
f 1807 1803 8527
f 1806 1807 8518
f 7414 2928 7418
f 7414 2929 2928
f 7413 7418 3083
f 7413 7414 7418
f 3087 7413 3083
f 7409 3069 7419
f 7409 3070 3069
f 7406 7419 3133
f 7406 7409 7419
f 3137 7406 3133
f 7373 3042 7427
f 7373 3043 3042
f 7370 7427 7428
f 7370 7373 7427
f 7368 7428 7429
f 7368 7370 7428
f 7366 7429 7430
f 7366 7368 7429
f 7367 7430 7345
f 7366 7430 7367
f 7363 7345 7346
f 7367 7345 7363
f 7347 7364 7346
f 7363 7346 7364
f 7362 7364 7347
f 7348 7362 7347
f 7377 3095 7426
f 7377 3096 3095
f 7377 7426 3057
f 3061 7377 3057
f 7381 3016 7425
f 7381 3017 3016
f 7379 7425 3108
f 7379 7381 7425
f 3112 7379 3108
f 7394 2990 7422
f 7394 2991 2990
f 7391 7422 3184
f 7391 7394 7422
f 3188 7391 3184
f 7389 3170 7423
f 7389 3171 3170
f 7389 7423 2916
f 2920 7389 2916
f 7404 3120 7420
f 7404 3121 3120
f 7403 7420 3158
f 7403 7404 7420
f 3162 7403 3158
f 2974 2983 7417
f 2974 2984 2983
f 7416 7417 2941
f 7416 2974 7417
f 2945 7416 2941
f 7399 3144 7421
f 7399 3145 3144
f 7396 7421 3004
f 7396 7399 7421
f 3008 7396 3004
f 7386 2902 7424
f 7386 2903 2902
f 7385 7424 3030
f 7385 7386 7424
f 3034 7385 3030
f 8112 7915 7925
f 924 1765 1196
f 1756 1766 1768
f 1756 1755 1766
f 1751 1768 1769
f 1751 1756 1768
f 7086 7067 7065
f 7062 7058 7067
f 7086 7088 7067
f 7062 7067 7088
f 7068 7065 7069
f 4391 7065 7068
f 7086 7065 4391
f 7070 8529 7069
f 7071 7069 8529
f 7068 7069 7071
f 7278 8530 8529
f 8531 8529 8530
f 7070 7278 8529
f 7071 8529 8531
f 8532 8533 8530
f 4370 8530 8533
f 7278 8532 8530
f 8531 8530 4370
f 8534 8535 8533
f 4369 8533 8535
f 8532 8534 8533
f 4369 4370 8533
f 8534 8536 8535
f 7082 8535 8536
f 7082 4369 8535
f 8147 8537 8536
f 7083 8536 8537
f 8534 8147 8536
f 7083 7082 8536
f 8148 8537 8147
f 7079 7083 8537
f 8538 7079 8537
f 8148 8538 8537
f 4260 8147 8534
f 4260 8534 8532
f 7279 8539 8532
f 4258 8532 8539
f 7278 7279 8532
f 4258 4260 8532
f 8540 8541 8539
f 8542 8539 8541
f 7279 8540 8539
f 8543 8544 8539
f 8545 8539 8544
f 8542 7073 8539
f 8543 8539 7073
f 8545 4258 8539
f 8540 8546 8541
f 8542 8541 8546
f 4384 8546 8540
f 4384 8542 8546
f 8547 8540 7279
f 6904 8540 8547
f 4384 8540 6904
f 7280 8547 7279
f 4370 7278 7070
f 4365 7278 4370
f 8531 4370 7070
f 7071 8531 7070
f 8548 8549 4189
f 8550 4189 8549
f 4165 8548 4189
f 8550 4188 4189
f 8551 8552 8549
f 8553 8549 8552
f 8548 8551 8549
f 8553 8550 8549
f 8554 8555 8552
f 8553 8552 8555
f 8551 8554 8552
f 4151 4150 8555
f 8556 8555 4150
f 8554 4151 8555
f 8556 8553 8555
f 4153 8556 4150
f 4152 4151 8554
f 8557 8554 8551
f 8557 4152 8554
f 8558 8551 8548
f 8558 8557 8551
f 8558 8548 4165
f 4166 8558 4165
f 8559 8560 4158
f 4159 4158 8560
f 4135 8559 4158
f 8561 8562 8560
f 8563 8560 8562
f 8559 8561 8560
f 8563 4159 8560
f 8564 8565 8562
f 8566 8562 8565
f 8561 8564 8562
f 8566 8563 8562
f 4122 4121 8565
f 8566 8565 4121
f 8564 4122 8565
f 4124 8566 4121
f 8567 4122 8564
f 8567 4119 4122
f 8568 8564 8561
f 8568 8567 8564
f 8568 8561 8559
f 8569 8559 4135
f 8569 8568 8559
f 4133 8569 4135
f 8570 8571 4033
f 8572 4033 8571
f 4032 8570 4033
f 8572 4034 4033
f 8573 8574 8571
f 8572 8571 8574
f 8570 8573 8571
f 8575 8576 8574
f 8577 8574 8576
f 8573 8575 8574
f 8577 8572 8574
f 4128 4105 8576
f 4106 8576 4105
f 8575 4128 8576
f 4106 8577 8576
f 8578 4128 8575
f 8578 4129 4128
f 8578 8575 8573
f 8579 8573 8570
f 8579 8578 8573
f 4036 8570 4032
f 4036 8579 8570
f 8580 8581 4211
f 4212 4211 8581
f 4210 8580 4211
f 8582 8583 8581
f 8584 8581 8583
f 8580 8582 8581
f 8584 4212 8581
f 8585 8586 8583
f 8587 8583 8586
f 8582 8585 8583
f 8587 8584 8583
f 3980 3956 8586
f 8587 8586 3956
f 8585 3980 8586
f 3957 8587 3956
f 8588 3980 8585
f 8588 3981 3980
f 8588 8585 8582
f 8589 8582 8580
f 8589 8588 8582
f 8590 8580 4210
f 8590 8589 8580
f 4213 8590 4210
f 8591 8592 4181
f 8593 4181 8592
f 4180 8591 4181
f 8593 4182 4181
f 8594 8595 8592
f 8593 8592 8595
f 8591 8594 8592
f 8596 8597 8595
f 8598 8595 8597
f 8594 8596 8595
f 8598 8593 8595
f 4010 3987 8597
f 3988 8597 3987
f 8596 4010 8597
f 3988 8598 8597
f 8599 4010 8596
f 8599 4011 4010
f 8599 8596 8594
f 8600 8594 8591
f 8600 8599 8594
f 4184 8591 4180
f 4184 8600 8591
f 8601 8602 4218
f 8603 4218 8602
f 4195 8601 4218
f 8603 4217 4218
f 8604 8605 8602
f 8606 8602 8605
f 8601 8604 8602
f 8606 8603 8602
f 8607 8608 8605
f 8609 8605 8608
f 8604 8607 8605
f 8609 8606 8605
f 8607 4003 8608
f 8609 8608 4003
f 8607 4004 4003
f 4006 8609 4003
f 8610 4004 8607
f 8610 4002 4004
f 8611 8607 8604
f 8611 8610 8607
f 8611 8604 8601
f 8612 8601 4195
f 8612 8611 8601
f 4196 8612 4195
f 8613 8614 4098
f 8615 4098 8614
f 4077 8613 4098
f 8615 4099 4098
f 8616 8617 8614
f 8618 8614 8617
f 8613 8616 8614
f 8618 8615 8614
f 8619 8620 8617
f 8621 8617 8620
f 8616 8619 8617
f 8621 8618 8617
f 4070 4047 8620
f 8622 8620 4047
f 8619 4070 8620
f 8622 8621 8620
f 4045 8622 4047
f 4071 4070 8619
f 8623 8619 8616
f 8623 4071 8619
f 8624 8616 8613
f 8624 8623 8616
f 8624 8613 4077
f 4078 8624 4077
f 4017 8625 4041
f 8626 4041 8625
f 8626 4040 4041
f 8627 8628 8625
f 8629 8625 8628
f 4017 8627 8625
f 8629 8626 8625
f 8630 8631 8628
f 8629 8628 8631
f 8627 8630 8628
f 8632 4062 8631
f 8633 8631 4062
f 8630 8632 8631
f 8633 8629 8631
f 8632 4063 4062
f 4065 8633 4062
f 4064 4063 8632
f 8634 8632 8630
f 8634 4064 8632
f 8635 8630 8627
f 8635 8634 8630
f 8635 8627 4017
f 4018 8635 4017
f 5686 8636 3972
f 8637 3972 8636
f 3971 5686 3972
f 8637 3973 3972
f 5687 8638 8636
f 8639 8636 8638
f 5686 5687 8636
f 8639 8637 8636
f 5669 8640 8638
f 8641 8638 8640
f 5687 5669 8638
f 8641 8639 8638
f 5671 8642 8640
f 8643 8640 8642
f 5669 5671 8640
f 8643 8641 8640
f 6870 6873 8642
f 6877 8642 6873
f 5671 6870 8642
f 6877 8643 8642
f 6870 6871 6873
f 1595 1196 1587
f 1748 1196 1595
f 6867 1195 1196
f 6864 6867 1196
f 8644 6864 1196
f 46 1196 1762
f 1748 1744 1196
f 46 45 1196
f 8645 8644 1196
f 8401 8645 1196
f 8646 8401 1196
f 8647 1196 8519
f 8647 8648 1196
f 8649 1196 8648
f 8650 1196 8649
f 8650 8646 1196
f 1592 1587 1586
f 1592 1595 1587
f 1589 1592 1586
f 4095 4094 4096
f 8651 4096 4097
f 8651 4095 4096
f 8651 4097 4099
f 8652 4099 8615
f 8651 4099 8652
f 8653 8615 8618
f 8653 8652 8615
f 8653 8618 8621
f 4093 8621 8622
f 4093 8653 8621
f 8654 8622 4045
f 4093 8622 8654
f 8654 4045 4049
f 8655 4049 4052
f 4088 8654 4049
f 8655 4088 4049
f 4085 4052 4057
f 8655 4052 4085
f 4080 4057 4061
f 4080 4085 4057
f 4075 4061 4064
f 4080 4061 4075
f 4078 4064 8634
f 4075 4064 4078
f 8624 8634 8635
f 4078 8634 8624
f 8623 8635 4018
f 8624 8635 8623
f 4069 4018 4015
f 4071 4018 4069
f 8623 4018 4071
f 4069 4015 4022
f 4068 4022 4026
f 4069 4022 4068
f 4067 4026 4029
f 4068 4026 4067
f 4066 4029 4034
f 4067 4029 4066
f 4065 4034 8572
f 4066 4034 4065
f 8633 8572 8577
f 4065 8572 8633
f 8626 8577 4106
f 8629 8577 8626
f 8633 8577 8629
f 8626 4106 4103
f 4040 4103 4109
f 8626 4103 4040
f 4038 4109 4114
f 4039 4109 4038
f 4040 4109 4039
f 4037 4114 4116
f 4038 4114 4037
f 4035 4116 4119
f 4037 4116 4035
f 4035 4119 8567
f 4036 8567 8568
f 4035 8567 4036
f 8579 8568 8569
f 4036 8568 8579
f 8578 8569 4133
f 8579 8569 8578
f 4127 4133 4137
f 4129 4133 4127
f 8578 4133 4129
f 4126 4137 4140
f 4127 4137 4126
f 4125 4140 4143
f 4126 4140 4125
f 4123 4143 4148
f 4125 4143 4123
f 4124 4148 4152
f 4123 4148 4124
f 8566 4152 8557
f 4124 4152 8566
f 8563 8557 8558
f 8566 8557 8563
f 4159 8558 4166
f 8563 8558 4159
f 4157 4166 4163
f 4159 4166 4157
f 4156 4163 4169
f 4157 4163 4156
f 4155 4169 4174
f 4156 4169 4155
f 4154 4174 4176
f 4155 4174 4154
f 4153 4176 4182
f 4154 4176 4153
f 8556 4182 8593
f 4153 4182 8556
f 8553 8593 8598
f 8556 8593 8553
f 8550 8598 3988
f 8553 8598 8550
f 4188 3988 3985
f 8550 3988 4188
f 4187 3985 3990
f 4188 3985 4187
f 4186 3990 3993
f 4187 3990 4186
f 4185 3993 3998
f 4186 3993 4185
f 4183 3998 4002
f 4185 3998 4183
f 4183 4002 8610
f 4184 8610 8611
f 4183 8610 4184
f 8599 8611 8612
f 8600 8611 8599
f 4184 8611 8600
f 4011 8612 4196
f 8599 8612 4011
f 4009 4196 4193
f 4011 4196 4009
f 4008 4193 4200
f 4009 4193 4008
f 4007 4200 4203
f 4008 4200 4007
f 4005 4203 4209
f 4007 4203 4005
f 4006 4209 4212
f 4005 4209 4006
f 8609 4212 8584
f 4006 4212 8609
f 8606 8584 8587
f 8609 8584 8606
f 8603 8587 3957
f 8606 8587 8603
f 4217 3957 3954
f 8603 3957 4217
f 4216 3954 3960
f 4217 3954 4216
f 4215 3960 3965
f 4216 3960 4215
f 4214 3965 3967
f 4215 3965 4214
f 4213 3967 3973
f 4214 3967 4213
f 8590 3973 8637
f 4213 3973 8590
f 8589 8637 8639
f 8590 8637 8589
f 8588 8639 8641
f 8589 8639 8588
f 3981 8641 8643
f 8588 8641 3981
f 3979 8643 6877
f 3981 8643 3979
f 3979 6877 3978
f 4424 4420 4427
f 7687 6073 7690
f 6074 6073 7687
f 7685 7690 7691
f 7687 7690 7685
f 7683 7691 7692
f 7685 7691 7683
f 7683 7692 7684
f 7682 7696 7697
f 7680 7697 7698
f 7681 7697 7680
f 7682 7697 7681
f 7679 7698 7699
f 7680 7698 7679
f 7675 7699 7700
f 7679 7699 7675
f 2691 7700 2692
f 7672 7700 2691
f 7675 7700 7672
f 2712 2713 7701
f 7654 7701 7702
f 7657 7701 7654
f 2712 7701 7657
f 7652 7702 7703
f 7654 7702 7652
f 7647 7703 7704
f 7652 7703 7647
f 7644 7704 7705
f 7643 7704 7644
f 7647 7704 7643
f 2696 7705 7706
f 7644 7705 2696
f 7623 7706 7707
f 7623 2696 7706
f 7617 7707 7708
f 7620 7623 7707
f 7617 7620 7707
f 2709 7708 7709
f 7617 7708 2709
f 7640 7709 7710
f 2708 7709 7640
f 2709 7709 2708
f 7638 7710 7711
f 7640 7710 7638
f 7636 7711 7712
f 7638 7711 7636
f 7631 7712 7713
f 7636 7712 7631
f 7628 7713 7714
f 7627 7713 7628
f 7631 7713 7627
f 7610 7718 7719
f 7613 7718 7610
f 7607 7719 7720
f 7610 7719 7607
f 7605 7720 7721
f 7607 7720 7605
f 7596 7721 7722
f 7600 7721 7596
f 7605 7721 7600
f 7597 7722 7723
f 7596 7722 7597
f 7561 7723 7724
f 7597 7723 7561
f 7555 7724 7725
f 7558 7561 7724
f 7558 7724 7555
f 7552 7725 7726
f 7555 7725 7552
f 7550 7726 7727
f 7552 7726 7550
f 7577 7727 7728
f 7580 7550 7727
f 7580 7727 7577
f 7574 7728 7729
f 7577 7728 7574
f 7572 7729 7730
f 7574 7729 7572
f 7563 7730 7731
f 7567 7730 7563
f 7572 7730 7567
f 7564 7731 7732
f 7563 7731 7564
f 7529 7732 7733
f 7564 7732 7529
f 7525 7733 7734
f 7527 7529 7733
f 7525 7527 7733
f 7523 7734 7735
f 7523 7525 7734
f 7520 7735 7736
f 7523 7735 7520
f 7544 7736 7737
f 7547 7736 7544
f 7520 7736 7547
f 7542 7737 7738
f 7544 7737 7542
f 7534 7738 7739
f 7539 7738 7534
f 7542 7738 7539
f 7532 7739 7740
f 7534 7739 7532
f 7741 4354 7740
f 4353 7740 4354
f 7532 7740 4353
f 7466 8481 7461
f 4306 4305 8481
f 7466 4306 8481
f 4307 4306 7466
f 4295 7466 4292
f 4307 7466 4299
f 4295 4299 7466
f 6187 5684 3492
f 8656 5685 5684
f 6187 8656 5684
f 8656 6184 5685
f 5195 5685 6184
f 5194 6184 6183
f 8656 6180 6184
f 5194 5195 6184
f 6185 8657 6183
f 5194 6183 8657
f 6182 6180 8656
f 8658 8656 6187
f 8658 6182 8656
f 6169 8658 6187
f 8659 7789 8660
f 6855 8660 7789
f 8174 7789 8659
f 5950 5969 5971
f 5949 5953 5969
f 5950 5949 5969
f 5947 5971 5972
f 5950 5971 5947
f 5944 5972 5973
f 5947 5972 5944
f 5938 5973 5974
f 5941 5973 5938
f 5944 5973 5941
f 5903 5974 5975
f 5938 5974 5903
f 5900 5975 5976
f 5900 5903 5975
f 5894 5976 5977
f 5897 5976 5894
f 5900 5976 5897
f 5892 5977 5978
f 5894 5977 5892
f 5920 5978 5979
f 5920 5892 5978
f 5917 5979 5980
f 5916 5920 5979
f 5917 5916 5979
f 5913 5980 5981
f 5917 5980 5913
f 5911 5981 5982
f 5913 5981 5911
f 5905 5982 5983
f 5908 5982 5905
f 5911 5982 5908
f 5870 5983 5984
f 5905 5983 5870
f 5864 5984 5985
f 5867 5870 5984
f 5864 5867 5984
f 5861 5985 5986
f 5861 5864 5985
f 5859 5986 5987
f 5859 5861 5986
f 5883 5987 5988
f 5887 5859 5987
f 5883 5887 5987
f 5884 5988 5989
f 5884 5883 5988
f 5881 5989 5990
f 5884 5989 5881
f 5875 5990 5991
f 5878 5990 5875
f 5881 5990 5878
f 5872 5991 5992
f 5875 5991 5872
f 5837 5992 5993
f 5872 5992 5837
f 5831 5993 5994
f 5834 5837 5993
f 5831 5834 5993
f 5829 5994 5995
f 5829 5831 5994
f 5826 5995 5996
f 5826 5829 5995
f 5850 5996 5997
f 5854 5826 5996
f 5850 5854 5996
f 5851 5997 5998
f 5851 5850 5997
f 5848 5998 5999
f 5851 5998 5848
f 5842 5999 6000
f 5845 5999 5842
f 5848 5999 5845
f 5839 6000 6001
f 5842 6000 5839
f 5821 6004 6005
f 5818 6005 6006
f 5818 5821 6005
f 5819 6006 6007
f 5819 5818 6006
f 5815 6007 6008
f 5819 6007 5815
f 5809 6008 6009
f 5812 6008 5809
f 5815 6008 5812
f 5806 6009 6010
f 5809 6009 5806
f 5771 6010 6011
f 5806 6010 5771
f 5765 6011 6012
f 5768 5771 6011
f 5768 6011 5765
f 5763 6012 6013
f 5765 6012 5763
f 5788 6013 6014
f 5763 6013 5760
f 5788 5760 6013
f 5785 6014 6015
f 5785 5788 6014
f 5786 6015 6016
f 5786 5785 6015
f 5782 6016 6017
f 5786 6016 5782
f 5776 6017 6018
f 5779 6017 5776
f 5782 6017 5779
f 5774 6018 6019
f 5776 6018 5774
f 5735 6019 6020
f 5774 6019 5738
f 5735 5738 6019
f 5733 6020 6021
f 5733 5735 6020
f 5730 6021 6022
f 5730 5733 6021
f 5755 6022 6023
f 5725 5730 6022
f 5755 5725 6022
f 5752 6023 6024
f 5752 5755 6023
f 5753 6024 6025
f 5753 5752 6024
f 5746 6025 5695
f 5749 6025 5746
f 5753 6025 5749
f 5746 5695 5743
f 6842 6066 6068
f 6842 4360 6066
f 4361 6066 4360
f 6842 6068 6067
f 8661 6067 2687
f 6843 6842 6067
f 8662 6843 6067
f 8662 6067 8661
f 4358 8663 2687
f 8661 2687 8663
f 8661 8663 4358
f 8662 4358 7504
f 8662 8661 4358
f 8664 7504 7503
f 8662 7504 8664
f 8665 7503 7506
f 8664 7503 8665
f 8665 7506 7511
f 8665 7511 8666
f 7514 8666 7511
f 4359 8667 4342
f 7516 4342 8667
f 4341 4342 7516
f 7499 8666 8667
f 7514 8667 8666
f 4359 7499 8667
f 7516 8667 7514
f 8668 8666 7499
f 8665 8666 8668
f 8669 7499 4359
f 7012 7499 8669
f 7012 4403 7499
f 7500 8668 7499
f 5658 4359 4360
f 5658 8669 4359
f 5658 4360 6842
f 8151 8482 114
f 8152 8151 114
f 121 8152 114
f 8483 109 108
f 6921 8483 108
f 8485 6931 109
f 6932 109 6931
f 8484 8485 109
f 8483 8484 109
f 8670 110 109
f 6932 8670 109
f 8671 6931 8485
f 8672 6929 6931
f 8671 8672 6931
f 8671 8485 8486
f 8516 4245 4249
f 4250 8516 4249
f 8673 7437 4245
f 8517 8673 4245
f 5047 5052 4242
f 5048 5047 4242
f 8674 5048 4242
f 8514 8674 4242
f 6834 3462 3503
f 3474 130 3469
f 125 111 130
f 7282 129 130
f 7277 7282 130
f 7281 7277 130
f 8675 7281 130
f 3474 8675 130
f 8676 4231 111
f 8677 8676 111
f 8678 8677 111
f 110 8678 111
f 125 102 111
f 4225 4228 4231
f 8676 5964 4231
f 4225 4222 4228
f 8679 4225 6929
f 4224 4225 8679
f 8680 8669 6929
f 8681 6929 8669
f 8682 6929 8672
f 8680 6929 8682
f 8679 6929 8681
f 8681 8669 5658
f 8683 7012 8669
f 8680 8683 8669
f 5657 5646 5658
f 8684 5658 5646
f 8681 5658 8684
f 5650 8685 5646
f 8686 5646 8685
f 8687 5645 5646
f 5657 8687 5646
f 8684 5646 8686
f 5196 8688 8685
f 8689 8685 8688
f 5196 8685 5195
f 5678 5195 8685
f 8690 8685 8691
f 8692 8691 8685
f 8693 5678 8685
f 8690 8693 8685
f 5650 8692 8685
f 8686 8685 8689
f 8694 8515 8688
f 8695 8688 8515
f 8696 8688 8697
f 435 8697 8688
f 8696 8694 8688
f 5197 435 8688
f 5196 5197 8688
f 8689 8688 8695
f 8698 8515 8516
f 8694 8513 8515
f 8695 8515 8698
f 8698 8516 4250
f 8699 5645 8687
f 8699 5664 5645
f 8699 8687 5657
f 5656 8699 5657
f 3467 3475 3464
f 3473 3464 3475
f 3473 3480 3464
f 3467 3474 3475
f 5580 3503 3504
f 6834 3503 8700
f 5583 8700 3503
f 5583 3503 5580
f 5573 3504 3505
f 5580 3504 5573
f 2576 8701 3506
f 3632 3506 8701
f 3507 2576 3506
f 8702 8703 8701
f 3628 8701 8703
f 2577 8701 2576
f 8702 8701 2577
f 3632 8701 3628
f 6834 8704 8703
f 3638 8703 8704
f 8702 6834 8703
f 3628 8703 3638
f 6834 8700 8704
f 5585 8704 8700
f 3638 8704 5585
f 5585 8700 5583
f 3507 2575 2576
f 3485 2571 2575
f 3507 3485 2575
f 3485 2574 2571
f 8702 2577 2975
f 439 5053 5054
f 8657 7748 5053
f 5194 8657 5053
f 439 5194 5053
f 8697 8705 5048
f 8706 5048 8705
f 8674 8697 5048
f 5049 5048 8706
f 435 5054 8705
f 5024 8705 5054
f 435 8705 8697
f 8707 8706 8705
f 8707 8705 5024
f 435 439 5054
f 8708 7748 8657
f 8708 7762 7748
f 6185 7756 8657
f 8708 8657 7756
f 6185 6186 7756
f 7755 8708 7756
f 3502 7940 3507
f 3467 6835 5637
f 5639 5637 6835
f 6834 3467 5637
f 5633 5637 5639
f 8709 5959 5964
f 8676 8709 5964
f 6933 5959 8709
f 8710 8709 8676
f 8711 6933 8709
f 8711 8709 8710
f 8712 8676 8677
f 8713 8710 8676
f 8712 8713 8676
f 8712 8677 8678
f 8714 8678 110
f 8714 8712 8678
f 8715 110 8670
f 8714 110 8715
f 8716 8670 6932
f 8717 8715 8670
f 8716 8717 8670
f 8716 6932 6933
f 8711 8716 6933
f 8675 6903 7281
f 8547 7281 6903
f 7280 7281 8547
f 8718 6902 6903
f 7878 8718 6903
f 7876 7878 6903
f 8675 7876 6903
f 6904 8547 6903
f 8718 7498 6902
f 8719 6831 6832
f 6839 6832 7498
f 6839 8719 6832
f 8719 7500 6831
f 7879 7498 8718
f 6840 7498 8720
f 7880 8720 7498
f 6840 6839 7498
f 7880 7498 7879
f 7877 8718 7878
f 7877 7879 8718
f 1987 7876 8675
f 8721 8722 8675
f 1983 8675 8722
f 3474 8721 8675
f 1983 1987 8675
f 8721 8723 8722
f 1993 8722 8723
f 1993 1983 8722
f 8721 8720 8723
f 7881 8723 8720
f 7881 1993 8723
f 8721 6840 8720
f 7880 7881 8720
f 7012 4404 4403
f 8724 4400 4404
f 8156 4404 7012
f 8156 8724 4404
f 8724 121 4400
f 8682 8672 8482
f 4291 8482 8672
f 8151 8682 8482
f 4280 8482 4291
f 8725 8672 8671
f 4291 8672 8725
f 8726 6843 8668
f 8664 8668 6843
f 8727 8668 7500
f 8727 8726 8668
f 8664 8665 8668
f 8726 6784 6843
f 8662 8664 6843
f 8151 8728 8682
f 7017 8682 8728
f 7018 8680 8682
f 7019 8682 7017
f 7018 8682 7019
f 8155 7014 8728
f 7015 8728 7014
f 8153 8728 8151
f 8153 8155 8728
f 7016 8728 7015
f 7017 8728 7016
f 8156 7012 7014
f 8154 8156 7014
f 8155 8154 7014
f 7015 7014 7013
f 3423 7012 8683
f 3421 7012 3423
f 7021 8683 8680
f 3422 8683 7021
f 3423 8683 3422
f 7020 8680 7018
f 7021 8680 7020
f 8729 8152 121
f 8729 7783 8152
f 8729 121 8724
f 8157 8724 8156
f 8157 8729 8724
f 6908 7500 8719
f 6909 8727 7500
f 6910 7500 6908
f 6910 6909 7500
f 6906 8719 6839
f 6907 6908 8719
f 6906 6907 8719
f 6905 6906 6839
f 6213 6784 8726
f 6213 6211 6784
f 6912 8726 8727
f 6212 6213 8726
f 6912 6212 8726
f 6911 6912 8727
f 6909 6911 8727
f 5659 6135 6837
f 6132 6837 6135
f 5659 6837 6840
f 5659 6134 6135
f 8730 7437 8673
f 8730 7436 7437
f 8730 8673 8517
f 7449 8730 8517
f 342 8697 8674
f 344 8696 8697
f 344 8697 342
f 8731 8674 8514
f 343 342 8674
f 8731 343 8674
f 8732 8514 8513
f 8733 8731 8514
f 8732 8733 8514
f 8734 8513 8694
f 8735 8732 8513
f 8734 8735 8513
f 346 8694 8696
f 8736 8734 8694
f 8736 8694 8737
f 320 8737 8694
f 320 8694 346
f 345 8696 344
f 346 8696 345
f 8692 8738 8691
f 8739 8691 8738
f 8740 8690 8691
f 8739 8740 8691
f 5675 5674 8738
f 8741 8738 5674
f 8742 8738 8692
f 8743 5675 8738
f 8742 8743 8738
f 8744 8739 8738
f 8741 8744 8738
f 8745 5674 5678
f 8746 8741 5674
f 8745 8746 5674
f 8747 5678 8693
f 8748 5678 8747
f 8748 8745 5678
f 8749 8693 8690
f 8750 8693 8749
f 8750 8747 8693
f 8751 8749 8690
f 8740 8751 8690
f 8752 2978 8692
f 2979 8692 2978
f 2981 8742 8692
f 5650 8752 8692
f 2981 8692 2979
f 8752 2976 2978
f 2979 2978 2977
f 8752 2973 2976
f 8702 2975 2973
f 8752 8702 2973
f 2984 2975 5675
f 2974 2975 2984
f 2982 5675 8743
f 2984 5675 2982
f 2980 8743 8742
f 2982 8743 2980
f 2980 8742 2981
f 5650 7340 5643
f 7339 5643 7340
f 4333 5643 7339
f 8188 6840 8721
f 8753 5659 6840
f 8188 8753 6840
f 8185 8721 3474
f 8185 8188 8721
f 8754 3474 3467
f 8185 3474 8754
f 8182 3467 6834
f 8754 3467 8182
f 8134 6834 8702
f 8182 6834 8134
f 8133 8702 8752
f 8134 8702 8133
f 8179 8752 5650
f 8179 8133 8752
f 8755 5650 5652
f 8755 8179 5650
f 8756 5652 5659
f 8756 8755 5652
f 8753 8756 5659
f 8757 343 8731
f 8757 339 343
f 8758 8731 8733
f 8758 8757 8731
f 8758 8733 8732
f 8759 8732 8735
f 8760 8732 8759
f 8758 8732 8760
f 8759 8735 8734
f 8736 8761 8734
f 8759 8734 8761
f 1630 1629 1632
f 8762 1632 1631
f 8763 1632 8762
f 8763 1630 1632
f 8764 1631 1634
f 8762 1631 8764
f 8765 1634 1636
f 8764 1634 8765
f 8766 1636 1640
f 8765 1636 8766
f 1644 1650 1640
f 8767 1640 1650
f 8766 1640 8767
f 8767 1650 8768
f 1647 8768 1650
f 8769 8770 8749
f 8771 8749 8770
f 8751 8769 8749
f 7488 8750 8749
f 8771 7488 8749
f 8772 8773 8770
f 8774 8770 8773
f 8769 8772 8770
f 8775 8771 8770
f 8774 8775 8770
f 8776 8777 8773
f 8778 8773 8777
f 8772 8776 8773
f 8779 8774 8773
f 8778 8779 8773
f 8780 8781 8777
f 8782 8777 8781
f 8783 8780 8777
f 8776 8783 8777
f 8778 8777 8782
f 8784 8781 8780
f 8785 8781 8784
f 8786 8781 8785
f 8786 8782 8781
f 8784 8780 8783
f 8787 8783 8776
f 8788 8784 8783
f 8788 8783 8787
f 8774 8776 8772
f 8779 8776 8774
f 8787 8776 8779
f 8775 8772 8769
f 8774 8772 8775
f 8771 8769 8751
f 8775 8769 8771
f 8789 8751 8740
f 8790 8771 8751
f 8790 8751 8789
f 8791 8740 8739
f 8789 8740 8791
f 8792 8739 8744
f 8791 8739 8792
f 8793 8747 8750
f 8794 8747 8793
f 8748 8747 8794
f 7488 8793 8750
f 1688 1683 2725
f 3930 1688 2725
f 1762 2717 3855
f 1762 1761 2717
f 1790 3855 3857
f 8795 1762 3855
f 1790 8795 3855
f 1791 3857 3860
f 1791 1790 3857
f 8796 3860 3863
f 1795 3860 8796
f 1795 1791 3860
f 8797 3863 3866
f 8797 8796 3863
f 8798 3866 3869
f 8798 8797 3866
f 8799 3869 3872
f 8799 8798 3869
f 2849 3872 2851
f 2849 8799 3872
f 3950 2831 3879
f 3950 2860 2831
f 3949 3879 3882
f 3949 3950 3879
f 3948 3882 3885
f 3948 3949 3882
f 2812 3885 2815
f 2812 3948 3885
f 3947 2794 3891
f 3947 2825 2794
f 3946 3891 3894
f 3946 3947 3891
f 3945 3894 3897
f 3945 3946 3894
f 2776 3897 2778
f 2776 3945 3897
f 3944 2758 3903
f 3944 2788 2758
f 3943 3903 3906
f 3943 3944 3903
f 3942 3906 3909
f 3942 3943 3906
f 2884 3909 2886
f 2884 3942 3909
f 3941 2866 3914
f 3941 2896 2866
f 3940 3914 3919
f 3940 3941 3914
f 3939 3919 3922
f 3939 3940 3919
f 2740 3922 2742
f 2740 3939 3922
f 1690 8800 2723
f 3938 2723 8800
f 1691 1690 2723
f 3938 2752 2723
f 1694 8801 8800
f 3937 8800 8801
f 1690 1694 8800
f 3937 3938 8800
f 1697 8802 8801
f 3936 8801 8802
f 1693 1697 8801
f 1694 1693 8801
f 3936 3937 8801
f 1696 8803 8802
f 3935 8802 8803
f 1697 1696 8802
f 3935 3936 8802
f 1700 8804 8803
f 3934 8803 8804
f 1696 1700 8803
f 3934 3935 8803
f 1699 8805 8804
f 3932 8804 8805
f 1700 1699 8804
f 3932 3934 8804
f 1703 1686 8805
f 3933 8805 1686
f 1699 1703 8805
f 3933 3932 8805
f 8806 3933 1686
f 1689 8806 1686
f 3931 3933 8806
f 3931 3929 3933
f 1689 1688 8806
f 3930 8806 1688
f 3930 3931 8806
f 1794 8796 8797
f 1794 1795 8796
f 7743 8797 8798
f 8807 8808 8797
f 1777 8797 8808
f 7743 8807 8797
f 1794 8797 1777
f 7742 8798 8799
f 7743 8798 7742
f 2852 8799 2849
f 7742 8799 2852
f 8660 8767 8768
f 8809 8660 8768
f 8810 8809 8768
f 8810 8768 1647
f 8811 8766 8767
f 8660 8811 8767
f 8544 8765 8766
f 8811 8544 8766
f 8812 8764 8765
f 8544 8812 8765
f 8813 8762 8764
f 4299 8813 8764
f 8812 4299 8764
f 7775 8762 8813
f 7775 8763 8762
f 7775 8813 4299
f 4309 4299 8812
f 4307 4299 4309
f 7775 4299 4298
f 8149 8812 8544
f 8129 8812 8149
f 4309 8812 8129
f 8545 8544 8811
f 8543 8149 8544
f 8113 8811 8660
f 8814 8811 8113
f 8545 8811 8814
f 8809 8659 8660
f 8815 8660 6855
f 8816 8660 8815
f 8113 8660 8112
f 8816 8112 8660
f 8810 8659 8809
f 7807 8659 8810
f 8174 8659 8172
f 7807 8172 8659
f 7772 8817 7767
f 8818 7767 8817
f 8818 7770 7767
f 7775 8817 7772
f 4297 8817 4298
f 7775 4298 8817
f 7781 8817 4297
f 7781 8818 8817
f 7817 3697 3698
f 7818 3741 3742
f 8543 8819 8149
f 8538 8149 8819
f 8148 8149 8538
f 8150 8129 8149
f 8543 7073 8819
f 7074 8819 7073
f 8538 8819 7074
f 4384 7073 8542
f 7072 7074 7073
f 8820 8821 8822
f 6827 8822 8821
f 8823 8820 8822
f 8824 8822 6827
f 8825 8822 8824
f 8823 8822 8826
f 8825 8826 8822
f 8827 8828 8821
f 6827 8821 8828
f 8820 8827 8821
f 8829 8830 8828
f 6826 8828 8830
f 8827 8829 8828
f 6827 8828 6826
f 8831 8832 8830
f 6826 8830 8832
f 8829 8831 8830
f 8833 8834 8832
f 8835 8832 8834
f 8831 8833 8832
f 8835 6826 8832
f 8836 8837 8834
f 8835 8834 8837
f 8833 8836 8834
f 229 235 8837
f 8488 8837 235
f 8836 229 8837
f 8488 8835 8837
f 8488 235 234
f 8487 234 238
f 8487 8488 234
f 8838 238 243
f 8839 8487 238
f 8839 238 8838
f 8840 243 246
f 8840 8838 243
f 8841 246 249
f 8840 246 8841
f 251 8842 249
f 8843 249 8842
f 8841 249 8843
f 8844 8845 8842
f 8846 8842 8845
f 251 8844 8842
f 8843 8842 8846
f 8847 8848 8845
f 8849 8845 8848
f 8844 8847 8845
f 8846 8845 8849
f 169 175 8848
f 8850 8848 175
f 8851 169 8848
f 8847 8851 8848
f 8849 8848 8850
f 232 175 174
f 8850 175 232
f 230 174 178
f 232 174 230
f 255 178 183
f 230 178 255
f 254 183 186
f 255 183 254
f 253 186 190
f 254 186 253
f 191 8852 190
f 252 190 8852
f 253 190 252
f 8853 8854 8852
f 8855 8852 8854
f 191 8853 8852
f 252 8852 8855
f 8856 8857 8854
f 8858 8854 8857
f 8859 8856 8854
f 8853 8859 8854
f 8855 8854 8858
f 259 265 8857
f 8860 8857 265
f 8856 259 8857
f 8858 8857 8860
f 172 265 264
f 8860 265 172
f 170 264 270
f 172 264 170
f 195 270 273
f 170 270 195
f 194 273 276
f 195 273 194
f 193 276 280
f 194 276 193
f 281 8861 280
f 192 280 8861
f 193 280 192
f 8862 8863 8861
f 8864 8861 8863
f 281 8862 8861
f 192 8861 8864
f 8865 8866 8863
f 8867 8863 8866
f 8868 8865 8863
f 8862 8868 8863
f 8864 8863 8867
f 350 356 8866
f 8869 8866 356
f 8865 350 8866
f 8867 8866 8869
f 262 356 355
f 8869 356 262
f 260 355 361
f 262 355 260
f 285 361 364
f 260 361 285
f 284 364 367
f 285 364 284
f 282 367 371
f 284 367 282
f 372 8870 371
f 283 371 8870
f 282 371 283
f 8871 8872 8870
f 8873 8870 8872
f 372 8871 8870
f 283 8870 8873
f 8874 8875 8872
f 8876 8872 8875
f 8877 8874 8872
f 8871 8877 8872
f 8873 8872 8876
f 199 205 8875
f 8878 8875 205
f 8874 199 8875
f 8876 8875 8878
f 353 205 204
f 8878 205 353
f 351 204 210
f 353 204 351
f 376 210 213
f 351 210 376
f 375 213 216
f 376 213 375
f 373 216 220
f 375 216 373
f 221 8879 220
f 374 220 8879
f 373 220 374
f 8880 8881 8879
f 8882 8879 8881
f 221 8880 8879
f 374 8879 8882
f 8883 8884 8881
f 8885 8881 8884
f 8886 8883 8881
f 8880 8886 8881
f 8882 8881 8885
f 289 293 8884
f 8887 8884 293
f 8883 289 8884
f 8885 8884 8887
f 202 293 296
f 8887 293 202
f 200 296 299
f 202 296 200
f 225 299 302
f 200 299 225
f 224 302 307
f 225 302 224
f 222 307 309
f 224 307 222
f 310 8888 309
f 223 309 8888
f 222 309 223
f 8889 8890 8888
f 8891 8888 8890
f 8892 8889 8888
f 310 8892 8888
f 223 8888 8891
f 8893 8894 8890
f 8895 8890 8894
f 8889 8893 8890
f 8891 8890 8895
f 319 324 8894
f 8896 8894 324
f 8893 319 8894
f 8895 8894 8896
f 290 324 327
f 8896 324 290
f 315 327 330
f 290 327 315
f 314 330 333
f 315 330 314
f 313 333 338
f 314 333 313
f 311 338 340
f 313 338 311
f 341 8897 340
f 312 340 8897
f 311 340 312
f 8898 8899 8897
f 8900 8897 8899
f 8901 8898 8897
f 341 8901 8897
f 312 8897 8900
f 8760 8761 8899
f 8902 8899 8761
f 8898 8760 8899
f 8900 8899 8903
f 8902 8903 8899
f 8736 8737 8761
f 322 8761 8737
f 8760 8759 8761
f 322 8904 8761
f 8902 8761 8904
f 322 8737 320
f 8758 8760 8898
f 8757 8898 8901
f 8758 8898 8757
f 339 8901 341
f 8757 8901 339
f 321 319 8893
f 8905 8893 8889
f 321 8893 8905
f 8906 8889 8892
f 8905 8889 8906
f 8907 8892 310
f 8906 8892 8907
f 8907 310 308
f 291 289 8883
f 8908 8883 8886
f 291 8883 8908
f 8909 8886 8880
f 8908 8886 8909
f 8910 8880 221
f 8909 8880 8910
f 8910 221 219
f 201 199 8874
f 8911 8874 8877
f 201 8874 8911
f 8912 8877 8871
f 8911 8877 8912
f 8913 8871 372
f 8912 8871 8913
f 8913 372 370
f 352 350 8865
f 8914 8865 8868
f 352 8865 8914
f 8915 8868 8862
f 8914 8868 8915
f 8916 8862 281
f 8915 8862 8916
f 8916 281 279
f 261 259 8856
f 8917 8856 8859
f 261 8856 8917
f 8918 8859 8853
f 8917 8859 8918
f 8919 8853 191
f 8918 8853 8919
f 8919 191 189
f 171 169 8851
f 8920 8851 8847
f 171 8851 8920
f 8921 8847 8844
f 8920 8847 8921
f 8922 8844 251
f 8921 8844 8922
f 8922 251 250
f 231 229 8836
f 8923 8836 8833
f 231 8836 8923
f 8924 8833 8831
f 8923 8833 8924
f 8925 8831 8829
f 8924 8831 8925
f 8926 8829 8827
f 8925 8829 8926
f 8823 8827 8820
f 8926 8827 8823
f 8927 8928 8929
f 8930 8929 8928
f 8931 8927 8929
f 8932 8931 8929
f 8933 8932 8929
f 8930 8933 8929
f 8927 8934 8928
f 8935 8928 8934
f 8935 8930 8928
f 8936 8937 8934
f 8938 8934 8937
f 8927 8936 8934
f 8938 8935 8934
f 8939 8940 8937
f 8941 8937 8940
f 8936 8939 8937
f 8942 8938 8937
f 8941 8942 8937
f 8943 8944 8940
f 8945 8940 8944
f 8939 8943 8940
f 8945 8941 8940
f 8946 8947 8944
f 8945 8944 8947
f 8948 8946 8944
f 8943 8948 8944
f 8949 8947 8946
f 8949 8950 8947
f 8951 8947 8950
f 8951 8945 8947
f 1719 8946 8948
f 1722 8946 1719
f 1706 8946 1722
f 8949 8946 1706
f 1721 8948 8943
f 1719 8948 1721
f 1721 8943 8939
f 1715 8939 8936
f 1721 8939 1715
f 8952 8936 8927
f 8952 1715 8936
f 8953 8927 8931
f 8952 8927 8953
f 8932 8954 8931
f 8955 8931 8954
f 8955 8953 8931
f 8956 8957 8958
f 8959 8958 8957
f 8960 8956 8958
f 8961 8960 8958
f 8962 8961 8958
f 8959 8962 8958
f 8956 8963 8957
f 8964 8957 8963
f 8965 8959 8957
f 8964 8965 8957
f 8966 8967 8963
f 8968 8963 8967
f 8956 8966 8963
f 8968 8964 8963
f 8969 8970 8967
f 8971 8967 8970
f 8966 8969 8967
f 8972 8968 8967
f 8971 8972 8967
f 8973 8974 8970
f 8975 8970 8974
f 8969 8973 8970
f 8975 8971 8970
f 8976 8977 8974
f 8978 8974 8977
f 8979 8976 8974
f 8973 8979 8974
f 8980 8975 8974
f 8978 8980 8974
f 8981 8977 8976
f 8982 8977 8981
f 8983 8977 8982
f 8983 8978 8977
f 8984 8976 8979
f 8985 8981 8976
f 8984 8985 8976
f 8986 8979 8973
f 8986 8984 8979
f 8987 8973 8969
f 8987 8986 8973
f 8988 8969 8966
f 8988 8987 8969
f 8989 8966 8956
f 8990 8988 8966
f 8989 8990 8966
f 8991 8956 8960
f 8991 8989 8956
f 8961 8992 8960
f 8993 8960 8992
f 8993 8991 8960
f 8994 8995 8996
f 8997 8996 8995
f 8998 8994 8996
f 8999 8998 8996
f 9000 8999 8996
f 8997 9000 8996
f 8994 9001 8995
f 9002 8995 9001
f 9002 8997 8995
f 9003 9004 9001
f 9005 9001 9004
f 8994 9003 9001
f 9005 9002 9001
f 9006 9007 9004
f 9008 9004 9007
f 9003 9006 9004
f 9008 9005 9004
f 9009 9010 9007
f 9011 9007 9010
f 9006 9009 9007
f 9011 9008 9007
f 9012 9013 9010
f 9014 9010 9013
f 9015 9012 9010
f 9009 9015 9010
f 9014 9011 9010
f 9016 9013 9012
f 9017 9013 9016
f 9018 9013 9017
f 9018 9014 9013
f 9019 9012 9015
f 9019 9016 9012
f 9020 9015 9009
f 9020 9019 9015
f 9021 9009 9006
f 9021 9020 9009
f 9022 9006 9003
f 9022 9021 9006
f 9023 9003 8994
f 9023 9022 9003
f 9024 8994 8998
f 9024 9023 8994
f 9025 8998 8999
f 9026 8998 9025
f 9027 9024 8998
f 9026 9027 8998
f 9028 9029 9030
f 9031 9030 9029
f 9032 9028 9030
f 9033 9032 9030
f 9034 9033 9030
f 9031 9034 9030
f 9028 9035 9029
f 9036 9029 9035
f 9036 9031 9029
f 9037 9038 9035
f 9036 9035 9038
f 9028 9037 9035
f 9039 9040 9038
f 9041 9038 9040
f 9037 9039 9038
f 9041 9036 9038
f 9042 9043 9040
f 9044 9040 9043
f 9039 9042 9040
f 9044 9041 9040
f 9045 9046 9043
f 9047 9043 9046
f 9048 9045 9043
f 9042 9048 9043
f 9047 9044 9043
f 9049 9046 9045
f 9050 9046 9049
f 9047 9046 9050
f 9051 9045 9048
f 9052 9049 9045
f 9051 9052 9045
f 9053 9048 9042
f 9053 9051 9048
f 9054 9042 9039
f 9054 9053 9042
f 9055 9039 9037
f 9056 9054 9039
f 9055 9056 9039
f 9057 9037 9028
f 9057 9055 9037
f 9058 9028 9032
f 9059 9057 9028
f 9058 9059 9028
f 9033 9060 9032
f 9061 9032 9060
f 9061 9058 9032
f 9062 9063 9064
f 9065 9064 9063
f 9066 9062 9064
f 9067 9066 9064
f 9068 9067 9064
f 9065 9068 9064
f 9062 9069 9063
f 9070 9063 9069
f 9070 9065 9063
f 9071 9072 9069
f 9073 9069 9072
f 9062 9071 9069
f 9074 9070 9069
f 9073 9074 9069
f 9075 9076 9072
f 9077 9072 9076
f 9071 9075 9072
f 9077 9073 9072
f 9078 9079 9076
f 9077 9076 9079
f 9075 9078 9076
f 9080 9081 9079
f 9082 9079 9081
f 9083 9080 9079
f 9078 9083 9079
f 9082 9077 9079
f 9084 9081 9080
f 9085 9081 9084
f 9086 9081 9085
f 9086 9082 9081
f 9087 9080 9083
f 9088 9084 9080
f 9087 9088 9080
f 9089 9083 9078
f 9089 9087 9083
f 9090 9078 9075
f 9090 9089 9078
f 9091 9075 9071
f 9091 9090 9075
f 9092 9071 9062
f 9092 9091 9071
f 9093 9062 9066
f 9093 9092 9062
f 9067 9094 9066
f 9095 9066 9094
f 9095 9093 9066
f 8150 8146 8520
f 8150 8520 8521
f 792 8521 1199
f 8150 8521 792
f 1197 662 665
f 1279 1281 1278
f 8185 4412 8188
f 9096 9097 9098
f 8493 9098 9097
f 9099 9096 9098
f 9100 9099 9098
f 9101 9100 9098
f 6819 9101 9098
f 8794 6819 9098
f 8745 8794 9098
f 7470 8745 9098
f 7470 9098 8493
f 9102 9103 9097
f 9104 9097 9103
f 9096 9102 9097
f 9105 8493 9097
f 9104 9105 9097
f 9106 9107 9103
f 9108 9103 9107
f 9102 9106 9103
f 9109 9104 9103
f 9108 9109 9103
f 9110 9111 9107
f 9112 9107 9111
f 9113 9110 9107
f 9106 9113 9107
f 9108 9107 9114
f 9112 9114 9107
f 9115 9111 9110
f 9116 9111 9117
f 9118 9117 9111
f 9112 9111 9116
f 9115 9118 9111
f 9115 9110 9113
f 9119 9113 9106
f 9120 9113 9119
f 9115 9113 9120
f 9109 9106 9102
f 8509 9106 9109
f 9119 9106 8509
f 9104 9102 9096
f 9109 9102 9104
f 9105 9096 9099
f 9104 9096 9105
f 8493 9099 9100
f 9105 9099 8493
f 9101 9121 9100
f 8494 9100 9121
f 8494 8493 9100
f 9122 9123 9121
f 9124 9121 9123
f 9101 9122 9121
f 8494 9121 9124
f 9125 9126 9123
f 9127 9123 9126
f 9128 9125 9123
f 9122 9128 9123
f 9124 9123 9127
f 9129 9126 9125
f 9130 9126 9129
f 9131 9126 9130
f 9132 9126 9131
f 9127 9126 9132
f 9129 9125 9128
f 9130 9128 9122
f 9130 9129 9128
f 9133 9122 9101
f 9133 9130 9122
f 9133 9101 6819
f 8794 6818 6819
f 9134 9133 6819
f 6817 6825 6819
f 9134 6819 7807
f 8793 6820 6818
f 8794 8793 6818
f 7488 6820 8793
f 9135 6816 6820
f 7488 9135 6820
f 8748 8794 8745
f 9136 1708 1704
f 9136 1704 9137
f 1710 9137 1704
f 8952 1716 1715
f 8949 1706 1708
f 8949 1708 9136
f 8961 9138 8992
f 9139 8992 9138
f 9139 8993 8992
f 9140 9141 9138
f 9142 9138 9141
f 8961 9140 9138
f 9142 9139 9138
f 9143 9144 9141
f 9145 9141 9144
f 9140 9143 9141
f 9145 9142 9141
f 9146 9049 9144
f 9052 9144 9049
f 9143 9146 9144
f 9052 9145 9144
f 9146 9050 9049
f 9147 9050 9146
f 9147 9047 9050
f 9148 9146 9143
f 9148 9147 9146
f 9149 9143 9140
f 9149 9148 9143
f 8962 9140 8961
f 8962 9149 9140
f 8949 9150 8950
f 9151 8950 9150
f 9152 8951 8950
f 9151 9152 8950
f 9136 9153 9150
f 9154 9150 9153
f 8949 9136 9150
f 9155 9151 9150
f 9154 9155 9150
f 9137 9156 9153
f 9157 9153 9156
f 9136 9137 9153
f 9157 9154 9153
f 9158 9159 9156
f 9160 9156 9159
f 9137 9158 9156
f 9157 9156 9160
f 9161 9162 9159
f 9163 9159 9162
f 9158 9161 9159
f 9160 9159 9163
f 1711 9164 9162
f 9165 9162 9164
f 9161 1711 9162
f 9163 9162 9165
f 1717 1716 9164
f 9166 9164 1716
f 1711 1717 9164
f 9165 9164 9166
f 8952 9166 1716
f 1712 1711 9161
f 1709 9161 9158
f 1712 9161 1709
f 1710 9158 9137
f 1709 9158 1710
f 9033 9167 9060
f 9061 9060 9167
f 9168 9169 9167
f 9170 9167 9169
f 9033 9168 9167
f 9170 9061 9167
f 9171 9172 9169
f 9173 9169 9172
f 9168 9171 9169
f 9173 9170 9169
f 9174 9016 9172
f 9175 9172 9016
f 9171 9174 9172
f 9175 9173 9172
f 9174 9017 9016
f 9019 9175 9016
f 9176 9017 9174
f 9177 9018 9017
f 9176 9177 9017
f 9178 9174 9171
f 9178 9176 9174
f 9179 9171 9168
f 9179 9178 9171
f 9180 9168 9033
f 9180 9179 9168
f 9034 9180 9033
f 8932 9181 8954
f 9182 8954 9181
f 9182 8955 8954
f 9183 9184 9181
f 9185 9181 9184
f 8932 9183 9181
f 9185 9182 9181
f 9186 9187 9184
f 9188 9184 9187
f 9183 9186 9184
f 9188 9185 9184
f 9189 9084 9187
f 9190 9187 9084
f 9186 9189 9187
f 9190 9188 9187
f 9189 9085 9084
f 9191 9190 9084
f 9088 9191 9084
f 9192 9085 9189
f 9192 9086 9085
f 9193 9189 9186
f 9193 9192 9189
f 9194 9186 9183
f 9194 9193 9186
f 9195 9183 8932
f 9195 9194 9183
f 8933 9195 8932
f 9196 9197 8808
f 9198 8808 9197
f 9199 9196 8808
f 8807 9199 8808
f 1777 8808 9198
f 9200 9201 9197
f 9202 9197 9201
f 9196 9200 9197
f 9198 9197 9202
f 9203 9204 9201
f 9205 9201 9204
f 9200 9203 9201
f 9202 9201 9205
f 9206 9207 9204
f 8795 9204 9207
f 9203 9206 9204
f 9205 9204 8795
f 9208 8999 9207
f 9209 9207 8999
f 9206 9208 9207
f 9209 8795 9207
f 9208 9025 8999
f 9210 9209 8999
f 9000 9210 8999
f 9211 9025 9208
f 9211 9026 9025
f 9212 9208 9206
f 9213 9211 9208
f 9212 9213 9208
f 9214 9206 9203
f 9214 9212 9206
f 9215 9203 9200
f 9215 9214 9203
f 9216 9200 9196
f 9216 9215 9200
f 9217 9196 9199
f 9217 9216 9196
f 8807 9218 9199
f 9219 9199 9218
f 9219 9217 9199
f 7743 9218 8807
f 9220 9218 46
f 1796 46 9218
f 1796 9218 7743
f 9221 9218 9220
f 9221 9219 9218
f 9067 9222 9094
f 9223 9094 9222
f 9223 9095 9094
f 9224 9225 9222
f 9226 9222 9225
f 9067 9224 9222
f 9226 9223 9222
f 9227 9228 9225
f 9226 9225 9228
f 9224 9227 9225
f 9229 8981 9228
f 9230 9228 8981
f 9227 9229 9228
f 9230 9226 9228
f 9229 8982 8981
f 8985 9230 8981
f 9231 8982 9229
f 9232 8983 8982
f 9231 9232 8982
f 9233 9229 9227
f 9233 9231 9229
f 9234 9227 9224
f 9235 9233 9227
f 9234 9235 9227
f 9068 9224 9067
f 9068 9234 9224
f 1884 6828 1881
f 9236 9237 7937
f 9238 7937 9237
f 7942 9236 7937
f 7941 7937 9238
f 9239 9240 9237
f 9241 9237 9240
f 9236 9239 9237
f 9238 9237 9242
f 9241 9242 9237
f 9243 9244 9240
f 9245 9240 9244
f 9246 9243 9240
f 9239 9246 9240
f 9241 9240 9245
f 9247 9244 9243
f 9248 9244 9247
f 9249 9245 9244
f 9248 9249 9244
f 9247 9243 9246
f 9250 9246 9239
f 9250 9251 9246
f 9247 9246 9251
f 9238 9239 9236
f 9242 9250 9239
f 9238 9242 9239
f 7941 9236 7942
f 7941 9238 9236
f 6607 6645 6644
f 6608 6607 6644
f 6611 6643 6645
f 6607 6611 6645
f 4283 4284 6643
f 6611 4283 6643
f 9252 4284 4285
f 6641 4284 9252
f 4286 4283 6617
f 141 1410 1413
f 155 1407 1410
f 141 155 1410
f 155 154 1407
f 8754 155 141
f 8754 156 155
f 8754 141 8184
f 6126 9253 6125
f 5386 6125 9253
f 5388 6125 5386
f 6126 5385 9253
f 5386 9253 5385
f 6126 5384 5385
f 5402 5383 5384
f 6126 5402 5384
f 5399 5382 5383
f 5402 5399 5383
f 5405 5381 5382
f 5399 5405 5382
f 5302 5378 5381
f 5405 5302 5381
f 5309 5391 5378
f 5302 5309 5378
f 6118 6128 5391
f 5309 6118 5391
f 6120 6127 6128
f 6118 6120 6128
f 5445 5409 6127
f 6120 5445 6127
f 5442 5407 5409
f 5445 5442 5409
f 5448 5406 5407
f 5442 5448 5407
f 5279 5306 5406
f 5448 5279 5406
f 5275 5303 5306
f 5279 5275 5306
f 5285 5312 5303
f 5275 5285 5303
f 6101 6122 5312
f 5285 6101 5312
f 6103 6121 6122
f 6101 6103 6122
f 5459 5451 6121
f 6103 5459 6121
f 5456 5450 5451
f 5459 5456 5451
f 5462 5449 5450
f 5456 5462 5450
f 5289 5280 5449
f 5462 5289 5449
f 5297 5276 5280
f 5289 5297 5280
f 6084 6105 5276
f 5297 6084 5276
f 6085 6104 6105
f 6084 6085 6105
f 5489 5467 6104
f 6085 5489 6104
f 5486 5465 5467
f 5489 5486 5467
f 5491 5464 5465
f 5486 5491 5465
f 5348 5463 5464
f 5491 5348 5464
f 5344 5290 5463
f 5348 5344 5463
f 5354 5298 5290
f 5344 5354 5290
f 6114 6087 5298
f 5354 6114 5298
f 6115 6086 6087
f 6114 6115 6087
f 6115 5496 6086
f 5474 5494 5496
f 6115 5474 5496
f 5471 5493 5494
f 5474 5471 5494
f 5476 5349 5493
f 5471 5476 5493
f 5316 5345 5349
f 5476 5316 5349
f 5325 5355 5345
f 5316 5325 5345
f 6108 6116 5355
f 5325 6108 5355
f 6109 5482 6116
f 6108 6109 6116
f 5416 5480 5482
f 6109 5416 5482
f 5413 5479 5480
f 5416 5413 5480
f 5418 5478 5479
f 5413 5418 5479
f 5238 5320 5478
f 5418 5238 5478
f 5234 5317 5320
f 5238 5234 5320
f 5243 6111 5317
f 5234 5243 5317
f 6089 6110 6111
f 5243 6089 6111
f 6091 5424 6110
f 6089 6091 6110
f 5518 5422 5424
f 6091 5518 5424
f 5515 5421 5422
f 5518 5515 5422
f 5521 5420 5421
f 5515 5521 5421
f 5248 5235 5420
f 5521 5248 5420
f 5257 5244 5235
f 5248 5257 5235
f 6095 6093 5244
f 5257 6095 5244
f 6097 6092 6093
f 6095 6097 6093
f 5431 5525 6092
f 6097 5431 6092
f 5428 5523 5525
f 5431 5428 5525
f 5434 5522 5523
f 5428 5434 5523
f 5224 5252 5522
f 5434 5224 5522
f 5220 5249 5252
f 5224 5220 5252
f 5230 5258 5249
f 5220 5230 5249
f 6155 6099 5258
f 5230 6155 5258
f 6156 6098 6099
f 6155 6156 6099
f 5503 5437 6098
f 6156 5503 6098
f 5500 5436 5437
f 5503 5500 5437
f 5505 5435 5436
f 5500 5505 5436
f 5262 5225 5435
f 5505 5262 5435
f 5270 5221 5225
f 5262 5270 5225
f 6078 6158 5221
f 5270 6078 5221
f 6079 6157 6158
f 6078 6079 6158
f 5532 5511 6157
f 6079 5532 6157
f 5532 5509 5511
f 5529 5508 5509
f 5532 5529 5509
f 5534 5507 5508
f 5529 5534 5508
f 5333 5263 5507
f 5534 5333 5507
f 5329 5271 5263
f 5333 5329 5263
f 5339 6081 5271
f 5329 5339 5271
f 6147 6080 6081
f 5339 6147 6081
f 6148 5539 6080
f 6147 6148 6080
f 6149 5537 5539
f 6148 6149 5539
f 9254 5536 5537
f 6150 9254 5537
f 6149 6150 5537
f 6151 5536 9254
f 6151 9254 6150
f 8953 9165 9166
f 8952 8953 9166
f 8953 9163 9165
f 9255 9160 9163
f 8953 9255 9163
f 8955 9160 9255
f 9182 9157 9160
f 9182 9160 8955
f 8955 9255 8953
f 9256 3371 3375
f 3267 9256 3375
f 9257 3267 3375
f 3378 9257 3375
f 9256 7042 3371
f 3271 7041 7042
f 9256 3271 7042
f 6059 7038 7041
f 3271 6059 7041
f 6059 7035 7038
f 6058 3278 7035
f 6059 6058 7035
f 7774 3278 6058
f 3276 3278 7774
f 4301 6059 3271
f 4301 3271 3270
f 9256 3272 3271
f 3267 3272 9256
f 9257 3264 3267
f 3378 3264 9257
f 3383 3259 3264
f 3378 3383 3264
f 9258 9259 7929
f 8110 7929 9259
f 7933 9258 7929
f 7931 7929 8110
f 9260 9261 9259
f 8108 9259 9261
f 9258 9260 9259
f 8110 9259 8108
f 9260 9262 9261
f 8108 9261 9262
f 9263 9264 9262
f 9265 9262 9264
f 9260 9263 9262
f 3516 9262 9265
f 8108 9262 8098
f 3516 8098 9262
f 9266 9267 9264
f 9268 9264 9267
f 9263 9266 9264
f 9265 9264 9268
f 7975 7976 9267
f 9269 9267 7976
f 9266 7975 9267
f 9268 9267 9269
f 9269 7976 7974
f 9270 9271 7968
f 9272 7968 9271
f 7971 9270 7968
f 7969 7968 9272
f 9270 9273 9271
f 9274 9271 9273
f 9272 9271 9274
f 9275 9276 9273
f 9274 9273 9276
f 9270 9275 9273
f 9277 9278 9276
f 9279 9276 9278
f 9275 9277 9276
f 3516 9276 9279
f 9274 9276 9265
f 3516 9265 9276
f 9280 9281 9278
f 9282 9278 9281
f 9277 9280 9278
f 9279 9278 9282
f 9280 7997 9281
f 9283 9281 7997
f 9282 9281 9283
f 9280 7996 7997
f 9283 7997 7995
f 9284 9285 7988
f 9286 7988 9285
f 7992 9284 7988
f 7989 7988 9286
f 9284 9287 9285
f 9288 9285 9287
f 9286 9285 9288
f 9289 9290 9287
f 9288 9287 9290
f 9284 9289 9287
f 9291 9292 9290
f 9293 9290 9292
f 9289 9291 9290
f 3516 9290 9293
f 9288 9290 9279
f 3516 9279 9290
f 9294 9295 9292
f 9296 9292 9295
f 9291 9294 9292
f 9293 9292 9296
f 9294 8019 9295
f 9297 9295 8019
f 9296 9295 9297
f 9294 8018 8019
f 9297 8019 8017
f 9298 9299 8010
f 9300 8010 9299
f 8014 9298 8010
f 8011 8010 9300
f 9298 9301 9299
f 9302 9299 9301
f 9300 9299 9302
f 9303 9304 9301
f 9302 9301 9304
f 9298 9303 9301
f 9305 9306 9304
f 9307 9304 9306
f 9303 9305 9304
f 3516 9304 9307
f 9302 9304 9293
f 3516 9293 9304
f 9308 9309 9306
f 9310 9306 9309
f 9305 9308 9306
f 9307 9306 9310
f 9308 8041 9309
f 9311 9309 8041
f 9310 9309 9311
f 9308 8040 8041
f 9311 8041 8039
f 8036 9312 8032
f 9313 8032 9312
f 8033 8032 9313
f 9314 9315 9312
f 9316 9312 9315
f 8036 9314 9312
f 9313 9312 9316
f 9317 9318 9315
f 9316 9315 9318
f 9314 9317 9315
f 9319 9320 9318
f 9321 9318 9320
f 9317 9319 9318
f 3516 9318 9321
f 9316 9318 9307
f 3516 9307 9318
f 9319 9322 9320
f 9323 9320 9322
f 9323 9321 9320
f 9324 8063 9322
f 9325 9322 8063
f 9319 9324 9322
f 9325 9323 9322
f 9324 8062 8063
f 8061 9325 8063
f 8058 9326 8054
f 9327 8054 9326
f 8055 8054 9327
f 9328 9329 9326
f 9330 9326 9329
f 8058 9328 9326
f 9327 9326 9330
f 9331 9332 9329
f 9330 9329 9332
f 9328 9331 9329
f 9333 9334 9332
f 9335 9332 9334
f 9331 9333 9332
f 9330 9332 9321
f 3516 9321 9332
f 3516 9332 9335
f 9333 9336 9334
f 9337 9334 9336
f 9335 9334 9337
f 9338 8084 9336
f 9339 9336 8084
f 9333 9338 9336
f 9337 9336 9339
f 9338 8083 8084
f 9339 8084 8082
f 9340 9341 8076
f 9342 8076 9341
f 8079 9340 8076
f 8077 8076 9342
f 9247 9251 9341
f 9343 9341 9251
f 9340 9247 9341
f 9342 9341 9343
f 9343 9251 9250
f 9245 9250 9242
f 3516 9250 9245
f 9343 9250 9335
f 3516 9335 9250
f 9241 9245 9242
f 9344 3511 3510
f 8094 3511 9344
f 9249 3510 3512
f 9344 3510 9249
f 9249 3512 3514
f 9345 3514 3513
f 9249 3514 9245
f 3516 9245 3514
f 3516 3514 9345
f 3516 9345 3513
f 9248 9247 9340
f 8095 9340 8079
f 9248 9340 8095
f 8093 8079 8080
f 8095 8079 8093
f 8090 8080 8081
f 8093 8080 8090
f 8086 8081 8083
f 8090 8081 8086
f 8087 8083 9338
f 8086 8083 8087
f 9346 9338 9333
f 8087 9338 9346
f 9347 9333 9331
f 9346 9333 9347
f 9348 9331 9328
f 9347 9331 9348
f 9349 9328 8058
f 9348 9328 9349
f 8078 8058 8057
f 9349 8058 8078
f 8075 8057 8059
f 8078 8057 8075
f 8070 8059 8060
f 8075 8059 8070
f 8066 8060 8062
f 8070 8060 8066
f 8067 8062 9324
f 8066 8062 8067
f 9350 9324 9319
f 8067 9324 9350
f 9351 9319 9317
f 9350 9319 9351
f 9352 9317 9314
f 9351 9317 9352
f 9353 9314 8036
f 9352 9314 9353
f 8056 8036 8035
f 9353 8036 8056
f 8051 8035 8037
f 8056 8035 8051
f 8048 8037 8038
f 8051 8037 8048
f 8044 8038 8040
f 8048 8038 8044
f 8045 8040 9308
f 8044 8040 8045
f 9354 9308 9305
f 8045 9308 9354
f 9355 9305 9303
f 9354 9305 9355
f 9356 9303 9298
f 9355 9303 9356
f 9357 9298 8014
f 9356 9298 9357
f 8034 8014 8013
f 9357 8014 8034
f 8029 8013 8015
f 8034 8013 8029
f 8026 8015 8016
f 8029 8015 8026
f 8022 8016 8018
f 8026 8016 8022
f 8023 8018 9294
f 8022 8018 8023
f 9358 9294 9291
f 8023 9294 9358
f 9359 9291 9289
f 9358 9291 9359
f 9360 9289 9284
f 9359 9289 9360
f 9361 9284 7992
f 9360 9284 9361
f 8012 7992 7991
f 9361 7992 8012
f 8007 7991 7993
f 8012 7991 8007
f 8004 7993 7994
f 8007 7993 8004
f 8000 7994 7996
f 8004 7994 8000
f 8001 7996 9280
f 8000 7996 8001
f 9362 9280 9277
f 8001 9280 9362
f 9363 9277 9275
f 9362 9277 9363
f 9364 9275 9270
f 9363 9275 9364
f 9365 9270 7971
f 9364 9270 9365
f 7990 7971 7970
f 9365 7971 7990
f 7985 7970 7972
f 7990 7970 7985
f 7982 7972 7973
f 7985 7972 7982
f 7979 7973 7975
f 7982 7973 7979
f 9366 7975 9266
f 7979 7975 9366
f 9367 9266 9263
f 9366 9266 9367
f 9368 9263 9260
f 9367 9263 9368
f 9369 9260 9258
f 9368 9260 9369
f 9370 9258 7933
f 9369 9258 9370
f 7967 7933 7932
f 9370 7933 7967
f 7967 7932 7964
f 6825 6826 8835
f 9371 8835 8488
f 9371 6825 8835
f 9372 8488 4254
f 9372 9371 8488
f 6824 4252 8487
f 8824 6824 8487
f 8839 8824 8487
f 9134 9130 9133
f 9373 9374 9130
f 9375 9130 9374
f 9134 9373 9130
f 9131 9130 9375
f 9376 9377 8127
f 4259 8127 9377
f 9378 9376 8127
f 8128 9378 8127
f 9379 8144 9377
f 4259 9377 8144
f 9376 9379 9377
f 9379 8141 8144
f 4260 4259 8144
f 9380 8142 8141
f 9381 9380 8141
f 9379 9381 8141
f 9382 8142 9380
f 9383 8129 8142
f 9382 9383 8142
f 8715 9380 9381
f 8717 9382 9380
f 8717 9380 8715
f 8714 9381 9379
f 8714 8715 9381
f 8712 9379 9376
f 8714 9379 8712
f 8713 9376 9378
f 8712 9376 8713
f 9384 9378 8128
f 8710 9378 9384
f 8713 9378 8710
f 8754 2275 156
f 2681 151 149
f 2680 2681 149
f 2683 8180 151
f 2682 2683 151
f 2681 2682 151
f 7819 8180 2683
f 7819 8181 8180
f 8171 7808 7805
f 8173 7808 8171
f 7807 7808 8173
f 4320 4323 7805
f 8162 7805 4323
f 8162 8171 7805
f 9385 8397 6864
f 8644 9385 6864
f 1754 1769 924
f 1754 1751 1769
f 9220 46 1762
f 9386 9220 1762
f 9387 9386 1762
f 9388 9387 1762
f 9389 9388 1762
f 8795 9389 1762
f 1796 44 46
f 9390 8399 8398
f 9391 8400 8399
f 9391 8399 9390
f 9392 8398 8397
f 9393 9390 8398
f 9392 9393 8398
f 9392 8397 9385
f 9394 9385 8644
f 9394 9392 9385
f 9395 8644 8645
f 9395 9394 8644
f 9396 8645 8401
f 9397 9395 8645
f 9396 9397 8645
f 9396 8401 8400
f 8646 8402 8401
f 9391 9396 8400
f 1797 1796 7743
f 9398 9220 9386
f 9398 9221 9220
f 9399 9386 9387
f 9400 9398 9386
f 9399 9400 9386
f 9399 9387 9388
f 9210 9388 9389
f 9000 9388 9210
f 9399 9388 9000
f 9209 9389 8795
f 9210 9389 9209
f 1770 9205 8795
f 1790 1770 8795
f 1773 9202 9205
f 1773 9205 1770
f 1774 9198 9202
f 1773 1774 9202
f 1774 1777 9198
f 1792 1772 1770
f 1792 1770 1790
f 1793 1779 1772
f 1792 1793 1772
f 1794 1777 1779
f 1793 1794 1779
f 1798 9401 8519
f 9402 8519 9401
f 9403 8647 8519
f 1798 8519 1796
f 9403 8519 9402
f 1799 9404 9401
f 9405 9401 9404
f 1798 1799 9401
f 9405 9402 9401
f 1800 9406 9404
f 9407 9404 9406
f 1799 1800 9404
f 9405 9404 9407
f 8649 8648 9406
f 9408 9406 8648
f 1808 8649 9406
f 1808 9406 1800
f 9407 9406 9408
f 9409 8648 8647
f 9408 8648 9409
f 9409 8647 9403
f 1804 1782 1780
f 1804 1780 1802
f 1805 1789 1782
f 1804 1805 1782
f 1806 1787 1789
f 1805 1806 1789
f 1810 9410 8649
f 9411 8649 9410
f 9412 8650 8649
f 1810 8649 1808
f 9412 8649 9411
f 1811 9413 9410
f 9414 9410 9413
f 1810 1811 9410
f 9414 9411 9410
f 1812 8402 9413
f 9415 9413 8402
f 1811 1812 9413
f 9414 9413 9415
f 9416 8402 8646
f 9415 8402 9416
f 9417 8646 8650
f 9416 8646 9417
f 9417 8650 9412
f 1809 1808 1800
f 8114 8139 8140
f 9418 8140 6914
f 8114 8140 9418
f 9418 6914 6913
f 6853 6913 6915
f 9418 6913 6853
f 9419 6915 6916
f 9419 6853 6915
f 9419 6916 6917
f 4430 6917 4432
f 9419 6917 4430
f 7365 7367 7363
f 8177 7362 7348
f 7361 7362 8177
f 7825 7348 7344
f 8177 7348 7825
f 8755 7344 7351
f 8651 7825 7344
f 8755 8651 7344
f 8755 7351 7355
f 7358 8755 7355
f 7284 7269 6899
f 6901 7284 6899
f 7284 7270 7269
f 7285 7267 7270
f 7284 7285 7270
f 7286 7264 7267
f 7285 7286 7267
f 7287 7261 7264
f 7286 7287 7264
f 7287 7258 7261
f 7288 6885 7258
f 7287 7288 7258
f 7289 7239 6885
f 7288 7289 6885
f 7290 7236 7239
f 7289 7290 7239
f 7290 7233 7236
f 7291 6897 7233
f 7290 7291 7233
f 7292 6896 6897
f 7291 7292 6897
f 7293 7254 6896
f 7292 7293 6896
f 7293 7255 7254
f 7294 7251 7255
f 7293 7294 7255
f 7295 7249 7251
f 7294 7295 7251
f 7296 7246 7249
f 7295 7296 7249
f 7296 7243 7246
f 7297 7210 7243
f 7296 7297 7243
f 7298 7207 7210
f 7297 7298 7210
f 7298 7204 7207
f 7299 7201 7204
f 7298 7299 7204
f 7300 7199 7201
f 7299 7300 7201
f 7301 7227 7199
f 7300 7301 7199
f 7301 7223 7227
f 7302 7224 7223
f 7301 7302 7223
f 7303 7221 7224
f 7302 7303 7224
f 7304 7218 7221
f 7303 7304 7221
f 7304 7215 7218
f 7305 7212 7215
f 7304 7305 7215
f 7306 7177 7212
f 7305 7306 7212
f 7307 7174 7177
f 7306 7307 7177
f 7307 7171 7174
f 7308 7169 7171
f 7307 7308 7171
f 7309 7166 7169
f 7308 7309 7169
f 7310 7194 7166
f 7309 7310 7166
f 7310 7190 7194
f 7311 7191 7190
f 7310 7311 7190
f 7312 7188 7191
f 7311 7312 7191
f 7313 7185 7188
f 7312 7313 7188
f 7313 7182 7185
f 7314 7179 7182
f 7313 7314 7182
f 7315 7144 7179
f 7314 7315 7179
f 7316 7141 7144
f 7315 7316 7144
f 7316 7138 7141
f 7317 7136 7138
f 7316 7317 7138
f 7318 7133 7136
f 7317 7318 7136
f 7318 7161 7133
f 7319 7158 7161
f 7318 7319 7161
f 7320 7159 7158
f 7319 7320 7158
f 7321 7155 7159
f 7320 7321 7159
f 7322 7152 7155
f 7321 7322 7155
f 7322 7149 7152
f 7323 7146 7149
f 7322 7323 7149
f 7324 7112 7146
f 7323 7324 7146
f 7325 7110 7112
f 7324 7325 7112
f 7325 7108 7110
f 7326 7106 7108
f 7325 7326 7108
f 7327 7103 7106
f 7326 7327 7106
f 7327 7128 7103
f 7328 7125 7128
f 7327 7328 7128
f 7329 7126 7125
f 7328 7329 7125
f 7330 7122 7126
f 7329 7330 7126
f 7331 7119 7122
f 7330 7331 7122
f 7331 7116 7119
f 7332 4387 7116
f 7331 7332 7116
f 7332 4383 4387
f 7333 7097 4373
f 4372 7333 4373
f 7334 7098 7097
f 7333 7334 7097
f 7335 7094 7098
f 7334 7335 7098
f 7335 7091 7094
f 7062 7088 7091
f 7335 7062 7091
f 8538 7075 7079
f 8538 7074 7075
f 7283 6901 6898
f 7011 3421 3424
f 9420 3424 3425
f 7011 3424 9420
f 7004 3425 3426
f 7007 9420 3425
f 7004 7007 3425
f 7001 3426 3428
f 7001 7004 3426
f 6998 3428 6955
f 6998 7001 3428
f 6995 6955 6956
f 6995 6998 6955
f 6992 6956 6957
f 6992 6995 6956
f 3420 6957 3332
f 3420 6992 6957
f 3414 3332 3333
f 3414 3420 3332
f 3412 3333 3334
f 3412 3414 3333
f 3407 3334 3335
f 3407 3412 3334
f 3401 3335 3336
f 3401 3407 3335
f 3404 3336 6937
f 3404 3401 3336
f 6954 6937 6940
f 6954 3404 6937
f 6951 6940 6943
f 6951 6954 6940
f 3331 6943 3303
f 3331 6951 6943
f 3328 3303 3302
f 3328 3331 3303
f 3322 3302 3304
f 3322 3328 3302
f 3319 3304 3305
f 3319 3322 3304
f 3312 3305 3306
f 3312 3319 3305
f 3315 3306 3308
f 3315 3312 3306
f 6946 3308 7053
f 6946 3315 3308
f 6945 7053 7054
f 6945 6946 7053
f 6945 7054 3245
f 6944 3245 3244
f 6944 6945 3245
f 3295 3244 3246
f 3299 6944 3244
f 3295 3299 3244
f 3290 3246 3247
f 3290 3295 3246
f 3287 3247 3248
f 3287 3290 3247
f 3282 3248 3249
f 3282 3287 3248
f 3285 3249 7024
f 3285 3282 3249
f 7052 7024 7027
f 7052 3285 7024
f 7047 7027 7030
f 7047 7052 7027
f 3243 7030 3452
f 3243 7047 7030
f 3237 3452 3453
f 3237 3243 3452
f 3235 3453 3454
f 3235 3237 3453
f 3230 3454 3455
f 3230 3235 3454
f 3224 3455 3456
f 3224 3230 3455
f 3227 3456 3458
f 3227 3224 3456
f 7032 3458 6973
f 7032 3227 3458
f 7031 6973 6976
f 7031 7032 6973
f 3451 6976 3362
f 3451 7031 6976
f 3447 3362 3361
f 3447 3451 3362
f 3442 3361 3363
f 3442 3447 3361
f 3439 3363 3364
f 3439 3442 3363
f 3436 3364 3365
f 3436 3439 3364
f 3432 3365 3367
f 3432 3436 3365
f 3432 3367 6988
f 6979 6988 6989
f 6979 3432 6988
f 6978 6989 3215
f 6978 6979 6989
f 6977 3215 3214
f 6977 6978 3215
f 3354 3214 3216
f 3357 6977 3214
f 3354 3357 3214
f 3352 3216 3217
f 3352 3354 3216
f 3347 3217 3218
f 3347 3352 3217
f 3347 3218 3219
f 3341 3219 6959
f 3341 3347 3219
f 6987 6959 6962
f 3344 3341 6959
f 6987 3344 6959
f 6987 6962 6966
f 6982 6966 3391
f 6982 6987 6966
f 3213 3391 3392
f 3213 6982 3391
f 3208 3392 3393
f 3208 3213 3392
f 3205 3393 3394
f 3205 3208 3393
f 3201 3394 3395
f 3201 3205 3394
f 3197 3395 3397
f 3194 3201 3395
f 3197 3194 3395
f 3197 3397 7043
f 6968 7043 7044
f 6968 3197 7043
f 6967 7044 3257
f 6967 6968 7044
f 3390 3257 3254
f 3390 6967 3257
f 3387 3254 3259
f 3387 3390 3254
f 3383 3387 3259
f 4270 4271 6464
f 6692 6480 6483
f 6691 6483 6486
f 6691 6692 6483
f 6690 6486 4282
f 6690 6691 6486
f 4287 6690 4282
f 6461 6489 6493
f 6459 6493 6492
f 6459 6461 6493
f 6697 6459 6492
f 6681 6509 6513
f 6679 6513 6512
f 6679 6681 6513
f 6680 6512 4288
f 6680 6679 6512
f 4287 4288 6518
f 4289 6680 4288
f 6689 6518 6522
f 6689 4287 6518
f 6687 6522 6521
f 6687 6689 6522
f 6688 6687 6521
f 6672 6538 6542
f 6670 6542 6541
f 6670 6672 6542
f 6671 6541 4290
f 6671 6670 6541
f 4289 4290 6548
f 6671 4290 1935
f 6678 6548 6547
f 6678 4289 6548
f 6676 6547 6551
f 6676 6678 6547
f 6677 6676 6551
f 6669 1937 6561
f 6669 1935 1937
f 6667 6561 6564
f 6667 6669 6561
f 6668 6667 6564
f 6656 6580 6579
f 6654 6579 6583
f 6656 6579 6654
f 6655 6583 1930
f 6654 6583 6655
f 6655 1930 4286
f 1932 1933 6588
f 6662 6588 6591
f 6662 1932 6588
f 6663 6662 6591
f 6652 6617 6616
f 6652 4286 6617
f 6653 6616 6620
f 6653 6652 6616
f 6651 6653 6620
f 6634 9421 8478
f 9422 8478 9421
f 8479 8478 9422
f 9423 9424 9421
f 9425 9421 9424
f 6634 9423 9421
f 9422 9421 9425
f 9426 4285 9424
f 9425 9424 4285
f 9423 9426 9424
f 8725 9252 4285
f 9426 8725 4285
f 9425 4285 4291
f 8725 9427 9252
f 6641 9252 9427
f 8671 8486 9427
f 6642 9427 8486
f 8725 8671 9427
f 6642 6641 9427
f 6640 6642 8486
f 4291 8725 9426
f 9425 9426 9423
f 9425 4291 9426
f 9422 9423 6634
f 9422 9425 9423
f 6632 9422 6634
f 9351 9321 9323
f 9352 9330 9321
f 9351 9352 9321
f 9350 9323 9325
f 9350 9351 9323
f 8067 9325 8061
f 8067 9350 9325
f 7011 9420 7007
f 9248 9344 9249
f 9248 8094 9344
f 9248 8095 8094
f 9346 9339 8082
f 8087 9346 8082
f 9346 9337 9339
f 9347 9335 9337
f 9346 9347 9337
f 9348 9343 9335
f 9347 9348 9335
f 9349 9342 9343
f 9348 9349 9343
f 9349 8077 9342
f 9349 8078 8077
f 9352 9327 9330
f 9353 8055 9327
f 9352 9353 9327
f 9353 8056 8055
f 8045 9311 8039
f 9354 9310 9311
f 8045 9354 9311
f 9355 9307 9310
f 9354 9355 9310
f 9356 9316 9307
f 9355 9356 9307
f 9356 9313 9316
f 9357 8033 9313
f 9356 9357 9313
f 9357 8034 8033
f 8023 9297 8017
f 9358 9296 9297
f 8023 9358 9297
f 9359 9293 9296
f 9358 9359 9296
f 9359 9302 9293
f 9360 9300 9302
f 9359 9360 9302
f 9361 8011 9300
f 9360 9361 9300
f 9361 8012 8011
f 8001 9283 7995
f 9362 9282 9283
f 8001 9362 9283
f 9363 9279 9282
f 9362 9363 9282
f 9363 9288 9279
f 9364 9286 9288
f 9363 9364 9288
f 9365 7989 9286
f 9364 9365 9286
f 9365 7990 7989
f 9366 9269 7974
f 7979 9366 7974
f 9367 9268 9269
f 9366 9367 9269
f 9368 9265 9268
f 9367 9368 9268
f 9368 9274 9265
f 9369 9272 9274
f 9368 9369 9274
f 9370 7969 9272
f 9369 9370 9272
f 9370 7967 7969
f 9428 1654 1630
f 8763 9428 1630
f 9429 1653 1654
f 9428 9429 1654
f 8810 1647 1653
f 9429 8810 1653
f 7807 8810 9429
f 9134 9429 9428
f 9134 7807 9429
f 9430 9428 8763
f 9430 9134 9428
f 7775 9430 8763
f 8182 7813 7814
f 8182 7812 7813
f 8754 7814 7815
f 8754 8182 7814
f 8181 2275 7815
f 8754 7815 2275
f 9431 7870 7872
f 2213 9431 7872
f 2214 7870 9431
f 7867 7870 2214
f 2214 9431 2213
f 5708 5705 5709
f 8125 5709 5710
f 5708 5709 4308
f 8125 4308 5709
f 8125 5710 5714
f 8479 9422 6632
f 9399 9000 8997
f 9399 8997 9002
f 9400 9002 9005
f 9399 9002 9400
f 9221 9005 9008
f 9398 9005 9221
f 9400 9005 9398
f 9219 9008 9011
f 9221 9008 9219
f 9217 9011 9014
f 9219 9011 9217
f 9217 9014 9018
f 9216 9018 9177
f 9217 9018 9216
f 9215 9177 9176
f 9216 9177 9215
f 9214 9176 9178
f 9215 9176 9214
f 9214 9178 9179
f 9212 9179 9180
f 9214 9179 9212
f 9213 9180 9034
f 9212 9180 9213
f 9026 9034 9031
f 9211 9034 9026
f 9213 9034 9211
f 9024 9031 9036
f 9027 9031 9024
f 9026 9031 9027
f 9022 9036 9041
f 9023 9036 9022
f 9024 9036 9023
f 9021 9041 9044
f 9022 9041 9021
f 9020 9044 9047
f 9021 9044 9020
f 9019 9047 9147
f 9020 9047 9019
f 9175 9147 9148
f 9019 9147 9175
f 9173 9148 9149
f 9175 9148 9173
f 9170 9149 8962
f 9173 9149 9170
f 9061 8962 8959
f 9170 8962 9061
f 9058 8959 8965
f 9061 8959 9058
f 9059 8965 8964
f 9058 8965 9059
f 9057 8964 8968
f 9059 8964 9057
f 9055 8968 8972
f 9057 8968 9055
f 9056 8972 8971
f 9055 8972 9056
f 9054 8971 8975
f 9056 8971 9054
f 9053 8975 8980
f 9054 8975 9053
f 9053 8980 8978
f 9051 8978 8983
f 9053 8978 9051
f 9051 8983 9232
f 9052 9232 9231
f 9051 9232 9052
f 9052 9231 9233
f 9145 9233 9235
f 9052 9233 9145
f 9145 9235 9234
f 9142 9234 9068
f 9145 9234 9142
f 9139 9068 9065
f 9142 9068 9139
f 8993 9065 9070
f 9139 9065 8993
f 8989 9070 9074
f 8991 9070 8989
f 8993 9070 8991
f 8990 9074 9073
f 8989 9074 8990
f 8988 9073 9077
f 8990 9073 8988
f 8986 9077 9082
f 8987 9077 8986
f 8988 9077 8987
f 8984 9082 9086
f 8986 9082 8984
f 8985 9086 9192
f 8984 9086 8985
f 8985 9192 9193
f 9230 9193 9194
f 8985 9193 9230
f 9226 9194 9195
f 9230 9194 9226
f 9223 9195 8933
f 9226 9195 9223
f 9095 8933 8930
f 9223 8933 9095
f 9093 8930 8935
f 9095 8930 9093
f 9092 8935 8938
f 9093 8935 9092
f 9091 8938 8942
f 9092 8938 9091
f 9091 8942 8941
f 9090 8941 8945
f 9091 8941 9090
f 9089 8945 8951
f 9090 8945 9089
f 9088 8951 9152
f 9087 8951 9088
f 9089 8951 9087
f 9191 9152 9151
f 9088 9152 9191
f 9190 9151 9155
f 9191 9151 9190
f 9188 9155 9154
f 9190 9155 9188
f 9185 9154 9157
f 9188 9154 9185
f 9185 9157 9182
f 9432 9433 8189
f 6239 8189 9433
f 8164 9432 8189
f 6242 8189 6238
f 6239 6238 8189
f 5363 8189 6242
f 9434 8189 5363
f 9435 8189 9434
f 9436 8189 9435
f 8753 8189 8756
f 9437 8756 8189
f 8188 8189 8753
f 9437 8189 9436
f 9438 9439 9433
f 5663 9433 9439
f 9432 9438 9433
f 6239 9433 4093
f 4329 4093 9433
f 5663 4329 9433
f 9440 4323 9439
f 4322 9439 4323
f 9438 9440 9439
f 5662 5663 9439
f 5660 5662 9439
f 5661 5660 9439
f 4322 5661 9439
f 9440 8162 4323
f 8653 4320 7825
f 4315 4320 8653
f 7826 8177 7825
f 8653 7825 8652
f 8651 8652 7825
f 7360 8177 8179
f 7360 7361 8177
f 7824 8178 7826
f 9432 8162 9440
f 8164 8162 9432
f 9432 9440 9438
f 8131 3481 3480
f 2581 2583 2579
f 9441 4261 4262
f 4263 9441 4262
f 9441 4304 4261
f 8545 4257 4258
f 8814 4256 4257
f 8545 8814 4257
f 8814 8113 4256
f 4254 4255 9442
f 9442 9372 4254
f 8526 9442 4255
f 6853 8526 4255
f 9418 6853 4255
f 8114 9418 4255
f 4252 4253 4254
f 9443 7451 4254
f 8489 9443 4254
f 4252 4251 4253
f 9444 4252 6824
f 9444 4248 4252
f 9445 6824 6816
f 8824 6827 6824
f 9445 9444 6824
f 9375 9374 6816
f 9445 6816 9374
f 9135 9375 6816
f 9373 9446 9374
f 9447 9374 9446
f 9447 9445 9374
f 9448 6064 9446
f 9449 9446 6064
f 9373 9448 9446
f 9449 9447 9446
f 6054 4301 6064
f 9450 6064 4301
f 9448 6063 6064
f 6065 6054 6064
f 9450 9449 6064
f 9451 4301 4304
f 9451 9450 4301
f 9452 4304 9441
f 9452 9451 4304
f 4263 9452 9441
f 5708 4309 8129
f 9383 8130 8129
f 8150 792 8129
f 5708 4308 4309
f 9430 6063 9448
f 7775 6063 9430
f 9430 9448 9373
f 9430 9373 9134
f 9453 9375 9135
f 9131 9375 9453
f 9454 9453 9135
f 9114 9454 9135
f 7488 9114 9135
f 7824 6825 9371
f 6817 6823 6825
f 9372 6863 9371
f 8178 9371 6863
f 7824 9371 8178
f 9372 4822 6863
f 8178 6863 6850
f 2670 4822 9372
f 9455 9372 9442
f 2670 9372 9455
f 5051 9442 8526
f 5050 9442 5051
f 9455 9442 5050
f 6853 6852 8526
f 6854 8815 6855
f 9456 8815 6854
f 9457 9458 8815
f 8816 8815 9458
f 9456 9457 8815
f 9456 6854 6857
f 9419 9459 6857
f 7763 6857 9459
f 9419 6857 6853
f 9456 6857 7763
f 4430 9460 9459
f 7761 9459 9460
f 9419 4430 9459
f 7761 7763 9459
f 4430 9461 9460
f 7760 9460 9461
f 7760 7761 9460
f 4430 8112 9461
f 7759 9461 8112
f 7759 7760 9461
f 4430 4434 8112
f 7759 8112 9462
f 8816 9462 8112
f 9463 8128 8130
f 9463 9384 8128
f 9463 8130 9383
f 9382 9463 9383
f 7689 6065 6072
f 2705 6072 6065
f 3275 7774 3274
f 3276 7774 3275
f 3275 3274 3273
f 9464 7451 9443
f 9464 7447 7451
f 9464 9443 8489
f 7456 9464 8489
f 8825 8824 8839
f 8706 9455 5050
f 5049 8706 5050
f 8707 9455 8706
f 2670 9455 8707
f 5363 6242 6699
f 8755 6699 6701
f 8755 5363 6699
f 4095 6701 4091
f 6704 4091 6701
f 8755 6701 4095
f 9465 8744 8741
f 9466 8792 8744
f 9465 9466 8744
f 9467 8741 8746
f 9467 9465 8741
f 9468 8746 8745
f 9468 9469 8746
f 9467 8746 9469
f 9468 8745 7470
f 8157 7770 8818
f 8729 8818 7781
f 8157 8818 8729
f 8729 7781 7783
f 4250 4248 9444
f 8698 9444 9445
f 8698 4250 9444
f 8695 9445 9447
f 8695 8698 9445
f 8689 9447 9449
f 8689 8695 9447
f 8686 9449 9450
f 8686 8689 9449
f 8684 9450 9451
f 8684 8686 9450
f 8681 9451 9452
f 8681 8684 9451
f 8679 9452 4263
f 8679 8681 9452
f 4224 8679 4263
f 5389 5394 5388
f 9470 5394 5389
f 9470 5377 5394
f 8756 5389 5362
f 9470 5389 8756
f 8755 5362 5363
f 8756 5362 8755
f 5359 9434 5363
f 5368 9435 9434
f 5359 5368 9434
f 5371 9435 5368
f 9436 9435 5371
f 2670 8707 5024
f 9112 9453 9454
f 9471 9131 9453
f 9116 9471 9453
f 9112 9116 9453
f 9112 9454 9114
f 8509 9114 7488
f 8509 9109 9114
f 9108 9114 9109
f 9472 7488 8771
f 9473 7489 7488
f 9474 9473 7488
f 9475 9474 7488
f 9476 9475 7488
f 9477 9476 7488
f 9478 9477 7488
f 9472 9478 7488
f 9132 9131 9471
f 8711 9384 9463
f 8711 8710 9384
f 8716 9463 9382
f 8711 9463 8716
f 8716 9382 8717
f 3477 3480 3473
f 8131 3480 3477
f 8182 3675 7812
f 7850 9479 7849
f 2108 7849 9479
f 2111 7849 2108
f 7850 2107 9479
f 2108 9479 2107
f 7850 2106 2107
f 2118 2105 2106
f 7850 2118 2106
f 2115 2104 2105
f 2118 2115 2105
f 2121 2103 2104
f 2115 2121 2104
f 2011 2100 2103
f 2121 2011 2103
f 2018 2198 2100
f 2011 2018 2100
f 7895 7852 2198
f 2018 7895 2198
f 7897 7851 7852
f 7895 7897 7852
f 2146 2125 7851
f 7897 2146 7851
f 2143 2123 2125
f 2146 2143 2125
f 2149 2122 2123
f 2143 2149 2123
f 2001 2015 2122
f 2149 2001 2122
f 1997 2012 2015
f 2001 1997 2015
f 2007 2021 2012
f 1997 2007 2012
f 7836 7899 2021
f 2007 7836 2021
f 7838 7898 7899
f 7836 7838 7899
f 2238 2152 7898
f 7838 2238 7898
f 2235 2151 2152
f 2238 2235 2152
f 2241 2150 2151
f 2235 2241 2151
f 1969 2002 2150
f 2241 1969 2150
f 1977 1998 2002
f 1969 1977 2002
f 7831 7840 1998
f 1977 7831 1998
f 7832 7839 7840
f 7831 7832 7840
f 2160 2246 7839
f 7832 2160 7839
f 2157 2244 2246
f 2160 2157 2246
f 2162 2243 2244
f 2157 2162 2244
f 2057 2242 2243
f 2162 2057 2243
f 2053 1970 2242
f 2057 2053 2242
f 2063 1978 1970
f 2053 2063 1970
f 7855 7834 1978
f 2063 7855 1978
f 7856 7833 7834
f 7855 7856 7834
f 7856 2167 7833
f 2174 2165 2167
f 7856 2174 2167
f 2171 2164 2165
f 2174 2171 2165
f 2176 2058 2164
f 2171 2176 2164
f 1956 2054 2058
f 2176 1956 2058
f 1965 2064 2054
f 1956 1965 2054
f 7890 7857 2064
f 1965 7890 2064
f 7891 2182 7857
f 7890 7891 7857
f 2253 2180 2182
f 7891 2253 2182
f 2250 2179 2180
f 2253 2250 2180
f 2255 2178 2179
f 2250 2255 2179
f 2043 1960 2178
f 2255 2043 2178
f 2039 1957 1960
f 2043 2039 1960
f 2048 7893 1957
f 2039 2048 1957
f 7907 7892 7893
f 2048 7907 7893
f 7909 2261 7892
f 7907 7909 7892
f 2132 2259 2261
f 7909 2132 2261
f 2129 2258 2259
f 2132 2129 2259
f 2135 2257 2258
f 2129 2135 2258
f 1942 2040 2257
f 2135 1942 2257
f 1951 2049 2040
f 1942 1951 2040
f 7883 7911 2049
f 1951 7883 2049
f 7885 7910 7911
f 7883 7885 7911
f 2189 2139 7910
f 7885 2189 7910
f 2186 2137 2139
f 2189 2186 2139
f 2192 2136 2137
f 2186 2192 2137
f 2029 1946 2136
f 2192 2029 2136
f 2025 1943 1946
f 2029 2025 1946
f 2035 1952 1943
f 2025 2035 1943
f 7843 7887 1952
f 2035 7843 1952
f 7844 7886 7887
f 7843 7844 7887
f 2223 2195 7886
f 7844 2223 7886
f 2220 2194 2195
f 2223 2220 2195
f 2225 2193 2194
f 2220 2225 2194
f 2068 2030 2193
f 2225 2068 2193
f 2076 2026 2030
f 2068 2076 2030
f 7902 7846 2026
f 2076 7902 2026
f 7903 7845 7846
f 7902 7903 7846
f 2209 2231 7845
f 7903 2209 7845
f 2209 2229 2231
f 2206 2228 2229
f 2209 2206 2229
f 2211 2227 2228
f 2206 2211 2228
f 1986 2069 2227
f 2211 1986 2227
f 1982 2077 2069
f 1986 1982 2069
f 1992 7905 2077
f 1982 1992 2077
f 7861 7904 7905
f 1992 7861 7905
f 7864 2216 7904
f 7861 7864 7904
f 7867 2214 2216
f 7864 7867 2216
f 5635 5633 5639
f 5626 5635 5639
f 144 5635 5626
f 144 153 5635
f 6215 6781 6214
f 4092 8654 4088
f 4092 4093 8654
f 8655 4085 4088
f 4315 8653 4093
f 6704 4093 4091
f 6704 6239 4093
f 4329 4315 4093
f 8510 9119 8509
f 9436 5371 5374
f 9437 5374 5377
f 9437 9436 5374
f 9470 9437 5377
f 8137 6182 8658
f 6170 8658 6169
f 9480 8658 6170
f 8137 8658 9480
f 7762 9456 7763
f 7757 9481 9458
f 8816 9458 9481
f 7758 7757 9458
f 9457 7758 9458
f 7759 9481 7757
f 7759 9462 9481
f 8816 9481 9462
f 7755 7758 9457
f 8708 9457 9456
f 7755 9457 8708
f 8708 9456 7762
f 7415 7416 2945
f 7807 8173 8172
f 7470 9469 9482
f 9468 9482 9469
f 8782 9469 7470
f 8786 9469 8782
f 8786 9467 9469
f 9468 7470 9482
f 9483 7470 9484
f 9485 9484 7470
f 8787 7470 9483
f 8782 7470 8787
f 9486 7470 7478
f 9487 7470 9488
f 9486 9488 7470
f 9485 7470 9489
f 9487 9489 7470
f 6071 7689 6072
f 4326 5664 8699
f 4326 4331 5664
f 5661 8699 5656
f 4322 8699 5661
f 4326 8699 4322
f 9490 9132 9471
f 9117 9490 9471
f 9116 9117 9471
f 9491 9132 9490
f 9127 9132 9491
f 9118 9490 9117
f 9492 9490 9118
f 9491 9490 9492
f 8790 9472 8771
f 9493 9120 9119
f 8510 9493 9119
f 9494 9495 9120
f 9115 9120 9495
f 9493 9494 9120
f 9496 9497 9495
f 9498 9495 9497
f 9494 9496 9495
f 9115 9495 9498
f 9499 9497 9496
f 9500 9498 9497
f 9500 9497 9499
f 9501 9496 9494
f 9502 9496 9501
f 9499 9496 9502
f 9503 9494 9493
f 9501 9494 9503
f 9503 9493 8510
f 9503 8510 8511
f 9504 9505 8507
f 9506 8507 9505
f 7495 9504 8507
f 8506 8507 9506
f 9507 9508 9505
f 9509 9505 9508
f 9504 9507 9505
f 9506 9505 9509
f 9510 9511 9508
f 9509 9508 9511
f 9507 9510 9508
f 9512 9511 9510
f 9509 9511 9513
f 9514 9513 9511
f 9514 9511 9512
f 9515 9510 9507
f 9516 9510 9515
f 9512 9510 9516
f 9517 9507 9504
f 9515 9507 9517
f 9517 9504 7495
f 9517 7495 7496
f 9518 9519 7491
f 9520 7491 9519
f 7490 9518 7491
f 7492 7491 9520
f 9521 9522 9519
f 9523 9519 9522
f 9518 9521 9519
f 9520 9519 9523
f 9524 9525 9522
f 9523 9522 9525
f 9521 9524 9522
f 9526 9525 9524
f 9523 9525 9527
f 9528 9527 9525
f 9528 9525 9526
f 9529 9524 9521
f 9530 9524 9529
f 9526 9524 9530
f 9531 9521 9518
f 9529 9521 9531
f 9532 9518 7490
f 9531 9518 9532
f 9532 7490 7489
f 9533 7489 9473
f 9532 7489 9534
f 9535 9534 7489
f 9533 9535 7489
f 9536 9537 9473
f 9538 9473 9537
f 9474 9536 9473
f 9539 9473 9538
f 9533 9473 9539
f 9540 9541 9537
f 9542 9537 9541
f 9536 9540 9537
f 9538 9537 9542
f 9543 9544 9541
f 9545 9541 9544
f 9540 9543 9541
f 9542 9541 9545
f 9546 9547 9544
f 9545 9544 9547
f 9543 9546 9544
f 9548 9547 9546
f 9545 9547 9549
f 9550 9549 9547
f 9550 9547 9548
f 9551 9546 9543
f 9552 9546 9551
f 9548 9546 9552
f 9553 9543 9540
f 9551 9543 9553
f 9554 9540 9536
f 9553 9540 9554
f 9554 9536 9474
f 9555 9474 9475
f 9554 9474 9556
f 9557 9556 9474
f 9555 9557 9474
f 9558 9559 9475
f 9560 9475 9559
f 9476 9558 9475
f 9561 9475 9560
f 9555 9475 9561
f 9562 9563 9559
f 9564 9559 9563
f 9558 9562 9559
f 9560 9559 9564
f 9565 9566 9563
f 9567 9563 9566
f 9562 9565 9563
f 9564 9563 9567
f 9568 9569 9566
f 9567 9566 9569
f 9565 9568 9566
f 9570 9569 9568
f 9567 9569 9571
f 9572 9571 9569
f 9572 9569 9570
f 9573 9568 9565
f 9574 9568 9573
f 9570 9568 9574
f 9575 9565 9562
f 9573 9565 9575
f 9576 9562 9558
f 9575 9562 9576
f 9576 9558 9476
f 9577 9476 9477
f 9576 9476 9578
f 9579 9578 9476
f 9577 9579 9476
f 9580 9581 9477
f 9582 9477 9581
f 9478 9580 9477
f 9583 9477 9582
f 9577 9477 9583
f 9584 9585 9581
f 9586 9581 9585
f 9580 9584 9581
f 9582 9581 9586
f 9587 9588 9585
f 9586 9585 9588
f 9584 9587 9585
f 9589 9590 9588
f 9591 9588 9590
f 9587 9589 9588
f 9586 9588 9591
f 9592 9590 9589
f 9591 9590 9593
f 9594 9593 9590
f 9594 9590 9592
f 9595 9589 9587
f 9592 9589 9595
f 9596 9587 9584
f 9595 9587 9596
f 9597 9584 9580
f 9596 9584 9597
f 9597 9580 9478
f 9598 9478 9472
f 9599 9478 9598
f 9600 9478 9599
f 9597 9478 9600
f 8790 9601 9472
f 9602 9472 9601
f 9603 9598 9472
f 9603 9472 9602
f 8789 9604 9601
f 9605 9601 9604
f 8790 8789 9601
f 9602 9601 9605
f 8791 9606 9604
f 9605 9604 9606
f 8789 8791 9604
f 8792 9607 9606
f 9608 9606 9607
f 8791 8792 9606
f 9605 9606 9608
f 9466 9607 8792
f 9608 9607 9609
f 9610 9609 9607
f 9610 9607 9466
f 7339 4318 4328
f 4315 4328 4318
f 4333 7339 4328
f 4329 4328 4315
f 9611 9483 9484
f 9612 9611 9484
f 9612 9484 9613
f 9614 9613 9484
f 9615 9614 9484
f 9485 9615 9484
f 9611 9616 9483
f 9617 9483 9616
f 9618 9483 9617
f 9619 9483 9618
f 9619 8787 9483
f 9620 9621 9616
f 9622 9616 9621
f 9611 9620 9616
f 9617 9616 9622
f 9599 9598 9621
f 9622 9621 9598
f 9620 9599 9621
f 9622 9598 9603
f 9623 9599 9620
f 9600 9599 9623
f 9612 9620 9611
f 9623 9620 9612
f 8755 4095 8651
f 8905 8903 8904
f 8902 8904 8903
f 321 8905 8904
f 322 321 8904
f 8906 8900 8903
f 8905 8906 8903
f 308 312 8900
f 8907 308 8900
f 8906 8907 8900
f 291 8896 290
f 8908 8895 8896
f 291 8908 8896
f 8910 8891 8895
f 8909 8910 8895
f 8908 8909 8895
f 219 223 8891
f 8910 219 8891
f 201 8887 202
f 8911 8885 8887
f 201 8911 8887
f 8913 8882 8885
f 8912 8913 8885
f 8911 8912 8885
f 370 374 8882
f 8913 370 8882
f 352 8878 353
f 8914 8876 8878
f 352 8914 8878
f 8916 8873 8876
f 8915 8916 8876
f 8914 8915 8876
f 279 283 8873
f 8916 279 8873
f 261 8869 262
f 8918 8867 8869
f 8917 8918 8869
f 261 8917 8869
f 8919 8864 8867
f 8918 8919 8867
f 189 192 8864
f 8919 189 8864
f 171 8860 172
f 8921 8858 8860
f 8920 8921 8860
f 171 8920 8860
f 8922 8855 8858
f 8921 8922 8858
f 250 252 8855
f 8922 250 8855
f 231 8850 232
f 8923 8849 8850
f 231 8923 8850
f 8924 8846 8849
f 8923 8924 8849
f 8925 8843 8846
f 8924 8925 8846
f 8926 8841 8843
f 8925 8926 8843
f 8823 8838 8841
f 8840 8841 8838
f 8926 8823 8841
f 8826 8839 8838
f 8823 8826 8838
f 8825 8839 8826
f 9480 6170 8133
f 8137 9480 8133
f 7360 8179 8755
f 7358 7360 8755
f 9470 8756 9437
f 6710 6232 6235
f 6240 6709 6235
f 6239 6709 6240
f 7821 2275 8181
f 7821 2276 2275
f 7820 7821 8181
f 7819 7820 8181
f 8754 9624 2110
f 2201 2110 9624
f 8754 2110 2084
f 2201 2111 2110
f 8754 8184 9624
f 2099 9624 8184
f 2099 2201 9624
f 2096 8184 8183
f 2099 8184 2096
f 2093 8183 8186
f 2096 8183 2093
f 2090 8186 8187
f 2093 8186 2090
f 2081 8187 2085
f 2081 2090 8187
f 8754 2084 2085
f 8185 8754 2085
f 5663 4330 4329
f 9498 9492 9118
f 9115 9498 9118
f 9625 9626 9492
f 9491 9492 9626
f 9498 9625 9492
f 9627 8495 9626
f 9628 9626 8495
f 9625 9627 9626
f 9628 9491 9626
f 8498 8492 8495
f 9627 8498 8495
f 8496 9628 8495
f 8501 8512 8492
f 8498 8501 8492
f 8504 8508 8512
f 8501 8504 8512
f 8506 8511 8508
f 8504 8506 8508
f 9506 9503 8511
f 8506 9506 8511
f 9509 9501 9503
f 9506 9509 9503
f 9513 9502 9501
f 9509 9513 9501
f 9629 9630 9502
f 9499 9502 9630
f 9513 9629 9502
f 9631 7474 9630
f 7475 9630 7474
f 9629 9631 9630
f 9632 9499 9630
f 7475 9632 9630
f 7477 7471 7474
f 9631 7477 7474
f 7482 7497 7471
f 7477 7482 7471
f 7485 7493 7497
f 7482 7485 7497
f 7492 7496 7493
f 7485 7492 7493
f 9520 9517 7496
f 7492 9520 7496
f 9523 9515 9517
f 9520 9523 9517
f 9527 9516 9515
f 9523 9527 9515
f 9633 9634 9516
f 9512 9516 9634
f 9527 9633 9516
f 9635 9636 9634
f 9637 9634 9636
f 9633 9635 9634
f 9638 9512 9634
f 9637 9638 9634
f 9639 9640 9636
f 7478 9636 9640
f 9635 9639 9636
f 7478 9637 9636
f 9641 9642 9640
f 9643 9640 9642
f 9639 9641 9640
f 9643 7478 9640
f 9539 9534 9642
f 9535 9642 9534
f 9641 9539 9642
f 9644 9643 9642
f 9535 9644 9642
f 9538 9532 9534
f 9539 9538 9534
f 9542 9531 9532
f 9538 9542 9532
f 9545 9529 9531
f 9542 9545 9531
f 9549 9530 9529
f 9545 9549 9529
f 9645 9646 9530
f 9526 9530 9646
f 9549 9645 9530
f 9647 9648 9646
f 9649 9646 9648
f 9645 9647 9646
f 9650 9526 9646
f 9649 9650 9646
f 9651 9652 9648
f 9488 9648 9652
f 9647 9651 9648
f 9488 9649 9648
f 9653 9654 9652
f 9655 9652 9654
f 9651 9653 9652
f 9655 9488 9652
f 9561 9556 9654
f 9557 9654 9556
f 9653 9561 9654
f 9656 9655 9654
f 9557 9656 9654
f 9560 9554 9556
f 9561 9560 9556
f 9564 9553 9554
f 9560 9564 9554
f 9567 9551 9553
f 9564 9567 9553
f 9571 9552 9551
f 9567 9571 9551
f 9657 9658 9552
f 9659 9552 9658
f 9571 9657 9552
f 9659 9548 9552
f 9660 9661 9658
f 9662 9658 9661
f 9657 9660 9658
f 9662 9659 9658
f 9663 9664 9661
f 9489 9661 9664
f 9660 9663 9661
f 9489 9662 9661
f 9665 9666 9664
f 9667 9664 9666
f 9663 9665 9664
f 9668 9489 9664
f 9667 9668 9664
f 9583 9578 9666
f 9579 9666 9578
f 9665 9583 9666
f 9579 9667 9666
f 9582 9576 9578
f 9583 9582 9578
f 9586 9575 9576
f 9582 9586 9576
f 9591 9573 9575
f 9586 9591 9575
f 9593 9574 9573
f 9591 9593 9573
f 9669 9670 9574
f 9671 9574 9670
f 9593 9669 9574
f 9671 9570 9574
f 9618 9613 9670
f 9614 9670 9613
f 9669 9618 9670
f 9614 9671 9670
f 9617 9612 9613
f 9618 9617 9613
f 9622 9623 9612
f 9617 9622 9612
f 9603 9600 9623
f 9622 9603 9623
f 9602 9597 9600
f 9603 9602 9600
f 9605 9596 9597
f 9602 9605 9597
f 9608 9595 9596
f 9605 9608 9596
f 9609 9672 9595
f 9592 9595 9672
f 9608 9609 9595
f 8785 8784 9672
f 9673 9672 8784
f 9609 8785 9672
f 9673 9592 9672
f 8788 9673 8784
f 9610 8785 9609
f 9674 8785 9610
f 8786 8785 9674
f 9619 9618 9669
f 9594 9669 9593
f 9675 9669 9594
f 9619 9669 9675
f 9676 9583 9665
f 9676 9577 9583
f 9677 9665 9663
f 9677 9676 9665
f 9485 9663 9660
f 9677 9663 9485
f 9678 9660 9657
f 9615 9660 9678
f 9485 9660 9615
f 9572 9657 9571
f 9678 9657 9572
f 9679 9561 9653
f 9555 9561 9679
f 9680 9653 9651
f 9679 9653 9680
f 9487 9651 9647
f 9680 9651 9487
f 9681 9647 9645
f 9682 9647 9681
f 9487 9647 9682
f 9550 9645 9549
f 9681 9645 9550
f 9683 9539 9641
f 9683 9533 9539
f 9684 9641 9639
f 9684 9683 9641
f 9685 9639 9635
f 9486 9639 9685
f 9684 9639 9486
f 9686 9635 9633
f 9685 9635 9686
f 9528 9633 9527
f 9686 9633 9528
f 7479 7477 9631
f 9687 9631 9629
f 7479 9631 9687
f 9514 9629 9513
f 9687 9629 9514
f 7473 8498 9627
f 9688 9627 9625
f 7473 9627 9688
f 9500 9625 9498
f 9688 9625 9500
f 9395 9390 9393
f 9397 9390 9395
f 9391 9390 9397
f 9394 9393 9392
f 9395 9393 9394
f 8782 8787 8779
f 8778 8782 8779
f 9619 8788 8787
f 9124 9491 9628
f 9124 9127 9491
f 8494 9628 8496
f 8494 9124 9628
f 9688 9499 9632
f 9688 9500 9499
f 7473 9632 7475
f 7473 9688 9632
f 9687 9512 9638
f 9687 9514 9512
f 7479 9638 9637
f 7479 9687 9638
f 7479 9637 7478
f 9486 7478 9643
f 9684 9643 9644
f 9684 9486 9643
f 9683 9644 9535
f 9684 9644 9683
f 9683 9535 9533
f 9686 9526 9650
f 9686 9528 9526
f 9685 9650 9649
f 9685 9686 9650
f 9685 9649 9488
f 9487 9488 9655
f 9486 9685 9488
f 9680 9655 9656
f 9680 9487 9655
f 9679 9656 9557
f 9679 9680 9656
f 9555 9679 9557
f 9681 9548 9659
f 9681 9550 9548
f 9682 9659 9662
f 9682 9681 9659
f 9682 9662 9489
f 9485 9489 9668
f 9487 9682 9489
f 9677 9668 9667
f 9677 9485 9668
f 9676 9667 9579
f 9677 9667 9676
f 9676 9579 9577
f 9678 9570 9671
f 9678 9572 9570
f 9615 9671 9614
f 9615 9678 9671
f 9675 9592 9673
f 9675 9594 9592
f 9619 9673 8788
f 9619 9675 9673
f 9674 9466 9465
f 9674 9610 9466
f 8786 9465 9467
f 8786 9674 9465
f 9391 9397 9396
f 2269 2265 2272
f 9689 92 93
f 9690 91 92
f 9689 9690 92
f 9691 93 89
f 9692 93 9691
f 9693 93 9692
f 9689 93 9693
f 9694 89 88
f 9691 89 9694
f 9695 88 90
f 9695 9694 88
f 9696 9697 9698
f 9699 9698 9697
f 9700 9696 9698
f 9701 9700 9698
f 9701 9698 9699
f 9702 9697 9696
f 9702 9699 9697
f 9703 9696 9700
f 9703 9702 9696
f 9701 9703 9700
f 9704 90 91
f 9705 9706 90
f 9695 90 9706
f 9705 90 9704
f 9704 91 9690
f 9694 9699 9702
f 9705 9699 9694
f 9705 9704 9699
f 9701 9699 9704
f 9691 9702 9703
f 9691 9694 9702
f 9692 9691 9703
f 9690 9692 9703
f 9701 9690 9703
f 9705 9694 9706
f 9695 9706 9694
f 9690 9693 9692
f 9689 9693 9690
f 9701 9704 9690
f 7456 7436 8730
f 9464 8730 7449
f 7456 8730 9464
f 9464 7449 7447
f 9409 9403 9402
f 9408 9409 9402
f 9405 9408 9402
f 9405 9407 9408
f 9417 9412 9411
f 9416 9417 9411
f 9414 9416 9411
f 9414 9415 9416
f 9707 9708 9709
f 9710 9709 9708
f 9711 9707 9709
f 9712 9711 9709
f 9712 9709 9710
f 9713 9708 9707
f 9713 9710 9708
f 9714 9707 9711
f 9714 9713 9707
f 9712 9714 9711
f 9714 9710 9713
f 9712 9710 9714
f 9715 9716 9717
f 9718 9717 9716
f 9719 9715 9717
f 9720 9719 9717
f 9718 9720 9717
f 9721 9716 9715
f 9721 9718 9716
f 9722 9715 9719
f 9721 9715 9722
f 9720 9722 9719
f 9718 9722 9720
f 9721 9722 9718
f 9723 9724 9725
f 9726 9725 9724
f 9727 9723 9725
f 9728 9727 9725
f 9729 9730 9725
f 9728 9725 9730
f 9731 9729 9725
f 9726 9731 9725
f 9732 9733 9724
f 9734 9724 9733
f 9723 9732 9724
f 9726 9724 9734
f 9734 9733 9732
f 9735 9732 9723
f 9735 9734 9732
f 9735 9723 9727
f 9728 9736 9727
f 9735 9727 9736
f 9737 9738 9739
f 9740 9739 9738
f 9741 9737 9739
f 9742 9741 9739
f 9740 9743 9739
f 9742 9739 9743
f 9737 9744 9738
f 9740 9738 9744
f 9745 9746 9744
f 9747 9744 9746
f 9748 9745 9744
f 9737 9748 9744
f 9747 9740 9744
f 9745 9749 9746
f 9750 9746 9749
f 9751 9746 9750
f 9747 9746 9751
f 9726 9752 9749
f 9750 9749 9752
f 9753 9726 9749
f 9745 9753 9749
f 9726 9754 9752
f 9755 9752 9754
f 9750 9752 9755
f 9726 9756 9754
f 9757 9754 9756
f 9755 9754 9757
f 9726 9734 9756
f 9758 9756 9734
f 9757 9756 9758
f 9758 9734 9735
f 9759 9760 9730
f 9728 9730 9760
f 9729 9759 9730
f 9761 9762 9760
f 9763 9760 9762
f 9759 9761 9760
f 9763 9728 9760
f 9764 9762 9761
f 9765 9762 9764
f 9763 9762 9765
f 9764 9761 9759
f 9766 9759 9729
f 9766 9764 9759
f 9767 9729 9731
f 9767 9766 9729
f 9768 9731 9726
f 9768 9767 9731
f 9769 9770 9726
f 9771 9726 9770
f 9772 9769 9726
f 9728 9767 9768
f 9763 9765 9766
f 9773 9772 9726
f 9753 9773 9726
f 9736 9726 9771
f 9768 9726 9736
f 9774 9775 9770
f 9771 9770 9775
f 9769 9774 9770
f 9776 9777 9775
f 9778 9775 9777
f 9774 9776 9775
f 9778 9771 9775
f 9779 9777 9776
f 9780 9777 9779
f 9778 9777 9780
f 9779 9776 9774
f 9781 9774 9769
f 9781 9779 9774
f 9782 9769 9772
f 9783 9769 9782
f 9781 9769 9783
f 9763 9766 9728
f 9728 9766 9767
f 9758 9735 9736
f 9782 9772 9773
f 9778 9781 9771
f 9784 9773 9753
f 9784 9782 9773
f 9785 9753 9745
f 9785 9784 9753
f 9786 9745 9748
f 9787 9745 9786
f 9785 9745 9787
f 9788 9789 9748
f 9786 9748 9789
f 9737 9788 9748
f 9790 9791 9789
f 9792 9789 9791
f 9788 9790 9789
f 9792 9786 9789
f 9793 9791 9794
f 9795 9791 9793
f 9796 9791 9790
f 9794 9797 9793
f 9796 9794 9791
f 9798 9791 9795
f 9792 9791 9798
f 9799 9800 9793
f 9795 9793 9800
f 9801 9799 9793
f 9797 9801 9793
f 9802 9803 9800
f 9804 9800 9803
f 9799 9802 9800
f 9804 9795 9800
f 9805 9806 9803
f 9807 9803 9806
f 9808 9805 9803
f 9809 9808 9803
f 9810 9809 9803
f 9811 9810 9803
f 9802 9811 9803
f 9812 9803 9807
f 9804 9803 9812
f 9813 9814 9806
f 9807 9806 9814
f 9805 9813 9806
f 9815 9816 9814
f 9817 9814 9816
f 9818 9815 9814
f 9819 9818 9814
f 9820 9819 9814
f 9821 9820 9814
f 9813 9821 9814
f 9817 9807 9814
f 9778 9780 9779
f 9778 9779 9781
f 9822 9817 9816
f 9771 9781 9783
f 9750 9755 9785
f 9757 9758 9785
f 9815 9823 9816
f 9822 9816 9823
f 9736 9771 9785
f 9815 9824 9823
f 9825 9823 9824
f 9826 9823 9825
f 9822 9823 9826
f 9815 9827 9824
f 9825 9824 9827
f 9828 9829 9827
f 9830 9827 9829
f 9815 9828 9827
f 9830 9825 9827
f 9828 9831 9829
f 9832 9829 9831
f 9833 9829 9832
f 9830 9829 9833
f 9832 9831 9828
f 9834 9828 9815
f 9834 9832 9828
f 9835 9815 9818
f 9836 9815 9835
f 9834 9815 9836
f 9837 9838 9818
f 9835 9818 9838
f 9839 9837 9818
f 9840 9839 9818
f 9819 9840 9818
f 9837 9841 9838
f 9842 9838 9841
f 9842 9835 9838
f 9837 9843 9841
f 9844 9841 9843
f 9844 9842 9841
f 9845 9846 9843
f 9847 9843 9846
f 9848 9845 9843
f 9837 9848 9843
f 9847 9844 9843
f 9849 9846 9845
f 9850 9846 9849
f 9847 9846 9850
f 9849 9845 9848
f 9851 9848 9837
f 9851 9849 9848
f 9852 9837 9839
f 9853 9837 9852
f 9851 9837 9853
f 9840 9854 9839
f 9852 9839 9854
f 9840 9855 9854
f 9856 9854 9855
f 9856 9852 9854
f 9857 9855 9840
f 9858 9855 9857
f 9856 9855 9858
f 9857 9840 9819
f 9859 9819 9820
f 9859 9857 9819
f 9860 9820 9821
f 9860 9859 9820
f 9861 9821 9813
f 9861 9860 9821
f 9862 9813 9805
f 9863 9813 9862
f 9861 9813 9863
f 9862 9805 9808
f 9864 9808 9809
f 9864 9862 9808
f 9865 9809 9810
f 9866 9809 9865
f 9864 9809 9866
f 9865 9810 9811
f 9867 9868 9811
f 9869 9811 9868
f 9802 9867 9811
f 9869 9865 9811
f 9870 9871 9868
f 9872 9868 9871
f 9867 9870 9868
f 9873 9868 9872
f 9869 9868 9873
f 9874 9875 9871
f 9872 9871 9875
f 9876 9874 9871
f 9870 9876 9871
f 9874 9877 9875
f 9878 9875 9877
f 9878 9872 9875
f 9771 9784 9785
f 9771 9782 9784
f 9874 9879 9877
f 9880 9878 9877
f 9728 9768 9736
f 9771 9783 9782
f 9751 9750 9787
f 9879 9881 9877
f 9880 9877 9881
f 9747 9751 9786
f 9879 9882 9881
f 9883 9881 9882
f 9884 9881 9883
f 9880 9881 9884
f 9883 9882 9879
f 9874 9885 9879
f 9886 9879 9885
f 9886 9883 9879
f 9874 9887 9885
f 9888 9885 9887
f 9889 9885 9888
f 9886 9885 9889
f 9890 9891 9887
f 9888 9887 9891
f 9874 9890 9887
f 9892 9893 9891
f 9894 9891 9893
f 9890 9892 9891
f 9894 9888 9891
f 9892 9895 9893
f 9896 9893 9895
f 9897 9893 9896
f 9894 9893 9897
f 9892 9898 9895
f 9896 9895 9898
f 9899 9898 9892
f 9899 9896 9898
f 9900 9892 9890
f 9900 9899 9892
f 9901 9890 9874
f 9901 9900 9890
f 9902 9903 9874
f 9904 9874 9903
f 9905 9902 9874
f 9906 9905 9874
f 9876 9906 9874
f 9907 9874 9904
f 9901 9874 9907
f 9908 9909 9903
f 9904 9903 9909
f 9902 9908 9903
f 9910 9911 9909
f 9912 9909 9911
f 9908 9910 9909
f 9912 9904 9909
f 9913 9911 9910
f 9914 9911 9913
f 9912 9911 9914
f 9913 9910 9908
f 9915 9908 9902
f 9915 9913 9908
f 9916 9902 9905
f 9917 9902 9916
f 9915 9902 9917
f 9916 9905 9906
f 9918 9906 9876
f 9918 9916 9906
f 9919 9876 9870
f 9919 9918 9876
f 9920 9870 9867
f 9920 9919 9870
f 9921 9867 9802
f 9922 9867 9921
f 9920 9867 9922
f 9921 9802 9799
f 9923 9799 9801
f 9923 9921 9799
f 9796 9790 9801
f 9924 9801 9790
f 9797 9925 9801
f 9796 9801 9925
f 9926 9801 9924
f 9923 9801 9926
f 9924 9790 9788
f 9927 9788 9737
f 9927 9924 9788
f 9928 9929 9737
f 9930 9737 9929
f 9741 9928 9737
f 9931 9737 9930
f 9927 9737 9931
f 9932 9933 9929
f 9930 9929 9933
f 9928 9932 9929
f 9932 9934 9933
f 9935 9933 9934
f 9935 9930 9933
f 9932 9936 9934
f 9937 9934 9936
f 9937 9935 9934
f 9938 9939 9936
f 9940 9936 9939
f 9941 9938 9936
f 9942 9941 9936
f 9932 9942 9936
f 9940 9937 9936
f 9938 9943 9939
f 9944 9939 9943
f 9945 9939 9944
f 9940 9939 9945
f 9938 9946 9943
f 9944 9943 9946
f 9947 9948 9946
f 9949 9946 9948
f 9938 9947 9946
f 9949 9944 9946
f 9947 9950 9948
f 9951 9948 9950
f 9952 9948 9951
f 9949 9948 9952
f 9951 9950 9947
f 9953 9947 9938
f 9953 9951 9947
f 9954 9938 9941
f 9955 9938 9954
f 9953 9938 9955
f 9956 9957 9941
f 9954 9941 9957
f 9958 9956 9941
f 9959 9958 9941
f 9942 9959 9941
f 9960 9961 9957
f 9962 9957 9961
f 9963 9960 9957
f 9964 9963 9957
f 9965 9964 9957
f 9956 9965 9957
f 9962 9954 9957
f 9966 9961 9960
f 9966 9962 9961
f 9967 9960 9963
f 9967 9966 9960
f 9968 9963 9964
f 9969 9963 9968
f 9967 9963 9969
f 9968 9964 9965
f 9970 9965 9956
f 9970 9968 9965
f 9971 9956 9958
f 9972 9956 9971
f 9970 9956 9972
f 9959 9973 9958
f 9971 9958 9973
f 9974 9975 9973
f 9976 9973 9975
f 9751 9787 9786
f 9977 9978 9795
f 9959 9974 9973
f 9976 9971 9973
f 9979 9975 9974
f 9980 9975 9979
f 9976 9975 9980
f 9981 9977 9795
f 9978 9798 9795
f 9833 9832 9834
f 9979 9974 9959
f 9830 9834 9836
f 9982 9959 9942
f 9982 9979 9959
f 9983 9942 9932
f 9983 9982 9942
f 9984 9932 9928
f 9985 9932 9984
f 9983 9932 9985
f 9984 9928 9741
f 9742 9984 9741
f 9986 9925 9797
f 9978 9796 9925
f 9978 9925 9986
f 9981 9797 9794
f 9981 9986 9797
f 9977 9794 9796
f 9981 9794 9977
f 9977 9796 9978
f 9786 9743 9740
f 9786 9742 9743
f 9747 9786 9740
f 9930 9984 9742
f 9935 9985 9984
f 9935 9984 9930
f 9931 9930 9742
f 9786 9931 9742
f 9954 9983 9985
f 9937 9954 9985
f 9937 9985 9935
f 9830 9833 9834
f 9976 9980 9979
f 9830 9836 9825
f 9976 9979 9982
f 9954 9982 9983
f 9954 9976 9982
f 9954 9971 9976
f 9954 9972 9971
f 9962 9970 9972
f 9962 9972 9954
f 9966 9968 9970
f 9966 9969 9968
f 9966 9970 9962
f 9967 9969 9966
f 9944 9955 9954
f 9945 9944 9954
f 9940 9945 9954
f 9940 9954 9937
f 9949 9953 9955
f 9949 9955 9944
f 9952 9951 9953
f 9949 9952 9953
f 9792 9927 9931
f 9792 9931 9786
f 9798 9924 9927
f 9926 9924 9986
f 9978 9924 9798
f 9978 9986 9924
f 9986 9981 9926
f 9792 9798 9927
f 9804 9923 9926
f 9804 9926 9795
f 9981 9795 9926
f 9812 9921 9923
f 9873 9922 9921
f 9869 9873 9921
f 9869 9921 9865
f 9866 9865 9921
f 9864 9866 9921
f 9812 9864 9921
f 9804 9812 9923
f 9872 9920 9922
f 9873 9872 9922
f 9904 9916 9918
f 9904 9917 9916
f 9872 9918 9919
f 9907 9904 9918
f 9878 9907 9918
f 9878 9918 9872
f 9872 9919 9920
f 9904 9915 9917
f 9912 9913 9915
f 9912 9914 9913
f 9912 9915 9904
f 9888 9901 9907
f 9889 9888 9907
f 9880 9889 9907
f 9880 9907 9878
f 9901 9896 9899
f 9897 9896 9901
f 9901 9899 9900
f 9894 9897 9901
f 9894 9901 9888
f 9880 9886 9889
f 9884 9883 9886
f 9880 9884 9886
f 9765 9764 9766
f 9750 9785 9787
f 9807 9862 9864
f 9807 9863 9862
f 9812 9807 9864
f 9835 9861 9863
f 9817 9835 9863
f 9817 9863 9807
f 9835 9857 9859
f 9856 9858 9857
f 9835 9856 9857
f 9835 9859 9860
f 9835 9860 9861
f 9835 9852 9856
f 9844 9853 9852
f 9842 9852 9835
f 9844 9852 9842
f 9847 9851 9853
f 9847 9853 9844
f 9850 9849 9851
f 9847 9850 9851
f 9825 9836 9835
f 9826 9825 9835
f 9822 9826 9835
f 9822 9835 9817
f 9755 9757 9785
f 9758 9736 9785
f 9987 9988 9989
f 9990 9989 9988
f 9991 9987 9989
f 9992 9991 9989
f 9993 9994 9989
f 9992 9989 9994
f 9995 9993 9989
f 9990 9995 9989
f 9996 9997 9988
f 9998 9988 9997
f 9987 9996 9988
f 9990 9988 9998
f 9998 9997 9996
f 9999 9996 9987
f 9999 9998 9996
f 9999 9987 9991
f 9992 10000 9991
f 9999 9991 10000
f 10001 10002 10003
f 10004 10003 10002
f 10005 10001 10003
f 10006 10005 10003
f 10004 10007 10003
f 10006 10003 10007
f 10001 10008 10002
f 10004 10002 10008
f 10009 10010 10008
f 10011 10008 10010
f 10012 10009 10008
f 10001 10012 10008
f 10011 10004 10008
f 10009 10013 10010
f 10014 10010 10013
f 10015 10010 10014
f 10011 10010 10015
f 9990 10016 10013
f 10014 10013 10016
f 10017 9990 10013
f 10009 10017 10013
f 9990 10018 10016
f 10019 10016 10018
f 10014 10016 10019
f 9990 10020 10018
f 10021 10018 10020
f 10019 10018 10021
f 9990 9998 10020
f 10022 10020 9998
f 10021 10020 10022
f 10022 9998 9999
f 10023 10024 9994
f 9992 9994 10024
f 9993 10023 9994
f 10025 10026 10024
f 10027 10024 10026
f 10023 10025 10024
f 10027 9992 10024
f 10028 10026 10025
f 10029 10026 10028
f 10027 10026 10029
f 10028 10025 10023
f 10030 10023 9993
f 10030 10028 10023
f 10031 9993 9995
f 10031 10030 9993
f 10032 9995 9990
f 10032 10031 9995
f 10033 10034 9990
f 10035 9990 10034
f 10036 10033 9990
f 9992 10031 10032
f 10027 10029 10030
f 10037 10036 9990
f 10017 10037 9990
f 10000 9990 10035
f 10032 9990 10000
f 10038 10039 10034
f 10035 10034 10039
f 10033 10038 10034
f 10040 10041 10039
f 10042 10039 10041
f 10038 10040 10039
f 10042 10035 10039
f 10043 10041 10040
f 10044 10041 10043
f 10042 10041 10044
f 10043 10040 10038
f 10045 10038 10033
f 10045 10043 10038
f 10046 10033 10036
f 10047 10033 10046
f 10045 10033 10047
f 10027 10030 9992
f 9992 10030 10031
f 10022 9999 10000
f 10046 10036 10037
f 10042 10045 10035
f 10048 10037 10017
f 10048 10046 10037
f 10049 10017 10009
f 10049 10048 10017
f 10050 10009 10012
f 10051 10009 10050
f 10049 10009 10051
f 10052 10053 10012
f 10050 10012 10053
f 10001 10052 10012
f 10054 10055 10053
f 10056 10053 10055
f 10052 10054 10053
f 10056 10050 10053
f 10057 10055 10058
f 10059 10055 10057
f 10060 10055 10054
f 10058 10061 10057
f 10060 10058 10055
f 10062 10055 10059
f 10056 10055 10062
f 10063 10064 10057
f 10059 10057 10064
f 10065 10063 10057
f 10061 10065 10057
f 10066 10067 10064
f 10068 10064 10067
f 10063 10066 10064
f 10068 10059 10064
f 10069 10070 10067
f 10071 10067 10070
f 10072 10069 10067
f 10073 10072 10067
f 10074 10073 10067
f 10075 10074 10067
f 10066 10075 10067
f 10076 10067 10071
f 10068 10067 10076
f 10077 10078 10070
f 10071 10070 10078
f 10069 10077 10070
f 10079 10080 10078
f 10081 10078 10080
f 10082 10079 10078
f 10083 10082 10078
f 10084 10083 10078
f 10085 10084 10078
f 10077 10085 10078
f 10081 10071 10078
f 10042 10044 10043
f 10042 10043 10045
f 10086 10081 10080
f 10035 10045 10047
f 10014 10019 10049
f 10021 10022 10049
f 10079 10087 10080
f 10086 10080 10087
f 10000 10035 10049
f 10079 10088 10087
f 10089 10087 10088
f 10090 10087 10089
f 10086 10087 10090
f 10079 10091 10088
f 10089 10088 10091
f 10092 10093 10091
f 10094 10091 10093
f 10079 10092 10091
f 10094 10089 10091
f 10092 10095 10093
f 10096 10093 10095
f 10097 10093 10096
f 10094 10093 10097
f 10096 10095 10092
f 10098 10092 10079
f 10098 10096 10092
f 10099 10079 10082
f 10100 10079 10099
f 10098 10079 10100
f 10101 10102 10082
f 10099 10082 10102
f 10103 10101 10082
f 10104 10103 10082
f 10083 10104 10082
f 10101 10105 10102
f 10106 10102 10105
f 10106 10099 10102
f 10101 10107 10105
f 10108 10105 10107
f 10108 10106 10105
f 10109 10110 10107
f 10111 10107 10110
f 10112 10109 10107
f 10101 10112 10107
f 10111 10108 10107
f 10113 10110 10109
f 10114 10110 10113
f 10111 10110 10114
f 10113 10109 10112
f 10115 10112 10101
f 10115 10113 10112
f 10116 10101 10103
f 10117 10101 10116
f 10115 10101 10117
f 10104 10118 10103
f 10116 10103 10118
f 10104 10119 10118
f 10120 10118 10119
f 10120 10116 10118
f 10121 10119 10104
f 10122 10119 10121
f 10120 10119 10122
f 10121 10104 10083
f 10123 10083 10084
f 10123 10121 10083
f 10124 10084 10085
f 10124 10123 10084
f 10125 10085 10077
f 10125 10124 10085
f 10126 10077 10069
f 10127 10077 10126
f 10125 10077 10127
f 10126 10069 10072
f 10128 10072 10073
f 10128 10126 10072
f 10129 10073 10074
f 10130 10073 10129
f 10128 10073 10130
f 10129 10074 10075
f 10131 10132 10075
f 10133 10075 10132
f 10066 10131 10075
f 10133 10129 10075
f 10134 10135 10132
f 10136 10132 10135
f 10131 10134 10132
f 10137 10132 10136
f 10133 10132 10137
f 10138 10139 10135
f 10136 10135 10139
f 10140 10138 10135
f 10134 10140 10135
f 10138 10141 10139
f 10142 10139 10141
f 10142 10136 10139
f 10035 10048 10049
f 10035 10046 10048
f 10138 10143 10141
f 10144 10142 10141
f 9992 10032 10000
f 10035 10047 10046
f 10015 10014 10051
f 10143 10145 10141
f 10144 10141 10145
f 10011 10015 10050
f 10143 10146 10145
f 10147 10145 10146
f 10148 10145 10147
f 10144 10145 10148
f 10147 10146 10143
f 10138 10149 10143
f 10150 10143 10149
f 10150 10147 10143
f 10138 10151 10149
f 10152 10149 10151
f 10153 10149 10152
f 10150 10149 10153
f 10154 10155 10151
f 10152 10151 10155
f 10138 10154 10151
f 10156 10157 10155
f 10158 10155 10157
f 10154 10156 10155
f 10158 10152 10155
f 10156 10159 10157
f 10160 10157 10159
f 10161 10157 10160
f 10158 10157 10161
f 10156 10162 10159
f 10160 10159 10162
f 10163 10162 10156
f 10163 10160 10162
f 10164 10156 10154
f 10164 10163 10156
f 10165 10154 10138
f 10165 10164 10154
f 10166 10167 10138
f 10168 10138 10167
f 10169 10166 10138
f 10170 10169 10138
f 10140 10170 10138
f 10171 10138 10168
f 10165 10138 10171
f 10172 10173 10167
f 10168 10167 10173
f 10166 10172 10167
f 10174 10175 10173
f 10176 10173 10175
f 10172 10174 10173
f 10176 10168 10173
f 10177 10175 10174
f 10178 10175 10177
f 10176 10175 10178
f 10177 10174 10172
f 10179 10172 10166
f 10179 10177 10172
f 10180 10166 10169
f 10181 10166 10180
f 10179 10166 10181
f 10180 10169 10170
f 10182 10170 10140
f 10182 10180 10170
f 10183 10140 10134
f 10183 10182 10140
f 10184 10134 10131
f 10184 10183 10134
f 10185 10131 10066
f 10186 10131 10185
f 10184 10131 10186
f 10185 10066 10063
f 10187 10063 10065
f 10187 10185 10063
f 10060 10054 10065
f 10188 10065 10054
f 10061 10189 10065
f 10060 10065 10189
f 10190 10065 10188
f 10187 10065 10190
f 10188 10054 10052
f 10191 10052 10001
f 10191 10188 10052
f 10192 10193 10001
f 10194 10001 10193
f 10005 10192 10001
f 10195 10001 10194
f 10191 10001 10195
f 10196 10197 10193
f 10194 10193 10197
f 10192 10196 10193
f 10196 10198 10197
f 10199 10197 10198
f 10199 10194 10197
f 10196 10200 10198
f 10201 10198 10200
f 10201 10199 10198
f 10202 10203 10200
f 10204 10200 10203
f 10205 10202 10200
f 10206 10205 10200
f 10196 10206 10200
f 10204 10201 10200
f 10202 10207 10203
f 10208 10203 10207
f 10209 10203 10208
f 10204 10203 10209
f 10202 10210 10207
f 10208 10207 10210
f 10211 10212 10210
f 10213 10210 10212
f 10202 10211 10210
f 10213 10208 10210
f 10211 10214 10212
f 10215 10212 10214
f 10216 10212 10215
f 10213 10212 10216
f 10215 10214 10211
f 10217 10211 10202
f 10217 10215 10211
f 10218 10202 10205
f 10219 10202 10218
f 10217 10202 10219
f 10220 10221 10205
f 10218 10205 10221
f 10222 10220 10205
f 10223 10222 10205
f 10206 10223 10205
f 10224 10225 10221
f 10226 10221 10225
f 10227 10224 10221
f 10228 10227 10221
f 10229 10228 10221
f 10220 10229 10221
f 10226 10218 10221
f 10230 10225 10224
f 10230 10226 10225
f 10231 10224 10227
f 10231 10230 10224
f 10232 10227 10228
f 10233 10227 10232
f 10231 10227 10233
f 10232 10228 10229
f 10234 10229 10220
f 10234 10232 10229
f 10235 10220 10222
f 10236 10220 10235
f 10234 10220 10236
f 10223 10237 10222
f 10235 10222 10237
f 10238 10239 10237
f 10240 10237 10239
f 10015 10051 10050
f 10241 10242 10059
f 10223 10238 10237
f 10240 10235 10237
f 10243 10239 10238
f 10244 10239 10243
f 10240 10239 10244
f 10245 10241 10059
f 10242 10062 10059
f 10097 10096 10098
f 10243 10238 10223
f 10094 10098 10100
f 10246 10223 10206
f 10246 10243 10223
f 10247 10206 10196
f 10247 10246 10206
f 10248 10196 10192
f 10249 10196 10248
f 10247 10196 10249
f 10248 10192 10005
f 10006 10248 10005
f 10250 10189 10061
f 10242 10060 10189
f 10242 10189 10250
f 10245 10061 10058
f 10245 10250 10061
f 10241 10058 10060
f 10245 10058 10241
f 10241 10060 10242
f 10050 10007 10004
f 10050 10006 10007
f 10011 10050 10004
f 10194 10248 10006
f 10199 10249 10248
f 10199 10248 10194
f 10195 10194 10006
f 10050 10195 10006
f 10218 10247 10249
f 10201 10218 10249
f 10201 10249 10199
f 10094 10097 10098
f 10240 10244 10243
f 10094 10100 10089
f 10240 10243 10246
f 10218 10246 10247
f 10218 10240 10246
f 10218 10235 10240
f 10218 10236 10235
f 10226 10234 10236
f 10226 10236 10218
f 10230 10232 10234
f 10230 10233 10232
f 10230 10234 10226
f 10231 10233 10230
f 10208 10219 10218
f 10209 10208 10218
f 10204 10209 10218
f 10204 10218 10201
f 10213 10217 10219
f 10213 10219 10208
f 10216 10215 10217
f 10213 10216 10217
f 10056 10191 10195
f 10056 10195 10050
f 10062 10188 10191
f 10190 10188 10250
f 10242 10188 10062
f 10242 10250 10188
f 10250 10245 10190
f 10056 10062 10191
f 10068 10187 10190
f 10068 10190 10059
f 10245 10059 10190
f 10076 10185 10187
f 10137 10186 10185
f 10133 10137 10185
f 10133 10185 10129
f 10130 10129 10185
f 10128 10130 10185
f 10076 10128 10185
f 10068 10076 10187
f 10136 10184 10186
f 10137 10136 10186
f 10168 10180 10182
f 10168 10181 10180
f 10136 10182 10183
f 10171 10168 10182
f 10142 10171 10182
f 10142 10182 10136
f 10136 10183 10184
f 10168 10179 10181
f 10176 10177 10179
f 10176 10178 10177
f 10176 10179 10168
f 10152 10165 10171
f 10153 10152 10171
f 10144 10153 10171
f 10144 10171 10142
f 10165 10160 10163
f 10161 10160 10165
f 10165 10163 10164
f 10158 10161 10165
f 10158 10165 10152
f 10144 10150 10153
f 10148 10147 10150
f 10144 10148 10150
f 10029 10028 10030
f 10014 10049 10051
f 10071 10126 10128
f 10071 10127 10126
f 10076 10071 10128
f 10099 10125 10127
f 10081 10099 10127
f 10081 10127 10071
f 10099 10121 10123
f 10120 10122 10121
f 10099 10120 10121
f 10099 10123 10124
f 10099 10124 10125
f 10099 10116 10120
f 10108 10117 10116
f 10106 10116 10099
f 10108 10116 10106
f 10111 10115 10117
f 10111 10117 10108
f 10114 10113 10115
f 10111 10114 10115
f 10089 10100 10099
f 10090 10089 10099
f 10086 10090 10099
f 10086 10099 10081
f 10019 10021 10049
f 10022 10000 10049
f 10251 10252 10253
f 10254 10253 10252
f 10255 10251 10253
f 10256 10255 10253
f 10257 10256 10253
f 10254 10257 10253
f 10251 10258 10252
f 10254 10252 10258
f 10251 10259 10258
f 10260 10258 10259
f 10261 10258 10262
f 10260 10262 10258
f 10254 10258 10261
f 10251 10263 10259
f 10260 10259 10263
f 10264 10263 10251
f 10264 10260 10263
f 10265 10251 10255
f 10264 10251 10265
f 10256 10266 10255
f 10267 10255 10266
f 10265 10255 10267
f 10268 10269 10266
f 10267 10266 10269
f 10256 10268 10266
f 10270 10271 10269
f 10267 10269 10271
f 10268 10270 10269
f 10270 10272 10271
f 10267 10271 10272
f 10273 10272 10270
f 10267 10272 10273
f 10273 10270 10268
f 10274 10268 10256
f 10274 10275 10268
f 10276 10268 10275
f 10273 10268 10276
f 10274 10256 10277
f 10257 10277 10256
f 10278 10262 10279
f 10280 10279 10262
f 10276 10278 10279
f 10273 10276 10279
f 10280 10273 10279
f 10281 10261 10262
f 10278 10281 10262
f 10260 10280 10262
f 10254 10261 10281
f 10282 10281 10278
f 10282 10254 10281
f 10276 10275 10278
f 10283 10278 10275
f 10282 10278 10283
f 10274 10284 10275
f 10285 10275 10284
f 10285 10283 10275
f 10274 10277 10284
f 10285 10284 10277
f 10285 10277 10257
f 10285 10257 10254
f 10286 10285 10254
f 10282 10286 10254
f 10287 10273 10280
f 10287 10267 10273
f 10264 10280 10260
f 10264 10287 10280
f 10287 10283 10285
f 10288 10282 10283
f 10289 10283 10290
f 10291 10290 10283
f 10289 10292 10283
f 10288 10283 10292
f 10287 10291 10283
f 10293 10285 10286
f 10285 10293 10294
f 10291 10285 10290
f 10291 10267 10285
f 10287 10285 10267
f 10265 10286 10282
f 10295 10286 10296
f 10297 10296 10286
f 10298 10286 10295
f 10298 10293 10286
f 10297 10286 10265
f 10282 10288 10299
f 10300 10282 10296
f 10300 10265 10282
f 10289 10290 10296
f 10295 10296 10290
f 10294 10295 10290
f 10294 10290 10285
f 10299 10289 10296
f 10299 10296 10282
f 10301 10296 10297
f 10300 10296 10301
f 10302 10292 10289
f 10303 10288 10292
f 10303 10292 10302
f 10304 10289 10299
f 10304 10302 10289
f 10305 10299 10288
f 10304 10299 10305
f 10305 10288 10303
f 10306 10295 10294
f 10307 10298 10295
f 10307 10295 10306
f 10308 10294 10293
f 10309 10294 10310
f 10308 10310 10294
f 10306 10294 10309
f 10311 10293 10298
f 10308 10293 10311
f 10311 10298 10307
f 10291 10312 10267
f 10297 10267 10312
f 10297 10265 10267
f 10308 10312 10291
f 10308 10297 10312
f 10287 10313 10291
f 10302 10291 10313
f 10309 10310 10291
f 10308 10291 10310
f 10306 10309 10291
f 10301 10306 10291
f 10304 10301 10291
f 10304 10291 10302
f 10264 10313 10287
f 10303 10302 10313
f 10300 10303 10313
f 10264 10300 10313
f 10264 10265 10300
f 10311 10307 10297
f 10301 10297 10307
f 10308 10311 10297
f 10301 10307 10306
f 10304 10305 10301
f 10300 10301 10305
f 10300 10305 10303
f 10314 10315 10316
f 10317 10316 10315
f 10318 10314 10316
f 10319 10318 10316
f 10320 10319 10316
f 10317 10320 10316
f 10314 10321 10315
f 10317 10315 10321
f 10314 10322 10321
f 10323 10321 10322
f 10324 10321 10325
f 10323 10325 10321
f 10317 10321 10324
f 10314 10326 10322
f 10323 10322 10326
f 10327 10326 10314
f 10327 10323 10326
f 10328 10314 10318
f 10327 10314 10328
f 10319 10329 10318
f 10330 10318 10329
f 10328 10318 10330
f 10331 10332 10329
f 10330 10329 10332
f 10319 10331 10329
f 10333 10334 10332
f 10330 10332 10334
f 10331 10333 10332
f 10333 10335 10334
f 10330 10334 10335
f 10336 10335 10333
f 10330 10335 10336
f 10336 10333 10331
f 10337 10331 10319
f 10337 10338 10331
f 10339 10331 10338
f 10336 10331 10339
f 10337 10319 10340
f 10320 10340 10319
f 10341 10325 10342
f 10343 10342 10325
f 10339 10341 10342
f 10336 10339 10342
f 10343 10336 10342
f 10344 10324 10325
f 10341 10344 10325
f 10323 10343 10325
f 10317 10324 10344
f 10345 10344 10341
f 10345 10317 10344
f 10339 10338 10341
f 10346 10341 10338
f 10345 10341 10346
f 10337 10347 10338
f 10348 10338 10347
f 10348 10346 10338
f 10337 10340 10347
f 10348 10347 10340
f 10348 10340 10320
f 10348 10320 10317
f 10349 10348 10317
f 10345 10349 10317
f 10350 10336 10343
f 10350 10330 10336
f 10327 10343 10323
f 10327 10350 10343
f 10350 10346 10348
f 10351 10345 10346
f 10352 10346 10353
f 10354 10353 10346
f 10352 10355 10346
f 10351 10346 10355
f 10350 10354 10346
f 10356 10348 10349
f 10348 10356 10357
f 10354 10348 10353
f 10354 10330 10348
f 10350 10348 10330
f 10328 10349 10345
f 10358 10349 10359
f 10360 10359 10349
f 10361 10349 10358
f 10361 10356 10349
f 10360 10349 10328
f 10345 10351 10362
f 10363 10345 10359
f 10363 10328 10345
f 10352 10353 10359
f 10358 10359 10353
f 10357 10358 10353
f 10357 10353 10348
f 10362 10352 10359
f 10362 10359 10345
f 10364 10359 10360
f 10363 10359 10364
f 10365 10355 10352
f 10366 10351 10355
f 10366 10355 10365
f 10367 10352 10362
f 10367 10365 10352
f 10368 10362 10351
f 10367 10362 10368
f 10368 10351 10366
f 10369 10358 10357
f 10370 10361 10358
f 10370 10358 10369
f 10371 10357 10356
f 10372 10357 10373
f 10371 10373 10357
f 10369 10357 10372
f 10374 10356 10361
f 10371 10356 10374
f 10374 10361 10370
f 10354 10375 10330
f 10360 10330 10375
f 10360 10328 10330
f 10371 10375 10354
f 10371 10360 10375
f 10350 10376 10354
f 10365 10354 10376
f 10372 10373 10354
f 10371 10354 10373
f 10369 10372 10354
f 10364 10369 10354
f 10367 10364 10354
f 10367 10354 10365
f 10327 10376 10350
f 10366 10365 10376
f 10363 10366 10376
f 10327 10363 10376
f 10327 10328 10363
f 10374 10370 10360
f 10364 10360 10370
f 10371 10374 10360
f 10364 10370 10369
f 10367 10368 10364
f 10363 10364 10368
f 10363 10368 10366
f 10377 10378 10379
f 10380 10379 10378
f 10381 10377 10379
f 10382 10381 10379
f 10383 10382 10379
f 10380 10383 10379
f 10377 10384 10378
f 10380 10378 10384
f 10377 10385 10384
f 10386 10384 10385
f 10387 10384 10388
f 10386 10388 10384
f 10380 10384 10387
f 10377 10389 10385
f 10386 10385 10389
f 10390 10389 10377
f 10390 10386 10389
f 10391 10377 10381
f 10390 10377 10391
f 10382 10392 10381
f 10393 10381 10392
f 10391 10381 10393
f 10394 10395 10392
f 10393 10392 10395
f 10382 10394 10392
f 10396 10397 10395
f 10393 10395 10397
f 10394 10396 10395
f 10396 10398 10397
f 10393 10397 10398
f 10399 10398 10396
f 10393 10398 10399
f 10399 10396 10394
f 10400 10394 10382
f 10400 10401 10394
f 10402 10394 10401
f 10399 10394 10402
f 10400 10382 10403
f 10383 10403 10382
f 10404 10388 10405
f 10406 10405 10388
f 10402 10404 10405
f 10399 10402 10405
f 10406 10399 10405
f 10407 10387 10388
f 10404 10407 10388
f 10386 10406 10388
f 10380 10387 10407
f 10408 10407 10404
f 10408 10380 10407
f 10402 10401 10404
f 10409 10404 10401
f 10408 10404 10409
f 10400 10410 10401
f 10411 10401 10410
f 10411 10409 10401
f 10400 10403 10410
f 10411 10410 10403
f 10411 10403 10383
f 10411 10383 10380
f 10412 10411 10380
f 10408 10412 10380
f 10413 10399 10406
f 10413 10393 10399
f 10390 10406 10386
f 10390 10413 10406
f 10413 10409 10411
f 10414 10408 10409
f 10415 10409 10416
f 10417 10416 10409
f 10415 10418 10409
f 10414 10409 10418
f 10413 10417 10409
f 10419 10411 10412
f 10411 10419 10420
f 10417 10411 10416
f 10417 10393 10411
f 10413 10411 10393
f 10391 10412 10408
f 10421 10412 10422
f 10423 10422 10412
f 10424 10412 10421
f 10424 10419 10412
f 10423 10412 10391
f 10408 10414 10425
f 10426 10408 10422
f 10426 10391 10408
f 10415 10416 10422
f 10421 10422 10416
f 10420 10421 10416
f 10420 10416 10411
f 10425 10415 10422
f 10425 10422 10408
f 10427 10422 10423
f 10426 10422 10427
f 10428 10418 10415
f 10429 10414 10418
f 10429 10418 10428
f 10430 10415 10425
f 10430 10428 10415
f 10431 10425 10414
f 10430 10425 10431
f 10431 10414 10429
f 10432 10421 10420
f 10433 10424 10421
f 10433 10421 10432
f 10434 10420 10419
f 10435 10420 10436
f 10434 10436 10420
f 10432 10420 10435
f 10437 10419 10424
f 10434 10419 10437
f 10437 10424 10433
f 10417 10438 10393
f 10423 10393 10438
f 10423 10391 10393
f 10434 10438 10417
f 10434 10423 10438
f 10413 10439 10417
f 10428 10417 10439
f 10435 10436 10417
f 10434 10417 10436
f 10432 10435 10417
f 10427 10432 10417
f 10430 10427 10417
f 10430 10417 10428
f 10390 10439 10413
f 10429 10428 10439
f 10426 10429 10439
f 10390 10426 10439
f 10390 10391 10426
f 10437 10433 10423
f 10427 10423 10433
f 10434 10437 10423
f 10427 10433 10432
f 10430 10431 10427
f 10426 10427 10431
f 10426 10431 10429
f 10440 10441 10442
f 10443 10442 10441
f 10444 10440 10442
f 10445 10444 10442
f 10446 10445 10442
f 10443 10446 10442
f 10440 10447 10441
f 10443 10441 10447
f 10440 10448 10447
f 10449 10447 10448
f 10450 10447 10451
f 10449 10451 10447
f 10443 10447 10450
f 10440 10452 10448
f 10449 10448 10452
f 10453 10452 10440
f 10453 10449 10452
f 10454 10440 10444
f 10453 10440 10454
f 10445 10455 10444
f 10456 10444 10455
f 10454 10444 10456
f 10457 10458 10455
f 10456 10455 10458
f 10445 10457 10455
f 10459 10460 10458
f 10456 10458 10460
f 10457 10459 10458
f 10459 10461 10460
f 10456 10460 10461
f 10462 10461 10459
f 10456 10461 10462
f 10462 10459 10457
f 10463 10457 10445
f 10463 10464 10457
f 10465 10457 10464
f 10462 10457 10465
f 10463 10445 10466
f 10446 10466 10445
f 10467 10451 10468
f 10469 10468 10451
f 10465 10467 10468
f 10462 10465 10468
f 10469 10462 10468
f 10470 10450 10451
f 10467 10470 10451
f 10449 10469 10451
f 10443 10450 10470
f 10471 10470 10467
f 10471 10443 10470
f 10465 10464 10467
f 10472 10467 10464
f 10471 10467 10472
f 10463 10473 10464
f 10474 10464 10473
f 10474 10472 10464
f 10463 10466 10473
f 10474 10473 10466
f 10474 10466 10446
f 10474 10446 10443
f 10475 10474 10443
f 10471 10475 10443
f 10476 10462 10469
f 10476 10456 10462
f 10453 10469 10449
f 10453 10476 10469
f 10476 10472 10474
f 10477 10471 10472
f 10478 10472 10479
f 10480 10479 10472
f 10478 10481 10472
f 10477 10472 10481
f 10476 10480 10472
f 10482 10474 10475
f 10474 10482 10483
f 10480 10474 10479
f 10480 10456 10474
f 10476 10474 10456
f 10454 10475 10471
f 10484 10475 10485
f 10486 10485 10475
f 10487 10475 10484
f 10487 10482 10475
f 10486 10475 10454
f 10471 10477 10488
f 10489 10471 10485
f 10489 10454 10471
f 10478 10479 10485
f 10484 10485 10479
f 10483 10484 10479
f 10483 10479 10474
f 10488 10478 10485
f 10488 10485 10471
f 10490 10485 10486
f 10489 10485 10490
f 10491 10481 10478
f 10492 10477 10481
f 10492 10481 10491
f 10493 10478 10488
f 10493 10491 10478
f 10494 10488 10477
f 10493 10488 10494
f 10494 10477 10492
f 10495 10484 10483
f 10496 10487 10484
f 10496 10484 10495
f 10497 10483 10482
f 10498 10483 10499
f 10497 10499 10483
f 10495 10483 10498
f 10500 10482 10487
f 10497 10482 10500
f 10500 10487 10496
f 10480 10501 10456
f 10486 10456 10501
f 10486 10454 10456
f 10497 10501 10480
f 10497 10486 10501
f 10476 10502 10480
f 10491 10480 10502
f 10498 10499 10480
f 10497 10480 10499
f 10495 10498 10480
f 10490 10495 10480
f 10493 10490 10480
f 10493 10480 10491
f 10453 10502 10476
f 10492 10491 10502
f 10489 10492 10502
f 10453 10489 10502
f 10453 10454 10489
f 10500 10496 10486
f 10490 10486 10496
f 10497 10500 10486
f 10490 10496 10495
f 10493 10494 10490
f 10489 10490 10494
f 10489 10494 10492

