mtllib material.mtl
usemtl grey.002
v 0.00404000 0.00485000 -0.00001400
v 0.00400000 0.00500000 -0.00001300
v 0.00398100 0.00485000 0.00068800
v 0.00394200 0.00500000 0.00068100
v 0.00380100 0.00485000 0.00136900
v 0.00376300 0.00500000 0.00135500
v 0.00350600 0.00485000 0.00200800
v 0.00347100 0.00500000 0.00198800
v 0.00310400 0.00485000 0.00258700
v 0.00307300 0.00500000 0.00256100
v 0.00260700 0.00485000 0.00308600
v 0.00258100 0.00500000 0.00305600
v 0.00203200 0.00485000 0.00349200
v 0.00201200 0.00500000 0.00345700
v 0.00139500 0.00485000 0.00379200
v 0.00138100 0.00500000 0.00375400
v 0.00071500 0.00485000 0.00397600
v 0.00070800 0.00500000 0.00393700
v 0.00001400 0.00485000 0.00404000
v 0.00001300 0.00500000 0.00400000
v -0.00068800 0.00485000 0.00398100
v -0.00068100 0.00500000 0.00394200
v -0.00136900 0.00485000 0.00380100
v -0.00135500 0.00500000 0.00376300
v -0.00200800 0.00485000 0.00350600
v -0.00198800 0.00500000 0.00347100
v -0.00258700 0.00485000 0.00310400
v -0.00256100 0.00500000 0.00307300
v -0.00308600 0.00485000 0.00260700
v -0.00305600 0.00500000 0.00258100
v -0.00349200 0.00485000 0.00203200
v -0.00345700 0.00500000 0.00201200
v -0.00379200 0.00485000 0.00139500
v -0.00375400 0.00500000 0.00138100
v -0.00397600 0.00485000 0.00071500
v -0.00393700 0.00500000 0.00070800
v -0.00404000 0.00485000 0.00001400
v -0.00400000 0.00500000 0.00001300
v 0.00415000 0.00474000 -0.00001400
v 0.00415000 0.00474000 -0.00001400
v 0.00408900 0.00474000 0.00070700
v 0.00408900 0.00474000 0.00070700
v 0.00390400 0.00474000 0.00140600
v 0.00390400 0.00474000 0.00140600
v 0.00360100 0.00474000 0.00206300
v 0.00360100 0.00474000 0.00206300
v 0.00318800 0.00474000 0.00265700
v 0.00318800 0.00474000 0.00265700
v 0.00267800 0.00474000 0.00317000
v 0.00267800 0.00474000 0.00317000
v 0.00208700 0.00474000 0.00358700
v 0.00208700 0.00474000 0.00358700
v 0.00143200 0.00474000 0.00389500
v 0.00143200 0.00474000 0.00389500
v 0.00073400 0.00474000 0.00408400
v 0.00073400 0.00474000 0.00408400
v 0.00001400 0.00474000 0.00415000
v 0.00001400 0.00474000 0.00415000
v -0.00070700 0.00474000 0.00408900
v -0.00070700 0.00474000 0.00408900
v -0.00140600 0.00474000 0.00390400
v -0.00140600 0.00474000 0.00390400
v -0.00206300 0.00474000 0.00360100
v -0.00206300 0.00474000 0.00360100
v -0.00265700 0.00474000 0.00318800
v -0.00265700 0.00474000 0.00318800
v -0.00317000 0.00474000 0.00267800
v -0.00317000 0.00474000 0.00267800
v -0.00358700 0.00474000 0.00208700
v -0.00358700 0.00474000 0.00208700
v -0.00389500 0.00474000 0.00143200
v -0.00389500 0.00474000 0.00143200
v -0.00408400 0.00474000 0.00073400
v -0.00408400 0.00474000 0.00073400
v -0.00415000 0.00474000 0.00001400
v -0.00415000 0.00474000 0.00001400
v 0.00430000 0.00470000 -0.00001400
v 0.00423700 0.00470000 0.00073200
v 0.00404600 0.00470000 0.00145700
v 0.00373100 0.00470000 0.00213700
v 0.00330300 0.00470000 0.00275300
v 0.00277500 0.00470000 0.00328500
v 0.00216200 0.00470000 0.00371700
v 0.00148400 0.00470000 0.00403600
v 0.00076100 0.00470000 0.00423200
v 0.00001400 0.00470000 0.00430000
v -0.00073200 0.00470000 0.00423700
v -0.00145700 0.00470000 0.00404600
v -0.00213700 0.00470000 0.00373100
v -0.00275300 0.00470000 0.00330300
v -0.00328500 0.00470000 0.00277500
v -0.00371700 0.00470000 0.00216200
v -0.00403600 0.00470000 0.00148400
v -0.00423200 0.00470000 0.00076100
v -0.00430000 0.00470000 0.00001400
v 0.00415000 -0.00434000 -0.00001400
v 0.00415000 -0.00434000 -0.00001400
v 0.00430000 -0.00430000 -0.00001400
v 0.00408900 -0.00434000 0.00070700
v 0.00408900 -0.00434000 0.00070700
v 0.00423700 -0.00430000 0.00073200
v 0.00390400 -0.00434000 0.00140600
v 0.00390400 -0.00434000 0.00140600
v 0.00404600 -0.00430000 0.00145700
v 0.00360100 -0.00434000 0.00206300
v 0.00360100 -0.00434000 0.00206300
v 0.00373100 -0.00430000 0.00213700
v 0.00318800 -0.00434000 0.00265700
v 0.00318800 -0.00434000 0.00265700
v 0.00330300 -0.00430000 0.00275300
v 0.00267800 -0.00434000 0.00317000
v 0.00267800 -0.00434000 0.00317000
v 0.00277500 -0.00430000 0.00328500
v 0.00208700 -0.00434000 0.00358700
v 0.00208700 -0.00434000 0.00358700
v 0.00216200 -0.00430000 0.00371700
v 0.00143200 -0.00434000 0.00389500
v 0.00143200 -0.00434000 0.00389500
v 0.00148400 -0.00430000 0.00403600
v 0.00073400 -0.00434000 0.00408400
v 0.00073400 -0.00434000 0.00408400
v 0.00076100 -0.00430000 0.00423200
v 0.00001400 -0.00434000 0.00415000
v 0.00001400 -0.00434000 0.00415000
v 0.00001400 -0.00430000 0.00430000
v -0.00070700 -0.00434000 0.00408900
v -0.00070700 -0.00434000 0.00408900
v -0.00073200 -0.00430000 0.00423700
v -0.00140600 -0.00434000 0.00390400
v -0.00140600 -0.00434000 0.00390400
v -0.00145700 -0.00430000 0.00404600
v -0.00206300 -0.00434000 0.00360100
v -0.00206300 -0.00434000 0.00360100
v -0.00213700 -0.00430000 0.00373100
v -0.00265700 -0.00434000 0.00318800
v -0.00265700 -0.00434000 0.00318800
v -0.00275300 -0.00430000 0.00330300
v -0.00317000 -0.00434000 0.00267800
v -0.00317000 -0.00434000 0.00267800
v -0.00328500 -0.00430000 0.00277500
v -0.00358700 -0.00434000 0.00208700
v -0.00358700 -0.00434000 0.00208700
v -0.00371700 -0.00430000 0.00216200
v -0.00389500 -0.00434000 0.00143200
v -0.00389500 -0.00434000 0.00143200
v -0.00403600 -0.00430000 0.00148400
v -0.00408400 -0.00434000 0.00073400
v -0.00408400 -0.00434000 0.00073400
v -0.00423200 -0.00430000 0.00076100
v -0.00415000 -0.00434000 0.00001400
v -0.00415000 -0.00434000 0.00001400
v -0.00430000 -0.00430000 0.00001400
v 0.00404000 -0.00445000 -0.00001400
v 0.00398100 -0.00445000 0.00068800
v 0.00380100 -0.00445000 0.00136900
v 0.00350600 -0.00445000 0.00200800
v 0.00310400 -0.00445000 0.00258700
v 0.00260700 -0.00445000 0.00308600
v 0.00203200 -0.00445000 0.00349200
v 0.00139500 -0.00445000 0.00379200
v 0.00071500 -0.00445000 0.00397600
v 0.00001400 -0.00445000 0.00404000
v -0.00068800 -0.00445000 0.00398100
v -0.00136900 -0.00445000 0.00380100
v -0.00200800 -0.00445000 0.00350600
v -0.00258700 -0.00445000 0.00310400
v -0.00308600 -0.00445000 0.00260700
v -0.00349200 -0.00445000 0.00203200
v -0.00379200 -0.00445000 0.00139500
v -0.00397600 -0.00445000 0.00071500
v -0.00404000 -0.00445000 0.00001400
v 0.00400000 -0.00460000 -0.00001300
v 0.00394200 -0.00460000 0.00068100
v 0.00376300 -0.00460000 0.00135500
v 0.00347100 -0.00460000 0.00198800
v 0.00307300 -0.00460000 0.00256100
v 0.00258100 -0.00460000 0.00305600
v 0.00201200 -0.00460000 0.00345700
v 0.00138100 -0.00460000 0.00375400
v 0.00070800 -0.00460000 0.00393700
v 0.00001300 -0.00460000 0.00400000
v -0.00068100 -0.00460000 0.00394200
v -0.00135500 -0.00460000 0.00376300
v -0.00198800 -0.00460000 0.00347100
v -0.00256100 -0.00460000 0.00307300
v -0.00305600 -0.00460000 0.00258100
v -0.00345700 -0.00460000 0.00201200
v -0.00375400 -0.00460000 0.00138100
v -0.00393700 -0.00460000 0.00070800
v -0.00400000 -0.00460000 0.00001300
v 0.00375000 0.00845000 -0.00001300
v 0.00375000 0.00845000 -0.00001300
v 0.00400000 0.00820000 -0.00001300
v 0.00400000 0.00820000 -0.00001300
v 0.00375400 0.00820000 -0.00138100
v 0.00375400 0.00820000 -0.00138100
v 0.00351900 0.00845000 -0.00129400
v 0.00351900 0.00845000 -0.00129400
v 0.00305600 0.00820000 -0.00258100
v 0.00305600 0.00820000 -0.00258100
v 0.00286500 0.00845000 -0.00242000
v 0.00286500 0.00845000 -0.00242000
v 0.00198800 0.00820000 -0.00347100
v 0.00198800 0.00820000 -0.00347100
v 0.00186400 0.00845000 -0.00325400
v 0.00186400 0.00845000 -0.00325400
v 0.00068100 0.00820000 -0.00394200
v 0.00068100 0.00820000 -0.00394200
v 0.00063900 0.00845000 -0.00369500
v 0.00063900 0.00845000 -0.00369500
v -0.00070800 0.00820000 -0.00393700
v -0.00070800 0.00820000 -0.00393700
v -0.00066400 0.00845000 -0.00369100
v -0.00066400 0.00845000 -0.00369100
v -0.00201200 0.00820000 -0.00345700
v -0.00201200 0.00820000 -0.00345700
v -0.00188600 0.00845000 -0.00324100
v -0.00188600 0.00845000 -0.00324100
v -0.00307300 0.00820000 -0.00256100
v -0.00307300 0.00820000 -0.00256100
v -0.00288100 0.00845000 -0.00240100
v -0.00288100 0.00845000 -0.00240100
v -0.00376300 0.00820000 -0.00135500
v -0.00376300 0.00820000 -0.00135500
v -0.00352800 0.00845000 -0.00127100
v -0.00352800 0.00845000 -0.00127100
v -0.00400000 0.00820000 0.00001300
v -0.00400000 0.00820000 0.00001300
v -0.00375000 0.00845000 0.00001300
v -0.00375000 0.00845000 0.00001300
v -0.00375000 -0.00805000 0.00001300
v -0.00375000 -0.00805000 0.00001300
v -0.00400000 -0.00780000 0.00001300
v -0.00400000 -0.00780000 0.00001300
v -0.00376300 -0.00780000 -0.00135500
v -0.00376300 -0.00780000 -0.00135500
v -0.00352800 -0.00805000 -0.00127100
v -0.00352800 -0.00805000 -0.00127100
v -0.00307300 -0.00780000 -0.00256100
v -0.00307300 -0.00780000 -0.00256100
v -0.00288100 -0.00805000 -0.00240100
v -0.00288100 -0.00805000 -0.00240100
v -0.00201200 -0.00780000 -0.00345700
v -0.00201200 -0.00780000 -0.00345700
v -0.00188600 -0.00805000 -0.00324100
v -0.00188600 -0.00805000 -0.00324100
v -0.00070800 -0.00780000 -0.00393700
v -0.00070800 -0.00780000 -0.00393700
v -0.00066400 -0.00805000 -0.00369100
v -0.00066400 -0.00805000 -0.00369100
v 0.00068100 -0.00780000 -0.00394200
v 0.00068100 -0.00780000 -0.00394200
v 0.00063900 -0.00805000 -0.00369500
v 0.00063900 -0.00805000 -0.00369500
v 0.00198800 -0.00780000 -0.00347100
v 0.00198800 -0.00780000 -0.00347100
v 0.00186400 -0.00805000 -0.00325400
v 0.00186400 -0.00805000 -0.00325400
v 0.00305600 -0.00780000 -0.00258100
v 0.00305600 -0.00780000 -0.00258100
v 0.00286500 -0.00805000 -0.00242000
v 0.00286500 -0.00805000 -0.00242000
v 0.00375400 -0.00780000 -0.00138100
v 0.00375400 -0.00780000 -0.00138100
v 0.00351900 -0.00805000 -0.00129400
v 0.00351900 -0.00805000 -0.00129400
v 0.00400000 -0.00780000 -0.00001300
v 0.00400000 -0.00780000 -0.00001300
v 0.00375000 -0.00805000 -0.00001300
v 0.00375000 -0.00805000 -0.00001300
v 0.00066400 0.00845000 0.00369100
v 0.00066400 0.00845000 0.00369100
v 0.00188600 0.00845000 0.00324100
v 0.00188600 0.00845000 0.00324100
v 0.00288100 0.00845000 0.00240100
v 0.00288100 0.00845000 0.00240100
v -0.00286500 0.00845000 0.00242000
v -0.00286500 0.00845000 0.00242000
v -0.00186400 0.00845000 0.00325400
v -0.00186400 0.00845000 0.00325400
v -0.00063900 0.00845000 0.00369500
v -0.00063900 0.00845000 0.00369500
v -0.00351900 0.00845000 0.00129400
v -0.00351900 0.00845000 0.00129400
v 0.00352800 0.00845000 0.00127100
v 0.00352800 0.00845000 0.00127100
v 0.00393700 0.00500000 -0.00070800
v 0.00375400 0.00500000 -0.00138100
v 0.00345700 0.00500000 -0.00201200
v 0.00305600 0.00500000 -0.00258100
v 0.00256100 0.00500000 -0.00307300
v 0.00198800 0.00500000 -0.00347100
v 0.00135500 0.00500000 -0.00376300
v 0.00068100 0.00500000 -0.00394200
v -0.00001300 0.00500000 -0.00400000
v -0.00070800 0.00500000 -0.00393700
v -0.00138100 0.00500000 -0.00375400
v -0.00201200 0.00500000 -0.00345700
v -0.00258100 0.00500000 -0.00305600
v -0.00307300 0.00500000 -0.00256100
v -0.00347100 0.00500000 -0.00198800
v -0.00394200 0.00500000 -0.00068100
v -0.00376300 0.00500000 -0.00135500
v 0.00393700 -0.00460000 -0.00070800
v 0.00375400 -0.00460000 -0.00138100
v 0.00345700 -0.00460000 -0.00201200
v 0.00305600 -0.00460000 -0.00258100
v 0.00256100 -0.00460000 -0.00307300
v 0.00198800 -0.00460000 -0.00347100
v 0.00135500 -0.00460000 -0.00376300
v 0.00068100 -0.00460000 -0.00394200
v -0.00001300 -0.00460000 -0.00400000
v -0.00070800 -0.00460000 -0.00393700
v -0.00138100 -0.00460000 -0.00375400
v -0.00201200 -0.00460000 -0.00345700
v -0.00258100 -0.00460000 -0.00305600
v -0.00307300 -0.00460000 -0.00256100
v -0.00347100 -0.00460000 -0.00198800
v -0.00376300 -0.00460000 -0.00135500
v -0.00394200 -0.00460000 -0.00068100
v 0.00352800 -0.00805000 0.00127100
v 0.00352800 -0.00805000 0.00127100
v 0.00288100 -0.00805000 0.00240100
v 0.00288100 -0.00805000 0.00240100
v 0.00188600 -0.00805000 0.00324100
v 0.00188600 -0.00805000 0.00324100
v -0.00286500 -0.00805000 0.00242000
v -0.00286500 -0.00805000 0.00242000
v -0.00351900 -0.00805000 0.00129400
v -0.00351900 -0.00805000 0.00129400
v 0.00066400 -0.00805000 0.00369100
v 0.00066400 -0.00805000 0.00369100
v -0.00063900 -0.00805000 0.00369500
v -0.00063900 -0.00805000 0.00369500
v -0.00186400 -0.00805000 0.00325400
v -0.00186400 -0.00805000 0.00325400
v -0.02552800 0.00420000 0.00151600
v -0.02552800 0.00420000 0.00151600
v -0.02602800 0.00470000 0.00151700
v -0.02602800 0.00470000 0.00151700
v -0.02533400 0.00420000 0.00247200
v -0.02533400 0.00420000 0.00247200
v -0.02579600 0.00470000 0.00266500
v -0.02579600 0.00470000 0.00266500
v -0.02479000 0.00420000 0.00328100
v -0.02479000 0.00420000 0.00328100
v -0.02514200 0.00470000 0.00363600
v -0.02514200 0.00470000 0.00363600
v -0.02397700 0.00420000 0.00382000
v -0.02397700 0.00420000 0.00382000
v -0.02416700 0.00470000 0.00428300
v -0.02416700 0.00470000 0.00428300
v -0.02301900 0.00420000 0.00400700
v -0.02301900 0.00420000 0.00400700
v -0.02301800 0.00470000 0.00450700
v -0.02301800 0.00470000 0.00450700
v -0.02206300 0.00420000 0.00381400
v -0.02206300 0.00420000 0.00381400
v -0.02187100 0.00470000 0.00427500
v -0.02187100 0.00470000 0.00427500
v -0.02125400 0.00420000 0.00326900
v -0.02125400 0.00420000 0.00326900
v -0.02089900 0.00470000 0.00362100
v -0.02089900 0.00470000 0.00362100
v -0.02071500 0.00420000 0.00245600
v -0.02071500 0.00420000 0.00245600
v -0.02025200 0.00470000 0.00264600
v -0.02025200 0.00470000 0.00264600
v -0.02052800 0.00420000 0.00149900
v -0.02052800 0.00420000 0.00149900
v -0.02002800 0.00470000 0.00149700
v -0.02002800 0.00470000 0.00149700
v -0.02552800 -0.00380000 0.00151600
v -0.02552800 -0.00380000 0.00151600
v -0.02533400 -0.00380000 0.00247200
v -0.02533400 -0.00380000 0.00247200
v -0.02479000 -0.00380000 0.00328100
v -0.02479000 -0.00380000 0.00328100
v -0.02397700 -0.00380000 0.00382000
v -0.02397700 -0.00380000 0.00382000
v -0.02301900 -0.00380000 0.00400700
v -0.02301900 -0.00380000 0.00400700
v -0.02206300 -0.00380000 0.00381400
v -0.02206300 -0.00380000 0.00381400
v -0.02125400 -0.00380000 0.00326900
v -0.02125400 -0.00380000 0.00326900
v -0.02071500 -0.00380000 0.00245600
v -0.02071500 -0.00380000 0.00245600
v -0.02052800 -0.00380000 0.00149900
v -0.02052800 -0.00380000 0.00149900
v -0.02002800 -0.00430000 0.00149700
v -0.02002800 -0.00430000 0.00149700
v -0.02025200 -0.00430000 0.00264600
v -0.02025200 -0.00430000 0.00264600
v -0.02089900 -0.00430000 0.00362100
v -0.02089900 -0.00430000 0.00362100
v -0.02187100 -0.00430000 0.00427500
v -0.02187100 -0.00430000 0.00427500
v -0.02301800 -0.00430000 0.00450700
v -0.02301800 -0.00430000 0.00450700
v -0.02416700 -0.00430000 0.00428300
v -0.02416700 -0.00430000 0.00428300
v -0.02514200 -0.00430000 0.00363600
v -0.02514200 -0.00430000 0.00363600
v -0.02579600 -0.00430000 0.00266500
v -0.02579600 -0.00430000 0.00266500
v -0.02602800 -0.00430000 0.00151700
v -0.02602800 -0.00430000 0.00151700
v -0.03502600 0.00420000 -0.00375200
v -0.03502600 0.00420000 -0.00375200
v -0.03552600 0.00470000 -0.00375000
v -0.03552600 0.00470000 -0.00375000
v -0.03481100 0.00420000 -0.00255500
v -0.03481100 0.00420000 -0.00255500
v -0.03528000 0.00470000 -0.00238300
v -0.03528000 0.00470000 -0.00238300
v -0.03420000 0.00420000 -0.00150500
v -0.03420000 0.00420000 -0.00150500
v -0.03458200 0.00470000 -0.00118200
v -0.03458200 0.00470000 -0.00118200
v -0.03326600 0.00420000 -0.00072700
v -0.03326600 0.00420000 -0.00072700
v -0.03351400 0.00470000 -0.00029300
v -0.03351400 0.00470000 -0.00029300
v -0.03212200 0.00420000 -0.00031500
v -0.03212200 0.00420000 -0.00031500
v -0.03220700 0.00470000 0.00017800
v -0.03220700 0.00470000 0.00017800
v -0.03090700 0.00420000 -0.00031900
v -0.03090700 0.00420000 -0.00031900
v -0.03081800 0.00470000 0.00017300
v -0.03081800 0.00470000 0.00017300
v -0.02976600 0.00420000 -0.00073800
v -0.02976600 0.00420000 -0.00073800
v -0.02951400 0.00470000 -0.00030600
v -0.02951400 0.00470000 -0.00030600
v -0.02883700 0.00420000 -0.00152300
v -0.02883700 0.00420000 -0.00152300
v -0.02845300 0.00470000 -0.00120300
v -0.02845300 0.00470000 -0.00120300
v -0.02823300 0.00420000 -0.00257700
v -0.02823300 0.00420000 -0.00257700
v -0.02776300 0.00470000 -0.00240800
v -0.02776300 0.00470000 -0.00240800
v -0.02802600 0.00420000 -0.00377500
v -0.02802600 0.00420000 -0.00377500
v -0.02752600 0.00470000 -0.00377700
v -0.02752600 0.00470000 -0.00377700
v -0.03502600 -0.00380000 -0.00375200
v -0.03502600 -0.00380000 -0.00375200
v -0.03481100 -0.00380000 -0.00255500
v -0.03481100 -0.00380000 -0.00255500
v -0.03420000 -0.00380000 -0.00150500
v -0.03420000 -0.00380000 -0.00150500
v -0.03326600 -0.00380000 -0.00072700
v -0.03326600 -0.00380000 -0.00072700
v -0.03212200 -0.00380000 -0.00031500
v -0.03212200 -0.00380000 -0.00031500
v -0.03090700 -0.00380000 -0.00031900
v -0.03090700 -0.00380000 -0.00031900
v -0.02976600 -0.00380000 -0.00073800
v -0.02976600 -0.00380000 -0.00073800
v -0.02883700 -0.00380000 -0.00152300
v -0.02883700 -0.00380000 -0.00152300
v -0.02823300 -0.00380000 -0.00257700
v -0.02823300 -0.00380000 -0.00257700
v -0.02802600 -0.00380000 -0.00377500
v -0.02802600 -0.00380000 -0.00377500
v -0.02752600 -0.00430000 -0.00377700
v -0.02752600 -0.00430000 -0.00377700
v -0.02776300 -0.00430000 -0.00240800
v -0.02776300 -0.00430000 -0.00240800
v -0.02845300 -0.00430000 -0.00120300
v -0.02845300 -0.00430000 -0.00120300
v -0.02951400 -0.00430000 -0.00030600
v -0.02951400 -0.00430000 -0.00030600
v -0.03081800 -0.00430000 0.00017300
v -0.03081800 -0.00430000 0.00017300
v -0.03220700 -0.00430000 0.00017800
v -0.03220700 -0.00430000 0.00017800
v -0.03351400 -0.00430000 -0.00029300
v -0.03351400 -0.00430000 -0.00029300
v -0.03458200 -0.00430000 -0.00118200
v -0.03458200 -0.00430000 -0.00118200
v -0.03528000 -0.00430000 -0.00238300
v -0.03528000 -0.00430000 -0.00238300
v -0.03552600 -0.00430000 -0.00375000
v -0.03552600 -0.00430000 -0.00375000
v -0.00540400 0.00470000 0.00534300
v -0.00540400 0.00470000 0.00534300
v -0.00540400 -0.00430000 0.00534300
v -0.00540400 -0.00430000 0.00534300
v -0.00400200 -0.00430000 0.00646100
v -0.00400200 -0.00430000 0.00646100
v -0.00400200 0.00470000 0.00646100
v -0.00400200 0.00470000 0.00646100
v -0.00237700 -0.00430000 0.00721900
v -0.00237700 -0.00430000 0.00721900
v -0.00237700 0.00470000 0.00721900
v -0.00237700 0.00470000 0.00721900
v -0.00061900 -0.00430000 0.00757500
v -0.00061900 -0.00430000 0.00757500
v -0.00061900 0.00470000 0.00757500
v -0.00061900 0.00470000 0.00757500
v 0.00117300 -0.00430000 0.00750900
v 0.00117300 -0.00430000 0.00750900
v 0.00117300 0.00470000 0.00750900
v 0.00117300 0.00470000 0.00750900
v 0.00290000 -0.00430000 0.00702500
v 0.00290000 -0.00430000 0.00702500
v 0.00290000 0.00470000 0.00702500
v 0.00290000 0.00470000 0.00702500
v 0.00446600 -0.00430000 0.00615000
v 0.00446600 -0.00430000 0.00615000
v 0.00446600 0.00470000 0.00615000
v 0.00446600 0.00470000 0.00615000
v 0.00578200 -0.00430000 0.00493200
v 0.00578200 -0.00430000 0.00493200
v 0.00578200 0.00470000 0.00493200
v 0.00578200 0.00470000 0.00493200
v 0.00677700 -0.00430000 0.00344000
v 0.00677700 -0.00430000 0.00344000
v 0.00677700 0.00470000 0.00344000
v 0.00677700 0.00470000 0.00344000
v 0.00739400 -0.00430000 0.00175600
v 0.00739400 -0.00430000 0.00175600
v 0.00739400 0.00470000 0.00175600
v 0.00739400 0.00470000 0.00175600
v 0.00760000 -0.00430000 -0.00002600
v 0.00760000 -0.00430000 -0.00002600
v 0.00760000 0.00470000 -0.00002600
v 0.00760000 0.00470000 -0.00002600
v -0.00730100 0.00470000 0.00441600
v -0.00730100 0.00470000 0.00441600
v -0.00730100 -0.00430000 0.00441600
v -0.00730100 -0.00430000 0.00441600
v -0.00730100 -0.00430000 0.00441600
v -0.00627400 0.00470000 0.00471900
v -0.00627400 0.00470000 0.00471900
v -0.00627400 -0.00430000 0.00471900
v -0.00627400 -0.00430000 0.00471900
v -0.01393600 0.00470000 0.00362400
v -0.01393600 0.00470000 0.00362400
v -0.01393600 -0.00430000 0.00362400
v -0.01393600 -0.00430000 0.00362400
v -0.01606700 0.00470000 0.00412300
v -0.01606700 0.00470000 0.00412300
v -0.01606700 -0.00430000 0.00412300
v -0.01606700 -0.00430000 0.00412300
v -0.01504500 0.00470000 0.00368600
v -0.01504500 0.00470000 0.00368600
v -0.01504500 -0.00430000 0.00368600
v -0.01504500 -0.00430000 0.00368600
v -0.02514900 0.00470000 0.01006500
v -0.02514900 0.00470000 0.01006500
v -0.02514900 -0.00430000 0.01006500
v -0.02514900 -0.00430000 0.01006500
v -0.02699700 0.00470000 0.00891800
v -0.02699700 0.00470000 0.00891800
v -0.02699700 -0.00430000 0.00891800
v -0.02699700 -0.00430000 0.00891800
v -0.02693900 -0.00430000 0.00945500
v -0.02693900 -0.00430000 0.00945500
v -0.02693900 0.00470000 0.00945500
v -0.02693900 0.00470000 0.00945500
v -0.02665200 -0.00430000 0.00991200
v -0.02665200 -0.00430000 0.00991200
v -0.02665200 0.00470000 0.00991200
v -0.02665200 0.00470000 0.00991200
v -0.02619300 -0.00430000 0.01019600
v -0.02619300 -0.00430000 0.01019600
v -0.02619300 0.00470000 0.01019600
v -0.02619300 0.00470000 0.01019600
v -0.02565600 -0.00430000 0.01025100
v -0.02565600 -0.00430000 0.01025100
v -0.02565600 0.00470000 0.01025100
v -0.02565600 0.00470000 0.01025100
v -0.02665900 0.00470000 0.00608300
v -0.02665900 0.00470000 0.00608300
v -0.02665900 -0.00430000 0.00608300
v -0.02665900 -0.00430000 0.00608300
v -0.02945700 0.00470000 0.00252600
v -0.02945700 0.00470000 0.00252600
v -0.02945700 -0.00430000 0.00252600
v -0.02945700 -0.00430000 0.00252600
v -0.02835600 0.00470000 0.00286700
v -0.02835600 0.00470000 0.00286700
v -0.02835600 -0.00430000 0.00286700
v -0.02835600 -0.00430000 0.00286700
v -0.02744700 0.00470000 0.00357500
v -0.02744700 0.00470000 0.00357500
v -0.02744700 -0.00430000 0.00357500
v -0.02744700 -0.00430000 0.00357500
v -0.02684800 0.00470000 0.00456000
v -0.02684800 0.00470000 0.00456000
v -0.02684800 -0.00430000 0.00456000
v -0.02684800 -0.00430000 0.00456000
v -0.02663600 0.00470000 0.00569300
v -0.02663600 0.00470000 0.00569300
v -0.02663600 -0.00430000 0.00569300
v -0.02663600 -0.00430000 0.00569300
v -0.03223700 0.00470000 0.00219400
v -0.03223700 0.00470000 0.00219400
v -0.03223700 -0.00430000 0.00219400
v -0.03223700 -0.00430000 0.00219400
v -0.02767000 0.00470000 -0.00836100
v -0.02767000 0.00470000 -0.00836100
v -0.02767000 -0.00430000 -0.00836100
v -0.02767000 -0.00430000 -0.00836100
v -0.02912500 -0.00430000 -0.00926200
v -0.02912500 -0.00430000 -0.00926200
v -0.02912500 0.00470000 -0.00926200
v -0.02912500 0.00470000 -0.00926200
v -0.03077500 -0.00430000 -0.00971600
v -0.03077500 -0.00430000 -0.00971600
v -0.03077500 0.00470000 -0.00971600
v -0.03077500 0.00470000 -0.00971600
v -0.03248600 -0.00430000 -0.00968600
v -0.03248600 -0.00430000 -0.00968600
v -0.03248600 0.00470000 -0.00968600
v -0.03248600 0.00470000 -0.00968600
v -0.03411900 -0.00430000 -0.00917400
v -0.03411900 -0.00430000 -0.00917400
v -0.03411900 0.00470000 -0.00917400
v -0.03411900 0.00470000 -0.00917400
v -0.03554100 -0.00430000 -0.00822200
v -0.03554100 -0.00430000 -0.00822200
v -0.03554100 0.00470000 -0.00822200
v -0.03554100 0.00470000 -0.00822200
v -0.03663700 -0.00430000 -0.00690700
v -0.03663700 -0.00430000 -0.00690700
v -0.03663700 0.00470000 -0.00690700
v -0.03663700 0.00470000 -0.00690700
v -0.03731600 -0.00430000 -0.00533600
v -0.03731600 -0.00430000 -0.00533600
v -0.03731600 0.00470000 -0.00533600
v -0.03731600 0.00470000 -0.00533600
v -0.03752500 -0.00430000 -0.00363800
v -0.03752500 -0.00430000 -0.00363800
v -0.03752500 0.00470000 -0.00363800
v -0.03752500 0.00470000 -0.00363800
v -0.03724500 -0.00430000 -0.00194900
v -0.03724500 -0.00430000 -0.00194900
v -0.03724500 0.00470000 -0.00194900
v -0.03724500 0.00470000 -0.00194900
v -0.03650100 -0.00430000 -0.00040900
v -0.03650100 -0.00430000 -0.00040900
v -0.03650100 0.00470000 -0.00040900
v -0.03650100 0.00470000 -0.00040900
v -0.03535100 -0.00430000 0.00085900
v -0.03535100 -0.00430000 0.00085900
v -0.03535100 0.00470000 0.00085900
v -0.03535100 0.00470000 0.00085900
v -0.03389000 -0.00430000 0.00175100
v -0.03389000 -0.00430000 0.00175100
v -0.03389000 0.00470000 0.00175100
v -0.03389000 0.00470000 0.00175100
v -0.02599300 0.00470000 -0.00763500
v -0.02599300 0.00470000 -0.00763500
v -0.02599300 -0.00430000 -0.00763500
v -0.02599300 -0.00430000 -0.00763500
v -0.02688500 0.00470000 -0.00787600
v -0.02688500 0.00470000 -0.00787600
v -0.02688500 -0.00430000 -0.00787600
v -0.02688500 -0.00430000 -0.00787600
v -0.00698600 0.00470000 -0.00536600
v -0.00698600 0.00470000 -0.00536600
v -0.00698600 -0.00430000 -0.00536600
v -0.00698600 -0.00430000 -0.00536600
v -0.00464900 0.00470000 -0.00601200
v -0.00464900 0.00470000 -0.00601200
v -0.00464900 -0.00430000 -0.00601200
v -0.00464900 -0.00430000 -0.00601200
v -0.00575400 0.00470000 -0.00545900
v -0.00575400 0.00470000 -0.00545900
v -0.00575400 0.00470000 -0.00545900
v -0.00575400 -0.00430000 -0.00545900
v -0.00575400 -0.00430000 -0.00545900
v -0.00575400 -0.00430000 -0.00545900
v -0.02515600 -0.00430000 -0.00060700
v -0.02515600 -0.00430000 -0.00060700
v -0.02580300 -0.00430000 0.00036800
v -0.02580300 -0.00430000 0.00036800
v -0.02418500 -0.00430000 -0.00126100
v -0.02418500 -0.00430000 -0.00126100
v -0.02303800 -0.00430000 -0.00149300
v -0.02303800 -0.00430000 -0.00149300
v -0.02188900 -0.00430000 -0.00126800
v -0.02188900 -0.00430000 -0.00126800
v -0.02091400 -0.00430000 -0.00062100
v -0.02091400 -0.00430000 -0.00062100
v -0.02026000 -0.00430000 0.00035000
v -0.02026000 -0.00430000 0.00035000
v -0.03528900 -0.00430000 -0.00511900
v -0.03528900 -0.00430000 -0.00511900
v -0.03459900 -0.00430000 -0.00632400
v -0.03459900 -0.00430000 -0.00632400
v -0.03353800 -0.00430000 -0.00722100
v -0.03353800 -0.00430000 -0.00722100
v -0.03223400 -0.00430000 -0.00770000
v -0.03223400 -0.00430000 -0.00770000
v -0.03084500 -0.00430000 -0.00770500
v -0.03084500 -0.00430000 -0.00770500
v -0.02953800 -0.00430000 -0.00723400
v -0.02953800 -0.00430000 -0.00723400
v -0.02847100 -0.00430000 -0.00634500
v -0.02847100 -0.00430000 -0.00634500
v -0.02777200 -0.00430000 -0.00514400
v -0.02777200 -0.00430000 -0.00514400
v -0.00148400 -0.00430000 -0.00403600
v -0.00216200 -0.00430000 -0.00371700
v -0.00277500 -0.00430000 -0.00328500
v -0.00330300 -0.00430000 -0.00275300
v -0.00373100 -0.00430000 -0.00213700
v -0.00404600 -0.00430000 -0.00145700
v -0.00423700 -0.00430000 -0.00073200
v 0.00736200 -0.00430000 -0.00188500
v 0.00736200 -0.00430000 -0.00188500
v 0.00415400 -0.00430000 -0.00636400
v 0.00415400 -0.00430000 -0.00636400
v 0.00213700 -0.00430000 -0.00373100
v 0.00246900 -0.00430000 -0.00718800
v 0.00246900 -0.00430000 -0.00718800
v 0.00145700 -0.00430000 -0.00404600
v 0.00063500 -0.00430000 -0.00757300
v 0.00063500 -0.00430000 -0.00757300
v 0.00423200 -0.00430000 -0.00076100
v 0.00403600 -0.00430000 -0.00148400
v 0.00667700 -0.00430000 -0.00363000
v 0.00667700 -0.00430000 -0.00363000
v 0.00371700 -0.00430000 -0.00216200
v 0.00558500 -0.00430000 -0.00515400
v 0.00558500 -0.00430000 -0.00515400
v 0.00328500 -0.00430000 -0.00277500
v 0.00275300 -0.00430000 -0.00330300
v -0.00303600 -0.00430000 -0.00696700
v -0.00303600 -0.00430000 -0.00696700
v -0.00076100 -0.00430000 -0.00423200
v -0.00123800 -0.00430000 -0.00749800
v -0.00123800 -0.00430000 -0.00749800
v -0.00001400 -0.00430000 -0.00430000
v 0.00073200 -0.00430000 -0.00423700
v -0.02777200 0.00470000 -0.00514400
v -0.02777200 0.00470000 -0.00514400
v -0.02580300 0.00470000 0.00036800
v -0.02580300 0.00470000 0.00036800
v -0.02515600 0.00470000 -0.00060700
v -0.02515600 0.00470000 -0.00060700
v -0.02418500 0.00470000 -0.00126100
v -0.02418500 0.00470000 -0.00126100
v -0.02303800 0.00470000 -0.00149300
v -0.02303800 0.00470000 -0.00149300
v -0.02091400 0.00470000 -0.00062100
v -0.02091400 0.00470000 -0.00062100
v -0.02026000 0.00470000 0.00035000
v -0.02026000 0.00470000 0.00035000
v -0.00423700 0.00470000 -0.00073200
v -0.00404600 0.00470000 -0.00145700
v -0.02188900 0.00470000 -0.00126800
v -0.02188900 0.00470000 -0.00126800
v -0.00373100 0.00470000 -0.00213700
v -0.00330300 0.00470000 -0.00275300
v -0.00277500 0.00470000 -0.00328500
v -0.00303600 0.00470000 -0.00696700
v -0.00303600 0.00470000 -0.00696700
v -0.03459900 0.00470000 -0.00632400
v -0.03459900 0.00470000 -0.00632400
v -0.03528900 0.00470000 -0.00511900
v -0.03528900 0.00470000 -0.00511900
v -0.02847100 0.00470000 -0.00634500
v -0.02847100 0.00470000 -0.00634500
v -0.02953800 0.00470000 -0.00723400
v -0.02953800 0.00470000 -0.00723400
v -0.03084500 0.00470000 -0.00770500
v -0.03084500 0.00470000 -0.00770500
v -0.03223400 0.00470000 -0.00770000
v -0.03223400 0.00470000 -0.00770000
v -0.03353800 0.00470000 -0.00722100
v -0.03353800 0.00470000 -0.00722100
v -0.00216200 0.00470000 -0.00371700
v -0.00148400 0.00470000 -0.00403600
v -0.00123800 0.00470000 -0.00749800
v -0.00123800 0.00470000 -0.00749800
v -0.00076100 0.00470000 -0.00423200
v 0.00063500 0.00470000 -0.00757300
v 0.00063500 0.00470000 -0.00757300
v -0.00001400 0.00470000 -0.00430000
v 0.00073200 0.00470000 -0.00423700
v 0.00246900 0.00470000 -0.00718800
v 0.00246900 0.00470000 -0.00718800
v 0.00145700 0.00470000 -0.00404600
v 0.00415400 0.00470000 -0.00636400
v 0.00415400 0.00470000 -0.00636400
v 0.00736200 0.00470000 -0.00188500
v 0.00736200 0.00470000 -0.00188500
v 0.00423200 0.00470000 -0.00076100
v 0.00213700 0.00470000 -0.00373100
v 0.00275300 0.00470000 -0.00330300
v 0.00558500 0.00470000 -0.00515400
v 0.00558500 0.00470000 -0.00515400
v 0.00328500 0.00470000 -0.00277500
v 0.00667700 0.00470000 -0.00363000
v 0.00667700 0.00470000 -0.00363000
v 0.00371700 0.00470000 -0.00216200
v 0.00403600 0.00470000 -0.00148400
v -0.03481900 -0.00380000 -0.00494900
v -0.03481900 -0.00380000 -0.00494900
v -0.03421500 -0.00380000 -0.00600400
v -0.03421500 -0.00380000 -0.00600400
v -0.03328600 -0.00380000 -0.00678900
v -0.03328600 -0.00380000 -0.00678900
v -0.03214600 -0.00380000 -0.00720800
v -0.03214600 -0.00380000 -0.00720800
v -0.03093000 -0.00380000 -0.00721200
v -0.03093000 -0.00380000 -0.00721200
v -0.02978600 -0.00380000 -0.00680000
v -0.02978600 -0.00380000 -0.00680000
v -0.02885300 -0.00380000 -0.00602200
v -0.02885300 -0.00380000 -0.00602200
v -0.02824100 -0.00380000 -0.00497200
v -0.02824100 -0.00380000 -0.00497200
v -0.02824100 0.00420000 -0.00497200
v -0.02824100 0.00420000 -0.00497200
v -0.02885300 0.00420000 -0.00602200
v -0.02885300 0.00420000 -0.00602200
v -0.02978600 0.00420000 -0.00680000
v -0.02978600 0.00420000 -0.00680000
v -0.03093000 0.00420000 -0.00721200
v -0.03093000 0.00420000 -0.00721200
v -0.03214600 0.00420000 -0.00720800
v -0.03214600 0.00420000 -0.00720800
v -0.03328600 0.00420000 -0.00678900
v -0.03328600 0.00420000 -0.00678900
v -0.03421500 0.00420000 -0.00600400
v -0.03421500 0.00420000 -0.00600400
v -0.03481900 0.00420000 -0.00494900
v -0.03481900 0.00420000 -0.00494900
v -0.02534100 -0.00380000 0.00055800
v -0.02534100 -0.00380000 0.00055800
v -0.02480200 -0.00380000 -0.00025500
v -0.02480200 -0.00380000 -0.00025500
v -0.02399200 -0.00380000 -0.00079900
v -0.02399200 -0.00380000 -0.00079900
v -0.02303600 -0.00380000 -0.00099300
v -0.02303600 -0.00380000 -0.00099300
v -0.02207900 -0.00380000 -0.00080600
v -0.02207900 -0.00380000 -0.00080600
v -0.02126600 -0.00380000 -0.00026600
v -0.02126600 -0.00380000 -0.00026600
v -0.02072100 -0.00380000 0.00054300
v -0.02072100 -0.00380000 0.00054300
v -0.02072100 0.00420000 0.00054300
v -0.02072100 0.00420000 0.00054300
v -0.02126600 0.00420000 -0.00026600
v -0.02126600 0.00420000 -0.00026600
v -0.02207900 0.00420000 -0.00080600
v -0.02207900 0.00420000 -0.00080600
v -0.02303600 0.00420000 -0.00099300
v -0.02303600 0.00420000 -0.00099300
v -0.02399200 0.00420000 -0.00079900
v -0.02399200 0.00420000 -0.00079900
v -0.02480200 0.00420000 -0.00025500
v -0.02480200 0.00420000 -0.00025500
v -0.02534100 0.00420000 0.00055800
v -0.02534100 0.00420000 0.00055800
v -0.00375400 -0.00780000 0.00138100
v -0.00375400 -0.00780000 0.00138100
v -0.00305600 -0.00780000 0.00258100
v -0.00305600 -0.00780000 0.00258100
v -0.00198800 -0.00780000 0.00347100
v -0.00198800 -0.00780000 0.00347100
v -0.00068100 -0.00780000 0.00394200
v -0.00068100 -0.00780000 0.00394200
v 0.00070800 -0.00780000 0.00393700
v 0.00070800 -0.00780000 0.00393700
v 0.00201200 -0.00780000 0.00345700
v 0.00201200 -0.00780000 0.00345700
v 0.00307300 -0.00780000 0.00256100
v 0.00307300 -0.00780000 0.00256100
v 0.00376300 -0.00780000 0.00135500
v 0.00376300 -0.00780000 0.00135500
v -0.00375400 0.00820000 0.00138100
v -0.00375400 0.00820000 0.00138100
v -0.00305600 0.00820000 0.00258100
v -0.00305600 0.00820000 0.00258100
v -0.00198800 0.00820000 0.00347100
v -0.00198800 0.00820000 0.00347100
v -0.00068100 0.00820000 0.00394200
v -0.00068100 0.00820000 0.00394200
v 0.00070800 0.00820000 0.00393700
v 0.00070800 0.00820000 0.00393700
v 0.00201200 0.00820000 0.00345700
v 0.00201200 0.00820000 0.00345700
v 0.00307300 0.00820000 0.00256100
v 0.00307300 0.00820000 0.00256100
v 0.00376300 0.00820000 0.00135500
v 0.00376300 0.00820000 0.00135500
v -0.00408900 -0.00434000 -0.00070700
v -0.00408900 -0.00434000 -0.00070700
v -0.00390400 -0.00434000 -0.00140600
v -0.00390400 -0.00434000 -0.00140600
v -0.00360100 -0.00434000 -0.00206300
v -0.00360100 -0.00434000 -0.00206300
v -0.00318800 -0.00434000 -0.00265700
v -0.00318800 -0.00434000 -0.00265700
v -0.00267800 -0.00434000 -0.00317000
v -0.00267800 -0.00434000 -0.00317000
v -0.00208700 -0.00434000 -0.00358700
v -0.00208700 -0.00434000 -0.00358700
v -0.00143200 -0.00434000 -0.00389500
v -0.00143200 -0.00434000 -0.00389500
v -0.00073400 -0.00434000 -0.00408400
v -0.00073400 -0.00434000 -0.00408400
v -0.00001400 -0.00434000 -0.00415000
v -0.00001400 -0.00434000 -0.00415000
v 0.00070700 -0.00434000 -0.00408900
v 0.00070700 -0.00434000 -0.00408900
v 0.00140600 -0.00434000 -0.00390400
v 0.00140600 -0.00434000 -0.00390400
v 0.00206300 -0.00434000 -0.00360100
v 0.00206300 -0.00434000 -0.00360100
v 0.00265700 -0.00434000 -0.00318800
v 0.00265700 -0.00434000 -0.00318800
v 0.00317000 -0.00434000 -0.00267800
v 0.00317000 -0.00434000 -0.00267800
v 0.00358700 -0.00434000 -0.00208700
v 0.00358700 -0.00434000 -0.00208700
v 0.00389500 -0.00434000 -0.00143200
v 0.00389500 -0.00434000 -0.00143200
v 0.00408400 -0.00434000 -0.00073400
v 0.00408400 -0.00434000 -0.00073400
v -0.00398100 -0.00445000 -0.00068800
v -0.00380100 -0.00445000 -0.00136900
v -0.00350600 -0.00445000 -0.00200800
v -0.00310400 -0.00445000 -0.00258700
v -0.00260700 -0.00445000 -0.00308600
v -0.00203200 -0.00445000 -0.00349200
v -0.00139500 -0.00445000 -0.00379200
v -0.00071500 -0.00445000 -0.00397600
v -0.00001400 -0.00445000 -0.00404000
v 0.00068800 -0.00445000 -0.00398100
v 0.00136900 -0.00445000 -0.00380100
v 0.00200800 -0.00445000 -0.00350600
v 0.00258700 -0.00445000 -0.00310400
v 0.00308600 -0.00445000 -0.00260700
v 0.00349200 -0.00445000 -0.00203200
v 0.00379200 -0.00445000 -0.00139500
v 0.00397600 -0.00445000 -0.00071500
v -0.00398100 0.00485000 -0.00068800
v -0.00380100 0.00485000 -0.00136900
v -0.00350600 0.00485000 -0.00200800
v -0.00310400 0.00485000 -0.00258700
v -0.00260700 0.00485000 -0.00308600
v -0.00203200 0.00485000 -0.00349200
v -0.00139500 0.00485000 -0.00379200
v -0.00071500 0.00485000 -0.00397600
v -0.00001400 0.00485000 -0.00404000
v 0.00068800 0.00485000 -0.00398100
v 0.00136900 0.00485000 -0.00380100
v 0.00200800 0.00485000 -0.00350600
v 0.00258700 0.00485000 -0.00310400
v 0.00308600 0.00485000 -0.00260700
v 0.00349200 0.00485000 -0.00203200
v 0.00379200 0.00485000 -0.00139500
v 0.00397600 0.00485000 -0.00071500
v -0.00408900 0.00474000 -0.00070700
v -0.00408900 0.00474000 -0.00070700
v -0.00390400 0.00474000 -0.00140600
v -0.00390400 0.00474000 -0.00140600
v -0.00360100 0.00474000 -0.00206300
v -0.00360100 0.00474000 -0.00206300
v -0.00318800 0.00474000 -0.00265700
v -0.00318800 0.00474000 -0.00265700
v -0.00267800 0.00474000 -0.00317000
v -0.00267800 0.00474000 -0.00317000
v -0.00208700 0.00474000 -0.00358700
v -0.00208700 0.00474000 -0.00358700
v -0.00143200 0.00474000 -0.00389500
v -0.00143200 0.00474000 -0.00389500
v -0.00073400 0.00474000 -0.00408400
v -0.00073400 0.00474000 -0.00408400
v -0.00001400 0.00474000 -0.00415000
v -0.00001400 0.00474000 -0.00415000
v 0.00070700 0.00474000 -0.00408900
v 0.00070700 0.00474000 -0.00408900
v 0.00140600 0.00474000 -0.00390400
v 0.00140600 0.00474000 -0.00390400
v 0.00206300 0.00474000 -0.00360100
v 0.00206300 0.00474000 -0.00360100
v 0.00265700 0.00474000 -0.00318800
v 0.00265700 0.00474000 -0.00318800
v 0.00317000 0.00474000 -0.00267800
v 0.00317000 0.00474000 -0.00267800
v 0.00358700 0.00474000 -0.00208700
v 0.00358700 0.00474000 -0.00208700
v 0.00389500 0.00474000 -0.00143200
v 0.00389500 0.00474000 -0.00143200
v 0.00408400 0.00474000 -0.00073400
v 0.00408400 0.00474000 -0.00073400
vn 0.86230000 0.50640000 -0.00290000
vn 0.99130000 0.13140000 -0.00340000
vn 0.84980000 0.50620000 0.14690000
vn 0.97670000 0.13270000 0.16880000
vn 0.81130000 0.50640000 0.29220000
vn 0.93270000 0.13140000 0.33590000
vn 0.74830000 0.50630000 0.42870000
vn 0.86000000 0.13270000 0.49270000
vn 0.66240000 0.50640000 0.55210000
vn 0.76150000 0.13160000 0.63470000
vn 0.55650000 0.50630000 0.65870000
vn 0.63970000 0.13270000 0.75710000
vn 0.43360000 0.50640000 0.74530000
vn 0.49850000 0.13150000 0.85680000
vn 0.29770000 0.50630000 0.80930000
vn 0.34210000 0.13280000 0.93020000
vn 0.15260000 0.50640000 0.84870000
vn 0.17540000 0.13150000 0.97570000
vn 0.00290000 0.50640000 0.86230000
vn 0.00340000 0.13270000 0.99120000
vn -0.14690000 0.50620000 0.84980000
vn -0.16890000 0.13140000 0.97680000
vn -0.29220000 0.50640000 0.81130000
vn -0.33590000 0.13270000 0.93250000
vn -0.42870000 0.50640000 0.74820000
vn -0.49280000 0.13150000 0.86020000
vn -0.55210000 0.50630000 0.66250000
vn -0.63450000 0.13280000 0.76140000
vn -0.65870000 0.50630000 0.55650000
vn -0.75730000 0.13140000 0.63970000
vn -0.74530000 0.50640000 0.43360000
vn -0.85670000 0.13270000 0.49850000
vn -0.80930000 0.50630000 0.29770000
vn -0.93040000 0.13150000 0.34220000
vn -0.84870000 0.50640000 0.15260000
vn -0.97550000 0.13280000 0.17540000
vn -0.86230000 0.50640000 0.00290000
vn -0.99130000 0.13140000 0.00340000
vn 0.25910000 0.96580000 -0.00090000
vn 0.70730000 0.70690000 -0.00240000
vn 0.69680000 0.70710000 0.12040000
vn 0.25530000 0.96590000 0.04410000
vn 0.66510000 0.70730000 0.23960000
vn 0.24380000 0.96580000 0.08780000
vn 0.61350000 0.70720000 0.35140000
vn 0.22480000 0.96580000 0.12880000
vn 0.54320000 0.70710000 0.45270000
vn 0.19900000 0.96590000 0.16580000
vn 0.45630000 0.70710000 0.54010000
vn 0.16700000 0.96590000 0.19770000
vn 0.35550000 0.70730000 0.61100000
vn 0.13030000 0.96580000 0.22390000
vn 0.24410000 0.70710000 0.66360000
vn 0.08940000 0.96590000 0.24310000
vn 0.12510000 0.70710000 0.69590000
vn 0.04580000 0.96590000 0.25500000
vn 0.00230000 0.70730000 0.70690000
vn 0.00090000 0.96580000 0.25910000
vn -0.12040000 0.70710000 0.69680000
vn -0.04410000 0.96600000 0.25490000
vn -0.08780000 0.96580000 0.24380000
vn -0.23960000 0.70730000 0.66510000
vn -0.12880000 0.96580000 0.22480000
vn -0.35150000 0.70720000 0.61350000
vn -0.45270000 0.70710000 0.54320000
vn -0.16580000 0.96590000 0.19900000
vn -0.19790000 0.96590000 0.16720000
vn -0.54010000 0.70710000 0.45630000
vn -0.61100000 0.70730000 0.35550000
vn -0.22390000 0.96590000 0.13030000
vn -0.66360000 0.70710000 0.24410000
vn -0.24310000 0.96590000 0.08940000
vn -0.69590000 0.70710000 0.12510000
vn -0.25500000 0.96590000 0.04580000
vn -0.25910000 0.96580000 0.00090000
vn -0.70690000 0.70730000 0.00230000
vn 0.12350000 0.99230000 -0.00040000
vn 0.12120000 0.99240000 0.02090000
vn 0.11620000 0.99230000 0.04190000
vn 0.10720000 0.99230000 0.06140000
vn 0.09490000 0.99230000 0.07910000
vn 0.07970000 0.99230000 0.09440000
vn 0.06210000 0.99230000 0.10680000
vn 0.04260000 0.99230000 0.11590000
vn 0.02190000 0.99230000 0.12150000
vn 0.00040000 0.99240000 0.12320000
vn -0.02100000 0.99230000 0.12170000
vn -0.04190000 0.99230000 0.11620000
vn -0.06140000 0.99230000 0.10720000
vn -0.07910000 0.99230000 0.09490000
vn -0.09440000 0.99230000 0.07970000
vn -0.10680000 0.99230000 0.06210000
vn -0.11590000 0.99230000 0.04260000
vn -0.12150000 0.99230000 0.02190000
vn -0.12350000 0.99230000 0.00040000
vn 0.70720000 -0.70700000 -0.00240000
vn 0.25880000 -0.96590000 -0.00090000
vn 0.12340000 -0.99240000 -0.00040000
vn 0.69680000 -0.70710000 0.12050000
vn 0.25490000 -0.96600000 0.04410000
vn 0.12150000 -0.99240000 0.02100000
vn 0.66510000 -0.70730000 0.23950000
vn 0.24340000 -0.96590000 0.08770000
vn 0.11610000 -0.99240000 0.04180000
vn 0.61350000 -0.70720000 0.35150000
vn 0.22450000 -0.96590000 0.12860000
vn 0.10700000 -0.99240000 0.06130000
vn 0.54320000 -0.70710000 0.45270000
vn 0.19870000 -0.96600000 0.16560000
vn 0.09470000 -0.99240000 0.07890000
vn 0.45630000 -0.70710000 0.54010000
vn 0.16700000 -0.96590000 0.19760000
vn 0.07960000 -0.99240000 0.09420000
vn 0.35550000 -0.70730000 0.61100000
vn 0.13010000 -0.96590000 0.22360000
vn 0.06200000 -0.99240000 0.10660000
vn 0.24410000 -0.70710000 0.66370000
vn 0.08940000 -0.96590000 0.24310000
vn 0.04260000 -0.99240000 0.11570000
vn 0.12510000 -0.70710000 0.69590000
vn 0.04580000 -0.96600000 0.25460000
vn 0.02180000 -0.99240000 0.12140000
vn 0.00240000 -0.70730000 0.70690000
vn 0.00090000 -0.96590000 0.25880000
vn 0.00040000 -0.99240000 0.12340000
vn -0.04410000 -0.96600000 0.25490000
vn -0.12050000 -0.70710000 0.69680000
vn -0.02100000 -0.99240000 0.12150000
vn -0.23950000 -0.70730000 0.66510000
vn -0.08770000 -0.96590000 0.24340000
vn -0.04180000 -0.99240000 0.11610000
vn -0.35150000 -0.70720000 0.61350000
vn -0.12860000 -0.96590000 0.22450000
vn -0.06130000 -0.99240000 0.10700000
vn -0.45270000 -0.70710000 0.54320000
vn -0.16560000 -0.96600000 0.19870000
vn -0.07890000 -0.99240000 0.09470000
vn -0.19760000 -0.96590000 0.16700000
vn -0.54010000 -0.70710000 0.45630000
vn -0.09420000 -0.99240000 0.07960000
vn -0.61100000 -0.70730000 0.35550000
vn -0.22360000 -0.96590000 0.13010000
vn -0.10660000 -0.99240000 0.06200000
vn -0.66370000 -0.70710000 0.24400000
vn -0.24280000 -0.96600000 0.08930000
vn -0.11570000 -0.99240000 0.04260000
vn -0.25490000 -0.96590000 0.04580000
vn -0.69590000 -0.70710000 0.12510000
vn -0.12140000 -0.99240000 0.02180000
vn -0.25880000 -0.96590000 0.00090000
vn -0.70690000 -0.70730000 0.00240000
vn -0.12340000 -0.99240000 0.00040000
vn 0.86230000 -0.50640000 -0.00290000
vn 0.84980000 -0.50620000 0.14690000
vn 0.81130000 -0.50640000 0.29220000
vn 0.74820000 -0.50630000 0.42870000
vn 0.66240000 -0.50640000 0.55200000
vn 0.55650000 -0.50630000 0.65880000
vn 0.43370000 -0.50640000 0.74530000
vn 0.29770000 -0.50630000 0.80930000
vn 0.15260000 -0.50640000 0.84870000
vn 0.00290000 -0.50640000 0.86230000
vn -0.14690000 -0.50620000 0.84980000
vn -0.29220000 -0.50640000 0.81130000
vn -0.42860000 -0.50640000 0.74820000
vn -0.55210000 -0.50630000 0.66250000
vn -0.65880000 -0.50630000 0.55650000
vn -0.74530000 -0.50640000 0.43370000
vn -0.80930000 -0.50630000 0.29770000
vn -0.84870000 -0.50640000 0.15260000
vn -0.86230000 -0.50640000 0.00290000
vn 0.99130000 -0.13140000 -0.00330000
vn 0.97670000 -0.13260000 0.16880000
vn 0.93270000 -0.13140000 0.33590000
vn 0.86000000 -0.13270000 0.49270000
vn 0.76150000 -0.13160000 0.63460000
vn 0.63960000 -0.13270000 0.75710000
vn 0.49850000 -0.13150000 0.85680000
vn 0.34210000 -0.13280000 0.93020000
vn 0.17540000 -0.13150000 0.97570000
vn 0.00330000 -0.13270000 0.99120000
vn -0.16890000 -0.13140000 0.97680000
vn -0.33590000 -0.13270000 0.93250000
vn -0.49270000 -0.13150000 0.86020000
vn -0.63450000 -0.13280000 0.76140000
vn -0.75730000 -0.13140000 0.63970000
vn -0.85670000 -0.13270000 0.49850000
vn -0.93040000 -0.13150000 0.34220000
vn -0.97550000 -0.13280000 0.17540000
vn -0.99130000 -0.13140000 0.00330000
vn -0.00000000 1.00000000 -0.00000000
vn 0.70710000 0.70710000 -0.00240000
vn 0.70710000 0.70710000 -0.00240000
vn 0.99990000 0.01660000 -0.00340000
vn 0.93840000 0.01660000 -0.34510000
vn 0.66360000 0.70720000 -0.24410000
vn -0.00000000 1.00000000 -0.00000000
vn 0.66360000 0.70720000 -0.24410000
vn 0.76380000 0.01660000 -0.64530000
vn 0.54010000 0.70710000 -0.45630000
vn -0.00000000 1.00000000 -0.00000000
vn 0.54010000 0.70710000 -0.45630000
vn 0.35150000 0.70710000 -0.61350000
vn 0.49700000 0.01660000 -0.86760000
vn 0.35150000 0.70710000 -0.61360000
vn -0.00000000 1.00000000 -0.00000000
vn 0.12040000 0.70710000 -0.69680000
vn 0.17030000 0.01660000 -0.98530000
vn 0.12040000 0.70710000 -0.69680000
vn -0.00000000 1.00000000 -0.00000000
vn -0.17690000 0.01660000 -0.98410000
vn -0.12510000 0.70710000 -0.69590000
vn -0.12510000 0.70710000 -0.69590000
vn -0.00000000 1.00000000 -0.00000000
vn -0.35560000 0.70710000 -0.61120000
vn -0.50280000 0.01660000 -0.86420000
vn -0.35560000 0.70710000 -0.61120000
vn -0.00000000 1.00000000 -0.00000000
vn -0.54320000 0.70720000 -0.45260000
vn -0.76810000 0.01660000 -0.64010000
vn -0.00000000 1.00000000 -0.00000000
vn -0.54310000 0.70720000 -0.45270000
vn -0.66530000 0.70710000 -0.23960000
vn -0.94070000 0.01660000 -0.33880000
vn -0.00000000 1.00000000 -0.00000000
vn -0.66530000 0.70710000 -0.23960000
vn -0.99990000 0.01660000 0.00340000
vn -0.70710000 0.70710000 0.00240000
vn -0.70710000 0.70710000 0.00240000
vn -0.00000000 1.00000000 -0.00000000
vn -0.70710000 -0.70710000 0.00240000
vn -0.00000000 -1.00000000 -0.00000000
vn -0.99990000 -0.01660000 0.00340000
vn -0.70710000 -0.70710000 0.00240000
vn -0.66530000 -0.70710000 -0.23960000
vn -0.94070000 -0.01660000 -0.33880000
vn -0.66530000 -0.70710000 -0.23960000
vn -0.00000000 -1.00000000 -0.00000000
vn -0.76810000 -0.01660000 -0.64010000
vn -0.54310000 -0.70720000 -0.45270000
vn -0.00000000 -1.00000000 -0.00000000
vn -0.54310000 -0.70720000 -0.45270000
vn -0.35560000 -0.70710000 -0.61120000
vn -0.50280000 -0.01660000 -0.86420000
vn -0.00000000 -1.00000000 -0.00000000
vn -0.35560000 -0.70710000 -0.61120000
vn -0.12510000 -0.70710000 -0.69590000
vn -0.17690000 -0.01660000 -0.98410000
vn -0.00000000 -1.00000000 -0.00000000
vn -0.12510000 -0.70710000 -0.69590000
vn 0.12040000 -0.70710000 -0.69670000
vn 0.17030000 -0.01660000 -0.98530000
vn 0.12040000 -0.70710000 -0.69680000
vn -0.00000000 -1.00000000 -0.00000000
vn 0.49700000 -0.01660000 -0.86760000
vn 0.35150000 -0.70710000 -0.61360000
vn -0.00000000 -1.00000000 -0.00000000
vn 0.35150000 -0.70710000 -0.61360000
vn 0.76380000 -0.01660000 -0.64530000
vn 0.54010000 -0.70710000 -0.45630000
vn 0.54010000 -0.70710000 -0.45630000
vn -0.00000000 -1.00000000 -0.00000000
vn 0.93840000 -0.01660000 -0.34510000
vn 0.66360000 -0.70720000 -0.24400000
vn -0.00000000 -1.00000000 -0.00000000
vn 0.66360000 -0.70720000 -0.24400000
vn 0.70710000 -0.70710000 -0.00240000
vn 0.99990000 -0.01660000 -0.00340000
vn 0.70710000 -0.70710000 -0.00240000
vn -0.00000000 -1.00000000 -0.00000000
vn -0.00000000 1.00000000 -0.00000000
vn 0.12510000 0.70710000 0.69590000
vn 0.35560000 0.70710000 0.61120000
vn -0.00000000 1.00000000 -0.00000000
vn 0.54320000 0.70710000 0.45270000
vn -0.00000000 1.00000000 -0.00000000
vn -0.00000000 1.00000000 -0.00000000
vn -0.54010000 0.70710000 0.45630000
vn -0.35150000 0.70710000 0.61350000
vn -0.00000000 1.00000000 -0.00000000
vn -0.12040000 0.70710000 0.69670000
vn -0.00000000 1.00000000 -0.00000000
vn -0.66360000 0.70720000 0.24410000
vn -0.00000000 1.00000000 -0.00000000
vn 0.66530000 0.70710000 0.23960000
vn -0.00000000 1.00000000 -0.00000000
vn 0.97550000 0.13280000 -0.17540000
vn 0.93040000 0.13150000 -0.34220000
vn 0.85670000 0.13270000 -0.49850000
vn 0.75730000 0.13140000 -0.63970000
vn 0.63450000 0.13280000 -0.76140000
vn 0.49280000 0.13140000 -0.86020000
vn 0.33590000 0.13270000 -0.93250000
vn 0.16890000 0.13140000 -0.97680000
vn -0.00340000 0.13270000 -0.99120000
vn -0.17540000 0.13150000 -0.97570000
vn -0.34210000 0.13280000 -0.93020000
vn -0.49850000 0.13150000 -0.85680000
vn -0.63960000 0.13270000 -0.75710000
vn -0.76150000 0.13150000 -0.63460000
vn -0.86000000 0.13280000 -0.49270000
vn -0.97670000 0.13260000 -0.16880000
vn -0.93270000 0.13140000 -0.33590000
vn 0.97550000 -0.13280000 -0.17540000
vn 0.93040000 -0.13150000 -0.34220000
vn 0.85670000 -0.13270000 -0.49850000
vn 0.75730000 -0.13140000 -0.63970000
vn 0.63450000 -0.13280000 -0.76140000
vn 0.49280000 -0.13140000 -0.86020000
vn 0.33590000 -0.13270000 -0.93250000
vn 0.16890000 -0.13140000 -0.97680000
vn -0.00330000 -0.13270000 -0.99120000
vn -0.17540000 -0.13150000 -0.97570000
vn -0.34210000 -0.13280000 -0.93020000
vn -0.49850000 -0.13150000 -0.85680000
vn -0.63960000 -0.13270000 -0.75710000
vn -0.76150000 -0.13150000 -0.63460000
vn -0.86000000 -0.13280000 -0.49270000
vn -0.93270000 -0.13140000 -0.33590000
vn -0.97670000 -0.13260000 -0.16880000
vn -0.00000000 -1.00000000 -0.00000000
vn 0.66530000 -0.70710000 0.23960000
vn 0.54320000 -0.70710000 0.45270000
vn -0.00000000 -1.00000000 -0.00000000
vn -0.00000000 -1.00000000 -0.00000000
vn 0.35560000 -0.70710000 0.61120000
vn -0.54010000 -0.70710000 0.45630000
vn -0.00000000 -1.00000000 -0.00000000
vn -0.00000000 -1.00000000 -0.00000000
vn -0.66360000 -0.70720000 0.24400000
vn -0.00000000 -1.00000000 -0.00000000
vn 0.12510000 -0.70710000 0.69590000
vn -0.12040000 -0.70710000 0.69670000
vn -0.00000000 -1.00000000 -0.00000000
vn -0.35150000 -0.70710000 0.61350000
vn -0.00000000 -1.00000000 -0.00000000
vn 0.70710000 0.70710000 -0.00240000
vn 1.00000000 -0.00000000 -0.00340000
vn -0.00000000 1.00000000 -0.00000000
vn 0.70710000 0.70710000 -0.00240000
vn 0.92260000 -0.00000000 -0.38580000
vn 0.65230000 0.70710000 -0.27280000
vn 0.65230000 0.70720000 -0.27280000
vn -0.00000000 1.00000000 -0.00000000
vn 0.70470000 -0.00000000 -0.70950000
vn 0.49830000 0.70710000 -0.50170000
vn -0.00000000 1.00000000 -0.00000000
vn 0.49830000 0.70710000 -0.50170000
vn 0.26840000 0.70710000 -0.65420000
vn 0.37960000 -0.00000000 -0.92520000
vn 0.26840000 0.70710000 -0.65420000
vn -0.00000000 1.00000000 -0.00000000
vn -0.00340000 -0.00000000 -1.00000000
vn -0.00240000 0.70710000 -0.70710000
vn -0.00240000 0.70720000 -0.70710000
vn -0.00000000 1.00000000 -0.00000000
vn -0.27280000 0.70720000 -0.65230000
vn -0.38580000 -0.00000000 -0.92260000
vn -0.00000000 1.00000000 -0.00000000
vn -0.27280000 0.70710000 -0.65230000
vn -0.70950000 -0.00000000 -0.70470000
vn -0.50170000 0.70710000 -0.49830000
vn -0.50170000 0.70710000 -0.49830000
vn -0.00000000 1.00000000 -0.00000000
vn -0.65420000 0.70710000 -0.26840000
vn -0.92520000 -0.00000000 -0.37960000
vn -0.65420000 0.70710000 -0.26840000
vn -0.00000000 1.00000000 -0.00000000
vn -1.00000000 -0.00000000 0.00340000
vn -0.70710000 0.70710000 0.00240000
vn -0.70710000 0.70710000 0.00240000
vn -0.00000000 1.00000000 -0.00000000
vn 0.70710000 -0.70710000 -0.00240000
vn 1.00000000 -0.00000000 -0.00340000
vn 0.92260000 -0.00000000 -0.38580000
vn 0.65240000 -0.70710000 -0.27280000
vn 0.70470000 -0.00000000 -0.70950000
vn 0.49830000 -0.70710000 -0.50170000
vn 0.26840000 -0.70710000 -0.65420000
vn 0.37960000 -0.00000000 -0.92520000
vn -0.00240000 -0.70710000 -0.70710000
vn -0.00340000 -0.00000000 -1.00000000
vn -0.27280000 -0.70710000 -0.65240000
vn -0.38580000 -0.00000000 -0.92260000
vn -0.50170000 -0.70710000 -0.49840000
vn -0.70950000 -0.00000000 -0.70470000
vn -0.65420000 -0.70710000 -0.26840000
vn -0.92520000 -0.00000000 -0.37960000
vn -0.70710000 -0.70710000 0.00240000
vn -1.00000000 -0.00000000 0.00340000
vn -0.00000000 -1.00000000 -0.00000000
vn -0.70710000 -0.70710000 0.00240000
vn -0.00000000 -1.00000000 -0.00000000
vn -0.65420000 -0.70710000 -0.26840000
vn -0.50170000 -0.70710000 -0.49840000
vn -0.00000000 -1.00000000 -0.00000000
vn -0.00000000 -1.00000000 -0.00000000
vn -0.27280000 -0.70710000 -0.65240000
vn -0.00240000 -0.70710000 -0.70710000
vn -0.00000000 -1.00000000 -0.00000000
vn -0.00000000 -1.00000000 -0.00000000
vn 0.26840000 -0.70710000 -0.65420000
vn 0.49830000 -0.70710000 -0.50170000
vn -0.00000000 -1.00000000 -0.00000000
vn 0.65240000 -0.70710000 -0.27280000
vn -0.00000000 -1.00000000 -0.00000000
vn -0.00000000 -1.00000000 -0.00000000
vn 0.70710000 -0.70710000 -0.00240000
vn 1.00000000 -0.00000000 -0.00340000
vn 0.70710000 0.70710000 -0.00240000
vn 0.70710000 0.70710000 -0.00240000
vn -0.00000000 1.00000000 -0.00000000
vn 0.66360000 0.70710000 -0.24410000
vn 0.93850000 -0.00000000 -0.34520000
vn 0.66360000 0.70710000 -0.24410000
vn -0.00000000 1.00000000 -0.00000000
vn 0.54010000 0.70710000 -0.45630000
vn 0.76390000 -0.00000000 -0.64540000
vn 0.54010000 0.70710000 -0.45630000
vn -0.00000000 1.00000000 -0.00000000
vn 0.49710000 -0.00000000 -0.86770000
vn 0.35150000 0.70710000 -0.61350000
vn 0.35150000 0.70710000 -0.61350000
vn -0.00000000 1.00000000 -0.00000000
vn 0.17030000 -0.00000000 -0.98540000
vn 0.12040000 0.70710000 -0.69670000
vn 0.12040000 0.70710000 -0.69670000
vn -0.00000000 1.00000000 -0.00000000
vn -0.17700000 -0.00000000 -0.98420000
vn -0.12510000 0.70710000 -0.69590000
vn -0.12510000 0.70710000 -0.69590000
vn -0.00000000 1.00000000 -0.00000000
vn -0.50290000 -0.00000000 -0.86430000
vn -0.35560000 0.70710000 -0.61120000
vn -0.35560000 0.70710000 -0.61120000
vn -0.00000000 1.00000000 -0.00000000
vn -0.54320000 0.70710000 -0.45270000
vn -0.76820000 -0.00000000 -0.64020000
vn -0.00000000 1.00000000 -0.00000000
vn -0.54320000 0.70710000 -0.45270000
vn -0.66520000 0.70720000 -0.23960000
vn -0.94080000 -0.00000000 -0.33890000
vn -0.00000000 1.00000000 -0.00000000
vn -0.66520000 0.70720000 -0.23960000
vn -1.00000000 -0.00000000 0.00340000
vn -0.70710000 0.70720000 0.00240000
vn -0.00000000 1.00000000 -0.00000000
vn -0.70710000 0.70710000 0.00240000
vn 0.70710000 -0.70710000 -0.00240000
vn 1.00000000 -0.00000000 -0.00340000
vn 0.66370000 -0.70710000 -0.24410000
vn 0.93850000 -0.00000000 -0.34520000
vn 0.76390000 -0.00000000 -0.64540000
vn 0.54020000 -0.70710000 -0.45640000
vn 0.49710000 -0.00000000 -0.86770000
vn 0.35150000 -0.70710000 -0.61360000
vn 0.12040000 -0.70710000 -0.69680000
vn 0.17030000 -0.00000000 -0.98540000
vn -0.17700000 -0.00000000 -0.98420000
vn -0.12510000 -0.70710000 -0.69600000
vn -0.35560000 -0.70710000 -0.61120000
vn -0.50290000 -0.00000000 -0.86430000
vn -0.76820000 -0.00000000 -0.64020000
vn -0.54320000 -0.70710000 -0.45270000
vn -0.66530000 -0.70710000 -0.23960000
vn -0.94080000 -0.00000000 -0.33890000
vn -1.00000000 -0.00000000 0.00340000
vn -0.70710000 -0.70710000 0.00240000
vn -0.70710000 -0.70710000 0.00240000
vn -0.00000000 -1.00000000 -0.00000000
vn -0.66530000 -0.70710000 -0.23960000
vn -0.00000000 -1.00000000 -0.00000000
vn -0.00000000 -1.00000000 -0.00000000
vn -0.54320000 -0.70710000 -0.45270000
vn -0.00000000 -1.00000000 -0.00000000
vn -0.35560000 -0.70710000 -0.61120000
vn -0.12510000 -0.70710000 -0.69600000
vn -0.00000000 -1.00000000 -0.00000000
vn -0.00000000 -1.00000000 -0.00000000
vn 0.12050000 -0.70710000 -0.69680000
vn 0.35150000 -0.70710000 -0.61360000
vn -0.00000000 -1.00000000 -0.00000000
vn -0.00000000 -1.00000000 -0.00000000
vn 0.54020000 -0.70710000 -0.45640000
vn 0.66370000 -0.70710000 -0.24410000
vn -0.00000000 -1.00000000 -0.00000000
vn -0.00000000 -1.00000000 -0.00000000
vn 0.70710000 -0.70710000 -0.00240000
vn -0.00000000 1.00000000 -0.00000000
vn -0.60350000 -0.00000000 0.79730000
vn -0.60350000 -0.00000000 0.79730000
vn -0.00000000 -1.00000000 -0.00000000
vn -0.00000000 -1.00000000 -0.00000000
vn -0.52660000 -0.00000000 0.85010000
vn -0.52660000 -0.00000000 0.85010000
vn -0.00000000 1.00000000 -0.00000000
vn -0.31270000 -0.00000000 0.94980000
vn -0.00000000 -1.00000000 -0.00000000
vn -0.31270000 -0.00000000 0.94980000
vn -0.00000000 1.00000000 -0.00000000
vn -0.00000000 -1.00000000 -0.00000000
vn -0.08140000 -0.00000000 0.99670000
vn -0.08140000 -0.00000000 0.99670000
vn -0.00000000 1.00000000 -0.00000000
vn 0.15440000 -0.00000000 0.98800000
vn -0.00000000 -1.00000000 -0.00000000
vn -0.00000000 1.00000000 -0.00000000
vn 0.15440000 -0.00000000 0.98800000
vn 0.38160000 -0.00000000 0.92430000
vn -0.00000000 -1.00000000 -0.00000000
vn -0.00000000 1.00000000 -0.00000000
vn 0.38160000 -0.00000000 0.92430000
vn -0.00000000 -1.00000000 -0.00000000
vn 0.58760000 -0.00000000 0.80920000
vn -0.00000000 1.00000000 -0.00000000
vn 0.58760000 -0.00000000 0.80920000
vn -0.00000000 -1.00000000 -0.00000000
vn 0.76080000 -0.00000000 0.64900000
vn -0.00000000 1.00000000 -0.00000000
vn 0.76080000 -0.00000000 0.64900000
vn 0.89170000 -0.00000000 0.45260000
vn -0.00000000 -1.00000000 -0.00000000
vn 0.89170000 -0.00000000 0.45260000
vn -0.00000000 1.00000000 -0.00000000
vn -0.00000000 -1.00000000 -0.00000000
vn 0.97290000 -0.00000000 0.23110000
vn -0.00000000 1.00000000 -0.00000000
vn 0.97290000 -0.00000000 0.23110000
vn 1.00000000 -0.00000000 -0.00600000
vn -0.00000000 -1.00000000 -0.00000000
vn 1.00000000 -0.00000000 -0.00600000
vn -0.00000000 1.00000000 -0.00000000
vn -0.00000000 1.00000000 -0.00000000
vn -0.20150000 -0.00000000 0.97950000
vn -0.20150000 -0.00000000 0.97950000
vn -0.20140000 -0.00000000 0.97950000
vn -0.00000000 -1.00000000 -0.00000000
vn -0.00000000 1.00000000 -0.00000000
vn -0.43940000 -0.00000000 0.89830000
vn -0.43940000 -0.00000000 0.89830000
vn -0.00000000 -1.00000000 -0.00000000
vn -0.00000000 1.00000000 -0.00000000
vn -0.03160000 -0.00000000 0.99950000
vn -0.00000000 -1.00000000 -0.00000000
vn -0.03150000 -0.00000000 0.99950000
vn 0.47240000 -0.00000000 0.88140000
vn -0.00000000 1.00000000 -0.00000000
vn -0.00000000 -1.00000000 -0.00000000
vn 0.47240000 -0.00000000 0.88140000
vn -0.00000000 1.00000000 -0.00000000
vn 0.22820000 -0.00000000 0.97360000
vn -0.00000000 -1.00000000 -0.00000000
vn 0.22820000 -0.00000000 0.97360000
vn -0.00000000 1.00000000 -0.00000000
vn 0.44920000 -0.00000000 0.89340000
vn -0.00000000 -1.00000000 -0.00000000
vn 0.44920000 -0.00000000 0.89340000
vn -1.00000000 -0.00000000 -0.00540000
vn -0.00000000 1.00000000 -0.00000000
vn -1.00000000 -0.00000000 -0.00540000
vn -0.00000000 -1.00000000 -0.00000000
vn -0.94440000 -0.00000000 0.32880000
vn -0.00000000 -1.00000000 -0.00000000
vn -0.94440000 -0.00000000 0.32880000
vn -0.00000000 1.00000000 -0.00000000
vn -0.00000000 -1.00000000 -0.00000000
vn -0.70470000 -0.00000000 0.70950000
vn -0.00000000 1.00000000 -0.00000000
vn -0.70470000 -0.00000000 0.70950000
vn -0.00000000 -1.00000000 -0.00000000
vn -0.32240000 -0.00000000 0.94660000
vn -0.32240000 -0.00000000 0.94660000
vn -0.00000000 1.00000000 -0.00000000
vn -0.00000000 -1.00000000 -0.00000000
vn 0.12520000 -0.00000000 0.99210000
vn 0.12520000 -0.00000000 0.99210000
vn -0.00000000 1.00000000 -0.00000000
vn -0.00000000 1.00000000 -0.00000000
vn -0.99610000 -0.00000000 -0.08810000
vn -0.99610000 -0.00000000 -0.08810000
vn -0.00000000 -1.00000000 -0.00000000
vn -0.00000000 1.00000000 -0.00000000
vn -0.20780000 -0.00000000 0.97820000
vn -0.20780000 -0.00000000 0.97820000
vn -0.00000000 -1.00000000 -0.00000000
vn -0.00000000 1.00000000 -0.00000000
vn -0.46260000 -0.00000000 0.88650000
vn -0.46260000 -0.00000000 0.88650000
vn -0.00000000 -1.00000000 -0.00000000
vn -0.74670000 -0.00000000 0.66510000
vn -0.00000000 1.00000000 -0.00000000
vn -0.00000000 -1.00000000 -0.00000000
vn -0.74670000 -0.00000000 0.66510000
vn -0.93390000 -0.00000000 0.35740000
vn -0.00000000 1.00000000 -0.00000000
vn -0.93390000 -0.00000000 0.35740000
vn -0.00000000 -1.00000000 -0.00000000
vn -0.00000000 1.00000000 -0.00000000
vn -0.99800000 -0.00000000 0.06330000
vn -0.00000000 -1.00000000 -0.00000000
vn -0.99800000 -0.00000000 0.06330000
vn -0.18920000 -0.00000000 0.98190000
vn -0.00000000 1.00000000 -0.00000000
vn -0.00000000 -1.00000000 -0.00000000
vn -0.18920000 -0.00000000 0.98190000
vn -0.00000000 1.00000000 -0.00000000
vn 0.52610000 -0.00000000 -0.85040000
vn 0.52610000 -0.00000000 -0.85040000
vn -0.00000000 -1.00000000 -0.00000000
vn 0.40020000 -0.00000000 -0.91640000
vn -0.00000000 -1.00000000 -0.00000000
vn 0.40020000 -0.00000000 -0.91640000
vn -0.00000000 1.00000000 -0.00000000
vn 0.12520000 -0.00000000 -0.99210000
vn -0.00000000 -1.00000000 -0.00000000
vn 0.12520000 -0.00000000 -0.99210000
vn -0.00000000 1.00000000 -0.00000000
vn -0.16000000 -0.00000000 -0.98710000
vn -0.00000000 -1.00000000 -0.00000000
vn -0.16000000 -0.00000000 -0.98710000
vn -0.00000000 1.00000000 -0.00000000
vn -0.43220000 -0.00000000 -0.90180000
vn -0.00000000 -1.00000000 -0.00000000
vn -0.43220000 -0.00000000 -0.90180000
vn -0.00000000 1.00000000 -0.00000000
vn -0.00000000 -1.00000000 -0.00000000
vn -0.66920000 -0.00000000 -0.74310000
vn -0.66920000 -0.00000000 -0.74310000
vn -0.00000000 1.00000000 -0.00000000
vn -0.00000000 -1.00000000 -0.00000000
vn -0.85180000 -0.00000000 -0.52390000
vn -0.85180000 -0.00000000 -0.52390000
vn -0.00000000 1.00000000 -0.00000000
vn -0.00000000 -1.00000000 -0.00000000
vn -0.96500000 -0.00000000 -0.26220000
vn -0.00000000 1.00000000 -0.00000000
vn -0.96500000 -0.00000000 -0.26220000
vn -0.99980000 -0.00000000 0.02090000
vn -0.00000000 -1.00000000 -0.00000000
vn -0.00000000 1.00000000 -0.00000000
vn -0.99980000 -0.00000000 0.02090000
vn -0.00000000 -1.00000000 -0.00000000
vn -0.95320000 -0.00000000 0.30240000
vn -0.00000000 1.00000000 -0.00000000
vn -0.95320000 -0.00000000 0.30240000
vn -0.00000000 -1.00000000 -0.00000000
vn -0.82910000 -0.00000000 0.55920000
vn -0.82910000 -0.00000000 0.55920000
vn -0.00000000 1.00000000 -0.00000000
vn -0.00000000 -1.00000000 -0.00000000
vn -0.63750000 -0.00000000 0.77050000
vn -0.63750000 -0.00000000 0.77050000
vn -0.00000000 1.00000000 -0.00000000
vn -0.39400000 -0.00000000 0.91910000
vn -0.00000000 -1.00000000 -0.00000000
vn -0.39400000 -0.00000000 0.91910000
vn -0.00000000 1.00000000 -0.00000000
vn 0.19010000 -0.00000000 -0.98180000
vn -0.00000000 1.00000000 -0.00000000
vn 0.19010000 -0.00000000 -0.98180000
vn -0.00000000 -1.00000000 -0.00000000
vn -0.00000000 1.00000000 -0.00000000
vn 0.39710000 -0.00000000 -0.91780000
vn 0.39710000 -0.00000000 -0.91780000
vn -0.00000000 -1.00000000 -0.00000000
vn -0.00000000 1.00000000 -0.00000000
vn 0.02170000 -0.00000000 -0.99980000
vn 0.02170000 -0.00000000 -0.99980000
vn -0.00000000 -1.00000000 -0.00000000
vn -0.47880000 -0.00000000 -0.87790000
vn -0.00000000 1.00000000 -0.00000000
vn -0.00000000 -1.00000000 -0.00000000
vn -0.47880000 -0.00000000 -0.87790000
vn -0.26640000 -0.00000000 -0.96390000
vn -0.26650000 -0.00000000 -0.96380000
vn -0.00000000 1.00000000 -0.00000000
vn -0.00000000 -1.00000000 -0.00000000
vn -0.26640000 -0.00000000 -0.96390000
vn -0.26650000 -0.00000000 -0.96380000
vn 0.50170000 -0.70710000 0.49840000
vn -0.00000000 -1.00000000 -0.00000000
vn -0.00000000 -1.00000000 -0.00000000
vn 0.65420000 -0.70710000 0.26840000
vn -0.00000000 -1.00000000 -0.00000000
vn 0.27280000 -0.70710000 0.65240000
vn -0.00000000 -1.00000000 -0.00000000
vn 0.00240000 -0.70710000 0.70710000
vn -0.00000000 -1.00000000 -0.00000000
vn -0.26840000 -0.70710000 0.65420000
vn -0.00000000 -1.00000000 -0.00000000
vn -0.49830000 -0.70710000 0.50170000
vn -0.65240000 -0.70710000 0.27280000
vn -0.00000000 -1.00000000 -0.00000000
vn 0.66530000 -0.70710000 0.23960000
vn -0.00000000 -1.00000000 -0.00000000
vn -0.00000000 -1.00000000 -0.00000000
vn 0.54320000 -0.70710000 0.45270000
vn 0.35560000 -0.70710000 0.61120000
vn -0.00000000 -1.00000000 -0.00000000
vn 0.12510000 -0.70710000 0.69600000
vn -0.00000000 -1.00000000 -0.00000000
vn -0.12040000 -0.70710000 0.69680000
vn -0.00000000 -1.00000000 -0.00000000
vn -0.35150000 -0.70710000 0.61360000
vn -0.00000000 -1.00000000 -0.00000000
vn -0.00000000 -1.00000000 -0.00000000
vn -0.54020000 -0.70710000 0.45640000
vn -0.00000000 -1.00000000 -0.00000000
vn -0.66370000 -0.70710000 0.24410000
vn -0.04260000 -0.99240000 -0.11570000
vn -0.06200000 -0.99240000 -0.10660000
vn -0.07960000 -0.99240000 -0.09420000
vn -0.09470000 -0.99240000 -0.07890000
vn -0.10700000 -0.99240000 -0.06130000
vn -0.11610000 -0.99240000 -0.04180000
vn -0.12150000 -0.99240000 -0.02100000
vn 0.96870000 -0.00000000 -0.24800000
vn -0.00000000 -1.00000000 -0.00000000
vn 0.54650000 -0.00000000 -0.83740000
vn -0.00000000 -1.00000000 -0.00000000
vn 0.06130000 -0.99240000 -0.10700000
vn -0.00000000 -1.00000000 -0.00000000
vn 0.32490000 -0.00000000 -0.94570000
vn 0.04180000 -0.99240000 -0.11610000
vn 0.08350000 -0.00000000 -0.99650000
vn -0.00000000 -1.00000000 -0.00000000
vn 0.12140000 -0.99240000 -0.02180000
vn 0.11570000 -0.99240000 -0.04260000
vn 0.87860000 -0.00000000 -0.47760000
vn -0.00000000 -1.00000000 -0.00000000
vn 0.10660000 -0.99240000 -0.06200000
vn -0.00000000 -1.00000000 -0.00000000
vn 0.73490000 -0.00000000 -0.67820000
vn 0.09420000 -0.99240000 -0.07960000
vn 0.07890000 -0.99240000 -0.09470000
vn -0.39950000 -0.00000000 -0.91670000
vn -0.00000000 -1.00000000 -0.00000000
vn -0.02180000 -0.99240000 -0.12140000
vn -0.16290000 -0.00000000 -0.98660000
vn -0.00000000 -1.00000000 -0.00000000
vn -0.00040000 -0.99240000 -0.12340000
vn 0.02100000 -0.99240000 -0.12150000
vn -0.66360000 0.70710000 0.24410000
vn -0.00000000 1.00000000 -0.00000000
vn -0.00000000 1.00000000 -0.00000000
vn 0.65420000 0.70710000 0.26840000
vn -0.00000000 1.00000000 -0.00000000
vn 0.50170000 0.70710000 0.49830000
vn 0.27280000 0.70710000 0.65240000
vn -0.00000000 1.00000000 -0.00000000
vn -0.00000000 1.00000000 -0.00000000
vn 0.00240000 0.70710000 0.70710000
vn -0.49830000 0.70710000 0.50160000
vn -0.00000000 1.00000000 -0.00000000
vn -0.00000000 1.00000000 -0.00000000
vn -0.65230000 0.70710000 0.27280000
vn -0.12170000 0.99230000 -0.02100000
vn -0.11620000 0.99230000 -0.04190000
vn -0.00000000 1.00000000 -0.00000000
vn -0.26840000 0.70710000 0.65420000
vn -0.10690000 0.99240000 -0.06120000
vn -0.09490000 0.99230000 -0.07910000
vn -0.07970000 0.99230000 -0.09440000
vn -0.00000000 1.00000000 -0.00000000
vn -0.39950000 -0.00000000 -0.91670000
vn 0.54320000 0.70710000 0.45270000
vn -0.00000000 1.00000000 -0.00000000
vn -0.00000000 1.00000000 -0.00000000
vn 0.66530000 0.70710000 0.23960000
vn -0.00000000 1.00000000 -0.00000000
vn -0.54010000 0.70710000 0.45630000
vn -0.00000000 1.00000000 -0.00000000
vn -0.35150000 0.70710000 0.61360000
vn -0.12040000 0.70710000 0.69680000
vn -0.00000000 1.00000000 -0.00000000
vn -0.00000000 1.00000000 -0.00000000
vn 0.12510000 0.70710000 0.69590000
vn -0.00000000 1.00000000 -0.00000000
vn 0.35560000 0.70710000 0.61120000
vn -0.06210000 0.99230000 -0.10680000
vn -0.04260000 0.99230000 -0.11590000
vn -0.00000000 1.00000000 -0.00000000
vn -0.16290000 -0.00000000 -0.98660000
vn -0.02180000 0.99240000 -0.12120000
vn -0.00000000 1.00000000 -0.00000000
vn 0.08350000 -0.00000000 -0.99650000
vn -0.00040000 0.99230000 -0.12350000
vn 0.02100000 0.99230000 -0.12170000
vn 0.32490000 -0.00000000 -0.94570000
vn -0.00000000 1.00000000 -0.00000000
vn 0.04190000 0.99230000 -0.11620000
vn 0.54650000 -0.00000000 -0.83740000
vn -0.00000000 1.00000000 -0.00000000
vn -0.00000000 1.00000000 -0.00000000
vn 0.96870000 -0.00000000 -0.24800000
vn 0.12150000 0.99230000 -0.02190000
vn 0.06140000 0.99230000 -0.10720000
vn 0.07910000 0.99230000 -0.09490000
vn -0.00000000 1.00000000 -0.00000000
vn 0.73490000 -0.00000000 -0.67820000
vn 0.09440000 0.99230000 -0.07970000
vn -0.00000000 1.00000000 -0.00000000
vn 0.87860000 -0.00000000 -0.47760000
vn 0.10680000 0.99230000 -0.06210000
vn 0.11540000 0.99240000 -0.04250000
vn 0.94080000 -0.00000000 0.33890000
vn 0.66530000 -0.70710000 0.23960000
vn 0.54320000 -0.70710000 0.45270000
vn 0.76820000 -0.00000000 0.64020000
vn 0.35560000 -0.70710000 0.61120000
vn 0.50290000 -0.00000000 0.86430000
vn 0.17700000 -0.00000000 0.98420000
vn 0.12510000 -0.70710000 0.69600000
vn -0.12050000 -0.70710000 0.69680000
vn -0.17030000 -0.00000000 0.98540000
vn -0.49710000 -0.00000000 0.86770000
vn -0.35150000 -0.70710000 0.61360000
vn -0.76390000 -0.00000000 0.64540000
vn -0.54020000 -0.70710000 0.45640000
vn -0.93850000 -0.00000000 0.34520000
vn -0.66370000 -0.70710000 0.24410000
vn -0.93850000 -0.00000000 0.34520000
vn -0.66360000 0.70710000 0.24410000
vn -0.76390000 -0.00000000 0.64540000
vn -0.54010000 0.70710000 0.45630000
vn -0.35150000 0.70710000 0.61360000
vn -0.49710000 -0.00000000 0.86770000
vn -0.12050000 0.70710000 0.69680000
vn -0.17030000 -0.00000000 0.98540000
vn 0.12510000 0.70710000 0.69590000
vn 0.17700000 -0.00000000 0.98420000
vn 0.35560000 0.70710000 0.61120000
vn 0.50290000 -0.00000000 0.86430000
vn 0.76820000 -0.00000000 0.64020000
vn 0.54320000 0.70710000 0.45270000
vn 0.66530000 0.70710000 0.23960000
vn 0.94080000 -0.00000000 0.33890000
vn 0.92520000 -0.00000000 0.37960000
vn 0.65420000 -0.70710000 0.26840000
vn 0.70950000 -0.00000000 0.70470000
vn 0.50170000 -0.70710000 0.49830000
vn 0.38580000 -0.00000000 0.92260000
vn 0.27280000 -0.70710000 0.65240000
vn 0.00340000 -0.00000000 1.00000000
vn 0.00240000 -0.70710000 0.70710000
vn -0.37960000 -0.00000000 0.92520000
vn -0.26840000 -0.70710000 0.65420000
vn -0.70470000 -0.00000000 0.70950000
vn -0.49830000 -0.70710000 0.50170000
vn -0.65240000 -0.70710000 0.27280000
vn -0.92260000 -0.00000000 0.38580000
vn -0.92260000 -0.00000000 0.38580000
vn -0.65240000 0.70710000 0.27280000
vn -0.49830000 0.70710000 0.50170000
vn -0.70470000 -0.00000000 0.70950000
vn -0.37960000 -0.00000000 0.92520000
vn -0.26840000 0.70710000 0.65420000
vn 0.00240000 0.70710000 0.70710000
vn 0.00340000 -0.00000000 1.00000000
vn 0.27280000 0.70710000 0.65240000
vn 0.38580000 -0.00000000 0.92260000
vn 0.50170000 0.70710000 0.49830000
vn 0.70950000 -0.00000000 0.70470000
vn 0.65420000 0.70710000 0.26840000
vn 0.92520000 -0.00000000 0.37960000
vn -0.66360000 -0.70720000 0.24400000
vn -0.93840000 -0.01660000 0.34510000
vn -0.54010000 -0.70710000 0.45630000
vn -0.76380000 -0.01660000 0.64530000
vn -0.35150000 -0.70710000 0.61350000
vn -0.49700000 -0.01660000 0.86760000
vn -0.12040000 -0.70710000 0.69670000
vn -0.17030000 -0.01660000 0.98520000
vn 0.12510000 -0.70710000 0.69590000
vn 0.17690000 -0.01660000 0.98410000
vn 0.50280000 -0.01660000 0.86420000
vn 0.35560000 -0.70710000 0.61120000
vn 0.54320000 -0.70710000 0.45270000
vn 0.76810000 -0.01660000 0.64010000
vn 0.94070000 -0.01660000 0.33880000
vn 0.66530000 -0.70710000 0.23960000
vn -0.93840000 0.01660000 0.34510000
vn -0.66360000 0.70720000 0.24410000
vn -0.54010000 0.70710000 0.45630000
vn -0.76380000 0.01660000 0.64530000
vn -0.49700000 0.01660000 0.86760000
vn -0.35150000 0.70710000 0.61350000
vn -0.12040000 0.70710000 0.69670000
vn -0.17030000 0.01660000 0.98520000
vn 0.17690000 0.01660000 0.98410000
vn 0.12510000 0.70710000 0.69590000
vn 0.50280000 0.01660000 0.86420000
vn 0.35560000 0.70710000 0.61120000
vn 0.54320000 0.70710000 0.45270000
vn 0.76810000 0.01660000 0.64010000
vn 0.66530000 0.70710000 0.23960000
vn 0.94070000 0.01660000 0.33880000
vn -0.69680000 -0.70710000 -0.12050000
vn -0.25490000 -0.96600000 -0.04410000
vn -0.66510000 -0.70730000 -0.23950000
vn -0.24340000 -0.96590000 -0.08770000
vn -0.61350000 -0.70720000 -0.35150000
vn -0.22450000 -0.96590000 -0.12860000
vn -0.54320000 -0.70710000 -0.45270000
vn -0.19900000 -0.96590000 -0.16580000
vn -0.45630000 -0.70710000 -0.54010000
vn -0.16700000 -0.96590000 -0.19760000
vn -0.35550000 -0.70730000 -0.61100000
vn -0.13010000 -0.96590000 -0.22360000
vn -0.24410000 -0.70710000 -0.66370000
vn -0.08930000 -0.96600000 -0.24280000
vn -0.12510000 -0.70710000 -0.69590000
vn -0.04580000 -0.96600000 -0.25460000
vn -0.00240000 -0.70730000 -0.70690000
vn -0.00090000 -0.96590000 -0.25880000
vn 0.04410000 -0.96600000 -0.25490000
vn 0.12050000 -0.70710000 -0.69680000
vn 0.08770000 -0.96590000 -0.24340000
vn 0.23950000 -0.70730000 -0.66510000
vn 0.12860000 -0.96590000 -0.22450000
vn 0.35150000 -0.70720000 -0.61350000
vn 0.16560000 -0.96600000 -0.19870000
vn 0.45270000 -0.70710000 -0.54320000
vn 0.19760000 -0.96590000 -0.16700000
vn 0.54010000 -0.70710000 -0.45630000
vn 0.61100000 -0.70730000 -0.35550000
vn 0.22360000 -0.96590000 -0.13010000
vn 0.24280000 -0.96600000 -0.08930000
vn 0.66370000 -0.70710000 -0.24400000
vn 0.69590000 -0.70710000 -0.12510000
vn 0.25460000 -0.96600000 -0.04580000
vn -0.84980000 -0.50620000 -0.14690000
vn -0.81130000 -0.50640000 -0.29220000
vn -0.74820000 -0.50640000 -0.42860000
vn -0.66250000 -0.50630000 -0.55210000
vn -0.55650000 -0.50630000 -0.65880000
vn -0.43370000 -0.50640000 -0.74530000
vn -0.29770000 -0.50630000 -0.80930000
vn -0.15260000 -0.50640000 -0.84870000
vn -0.00290000 -0.50640000 -0.86230000
vn 0.14690000 -0.50620000 -0.84980000
vn 0.29220000 -0.50640000 -0.81130000
vn 0.42870000 -0.50630000 -0.74830000
vn 0.55210000 -0.50630000 -0.66250000
vn 0.65880000 -0.50630000 -0.55650000
vn 0.74530000 -0.50640000 -0.43370000
vn 0.80930000 -0.50630000 -0.29770000
vn 0.84870000 -0.50640000 -0.15260000
vn -0.84980000 0.50620000 -0.14690000
vn -0.81130000 0.50640000 -0.29220000
vn -0.74820000 0.50640000 -0.42860000
vn -0.66250000 0.50630000 -0.55210000
vn -0.55650000 0.50630000 -0.65870000
vn -0.43360000 0.50640000 -0.74530000
vn -0.29770000 0.50630000 -0.80930000
vn -0.15260000 0.50640000 -0.84870000
vn -0.00290000 0.50640000 -0.86230000
vn 0.14690000 0.50620000 -0.84980000
vn 0.29220000 0.50640000 -0.81130000
vn 0.42870000 0.50630000 -0.74830000
vn 0.55210000 0.50630000 -0.66250000
vn 0.65870000 0.50630000 -0.55650000
vn 0.74530000 0.50640000 -0.43360000
vn 0.80930000 0.50630000 -0.29770000
vn 0.84870000 0.50640000 -0.15260000
vn -0.69680000 0.70710000 -0.12040000
vn -0.25530000 0.96590000 -0.04410000
vn -0.66510000 0.70730000 -0.23960000
vn -0.24330000 0.96600000 -0.08770000
vn -0.22480000 0.96580000 -0.12880000
vn -0.61350000 0.70720000 -0.35140000
vn -0.19900000 0.96590000 -0.16580000
vn -0.54320000 0.70710000 -0.45270000
vn -0.16720000 0.96590000 -0.19790000
vn -0.45630000 0.70710000 -0.54010000
vn -0.13030000 0.96580000 -0.22390000
vn -0.35550000 0.70730000 -0.61100000
vn -0.08940000 0.96590000 -0.24310000
vn -0.24410000 0.70710000 -0.66360000
vn -0.04580000 0.96590000 -0.25500000
vn -0.12510000 0.70710000 -0.69590000
vn -0.00090000 0.96590000 -0.25880000
vn -0.00230000 0.70730000 -0.70690000
vn 0.04410000 0.96590000 -0.25530000
vn 0.12040000 0.70710000 -0.69680000
vn 0.23960000 0.70730000 -0.66510000
vn 0.08780000 0.96580000 -0.24380000
vn 0.35150000 0.70720000 -0.61350000
vn 0.12860000 0.96590000 -0.22450000
vn 0.16580000 0.96590000 -0.19900000
vn 0.45270000 0.70710000 -0.54320000
vn 0.54010000 0.70710000 -0.45630000
vn 0.19790000 0.96590000 -0.16720000
vn 0.61100000 0.70730000 -0.35550000
vn 0.22390000 0.96590000 -0.13030000
vn 0.66360000 0.70710000 -0.24410000
vn 0.24310000 0.96590000 -0.08940000
vn 0.69590000 0.70710000 -0.12510000
vn 0.25450000 0.96600000 -0.04580000
f 1//1 2//2 3//3
f 3//3 2//2 4//4
f 3//3 4//4 5//5
f 5//5 4//4 6//6
f 5//5 6//6 7//7
f 7//7 6//6 8//8
f 7//7 8//8 9//9
f 9//9 8//8 10//10
f 9//9 10//10 11//11
f 11//11 10//10 12//12
f 11//11 12//12 13//13
f 13//13 12//12 14//14
f 13//13 14//14 15//15
f 15//15 14//14 16//16
f 15//15 16//16 17//17
f 17//17 16//16 18//18
f 17//17 18//18 19//19
f 19//19 18//18 20//20
f 19//19 20//20 21//21
f 21//21 20//20 22//22
f 21//21 22//22 23//23
f 23//23 22//22 24//24
f 23//23 24//24 25//25
f 25//25 24//24 26//26
f 25//25 26//26 27//27
f 27//27 26//26 28//28
f 27//27 28//28 29//29
f 29//29 28//28 30//30
f 29//29 30//30 31//31
f 31//31 30//30 32//32
f 31//31 32//32 33//33
f 33//33 32//32 34//34
f 33//33 34//34 35//35
f 35//35 34//34 36//36
f 35//35 36//36 37//37
f 37//37 36//36 38//38
f 40//40 1//1 41//41
f 41//41 1//1 3//3
f 41//41 3//3 43//43
f 43//43 3//3 5//5
f 43//43 5//5 45//45
f 45//45 5//5 7//7
f 45//45 7//7 47//47
f 47//47 7//7 9//9
f 47//47 9//9 49//49
f 49//49 9//9 11//11
f 49//49 11//11 51//51
f 51//51 11//11 13//13
f 51//51 13//13 53//53
f 53//53 13//13 15//15
f 53//53 15//15 55//55
f 55//55 15//15 17//17
f 55//55 17//17 57//57
f 57//57 17//17 19//19
f 57//57 19//19 59//59
f 59//59 19//19 21//21
f 59//59 21//21 62//62
f 62//62 21//21 23//23
f 62//62 23//23 64//64
f 64//64 23//23 25//25
f 64//64 25//25 65//65
f 65//65 25//25 27//27
f 65//65 27//27 68//68
f 68//68 27//27 29//29
f 68//68 29//29 69//69
f 69//69 29//29 31//31
f 69//69 31//31 71//71
f 71//71 31//31 33//33
f 71//71 33//33 73//73
f 73//73 33//33 35//35
f 73//73 35//35 76//76
f 76//76 35//35 37//37
f 77//77 39//39 78//78
f 78//78 39//39 42//42
f 78//78 42//42 79//79
f 79//79 42//42 44//44
f 79//79 44//44 80//80
f 80//80 44//44 46//46
f 80//80 46//46 81//81
f 81//81 46//46 48//48
f 81//81 48//48 82//82
f 82//82 48//48 50//50
f 82//82 50//50 83//83
f 83//83 50//50 52//52
f 83//83 52//52 84//84
f 84//84 52//52 54//54
f 84//84 54//54 85//85
f 85//85 54//54 56//56
f 85//85 56//56 86//86
f 86//86 56//56 58//58
f 86//86 58//58 87//87
f 87//87 58//58 60//60
f 87//87 60//60 88//88
f 88//88 60//60 61//61
f 88//88 61//61 89//89
f 89//89 61//61 63//63
f 89//89 63//63 90//90
f 90//90 63//63 66//66
f 90//90 66//66 91//91
f 91//91 66//66 67//67
f 91//91 67//67 92//92
f 92//92 67//67 70//70
f 92//92 70//70 93//93
f 93//93 70//70 72//72
f 93//93 72//72 94//94
f 94//94 72//72 74//74
f 94//94 74//74 95//95
f 95//95 74//74 75//75
f 97//97 98//98 100//100
f 100//100 98//98 101//101
f 100//100 101//101 103//103
f 103//103 101//101 104//104
f 103//103 104//104 106//106
f 106//106 104//104 107//107
f 106//106 107//107 109//109
f 109//109 107//107 110//110
f 109//109 110//110 112//112
f 112//112 110//110 113//113
f 112//112 113//113 115//115
f 115//115 113//113 116//116
f 115//115 116//116 118//118
f 118//118 116//116 119//119
f 118//118 119//119 121//121
f 121//121 119//119 122//122
f 121//121 122//122 124//124
f 124//124 122//122 125//125
f 124//124 125//125 126//126
f 126//126 125//125 128//128
f 126//126 128//128 130//130
f 130//130 128//128 131//131
f 130//130 131//131 133//133
f 133//133 131//131 134//134
f 133//133 134//134 136//136
f 136//136 134//134 137//137
f 136//136 137//137 138//138
f 138//138 137//137 140//140
f 138//138 140//140 142//142
f 142//142 140//140 143//143
f 142//142 143//143 145//145
f 145//145 143//143 146//146
f 145//145 146//146 147//147
f 147//147 146//146 149//149
f 147//147 149//149 150//150
f 150//150 149//149 152//152
f 153//153 96//96 154//154
f 154//154 96//96 99//99
f 154//154 99//99 155//155
f 155//155 99//99 102//102
f 155//155 102//102 156//156
f 156//156 102//102 105//105
f 156//156 105//105 157//157
f 157//157 105//105 108//108
f 157//157 108//108 158//158
f 158//158 108//108 111//111
f 158//158 111//111 159//159
f 159//159 111//111 114//114
f 159//159 114//114 160//160
f 160//160 114//114 117//117
f 160//160 117//117 161//161
f 161//161 117//117 120//120
f 161//161 120//120 162//162
f 162//162 120//120 123//123
f 162//162 123//123 163//163
f 163//163 123//123 127//127
f 163//163 127//127 164//164
f 164//164 127//127 129//129
f 164//164 129//129 165//165
f 165//165 129//129 132//132
f 165//165 132//132 166//166
f 166//166 132//132 135//135
f 166//166 135//135 167//167
f 167//167 135//135 139//139
f 167//167 139//139 168//168
f 168//168 139//139 141//141
f 168//168 141//141 169//169
f 169//169 141//141 144//144
f 169//169 144//144 170//170
f 170//170 144//144 148//148
f 170//170 148//148 171//171
f 171//171 148//148 151//151
f 172//172 153//153 173//173
f 173//173 153//153 154//154
f 173//173 154//154 174//174
f 174//174 154//154 155//155
f 174//174 155//155 175//175
f 175//175 155//155 156//156
f 175//175 156//156 176//176
f 176//176 156//156 157//157
f 176//176 157//157 177//177
f 177//177 157//157 158//158
f 177//177 158//158 178//178
f 178//178 158//158 159//159
f 178//178 159//159 179//179
f 179//179 159//159 160//160
f 179//179 160//160 180//180
f 180//180 160//160 161//161
f 180//180 161//161 181//181
f 181//181 161//161 162//162
f 181//181 162//162 182//182
f 182//182 162//162 163//163
f 182//182 163//163 183//183
f 183//183 163//163 164//164
f 183//183 164//164 184//184
f 184//184 164//164 165//165
f 184//184 165//165 185//185
f 185//185 165//165 166//166
f 185//185 166//166 186//186
f 186//186 166//166 167//167
f 186//186 167//167 187//187
f 187//187 167//167 168//168
f 187//187 168//168 188//188
f 188//188 168//168 169//169
f 188//188 169//169 189//189
f 189//189 169//169 170//170
f 189//189 170//170 190//190
f 190//190 170//170 171//171
f 192//192 193//193 196//196
f 192//192 196//196 198//198
f 198//198 196//196 200//200
f 198//198 200//200 202//202
f 202//202 200//200 203//203
f 202//202 203//203 205//205
f 205//205 203//203 207//207
f 205//205 207//207 209//209
f 209//209 207//207 212//212
f 209//209 212//212 213//213
f 213//213 212//212 215//215
f 213//213 215//215 217//217
f 217//217 215//215 219//219
f 217//217 219//219 222//222
f 222//222 219//219 223//223
f 222//222 223//223 226//226
f 226//226 223//223 228//228
f 226//226 228//228 229//229
f 231//231 234//234 235//235
f 231//231 235//235 237//237
f 237//237 235//235 240//240
f 237//237 240//240 242//242
f 242//242 240//240 243//243
f 242//242 243//243 246//246
f 246//246 243//243 247//247
f 246//246 247//247 250//250
f 250//250 247//247 251//251
f 250//250 251//251 253//253
f 253//253 251//251 256//256
f 253//253 256//256 258//258
f 258//258 256//256 260//260
f 258//258 260//260 261//261
f 261//261 260//260 264//264
f 261//261 264//264 266//266
f 266//266 264//264 267//267
f 266//266 267//267 269//269
f 214//214 218//218 221//221
f 271//271 274//274 276//276
f 277//277 280//280 282//282
f 276//276 221//221 225//225
f 282//282 271//271 277//277
f 277//277 271//271 276//276
f 277//277 276//276 284//284
f 284//284 276//276 225//225
f 284//284 225//225 230//230
f 276//276 286//286 221//221
f 221//221 286//286 191//191
f 221//221 191//191 197//197
f 210//210 214//214 206//206
f 206//206 214//214 221//221
f 206//206 221//221 201//201
f 201//201 221//221 197//197
f 2//2 287//287 194//194
f 194//194 287//287 195//195
f 287//287 288//288 195//195
f 195//195 288//288 289//289
f 195//195 289//289 199//199
f 289//289 290//290 199//199
f 199//199 290//290 291//291
f 199//199 291//291 204//204
f 291//291 292//292 204//204
f 204//204 292//292 293//293
f 204//204 293//293 208//208
f 293//293 294//294 208//208
f 208//208 294//294 295//295
f 208//208 295//295 211//211
f 295//295 296//296 211//211
f 211//211 296//296 297//297
f 211//211 297//297 216//216
f 297//297 298//298 216//216
f 216//216 298//298 299//299
f 216//216 299//299 220//220
f 299//299 300//300 220//220
f 220//220 300//300 301//301
f 220//220 301//301 224//224
f 38//38 227//227 302//302
f 302//302 227//227 224//224
f 302//302 224//224 303//303
f 303//303 224//224 301//301
f 172//172 268//268 304//304
f 304//304 268//268 263//263
f 304//304 263//263 305//305
f 305//305 263//263 306//306
f 306//306 263//263 259//259
f 306//306 259//259 307//307
f 307//307 259//259 308//308
f 308//308 259//259 255//255
f 308//308 255//255 309//309
f 309//309 255//255 310//310
f 310//310 255//255 252//252
f 310//310 252//252 311//311
f 311//311 252//252 312//312
f 312//312 252//252 248//248
f 312//312 248//248 313//313
f 313//313 248//248 314//314
f 314//314 248//248 244//244
f 314//314 244//244 315//315
f 315//315 244//244 316//316
f 316//316 244//244 239//239
f 316//316 239//239 317//317
f 317//317 239//239 318//318
f 318//318 239//239 236//236
f 318//318 236//236 319//319
f 319//319 236//236 320//320
f 320//320 236//236 233//233
f 320//320 233//233 190//190
f 270//270 245//245 249//249
f 321//321 324//324 325//325
f 232//232 238//238 270//270
f 270//270 238//238 241//241
f 270//270 241//241 245//245
f 321//321 328//328 270//270
f 270//270 328//328 329//329
f 270//270 329//329 232//232
f 325//325 331//331 334//334
f 262//262 265//265 257//257
f 257//257 265//265 270//270
f 257//257 270//270 254//254
f 254//254 270//270 249//249
f 321//321 325//325 328//328
f 328//328 325//325 334//334
f 328//328 334//334 336//336
f 337//337 340//340 342//342
f 342//342 340//340 343//343
f 342//342 343//343 346//346
f 346//346 343//343 348//348
f 346//346 348//348 349//349
f 349//349 348//348 351//351
f 349//349 351//351 354//354
f 354//354 351//351 355//355
f 354//354 355//355 357//357
f 357//357 355//355 360//360
f 357//357 360//360 362//362
f 362//362 360//360 363//363
f 362//362 363//363 365//365
f 365//365 363//363 367//367
f 365//365 367//367 370//370
f 370//370 367//367 371//371
f 374//374 338//338 375//375
f 375//375 338//338 341//341
f 375//375 341//341 377//377
f 377//377 341//341 345//345
f 377//377 345//345 380//380
f 380//380 345//345 350//350
f 380//380 350//350 382//382
f 382//382 350//350 353//353
f 382//382 353//353 384//384
f 384//384 353//353 358//358
f 384//384 358//358 386//386
f 386//386 358//358 361//361
f 386//386 361//361 388//388
f 388//388 361//361 366//366
f 388//388 366//366 390//390
f 390//390 366//366 369//369
f 389//389 392//392 387//387
f 387//387 392//392 394//394
f 387//387 394//394 385//385
f 385//385 394//394 395//395
f 385//385 395//395 383//383
f 383//383 395//395 398//398
f 383//383 398//398 381//381
f 381//381 398//398 399//399
f 381//381 399//399 379//379
f 379//379 399//399 402//402
f 379//379 402//402 378//378
f 378//378 402//402 403//403
f 378//378 403//403 376//376
f 376//376 403//403 405//405
f 376//376 405//405 373//373
f 373//373 405//405 408//408
f 410//410 411//411 413//413
f 413//413 411//411 415//415
f 413//413 415//415 417//417
f 417//417 415//415 419//419
f 417//417 419//419 422//422
f 422//422 419//419 423//423
f 422//422 423//423 426//426
f 426//426 423//423 427//427
f 426//426 427//427 430//430
f 430//430 427//427 431//431
f 430//430 431//431 434//434
f 434//434 431//431 435//435
f 434//434 435//435 437//437
f 437//437 435//435 440//440
f 437//437 440//440 441//441
f 441//441 440//440 444//444
f 441//441 444//444 446//446
f 446//446 444//444 448//448
f 450//450 409//409 452//452
f 452//452 409//409 414//414
f 452//452 414//414 453//453
f 453//453 414//414 418//418
f 453//453 418//418 455//455
f 455//455 418//418 421//421
f 455//455 421//421 458//458
f 458//458 421//421 425//425
f 458//458 425//425 459//459
f 459//459 425//425 429//429
f 459//459 429//429 462//462
f 462//462 429//429 433//433
f 462//462 433//433 463//463
f 463//463 433//433 438//438
f 463//463 438//438 466//466
f 466//466 438//438 442//442
f 466//466 442//442 467//467
f 467//467 442//442 445//445
f 468//468 469//469 465//465
f 465//465 469//469 471//471
f 465//465 471//471 464//464
f 464//464 471//471 474//474
f 464//464 474//474 461//461
f 461//461 474//474 476//476
f 461//461 476//476 460//460
f 460//460 476//476 477//477
f 460//460 477//477 457//457
f 457//457 477//477 480//480
f 457//457 480//480 456//456
f 456//456 480//480 481//481
f 456//456 481//481 454//454
f 454//454 481//481 484//484
f 454//454 484//484 451//451
f 451//451 484//484 485//485
f 451//451 485//485 449//449
f 449//449 485//485 488//488
f 490//490 491//491 494//494
f 490//490 494//494 495//495
f 495//495 494//494 497//497
f 495//495 497//497 499//499
f 499//499 497//497 502//502
f 499//499 502//502 503//503
f 503//503 502//502 505//505
f 503//503 505//505 508//508
f 508//508 505//505 509//509
f 508//508 509//509 512//512
f 512//512 509//509 514//514
f 512//512 514//514 516//516
f 516//516 514//514 518//518
f 516//516 518//518 520//520
f 520//520 518//518 521//521
f 520//520 521//521 523//523
f 523//523 521//521 526//526
f 523//523 526//526 528//528
f 528//528 526//526 529//529
f 528//528 529//529 531//531
f 534//534 536//536 539//539
f 539//539 536//536 540//540
f 539//539 540//540 490//490
f 490//490 540//540 491//491
f 534//534 543//543 536//536
f 535//535 543//543 545//545
f 546//546 549//549 551//551
f 551//551 549//549 553//553
f 551//551 553//553 543//543
f 543//543 553//553 545//545
f 546//546 555//555 549//549
f 549//549 555//555 557//557
f 558//558 560//560 562//562
f 558//558 562//562 564//564
f 564//564 562//562 567//567
f 564//564 567//567 569//569
f 569//569 567//567 571//571
f 569//569 571//571 572//572
f 572//572 571//571 575//575
f 572//572 575//575 576//576
f 576//576 575//575 557//557
f 576//576 557//557 555//555
f 558//558 579//579 560//560
f 560//560 579//579 580//580
f 583//583 584//584 587//587
f 587//587 584//584 588//588
f 587//587 588//588 590//590
f 590//590 588//588 593//593
f 590//590 593//593 594//594
f 594//594 593//593 596//596
f 594//594 596//596 599//599
f 599//599 596//596 601//601
f 583//583 602//602 584//584
f 584//584 602//602 605//605
f 607//607 608//608 610//610
f 607//607 610//610 612//612
f 612//612 610//610 614//614
f 612//612 614//614 616//616
f 616//616 614//614 618//618
f 616//616 618//618 620//620
f 620//620 618//618 622//622
f 620//620 622//622 624//624
f 624//624 622//622 627//627
f 624//624 627//627 628//628
f 628//628 627//627 631//631
f 628//628 631//631 632//632
f 632//632 631//631 635//635
f 632//632 635//635 637//637
f 637//637 635//635 638//638
f 637//637 638//638 641//641
f 641//641 638//638 643//643
f 641//641 643//643 645//645
f 645//645 643//643 647//647
f 645//645 647//647 648//648
f 648//648 647//647 651//651
f 648//648 651//651 652//652
f 652//652 651//651 654//654
f 652//652 654//654 656//656
f 656//656 654//654 605//605
f 656//656 605//605 602//602
f 658//658 660//660 663//663
f 663//663 660//660 664//664
f 663//663 664//664 607//607
f 607//607 664//664 608//608
f 658//658 667//667 660//660
f 660//660 667//667 668//668
f 670//670 673//673 674//674
f 674//674 673//673 678//678
f 675//675 679//679 667//667
f 667//667 679//679 668//668
f 681//681 682//682 478//478
f 478//478 682//682 479//479
f 684//684 665//665 686//686
f 686//686 665//665 661//661
f 686//686 661//661 688//688
f 688//688 661//661 669//669
f 688//688 669//669 690//690
f 690//690 669//669 693//693
f 589//589 407//407 592//592
f 592//592 407//407 406//406
f 592//592 406//406 597//597
f 597//597 406//406 404//404
f 478//478 475//475 681//681
f 681//681 475//475 473//473
f 681//681 473//473 684//684
f 589//589 585//585 407//407
f 407//407 585//585 604//604
f 407//407 604//604 655//655
f 401//401 566//566 563//563
f 391//391 537//537 393//393
f 393//393 537//537 544//544
f 393//393 544//544 396//396
f 695//695 630//630 696//696
f 696//696 630//630 626//626
f 696//696 626//626 699//699
f 699//699 626//626 623//623
f 699//699 623//623 701//701
f 701//701 623//623 619//619
f 701//701 619//619 703//703
f 703//703 619//619 615//615
f 703//703 615//615 705//705
f 705//705 615//615 611//611
f 705//705 611//611 706//706
f 706//706 611//611 609//609
f 706//706 609//609 665//665
f 563//563 561//561 401//401
f 401//401 561//561 581//581
f 401//401 581//581 404//404
f 404//404 581//581 600//600
f 404//404 600//600 597//597
f 556//556 574//574 401//401
f 401//401 574//574 570//570
f 401//401 570//570 566//566
f 473//473 472//472 684//684
f 684//684 472//472 470//470
f 684//684 470//470 665//665
f 665//665 470//470 708//708
f 665//665 708//708 706//706
f 682//682 407//407 479//479
f 479//479 407//407 655//655
f 479//479 655//655 482//482
f 482//482 655//655 650//650
f 482//482 650//650 483//483
f 483//483 650//650 646//646
f 483//483 646//646 486//486
f 486//486 646//646 642//642
f 486//486 642//642 487//487
f 487//487 642//642 639//639
f 487//487 639//639 695//695
f 695//695 639//639 634//634
f 695//695 634//634 630//630
f 401//401 400//400 556//556
f 556//556 400//400 397//397
f 556//556 397//397 548//548
f 548//548 397//397 396//396
f 548//548 396//396 552//552
f 552//552 396//396 544//544
f 669//669 677//677 693//693
f 693//693 677//677 710//710
f 693//693 710//710 391//391
f 391//391 710//710 711//711
f 391//391 711//711 712//712
f 149//149 146//146 541//541
f 149//149 541//541 152//152
f 712//712 713//713 391//391
f 391//391 713//713 714//714
f 391//391 714//714 537//537
f 537//537 714//714 715//715
f 537//537 715//715 541//541
f 541//541 715//715 716//716
f 541//541 716//716 152//152
f 525//525 101//101 530//530
f 530//530 101//101 98//98
f 530//530 98//98 718//718
f 720//720 721//721 722//722
f 722//722 721//721 724//724
f 722//722 724//724 726//726
f 146//146 143//143 541//541
f 541//541 143//143 140//140
f 541//541 140//140 492//492
f 492//492 140//140 137//137
f 492//492 137//137 493//493
f 493//493 137//137 134//134
f 493//493 134//134 498//498
f 498//498 134//134 131//131
f 498//498 131//131 501//501
f 131//131 128//128 501//501
f 501//501 128//128 125//125
f 501//501 125//125 506//506
f 506//506 125//125 122//122
f 506//506 122//122 510//510
f 510//510 122//122 119//119
f 510//510 119//119 513//513
f 98//98 727//727 718//718
f 718//718 727//727 728//728
f 718//718 728//728 730//730
f 730//730 728//728 731//731
f 730//730 731//731 732//732
f 732//732 731//731 734//734
f 732//732 734//734 720//720
f 720//720 734//734 735//735
f 720//720 735//735 721//721
f 677//677 672//672 710//710
f 710//710 672//672 737//737
f 710//710 737//737 738//738
f 738//738 737//737 740//740
f 738//738 740//740 741//741
f 741//741 740//740 726//726
f 741//741 726//726 742//742
f 742//742 726//726 724//724
f 119//119 116//116 513//513
f 513//513 116//116 113//113
f 513//513 113//113 517//517
f 517//517 113//113 110//110
f 517//517 110//110 522//522
f 522//522 110//110 107//107
f 522//522 107//107 525//525
f 525//525 107//107 104//104
f 525//525 104//104 101//101
f 547//547 368//368 364//364
f 352//352 347//347 598//598
f 547//547 364//364 554//554
f 436//436 432//432 339//339
f 568//568 573//573 352//352
f 352//352 573//573 577//577
f 352//352 577//577 356//356
f 356//356 577//577 554//554
f 356//356 554//554 359//359
f 359//359 554//554 364//364
f 565//565 568//568 559//559
f 559//559 568//568 352//352
f 559//559 352//352 578//578
f 578//578 352//352 598//598
f 744//744 745//745 747//747
f 662//662 750//750 659//659
f 659//659 750//750 751//751
f 659//659 751//751 666//666
f 542//542 754//754 550//550
f 550//550 754//754 755//755
f 550//550 755//755 547//547
f 547//547 755//755 372//372
f 547//547 372//372 368//368
f 744//744 447//447 745//745
f 745//745 447//447 443//443
f 745//745 443//443 339//339
f 339//339 443//443 439//439
f 339//339 439//439 436//436
f 754//754 757//757 758//758
f 538//538 489//489 86//86
f 86//86 489//489 496//496
f 751//751 759//759 666//666
f 666//666 759//759 754//754
f 666//666 754//754 676//676
f 676//676 754//754 758//758
f 420//420 653//653 424//424
f 424//424 653//653 657//657
f 424//424 657//657 428//428
f 428//428 657//657 603//603
f 428//428 603//603 432//432
f 432//432 603//603 582//582
f 432//432 582//582 339//339
f 339//339 582//582 586//586
f 339//339 586//586 344//344
f 344//344 586//586 591//591
f 344//344 591//591 347//347
f 347//347 591//591 595//595
f 347//347 595//595 598//598
f 86//86 87//87 538//538
f 538//538 87//87 88//88
f 538//538 88//88 89//89
f 89//89 90//90 538//538
f 538//538 90//90 91//91
f 538//538 91//91 533//533
f 533//533 91//91 92//92
f 533//533 92//92 542//542
f 758//758 761//761 676//676
f 676//676 761//761 762//762
f 676//676 762//762 671//671
f 671//671 762//762 763//763
f 671//671 763//763 764//764
f 767//767 633//633 768//768
f 768//768 633//633 636//636
f 768//768 636//636 412//412
f 412//412 636//636 640//640
f 412//412 640//640 416//416
f 416//416 640//640 644//644
f 416//416 644//644 420//420
f 420//420 644//644 649//649
f 420//420 649//649 653//653
f 747//747 750//750 744//744
f 744//744 750//750 662//662
f 744//744 662//662 770//770
f 770//770 662//662 606//606
f 770//770 606//606 772//772
f 772//772 606//606 613//613
f 772//772 613//613 775//775
f 775//775 613//613 617//617
f 775//775 617//617 776//776
f 776//776 617//617 621//621
f 776//776 621//621 778//778
f 778//778 621//621 625//625
f 778//778 625//625 767//767
f 767//767 625//625 629//629
f 767//767 629//629 633//633
f 92//92 93//93 542//542
f 542//542 93//93 94//94
f 542//542 94//94 754//754
f 754//754 94//94 95//95
f 754//754 95//95 757//757
f 763//763 780//780 764//764
f 764//764 780//780 781//781
f 764//764 781//781 782//782
f 782//782 781//781 784//784
f 782//782 784//784 785//785
f 784//784 787//787 785//785
f 785//785 787//787 788//788
f 785//785 788//788 790//790
f 790//790 788//788 791//791
f 790//790 791//791 793//793
f 794//794 796//796 532//532
f 532//532 796//796 77//77
f 532//532 77//77 527//527
f 496//496 500//500 86//86
f 86//86 500//500 504//504
f 86//86 504//504 85//85
f 85//85 504//504 507//507
f 85//85 507//507 84//84
f 84//84 507//507 511//511
f 84//84 511//511 83//83
f 83//83 511//511 515//515
f 791//791 797//797 793//793
f 793//793 797//797 798//798
f 793//793 798//798 799//799
f 799//799 798//798 801//801
f 799//799 801//801 802//802
f 802//802 801//801 804//804
f 802//802 804//804 794//794
f 794//794 804//804 805//805
f 794//794 805//805 796//796
f 77//77 78//78 527//527
f 527//527 78//78 79//79
f 527//527 79//79 524//524
f 524//524 79//79 80//80
f 524//524 80//80 519//519
f 519//519 80//80 81//81
f 519//519 81//81 515//515
f 515//515 81//81 82//82
f 515//515 82//82 83//83
f 599//599 601//601 579//579
f 579//579 601//601 580//580
f 531//531 529//529 717//717
f 531//531 717//717 795//795
f 795//795 717//717 729//729
f 795//795 729//729 803//803
f 803//803 729//729 733//733
f 803//803 733//733 800//800
f 800//800 733//733 719//719
f 800//800 719//719 792//792
f 792//792 719//719 723//723
f 792//792 723//723 789//789
f 789//789 723//723 725//725
f 789//789 725//725 786//786
f 786//786 725//725 739//739
f 786//786 739//739 783//783
f 783//783 739//739 736//736
f 783//783 736//736 765//765
f 765//765 736//736 673//673
f 765//765 673//673 670//670
f 449//449 488//488 807//807
f 807//807 488//488 694//694
f 807//807 694//694 808//808
f 808//808 694//694 697//697
f 808//808 697//697 810//810
f 810//810 697//697 698//698
f 810//810 698//698 813//813
f 813//813 698//698 700//700
f 813//813 700//700 814//814
f 814//814 700//700 702//702
f 814//814 702//702 817//817
f 817//817 702//702 704//704
f 817//817 704//704 819//819
f 819//819 704//704 707//707
f 819//819 707//707 821//821
f 821//821 707//707 709//709
f 821//821 709//709 468//468
f 468//468 709//709 469//469
f 467//467 445//445 820//820
f 820//820 445//445 822//822
f 820//820 822//822 818//818
f 818//818 822//822 824//824
f 818//818 824//824 816//816
f 816//816 824//824 827//827
f 816//816 827//827 815//815
f 815//815 827//827 829//829
f 815//815 829//829 812//812
f 812//812 829//829 831//831
f 812//812 831//831 811//811
f 811//811 831//831 833//833
f 811//811 833//833 809//809
f 809//809 833//833 834//834
f 809//809 834//834 806//806
f 806//806 834//834 837//837
f 806//806 837//837 450//450
f 450//450 837//837 409//409
f 446//446 448//448 823//823
f 823//823 448//448 743//743
f 823//823 743//743 825//825
f 825//825 743//743 771//771
f 825//825 771//771 826//826
f 826//826 771//771 773//773
f 826//826 773//773 828//828
f 828//828 773//773 774//774
f 828//828 774//774 830//830
f 830//830 774//774 777//777
f 830//830 777//777 832//832
f 832//832 777//777 779//779
f 832//832 779//779 835//835
f 835//835 779//779 766//766
f 835//835 766//766 836//836
f 836//836 766//766 769//769
f 836//836 769//769 410//410
f 410//410 769//769 411//411
f 373//373 408//408 839//839
f 839//839 408//408 683//683
f 839//839 683//683 841//841
f 841//841 683//683 680//680
f 841//841 680//680 843//843
f 843//843 680//680 685//685
f 843//843 685//685 845//845
f 845//845 685//685 687//687
f 845//845 687//687 847//847
f 847//847 687//687 689//689
f 847//847 689//689 849//849
f 849//849 689//689 691//691
f 849//849 691//691 850//850
f 850//850 691//691 692//692
f 850//850 692//692 389//389
f 389//389 692//692 392//392
f 390//390 369//369 851//851
f 851//851 369//369 852//852
f 851//851 852//852 848//848
f 848//848 852//852 855//855
f 848//848 855//855 846//846
f 846//846 855//855 856//856
f 846//846 856//856 844//844
f 844//844 856//856 859//859
f 844//844 859//859 842//842
f 842//842 859//859 861//861
f 842//842 861//861 840//840
f 840//840 861//861 863//863
f 840//840 863//863 838//838
f 838//838 863//863 865//865
f 838//838 865//865 374//374
f 374//374 865//865 338//338
f 370//370 371//371 853//853
f 853//853 371//371 756//756
f 853//853 756//756 854//854
f 854//854 756//756 753//753
f 854//854 753//753 857//857
f 857//857 753//753 760//760
f 857//857 760//760 858//858
f 858//858 760//760 752//752
f 858//858 752//752 860//860
f 860//860 752//752 749//749
f 860//860 749//749 862//862
f 862//862 749//749 748//748
f 862//862 748//748 864//864
f 864//864 748//748 746//746
f 864//864 746//746 337//337
f 337//337 746//746 340//340
f 190//190 233//233 189//189
f 189//189 233//233 867//867
f 189//189 867//867 188//188
f 188//188 867//867 187//187
f 187//187 867//867 869//869
f 187//187 869//869 186//186
f 186//186 869//869 185//185
f 185//185 869//869 871//871
f 185//185 871//871 184//184
f 184//184 871//871 183//183
f 183//183 871//871 873//873
f 183//183 873//873 182//182
f 182//182 873//873 181//181
f 181//181 873//873 875//875
f 181//181 875//875 180//180
f 180//180 875//875 179//179
f 179//179 875//875 876//876
f 179//179 876//876 178//178
f 178//178 876//876 177//177
f 177//177 876//876 879//879
f 177//177 879//879 176//176
f 176//176 879//879 175//175
f 175//175 879//879 880//880
f 175//175 880//880 174//174
f 174//174 880//880 173//173
f 173//173 880//880 268//268
f 173//173 268//268 172//172
f 38//38 36//36 227//227
f 227//227 36//36 882//882
f 36//36 34//34 882//882
f 882//882 34//34 32//32
f 882//882 32//32 885//885
f 32//32 30//30 885//885
f 885//885 30//30 28//28
f 885//885 28//28 886//886
f 28//28 26//26 886//886
f 886//886 26//26 24//24
f 886//886 24//24 889//889
f 24//24 22//22 889//889
f 889//889 22//22 20//20
f 889//889 20//20 890//890
f 20//20 18//18 890//890
f 890//890 18//18 16//16
f 890//890 16//16 892//892
f 16//16 14//14 892//892
f 892//892 14//14 12//12
f 892//892 12//12 895//895
f 12//12 10//10 895//895
f 895//895 10//10 8//8
f 895//895 8//8 897//897
f 2//2 194//194 4//4
f 4//4 194//194 897//897
f 4//4 897//897 6//6
f 6//6 897//897 8//8
f 269//269 267//267 881//881
f 269//269 881//881 322//322
f 322//322 881//881 878//878
f 322//322 878//878 323//323
f 323//323 878//878 877//877
f 323//323 877//877 326//326
f 326//326 877//877 874//874
f 326//326 874//874 332//332
f 332//332 874//874 872//872
f 332//332 872//872 333//333
f 333//333 872//872 870//870
f 333//333 870//870 335//335
f 335//335 870//870 868//868
f 335//335 868//868 327//327
f 327//327 868//868 866//866
f 327//327 866//866 330//330
f 330//330 866//866 234//234
f 330//330 234//234 231//231
f 229//229 228//228 883//883
f 229//229 883//883 283//283
f 283//283 883//883 884//884
f 283//283 884//884 278//278
f 278//278 884//884 887//887
f 278//278 887//887 279//279
f 279//279 887//887 888//888
f 279//279 888//888 281//281
f 281//281 888//888 891//891
f 281//281 891//891 272//272
f 272//272 891//891 893//893
f 272//272 893//893 273//273
f 273//273 893//893 894//894
f 273//273 894//894 275//275
f 275//275 894//894 896//896
f 275//275 896//896 285//285
f 285//285 896//896 193//193
f 285//285 193//193 192//192
f 150//150 152//152 899//899
f 899//899 152//152 716//716
f 899//899 716//716 901//901
f 901//901 716//716 715//715
f 901//901 715//715 903//903
f 903//903 715//715 714//714
f 903//903 714//714 905//905
f 905//905 714//714 713//713
f 905//905 713//713 907//907
f 907//907 713//713 712//712
f 907//907 712//712 909//909
f 909//909 712//712 711//711
f 909//909 711//711 911//911
f 911//911 711//711 710//710
f 911//911 710//710 913//913
f 913//913 710//710 738//738
f 913//913 738//738 915//915
f 915//915 738//738 741//741
f 915//915 741//741 916//916
f 916//916 741//741 742//742
f 916//916 742//742 918//918
f 918//918 742//742 724//724
f 918//918 724//724 920//920
f 920//920 724//724 721//721
f 920//920 721//721 922//922
f 922//922 721//721 735//735
f 922//922 735//735 924//924
f 924//924 735//735 734//734
f 924//924 734//734 927//927
f 927//927 734//734 731//731
f 927//927 731//731 928//928
f 928//928 731//731 728//728
f 928//928 728//728 931//931
f 931//931 728//728 727//727
f 931//931 727//727 97//97
f 97//97 727//727 98//98
f 171//171 151//151 932//932
f 932//932 151//151 898//898
f 932//932 898//898 933//933
f 933//933 898//898 900//900
f 933//933 900//900 934//934
f 934//934 900//900 902//902
f 934//934 902//902 935//935
f 935//935 902//902 904//904
f 935//935 904//904 936//936
f 936//936 904//904 906//906
f 936//936 906//906 937//937
f 937//937 906//906 908//908
f 937//937 908//908 938//938
f 938//938 908//908 910//910
f 938//938 910//910 939//939
f 939//939 910//910 912//912
f 939//939 912//912 940//940
f 940//940 912//912 914//914
f 940//940 914//914 941//941
f 941//941 914//914 917//917
f 941//941 917//917 942//942
f 942//942 917//917 919//919
f 942//942 919//919 943//943
f 943//943 919//919 921//921
f 943//943 921//921 944//944
f 944//944 921//921 923//923
f 944//944 923//923 945//945
f 945//945 923//923 925//925
f 945//945 925//925 946//946
f 946//946 925//925 926//926
f 946//946 926//926 947//947
f 947//947 926//926 929//929
f 947//947 929//929 948//948
f 948//948 929//929 930//930
f 948//948 930//930 153//153
f 153//153 930//930 96//96
f 190//190 171//171 320//320
f 320//320 171//171 932//932
f 320//320 932//932 319//319
f 319//319 932//932 933//933
f 319//319 933//933 318//318
f 318//318 933//933 934//934
f 318//318 934//934 317//317
f 317//317 934//934 935//935
f 317//317 935//935 316//316
f 316//316 935//935 936//936
f 316//316 936//936 315//315
f 315//315 936//936 937//937
f 315//315 937//937 314//314
f 314//314 937//937 938//938
f 314//314 938//938 313//313
f 313//313 938//938 939//939
f 313//313 939//939 312//312
f 312//312 939//939 940//940
f 312//312 940//940 311//311
f 311//311 940//940 941//941
f 311//311 941//941 310//310
f 310//310 941//941 942//942
f 310//310 942//942 309//309
f 309//309 942//942 943//943
f 309//309 943//943 308//308
f 308//308 943//943 944//944
f 308//308 944//944 307//307
f 307//307 944//944 945//945
f 307//307 945//945 306//306
f 306//306 945//945 946//946
f 306//306 946//946 305//305
f 305//305 946//946 947//947
f 305//305 947//947 304//304
f 304//304 947//947 948//948
f 304//304 948//948 172//172
f 172//172 948//948 153//153
f 37//37 38//38 949//949
f 949//949 38//38 302//302
f 949//949 302//302 950//950
f 950//950 302//302 303//303
f 950//950 303//303 951//951
f 951//951 303//303 301//301
f 951//951 301//301 952//952
f 952//952 301//301 300//300
f 952//952 300//300 953//953
f 953//953 300//300 299//299
f 953//953 299//299 954//954
f 954//954 299//299 298//298
f 954//954 298//298 955//955
f 955//955 298//298 297//297
f 955//955 297//297 956//956
f 956//956 297//297 296//296
f 956//956 296//296 957//957
f 957//957 296//296 295//295
f 957//957 295//295 958//958
f 958//958 295//295 294//294
f 958//958 294//294 959//959
f 959//959 294//294 293//293
f 959//959 293//293 960//960
f 960//960 293//293 292//292
f 960//960 292//292 961//961
f 961//961 292//292 291//291
f 961//961 291//291 962//962
f 962//962 291//291 290//290
f 962//962 290//290 963//963
f 963//963 290//290 289//289
f 963//963 289//289 964//964
f 964//964 289//289 288//288
f 964//964 288//288 965//965
f 965//965 288//288 287//287
f 965//965 287//287 1//1
f 1//1 287//287 2//2
f 76//76 37//37 966//966
f 966//966 37//37 949//949
f 966//966 949//949 968//968
f 968//968 949//949 950//950
f 968//968 950//950 971//971
f 971//971 950//950 951//951
f 971//971 951//951 973//973
f 973//973 951//951 952//952
f 973//973 952//952 975//975
f 975//975 952//952 953//953
f 975//975 953//953 977//977
f 977//977 953//953 954//954
f 977//977 954//954 979//979
f 979//979 954//954 955//955
f 979//979 955//955 981//981
f 981//981 955//955 956//956
f 981//981 956//956 983//983
f 983//983 956//956 957//957
f 983//983 957//957 985//985
f 985//985 957//957 958//958
f 985//985 958//958 986//986
f 986//986 958//958 959//959
f 986//986 959//959 988//988
f 988//988 959//959 960//960
f 988//988 960//960 991//991
f 991//991 960//960 961//961
f 991//991 961//961 992//992
f 992//992 961//961 962//962
f 992//992 962//962 994//994
f 994//994 962//962 963//963
f 994//994 963//963 996//996
f 996//996 963//963 964//964
f 996//996 964//964 998//998
f 998//998 964//964 965//965
f 998//998 965//965 40//40
f 40//40 965//965 1//1
f 95//95 75//75 757//757
f 757//757 75//75 967//967
f 757//757 967//967 758//758
f 758//758 967//967 969//969
f 758//758 969//969 761//761
f 761//761 969//969 970//970
f 761//761 970//970 762//762
f 762//762 970//970 972//972
f 762//762 972//972 763//763
f 763//763 972//972 974//974
f 763//763 974//974 780//780
f 780//780 974//974 976//976
f 780//780 976//976 781//781
f 781//781 976//976 978//978
f 781//781 978//978 784//784
f 784//784 978//978 980//980
f 784//784 980//980 787//787
f 787//787 980//980 982//982
f 787//787 982//982 788//788
f 788//788 982//982 984//984
f 788//788 984//984 791//791
f 791//791 984//984 987//987
f 791//791 987//987 797//797
f 797//797 987//987 989//989
f 797//797 989//989 798//798
f 798//798 989//989 990//990
f 798//798 990//990 801//801
f 801//801 990//990 993//993
f 801//801 993//993 804//804
f 804//804 993//993 995//995
f 804//804 995//995 805//805
f 805//805 995//995 997//997
f 805//805 997//997 796//796
f 796//796 997//997 999//999
f 796//796 999//999 77//77
f 77//77 999//999 39//39

