mtllib material.mtl
usemtl black.001
v -0.00322400 0.00470000 0.00445600
v -0.00322400 0.00470000 0.00445600
v -0.00322400 0.00370000 0.00445600
v -0.00322400 0.00370000 0.00445600
v -0.00150500 0.00370000 0.00529000
v -0.00150500 0.00370000 0.00529000
v -0.00150500 0.00470000 0.00529000
v -0.00150500 0.00470000 0.00529000
v 0.00039500 0.00370000 0.00548600
v 0.00039500 0.00370000 0.00548600
v 0.00039500 0.00470000 0.00548600
v 0.00039500 0.00470000 0.00548600
v 0.00224700 0.00370000 0.00502000
v 0.00224700 0.00370000 0.00502000
v 0.00224700 0.00470000 0.00502000
v 0.00224700 0.00470000 0.00502000
v 0.00382800 0.00370000 0.00394900
v 0.00382800 0.00370000 0.00394900
v 0.00382800 0.00470000 0.00394900
v 0.00382800 0.00470000 0.00394900
v 0.00494800 0.00370000 0.00240100
v 0.00494800 0.00370000 0.00240100
v 0.00494800 0.00470000 0.00240100
v 0.00494800 0.00470000 0.00240100
v 0.00547100 0.00370000 0.00056400
v 0.00547100 0.00370000 0.00056400
v 0.00547100 0.00470000 0.00056400
v 0.00547100 0.00470000 0.00056400
v 0.00533400 0.00370000 -0.00134100
v 0.00533400 0.00370000 -0.00134100
v 0.00533400 0.00470000 -0.00134100
v 0.00533400 0.00470000 -0.00134100
v 0.00455400 0.00370000 -0.00308500
v 0.00455400 0.00370000 -0.00308500
v 0.00455400 0.00470000 -0.00308500
v 0.00455400 0.00470000 -0.00308500
v 0.00322400 0.00370000 -0.00445600
v 0.00322400 0.00370000 -0.00445600
v 0.00322400 0.00470000 -0.00445600
v 0.00322400 0.00470000 -0.00445600
v 0.00150500 0.00370000 -0.00529000
v 0.00150500 0.00370000 -0.00529000
v 0.00150500 0.00470000 -0.00529000
v 0.00150500 0.00470000 -0.00529000
v -0.00039500 0.00370000 -0.00548600
v -0.00039500 0.00370000 -0.00548600
v -0.00039500 0.00470000 -0.00548600
v -0.00039500 0.00470000 -0.00548600
v -0.00224700 0.00370000 -0.00502000
v -0.00224700 0.00370000 -0.00502000
v -0.00224700 0.00470000 -0.00502000
v -0.00224700 0.00470000 -0.00502000
v -0.00382800 0.00370000 -0.00394900
v -0.00382800 0.00370000 -0.00394900
v -0.00382800 0.00470000 -0.00394900
v -0.00382800 0.00470000 -0.00394900
v -0.00494800 0.00370000 -0.00240100
v -0.00494800 0.00370000 -0.00240100
v -0.00494800 0.00470000 -0.00240100
v -0.00494800 0.00470000 -0.00240100
v -0.00547100 0.00370000 -0.00056400
v -0.00547100 0.00370000 -0.00056400
v -0.00547100 0.00470000 -0.00056400
v -0.00547100 0.00470000 -0.00056400
v -0.00533400 0.00370000 0.00134100
v -0.00533400 0.00370000 0.00134100
v -0.00533400 0.00470000 0.00134100
v -0.00533400 0.00470000 0.00134100
v -0.00455400 0.00370000 0.00308500
v -0.00455400 0.00370000 0.00308500
v -0.00455400 0.00470000 0.00308500
v -0.00455400 0.00470000 0.00308500
v -0.00300200 -0.00550000 -0.00460800
v -0.00300200 -0.00550000 -0.00460800
v -0.00439700 -0.00550000 -0.00330300
v -0.00439700 -0.00550000 -0.00330300
v 0.00401700 -0.00550000 -0.00375700
v 0.00401700 -0.00550000 -0.00375700
v 0.00439700 -0.00550000 0.00330300
v 0.00439700 -0.00550000 0.00330300
v 0.00526200 -0.00550000 0.00160000
v 0.00526200 -0.00550000 0.00160000
v -0.00506000 -0.00550000 0.00215600
v -0.00506000 -0.00550000 0.00215600
v -0.00401700 -0.00550000 0.00375700
v -0.00401700 -0.00550000 0.00375700
v -0.00249000 -0.00550000 0.00490400
v -0.00249000 -0.00550000 0.00490400
v -0.00526200 -0.00550000 -0.00160000
v -0.00526200 -0.00550000 -0.00160000
v -0.00549200 -0.00550000 0.00029600
v -0.00549200 -0.00550000 0.00029600
v -0.00066200 -0.00550000 0.00546000
v -0.00066200 -0.00550000 0.00546000
v 0.00124500 -0.00550000 0.00535700
v 0.00124500 -0.00550000 0.00535700
v 0.00300200 -0.00550000 0.00460800
v 0.00300200 -0.00550000 0.00460800
v 0.00549200 -0.00550000 -0.00029600
v 0.00549200 -0.00550000 -0.00029600
v 0.00506000 -0.00550000 -0.00215600
v 0.00506000 -0.00550000 -0.00215600
v 0.00249000 -0.00550000 -0.00490400
v 0.00249000 -0.00550000 -0.00490400
v 0.00066200 -0.00550000 -0.00546000
v 0.00066200 -0.00550000 -0.00546000
v -0.00124500 -0.00550000 -0.00535700
v -0.00124500 -0.00550000 -0.00535700
v -0.00300200 -0.00630000 -0.00460800
v -0.00300200 -0.00630000 -0.00460800
v -0.00124500 -0.00630000 -0.00535700
v -0.00124500 -0.00630000 -0.00535700
v 0.00066200 -0.00630000 -0.00546000
v 0.00066200 -0.00630000 -0.00546000
v 0.00249000 -0.00630000 -0.00490400
v 0.00249000 -0.00630000 -0.00490400
v 0.00401700 -0.00630000 -0.00375700
v 0.00401700 -0.00630000 -0.00375700
v 0.00506000 -0.00630000 -0.00215600
v 0.00506000 -0.00630000 -0.00215600
v 0.00549200 -0.00630000 -0.00029600
v 0.00549200 -0.00630000 -0.00029600
v 0.00526200 -0.00630000 0.00160000
v 0.00526200 -0.00630000 0.00160000
v 0.00439700 -0.00630000 0.00330300
v 0.00439700 -0.00630000 0.00330300
v 0.00300200 -0.00630000 0.00460800
v 0.00300200 -0.00630000 0.00460800
v 0.00124500 -0.00630000 0.00535700
v 0.00124500 -0.00630000 0.00535700
v -0.00066200 -0.00630000 0.00546000
v -0.00066200 -0.00630000 0.00546000
v -0.00249000 -0.00630000 0.00490400
v -0.00249000 -0.00630000 0.00490400
v -0.00401700 -0.00630000 0.00375700
v -0.00401700 -0.00630000 0.00375700
v -0.00506000 -0.00630000 0.00215600
v -0.00506000 -0.00630000 0.00215600
v -0.00549200 -0.00630000 0.00029600
v -0.00549200 -0.00630000 0.00029600
v -0.00526200 -0.00630000 -0.00160000
v -0.00526200 -0.00630000 -0.00160000
v -0.00439700 -0.00630000 -0.00330300
v -0.00439700 -0.00630000 -0.00330300
v -0.00229900 -0.01230000 -0.00005600
v -0.00229900 -0.01230000 -0.00005600
v -0.00239900 -0.01220000 -0.00005900
v -0.00239900 -0.01220000 -0.00005900
v -0.00204800 -0.01220000 -0.00125000
v -0.00204800 -0.01220000 -0.00125000
v -0.00196300 -0.01230000 -0.00119800
v -0.00196300 -0.01230000 -0.00119800
v -0.00114900 -0.01220000 -0.00210700
v -0.00114900 -0.01220000 -0.00210700
v -0.00110100 -0.01230000 -0.00201900
v -0.00110100 -0.01230000 -0.00201900
v 0.00005900 -0.01220000 -0.00239900
v 0.00005900 -0.01220000 -0.00239900
v 0.00005600 -0.01230000 -0.00229900
v 0.00005600 -0.01230000 -0.00229900
v 0.00125000 -0.01220000 -0.00204800
v 0.00125000 -0.01220000 -0.00204800
v 0.00119800 -0.01230000 -0.00196300
v 0.00119800 -0.01230000 -0.00196300
v 0.00210700 -0.01220000 -0.00114900
v 0.00210700 -0.01220000 -0.00114900
v 0.00201900 -0.01230000 -0.00110100
v 0.00201900 -0.01230000 -0.00110100
v 0.00239900 -0.01220000 0.00005900
v 0.00239900 -0.01220000 0.00005900
v 0.00229900 -0.01230000 0.00005600
v 0.00229900 -0.01230000 0.00005600
v 0.00204800 -0.01220000 0.00125000
v 0.00204800 -0.01220000 0.00125000
v 0.00196300 -0.01230000 0.00119800
v 0.00196300 -0.01230000 0.00119800
v 0.00114900 -0.01220000 0.00210700
v 0.00114900 -0.01220000 0.00210700
v 0.00110100 -0.01230000 0.00201900
v 0.00110100 -0.01230000 0.00201900
v -0.00005900 -0.01220000 0.00239900
v -0.00005900 -0.01220000 0.00239900
v -0.00005600 -0.01230000 0.00229900
v -0.00005600 -0.01230000 0.00229900
v -0.00125000 -0.01220000 0.00204800
v -0.00125000 -0.01220000 0.00204800
v -0.00119800 -0.01230000 0.00196300
v -0.00119800 -0.01230000 0.00196300
v -0.00210700 -0.01220000 0.00114900
v -0.00210700 -0.01220000 0.00114900
v -0.00201900 -0.01230000 0.00110100
v -0.00201900 -0.01230000 0.00110100
v 0.00274900 -0.01230000 0.00006700
v 0.00250600 -0.01230000 -0.00113200
v 0.00176700 -0.01230000 -0.00210700
v 0.00067700 -0.01230000 -0.00266500
v -0.00054600 -0.01230000 -0.00269500
v -0.00166100 -0.01230000 -0.00219100
v -0.00244800 -0.01230000 -0.00125300
v -0.00274900 -0.01230000 -0.00006700
v -0.00250600 -0.01230000 0.00113200
v -0.00176700 -0.01230000 0.00210700
v -0.00067700 -0.01230000 0.00266500
v 0.00054600 -0.01230000 0.00269500
v 0.00166100 -0.01230000 0.00219100
v 0.00244800 -0.01230000 0.00125300
v 0.00533500 0.01250000 0.04470300
v 0.00530000 0.01280000 0.04440500
v 0.00530000 0.01280000 0.04440500
v 0.00428700 0.01250000 0.04507700
v 0.00412600 0.01280000 0.04482400
v 0.00412600 0.01280000 0.04482400
v 0.00350600 0.01250000 0.04586900
v 0.00325100 0.01280000 0.04571100
v 0.00325100 0.01280000 0.04571100
v 0.00314500 0.01250000 0.04692200
v 0.00284700 0.01280000 0.04689000
v 0.00284700 0.01280000 0.04689000
v 0.00327700 0.01250000 0.04802600
v 0.00299500 0.01280000 0.04812700
v 0.00299500 0.01280000 0.04812700
v 0.00387500 0.01250000 0.04896500
v 0.00366400 0.01280000 0.04917800
v 0.00366400 0.01280000 0.04917800
v 0.00482100 0.01250000 0.04955000
v 0.00472400 0.01280000 0.04983400
v 0.00472400 0.01280000 0.04983400
v 0.00592800 0.01250000 0.04966800
v 0.00596300 0.01280000 0.04996500
v 0.00596300 0.01280000 0.04996500
v 0.00738700 0.01250000 0.04540600
v 0.00644100 0.01250000 0.04482000
v 0.00798600 0.01250000 0.04634400
v 0.00811700 0.01250000 0.04744900
v 0.00775700 0.01250000 0.04850100
v 0.00697500 0.01250000 0.04929300
v 0.00125000 0.01060000 -0.00204800
v 0.00125000 0.01060000 -0.00204800
v 0.00097200 0.01060000 -0.00283800
v 0.00097200 0.01060000 -0.00283800
v 0.00005900 0.01060000 -0.00239900
v 0.00005900 0.01060000 -0.00239900
v -0.00035600 0.01060000 -0.00297900
v -0.00035600 0.01060000 -0.00297900
v -0.00114900 0.01060000 -0.00210700
v -0.00114900 0.01060000 -0.00210700
v -0.00161300 0.01060000 -0.00253000
v -0.00161300 0.01060000 -0.00253000
v -0.00204800 0.01060000 -0.00125000
v -0.00204800 0.01060000 -0.00125000
v -0.00255100 0.01060000 -0.00157900
v -0.00255100 0.01060000 -0.00157900
v -0.00239900 0.01060000 -0.00005900
v -0.00239900 0.01060000 -0.00005900
v -0.00298300 0.01060000 -0.00031600
v -0.00298300 0.01060000 -0.00031600
v -0.00210700 0.01060000 0.00114900
v -0.00210700 0.01060000 0.00114900
v -0.00282500 0.01060000 0.00100900
v -0.00282500 0.01060000 0.00100900
v -0.00125000 0.01060000 0.00204800
v -0.00125000 0.01060000 0.00204800
v -0.00210700 0.01060000 0.00213500
v -0.00210700 0.01060000 0.00213500
v -0.00097200 0.01060000 0.00283800
v -0.00097200 0.01060000 0.00283800
v -0.00005900 0.01060000 0.00239900
v -0.00005900 0.01060000 0.00239900
v 0.00035600 0.01060000 0.00297900
v 0.00035600 0.01060000 0.00297900
v 0.00114900 0.01060000 0.00210700
v 0.00114900 0.01060000 0.00210700
v 0.00161300 0.01060000 0.00253000
v 0.00161300 0.01060000 0.00253000
v 0.00204800 0.01060000 0.00125000
v 0.00204800 0.01060000 0.00125000
v 0.00255100 0.01060000 0.00157900
v 0.00255100 0.01060000 0.00157900
v 0.00255100 0.01060000 0.00157900
v 0.00239900 0.01060000 0.00005900
v 0.00239900 0.01060000 0.00005900
v 0.00298300 0.01060000 0.00031600
v 0.00298300 0.01060000 0.00031600
v 0.00210700 0.01060000 -0.00114900
v 0.00210700 0.01060000 -0.00114900
v 0.00282500 0.01060000 -0.00100900
v 0.00282500 0.01060000 -0.00100900
v 0.00210700 0.01060000 -0.00213500
v 0.00210700 0.01060000 -0.00213500
v -0.00035600 0.01280000 -0.00297900
v -0.00035600 0.01280000 -0.00297900
v -0.00161300 0.01280000 -0.00253000
v -0.00161300 0.01280000 -0.00253000
v -0.00255100 0.01280000 -0.00157900
v -0.00255100 0.01280000 -0.00157900
v -0.00298300 0.01280000 -0.00031600
v -0.00298300 0.01280000 -0.00031600
v -0.00282500 0.01280000 0.00100900
v -0.00282500 0.01280000 0.00100900
v -0.00210700 0.01280000 0.00213500
v -0.00210700 0.01280000 0.00213500
v -0.00097200 0.01280000 0.00283800
v -0.00097200 0.01280000 0.00283800
v 0.00035600 0.01280000 0.00297900
v 0.00035600 0.01280000 0.00297900
v 0.00210700 -0.01220000 -0.00213500
v 0.00210700 -0.01220000 -0.00213500
v 0.00282500 -0.01220000 -0.00100900
v 0.00282500 -0.01220000 -0.00100900
v 0.00298300 -0.01220000 0.00031600
v 0.00298300 -0.01220000 0.00031600
v 0.00255100 -0.01220000 0.00157900
v 0.00255100 -0.01220000 0.00157900
v 0.00161300 -0.01220000 0.00253000
v 0.00161300 -0.01220000 0.00253000
v 0.00035600 -0.01220000 0.00297900
v 0.00035600 -0.01220000 0.00297900
v -0.00097200 -0.01220000 0.00283800
v -0.00097200 -0.01220000 0.00283800
v -0.00210700 -0.01220000 0.00213500
v -0.00210700 -0.01220000 0.00213500
v -0.00282500 -0.01220000 0.00100900
v -0.00282500 -0.01220000 0.00100900
v -0.00298300 -0.01220000 -0.00031600
v -0.00298300 -0.01220000 -0.00031600
v -0.00255100 -0.01220000 -0.00157900
v -0.00255100 -0.01220000 -0.00157900
v -0.00255100 -0.01220000 -0.00157900
v -0.00161300 -0.01220000 -0.00253000
v -0.00161300 -0.01220000 -0.00253000
v -0.00035600 -0.01220000 -0.00297900
v -0.00035600 -0.01220000 -0.00297900
v 0.00097200 -0.01220000 -0.00283800
v 0.00097200 -0.01220000 -0.00283800
v 0.00035600 -0.01440000 0.00297900
v 0.00035600 -0.01440000 0.00297900
v -0.00097200 -0.01440000 0.00283800
v -0.00097200 -0.01440000 0.00283800
v -0.00210700 -0.01440000 0.00213500
v -0.00210700 -0.01440000 0.00213500
v -0.00282500 -0.01440000 0.00100900
v -0.00282500 -0.01440000 0.00100900
v -0.00298300 -0.01440000 -0.00031600
v -0.00298300 -0.01440000 -0.00031600
v -0.00255100 -0.01440000 -0.00157900
v -0.00255100 -0.01440000 -0.00157900
v -0.00255100 -0.01440000 -0.00157900
v -0.00161300 -0.01440000 -0.00253000
v -0.00161300 -0.01440000 -0.00253000
v -0.00035600 -0.01440000 -0.00297900
v -0.00035600 -0.01440000 -0.00297900
v 0.00592800 -0.01410000 0.04966800
v 0.00596300 -0.01440000 0.04996500
v 0.00596300 -0.01440000 0.04996500
v 0.00482100 -0.01410000 0.04955000
v 0.00472400 -0.01440000 0.04983400
v 0.00472400 -0.01440000 0.04983400
v 0.00387500 -0.01410000 0.04896500
v 0.00366400 -0.01440000 0.04917800
v 0.00366400 -0.01440000 0.04917800
v 0.00327700 -0.01410000 0.04802600
v 0.00299500 -0.01440000 0.04812700
v 0.00299500 -0.01440000 0.04812700
v 0.00314500 -0.01410000 0.04692200
v 0.00284700 -0.01440000 0.04689000
v 0.00284700 -0.01440000 0.04689000
v 0.00350600 -0.01410000 0.04586900
v 0.00325100 -0.01440000 0.04571100
v 0.00325100 -0.01440000 0.04571100
v 0.00428700 -0.01410000 0.04507700
v 0.00412600 -0.01440000 0.04482400
v 0.00412600 -0.01440000 0.04482400
v 0.00533500 -0.01410000 0.04470300
v 0.00530000 -0.01440000 0.04440500
v 0.00530000 -0.01440000 0.04440500
v 0.00798600 -0.01410000 0.04634400
v 0.00811700 -0.01410000 0.04744900
v 0.00738700 -0.01410000 0.04540600
v 0.00775700 -0.01410000 0.04850100
v 0.00697500 -0.01410000 0.04929300
v 0.00644100 -0.01410000 0.04482000
v -0.00879500 0.00480000 0.00278800
v -0.00879500 0.00480000 0.00278800
v -0.00879500 0.01060000 0.00278800
v -0.00879500 0.01060000 0.00278800
v -0.00999600 0.00480000 0.00326900
v -0.00999600 0.00480000 0.00326900
v -0.00999600 0.00480000 0.00326900
v -0.00999600 0.01060000 0.00326900
v -0.00999600 0.01060000 0.00326900
v -0.00999600 0.01060000 0.00326900
v -0.01079600 0.00480000 0.00428600
v -0.01079600 0.00480000 0.00428600
v -0.01079600 0.01060000 0.00428600
v -0.01079600 0.01060000 0.00428600
v -0.01098100 0.00480000 0.00556700
v -0.01098100 0.00480000 0.00556700
v -0.01098100 0.01060000 0.00556700
v -0.01098100 0.01060000 0.00556700
v -0.01050000 0.00480000 0.00676800
v -0.01050000 0.00480000 0.00676800
v -0.01050000 0.01060000 0.00676800
v -0.01050000 0.01060000 0.00676800
v -0.00948300 0.00480000 0.00756800
v -0.00948300 0.00480000 0.00756800
v -0.00948300 0.00480000 0.00756800
v -0.00948300 0.01060000 0.00756800
v -0.00948300 0.01060000 0.00756800
v -0.00948300 0.01060000 0.00756800
v -0.00820200 0.00480000 0.00775300
v -0.00820200 0.00480000 0.00775300
v -0.00820200 0.00480000 0.00775300
v -0.00820200 0.01060000 0.00775300
v -0.00820200 0.01060000 0.00775300
v -0.00820200 0.01060000 0.00775300
v -0.01132300 0.01060000 0.00628000
v -0.01132300 0.01060000 0.00628000
v -0.01060600 0.01060000 0.00740600
v -0.01060600 0.01060000 0.00740600
v -0.00947100 0.01060000 0.00810800
v -0.00947100 0.01060000 0.00810800
v -0.00814300 0.01060000 0.00824900
v -0.00814300 0.01060000 0.00824900
v -0.00700100 0.01060000 0.00727200
v -0.00700100 0.01060000 0.00727200
v -0.00688600 0.01060000 0.00780000
v -0.00688600 0.01060000 0.00780000
v -0.00620000 0.01060000 0.00625500
v -0.00620000 0.01060000 0.00625500
v -0.00620000 0.01060000 0.00625500
v -0.00594800 0.01060000 0.00685000
v -0.00594800 0.01060000 0.00685000
v -0.00601600 0.01060000 0.00497400
v -0.00601600 0.01060000 0.00497400
v -0.00551500 0.01060000 0.00558700
v -0.00551500 0.01060000 0.00558700
v -0.00567300 0.01060000 0.00426100
v -0.00567300 0.01060000 0.00426100
v -0.00649700 0.01060000 0.00377300
v -0.00649700 0.01060000 0.00377300
v -0.00649700 0.01060000 0.00377300
v -0.00639100 0.01060000 0.00313500
v -0.00639100 0.01060000 0.00313500
v -0.00751400 0.01060000 0.00297200
v -0.00751400 0.01060000 0.00297200
v -0.00752600 0.01060000 0.00243200
v -0.00752600 0.01060000 0.00243200
v -0.00885400 0.01060000 0.00229200
v -0.00885400 0.01060000 0.00229200
v -0.01011100 0.01060000 0.00274100
v -0.01011100 0.01060000 0.00274100
v -0.01104900 0.01060000 0.00369100
v -0.01104900 0.01060000 0.00369100
v -0.01148200 0.01060000 0.00495400
v -0.01148200 0.01060000 0.00495400
v -0.00885400 0.01280000 0.00229200
v -0.00885400 0.01280000 0.00229200
v -0.01011100 0.01280000 0.00274100
v -0.01011100 0.01280000 0.00274100
v -0.01104900 0.01280000 0.00369100
v -0.01104900 0.01280000 0.00369100
v -0.01148200 0.01280000 0.00495400
v -0.01148200 0.01280000 0.00495400
v -0.01132300 0.01280000 0.00628000
v -0.01132300 0.01280000 0.00628000
v -0.01060600 0.01280000 0.00740600
v -0.01060600 0.01280000 0.00740600
v -0.00947100 0.01280000 0.00810800
v -0.00947100 0.01280000 0.00810800
v -0.00814300 0.01280000 0.00824900
v -0.00814300 0.01280000 0.00824900
v -0.00879500 -0.01220000 0.00278800
v -0.00879500 -0.01220000 0.00278800
v -0.00879500 -0.00640000 0.00278800
v -0.00879500 -0.00640000 0.00278800
v -0.00999600 -0.01220000 0.00326900
v -0.00999600 -0.01220000 0.00326900
v -0.00999600 -0.01220000 0.00326900
v -0.00999600 -0.00640000 0.00326900
v -0.00999600 -0.00640000 0.00326900
v -0.00999600 -0.00640000 0.00326900
v -0.01079600 -0.01220000 0.00428600
v -0.01079600 -0.01220000 0.00428600
v -0.01079600 -0.00640000 0.00428600
v -0.01079600 -0.00640000 0.00428600
v -0.01098100 -0.01220000 0.00556700
v -0.01098100 -0.01220000 0.00556700
v -0.01098100 -0.00640000 0.00556700
v -0.01098100 -0.00640000 0.00556700
v -0.01050000 -0.01220000 0.00676800
v -0.01050000 -0.01220000 0.00676800
v -0.01050000 -0.00640000 0.00676800
v -0.01050000 -0.00640000 0.00676800
v -0.00948300 -0.01220000 0.00756800
v -0.00948300 -0.01220000 0.00756800
v -0.00948300 -0.01220000 0.00756800
v -0.00948300 -0.00640000 0.00756800
v -0.00948300 -0.00640000 0.00756800
v -0.00948300 -0.00640000 0.00756800
v -0.00820200 -0.01220000 0.00775300
v -0.00820200 -0.01220000 0.00775300
v -0.00820200 -0.01220000 0.00775300
v -0.00820200 -0.00640000 0.00775300
v -0.00820200 -0.00640000 0.00775300
v -0.00820200 -0.00640000 0.00775300
v -0.01148200 -0.01220000 0.00495400
v -0.01148200 -0.01220000 0.00495400
v -0.01104900 -0.01220000 0.00369100
v -0.01104900 -0.01220000 0.00369100
v -0.01011100 -0.01220000 0.00274100
v -0.01011100 -0.01220000 0.00274100
v -0.00885400 -0.01220000 0.00229200
v -0.00885400 -0.01220000 0.00229200
v -0.00751400 -0.01220000 0.00297200
v -0.00751400 -0.01220000 0.00297200
v -0.00752600 -0.01220000 0.00243200
v -0.00752600 -0.01220000 0.00243200
v -0.00649700 -0.01220000 0.00377300
v -0.00649700 -0.01220000 0.00377300
v -0.00649700 -0.01220000 0.00377300
v -0.00639100 -0.01220000 0.00313500
v -0.00639100 -0.01220000 0.00313500
v -0.00601600 -0.01220000 0.00497400
v -0.00601600 -0.01220000 0.00497400
v -0.00567300 -0.01220000 0.00426100
v -0.00567300 -0.01220000 0.00426100
v -0.00551500 -0.01220000 0.00558700
v -0.00551500 -0.01220000 0.00558700
v -0.00620000 -0.01220000 0.00625500
v -0.00620000 -0.01220000 0.00625500
v -0.00620000 -0.01220000 0.00625500
v -0.00594800 -0.01220000 0.00685000
v -0.00594800 -0.01220000 0.00685000
v -0.00700100 -0.01220000 0.00727200
v -0.00700100 -0.01220000 0.00727200
v -0.00688600 -0.01220000 0.00780000
v -0.00688600 -0.01220000 0.00780000
v -0.00814300 -0.01220000 0.00824900
v -0.00814300 -0.01220000 0.00824900
v -0.00947100 -0.01220000 0.00810800
v -0.00947100 -0.01220000 0.00810800
v -0.01060600 -0.01220000 0.00740600
v -0.01060600 -0.01220000 0.00740600
v -0.01132300 -0.01220000 0.00628000
v -0.01132300 -0.01220000 0.00628000
v -0.00814300 -0.01440000 0.00824900
v -0.00814300 -0.01440000 0.00824900
v -0.00947100 -0.01440000 0.00810800
v -0.00947100 -0.01440000 0.00810800
v -0.01060600 -0.01440000 0.00740600
v -0.01060600 -0.01440000 0.00740600
v -0.01132300 -0.01440000 0.00628000
v -0.01132300 -0.01440000 0.00628000
v -0.01148200 -0.01440000 0.00495400
v -0.01148200 -0.01440000 0.00495400
v -0.01104900 -0.01440000 0.00369100
v -0.01104900 -0.01440000 0.00369100
v -0.01011100 -0.01440000 0.00274100
v -0.01011100 -0.01440000 0.00274100
v -0.00885400 -0.01440000 0.00229200
v -0.00885400 -0.01440000 0.00229200
v -0.00502200 0.00470000 0.00855500
v -0.00502200 0.00470000 0.00855500
v -0.00502200 0.00470000 0.00855500
v -0.00402900 0.00470000 0.00843700
v -0.00402900 0.00470000 0.00843700
v -0.00402900 0.00470000 0.00843700
v -0.00494900 0.00457800 0.00916300
v -0.00494900 0.00457800 0.00916300
v -0.00494900 0.00457800 0.00916300
v -0.00395600 0.00457800 0.00904500
v -0.00395600 0.00457800 0.00904500
v -0.00395600 0.00457800 0.00904500
v -0.00488700 0.00423100 0.00967900
v -0.00488700 0.00423100 0.00967900
v -0.00389500 0.00423100 0.00956000
v -0.00389500 0.00423100 0.00956000
v -0.00484600 0.00371200 0.01002300
v -0.00484600 0.00371200 0.01002300
v -0.00385300 0.00371200 0.00990500
v -0.00385300 0.00371200 0.00990500
v -0.00385300 0.00371200 0.00990500
v -0.00483200 0.00310000 0.01014400
v -0.00483200 0.00310000 0.01014400
v -0.00383900 0.00310000 0.01002600
v -0.00383900 0.00310000 0.01002600
v -0.00383900 0.00310000 0.01002600
v -0.00483200 -0.00470000 0.01014400
v -0.00483200 -0.00470000 0.01014400
v -0.00383900 -0.00470000 0.01002600
v -0.00383900 -0.00470000 0.01002600
v -0.00485700 -0.00550000 0.00993100
v -0.00485700 -0.00550000 0.00993100
v -0.00386400 -0.00550000 0.00981300
v -0.00386400 -0.00550000 0.00981300
v -0.00386400 -0.00550000 0.00981300
v -0.00492700 -0.00608600 0.00935000
v -0.00492700 -0.00608600 0.00935000
v -0.00492700 -0.00608600 0.00935000
v -0.00492700 -0.00608600 0.00935000
v -0.00393400 -0.00608600 0.00923100
v -0.00393400 -0.00608600 0.00923100
v -0.00393400 -0.00608600 0.00923100
v -0.00502200 -0.00630000 0.00855500
v -0.00502200 -0.00630000 0.00855500
v -0.00502200 -0.00630000 0.00855500
v -0.00402900 -0.00630000 0.00843700
v -0.00402900 -0.00630000 0.00843700
v -0.00402900 -0.00630000 0.00843700
v -0.00407300 -0.00605600 0.00806400
v -0.00407300 -0.00605600 0.00806400
v -0.00407300 -0.00605600 0.00806400
v -0.00421800 -0.00630000 0.00684800
v -0.00421800 -0.00630000 0.00684800
v -0.00395000 -0.00536300 0.00909500
v -0.00395000 -0.00536300 0.00909500
v -0.00386800 -0.00432500 0.00978400
v -0.00386800 -0.00432500 0.00978400
v -0.00386800 -0.00432500 0.00978400
v -0.00383900 -0.00310000 0.01002600
v -0.00383900 -0.00310000 0.01002600
v -0.00386800 0.00272500 0.00978400
v -0.00386800 0.00272500 0.00978400
v -0.00386800 0.00272500 0.00978400
v -0.00383900 0.00150000 0.01002600
v -0.00383900 0.00150000 0.01002600
v -0.00421800 0.00470000 0.00684800
v -0.00421800 0.00470000 0.00684800
v -0.00407300 0.00445600 0.00806400
v -0.00407300 0.00445600 0.00806400
v -0.00407300 0.00445600 0.00806400
v -0.00395000 0.00376300 0.00909500
v -0.00395000 0.00376300 0.00909500
v -0.00395000 0.00376300 0.00909500
v 0.01168500 -0.00990000 0.05149800
v 0.01168500 -0.00990000 0.05149800
v 0.01168500 -0.00990000 0.05149800
v 0.01168500 -0.00990000 0.05149800
v 0.01168500 -0.00990000 0.05149800
v 0.01199900 -0.00990000 0.05146100
v 0.01199900 -0.00990000 0.05146100
v 0.01199900 -0.00990000 0.05146100
v 0.01168500 0.00830000 0.05149800
v 0.01168500 0.00830000 0.05149800
v 0.01168500 0.00830000 0.05149800
v 0.01168500 0.00830000 0.05149800
v 0.01168500 0.00830000 0.05149800
v 0.01199900 0.00830000 0.05146100
v 0.01199900 0.00830000 0.05146100
v 0.01199900 0.00830000 0.05146100
v 0.00486900 0.00470000 -0.00561600
v 0.00486900 0.00470000 -0.00561600
v 0.00486900 0.00470000 -0.00561600
v 0.00486900 0.00470000 -0.00561600
v 0.00486900 0.00470000 -0.00561600
v 0.00518300 0.00470000 -0.00565400
v 0.00518300 0.00470000 -0.00565400
v 0.00518300 0.00470000 -0.00565400
v 0.00486900 -0.00630000 -0.00561600
v 0.00486900 -0.00630000 -0.00561600
v 0.00486900 -0.00630000 -0.00561600
v 0.00486900 -0.00630000 -0.00561600
v 0.00486900 -0.00630000 -0.00561600
v 0.00518300 -0.00630000 -0.00565400
v 0.00518300 -0.00630000 -0.00565400
v 0.00518300 -0.00630000 -0.00565400
v 0.00893000 -0.00705000 0.01575300
v 0.00893000 -0.00705000 0.01575300
v 0.00947500 -0.00705000 0.02032000
v 0.00947500 -0.00705000 0.02032000
v 0.00947500 -0.00705000 0.02032000
v 0.00985400 0.00225000 0.02349800
v 0.00985400 0.00225000 0.02349800
v 0.00866200 0.00451300 0.01350600
v 0.00866200 0.00451300 0.01350600
v 0.00857900 0.00347500 0.01281700
v 0.00857900 0.00347500 0.01281700
v 0.00878500 0.00520600 0.01453700
v 0.00878500 0.00520600 0.01453700
v 0.00855000 0.00225000 0.01257500
v 0.00855000 0.00225000 0.01257500
v 0.00893000 0.00545000 0.01575300
v 0.00893000 0.00545000 0.01575300
v 0.00947500 0.00545000 0.02032000
v 0.00947500 0.00545000 0.02032000
v 0.00947500 0.00545000 0.02032000
v 0.00962000 -0.00680600 0.02153600
v 0.00962000 -0.00680600 0.02153600
v 0.00974300 -0.00611300 0.02256700
v 0.00974300 -0.00611300 0.02256700
v 0.00974300 -0.00611300 0.02256700
v 0.00974300 -0.00611300 0.02256700
v 0.00855000 -0.00385000 0.01257500
v 0.00855000 -0.00385000 0.01257500
v 0.00857900 -0.00507500 0.01281700
v 0.00857900 -0.00507500 0.01281700
v 0.00866200 -0.00611300 0.01350600
v 0.00866200 -0.00611300 0.01350600
v 0.00866200 -0.00611300 0.01350600
v 0.00985400 -0.00385000 0.02349800
v 0.00985400 -0.00385000 0.02349800
v 0.00985400 -0.00385000 0.02349800
v 0.00982500 -0.00507500 0.02325600
v 0.00982500 -0.00507500 0.02325600
v 0.00974300 0.00451300 0.02256700
v 0.00974300 0.00451300 0.02256700
v 0.00962000 0.00520600 0.02153600
v 0.00962000 0.00520600 0.02153600
v 0.00962000 0.00520600 0.02153600
v 0.00962000 0.00520600 0.02153600
v 0.00982500 0.00347500 0.02325600
v 0.00982500 0.00347500 0.02325600
v 0.00982500 0.00347500 0.02325600
v 0.00982500 0.00347500 0.02325600
v 0.00878500 -0.00680600 0.01453700
v 0.00878500 -0.00680600 0.01453700
v 0.00364700 -0.01240000 -0.00618200
v 0.00442700 -0.01240000 -0.00597200
v 0.00437700 -0.01316500 -0.00582800
v 0.00744700 -0.01413200 -0.00088900
v 0.00721400 -0.01424800 -0.00086100
v 0.00697000 -0.01424800 -0.00190000
v 0.00298500 -0.01424800 -0.00503500
v 0.00290400 -0.01440000 -0.00427400
v 0.00200800 -0.01440000 -0.00426800
v 0.00645400 -0.01440000 -0.00077000
v 0.00624900 -0.01440000 -0.00164200
v 0.00585500 -0.01440000 -0.00244700
v 0.00650100 -0.01424800 -0.00285800
v 0.00529200 -0.01440000 -0.00314300
v 0.00583000 -0.01424800 -0.00368800
v 0.00458800 -0.01440000 -0.00369700
v 0.00499100 -0.01424800 -0.00434800
v 0.00817400 -0.01340000 -0.00097600
v 0.00785800 -0.01381400 -0.00093800
v 0.00758100 -0.01381400 -0.00211800
v 0.00704800 -0.01381400 -0.00320700
v 0.00628500 -0.01381400 -0.00415000
v 0.00533300 -0.01381400 -0.00489900
v 0.00191800 -0.01424800 -0.00502800
v 0.00189000 -0.01413200 -0.00526100
v 0.00305300 -0.01381400 -0.00568000
v 0.00798900 -0.01316500 -0.00226400
v 0.00741300 -0.01316500 -0.00344000
v 0.00659000 -0.01316500 -0.00445800
v 0.00556100 -0.01316500 -0.00526800
v 0.00813200 -0.01240000 -0.00231500
v 0.00844000 -0.01240000 -0.00100700
v 0.00828900 -0.01316500 -0.00098900
v 0.00540900 -0.01240000 -0.00553400
v 0.00564100 -0.01240000 -0.00539700
v 0.00669700 -0.01240000 -0.00456700
v 0.00688400 -0.01240000 -0.00437300
v 0.00754200 -0.01240000 -0.00352200
v 0.00792900 -0.01240000 -0.00281400
v 0.00423700 -0.01381400 -0.00541800
v 0.00402700 -0.01424800 -0.00480400
v 0.00377900 -0.01440000 -0.00408000
v 0.00311500 -0.01240000 -0.00626300
v 0.00309900 -0.01316500 -0.00611100
v 0.00184100 -0.01381400 -0.00567200
v 0.00180300 -0.01340000 -0.00598800
v 0.00178900 -0.01316500 -0.00610300
v 0.00177100 -0.01240000 -0.00625400
v 0.01407100 -0.01240000 0.04617800
v 0.01392000 -0.01316500 0.04619600
v 0.01380500 -0.01340000 0.04621000
v 0.01349000 -0.01381400 0.04624700
v 0.01307800 -0.01413200 0.04629600
v 0.01284600 -0.01424800 0.04632400
v 0.01208500 -0.01440000 0.04641500
v -0.00071100 -0.01240000 -0.00595800
v -0.00069300 -0.01316500 -0.00580700
v -0.00067900 -0.01340000 -0.00569200
v -0.00064200 -0.01381400 -0.00537600
v -0.00059300 -0.01413200 -0.00496500
v -0.00056500 -0.01424800 -0.00473200
v -0.00047400 -0.01440000 -0.00397200
v 0.01400000 -0.01240000 0.04805400
v 0.01379000 -0.01240000 0.04883300
v 0.01364600 -0.01316500 0.04878400
v 0.00870600 -0.01413200 0.05185400
v 0.00867800 -0.01424800 0.05162100
v 0.00971700 -0.01424800 0.05137600
v 0.01285200 -0.01424800 0.04739100
v 0.01209100 -0.01440000 0.04731100
v 0.00858800 -0.01440000 0.05086100
v 0.00946000 -0.01440000 0.05065600
v 0.01026400 -0.01440000 0.05026200
v 0.01067600 -0.01424800 0.05090700
v 0.01096100 -0.01440000 0.04969900
v 0.01150500 -0.01424800 0.05023600
v 0.01151500 -0.01440000 0.04899500
v 0.01216500 -0.01424800 0.04939800
v 0.00879300 -0.01340000 0.05258100
v 0.00875500 -0.01381400 0.05226500
v 0.00993500 -0.01381400 0.05198700
v 0.01102400 -0.01381400 0.05145400
v 0.01196700 -0.01381400 0.05069200
v 0.01271700 -0.01381400 0.04973900
v 0.01349800 -0.01381400 0.04746000
v 0.01008100 -0.01316500 0.05239600
v 0.01125700 -0.01316500 0.05182000
v 0.01227600 -0.01316500 0.05099700
v 0.01308500 -0.01316500 0.04996700
v 0.01013300 -0.01240000 0.05253900
v 0.00882500 -0.01240000 0.05284700
v 0.00880700 -0.01316500 0.05269500
v 0.01335200 -0.01240000 0.04981500
v 0.01321500 -0.01240000 0.05004800
v 0.01238400 -0.01240000 0.05110300
v 0.01219100 -0.01240000 0.05129100
v 0.01133900 -0.01240000 0.05194800
v 0.01063100 -0.01240000 0.05233500
v 0.01323600 -0.01381400 0.04864300
v 0.01262200 -0.01424800 0.04843300
v 0.01189800 -0.01440000 0.04818500
v 0.01408000 -0.01240000 0.04752100
v 0.01392900 -0.01316500 0.04750500
v -0.00157500 -0.01424800 -0.00449700
v -0.00132200 -0.01440000 -0.00377500
v -0.00210800 -0.01440000 -0.00339900
v -0.00179000 -0.01381400 -0.00511000
v -0.00251200 -0.01424800 -0.00405000
v -0.00263500 -0.01413200 -0.00424900
v -0.00193300 -0.01316500 -0.00551900
v -0.00198400 -0.01240000 -0.00566300
v -0.00285400 -0.01381400 -0.00460100
v -0.00302100 -0.01340000 -0.00487100
v -0.00308200 -0.01316500 -0.00497000
v -0.00316200 -0.01240000 -0.00509900
v 0.00610500 -0.01440000 0.05115700
v 0.00619600 -0.01424800 0.05191700
v 0.00622400 -0.01413200 0.05215000
v 0.00627300 -0.01381400 0.05256100
v 0.00631100 -0.01340000 0.05287700
v 0.00632400 -0.01316500 0.05299200
v 0.00634200 -0.01240000 0.05314300
v -0.01060700 -0.01440000 0.00187100
v -0.01101000 -0.01424800 0.00122100
v -0.01113400 -0.01413200 0.00102100
v -0.01135200 -0.01381400 0.00066900
v -0.01151900 -0.01340000 0.00039900
v -0.01158000 -0.01316500 0.00030100
v -0.01166100 -0.01240000 0.00017100
v 0.00446600 -0.01240000 0.05307100
v 0.00368700 -0.01240000 0.05286100
v 0.00373600 -0.01316500 0.05271700
v 0.00066700 -0.01413200 0.04777800
v 0.00090000 -0.01424800 0.04775000
v 0.00114400 -0.01424800 0.04878900
v 0.00512900 -0.01424800 0.05192400
v 0.00521000 -0.01440000 0.05116300
v 0.00166000 -0.01440000 0.04765900
v 0.00186500 -0.01440000 0.04853100
v 0.00225800 -0.01440000 0.04933500
v 0.00161300 -0.01424800 0.04974700
v 0.00282200 -0.01440000 0.05003200
v 0.00228400 -0.01424800 0.05057700
v 0.00352600 -0.01440000 0.05058600
v 0.00312300 -0.01424800 0.05123700
v -0.00006000 -0.01340000 0.04786400
v 0.00025500 -0.01381400 0.04782700
v 0.00053300 -0.01381400 0.04900700
v 0.00106600 -0.01381400 0.05009600
v 0.00182800 -0.01381400 0.05103900
v 0.00278100 -0.01381400 0.05178800
v 0.00506100 -0.01381400 0.05256900
v 0.00012500 -0.01316500 0.04915300
v 0.00070000 -0.01316500 0.05032900
v 0.00152400 -0.01316500 0.05134700
v 0.00255300 -0.01316500 0.05215700
v -0.00001900 -0.01240000 0.04920400
v -0.00032600 -0.01240000 0.04789600
v -0.00017500 -0.01316500 0.04787800
v 0.00270500 -0.01240000 0.05242300
v 0.00247300 -0.01240000 0.05228600
v 0.00141700 -0.01240000 0.05145600
v 0.00122900 -0.01240000 0.05126200
v 0.00057200 -0.01240000 0.05041100
v 0.00018500 -0.01240000 0.04970200
v 0.00387700 -0.01381400 0.05230700
v 0.00408700 -0.01424800 0.05169300
v 0.00433500 -0.01440000 0.05096900
v 0.00499900 -0.01240000 0.05315200
v 0.00501500 -0.01316500 0.05300000
v -0.01315900 -0.01240000 0.00149200
v -0.01271000 -0.01240000 0.00099700
v -0.01260300 -0.01316500 0.00110500
v -0.01130600 -0.01440000 0.00242100
v -0.01184300 -0.01424800 0.00187600
v -0.01229900 -0.01381400 0.00141400
v -0.01226000 -0.01440000 0.00391100
v -0.01246800 -0.01440000 0.00477700
v -0.01298000 -0.01424800 0.00365100
v -0.01322700 -0.01424800 0.00468300
v -0.01359100 -0.01381400 0.00343100
v -0.01387100 -0.01381400 0.00460300
v -0.01399800 -0.01316500 0.00328400
v -0.01430100 -0.01316500 0.00454900
v -0.01414100 -0.01240000 0.00323200
v -0.01247900 -0.01440000 0.00566700
v -0.01229200 -0.01440000 0.00653800
v -0.01324000 -0.01424800 0.00574300
v -0.01301800 -0.01424800 0.00678000
v -0.01388600 -0.01381400 0.00580800
v -0.01363400 -0.01381400 0.00698600
v -0.01431700 -0.01316500 0.00585100
v -0.01404500 -0.01316500 0.00712300
v -0.01191800 -0.01440000 0.00734500
v -0.01257200 -0.01424800 0.00774300
v -0.01312700 -0.01381400 0.00807900
v -0.01349800 -0.01316500 0.00830400
v -0.01137400 -0.01440000 0.00805000
v -0.01068800 -0.01440000 0.00861800
v -0.01192500 -0.01424800 0.00858200
v -0.01110700 -0.01424800 0.00925800
v -0.01239100 -0.01381400 0.00903300
v -0.01146300 -0.01381400 0.00980100
v -0.01270300 -0.01316500 0.00933500
v -0.01170000 -0.01316500 0.01016400
v -0.01355100 -0.01240000 0.00203400
v -0.01342300 -0.01316500 0.00211600
v -0.01305800 -0.01381400 0.00235000
v -0.01251100 -0.01424800 0.00270000
v -0.01186700 -0.01440000 0.00311300
v -0.01446900 -0.01240000 0.00586600
v -0.01449800 -0.01240000 0.00519800
v -0.01445300 -0.01240000 0.00453100
v -0.01418900 -0.01240000 0.00717200
v -0.01281200 -0.01240000 0.00944000
v -0.01325000 -0.01240000 0.00893400
v -0.01362800 -0.01240000 0.00838300
v -0.01178300 -0.01240000 0.01029100
v -0.00057300 -0.01240000 0.04582600
v -0.00042200 -0.01316500 0.04580800
v -0.00030700 -0.01340000 0.04579500
v 0.00000800 -0.01381400 0.04575700
v 0.00042000 -0.01413200 0.04570800
v 0.00065300 -0.01424800 0.04568000
v 0.00141300 -0.01440000 0.04558900
v -0.00289600 -0.01440000 0.01371600
v -0.00331500 -0.01424800 0.01435600
v -0.00367000 -0.01381400 0.01489900
v -0.00390700 -0.01316500 0.01526200
v -0.00399100 -0.01240000 0.01539000
v 0.00062200 -0.01424800 0.04496000
v 0.00138600 -0.01440000 0.04498500
v -0.00002700 -0.01381400 0.04493900
v 0.00145200 -0.01440000 0.04438300
v 0.00070000 -0.01424800 0.04424300
v 0.00006200 -0.01381400 0.04412400
v -0.00036500 -0.01316500 0.04404500
v -0.00046000 -0.01316500 0.04492500
v -0.00051400 -0.01240000 0.04401700
v -0.00061200 -0.01240000 0.04492000
v -0.00014700 -0.01413200 0.01986800
v -0.00055800 -0.01381400 0.01991700
v -0.00080700 -0.01381400 0.01872500
v -0.00122200 -0.01316500 0.01885100
v -0.00136800 -0.01240000 0.01889500
v -0.00164600 -0.01316500 0.01779000
v -0.00162400 -0.01240000 0.01819600
v -0.00178200 -0.01240000 0.01785900
v -0.00237000 -0.01240000 0.01691100
v -0.00224800 -0.01316500 0.01682000
v -0.00260200 -0.01240000 0.01661900
v -0.00301000 -0.01316500 0.01596800
v -0.00311400 -0.01240000 0.01607900
v -0.00113900 -0.01240000 0.01998700
v -0.00098800 -0.01316500 0.01996900
v -0.00087300 -0.01340000 0.01995500
v -0.00125900 -0.01381400 0.01759500
v -0.00190100 -0.01381400 0.01656000
v -0.00271300 -0.01381400 0.01565200
v 0.00084600 -0.01440000 0.01975000
v 0.00008600 -0.01424800 0.01984100
v -0.00018600 -0.01424800 0.01853800
v -0.00068000 -0.01424800 0.01730200
v -0.00138200 -0.01424800 0.01617100
v -0.00226900 -0.01424800 0.01517900
v 0.00054700 -0.01440000 0.01831700
v 0.00000300 -0.01440000 0.01695700
v -0.00076900 -0.01440000 0.01571300
v -0.00174500 -0.01440000 0.01462100
v 0.00264000 -0.01440000 0.03800400
v 0.00188700 -0.01424800 0.03786400
v 0.00124900 -0.01381400 0.03774500
v 0.00082300 -0.01316500 0.03766500
v 0.00067400 -0.01240000 0.03763800
v 0.00073700 -0.01240000 0.03570800
v 0.00088800 -0.01316500 0.03569000
v 0.00100300 -0.01340000 0.03567600
v 0.00131800 -0.01381400 0.03563800
v 0.00173000 -0.01413200 0.03558900
v 0.00196300 -0.01424800 0.03556100
v 0.00272300 -0.01440000 0.03547100
v 0.00093100 -0.01316500 0.03668000
v 0.00077800 -0.01240000 0.03667500
v 0.00136400 -0.01381400 0.03669400
v 0.00201200 -0.01424800 0.03671500
v 0.00277700 -0.01440000 0.03674000
v 0.00817400 0.01180000 -0.00097600
v 0.00828900 0.01156500 -0.00098900
v 0.00798900 0.01156500 -0.00226400
v 0.00309900 0.01156500 -0.00611100
v 0.00311500 0.01080000 -0.00626300
v 0.00177100 0.01080000 -0.00625400
v 0.00844000 0.01080000 -0.00100700
v 0.00813200 0.01080000 -0.00231500
v 0.00792900 0.01080000 -0.00281400
v 0.00741300 0.01156500 -0.00344000
v 0.00754200 0.01080000 -0.00352200
v 0.00688400 0.01080000 -0.00437300
v 0.00659000 0.01156500 -0.00445800
v 0.00669700 0.01080000 -0.00456700
v 0.00564100 0.01080000 -0.00539700
v 0.00556100 0.01156500 -0.00526800
v 0.00540900 0.01080000 -0.00553400
v 0.00437700 0.01156500 -0.00582800
v 0.00442700 0.01080000 -0.00597200
v 0.00364700 0.01080000 -0.00618200
v 0.00744700 0.01253200 -0.00088900
v 0.00785800 0.01221400 -0.00093800
v 0.00758100 0.01221400 -0.00211800
v 0.00704800 0.01221400 -0.00320700
v 0.00628500 0.01221400 -0.00415000
v 0.00533300 0.01221400 -0.00489900
v 0.00423700 0.01221400 -0.00541800
v 0.00305300 0.01221400 -0.00568000
v 0.00645400 0.01280000 -0.00077000
v 0.00721400 0.01264800 -0.00086100
v 0.00697000 0.01264800 -0.00190000
v 0.00178900 0.01156500 -0.00610300
v 0.00180300 0.01180000 -0.00598800
v 0.00184100 0.01221400 -0.00567200
v 0.00189000 0.01253200 -0.00526100
v 0.00650100 0.01264800 -0.00285800
v 0.00583000 0.01264800 -0.00368800
v 0.00499100 0.01264800 -0.00434800
v 0.00402700 0.01264800 -0.00480400
v 0.00298500 0.01264800 -0.00503500
v 0.00191800 0.01264800 -0.00502800
v 0.00624900 0.01280000 -0.00164200
v 0.00585500 0.01280000 -0.00244700
v 0.00529200 0.01280000 -0.00314300
v 0.00458800 0.01280000 -0.00369700
v 0.00377900 0.01280000 -0.00408000
v 0.00290400 0.01280000 -0.00427400
v 0.00200800 0.01280000 -0.00426800
v 0.01208500 0.01280000 0.04641500
v 0.01284600 0.01264800 0.04632400
v 0.01307800 0.01253200 0.04629600
v 0.01349000 0.01221400 0.04624700
v 0.01380500 0.01180000 0.04621000
v 0.01392000 0.01156500 0.04619600
v 0.01407100 0.01080000 0.04617800
v -0.00047400 0.01280000 -0.00397200
v -0.00056500 0.01264800 -0.00473200
v -0.00059300 0.01253200 -0.00496500
v -0.00064200 0.01221400 -0.00537600
v -0.00067900 0.01180000 -0.00569200
v -0.00069300 0.01156500 -0.00580700
v -0.00071100 0.01080000 -0.00595800
v 0.00879300 0.01180000 0.05258100
v 0.00880700 0.01156500 0.05269500
v 0.01008100 0.01156500 0.05239600
v 0.01392900 0.01156500 0.04750500
v 0.01408000 0.01080000 0.04752100
v 0.00882500 0.01080000 0.05284700
v 0.01013300 0.01080000 0.05253900
v 0.01063100 0.01080000 0.05233500
v 0.01125700 0.01156500 0.05182000
v 0.01133900 0.01080000 0.05194800
v 0.01219100 0.01080000 0.05129100
v 0.01227600 0.01156500 0.05099700
v 0.01238400 0.01080000 0.05110300
v 0.01321500 0.01080000 0.05004800
v 0.01308500 0.01156500 0.04996700
v 0.01335200 0.01080000 0.04981500
v 0.01364600 0.01156500 0.04878400
v 0.01379000 0.01080000 0.04883300
v 0.01400000 0.01080000 0.04805400
v 0.00870600 0.01253200 0.05185400
v 0.00875500 0.01221400 0.05226500
v 0.00993500 0.01221400 0.05198700
v 0.01102400 0.01221400 0.05145400
v 0.01196700 0.01221400 0.05069200
v 0.01271700 0.01221400 0.04973900
v 0.01323600 0.01221400 0.04864300
v 0.01349800 0.01221400 0.04746000
v 0.00858800 0.01280000 0.05086100
v 0.00867800 0.01264800 0.05162100
v 0.00971700 0.01264800 0.05137600
v 0.01067600 0.01264800 0.05090700
v 0.01150500 0.01264800 0.05023600
v 0.01216500 0.01264800 0.04939800
v 0.01262200 0.01264800 0.04843300
v 0.01285200 0.01264800 0.04739100
v 0.00946000 0.01280000 0.05065600
v 0.01026400 0.01280000 0.05026200
v 0.01096100 0.01280000 0.04969900
v 0.01151500 0.01280000 0.04899500
v 0.01189800 0.01280000 0.04818500
v 0.01209100 0.01280000 0.04731100
v -0.00193300 0.01156500 -0.00551900
v -0.00198400 0.01080000 -0.00566300
v -0.00316200 0.01080000 -0.00509900
v -0.00179000 0.01221400 -0.00511000
v -0.00308200 0.01156500 -0.00497000
v -0.00302100 0.01180000 -0.00487100
v -0.00157500 0.01264800 -0.00449700
v -0.00132200 0.01280000 -0.00377500
v -0.00285400 0.01221400 -0.00460100
v -0.00263500 0.01253200 -0.00424900
v -0.00251200 0.01264800 -0.00405000
v -0.00210800 0.01280000 -0.00339900
v 0.00634200 0.01080000 0.05314300
v 0.00632400 0.01156500 0.05299200
v 0.00631100 0.01180000 0.05287700
v 0.00627300 0.01221400 0.05256100
v 0.00622400 0.01253200 0.05215000
v 0.00619600 0.01264800 0.05191700
v 0.00610500 0.01280000 0.05115700
v -0.01166100 0.01080000 0.00017100
v -0.01158000 0.01156500 0.00030100
v -0.01151900 0.01180000 0.00039900
v -0.01135200 0.01221400 0.00066900
v -0.01113400 0.01253200 0.00102100
v -0.01101000 0.01264800 0.00122100
v -0.01060700 0.01280000 0.00187100
v -0.00006000 0.01180000 0.04786400
v -0.00017500 0.01156500 0.04787800
v 0.00012500 0.01156500 0.04915300
v 0.00501500 0.01156500 0.05300000
v 0.00499900 0.01080000 0.05315200
v -0.00032600 0.01080000 0.04789600
v -0.00001900 0.01080000 0.04920400
v 0.00018500 0.01080000 0.04970200
v 0.00070000 0.01156500 0.05032900
v 0.00057200 0.01080000 0.05041100
v 0.00122900 0.01080000 0.05126200
v 0.00152400 0.01156500 0.05134700
v 0.00141700 0.01080000 0.05145600
v 0.00247300 0.01080000 0.05228600
v 0.00255300 0.01156500 0.05215700
v 0.00270500 0.01080000 0.05242300
v 0.00373600 0.01156500 0.05271700
v 0.00368700 0.01080000 0.05286100
v 0.00446600 0.01080000 0.05307100
v 0.00066700 0.01253200 0.04777800
v 0.00025500 0.01221400 0.04782700
v 0.00053300 0.01221400 0.04900700
v 0.00106600 0.01221400 0.05009600
v 0.00182800 0.01221400 0.05103900
v 0.00278100 0.01221400 0.05178800
v 0.00387700 0.01221400 0.05230700
v 0.00506100 0.01221400 0.05256900
v 0.00166000 0.01280000 0.04765900
v 0.00090000 0.01264800 0.04775000
v 0.00114400 0.01264800 0.04878900
v 0.00161300 0.01264800 0.04974700
v 0.00228400 0.01264800 0.05057700
v 0.00312300 0.01264800 0.05123700
v 0.00408700 0.01264800 0.05169300
v 0.00512900 0.01264800 0.05192400
v 0.00186500 0.01280000 0.04853100
v 0.00225800 0.01280000 0.04933500
v 0.00282200 0.01280000 0.05003200
v 0.00352600 0.01280000 0.05058600
v 0.00433500 0.01280000 0.05096900
v 0.00521000 0.01280000 0.05116300
v -0.01260300 0.01156500 0.00110500
v -0.01271000 0.01080000 0.00099700
v -0.01315900 0.01080000 0.00149200
v -0.01342300 0.01156500 0.00211600
v -0.01355100 0.01080000 0.00203400
v -0.01414100 0.01080000 0.00323200
v -0.01399800 0.01156500 0.00328400
v -0.01445300 0.01080000 0.00453100
v -0.01430100 0.01156500 0.00454900
v -0.01449800 0.01080000 0.00519800
v -0.01431700 0.01156500 0.00585100
v -0.01446900 0.01080000 0.00586600
v -0.01418900 0.01080000 0.00717200
v -0.01404500 0.01156500 0.00712300
v -0.01362800 0.01080000 0.00838300
v -0.01349800 0.01156500 0.00830400
v -0.01325000 0.01080000 0.00893400
v -0.01270300 0.01156500 0.00933500
v -0.01281200 0.01080000 0.00944000
v -0.01178300 0.01080000 0.01029100
v -0.01170000 0.01156500 0.01016400
v -0.01229900 0.01221400 0.00141400
v -0.01305800 0.01221400 0.00235000
v -0.01359100 0.01221400 0.00343100
v -0.01387100 0.01221400 0.00460300
v -0.01388600 0.01221400 0.00580800
v -0.01363400 0.01221400 0.00698600
v -0.01312700 0.01221400 0.00807900
v -0.01239100 0.01221400 0.00903300
v -0.01146300 0.01221400 0.00980100
v -0.01184300 0.01264800 0.00187600
v -0.01251100 0.01264800 0.00270000
v -0.01298000 0.01264800 0.00365100
v -0.01322700 0.01264800 0.00468300
v -0.01324000 0.01264800 0.00574300
v -0.01301800 0.01264800 0.00678000
v -0.01257200 0.01264800 0.00774300
v -0.01192500 0.01264800 0.00858200
v -0.01110700 0.01264800 0.00925800
v -0.01130600 0.01280000 0.00242100
v -0.01186700 0.01280000 0.00311300
v -0.01226000 0.01280000 0.00391100
v -0.01246800 0.01280000 0.00477700
v -0.01247900 0.01280000 0.00566700
v -0.01229200 0.01280000 0.00653800
v -0.01191800 0.01280000 0.00734500
v -0.01137400 0.01280000 0.00805000
v -0.01068800 0.01280000 0.00861800
v 0.00141300 0.01280000 0.04558900
v 0.00065300 0.01264800 0.04568000
v 0.00042000 0.01253200 0.04570800
v 0.00000800 0.01221400 0.04575700
v -0.00030700 0.01180000 0.04579500
v -0.00042200 0.01156500 0.04580800
v -0.00057300 0.01080000 0.04582600
v -0.00289600 0.01280000 0.01371600
v -0.00331500 0.01264800 0.01435600
v -0.00367000 0.01221400 0.01489900
v -0.00390700 0.01156500 0.01526200
v -0.00399100 0.01080000 0.01539000
v -0.00046000 0.01156500 0.04492500
v -0.00061200 0.01080000 0.04492000
v -0.00051400 0.01080000 0.04401700
v -0.00036500 0.01156500 0.04404500
v -0.00025100 0.01180000 0.04406600
v -0.00002700 0.01221400 0.04493900
v 0.00062200 0.01264800 0.04496000
v 0.00046900 0.01253200 0.04420000
v 0.00006200 0.01221400 0.04412400
v 0.00138600 0.01280000 0.04498500
v 0.00145200 0.01280000 0.04438300
v 0.00070000 0.01264800 0.04424300
v -0.00162400 0.01080000 0.01819600
v -0.00136800 0.01080000 0.01889500
v -0.00122200 0.01156500 0.01885100
v 0.00000300 0.01280000 0.01695700
v -0.00076900 0.01280000 0.01571300
v -0.00068000 0.01264800 0.01730200
v -0.00138200 0.01264800 0.01617100
v -0.00125900 0.01221400 0.01759500
v -0.00190100 0.01221400 0.01656000
v -0.00164600 0.01156500 0.01779000
v -0.00224800 0.01156500 0.01682000
v -0.00178200 0.01080000 0.01785900
v -0.00174500 0.01280000 0.01462100
v -0.00226900 0.01264800 0.01517900
v -0.00271300 0.01221400 0.01565200
v -0.00301000 0.01156500 0.01596800
v 0.00084600 0.01280000 0.01975000
v 0.00054700 0.01280000 0.01831700
v 0.00008600 0.01264800 0.01984100
v -0.00018600 0.01264800 0.01853800
v -0.00055800 0.01221400 0.01991700
v -0.00080700 0.01221400 0.01872500
v -0.00098800 0.01156500 0.01996900
v -0.00113900 0.01080000 0.01998700
v -0.00311400 0.01080000 0.01607900
v -0.00260200 0.01080000 0.01661900
v -0.00237000 0.01080000 0.01691100
v 0.00067400 0.01080000 0.03763800
v 0.00082300 0.01156500 0.03766500
v 0.00093700 0.01180000 0.03768700
v 0.00124900 0.01221400 0.03774500
v 0.00165700 0.01253200 0.03782100
v 0.00188700 0.01264800 0.03786400
v 0.00264000 0.01280000 0.03800400
v 0.00272300 0.01280000 0.03547100
v 0.00196300 0.01264800 0.03556100
v 0.00131800 0.01221400 0.03563800
v 0.00088800 0.01156500 0.03569000
v 0.00073700 0.01080000 0.03570800
v 0.00277700 0.01280000 0.03674000
v 0.00201200 0.01264800 0.03671500
v 0.00093100 0.01156500 0.03668000
v 0.00136400 0.01221400 0.03669400
v 0.00077800 0.01080000 0.03667500
v 0.01175500 0.00830000 0.04786400
v 0.01175500 0.00830000 0.04786400
v 0.01225100 0.00830000 0.04780500
v 0.01225100 0.00830000 0.04780500
v 0.01225100 0.00830000 0.04780500
v 0.01182700 0.00817800 0.04847200
v 0.01182700 0.00817800 0.04847200
v 0.01182700 0.00817800 0.04847200
v 0.01182700 0.00817800 0.04847200
v 0.01232400 0.00817800 0.04841300
v 0.01232400 0.00817800 0.04841300
v 0.01188900 0.00783100 0.04898800
v 0.01188900 0.00783100 0.04898800
v 0.01188900 0.00783100 0.04898800
v 0.01188900 0.00783100 0.04898800
v 0.01238500 0.00783100 0.04892800
v 0.01238500 0.00783100 0.04892800
v 0.01238500 0.00783100 0.04892800
v 0.01238500 0.00783100 0.04892800
v 0.01193000 0.00731200 0.04933200
v 0.01193000 0.00731200 0.04933200
v 0.01193000 0.00731200 0.04933200
v 0.01242700 0.00731200 0.04927300
v 0.01242700 0.00731200 0.04927300
v 0.01194500 0.00670000 0.04945300
v 0.01194500 0.00670000 0.04945300
v 0.01244100 0.00670000 0.04939400
v 0.01244100 0.00670000 0.04939400
v 0.01244100 0.00670000 0.04939400
v 0.01194500 -0.00830000 0.04945300
v 0.01194500 -0.00830000 0.04945300
v 0.01244100 -0.00830000 0.04939400
v 0.01244100 -0.00830000 0.04939400
v 0.01191900 -0.00910000 0.04924000
v 0.01191900 -0.00910000 0.04924000
v 0.01191900 -0.00910000 0.04924000
v 0.01191900 -0.00910000 0.04924000
v 0.01241600 -0.00910000 0.04918100
v 0.01241600 -0.00910000 0.04918100
v 0.01241600 -0.00910000 0.04918100
v 0.01185000 -0.00968600 0.04865900
v 0.01185000 -0.00968600 0.04865900
v 0.01185000 -0.00968600 0.04865900
v 0.01185000 -0.00968600 0.04865900
v 0.01234600 -0.00968600 0.04859900
v 0.01234600 -0.00968600 0.04859900
v 0.01234600 -0.00968600 0.04859900
v 0.01175500 -0.00990000 0.04786400
v 0.01175500 -0.00990000 0.04786400
v 0.01225100 -0.00990000 0.04780500
v 0.01225100 -0.00990000 0.04780500
v 0.01225100 -0.00990000 0.04780500
v 0.00628800 0.00470000 -0.00216000
v 0.00628800 0.00470000 -0.00216000
v 0.00628800 0.00470000 -0.00216000
v 0.00628800 0.00470000 -0.00216000
v 0.00628800 0.00470000 -0.00216000
v 0.00628800 0.00470000 -0.00216000
v 0.00579200 0.00470000 -0.00210100
v 0.00579200 0.00470000 -0.00210100
v 0.00621600 0.00457800 -0.00276800
v 0.00621600 0.00457800 -0.00276800
v 0.00571900 0.00457800 -0.00270900
v 0.00571900 0.00457800 -0.00270900
v 0.00571900 0.00457800 -0.00270900
v 0.00615400 0.00423100 -0.00328400
v 0.00615400 0.00423100 -0.00328400
v 0.00615400 0.00423100 -0.00328400
v 0.00565800 0.00423100 -0.00322500
v 0.00565800 0.00423100 -0.00322500
v 0.00565800 0.00423100 -0.00322500
v 0.00611300 0.00371200 -0.00362800
v 0.00611300 0.00371200 -0.00362800
v 0.00611300 0.00371200 -0.00362800
v 0.00561700 0.00371200 -0.00356900
v 0.00561700 0.00371200 -0.00356900
v 0.00561700 0.00371200 -0.00356900
v 0.00609900 0.00310000 -0.00374900
v 0.00609900 0.00310000 -0.00374900
v 0.00609900 0.00310000 -0.00374900
v 0.00560200 0.00310000 -0.00369000
v 0.00560200 0.00310000 -0.00369000
v 0.00609900 -0.00470000 -0.00374900
v 0.00609900 -0.00470000 -0.00374900
v 0.00609900 -0.00470000 -0.00374900
v 0.00560200 -0.00470000 -0.00369000
v 0.00560200 -0.00470000 -0.00369000
v 0.00612400 -0.00550000 -0.00353600
v 0.00612400 -0.00550000 -0.00353600
v 0.00612400 -0.00550000 -0.00353600
v 0.00562800 -0.00550000 -0.00347700
v 0.00562800 -0.00550000 -0.00347700
v 0.00562800 -0.00550000 -0.00347700
v 0.00562800 -0.00550000 -0.00347700
v 0.00619300 -0.00608600 -0.00295500
v 0.00619300 -0.00608600 -0.00295500
v 0.00619300 -0.00608600 -0.00295500
v 0.00569700 -0.00608600 -0.00289500
v 0.00569700 -0.00608600 -0.00289500
v 0.00569700 -0.00608600 -0.00289500
v 0.00628800 -0.00630000 -0.00216000
v 0.00628800 -0.00630000 -0.00216000
v 0.00628800 -0.00630000 -0.00216000
v 0.00579200 -0.00630000 -0.00210100
v 0.00579200 -0.00630000 -0.00210100
v 0.01187300 -0.00990000 0.04885700
v 0.01187300 -0.00990000 0.04885700
v 0.01187300 -0.00990000 0.04885700
v 0.01187300 -0.00990000 0.04885700
v 0.01196800 -0.00968600 0.04965200
v 0.01196800 -0.00968600 0.04965200
v 0.01196800 -0.00968600 0.04965200
v 0.01203800 -0.00910000 0.05023300
v 0.01203800 -0.00910000 0.05023300
v 0.01203800 -0.00910000 0.05023300
v 0.01206300 -0.00830000 0.05044600
v 0.01206300 -0.00830000 0.05044600
v 0.01206300 0.00670000 0.05044600
v 0.01206300 0.00670000 0.05044600
v 0.01203800 0.00750000 0.05023300
v 0.01203800 0.00750000 0.05023300
v 0.01203800 0.00750000 0.05023300
v 0.01203800 0.00750000 0.05023300
v 0.01196800 0.00808600 0.04965200
v 0.01196800 0.00808600 0.04965200
v 0.01196800 0.00808600 0.04965200
v 0.01196800 0.00808600 0.04965200
v 0.01187300 0.00830000 0.04885700
v 0.01187300 0.00830000 0.04885700
v 0.01187300 0.00830000 0.04885700
v 0.00567300 0.00470000 -0.00309400
v 0.00567300 0.00470000 -0.00309400
v 0.00567300 0.00470000 -0.00309400
v 0.00567300 0.00470000 -0.00309400
v 0.00550900 -0.00550000 -0.00447000
v 0.00550900 -0.00550000 -0.00447000
v 0.00557800 -0.00608600 -0.00388800
v 0.00557800 -0.00608600 -0.00388800
v 0.00557800 -0.00608600 -0.00388800
v 0.00557800 -0.00608600 -0.00388800
v 0.00567300 -0.00630000 -0.00309400
v 0.00567300 -0.00630000 -0.00309400
v 0.00567300 -0.00630000 -0.00309400
v 0.00557800 0.00448600 -0.00388800
v 0.00557800 0.00448600 -0.00388800
v 0.00557800 0.00448600 -0.00388800
v 0.00557800 0.00448600 -0.00388800
v 0.00550900 0.00390000 -0.00447000
v 0.00550900 0.00390000 -0.00447000
v 0.00548400 0.00310000 -0.00468300
v 0.00548400 0.00310000 -0.00468300
v 0.00548400 -0.00470000 -0.00468300
v 0.00548400 -0.00470000 -0.00468300
v 0.00508200 0.00448600 -0.00382900
v 0.00508200 0.00448600 -0.00382900
v 0.00508200 0.00448600 -0.00382900
v 0.00508200 0.00448600 -0.00382900
v 0.00517700 0.00470000 -0.00303500
v 0.00517700 0.00470000 -0.00303500
v 0.00501300 0.00390000 -0.00441100
v 0.00501300 0.00390000 -0.00441100
v 0.00501300 0.00390000 -0.00441100
v 0.00517700 -0.00630000 -0.00303500
v 0.00517700 -0.00630000 -0.00303500
v 0.00508200 -0.00608600 -0.00382900
v 0.00508200 -0.00608600 -0.00382900
v 0.00508200 -0.00608600 -0.00382900
v 0.00508200 -0.00608600 -0.00382900
v 0.00501300 -0.00550000 -0.00441100
v 0.00501300 -0.00550000 -0.00441100
v 0.00501300 -0.00550000 -0.00441100
v 0.00498700 -0.00470000 -0.00462400
v 0.00498700 -0.00470000 -0.00462400
v 0.00498700 0.00310000 -0.00462400
v 0.00498700 0.00310000 -0.00462400
v 0.01137700 0.00830000 0.04891600
v 0.01137700 0.00830000 0.04891600
v 0.01137700 0.00830000 0.04891600
v 0.01147200 0.00808600 0.04971100
v 0.01147200 0.00808600 0.04971100
v 0.01147200 0.00808600 0.04971100
v 0.01137700 -0.00990000 0.04891600
v 0.01137700 -0.00990000 0.04891600
v 0.01147200 -0.00968600 0.04971100
v 0.01147200 -0.00968600 0.04971100
v 0.01147200 -0.00968600 0.04971100
v 0.01154100 -0.00910000 0.05029200
v 0.01154100 -0.00910000 0.05029200
v 0.01154100 -0.00910000 0.05029200
v 0.01154100 -0.00910000 0.05029200
v 0.01154100 0.00750000 0.05029200
v 0.01154100 0.00750000 0.05029200
v 0.01154100 0.00750000 0.05029200
v 0.01154100 0.00750000 0.05029200
v 0.01156700 0.00670000 0.05050500
v 0.01156700 0.00670000 0.05050500
v 0.01156700 -0.00830000 0.05050500
v 0.01156700 -0.00830000 0.05050500
v 0.01138600 0.00830000 0.04055600
v 0.01138600 0.00830000 0.04055600
v 0.01138600 0.00830000 0.04055600
v 0.00890400 0.00830000 0.04085300
v 0.00890400 0.00830000 0.04085300
v 0.01129200 0.00808600 0.03976200
v 0.01129200 0.00808600 0.03976200
v 0.01129200 0.00808600 0.03976200
v 0.00880900 0.00808600 0.04005800
v 0.00880900 0.00808600 0.04005800
v 0.00880900 0.00808600 0.04005800
v 0.00880900 0.00808600 0.04005800
v 0.00880900 0.00808600 0.04005800
v 0.01122200 0.00750000 0.03918100
v 0.01122200 0.00750000 0.03918100
v 0.01122200 0.00750000 0.03918100
v 0.00874000 0.00750000 0.03947700
v 0.00874000 0.00750000 0.03947700
v 0.00874000 0.00750000 0.03947700
v 0.00874000 0.00750000 0.03947700
v 0.01119700 0.00670000 0.03896800
v 0.01119700 0.00670000 0.03896800
v 0.00871400 0.00670000 0.03926400
v 0.00871400 0.00670000 0.03926400
v 0.00871400 0.00670000 0.03926400
v 0.01119700 -0.00830000 0.03896800
v 0.01119700 -0.00830000 0.03896800
v 0.01119700 -0.00830000 0.03896800
v 0.00871400 -0.00830000 0.03926400
v 0.00871400 -0.00830000 0.03926400
v 0.00871400 -0.00830000 0.03926400
v 0.01122200 -0.00910000 0.03918100
v 0.01122200 -0.00910000 0.03918100
v 0.00874000 -0.00910000 0.03947700
v 0.00874000 -0.00910000 0.03947700
v 0.00874000 -0.00910000 0.03947700
v 0.01129200 -0.00968600 0.03976200
v 0.01129200 -0.00968600 0.03976200
v 0.01129200 -0.00968600 0.03976200
v 0.01129200 -0.00968600 0.03976200
v 0.00880900 -0.00968600 0.04005800
v 0.00880900 -0.00968600 0.04005800
v 0.00880900 -0.00968600 0.04005800
v 0.00880900 -0.00968600 0.04005800
v 0.01138600 -0.00990000 0.04055600
v 0.01138600 -0.00990000 0.04055600
v 0.01138600 -0.00990000 0.04055600
v 0.00890400 -0.00990000 0.04085300
v 0.00890400 -0.00990000 0.04085300
v -0.00641100 -0.00630000 -0.00308400
v -0.00641100 -0.00630000 -0.00308400
v -0.00641100 -0.00630000 -0.00308400
v -0.00641100 -0.00640000 -0.00308400
v -0.00641100 -0.00640000 -0.00308400
v -0.00641100 -0.00640000 -0.00308400
v -0.00422400 -0.00640000 0.01523700
v -0.00422400 -0.00640000 0.01523700
v -0.00422400 -0.00640000 0.01523700
v -0.00422400 -0.00640000 0.01523700
v -0.00422400 0.00480000 0.01523700
v -0.00422400 0.00480000 0.01523700
v -0.00422400 0.00480000 0.01523700
v -0.00422400 0.00480000 0.01523700
v -0.00422400 -0.00628900 0.01523700
v -0.00422400 -0.00628900 0.01523700
v -0.00422400 -0.00628900 0.01523700
v -0.00641100 0.00480000 -0.00308400
v -0.00641100 0.00480000 -0.00308400
v -0.00641100 0.00480000 -0.00308400
v -0.00641100 0.00470000 -0.00308400
v -0.00641100 0.00470000 -0.00308400
v -0.00641100 0.00470000 -0.00308400
v -0.00424700 0.00451300 0.01504700
v -0.00424700 0.00451300 0.01504700
v -0.00422400 0.00468900 0.01523700
v -0.00422400 0.00468900 0.01523700
v -0.00422400 0.00468900 0.01523700
v -0.00424700 -0.00611300 0.01504700
v -0.00424700 -0.00611300 0.01504700
v -0.00432900 -0.00507500 0.01435800
v -0.00432900 -0.00507500 0.01435800
v -0.00435800 -0.00385000 0.01411600
v -0.00435800 -0.00385000 0.01411600
v -0.00435800 0.00225000 0.01411600
v -0.00435800 0.00225000 0.01411600
v -0.00432900 0.00347500 0.01435800
v -0.00432900 0.00347500 0.01435800
v -0.00751400 -0.00640000 0.00297200
v -0.00751400 -0.00640000 0.00297200
v -0.00620000 -0.00640000 0.00625500
v -0.00620000 -0.00640000 0.00625500
v -0.00620000 -0.00640000 0.00625500
v -0.00601600 -0.00640000 0.00497400
v -0.00601600 -0.00640000 0.00497400
v -0.00649700 -0.00640000 0.00377300
v -0.00649700 -0.00640000 0.00377300
v -0.00649700 -0.00640000 0.00377300
v -0.00700100 -0.00640000 0.00727200
v -0.00700100 -0.00640000 0.00727200
v -0.01178300 -0.00640000 0.01029100
v -0.01178300 -0.00640000 0.01029100
v -0.01325000 -0.00640000 0.00893400
v -0.01325000 -0.00640000 0.00893400
v -0.01418900 -0.00640000 0.00717200
v -0.01418900 -0.00640000 0.00717200
v -0.01166100 -0.00640000 0.00017100
v -0.01166100 -0.00640000 0.00017100
v -0.01315900 -0.00640000 0.00149200
v -0.01315900 -0.00640000 0.00149200
v -0.01414100 -0.00640000 0.00323200
v -0.01414100 -0.00640000 0.00323200
v -0.01449800 -0.00640000 0.00519800
v -0.01449800 -0.00640000 0.00519800
v -0.01178300 0.00480000 0.01029100
v -0.01178300 0.00480000 0.01029100
v -0.00700100 0.00480000 0.00727200
v -0.00700100 0.00480000 0.00727200
v -0.00620000 0.00480000 0.00625500
v -0.00620000 0.00480000 0.00625500
v -0.00620000 0.00480000 0.00625500
v -0.00601600 0.00480000 0.00497400
v -0.00601600 0.00480000 0.00497400
v -0.00649700 0.00480000 0.00377300
v -0.00649700 0.00480000 0.00377300
v -0.00649700 0.00480000 0.00377300
v -0.00751400 0.00480000 0.00297200
v -0.00751400 0.00480000 0.00297200
v -0.01166100 0.00480000 0.00017100
v -0.01166100 0.00480000 0.00017100
v -0.01315900 0.00480000 0.00149200
v -0.01315900 0.00480000 0.00149200
v -0.01325000 0.00480000 0.00893400
v -0.01325000 0.00480000 0.00893400
v -0.01418900 0.00480000 0.00717200
v -0.01418900 0.00480000 0.00717200
v -0.01449800 0.00480000 0.00519800
v -0.01449800 0.00480000 0.00519800
v -0.01414100 0.00480000 0.00323200
v -0.01414100 0.00480000 0.00323200
v -0.00162400 0.00545000 0.01819600
v -0.00162400 0.00545000 0.01819600
v -0.00224400 0.00545000 0.01708600
v -0.00224400 0.00545000 0.01708600
v -0.00095100 0.00545000 0.02156500
v -0.00095100 0.00545000 0.02156500
v -0.00113900 0.00545000 0.01998700
v -0.00113900 0.00545000 0.01998700
v -0.00095100 -0.00705000 0.02156500
v -0.00095100 -0.00705000 0.02156500
v -0.00113900 -0.00705000 0.01998700
v -0.00113900 -0.00705000 0.01998700
v -0.00162400 -0.00705000 0.01819600
v -0.00162400 -0.00705000 0.01819600
v -0.00224400 -0.00705000 0.01708600
v -0.00224400 -0.00705000 0.01708600
v -0.00080600 -0.00680600 0.02278100
v -0.00080600 -0.00680600 0.02278100
v -0.00068300 -0.00611300 0.02381100
v -0.00068300 -0.00611300 0.02381100
v -0.00060100 -0.00507500 0.02450000
v -0.00060100 -0.00507500 0.02450000
v -0.00057200 -0.00385000 0.02474200
v -0.00057200 -0.00385000 0.02474200
v -0.00057200 0.00225000 0.02474200
v -0.00057200 0.00225000 0.02474200
v -0.00060100 0.00347500 0.02450000
v -0.00060100 0.00347500 0.02450000
v -0.00068300 0.00451300 0.02381100
v -0.00068300 0.00451300 0.02381100
v -0.00080600 0.00520600 0.02278100
v -0.00080600 0.00520600 0.02278100
v 0.00889200 -0.00990000 0.04075300
v 0.00889200 -0.00990000 0.04075300
v -0.00010700 -0.00990000 0.04182700
v -0.00010700 -0.00990000 0.04182700
v -0.00051400 -0.00990000 0.04401700
v -0.00051400 -0.00990000 0.04401700
v -0.00057300 -0.00990000 0.04582600
v -0.00057300 -0.00990000 0.04582600
v -0.00032600 -0.00990000 0.04789600
v -0.00032600 -0.00990000 0.04789600
v 0.00018500 -0.00990000 0.04970200
v 0.00018500 -0.00990000 0.04970200
v 0.00122900 -0.00990000 0.05126200
v 0.00122900 -0.00990000 0.05126200
v 0.00270500 -0.00990000 0.05242300
v 0.00270500 -0.00990000 0.05242300
v 0.00446600 -0.00990000 0.05307100
v 0.00446600 -0.00990000 0.05307100
v 0.00634200 -0.00990000 0.05314300
v 0.00634200 -0.00990000 0.05314300
v 0.00882500 -0.00990000 0.05284700
v 0.00882500 -0.00990000 0.05284700
v 0.01063100 -0.00990000 0.05233500
v 0.01063100 -0.00990000 0.05233500
v -0.00010700 0.00830000 0.04182700
v -0.00010700 0.00830000 0.04182700
v 0.00889200 0.00830000 0.04075300
v 0.00889200 0.00830000 0.04075300
v 0.00889200 0.00830000 0.04075300
v -0.00032600 0.00830000 0.04789600
v -0.00032600 0.00830000 0.04789600
v -0.00057300 0.00830000 0.04582600
v -0.00057300 0.00830000 0.04582600
v -0.00051400 0.00830000 0.04401700
v -0.00051400 0.00830000 0.04401700
v 0.00634200 0.00830000 0.05314300
v 0.00634200 0.00830000 0.05314300
v 0.00446600 0.00830000 0.05307100
v 0.00446600 0.00830000 0.05307100
v 0.00882500 0.00830000 0.05284700
v 0.00882500 0.00830000 0.05284700
v 0.01063100 0.00830000 0.05233500
v 0.01063100 0.00830000 0.05233500
v 0.00270500 0.00830000 0.05242300
v 0.00270500 0.00830000 0.05242300
v 0.00122900 0.00830000 0.05126200
v 0.00122900 0.00830000 0.05126200
v 0.00018500 0.00830000 0.04970200
v 0.00018500 0.00830000 0.04970200
v 0.00028100 0.00840000 0.03189100
v 0.00028100 0.00840000 0.03189100
v 0.00772800 0.00840000 0.03100300
v 0.00772800 0.00840000 0.03100300
v 0.00772800 0.00840000 0.03100300
v 0.00073700 0.00840000 0.03570800
v 0.00073700 0.00840000 0.03570800
v 0.00879800 0.00840000 0.03996500
v 0.00879800 0.00840000 0.03996500
v 0.00879800 0.00840000 0.03996500
v 0.00879800 0.00840000 0.03996500
v 0.00067400 0.00840000 0.03763800
v 0.00067400 0.00840000 0.03763800
v 0.00004600 0.00840000 0.04101000
v 0.00004600 0.00840000 0.04101000
v 0.00758300 0.00815600 0.02978700
v 0.00758300 0.00815600 0.02978700
v 0.00013600 0.00815600 0.03067500
v 0.00013600 0.00815600 0.03067500
v 0.00746000 0.00746300 0.02875600
v 0.00746000 0.00746300 0.02875600
v 0.00746000 0.00746300 0.02875600
v 0.00001300 0.00746300 0.02964500
v 0.00001300 0.00746300 0.02964500
v 0.00737800 0.00642500 0.02806700
v 0.00737800 0.00642500 0.02806700
v -0.00006900 0.00642500 0.02895600
v -0.00006900 0.00642500 0.02895600
v 0.00734900 0.00520000 0.02782500
v 0.00734900 0.00520000 0.02782500
v 0.00734900 0.00520000 0.02782500
v -0.00009800 0.00520000 0.02871400
v -0.00009800 0.00520000 0.02871400
v 0.00734900 -0.00680000 0.02782500
v 0.00734900 -0.00680000 0.02782500
v -0.00009800 -0.00680000 0.02871400
v -0.00009800 -0.00680000 0.02871400
v 0.00737800 -0.00802500 0.02806700
v 0.00737800 -0.00802500 0.02806700
v -0.00006900 -0.00802500 0.02895600
v -0.00006900 -0.00802500 0.02895600
v 0.00746000 -0.00906300 0.02875600
v 0.00746000 -0.00906300 0.02875600
v 0.00001300 -0.00906300 0.02964500
v 0.00001300 -0.00906300 0.02964500
v 0.00758300 -0.00975600 0.02978700
v 0.00758300 -0.00975600 0.02978700
v 0.00758300 -0.00975600 0.02978700
v 0.00013600 -0.00975600 0.03067500
v 0.00013600 -0.00975600 0.03067500
v 0.00772800 -0.01000000 0.03100300
v 0.00772800 -0.01000000 0.03100300
v 0.00772800 -0.01000000 0.03100300
v 0.00028100 -0.01000000 0.03189100
v 0.00028100 -0.01000000 0.03189100
v 0.00067400 -0.01000000 0.03763800
v 0.00067400 -0.01000000 0.03763800
v 0.00004600 -0.01000000 0.04101000
v 0.00004600 -0.01000000 0.04101000
v 0.00879800 -0.01000000 0.03996500
v 0.00879800 -0.01000000 0.03996500
v 0.00073700 -0.01000000 0.03570800
v 0.00073700 -0.01000000 0.03570800
v -0.00003100 0.00837500 0.04142200
v -0.00003100 0.00837500 0.04142200
v -0.00003100 -0.00997500 0.04142200
v -0.00003100 -0.00997500 0.04142200
v -0.00688600 -0.01440000 0.00780000
v -0.00688600 -0.01440000 0.00780000
v 0.00210700 -0.01440000 -0.00213500
v 0.00210700 -0.01440000 -0.00213500
v 0.00282500 -0.01440000 -0.00100900
v 0.00282500 -0.01440000 -0.00100900
v 0.00713700 -0.01440000 0.04954600
v 0.00713700 -0.01440000 0.04954600
v 0.00801200 -0.01440000 0.04865900
v 0.00801200 -0.01440000 0.04865900
v 0.00841600 -0.01440000 0.04748000
v 0.00841600 -0.01440000 0.04748000
v 0.00298300 -0.01440000 0.00031600
v 0.00298300 -0.01440000 0.00031600
v 0.00255100 -0.01440000 0.00157900
v 0.00255100 -0.01440000 0.00157900
v 0.00826800 -0.01440000 0.04624300
v 0.00826800 -0.01440000 0.04624300
v 0.00097200 -0.01440000 -0.00283800
v 0.00097200 -0.01440000 -0.00283800
v -0.00639100 -0.01440000 0.00313500
v -0.00639100 -0.01440000 0.00313500
v -0.00567300 -0.01440000 0.00426100
v -0.00567300 -0.01440000 0.00426100
v -0.00551500 -0.01440000 0.00558700
v -0.00551500 -0.01440000 0.00558700
v -0.00752600 -0.01440000 0.00243200
v -0.00752600 -0.01440000 0.00243200
v 0.00161300 -0.01440000 0.00253000
v 0.00161300 -0.01440000 0.00253000
v -0.00594800 -0.01440000 0.00685000
v -0.00594800 -0.01440000 0.00685000
v 0.00653900 -0.01440000 0.04453600
v 0.00653900 -0.01440000 0.04453600
v 0.00759800 -0.01440000 0.04519200
v 0.00759800 -0.01440000 0.04519200
v 0.00364700 -0.00630000 -0.00618200
v 0.00364700 -0.00630000 -0.00618200
v 0.00364700 0.00470000 -0.00618200
v 0.00364700 0.00470000 -0.00618200
v 0.00177100 -0.00630000 -0.00625400
v 0.00177100 -0.00630000 -0.00625400
v 0.00177100 0.00470000 -0.00625400
v 0.00177100 0.00470000 -0.00625400
v -0.00071100 -0.00630000 -0.00595800
v -0.00071100 -0.00630000 -0.00595800
v -0.00316200 -0.00630000 -0.00509900
v -0.00316200 -0.00630000 -0.00509900
v -0.00198400 -0.00630000 -0.00566300
v -0.00198400 -0.00630000 -0.00566300
v -0.00260200 0.00541000 0.01661900
v -0.00260200 0.00541000 0.01661900
v -0.00323200 0.00520600 0.01597100
v -0.00323200 0.00520600 0.01597100
v -0.00399100 0.00483100 0.01539000
v -0.00399100 0.00483100 0.01539000
v 0.00298300 0.01280000 0.00031600
v 0.00298300 0.01280000 0.00031600
v 0.00255100 0.01280000 0.00157900
v 0.00255100 0.01280000 0.00157900
v 0.00255100 0.01280000 0.00157900
v -0.00639100 0.01280000 0.00313500
v -0.00639100 0.01280000 0.00313500
v -0.00752600 0.01280000 0.00243200
v -0.00752600 0.01280000 0.00243200
v -0.00594800 0.01280000 0.00685000
v -0.00594800 0.01280000 0.00685000
v 0.00282500 0.01280000 -0.00100900
v 0.00282500 0.01280000 -0.00100900
v 0.00210700 0.01280000 -0.00213500
v 0.00210700 0.01280000 -0.00213500
v 0.00097200 0.01280000 -0.00283800
v 0.00097200 0.01280000 -0.00283800
v 0.00713700 0.01280000 0.04954600
v 0.00713700 0.01280000 0.04954600
v 0.00801200 0.01280000 0.04865900
v 0.00801200 0.01280000 0.04865900
v 0.00161300 0.01280000 0.00253000
v 0.00161300 0.01280000 0.00253000
v -0.00551500 0.01280000 0.00558700
v -0.00551500 0.01280000 0.00558700
v -0.00567300 0.01280000 0.00426100
v -0.00567300 0.01280000 0.00426100
v -0.00688600 0.01280000 0.00780000
v -0.00688600 0.01280000 0.00780000
v 0.00653900 0.01280000 0.04453600
v 0.00653900 0.01280000 0.04453600
v 0.00759800 0.01280000 0.04519200
v 0.00759800 0.01280000 0.04519200
v 0.00826800 0.01280000 0.04624300
v 0.00826800 0.01280000 0.04624300
v 0.00841600 0.01280000 0.04748000
v 0.00841600 0.01280000 0.04748000
v -0.00071100 0.00470000 -0.00595800
v -0.00071100 0.00470000 -0.00595800
v -0.00316200 0.00470000 -0.00509900
v -0.00316200 0.00470000 -0.00509900
v -0.00198400 0.00470000 -0.00566300
v -0.00198400 0.00470000 -0.00566300
v -0.00399100 -0.00643100 0.01539000
v -0.00399100 -0.00643100 0.01539000
v -0.00323200 -0.00680600 0.01597100
v -0.00323200 -0.00680600 0.01597100
v -0.00260200 -0.00701000 0.01661900
v -0.00260200 -0.00701000 0.01661900
v -0.00410900 0.00476200 0.01531200
v -0.00410900 0.00476200 0.01531200
v -0.00410900 -0.00636200 0.01531200
v -0.00410900 -0.00636200 0.01531200
v 0.00720100 -0.00630000 0.00548500
v 0.00720100 -0.00630000 0.00548500
v 0.00734600 -0.00605600 0.00670100
v 0.00734600 -0.00605600 0.00670100
v 0.00746900 -0.00536300 0.00773200
v 0.00746900 -0.00536300 0.00773200
v 0.00755100 -0.00432500 0.00842100
v 0.00755100 -0.00432500 0.00842100
v 0.00758000 -0.00310000 0.00866300
v 0.00758000 -0.00310000 0.00866300
v 0.00758000 0.00150000 0.00866300
v 0.00758000 0.00150000 0.00866300
v 0.00758000 0.00150000 0.00866300
v 0.00755100 0.00272500 0.00842100
v 0.00755100 0.00272500 0.00842100
v 0.00746900 0.00376300 0.00773200
v 0.00746900 0.00376300 0.00773200
v 0.00746900 0.00376300 0.00773200
v 0.00746900 0.00376300 0.00773200
v 0.00734600 0.00445600 0.00670100
v 0.00734600 0.00445600 0.00670100
v 0.00720100 0.00470000 0.00548500
v 0.00720100 0.00470000 0.00548500
v 0.00720100 0.00470000 0.00548500
v 0.00005600 0.01070000 -0.00229900
v 0.00005600 0.01070000 -0.00229900
v 0.00061000 0.01070000 -0.00268100
v 0.00119800 0.01070000 -0.00196300
v 0.00119800 0.01070000 -0.00196300
v 0.00171300 0.01070000 -0.00215100
v 0.00201900 0.01070000 -0.00110100
v 0.00201900 0.01070000 -0.00110100
v 0.00247700 0.01070000 -0.00119500
v 0.00229900 0.01070000 0.00005600
v 0.00229900 0.01070000 0.00005600
v 0.00275000 0.01070000 -0.00000200
v 0.00196300 0.01070000 0.00119800
v 0.00196300 0.01070000 0.00119800
v 0.00247900 0.01070000 0.00119100
v 0.00110100 0.01070000 0.00201900
v 0.00110100 0.01070000 0.00201900
v 0.00171600 0.01070000 0.00214900
v -0.00005600 0.01070000 0.00229900
v -0.00005600 0.01070000 0.00229900
v 0.00061400 0.01070000 0.00268100
v -0.00061000 0.01070000 0.00268100
v -0.00119800 0.01070000 0.00196300
v -0.00119800 0.01070000 0.00196300
v -0.00171300 0.01070000 0.00215100
v -0.00201900 0.01070000 0.00110100
v -0.00201900 0.01070000 0.00110100
v -0.00247700 0.01070000 0.00119500
v -0.00229900 0.01070000 -0.00005600
v -0.00229900 0.01070000 -0.00005600
v -0.00275000 0.01070000 0.00000200
v -0.00196300 0.01070000 -0.00119800
v -0.00196300 0.01070000 -0.00119800
v -0.00247900 0.01070000 -0.00119100
v -0.00110100 0.01070000 -0.00201900
v -0.00110100 0.01070000 -0.00201900
v -0.00171600 0.01070000 -0.00214900
v -0.00061400 0.01070000 -0.00268100
vn -0.00000000 -1.00000000 -0.00000000
vn -0.58620000 -0.00000000 0.81020000
vn -0.00000000 -1.00000000 -0.00000000
vn -0.58620000 -0.00000000 0.81020000
vn -0.00000000 -1.00000000 -0.00000000
vn -0.27370000 -0.00000000 0.96180000
vn -0.00000000 -1.00000000 -0.00000000
vn -0.27370000 -0.00000000 0.96180000
vn 0.07170000 -0.00000000 0.99740000
vn -0.00000000 -1.00000000 -0.00000000
vn -0.00000000 -1.00000000 -0.00000000
vn 0.07170000 -0.00000000 0.99740000
vn 0.40850000 -0.00000000 0.91270000
vn -0.00000000 -1.00000000 -0.00000000
vn 0.40850000 -0.00000000 0.91270000
vn -0.00000000 -1.00000000 -0.00000000
vn -0.00000000 -1.00000000 -0.00000000
vn 0.69610000 -0.00000000 0.71800000
vn 0.69610000 -0.00000000 0.71800000
vn -0.00000000 -1.00000000 -0.00000000
vn 0.89970000 -0.00000000 0.43660000
vn -0.00000000 -1.00000000 -0.00000000
vn -0.00000000 -1.00000000 -0.00000000
vn 0.89970000 -0.00000000 0.43660000
vn -0.00000000 -1.00000000 -0.00000000
vn 0.99470000 -0.00000000 0.10260000
vn -0.00000000 -1.00000000 -0.00000000
vn 0.99470000 -0.00000000 0.10260000
vn 0.96980000 -0.00000000 -0.24380000
vn -0.00000000 -1.00000000 -0.00000000
vn 0.96980000 -0.00000000 -0.24380000
vn -0.00000000 -1.00000000 -0.00000000
vn 0.82790000 -0.00000000 -0.56080000
vn -0.00000000 -1.00000000 -0.00000000
vn 0.82790000 -0.00000000 -0.56080000
vn -0.00000000 -1.00000000 -0.00000000
vn 0.58620000 -0.00000000 -0.81020000
vn -0.00000000 -1.00000000 -0.00000000
vn 0.58620000 -0.00000000 -0.81020000
vn -0.00000000 -1.00000000 -0.00000000
vn 0.27370000 -0.00000000 -0.96180000
vn -0.00000000 -1.00000000 -0.00000000
vn -0.00000000 -1.00000000 -0.00000000
vn 0.27370000 -0.00000000 -0.96180000
vn -0.07170000 -0.00000000 -0.99740000
vn -0.00000000 -1.00000000 -0.00000000
vn -0.07170000 -0.00000000 -0.99740000
vn -0.00000000 -1.00000000 -0.00000000
vn -0.40850000 -0.00000000 -0.91270000
vn -0.00000000 -1.00000000 -0.00000000
vn -0.40850000 -0.00000000 -0.91270000
vn -0.00000000 -1.00000000 -0.00000000
vn -0.69610000 -0.00000000 -0.71800000
vn -0.00000000 -1.00000000 -0.00000000
vn -0.69610000 -0.00000000 -0.71800000
vn -0.00000000 -1.00000000 -0.00000000
vn -0.89970000 -0.00000000 -0.43660000
vn -0.00000000 -1.00000000 -0.00000000
vn -0.00000000 -1.00000000 -0.00000000
vn -0.89970000 -0.00000000 -0.43660000
vn -0.99470000 -0.00000000 -0.10260000
vn -0.00000000 -1.00000000 -0.00000000
vn -0.99470000 -0.00000000 -0.10260000
vn -0.00000000 -1.00000000 -0.00000000
vn -0.96980000 -0.00000000 0.24380000
vn -0.00000000 -1.00000000 -0.00000000
vn -0.96980000 -0.00000000 0.24380000
vn -0.00000000 -1.00000000 -0.00000000
vn -0.00000000 -1.00000000 -0.00000000
vn -0.82790000 -0.00000000 0.56080000
vn -0.82790000 -0.00000000 0.56080000
vn -0.00000000 -1.00000000 -0.00000000
vn -0.00000000 1.00000000 -0.00000000
vn -0.54590000 -0.00000000 -0.83790000
vn -0.79950000 -0.00000000 -0.60060000
vn -0.00000000 1.00000000 -0.00000000
vn -0.00000000 1.00000000 -0.00000000
vn 0.73030000 -0.00000000 -0.68310000
vn -0.00000000 1.00000000 -0.00000000
vn 0.79950000 -0.00000000 0.60060000
vn -0.00000000 1.00000000 -0.00000000
vn 0.95670000 -0.00000000 0.29100000
vn -0.00000000 1.00000000 -0.00000000
vn -0.91990000 -0.00000000 0.39210000
vn -0.00000000 1.00000000 -0.00000000
vn -0.73030000 -0.00000000 0.68310000
vn -0.00000000 1.00000000 -0.00000000
vn -0.45270000 -0.00000000 0.89170000
vn -0.00000000 1.00000000 -0.00000000
vn -0.95670000 -0.00000000 -0.29100000
vn -0.00000000 1.00000000 -0.00000000
vn -0.99860000 -0.00000000 0.05380000
vn -0.00000000 1.00000000 -0.00000000
vn -0.12040000 -0.00000000 0.99270000
vn -0.00000000 1.00000000 -0.00000000
vn 0.22640000 -0.00000000 0.97400000
vn -0.00000000 1.00000000 -0.00000000
vn 0.54590000 -0.00000000 0.83790000
vn -0.00000000 1.00000000 -0.00000000
vn 0.99860000 -0.00000000 -0.05380000
vn -0.00000000 1.00000000 -0.00000000
vn 0.91990000 -0.00000000 -0.39210000
vn 0.45270000 -0.00000000 -0.89170000
vn -0.00000000 1.00000000 -0.00000000
vn -0.00000000 1.00000000 -0.00000000
vn 0.12040000 -0.00000000 -0.99270000
vn -0.00000000 1.00000000 -0.00000000
vn -0.22640000 -0.00000000 -0.97400000
vn -0.00000000 1.00000000 -0.00000000
vn -0.54590000 -0.00000000 -0.83790000
vn -0.00000000 1.00000000 -0.00000000
vn -0.22640000 -0.00000000 -0.97400000
vn 0.12040000 -0.00000000 -0.99270000
vn -0.00000000 1.00000000 -0.00000000
vn 0.45270000 -0.00000000 -0.89170000
vn -0.00000000 1.00000000 -0.00000000
vn 0.73030000 -0.00000000 -0.68310000
vn -0.00000000 1.00000000 -0.00000000
vn -0.00000000 1.00000000 -0.00000000
vn 0.91990000 -0.00000000 -0.39210000
vn -0.00000000 1.00000000 -0.00000000
vn 0.99860000 -0.00000000 -0.05380000
vn -0.00000000 1.00000000 -0.00000000
vn 0.95670000 -0.00000000 0.29100000
vn -0.00000000 1.00000000 -0.00000000
vn 0.79950000 -0.00000000 0.60060000
vn -0.00000000 1.00000000 -0.00000000
vn 0.54590000 -0.00000000 0.83790000
vn -0.00000000 1.00000000 -0.00000000
vn 0.22640000 -0.00000000 0.97400000
vn -0.00000000 1.00000000 -0.00000000
vn -0.12040000 -0.00000000 0.99270000
vn -0.45270000 -0.00000000 0.89170000
vn -0.00000000 1.00000000 -0.00000000
vn -0.00000000 1.00000000 -0.00000000
vn -0.73030000 -0.00000000 0.68310000
vn -0.91990000 -0.00000000 0.39210000
vn -0.00000000 1.00000000 -0.00000000
vn -0.99860000 -0.00000000 0.05380000
vn -0.00000000 1.00000000 -0.00000000
vn -0.00000000 1.00000000 -0.00000000
vn -0.95670000 -0.00000000 -0.29100000
vn -0.79950000 -0.00000000 -0.60060000
vn -0.00000000 1.00000000 -0.00000000
vn -0.00000000 1.00000000 -0.00000000
vn -0.70680000 -0.70720000 -0.01730000
vn -0.70680000 -0.70720000 -0.01730000
vn -0.00000000 -1.00000000 -0.00000000
vn -0.60340000 -0.70720000 -0.36840000
vn -0.00000000 -1.00000000 -0.00000000
vn -0.60340000 -0.70720000 -0.36840000
vn -0.00000000 1.00000000 -0.00000000
vn -0.33850000 -0.70710000 -0.62090000
vn -0.00000000 -1.00000000 -0.00000000
vn -0.33830000 -0.70730000 -0.62070000
vn -0.00000000 1.00000000 -0.00000000
vn 0.01730000 -0.70720000 -0.70680000
vn -0.00000000 -1.00000000 -0.00000000
vn -0.00000000 1.00000000 -0.00000000
vn 0.01730000 -0.70720000 -0.70680000
vn -0.00000000 -1.00000000 -0.00000000
vn 0.36840000 -0.70720000 -0.60340000
vn 0.36840000 -0.70720000 -0.60340000
vn -0.00000000 1.00000000 -0.00000000
vn -0.00000000 -1.00000000 -0.00000000
vn 0.62060000 -0.70730000 -0.33840000
vn 0.62070000 -0.70730000 -0.33830000
vn -0.00000000 1.00000000 -0.00000000
vn -0.00000000 -1.00000000 -0.00000000
vn 0.70680000 -0.70720000 0.01730000
vn -0.00000000 1.00000000 -0.00000000
vn 0.70680000 -0.70720000 0.01730000
vn 0.60340000 -0.70720000 0.36840000
vn -0.00000000 -1.00000000 -0.00000000
vn 0.60340000 -0.70720000 0.36840000
vn -0.00000000 1.00000000 -0.00000000
vn 0.33840000 -0.70730000 0.62060000
vn -0.00000000 -1.00000000 -0.00000000
vn 0.33830000 -0.70730000 0.62070000
vn -0.00000000 1.00000000 -0.00000000
vn -0.00000000 -1.00000000 -0.00000000
vn -0.01730000 -0.70720000 0.70680000
vn -0.01730000 -0.70720000 0.70680000
vn -0.00000000 1.00000000 -0.00000000
vn -0.36840000 -0.70720000 0.60340000
vn -0.00000000 -1.00000000 -0.00000000
vn -0.36840000 -0.70720000 0.60340000
vn -0.00000000 1.00000000 -0.00000000
vn -0.62090000 -0.70700000 0.33850000
vn -0.00000000 -1.00000000 -0.00000000
vn -0.00000000 1.00000000 -0.00000000
vn -0.62070000 -0.70730000 0.33830000
vn -0.00000000 1.00000000 -0.00000000
vn -0.00000000 1.00000000 -0.00000000
vn -0.00000000 1.00000000 -0.00000000
vn -0.00000000 1.00000000 -0.00000000
vn -0.00000000 1.00000000 -0.00000000
vn -0.00000000 1.00000000 -0.00000000
vn -0.00000000 1.00000000 -0.00000000
vn -0.00000000 1.00000000 -0.00000000
vn -0.00000000 1.00000000 -0.00000000
vn -0.00000000 1.00000000 -0.00000000
vn -0.00000000 1.00000000 -0.00000000
vn -0.00000000 1.00000000 -0.00000000
vn -0.00000000 1.00000000 -0.00000000
vn -0.00000000 1.00000000 -0.00000000
vn 0.08380000 0.70710000 0.70210000
vn 0.08380000 0.70710000 0.70210000
vn -0.00000000 1.00000000 -0.00000000
vn 0.38010000 0.70710000 0.59620000
vn 0.38010000 0.70710000 0.59630000
vn -0.00000000 1.00000000 -0.00000000
vn 0.60120000 0.70710000 0.37230000
vn 0.60120000 0.70710000 0.37230000
vn -0.00000000 1.00000000 -0.00000000
vn 0.70320000 0.70710000 0.07460000
vn 0.70320000 0.70710000 0.07450000
vn -0.00000000 1.00000000 -0.00000000
vn 0.66590000 0.70710000 -0.23790000
vn -0.00000000 1.00000000 -0.00000000
vn 0.66590000 0.70710000 -0.23800000
vn 0.49670000 0.70710000 -0.50330000
vn -0.00000000 1.00000000 -0.00000000
vn 0.49670000 0.70710000 -0.50330000
vn 0.22910000 0.70710000 -0.66900000
vn 0.22920000 0.70710000 -0.66900000
vn -0.00000000 1.00000000 -0.00000000
vn -0.08380000 0.70710000 -0.70220000
vn -0.08380000 0.70710000 -0.70210000
vn -0.00000000 1.00000000 -0.00000000
vn -0.49670000 0.70710000 0.50330000
vn -0.22910000 0.70710000 0.66900000
vn -0.66580000 0.70710000 0.23790000
vn -0.70320000 0.70710000 -0.07460000
vn -0.60120000 0.70710000 -0.37230000
vn -0.38010000 0.70710000 -0.59620000
vn 0.36850000 0.70710000 -0.60360000
vn -0.00000000 1.00000000 -0.00000000
vn -0.00000000 1.00000000 -0.00000000
vn -0.32410000 -0.00000000 0.94600000
vn 0.01730000 0.70700000 -0.70700000
vn -0.00000000 1.00000000 -0.00000000
vn 0.11850000 -0.00000000 0.99300000
vn -0.00000000 1.00000000 -0.00000000
vn -0.00000000 1.00000000 -0.00000000
vn -0.33850000 0.70720000 -0.62080000
vn -0.00000000 1.00000000 -0.00000000
vn 0.53760000 -0.00000000 0.84320000
vn -0.60360000 0.70710000 -0.36840000
vn -0.00000000 1.00000000 -0.00000000
vn -0.00000000 1.00000000 -0.00000000
vn 0.85020000 -0.00000000 0.52640000
vn -0.70700000 0.70700000 -0.01730000
vn -0.00000000 1.00000000 -0.00000000
vn -0.00000000 1.00000000 -0.00000000
vn 0.99440000 -0.00000000 0.10540000
vn -0.62080000 0.70720000 0.33850000
vn -0.00000000 1.00000000 -0.00000000
vn -0.00000000 1.00000000 -0.00000000
vn 0.94170000 -0.00000000 -0.33650000
vn -0.00000000 1.00000000 -0.00000000
vn -0.36850000 0.70710000 0.60360000
vn 0.70240000 -0.00000000 -0.71170000
vn -0.00000000 1.00000000 -0.00000000
vn -0.00000000 1.00000000 -0.00000000
vn 0.32410000 -0.00000000 -0.94600000
vn -0.00000000 1.00000000 -0.00000000
vn -0.01730000 0.70700000 0.70700000
vn -0.00000000 1.00000000 -0.00000000
vn -0.11850000 -0.00000000 -0.99300000
vn -0.00000000 1.00000000 -0.00000000
vn 0.33850000 0.70720000 0.62080000
vn -0.00000000 1.00000000 -0.00000000
vn -0.53760000 -0.00000000 -0.84320000
vn 0.60360000 0.70710000 0.36840000
vn -0.00000000 1.00000000 -0.00000000
vn -0.00000000 1.00000000 -0.00000000
vn -0.85020000 -0.00000000 -0.52650000
vn -0.85020000 -0.00000000 -0.52640000
vn -0.00000000 1.00000000 -0.00000000
vn 0.70700000 0.70700000 0.01730000
vn -0.99440000 -0.00000000 -0.10540000
vn -0.00000000 1.00000000 -0.00000000
vn -0.00000000 1.00000000 -0.00000000
vn 0.62080000 0.70720000 -0.33850000
vn -0.00000000 1.00000000 -0.00000000
vn -0.94170000 -0.00000000 0.33650000
vn -0.70240000 -0.00000000 0.71170000
vn -0.00000000 1.00000000 -0.00000000
vn -0.00000000 1.00000000 -0.00000000
vn 0.11850000 -0.00000000 0.99300000
vn -0.00000000 1.00000000 -0.00000000
vn 0.53760000 -0.00000000 0.84320000
vn 0.85020000 -0.00000000 0.52640000
vn -0.00000000 1.00000000 -0.00000000
vn 0.99440000 -0.00000000 0.10540000
vn -0.00000000 1.00000000 -0.00000000
vn -0.00000000 1.00000000 -0.00000000
vn 0.94170000 -0.00000000 -0.33650000
vn -0.00000000 1.00000000 -0.00000000
vn 0.70240000 -0.00000000 -0.71170000
vn -0.00000000 1.00000000 -0.00000000
vn 0.32410000 -0.00000000 -0.94600000
vn -0.11850000 -0.00000000 -0.99300000
vn -0.00000000 1.00000000 -0.00000000
vn -0.00000000 -1.00000000 -0.00000000
vn -0.70240000 -0.00000000 0.71170000
vn -0.00000000 -1.00000000 -0.00000000
vn -0.94170000 -0.00000000 0.33650000
vn -0.00000000 -1.00000000 -0.00000000
vn -0.99440000 -0.00000000 -0.10540000
vn -0.85020000 -0.00000000 -0.52640000
vn -0.00000000 -1.00000000 -0.00000000
vn -0.00000000 -1.00000000 -0.00000000
vn -0.53760000 -0.00000000 -0.84320000
vn -0.00000000 -1.00000000 -0.00000000
vn -0.11850000 -0.00000000 -0.99300000
vn 0.32410000 -0.00000000 -0.94600000
vn -0.00000000 -1.00000000 -0.00000000
vn -0.00000000 -1.00000000 -0.00000000
vn 0.70240000 -0.00000000 -0.71170000
vn -0.00000000 -1.00000000 -0.00000000
vn 0.94170000 -0.00000000 -0.33650000
vn -0.00000000 -1.00000000 -0.00000000
vn 0.99440000 -0.00000000 0.10540000
vn -0.00000000 -1.00000000 -0.00000000
vn 0.85020000 -0.00000000 0.52650000
vn 0.85020000 -0.00000000 0.52640000
vn 0.53760000 -0.00000000 0.84320000
vn -0.00000000 -1.00000000 -0.00000000
vn -0.00000000 -1.00000000 -0.00000000
vn 0.11850000 -0.00000000 0.99300000
vn -0.32410000 -0.00000000 0.94600000
vn -0.00000000 -1.00000000 -0.00000000
vn -0.11850000 -0.00000000 -0.99300000
vn -0.00000000 -1.00000000 -0.00000000
vn 0.32410000 -0.00000000 -0.94600000
vn -0.00000000 -1.00000000 -0.00000000
vn -0.00000000 -1.00000000 -0.00000000
vn 0.70240000 -0.00000000 -0.71170000
vn 0.94170000 -0.00000000 -0.33650000
vn -0.00000000 -1.00000000 -0.00000000
vn 0.99440000 -0.00000000 0.10540000
vn -0.00000000 -1.00000000 -0.00000000
vn 0.85020000 -0.00000000 0.52640000
vn 0.85020000 -0.00000000 0.52650000
vn -0.00000000 -1.00000000 -0.00000000
vn 0.53760000 -0.00000000 0.84320000
vn -0.00000000 -1.00000000 -0.00000000
vn -0.00000000 -1.00000000 -0.00000000
vn 0.11850000 -0.00000000 0.99300000
vn -0.08380000 -0.70710000 -0.70220000
vn -0.00000000 -1.00000000 -0.00000000
vn -0.08380000 -0.70710000 -0.70220000
vn 0.22910000 -0.70710000 -0.66900000
vn -0.00000000 -1.00000000 -0.00000000
vn 0.22910000 -0.70710000 -0.66900000
vn 0.49670000 -0.70710000 -0.50330000
vn -0.00000000 -1.00000000 -0.00000000
vn 0.49670000 -0.70710000 -0.50330000
vn 0.66590000 -0.70710000 -0.23790000
vn 0.66590000 -0.70710000 -0.23790000
vn -0.00000000 -1.00000000 -0.00000000
vn 0.70320000 -0.70710000 0.07450000
vn 0.70320000 -0.70710000 0.07450000
vn -0.00000000 -1.00000000 -0.00000000
vn 0.60120000 -0.70710000 0.37230000
vn -0.00000000 -1.00000000 -0.00000000
vn 0.60120000 -0.70710000 0.37230000
vn 0.38020000 -0.70710000 0.59620000
vn 0.38010000 -0.70710000 0.59630000
vn -0.00000000 -1.00000000 -0.00000000
vn 0.08380000 -0.70710000 0.70210000
vn -0.00000000 -1.00000000 -0.00000000
vn 0.08380000 -0.70710000 0.70210000
vn -0.66590000 -0.70710000 0.23790000
vn -0.70320000 -0.70710000 -0.07460000
vn -0.49670000 -0.70710000 0.50330000
vn -0.60120000 -0.70710000 -0.37230000
vn -0.38010000 -0.70710000 -0.59620000
vn -0.22910000 -0.70710000 0.66900000
vn 0.11850000 -0.00000000 0.99300000
vn -0.00000000 -1.00000000 -0.00000000
vn -0.00000000 1.00000000 -0.00000000
vn 0.11850000 -0.00000000 0.99300000
vn 0.37150000 -0.00000000 0.92840000
vn -0.00000000 -1.00000000 -0.00000000
vn 0.78590000 -0.00000000 0.61830000
vn 0.78590000 -0.00000000 0.61830000
vn 0.37150000 -0.00000000 0.92840000
vn -0.00000000 1.00000000 -0.00000000
vn -0.00000000 -1.00000000 -0.00000000
vn 0.91920000 -0.00000000 0.39380000
vn 0.91920000 -0.00000000 0.39380000
vn -0.00000000 1.00000000 -0.00000000
vn -0.00000000 -1.00000000 -0.00000000
vn 0.99300000 -0.00000000 -0.11850000
vn -0.00000000 1.00000000 -0.00000000
vn 0.99300000 -0.00000000 -0.11850000
vn -0.00000000 -1.00000000 -0.00000000
vn 0.80070000 -0.00000000 -0.59910000
vn -0.00000000 1.00000000 -0.00000000
vn 0.80070000 -0.00000000 -0.59910000
vn 0.61830000 -0.00000000 -0.78590000
vn 0.14250000 -0.00000000 -0.98980000
vn -0.00000000 -1.00000000 -0.00000000
vn -0.00000000 1.00000000 -0.00000000
vn 0.61830000 -0.00000000 -0.78590000
vn 0.14250000 -0.00000000 -0.98980000
vn 0.14250000 -0.00000000 -0.98980000
vn -0.37150000 -0.00000000 -0.92840000
vn -0.00000000 -1.00000000 -0.00000000
vn -0.00000000 1.00000000 -0.00000000
vn -0.37150000 -0.00000000 -0.92840000
vn 0.14250000 -0.00000000 -0.98980000
vn -0.00000000 1.00000000 -0.00000000
vn 0.94170000 -0.00000000 -0.33650000
vn -0.00000000 1.00000000 -0.00000000
vn 0.70240000 -0.00000000 -0.71180000
vn 0.32400000 -0.00000000 -0.94600000
vn -0.00000000 1.00000000 -0.00000000
vn -0.00000000 1.00000000 -0.00000000
vn -0.11850000 -0.00000000 -0.99300000
vn -0.59910000 -0.00000000 -0.80070000
vn -0.00000000 1.00000000 -0.00000000
vn -0.00000000 1.00000000 -0.00000000
vn -0.53760000 -0.00000000 -0.84320000
vn -0.98980000 -0.00000000 -0.14250000
vn -0.78590000 -0.00000000 -0.61830000
vn -0.00000000 1.00000000 -0.00000000
vn -0.85020000 -0.00000000 -0.52640000
vn -0.00000000 1.00000000 -0.00000000
vn -0.00000000 1.00000000 -0.00000000
vn -0.99300000 -0.00000000 0.11850000
vn -0.00000000 1.00000000 -0.00000000
vn -0.99440000 -0.00000000 -0.10540000
vn -0.94170000 -0.00000000 0.33650000
vn -0.00000000 1.00000000 -0.00000000
vn -0.00000000 1.00000000 -0.00000000
vn -0.61830000 -0.00000000 0.78590000
vn -0.92840000 -0.00000000 0.37150000
vn -0.00000000 1.00000000 -0.00000000
vn -0.70240000 -0.00000000 0.71180000
vn -0.00000000 1.00000000 -0.00000000
vn -0.39380000 -0.00000000 0.91920000
vn -0.32410000 -0.00000000 0.94600000
vn -0.00000000 1.00000000 -0.00000000
vn 0.11850000 -0.00000000 0.99300000
vn -0.00000000 1.00000000 -0.00000000
vn 0.53760000 -0.00000000 0.84320000
vn -0.00000000 1.00000000 -0.00000000
vn -0.00000000 1.00000000 -0.00000000
vn 0.85020000 -0.00000000 0.52640000
vn -0.00000000 1.00000000 -0.00000000
vn 0.99440000 -0.00000000 0.10540000
vn 0.11850000 -0.00000000 0.99300000
vn -0.00000000 1.00000000 -0.00000000
vn 0.53760000 -0.00000000 0.84320000
vn -0.00000000 1.00000000 -0.00000000
vn -0.00000000 1.00000000 -0.00000000
vn 0.85020000 -0.00000000 0.52640000
vn 0.99440000 -0.00000000 0.10540000
vn -0.00000000 1.00000000 -0.00000000
vn 0.94170000 -0.00000000 -0.33650000
vn -0.00000000 1.00000000 -0.00000000
vn 0.70240000 -0.00000000 -0.71180000
vn -0.00000000 1.00000000 -0.00000000
vn 0.32400000 -0.00000000 -0.94600000
vn -0.00000000 1.00000000 -0.00000000
vn -0.11850000 -0.00000000 -0.99300000
vn -0.00000000 1.00000000 -0.00000000
vn -0.00000000 -1.00000000 -0.00000000
vn 0.11850000 -0.00000000 0.99300000
vn -0.00000000 1.00000000 -0.00000000
vn 0.11850000 -0.00000000 0.99300000
vn -0.00000000 -1.00000000 -0.00000000
vn 0.37150000 -0.00000000 0.92840000
vn 0.78590000 -0.00000000 0.61830000
vn -0.00000000 1.00000000 -0.00000000
vn 0.37150000 -0.00000000 0.92840000
vn 0.78590000 -0.00000000 0.61830000
vn 0.91920000 -0.00000000 0.39380000
vn -0.00000000 -1.00000000 -0.00000000
vn 0.91920000 -0.00000000 0.39380000
vn -0.00000000 1.00000000 -0.00000000
vn 0.99300000 -0.00000000 -0.11850000
vn -0.00000000 -1.00000000 -0.00000000
vn 0.99300000 -0.00000000 -0.11850000
vn -0.00000000 1.00000000 -0.00000000
vn -0.00000000 -1.00000000 -0.00000000
vn 0.80070000 -0.00000000 -0.59910000
vn 0.80070000 -0.00000000 -0.59910000
vn -0.00000000 1.00000000 -0.00000000
vn -0.00000000 -1.00000000 -0.00000000
vn 0.61830000 -0.00000000 -0.78590000
vn 0.14250000 -0.00000000 -0.98980000
vn -0.00000000 1.00000000 -0.00000000
vn 0.61830000 -0.00000000 -0.78590000
vn 0.14250000 -0.00000000 -0.98980000
vn -0.37150000 -0.00000000 -0.92840000
vn -0.00000000 -1.00000000 -0.00000000
vn 0.14250000 -0.00000000 -0.98980000
vn -0.37150000 -0.00000000 -0.92840000
vn -0.00000000 1.00000000 -0.00000000
vn 0.14250000 -0.00000000 -0.98980000
vn 0.99440000 -0.00000000 0.10540000
vn -0.00000000 -1.00000000 -0.00000000
vn -0.00000000 -1.00000000 -0.00000000
vn 0.85020000 -0.00000000 0.52640000
vn 0.53760000 -0.00000000 0.84320000
vn -0.00000000 -1.00000000 -0.00000000
vn -0.00000000 -1.00000000 -0.00000000
vn 0.11850000 -0.00000000 0.99300000
vn -0.00000000 -1.00000000 -0.00000000
vn -0.39380000 -0.00000000 0.91920000
vn -0.32410000 -0.00000000 0.94600000
vn -0.00000000 -1.00000000 -0.00000000
vn -0.61830000 -0.00000000 0.78590000
vn -0.92840000 -0.00000000 0.37150000
vn -0.00000000 -1.00000000 -0.00000000
vn -0.70240000 -0.00000000 0.71180000
vn -0.00000000 -1.00000000 -0.00000000
vn -0.00000000 -1.00000000 -0.00000000
vn -0.99300000 -0.00000000 0.11850000
vn -0.00000000 -1.00000000 -0.00000000
vn -0.94170000 -0.00000000 0.33650000
vn -0.00000000 -1.00000000 -0.00000000
vn -0.99440000 -0.00000000 -0.10540000
vn -0.78590000 -0.00000000 -0.61830000
vn -0.98980000 -0.00000000 -0.14250000
vn -0.00000000 -1.00000000 -0.00000000
vn -0.85020000 -0.00000000 -0.52640000
vn -0.00000000 -1.00000000 -0.00000000
vn -0.59910000 -0.00000000 -0.80070000
vn -0.00000000 -1.00000000 -0.00000000
vn -0.00000000 -1.00000000 -0.00000000
vn -0.53760000 -0.00000000 -0.84320000
vn -0.11850000 -0.00000000 -0.99300000
vn -0.00000000 -1.00000000 -0.00000000
vn 0.32400000 -0.00000000 -0.94600000
vn -0.00000000 -1.00000000 -0.00000000
vn 0.70240000 -0.00000000 -0.71180000
vn -0.00000000 -1.00000000 -0.00000000
vn 0.94170000 -0.00000000 -0.33650000
vn -0.00000000 -1.00000000 -0.00000000
vn -0.11850000 -0.00000000 -0.99300000
vn -0.00000000 -1.00000000 -0.00000000
vn 0.32400000 -0.00000000 -0.94600000
vn -0.00000000 -1.00000000 -0.00000000
vn 0.70240000 -0.00000000 -0.71180000
vn -0.00000000 -1.00000000 -0.00000000
vn -0.00000000 -1.00000000 -0.00000000
vn 0.94170000 -0.00000000 -0.33650000
vn -0.00000000 -1.00000000 -0.00000000
vn 0.99440000 -0.00000000 0.10540000
vn -0.00000000 -1.00000000 -0.00000000
vn 0.85020000 -0.00000000 0.52640000
vn -0.00000000 -1.00000000 -0.00000000
vn 0.53760000 -0.00000000 0.84320000
vn 0.11850000 -0.00000000 0.99300000
vn -0.00000000 -1.00000000 -0.00000000
vn -0.99300000 -0.00000000 0.11850000
vn -0.01160000 -0.99520000 -0.09730000
vn -0.99300000 0.00010000 0.11850000
vn -0.99300000 -0.00000000 0.11850000
vn -0.99300000 -0.00010000 0.11850000
vn -0.01160000 -0.99520000 -0.09730000
vn -0.04530000 -0.92390000 -0.38000000
vn -0.99300000 -0.00000000 0.11850000
vn -0.99300000 -0.00020000 0.11850000
vn -0.99300000 -0.00000000 0.11850000
vn -0.04530000 -0.92390000 -0.38000000
vn -0.99300000 -0.00010000 0.11850000
vn -0.99300000 -0.00000000 0.11850000
vn -0.08380000 -0.70710000 -0.70210000
vn -0.08380000 -0.70710000 -0.70210000
vn -0.99300000 -0.00010000 0.11850000
vn -0.99300000 -0.00000000 0.11850000
vn -0.10950000 -0.38270000 -0.91740000
vn -0.10950000 -0.38270000 -0.91740000
vn -0.99300000 -0.00000000 0.11850000
vn -0.99300000 -0.00010000 0.11850000
vn -0.11790000 -0.09800000 -0.98820000
vn -0.99300000 -0.00000000 0.11850000
vn -0.11790000 -0.09800000 -0.98820000
vn -0.99300000 -0.00000000 0.11840000
vn -0.99300000 -0.00000000 0.11850000
vn -0.99300000 -0.00000000 0.11850000
vn -0.11750000 0.13050000 -0.98450000
vn -0.99300000 -0.00000000 0.11840000
vn -0.11750000 0.13050000 -0.98450000
vn -0.99300000 -0.00000000 0.11850000
vn -0.10260000 0.50000000 -0.85990000
vn -0.99300000 -0.00000000 0.11850000
vn -0.10260000 0.50000000 -0.85990000
vn -0.99300000 -0.00000000 0.11840000
vn -0.99300000 -0.00000000 0.11850000
vn -0.08380000 0.70710000 -0.70220000
vn -0.99300000 0.00010000 0.11850000
vn -0.03070000 0.96590000 -0.25700000
vn -0.03070000 0.96590000 -0.25700000
vn -0.08380000 0.70710000 -0.70220000
vn -0.99300000 -0.00000000 0.11850000
vn -0.01550000 0.99140000 -0.12960000
vn -0.99300000 -0.00000000 0.11850000
vn -0.99300000 0.00010000 0.11850000
vn -0.01550000 0.99140000 -0.12960000
vn -0.99300000 -0.00000000 0.11850000
vn -0.99300000 0.00010000 0.11850000
vn -0.04540000 0.92390000 -0.38000000
vn -0.99300000 0.00010000 0.11850000
vn -0.99300000 -0.00000000 0.11850000
vn -0.99300000 0.00010000 0.11850000
vn -0.00580000 0.99880000 -0.04860000
vn -0.99300000 -0.00000000 0.11850000
vn -0.08380000 0.70710000 -0.70210000
vn -0.99300000 -0.00000000 0.11840000
vn -0.10950000 0.38270000 -0.91740000
vn -0.99300000 -0.00000000 0.11850000
vn -0.11840000 0.04900000 -0.99180000
vn -0.99300000 -0.00000000 0.11840000
vn -0.99300000 -0.00000000 0.11850000
vn -0.10950000 -0.38270000 -0.91740000
vn -0.99300000 -0.00000000 0.11840000
vn -0.11840000 -0.04900000 -0.99180000
vn -0.99300000 -0.00000000 0.11840000
vn -0.00580000 -0.99880000 -0.04860000
vn -0.99300000 -0.00010000 0.11850000
vn -0.99300000 -0.00000000 0.11850000
vn -0.04530000 -0.92390000 -0.38000000
vn -0.99300000 -0.00010000 0.11850000
vn -0.08380000 -0.70710000 -0.70210000
vn -0.99300000 -0.00010000 0.11850000
vn -0.99300000 -0.00000000 0.11850000
vn -0.00000000 1.00000000 -0.00000000
vn -0.99300000 0.00010000 0.11850000
vn 0.11840000 -0.00000000 0.99300000
vn -0.99300000 -0.00000000 0.11850000
vn -0.99300000 0.00020000 0.11850000
vn 0.11840000 -0.00000000 0.99300000
vn -0.00000000 1.00000000 -0.00000000
vn 0.62720000 0.00530000 0.77880000
vn -0.00000000 -1.00000000 -0.00000000
vn 0.11840000 -0.00000000 0.99300000
vn -0.99300000 0.00010000 0.11850000
vn -0.99300000 -0.00000000 0.11850000
vn -0.99300000 -0.00010000 0.11850000
vn 0.62720000 -0.00530000 0.77880000
vn 0.11840000 -0.00000000 0.99300000
vn -0.00000000 -1.00000000 -0.00000000
vn -0.99300000 -0.00000000 0.11850000
vn -0.99300000 0.00010000 0.11850000
vn -0.99300000 -0.00010000 0.11850000
vn -0.11860000 -0.00000000 -0.99290000
vn -0.00000000 -1.00000000 -0.00000000
vn -0.00000000 -1.00000000 -0.00000000
vn 0.42400000 -0.00270000 -0.90570000
vn -0.11860000 -0.00000000 -0.99290000
vn -0.00000000 1.00000000 -0.00000000
vn -0.99300000 -0.00000000 0.11850000
vn -0.99300000 0.00010000 0.11850000
vn -0.99300000 -0.00010000 0.11850000
vn -0.11860000 -0.00000000 -0.99290000
vn 0.42400000 0.00270000 -0.90570000
vn -0.00000000 1.00000000 -0.00000000
vn -0.11860000 -0.00000000 -0.99290000
vn -0.99300000 -0.00000000 0.11850000
vn 0.00890000 0.99530000 0.09600000
vn -0.99300000 -0.00000000 0.11850000
vn -0.01160000 0.99520000 -0.09730000
vn -0.99300000 0.00010000 0.11850000
vn -0.99300000 -0.00000000 0.11850000
vn -0.11790000 -0.09800000 -0.98820000
vn -0.99300000 -0.00000000 0.11850000
vn 0.08360000 -0.70710000 0.70220000
vn 0.10950000 -0.38270000 0.91740000
vn -0.99300000 -0.00000000 0.11850000
vn -0.99300000 -0.00000000 0.11850000
vn 0.04520000 -0.92390000 0.38000000
vn -0.99300000 -0.00000000 0.11850000
vn 0.11790000 -0.09800000 0.98820000
vn -0.99300000 -0.00000000 0.11850000
vn 0.01160000 -0.99520000 0.09730000
vn -0.99300000 -0.00010000 0.11850000
vn -0.01160000 -0.99520000 -0.09730000
vn -0.99300000 -0.00000000 0.11850000
vn -0.99300000 0.00010000 0.11850000
vn -0.04540000 0.92390000 -0.38000000
vn -0.99300000 -0.00000000 0.11850000
vn -0.99290000 -0.00000000 0.11860000
vn -0.99300000 0.00010000 0.11850000
vn -0.08380000 0.70710000 -0.70210000
vn 0.11790000 0.09800000 0.98820000
vn -0.99300000 -0.00000000 0.11850000
vn 0.10950000 0.38270000 0.91740000
vn -0.99300000 -0.00000000 0.11850000
vn 0.08390000 0.70610000 0.70320000
vn 0.08170000 0.70610000 0.70340000
vn -0.99300000 -0.00000000 0.11850000
vn -0.99290000 -0.00000000 0.11860000
vn -0.11790000 0.09800000 -0.98820000
vn -0.99300000 -0.00000000 0.11850000
vn -0.10950000 0.38270000 -0.91740000
vn -0.99290000 -0.00000000 0.11860000
vn -0.99300000 -0.00010000 0.11840000
vn -0.08380000 -0.70710000 -0.70210000
vn -0.04540000 -0.92390000 -0.38000000
vn -0.99300000 -0.00010000 0.11850000
vn -0.04530000 -0.92390000 -0.38000000
vn -0.99300000 -0.00010000 0.11840000
vn -0.99300000 -0.00000000 0.11850000
vn -0.99300000 -0.00010000 0.11840000
vn -0.99300000 -0.00010000 0.11850000
vn -0.10950000 -0.38270000 -0.91740000
vn -0.99300000 -0.00000000 0.11850000
vn 0.04070000 0.92380000 0.38070000
vn 0.20460000 -0.10720000 -0.97300000
vn 0.33260000 -0.09780000 -0.93800000
vn 0.30130000 -0.38580000 -0.87200000
vn 0.52250000 -0.84730000 -0.09570000
vn 0.32100000 -0.94540000 -0.05700000
vn 0.36470000 -0.92080000 -0.13840000
vn 0.04870000 -0.92080000 -0.38700000
vn 0.01110000 -0.99450000 -0.10440000
vn -0.00620000 -0.99480000 -0.10150000
vn 0.10010000 -0.99480000 -0.01790000
vn 0.09880000 -0.99450000 -0.03530000
vn 0.08850000 -0.99450000 -0.05640000
vn 0.33260000 -0.91890000 -0.21200000
vn 0.07370000 -0.99450000 -0.07470000
vn 0.27700000 -0.91890000 -0.28070000
vn 0.05520000 -0.99450000 -0.08920000
vn 0.20760000 -0.91890000 -0.33530000
vn 0.83700000 -0.52620000 -0.15040000
vn 0.69910000 -0.70420000 -0.12360000
vn 0.66890000 -0.70000000 -0.25020000
vn 0.60200000 -0.70020000 -0.38380000
vn 0.50150000 -0.70020000 -0.50810000
vn 0.37580000 -0.70020000 -0.60700000
vn -0.02020000 -0.94540000 -0.32540000
vn -0.03000000 -0.84730000 -0.53030000
vn 0.08570000 -0.70000000 -0.70900000
vn 0.87070000 -0.37910000 -0.31330000
vn 0.78160000 -0.38070000 -0.49410000
vn 0.64520000 -0.38350000 -0.66080000
vn 0.49040000 -0.38350000 -0.78260000
vn 0.94790000 -0.09750000 -0.30330000
vn 0.98010000 -0.09750000 -0.17300000
vn 0.93310000 -0.31970000 -0.16470000
vn 0.45500000 -0.10410000 -0.88440000
vn 0.56120000 -0.09750000 -0.82190000
vn 0.66680000 -0.09750000 -0.73880000
vn 0.75290000 -0.10340000 -0.65000000
vn 0.83650000 -0.10380000 -0.53810000
vn 0.89180000 -0.12230000 -0.43550000
vn 0.23140000 -0.70020000 -0.67540000
vn 0.12780000 -0.91890000 -0.37310000
vn 0.03400000 -0.99450000 -0.09930000
vn 0.07170000 -0.09700000 -0.99270000
vn 0.09620000 -0.38060000 -0.91970000
vn -0.04440000 -0.70420000 -0.70860000
vn -0.05080000 -0.52620000 -0.84890000
vn -0.05950000 -0.31970000 -0.94570000
vn -0.06250000 -0.09750000 -0.99330000
vn 0.99330000 -0.09750000 -0.06250000
vn 0.94570000 -0.31970000 -0.05960000
vn 0.84890000 -0.52610000 -0.05080000
vn 0.70860000 -0.70420000 -0.04440000
vn 0.53030000 -0.84730000 -0.02990000
vn 0.32540000 -0.94540000 -0.02020000
vn 0.10150000 -0.99480000 -0.00620000
vn -0.17150000 -0.09750000 -0.98040000
vn -0.16320000 -0.31960000 -0.93340000
vn -0.14920000 -0.52620000 -0.83720000
vn -0.12250000 -0.70440000 -0.69920000
vn -0.09500000 -0.84730000 -0.52250000
vn -0.05650000 -0.94540000 -0.32100000
vn -0.01770000 -0.99480000 -0.10000000
vn 0.97300000 -0.10720000 0.20460000
vn 0.93790000 -0.09760000 0.33300000
vn 0.87200000 -0.38590000 0.30130000
vn 0.09570000 -0.84730000 0.52250000
vn 0.05700000 -0.94540000 0.32100000
vn 0.13840000 -0.92080000 0.36470000
vn 0.38700000 -0.92080000 0.04870000
vn 0.10440000 -0.99450000 0.01110000
vn 0.01790000 -0.99480000 0.10010000
vn 0.03530000 -0.99450000 0.09880000
vn 0.05640000 -0.99450000 0.08850000
vn 0.21200000 -0.91890000 0.33260000
vn 0.07470000 -0.99450000 0.07370000
vn 0.28070000 -0.91890000 0.27710000
vn 0.08920000 -0.99450000 0.05520000
vn 0.33530000 -0.91890000 0.20760000
vn 0.15040000 -0.52610000 0.83700000
vn 0.12360000 -0.70420000 0.69910000
vn 0.25020000 -0.70000000 0.66890000
vn 0.38380000 -0.70020000 0.60200000
vn 0.50810000 -0.70020000 0.50150000
vn 0.60700000 -0.70020000 0.37580000
vn 0.70900000 -0.70000000 0.08580000
vn 0.31330000 -0.37910000 0.87070000
vn 0.49420000 -0.38070000 0.78160000
vn 0.66080000 -0.38340000 0.64520000
vn 0.78260000 -0.38340000 0.49040000
vn 0.30320000 -0.09480000 0.94820000
vn 0.17300000 -0.09760000 0.98010000
vn 0.16470000 -0.31960000 0.93310000
vn 0.88470000 -0.10340000 0.45460000
vn 0.82190000 -0.09750000 0.56120000
vn 0.73890000 -0.09750000 0.66670000
vn 0.65080000 -0.10500000 0.75200000
vn 0.53720000 -0.10300000 0.83710000
vn 0.43560000 -0.12230000 0.89180000
vn 0.67540000 -0.70020000 0.23130000
vn 0.37310000 -0.91890000 0.12780000
vn 0.09930000 -0.99450000 0.03400000
vn 0.99260000 -0.09750000 0.07170000
vn 0.91970000 -0.38060000 0.09620000
vn -0.12730000 -0.92290000 -0.36330000
vn -0.03460000 -0.99450000 -0.09890000
vn -0.04860000 -0.99480000 -0.08920000
vn -0.23610000 -0.70000000 -0.67400000
vn -0.15620000 -0.94540000 -0.28600000
vn -0.25180000 -0.84730000 -0.46760000
vn -0.30710000 -0.37020000 -0.87670000
vn -0.32900000 -0.09730000 -0.93930000
vn -0.34060000 -0.70430000 -0.62280000
vn -0.40580000 -0.52620000 -0.74730000
vn -0.45490000 -0.31970000 -0.83120000
vn -0.47780000 -0.09750000 -0.87300000
vn 0.00620000 -0.99480000 0.10150000
vn 0.02020000 -0.94540000 0.32540000
vn 0.02990000 -0.84730000 0.53030000
vn 0.04440000 -0.70420000 0.70860000
vn 0.05080000 -0.52620000 0.84890000
vn 0.05950000 -0.31960000 0.94570000
vn 0.06250000 -0.09750000 0.99330000
vn -0.05850000 -0.99480000 -0.08310000
vn -0.18720000 -0.94540000 -0.26690000
vn -0.30740000 -0.84730000 -0.43320000
vn -0.40730000 -0.70430000 -0.58150000
vn -0.48980000 -0.52620000 -0.69520000
vn -0.54330000 -0.31970000 -0.77630000
vn -0.57070000 -0.09750000 -0.81540000
vn -0.20460000 -0.10720000 0.97300000
vn -0.33320000 -0.09420000 0.93810000
vn -0.30130000 -0.38580000 0.87200000
vn -0.52250000 -0.84730000 0.09570000
vn -0.32100000 -0.94540000 0.05700000
vn -0.36470000 -0.92080000 0.13840000
vn -0.04870000 -0.92080000 0.38700000
vn -0.01110000 -0.99450000 0.10440000
vn -0.10010000 -0.99480000 0.01790000
vn -0.09880000 -0.99450000 0.03530000
vn -0.08850000 -0.99450000 0.05640000
vn -0.33260000 -0.91890000 0.21200000
vn -0.07370000 -0.99450000 0.07470000
vn -0.27710000 -0.91890000 0.28070000
vn -0.05520000 -0.99450000 0.08920000
vn -0.20760000 -0.91890000 0.33530000
vn -0.83700000 -0.52610000 0.15040000
vn -0.69910000 -0.70420000 0.12360000
vn -0.66890000 -0.70000000 0.25020000
vn -0.60200000 -0.70020000 0.38380000
vn -0.50150000 -0.70020000 0.50810000
vn -0.37580000 -0.70020000 0.60700000
vn -0.08580000 -0.70000000 0.70900000
vn -0.87070000 -0.37910000 0.31330000
vn -0.78160000 -0.38060000 0.49410000
vn -0.64520000 -0.38350000 0.66080000
vn -0.49040000 -0.38350000 0.78260000
vn -0.94820000 -0.09480000 0.30310000
vn -0.98010000 -0.09750000 0.17300000
vn -0.93310000 -0.31960000 0.16470000
vn -0.45460000 -0.10340000 0.88470000
vn -0.56330000 -0.09370000 0.82090000
vn -0.66530000 -0.09370000 0.74070000
vn -0.75290000 -0.10340000 0.65000000
vn -0.83670000 -0.10050000 0.53830000
vn -0.89180000 -0.12230000 0.43550000
vn -0.23140000 -0.70020000 0.67540000
vn -0.12780000 -0.91890000 0.37310000
vn -0.03400000 -0.99450000 0.09930000
vn -0.07150000 -0.09480000 0.99290000
vn -0.09620000 -0.38060000 0.91970000
vn -0.77230000 -0.10760000 -0.62610000
vn -0.67870000 -0.09680000 -0.72800000
vn -0.64850000 -0.38010000 -0.65950000
vn -0.07360000 -0.99450000 -0.07470000
vn -0.27910000 -0.92080000 -0.27230000
vn -0.50880000 -0.70000000 -0.50110000
vn -0.09870000 -0.99450000 -0.03560000
vn -0.10410000 -0.99450000 -0.01290000
vn -0.37090000 -0.91900000 -0.13400000
vn -0.39130000 -0.91900000 -0.04860000
vn -0.67140000 -0.70030000 -0.24250000
vn -0.70840000 -0.70030000 -0.08800000
vn -0.87080000 -0.37790000 -0.31450000
vn -0.91640000 -0.38260000 -0.11740000
vn -0.93610000 -0.09730000 -0.33810000
vn -0.10440000 -0.99450000 0.01040000
vn -0.09950000 -0.99450000 0.03320000
vn -0.39240000 -0.91900000 0.03910000
vn -0.37400000 -0.91900000 0.12490000
vn -0.71040000 -0.70030000 0.07080000
vn -0.67710000 -0.70030000 0.22620000
vn -0.92130000 -0.37790000 0.09190000
vn -0.87810000 -0.37790000 0.29340000
vn -0.08970000 -0.99450000 0.05440000
vn -0.33710000 -0.91900000 0.20460000
vn -0.61030000 -0.70030000 0.37030000
vn -0.79170000 -0.38260000 0.47640000
vn -0.07540000 -0.99450000 0.07290000
vn -0.06050000 -0.99480000 0.08170000
vn -0.28350000 -0.91900000 0.27410000
vn -0.23110000 -0.92120000 0.31300000
vn -0.51330000 -0.70030000 0.49620000
vn -0.42190000 -0.70320000 0.57240000
vn -0.66570000 -0.37790000 0.64350000
vn -0.54860000 -0.37980000 0.74480000
vn -0.85270000 -0.09680000 -0.51330000
vn -0.78110000 -0.38390000 -0.49250000
vn -0.60110000 -0.70030000 -0.38500000
vn -0.33210000 -0.91900000 -0.21270000
vn -0.08830000 -0.99450000 -0.05660000
vn -0.98760000 -0.10460000 0.11740000
vn -0.99160000 -0.12950000 -0.00030000
vn -0.98390000 -0.09680000 -0.15010000
vn -0.94400000 -0.09740000 0.31530000
vn -0.70190000 -0.10460000 0.70460000
vn -0.77800000 -0.12940000 0.61480000
vn -0.86490000 -0.09680000 0.49250000
vn -0.59030000 -0.09750000 0.80130000
vn -0.99200000 -0.09770000 0.08050000
vn -0.94420000 -0.32030000 0.07670000
vn -0.84730000 -0.52720000 0.06340000
vn -0.70660000 -0.70530000 0.05730000
vn -0.52910000 -0.84780000 0.03620000
vn -0.32340000 -0.94590000 0.02610000
vn -0.10010000 -0.99490000 0.00800000
vn -0.05560000 -0.99540000 0.07750000
vn -0.22060000 -0.92570000 0.30730000
vn -0.41120000 -0.70950000 0.57230000
vn -0.53880000 -0.38430000 0.74970000
vn -0.58050000 -0.09770000 0.80840000
vn -0.38360000 -0.92320000 -0.02250000
vn -0.10260000 -0.99470000 -0.00340000
vn -0.71110000 -0.70210000 -0.03670000
vn -0.09940000 -0.99490000 -0.01450000
vn -0.38280000 -0.92210000 -0.05620000
vn -0.70210000 -0.70450000 -0.10340000
vn -0.91480000 -0.38080000 -0.13490000
vn -0.92670000 -0.37380000 -0.03800000
vn -0.98460000 -0.09770000 -0.14510000
vn -0.99500000 -0.09450000 -0.03250000
vn -0.52010000 -0.85010000 0.08270000
vn -0.70150000 -0.70440000 0.10830000
vn -0.67610000 -0.70960000 0.19830000
vn -0.88390000 -0.38600000 0.26420000
vn -0.95580000 -0.09510000 0.27820000
vn -0.82350000 -0.38350000 0.41800000
vn -0.92210000 -0.08470000 0.37770000
vn -0.87500000 -0.09790000 0.47410000
vn -0.81340000 -0.09810000 0.57330000
vn -0.74230000 -0.38210000 0.55050000
vn -0.75150000 -0.09320000 0.65310000
vn -0.62970000 -0.38330000 0.67570000
vn -0.67070000 -0.09800000 0.73520000
vn -0.98210000 -0.09820000 0.16100000
vn -0.93420000 -0.32230000 0.15320000
vn -0.83580000 -0.53500000 0.12350000
vn -0.62620000 -0.71260000 0.31640000
vn -0.56170000 -0.71260000 0.42030000
vn -0.48020000 -0.71260000 0.51150000
vn -0.09420000 -0.99540000 0.01530000
vn -0.31420000 -0.94800000 0.05140000
vn -0.35520000 -0.92920000 0.10180000
vn -0.33320000 -0.92770000 0.16840000
vn -0.29890000 -0.92770000 0.22370000
vn -0.25550000 -0.92770000 0.27220000
vn -0.08870000 -0.99570000 0.02680000
vn -0.08270000 -0.99570000 0.04180000
vn -0.07420000 -0.99570000 0.05550000
vn -0.06340000 -0.99570000 0.06750000
vn -0.09470000 -0.99540000 -0.01400000
vn -0.37480000 -0.92550000 -0.05530000
vn -0.69750000 -0.70920000 -0.10270000
vn -0.91350000 -0.38410000 -0.13440000
vn -0.98460000 -0.09820000 -0.14490000
vn -0.99190000 -0.09820000 0.08040000
vn -0.94360000 -0.32220000 0.07640000
vn -0.84550000 -0.52900000 0.07240000
vn -0.69820000 -0.71310000 0.06400000
vn -0.52950000 -0.84650000 0.05500000
vn -0.31770000 -0.94780000 0.02580000
vn -0.09540000 -0.99540000 0.00780000
vn -0.92430000 -0.38100000 -0.02260000
vn -0.99420000 -0.10220000 -0.03250000
vn -0.69860000 -0.71530000 -0.01730000
vn -0.37350000 -0.92760000 -0.00950000
vn -0.09330000 -0.99560000 -0.00300000
vn 0.83700000 0.52610000 -0.15040000
vn 0.93310000 0.31960000 -0.16470000
vn 0.87120000 0.38060000 -0.31000000
vn 0.09960000 0.37910000 -0.92000000
vn 0.07170000 0.09700000 -0.99270000
vn -0.06250000 0.09750000 -0.99330000
vn 0.98010000 0.09750000 -0.17300000
vn 0.94790000 0.09750000 -0.30330000
vn 0.89750000 0.10720000 -0.42780000
vn 0.77660000 0.38590000 -0.49800000
vn 0.83310000 0.09760000 -0.54440000
vn 0.75290000 0.10340000 -0.65000000
vn 0.64520000 0.38350000 -0.66080000
vn 0.66680000 0.09750000 -0.73880000
vn 0.56120000 0.09750000 -0.82190000
vn 0.49040000 0.38350000 -0.78260000
vn 0.45500000 0.10410000 -0.88440000
vn 0.29630000 0.38070000 -0.87600000
vn 0.32560000 0.10400000 -0.93970000
vn 0.21340000 0.12230000 -0.96930000
vn 0.52250000 0.84720000 -0.09570000
vn 0.69910000 0.70420000 -0.12360000
vn 0.66890000 0.70000000 -0.25020000
vn 0.60200000 0.70020000 -0.38380000
vn 0.50150000 0.70020000 -0.50820000
vn 0.37590000 0.70020000 -0.60700000
vn 0.23140000 0.70020000 -0.67540000
vn 0.08580000 0.70000000 -0.70900000
vn 0.10010000 0.99480000 -0.01790000
vn 0.32100000 0.94540000 -0.05700000
vn 0.36470000 0.92080000 -0.13840000
vn -0.05950000 0.31960000 -0.94570000
vn -0.05080000 0.52610000 -0.84890000
vn -0.04440000 0.70420000 -0.70860000
vn -0.03000000 0.84720000 -0.53040000
vn 0.33260000 0.91890000 -0.21210000
vn 0.27710000 0.91890000 -0.28070000
vn 0.20770000 0.91890000 -0.33540000
vn 0.12780000 0.91890000 -0.37320000
vn 0.04870000 0.92080000 -0.38700000
vn -0.02020000 0.94540000 -0.32540000
vn 0.09880000 0.99450000 -0.03530000
vn 0.08850000 0.99450000 -0.05640000
vn 0.07370000 0.99450000 -0.07470000
vn 0.05520000 0.99450000 -0.08920000
vn 0.03400000 0.99450000 -0.09930000
vn 0.01110000 0.99450000 -0.10440000
vn -0.00620000 0.99480000 -0.10150000
vn 0.10140000 0.99480000 -0.00620000
vn 0.32540000 0.94540000 -0.02020000
vn 0.53040000 0.84720000 -0.02990000
vn 0.70860000 0.70420000 -0.04440000
vn 0.84890000 0.52610000 -0.05080000
vn 0.94570000 0.31960000 -0.05960000
vn 0.99330000 0.09750000 -0.06250000
vn -0.01770000 0.99480000 -0.10000000
vn -0.05650000 0.94540000 -0.32100000
vn -0.09510000 0.84730000 -0.52260000
vn -0.12250000 0.70440000 -0.69920000
vn -0.14920000 0.52620000 -0.83720000
vn -0.16320000 0.31960000 -0.93340000
vn -0.17150000 0.09750000 -0.98030000
vn 0.15040000 0.52610000 0.83700000
vn 0.16470000 0.31960000 0.93310000
vn 0.31000000 0.38060000 0.87120000
vn 0.92000000 0.37910000 0.09950000
vn 0.99260000 0.09750000 0.07170000
vn 0.17300000 0.09760000 0.98010000
vn 0.30320000 0.09480000 0.94820000
vn 0.42780000 0.10720000 0.89750000
vn 0.49800000 0.38590000 0.77660000
vn 0.54350000 0.09670000 0.83380000
vn 0.65080000 0.10510000 0.75200000
vn 0.66080000 0.38350000 0.64520000
vn 0.73890000 0.09750000 0.66670000
vn 0.82190000 0.09750000 0.56120000
vn 0.78260000 0.38350000 0.49040000
vn 0.88470000 0.10340000 0.45460000
vn 0.87590000 0.38070000 0.29630000
vn 0.93960000 0.10380000 0.32610000
vn 0.96930000 0.12230000 0.21340000
vn 0.09570000 0.84720000 0.52250000
vn 0.12360000 0.70420000 0.69910000
vn 0.25020000 0.70000000 0.66890000
vn 0.38380000 0.70020000 0.60200000
vn 0.50810000 0.70020000 0.50150000
vn 0.60700000 0.70020000 0.37590000
vn 0.67540000 0.70020000 0.23140000
vn 0.70900000 0.70000000 0.08580000
vn 0.01790000 0.99480000 0.10010000
vn 0.05700000 0.94540000 0.32100000
vn 0.13840000 0.92080000 0.36470000
vn 0.21210000 0.91890000 0.33260000
vn 0.28070000 0.91890000 0.27710000
vn 0.33540000 0.91890000 0.20770000
vn 0.37320000 0.91890000 0.12780000
vn 0.38700000 0.92080000 0.04870000
vn 0.03530000 0.99450000 0.09880000
vn 0.05640000 0.99450000 0.08850000
vn 0.07470000 0.99450000 0.07370000
vn 0.08920000 0.99450000 0.05520000
vn 0.09930000 0.99450000 0.03400000
vn 0.10430000 0.99450000 0.01110000
vn -0.30710000 0.37020000 -0.87670000
vn -0.32900000 0.09740000 -0.93930000
vn -0.47780000 0.09750000 -0.87300000
vn -0.23610000 0.70000000 -0.67400000
vn -0.45490000 0.31960000 -0.83120000
vn -0.40580000 0.52620000 -0.74730000
vn -0.12730000 0.92290000 -0.36340000
vn -0.03460000 0.99450000 -0.09890000
vn -0.34060000 0.70430000 -0.62280000
vn -0.25180000 0.84730000 -0.46760000
vn -0.15620000 0.94540000 -0.28600000
vn -0.04860000 0.99480000 -0.08920000
vn 0.06250000 0.09750000 0.99330000
vn 0.05950000 0.31960000 0.94570000
vn 0.05080000 0.52610000 0.84890000
vn 0.04440000 0.70420000 0.70860000
vn 0.02990000 0.84720000 0.53040000
vn 0.02020000 0.94540000 0.32540000
vn 0.00620000 0.99480000 0.10150000
vn -0.57070000 0.09750000 -0.81530000
vn -0.54330000 0.31960000 -0.77630000
vn -0.48980000 0.52620000 -0.69520000
vn -0.40730000 0.70430000 -0.58150000
vn -0.30740000 0.84720000 -0.43320000
vn -0.18720000 0.94540000 -0.26690000
vn -0.05850000 0.99480000 -0.08310000
vn -0.83700000 0.52610000 0.15040000
vn -0.93310000 0.31960000 0.16470000
vn -0.87120000 0.38060000 0.31000000
vn -0.09960000 0.37910000 0.92000000
vn -0.07150000 0.09480000 0.99290000
vn -0.98010000 0.09750000 0.17300000
vn -0.94820000 0.09480000 0.30310000
vn -0.89750000 0.10720000 0.42780000
vn -0.77660000 0.38580000 0.49800000
vn -0.83340000 0.09420000 0.54460000
vn -0.75290000 0.10340000 0.65000000
vn -0.64520000 0.38350000 0.66080000
vn -0.66530000 0.09370000 0.74070000
vn -0.56330000 0.09370000 0.82090000
vn -0.49040000 0.38350000 0.78260000
vn -0.45460000 0.10340000 0.88470000
vn -0.29630000 0.38070000 0.87590000
vn -0.32630000 0.10050000 0.93990000
vn -0.21340000 0.12230000 0.96930000
vn -0.52250000 0.84720000 0.09570000
vn -0.69910000 0.70420000 0.12360000
vn -0.66890000 0.70000000 0.25020000
vn -0.60200000 0.70020000 0.38380000
vn -0.50150000 0.70020000 0.50820000
vn -0.37590000 0.70020000 0.60700000
vn -0.23140000 0.70020000 0.67540000
vn -0.08580000 0.70000000 0.70900000
vn -0.10010000 0.99480000 0.01790000
vn -0.32100000 0.94540000 0.05700000
vn -0.36470000 0.92080000 0.13840000
vn -0.33260000 0.91890000 0.21210000
vn -0.27710000 0.91890000 0.28080000
vn -0.20770000 0.91890000 0.33540000
vn -0.12780000 0.91890000 0.37320000
vn -0.04870000 0.92080000 0.38700000
vn -0.09880000 0.99450000 0.03530000
vn -0.08850000 0.99450000 0.05640000
vn -0.07370000 0.99450000 0.07470000
vn -0.05520000 0.99450000 0.08920000
vn -0.03400000 0.99450000 0.09930000
vn -0.01110000 0.99450000 0.10440000
vn -0.64850000 0.38010000 -0.65950000
vn -0.67870000 0.09680000 -0.72800000
vn -0.77230000 0.10760000 -0.62600000
vn -0.78110000 0.38390000 -0.49250000
vn -0.85270000 0.09680000 -0.51330000
vn -0.93610000 0.09730000 -0.33810000
vn -0.87080000 0.37790000 -0.31450000
vn -0.98390000 0.09680000 -0.15010000
vn -0.91550000 0.38390000 -0.12040000
vn -0.99410000 0.10760000 -0.01200000
vn -0.91820000 0.38390000 0.09810000
vn -0.98730000 0.09680000 0.12620000
vn -0.94400000 0.09740000 0.31530000
vn -0.87810000 0.37790000 0.29340000
vn -0.86490000 0.09680000 0.49250000
vn -0.79280000 0.38390000 0.47340000
vn -0.78730000 0.10760000 0.60710000
vn -0.65940000 0.38390000 0.64640000
vn -0.69620000 0.09680000 0.71130000
vn -0.59030000 0.09750000 0.80130000
vn -0.54860000 0.37980000 0.74480000
vn -0.50880000 0.70000000 -0.50120000
vn -0.60120000 0.70030000 -0.38500000
vn -0.67140000 0.70020000 -0.24250000
vn -0.70850000 0.70020000 -0.08800000
vn -0.71040000 0.70030000 0.07080000
vn -0.67710000 0.70020000 0.22620000
vn -0.61030000 0.70020000 0.37040000
vn -0.51330000 0.70020000 0.49620000
vn -0.42190000 0.70320000 0.57240000
vn -0.27910000 0.92080000 -0.27230000
vn -0.33210000 0.91890000 -0.21270000
vn -0.37090000 0.91900000 -0.13400000
vn -0.39140000 0.91890000 -0.04860000
vn -0.39240000 0.91890000 0.03910000
vn -0.37410000 0.91890000 0.12500000
vn -0.33720000 0.91890000 0.20460000
vn -0.28360000 0.91890000 0.27410000
vn -0.23110000 0.92120000 0.31300000
vn -0.07360000 0.99450000 -0.07470000
vn -0.08830000 0.99450000 -0.05660000
vn -0.09870000 0.99450000 -0.03560000
vn -0.10410000 0.99450000 -0.01290000
vn -0.10440000 0.99450000 0.01040000
vn -0.09950000 0.99450000 0.03320000
vn -0.08970000 0.99450000 0.05440000
vn -0.07540000 0.99450000 0.07290000
vn -0.06050000 0.99480000 0.08170000
vn -0.10010000 0.99490000 0.00800000
vn -0.32340000 0.94590000 0.02610000
vn -0.52910000 0.84780000 0.03620000
vn -0.70660000 0.70530000 0.05730000
vn -0.84740000 0.52720000 0.06340000
vn -0.94420000 0.32030000 0.07670000
vn -0.99190000 0.09770000 0.08050000
vn -0.05560000 0.99540000 0.07750000
vn -0.22060000 0.92570000 0.30730000
vn -0.41120000 0.70950000 0.57230000
vn -0.53880000 0.38430000 0.74970000
vn -0.58050000 0.09780000 0.80840000
vn -0.92920000 0.36830000 -0.03040000
vn -0.99500000 0.09450000 -0.03250000
vn -0.98460000 0.09770000 -0.14510000
vn -0.93720000 0.32030000 -0.13810000
vn -0.84140000 0.52720000 -0.11860000
vn -0.71180000 0.70190000 -0.02330000
vn -0.37750000 0.92590000 -0.01230000
vn -0.52560000 0.84780000 -0.07060000
vn -0.70140000 0.70530000 -0.10330000
vn -0.10260000 0.99470000 -0.00340000
vn -0.09940000 0.99490000 -0.01450000
vn -0.32100000 0.94590000 -0.04720000
vn -0.91920000 0.09280000 0.38270000
vn -0.95670000 0.09910000 0.27380000
vn -0.88520000 0.38330000 0.26380000
vn -0.08270000 0.99570000 0.04180000
vn -0.07420000 0.99570000 0.05550000
vn -0.33330000 0.92770000 0.16840000
vn -0.29890000 0.92770000 0.22370000
vn -0.62620000 0.71250000 0.31640000
vn -0.56180000 0.71260000 0.42030000
vn -0.82300000 0.38210000 0.42030000
vn -0.74040000 0.38350000 0.55200000
vn -0.87500000 0.09790000 0.47410000
vn -0.06340000 0.99570000 0.06750000
vn -0.25560000 0.92770000 0.27220000
vn -0.48020000 0.71260000 0.51150000
vn -0.63130000 0.38660000 0.67240000
vn -0.09420000 0.99540000 0.01530000
vn -0.08870000 0.99570000 0.02680000
vn -0.37340000 0.92570000 0.06100000
vn -0.35740000 0.92770000 0.10790000
vn -0.69540000 0.70950000 0.11400000
vn -0.67170000 0.71250000 0.20290000
vn -0.91100000 0.38430000 0.14950000
vn -0.98210000 0.09820000 0.16100000
vn -0.67430000 0.09400000 0.73240000
vn -0.74810000 0.08470000 0.65810000
vn -0.81360000 0.09770000 0.57310000
vn -0.98460000 0.09820000 -0.14490000
vn -0.93660000 0.32220000 -0.13790000
vn -0.83900000 0.52900000 -0.12740000
vn -0.69250000 0.71300000 -0.10950000
vn -0.52480000 0.84650000 -0.08950000
vn -0.31540000 0.94780000 -0.04650000
vn -0.09470000 0.99540000 -0.01400000
vn -0.09540000 0.99540000 0.00780000
vn -0.37760000 0.92540000 0.03070000
vn -0.70270000 0.70920000 0.05700000
vn -0.92030000 0.38410000 0.07450000
vn -0.99190000 0.09820000 0.08040000
vn -0.09330000 0.99560000 -0.00300000
vn -0.37340000 0.92760000 -0.01490000
vn -0.92380000 0.38100000 -0.03780000
vn -0.69830000 0.71520000 -0.02840000
vn -0.99420000 0.10220000 -0.03250000
vn -0.00580000 -0.99880000 -0.04860000
vn -0.99300000 0.00010000 0.11850000
vn -0.99300000 -0.00000000 0.11850000
vn -0.99300000 -0.00010000 0.11840000
vn -0.01160000 -0.99520000 -0.09730000
vn -0.99300000 0.00010000 0.11850000
vn -0.99290000 -0.00000000 0.11850000
vn -0.99300000 -0.00020000 0.11850000
vn -0.04530000 -0.92390000 -0.38000000
vn -0.04530000 -0.92390000 -0.38000000
vn -0.99300000 -0.00010000 0.11840000
vn -0.99300000 0.00010000 0.11850000
vn -0.99300000 -0.00000000 0.11850000
vn -0.99300000 -0.00020000 0.11850000
vn -0.08380000 -0.70710000 -0.70210000
vn -0.99290000 0.00010000 0.11870000
vn -0.99300000 -0.00010000 0.11840000
vn -0.08380000 -0.70710000 -0.70210000
vn -0.99300000 -0.00000000 0.11850000
vn -0.99300000 -0.00000000 0.11850000
vn -0.10950000 -0.38270000 -0.91740000
vn -0.99300000 0.00010000 0.11850000
vn -0.10950000 -0.38270000 -0.91740000
vn -0.99290000 0.00010000 0.11870000
vn -0.99300000 -0.00000000 0.11850000
vn -0.11790000 -0.09800000 -0.98820000
vn -0.99290000 0.00010000 0.11870000
vn -0.11790000 -0.09800000 -0.98820000
vn -0.99300000 -0.00000000 0.11850000
vn -0.99300000 -0.00000000 0.11850000
vn -0.11750000 0.13050000 -0.98450000
vn -0.11750000 0.13050000 -0.98450000
vn -0.99300000 -0.00000000 0.11850000
vn -0.99290000 -0.00010000 0.11870000
vn -0.10260000 0.50000000 -0.85990000
vn -0.99300000 -0.00000000 0.11850000
vn -0.99290000 -0.00000000 0.11850000
vn -0.10260000 0.50000000 -0.85990000
vn -0.99300000 -0.00000000 0.11850000
vn -0.99300000 0.00010000 0.11840000
vn -0.03070000 0.96590000 -0.25700000
vn -0.08380000 0.70710000 -0.70210000
vn -0.99300000 0.00020000 0.11850000
vn -0.99300000 0.00010000 0.11840000
vn -0.03070000 0.96590000 -0.25700000
vn -0.08380000 0.70710000 -0.70210000
vn -0.99300000 0.00010000 0.11840000
vn -0.00770000 0.99790000 -0.06470000
vn -0.99300000 -0.00010000 0.11850000
vn -0.01550000 0.99140000 -0.12960000
vn -0.99300000 0.00010000 0.11840000
vn -0.99300000 -0.00000000 0.11850000
vn -0.99290000 -0.00010000 0.11860000
vn -0.99290000 -0.00020000 0.11860000
vn -0.99290000 -0.00000000 0.11850000
vn -0.99300000 -0.00000000 0.11850000
vn 0.01160000 -0.99520000 0.09730000
vn -0.99300000 0.00010000 0.11840000
vn -0.99300000 -0.00010000 0.11850000
vn 0.00580000 -0.99880000 0.04860000
vn -0.99290000 -0.00020000 0.11860000
vn 0.04530000 -0.92390000 0.38000000
vn 0.04530000 -0.92390000 0.38000000
vn -0.99300000 -0.00010000 0.11850000
vn -0.99300000 -0.00000000 0.11850000
vn 0.08380000 -0.70710000 0.70210000
vn -0.99290000 -0.00010000 0.11860000
vn -0.99290000 -0.00020000 0.11860000
vn -0.99290000 -0.00000000 0.11860000
vn 0.08380000 -0.70710000 0.70210000
vn -0.99300000 -0.00000000 0.11850000
vn -0.99290000 -0.00010000 0.11860000
vn 0.10950000 -0.38270000 0.91740000
vn -0.99300000 0.00010000 0.11840000
vn -0.99300000 -0.00000000 0.11850000
vn 0.10950000 -0.38270000 0.91740000
vn -0.99290000 -0.00000000 0.11860000
vn 0.11790000 -0.09800000 0.98820000
vn -0.99290000 -0.00000000 0.11850000
vn -0.99300000 0.00010000 0.11840000
vn 0.11790000 -0.09800000 0.98820000
vn -0.99300000 -0.00000000 0.11850000
vn -0.99290000 -0.00000000 0.11850000
vn 0.11750000 0.13050000 0.98450000
vn -0.99300000 -0.00010000 0.11840000
vn -0.99300000 -0.00000000 0.11850000
vn 0.11750000 0.13050000 0.98450000
vn -0.99300000 -0.00010000 0.11840000
vn 0.08380000 0.70710000 0.70210000
vn 0.11450000 0.25880000 0.95910000
vn 0.11440000 0.25880000 0.95910000
vn -0.99290000 -0.00000000 0.11860000
vn -0.99300000 -0.00000000 0.11850000
vn 0.08380000 0.70710000 0.70210000
vn 0.05920000 0.86600000 0.49650000
vn -0.99290000 -0.00000000 0.11850000
vn -0.99300000 -0.00010000 0.11840000
vn -0.99300000 0.00010000 0.11850000
vn 0.05920000 0.86600000 0.49650000
vn -0.99290000 -0.00000000 0.11860000
vn 0.01550000 0.99140000 0.12960000
vn -0.99290000 -0.00000000 0.11850000
vn -0.99300000 -0.00000000 0.11850000
vn 0.00770000 0.99790000 0.06470000
vn -0.99300000 0.00010000 0.11850000
vn -0.01550000 0.99140000 -0.12960000
vn -0.99290000 -0.00010000 0.11870000
vn -0.99300000 0.00020000 0.11850000
vn -0.99290000 -0.00000000 0.11850000
vn -0.99290000 -0.00000000 0.11850000
vn -0.05920000 0.86600000 -0.49650000
vn -0.99300000 -0.00000000 0.11850000
vn -0.99300000 -0.00000000 0.11850000
vn -0.08380000 0.70710000 -0.70220000
vn -0.11450000 0.25880000 -0.95910000
vn -0.11750000 0.13050000 -0.98450000
vn -0.99300000 -0.00000000 0.11850000
vn -0.99300000 -0.00000000 0.11850000
vn -0.11750000 -0.13050000 -0.98450000
vn -0.08380000 -0.70710000 -0.70210000
vn -0.99300000 -0.00000000 0.11850000
vn -0.11450000 -0.25880000 -0.95910000
vn -0.99300000 0.00010000 0.11850000
vn -0.99300000 -0.00000000 0.11850000
vn -0.05930000 -0.86600000 -0.49650000
vn -0.99300000 -0.00020000 0.11850000
vn -0.99290000 -0.00000000 0.11850000
vn -0.99300000 0.00010000 0.11850000
vn -0.99290000 -0.00000000 0.11850000
vn -0.01550000 -0.99140000 -0.12960000
vn -0.99300000 -0.00010000 0.11850000
vn -0.99290000 -0.00000000 0.11860000
vn 0.01550000 -0.99140000 0.12960000
vn -0.99300000 -0.00000000 0.11850000
vn 0.10270000 0.50000000 0.85990000
vn -0.99300000 -0.00000000 0.11850000
vn -0.99290000 -0.00000000 0.11860000
vn 0.08380000 0.70710000 0.70210000
vn -0.99300000 -0.00000000 0.11850000
vn 0.03070000 0.96590000 0.25700000
vn -0.99290000 -0.00000000 0.11860000
vn -0.99300000 0.00010000 0.11850000
vn 0.01550000 0.99140000 0.12960000
vn 0.03070000 -0.96590000 0.25700000
vn -0.99290000 -0.00000000 0.11860000
vn 0.08380000 -0.70710000 0.70210000
vn -0.99300000 -0.00000000 0.11850000
vn -0.99300000 -0.00000000 0.11850000
vn 0.10270000 -0.50000000 0.85990000
vn -0.99300000 -0.00000000 0.11850000
vn 0.11720000 -0.13050000 0.98450000
vn -0.99300000 -0.00000000 0.11850000
vn 0.11760000 0.13050000 0.98440000
vn -0.99300000 0.00010000 0.11850000
vn 0.08380000 -0.70710000 0.70210000
vn 0.03070000 -0.96590000 0.25700000
vn -0.99300000 -0.00010000 0.11850000
vn 0.00770000 -0.99790000 0.06470000
vn -0.99300000 -0.00010000 0.11850000
vn 0.10270000 -0.50000000 0.85990000
vn -0.99300000 -0.00000000 0.11850000
vn -0.99300000 0.00010000 0.11850000
vn 0.00770000 0.99790000 0.06460000
vn -0.99300000 -0.00020000 0.11850000
vn -0.99300000 -0.00010000 0.11850000
vn 0.03070000 0.96590000 0.25700000
vn 0.08380000 0.70710000 0.70220000
vn -0.99300000 -0.00020000 0.11850000
vn 0.10270000 0.50000000 0.85990000
vn -0.99300000 -0.00010000 0.11850000
vn -0.99300000 -0.00000000 0.11850000
vn -0.99300000 -0.00000000 0.11850000
vn 0.11760000 0.13050000 0.98440000
vn -0.99300000 -0.00000000 0.11850000
vn 0.11760000 -0.13050000 0.98440000
vn -0.99300000 0.00010000 0.11850000
vn -0.00770000 -0.99790000 -0.06460000
vn -0.00770000 -0.99790000 -0.06470000
vn -0.99300000 0.00010000 0.11850000
vn -0.99300000 -0.00010000 0.11850000
vn -0.05930000 -0.86600000 -0.49650000
vn -0.99300000 -0.00010000 0.11850000
vn -0.00770000 0.99790000 -0.06470000
vn -0.99300000 0.00010000 0.11850000
vn -0.99300000 0.00020000 0.11850000
vn -0.05930000 0.86600000 -0.49650000
vn -0.99300000 0.00010000 0.11850000
vn -0.99300000 -0.00000000 0.11850000
vn -0.11450000 0.25880000 -0.95910000
vn -0.08380000 0.70710000 -0.70220000
vn -0.11450000 -0.25880000 -0.95910000
vn -0.99300000 -0.00000000 0.11850000
vn -0.99300000 -0.00010000 0.11850000
vn -0.08380000 -0.70710000 -0.70210000
vn -0.11750000 -0.13050000 -0.98450000
vn -0.99300000 -0.00000000 0.11850000
vn -0.11750000 0.13050000 -0.98450000
vn -0.99300000 -0.00000000 0.11850000
vn 0.01550000 -0.99140000 0.12960000
vn -0.99290000 -0.00010000 0.11860000
vn -0.99300000 -0.00000000 0.11850000
vn -0.99300000 -0.00000000 0.11850000
vn 0.00770000 -0.99790000 0.06470000
vn 0.08380000 -0.70710000 0.70210000
vn 0.03070000 -0.96590000 0.25700000
vn -0.99290000 -0.00010000 0.11860000
vn -0.99300000 0.00010000 0.11850000
vn -0.99300000 -0.00000000 0.11840000
vn -0.99290000 -0.00030000 0.11860000
vn 0.08380000 -0.70710000 0.70210000
vn 0.03070000 -0.96590000 0.25700000
vn -0.99290000 -0.00010000 0.11860000
vn -0.99300000 -0.00000000 0.11850000
vn 0.10260000 -0.50000000 0.85990000
vn -0.99300000 -0.00000000 0.11850000
vn -0.99300000 -0.00000000 0.11840000
vn -0.99300000 0.00010000 0.11850000
vn 0.10260000 -0.50000000 0.85990000
vn 0.11750000 -0.13050000 0.98450000
vn -0.99300000 -0.00000000 0.11850000
vn 0.11750000 -0.13050000 0.98450000
vn -0.99300000 0.00010000 0.11850000
vn -0.99300000 -0.00000000 0.11850000
vn -0.99300000 -0.00000000 0.11850000
vn -0.99290000 0.00010000 0.11860000
vn 0.11750000 0.13050000 0.98450000
vn 0.11750000 0.13050000 0.98450000
vn -0.99300000 -0.00000000 0.11850000
vn -0.99300000 -0.00010000 0.11850000
vn 0.10260000 0.50000000 0.85990000
vn -0.99300000 -0.00000000 0.11850000
vn -0.99300000 -0.00010000 0.11850000
vn -0.99300000 -0.00000000 0.11850000
vn 0.10260000 0.50000000 0.85990000
vn -0.99300000 -0.00000000 0.11850000
vn -0.99290000 0.00010000 0.11860000
vn 0.03070000 0.96590000 0.25700000
vn 0.08380000 0.70710000 0.70210000
vn -0.99300000 -0.00000000 0.11850000
vn 0.08380000 0.70710000 0.70220000
vn -0.99300000 -0.00010000 0.11850000
vn 0.03070000 0.96590000 0.25700000
vn -0.99290000 0.00010000 0.11860000
vn 0.01550000 0.99140000 0.12960000
vn -0.99300000 -0.00000000 0.11850000
vn 0.00770000 0.99790000 0.06470000
vn -0.99300000 -0.00000000 0.11850000
vn -0.00000000 1.00000000 -0.00000000
vn -0.52700000 -0.00000000 -0.84980000
vn -0.99300000 -0.00000000 0.11850000
vn -0.00000000 1.00000000 -0.00000000
vn -0.99300000 -0.00000000 0.11850000
vn -0.52700000 -0.00000000 -0.84980000
vn -0.54750000 -0.00000000 0.83680000
vn -0.99300000 -0.00000000 0.11850000
vn -0.00000000 1.00000000 -0.00000000
vn -0.99300000 0.00010000 0.11850000
vn -0.54750000 -0.00000000 0.83680000
vn -0.99300000 -0.00020000 0.11850000
vn -0.99300000 -0.00000000 0.11850000
vn -0.00000000 -1.00000000 -0.00000000
vn 0.07810000 0.74890000 0.65800000
vn -0.99300000 -0.00000000 0.11850000
vn -0.54750000 -0.00000000 0.83680000
vn -0.52700000 -0.00000000 -0.84980000
vn -0.99300000 -0.00000000 0.11850000
vn -0.00000000 -1.00000000 -0.00000000
vn -0.52700000 -0.00000000 -0.84980000
vn -0.99300000 -0.00000000 0.11850000
vn -0.00000000 -1.00000000 -0.00000000
vn 0.08400000 -0.65560000 0.75040000
vn -0.99300000 -0.00000000 0.11850000
vn -0.54750000 -0.00000000 0.83680000
vn 0.01730000 -0.73390000 0.67910000
vn -0.99300000 -0.00000000 0.11850000
vn 0.09010000 0.65000000 0.75460000
vn -0.99300000 -0.00000000 0.11850000
vn 0.10950000 0.38270000 0.91740000
vn -0.99300000 -0.00000000 0.11850000
vn 0.11790000 0.09800000 0.98820000
vn -0.99300000 -0.00000000 0.11850000
vn 0.11790000 -0.09800000 0.98820000
vn -0.99300000 -0.00000000 0.11850000
vn -0.99300000 -0.00000000 0.11850000
vn 0.10950000 -0.38270000 0.91740000
vn -0.39380000 -0.00000000 0.91920000
vn -0.00000000 1.00000000 -0.00000000
vn -0.00000000 1.00000000 -0.00000000
vn -0.98980000 -0.00000000 -0.14250000
vn -0.78590000 -0.00000000 -0.61830000
vn -0.99300000 -0.00000000 0.11850000
vn -0.00000000 1.00000000 -0.00000000
vn -0.61830000 -0.00000000 0.78590000
vn -0.92840000 -0.00000000 0.37150000
vn -0.00000000 1.00000000 -0.00000000
vn -0.59910000 -0.00000000 -0.80070000
vn -0.00000000 1.00000000 -0.00000000
vn -0.61240000 0.00540000 0.79050000
vn -0.00000000 1.00000000 -0.00000000
vn -0.79180000 0.01170000 0.61060000
vn -0.00000000 1.00000000 -0.00000000
vn -0.94840000 0.01080000 0.31680000
vn -0.00000000 1.00000000 -0.00000000
vn -0.59300000 0.00540000 -0.80510000
vn -0.00000000 1.00000000 -0.00000000
vn -0.77680000 0.01170000 -0.62970000
vn -0.00000000 1.00000000 -0.00000000
vn -0.94050000 0.01080000 -0.33970000
vn -0.00000000 1.00000000 -0.00000000
vn -0.00000000 1.00000000 -0.00000000
vn -0.99990000 0.01170000 -0.01210000
vn -0.00000000 -1.00000000 -0.00000000
vn -0.61240000 -0.00540000 0.79050000
vn -0.00000000 -1.00000000 -0.00000000
vn -0.59910000 -0.00000000 -0.80070000
vn -0.98980000 -0.00000000 -0.14250000
vn -0.78590000 -0.00000000 -0.61830000
vn -0.00000000 -1.00000000 -0.00000000
vn -0.00000000 -1.00000000 -0.00000000
vn -0.99300000 -0.00000000 0.11850000
vn -0.61830000 -0.00000000 0.78590000
vn -0.92840000 -0.00000000 0.37150000
vn -0.00000000 -1.00000000 -0.00000000
vn -0.00000000 -1.00000000 -0.00000000
vn -0.39380000 -0.00000000 0.91920000
vn -0.59300000 -0.00540000 -0.80520000
vn -0.00000000 -1.00000000 -0.00000000
vn -0.77680000 -0.01170000 -0.62970000
vn -0.00000000 -1.00000000 -0.00000000
vn -0.00000000 -1.00000000 -0.00000000
vn -0.79180000 -0.01170000 0.61060000
vn -0.00000000 -1.00000000 -0.00000000
vn -0.94840000 -0.01080000 0.31680000
vn -0.99990000 -0.01170000 -0.01210000
vn -0.00000000 -1.00000000 -0.00000000
vn -0.94050000 -0.01080000 -0.33970000
vn -0.00000000 -1.00000000 -0.00000000
vn -0.00000000 -1.00000000 -0.00000000
vn -0.92530000 0.00790000 0.37920000
vn -0.83400000 0.00260000 0.55180000
vn -0.00030000 -0.99820000 0.05960000
vn -0.01160000 -0.99520000 -0.09730000
vn -0.99300000 -0.00000000 0.11850000
vn -0.00000000 -1.00000000 -0.00000000
vn -0.98240000 0.00530000 0.18660000
vn -0.99300000 -0.00000000 0.11850000
vn -0.01160000 0.99520000 -0.09730000
vn -0.00000000 1.00000000 -0.00000000
vn -0.98240000 -0.00530000 0.18660000
vn -0.92530000 -0.00790000 0.37920000
vn -0.00000000 1.00000000 -0.00000000
vn -0.83380000 -0.00200000 0.55210000
vn 0.00600000 0.99870000 0.05050000
vn -0.99300000 -0.00000000 0.11850000
vn -0.04540000 0.92390000 -0.38000000
vn -0.08380000 0.70710000 -0.70210000
vn -0.99300000 -0.00000000 0.11850000
vn -0.99300000 -0.00000000 0.11850000
vn -0.10950000 0.38270000 -0.91740000
vn -0.99300000 -0.00000000 0.11850000
vn -0.11790000 0.09800000 -0.98820000
vn -0.11790000 -0.09800000 -0.98820000
vn -0.99300000 -0.00000000 0.11850000
vn -0.10950000 -0.38270000 -0.91740000
vn -0.99300000 -0.00000000 0.11850000
vn -0.08380000 -0.70710000 -0.70210000
vn -0.99300000 -0.00000000 0.11850000
vn -0.04530000 -0.92390000 -0.38000000
vn -0.99300000 -0.00000000 0.11850000
vn -0.00890000 0.99800000 -0.06290000
vn -0.99300000 -0.00010000 0.11850000
vn -0.98310000 -0.00000000 -0.18310000
vn -0.00900000 0.99710000 -0.07540000
vn -0.99310000 0.01070000 -0.11650000
vn -0.00000000 1.00000000 -0.00000000
vn -0.99860000 0.01070000 0.05140000
vn -0.00000000 1.00000000 -0.00000000
vn -0.98190000 0.00830000 0.18910000
vn -0.00000000 1.00000000 -0.00000000
vn -0.90810000 0.02230000 0.41820000
vn -0.00000000 1.00000000 -0.00000000
vn -0.73070000 0.01770000 0.68240000
vn -0.00000000 1.00000000 -0.00000000
vn -0.49130000 0.01770000 0.87080000
vn -0.00000000 1.00000000 -0.00000000
vn -0.19280000 0.02220000 0.98100000
vn -0.00000000 1.00000000 -0.00000000
vn 0.04730000 0.00830000 0.99880000
vn -0.00000000 1.00000000 -0.00000000
vn 0.18910000 0.00830000 0.98190000
vn -0.00000000 1.00000000 -0.00000000
vn -0.00000000 1.00000000 -0.00000000
vn 0.41050000 0.01940000 0.91170000
vn -0.98310000 -0.00000000 -0.18310000
vn -0.00900000 -0.99710000 -0.07540000
vn -0.00890000 -0.99800000 -0.06290000
vn -0.99300000 0.00010000 0.11850000
vn -0.99300000 -0.00000000 0.11850000
vn -0.00000000 -1.00000000 -0.00000000
vn -0.98190000 -0.00830000 0.18910000
vn -0.00000000 -1.00000000 -0.00000000
vn -0.99860000 -0.01070000 0.05140000
vn -0.99310000 -0.01070000 -0.11650000
vn -0.00000000 -1.00000000 -0.00000000
vn 0.04730000 -0.00830000 0.99880000
vn -0.00000000 -1.00000000 -0.00000000
vn -0.19280000 -0.02220000 0.98100000
vn -0.00000000 -1.00000000 -0.00000000
vn -0.00000000 -1.00000000 -0.00000000
vn 0.18910000 -0.00830000 0.98190000
vn -0.00000000 -1.00000000 -0.00000000
vn 0.41050000 -0.01940000 0.91170000
vn -0.00000000 -1.00000000 -0.00000000
vn -0.49130000 -0.01770000 0.87080000
vn -0.00000000 -1.00000000 -0.00000000
vn -0.73070000 -0.01770000 0.68240000
vn -0.90810000 -0.02230000 0.41820000
vn -0.00000000 -1.00000000 -0.00000000
vn 0.01160000 -0.99520000 0.09730000
vn -0.99300000 -0.00000000 0.11850000
vn -0.99300000 -0.00000000 0.11850000
vn 0.01160000 -0.99520000 0.09730000
vn -0.99300000 0.00010000 0.11850000
vn -0.00000000 -1.00000000 -0.00000000
vn -0.99860000 0.01160000 0.05230000
vn -0.00870000 -0.99810000 -0.06110000
vn -0.99300000 0.00010000 0.11850000
vn -0.99300000 -0.00000000 0.11840000
vn -0.99300000 -0.00000000 0.11850000
vn -0.00000000 -1.00000000 -0.00000000
vn -0.99300000 0.01160000 -0.11730000
vn -0.00440000 -0.99930000 -0.03710000
vn -0.98310000 -0.00000000 -0.18310000
vn 0.04530000 -0.92390000 0.38000000
vn -0.99300000 -0.00000000 0.11850000
vn -0.99300000 -0.00000000 0.11850000
vn 0.04530000 -0.92390000 0.38000000
vn -0.99300000 -0.00000000 0.11840000
vn 0.08380000 -0.70710000 0.70210000
vn -0.99300000 -0.00000000 0.11850000
vn 0.08380000 -0.70710000 0.70210000
vn -0.99300000 -0.00000000 0.11850000
vn -0.99300000 -0.00000000 0.11840000
vn 0.10950000 -0.38270000 0.91740000
vn -0.99300000 -0.00000000 0.11850000
vn 0.10950000 -0.38270000 0.91740000
vn -0.99300000 -0.00000000 0.11850000
vn 0.11790000 -0.09800000 0.98820000
vn -0.99300000 -0.00000000 0.11840000
vn 0.11790000 -0.09800000 0.98820000
vn -0.99300000 -0.00000000 0.11850000
vn 0.11790000 0.09800000 0.98820000
vn -0.99300000 -0.00000000 0.11850000
vn -0.99300000 -0.00000000 0.11850000
vn 0.11790000 0.09800000 0.98820000
vn -0.99300000 -0.00000000 0.11850000
vn 0.10950000 0.38270000 0.91740000
vn -0.99300000 -0.00000000 0.11850000
vn 0.10950000 0.38270000 0.91740000
vn -0.99300000 -0.00000000 0.11850000
vn 0.08380000 0.70710000 0.70210000
vn -0.99300000 -0.00000000 0.11850000
vn 0.08380000 0.70710000 0.70210000
vn 0.04540000 0.92390000 0.38000000
vn -0.99300000 -0.00000000 0.11850000
vn 0.04530000 0.92390000 0.38000000
vn 0.04530000 0.92390000 0.38000000
vn -0.99300000 -0.00000000 0.11850000
vn -0.99300000 -0.00010000 0.11850000
vn -0.99300000 -0.00000000 0.11850000
vn 0.01160000 0.99520000 0.09730000
vn 0.01160000 0.99520000 0.09730000
vn -0.99300000 -0.00000000 0.11850000
vn -0.00000000 1.00000000 -0.00000000
vn -0.99300000 -0.01160000 -0.11730000
vn -0.00440000 0.99930000 -0.03710000
vn -0.98310000 -0.00000000 -0.18310000
vn -0.00870000 0.99810000 -0.06110000
vn -0.99300000 -0.00010000 0.11850000
vn -0.00000000 1.00000000 -0.00000000
vn -0.99860000 -0.01160000 0.05230000
vn -0.98310000 -0.00000000 -0.18310000
vn -0.01630000 -0.99060000 -0.13600000
vn -0.01630000 0.99060000 -0.13600000
vn -0.98310000 -0.00000000 -0.18310000
vn -0.53760000 -0.00000000 -0.84320000
vn -0.00000000 -1.00000000 -0.00000000
vn -0.70240000 -0.00000000 0.71170000
vn -0.00000000 -1.00000000 -0.00000000
vn -0.94170000 -0.00000000 0.33650000
vn -0.00000000 -1.00000000 -0.00000000
vn -0.38010000 -0.70710000 -0.59620000
vn -0.00000000 -1.00000000 -0.00000000
vn -0.60120000 -0.70710000 -0.37230000
vn -0.00000000 -1.00000000 -0.00000000
vn -0.70320000 -0.70710000 -0.07450000
vn -0.00000000 -1.00000000 -0.00000000
vn -0.99440000 -0.00000000 -0.10540000
vn -0.00000000 -1.00000000 -0.00000000
vn -0.00000000 -1.00000000 -0.00000000
vn -0.85020000 -0.00000000 -0.52640000
vn -0.66590000 -0.70710000 0.23790000
vn -0.00000000 -1.00000000 -0.00000000
vn -0.00000000 -1.00000000 -0.00000000
vn -0.32410000 -0.00000000 0.94600000
vn -0.00000000 -1.00000000 -0.00000000
vn -0.70240000 -0.00000000 0.71180000
vn -0.94170000 -0.00000000 0.33650000
vn -0.00000000 -1.00000000 -0.00000000
vn -0.99440000 -0.00000000 -0.10540000
vn -0.00000000 -1.00000000 -0.00000000
vn -0.32410000 -0.00000000 0.94600000
vn -0.00000000 -1.00000000 -0.00000000
vn -0.53760000 -0.00000000 -0.84320000
vn -0.00000000 -1.00000000 -0.00000000
vn -0.85020000 -0.00000000 -0.52640000
vn -0.00000000 -1.00000000 -0.00000000
vn -0.00000000 -1.00000000 -0.00000000
vn -0.22920000 -0.70710000 0.66900000
vn -0.49670000 -0.70710000 0.50330000
vn -0.00000000 -1.00000000 -0.00000000
vn -0.00000000 1.00000000 -0.00000000
vn 0.18390000 0.00890000 -0.98290000
vn 0.18390000 -0.00890000 -0.98290000
vn -0.00000000 -1.00000000 -0.00000000
vn -0.00000000 1.00000000 -0.00000000
vn -0.04330000 0.00430000 -0.99910000
vn -0.00000000 -1.00000000 -0.00000000
vn -0.04330000 -0.00430000 -0.99910000
vn -0.00000000 1.00000000 -0.00000000
vn -0.17250000 -0.00000000 -0.98500000
vn -0.47990000 -0.00000000 -0.87730000
vn -0.00000000 1.00000000 -0.00000000
vn -0.33060000 -0.00000000 -0.94380000
vn -0.00000000 1.00000000 -0.00000000
vn 0.02080000 -0.97770000 0.20900000
vn -0.75340000 0.00140000 0.65760000
vn -0.65430000 0.00050000 0.75620000
vn 0.04680000 -0.90000000 0.43340000
vn -0.57050000 -0.00000000 0.82130000
vn 0.06490000 -0.81650000 0.57360000
vn -0.99440000 -0.00000000 -0.10540000
vn -0.00000000 1.00000000 -0.00000000
vn -0.00000000 1.00000000 -0.00000000
vn -0.85020000 -0.00000000 -0.52640000
vn -0.85020000 -0.00000000 -0.52650000
vn -0.70240000 -0.00000000 0.71180000
vn -0.00000000 1.00000000 -0.00000000
vn -0.00000000 1.00000000 -0.00000000
vn -0.32410000 -0.00000000 0.94600000
vn -0.85020000 -0.00000000 -0.52640000
vn -0.00000000 1.00000000 -0.00000000
vn -0.00000000 1.00000000 -0.00000000
vn -0.94170000 -0.00000000 0.33650000
vn -0.70240000 -0.00000000 0.71170000
vn -0.00000000 1.00000000 -0.00000000
vn -0.32410000 -0.00000000 0.94600000
vn -0.00000000 1.00000000 -0.00000000
vn -0.00000000 1.00000000 -0.00000000
vn -0.38010000 0.70710000 -0.59620000
vn -0.60120000 0.70710000 -0.37230000
vn -0.00000000 1.00000000 -0.00000000
vn -0.53760000 -0.00000000 -0.84320000
vn -0.00000000 1.00000000 -0.00000000
vn -0.00000000 1.00000000 -0.00000000
vn -0.99440000 -0.00000000 -0.10540000
vn -0.94170000 -0.00000000 0.33650000
vn -0.00000000 1.00000000 -0.00000000
vn -0.00000000 1.00000000 -0.00000000
vn -0.53760000 -0.00000000 -0.84320000
vn -0.22910000 0.70710000 0.66900000
vn -0.00000000 1.00000000 -0.00000000
vn -0.00000000 1.00000000 -0.00000000
vn -0.49670000 0.70710000 0.50330000
vn -0.66580000 0.70710000 0.23790000
vn -0.00000000 1.00000000 -0.00000000
vn -0.70320000 0.70710000 -0.07450000
vn -0.00000000 1.00000000 -0.00000000
vn -0.17250000 -0.00000000 -0.98500000
vn -0.00000000 -1.00000000 -0.00000000
vn -0.47990000 -0.00000000 -0.87730000
vn -0.00000000 -1.00000000 -0.00000000
vn -0.33060000 -0.00000000 -0.94380000
vn -0.00000000 -1.00000000 -0.00000000
vn -0.57050000 -0.00000000 0.82130000
vn 0.06680000 0.81620000 0.57390000
vn -0.65430000 -0.00050000 0.75620000
vn 0.05090000 0.90290000 0.42680000
vn -0.75360000 -0.00080000 0.65740000
vn 0.02490000 0.97740000 0.21000000
vn -0.54750000 -0.00000000 0.83680000
vn 0.06720000 -0.75870000 0.64800000
vn -0.54750000 -0.00000000 0.83680000
vn 0.07290000 0.77890000 0.62280000
vn -0.99300000 -0.00000000 0.11850000
vn -0.01160000 0.99520000 -0.09730000
vn -0.04540000 0.92390000 -0.38000000
vn -0.99300000 -0.00000000 0.11850000
vn -0.08380000 0.70710000 -0.70210000
vn -0.99300000 -0.00000000 0.11850000
vn -0.10950000 0.38270000 -0.91740000
vn -0.99300000 -0.00000000 0.11850000
vn -0.11790000 0.09800000 -0.98820000
vn -0.99300000 -0.00000000 0.11850000
vn -0.99300000 -0.00010000 0.11840000
vn -0.11790000 -0.09800000 -0.98820000
vn -0.99300000 -0.00000000 0.11850000
vn -0.99300000 -0.00010000 0.11840000
vn -0.10950000 -0.38270000 -0.91740000
vn -0.99300000 -0.00010000 0.11840000
vn -0.08380000 -0.70710000 -0.70210000
vn -0.99300000 -0.00010000 0.11850000
vn -0.99300000 -0.00000000 0.11850000
vn -0.04530000 -0.92390000 -0.38000000
vn -0.99300000 -0.00010000 0.11850000
vn -0.99300000 -0.00000000 0.11850000
vn -0.01160000 -0.99520000 -0.09730000
vn -0.99300000 -0.00010000 0.11850000
vn 0.01730000 0.70700000 -0.70700000
vn -0.00000000 -1.00000000 -0.00000000
vn -0.00000000 -1.00000000 -0.00000000
vn 0.36850000 0.70710000 -0.60360000
vn -0.00000000 -1.00000000 -0.00000000
vn -0.00000000 -1.00000000 -0.00000000
vn -0.00000000 -1.00000000 -0.00000000
vn 0.62080000 0.70720000 -0.33840000
vn -0.00000000 -1.00000000 -0.00000000
vn -0.00000000 -1.00000000 -0.00000000
vn 0.70700000 0.70700000 0.01730000
vn -0.00000000 -1.00000000 -0.00000000
vn 0.60360000 0.70710000 0.36850000
vn -0.00000000 -1.00000000 -0.00000000
vn -0.00000000 -1.00000000 -0.00000000
vn 0.33840000 0.70720000 0.62080000
vn -0.00000000 -1.00000000 -0.00000000
vn -0.00000000 -1.00000000 -0.00000000
vn -0.00000000 -1.00000000 -0.00000000
vn -0.01730000 0.70700000 0.70700000
vn -0.00000000 -1.00000000 -0.00000000
vn -0.00000000 -1.00000000 -0.00000000
vn -0.36850000 0.70710000 0.60360000
vn -0.00000000 -1.00000000 -0.00000000
vn -0.00000000 -1.00000000 -0.00000000
vn -0.00000000 -1.00000000 -0.00000000
vn -0.62080000 0.70720000 0.33840000
vn -0.00000000 -1.00000000 -0.00000000
vn -0.00000000 -1.00000000 -0.00000000
vn -0.70700000 0.70700000 -0.01730000
vn -0.00000000 -1.00000000 -0.00000000
vn -0.00000000 -1.00000000 -0.00000000
vn -0.60360000 0.70710000 -0.36850000
vn -0.00000000 -1.00000000 -0.00000000
vn -0.33840000 0.70720000 -0.62080000
vn -0.00000000 -1.00000000 -0.00000000
vn -0.00000000 -1.00000000 -0.00000000
vn -0.00000000 -1.00000000 -0.00000000
f 2//2 4//4 6//6
f 2//2 6//6 8//8
f 8//8 6//6 9//9
f 8//8 9//9 12//12
f 12//12 9//9 13//13
f 12//12 13//13 15//15
f 15//15 13//13 18//18
f 15//15 18//18 19//19
f 19//19 18//18 21//21
f 19//19 21//21 24//24
f 24//24 21//21 26//26
f 24//24 26//26 28//28
f 28//28 26//26 29//29
f 28//28 29//29 31//31
f 31//31 29//29 33//33
f 31//31 33//33 35//35
f 35//35 33//33 37//37
f 35//35 37//37 39//39
f 39//39 37//37 41//41
f 39//39 41//41 44//44
f 44//44 41//41 45//45
f 44//44 45//45 47//47
f 47//47 45//45 49//49
f 47//47 49//49 51//51
f 51//51 49//49 53//53
f 51//51 53//53 55//55
f 55//55 53//53 57//57
f 55//55 57//57 60//60
f 60//60 57//57 61//61
f 60//60 61//61 63//63
f 63//63 61//61 65//65
f 63//63 65//65 67//67
f 67//67 65//65 70//70
f 67//67 70//70 71//71
f 71//71 70//70 4//4
f 71//71 4//4 2//2
f 30//30 66//66 62//62
f 66//66 30//30 69//69
f 69//69 30//30 5//5
f 69//69 5//5 3//3
f 62//62 58//58 30//30
f 30//30 58//58 54//54
f 30//30 54//54 50//50
f 30//30 25//25 22//22
f 38//38 34//34 42//42
f 42//42 34//34 30//30
f 42//42 30//30 46//46
f 46//46 30//30 50//50
f 10//10 5//5 14//14
f 14//14 5//5 30//30
f 14//14 30//30 17//17
f 17//17 30//30 22//22
f 73//73 76//76 77//77
f 76//76 79//79 81//81
f 83//83 85//85 87//87
f 76//76 89//89 79//79
f 79//79 89//89 91//91
f 79//79 91//91 83//83
f 87//87 93//93 95//95
f 83//83 87//87 79//79
f 79//79 87//87 95//95
f 79//79 95//95 97//97
f 81//81 99//99 76//76
f 76//76 99//99 101//101
f 76//76 101//101 77//77
f 104//104 105//105 77//77
f 77//77 105//105 107//107
f 77//77 107//107 73//73
f 110//110 74//74 108//108
f 110//110 108//108 112//112
f 112//112 108//108 106//106
f 112//112 106//106 113//113
f 113//113 106//106 103//103
f 113//113 103//103 115//115
f 115//115 103//103 78//78
f 115//115 78//78 117//117
f 117//117 78//78 102//102
f 117//117 102//102 120//120
f 120//120 102//102 100//100
f 120//120 100//100 122//122
f 122//122 100//100 82//82
f 122//122 82//82 124//124
f 124//124 82//82 80//80
f 124//124 80//80 126//126
f 126//126 80//80 98//98
f 126//126 98//98 128//128
f 128//128 98//98 96//96
f 128//128 96//96 130//130
f 130//130 96//96 94//94
f 130//130 94//94 132//132
f 132//132 94//94 88//88
f 132//132 88//88 133//133
f 133//133 88//88 86//86
f 133//133 86//86 136//136
f 136//136 86//86 84//84
f 136//136 84//84 137//137
f 137//137 84//84 92//92
f 137//137 92//92 139//139
f 139//139 92//92 90//90
f 139//139 90//90 142//142
f 142//142 90//90 75//75
f 142//142 75//75 143//143
f 143//143 75//75 74//74
f 143//143 74//74 110//110
f 146//146 147//147 149//149
f 146//146 149//149 151//151
f 151//151 149//149 153//153
f 151//151 153//153 155//155
f 155//155 153//153 157//157
f 155//155 157//157 160//160
f 160//160 157//157 162//162
f 160//160 162//162 163//163
f 163//163 162//162 166//166
f 163//163 166//166 167//167
f 167//167 166//166 170//170
f 167//167 170//170 172//172
f 172//172 170//170 173//173
f 172//172 173//173 175//175
f 175//175 173//173 177//177
f 175//175 177//177 179//179
f 179//179 177//177 182//182
f 179//179 182//182 183//183
f 183//183 182//182 185//185
f 183//183 185//185 187//187
f 187//187 185//185 189//189
f 187//187 189//189 192//192
f 192//192 189//189 147//147
f 192//192 147//147 146//146
f 184//184 204//204 180//180
f 180//180 204//204 205//205
f 180//180 205//205 176//176
f 176//176 205//205 206//206
f 176//176 206//206 171//171
f 171//171 206//206 193//193
f 171//171 193//193 168//168
f 168//168 193//193 194//194
f 168//168 194//194 164//164
f 164//164 194//194 195//195
f 164//164 195//195 159//159
f 195//195 196//196 159//159
f 159//159 196//196 197//197
f 159//159 197//197 156//156
f 156//156 197//197 198//198
f 156//156 198//198 152//152
f 152//152 198//198 199//199
f 152//152 199//199 145//145
f 145//145 199//199 200//200
f 145//145 200//200 191//191
f 191//191 200//200 201//201
f 191//191 201//201 188//188
f 188//188 201//201 202//202
f 188//188 202//202 184//184
f 184//184 202//202 203//203
f 184//184 203//203 204//204
f 207//207 208//208 210//210
f 210//210 208//208 211//211
f 210//210 211//211 213//213
f 213//213 211//211 214//214
f 213//213 214//214 216//216
f 216//216 214//214 217//217
f 216//216 217//217 219//219
f 219//219 217//217 221//221
f 219//219 221//221 222//222
f 222//222 221//221 224//224
f 222//222 224//224 225//225
f 225//225 224//224 226//226
f 225//225 226//226 228//228
f 228//228 226//226 229//229
f 238//238 239//239 242//242
f 242//242 239//239 244//244
f 242//242 244//244 245//245
f 245//245 244//244 247//247
f 245//245 247//247 250//250
f 250//250 247//247 251//251
f 250//250 251//251 254//254
f 254//254 251//251 255//255
f 254//254 255//255 258//258
f 258//258 255//255 259//259
f 258//258 259//259 261//261
f 259//259 264//264 261//261
f 261//261 264//264 265//265
f 261//261 265//265 267//267
f 267//267 265//265 269//269
f 267//267 269//269 271//271
f 271//271 269//269 273//273
f 271//271 273//273 276//276
f 276//276 273//273 277//277
f 276//276 277//277 280//280
f 280//280 277//277 283//283
f 280//280 283//283 284//284
f 284//284 283//283 286//286
f 284//284 286//286 238//238
f 238//238 286//286 289//289
f 238//238 289//289 239//239
f 243//243 291//291 248//248
f 248//248 291//291 293//293
f 248//248 293//293 252//252
f 252//252 293//293 294//294
f 252//252 294//294 256//256
f 256//256 294//294 296//296
f 256//256 296//296 260//260
f 260//260 296//296 299//299
f 260//260 299//299 263//263
f 263//263 299//299 301//301
f 263//263 301//301 266//266
f 266//266 301//301 303//303
f 266//266 303//303 270//270
f 270//270 303//303 304//304
f 161//161 306//306 165//165
f 165//165 306//306 308//308
f 165//165 308//308 169//169
f 169//169 308//308 310//310
f 169//169 310//310 174//174
f 174//174 310//310 313//313
f 174//174 313//313 178//178
f 178//178 313//313 314//314
f 178//178 314//314 181//181
f 181//181 314//314 316//316
f 181//181 316//316 186//186
f 316//316 319//319 186//186
f 186//186 319//319 320//320
f 186//186 320//320 190//190
f 190//190 320//320 322//322
f 190//190 322//322 148//148
f 148//148 322//322 324//324
f 148//148 324//324 150//150
f 150//150 324//324 326//326
f 150//150 326//326 154//154
f 154//154 326//326 330//330
f 154//154 330//330 158//158
f 158//158 330//330 331//331
f 158//158 331//331 161//161
f 161//161 331//331 334//334
f 161//161 334//334 306//306
f 317//317 335//335 318//318
f 318//318 335//335 337//337
f 318//318 337//337 321//321
f 321//321 337//337 340//340
f 321//321 340//340 323//323
f 323//323 340//340 341//341
f 323//323 341//341 325//325
f 325//325 341//341 343//343
f 325//325 343//343 327//327
f 327//327 343//343 346//346
f 328//328 345//345 329//329
f 329//329 345//345 348//348
f 329//329 348//348 332//332
f 332//332 348//348 351//351
f 352//352 354//354 355//355
f 355//355 354//354 357//357
f 355//355 357//357 358//358
f 358//358 357//357 360//360
f 358//358 360//360 361//361
f 361//361 360//360 362//362
f 361//361 362//362 364//364
f 364//364 362//362 365//365
f 364//364 365//365 367//367
f 367//367 365//365 369//369
f 367//367 369//369 370//370
f 370//370 369//369 371//371
f 370//370 371//371 373//373
f 373//373 371//371 375//375
f 382//382 385//385 386//386
f 386//386 385//385 390//390
f 388//388 389//389 393//393
f 393//393 389//389 394//394
f 393//393 394//394 397//397
f 397//397 394//394 399//399
f 397//397 399//399 401//401
f 401//401 399//399 403//403
f 401//401 403//403 404//404
f 404//404 403//403 408//408
f 405//405 409//409 410//410
f 410//410 409//409 415//415
f 398//398 416//416 402//402
f 402//402 416//416 418//418
f 402//402 418//418 407//407
f 407//407 418//418 421//421
f 407//407 421//421 413//413
f 413//413 421//421 422//422
f 413//413 422//422 425//425
f 425//425 422//422 426//426
f 425//425 426//426 430//430
f 430//430 426//426 432//432
f 430//430 432//432 433//433
f 432//432 435//435 433//433
f 433//433 435//435 438//438
f 433//433 438//438 439//439
f 439//439 438//438 442//442
f 439//439 442//442 444//444
f 444//444 442//442 447//447
f 444//444 447//447 384//384
f 384//384 447//447 449//449
f 384//384 449//449 391//391
f 391//391 449//449 451//451
f 391//391 451//451 395//395
f 395//395 451//451 452//452
f 395//395 452//452 398//398
f 398//398 452//452 454//454
f 398//398 454//454 416//416
f 448//448 456//456 450//450
f 450//450 456//456 458//458
f 450//450 458//458 453//453
f 453//453 458//458 461//461
f 453//453 461//461 455//455
f 455//455 461//461 462//462
f 455//455 462//462 417//417
f 417//417 462//462 464//464
f 417//417 464//464 419//419
f 419//419 464//464 466//466
f 419//419 466//466 420//420
f 420//420 466//466 468//468
f 420//420 468//468 423//423
f 423//423 468//468 470//470
f 473//473 475//475 477//477
f 477//477 475//475 480//480
f 478//478 481//481 482//482
f 482//482 481//481 484//484
f 482//482 484//484 486//486
f 486//486 484//484 488//488
f 486//486 488//488 491//491
f 491//491 488//488 492//492
f 491//491 492//492 495//495
f 495//495 492//492 498//498
f 496//496 499//499 502//502
f 502//502 499//499 505//505
f 487//487 507//507 483//483
f 483//483 507//507 508//508
f 483//483 508//508 476//476
f 476//476 508//508 511//511
f 476//476 511//511 472//472
f 472//472 511//511 512//512
f 472//472 512//512 514//514
f 514//514 512//512 517//517
f 514//514 517//517 520//520
f 520//520 517//517 522//522
f 520//520 522//522 523//523
f 522//522 525//525 523//523
f 523//523 525//525 527//527
f 523//523 527//527 531//531
f 531//531 527//527 533//533
f 531//531 533//533 535//535
f 535//535 533//533 536//536
f 535//535 536//536 501//501
f 501//501 536//536 539//539
f 501//501 539//539 494//494
f 494//494 539//539 541//541
f 494//494 541//541 490//490
f 490//490 541//541 543//543
f 490//490 543//543 487//487
f 487//487 543//543 545//545
f 487//487 545//545 507//507
f 538//538 546//546 540//540
f 540//540 546//546 548//548
f 540//540 548//548 542//542
f 542//542 548//548 550//550
f 542//542 550//550 544//544
f 544//544 550//550 553//553
f 544//544 553//553 506//506
f 506//506 553//553 555//555
f 506//506 555//555 509//509
f 509//509 555//555 557//557
f 509//509 557//557 510//510
f 510//510 557//557 559//559
f 510//510 559//559 513//513
f 513//513 559//559 560//560
f 563//563 567//567 568//568
f 568//568 567//567 572//572
f 568//568 572//572 575//575
f 575//575 572//572 576//576
f 575//575 576//576 579//579
f 579//579 576//576 580//580
f 579//579 580//580 583//583
f 583//583 580//580 585//585
f 589//589 591//591 593//593
f 593//593 591//591 595//595
f 593//593 595//595 598//598
f 598//598 595//595 602//602
f 600//600 601//601 604//604
f 604//604 601//601 607//607
f 611//611 613//613 609//609
f 612//612 608//608 615//615
f 608//608 603//603 615//615
f 615//615 603//603 594//594
f 615//615 594//594 619//619
f 617//617 596//596 590//590
f 617//617 590//590 621//621
f 624//624 626//626 586//586
f 566//566 628//628 631//631
f 565//565 629//629 571//571
f 573//573 631//631 633//633
f 573//573 633//633 577//577
f 622//622 587//587 634//634
f 634//634 587//587 581//581
f 633//633 582//582 577//577
f 637//637 640//640 644//644
f 644//644 640//640 649//649
f 654//654 658//658 663//663
f 663//663 658//658 666//666
f 667//667 669//669 672//672
f 674//674 677//677 678//678
f 678//678 677//677 680//680
f 678//678 680//680 682//682
f 682//682 680//680 686//686
f 671//671 687//687 691//691
f 694//694 696//696 699//699
f 672//672 669//669 702//702
f 702//702 669//669 689//689
f 700//700 690//690 704//704
f 705//705 710//710 712//712
f 713//713 708//708 684//684
f 711//711 686//686 672//672
f 672//672 686//686 680//680
f 672//672 680//680 667//667
f 667//667 680//680 694//694
f 667//667 694//694 715//715
f 715//715 694//694 699//699
f 717//717 718//718 719//719
f 720//720 721//721 722//722
f 723//723 724//724 725//725
f 721//721 726//726 727//727
f 721//721 727//727 722//722
f 722//722 727//727 728//728
f 722//722 728//728 729//729
f 729//729 728//728 730//730
f 729//729 730//730 731//731
f 731//731 730//730 732//732
f 731//731 732//732 733//733
f 734//734 735//735 736//736
f 736//736 735//735 720//720
f 720//720 722//722 736//736
f 736//736 722//722 729//729
f 736//736 729//729 737//737
f 737//737 729//729 731//731
f 737//737 731//731 738//738
f 738//738 731//731 733//733
f 738//738 733//733 739//739
f 725//725 740//740 723//723
f 723//723 740//740 741//741
f 723//723 741//741 742//742
f 734//734 736//736 743//743
f 743//743 736//736 737//737
f 743//743 737//737 744//744
f 744//744 737//737 738//738
f 744//744 738//738 745//745
f 745//745 738//738 739//739
f 745//745 739//739 746//746
f 747//747 748//748 743//743
f 743//743 748//748 749//749
f 743//743 749//749 734//734
f 750//750 751//751 746//746
f 746//746 751//751 752//752
f 746//746 752//752 745//745
f 745//745 752//752 753//753
f 745//745 753//753 744//744
f 744//744 753//753 754//754
f 744//744 754//754 743//743
f 743//743 754//754 755//755
f 743//743 755//755 747//747
f 718//718 750//750 719//719
f 719//719 750//750 746//746
f 719//719 746//746 756//756
f 756//756 746//746 739//739
f 756//756 739//739 757//757
f 757//757 739//739 733//733
f 757//757 733//733 758//758
f 758//758 733//733 732//732
f 759//759 717//717 760//760
f 760//760 717//717 719//719
f 760//760 719//719 742//742
f 742//742 719//719 756//756
f 742//742 756//756 723//723
f 723//723 756//756 757//757
f 723//723 757//757 724//724
f 724//724 757//757 758//758
f 741//741 761//761 742//742
f 742//742 761//761 762//762
f 742//742 762//762 760//760
f 760//760 762//762 763//763
f 760//760 763//763 759//759
f 759//759 763//763 764//764
f 748//748 765//765 749//749
f 749//749 765//765 766//766
f 749//749 766//766 734//734
f 734//734 766//766 767//767
f 734//734 767//767 735//735
f 735//735 767//767 768//768
f 735//735 768//768 720//720
f 720//720 768//768 769//769
f 720//720 769//769 721//721
f 721//721 769//769 770//770
f 721//721 770//770 726//726
f 726//726 770//770 771//771
f 772//772 764//764 773//773
f 773//773 764//764 763//763
f 773//773 763//763 774//774
f 774//774 763//763 762//762
f 774//774 762//762 775//775
f 775//775 762//762 761//761
f 775//775 761//761 776//776
f 776//776 761//761 741//741
f 776//776 741//741 777//777
f 777//777 741//741 740//740
f 777//777 740//740 778//778
f 778//778 740//740 725//725
f 779//779 780//780 781//781
f 782//782 783//783 784//784
f 785//785 786//786 771//771
f 783//783 787//787 788//788
f 783//783 788//788 784//784
f 784//784 788//788 789//789
f 784//784 789//789 790//790
f 790//790 789//789 791//791
f 790//790 791//791 792//792
f 792//792 791//791 793//793
f 792//792 793//793 794//794
f 795//795 796//796 797//797
f 797//797 796//796 782//782
f 782//782 784//784 797//797
f 797//797 784//784 790//790
f 797//797 790//790 798//798
f 798//798 790//790 792//792
f 798//798 792//792 799//799
f 799//799 792//792 794//794
f 799//799 794//794 800//800
f 771//771 770//770 785//785
f 785//785 770//770 769//769
f 785//785 769//769 801//801
f 795//795 797//797 802//802
f 802//802 797//797 798//798
f 802//802 798//798 803//803
f 803//803 798//798 799//799
f 803//803 799//799 804//804
f 804//804 799//799 800//800
f 804//804 800//800 805//805
f 806//806 807//807 802//802
f 802//802 807//807 808//808
f 802//802 808//808 795//795
f 809//809 810//810 805//805
f 805//805 810//810 811//811
f 805//805 811//811 804//804
f 804//804 811//811 812//812
f 804//804 812//812 803//803
f 803//803 812//812 813//813
f 803//803 813//813 802//802
f 802//802 813//813 814//814
f 802//802 814//814 806//806
f 780//780 809//809 781//781
f 781//781 809//809 805//805
f 781//781 805//805 815//815
f 815//815 805//805 800//800
f 815//815 800//800 816//816
f 816//816 800//800 794//794
f 816//816 794//794 817//817
f 817//817 794//794 793//793
f 818//818 779//779 819//819
f 819//819 779//779 781//781
f 819//819 781//781 801//801
f 801//801 781//781 815//815
f 801//801 815//815 785//785
f 785//785 815//815 816//816
f 785//785 816//816 786//786
f 786//786 816//816 817//817
f 769//769 768//768 801//801
f 801//801 768//768 767//767
f 801//801 767//767 819//819
f 819//819 767//767 766//766
f 819//819 766//766 818//818
f 818//818 766//766 765//765
f 820//820 821//821 822//822
f 778//778 821//821 777//777
f 777//777 821//821 820//820
f 777//777 820//820 776//776
f 776//776 820//820 823//823
f 822//822 824//824 820//820
f 820//820 824//824 825//825
f 820//820 825//825 823//823
f 826//826 774//774 823//823
f 823//823 774//774 775//775
f 823//823 775//775 776//776
f 827//827 772//772 826//826
f 826//826 772//772 773//773
f 826//826 773//773 774//774
f 825//825 828//828 823//823
f 823//823 828//828 829//829
f 823//823 829//829 826//826
f 826//826 829//829 830//830
f 826//826 830//830 827//827
f 827//827 830//830 831//831
f 832//832 787//787 833//833
f 833//833 787//787 783//783
f 833//833 783//783 834//834
f 834//834 783//783 782//782
f 834//834 782//782 835//835
f 835//835 782//782 796//796
f 835//835 796//796 836//836
f 836//836 796//796 795//795
f 836//836 795//795 837//837
f 837//837 795//795 808//808
f 837//837 808//808 838//838
f 838//838 808//808 807//807
f 822//822 839//839 824//824
f 824//824 839//839 840//840
f 824//824 840//840 825//825
f 825//825 840//840 841//841
f 825//825 841//841 828//828
f 828//828 841//841 842//842
f 828//828 842//842 829//829
f 829//829 842//842 843//843
f 829//829 843//843 830//830
f 830//830 843//843 844//844
f 830//830 844//844 831//831
f 831//831 844//844 845//845
f 846//846 847//847 848//848
f 849//849 850//850 851//851
f 852//852 853//853 832//832
f 850//850 854//854 855//855
f 850//850 855//855 851//851
f 851//851 855//855 856//856
f 851//851 856//856 857//857
f 857//857 856//856 858//858
f 857//857 858//858 859//859
f 859//859 858//858 860//860
f 859//859 860//860 861//861
f 862//862 863//863 864//864
f 864//864 863//863 849//849
f 849//849 851//851 864//864
f 864//864 851//851 857//857
f 864//864 857//857 865//865
f 865//865 857//857 859//859
f 865//865 859//859 866//866
f 866//866 859//859 861//861
f 866//866 861//861 867//867
f 832//832 833//833 852//852
f 852//852 833//833 834//834
f 852//852 834//834 868//868
f 862//862 864//864 869//869
f 869//869 864//864 865//865
f 869//869 865//865 870//870
f 870//870 865//865 866//866
f 870//870 866//866 871//871
f 871//871 866//866 867//867
f 871//871 867//867 872//872
f 873//873 874//874 869//869
f 869//869 874//874 875//875
f 869//869 875//875 862//862
f 876//876 877//877 872//872
f 872//872 877//877 878//878
f 872//872 878//878 871//871
f 871//871 878//878 879//879
f 871//871 879//879 870//870
f 870//870 879//879 880//880
f 870//870 880//880 869//869
f 869//869 880//880 881//881
f 869//869 881//881 873//873
f 847//847 876//876 848//848
f 848//848 876//876 872//872
f 848//848 872//872 882//882
f 882//882 872//872 867//867
f 882//882 867//867 883//883
f 883//883 867//867 861//861
f 883//883 861//861 884//884
f 884//884 861//861 860//860
f 885//885 846//846 886//886
f 886//886 846//846 848//848
f 886//886 848//848 868//868
f 868//868 848//848 882//882
f 868//868 882//882 852//852
f 852//852 882//882 883//883
f 852//852 883//883 853//853
f 853//853 883//883 884//884
f 834//834 835//835 868//868
f 868//868 835//835 836//836
f 868//868 836//836 886//886
f 886//886 836//836 837//837
f 886//886 837//837 885//885
f 885//885 837//837 838//838
f 887//887 888//888 889//889
f 839//839 890//890 840//840
f 840//840 890//890 891//891
f 840//840 891//891 841//841
f 841//841 891//891 892//892
f 889//889 843//843 892//892
f 892//892 843//843 842//842
f 892//892 842//842 841//841
f 893//893 894//894 895//895
f 895//895 894//894 896//896
f 895//895 896//896 897//897
f 897//897 896//896 898//898
f 897//897 898//898 899//899
f 899//899 898//898 900//900
f 899//899 900//900 901//901
f 902//902 903//903 904//904
f 904//904 903//903 905//905
f 904//904 905//905 906//906
f 906//906 905//905 907//907
f 906//906 907//907 908//908
f 908//908 907//907 909//909
f 903//903 910//910 905//905
f 905//905 910//910 911//911
f 905//905 911//911 907//907
f 907//907 911//911 912//912
f 907//907 912//912 909//909
f 909//909 912//912 913//913
f 914//914 915//915 916//916
f 916//916 915//915 917//917
f 916//916 917//917 918//918
f 918//918 917//917 919//919
f 918//918 919//919 920//920
f 920//920 919//919 921//921
f 888//888 845//845 889//889
f 889//889 845//845 844//844
f 889//889 844//844 843//843
f 922//922 887//887 923//923
f 923//923 887//887 889//889
f 923//923 889//889 924//924
f 924//924 889//889 892//892
f 924//924 892//892 925//925
f 925//925 892//892 891//891
f 925//925 891//891 926//926
f 926//926 891//891 890//890
f 926//926 893//893 925//925
f 925//925 893//893 895//895
f 925//925 895//895 924//924
f 924//924 895//895 897//897
f 924//924 897//897 923//923
f 923//923 897//897 899//899
f 923//923 899//899 922//922
f 922//922 899//899 901//901
f 927//927 928//928 900//900
f 900//900 928//928 929//929
f 900//900 929//929 901//901
f 913//913 930//930 909//909
f 909//909 930//930 927//927
f 909//909 927//927 908//908
f 908//908 927//927 900//900
f 908//908 900//900 906//906
f 906//906 900//900 898//898
f 906//906 898//898 904//904
f 904//904 898//898 896//896
f 904//904 896//896 902//902
f 902//902 896//896 894//894
f 931//931 932//932 913//913
f 913//913 932//932 933//933
f 913//913 933//933 930//930
f 910//910 914//914 911//911
f 911//911 914//914 916//916
f 911//911 916//916 912//912
f 912//912 916//916 918//918
f 912//912 918//918 913//913
f 913//913 918//918 920//920
f 913//913 920//920 931//931
f 931//931 920//920 921//921
f 931//931 921//921 934//934
f 874//874 935//935 875//875
f 875//875 935//935 936//936
f 875//875 936//936 862//862
f 862//862 936//936 937//937
f 862//862 937//937 863//863
f 863//863 937//937 938//938
f 863//863 938//938 849//849
f 849//849 938//938 939//939
f 849//849 939//939 850//850
f 850//850 939//939 940//940
f 850//850 940//940 854//854
f 854//854 940//940 941//941
f 915//915 942//942 943//943
f 915//915 943//943 917//917
f 917//917 943//943 944//944
f 917//917 944//944 919//919
f 919//919 944//944 945//945
f 919//919 945//945 921//921
f 921//921 945//945 946//946
f 921//921 946//946 934//934
f 947//947 948//948 941//941
f 941//941 940//940 947//947
f 947//947 940//940 939//939
f 947//947 939//939 949//949
f 950//950 948//948 951//951
f 951//951 948//948 947//947
f 951//951 947//947 952//952
f 952//952 947//947 949//949
f 952//952 949//949 953//953
f 953//953 949//949 954//954
f 953//953 954//954 955//955
f 955//955 954//954 956//956
f 939//939 938//938 949//949
f 949//949 938//938 937//937
f 949//949 937//937 954//954
f 954//954 937//937 936//936
f 954//954 936//936 956//956
f 956//956 936//936 935//935
f 957//957 958//958 959//959
f 960//960 961//961 962//962
f 962//962 961//961 963//963
f 963//963 964//964 962//962
f 962//962 964//964 965//965
f 962//962 965//965 966//966
f 966//966 965//965 967//967
f 966//966 967//967 968//968
f 967//967 969//969 968//968
f 968//968 969//969 946//946
f 968//968 946//946 945//945
f 970//970 961//961 971//971
f 971//971 961//961 960//960
f 971//971 960//960 972//972
f 972//972 960//960 958//958
f 958//958 960//960 959//959
f 959//959 960//960 962//962
f 959//959 962//962 973//973
f 973//973 962//962 966//966
f 973//973 966//966 974//974
f 974//974 966//966 968//968
f 974//974 968//968 975//975
f 975//975 968//968 945//945
f 975//975 945//945 944//944
f 976//976 977//977 978//978
f 978//978 977//977 957//957
f 957//957 959//959 978//978
f 978//978 959//959 973//973
f 978//978 973//973 979//979
f 979//979 973//973 974//974
f 979//979 974//974 980//980
f 980//980 974//974 975//975
f 980//980 975//975 981//981
f 981//981 975//975 944//944
f 981//981 944//944 943//943
f 976//976 978//978 982//982
f 982//982 978//978 979//979
f 982//982 979//979 983//983
f 983//983 979//979 980//980
f 983//983 980//980 984//984
f 984//984 980//980 981//981
f 984//984 981//981 985//985
f 985//985 981//981 943//943
f 985//985 943//943 942//942
f 986//986 950//950 951//951
f 986//986 951//951 987//987
f 987//987 951//951 952//952
f 987//987 952//952 988//988
f 988//988 952//952 953//953
f 988//988 953//953 989//989
f 989//989 953//953 955//955
f 989//989 955//955 990//990
f 991//991 970//970 992//992
f 992//992 970//970 971//971
f 992//992 971//971 993//993
f 993//993 971//971 972//972
f 993//993 972//972 994//994
f 994//994 972//972 958//958
f 994//994 958//958 995//995
f 995//995 958//958 957//957
f 995//995 957//957 996//996
f 996//996 957//957 977//977
f 996//996 977//977 997//997
f 997//997 977//977 976//976
f 998//998 999//999 991//991
f 991//991 992//992 998//998
f 998//998 992//992 993//993
f 998//998 993//993 1000//1000
f 1000//1000 993//993 994//994
f 1000//1000 994//994 1001//1001
f 990//990 999//999 989//989
f 989//989 999//999 998//998
f 989//989 998//998 988//988
f 988//988 998//998 1000//1000
f 988//988 1000//1000 987//987
f 987//987 1000//1000 1001//1001
f 987//987 1001//1001 986//986
f 986//986 1001//1001 1002//1002
f 994//994 995//995 1001//1001
f 1001//1001 995//995 996//996
f 1001//1001 996//996 1002//1002
f 1002//1002 996//996 997//997
f 1003//1003 1004//1004 1005//1005
f 1006//1006 1007//1007 1008//1008
f 1004//1004 1009//1009 1010//1010
f 1004//1004 1010//1010 1005//1005
f 1005//1005 1010//1010 1011//1011
f 1005//1005 1011//1011 1012//1012
f 1011//1011 1013//1013 1012//1012
f 1012//1012 1013//1013 1014//1014
f 1012//1012 1014//1014 1015//1015
f 1014//1014 1016//1016 1015//1015
f 1015//1015 1016//1016 1017//1017
f 1015//1015 1017//1017 1018//1018
f 1018//1018 1017//1017 1019//1019
f 1018//1018 1019//1019 1020//1020
f 1020//1020 1019//1019 1021//1021
f 1020//1020 1021//1021 1006//1006
f 1006//1006 1021//1021 1022//1022
f 1006//1006 1022//1022 1007//1007
f 1023//1023 1024//1024 1025//1025
f 1025//1025 1024//1024 1003//1003
f 1003//1003 1005//1005 1025//1025
f 1025//1025 1005//1005 1012//1012
f 1025//1025 1012//1012 1026//1026
f 1026//1026 1012//1012 1015//1015
f 1026//1026 1015//1015 1027//1027
f 1027//1027 1015//1015 1018//1018
f 1027//1027 1018//1018 1028//1028
f 1028//1028 1018//1018 1020//1020
f 1028//1028 1020//1020 1029//1029
f 1029//1029 1020//1020 1006//1006
f 1029//1029 1006//1006 1030//1030
f 1031//1031 1032//1032 1033//1033
f 1033//1033 1032//1032 1023//1023
f 1008//1008 1034//1034 1006//1006
f 1006//1006 1034//1034 1035//1035
f 1006//1006 1035//1035 1030//1030
f 1030//1030 1035//1035 1036//1036
f 1030//1030 1036//1036 1037//1037
f 1023//1023 1025//1025 1033//1033
f 1033//1033 1025//1025 1026//1026
f 1033//1033 1026//1026 1038//1038
f 1038//1038 1026//1026 1027//1027
f 1038//1038 1027//1027 1039//1039
f 1039//1039 1027//1027 1028//1028
f 1039//1039 1028//1028 1040//1040
f 1040//1040 1028//1028 1029//1029
f 1040//1040 1029//1029 1041//1041
f 1041//1041 1029//1029 1030//1030
f 1041//1041 1030//1030 1042//1042
f 1042//1042 1030//1030 1037//1037
f 1042//1042 1037//1037 1043//1043
f 1031//1031 1033//1033 1044//1044
f 1044//1044 1033//1033 1038//1038
f 1044//1044 1038//1038 1045//1045
f 1045//1045 1038//1038 1039//1039
f 1045//1045 1039//1039 1046//1046
f 1046//1046 1039//1039 1040//1040
f 1046//1046 1040//1040 1047//1047
f 1047//1047 1040//1040 1041//1041
f 1047//1047 1041//1041 1048//1048
f 1048//1048 1041//1041 1042//1042
f 1048//1048 1042//1042 1049//1049
f 1049//1049 1042//1042 1043//1043
f 1049//1049 1043//1043 1050//1050
f 1031//1031 1051//1051 1032//1032
f 1032//1032 1051//1051 1052//1052
f 1032//1032 1052//1052 1023//1023
f 1023//1023 1052//1052 1053//1053
f 1023//1023 1053//1053 1024//1024
f 1024//1024 1053//1053 1054//1054
f 1024//1024 1054//1054 1003//1003
f 1003//1003 1054//1054 1055//1055
f 1003//1003 1055//1055 1004//1004
f 1004//1004 1055//1055 1056//1056
f 1004//1004 1056//1056 1009//1009
f 1009//1009 1056//1056 1057//1057
f 1058//1058 1050//1050 1059//1059
f 1059//1059 1050//1050 1043//1043
f 1059//1059 1043//1043 1060//1060
f 1060//1060 1043//1043 1037//1037
f 1060//1060 1037//1037 1061//1061
f 1061//1061 1037//1037 1036//1036
f 1061//1061 1036//1036 1062//1062
f 1062//1062 1036//1036 1035//1035
f 1062//1062 1035//1035 1063//1063
f 1063//1063 1035//1035 1034//1034
f 1063//1063 1034//1034 1064//1064
f 1064//1064 1034//1034 1008//1008
f 1065//1065 1066//1066 1067//1067
f 1068//1068 1069//1069 1057//1057
f 1066//1066 1070//1070 1071//1071
f 1066//1066 1071//1071 1067//1067
f 1067//1067 1071//1071 1072//1072
f 1067//1067 1072//1072 1073//1073
f 1072//1072 1074//1074 1073//1073
f 1073//1073 1074//1074 1075//1075
f 1073//1073 1075//1075 1076//1076
f 1075//1075 1077//1077 1076//1076
f 1076//1076 1077//1077 1078//1078
f 1076//1076 1078//1078 1079//1079
f 1079//1079 1078//1078 1080//1080
f 1079//1079 1080//1080 1081//1081
f 1081//1081 1080//1080 1082//1082
f 1081//1081 1082//1082 1068//1068
f 1068//1068 1082//1082 1083//1083
f 1068//1068 1083//1083 1069//1069
f 1084//1084 1085//1085 1086//1086
f 1086//1086 1085//1085 1065//1065
f 1065//1065 1067//1067 1086//1086
f 1086//1086 1067//1067 1073//1073
f 1086//1086 1073//1073 1087//1087
f 1087//1087 1073//1073 1076//1076
f 1087//1087 1076//1076 1088//1088
f 1088//1088 1076//1076 1079//1079
f 1088//1088 1079//1079 1089//1089
f 1089//1089 1079//1079 1081//1081
f 1089//1089 1081//1081 1090//1090
f 1090//1090 1081//1081 1068//1068
f 1090//1090 1068//1068 1091//1091
f 1092//1092 1093//1093 1094//1094
f 1094//1094 1093//1093 1084//1084
f 1057//1057 1056//1056 1068//1068
f 1068//1068 1056//1056 1055//1055
f 1068//1068 1055//1055 1091//1091
f 1091//1091 1055//1055 1054//1054
f 1091//1091 1054//1054 1053//1053
f 1084//1084 1086//1086 1094//1094
f 1094//1094 1086//1086 1087//1087
f 1094//1094 1087//1087 1095//1095
f 1095//1095 1087//1087 1088//1088
f 1095//1095 1088//1088 1096//1096
f 1096//1096 1088//1088 1089//1089
f 1096//1096 1089//1089 1097//1097
f 1097//1097 1089//1089 1090//1090
f 1097//1097 1090//1090 1098//1098
f 1098//1098 1090//1090 1091//1091
f 1098//1098 1091//1091 1099//1099
f 1099//1099 1091//1091 1053//1053
f 1099//1099 1053//1053 1052//1052
f 1092//1092 1094//1094 1100//1100
f 1100//1100 1094//1094 1095//1095
f 1100//1100 1095//1095 1101//1101
f 1101//1101 1095//1095 1096//1096
f 1101//1101 1096//1096 1102//1102
f 1102//1102 1096//1096 1097//1097
f 1102//1102 1097//1097 1103//1103
f 1103//1103 1097//1097 1098//1098
f 1103//1103 1098//1098 1104//1104
f 1104//1104 1098//1098 1099//1099
f 1104//1104 1099//1099 1105//1105
f 1105//1105 1099//1099 1052//1052
f 1105//1105 1052//1052 1051//1051
f 1106//1106 1107//1107 1108//1108
f 1064//1064 1107//1107 1063//1063
f 1063//1063 1107//1107 1106//1106
f 1063//1063 1106//1106 1062//1062
f 1062//1062 1106//1106 1109//1109
f 1108//1108 1110//1110 1106//1106
f 1106//1106 1110//1110 1111//1111
f 1106//1106 1111//1111 1109//1109
f 1112//1112 1060//1060 1109//1109
f 1109//1109 1060//1060 1061//1061
f 1109//1109 1061//1061 1062//1062
f 1113//1113 1058//1058 1112//1112
f 1112//1112 1058//1058 1059//1059
f 1112//1112 1059//1059 1060//1060
f 1111//1111 1114//1114 1109//1109
f 1109//1109 1114//1114 1115//1115
f 1109//1109 1115//1115 1112//1112
f 1112//1112 1115//1115 1116//1116
f 1112//1112 1116//1116 1113//1113
f 1113//1113 1116//1116 1117//1117
f 1118//1118 1070//1070 1119//1119
f 1119//1119 1070//1070 1066//1066
f 1119//1119 1066//1066 1120//1120
f 1120//1120 1066//1066 1065//1065
f 1120//1120 1065//1065 1121//1121
f 1121//1121 1065//1065 1085//1085
f 1121//1121 1085//1085 1122//1122
f 1122//1122 1085//1085 1084//1084
f 1122//1122 1084//1084 1123//1123
f 1123//1123 1084//1084 1093//1093
f 1123//1123 1093//1093 1124//1124
f 1124//1124 1093//1093 1092//1092
f 1108//1108 1125//1125 1110//1110
f 1110//1110 1125//1125 1126//1126
f 1110//1110 1126//1126 1111//1111
f 1111//1111 1126//1126 1127//1127
f 1111//1111 1127//1127 1114//1114
f 1114//1114 1127//1127 1128//1128
f 1114//1114 1128//1128 1115//1115
f 1115//1115 1128//1128 1129//1129
f 1115//1115 1129//1129 1116//1116
f 1116//1116 1129//1129 1130//1130
f 1116//1116 1130//1130 1117//1117
f 1117//1117 1130//1130 1131//1131
f 1132//1132 1133//1133 1134//1134
f 1135//1135 1136//1136 1118//1118
f 1133//1133 1137//1137 1138//1138
f 1133//1133 1138//1138 1134//1134
f 1134//1134 1138//1138 1139//1139
f 1134//1134 1139//1139 1140//1140
f 1139//1139 1141//1141 1140//1140
f 1140//1140 1141//1141 1142//1142
f 1140//1140 1142//1142 1143//1143
f 1142//1142 1144//1144 1143//1143
f 1143//1143 1144//1144 1145//1145
f 1143//1143 1145//1145 1146//1146
f 1146//1146 1145//1145 1147//1147
f 1146//1146 1147//1147 1148//1148
f 1148//1148 1147//1147 1149//1149
f 1148//1148 1149//1149 1135//1135
f 1135//1135 1149//1149 1150//1150
f 1135//1135 1150//1150 1136//1136
f 1151//1151 1152//1152 1153//1153
f 1153//1153 1152//1152 1132//1132
f 1132//1132 1134//1134 1153//1153
f 1153//1153 1134//1134 1140//1140
f 1153//1153 1140//1140 1154//1154
f 1154//1154 1140//1140 1143//1143
f 1154//1154 1143//1143 1155//1155
f 1155//1155 1143//1143 1146//1146
f 1155//1155 1146//1146 1156//1156
f 1156//1156 1146//1146 1148//1148
f 1156//1156 1148//1148 1157//1157
f 1157//1157 1148//1148 1135//1135
f 1157//1157 1135//1135 1158//1158
f 1159//1159 1160//1160 1161//1161
f 1161//1161 1160//1160 1151//1151
f 1118//1118 1119//1119 1135//1135
f 1135//1135 1119//1119 1120//1120
f 1135//1135 1120//1120 1158//1158
f 1158//1158 1120//1120 1121//1121
f 1158//1158 1121//1121 1122//1122
f 1151//1151 1153//1153 1161//1161
f 1161//1161 1153//1153 1154//1154
f 1161//1161 1154//1154 1162//1162
f 1162//1162 1154//1154 1155//1155
f 1162//1162 1155//1155 1163//1163
f 1163//1163 1155//1155 1156//1156
f 1163//1163 1156//1156 1164//1164
f 1164//1164 1156//1156 1157//1157
f 1164//1164 1157//1157 1165//1165
f 1165//1165 1157//1157 1158//1158
f 1165//1165 1158//1158 1166//1166
f 1166//1166 1158//1158 1122//1122
f 1166//1166 1122//1122 1123//1123
f 1159//1159 1161//1161 1167//1167
f 1167//1167 1161//1161 1162//1162
f 1167//1167 1162//1162 1168//1168
f 1168//1168 1162//1162 1163//1163
f 1168//1168 1163//1163 1169//1169
f 1169//1169 1163//1163 1164//1164
f 1169//1169 1164//1164 1170//1170
f 1170//1170 1164//1164 1165//1165
f 1170//1170 1165//1165 1171//1171
f 1171//1171 1165//1165 1166//1166
f 1171//1171 1166//1166 1172//1172
f 1172//1172 1166//1166 1123//1123
f 1172//1172 1123//1123 1124//1124
f 1127//1127 1126//1126 1173//1173
f 1126//1126 1125//1125 1174//1174
f 1126//1126 1174//1174 1173//1173
f 1173//1173 1174//1174 1175//1175
f 1173//1173 1175//1175 1176//1176
f 1175//1175 1177//1177 1176//1176
f 1176//1176 1177//1177 1178//1178
f 1176//1176 1178//1178 1179//1179
f 1179//1179 1178//1178 1180//1180
f 1179//1179 1180//1180 1181//1181
f 1181//1181 1180//1180 1182//1182
f 1181//1181 1182//1182 1183//1183
f 1182//1182 1184//1184 1183//1183
f 1183//1183 1184//1184 1185//1185
f 1183//1183 1185//1185 1186//1186
f 1186//1186 1185//1185 1187//1187
f 1186//1186 1187//1187 1188//1188
f 1188//1188 1187//1187 1189//1189
f 1188//1188 1189//1189 1190//1190
f 1189//1189 1191//1191 1190//1190
f 1190//1190 1191//1191 1192//1192
f 1190//1190 1192//1192 1193//1193
f 1129//1129 1128//1128 1194//1194
f 1194//1194 1128//1128 1127//1127
f 1127//1127 1173//1173 1194//1194
f 1194//1194 1173//1173 1176//1176
f 1194//1194 1176//1176 1195//1195
f 1195//1195 1176//1176 1179//1179
f 1195//1195 1179//1179 1196//1196
f 1196//1196 1179//1179 1181//1181
f 1196//1196 1181//1181 1197//1197
f 1197//1197 1181//1181 1183//1183
f 1197//1197 1183//1183 1198//1198
f 1198//1198 1183//1183 1186//1186
f 1198//1198 1186//1186 1199//1199
f 1199//1199 1186//1186 1188//1188
f 1199//1199 1188//1188 1200//1200
f 1200//1200 1188//1188 1190//1190
f 1200//1200 1190//1190 1201//1201
f 1201//1201 1190//1190 1193//1193
f 1201//1201 1193//1193 1202//1202
f 1131//1131 1130//1130 1203//1203
f 1203//1203 1130//1130 1129//1129
f 1129//1129 1194//1194 1203//1203
f 1203//1203 1194//1194 1195//1195
f 1203//1203 1195//1195 1204//1204
f 1204//1204 1195//1195 1196//1196
f 1204//1204 1196//1196 1205//1205
f 1205//1205 1196//1196 1197//1197
f 1205//1205 1197//1197 1206//1206
f 1206//1206 1197//1197 1198//1198
f 1206//1206 1198//1198 1207//1207
f 1207//1207 1198//1198 1199//1199
f 1207//1207 1199//1199 1208//1208
f 1208//1208 1199//1199 1200//1200
f 1208//1208 1200//1200 1209//1209
f 1209//1209 1200//1200 1201//1201
f 1209//1209 1201//1201 1210//1210
f 1210//1210 1201//1201 1202//1202
f 1210//1210 1202//1202 1211//1211
f 1131//1131 1203//1203 1212//1212
f 1212//1212 1203//1203 1204//1204
f 1212//1212 1204//1204 1213//1213
f 1213//1213 1204//1204 1205//1205
f 1213//1213 1205//1205 1214//1214
f 1214//1214 1205//1205 1206//1206
f 1214//1214 1206//1206 1215//1215
f 1215//1215 1206//1206 1207//1207
f 1215//1215 1207//1207 1216//1216
f 1216//1216 1207//1207 1208//1208
f 1216//1216 1208//1208 1217//1217
f 1217//1217 1208//1208 1209//1209
f 1217//1217 1209//1209 1218//1218
f 1218//1218 1209//1209 1210//1210
f 1218//1218 1210//1210 1219//1219
f 1219//1219 1210//1210 1211//1211
f 1219//1219 1211//1211 1220//1220
f 1159//1159 1221//1221 1160//1160
f 1160//1160 1221//1221 1222//1222
f 1160//1160 1222//1222 1151//1151
f 1151//1151 1222//1222 1223//1223
f 1151//1151 1223//1223 1152//1152
f 1152//1152 1223//1223 1224//1224
f 1152//1152 1224//1224 1132//1132
f 1132//1132 1224//1224 1225//1225
f 1132//1132 1225//1225 1133//1133
f 1133//1133 1225//1225 1226//1226
f 1133//1133 1226//1226 1137//1137
f 1137//1137 1226//1226 1227//1227
f 1228//1228 1220//1220 1211//1211
f 1228//1228 1211//1211 1229//1229
f 1229//1229 1211//1211 1202//1202
f 1229//1229 1202//1202 1230//1230
f 1230//1230 1202//1202 1193//1193
f 1230//1230 1193//1193 1231//1231
f 1231//1231 1193//1193 1192//1192
f 1231//1231 1192//1192 1232//1232
f 1233//1233 1234//1234 1227//1227
f 1235//1235 1234//1234 1236//1236
f 1236//1236 1234//1234 1233//1233
f 1236//1236 1233//1233 1237//1237
f 1237//1237 1233//1233 1238//1238
f 1227//1227 1226//1226 1233//1233
f 1233//1233 1226//1226 1225//1225
f 1233//1233 1225//1225 1238//1238
f 1239//1239 1240//1240 1238//1238
f 1238//1238 1240//1240 1241//1241
f 1238//1238 1241//1241 1237//1237
f 1242//1242 1243//1243 1239//1239
f 1239//1239 1243//1243 1244//1244
f 1239//1239 1244//1244 1240//1240
f 1225//1225 1224//1224 1238//1238
f 1238//1238 1224//1224 1223//1223
f 1238//1238 1223//1223 1239//1239
f 1239//1239 1223//1223 1222//1222
f 1239//1239 1222//1222 1242//1242
f 1242//1242 1222//1222 1221//1221
f 1245//1245 1246//1246 1247//1247
f 1248//1248 1249//1249 1250//1250
f 1250//1250 1249//1249 1251//1251
f 1250//1250 1251//1251 1252//1252
f 1252//1252 1251//1251 1253//1253
f 1252//1252 1253//1253 1254//1254
f 1254//1254 1253//1253 1255//1255
f 1254//1254 1255//1255 1256//1256
f 1257//1257 1228//1228 1258//1258
f 1258//1258 1228//1228 1229//1229
f 1258//1258 1229//1229 1259//1259
f 1259//1259 1229//1229 1230//1230
f 1259//1259 1230//1230 1260//1260
f 1260//1260 1230//1230 1231//1231
f 1261//1261 1262//1262 1263//1263
f 1263//1263 1262//1262 1264//1264
f 1263//1263 1264//1264 1265//1265
f 1265//1265 1264//1264 1266//1266
f 1265//1265 1266//1266 1267//1267
f 1267//1267 1266//1266 1247//1247
f 1267//1267 1247//1247 1268//1268
f 1268//1268 1247//1247 1246//1246
f 1256//1256 1245//1245 1254//1254
f 1254//1254 1245//1245 1247//1247
f 1254//1254 1247//1247 1252//1252
f 1252//1252 1247//1247 1266//1266
f 1252//1252 1266//1266 1250//1250
f 1250//1250 1266//1266 1264//1264
f 1250//1250 1264//1264 1248//1248
f 1248//1248 1264//1264 1262//1262
f 1269//1269 1270//1270 1255//1255
f 1255//1255 1270//1270 1271//1271
f 1255//1255 1271//1271 1256//1256
f 1249//1249 1257//1257 1251//1251
f 1251//1251 1257//1257 1258//1258
f 1251//1251 1258//1258 1253//1253
f 1253//1253 1258//1258 1259//1259
f 1253//1253 1259//1259 1255//1255
f 1255//1255 1259//1259 1260//1260
f 1255//1255 1260//1260 1269//1269
f 1269//1269 1260//1260 1231//1231
f 1269//1269 1231//1231 1232//1232
f 1272//1272 1235//1235 1273//1273
f 1273//1273 1235//1235 1236//1236
f 1273//1273 1236//1236 1274//1274
f 1274//1274 1236//1236 1237//1237
f 1274//1274 1237//1237 1275//1275
f 1275//1275 1237//1237 1241//1241
f 1275//1275 1241//1241 1276//1276
f 1276//1276 1241//1241 1240//1240
f 1276//1276 1240//1240 1277//1277
f 1277//1277 1240//1240 1244//1244
f 1277//1277 1244//1244 1278//1278
f 1278//1278 1244//1244 1243//1243
f 1279//1279 1261//1261 1263//1263
f 1279//1279 1263//1263 1280//1280
f 1280//1280 1263//1263 1265//1265
f 1280//1280 1265//1265 1281//1281
f 1281//1281 1265//1265 1267//1267
f 1281//1281 1267//1267 1282//1282
f 1282//1282 1267//1267 1268//1268
f 1282//1282 1268//1268 1283//1283
f 1278//1278 1284//1284 1277//1277
f 1277//1277 1284//1284 1285//1285
f 1286//1286 1274//1274 1287//1287
f 1287//1287 1274//1274 1275//1275
f 1287//1287 1275//1275 1285//1285
f 1285//1285 1275//1275 1276//1276
f 1285//1285 1276//1276 1277//1277
f 1288//1288 1272//1272 1286//1286
f 1286//1286 1272//1272 1273//1273
f 1286//1286 1273//1273 1274//1274
f 1284//1284 1279//1279 1285//1285
f 1285//1285 1279//1279 1280//1280
f 1285//1285 1280//1280 1287//1287
f 1287//1287 1280//1280 1281//1281
f 1287//1287 1281//1281 1286//1286
f 1286//1286 1281//1281 1282//1282
f 1286//1286 1282//1282 1288//1288
f 1288//1288 1282//1282 1283//1283
f 1289//1289 1293//1293 1297//1297
f 1297//1297 1293//1293 1298//1298
f 1297//1297 1298//1298 1303//1303
f 1303//1303 1298//1298 1306//1306
f 1303//1303 1306//1306 1309//1309
f 1309//1309 1306//1306 1311//1311
f 1309//1309 1311//1311 1314//1314
f 1314//1314 1311//1311 1316//1316
f 1319//1319 1320//1320 1323//1323
f 1323//1323 1320//1320 1326//1326
f 1323//1323 1326//1326 1330//1330
f 1330//1330 1326//1326 1334//1334
f 1329//1329 1333//1333 1336//1336
f 1336//1336 1333//1333 1338//1338
f 1345//1345 1348//1348 1350//1350
f 1350//1350 1348//1348 1351//1351
f 1350//1350 1351//1351 1354//1354
f 1354//1354 1351//1351 1358//1358
f 1354//1354 1358//1358 1361//1361
f 1361//1361 1358//1358 1364//1364
f 1361//1361 1364//1364 1366//1366
f 1366//1366 1364//1364 1369//1369
f 1372//1372 1375//1375 1378//1378
f 1378//1378 1375//1375 1379//1379
f 1377//1377 1382//1382 1383//1383
f 1383//1383 1382//1382 1387//1387
f 1383//1383 1387//1387 1389//1389
f 1389//1389 1387//1387 1392//1392
f 1331//1331 1337//1337 1396//1396
f 1332//1332 1395//1395 1322//1322
f 1325//1325 1397//1397 1398//1398
f 1324//1324 1400//1400 1318//1318
f 1400//1400 1401//1401 1318//1318
f 1318//1318 1401//1401 1405//1405
f 1318//1318 1405//1405 1313//1313
f 1313//1313 1405//1405 1406//1406
f 1313//1313 1406//1406 1308//1308
f 1308//1308 1406//1406 1409//1409
f 1310//1310 1411//1411 1300//1300
f 1301//1301 1409//1409 1412//1412
f 1302//1302 1414//1414 1296//1296
f 1295//1295 1415//1415 1417//1417
f 1294//1294 1416//1416 1290//1290
f 1319//1319 1314//1314 1320//1320
f 1320//1320 1314//1314 1316//1316
f 1352//1352 1347//1347 1419//1419
f 1374//1374 1424//1424 1381//1381
f 1381//1381 1424//1424 1427//1427
f 1380//1380 1425//1425 1388//1388
f 1388//1388 1425//1425 1429//1429
f 1386//1386 1430//1430 1393//1393
f 1353//1353 1422//1422 1359//1359
f 1357//1357 1420//1420 1433//1433
f 1357//1357 1433//1433 1365//1365
f 1363//1363 1435//1435 1436//1436
f 1363//1363 1436//1436 1370//1370
f 1370//1370 1436//1436 1438//1438
f 1370//1370 1438//1438 1374//1374
f 1374//1374 1438//1438 1440//1440
f 1374//1374 1440//1440 1424//1424
f 1372//1372 1366//1366 1375//1375
f 1375//1375 1366//1366 1369//1369
f 1445//1445 1447//1447 653//653
f 1442//1442 652//652 1450//1450
f 661//661 1452//1452 1456//1456
f 1453//1453 1458//1458 662//662
f 660//660 1459//1459 1460//1460
f 660//660 1460//1460 651//651
f 651//651 1460//1460 1462//1462
f 651//651 1462//1462 1449//1449
f 645//645 1464//1464 1467//1467
f 1470//1470 639//639 1473//1473
f 1472//1472 636//636 1475//1475
f 1468//1468 1481//1481 647//647
f 646//646 1480//1480 1484//1484
f 646//646 1484//1484 638//638
f 638//638 1484//1484 1486//1486
f 638//638 1486//1486 1476//1476
f 1487//1487 1491//1491 1493//1493
f 1493//1493 1491//1491 1499//1499
f 1492//1492 1498//1498 1502//1502
f 1502//1502 1498//1498 1506//1506
f 1502//1502 1506//1506 1507//1507
f 1507//1507 1506//1506 1509//1509
f 1514//1514 1507//1507 1515//1515
f 1515//1515 1507//1507 1509//1509
f 1514//1514 1515//1515 1518//1518
f 1518//1518 1515//1515 1522//1522
f 1518//1518 1522//1522 1526//1526
f 1526//1526 1522//1522 1528//1528
f 1525//1525 1530//1530 1532//1532
f 1532//1532 1530//1530 1534//1534
f 1538//1538 1540//1540 605//605
f 605//605 1540//1540 1543//1543
f 1548//1548 569//569 574//574
f 1551//1551 592//592 1543//1543
f 1543//1543 592//592 597//597
f 1545//1545 599//599 606//606
f 570//570 1547//1547 564//564
f 562//562 1548//1548 1554//1554
f 562//562 1554//1554 1557//1557
f 574//574 578//578 1548//1548
f 1548//1548 578//578 1560//1560
f 1548//1548 1560//1560 1563//1563
f 1551//1551 1565//1565 592//592
f 592//592 1565//1565 1567//1567
f 592//592 1567//1567 588//588
f 588//588 1567//1567 1569//1569
f 588//588 1569//1569 584//584
f 584//584 1569//1569 1571//1571
f 584//584 1571//1571 578//578
f 578//578 1571//1571 1572//1572
f 578//578 1572//1572 1560//1560
f 479//479 474//474 1539//1539
f 1539//1539 474//474 1575//1575
f 1576//1576 1544//1544 1580//1580
f 1580//1580 1544//1544 1539//1539
f 1580//1580 1539//1539 1583//1583
f 1583//1583 1539//1539 1575//1575
f 1576//1576 1585//1585 1544//1544
f 1544//1544 1585//1585 504//504
f 1544//1544 504//504 1587//1587
f 1587//1587 504//504 497//497
f 1587//1587 497//497 1589//1589
f 1589//1589 497//497 493//493
f 1589//1589 493//493 1591//1591
f 1591//1591 493//493 489//489
f 1539//1539 1593//1593 479//479
f 479//479 1593//1593 1595//1595
f 479//479 1595//1595 485//485
f 485//485 1595//1595 1597//1597
f 485//485 1597//1597 489//489
f 489//489 1597//1597 1598//1598
f 489//489 1598//1598 1591//1591
f 400//400 406//406 1600//1600
f 1602//1602 1606//1606 1549//1549
f 1549//1549 1606//1606 1607//1607
f 1549//1549 1607//1607 1555//1555
f 1555//1555 1607//1607 1611//1611
f 1600//1600 406//406 1549//1549
f 1549//1549 406//406 412//412
f 1549//1549 412//412 1602//1602
f 1611//1611 1612//1612 1555//1555
f 1555//1555 1612//1612 383//383
f 1555//1555 383//383 1615//1615
f 1615//1615 383//383 387//387
f 1615//1615 387//387 1617//1617
f 1617//1617 387//387 392//392
f 1600//1600 1618//1618 400//400
f 400//400 1618//1618 1620//1620
f 400//400 1620//1620 396//396
f 396//396 1620//1620 1623//1623
f 396//396 1623//1623 392//392
f 392//392 1623//1623 1625//1625
f 392//392 1625//1625 1617//1617
f 1626//1626 1629//1629 683//683
f 685//685 1630//1630 683//683
f 683//683 1630//1630 1632//1632
f 683//683 1632//1632 1626//1626
f 1635//1635 670//670 1636//1636
f 1636//1636 670//670 668//668
f 1636//1636 668//668 1639//1639
f 1639//1639 668//668 1641//1641
f 670//670 1635//1635 688//688
f 688//688 1635//1635 1643//1643
f 688//688 1643//1643 692//692
f 692//692 1643//1643 1644//1644
f 692//692 1644//1644 703//703
f 703//703 1644//1644 1647//1647
f 703//703 1647//1647 701//701
f 701//701 1647//1647 1649//1649
f 701//701 1649//1649 673//673
f 673//673 1649//1649 1650//1650
f 673//673 1650//1650 714//714
f 714//714 1650//1650 1652//1652
f 714//714 1652//1652 706//706
f 706//706 1652//1652 1654//1654
f 706//706 1654//1654 709//709
f 709//709 1654//1654 1656//1656
f 707//707 1656//1656 685//685
f 685//685 1656//1656 1630//1630
f 1658//1658 1661//1661 1663//1663
f 1658//1658 1663//1663 1534//1534
f 1534//1534 1663//1663 1665//1665
f 1534//1534 1665//1665 1667//1667
f 1471//1471 1394//1394 1336//1336
f 1667//1667 1669//1669 1534//1534
f 1534//1534 1669//1669 1671//1671
f 1534//1534 1671//1671 1673//1673
f 1673//1673 1675//1675 1534//1534
f 1534//1534 1675//1675 1677//1677
f 1534//1534 1677//1677 1679//1679
f 1338//1338 1532//1532 1336//1336
f 1336//1336 1532//1532 1534//1534
f 1336//1336 1534//1534 1471//1471
f 1471//1471 1534//1534 1679//1679
f 1471//1471 1679//1679 635//635
f 635//635 1679//1679 1680//1680
f 635//635 1680//1680 641//641
f 1683//1683 1684//1684 1491//1491
f 1487//1487 1293//1293 1491//1491
f 1491//1491 1293//1293 1289//1289
f 1491//1491 1289//1289 1683//1683
f 1683//1683 1289//1289 1418//1418
f 1683//1683 1418//1418 1466//1466
f 1687//1687 1689//1689 1466//1466
f 1466//1466 1689//1689 1692//1692
f 1466//1466 1692//1692 1683//1683
f 1687//1687 1694//1694 1696//1696
f 1694//1694 1687//1687 1697//1697
f 1697//1697 1687//1687 1465//1465
f 1697//1697 1465//1465 1699//1699
f 1699//1699 1465//1465 643//643
f 1699//1699 643//643 650//650
f 1696//1696 1701//1701 1687//1687
f 1687//1687 1701//1701 1703//1703
f 1687//1687 1703//1703 1706//1706
f 1707//1707 1710//1710 1712//1712
f 1712//1712 1710//1710 1714//1714
f 1712//1712 1714//1714 1718//1718
f 1718//1718 1714//1714 1720//1720
f 1710//1710 1707//1707 1722//1722
f 1722//1722 1707//1707 1725//1725
f 1722//1722 1725//1725 1727//1727
f 1727//1727 1725//1725 1729//1729
f 1727//1727 1729//1729 1732//1732
f 1732//1732 1729//1729 1734//1734
f 1732//1732 1734//1734 1736//1736
f 1736//1736 1734//1734 1738//1738
f 1736//1736 1738//1738 1740//1740
f 1740//1740 1738//1738 1743//1743
f 1740//1740 1743//1743 1745//1745
f 1745//1745 1743//1743 1747//1747
f 1745//1745 1747//1747 1749//1749
f 1749//1749 1747//1747 1751//1751
f 1749//1749 1751//1751 1754//1754
f 1754//1754 1751//1751 1755//1755
f 1752//1752 1755//1755 1759//1759
f 1759//1759 1755//1755 1760//1760
f 1762//1762 1764//1764 1766//1766
f 1759//1759 1760//1760 1766//1766
f 1766//1766 1760//1760 1768//1768
f 1766//1766 1768//1768 1762//1762
f 1720//1720 1714//1714 1771//1771
f 1771//1771 1714//1714 1684//1684
f 1771//1771 1684//1684 1683//1683
f 1661//1661 1658//1658 1772//1772
f 1772//1772 1658//1658 1766//1766
f 1772//1772 1766//1766 1764//1764
f 942//942 547//547 1775//1775
f 858//858 856//856 359//359
f 359//359 856//856 363//363
f 1777//1777 758//758 1779//1779
f 1779//1779 758//758 732//732
f 1779//1779 732//732 730//730
f 856//856 855//855 363//363
f 363//363 855//855 854//854
f 363//363 854//854 366//366
f 366//366 854//854 941//941
f 366//366 941//941 368//368
f 858//858 359//359 860//860
f 860//860 359//359 356//356
f 860//860 356//356 884//884
f 884//884 356//356 853//853
f 853//853 356//356 353//353
f 853//853 353//353 832//832
f 832//832 353//353 787//787
f 787//787 353//353 1781//1781
f 787//787 1781//1781 788//788
f 788//788 1781//1781 1783//1783
f 788//788 1783//1783 789//789
f 789//789 1783//1783 791//791
f 791//791 1783//1783 1785//1785
f 791//791 1785//1785 793//793
f 730//730 728//728 1779//1779
f 1779//1779 728//728 727//727
f 1779//1779 727//727 1787//1787
f 1787//1787 727//727 726//726
f 1787//1787 726//726 1788//1788
f 1788//1788 726//726 771//771
f 1788//1788 771//771 1791//1791
f 1791//1791 771//771 786//786
f 1791//1791 786//786 1785//1785
f 1785//1785 786//786 817//817
f 1785//1785 817//817 793//793
f 347//347 822//822 349//349
f 349//349 822//822 821//821
f 349//349 821//821 350//350
f 350//350 821//821 778//778
f 350//350 778//778 1792//1792
f 1792//1792 778//778 725//725
f 1792//1792 725//725 1777//1777
f 1777//1777 725//725 724//724
f 1777//1777 724//724 758//758
f 1794//1794 342//342 1797//1797
f 1797//1797 342//342 339//339
f 1797//1797 339//339 1799//1799
f 1799//1799 339//339 338//338
f 1799//1799 338//338 336//336
f 556//556 890//890 558//558
f 558//558 890//890 839//839
f 558//558 839//839 561//561
f 561//561 839//839 822//822
f 561//561 822//822 1801//1801
f 1801//1801 822//822 347//347
f 1801//1801 347//347 1794//1794
f 1794//1794 347//347 344//344
f 1794//1794 344//344 342//342
f 554//554 893//893 556//556
f 556//556 893//893 926//926
f 556//556 926//926 890//890
f 552//552 902//902 554//554
f 554//554 902//902 894//894
f 554//554 894//894 893//893
f 941//941 948//948 368//368
f 368//368 948//948 950//950
f 368//368 950//950 372//372
f 372//372 950//950 986//986
f 372//372 986//986 374//374
f 374//374 986//986 1002//1002
f 997//997 976//976 1803//1803
f 1803//1803 976//976 982//982
f 1803//1803 982//982 983//983
f 336//336 1803//1803 1799//1799
f 1799//1799 1803//1803 983//983
f 1799//1799 983//983 1805//1805
f 1805//1805 983//983 984//984
f 1805//1805 984//984 1775//1775
f 1775//1775 984//984 985//985
f 1775//1775 985//985 942//942
f 551//551 910//910 552//552
f 552//552 910//910 903//903
f 552//552 903//903 902//902
f 547//547 942//942 549//549
f 549//549 942//942 915//915
f 549//549 915//915 551//551
f 551//551 915//915 914//914
f 551//551 914//914 910//910
f 1002//1002 997//997 374//374
f 374//374 997//997 1803//1803
f 374//374 1803//1803 1806//1806
f 1806//1806 1803//1803 1788//1788
f 1806//1806 1788//1788 1809//1809
f 1809//1809 1788//1788 1791//1791
f 807//807 1678//1678 838//838
f 838//838 1678//1678 1676//1676
f 648//648 642//642 812//812
f 812//812 642//642 813//813
f 813//813 642//642 1681//1681
f 813//813 1681//1681 814//814
f 1070//1070 1698//1698 1071//1071
f 1071//1071 1698//1698 1700//1700
f 814//814 1681//1681 806//806
f 806//806 1681//1681 1678//1678
f 806//806 1678//1678 807//807
f 765//765 1057//1057 818//818
f 818//818 1057//1057 1069//1069
f 818//818 1069//1069 779//779
f 779//779 1069//1069 1083//1083
f 779//779 1083//1083 780//780
f 780//780 1083//1083 1082//1082
f 780//780 1082//1082 809//809
f 809//809 1082//1082 1080//1080
f 809//809 1080//1080 810//810
f 810//810 1080//1080 1078//1078
f 810//810 1078//1078 811//811
f 811//811 1078//1078 1077//1077
f 811//811 1077//1077 812//812
f 812//812 1077//1077 1075//1075
f 812//812 1075//1075 648//648
f 648//648 1075//1075 1074//1074
f 648//648 1074//1074 1700//1700
f 1700//1700 1074//1074 1072//1072
f 1700//1700 1072//1072 1071//1071
f 1057//1057 765//765 1009//1009
f 1009//1009 765//765 748//748
f 750//750 718//718 664//664
f 664//664 718//718 1811//1811
f 1019//1019 657//657 1021//1021
f 1021//1021 657//657 1812//1812
f 1021//1021 1812//1812 1022//1022
f 764//764 1815//1815 759//759
f 759//759 1815//1815 1811//1811
f 759//759 1811//1811 717//717
f 717//717 1811//1811 718//718
f 1022//1022 1812//1812 1007//1007
f 1007//1007 1812//1812 1817//1817
f 1007//1007 1817//1817 1008//1008
f 664//664 657//657 750//750
f 750//750 657//657 1019//1019
f 750//750 1019//1019 751//751
f 751//751 1019//1019 1017//1017
f 751//751 1017//1017 752//752
f 752//752 1017//1017 1016//1016
f 752//752 1016//1016 753//753
f 753//753 1016//1016 1014//1014
f 753//753 1014//1014 754//754
f 754//754 1014//1014 1013//1013
f 754//754 1013//1013 755//755
f 755//755 1013//1013 1011//1011
f 755//755 1011//1011 747//747
f 747//747 1011//1011 1010//1010
f 747//747 1010//1010 748//748
f 748//748 1010//1010 1009//1009
f 772//772 1819//1819 764//764
f 764//764 1819//1819 1815//1815
f 831//831 1820//1820 1822//1822
f 831//831 1822//1822 827//827
f 827//827 1822//1822 1819//1819
f 827//827 1819//1819 772//772
f 1268//1268 1246//1246 1633//1633
f 1633//1633 1246//1246 1627//1627
f 1246//1246 1245//1245 1627//1627
f 1627//1627 1245//1245 1256//1256
f 1627//1627 1256//1256 1628//1628
f 1628//1628 1256//1256 1271//1271
f 1628//1628 1271//1271 1825//1825
f 1271//1271 1270//1270 1825//1825
f 1825//1825 1270//1270 1269//1269
f 1825//1825 1269//1269 1826//1826
f 1826//1826 1269//1269 1232//1232
f 1826//1826 1232//1232 1828//1828
f 1657//1657 1283//1283 1631//1631
f 1631//1631 1283//1283 1268//1268
f 1631//1631 1268//1268 1633//1633
f 991//991 1642//1642 970//970
f 970//970 1642//1642 1634//1634
f 970//970 1634//1634 1637//1637
f 1739//1739 1733//1733 1655//1655
f 1655//1655 1733//1733 1730//1730
f 1655//1655 1730//1730 1657//1657
f 1657//1657 1730//1730 1724//1724
f 1657//1657 1724//1724 1283//1283
f 1283//1283 1724//1724 1708//1708
f 1283//1283 1708//1708 1713//1713
f 1655//1655 1653//1653 1739//1739
f 1739//1739 1653//1653 1651//1651
f 1739//1739 1651//1651 1742//1742
f 1769//1769 1761//1761 991//991
f 991//991 1761//1761 1756//1756
f 991//991 1756//1756 1642//1642
f 1642//1642 1756//1756 1750//1750
f 1642//1642 1750//1750 1645//1645
f 1645//1645 1750//1750 1746//1746
f 1645//1645 1746//1746 1646//1646
f 1646//1646 1746//1746 1742//1742
f 1646//1646 1742//1742 1648//1648
f 1648//1648 1742//1742 1651//1651
f 1283//1283 1713//1713 1288//1288
f 1288//1288 1713//1713 1719//1719
f 1288//1288 1719//1719 1272//1272
f 1691//1691 1235//1235 1682//1682
f 1682//1682 1235//1235 1770//1770
f 1272//1272 1719//1719 1235//1235
f 1235//1235 1719//1719 1721//1721
f 1235//1235 1721//1721 1770//1770
f 935//935 1664//1664 956//956
f 956//956 1664//1664 1662//1662
f 956//956 1662//1662 955//955
f 874//874 1666//1666 935//935
f 935//935 1666//1666 1664//1664
f 838//838 1676//1676 885//885
f 885//885 1676//1676 1674//1674
f 1672//1672 847//847 1674//1674
f 1674//1674 847//847 846//846
f 1674//1674 846//846 885//885
f 879//879 878//878 1670//1670
f 1670//1670 878//878 877//877
f 1670//1670 877//877 1672//1672
f 1672//1672 877//877 876//876
f 1672//1672 876//876 847//847
f 879//879 1670//1670 880//880
f 880//880 1670//1670 1668//1668
f 880//880 1668//1668 881//881
f 881//881 1668//1668 873//873
f 873//873 1668//1668 1666//1666
f 873//873 1666//1666 874//874
f 218//218 1221//1221 1159//1159
f 1831//1831 1832//1832 1051//1051
f 218//218 1159//1159 220//220
f 1221//1221 218//218 1242//1242
f 1242//1242 218//218 215//215
f 1242//1242 215//215 1243//1243
f 1836//1836 305//305 302//302
f 227//227 223//223 1170//1170
f 1159//1159 1167//1167 220//220
f 220//220 1167//1167 1168//1168
f 220//220 1168//1168 223//223
f 223//223 1168//1168 1169//1169
f 223//223 1169//1169 1170//1170
f 1243//1243 215//215 1278//1278
f 1278//1278 215//215 212//212
f 1278//1278 212//212 1284//1284
f 1836//1836 302//302 1837//1837
f 1837//1837 302//302 300//300
f 1837//1837 300//300 457//457
f 1257//1257 1249//1249 1840//1840
f 463//463 460//460 1214//1214
f 457//457 1131//1131 459//459
f 459//459 1131//1131 1212//1212
f 459//459 1212//1212 460//460
f 460//460 1212//1212 1213//1213
f 460//460 1213//1213 1214//1214
f 1045//1045 1841//1841 1044//1044
f 1044//1044 1841//1841 1831//1831
f 1044//1044 1831//1831 1031//1031
f 1031//1031 1831//1831 1051//1051
f 1257//1257 1840//1840 1228//1228
f 1844//1844 1049//1049 1846//1846
f 1846//1846 1049//1049 1050//1050
f 1846//1846 1050//1050 290//290
f 1045//1045 1046//1046 1841//1841
f 1841//1841 1046//1046 1047//1047
f 1841//1841 1047//1047 1844//1844
f 1844//1844 1047//1047 1048//1048
f 1844//1844 1048//1048 1049//1049
f 300//300 298//298 457//457
f 457//457 298//298 297//297
f 457//457 297//297 1131//1131
f 1131//1131 297//297 295//295
f 1131//1131 295//295 1117//1117
f 1117//1117 295//295 292//292
f 1117//1117 292//292 1113//1113
f 1113//1113 292//292 290//290
f 1113//1113 290//290 1058//1058
f 1058//1058 290//290 1050//1050
f 1170//1170 1171//1171 227//227
f 227//227 1171//1171 1172//1172
f 227//227 1172//1172 230//230
f 230//230 1172//1172 1124//1124
f 230//230 1124//1124 1847//1847
f 1847//1847 1124//1124 1092//1092
f 1847//1847 1092//1092 1850//1850
f 1248//1248 1262//1262 1852//1852
f 1852//1852 1262//1262 1261//1261
f 1214//1214 1215//1215 463//463
f 463//463 1215//1215 1216//1216
f 463//463 1216//1216 465//465
f 1249//1249 1248//1248 1840//1840
f 1840//1840 1248//1248 1852//1852
f 1840//1840 1852//1852 1853//1853
f 1853//1853 1852//1852 305//305
f 1853//1853 305//305 1856//1856
f 1856//1856 305//305 1836//1836
f 1832//1832 1852//1852 209//209
f 209//209 1852//1852 1261//1261
f 209//209 1261//1261 212//212
f 212//212 1261//1261 1279//1279
f 212//212 1279//1279 1284//1284
f 1840//1840 1857//1857 1228//1228
f 1228//1228 1857//1857 471//471
f 1228//1228 471//471 1220//1220
f 1220//1220 471//471 469//469
f 1220//1220 469//469 1219//1219
f 1219//1219 469//469 467//467
f 1219//1219 467//467 1218//1218
f 1218//1218 467//467 465//465
f 1218//1218 465//465 1217//1217
f 1217//1217 465//465 1216//1216
f 209//209 1860//1860 1832//1832
f 1832//1832 1860//1860 1861//1861
f 1832//1832 1861//1861 1051//1051
f 1051//1051 1861//1861 1864//1864
f 1051//1051 1864//1864 1105//1105
f 1105//1105 1864//1864 1866//1866
f 1105//1105 1866//1866 1104//1104
f 1104//1104 1866//1866 1103//1103
f 1092//1092 1100//1100 1850//1850
f 1850//1850 1100//1100 1101//1101
f 1850//1850 1101//1101 1866//1866
f 1866//1866 1101//1101 1102//1102
f 1866//1866 1102//1102 1103//1103
f 1118//1118 1693//1693 1070//1070
f 1070//1070 1693//1693 1698//1698
f 1008//1008 1817//1817 1064//1064
f 1064//1064 1817//1817 1867//1867
f 1869//1869 1108//1108 1107//1107
f 1869//1869 1107//1107 1871//1871
f 1871//1871 1107//1107 1064//1064
f 1871//1871 1064//1064 1867//1867
f 964//964 1638//1638 1640//1640
f 1873//1873 946//946 1875//1875
f 1875//1875 946//946 969//969
f 1875//1875 969//969 1877//1877
f 1877//1877 969//969 967//967
f 1877//1877 967//967 1640//1640
f 1640//1640 967//967 965//965
f 1640//1640 965//965 964//964
f 970//970 1637//1637 961//961
f 961//961 1637//1637 1638//1638
f 961//961 1638//1638 963//963
f 963//963 1638//1638 964//964
f 990//990 1763//1763 999//999
f 999//999 1763//1763 1769//1769
f 999//999 1769//1769 991//991
f 955//955 1662//1662 1660//1660
f 1763//1763 990//990 1765//1765
f 1765//1765 990//990 955//955
f 1765//1765 955//955 1773//1773
f 1773//1773 955//955 1660//1660
f 1235//1235 1691//1691 1234//1234
f 1234//1234 1691//1691 1690//1690
f 1234//1234 1690//1690 1227//1227
f 1227//1227 1690//1690 1137//1137
f 1137//1137 1690//1690 1688//1688
f 1118//1118 1136//1136 1693//1693
f 1693//1693 1136//1136 1695//1695
f 1147//1147 1702//1702 1149//1149
f 1149//1149 1702//1702 1695//1695
f 1149//1149 1695//1695 1150//1150
f 1150//1150 1695//1695 1136//1136
f 1147//1147 1145//1145 1702//1702
f 1702//1702 1145//1145 1144//1144
f 1702//1702 1144//1144 1704//1704
f 1144//1144 1142//1142 1704//1704
f 1704//1704 1142//1142 1141//1141
f 1704//1704 1141//1141 1705//1705
f 1137//1137 1688//1688 1138//1138
f 1138//1138 1688//1688 1705//1705
f 1138//1138 1705//1705 1139//1139
f 1139//1139 1705//1705 1141//1141
f 1880//1880 1562//1562 1559//1559
f 679//679 683//683 1629//1629
f 1829//1829 675//675 1827//1827
f 1827//1827 675//675 679//679
f 1827//1827 679//679 1824//1824
f 1824//1824 679//679 1629//1629
f 1829//1829 1880//1880 675//675
f 675//675 1880//1880 1559//1559
f 675//675 1559//1559 676//676
f 676//676 1559//1559 1573//1573
f 676//676 1573//1573 681//681
f 681//681 1573//1573 1570//1570
f 693//693 681//681 1568//1568
f 1568//1568 681//681 1570//1570
f 1641//1641 668//668 1878//1878
f 1878//1878 668//668 716//716
f 1550//1550 1882//1882 697//697
f 698//698 1882//1882 1874//1874
f 698//698 1874//1874 716//716
f 716//716 1874//1874 1876//1876
f 716//716 1876//1876 1878//1878
f 693//693 1568//1568 695//695
f 695//695 1568//1568 1566//1566
f 695//695 1566//1566 697//697
f 697//697 1566//1566 1564//1564
f 697//697 1564//1564 1550//1550
f 659//659 665//665 1810//1810
f 1392//1392 1431//1431 1451//1451
f 1536//1536 604//604 614//614
f 614//614 604//604 607//607
f 123//123 125//125 1884//1884
f 123//123 1884//1884 121//121
f 134//134 135//135 614//614
f 125//125 127//127 1884//1884
f 1884//1884 127//127 129//129
f 1884//1884 129//129 614//614
f 614//614 129//129 131//131
f 614//614 131//131 134//134
f 1536//1536 144//144 1821//1821
f 1821//1821 144//144 109//109
f 1821//1821 109//109 1823//1823
f 1823//1823 109//109 111//111
f 1884//1884 1389//1389 121//121
f 121//121 1389//1389 1392//1392
f 121//121 1392//1392 119//119
f 119//119 1392//1392 1451//1451
f 119//119 1451//1451 118//118
f 118//118 1451//1451 659//659
f 118//118 659//659 116//116
f 116//116 659//659 1810//1810
f 116//116 1810//1810 114//114
f 114//114 1810//1810 1814//1814
f 114//114 1814//1814 111//111
f 111//111 1814//1814 1818//1818
f 111//111 1818//1818 1823//1823
f 135//135 138//138 614//614
f 614//614 138//138 140//140
f 614//614 140//140 1536//1536
f 1536//1536 140//140 141//141
f 1536//1536 141//141 144//144
f 1884//1884 614//614 1885//1885
f 1885//1885 614//614 610//610
f 1885//1885 610//610 1887//1887
f 1887//1887 610//610 616//616
f 1887//1887 616//616 1889//1889
f 1889//1889 616//616 618//618
f 1889//1889 618//618 1891//1891
f 1891//1891 618//618 620//620
f 1894//1894 625//625 1897//1897
f 1897//1897 625//625 623//623
f 1897//1897 623//623 1899//1899
f 1899//1899 623//623 632//632
f 1899//1899 632//632 1902//1902
f 1902//1902 632//632 630//630
f 1902//1902 630//630 1905//1905
f 1905//1905 630//630 627//627
f 1813//1813 656//656 655//655
f 1446//1446 1421//1421 1348//1348
f 16//16 20//20 1905//1905
f 20//20 23//23 1905//1905
f 1905//1905 23//23 27//27
f 1905//1905 27//27 1345//1345
f 16//16 1905//1905 11//11
f 11//11 1905//1905 627//627
f 11//11 627//627 7//7
f 68//68 72//72 627//627
f 627//627 72//72 1//1
f 627//627 1//1 7//7
f 567//567 563//563 627//627
f 627//627 563//563 1558//1558
f 627//627 1558//1558 68//68
f 68//68 1558//1558 64//64
f 1345//1345 27//27 1348//1348
f 1348//1348 27//27 32//32
f 1348//1348 32//32 1446//1446
f 1446//1446 32//32 36//36
f 1446//1446 36//36 655//655
f 655//655 36//36 40//40
f 655//655 40//40 1813//1813
f 1813//1813 40//40 43//43
f 1813//1813 43//43 1816//1816
f 1816//1816 43//43 1868//1868
f 1868//1868 43//43 48//48
f 1868//1868 48//48 1872//1872
f 1872//1872 48//48 52//52
f 1872//1872 52//52 1870//1870
f 1870//1870 52//52 56//56
f 1870//1870 56//56 1558//1558
f 1558//1558 56//56 59//59
f 1558//1558 59//59 64//64
f 620//620 591//591 589//589
f 583//583 585//585 625//625
f 1894//1894 1891//1891 625//625
f 625//625 1891//1891 620//620
f 625//625 620//620 583//583
f 583//583 620//620 589//589
f 1537//1537 1820//1820 1541//1541
f 1541//1541 1820//1820 831//831
f 1541//1541 831//831 1592//1592
f 1592//1592 831//831 845//845
f 934//934 1586//1586 931//931
f 931//931 1586//1586 1588//1588
f 931//931 1588//1588 932//932
f 932//932 1588//1588 933//933
f 933//933 1588//1588 1590//1590
f 933//933 1590//1590 930//930
f 930//930 1590//1590 927//927
f 927//927 1590//1590 1599//1599
f 927//927 1599//1599 928//928
f 928//928 1599//1599 929//929
f 929//929 1599//1599 1596//1596
f 929//929 1596//1596 901//901
f 901//901 1596//1596 922//922
f 922//922 1596//1596 1594//1594
f 922//922 1594//1594 887//887
f 887//887 1594//1594 888//888
f 888//888 1594//1594 1592//1592
f 888//888 1592//1592 845//845
f 1601//1601 1546//1546 1192//1192
f 1192//1192 1546//1546 1232//1232
f 1561//1561 1879//1879 1546//1546
f 1546//1546 1879//1879 1828//1828
f 1546//1546 1828//1828 1232//1232
f 1552//1552 1542//1542 1881//1881
f 1881//1881 1542//1542 1873//1873
f 1586//1586 934//934 1542//1542
f 1542//1542 934//934 946//946
f 1542//1542 946//946 1873//1873
f 1614//1614 1125//1125 1553//1553
f 1553//1553 1125//1125 1108//1108
f 1553//1553 1108//1108 1556//1556
f 1556//1556 1108//1108 1869//1869
f 1192//1192 1191//1191 1601//1601
f 1601//1601 1191//1191 1619//1619
f 1191//1191 1189//1189 1619//1619
f 1619//1619 1189//1189 1187//1187
f 1619//1619 1187//1187 1621//1621
f 1187//1187 1185//1185 1621//1621
f 1621//1621 1185//1185 1184//1184
f 1621//1621 1184//1184 1622//1622
f 1184//1184 1182//1182 1622//1622
f 1622//1622 1182//1182 1180//1180
f 1622//1622 1180//1180 1624//1624
f 1180//1180 1178//1178 1624//1624
f 1624//1624 1178//1178 1177//1177
f 1624//1624 1177//1177 1616//1616
f 1125//1125 1614//1614 1174//1174
f 1174//1174 1614//1614 1616//1616
f 1174//1174 1616//1616 1175//1175
f 1175//1175 1616//1616 1177//1177
f 1757//1757 1767//1767 1529//1529
f 1529//1529 1767//1767 1659//1659
f 1529//1529 1659//1659 1535//1535
f 1723//1723 1511//1511 1709//1709
f 1711//1711 1510//1510 1505//1505
f 1709//1709 1503//1503 1717//1717
f 1716//1716 1504//1504 1496//1496
f 1715//1715 1495//1495 1685//1685
f 1686//1686 1497//1497 1490//1490
f 1527//1527 1521//1521 1758//1758
f 1757//1757 1520//1520 1517//1517
f 1758//1758 1516//1516 1753//1753
f 1726//1726 1731//1731 1737//1737
f 1723//1723 1728//1728 1511//1511
f 1511//1511 1728//1728 1735//1735
f 1511//1511 1735//1735 1516//1516
f 1516//1516 1735//1735 1741//1741
f 1741//1741 1744//1744 1516//1516
f 1516//1516 1744//1744 1748//1748
f 1516//1516 1748//1748 1753//1753
f 1394//1394 1471//1471 1399//1399
f 1399//1399 1471//1471 1474//1474
f 1399//1399 1474//1474 1402//1402
f 1402//1402 1474//1474 1478//1478
f 1403//1403 1477//1477 1404//1404
f 1404//1404 1477//1477 1485//1485
f 1404//1404 1485//1485 1407//1407
f 1407//1407 1485//1485 1483//1483
f 1407//1407 1483//1483 1410//1410
f 1410//1410 1483//1483 1479//1479
f 1408//1408 1482//1482 1413//1413
f 1413//1413 1482//1482 1469//1469
f 1413//1413 1469//1469 1418//1418
f 1418//1418 1469//1469 1466//1466
f 1439//1439 1463//1463 1441//1441
f 1441//1441 1463//1463 1461//1461
f 1342//1342 1349//1349 1356//1356
f 1376//1376 1385//1385 1373//1373
f 1371//1371 1384//1384 1390//1390
f 1371//1371 1390//1390 1367//1367
f 1367//1367 1390//1390 1343//1343
f 1368//1368 1346//1346 1362//1362
f 1360//1360 1341//1341 1355//1355
f 1888//1888 1890//1890 1886//1886
f 1886//1886 1890//1890 1892//1892
f 1886//1886 1892//1892 1883//1883
f 1883//1883 1892//1892 1391//1391
f 1893//1893 1896//1896 1898//1898
f 1391//1391 1892//1892 1344//1344
f 1344//1344 1892//1892 1895//1895
f 1344//1344 1895//1895 1904//1904
f 1904//1904 1895//1895 1901//1901
f 1906//1906 1900//1900 1903//1903
f 1421//1421 1446//1446 1432//1432
f 1432//1432 1446//1446 1444//1444
f 1434//1434 1443//1443 1437//1437
f 1437//1437 1443//1443 1448//1448
f 1437//1437 1448//1448 1439//1439
f 1439//1439 1448//1448 1463//1463
f 1441//1441 1461//1461 1423//1423
f 1423//1423 1461//1461 1457//1457
f 1423//1423 1457//1457 1426//1426
f 1426//1426 1457//1457 1455//1455
f 1428//1428 1454//1454 1431//1431
f 1431//1431 1454//1454 1451//1451
f 1533//1533 1340//1340 1291//1291
f 1305//1305 1299//1299 1292//1292
f 1312//1312 1304//1304 1315//1315
f 1317//1317 1307//1307 1291//1291
f 1317//1317 1291//1291 1321//1321
f 1321//1321 1291//1291 1340//1340
f 1321//1321 1340//1340 1327//1327
f 1328//1328 1339//1339 1335//1335
f 1494//1494 1500//1500 1488//1488
f 1489//1489 1501//1501 1508//1508
f 1519//1519 1523//1523 1512//1512
f 1513//1513 1524//1524 1531//1531
f 1512//1512 1533//1533 1508//1508
f 1508//1508 1533//1533 1291//1291
f 1508//1508 1291//1291 1489//1489
f 513//513 560//560 516//516
f 516//516 560//560 1800//1800
f 516//516 1800//1800 521//521
f 521//521 1800//1800 1795//1795
f 521//521 1795//1795 526//526
f 526//526 1795//1795 1796//1796
f 526//526 1796//1796 528//528
f 528//528 1796//1796 1798//1798
f 528//528 1798//1798 532//532
f 532//532 1798//1798 1804//1804
f 532//532 1804//1804 537//537
f 537//537 1804//1804 1774//1774
f 537//537 1774//1774 538//538
f 538//538 1774//1774 546//546
f 500//500 503//503 534//534
f 534//534 503//503 1584//1584
f 534//534 1584//1584 529//529
f 529//529 1584//1584 1578//1578
f 530//530 1577//1577 524//524
f 524//524 1577//1577 1579//1579
f 524//524 1579//1579 519//519
f 519//519 1579//1579 1582//1582
f 518//518 1581//1581 515//515
f 515//515 1581//1581 1574//1574
f 515//515 1574//1574 473//473
f 473//473 1574//1574 475//475
f 423//423 470//470 427//427
f 427//427 470//470 1858//1858
f 427//427 1858//1858 431//431
f 431//431 1858//1858 1839//1839
f 431//431 1839//1839 436//436
f 436//436 1839//1839 1854//1854
f 436//436 1854//1854 437//437
f 437//437 1854//1854 1855//1855
f 437//437 1855//1855 443//443
f 443//443 1855//1855 1835//1835
f 443//443 1835//1835 446//446
f 446//446 1835//1835 1838//1838
f 446//446 1838//1838 448//448
f 448//448 1838//1838 456//456
f 411//411 414//414 1603//1603
f 1603//1603 414//414 424//424
f 1603//1603 424//424 1605//1605
f 1605//1605 424//424 429//429
f 1604//1604 428//428 1608//1608
f 1608//1608 428//428 434//434
f 1608//1608 434//434 1610//1610
f 1610//1610 434//434 441//441
f 1609//1609 440//440 1613//1613
f 1613//1613 440//440 445//445
f 1613//1613 445//445 382//382
f 382//382 445//445 385//385
f 373//373 375//375 381//381
f 381//381 375//375 1807//1807
f 381//381 1807//1807 378//378
f 378//378 1807//1807 1808//1808
f 378//378 1808//1808 376//376
f 376//376 1808//1808 1790//1790
f 376//376 1790//1790 377//377
f 377//377 1790//1790 1784//1784
f 377//377 1784//1784 379//379
f 379//379 1784//1784 1782//1782
f 379//379 1782//1782 380//380
f 380//380 1782//1782 1780//1780
f 380//380 1780//1780 352//352
f 352//352 1780//1780 354//354
f 332//332 351//351 333//333
f 333//333 351//351 1793//1793
f 333//333 1793//1793 307//307
f 307//307 1793//1793 1776//1776
f 307//307 1776//1776 309//309
f 309//309 1776//1776 1778//1778
f 309//309 1778//1778 311//311
f 311//311 1778//1778 1786//1786
f 311//311 1786//1786 312//312
f 312//312 1786//1786 1789//1789
f 312//312 1789//1789 315//315
f 315//315 1789//1789 1802//1802
f 315//315 1802//1802 317//317
f 317//317 1802//1802 335//335
f 270//270 304//304 274//274
f 274//274 304//304 1851//1851
f 274//274 1851//1851 279//279
f 279//279 1851//1851 1833//1833
f 278//278 1834//1834 282//282
f 282//282 1834//1834 1830//1830
f 282//282 1830//1830 287//287
f 287//287 1830//1830 1842//1842
f 287//287 1842//1842 288//288
f 288//288 1842//1842 1843//1843
f 288//288 1843//1843 240//240
f 240//240 1843//1843 1845//1845
f 240//240 1845//1845 243//243
f 243//243 1845//1845 291//291
f 228//228 229//229 236//236
f 236//236 229//229 1848//1848
f 236//236 1848//1848 235//235
f 235//235 1848//1848 1849//1849
f 235//235 1849//1849 234//234
f 234//234 1849//1849 1865//1865
f 234//234 1865//1865 233//233
f 233//233 1865//1865 1863//1863
f 233//233 1863//1863 231//231
f 231//231 1863//1863 1862//1862
f 231//231 1862//1862 232//232
f 232//232 1862//1862 1859//1859
f 232//232 1859//1859 207//207
f 207//207 1859//1859 208//208
f 1908//1908 1909//1909 1911//1911
f 1911//1911 1909//1909 1912//1912
f 1911//1911 1912//1912 1913//1913
f 1913//1913 1912//1912 1915//1915
f 1913//1913 1915//1915 1916//1916
f 1916//1916 1915//1915 1918//1918
f 1916//1916 1918//1918 1920//1920
f 1920//1920 1918//1918 1921//1921
f 1920//1920 1921//1921 1923//1923
f 1923//1923 1921//1921 1924//1924
f 1923//1923 1924//1924 1925//1925
f 1924//1924 1927//1927 1925//1925
f 1925//1925 1927//1927 1928//1928
f 1925//1925 1928//1928 1930//1930
f 1930//1930 1928//1928 1931//1931
f 1930//1930 1931//1931 1932//1932
f 1932//1932 1931//1931 1934//1934
f 1932//1932 1934//1934 1935//1935
f 1935//1935 1934//1934 1937//1937
f 1935//1935 1937//1937 1938//1938
f 1938//1938 1937//1937 1940//1940
f 1938//1938 1940//1940 1942//1942
f 1942//1942 1940//1940 1943//1943
f 1942//1942 1943//1943 1908//1908
f 1908//1908 1943//1943 1944//1944
f 1908//1908 1944//1944 1909//1909
f 1917//1917 281//281 285//285
f 1917//1917 285//285 1914//1914
f 1914//1914 285//285 237//237
f 1914//1914 237//237 1910//1910
f 1910//1910 237//237 241//241
f 1910//1910 241//241 1907//1907
f 1907//1907 241//241 246//246
f 1907//1907 246//246 1941//1941
f 1941//1941 246//246 249//249
f 1941//1941 249//249 1939//1939
f 1939//1939 249//249 253//253
f 1939//1939 253//253 1936//1936
f 1936//1936 253//253 257//257
f 1936//1936 257//257 1933//1933
f 1933//1933 257//257 262//262
f 1933//1933 262//262 1929//1929
f 1929//1929 262//262 268//268
f 1929//1929 268//268 1926//1926
f 1926//1926 268//268 272//272
f 1926//1926 272//272 1922//1922
f 1922//1922 272//272 275//275
f 1922//1922 275//275 1919//1919
f 1919//1919 275//275 281//281
f 1919//1919 281//281 1917//1917

