mtllib material.mtl
usemtl grey.001
v -0.00404000 -0.00445000 -0.00001400
v -0.00400000 -0.00460000 -0.00001300
v -0.00398100 -0.00445000 0.00068800
v -0.00394200 -0.00460000 0.00068100
v -0.00380100 -0.00445000 0.00136900
v -0.00376300 -0.00460000 0.00135500
v -0.00350600 -0.00445000 0.00200800
v -0.00347100 -0.00460000 0.00198800
v -0.00310400 -0.00445000 0.00258700
v -0.00307300 -0.00460000 0.00256100
v -0.00260700 -0.00445000 0.00308600
v -0.00258100 -0.00460000 0.00305600
v -0.00203200 -0.00445000 0.00349200
v -0.00201200 -0.00460000 0.00345700
v -0.00139500 -0.00445000 0.00379200
v -0.00138100 -0.00460000 0.00375400
v -0.00071500 -0.00445000 0.00397600
v -0.00070800 -0.00460000 0.00393700
v -0.00001400 -0.00445000 0.00404000
v -0.00001300 -0.00460000 0.00400000
v 0.00068800 -0.00445000 0.00398100
v 0.00068100 -0.00460000 0.00394200
v 0.00136900 -0.00445000 0.00380100
v 0.00135500 -0.00460000 0.00376300
v 0.00200800 -0.00445000 0.00350600
v 0.00198800 -0.00460000 0.00347100
v 0.00258700 -0.00445000 0.00310400
v 0.00256100 -0.00460000 0.00307300
v 0.00308600 -0.00445000 0.00260700
v 0.00305600 -0.00460000 0.00258100
v 0.00349200 -0.00445000 0.00203200
v 0.00345700 -0.00460000 0.00201200
v 0.00379200 -0.00445000 0.00139500
v 0.00375400 -0.00460000 0.00138100
v 0.00397600 -0.00445000 0.00071500
v 0.00393700 -0.00460000 0.00070800
v 0.00404000 -0.00445000 0.00001400
v 0.00400000 -0.00460000 0.00001300
v -0.00415000 -0.00434000 -0.00001400
v -0.00415000 -0.00434000 -0.00001400
v -0.00408900 -0.00434000 0.00070700
v -0.00408900 -0.00434000 0.00070700
v -0.00390400 -0.00434000 0.00140600
v -0.00390400 -0.00434000 0.00140600
v -0.00360100 -0.00434000 0.00206300
v -0.00360100 -0.00434000 0.00206300
v -0.00318800 -0.00434000 0.00265700
v -0.00318800 -0.00434000 0.00265700
v -0.00267800 -0.00434000 0.00317000
v -0.00267800 -0.00434000 0.00317000
v -0.00208700 -0.00434000 0.00358700
v -0.00208700 -0.00434000 0.00358700
v -0.00143200 -0.00434000 0.00389500
v -0.00143200 -0.00434000 0.00389500
v -0.00073400 -0.00434000 0.00408400
v -0.00073400 -0.00434000 0.00408400
v -0.00001400 -0.00434000 0.00415000
v -0.00001400 -0.00434000 0.00415000
v 0.00070700 -0.00434000 0.00408900
v 0.00070700 -0.00434000 0.00408900
v 0.00140600 -0.00434000 0.00390400
v 0.00140600 -0.00434000 0.00390400
v 0.00206300 -0.00434000 0.00360100
v 0.00206300 -0.00434000 0.00360100
v 0.00265700 -0.00434000 0.00318800
v 0.00265700 -0.00434000 0.00318800
v 0.00317000 -0.00434000 0.00267800
v 0.00317000 -0.00434000 0.00267800
v 0.00358700 -0.00434000 0.00208700
v 0.00358700 -0.00434000 0.00208700
v 0.00389500 -0.00434000 0.00143200
v 0.00389500 -0.00434000 0.00143200
v 0.00408400 -0.00434000 0.00073400
v 0.00408400 -0.00434000 0.00073400
v 0.00415000 -0.00434000 0.00001400
v 0.00415000 -0.00434000 0.00001400
v -0.00430000 -0.00430000 -0.00001400
v -0.00423700 -0.00430000 0.00073200
v -0.00404600 -0.00430000 0.00145700
v -0.00373100 -0.00430000 0.00213700
v -0.00330300 -0.00430000 0.00275300
v -0.00277500 -0.00430000 0.00328500
v -0.00216200 -0.00430000 0.00371700
v -0.00148400 -0.00430000 0.00403600
v -0.00076100 -0.00430000 0.00423200
v -0.00001400 -0.00430000 0.00430000
v 0.00073200 -0.00430000 0.00423700
v 0.00145700 -0.00430000 0.00404600
v 0.00213700 -0.00430000 0.00373100
v 0.00275300 -0.00430000 0.00330300
v 0.00328500 -0.00430000 0.00277500
v 0.00371700 -0.00430000 0.00216200
v 0.00403600 -0.00430000 0.00148400
v 0.00423200 -0.00430000 0.00076100
v 0.00430000 -0.00430000 0.00001400
v -0.00415000 0.00474000 -0.00001400
v -0.00415000 0.00474000 -0.00001400
v -0.00430000 0.00470000 -0.00001400
v -0.00408900 0.00474000 0.00070700
v -0.00408900 0.00474000 0.00070700
v -0.00423700 0.00470000 0.00073200
v -0.00390400 0.00474000 0.00140600
v -0.00390400 0.00474000 0.00140600
v -0.00404600 0.00470000 0.00145700
v -0.00360100 0.00474000 0.00206300
v -0.00360100 0.00474000 0.00206300
v -0.00373100 0.00470000 0.00213700
v -0.00318800 0.00474000 0.00265700
v -0.00318800 0.00474000 0.00265700
v -0.00330300 0.00470000 0.00275300
v -0.00267800 0.00474000 0.00317000
v -0.00267800 0.00474000 0.00317000
v -0.00277500 0.00470000 0.00328500
v -0.00208700 0.00474000 0.00358700
v -0.00208700 0.00474000 0.00358700
v -0.00216200 0.00470000 0.00371700
v -0.00143200 0.00474000 0.00389500
v -0.00143200 0.00474000 0.00389500
v -0.00148400 0.00470000 0.00403600
v -0.00073400 0.00474000 0.00408400
v -0.00073400 0.00474000 0.00408400
v -0.00076100 0.00470000 0.00423200
v -0.00001400 0.00474000 0.00415000
v -0.00001400 0.00474000 0.00415000
v -0.00001400 0.00470000 0.00430000
v 0.00070700 0.00474000 0.00408900
v 0.00070700 0.00474000 0.00408900
v 0.00073200 0.00470000 0.00423700
v 0.00140600 0.00474000 0.00390400
v 0.00140600 0.00474000 0.00390400
v 0.00145700 0.00470000 0.00404600
v 0.00206300 0.00474000 0.00360100
v 0.00206300 0.00474000 0.00360100
v 0.00213700 0.00470000 0.00373100
v 0.00265700 0.00474000 0.00318800
v 0.00265700 0.00474000 0.00318800
v 0.00275300 0.00470000 0.00330300
v 0.00317000 0.00474000 0.00267800
v 0.00317000 0.00474000 0.00267800
v 0.00328500 0.00470000 0.00277500
v 0.00358700 0.00474000 0.00208700
v 0.00358700 0.00474000 0.00208700
v 0.00371700 0.00470000 0.00216200
v 0.00389500 0.00474000 0.00143200
v 0.00389500 0.00474000 0.00143200
v 0.00403600 0.00470000 0.00148400
v 0.00408400 0.00474000 0.00073400
v 0.00408400 0.00474000 0.00073400
v 0.00423200 0.00470000 0.00076100
v 0.00415000 0.00474000 0.00001400
v 0.00415000 0.00474000 0.00001400
v 0.00430000 0.00470000 0.00001400
v -0.00404000 0.00485000 -0.00001400
v -0.00398100 0.00485000 0.00068800
v -0.00380100 0.00485000 0.00136900
v -0.00350600 0.00485000 0.00200800
v -0.00310400 0.00485000 0.00258700
v -0.00260700 0.00485000 0.00308600
v -0.00203200 0.00485000 0.00349200
v -0.00139500 0.00485000 0.00379200
v -0.00071500 0.00485000 0.00397600
v -0.00001400 0.00485000 0.00404000
v 0.00068800 0.00485000 0.00398100
v 0.00136900 0.00485000 0.00380100
v 0.00200800 0.00485000 0.00350600
v 0.00258700 0.00485000 0.00310400
v 0.00308600 0.00485000 0.00260700
v 0.00349200 0.00485000 0.00203200
v 0.00379200 0.00485000 0.00139500
v 0.00397600 0.00485000 0.00071500
v 0.00404000 0.00485000 0.00001400
v -0.00400000 0.00500000 -0.00001300
v -0.00394200 0.00500000 0.00068100
v -0.00376300 0.00500000 0.00135500
v -0.00347100 0.00500000 0.00198800
v -0.00307300 0.00500000 0.00256100
v -0.00258100 0.00500000 0.00305600
v -0.00201200 0.00500000 0.00345700
v -0.00138100 0.00500000 0.00375400
v -0.00070800 0.00500000 0.00393700
v -0.00001300 0.00500000 0.00400000
v 0.00068100 0.00500000 0.00394200
v 0.00135500 0.00500000 0.00376300
v 0.00198800 0.00500000 0.00347100
v 0.00256100 0.00500000 0.00307300
v 0.00305600 0.00500000 0.00258100
v 0.00345700 0.00500000 0.00201200
v 0.00375400 0.00500000 0.00138100
v 0.00393700 0.00500000 0.00070800
v 0.00400000 0.00500000 0.00001300
v -0.00375000 -0.00805000 -0.00001300
v -0.00375000 -0.00805000 -0.00001300
v -0.00400000 -0.00780000 -0.00001300
v -0.00400000 -0.00780000 -0.00001300
v -0.00375400 -0.00780000 -0.00138100
v -0.00375400 -0.00780000 -0.00138100
v -0.00351900 -0.00805000 -0.00129400
v -0.00351900 -0.00805000 -0.00129400
v -0.00305600 -0.00780000 -0.00258100
v -0.00305600 -0.00780000 -0.00258100
v -0.00286500 -0.00805000 -0.00242000
v -0.00286500 -0.00805000 -0.00242000
v -0.00198800 -0.00780000 -0.00347100
v -0.00198800 -0.00780000 -0.00347100
v -0.00186400 -0.00805000 -0.00325400
v -0.00186400 -0.00805000 -0.00325400
v -0.00068100 -0.00780000 -0.00394200
v -0.00068100 -0.00780000 -0.00394200
v -0.00063900 -0.00805000 -0.00369500
v -0.00063900 -0.00805000 -0.00369500
v 0.00070800 -0.00780000 -0.00393700
v 0.00070800 -0.00780000 -0.00393700
v 0.00066400 -0.00805000 -0.00369100
v 0.00066400 -0.00805000 -0.00369100
v 0.00201200 -0.00780000 -0.00345700
v 0.00201200 -0.00780000 -0.00345700
v 0.00188600 -0.00805000 -0.00324100
v 0.00188600 -0.00805000 -0.00324100
v 0.00307300 -0.00780000 -0.00256100
v 0.00307300 -0.00780000 -0.00256100
v 0.00288100 -0.00805000 -0.00240100
v 0.00288100 -0.00805000 -0.00240100
v 0.00376300 -0.00780000 -0.00135500
v 0.00376300 -0.00780000 -0.00135500
v 0.00352800 -0.00805000 -0.00127100
v 0.00352800 -0.00805000 -0.00127100
v 0.00400000 -0.00780000 0.00001300
v 0.00400000 -0.00780000 0.00001300
v 0.00375000 -0.00805000 0.00001300
v 0.00375000 -0.00805000 0.00001300
v 0.00375000 0.00845000 0.00001300
v 0.00375000 0.00845000 0.00001300
v 0.00400000 0.00820000 0.00001300
v 0.00400000 0.00820000 0.00001300
v 0.00376300 0.00820000 -0.00135500
v 0.00376300 0.00820000 -0.00135500
v 0.00352800 0.00845000 -0.00127100
v 0.00352800 0.00845000 -0.00127100
v 0.00307300 0.00820000 -0.00256100
v 0.00307300 0.00820000 -0.00256100
v 0.00288100 0.00845000 -0.00240100
v 0.00288100 0.00845000 -0.00240100
v 0.00201200 0.00820000 -0.00345700
v 0.00201200 0.00820000 -0.00345700
v 0.00188600 0.00845000 -0.00324100
v 0.00188600 0.00845000 -0.00324100
v 0.00070800 0.00820000 -0.00393700
v 0.00070800 0.00820000 -0.00393700
v 0.00066400 0.00845000 -0.00369100
v 0.00066400 0.00845000 -0.00369100
v -0.00068100 0.00820000 -0.00394200
v -0.00068100 0.00820000 -0.00394200
v -0.00063900 0.00845000 -0.00369500
v -0.00063900 0.00845000 -0.00369500
v -0.00198800 0.00820000 -0.00347100
v -0.00198800 0.00820000 -0.00347100
v -0.00186400 0.00845000 -0.00325400
v -0.00186400 0.00845000 -0.00325400
v -0.00305600 0.00820000 -0.00258100
v -0.00305600 0.00820000 -0.00258100
v -0.00286500 0.00845000 -0.00242000
v -0.00286500 0.00845000 -0.00242000
v -0.00375400 0.00820000 -0.00138100
v -0.00375400 0.00820000 -0.00138100
v -0.00351900 0.00845000 -0.00129400
v -0.00351900 0.00845000 -0.00129400
v -0.00400000 0.00820000 -0.00001300
v -0.00400000 0.00820000 -0.00001300
v -0.00375000 0.00845000 -0.00001300
v -0.00375000 0.00845000 -0.00001300
v -0.00066400 -0.00805000 0.00369100
v -0.00066400 -0.00805000 0.00369100
v -0.00188600 -0.00805000 0.00324100
v -0.00188600 -0.00805000 0.00324100
v -0.00288100 -0.00805000 0.00240100
v -0.00288100 -0.00805000 0.00240100
v 0.00286500 -0.00805000 0.00242000
v 0.00286500 -0.00805000 0.00242000
v 0.00186400 -0.00805000 0.00325400
v 0.00186400 -0.00805000 0.00325400
v 0.00063900 -0.00805000 0.00369500
v 0.00063900 -0.00805000 0.00369500
v 0.00351900 -0.00805000 0.00129400
v 0.00351900 -0.00805000 0.00129400
v -0.00352800 -0.00805000 0.00127100
v -0.00352800 -0.00805000 0.00127100
v -0.00393700 -0.00460000 -0.00070800
v -0.00375400 -0.00460000 -0.00138100
v -0.00345700 -0.00460000 -0.00201200
v -0.00305600 -0.00460000 -0.00258100
v -0.00256100 -0.00460000 -0.00307300
v -0.00198800 -0.00460000 -0.00347100
v -0.00135500 -0.00460000 -0.00376300
v -0.00068100 -0.00460000 -0.00394200
v 0.00001300 -0.00460000 -0.00400000
v 0.00070800 -0.00460000 -0.00393700
v 0.00138100 -0.00460000 -0.00375400
v 0.00201200 -0.00460000 -0.00345700
v 0.00258100 -0.00460000 -0.00305600
v 0.00307300 -0.00460000 -0.00256100
v 0.00347100 -0.00460000 -0.00198800
v 0.00394200 -0.00460000 -0.00068100
v 0.00376300 -0.00460000 -0.00135500
v -0.00393700 0.00500000 -0.00070800
v -0.00375400 0.00500000 -0.00138100
v -0.00345700 0.00500000 -0.00201200
v -0.00305600 0.00500000 -0.00258100
v -0.00256100 0.00500000 -0.00307300
v -0.00198800 0.00500000 -0.00347100
v -0.00135500 0.00500000 -0.00376300
v -0.00068100 0.00500000 -0.00394200
v 0.00001300 0.00500000 -0.00400000
v 0.00070800 0.00500000 -0.00393700
v 0.00138100 0.00500000 -0.00375400
v 0.00201200 0.00500000 -0.00345700
v 0.00258100 0.00500000 -0.00305600
v 0.00307300 0.00500000 -0.00256100
v 0.00347100 0.00500000 -0.00198800
v 0.00376300 0.00500000 -0.00135500
v 0.00394200 0.00500000 -0.00068100
v -0.00352800 0.00845000 0.00127100
v -0.00352800 0.00845000 0.00127100
v -0.00288100 0.00845000 0.00240100
v -0.00288100 0.00845000 0.00240100
v -0.00188600 0.00845000 0.00324100
v -0.00188600 0.00845000 0.00324100
v 0.00286500 0.00845000 0.00242000
v 0.00286500 0.00845000 0.00242000
v 0.00351900 0.00845000 0.00129400
v 0.00351900 0.00845000 0.00129400
v -0.00066400 0.00845000 0.00369100
v -0.00066400 0.00845000 0.00369100
v 0.00063900 0.00845000 0.00369500
v 0.00063900 0.00845000 0.00369500
v 0.00186400 0.00845000 0.00325400
v 0.00186400 0.00845000 0.00325400
v 0.02552800 -0.00380000 0.00151600
v 0.02552800 -0.00380000 0.00151600
v 0.02602800 -0.00430000 0.00151700
v 0.02602800 -0.00430000 0.00151700
v 0.02533400 -0.00380000 0.00247200
v 0.02533400 -0.00380000 0.00247200
v 0.02579600 -0.00430000 0.00266500
v 0.02579600 -0.00430000 0.00266500
v 0.02479000 -0.00380000 0.00328100
v 0.02479000 -0.00380000 0.00328100
v 0.02514200 -0.00430000 0.00363600
v 0.02514200 -0.00430000 0.00363600
v 0.02397700 -0.00380000 0.00382000
v 0.02397700 -0.00380000 0.00382000
v 0.02416700 -0.00430000 0.00428300
v 0.02416700 -0.00430000 0.00428300
v 0.02301900 -0.00380000 0.00400700
v 0.02301900 -0.00380000 0.00400700
v 0.02301800 -0.00430000 0.00450700
v 0.02301800 -0.00430000 0.00450700
v 0.02206300 -0.00380000 0.00381400
v 0.02206300 -0.00380000 0.00381400
v 0.02187100 -0.00430000 0.00427500
v 0.02187100 -0.00430000 0.00427500
v 0.02125400 -0.00380000 0.00326900
v 0.02125400 -0.00380000 0.00326900
v 0.02089900 -0.00430000 0.00362100
v 0.02089900 -0.00430000 0.00362100
v 0.02071500 -0.00380000 0.00245600
v 0.02071500 -0.00380000 0.00245600
v 0.02025200 -0.00430000 0.00264600
v 0.02025200 -0.00430000 0.00264600
v 0.02052800 -0.00380000 0.00149900
v 0.02052800 -0.00380000 0.00149900
v 0.02002800 -0.00430000 0.00149700
v 0.02002800 -0.00430000 0.00149700
v 0.02552800 0.00420000 0.00151600
v 0.02552800 0.00420000 0.00151600
v 0.02533400 0.00420000 0.00247200
v 0.02533400 0.00420000 0.00247200
v 0.02479000 0.00420000 0.00328100
v 0.02479000 0.00420000 0.00328100
v 0.02397700 0.00420000 0.00382000
v 0.02397700 0.00420000 0.00382000
v 0.02301900 0.00420000 0.00400700
v 0.02301900 0.00420000 0.00400700
v 0.02206300 0.00420000 0.00381400
v 0.02206300 0.00420000 0.00381400
v 0.02125400 0.00420000 0.00326900
v 0.02125400 0.00420000 0.00326900
v 0.02071500 0.00420000 0.00245600
v 0.02071500 0.00420000 0.00245600
v 0.02052800 0.00420000 0.00149900
v 0.02052800 0.00420000 0.00149900
v 0.02002800 0.00470000 0.00149700
v 0.02002800 0.00470000 0.00149700
v 0.02025200 0.00470000 0.00264600
v 0.02025200 0.00470000 0.00264600
v 0.02089900 0.00470000 0.00362100
v 0.02089900 0.00470000 0.00362100
v 0.02187100 0.00470000 0.00427500
v 0.02187100 0.00470000 0.00427500
v 0.02301800 0.00470000 0.00450700
v 0.02301800 0.00470000 0.00450700
v 0.02416700 0.00470000 0.00428300
v 0.02416700 0.00470000 0.00428300
v 0.02514200 0.00470000 0.00363600
v 0.02514200 0.00470000 0.00363600
v 0.02579600 0.00470000 0.00266500
v 0.02579600 0.00470000 0.00266500
v 0.02602800 0.00470000 0.00151700
v 0.02602800 0.00470000 0.00151700
v 0.03502600 -0.00380000 -0.00375200
v 0.03502600 -0.00380000 -0.00375200
v 0.03552600 -0.00430000 -0.00375000
v 0.03552600 -0.00430000 -0.00375000
v 0.03481100 -0.00380000 -0.00255500
v 0.03481100 -0.00380000 -0.00255500
v 0.03528000 -0.00430000 -0.00238300
v 0.03528000 -0.00430000 -0.00238300
v 0.03420000 -0.00380000 -0.00150500
v 0.03420000 -0.00380000 -0.00150500
v 0.03458200 -0.00430000 -0.00118200
v 0.03458200 -0.00430000 -0.00118200
v 0.03326600 -0.00380000 -0.00072700
v 0.03326600 -0.00380000 -0.00072700
v 0.03351400 -0.00430000 -0.00029300
v 0.03351400 -0.00430000 -0.00029300
v 0.03212200 -0.00380000 -0.00031500
v 0.03212200 -0.00380000 -0.00031500
v 0.03220700 -0.00430000 0.00017800
v 0.03220700 -0.00430000 0.00017800
v 0.03090700 -0.00380000 -0.00031900
v 0.03090700 -0.00380000 -0.00031900
v 0.03081800 -0.00430000 0.00017300
v 0.03081800 -0.00430000 0.00017300
v 0.02976600 -0.00380000 -0.00073800
v 0.02976600 -0.00380000 -0.00073800
v 0.02951400 -0.00430000 -0.00030600
v 0.02951400 -0.00430000 -0.00030600
v 0.02883700 -0.00380000 -0.00152300
v 0.02883700 -0.00380000 -0.00152300
v 0.02845300 -0.00430000 -0.00120300
v 0.02845300 -0.00430000 -0.00120300
v 0.02823300 -0.00380000 -0.00257700
v 0.02823300 -0.00380000 -0.00257700
v 0.02776300 -0.00430000 -0.00240800
v 0.02776300 -0.00430000 -0.00240800
v 0.02802600 -0.00380000 -0.00377500
v 0.02802600 -0.00380000 -0.00377500
v 0.02752600 -0.00430000 -0.00377700
v 0.02752600 -0.00430000 -0.00377700
v 0.03502600 0.00420000 -0.00375200
v 0.03502600 0.00420000 -0.00375200
v 0.03481100 0.00420000 -0.00255500
v 0.03481100 0.00420000 -0.00255500
v 0.03420000 0.00420000 -0.00150500
v 0.03420000 0.00420000 -0.00150500
v 0.03326600 0.00420000 -0.00072700
v 0.03326600 0.00420000 -0.00072700
v 0.03212200 0.00420000 -0.00031500
v 0.03212200 0.00420000 -0.00031500
v 0.03090700 0.00420000 -0.00031900
v 0.03090700 0.00420000 -0.00031900
v 0.02976600 0.00420000 -0.00073800
v 0.02976600 0.00420000 -0.00073800
v 0.02883700 0.00420000 -0.00152300
v 0.02883700 0.00420000 -0.00152300
v 0.02823300 0.00420000 -0.00257700
v 0.02823300 0.00420000 -0.00257700
v 0.02802600 0.00420000 -0.00377500
v 0.02802600 0.00420000 -0.00377500
v 0.02752600 0.00470000 -0.00377700
v 0.02752600 0.00470000 -0.00377700
v 0.02776300 0.00470000 -0.00240800
v 0.02776300 0.00470000 -0.00240800
v 0.02845300 0.00470000 -0.00120300
v 0.02845300 0.00470000 -0.00120300
v 0.02951400 0.00470000 -0.00030600
v 0.02951400 0.00470000 -0.00030600
v 0.03081800 0.00470000 0.00017300
v 0.03081800 0.00470000 0.00017300
v 0.03220700 0.00470000 0.00017800
v 0.03220700 0.00470000 0.00017800
v 0.03351400 0.00470000 -0.00029300
v 0.03351400 0.00470000 -0.00029300
v 0.03458200 0.00470000 -0.00118200
v 0.03458200 0.00470000 -0.00118200
v 0.03528000 0.00470000 -0.00238300
v 0.03528000 0.00470000 -0.00238300
v 0.03552600 0.00470000 -0.00375000
v 0.03552600 0.00470000 -0.00375000
v 0.00540400 -0.00430000 0.00534300
v 0.00540400 -0.00430000 0.00534300
v 0.00540400 0.00470000 0.00534300
v 0.00540400 0.00470000 0.00534300
v 0.00400200 0.00470000 0.00646100
v 0.00400200 0.00470000 0.00646100
v 0.00400200 -0.00430000 0.00646100
v 0.00400200 -0.00430000 0.00646100
v 0.00237700 0.00470000 0.00721900
v 0.00237700 0.00470000 0.00721900
v 0.00237700 -0.00430000 0.00721900
v 0.00237700 -0.00430000 0.00721900
v 0.00061900 0.00470000 0.00757500
v 0.00061900 0.00470000 0.00757500
v 0.00061900 -0.00430000 0.00757500
v 0.00061900 -0.00430000 0.00757500
v -0.00117300 0.00470000 0.00750900
v -0.00117300 0.00470000 0.00750900
v -0.00117300 -0.00430000 0.00750900
v -0.00117300 -0.00430000 0.00750900
v -0.00290000 0.00470000 0.00702500
v -0.00290000 0.00470000 0.00702500
v -0.00290000 -0.00430000 0.00702500
v -0.00290000 -0.00430000 0.00702500
v -0.00446600 0.00470000 0.00615000
v -0.00446600 0.00470000 0.00615000
v -0.00446600 -0.00430000 0.00615000
v -0.00446600 -0.00430000 0.00615000
v -0.00578200 0.00470000 0.00493200
v -0.00578200 0.00470000 0.00493200
v -0.00578200 -0.00430000 0.00493200
v -0.00578200 -0.00430000 0.00493200
v -0.00677700 0.00470000 0.00344000
v -0.00677700 0.00470000 0.00344000
v -0.00677700 -0.00430000 0.00344000
v -0.00677700 -0.00430000 0.00344000
v -0.00739400 0.00470000 0.00175600
v -0.00739400 0.00470000 0.00175600
v -0.00739400 -0.00430000 0.00175600
v -0.00739400 -0.00430000 0.00175600
v -0.00760000 0.00470000 -0.00002600
v -0.00760000 0.00470000 -0.00002600
v -0.00760000 -0.00430000 -0.00002600
v -0.00760000 -0.00430000 -0.00002600
v 0.00730100 -0.00430000 0.00441600
v 0.00730100 -0.00430000 0.00441600
v 0.00730100 0.00470000 0.00441600
v 0.00730100 0.00470000 0.00441600
v 0.00730100 0.00470000 0.00441600
v 0.00627400 -0.00430000 0.00471900
v 0.00627400 -0.00430000 0.00471900
v 0.00627400 0.00470000 0.00471900
v 0.00627400 0.00470000 0.00471900
v 0.01393600 -0.00430000 0.00362400
v 0.01393600 -0.00430000 0.00362400
v 0.01393600 0.00470000 0.00362400
v 0.01393600 0.00470000 0.00362400
v 0.01606700 -0.00430000 0.00412300
v 0.01606700 -0.00430000 0.00412300
v 0.01606700 0.00470000 0.00412300
v 0.01606700 0.00470000 0.00412300
v 0.01504500 -0.00430000 0.00368600
v 0.01504500 -0.00430000 0.00368600
v 0.01504500 0.00470000 0.00368600
v 0.01504500 0.00470000 0.00368600
v 0.02514900 -0.00430000 0.01006500
v 0.02514900 -0.00430000 0.01006500
v 0.02514900 0.00470000 0.01006500
v 0.02514900 0.00470000 0.01006500
v 0.02699700 -0.00430000 0.00891800
v 0.02699700 -0.00430000 0.00891800
v 0.02699700 0.00470000 0.00891800
v 0.02699700 0.00470000 0.00891800
v 0.02693900 0.00470000 0.00945500
v 0.02693900 0.00470000 0.00945500
v 0.02693900 -0.00430000 0.00945500
v 0.02693900 -0.00430000 0.00945500
v 0.02665200 0.00470000 0.00991200
v 0.02665200 0.00470000 0.00991200
v 0.02665200 -0.00430000 0.00991200
v 0.02665200 -0.00430000 0.00991200
v 0.02619300 0.00470000 0.01019600
v 0.02619300 0.00470000 0.01019600
v 0.02619300 -0.00430000 0.01019600
v 0.02619300 -0.00430000 0.01019600
v 0.02565600 0.00470000 0.01025100
v 0.02565600 0.00470000 0.01025100
v 0.02565600 -0.00430000 0.01025100
v 0.02565600 -0.00430000 0.01025100
v 0.02665900 -0.00430000 0.00608300
v 0.02665900 -0.00430000 0.00608300
v 0.02665900 0.00470000 0.00608300
v 0.02665900 0.00470000 0.00608300
v 0.02945700 -0.00430000 0.00252600
v 0.02945700 -0.00430000 0.00252600
v 0.02945700 0.00470000 0.00252600
v 0.02945700 0.00470000 0.00252600
v 0.02835600 -0.00430000 0.00286700
v 0.02835600 -0.00430000 0.00286700
v 0.02835600 0.00470000 0.00286700
v 0.02835600 0.00470000 0.00286700
v 0.02744700 -0.00430000 0.00357500
v 0.02744700 -0.00430000 0.00357500
v 0.02744700 0.00470000 0.00357500
v 0.02744700 0.00470000 0.00357500
v 0.02684800 -0.00430000 0.00456000
v 0.02684800 -0.00430000 0.00456000
v 0.02684800 0.00470000 0.00456000
v 0.02684800 0.00470000 0.00456000
v 0.02663600 -0.00430000 0.00569300
v 0.02663600 -0.00430000 0.00569300
v 0.02663600 0.00470000 0.00569300
v 0.02663600 0.00470000 0.00569300
v 0.03223700 -0.00430000 0.00219400
v 0.03223700 -0.00430000 0.00219400
v 0.03223700 0.00470000 0.00219400
v 0.03223700 0.00470000 0.00219400
v 0.02767000 -0.00430000 -0.00836100
v 0.02767000 -0.00430000 -0.00836100
v 0.02767000 0.00470000 -0.00836100
v 0.02767000 0.00470000 -0.00836100
v 0.02912500 0.00470000 -0.00926200
v 0.02912500 0.00470000 -0.00926200
v 0.02912500 -0.00430000 -0.00926200
v 0.02912500 -0.00430000 -0.00926200
v 0.03077500 0.00470000 -0.00971600
v 0.03077500 0.00470000 -0.00971600
v 0.03077500 -0.00430000 -0.00971600
v 0.03077500 -0.00430000 -0.00971600
v 0.03248600 0.00470000 -0.00968600
v 0.03248600 0.00470000 -0.00968600
v 0.03248600 -0.00430000 -0.00968600
v 0.03248600 -0.00430000 -0.00968600
v 0.03411900 0.00470000 -0.00917400
v 0.03411900 0.00470000 -0.00917400
v 0.03411900 -0.00430000 -0.00917400
v 0.03411900 -0.00430000 -0.00917400
v 0.03554100 0.00470000 -0.00822200
v 0.03554100 0.00470000 -0.00822200
v 0.03554100 -0.00430000 -0.00822200
v 0.03554100 -0.00430000 -0.00822200
v 0.03663700 0.00470000 -0.00690700
v 0.03663700 0.00470000 -0.00690700
v 0.03663700 -0.00430000 -0.00690700
v 0.03663700 -0.00430000 -0.00690700
v 0.03731600 0.00470000 -0.00533600
v 0.03731600 0.00470000 -0.00533600
v 0.03731600 -0.00430000 -0.00533600
v 0.03731600 -0.00430000 -0.00533600
v 0.03752500 0.00470000 -0.00363800
v 0.03752500 0.00470000 -0.00363800
v 0.03752500 -0.00430000 -0.00363800
v 0.03752500 -0.00430000 -0.00363800
v 0.03724500 0.00470000 -0.00194900
v 0.03724500 0.00470000 -0.00194900
v 0.03724500 -0.00430000 -0.00194900
v 0.03724500 -0.00430000 -0.00194900
v 0.03650100 0.00470000 -0.00040900
v 0.03650100 0.00470000 -0.00040900
v 0.03650100 -0.00430000 -0.00040900
v 0.03650100 -0.00430000 -0.00040900
v 0.03535100 0.00470000 0.00085900
v 0.03535100 0.00470000 0.00085900
v 0.03535100 -0.00430000 0.00085900
v 0.03535100 -0.00430000 0.00085900
v 0.03389000 0.00470000 0.00175100
v 0.03389000 0.00470000 0.00175100
v 0.03389000 -0.00430000 0.00175100
v 0.03389000 -0.00430000 0.00175100
v 0.02599300 -0.00430000 -0.00763500
v 0.02599300 -0.00430000 -0.00763500
v 0.02599300 0.00470000 -0.00763500
v 0.02599300 0.00470000 -0.00763500
v 0.02688500 -0.00430000 -0.00787600
v 0.02688500 -0.00430000 -0.00787600
v 0.02688500 0.00470000 -0.00787600
v 0.02688500 0.00470000 -0.00787600
v 0.00698600 -0.00430000 -0.00536600
v 0.00698600 -0.00430000 -0.00536600
v 0.00698600 0.00470000 -0.00536600
v 0.00698600 0.00470000 -0.00536600
v 0.00464900 -0.00430000 -0.00601200
v 0.00464900 -0.00430000 -0.00601200
v 0.00464900 0.00470000 -0.00601200
v 0.00464900 0.00470000 -0.00601200
v 0.00575400 -0.00430000 -0.00545900
v 0.00575400 -0.00430000 -0.00545900
v 0.00575400 -0.00430000 -0.00545900
v 0.00575400 0.00470000 -0.00545900
v 0.00575400 0.00470000 -0.00545900
v 0.00575400 0.00470000 -0.00545900
v 0.02515600 0.00470000 -0.00060700
v 0.02515600 0.00470000 -0.00060700
v 0.02580300 0.00470000 0.00036800
v 0.02580300 0.00470000 0.00036800
v 0.02418500 0.00470000 -0.00126100
v 0.02418500 0.00470000 -0.00126100
v 0.02303800 0.00470000 -0.00149300
v 0.02303800 0.00470000 -0.00149300
v 0.02188900 0.00470000 -0.00126800
v 0.02188900 0.00470000 -0.00126800
v 0.02091400 0.00470000 -0.00062100
v 0.02091400 0.00470000 -0.00062100
v 0.02026000 0.00470000 0.00035000
v 0.02026000 0.00470000 0.00035000
v 0.03528900 0.00470000 -0.00511900
v 0.03528900 0.00470000 -0.00511900
v 0.03459900 0.00470000 -0.00632400
v 0.03459900 0.00470000 -0.00632400
v 0.03353800 0.00470000 -0.00722100
v 0.03353800 0.00470000 -0.00722100
v 0.03223400 0.00470000 -0.00770000
v 0.03223400 0.00470000 -0.00770000
v 0.03084500 0.00470000 -0.00770500
v 0.03084500 0.00470000 -0.00770500
v 0.02953800 0.00470000 -0.00723400
v 0.02953800 0.00470000 -0.00723400
v 0.02847100 0.00470000 -0.00634500
v 0.02847100 0.00470000 -0.00634500
v 0.02777200 0.00470000 -0.00514400
v 0.02777200 0.00470000 -0.00514400
v 0.00148400 0.00470000 -0.00403600
v 0.00216200 0.00470000 -0.00371700
v 0.00277500 0.00470000 -0.00328500
v 0.00330300 0.00470000 -0.00275300
v 0.00373100 0.00470000 -0.00213700
v 0.00404600 0.00470000 -0.00145700
v 0.00423700 0.00470000 -0.00073200
v -0.00736200 0.00470000 -0.00188500
v -0.00736200 0.00470000 -0.00188500
v -0.00415400 0.00470000 -0.00636400
v -0.00415400 0.00470000 -0.00636400
v -0.00213700 0.00470000 -0.00373100
v -0.00246900 0.00470000 -0.00718800
v -0.00246900 0.00470000 -0.00718800
v -0.00145700 0.00470000 -0.00404600
v -0.00063500 0.00470000 -0.00757300
v -0.00063500 0.00470000 -0.00757300
v -0.00423200 0.00470000 -0.00076100
v -0.00403600 0.00470000 -0.00148400
v -0.00667700 0.00470000 -0.00363000
v -0.00667700 0.00470000 -0.00363000
v -0.00371700 0.00470000 -0.00216200
v -0.00558500 0.00470000 -0.00515400
v -0.00558500 0.00470000 -0.00515400
v -0.00328500 0.00470000 -0.00277500
v -0.00275300 0.00470000 -0.00330300
v 0.00303600 0.00470000 -0.00696700
v 0.00303600 0.00470000 -0.00696700
v 0.00076100 0.00470000 -0.00423200
v 0.00123800 0.00470000 -0.00749800
v 0.00123800 0.00470000 -0.00749800
v 0.00001400 0.00470000 -0.00430000
v -0.00073200 0.00470000 -0.00423700
v 0.02777200 -0.00430000 -0.00514400
v 0.02777200 -0.00430000 -0.00514400
v 0.02580300 -0.00430000 0.00036800
v 0.02580300 -0.00430000 0.00036800
v 0.02515600 -0.00430000 -0.00060700
v 0.02515600 -0.00430000 -0.00060700
v 0.02418500 -0.00430000 -0.00126100
v 0.02418500 -0.00430000 -0.00126100
v 0.02303800 -0.00430000 -0.00149300
v 0.02303800 -0.00430000 -0.00149300
v 0.02091400 -0.00430000 -0.00062100
v 0.02091400 -0.00430000 -0.00062100
v 0.02026000 -0.00430000 0.00035000
v 0.02026000 -0.00430000 0.00035000
v 0.00423700 -0.00430000 -0.00073200
v 0.00404600 -0.00430000 -0.00145700
v 0.02188900 -0.00430000 -0.00126800
v 0.02188900 -0.00430000 -0.00126800
v 0.00373100 -0.00430000 -0.00213700
v 0.00330300 -0.00430000 -0.00275300
v 0.00277500 -0.00430000 -0.00328500
v 0.00303600 -0.00430000 -0.00696700
v 0.00303600 -0.00430000 -0.00696700
v 0.03459900 -0.00430000 -0.00632400
v 0.03459900 -0.00430000 -0.00632400
v 0.03528900 -0.00430000 -0.00511900
v 0.03528900 -0.00430000 -0.00511900
v 0.02847100 -0.00430000 -0.00634500
v 0.02847100 -0.00430000 -0.00634500
v 0.02953800 -0.00430000 -0.00723400
v 0.02953800 -0.00430000 -0.00723400
v 0.03084500 -0.00430000 -0.00770500
v 0.03084500 -0.00430000 -0.00770500
v 0.03223400 -0.00430000 -0.00770000
v 0.03223400 -0.00430000 -0.00770000
v 0.03353800 -0.00430000 -0.00722100
v 0.03353800 -0.00430000 -0.00722100
v 0.00216200 -0.00430000 -0.00371700
v 0.00148400 -0.00430000 -0.00403600
v 0.00123800 -0.00430000 -0.00749800
v 0.00123800 -0.00430000 -0.00749800
v 0.00076100 -0.00430000 -0.00423200
v -0.00063500 -0.00430000 -0.00757300
v -0.00063500 -0.00430000 -0.00757300
v 0.00001400 -0.00430000 -0.00430000
v -0.00073200 -0.00430000 -0.00423700
v -0.00246900 -0.00430000 -0.00718800
v -0.00246900 -0.00430000 -0.00718800
v -0.00145700 -0.00430000 -0.00404600
v -0.00415400 -0.00430000 -0.00636400
v -0.00415400 -0.00430000 -0.00636400
v -0.00736200 -0.00430000 -0.00188500
v -0.00736200 -0.00430000 -0.00188500
v -0.00423200 -0.00430000 -0.00076100
v -0.00213700 -0.00430000 -0.00373100
v -0.00275300 -0.00430000 -0.00330300
v -0.00558500 -0.00430000 -0.00515400
v -0.00558500 -0.00430000 -0.00515400
v -0.00328500 -0.00430000 -0.00277500
v -0.00667700 -0.00430000 -0.00363000
v -0.00667700 -0.00430000 -0.00363000
v -0.00371700 -0.00430000 -0.00216200
v -0.00403600 -0.00430000 -0.00148400
v 0.03481900 0.00420000 -0.00494900
v 0.03481900 0.00420000 -0.00494900
v 0.03421500 0.00420000 -0.00600400
v 0.03421500 0.00420000 -0.00600400
v 0.03328600 0.00420000 -0.00678900
v 0.03328600 0.00420000 -0.00678900
v 0.03214600 0.00420000 -0.00720800
v 0.03214600 0.00420000 -0.00720800
v 0.03093000 0.00420000 -0.00721200
v 0.03093000 0.00420000 -0.00721200
v 0.02978600 0.00420000 -0.00680000
v 0.02978600 0.00420000 -0.00680000
v 0.02885300 0.00420000 -0.00602200
v 0.02885300 0.00420000 -0.00602200
v 0.02824100 0.00420000 -0.00497200
v 0.02824100 0.00420000 -0.00497200
v 0.02824100 -0.00380000 -0.00497200
v 0.02824100 -0.00380000 -0.00497200
v 0.02885300 -0.00380000 -0.00602200
v 0.02885300 -0.00380000 -0.00602200
v 0.02978600 -0.00380000 -0.00680000
v 0.02978600 -0.00380000 -0.00680000
v 0.03093000 -0.00380000 -0.00721200
v 0.03093000 -0.00380000 -0.00721200
v 0.03214600 -0.00380000 -0.00720800
v 0.03214600 -0.00380000 -0.00720800
v 0.03328600 -0.00380000 -0.00678900
v 0.03328600 -0.00380000 -0.00678900
v 0.03421500 -0.00380000 -0.00600400
v 0.03421500 -0.00380000 -0.00600400
v 0.03481900 -0.00380000 -0.00494900
v 0.03481900 -0.00380000 -0.00494900
v 0.02534100 0.00420000 0.00055800
v 0.02534100 0.00420000 0.00055800
v 0.02480200 0.00420000 -0.00025500
v 0.02480200 0.00420000 -0.00025500
v 0.02399200 0.00420000 -0.00079900
v 0.02399200 0.00420000 -0.00079900
v 0.02303600 0.00420000 -0.00099300
v 0.02303600 0.00420000 -0.00099300
v 0.02207900 0.00420000 -0.00080600
v 0.02207900 0.00420000 -0.00080600
v 0.02126600 0.00420000 -0.00026600
v 0.02126600 0.00420000 -0.00026600
v 0.02072100 0.00420000 0.00054300
v 0.02072100 0.00420000 0.00054300
v 0.02072100 -0.00380000 0.00054300
v 0.02072100 -0.00380000 0.00054300
v 0.02126600 -0.00380000 -0.00026600
v 0.02126600 -0.00380000 -0.00026600
v 0.02207900 -0.00380000 -0.00080600
v 0.02207900 -0.00380000 -0.00080600
v 0.02303600 -0.00380000 -0.00099300
v 0.02303600 -0.00380000 -0.00099300
v 0.02399200 -0.00380000 -0.00079900
v 0.02399200 -0.00380000 -0.00079900
v 0.02480200 -0.00380000 -0.00025500
v 0.02480200 -0.00380000 -0.00025500
v 0.02534100 -0.00380000 0.00055800
v 0.02534100 -0.00380000 0.00055800
v 0.00375400 0.00820000 0.00138100
v 0.00375400 0.00820000 0.00138100
v 0.00305600 0.00820000 0.00258100
v 0.00305600 0.00820000 0.00258100
v 0.00198800 0.00820000 0.00347100
v 0.00198800 0.00820000 0.00347100
v 0.00068100 0.00820000 0.00394200
v 0.00068100 0.00820000 0.00394200
v -0.00070800 0.00820000 0.00393700
v -0.00070800 0.00820000 0.00393700
v -0.00201200 0.00820000 0.00345700
v -0.00201200 0.00820000 0.00345700
v -0.00307300 0.00820000 0.00256100
v -0.00307300 0.00820000 0.00256100
v -0.00376300 0.00820000 0.00135500
v -0.00376300 0.00820000 0.00135500
v 0.00375400 -0.00780000 0.00138100
v 0.00375400 -0.00780000 0.00138100
v 0.00305600 -0.00780000 0.00258100
v 0.00305600 -0.00780000 0.00258100
v 0.00198800 -0.00780000 0.00347100
v 0.00198800 -0.00780000 0.00347100
v 0.00068100 -0.00780000 0.00394200
v 0.00068100 -0.00780000 0.00394200
v -0.00070800 -0.00780000 0.00393700
v -0.00070800 -0.00780000 0.00393700
v -0.00201200 -0.00780000 0.00345700
v -0.00201200 -0.00780000 0.00345700
v -0.00307300 -0.00780000 0.00256100
v -0.00307300 -0.00780000 0.00256100
v -0.00376300 -0.00780000 0.00135500
v -0.00376300 -0.00780000 0.00135500
v 0.00408900 0.00474000 -0.00070700
v 0.00408900 0.00474000 -0.00070700
v 0.00390400 0.00474000 -0.00140600
v 0.00390400 0.00474000 -0.00140600
v 0.00360100 0.00474000 -0.00206300
v 0.00360100 0.00474000 -0.00206300
v 0.00318800 0.00474000 -0.00265700
v 0.00318800 0.00474000 -0.00265700
v 0.00267800 0.00474000 -0.00317000
v 0.00267800 0.00474000 -0.00317000
v 0.00208700 0.00474000 -0.00358700
v 0.00208700 0.00474000 -0.00358700
v 0.00143200 0.00474000 -0.00389500
v 0.00143200 0.00474000 -0.00389500
v 0.00073400 0.00474000 -0.00408400
v 0.00073400 0.00474000 -0.00408400
v 0.00001400 0.00474000 -0.00415000
v 0.00001400 0.00474000 -0.00415000
v -0.00070700 0.00474000 -0.00408900
v -0.00070700 0.00474000 -0.00408900
v -0.00140600 0.00474000 -0.00390400
v -0.00140600 0.00474000 -0.00390400
v -0.00206300 0.00474000 -0.00360100
v -0.00206300 0.00474000 -0.00360100
v -0.00265700 0.00474000 -0.00318800
v -0.00265700 0.00474000 -0.00318800
v -0.00317000 0.00474000 -0.00267800
v -0.00317000 0.00474000 -0.00267800
v -0.00358700 0.00474000 -0.00208700
v -0.00358700 0.00474000 -0.00208700
v -0.00389500 0.00474000 -0.00143200
v -0.00389500 0.00474000 -0.00143200
v -0.00408400 0.00474000 -0.00073400
v -0.00408400 0.00474000 -0.00073400
v 0.00398100 0.00485000 -0.00068800
v 0.00380100 0.00485000 -0.00136900
v 0.00350600 0.00485000 -0.00200800
v 0.00310400 0.00485000 -0.00258700
v 0.00260700 0.00485000 -0.00308600
v 0.00203200 0.00485000 -0.00349200
v 0.00139500 0.00485000 -0.00379200
v 0.00071500 0.00485000 -0.00397600
v 0.00001400 0.00485000 -0.00404000
v -0.00068800 0.00485000 -0.00398100
v -0.00136900 0.00485000 -0.00380100
v -0.00200800 0.00485000 -0.00350600
v -0.00258700 0.00485000 -0.00310400
v -0.00308600 0.00485000 -0.00260700
v -0.00349200 0.00485000 -0.00203200
v -0.00379200 0.00485000 -0.00139500
v -0.00397600 0.00485000 -0.00071500
v 0.00398100 -0.00445000 -0.00068800
v 0.00380100 -0.00445000 -0.00136900
v 0.00350600 -0.00445000 -0.00200800
v 0.00310400 -0.00445000 -0.00258700
v 0.00260700 -0.00445000 -0.00308600
v 0.00203200 -0.00445000 -0.00349200
v 0.00139500 -0.00445000 -0.00379200
v 0.00071500 -0.00445000 -0.00397600
v 0.00001400 -0.00445000 -0.00404000
v -0.00068800 -0.00445000 -0.00398100
v -0.00136900 -0.00445000 -0.00380100
v -0.00200800 -0.00445000 -0.00350600
v -0.00258700 -0.00445000 -0.00310400
v -0.00308600 -0.00445000 -0.00260700
v -0.00349200 -0.00445000 -0.00203200
v -0.00379200 -0.00445000 -0.00139500
v -0.00397600 -0.00445000 -0.00071500
v 0.00408900 -0.00434000 -0.00070700
v 0.00408900 -0.00434000 -0.00070700
v 0.00390400 -0.00434000 -0.00140600
v 0.00390400 -0.00434000 -0.00140600
v 0.00360100 -0.00434000 -0.00206300
v 0.00360100 -0.00434000 -0.00206300
v 0.00318800 -0.00434000 -0.00265700
v 0.00318800 -0.00434000 -0.00265700
v 0.00267800 -0.00434000 -0.00317000
v 0.00267800 -0.00434000 -0.00317000
v 0.00208700 -0.00434000 -0.00358700
v 0.00208700 -0.00434000 -0.00358700
v 0.00143200 -0.00434000 -0.00389500
v 0.00143200 -0.00434000 -0.00389500
v 0.00073400 -0.00434000 -0.00408400
v 0.00073400 -0.00434000 -0.00408400
v 0.00001400 -0.00434000 -0.00415000
v 0.00001400 -0.00434000 -0.00415000
v -0.00070700 -0.00434000 -0.00408900
v -0.00070700 -0.00434000 -0.00408900
v -0.00140600 -0.00434000 -0.00390400
v -0.00140600 -0.00434000 -0.00390400
v -0.00206300 -0.00434000 -0.00360100
v -0.00206300 -0.00434000 -0.00360100
v -0.00265700 -0.00434000 -0.00318800
v -0.00265700 -0.00434000 -0.00318800
v -0.00317000 -0.00434000 -0.00267800
v -0.00317000 -0.00434000 -0.00267800
v -0.00358700 -0.00434000 -0.00208700
v -0.00358700 -0.00434000 -0.00208700
v -0.00389500 -0.00434000 -0.00143200
v -0.00389500 -0.00434000 -0.00143200
v -0.00408400 -0.00434000 -0.00073400
v -0.00408400 -0.00434000 -0.00073400
vn -0.86230000 -0.50640000 -0.00290000
vn -0.99130000 -0.13140000 -0.00340000
vn -0.84980000 -0.50620000 0.14690000
vn -0.97670000 -0.13270000 0.16880000
vn -0.81130000 -0.50640000 0.29220000
vn -0.93270000 -0.13140000 0.33590000
vn -0.74830000 -0.50630000 0.42870000
vn -0.86000000 -0.13270000 0.49270000
vn -0.66240000 -0.50640000 0.55210000
vn -0.76150000 -0.13160000 0.63470000
vn -0.55650000 -0.50630000 0.65870000
vn -0.63970000 -0.13270000 0.75710000
vn -0.43360000 -0.50640000 0.74530000
vn -0.49850000 -0.13150000 0.85680000
vn -0.29770000 -0.50630000 0.80930000
vn -0.34210000 -0.13280000 0.93020000
vn -0.15260000 -0.50640000 0.84870000
vn -0.17540000 -0.13150000 0.97570000
vn -0.00290000 -0.50640000 0.86230000
vn -0.00340000 -0.13270000 0.99120000
vn 0.14690000 -0.50620000 0.84980000
vn 0.16890000 -0.13170000 0.97680000
vn 0.29220000 -0.50640000 0.81130000
vn 0.33590000 -0.13270000 0.93250000
vn 0.42870000 -0.50640000 0.74820000
vn 0.49280000 -0.13150000 0.86020000
vn 0.55210000 -0.50630000 0.66250000
vn 0.63450000 -0.13280000 0.76140000
vn 0.65870000 -0.50630000 0.55650000
vn 0.75730000 -0.13140000 0.63970000
vn 0.74530000 -0.50640000 0.43360000
vn 0.85670000 -0.13270000 0.49850000
vn 0.80930000 -0.50630000 0.29770000
vn 0.93040000 -0.13150000 0.34220000
vn 0.84870000 -0.50640000 0.15260000
vn 0.97550000 -0.13280000 0.17540000
vn 0.86230000 -0.50640000 0.00290000
vn 0.99130000 -0.13140000 0.00340000
vn -0.70730000 -0.70690000 -0.00240000
vn -0.25880000 -0.96590000 -0.00090000
vn -0.69680000 -0.70710000 0.12040000
vn -0.25540000 -0.96580000 0.04410000
vn -0.24350000 -0.96590000 0.08770000
vn -0.66510000 -0.70730000 0.23960000
vn -0.61350000 -0.70720000 0.35140000
vn -0.22450000 -0.96590000 0.12860000
vn -0.19900000 -0.96590000 0.16580000
vn -0.54320000 -0.70710000 0.45270000
vn -0.45630000 -0.70710000 0.54010000
vn -0.16700000 -0.96590000 0.19760000
vn -0.35550000 -0.70730000 0.61100000
vn -0.13010000 -0.96590000 0.22360000
vn -0.24410000 -0.70710000 0.66360000
vn -0.08930000 -0.96600000 0.24280000
vn -0.04580000 -0.96600000 0.25460000
vn -0.12510000 -0.70710000 0.69590000
vn -0.00240000 -0.70700000 0.70720000
vn -0.00090000 -0.96590000 0.25880000
vn 0.12040000 -0.70710000 0.69680000
vn 0.04410000 -0.96600000 0.25490000
vn 0.23960000 -0.70730000 0.66510000
vn 0.08770000 -0.96590000 0.24350000
vn 0.35150000 -0.70720000 0.61350000
vn 0.12860000 -0.96590000 0.22450000
vn 0.45270000 -0.70710000 0.54320000
vn 0.16560000 -0.96600000 0.19870000
vn 0.54010000 -0.70710000 0.45630000
vn 0.19760000 -0.96590000 0.16700000
vn 0.22360000 -0.96590000 0.13010000
vn 0.61100000 -0.70730000 0.35550000
vn 0.24280000 -0.96600000 0.08930000
vn 0.66360000 -0.70710000 0.24410000
vn 0.69590000 -0.70710000 0.12510000
vn 0.25460000 -0.96600000 0.04580000
vn 0.70690000 -0.70730000 0.00230000
vn 0.25880000 -0.96590000 0.00090000
vn -0.12340000 -0.99240000 -0.00040000
vn -0.12150000 -0.99240000 0.02100000
vn -0.11610000 -0.99240000 0.04180000
vn -0.10700000 -0.99240000 0.06130000
vn -0.09470000 -0.99240000 0.07890000
vn -0.07960000 -0.99240000 0.09420000
vn -0.06200000 -0.99240000 0.10660000
vn -0.04260000 -0.99240000 0.11570000
vn -0.02180000 -0.99240000 0.12140000
vn -0.00040000 -0.99240000 0.12340000
vn 0.02100000 -0.99240000 0.12150000
vn 0.04180000 -0.99240000 0.11610000
vn 0.06130000 -0.99240000 0.10700000
vn 0.07890000 -0.99240000 0.09470000
vn 0.09420000 -0.99240000 0.07960000
vn 0.10660000 -0.99240000 0.06200000
vn 0.11570000 -0.99240000 0.04260000
vn 0.12140000 -0.99240000 0.02180000
vn 0.12340000 -0.99240000 0.00040000
vn -0.25910000 0.96580000 -0.00090000
vn -0.70720000 0.70700000 -0.00240000
vn -0.12350000 0.99230000 -0.00040000
vn -0.69680000 0.70710000 0.12050000
vn -0.25530000 0.96590000 0.04410000
vn -0.12140000 0.99240000 0.02100000
vn -0.24380000 0.96580000 0.08780000
vn -0.66510000 0.70730000 0.23950000
vn -0.11590000 0.99240000 0.04170000
vn -0.22450000 0.96590000 0.12860000
vn -0.61350000 0.70720000 0.35150000
vn -0.10720000 0.99230000 0.06140000
vn -0.54320000 0.70710000 0.45270000
vn -0.19900000 0.96590000 0.16580000
vn -0.09490000 0.99230000 0.07910000
vn -0.45630000 0.70710000 0.54010000
vn -0.16700000 0.96590000 0.19770000
vn -0.07970000 0.99230000 0.09440000
vn -0.35550000 0.70730000 0.61100000
vn -0.13010000 0.96590000 0.22370000
vn -0.06210000 0.99230000 0.10680000
vn -0.08940000 0.96590000 0.24310000
vn -0.24410000 0.70710000 0.66370000
vn -0.04260000 0.99230000 0.11590000
vn -0.04580000 0.96590000 0.25500000
vn -0.12510000 0.70710000 0.69590000
vn -0.02190000 0.99230000 0.12160000
vn -0.00090000 0.96590000 0.25880000
vn -0.00240000 0.70730000 0.70690000
vn -0.00040000 0.99230000 0.12350000
vn 0.12050000 0.70710000 0.69680000
vn 0.04410000 0.96590000 0.25530000
vn 0.02100000 0.99230000 0.12170000
vn 0.23950000 0.70730000 0.66510000
vn 0.08780000 0.96580000 0.24380000
vn 0.04170000 0.99240000 0.11590000
vn 0.12860000 0.96600000 0.22440000
vn 0.35150000 0.70720000 0.61350000
vn 0.06140000 0.99230000 0.10720000
vn 0.16580000 0.96590000 0.19900000
vn 0.45270000 0.70710000 0.54320000
vn 0.07910000 0.99230000 0.09490000
vn 0.54010000 0.70710000 0.45630000
vn 0.19790000 0.96590000 0.16720000
vn 0.09440000 0.99230000 0.07970000
vn 0.61100000 0.70730000 0.35550000
vn 0.22350000 0.96600000 0.13000000
vn 0.10680000 0.99230000 0.06210000
vn 0.66370000 0.70710000 0.24400000
vn 0.24310000 0.96590000 0.08940000
vn 0.11540000 0.99240000 0.04250000
vn 0.69590000 0.70710000 0.12510000
vn 0.25500000 0.96590000 0.04580000
vn 0.12160000 0.99230000 0.02190000
vn 0.70720000 0.70700000 0.00240000
vn 0.25910000 0.96580000 0.00090000
vn 0.12350000 0.99230000 0.00040000
vn -0.86230000 0.50640000 -0.00290000
vn -0.84980000 0.50620000 0.14690000
vn -0.81130000 0.50640000 0.29220000
vn -0.74820000 0.50630000 0.42870000
vn -0.66240000 0.50640000 0.55200000
vn -0.55650000 0.50630000 0.65880000
vn -0.43370000 0.50640000 0.74530000
vn -0.29770000 0.50630000 0.80930000
vn -0.15260000 0.50640000 0.84870000
vn -0.00290000 0.50640000 0.86230000
vn 0.14690000 0.50620000 0.84980000
vn 0.29220000 0.50640000 0.81130000
vn 0.42860000 0.50640000 0.74820000
vn 0.55210000 0.50630000 0.66250000
vn 0.65880000 0.50630000 0.55650000
vn 0.74530000 0.50640000 0.43370000
vn 0.80930000 0.50630000 0.29770000
vn 0.84870000 0.50640000 0.15260000
vn 0.86230000 0.50640000 0.00290000
vn -0.99130000 0.13140000 -0.00330000
vn -0.97660000 0.13300000 0.16880000
vn -0.93270000 0.13140000 0.33590000
vn -0.86000000 0.13270000 0.49270000
vn -0.76150000 0.13160000 0.63460000
vn -0.63960000 0.13270000 0.75710000
vn -0.49850000 0.13150000 0.85680000
vn -0.34210000 0.13280000 0.93020000
vn -0.17540000 0.13150000 0.97570000
vn -0.00330000 0.13270000 0.99120000
vn 0.16890000 0.13140000 0.97680000
vn 0.33590000 0.13270000 0.93250000
vn 0.49270000 0.13150000 0.86020000
vn 0.63450000 0.13280000 0.76140000
vn 0.75730000 0.13140000 0.63970000
vn 0.85670000 0.13270000 0.49850000
vn 0.93040000 0.13150000 0.34220000
vn 0.97550000 0.13280000 0.17540000
vn 0.99130000 0.13140000 0.00330000
vn -0.00000000 -1.00000000 -0.00000000
vn -0.70710000 -0.70710000 -0.00240000
vn -0.70710000 -0.70710000 -0.00240000
vn -0.99990000 -0.01660000 -0.00340000
vn -0.66360000 -0.70720000 -0.24410000
vn -0.93840000 -0.01660000 -0.34510000
vn -0.00000000 -1.00000000 -0.00000000
vn -0.66360000 -0.70720000 -0.24410000
vn -0.76380000 -0.01660000 -0.64530000
vn -0.54010000 -0.70710000 -0.45630000
vn -0.00000000 -1.00000000 -0.00000000
vn -0.54010000 -0.70710000 -0.45630000
vn -0.35150000 -0.70710000 -0.61350000
vn -0.49700000 -0.01660000 -0.86760000
vn -0.35150000 -0.70710000 -0.61360000
vn -0.00000000 -1.00000000 -0.00000000
vn -0.12040000 -0.70710000 -0.69680000
vn -0.17030000 -0.01660000 -0.98530000
vn -0.12040000 -0.70710000 -0.69680000
vn -0.00000000 -1.00000000 -0.00000000
vn 0.12510000 -0.70710000 -0.69590000
vn 0.17690000 -0.01660000 -0.98410000
vn -0.00000000 -1.00000000 -0.00000000
vn 0.12510000 -0.70710000 -0.69590000
vn 0.35560000 -0.70710000 -0.61120000
vn 0.50280000 -0.01660000 -0.86420000
vn -0.00000000 -1.00000000 -0.00000000
vn 0.35560000 -0.70710000 -0.61120000
vn 0.76810000 -0.01660000 -0.64010000
vn 0.54320000 -0.70720000 -0.45260000
vn 0.54310000 -0.70720000 -0.45270000
vn -0.00000000 -1.00000000 -0.00000000
vn 0.94070000 -0.01660000 -0.33880000
vn 0.66530000 -0.70710000 -0.23960000
vn 0.66530000 -0.70710000 -0.23960000
vn -0.00000000 -1.00000000 -0.00000000
vn 0.99990000 -0.01660000 0.00340000
vn 0.70710000 -0.70710000 0.00240000
vn 0.70710000 -0.70710000 0.00240000
vn -0.00000000 -1.00000000 -0.00000000
vn -0.00000000 1.00000000 -0.00000000
vn 0.70710000 0.70710000 0.00240000
vn 0.99990000 0.01660000 0.00340000
vn 0.70710000 0.70710000 0.00240000
vn 0.66530000 0.70710000 -0.23960000
vn 0.94070000 0.01660000 -0.33880000
vn -0.00000000 1.00000000 -0.00000000
vn 0.66530000 0.70710000 -0.23960000
vn 0.76810000 0.01660000 -0.64010000
vn 0.54310000 0.70720000 -0.45270000
vn 0.54310000 0.70720000 -0.45270000
vn -0.00000000 1.00000000 -0.00000000
vn 0.50280000 0.01660000 -0.86420000
vn 0.35560000 0.70710000 -0.61120000
vn 0.35560000 0.70710000 -0.61120000
vn -0.00000000 1.00000000 -0.00000000
vn 0.12510000 0.70710000 -0.69590000
vn 0.17690000 0.01660000 -0.98410000
vn -0.00000000 1.00000000 -0.00000000
vn 0.12510000 0.70710000 -0.69590000
vn -0.12040000 0.70710000 -0.69670000
vn -0.17030000 0.01660000 -0.98530000
vn -0.00000000 1.00000000 -0.00000000
vn -0.12040000 0.70710000 -0.69680000
vn -0.35150000 0.70710000 -0.61360000
vn -0.49700000 0.01660000 -0.86760000
vn -0.35150000 0.70710000 -0.61360000
vn -0.00000000 1.00000000 -0.00000000
vn -0.54010000 0.70710000 -0.45630000
vn -0.76380000 0.01660000 -0.64530000
vn -0.00000000 1.00000000 -0.00000000
vn -0.54010000 0.70710000 -0.45630000
vn -0.66360000 0.70720000 -0.24400000
vn -0.93840000 0.01660000 -0.34510000
vn -0.66360000 0.70720000 -0.24400000
vn -0.00000000 1.00000000 -0.00000000
vn -0.99990000 0.01660000 -0.00340000
vn -0.70710000 0.70710000 -0.00240000
vn -0.70710000 0.70710000 -0.00240000
vn -0.00000000 1.00000000 -0.00000000
vn -0.12510000 -0.70710000 0.69590000
vn -0.00000000 -1.00000000 -0.00000000
vn -0.35560000 -0.70710000 0.61120000
vn -0.00000000 -1.00000000 -0.00000000
vn -0.00000000 -1.00000000 -0.00000000
vn -0.54320000 -0.70710000 0.45270000
vn 0.54010000 -0.70710000 0.45630000
vn -0.00000000 -1.00000000 -0.00000000
vn -0.00000000 -1.00000000 -0.00000000
vn 0.35150000 -0.70710000 0.61350000
vn -0.00000000 -1.00000000 -0.00000000
vn 0.12040000 -0.70710000 0.69670000
vn 0.66360000 -0.70720000 0.24410000
vn -0.00000000 -1.00000000 -0.00000000
vn -0.00000000 -1.00000000 -0.00000000
vn -0.66530000 -0.70710000 0.23960000
vn -0.97550000 -0.13280000 -0.17540000
vn -0.93040000 -0.13150000 -0.34220000
vn -0.85670000 -0.13270000 -0.49850000
vn -0.75730000 -0.13140000 -0.63970000
vn -0.63450000 -0.13280000 -0.76140000
vn -0.49280000 -0.13140000 -0.86020000
vn -0.33590000 -0.13270000 -0.93250000
vn -0.16890000 -0.13140000 -0.97680000
vn 0.00340000 -0.13270000 -0.99120000
vn 0.17540000 -0.13150000 -0.97570000
vn 0.34210000 -0.13280000 -0.93020000
vn 0.49850000 -0.13150000 -0.85680000
vn 0.63960000 -0.13270000 -0.75710000
vn 0.76150000 -0.13150000 -0.63460000
vn 0.86000000 -0.13280000 -0.49270000
vn 0.97670000 -0.13260000 -0.16880000
vn 0.93270000 -0.13140000 -0.33590000
vn -0.97550000 0.13280000 -0.17540000
vn -0.93040000 0.13150000 -0.34220000
vn -0.85670000 0.13270000 -0.49850000
vn -0.75730000 0.13140000 -0.63970000
vn -0.63450000 0.13280000 -0.76140000
vn -0.49280000 0.13140000 -0.86020000
vn -0.33590000 0.13270000 -0.93250000
vn -0.16890000 0.13140000 -0.97680000
vn 0.00330000 0.13270000 -0.99120000
vn 0.17540000 0.13150000 -0.97570000
vn 0.34210000 0.13280000 -0.93020000
vn 0.49850000 0.13150000 -0.85680000
vn 0.63960000 0.13270000 -0.75710000
vn 0.76150000 0.13150000 -0.63460000
vn 0.86000000 0.13280000 -0.49270000
vn 0.93270000 0.13140000 -0.33590000
vn 0.97670000 0.13260000 -0.16880000
vn -0.66530000 0.70710000 0.23960000
vn -0.00000000 1.00000000 -0.00000000
vn -0.54320000 0.70710000 0.45270000
vn -0.00000000 1.00000000 -0.00000000
vn -0.00000000 1.00000000 -0.00000000
vn -0.35560000 0.70710000 0.61120000
vn 0.54010000 0.70710000 0.45630000
vn -0.00000000 1.00000000 -0.00000000
vn 0.66360000 0.70720000 0.24400000
vn -0.00000000 1.00000000 -0.00000000
vn -0.00000000 1.00000000 -0.00000000
vn -0.12510000 0.70710000 0.69590000
vn -0.00000000 1.00000000 -0.00000000
vn 0.12040000 0.70710000 0.69670000
vn -0.00000000 1.00000000 -0.00000000
vn 0.35150000 0.70710000 0.61350000
vn -1.00000000 -0.00000000 -0.00340000
vn -0.70710000 -0.70710000 -0.00240000
vn -0.00000000 -1.00000000 -0.00000000
vn -0.70710000 -0.70710000 -0.00240000
vn -0.92260000 -0.00000000 -0.38580000
vn -0.65240000 -0.70710000 -0.27280000
vn -0.65240000 -0.70710000 -0.27280000
vn -0.00000000 -1.00000000 -0.00000000
vn -0.49830000 -0.70710000 -0.50170000
vn -0.70470000 -0.00000000 -0.70950000
vn -0.00000000 -1.00000000 -0.00000000
vn -0.49830000 -0.70710000 -0.50170000
vn -0.26840000 -0.70710000 -0.65420000
vn -0.37960000 -0.00000000 -0.92520000
vn -0.26840000 -0.70710000 -0.65420000
vn -0.00000000 -1.00000000 -0.00000000
vn 0.00240000 -0.70710000 -0.70710000
vn 0.00340000 -0.00000000 -1.00000000
vn 0.00240000 -0.70710000 -0.70710000
vn -0.00000000 -1.00000000 -0.00000000
vn 0.38580000 -0.00000000 -0.92260000
vn 0.27280000 -0.70710000 -0.65240000
vn -0.00000000 -1.00000000 -0.00000000
vn 0.27280000 -0.70710000 -0.65240000
vn 0.70950000 -0.00000000 -0.70470000
vn 0.50170000 -0.70710000 -0.49830000
vn 0.50170000 -0.70710000 -0.49830000
vn -0.00000000 -1.00000000 -0.00000000
vn 0.65420000 -0.70710000 -0.26840000
vn 0.92520000 -0.00000000 -0.37960000
vn -0.00000000 -1.00000000 -0.00000000
vn 0.65420000 -0.70710000 -0.26840000
vn 0.70710000 -0.70710000 0.00240000
vn 1.00000000 -0.00000000 0.00340000
vn 0.70710000 -0.70710000 0.00240000
vn -0.00000000 -1.00000000 -0.00000000
vn -1.00000000 -0.00000000 -0.00340000
vn -0.70710000 0.70710000 -0.00240000
vn -0.65230000 0.70720000 -0.27280000
vn -0.92260000 -0.00000000 -0.38580000
vn -0.70470000 -0.00000000 -0.70950000
vn -0.49830000 0.70710000 -0.50170000
vn -0.26840000 0.70710000 -0.65420000
vn -0.37960000 -0.00000000 -0.92520000
vn 0.00340000 -0.00000000 -1.00000000
vn 0.00240000 0.70720000 -0.70710000
vn 0.27280000 0.70710000 -0.65230000
vn 0.38580000 -0.00000000 -0.92260000
vn 0.70950000 -0.00000000 -0.70470000
vn 0.50170000 0.70710000 -0.49830000
vn 0.92520000 -0.00000000 -0.37960000
vn 0.65420000 0.70710000 -0.26840000
vn 1.00000000 -0.00000000 0.00340000
vn 0.70710000 0.70710000 0.00240000
vn -0.00000000 1.00000000 -0.00000000
vn 0.70710000 0.70710000 0.00240000
vn 0.65420000 0.70710000 -0.26840000
vn -0.00000000 1.00000000 -0.00000000
vn 0.50170000 0.70710000 -0.49830000
vn -0.00000000 1.00000000 -0.00000000
vn 0.27280000 0.70720000 -0.65230000
vn -0.00000000 1.00000000 -0.00000000
vn 0.00240000 0.70710000 -0.70710000
vn -0.00000000 1.00000000 -0.00000000
vn -0.26840000 0.70710000 -0.65420000
vn -0.00000000 1.00000000 -0.00000000
vn -0.00000000 1.00000000 -0.00000000
vn -0.49830000 0.70710000 -0.50170000
vn -0.00000000 1.00000000 -0.00000000
vn -0.65230000 0.70710000 -0.27280000
vn -0.70710000 0.70710000 -0.00240000
vn -0.00000000 1.00000000 -0.00000000
vn -0.70710000 -0.70710000 -0.00240000
vn -1.00000000 -0.00000000 -0.00340000
vn -0.00000000 -1.00000000 -0.00000000
vn -0.70710000 -0.70710000 -0.00240000
vn -0.66370000 -0.70710000 -0.24410000
vn -0.93850000 -0.00000000 -0.34520000
vn -0.00000000 -1.00000000 -0.00000000
vn -0.66370000 -0.70710000 -0.24410000
vn -0.76390000 -0.00000000 -0.64540000
vn -0.54020000 -0.70710000 -0.45640000
vn -0.00000000 -1.00000000 -0.00000000
vn -0.54020000 -0.70710000 -0.45640000
vn -0.35150000 -0.70710000 -0.61360000
vn -0.49710000 -0.00000000 -0.86770000
vn -0.35150000 -0.70710000 -0.61360000
vn -0.00000000 -1.00000000 -0.00000000
vn -0.12040000 -0.70710000 -0.69680000
vn -0.17030000 -0.00000000 -0.98540000
vn -0.12040000 -0.70710000 -0.69680000
vn -0.00000000 -1.00000000 -0.00000000
vn 0.17700000 -0.00000000 -0.98420000
vn 0.12510000 -0.70710000 -0.69600000
vn -0.00000000 -1.00000000 -0.00000000
vn 0.12510000 -0.70710000 -0.69600000
vn 0.35560000 -0.70710000 -0.61120000
vn 0.50290000 -0.00000000 -0.86430000
vn -0.00000000 -1.00000000 -0.00000000
vn 0.35560000 -0.70710000 -0.61120000
vn 0.54320000 -0.70710000 -0.45270000
vn 0.76820000 -0.00000000 -0.64020000
vn -0.00000000 -1.00000000 -0.00000000
vn 0.54320000 -0.70710000 -0.45270000
vn 0.94080000 -0.00000000 -0.33890000
vn 0.66530000 -0.70710000 -0.23960000
vn -0.00000000 -1.00000000 -0.00000000
vn 0.66530000 -0.70710000 -0.23960000
vn 0.70710000 -0.70710000 0.00240000
vn 1.00000000 -0.00000000 0.00340000
vn -0.00000000 -1.00000000 -0.00000000
vn 0.70710000 -0.70710000 0.00240000
vn -1.00000000 -0.00000000 -0.00340000
vn -0.70710000 0.70710000 -0.00240000
vn -0.66360000 0.70710000 -0.24410000
vn -0.93850000 -0.00000000 -0.34520000
vn -0.54010000 0.70710000 -0.45630000
vn -0.76390000 -0.00000000 -0.64540000
vn -0.35150000 0.70710000 -0.61350000
vn -0.49710000 -0.00000000 -0.86770000
vn -0.12040000 0.70710000 -0.69670000
vn -0.17030000 -0.00000000 -0.98540000
vn 0.17700000 -0.00000000 -0.98420000
vn 0.12510000 0.70710000 -0.69590000
vn 0.35560000 0.70710000 -0.61120000
vn 0.50290000 -0.00000000 -0.86430000
vn 0.54320000 0.70710000 -0.45270000
vn 0.76820000 -0.00000000 -0.64020000
vn 0.66520000 0.70720000 -0.23960000
vn 0.94080000 -0.00000000 -0.33890000
vn 0.70710000 0.70710000 0.00240000
vn 1.00000000 -0.00000000 0.00340000
vn -0.00000000 1.00000000 -0.00000000
vn 0.70710000 0.70710000 0.00240000
vn 0.66520000 0.70720000 -0.23960000
vn -0.00000000 1.00000000 -0.00000000
vn 0.54320000 0.70710000 -0.45270000
vn -0.00000000 1.00000000 -0.00000000
vn -0.00000000 1.00000000 -0.00000000
vn 0.35560000 0.70710000 -0.61120000
vn -0.00000000 1.00000000 -0.00000000
vn 0.12510000 0.70710000 -0.69590000
vn -0.00000000 1.00000000 -0.00000000
vn -0.12040000 0.70710000 -0.69670000
vn -0.35150000 0.70710000 -0.61350000
vn -0.00000000 1.00000000 -0.00000000
vn -0.00000000 1.00000000 -0.00000000
vn -0.54010000 0.70710000 -0.45630000
vn -0.00000000 1.00000000 -0.00000000
vn -0.66360000 0.70710000 -0.24410000
vn -0.00000000 1.00000000 -0.00000000
vn -0.70710000 0.70710000 -0.00240000
vn 0.60350000 -0.00000000 0.79730000
vn -0.00000000 -1.00000000 -0.00000000
vn -0.00000000 1.00000000 -0.00000000
vn 0.60350000 -0.00000000 0.79730000
vn 0.52660000 -0.00000000 0.85010000
vn -0.00000000 1.00000000 -0.00000000
vn -0.00000000 -1.00000000 -0.00000000
vn 0.52660000 -0.00000000 0.85010000
vn -0.00000000 1.00000000 -0.00000000
vn 0.31270000 -0.00000000 0.94980000
vn -0.00000000 -1.00000000 -0.00000000
vn 0.31270000 -0.00000000 0.94980000
vn -0.00000000 1.00000000 -0.00000000
vn 0.08140000 -0.00000000 0.99670000
vn -0.00000000 -1.00000000 -0.00000000
vn 0.08140000 -0.00000000 0.99670000
vn -0.15440000 -0.00000000 0.98800000
vn -0.00000000 1.00000000 -0.00000000
vn -0.00000000 -1.00000000 -0.00000000
vn -0.15440000 -0.00000000 0.98800000
vn -0.00000000 1.00000000 -0.00000000
vn -0.38160000 -0.00000000 0.92430000
vn -0.38160000 -0.00000000 0.92430000
vn -0.00000000 -1.00000000 -0.00000000
vn -0.58760000 -0.00000000 0.80920000
vn -0.00000000 1.00000000 -0.00000000
vn -0.58760000 -0.00000000 0.80920000
vn -0.00000000 -1.00000000 -0.00000000
vn -0.00000000 1.00000000 -0.00000000
vn -0.76080000 -0.00000000 0.64900000
vn -0.76080000 -0.00000000 0.64900000
vn -0.00000000 -1.00000000 -0.00000000
vn -0.89170000 -0.00000000 0.45260000
vn -0.00000000 1.00000000 -0.00000000
vn -0.89170000 -0.00000000 0.45260000
vn -0.00000000 -1.00000000 -0.00000000
vn -0.97290000 -0.00000000 0.23110000
vn -0.00000000 1.00000000 -0.00000000
vn -0.97290000 -0.00000000 0.23110000
vn -0.00000000 -1.00000000 -0.00000000
vn -0.00000000 1.00000000 -0.00000000
vn -1.00000000 -0.00000000 -0.00600000
vn -0.00000000 -1.00000000 -0.00000000
vn -1.00000000 -0.00000000 -0.00600000
vn -0.00000000 -1.00000000 -0.00000000
vn 0.20150000 -0.00000000 0.97950000
vn 0.20140000 -0.00000000 0.97950000
vn 0.20150000 -0.00000000 0.97950000
vn -0.00000000 1.00000000 -0.00000000
vn -0.00000000 -1.00000000 -0.00000000
vn 0.43940000 -0.00000000 0.89830000
vn 0.43940000 -0.00000000 0.89830000
vn -0.00000000 1.00000000 -0.00000000
vn 0.03160000 -0.00000000 0.99950000
vn -0.00000000 -1.00000000 -0.00000000
vn 0.03150000 -0.00000000 0.99950000
vn -0.00000000 1.00000000 -0.00000000
vn -0.00000000 -1.00000000 -0.00000000
vn -0.47240000 -0.00000000 0.88140000
vn -0.00000000 1.00000000 -0.00000000
vn -0.47240000 -0.00000000 0.88140000
vn -0.00000000 -1.00000000 -0.00000000
vn -0.22820000 -0.00000000 0.97360000
vn -0.00000000 1.00000000 -0.00000000
vn -0.22820000 -0.00000000 0.97360000
vn -0.00000000 -1.00000000 -0.00000000
vn -0.44920000 -0.00000000 0.89340000
vn -0.44920000 -0.00000000 0.89340000
vn -0.00000000 1.00000000 -0.00000000
vn -0.00000000 -1.00000000 -0.00000000
vn 1.00000000 -0.00000000 -0.00540000
vn -0.00000000 1.00000000 -0.00000000
vn 1.00000000 -0.00000000 -0.00540000
vn -0.00000000 1.00000000 -0.00000000
vn 0.94440000 -0.00000000 0.32880000
vn -0.00000000 -1.00000000 -0.00000000
vn 0.94440000 -0.00000000 0.32880000
vn -0.00000000 1.00000000 -0.00000000
vn 0.70470000 -0.00000000 0.70950000
vn -0.00000000 -1.00000000 -0.00000000
vn 0.70470000 -0.00000000 0.70950000
vn 0.32240000 -0.00000000 0.94660000
vn -0.00000000 1.00000000 -0.00000000
vn 0.32240000 -0.00000000 0.94660000
vn -0.00000000 -1.00000000 -0.00000000
vn -0.12520000 -0.00000000 0.99210000
vn -0.00000000 1.00000000 -0.00000000
vn -0.00000000 -1.00000000 -0.00000000
vn -0.12520000 -0.00000000 0.99210000
vn -0.00000000 -1.00000000 -0.00000000
vn 0.99610000 -0.00000000 -0.08810000
vn -0.00000000 1.00000000 -0.00000000
vn 0.99610000 -0.00000000 -0.08810000
vn 0.20780000 -0.00000000 0.97820000
vn -0.00000000 -1.00000000 -0.00000000
vn 0.20780000 -0.00000000 0.97820000
vn -0.00000000 1.00000000 -0.00000000
vn -0.00000000 -1.00000000 -0.00000000
vn 0.46260000 -0.00000000 0.88650000
vn -0.00000000 1.00000000 -0.00000000
vn 0.46260000 -0.00000000 0.88650000
vn 0.74670000 -0.00000000 0.66510000
vn -0.00000000 -1.00000000 -0.00000000
vn -0.00000000 1.00000000 -0.00000000
vn 0.74670000 -0.00000000 0.66510000
vn -0.00000000 -1.00000000 -0.00000000
vn 0.93390000 -0.00000000 0.35740000
vn -0.00000000 1.00000000 -0.00000000
vn 0.93390000 -0.00000000 0.35740000
vn -0.00000000 -1.00000000 -0.00000000
vn 0.99800000 -0.00000000 0.06330000
vn -0.00000000 1.00000000 -0.00000000
vn 0.99800000 -0.00000000 0.06330000
vn -0.00000000 -1.00000000 -0.00000000
vn 0.18920000 -0.00000000 0.98190000
vn 0.18920000 -0.00000000 0.98190000
vn -0.00000000 1.00000000 -0.00000000
vn -0.00000000 -1.00000000 -0.00000000
vn -0.52610000 -0.00000000 -0.85040000
vn -0.00000000 1.00000000 -0.00000000
vn -0.52610000 -0.00000000 -0.85040000
vn -0.40020000 -0.00000000 -0.91640000
vn -0.00000000 1.00000000 -0.00000000
vn -0.40020000 -0.00000000 -0.91640000
vn -0.00000000 -1.00000000 -0.00000000
vn -0.12520000 -0.00000000 -0.99210000
vn -0.00000000 1.00000000 -0.00000000
vn -0.12520000 -0.00000000 -0.99210000
vn -0.00000000 -1.00000000 -0.00000000
vn 0.16000000 -0.00000000 -0.98710000
vn -0.00000000 1.00000000 -0.00000000
vn -0.00000000 -1.00000000 -0.00000000
vn 0.16000000 -0.00000000 -0.98710000
vn 0.43220000 -0.00000000 -0.90180000
vn -0.00000000 1.00000000 -0.00000000
vn 0.43220000 -0.00000000 -0.90180000
vn -0.00000000 -1.00000000 -0.00000000
vn -0.00000000 1.00000000 -0.00000000
vn 0.66920000 -0.00000000 -0.74310000
vn 0.66920000 -0.00000000 -0.74310000
vn -0.00000000 -1.00000000 -0.00000000
vn -0.00000000 1.00000000 -0.00000000
vn 0.85180000 -0.00000000 -0.52390000
vn 0.85180000 -0.00000000 -0.52390000
vn -0.00000000 -1.00000000 -0.00000000
vn -0.00000000 1.00000000 -0.00000000
vn 0.96500000 -0.00000000 -0.26220000
vn 0.96500000 -0.00000000 -0.26220000
vn -0.00000000 -1.00000000 -0.00000000
vn 0.99980000 -0.00000000 0.02090000
vn -0.00000000 1.00000000 -0.00000000
vn 0.99980000 -0.00000000 0.02090000
vn -0.00000000 -1.00000000 -0.00000000
vn -0.00000000 1.00000000 -0.00000000
vn 0.95320000 -0.00000000 0.30240000
vn -0.00000000 -1.00000000 -0.00000000
vn 0.95320000 -0.00000000 0.30240000
vn 0.82910000 -0.00000000 0.55920000
vn -0.00000000 1.00000000 -0.00000000
vn -0.00000000 -1.00000000 -0.00000000
vn 0.82910000 -0.00000000 0.55920000
vn 0.63750000 -0.00000000 0.77050000
vn -0.00000000 1.00000000 -0.00000000
vn -0.00000000 -1.00000000 -0.00000000
vn 0.63750000 -0.00000000 0.77050000
vn -0.00000000 1.00000000 -0.00000000
vn 0.39400000 -0.00000000 0.91910000
vn -0.00000000 -1.00000000 -0.00000000
vn 0.39400000 -0.00000000 0.91910000
vn -0.00000000 -1.00000000 -0.00000000
vn -0.19010000 -0.00000000 -0.98180000
vn -0.00000000 1.00000000 -0.00000000
vn -0.19010000 -0.00000000 -0.98180000
vn -0.39710000 -0.00000000 -0.91780000
vn -0.00000000 -1.00000000 -0.00000000
vn -0.39710000 -0.00000000 -0.91780000
vn -0.00000000 1.00000000 -0.00000000
vn -0.02170000 -0.00000000 -0.99980000
vn -0.00000000 -1.00000000 -0.00000000
vn -0.02170000 -0.00000000 -0.99980000
vn -0.00000000 1.00000000 -0.00000000
vn 0.47880000 -0.00000000 -0.87790000
vn -0.00000000 -1.00000000 -0.00000000
vn 0.47880000 -0.00000000 -0.87790000
vn -0.00000000 1.00000000 -0.00000000
vn -0.00000000 -1.00000000 -0.00000000
vn 0.26650000 -0.00000000 -0.96380000
vn 0.26640000 -0.00000000 -0.96390000
vn -0.00000000 1.00000000 -0.00000000
vn 0.26650000 -0.00000000 -0.96380000
vn 0.26640000 -0.00000000 -0.96390000
vn -0.50170000 0.70710000 0.49830000
vn -0.00000000 1.00000000 -0.00000000
vn -0.65420000 0.70710000 0.26840000
vn -0.00000000 1.00000000 -0.00000000
vn -0.00000000 1.00000000 -0.00000000
vn -0.27280000 0.70710000 0.65240000
vn -0.00000000 1.00000000 -0.00000000
vn -0.00240000 0.70710000 0.70710000
vn 0.26840000 0.70710000 0.65420000
vn -0.00000000 1.00000000 -0.00000000
vn -0.00000000 1.00000000 -0.00000000
vn 0.49830000 0.70710000 0.50170000
vn 0.65240000 0.70710000 0.27280000
vn -0.00000000 1.00000000 -0.00000000
vn -0.00000000 1.00000000 -0.00000000
vn -0.66530000 0.70710000 0.23960000
vn -0.00000000 1.00000000 -0.00000000
vn -0.54320000 0.70710000 0.45270000
vn -0.00000000 1.00000000 -0.00000000
vn -0.35560000 0.70710000 0.61120000
vn -0.00000000 1.00000000 -0.00000000
vn -0.12510000 0.70710000 0.69590000
vn -0.00000000 1.00000000 -0.00000000
vn 0.12040000 0.70710000 0.69680000
vn 0.35150000 0.70710000 0.61360000
vn -0.00000000 1.00000000 -0.00000000
vn 0.54010000 0.70710000 0.45630000
vn -0.00000000 1.00000000 -0.00000000
vn 0.66360000 0.70710000 0.24410000
vn -0.00000000 1.00000000 -0.00000000
vn 0.04260000 0.99230000 -0.11590000
vn 0.06210000 0.99230000 -0.10680000
vn 0.07970000 0.99230000 -0.09440000
vn 0.09490000 0.99230000 -0.07910000
vn 0.10690000 0.99240000 -0.06120000
vn 0.11620000 0.99230000 -0.04190000
vn 0.12170000 0.99230000 -0.02100000
vn -0.00000000 1.00000000 -0.00000000
vn -0.96870000 -0.00000000 -0.24800000
vn -0.54650000 -0.00000000 -0.83740000
vn -0.00000000 1.00000000 -0.00000000
vn -0.06140000 0.99230000 -0.10720000
vn -0.32490000 -0.00000000 -0.94570000
vn -0.00000000 1.00000000 -0.00000000
vn -0.04190000 0.99230000 -0.11620000
vn -0.08350000 -0.00000000 -0.99650000
vn -0.00000000 1.00000000 -0.00000000
vn -0.12120000 0.99240000 -0.02180000
vn -0.11590000 0.99230000 -0.04260000
vn -0.00000000 1.00000000 -0.00000000
vn -0.87860000 -0.00000000 -0.47760000
vn -0.10680000 0.99230000 -0.06210000
vn -0.00000000 1.00000000 -0.00000000
vn -0.73490000 -0.00000000 -0.67820000
vn -0.09440000 0.99230000 -0.07970000
vn -0.07910000 0.99230000 -0.09490000
vn 0.39950000 -0.00000000 -0.91670000
vn -0.00000000 1.00000000 -0.00000000
vn 0.02190000 0.99230000 -0.12160000
vn -0.00000000 1.00000000 -0.00000000
vn 0.16290000 -0.00000000 -0.98660000
vn 0.00040000 0.99230000 -0.12350000
vn -0.02100000 0.99230000 -0.12170000
vn -0.00000000 -1.00000000 -0.00000000
vn 0.66370000 -0.70710000 0.24410000
vn -0.65420000 -0.70710000 0.26840000
vn -0.00000000 -1.00000000 -0.00000000
vn -0.50170000 -0.70710000 0.49830000
vn -0.00000000 -1.00000000 -0.00000000
vn -0.27280000 -0.70710000 0.65240000
vn -0.00000000 -1.00000000 -0.00000000
vn -0.00240000 -0.70710000 0.70710000
vn -0.00000000 -1.00000000 -0.00000000
vn -0.00000000 -1.00000000 -0.00000000
vn 0.49830000 -0.70710000 0.50170000
vn 0.65240000 -0.70710000 0.27280000
vn -0.00000000 -1.00000000 -0.00000000
vn 0.12150000 -0.99240000 -0.02100000
vn 0.11610000 -0.99240000 -0.04180000
vn -0.00000000 -1.00000000 -0.00000000
vn 0.26840000 -0.70710000 0.65420000
vn 0.10700000 -0.99240000 -0.06130000
vn 0.09470000 -0.99240000 -0.07890000
vn 0.07960000 -0.99240000 -0.09420000
vn -0.00000000 -1.00000000 -0.00000000
vn 0.39950000 -0.00000000 -0.91670000
vn -0.54320000 -0.70710000 0.45270000
vn -0.00000000 -1.00000000 -0.00000000
vn -0.66530000 -0.70710000 0.23960000
vn -0.00000000 -1.00000000 -0.00000000
vn 0.54020000 -0.70710000 0.45640000
vn -0.00000000 -1.00000000 -0.00000000
vn 0.35150000 -0.70710000 0.61360000
vn -0.00000000 -1.00000000 -0.00000000
vn 0.12050000 -0.70710000 0.69680000
vn -0.00000000 -1.00000000 -0.00000000
vn -0.12510000 -0.70710000 0.69600000
vn -0.00000000 -1.00000000 -0.00000000
vn -0.35560000 -0.70710000 0.61120000
vn -0.00000000 -1.00000000 -0.00000000
vn 0.06200000 -0.99240000 -0.10660000
vn 0.04260000 -0.99240000 -0.11570000
vn 0.16290000 -0.00000000 -0.98660000
vn -0.00000000 -1.00000000 -0.00000000
vn 0.02180000 -0.99240000 -0.12140000
vn -0.00000000 -1.00000000 -0.00000000
vn -0.08350000 -0.00000000 -0.99650000
vn 0.00040000 -0.99240000 -0.12340000
vn -0.02100000 -0.99240000 -0.12150000
vn -0.00000000 -1.00000000 -0.00000000
vn -0.32490000 -0.00000000 -0.94570000
vn -0.04180000 -0.99240000 -0.11610000
vn -0.00000000 -1.00000000 -0.00000000
vn -0.54650000 -0.00000000 -0.83740000
vn -0.96870000 -0.00000000 -0.24800000
vn -0.00000000 -1.00000000 -0.00000000
vn -0.12140000 -0.99240000 -0.02180000
vn -0.06130000 -0.99240000 -0.10700000
vn -0.07890000 -0.99240000 -0.09470000
vn -0.73490000 -0.00000000 -0.67820000
vn -0.00000000 -1.00000000 -0.00000000
vn -0.09420000 -0.99240000 -0.07960000
vn -0.87860000 -0.00000000 -0.47760000
vn -0.00000000 -1.00000000 -0.00000000
vn -0.10660000 -0.99240000 -0.06200000
vn -0.11570000 -0.99240000 -0.04260000
vn -0.66530000 0.70710000 0.23960000
vn -0.94080000 -0.00000000 0.33890000
vn -0.54320000 0.70710000 0.45270000
vn -0.76820000 -0.00000000 0.64020000
vn -0.50290000 -0.00000000 0.86430000
vn -0.35560000 0.70710000 0.61120000
vn -0.12510000 0.70710000 0.69590000
vn -0.17700000 -0.00000000 0.98420000
vn 0.12050000 0.70710000 0.69680000
vn 0.17030000 -0.00000000 0.98540000
vn 0.49710000 -0.00000000 0.86770000
vn 0.35150000 0.70710000 0.61360000
vn 0.54010000 0.70710000 0.45630000
vn 0.76390000 -0.00000000 0.64540000
vn 0.66360000 0.70710000 0.24410000
vn 0.93850000 -0.00000000 0.34520000
vn 0.66370000 -0.70710000 0.24410000
vn 0.93850000 -0.00000000 0.34520000
vn 0.54020000 -0.70710000 0.45640000
vn 0.76390000 -0.00000000 0.64540000
vn 0.49710000 -0.00000000 0.86770000
vn 0.35150000 -0.70710000 0.61360000
vn 0.12050000 -0.70710000 0.69680000
vn 0.17030000 -0.00000000 0.98540000
vn -0.12510000 -0.70710000 0.69600000
vn -0.17700000 -0.00000000 0.98420000
vn -0.35560000 -0.70710000 0.61120000
vn -0.50290000 -0.00000000 0.86430000
vn -0.54320000 -0.70710000 0.45270000
vn -0.76820000 -0.00000000 0.64020000
vn -0.94080000 -0.00000000 0.33890000
vn -0.66530000 -0.70710000 0.23960000
vn -0.92520000 -0.00000000 0.37960000
vn -0.65420000 0.70710000 0.26840000
vn -0.70950000 -0.00000000 0.70470000
vn -0.50170000 0.70710000 0.49830000
vn -0.38580000 -0.00000000 0.92260000
vn -0.27280000 0.70710000 0.65240000
vn -0.00340000 -0.00000000 1.00000000
vn -0.00240000 0.70710000 0.70710000
vn 0.37960000 -0.00000000 0.92520000
vn 0.26840000 0.70710000 0.65420000
vn 0.70470000 -0.00000000 0.70950000
vn 0.49830000 0.70710000 0.50170000
vn 0.92260000 -0.00000000 0.38580000
vn 0.65240000 0.70710000 0.27280000
vn 0.92260000 -0.00000000 0.38580000
vn 0.65240000 -0.70710000 0.27280000
vn 0.70470000 -0.00000000 0.70950000
vn 0.49830000 -0.70710000 0.50170000
vn 0.37960000 -0.00000000 0.92520000
vn 0.26840000 -0.70710000 0.65420000
vn -0.00340000 -0.00000000 1.00000000
vn -0.00240000 -0.70710000 0.70710000
vn -0.27280000 -0.70710000 0.65240000
vn -0.38580000 -0.00000000 0.92260000
vn -0.50170000 -0.70710000 0.49830000
vn -0.70950000 -0.00000000 0.70470000
vn -0.65420000 -0.70710000 0.26840000
vn -0.92520000 -0.00000000 0.37960000
vn 0.93840000 0.01660000 0.34510000
vn 0.66360000 0.70720000 0.24400000
vn 0.76380000 0.01660000 0.64530000
vn 0.54010000 0.70710000 0.45630000
vn 0.49700000 0.01660000 0.86760000
vn 0.35150000 0.70710000 0.61350000
vn 0.17030000 0.01660000 0.98520000
vn 0.12040000 0.70710000 0.69670000
vn -0.17690000 0.01660000 0.98410000
vn -0.12510000 0.70710000 0.69590000
vn -0.35560000 0.70710000 0.61120000
vn -0.50280000 0.01660000 0.86420000
vn -0.54320000 0.70710000 0.45270000
vn -0.76810000 0.01660000 0.64010000
vn -0.66530000 0.70710000 0.23960000
vn -0.94070000 0.01660000 0.33880000
vn 0.66360000 -0.70720000 0.24410000
vn 0.93840000 -0.01660000 0.34510000
vn 0.54010000 -0.70710000 0.45630000
vn 0.76380000 -0.01660000 0.64530000
vn 0.49700000 -0.01660000 0.86760000
vn 0.35150000 -0.70710000 0.61350000
vn 0.17030000 -0.01660000 0.98520000
vn 0.12040000 -0.70710000 0.69670000
vn -0.17690000 -0.01660000 0.98410000
vn -0.12510000 -0.70710000 0.69590000
vn -0.50280000 -0.01660000 0.86420000
vn -0.35560000 -0.70710000 0.61120000
vn -0.76810000 -0.01660000 0.64010000
vn -0.54320000 -0.70710000 0.45270000
vn -0.94070000 -0.01660000 0.33880000
vn -0.66530000 -0.70710000 0.23960000
vn 0.25490000 0.96600000 -0.04410000
vn 0.69680000 0.70710000 -0.12050000
vn 0.66510000 0.70730000 -0.23950000
vn 0.24380000 0.96580000 -0.08780000
vn 0.61350000 0.70720000 -0.35150000
vn 0.22440000 0.96600000 -0.12860000
vn 0.54320000 0.70710000 -0.45270000
vn 0.19900000 0.96590000 -0.16580000
vn 0.16720000 0.96590000 -0.19790000
vn 0.45630000 0.70710000 -0.54010000
vn 0.13030000 0.96580000 -0.22400000
vn 0.35550000 0.70730000 -0.61100000
vn 0.08940000 0.96590000 -0.24310000
vn 0.24410000 0.70710000 -0.66370000
vn 0.04580000 0.96590000 -0.25500000
vn 0.12510000 0.70710000 -0.69590000
vn 0.00090000 0.96600000 -0.25860000
vn 0.00240000 0.70690000 -0.70730000
vn -0.04410000 0.96590000 -0.25530000
vn -0.12050000 0.70710000 -0.69680000
vn -0.23950000 0.70730000 -0.66510000
vn -0.08780000 0.96580000 -0.24380000
vn -0.35150000 0.70720000 -0.61350000
vn -0.12880000 0.96580000 -0.22480000
vn -0.45270000 0.70710000 -0.54320000
vn -0.16580000 0.96590000 -0.19900000
vn -0.19790000 0.96590000 -0.16720000
vn -0.54010000 0.70710000 -0.45630000
vn -0.22400000 0.96580000 -0.13030000
vn -0.61100000 0.70730000 -0.35550000
vn -0.24270000 0.96600000 -0.08930000
vn -0.66370000 0.70710000 -0.24400000
vn -0.69590000 0.70710000 -0.12510000
vn -0.25500000 0.96590000 -0.04580000
vn 0.84980000 0.50620000 -0.14690000
vn 0.81130000 0.50640000 -0.29220000
vn 0.74820000 0.50640000 -0.42860000
vn 0.66250000 0.50630000 -0.55210000
vn 0.55650000 0.50630000 -0.65880000
vn 0.43370000 0.50640000 -0.74530000
vn 0.29770000 0.50630000 -0.80930000
vn 0.15260000 0.50640000 -0.84870000
vn 0.00290000 0.50640000 -0.86230000
vn -0.14690000 0.50620000 -0.84980000
vn -0.29220000 0.50640000 -0.81130000
vn -0.42870000 0.50630000 -0.74830000
vn -0.55210000 0.50630000 -0.66250000
vn -0.65880000 0.50630000 -0.55650000
vn -0.74530000 0.50640000 -0.43370000
vn -0.80930000 0.50630000 -0.29770000
vn -0.84870000 0.50640000 -0.15260000
vn 0.84980000 -0.50620000 -0.14690000
vn 0.81130000 -0.50640000 -0.29220000
vn 0.74820000 -0.50640000 -0.42860000
vn 0.66250000 -0.50630000 -0.55210000
vn 0.55650000 -0.50630000 -0.65870000
vn 0.43360000 -0.50640000 -0.74530000
vn 0.29770000 -0.50630000 -0.80930000
vn 0.15260000 -0.50640000 -0.84870000
vn 0.00290000 -0.50640000 -0.86230000
vn -0.14690000 -0.50620000 -0.84980000
vn -0.29220000 -0.50640000 -0.81130000
vn -0.42870000 -0.50630000 -0.74830000
vn -0.55210000 -0.50630000 -0.66250000
vn -0.65870000 -0.50630000 -0.55650000
vn -0.74530000 -0.50640000 -0.43360000
vn -0.80930000 -0.50630000 -0.29770000
vn -0.84870000 -0.50640000 -0.15260000
vn 0.69680000 -0.70710000 -0.12040000
vn 0.25490000 -0.96600000 -0.04410000
vn 0.66510000 -0.70730000 -0.23960000
vn 0.24350000 -0.96590000 -0.08770000
vn 0.61350000 -0.70720000 -0.35140000
vn 0.22450000 -0.96590000 -0.12860000
vn 0.19870000 -0.96600000 -0.16560000
vn 0.54320000 -0.70710000 -0.45270000
vn 0.16700000 -0.96590000 -0.19760000
vn 0.45630000 -0.70710000 -0.54010000
vn 0.13010000 -0.96590000 -0.22360000
vn 0.35550000 -0.70730000 -0.61100000
vn 0.24410000 -0.70710000 -0.66360000
vn 0.08940000 -0.96590000 -0.24310000
vn 0.04580000 -0.96600000 -0.25460000
vn 0.12510000 -0.70710000 -0.69590000
vn 0.00090000 -0.96590000 -0.25880000
vn 0.00240000 -0.70700000 -0.70720000
vn -0.04410000 -0.96600000 -0.25490000
vn -0.12040000 -0.70710000 -0.69680000
vn -0.23960000 -0.70730000 -0.66510000
vn -0.08770000 -0.96590000 -0.24350000
vn -0.12860000 -0.96590000 -0.22450000
vn -0.35150000 -0.70720000 -0.61350000
vn -0.45270000 -0.70710000 -0.54320000
vn -0.16560000 -0.96600000 -0.19870000
vn -0.54010000 -0.70710000 -0.45630000
vn -0.19760000 -0.96590000 -0.16700000
vn -0.61100000 -0.70730000 -0.35550000
vn -0.22360000 -0.96590000 -0.13010000
vn -0.66360000 -0.70710000 -0.24410000
vn -0.24280000 -0.96600000 -0.08930000
vn -0.69590000 -0.70710000 -0.12510000
vn -0.25460000 -0.96600000 -0.04580000
f 1//1 2//2 3//3
f 3//3 2//2 4//4
f 3//3 4//4 5//5
f 5//5 4//4 6//6
f 5//5 6//6 7//7
f 7//7 6//6 8//8
f 7//7 8//8 9//9
f 9//9 8//8 10//10
f 9//9 10//10 11//11
f 11//11 10//10 12//12
f 11//11 12//12 13//13
f 13//13 12//12 14//14
f 13//13 14//14 15//15
f 15//15 14//14 16//16
f 15//15 16//16 17//17
f 17//17 16//16 18//18
f 17//17 18//18 19//19
f 19//19 18//18 20//20
f 19//19 20//20 21//21
f 21//21 20//20 22//22
f 21//21 22//22 23//23
f 23//23 22//22 24//24
f 23//23 24//24 25//25
f 25//25 24//24 26//26
f 25//25 26//26 27//27
f 27//27 26//26 28//28
f 27//27 28//28 29//29
f 29//29 28//28 30//30
f 29//29 30//30 31//31
f 31//31 30//30 32//32
f 31//31 32//32 33//33
f 33//33 32//32 34//34
f 33//33 34//34 35//35
f 35//35 34//34 36//36
f 35//35 36//36 37//37
f 37//37 36//36 38//38
f 39//39 1//1 41//41
f 41//41 1//1 3//3
f 41//41 3//3 44//44
f 44//44 3//3 5//5
f 44//44 5//5 45//45
f 45//45 5//5 7//7
f 45//45 7//7 48//48
f 48//48 7//7 9//9
f 48//48 9//9 49//49
f 49//49 9//9 11//11
f 49//49 11//11 51//51
f 51//51 11//11 13//13
f 51//51 13//13 53//53
f 53//53 13//13 15//15
f 53//53 15//15 56//56
f 56//56 15//15 17//17
f 56//56 17//17 57//57
f 57//57 17//17 19//19
f 57//57 19//19 59//59
f 59//59 19//19 21//21
f 59//59 21//21 61//61
f 61//61 21//21 23//23
f 61//61 23//23 63//63
f 63//63 23//23 25//25
f 63//63 25//25 65//65
f 65//65 25//25 27//27
f 65//65 27//27 67//67
f 67//67 27//27 29//29
f 67//67 29//29 70//70
f 70//70 29//29 31//31
f 70//70 31//31 72//72
f 72//72 31//31 33//33
f 72//72 33//33 73//73
f 73//73 33//33 35//35
f 73//73 35//35 75//75
f 75//75 35//35 37//37
f 77//77 40//40 78//78
f 78//78 40//40 42//42
f 78//78 42//42 79//79
f 79//79 42//42 43//43
f 79//79 43//43 80//80
f 80//80 43//43 46//46
f 80//80 46//46 81//81
f 81//81 46//46 47//47
f 81//81 47//47 82//82
f 82//82 47//47 50//50
f 82//82 50//50 83//83
f 83//83 50//50 52//52
f 83//83 52//52 84//84
f 84//84 52//52 54//54
f 84//84 54//54 85//85
f 85//85 54//54 55//55
f 85//85 55//55 86//86
f 86//86 55//55 58//58
f 86//86 58//58 87//87
f 87//87 58//58 60//60
f 87//87 60//60 88//88
f 88//88 60//60 62//62
f 88//88 62//62 89//89
f 89//89 62//62 64//64
f 89//89 64//64 90//90
f 90//90 64//64 66//66
f 90//90 66//66 91//91
f 91//91 66//66 68//68
f 91//91 68//68 92//92
f 92//92 68//68 69//69
f 92//92 69//69 93//93
f 93//93 69//69 71//71
f 93//93 71//71 94//94
f 94//94 71//71 74//74
f 94//94 74//74 95//95
f 95//95 74//74 76//76
f 96//96 98//98 100//100
f 100//100 98//98 101//101
f 100//100 101//101 102//102
f 102//102 101//101 104//104
f 102//102 104//104 105//105
f 105//105 104//104 107//107
f 105//105 107//107 109//109
f 109//109 107//107 110//110
f 109//109 110//110 112//112
f 112//112 110//110 113//113
f 112//112 113//113 115//115
f 115//115 113//113 116//116
f 115//115 116//116 117//117
f 117//117 116//116 119//119
f 117//117 119//119 120//120
f 120//120 119//119 122//122
f 120//120 122//122 123//123
f 123//123 122//122 125//125
f 123//123 125//125 127//127
f 127//127 125//125 128//128
f 127//127 128//128 130//130
f 130//130 128//128 131//131
f 130//130 131//131 132//132
f 132//132 131//131 134//134
f 132//132 134//134 135//135
f 135//135 134//134 137//137
f 135//135 137//137 139//139
f 139//139 137//137 140//140
f 139//139 140//140 142//142
f 142//142 140//140 143//143
f 142//142 143//143 145//145
f 145//145 143//143 146//146
f 145//145 146//146 148//148
f 148//148 146//146 149//149
f 148//148 149//149 151//151
f 151//151 149//149 152//152
f 153//153 97//97 154//154
f 154//154 97//97 99//99
f 154//154 99//99 155//155
f 155//155 99//99 103//103
f 155//155 103//103 156//156
f 156//156 103//103 106//106
f 156//156 106//106 157//157
f 157//157 106//106 108//108
f 157//157 108//108 158//158
f 158//158 108//108 111//111
f 158//158 111//111 159//159
f 159//159 111//111 114//114
f 159//159 114//114 160//160
f 160//160 114//114 118//118
f 160//160 118//118 161//161
f 161//161 118//118 121//121
f 161//161 121//121 162//162
f 162//162 121//121 124//124
f 162//162 124//124 163//163
f 163//163 124//124 126//126
f 163//163 126//126 164//164
f 164//164 126//126 129//129
f 164//164 129//129 165//165
f 165//165 129//129 133//133
f 165//165 133//133 166//166
f 166//166 133//133 136//136
f 166//166 136//136 167//167
f 167//167 136//136 138//138
f 167//167 138//138 168//168
f 168//168 138//138 141//141
f 168//168 141//141 169//169
f 169//169 141//141 144//144
f 169//169 144//144 170//170
f 170//170 144//144 147//147
f 170//170 147//147 171//171
f 171//171 147//147 150//150
f 172//172 153//153 173//173
f 173//173 153//153 154//154
f 173//173 154//154 174//174
f 174//174 154//154 155//155
f 174//174 155//155 175//175
f 175//175 155//155 156//156
f 175//175 156//156 176//176
f 176//176 156//156 157//157
f 176//176 157//157 177//177
f 177//177 157//157 158//158
f 177//177 158//158 178//178
f 178//178 158//158 159//159
f 178//178 159//159 179//179
f 179//179 159//159 160//160
f 179//179 160//160 180//180
f 180//180 160//160 161//161
f 180//180 161//161 181//181
f 181//181 161//161 162//162
f 181//181 162//162 182//182
f 182//182 162//162 163//163
f 182//182 163//163 183//183
f 183//183 163//163 164//164
f 183//183 164//164 184//184
f 184//184 164//164 165//165
f 184//184 165//165 185//185
f 185//185 165//165 166//166
f 185//185 166//166 186//186
f 186//186 166//166 167//167
f 186//186 167//167 187//187
f 187//187 167//167 168//168
f 187//187 168//168 188//188
f 188//188 168//168 169//169
f 188//188 169//169 189//189
f 189//189 169//169 170//170
f 189//189 170//170 190//190
f 190//190 170//170 171//171
f 192//192 193//193 195//195
f 192//192 195//195 198//198
f 198//198 195//195 200//200
f 198//198 200//200 202//202
f 202//202 200//200 203//203
f 202//202 203//203 205//205
f 205//205 203//203 207//207
f 205//205 207//207 209//209
f 209//209 207//207 211//211
f 209//209 211//211 214//214
f 214//214 211//211 215//215
f 214//214 215//215 218//218
f 218//218 215//215 220//220
f 218//218 220//220 221//221
f 221//221 220//220 224//224
f 221//221 224//224 225//225
f 225//225 224//224 228//228
f 225//225 228//228 229//229
f 232//232 234//234 235//235
f 232//232 235//235 238//238
f 238//238 235//235 240//240
f 238//238 240//240 241//241
f 241//241 240//240 244//244
f 241//241 244//244 245//245
f 245//245 244//244 247//247
f 245//245 247//247 250//250
f 250//250 247//247 251//251
f 250//250 251//251 254//254
f 254//254 251//251 255//255
f 254//254 255//255 257//257
f 257//257 255//255 259//259
f 257//257 259//259 262//262
f 262//262 259//259 263//263
f 262//262 263//263 265//265
f 265//265 263//263 268//268
f 265//265 268//268 269//269
f 213//213 217//217 222//222
f 272//272 274//274 275//275
f 278//278 279//279 281//281
f 275//275 222//222 226//226
f 281//281 272//272 278//278
f 278//278 272//272 275//275
f 278//278 275//275 284//284
f 284//284 275//275 226//226
f 284//284 226//226 230//230
f 275//275 285//285 222//222
f 222//222 285//285 191//191
f 222//222 191//191 197//197
f 210//210 213//213 206//206
f 206//206 213//213 222//222
f 206//206 222//222 201//201
f 201//201 222//222 197//197
f 2//2 287//287 194//194
f 194//194 287//287 196//196
f 287//287 288//288 196//196
f 196//196 288//288 289//289
f 196//196 289//289 199//199
f 289//289 290//290 199//199
f 199//199 290//290 291//291
f 199//199 291//291 204//204
f 291//291 292//292 204//204
f 204//204 292//292 293//293
f 204//204 293//293 208//208
f 293//293 294//294 208//208
f 208//208 294//294 295//295
f 208//208 295//295 212//212
f 295//295 296//296 212//212
f 212//212 296//296 297//297
f 212//212 297//297 216//216
f 297//297 298//298 216//216
f 216//216 298//298 299//299
f 216//216 299//299 219//219
f 299//299 300//300 219//219
f 219//219 300//300 301//301
f 219//219 301//301 223//223
f 38//38 227//227 302//302
f 302//302 227//227 223//223
f 302//302 223//223 303//303
f 303//303 223//223 301//301
f 172//172 267//267 304//304
f 304//304 267//267 264//264
f 304//304 264//264 305//305
f 305//305 264//264 306//306
f 306//306 264//264 260//260
f 306//306 260//260 307//307
f 307//307 260//260 308//308
f 308//308 260//260 256//256
f 308//308 256//256 309//309
f 309//309 256//256 310//310
f 310//310 256//256 252//252
f 310//310 252//252 311//311
f 311//311 252//252 312//312
f 312//312 252//252 248//248
f 312//312 248//248 313//313
f 313//313 248//248 314//314
f 314//314 248//248 243//243
f 314//314 243//243 315//315
f 315//315 243//243 316//316
f 316//316 243//243 239//239
f 316//316 239//239 317//317
f 317//317 239//239 318//318
f 318//318 239//239 236//236
f 318//318 236//236 319//319
f 319//319 236//236 320//320
f 320//320 236//236 233//233
f 320//320 233//233 190//190
f 270//270 246//246 249//249
f 322//322 324//324 325//325
f 231//231 237//237 270//270
f 270//270 237//237 242//242
f 270//270 242//242 246//246
f 322//322 328//328 270//270
f 270//270 328//328 330//330
f 270//270 330//330 231//231
f 325//325 331//331 333//333
f 261//261 266//266 258//258
f 258//258 266//266 270//270
f 258//258 270//270 253//253
f 253//253 270//270 249//249
f 322//322 325//325 328//328
f 328//328 325//325 333//333
f 328//328 333//333 335//335
f 338//338 340//340 342//342
f 342//342 340//340 343//343
f 342//342 343//343 345//345
f 345//345 343//343 348//348
f 345//345 348//348 349//349
f 349//349 348//348 351//351
f 349//349 351//351 353//353
f 353//353 351//351 355//355
f 353//353 355//355 358//358
f 358//358 355//355 360//360
f 358//358 360//360 362//362
f 362//362 360//360 363//363
f 362//362 363//363 365//365
f 365//365 363//363 368//368
f 365//365 368//368 369//369
f 369//369 368//368 371//371
f 373//373 337//337 376//376
f 376//376 337//337 341//341
f 376//376 341//341 377//377
f 377//377 341//341 346//346
f 377//377 346//346 380//380
f 380//380 346//346 350//350
f 380//380 350//350 381//381
f 381//381 350//350 354//354
f 381//381 354//354 384//384
f 384//384 354//354 357//357
f 384//384 357//357 385//385
f 385//385 357//357 361//361
f 385//385 361//361 387//387
f 387//387 361//361 366//366
f 387//387 366//366 389//389
f 389//389 366//366 370//370
f 390//390 392//392 388//388
f 388//388 392//392 393//393
f 388//388 393//393 386//386
f 386//386 393//393 395//395
f 386//386 395//395 383//383
f 383//383 395//395 397//397
f 383//383 397//397 382//382
f 382//382 397//397 399//399
f 382//382 399//399 379//379
f 379//379 399//399 401//401
f 379//379 401//401 378//378
f 378//378 401//401 404//404
f 378//378 404//404 375//375
f 375//375 404//404 406//406
f 375//375 406//406 374//374
f 374//374 406//406 407//407
f 409//409 412//412 413//413
f 413//413 412//412 416//416
f 413//413 416//416 418//418
f 418//418 416//416 420//420
f 418//418 420//420 421//421
f 421//421 420//420 423//423
f 421//421 423//423 425//425
f 425//425 423//423 427//427
f 425//425 427//427 430//430
f 430//430 427//427 432//432
f 430//430 432//432 433//433
f 433//433 432//432 436//436
f 433//433 436//436 437//437
f 437//437 436//436 440//440
f 437//437 440//440 442//442
f 442//442 440//440 444//444
f 442//442 444//444 445//445
f 445//445 444//444 448//448
f 449//449 410//410 452//452
f 452//452 410//410 414//414
f 452//452 414//414 454//454
f 454//454 414//414 417//417
f 454//454 417//417 456//456
f 456//456 417//417 422//422
f 456//456 422//422 458//458
f 458//458 422//422 426//426
f 458//458 426//426 459//459
f 459//459 426//426 429//429
f 459//459 429//429 462//462
f 462//462 429//429 434//434
f 462//462 434//434 464//464
f 464//464 434//434 438//438
f 464//464 438//438 466//466
f 466//466 438//438 441//441
f 466//466 441//441 468//468
f 468//468 441//441 446//446
f 467//467 470//470 465//465
f 465//465 470//470 471//471
f 465//465 471//471 463//463
f 463//463 471//471 473//473
f 463//463 473//473 461//461
f 461//461 473//473 476//476
f 461//461 476//476 460//460
f 460//460 476//476 478//478
f 460//460 478//478 457//457
f 457//457 478//478 480//480
f 457//457 480//480 455//455
f 455//455 480//480 481//481
f 455//455 481//481 453//453
f 453//453 481//481 484//484
f 453//453 484//484 451//451
f 451//451 484//484 486//486
f 451//451 486//486 450//450
f 450//450 486//486 488//488
f 489//489 492//492 493//493
f 489//489 493//493 496//496
f 496//496 493//493 498//498
f 496//496 498//498 500//500
f 500//500 498//498 502//502
f 500//500 502//502 504//504
f 504//504 502//502 505//505
f 504//504 505//505 508//508
f 508//508 505//505 510//510
f 508//508 510//510 511//511
f 511//511 510//510 513//513
f 511//511 513//513 515//515
f 515//515 513//513 518//518
f 515//515 518//518 519//519
f 519//519 518//518 521//521
f 519//519 521//521 523//523
f 523//523 521//521 525//525
f 523//523 525//525 527//527
f 527//527 525//525 530//530
f 527//527 530//530 532//532
f 534//534 535//535 539//539
f 539//539 535//535 540//540
f 539//539 540//540 489//489
f 489//489 540//540 492//492
f 534//534 542//542 535//535
f 536//536 542//542 544//544
f 547//547 549//549 551//551
f 551//551 549//549 553//553
f 551//551 553//553 542//542
f 542//542 553//553 544//544
f 547//547 555//555 549//549
f 549//549 555//555 556//556
f 559//559 561//561 563//563
f 559//559 563//563 565//565
f 565//565 563//563 567//567
f 565//565 567//567 569//569
f 569//569 567//567 570//570
f 569//569 570//570 572//572
f 572//572 570//570 574//574
f 572//572 574//574 577//577
f 577//577 574//574 556//556
f 577//577 556//556 555//555
f 559//559 579//579 561//561
f 561//561 579//579 581//581
f 582//582 584//584 587//587
f 587//587 584//584 589//589
f 587//587 589//589 590//590
f 590//590 589//589 593//593
f 590//590 593//593 595//595
f 595//595 593//593 597//597
f 595//595 597//597 599//599
f 599//599 597//597 601//601
f 582//582 603//603 584//584
f 584//584 603//603 604//604
f 607//607 609//609 610//610
f 607//607 610//610 612//612
f 612//612 610//610 614//614
f 612//612 614//614 616//616
f 616//616 614//614 618//618
f 616//616 618//618 621//621
f 621//621 618//618 622//622
f 621//621 622//622 624//624
f 624//624 622//622 627//627
f 624//624 627//627 628//628
f 628//628 627//627 631//631
f 628//628 631//631 632//632
f 632//632 631//631 635//635
f 632//632 635//635 636//636
f 636//636 635//635 638//638
f 636//636 638//638 640//640
f 640//640 638//638 643//643
f 640//640 643//643 645//645
f 645//645 643//643 646//646
f 645//645 646//646 649//649
f 649//649 646//646 650//650
f 649//649 650//650 653//653
f 653//653 650//650 655//655
f 653//653 655//655 657//657
f 657//657 655//655 604//604
f 657//657 604//604 603//603
f 659//659 661//661 662//662
f 662//662 661//661 664//664
f 662//662 664//664 607//607
f 607//607 664//664 609//609
f 659//659 666//666 661//661
f 661//661 666//666 668//668
f 670//670 672//672 676//676
f 676//676 672//672 679//679
f 675//675 678//678 666//666
f 666//666 678//678 668//668
f 681//681 683//683 477//477
f 477//477 683//683 479//479
f 684//684 665//665 686//686
f 686//686 665//665 660//660
f 686//686 660//660 689//689
f 689//689 660//660 669//669
f 689//689 669//669 690//690
f 690//690 669//669 693//693
f 588//588 408//408 592//592
f 592//592 408//408 405//405
f 592//592 405//405 596//596
f 596//596 405//405 403//403
f 477//477 475//475 681//681
f 681//681 475//475 474//474
f 681//681 474//474 684//684
f 588//588 585//585 408//408
f 408//408 585//585 605//605
f 408//408 605//605 654//654
f 402//402 566//566 562//562
f 391//391 537//537 394//394
f 394//394 537//537 545//545
f 394//394 545//545 396//396
f 694//694 630//630 696//696
f 696//696 630//630 626//626
f 696//696 626//626 698//698
f 698//698 626//626 623//623
f 698//698 623//623 700//700
f 700//700 623//623 619//619
f 700//700 619//619 702//702
f 702//702 619//619 615//615
f 702//702 615//615 705//705
f 705//705 615//615 611//611
f 705//705 611//611 707//707
f 707//707 611//611 608//608
f 707//707 608//608 665//665
f 562//562 560//560 402//402
f 402//402 560//560 580//580
f 402//402 580//580 403//403
f 403//403 580//580 600//600
f 403//403 600//600 596//596
f 557//557 575//575 402//402
f 402//402 575//575 571//571
f 402//402 571//571 566//566
f 474//474 472//472 684//684
f 684//684 472//472 469//469
f 684//684 469//469 665//665
f 665//665 469//469 709//709
f 665//665 709//709 707//707
f 683//683 408//408 479//479
f 479//479 408//408 654//654
f 479//479 654//654 482//482
f 482//482 654//654 651//651
f 482//482 651//651 483//483
f 483//483 651//651 647//647
f 483//483 647//647 485//485
f 485//485 647//647 642//642
f 485//485 642//642 487//487
f 487//487 642//642 639//639
f 487//487 639//639 694//694
f 694//694 639//639 634//634
f 694//694 634//634 630//630
f 402//402 400//400 557//557
f 557//557 400//400 398//398
f 557//557 398//398 548//548
f 548//548 398//398 396//396
f 548//548 396//396 552//552
f 552//552 396//396 545//545
f 669//669 677//677 693//693
f 693//693 677//677 710//710
f 693//693 710//710 391//391
f 391//391 710//710 711//711
f 391//391 711//711 712//712
f 149//149 146//146 541//541
f 149//149 541//541 152//152
f 712//712 713//713 391//391
f 391//391 713//713 714//714
f 391//391 714//714 537//537
f 537//537 714//714 715//715
f 537//537 715//715 541//541
f 541//541 715//715 716//716
f 541//541 716//716 152//152
f 526//526 101//101 529//529
f 529//529 101//101 98//98
f 529//529 98//98 717//717
f 720//720 721//721 723//723
f 723//723 721//721 724//724
f 723//723 724//724 726//726
f 146//146 143//143 541//541
f 541//541 143//143 140//140
f 541//541 140//140 491//491
f 491//491 140//140 137//137
f 491//491 137//137 494//494
f 494//494 137//137 134//134
f 494//494 134//134 497//497
f 497//497 134//134 131//131
f 497//497 131//131 501//501
f 131//131 128//128 501//501
f 501//501 128//128 125//125
f 501//501 125//125 506//506
f 506//506 125//125 122//122
f 506//506 122//122 509//509
f 509//509 122//122 119//119
f 509//509 119//119 514//514
f 98//98 727//727 717//717
f 717//717 727//727 728//728
f 717//717 728//728 729//729
f 729//729 728//728 731//731
f 729//729 731//731 732//732
f 732//732 731//731 734//734
f 732//732 734//734 720//720
f 720//720 734//734 735//735
f 720//720 735//735 721//721
f 677//677 673//673 710//710
f 710//710 673//673 737//737
f 710//710 737//737 738//738
f 738//738 737//737 739//739
f 738//738 739//739 741//741
f 741//741 739//739 726//726
f 741//741 726//726 742//742
f 742//742 726//726 724//724
f 119//119 116//116 514//514
f 514//514 116//116 113//113
f 514//514 113//113 517//517
f 517//517 113//113 110//110
f 517//517 110//110 522//522
f 522//522 110//110 107//107
f 522//522 107//107 526//526
f 526//526 107//107 104//104
f 526//526 104//104 101//101
f 546//546 367//367 364//364
f 352//352 347//347 598//598
f 546//546 364//364 554//554
f 435//435 431//431 339//339
f 568//568 573//573 352//352
f 352//352 573//573 576//576
f 352//352 576//576 356//356
f 356//356 576//576 554//554
f 356//356 554//554 359//359
f 359//359 554//554 364//364
f 564//564 568//568 558//558
f 558//558 568//568 352//352
f 558//558 352//352 578//578
f 578//578 352//352 598//598
f 743//743 746//746 748//748
f 663//663 750//750 658//658
f 658//658 750//750 752//752
f 658//658 752//752 667//667
f 543//543 753//753 550//550
f 550//550 753//753 756//756
f 550//550 756//756 546//546
f 546//546 756//756 372//372
f 546//546 372//372 367//367
f 743//743 447//447 746//746
f 746//746 447//447 443//443
f 746//746 443//443 339//339
f 339//339 443//443 439//439
f 339//339 439//439 435//435
f 753//753 757//757 758//758
f 538//538 490//490 86//86
f 86//86 490//490 495//495
f 752//752 759//759 667//667
f 667//667 759//759 753//753
f 667//667 753//753 674//674
f 674//674 753//753 758//758
f 419//419 652//652 424//424
f 424//424 652//652 656//656
f 424//424 656//656 428//428
f 428//428 656//656 602//602
f 428//428 602//602 431//431
f 431//431 602//602 583//583
f 431//431 583//583 339//339
f 339//339 583//583 586//586
f 339//339 586//586 344//344
f 344//344 586//586 591//591
f 344//344 591//591 347//347
f 347//347 591//591 594//594
f 347//347 594//594 598//598
f 86//86 87//87 538//538
f 538//538 87//87 88//88
f 538//538 88//88 89//89
f 89//89 90//90 538//538
f 538//538 90//90 91//91
f 538//538 91//91 533//533
f 533//533 91//91 92//92
f 533//533 92//92 543//543
f 758//758 761//761 674//674
f 674//674 761//761 762//762
f 674//674 762//762 671//671
f 671//671 762//762 763//763
f 671//671 763//763 764//764
f 767//767 633//633 769//769
f 769//769 633//633 637//637
f 769//769 637//637 411//411
f 411//411 637//637 641//641
f 411//411 641//641 415//415
f 415//415 641//641 644//644
f 415//415 644//644 419//419
f 419//419 644//644 648//648
f 419//419 648//648 652//652
f 748//748 750//750 743//743
f 743//743 750//750 663//663
f 743//743 663//663 771//771
f 771//771 663//663 606//606
f 771//771 606//606 773//773
f 773//773 606//606 613//613
f 773//773 613//613 775//775
f 775//775 613//613 617//617
f 775//775 617//617 777//777
f 777//777 617//617 620//620
f 777//777 620//620 779//779
f 779//779 620//620 625//625
f 779//779 625//625 767//767
f 767//767 625//625 629//629
f 767//767 629//629 633//633
f 92//92 93//93 543//543
f 543//543 93//93 94//94
f 543//543 94//94 753//753
f 753//753 94//94 95//95
f 753//753 95//95 757//757
f 763//763 780//780 764//764
f 764//764 780//780 781//781
f 764//764 781//781 783//783
f 783//783 781//781 784//784
f 783//783 784//784 785//785
f 784//784 787//787 785//785
f 785//785 787//787 788//788
f 785//785 788//788 789//789
f 789//789 788//788 791//791
f 789//789 791//791 792//792
f 795//795 796//796 531//531
f 531//531 796//796 77//77
f 531//531 77//77 528//528
f 495//495 499//499 86//86
f 86//86 499//499 503//503
f 86//86 503//503 85//85
f 85//85 503//503 507//507
f 85//85 507//507 84//84
f 84//84 507//507 512//512
f 84//84 512//512 83//83
f 83//83 512//512 516//516
f 791//791 797//797 792//792
f 792//792 797//797 798//798
f 792//792 798//798 800//800
f 800//800 798//798 801//801
f 800//800 801//801 803//803
f 803//803 801//801 804//804
f 803//803 804//804 795//795
f 795//795 804//804 805//805
f 795//795 805//805 796//796
f 77//77 78//78 528//528
f 528//528 78//78 79//79
f 528//528 79//79 524//524
f 524//524 79//79 80//80
f 524//524 80//80 520//520
f 520//520 80//80 81//81
f 520//520 81//81 516//516
f 516//516 81//81 82//82
f 516//516 82//82 83//83
f 599//599 601//601 579//579
f 579//579 601//601 581//581
f 532//532 530//530 718//718
f 532//532 718//718 794//794
f 794//794 718//718 730//730
f 794//794 730//730 802//802
f 802//802 730//730 733//733
f 802//802 733//733 799//799
f 799//799 733//733 719//719
f 799//799 719//719 793//793
f 793//793 719//719 722//722
f 793//793 722//722 790//790
f 790//790 722//722 725//725
f 790//790 725//725 786//786
f 786//786 725//725 740//740
f 786//786 740//740 782//782
f 782//782 740//740 736//736
f 782//782 736//736 765//765
f 765//765 736//736 672//672
f 765//765 672//672 670//670
f 450//450 488//488 806//806
f 806//806 488//488 695//695
f 806//806 695//695 808//808
f 808//808 695//695 697//697
f 808//808 697//697 811//811
f 811//811 697//697 699//699
f 811//811 699//699 812//812
f 812//812 699//699 701//701
f 812//812 701//701 814//814
f 814//814 701//701 703//703
f 814//814 703//703 817//817
f 817//817 703//703 704//704
f 817//817 704//704 818//818
f 818//818 704//704 706//706
f 818//818 706//706 820//820
f 820//820 706//706 708//708
f 820//820 708//708 467//467
f 467//467 708//708 470//470
f 468//468 446//446 821//821
f 821//821 446//446 823//823
f 821//821 823//823 819//819
f 819//819 823//823 825//825
f 819//819 825//825 816//816
f 816//816 825//825 826//826
f 816//816 826//826 815//815
f 815//815 826//826 829//829
f 815//815 829//829 813//813
f 813//813 829//829 831//831
f 813//813 831//831 810//810
f 810//810 831//831 833//833
f 810//810 833//833 809//809
f 809//809 833//833 835//835
f 809//809 835//835 807//807
f 807//807 835//835 836//836
f 807//807 836//836 449//449
f 449//449 836//836 410//410
f 445//445 448//448 822//822
f 822//822 448//448 744//744
f 822//822 744//744 824//824
f 824//824 744//744 770//770
f 824//824 770//770 827//827
f 827//827 770//770 772//772
f 827//827 772//772 828//828
f 828//828 772//772 774//774
f 828//828 774//774 830//830
f 830//830 774//774 776//776
f 830//830 776//776 832//832
f 832//832 776//776 778//778
f 832//832 778//778 834//834
f 834//834 778//778 766//766
f 834//834 766//766 837//837
f 837//837 766//766 768//768
f 837//837 768//768 409//409
f 409//409 768//768 412//412
f 374//374 407//407 839//839
f 839//839 407//407 682//682
f 839//839 682//682 841//841
f 841//841 682//682 680//680
f 841//841 680//680 843//843
f 843//843 680//680 685//685
f 843//843 685//685 845//845
f 845//845 685//685 687//687
f 845//845 687//687 847//847
f 847//847 687//687 688//688
f 847//847 688//688 849//849
f 849//849 688//688 691//691
f 849//849 691//691 851//851
f 851//851 691//691 692//692
f 851//851 692//692 390//390
f 390//390 692//692 392//392
f 389//389 370//370 850//850
f 850//850 370//370 852//852
f 850//850 852//852 848//848
f 848//848 852//852 854//854
f 848//848 854//854 846//846
f 846//846 854//854 856//856
f 846//846 856//856 844//844
f 844//844 856//856 858//858
f 844//844 858//858 842//842
f 842//842 858//858 861//861
f 842//842 861//861 840//840
f 840//840 861//861 863//863
f 840//840 863//863 838//838
f 838//838 863//863 865//865
f 838//838 865//865 373//373
f 373//373 865//865 337//337
f 369//369 371//371 853//853
f 853//853 371//371 755//755
f 853//853 755//755 855//855
f 855//855 755//755 754//754
f 855//855 754//754 857//857
f 857//857 754//754 760//760
f 857//857 760//760 859//859
f 859//859 760//760 751//751
f 859//859 751//751 860//860
f 860//860 751//751 749//749
f 860//860 749//749 862//862
f 862//862 749//749 747//747
f 862//862 747//747 864//864
f 864//864 747//747 745//745
f 864//864 745//745 338//338
f 338//338 745//745 340//340
f 190//190 233//233 189//189
f 189//189 233//233 866//866
f 189//189 866//866 188//188
f 188//188 866//866 187//187
f 187//187 866//866 868//868
f 187//187 868//868 186//186
f 186//186 868//868 185//185
f 185//185 868//868 870//870
f 185//185 870//870 184//184
f 184//184 870//870 183//183
f 183//183 870//870 872//872
f 183//183 872//872 182//182
f 182//182 872//872 181//181
f 181//181 872//872 874//874
f 181//181 874//874 180//180
f 180//180 874//874 179//179
f 179//179 874//874 877//877
f 179//179 877//877 178//178
f 178//178 877//877 177//177
f 177//177 877//877 879//879
f 177//177 879//879 176//176
f 176//176 879//879 175//175
f 175//175 879//879 881//881
f 175//175 881//881 174//174
f 174//174 881//881 173//173
f 173//173 881//881 267//267
f 173//173 267//267 172//172
f 38//38 36//36 227//227
f 227//227 36//36 883//883
f 36//36 34//34 883//883
f 883//883 34//34 32//32
f 883//883 32//32 885//885
f 32//32 30//30 885//885
f 885//885 30//30 28//28
f 885//885 28//28 886//886
f 28//28 26//26 886//886
f 886//886 26//26 24//24
f 886//886 24//24 888//888
f 24//24 22//22 888//888
f 888//888 22//22 20//20
f 888//888 20//20 890//890
f 20//20 18//18 890//890
f 890//890 18//18 16//16
f 890//890 16//16 892//892
f 16//16 14//14 892//892
f 892//892 14//14 12//12
f 892//892 12//12 894//894
f 12//12 10//10 894//894
f 894//894 10//10 8//8
f 894//894 8//8 896//896
f 2//2 194//194 4//4
f 4//4 194//194 896//896
f 4//4 896//896 6//6
f 6//6 896//896 8//8
f 269//269 268//268 880//880
f 269//269 880//880 321//321
f 321//321 880//880 878//878
f 321//321 878//878 323//323
f 323//323 878//878 876//876
f 323//323 876//876 326//326
f 326//326 876//876 875//875
f 326//326 875//875 332//332
f 332//332 875//875 873//873
f 332//332 873//873 334//334
f 334//334 873//873 871//871
f 334//334 871//871 336//336
f 336//336 871//871 869//869
f 336//336 869//869 327//327
f 327//327 869//869 867//867
f 327//327 867//867 329//329
f 329//329 867//867 234//234
f 329//329 234//234 232//232
f 229//229 228//228 882//882
f 229//229 882//882 283//283
f 283//283 882//882 884//884
f 283//283 884//884 277//277
f 277//277 884//884 887//887
f 277//277 887//887 280//280
f 280//280 887//887 889//889
f 280//280 889//889 282//282
f 282//282 889//889 891//891
f 282//282 891//891 271//271
f 271//271 891//891 893//893
f 271//271 893//893 273//273
f 273//273 893//893 895//895
f 273//273 895//895 276//276
f 276//276 895//895 897//897
f 276//276 897//897 286//286
f 286//286 897//897 193//193
f 286//286 193//193 192//192
f 151//151 152//152 898//898
f 898//898 152//152 716//716
f 898//898 716//716 901//901
f 901//901 716//716 715//715
f 901//901 715//715 903//903
f 903//903 715//715 714//714
f 903//903 714//714 905//905
f 905//905 714//714 713//713
f 905//905 713//713 906//906
f 906//906 713//713 712//712
f 906//906 712//712 908//908
f 908//908 712//712 711//711
f 908//908 711//711 910//910
f 910//910 711//711 710//710
f 910//910 710//710 912//912
f 912//912 710//710 738//738
f 912//912 738//738 914//914
f 914//914 738//738 741//741
f 914//914 741//741 916//916
f 916//916 741//741 742//742
f 916//916 742//742 919//919
f 919//919 742//742 724//724
f 919//919 724//724 921//921
f 921//921 724//724 721//721
f 921//921 721//721 923//923
f 923//923 721//721 735//735
f 923//923 735//735 924//924
f 924//924 735//735 734//734
f 924//924 734//734 926//926
f 926//926 734//734 731//731
f 926//926 731//731 928//928
f 928//928 731//731 728//728
f 928//928 728//728 931//931
f 931//931 728//728 727//727
f 931//931 727//727 96//96
f 96//96 727//727 98//98
f 171//171 150//150 932//932
f 932//932 150//150 899//899
f 932//932 899//899 933//933
f 933//933 899//899 900//900
f 933//933 900//900 934//934
f 934//934 900//900 902//902
f 934//934 902//902 935//935
f 935//935 902//902 904//904
f 935//935 904//904 936//936
f 936//936 904//904 907//907
f 936//936 907//907 937//937
f 937//937 907//907 909//909
f 937//937 909//909 938//938
f 938//938 909//909 911//911
f 938//938 911//911 939//939
f 939//939 911//911 913//913
f 939//939 913//913 940//940
f 940//940 913//913 915//915
f 940//940 915//915 941//941
f 941//941 915//915 917//917
f 941//941 917//917 942//942
f 942//942 917//917 918//918
f 942//942 918//918 943//943
f 943//943 918//918 920//920
f 943//943 920//920 944//944
f 944//944 920//920 922//922
f 944//944 922//922 945//945
f 945//945 922//922 925//925
f 945//945 925//925 946//946
f 946//946 925//925 927//927
f 946//946 927//927 947//947
f 947//947 927//927 929//929
f 947//947 929//929 948//948
f 948//948 929//929 930//930
f 948//948 930//930 153//153
f 153//153 930//930 97//97
f 190//190 171//171 320//320
f 320//320 171//171 932//932
f 320//320 932//932 319//319
f 319//319 932//932 933//933
f 319//319 933//933 318//318
f 318//318 933//933 934//934
f 318//318 934//934 317//317
f 317//317 934//934 935//935
f 317//317 935//935 316//316
f 316//316 935//935 936//936
f 316//316 936//936 315//315
f 315//315 936//936 937//937
f 315//315 937//937 314//314
f 314//314 937//937 938//938
f 314//314 938//938 313//313
f 313//313 938//938 939//939
f 313//313 939//939 312//312
f 312//312 939//939 940//940
f 312//312 940//940 311//311
f 311//311 940//940 941//941
f 311//311 941//941 310//310
f 310//310 941//941 942//942
f 310//310 942//942 309//309
f 309//309 942//942 943//943
f 309//309 943//943 308//308
f 308//308 943//943 944//944
f 308//308 944//944 307//307
f 307//307 944//944 945//945
f 307//307 945//945 306//306
f 306//306 945//945 946//946
f 306//306 946//946 305//305
f 305//305 946//946 947//947
f 305//305 947//947 304//304
f 304//304 947//947 948//948
f 304//304 948//948 172//172
f 172//172 948//948 153//153
f 37//37 38//38 949//949
f 949//949 38//38 302//302
f 949//949 302//302 950//950
f 950//950 302//302 303//303
f 950//950 303//303 951//951
f 951//951 303//303 301//301
f 951//951 301//301 952//952
f 952//952 301//301 300//300
f 952//952 300//300 953//953
f 953//953 300//300 299//299
f 953//953 299//299 954//954
f 954//954 299//299 298//298
f 954//954 298//298 955//955
f 955//955 298//298 297//297
f 955//955 297//297 956//956
f 956//956 297//297 296//296
f 956//956 296//296 957//957
f 957//957 296//296 295//295
f 957//957 295//295 958//958
f 958//958 295//295 294//294
f 958//958 294//294 959//959
f 959//959 294//294 293//293
f 959//959 293//293 960//960
f 960//960 293//293 292//292
f 960//960 292//292 961//961
f 961//961 292//292 291//291
f 961//961 291//291 962//962
f 962//962 291//291 290//290
f 962//962 290//290 963//963
f 963//963 290//290 289//289
f 963//963 289//289 964//964
f 964//964 289//289 288//288
f 964//964 288//288 965//965
f 965//965 288//288 287//287
f 965//965 287//287 1//1
f 1//1 287//287 2//2
f 75//75 37//37 966//966
f 966//966 37//37 949//949
f 966//966 949//949 968//968
f 968//968 949//949 950//950
f 968//968 950//950 970//970
f 970//970 950//950 951//951
f 970//970 951//951 973//973
f 973//973 951//951 952//952
f 973//973 952//952 975//975
f 975//975 952//952 953//953
f 975//975 953//953 977//977
f 977//977 953//953 954//954
f 977//977 954//954 978//978
f 978//978 954//954 955//955
f 978//978 955//955 981//981
f 981//981 955//955 956//956
f 981//981 956//956 983//983
f 983//983 956//956 957//957
f 983//983 957//957 985//985
f 985//985 957//957 958//958
f 985//985 958//958 986//986
f 986//986 958//958 959//959
f 986//986 959//959 989//989
f 989//989 959//959 960//960
f 989//989 960//960 990//990
f 990//990 960//960 961//961
f 990//990 961//961 992//992
f 992//992 961//961 962//962
f 992//992 962//962 994//994
f 994//994 962//962 963//963
f 994//994 963//963 996//996
f 996//996 963//963 964//964
f 996//996 964//964 998//998
f 998//998 964//964 965//965
f 998//998 965//965 39//39
f 39//39 965//965 1//1
f 95//95 76//76 757//757
f 757//757 76//76 967//967
f 757//757 967//967 758//758
f 758//758 967//967 969//969
f 758//758 969//969 761//761
f 761//761 969//969 971//971
f 761//761 971//971 762//762
f 762//762 971//971 972//972
f 762//762 972//972 763//763
f 763//763 972//972 974//974
f 763//763 974//974 780//780
f 780//780 974//974 976//976
f 780//780 976//976 781//781
f 781//781 976//976 979//979
f 781//781 979//979 784//784
f 784//784 979//979 980//980
f 784//784 980//980 787//787
f 787//787 980//980 982//982
f 787//787 982//982 788//788
f 788//788 982//982 984//984
f 788//788 984//984 791//791
f 791//791 984//984 987//987
f 791//791 987//987 797//797
f 797//797 987//987 988//988
f 797//797 988//988 798//798
f 798//798 988//988 991//991
f 798//798 991//991 801//801
f 801//801 991//991 993//993
f 801//801 993//993 804//804
f 804//804 993//993 995//995
f 804//804 995//995 805//805
f 805//805 995//995 997//997
f 805//805 997//997 796//796
f 796//796 997//997 999//999
f 796//796 999//999 77//77
f 77//77 999//999 40//40

