mtllib material.mtl
usemtl material_m31_0
v -0.00910699 -0.00413096 0.00000000
v -0.00661498 -0.00749898 0.00983000
v -0.00661498 -0.00749898 0.00000000
v -0.00586599 -0.00851500 0.00983000
v -0.00789195 -0.02656894 0.00000000
v -0.00910699 -0.00413096 0.00000000
v -0.00661498 -0.00749898 0.00000000
v -0.00586599 -0.00851500 0.00000000
v -0.00600195 -0.01456999 0.00000000
v -0.00586599 -0.00851500 0.00000000
v -0.00684798 -0.01603597 0.00000000
v -0.00714797 -0.01675897 0.00000000
v -0.00724995 -0.01753598 0.00000000
v -0.00910699 -0.00413096 0.00983000
v 0.00661498 -0.00749898 0.00983000
v -0.00661498 -0.00749898 0.00983000
v -0.00910699 -0.00413096 0.00983000
v 0.00586599 -0.00851500 0.00983000
v -0.00586599 -0.00851500 0.00983000
v -0.00977600 -0.00210500 0.00000000
v -0.00977194 -0.00212496 0.00983000
v 0.00910699 -0.00413096 0.00983000
v -0.00977194 -0.00212496 0.00983000
v -0.00999999 -0.00001500 0.00983000
v 0.00000000 -0.00209999 0.00983000
v -0.00999999 -0.00001500 0.00983000
v 0.00977600 -0.00210500 0.00983000
v -0.00999999 0.00001500 0.00000000
v -0.00977600 0.00210500 0.00983000
v -0.00209999 0.00003400 0.00983000
v -0.00977600 0.00210500 0.00983000
v -0.00120795 -0.00171798 0.00983000
v -0.00168794 -0.00124997 0.00983000
v -0.00200194 -0.00063400 0.00983000
v -0.00910699 0.00413096 0.00000000
v -0.00910699 0.00413096 0.00983000
v 0.00977194 0.00212496 0.00983000
v -0.00910699 0.00413096 0.00983000
v -0.00977194 0.00212496 0.00000000
v 0.00000000 0.00209999 0.00983000
v -0.00198400 0.00068800 0.00983000
v -0.00120795 0.00171798 0.00983000
v -0.00661498 0.00749898 0.00000000
v -0.00661498 0.00749898 0.00983000
v -0.00158995 0.00569999 0.00983000
v -0.00661498 0.00749898 0.00983000
v 0.00910699 0.00413096 0.00983000
v -0.00586599 0.00851500 0.00000000
v -0.00586599 0.00851500 0.00983000
v -0.00318998 0.00729996 0.00983000
v -0.00586599 0.00851500 0.00983000
v -0.00272095 0.00616896 0.00983000
v -0.00769097 0.03054696 0.00000000
v -0.00661498 0.00749898 0.00000000
v -0.00910699 0.00413096 0.00000000
v -0.00647295 0.01949995 0.00000000
v -0.00610000 0.01856398 0.00000000
v -0.00586599 0.00851500 0.00000000
v -0.00659996 0.02050000 0.00000000
v -0.00659996 0.02449995 0.00000000
v -0.00977194 0.00212496 0.00000000
v -0.00999999 0.00001500 0.00000000
v -0.01106899 -0.02852296 0.00000000
v -0.00977600 -0.00210500 0.00000000
v -0.01139098 0.02936798 0.00000000
v -0.00954598 -0.02764898 0.00000000
v -0.00559998 -0.00974900 0.00983000
v -0.00559998 -0.00974900 0.00000000
v -0.00559998 -0.01306998 0.00000000
v -0.00570196 -0.01384699 0.00000000
v -0.00559998 -0.00974900 0.00000000
v -0.00559998 -0.01306998 0.00000000
v 0.00559998 -0.00974900 0.00983000
v -0.00559998 -0.00974900 0.00983000
v -0.00559998 -0.01306998 0.00983000
v 0.00559998 -0.01306998 0.00983000
v -0.00559998 -0.01306998 0.00983000
v -0.00570196 -0.01384699 0.00983000
v 0.00570196 -0.01384699 0.00983000
v -0.00570196 -0.01384699 0.00983000
v -0.00570196 -0.01384699 0.00000000
v -0.00600195 -0.01456999 0.00983000
v -0.00600195 -0.01456999 0.00000000
v -0.00684798 -0.01603597 0.00000000
v 0.00600195 -0.01456999 0.00983000
v -0.00600195 -0.01456999 0.00983000
v -0.00684798 -0.01603597 0.00983000
v 0.00684798 -0.01603597 0.00983000
v -0.00684798 -0.01603597 0.00983000
v -0.00714797 -0.01675897 0.00983000
v 0.00714797 -0.01675897 0.00983000
v -0.00714797 -0.01675897 0.00983000
v -0.00714797 -0.01675897 0.00000000
v -0.00724995 -0.01753598 0.00983000
v -0.00724995 -0.01753598 0.00000000
v -0.00724995 -0.02469998 0.00000000
v -0.00724995 -0.02469998 0.00000000
v 0.00724995 -0.01753598 0.00983000
v -0.00724995 -0.01753598 0.00983000
v -0.00724995 -0.02469998 0.00500000
v 0.00724995 -0.02469998 0.00983000
v -0.00724995 -0.02469998 0.00983000
v -0.00724995 -0.02469998 0.00983000
v -0.00610000 0.01856398 0.00519997
v -0.00610000 0.01856398 0.00000000
v -0.00647295 0.01949995 0.00000000
v -0.00572699 0.01762700 0.00000000
v -0.00572699 0.01762700 0.00519997
v -0.00572699 0.01762700 0.00000000
v -0.00647295 0.01949995 0.00519997
v -0.00659996 0.02050000 0.00000000
v -0.00659996 0.02449995 0.00519997
v -0.00659996 0.02449995 0.00000000
v -0.00659996 0.02050000 0.00519997
v -0.00606495 0.02649897 0.00000000
v -0.00606495 0.02649897 0.00000000
v -0.00387496 0.03126096 0.00000000
v -0.00542796 0.02732896 0.00000000
v -0.00606495 0.02649897 0.00519997
v -0.00542796 0.02732896 0.00000000
v -0.00459898 0.02796494 0.00000000
v -0.00542897 0.02732795 0.00519997
v -0.00459898 0.02796494 0.00000000
v -0.00259995 0.02849996 0.00000000
v -0.00459898 0.02796494 0.00519997
v -0.00259995 0.02849996 0.00000000
v 0.00000000 0.03149998 0.00000000
v 0.00259995 0.02849996 0.00000000
v -0.00259995 0.02849996 0.00519997
v 0.00259995 0.02849996 0.00000000
v 0.00387496 0.03126096 0.00000000
v 0.00459898 0.02796494 0.00000000
v 0.00259995 0.02849996 0.00519997
v 0.00459898 0.02796494 0.00000000
v 0.00769097 0.03054696 0.00000000
v 0.00542897 0.02732795 0.00000000
v 0.00459898 0.02796494 0.00519997
v 0.00542897 0.02732795 0.00000000
v 0.00606495 0.02649897 0.00000000
v 0.00542796 0.02732896 0.00519997
v 0.00606495 0.02649897 0.00000000
v 0.00659996 0.02449995 0.00000000
v 0.00606495 0.02649897 0.00519997
v 0.00659996 0.02449995 0.00000000
v 0.00659996 0.02050000 0.00000000
v 0.00659996 0.02050000 0.00519997
v 0.00659996 0.02050000 0.00000000
v 0.00659996 0.02449995 0.00519997
v 0.00586599 0.00851500 0.00000000
v 0.00647295 0.01949995 0.00000000
v 0.00647295 0.01949995 0.00000000
v 0.00661498 0.00749898 0.00000000
v 0.00610000 0.01856398 0.00000000
v 0.00647295 0.01949995 0.00519997
v 0.00610000 0.01856398 0.00000000
v 0.00572699 0.01762700 0.00000000
v 0.00610000 0.01856398 0.00519997
v 0.00572699 0.01762700 0.00000000
v 0.00559998 0.00974900 0.00000000
v 0.00559998 0.01662695 0.00000000
v 0.00572699 0.01762700 0.00519997
v 0.00559998 0.01662695 0.00000000
v 0.00559998 0.01662695 0.00519997
v 0.00559998 0.00974900 0.00000000
v 0.00559998 0.00974900 0.00983000
v 0.00586599 0.00851500 0.00000000
v 0.00586599 0.00851500 0.00983000
v 0.00661498 0.00749898 0.00000000
v 0.00910699 0.00413096 0.00000000
v 0.00661498 0.00749898 0.00983000
v 0.00910699 0.00413096 0.00000000
v 0.01139098 0.02936798 0.00000000
v 0.00977600 0.00210500 0.00000000
v 0.00910699 0.00413096 0.00983000
v 0.00977600 0.00210500 0.00000000
v 0.00999999 -0.00001500 0.00000000
v 0.00999999 0.00001500 0.00983000
v 0.00999999 -0.00001500 0.00000000
v 0.00977194 0.00212496 0.00983000
v 0.00954598 -0.02764898 0.00000000
v 0.00977194 -0.00212496 0.00000000
v 0.00977600 -0.00210500 0.00983000
v 0.00977194 -0.00212496 0.00000000
v 0.01106899 -0.02852296 0.00000000
v 0.00910699 -0.00413096 0.00000000
v 0.00910699 -0.00413096 0.00000000
v 0.00684798 -0.01603597 0.00000000
v 0.00661498 -0.00749898 0.00000000
v 0.00910699 -0.00413096 0.00983000
v 0.00661498 -0.00749898 0.00000000
v 0.00714797 -0.01675897 0.00000000
v 0.00724995 -0.01753598 0.00000000
v 0.00724995 -0.02469998 0.00000000
v 0.00789195 -0.02656894 0.00000000
v 0.00600195 -0.01456999 0.00000000
v 0.00586599 -0.00851500 0.00000000
v 0.00661498 -0.00749898 0.00983000
v 0.00586599 -0.00851500 0.00000000
v 0.00559998 -0.01306998 0.00000000
v 0.00559998 -0.00974900 0.00000000
v 0.00586599 -0.00851500 0.00983000
v 0.00559998 -0.00974900 0.00000000
v 0.00570196 -0.01384699 0.00000000
v 0.00559998 -0.01306998 0.00983000
v 0.00559998 -0.01306998 0.00000000
v 0.00559998 -0.00974900 0.00983000
v 0.00570196 -0.01384699 0.00000000
v 0.00570196 -0.01384699 0.00983000
v 0.00600195 -0.01456999 0.00000000
v 0.00684798 -0.01603597 0.00983000
v 0.00684798 -0.01603597 0.00000000
v 0.00600195 -0.01456999 0.00983000
v 0.00714797 -0.01675897 0.00000000
v 0.00714797 -0.01675897 0.00983000
v 0.00724995 -0.01753598 0.00000000
v 0.00724995 -0.02469998 0.00500000
v 0.00724995 -0.02469998 0.00000000
v 0.00724995 -0.01753598 0.00983000
v 0.00724995 -0.02469998 0.00983000
v 0.00789195 -0.02656894 0.00000000
v 0.00789195 -0.02656894 0.00500000
v 0.00954598 -0.02764898 0.00000000
v 0.00954598 -0.02764898 0.00500000
v 0.01106899 -0.02852296 0.00000000
v 0.01191496 -0.03006196 0.00000000
v 0.01131397 -0.02880299 0.00500000
v 0.01191496 -0.03006196 0.00000000
v 0.01498395 0.02770799 0.00000000
v 0.01199597 -0.02938497 0.00000000
v 0.01191496 -0.03006196 -0.00250000
v 0.01199597 -0.02938497 0.00000000
v 0.01197898 -0.03042900 -0.00250000
v 0.01199996 -0.03079998 -0.00250000
v 0.01447796 0.01774495 0.00000000
v 0.01249200 -0.02891695 0.00000000
v 0.01199597 -0.02938497 -0.00250000
v 0.01249200 -0.02891695 0.00000000
v 0.01490396 -0.01927399 0.00000000
v 0.01595497 -0.02716100 0.00000000
v 0.01249200 -0.02891695 -0.00250000
v 0.01595497 -0.02716100 0.00000000
v 0.01447796 -0.01760995 0.00000000
v 0.01767796 -0.02087795 0.00000000
v 0.01917499 -0.02499097 0.00000000
v 0.01650995 -0.02682697 -0.00250000
v 0.01917499 -0.02499097 0.00000000
v 0.01612395 -0.02047497 0.00000000
v 0.02087700 -0.01774495 0.00000000
v 0.02210396 -0.02244299 0.00000000
v 0.02018594 -0.02418196 -0.00250000
v 0.02210396 -0.02244299 0.00000000
v 0.01923096 -0.02047497 0.00000000
v 0.02040696 -0.01934796 0.00000000
v 0.02499997 -0.00299996 0.00000000
v 0.02501195 -0.01914799 0.00000000
v 0.02344495 -0.02103799 -0.00250000
v 0.02501195 -0.01914799 0.00000000
v 0.02328395 -0.00246096 0.00000000
v 0.02258396 -0.00177896 0.00000000
v 0.02213698 -0.00089500 0.00000000
v 0.02200096 0.00006100 0.00000000
v 0.02671599 -0.00246096 0.00000000
v 0.02746796 -0.01541996 0.00000000
v 0.02621895 -0.01745897 -0.00250000
v 0.02746796 -0.01541996 0.00000000
v 0.02862495 0.01314795 0.00000000
v 0.02934700 -0.01144695 0.00000000
v 0.02845096 -0.01351898 -0.00250000
v 0.02934700 -0.01144695 0.00000000
v 0.02799898 -0.00006100 0.00000000
v 0.02783000 -0.00099500 0.00000000
v 0.03009295 0.00930995 0.00000000
v 0.03063899 -0.00731295 0.00000000
v 0.03009599 -0.00929999 -0.00250000
v 0.03063899 -0.00731295 0.00000000
v 0.03105396 0.00528198 0.00000000
v 0.03134697 -0.00309700 0.00000000
v 0.03111797 -0.00488800 -0.00250000
v 0.03134697 -0.00309700 0.00000000
v 0.03147995 0.00112396 0.00000000
v 0.03149795 -0.00037600 -0.00250000
v 0.03147995 0.00112396 0.00000000
v 0.03122597 0.00414497 -0.00250000
v 0.03105396 0.00528198 0.00000000
v 0.03030896 0.00857896 -0.00250000
v 0.03009295 0.00930995 0.00000000
v 0.02876597 0.01283597 -0.00250000
v 0.02862495 0.01314795 0.00000000
v 0.02671599 0.00246096 0.00000000
v 0.02668297 0.01674097 0.00000000
v 0.02668297 0.01674097 0.00000000
v 0.02741599 0.00177896 0.00000000
v 0.02786296 0.00089500 0.00000000
v 0.02499997 0.00299996 0.00000000
v 0.02430498 0.02003699 0.00000000
v 0.02662795 0.01682895 -0.00250000
v 0.02430498 0.02003699 0.00000000
v 0.02153295 0.02299100 0.00000000
v 0.02393996 0.02047300 -0.00250000
v 0.02153295 0.02299100 0.00000000
v 0.02216994 0.00099500 0.00000000
v 0.02328395 0.00246096 0.00000000
v 0.01923096 0.02047497 0.00000000
v 0.01840996 0.02555996 0.00000000
v 0.02075695 0.02369397 -0.00250000
v 0.01840996 0.02555996 0.00000000
v 0.02045094 0.01927399 0.00000000
v 0.02087700 0.01760995 0.00000000
v 0.01612395 0.02047497 0.00000000
v 0.01714497 0.02642500 -0.00250000
v 0.01498395 0.02770799 0.00000000
v 0.01767796 0.02087795 0.00000000
v 0.01317900 0.02861100 -0.00250000
v 0.01139098 0.02936798 0.00000000
v 0.01494795 0.01934796 0.00000000
v 0.00893998 0.03020495 -0.00250000
v 0.00769097 0.03054696 0.00000000
v 0.00451696 0.03117400 -0.00250000
v 0.00387496 0.03126096 0.00000000
v 0.00000000 0.03149998 0.00000000
v 0.00000000 0.03149998 -0.00250000
v -0.00387496 0.03126096 0.00000000
v -0.00451696 0.03117400 -0.00250000
v -0.00769097 0.03054696 0.00000000
v -0.00893998 0.03020495 -0.00250000
v -0.01139098 0.02936798 0.00000000
v -0.01490396 0.01927399 0.00000000
v -0.01536798 0.02749699 0.00000000
v -0.01317900 0.02861100 -0.00250000
v -0.01536798 0.02749699 0.00000000
v -0.01199597 -0.02938497 0.00000000
v -0.01249200 -0.02891695 0.00000000
v -0.01447796 -0.01774495 0.00000000
v -0.01191496 -0.03006196 0.00000000
v -0.01447796 0.01760995 0.00000000
v -0.01767796 0.02087795 0.00000000
v -0.01909995 0.02504897 0.00000000
v -0.01714497 0.02642500 -0.00250000
v -0.01909995 0.02504897 0.00000000
v -0.01612395 0.02047497 0.00000000
v -0.02087700 0.01774495 0.00000000
v -0.02239996 0.02214699 0.00000000
v -0.02075695 0.02369397 -0.00250000
v -0.02239996 0.02214699 0.00000000
v -0.02040696 0.01934796 0.00000000
v -0.01923096 0.02047497 0.00000000
v -0.02474296 -0.01949399 0.00000000
v -0.02522695 0.01886397 0.00000000
v -0.02393996 0.02047300 -0.00250000
v -0.02522695 0.01886397 0.00000000
v -0.02210396 -0.02244299 0.00000000
v -0.02703696 -0.01616400 0.00000000
v -0.02754795 0.01527500 0.00000000
v -0.02662795 0.01682895 -0.00250000
v -0.02754795 0.01527500 0.00000000
v -0.02888494 -0.01256597 0.00000000
v -0.02934396 0.01145195 0.00000000
v -0.02876597 0.01283597 -0.00250000
v -0.02934396 0.01145195 0.00000000
v -0.03025895 -0.00875497 0.00000000
v -0.03060197 0.00746697 0.00000000
v -0.03030896 0.00857896 -0.00250000
v -0.03060197 0.00746697 0.00000000
v -0.03113394 -0.00478595 0.00000000
v -0.03131699 0.00338697 0.00000000
v -0.03122597 0.00414497 -0.00250000
v -0.03131699 0.00338697 0.00000000
v -0.03149199 -0.00071800 0.00000000
v -0.03149795 -0.00037600 -0.00250000
v -0.03149199 -0.00071800 0.00000000
v -0.03113394 -0.00478595 0.00000000
v -0.03111797 -0.00488800 -0.00250000
v -0.03025895 -0.00875497 0.00000000
v -0.03009599 -0.00929999 -0.00250000
v -0.02888494 -0.01256597 0.00000000
v -0.02845096 -0.01351898 -0.00250000
v -0.02703696 -0.01616400 0.00000000
v -0.02621895 -0.01745897 -0.00250000
v -0.02474296 -0.01949399 0.00000000
v -0.02344495 -0.02103799 -0.00250000
v -0.02210396 -0.02244299 0.00000000
v -0.01923096 -0.02047497 0.00000000
v -0.01917499 -0.02499097 0.00000000
v -0.02018594 -0.02418196 -0.00250000
v -0.01917499 -0.02499097 0.00000000
v -0.02045094 -0.01927399 0.00000000
v -0.02087700 -0.01760995 0.00000000
v -0.01612395 -0.02047497 0.00000000
v -0.01595497 -0.02716100 0.00000000
v -0.01650995 -0.02682697 -0.00250000
v -0.01595497 -0.02716100 0.00000000
v -0.01767796 -0.02087795 0.00000000
v -0.01249200 -0.02891695 0.00000000
v -0.01494795 -0.01934796 0.00000000
v -0.01249200 -0.02891695 -0.00250000
v -0.01199597 -0.02938497 0.00000000
v -0.01199597 -0.02938497 -0.00250000
v -0.01191496 -0.03006196 0.00000000
v -0.01131397 -0.02880299 0.00500000
v -0.01106899 -0.02852296 0.00000000
v -0.01191496 -0.03006196 -0.00250000
v -0.01199996 -0.03079998 0.00500000
v -0.00954598 -0.02764898 0.00000000
v -0.00954598 -0.02764898 0.00500000
v -0.00789195 -0.02656894 0.00000000
v -0.00789195 -0.02656894 0.00500000
v -0.00559998 0.01662695 0.00000000
v -0.00559998 0.00974900 0.00000000
v -0.00559998 0.00974900 0.00000000
v -0.00559998 0.00974900 0.00983000
v -0.00559998 0.01662695 0.00000000
v -0.00559998 0.01662695 0.00519997
v 0.02499997 -0.00299996 0.01099997
v 0.02499997 -0.00299996 0.00000000
v 0.02328395 -0.00246096 0.00000000
v 0.02671599 -0.00246096 0.01099997
v 0.02671599 -0.00246096 0.00000000
v 0.02328395 -0.00246096 0.01099997
v 0.02258396 -0.00177896 0.00000000
v 0.02216994 -0.00099500 0.01099997
v 0.02213698 -0.00089500 0.00000000
v 0.02200096 -0.00006100 0.01099997
v 0.02200096 0.00006100 0.00000000
v 0.02213698 0.00089500 0.01099997
v 0.02216994 0.00099500 0.00000000
v 0.02258396 0.00177896 0.01099997
v 0.02328395 0.00246096 0.00000000
v 0.02328395 0.00246096 0.01099997
v 0.02499997 0.00299996 0.00000000
v 0.02499997 0.00299996 0.01099997
v 0.02671599 0.00246096 0.00000000
v 0.02671599 0.00246096 0.01099997
v 0.02741599 0.00177896 0.00000000
v 0.02783000 0.00099500 0.01099997
v 0.02786296 0.00089500 0.00000000
v 0.02799898 0.00006100 0.01099997
v 0.02799898 -0.00006100 0.00000000
v 0.02786296 -0.00089500 0.01099997
v 0.02783000 -0.00099500 0.00000000
v 0.02741599 -0.00177896 0.01099997
v -0.01767796 -0.02087795 0.00349998
v -0.01767796 -0.02087795 0.00000000
v -0.01923096 -0.02047497 0.00000000
v -0.01612395 -0.02047497 0.00349998
v -0.01612395 -0.02047497 0.00000000
v -0.01923096 -0.02047497 0.00349998
v -0.02045094 -0.01927399 0.00000000
v -0.02087700 -0.01774495 0.00349998
v -0.02087700 -0.01760995 0.00000000
v -0.02040696 -0.01934796 0.00349998
v -0.02045094 0.01608097 0.00000000
v -0.02040696 -0.01600795 0.00000000
v -0.02045094 -0.01608097 0.00349998
v -0.02040696 -0.01600795 0.00000000
v -0.01923096 0.01488000 0.00000000
v -0.01923096 -0.01488000 0.00000000
v -0.01923096 -0.01488000 0.00000000
v -0.01767796 0.01447796 0.00000000
v -0.01767796 -0.01447796 0.00000000
v -0.01923096 -0.01488000 0.00349998
v -0.01767796 -0.01447796 0.00000000
v -0.01612395 0.01488000 0.00000000
v -0.01612395 -0.01488000 0.00000000
v -0.01767796 -0.01447796 0.00349998
v -0.01612395 -0.01488000 0.00000000
v -0.01494795 0.01600795 0.00000000
v -0.01490396 -0.01608097 0.00000000
v -0.01612395 -0.01488000 0.00349998
v -0.01490396 -0.01608097 0.00000000
v -0.01447796 -0.01760995 0.00349998
v -0.01447796 -0.01774495 0.00000000
v -0.01494795 -0.01600795 0.00349998
v -0.01490396 -0.01927399 0.00349998
v -0.01494795 -0.01934796 0.00000000
v 0.01612395 -0.01488000 0.00000000
v 0.01612395 0.01488000 0.00000000
v 0.01767796 0.01447796 0.00000000
v 0.01767796 0.01447796 0.00349998
v 0.01767796 0.01447796 0.00000000
v 0.01612395 0.01488000 0.00000000
v 0.01767796 -0.01447796 0.00000000
v 0.01923096 0.01488000 0.00000000
v 0.01923096 0.01488000 0.00349998
v 0.01923096 0.01488000 0.00000000
v 0.01494795 -0.01600795 0.00000000
v 0.01490396 0.01608097 0.00000000
v 0.01612395 0.01488000 0.00349998
v 0.01490396 0.01608097 0.00000000
v 0.01447796 0.01760995 0.00349998
v 0.01447796 0.01774495 0.00000000
v 0.01494795 0.01600795 0.00349998
v 0.01490396 0.01927399 0.00349998
v 0.01494795 0.01934796 0.00000000
v 0.01612395 0.02047497 0.00000000
v 0.01612395 0.02047497 0.00349998
v 0.01767796 0.02087795 0.00000000
v 0.01767796 0.02087795 0.00349998
v 0.01923096 0.02047497 0.00000000
v 0.01923096 0.02047497 0.00349998
v 0.02045094 0.01927399 0.00000000
v 0.02087700 0.01774495 0.00349998
v 0.02087700 0.01760995 0.00000000
v 0.02040696 0.01934796 0.00349998
v 0.02045094 -0.01608097 0.00000000
v 0.02040696 0.01600795 0.00000000
v 0.02045094 0.01608097 0.00349998
v 0.02040696 0.01600795 0.00000000
v 0.01923096 -0.01488000 0.00000000
v 0.01767796 -0.02087795 0.00349998
v 0.01767796 -0.02087795 0.00000000
v 0.01612395 -0.02047497 0.00000000
v 0.01923096 -0.02047497 0.00349998
v 0.01923096 -0.02047497 0.00000000
v 0.01612395 -0.02047497 0.00349998
v 0.01490396 -0.01927399 0.00000000
v 0.01447796 -0.01774495 0.00349998
v 0.01447796 -0.01760995 0.00000000
v 0.01494795 -0.01934796 0.00349998
v 0.01490396 -0.01608097 0.00349998
v 0.01494795 -0.01600795 0.00000000
v 0.01612395 -0.01488000 0.00000000
v 0.01612395 -0.01488000 0.00349998
v 0.01767796 -0.01447796 0.00000000
v 0.01767796 -0.01447796 0.00349998
v 0.01923096 -0.01488000 0.00000000
v 0.01923096 -0.01488000 0.00349998
v 0.02045094 -0.01608097 0.00000000
v 0.02087700 -0.01760995 0.00349998
v 0.02087700 -0.01774495 0.00000000
v 0.02040696 -0.01600795 0.00349998
v 0.02045094 -0.01927399 0.00349998
v 0.02040696 -0.01934796 0.00000000
v -0.01767796 0.01447796 0.00349998
v -0.01767796 0.01447796 0.00000000
v -0.01923096 0.01488000 0.00000000
v -0.01612395 0.01488000 0.00349998
v -0.01612395 0.01488000 0.00000000
v -0.01923096 0.01488000 0.00349998
v -0.02045094 0.01608097 0.00000000
v -0.02087700 0.01760995 0.00349998
v -0.02087700 0.01774495 0.00000000
v -0.02040696 0.01600795 0.00349998
v -0.02045094 0.01927399 0.00349998
v -0.02040696 0.01934796 0.00000000
v -0.01923096 0.02047497 0.00000000
v -0.01923096 0.02047497 0.00349998
v -0.01767796 0.02087795 0.00000000
v -0.01767796 0.02087795 0.00349998
v -0.01612395 0.02047497 0.00000000
v -0.01612395 0.02047497 0.00349998
v -0.01490396 0.01927399 0.00000000
v -0.01447796 0.01774495 0.00349998
v -0.01447796 0.01760995 0.00000000
v -0.01494795 0.01934796 0.00349998
v -0.01490396 0.01608097 0.00349998
v -0.01494795 0.01600795 0.00000000
v -0.00606495 0.02649897 0.00519997
v -0.00647295 0.01949995 0.00519997
v -0.00659996 0.02050000 0.00519997
v -0.00659996 0.02449995 0.00519997
v -0.00610000 0.01856398 0.00519997
v -0.00572699 0.01762700 0.00519997
v -0.00559998 0.02449995 0.00519997
v -0.00559998 0.01662695 0.00519997
v -0.00559998 0.02449995 0.00519997
v -0.00542897 0.02732795 0.00519997
v -0.00519794 0.02599996 0.00519997
v -0.00559998 0.02449995 0.00983000
v -0.00519794 0.02599996 0.00519997
v -0.00459898 0.02796494 0.00519997
v -0.00472098 0.02662199 0.00519997
v -0.00519794 0.02599996 0.00983000
v -0.00472098 0.02662199 0.00519997
v -0.00409997 0.02709800 0.00519997
v -0.00472200 0.02662098 0.00983000
v -0.00409997 0.02709800 0.00519997
v -0.00259995 0.02849996 0.00519997
v -0.00259995 0.02749997 0.00519997
v -0.00409997 0.02709800 0.00983000
v -0.00259995 0.02749997 0.00519997
v 0.00259995 0.02849996 0.00519997
v 0.00259995 0.02749997 0.00519997
v -0.00259995 0.02749997 0.00983000
v 0.00259995 0.02749997 0.00519997
v 0.00459898 0.02796494 0.00519997
v 0.00409997 0.02709800 0.00519997
v 0.00259995 0.02749997 0.00983000
v 0.00409997 0.02709800 0.00519997
v 0.00472200 0.02662098 0.00519997
v 0.00409997 0.02709800 0.00983000
v 0.00472200 0.02662098 0.00519997
v 0.00542796 0.02732896 0.00519997
v 0.00519794 0.02599996 0.00519997
v 0.00472098 0.02662199 0.00983000
v 0.00519794 0.02599996 0.00519997
v 0.00559998 0.02449995 0.00519997
v 0.00519794 0.02599996 0.00983000
v 0.00559998 0.02449995 0.00519997
v 0.00606495 0.02649897 0.00519997
v 0.00559998 0.01662695 0.00519997
v 0.00559998 0.02449995 0.00983000
v 0.00572699 0.01762700 0.00519997
v 0.00610000 0.01856398 0.00519997
v 0.00659996 0.02449995 0.00519997
v 0.00647295 0.01949995 0.00519997
v 0.00659996 0.02050000 0.00519997
v -0.00318998 0.01809996 0.00983000
v -0.00559998 0.00974900 0.00983000
v -0.00559998 0.02449995 0.00983000
v -0.00120795 0.02521795 0.00983000
v -0.00519794 0.02599996 0.00983000
v -0.00168794 0.02224999 0.00983000
v -0.00120795 0.02178198 0.00983000
v 0.00158995 0.01969999 0.00983000
v -0.00200194 0.02286595 0.00983000
v -0.00209999 0.02353399 0.00983000
v -0.00198400 0.02418798 0.00983000
v -0.00158995 0.01969999 0.00983000
v -0.00272095 0.01923096 0.00983000
v -0.00575000 -0.02729797 0.00983000
v 0.00575000 -0.02729797 0.00983000
v 0.00424999 -0.02769994 0.00983000
v 0.00424999 -0.02769994 0.00712097
v 0.00424999 -0.02769994 0.00983000
v 0.00575000 -0.02729797 0.00983000
v -0.00424999 -0.02769994 0.00983000
v 0.00000000 -0.02769994 0.00974995
v -0.00424999 -0.02769994 0.00983000
v 0.00129896 -0.02769994 0.00956899
v 0.00249898 -0.02769994 0.00904000
v 0.00350797 -0.02769994 0.00820297
v -0.00637096 -0.02682197 0.00983000
v 0.00637197 -0.02682095 0.00983000
v 0.00573599 -0.02730596 0.00500000
v 0.00637197 -0.02682095 0.00983000
v 0.00462299 -0.02767699 0.00609195
v 0.00474995 -0.02765798 0.00500000
v -0.00684798 -0.02619999 0.00983000
v 0.00684798 -0.02619999 0.00983000
v 0.00654095 -0.02663695 0.00500000
v 0.00684798 -0.02619999 0.00983000
v 0.00706697 -0.02573096 0.00500000
v 0.00209999 -0.00003400 0.00983000
v 0.00999999 0.00001500 0.00983000
v 0.00120795 -0.00171798 0.00983000
v 0.00198400 -0.00068800 0.00983000
v 0.00120795 0.00171798 0.00983000
v 0.00168794 0.00124997 0.00983000
v 0.00200194 0.00063400 0.00983000
v 0.00318998 0.00729996 0.00983000
v 0.00661498 0.00749898 0.00983000
v 0.00272095 0.00616896 0.00983000
v 0.00158995 0.00569999 0.00983000
v 0.00586599 0.00851500 0.00983000
v 0.00318998 0.01809996 0.00983000
v 0.00559998 0.00974900 0.00983000
v 0.00200194 0.02413398 0.00983000
v 0.00559998 0.02449995 0.00983000
v 0.00209999 0.02346599 0.00983000
v 0.00198400 0.02281194 0.00983000
v 0.00000000 0.02559995 0.00983000
v 0.00519794 0.02599996 0.00983000
v 0.00120795 0.02521795 0.00983000
v 0.00168794 0.02474999 0.00983000
v -0.00472200 0.02662098 0.00983000
v 0.00472098 0.02662199 0.00983000
v -0.00409997 0.02709800 0.00983000
v 0.00409997 0.02709800 0.00983000
v -0.00259995 0.02749997 0.00983000
v 0.00259995 0.02749997 0.00983000
v -0.00684798 -0.02619999 0.00983000
v -0.00654095 -0.02663600 0.00500000
v -0.00637096 -0.02682197 0.00983000
v -0.00706697 -0.02573096 0.00500000
v -0.00575000 -0.02729797 0.00983000
v -0.00573599 -0.02730596 0.00500000
v -0.00129896 -0.02769994 0.00956899
v -0.00350797 -0.02769994 0.00820297
v -0.00424999 -0.02769994 0.00712097
v -0.00462299 -0.02767699 0.00608998
v -0.00249898 -0.02769994 0.00904000
v -0.00474995 -0.02765798 0.00500000
v 0.00000000 -0.00209999 0.00862998
v 0.00000000 -0.00209999 0.00983000
v -0.00120795 -0.00171798 0.00983000
v 0.00120795 -0.00171798 0.00862998
v 0.00120795 -0.00171798 0.00983000
v -0.00120795 -0.00171798 0.00862998
v -0.00168794 -0.00124997 0.00983000
v -0.00198400 -0.00068800 0.00862998
v -0.00200194 -0.00063400 0.00983000
v -0.00209999 -0.00003400 0.00862998
v -0.00209999 0.00003400 0.00983000
v -0.00200194 0.00063400 0.00862998
v -0.00198400 0.00068800 0.00983000
v -0.00168794 0.00124997 0.00862998
v -0.00120795 0.00171798 0.00983000
v -0.00120795 0.00171798 0.00862998
v 0.00000000 0.00209999 0.00983000
v 0.00000000 0.00209999 0.00862998
v 0.00120795 0.00171798 0.00983000
v 0.00120795 0.00171798 0.00862998
v 0.00168794 0.00124997 0.00983000
v 0.00198400 0.00068800 0.00862998
v 0.00200194 0.00063400 0.00983000
v 0.00209999 0.00003400 0.00862998
v 0.00209999 -0.00003400 0.00983000
v 0.00200194 -0.00063400 0.00862998
v 0.00198400 -0.00068800 0.00983000
v 0.00168794 -0.00124997 0.00862998
v 0.00000000 0.02139997 0.00983000
v 0.00000000 0.02139997 0.00862998
v 0.00000000 0.02139997 0.00983000
v -0.00120795 0.02178198 0.00983000
v 0.00272095 0.01923096 0.00983000
v 0.00120795 0.02178198 0.00983000
v 0.00120795 0.02178198 0.00862998
v 0.00120795 0.02178198 0.00983000
v -0.00120795 0.02178198 0.00862998
v -0.00168794 0.02224999 0.00983000
v -0.00198400 0.02281194 0.00862998
v -0.00200194 0.02286595 0.00983000
v -0.00209999 0.02346599 0.00862998
v -0.00209999 0.02353399 0.00983000
v -0.00200194 0.02413398 0.00862998
v -0.00198400 0.02418798 0.00983000
v -0.00168794 0.02474999 0.00862998
v -0.00120795 0.02521795 0.00983000
v -0.00120795 0.02521795 0.00862998
v 0.00000000 0.02559995 0.00983000
v 0.00000000 0.02559995 0.00862998
v 0.00120795 0.02521795 0.00983000
v 0.00120795 0.02521795 0.00862998
v 0.00168794 0.02474999 0.00983000
v 0.00198400 0.02418798 0.00862998
v 0.00200194 0.02413398 0.00983000
v 0.00209999 0.02353399 0.00862998
v 0.00209999 0.02346599 0.00983000
v 0.00200194 0.02286595 0.00862998
v 0.00198400 0.02281194 0.00983000
v 0.00168794 0.02224999 0.00862998
v 0.00158995 0.01969999 0.01049995
v 0.00158995 0.01969999 0.00983000
v 0.00272095 0.01923096 0.00983000
v -0.00158995 0.01969999 0.01049995
v -0.00158995 0.01969999 0.00983000
v 0.00306797 0.01871198 0.01049995
v 0.00318998 0.01809996 0.00983000
v 0.00220197 0.01957798 0.01049995
v 0.00272095 0.01923096 0.01049995
v 0.00318998 0.01809996 0.01049995
v 0.00318998 0.00729996 0.00983000
v 0.00318998 0.00729996 0.01049995
v 0.00272095 0.00616896 0.00983000
v 0.00220197 0.00582194 0.01049995
v 0.00158995 0.00569999 0.00983000
v 0.00306797 0.00668800 0.01049995
v 0.00272095 0.00616896 0.01049995
v 0.00158995 0.00569999 0.01049995
v -0.00158995 0.00569999 0.00983000
v -0.00158995 0.00569999 0.01049995
v -0.00272095 0.00616896 0.00983000
v -0.00306797 0.00668800 0.01049995
v -0.00318998 0.00729996 0.00983000
v -0.00220197 0.00582194 0.01049995
v -0.00272095 0.00616896 0.01049995
v -0.00318998 0.00729996 0.01049995
v -0.00318998 0.01809996 0.00983000
v -0.00318998 0.01809996 0.01049995
v -0.00272095 0.01923096 0.00983000
v -0.00220197 0.01957798 0.01049995
v -0.00306797 0.01871198 0.01049995
v -0.00272095 0.01923096 0.01049995
v 0.00000000 -0.03624999 0.00974995
v 0.00000000 -0.02769994 0.00974995
v 0.00129896 -0.02769994 0.00956899
v -0.00237495 -0.03624999 0.00911397
v -0.00129896 -0.02769994 0.00956899
v 0.00237495 -0.03624999 0.00911397
v 0.00249898 -0.02769994 0.00904000
v 0.00350797 -0.02769994 0.00820297
v 0.00411397 -0.03624999 0.00737494
v 0.00424999 -0.02769994 0.00712097
v 0.00462299 -0.02767699 0.00609195
v -0.00411397 -0.03624999 0.00737494
v -0.00424999 -0.02769994 0.00712097
v -0.00350797 -0.02769994 0.00820297
v -0.00474995 -0.03624999 0.00500000
v -0.00462299 -0.02767699 0.00608998
v -0.00249898 -0.02769994 0.00904000
v 0.00474995 -0.02765798 0.00500000
v 0.00474995 -0.03624999 0.00500000
v 0.00729799 -0.03126496 0.00500000
v 0.00474995 -0.03624999 0.00500000
v 0.00474995 -0.02765798 0.00500000
v 0.00537699 -0.03711199 0.00660795
v 0.00411397 -0.03624999 0.00737494
v 0.00474995 -0.03624999 0.00500000
v 0.00558197 -0.03708195 0.00500000
v 0.00901598 -0.03639996 0.00500000
v 0.00558197 -0.03708195 0.00500000
v 0.01237195 -0.03539997 0.00500000
v 0.00786894 -0.03204494 0.00500000
v 0.01131397 -0.02880299 0.00500000
v 0.00954598 -0.02764898 0.00500000
v 0.00573599 -0.02730596 0.00500000
v 0.00874996 -0.02927500 0.00500000
v 0.00786894 -0.02955496 0.00500000
v 0.00730795 -0.03030496 0.00500000
v -0.00474995 -0.02765798 0.00500000
v -0.00729799 -0.03033494 0.00500000
v -0.00474995 -0.02765798 0.00500000
v -0.00474995 -0.03624999 0.00500000
v -0.00954598 -0.02764898 0.00500000
v -0.00573599 -0.02730596 0.00500000
v -0.01131397 -0.02880299 0.00500000
v -0.00874996 -0.02927500 0.00500000
v -0.00786894 -0.02955496 0.00500000
v -0.00558197 -0.03708195 0.00500000
v -0.00474995 -0.03624999 0.00500000
v -0.00411397 -0.03624999 0.00737494
v -0.00906700 -0.03638696 0.00500000
v -0.00558197 -0.03708195 0.00500000
v -0.01246994 -0.03536599 0.00500000
v -0.01199996 -0.03513395 0.00500000
v -0.00874996 -0.03232496 0.00500000
v -0.00730795 -0.03129500 0.00500000
v -0.00786894 -0.03204494 0.00500000
v -0.00478196 -0.03719395 0.00808996
v -0.00237495 -0.03624999 0.00911397
v -0.00537699 -0.03711199 0.00660795
v -0.00268894 -0.03740298 0.01025497
v 0.00000000 -0.03624999 0.00974995
v -0.00385594 -0.03730100 0.00933397
v 0.00000000 -0.03749996 0.01099997
v 0.00237495 -0.03624999 0.00911397
v -0.00137699 -0.03747498 0.01081395
v 0.00385594 -0.03730100 0.00933397
v 0.00137597 -0.03747498 0.01081395
v 0.00268894 -0.03740298 0.01025599
v 0.00478196 -0.03719395 0.00809097
v 0.00000000 -0.03749996 0.01389998
v 0.00000000 -0.03749996 0.01099997
v 0.00137597 -0.03747498 0.01081395
v -0.00200796 -0.03744596 0.01389998
v -0.00137699 -0.03747498 0.01081395
v 0.00200796 -0.03744596 0.01389998
v 0.00268894 -0.03740298 0.01025599
v 0.00385594 -0.03730100 0.00933397
v 0.00400996 -0.03728497 0.01389998
v 0.00478196 -0.03719395 0.00809097
v 0.00537699 -0.03711199 0.00660795
v 0.00600100 -0.03701698 0.01389998
v 0.00558197 -0.03708195 0.00500000
v 0.00901598 -0.03639996 0.00500000
v -0.00600100 -0.03701698 0.01389998
v -0.00558197 -0.03708195 0.00500000
v -0.00537699 -0.03711199 0.00660795
v -0.00797397 -0.03664195 0.01389998
v -0.00906700 -0.03638696 0.00500000
v -0.00478196 -0.03719395 0.00808996
v -0.00400996 -0.03728497 0.01389998
v -0.00385594 -0.03730100 0.00933397
v -0.00268894 -0.03740298 0.01025497
v 0.01697695 -0.03343695 -0.00250000
v 0.01237195 -0.03539997 0.00500000
v 0.01237195 -0.03539997 -0.00250000
v 0.01199996 -0.03502798 -0.00250000
v 0.01237195 -0.03539997 -0.00250000
v 0.01237195 -0.03539997 0.00500000
v 0.01639598 -0.03316897 -0.00299996
v 0.01697695 -0.03343695 -0.00250000
v 0.01237195 -0.03539997 -0.00250000
v 0.01235496 -0.03503096 -0.00285494
v 0.01249998 -0.03482496 -0.00299996
v 0.01447194 -0.03405195 -0.00299996
v 0.01229000 -0.03531795 -0.00260395
v 0.01229000 -0.03531795 -0.00260395
v 0.00992399 -0.03616297 0.01389998
v 0.01184695 -0.03557997 0.01389998
v 0.01373594 -0.03489398 0.01389998
v 0.01199996 -0.03502798 0.00500000
v 0.01199996 -0.03502798 0.00500000
v 0.00797397 -0.03664195 0.01389998
v 0.00000000 -0.03599995 0.01389998
v 0.00000000 -0.03749996 0.01389998
v 0.00200796 -0.03744596 0.01389998
v -0.00196600 -0.03594595 0.01389998
v -0.00200796 -0.03744596 0.01389998
v 0.00392496 -0.03578495 0.01389998
v 0.00400996 -0.03728497 0.01389998
v 0.00196600 -0.03594595 0.01389998
v 0.00587296 -0.03551799 0.01389998
v 0.00600100 -0.03701698 0.01389998
v 0.00780296 -0.03514397 0.01389998
v 0.00797397 -0.03664195 0.01389998
v 0.00971097 -0.03466600 0.01389998
v 0.00992399 -0.03616297 0.01389998
v 0.01158899 -0.03408396 0.01389998
v 0.01184695 -0.03557997 0.01389998
v 0.01343196 -0.03339999 0.01389998
v 0.01373594 -0.03489398 0.01389998
v 0.01555198 -0.03412300 0.01389998
v 0.01554697 -0.03246998 0.01389998
v 0.01555198 -0.03412300 0.01389998
v 0.01746100 -0.03318697 0.01389998
v 0.01746100 -0.03318697 0.01389998
v 0.02127897 -0.03087794 -0.00250000
v 0.01931095 -0.03214597 0.01389998
v 0.01773399 -0.03132897 0.01389998
v 0.01931095 -0.03214597 0.01389998
v 0.02109795 -0.03100198 0.01389998
v 0.01981896 -0.03005295 0.01389998
v 0.02109795 -0.03100198 0.01389998
v 0.02281695 -0.02975898 0.01389998
v 0.02179497 -0.02865296 0.01389998
v 0.02281695 -0.02975898 0.01389998
v 0.02520197 -0.02776896 -0.00250000
v 0.02446395 -0.02842098 0.01389998
v 0.02365499 -0.02713799 0.01389998
v 0.02446395 -0.02842098 0.01389998
v 0.02603197 -0.02699196 0.01389998
v 0.02539497 -0.02551698 0.01389998
v 0.02603197 -0.02699196 0.01389998
v 0.02867597 -0.02416396 -0.00250000
v 0.02751898 -0.02547496 0.01389998
v 0.02700996 -0.02379995 0.01389998
v 0.02751898 -0.02547496 0.01389998
v 0.02891796 -0.02387398 0.01389998
v 0.02849799 -0.02199697 0.01389998
v 0.02891796 -0.02387398 0.01389998
v 0.03163897 -0.02012997 -0.00250000
v 0.03022700 -0.02219498 0.01389998
v 0.02985495 -0.02011698 0.01389998
v 0.03022700 -0.02219498 0.01389998
v 0.03143894 -0.02043998 0.01389998
v 0.03107798 -0.01816999 0.01389998
v 0.03143894 -0.02043998 0.01389998
v 0.03255295 -0.01861596 0.01389998
v 0.03216695 -0.01616400 0.01389998
v 0.03255295 -0.01861596 0.01389998
v 0.03403896 -0.01573598 -0.00250000
v 0.03356295 -0.01672697 0.01389998
v 0.03311997 -0.01410895 0.01389998
v 0.03356295 -0.01672697 0.01389998
v 0.03446596 -0.01477795 0.01389998
v 0.03393697 -0.01201295 0.01389998
v 0.03446596 -0.01477795 0.01389998
v 0.03583097 -0.01106196 -0.00250000
v 0.03525698 -0.01277399 0.01389998
v 0.03461599 -0.00988495 0.01389998
v 0.03525698 -0.01277399 0.01389998
v 0.03583097 -0.01106196 -0.00250000
v 0.03593498 -0.01072096 0.01389998
v 0.03556698 -0.00556695 0.01389998
v 0.03593498 -0.01072096 0.01389998
v 0.03515899 -0.00773400 0.01389998
v 0.03698498 -0.00619096 -0.00250000
v 0.03649497 -0.00862396 0.01389998
v 0.03597897 -0.00121796 0.01389998
v 0.03649497 -0.00862396 0.01389998
v 0.03583997 -0.00339299 0.01389998
v 0.03688997 0.00673699 0.01389998
v 0.03693395 -0.00648999 0.01389998
v 0.03693395 -0.00648999 0.01389998
v 0.03641694 0.00894696 0.01389998
v 0.03598695 0.00094900 0.01389998
v 0.03722697 0.00451696 0.01389998
v 0.03724998 -0.00432497 0.01389998
v 0.03724998 -0.00432497 0.01389998
v 0.03742998 0.00229299 0.01389998
v 0.03743898 -0.00213498 0.01389998
v 0.03747999 -0.00120997 -0.00250000
v 0.03743898 -0.00213498 0.01389998
v 0.03749996 0.00007300 0.01389998
v 0.03749996 0.00007300 0.01389998
v 0.03730797 0.00379294 -0.00250000
v 0.03742998 0.00229299 0.01389998
v 0.03722697 0.00451696 0.01389998
v 0.03646999 0.00872797 -0.00250000
v 0.03688997 0.00673699 0.01389998
v 0.03641694 0.00894696 0.01389998
v 0.03498297 0.01350796 -0.00250000
v 0.03580796 0.01113796 0.01389998
v 0.03580796 0.01113796 0.01389998
v 0.03506100 0.01330196 0.01389998
v 0.03561794 0.00523198 0.01389998
v 0.03506100 0.01330196 0.01389998
v 0.03586596 0.00310099 0.01389998
v 0.03417795 0.01543098 0.01389998
v 0.03474998 0.00940394 0.01389998
v 0.03417795 0.01543098 0.01389998
v 0.03524500 0.00733495 0.01389998
v 0.03287196 0.01804697 -0.00250000
v 0.03315699 0.01751697 0.01389998
v 0.03413695 0.01143199 0.01389998
v 0.03315699 0.01751697 0.01389998
v 0.03200095 0.01954996 0.01389998
v 0.03256696 0.01534199 0.01389998
v 0.03200095 0.01954996 0.01389998
v 0.03340798 0.01341295 0.01389998
v 0.03017497 0.02226400 -0.00250000
v 0.03070896 0.02152198 0.01389998
v 0.03161799 0.01721298 0.01389998
v 0.03070896 0.02152198 0.01389998
v 0.02928495 0.02342295 0.01389998
v 0.03056395 0.01902198 0.01389998
v 0.02928495 0.02342295 0.01389998
v 0.02694100 0.02608495 -0.00250000
v 0.02772998 0.02524495 0.01389998
v 0.02815896 0.02242898 0.01389998
v 0.02772998 0.02524495 0.01389998
v 0.02941000 0.02076196 0.01389998
v 0.02604699 0.02697795 0.01389998
v 0.02681595 0.02401900 0.01389998
v 0.02604699 0.02697795 0.01389998
v 0.02322697 0.02944099 -0.00250000
v 0.02423995 0.02861195 0.01389998
v 0.02538496 0.02552700 0.01389998
v 0.02423995 0.02861195 0.01389998
v 0.02231395 0.03013896 0.01389998
v 0.02386999 0.02694898 0.01389998
v 0.02231395 0.03013896 0.01389998
v 0.01909798 0.03227198 -0.00250000
v 0.02027195 0.03154796 0.01389998
v 0.02227699 0.02827996 0.01389998
v 0.02027195 0.03154796 0.01389998
v 0.01812195 0.03282999 0.01389998
v 0.01887297 0.03065598 0.01389998
v 0.01812195 0.03282999 0.01389998
v 0.02060997 0.02951699 0.01389998
v 0.01462996 0.03452897 -0.00250000
v 0.01586997 0.03397595 0.01389998
v 0.01707297 0.03169399 0.01389998
v 0.01586997 0.03397595 0.01389998
v 0.01373499 0.03489398 0.01389998
v 0.01521497 0.03262698 0.01389998
v 0.01373499 0.03489398 0.01389998
v 0.00989997 0.03616899 -0.00250000
v 0.01184695 0.03557997 0.01389998
v 0.01343095 0.03340095 0.01389998
v 0.01184695 0.03557997 0.01389998
v 0.00992399 0.03616297 0.01389998
v 0.01158899 0.03408396 0.01389998
v 0.00992399 0.03616297 0.01389998
v 0.00797397 0.03664195 0.01389998
v 0.00971097 0.03466600 0.01389998
v 0.00797397 0.03664195 0.01389998
v 0.00499499 0.03716599 -0.00250000
v 0.00600100 0.03701698 0.01389998
v 0.00780296 0.03514397 0.01389998
v 0.00600100 0.03701698 0.01389998
v 0.00400996 0.03728497 0.01389998
v 0.00587296 0.03551799 0.01389998
v 0.00400996 0.03728497 0.01389998
v 0.00000000 0.03749996 -0.00250000
v 0.00200796 0.03744596 0.01389998
v 0.00392496 0.03578495 0.01389998
v 0.00200796 0.03744596 0.01389998
v 0.00000000 0.03749996 0.01389998
v 0.00196600 0.03594595 0.01389998
v 0.00000000 0.03749996 0.01389998
v -0.00498998 0.03716695 -0.00250000
v -0.00200796 0.03744596 0.01389998
v 0.00000000 0.03599995 0.01389998
v -0.00200796 0.03744596 0.01389998
v 0.00000000 0.03700000 -0.00299996
v 0.00000000 0.03749996 -0.00250000
v 0.00499499 0.03716599 -0.00250000
v -0.00422698 0.03675794 -0.00299996
v -0.00498998 0.03716695 -0.00250000
v -0.00211698 0.03693896 -0.00299996
v 0.00632298 0.03645598 -0.00299996
v 0.00989997 0.03616899 -0.00250000
v 0.00211698 0.03693896 -0.00299996
v 0.00422698 0.03675794 -0.00299996
v 0.01044595 0.03549498 -0.00299996
v 0.01462996 0.03452897 -0.00250000
v 0.00839800 0.03603398 -0.00299996
v 0.01640999 0.03316199 -0.00299996
v 0.01909798 0.03227198 -0.00250000
v 0.01245999 0.03483897 -0.00299996
v 0.01439595 0.03408497 -0.00299996
v 0.02025097 0.03096598 -0.00299996
v 0.02322697 0.02944099 -0.00250000
v 0.01836395 0.03212100 -0.00299996
v 0.02380096 0.02832895 -0.00299996
v 0.02694100 0.02608495 -0.00250000
v 0.02206498 0.02970099 -0.00299996
v 0.02701395 0.02528297 -0.00299996
v 0.03017497 0.02226400 -0.00250000
v 0.02545195 0.02685499 -0.00299996
v 0.02984696 0.02186596 -0.00299996
v 0.03287196 0.01804697 -0.00250000
v 0.02848094 0.02361899 -0.00299996
v 0.03329497 0.01613795 -0.00299996
v 0.03498297 0.01350796 -0.00250000
v 0.03110796 0.02003198 -0.00299996
v 0.03225898 0.01812100 -0.00299996
v 0.03500497 0.01198500 -0.00299996
v 0.03646999 0.00872797 -0.00250000
v 0.03421199 0.01409095 -0.00299996
v 0.03620594 0.00762397 -0.00299996
v 0.03730797 0.00379294 -0.00250000
v 0.03567099 0.00982696 -0.00299996
v 0.03686898 0.00310999 -0.00299996
v 0.03747999 -0.00120997 -0.00250000
v 0.03660595 0.00538194 -0.00299996
v 0.03696995 -0.00149494 -0.00299996
v 0.03698498 -0.00619096 -0.00250000
v 0.03699100 0.00081500 -0.00299996
v 0.03648895 -0.00612599 -0.00299996
v 0.03583097 -0.01106196 -0.00250000
v 0.03680294 -0.00381094 -0.00299996
v 0.03465199 -0.01296997 -0.00299996
v 0.03403896 -0.01573598 -0.00250000
v 0.03602695 -0.00842994 -0.00299996
v 0.03541499 -0.01071399 -0.00299996
v 0.03267794 -0.01735395 -0.00299996
v 0.03163897 -0.02012997 -0.00250000
v 0.03373998 -0.01518595 -0.00299996
v 0.03011000 -0.02150297 -0.00299996
v 0.02867597 -0.02416396 -0.00250000
v 0.03146696 -0.01946300 -0.00299996
v 0.02696496 -0.02533495 -0.00299996
v 0.02520197 -0.02776896 -0.00250000
v 0.02860796 -0.02346396 -0.00299996
v 0.02349698 -0.02858096 -0.00299996
v 0.02127897 -0.03087794 -0.00250000
v 0.02518498 -0.02710598 -0.00299996
v 0.02007800 -0.03107798 -0.00299996
v 0.02182298 -0.02987897 -0.00299996
v 0.01826697 -0.03217595 -0.00299996
v 0.01199996 -0.03502798 -0.00250000
v 0.01249998 -0.03482496 -0.00299996
v 0.01235496 -0.03503096 -0.00285494
v 0.01269096 -0.02937597 -0.00299996
v 0.01447194 -0.03405195 -0.00299996
v 0.01249998 -0.03482496 -0.00299996
v 0.01249998 -0.03079998 -0.00299996
v 0.01199996 -0.03079998 -0.00250000
v 0.01249998 -0.03079998 -0.00299996
v 0.01220798 -0.03523695 -0.00270796
v 0.01220798 -0.03523695 -0.00270796
v 0.01220798 -0.03523695 -0.00270796
v -0.00839800 0.03603398 -0.00299996
v -0.00989097 0.03617197 -0.00250000
v -0.00600100 0.03701698 0.01389998
v -0.00989097 0.03617197 -0.00250000
v -0.00632298 0.03645598 -0.00299996
v -0.00400996 0.03728497 0.01389998
v -0.01245999 0.03483897 -0.00299996
v -0.01461595 0.03453397 -0.00250000
v -0.00992399 0.03616297 0.01389998
v -0.01461595 0.03453397 -0.00250000
v -0.01044595 0.03549498 -0.00299996
v -0.00797397 0.03664195 0.01389998
v -0.01682096 0.03295600 -0.00299996
v -0.01908099 0.03228199 -0.00250000
v -0.01555198 0.03412300 0.01389998
v -0.01908099 0.03228199 -0.00250000
v -0.01454597 0.03402096 -0.00299996
v -0.01373594 0.03489398 0.01389998
v -0.01184695 0.03557997 0.01389998
v -0.02107495 0.03041100 -0.00299996
v -0.02320694 0.02945595 -0.00250000
v -0.01931095 0.03214597 0.01389998
v -0.02320694 0.02945595 -0.00250000
v -0.01899898 0.03174996 -0.00299996
v -0.01746100 0.03318697 0.01389998
v -0.02489399 0.02737295 -0.00299996
v -0.02691996 0.02610599 -0.00250000
v -0.02446395 0.02842098 0.01389998
v -0.02691996 0.02610599 -0.00250000
v -0.02304196 0.02894896 -0.00299996
v -0.02281695 0.02975898 0.01389998
v -0.02109795 0.03100198 0.01389998
v -0.02971297 0.02204895 -0.00299996
v -0.03015500 0.02229195 -0.00250000
v -0.02751898 0.02547496 0.01389998
v -0.03015500 0.02229195 -0.00250000
v -0.02823299 0.02391397 -0.00299996
v -0.02662599 0.02569198 -0.00299996
v -0.02603197 0.02699196 0.01389998
v -0.03227394 0.01809298 -0.00299996
v -0.03285294 0.01808094 -0.00250000
v -0.03022700 0.02219498 0.01389998
v -0.03285294 0.01808094 -0.00250000
v -0.03106099 0.02010595 -0.00299996
v -0.02891796 0.02387398 0.01389998
v -0.03429096 0.01389700 -0.00299996
v -0.03496700 0.01354897 -0.00250000
v -0.03356295 0.01672697 0.01389998
v -0.03496700 0.01354897 -0.00250000
v -0.03335195 0.01602095 -0.00299996
v -0.03255295 0.01861596 0.01389998
v -0.03143894 0.02043998 0.01389998
v -0.03575199 0.00952798 -0.00299996
v -0.03645896 0.00877595 -0.00250000
v -0.03525698 0.01277399 0.01389998
v -0.03645896 0.00877595 -0.00250000
v -0.03509199 0.01172995 -0.00299996
v -0.03446596 0.01477795 0.01389998
v -0.03665298 0.00505596 -0.00299996
v -0.03730195 0.00384694 -0.00250000
v -0.03649497 0.00862396 0.01389998
v -0.03730195 0.00384694 -0.00250000
v -0.03627198 0.00730097 -0.00299996
v -0.03593498 0.01072096 0.01389998
v -0.03699594 0.00054600 -0.00299996
v -0.03748196 -0.00115096 -0.00250000
v -0.03743898 0.00213498 0.01389998
v -0.03748196 -0.00115096 -0.00250000
v -0.03689396 0.00280195 -0.00299996
v -0.03724998 0.00432497 0.01389998
v -0.03693395 0.00648999 0.01389998
v -0.03678995 -0.00394100 -0.00299996
v -0.03699594 -0.00612795 -0.00250000
v -0.03742998 -0.00229299 0.01389998
v -0.03699594 -0.00612795 -0.00250000
v -0.03696095 -0.00170398 -0.00299996
v -0.03749996 -0.00007300 0.01389998
v -0.03547996 -0.01049697 -0.00299996
v -0.03585100 -0.01099699 -0.00250000
v -0.03688997 -0.00673699 0.01389998
v -0.03585100 -0.01099699 -0.00250000
v -0.03604698 -0.00834495 -0.00299996
v -0.03648400 -0.00615698 -0.00299996
v -0.03722697 -0.00451696 0.01389998
v -0.03396797 -0.01466995 -0.00299996
v -0.03406900 -0.01566898 -0.00250000
v -0.03580796 -0.01113796 0.01389998
v -0.03406900 -0.01566898 -0.00250000
v -0.03478598 -0.01260799 -0.00299996
v -0.03641694 -0.00894696 0.01389998
v -0.03197199 -0.01862198 -0.00299996
v -0.03168100 -0.02006298 -0.00250000
v -0.03315699 -0.01751697 0.01389998
v -0.03168100 -0.02006298 -0.00250000
v -0.03302896 -0.01667696 -0.00299996
v -0.03417795 -0.01543098 0.01389998
v -0.03506100 -0.01330196 0.01389998
v -0.02952200 -0.02230399 -0.00299996
v -0.02872997 -0.02410000 -0.00250000
v -0.03070896 -0.02152198 0.01389998
v -0.02872997 -0.02410000 -0.00250000
v -0.03080195 -0.02050000 -0.00299996
v -0.03200095 -0.01954996 0.01389998
v -0.02506399 -0.02721697 -0.00299996
v -0.02526795 -0.02770894 -0.00250000
v -0.02772998 -0.02524495 0.01389998
v -0.02526795 -0.02770894 -0.00250000
v -0.02664798 -0.02566796 -0.00299996
v -0.02813595 -0.02402895 -0.00299996
v -0.02928495 -0.02342295 0.01389998
v -0.02182298 -0.02987897 -0.00299996
v -0.02135598 -0.03082495 -0.00250000
v -0.02423995 -0.02861195 0.01389998
v -0.02135598 -0.03082495 -0.00250000
v -0.02349698 -0.02858096 -0.00299996
v -0.02604699 -0.02697795 0.01389998
v -0.01826697 -0.03217595 -0.00299996
v -0.01706498 -0.03339195 -0.00250000
v -0.02027195 -0.03154796 0.01389998
v -0.01706498 -0.03339195 -0.00250000
v -0.02007800 -0.03107798 -0.00299996
v -0.02231395 -0.03013896 0.01389998
v -0.01235496 -0.03503096 -0.00285494
v -0.01246994 -0.03536599 -0.00250000
v -0.01586997 -0.03397595 0.01389998
v -0.01246994 -0.03536599 -0.00250000
v -0.01249998 -0.03482496 -0.00299996
v -0.01447194 -0.03405195 -0.00299996
v -0.01639598 -0.03316897 -0.00299996
v -0.01812195 -0.03282999 0.01389998
v -0.01233899 -0.03530097 -0.00260395
v -0.01199996 -0.03513395 -0.00250000
v -0.01246994 -0.03536599 -0.00250000
v -0.01233899 -0.03530097 -0.00260395
v -0.01373499 -0.03489398 0.01389998
v -0.01246994 -0.03536599 0.00500000
v -0.01199996 -0.03513395 0.00500000
v -0.01246994 -0.03536599 0.00500000
v -0.01220798 -0.03523695 -0.00270796
v -0.01220798 -0.03523695 -0.00270796
v -0.01199996 -0.03513395 -0.00250000
v -0.01220798 -0.03523695 -0.00270796
v -0.01235496 -0.03503096 -0.00285494
v -0.01249998 -0.03482496 -0.00299996
v -0.01249998 -0.03079998 -0.00299996
v -0.01249998 -0.03482496 -0.00299996
v -0.01447194 -0.03405195 -0.00299996
v -0.01249998 -0.03079998 -0.00299996
v -0.01620697 -0.02759200 -0.00299996
v -0.01639598 -0.03316897 -0.00299996
v -0.01269096 -0.02937597 -0.00299996
v -0.01826697 -0.03217595 -0.00299996
v -0.01947796 -0.02538895 -0.00299996
v -0.02007800 -0.03107798 -0.00299996
v -0.02182298 -0.02987897 -0.00299996
v -0.02245199 -0.02280098 -0.00299996
v -0.02349698 -0.02858096 -0.00299996
v -0.02506399 -0.02721697 -0.00299996
v -0.02541196 -0.01944798 -0.00299996
v -0.02664798 -0.02566796 -0.00299996
v -0.02790600 -0.01565998 -0.00299996
v -0.02813595 -0.02402895 -0.00299996
v -0.02952200 -0.02230399 -0.00299996
v -0.02981400 -0.01162397 -0.00299996
v -0.03080195 -0.02050000 -0.00299996
v -0.03112697 -0.00742400 -0.00299996
v -0.03197199 -0.01862198 -0.00299996
v -0.03197896 0.00114697 -0.00299996
v -0.03302896 -0.01667696 -0.00299996
v -0.03184497 -0.00314099 -0.00299996
v -0.03335195 0.01602095 -0.00299996
v -0.03396797 -0.01466995 -0.00299996
v -0.03227394 0.01809298 -0.00299996
v -0.03429096 0.01389700 -0.00299996
v -0.03478598 -0.01260799 -0.00299996
v -0.03509199 0.01172995 -0.00299996
v -0.03547996 -0.01049697 -0.00299996
v -0.03575199 0.00952798 -0.00299996
v -0.03604698 -0.00834495 -0.00299996
v -0.03627198 0.00730097 -0.00299996
v -0.03648400 -0.00615698 -0.00299996
v -0.03665298 0.00505596 -0.00299996
v -0.03678995 -0.00394100 -0.00299996
v -0.03689396 0.00280195 -0.00299996
v -0.03696095 -0.00170398 -0.00299996
v -0.03699594 0.00054600 -0.00299996
v -0.03106099 0.02010595 -0.00299996
v -0.03056895 0.00946200 -0.00299996
v -0.02971297 0.02204895 -0.00299996
v -0.03154599 0.00537097 -0.00299996
v -0.02907699 0.01336097 -0.00299996
v -0.02823299 0.02391397 -0.00299996
v -0.02710396 0.01700997 -0.00299996
v -0.02662599 0.02569198 -0.00299996
v -0.02489399 0.02737295 -0.00299996
v -0.02468895 0.02035796 -0.00299996
v -0.02304196 0.02894896 -0.00299996
v -0.02187198 0.02335798 -0.00299996
v -0.02107495 0.03041100 -0.00299996
v -0.01899898 0.03174996 -0.00299996
v -0.01870000 0.02596795 -0.00299996
v -0.01682096 0.03295600 -0.00299996
v -0.01521998 0.02814894 -0.00299996
v -0.01454597 0.03402096 -0.00299996
v -0.01245999 0.03483897 -0.00299996
v -0.01156896 0.02983599 -0.00299996
v -0.01044595 0.03549498 -0.00299996
v -0.00839800 0.03603398 -0.00299996
v -0.00781095 0.03103196 -0.00299996
v -0.00632298 0.03645598 -0.00299996
v -0.00422698 0.03675794 -0.00299996
v -0.00393599 0.03175699 -0.00299996
v -0.00211698 0.03693896 -0.00299996
v 0.00000000 0.03700000 -0.00299996
v 0.00000000 0.03200000 -0.00299996
v 0.00211698 0.03693896 -0.00299996
v 0.00393599 0.03175699 -0.00299996
v 0.00422698 0.03675794 -0.00299996
v 0.00632298 0.03645598 -0.00299996
v 0.00781095 0.03103196 -0.00299996
v 0.00839800 0.03603398 -0.00299996
v 0.01044595 0.03549498 -0.00299996
v 0.01156896 0.02983599 -0.00299996
v 0.01245999 0.03483897 -0.00299996
v 0.01439595 0.03408497 -0.00299996
v 0.01561599 0.02793097 -0.00299996
v 0.01640999 0.03316199 -0.00299996
v 0.01836395 0.03212100 -0.00299996
v 0.01940697 0.02544295 -0.00299996
v 0.02025097 0.03096598 -0.00299996
v 0.02206498 0.02970099 -0.00299996
v 0.02275997 0.02249395 -0.00299996
v 0.02380096 0.02832895 -0.00299996
v 0.02545195 0.02685499 -0.00299996
v 0.02562999 0.01915997 -0.00299996
v 0.02701395 0.02528297 -0.00299996
v 0.02798795 0.01551300 -0.00299996
v 0.02848094 0.02361899 -0.00299996
v 0.02981197 0.01162898 -0.00299996
v 0.02984696 0.02186596 -0.00299996
v 0.03108894 0.00757998 -0.00299996
v 0.03110796 0.02003198 -0.00299996
v 0.03181499 0.00343698 -0.00299996
v 0.03225898 0.01812100 -0.00299996
v 0.03267794 -0.01735395 -0.00299996
v 0.03329497 0.01613795 -0.00299996
v 0.03199195 -0.00073400 -0.00299996
v 0.03373998 -0.01518595 -0.00299996
v 0.03421199 0.01409095 -0.00299996
v 0.03465199 -0.01296997 -0.00299996
v 0.03500497 0.01198500 -0.00299996
v 0.03541499 -0.01071399 -0.00299996
v 0.03567099 0.00982696 -0.00299996
v 0.03602695 -0.00842994 -0.00299996
v 0.03620594 0.00762397 -0.00299996
v 0.03648895 -0.00612599 -0.00299996
v 0.03660595 0.00538194 -0.00299996
v 0.03680294 -0.00381094 -0.00299996
v 0.03686898 0.00310999 -0.00299996
v 0.03696995 -0.00149494 -0.00299996
v 0.03699100 0.00081500 -0.00299996
v 0.03146696 -0.01946300 -0.00299996
v 0.03073799 -0.00889695 -0.00299996
v 0.03011000 -0.02150297 -0.00299996
v 0.03162795 -0.00486594 -0.00299996
v 0.02934199 -0.01276797 -0.00299996
v 0.02860796 -0.02346396 -0.00299996
v 0.02746498 -0.01642197 -0.00299996
v 0.02696496 -0.02533495 -0.00299996
v 0.02518498 -0.02710598 -0.00299996
v 0.02513498 -0.01980495 -0.00299996
v 0.02349698 -0.02858096 -0.00299996
v 0.02245295 -0.02280098 -0.00299996
v 0.02182298 -0.02987897 -0.00299996
v 0.02007800 -0.03107798 -0.00299996
v 0.01947796 -0.02538895 -0.00299996
v 0.01826697 -0.03217595 -0.00299996
v 0.01639598 -0.03316897 -0.00299996
v 0.01620697 -0.02759200 -0.00299996
v -0.01244294 -0.02960997 -0.00299996
v -0.01247495 -0.03037095 -0.00299996
v -0.01199996 -0.03079998 -0.00250000
v -0.01247495 -0.03037095 -0.00299996
v -0.01240199 -0.02994799 -0.00299996
v -0.01197898 -0.03042900 -0.00250000
v -0.01240199 -0.02994799 -0.00299996
v -0.01191496 -0.03006196 -0.00250000
v -0.01244294 -0.02960997 -0.00299996
v -0.01199597 -0.02938497 -0.00250000
v -0.01269096 -0.02937597 -0.00299996
v -0.01249200 -0.02891695 -0.00250000
v -0.01620697 -0.02759200 -0.00299996
v -0.01650995 -0.02682697 -0.00250000
v -0.01947796 -0.02538895 -0.00299996
v -0.02018594 -0.02418196 -0.00250000
v -0.02245199 -0.02280098 -0.00299996
v -0.02344495 -0.02103799 -0.00250000
v -0.02541196 -0.01944798 -0.00299996
v -0.02621895 -0.01745897 -0.00250000
v -0.02790600 -0.01565998 -0.00299996
v -0.02845096 -0.01351898 -0.00250000
v -0.02981400 -0.01162397 -0.00299996
v -0.03009599 -0.00929999 -0.00250000
v -0.03112697 -0.00742400 -0.00299996
v -0.03111797 -0.00488800 -0.00250000
v -0.03184497 -0.00314099 -0.00299996
v -0.03149795 -0.00037600 -0.00250000
v -0.03197896 0.00114697 -0.00299996
v -0.03122597 0.00414497 -0.00250000
v -0.03154599 0.00537097 -0.00299996
v -0.03030896 0.00857896 -0.00250000
v -0.03056895 0.00946200 -0.00299996
v -0.02876597 0.01283597 -0.00250000
v -0.02907699 0.01336097 -0.00299996
v -0.02710396 0.01700997 -0.00299996
v -0.02662795 0.01682895 -0.00250000
v -0.02468895 0.02035796 -0.00299996
v -0.02393996 0.02047300 -0.00250000
v -0.02187198 0.02335798 -0.00299996
v -0.02075695 0.02369397 -0.00250000
v -0.01870000 0.02596795 -0.00299996
v -0.01714497 0.02642500 -0.00250000
v -0.01521998 0.02814894 -0.00299996
v -0.01317900 0.02861100 -0.00250000
v -0.01156896 0.02983599 -0.00299996
v -0.00893998 0.03020495 -0.00250000
v -0.00781095 0.03103196 -0.00299996
v -0.00451696 0.03117400 -0.00250000
v -0.00393599 0.03175699 -0.00299996
v 0.00000000 0.03200000 -0.00299996
v 0.00000000 0.03149998 -0.00250000
v 0.00393599 0.03175699 -0.00299996
v 0.00451696 0.03117400 -0.00250000
v 0.00781095 0.03103196 -0.00299996
v 0.00893998 0.03020495 -0.00250000
v 0.01156896 0.02983599 -0.00299996
v 0.01317900 0.02861100 -0.00250000
v 0.01561599 0.02793097 -0.00299996
v 0.01714497 0.02642500 -0.00250000
v 0.01940697 0.02544295 -0.00299996
v 0.02075695 0.02369397 -0.00250000
v 0.02275997 0.02249395 -0.00299996
v 0.02393996 0.02047300 -0.00250000
v 0.02562999 0.01915997 -0.00299996
v 0.02662795 0.01682895 -0.00250000
v 0.02798795 0.01551300 -0.00299996
v 0.02876597 0.01283597 -0.00250000
v 0.02981197 0.01162898 -0.00299996
v 0.03030896 0.00857896 -0.00250000
v 0.03108894 0.00757998 -0.00299996
v 0.03122597 0.00414497 -0.00250000
v 0.03181499 0.00343698 -0.00299996
v 0.03149795 -0.00037600 -0.00250000
v 0.03199195 -0.00073400 -0.00299996
v 0.03162795 -0.00486594 -0.00299996
v 0.03111797 -0.00488800 -0.00250000
v 0.03073799 -0.00889695 -0.00299996
v 0.03009599 -0.00929999 -0.00250000
v 0.02934199 -0.01276797 -0.00299996
v 0.02845096 -0.01351898 -0.00250000
v 0.02746498 -0.01642197 -0.00299996
v 0.02621895 -0.01745897 -0.00250000
v 0.02513498 -0.01980495 -0.00299996
v 0.02344495 -0.02103799 -0.00250000
v 0.02245295 -0.02280098 -0.00299996
v 0.02018594 -0.02418196 -0.00250000
v 0.01947796 -0.02538895 -0.00299996
v 0.01650995 -0.02682697 -0.00250000
v 0.01620697 -0.02759200 -0.00299996
v 0.01269096 -0.02937597 -0.00299996
v 0.01247495 -0.03037095 -0.00299996
v 0.01244294 -0.02960997 -0.00299996
v 0.01249200 -0.02891695 -0.00250000
v 0.01244294 -0.02960997 -0.00299996
v 0.01240199 -0.02994799 -0.00299996
v 0.01199597 -0.02938497 -0.00250000
v 0.01240199 -0.02994799 -0.00299996
v 0.01191496 -0.03006196 -0.00250000
v 0.01247495 -0.03037095 -0.00299996
v 0.01197898 -0.03042900 -0.00250000
v -0.01197898 -0.03042900 -0.00250000
v -0.01199996 -0.03079998 -0.00250000
v -0.01199996 -0.03513395 -0.00250000
v 0.00654095 -0.02663695 0.00500000
v 0.00789195 -0.02656894 0.00500000
v 0.01199996 -0.03079998 0.00500000
v 0.00963098 -0.02955496 0.00500000
v 0.01199996 -0.03079998 0.00500000
v 0.01199996 -0.03502798 0.00500000
v 0.01019197 -0.03129500 0.00500000
v 0.01020199 -0.03033494 0.00500000
v 0.01199996 -0.03502798 -0.00250000
v 0.00706697 -0.02573096 0.00500000
v 0.00724995 -0.02469998 0.00500000
v 0.00963098 -0.03204494 0.00500000
v 0.00874996 -0.03232496 0.00500000
v 0.00874996 -0.02954995 0.00527495
v 0.00874996 -0.02927500 0.00500000
v 0.00963098 -0.02955496 0.00500000
v 0.00786597 -0.02991598 0.00527495
v 0.00786894 -0.02955496 0.00500000
v 0.00963396 -0.02991598 0.00527495
v 0.01020199 -0.03033494 0.00500000
v 0.00999999 -0.03079998 0.00527495
v 0.01019197 -0.03129500 0.00500000
v 0.00963396 -0.03168398 0.00527495
v 0.00963098 -0.03204494 0.00500000
v 0.00874996 -0.03232496 0.00500000
v 0.00874996 -0.03204995 0.00527495
v 0.00786894 -0.03204494 0.00500000
v 0.00786597 -0.03168398 0.00527495
v 0.00729799 -0.03126496 0.00500000
v 0.00749999 -0.03079998 0.00527495
v 0.00730795 -0.03030496 0.00500000
v 0.00874996 -0.02954995 0.01099997
v 0.00874996 -0.02954995 0.00527495
v 0.00963396 -0.02991598 0.00527495
v 0.00787699 -0.02990496 0.01099997
v 0.00786597 -0.02991598 0.00527495
v 0.00989795 -0.03030496 0.01099997
v 0.00999999 -0.03079998 0.00527495
v 0.00962299 -0.02990496 0.01099997
v 0.00990498 -0.03127795 0.01099997
v 0.00963396 -0.03168398 0.00527495
v 0.00999999 -0.03078699 0.01099997
v 0.00962299 -0.03169494 0.01099997
v 0.00874996 -0.03204995 0.00527495
v 0.00874996 -0.03204995 0.01099997
v 0.00786597 -0.03168398 0.00527495
v 0.00760198 -0.03129500 0.01099997
v 0.00749999 -0.03079998 0.00527495
v 0.00787699 -0.03169494 0.01099997
v 0.00759494 -0.03032195 0.01099997
v 0.00749999 -0.03081297 0.01099997
v 0.00784296 0.03462296 0.01099997
v 0.00787699 -0.02990496 0.01099997
v 0.00874996 -0.02954995 0.01099997
v 0.00962299 -0.02990496 0.01099997
v 0.00975799 -0.03413295 0.01099997
v 0.00874996 -0.03204995 0.01099997
v 0.00787699 -0.03169494 0.01099997
v 0.00962299 -0.03169494 0.01099997
v 0.00784296 -0.03462296 0.01099997
v 0.00760198 -0.03129500 0.01099997
v 0.00749999 -0.03081297 0.01099997
v 0.00590396 0.03500598 0.01099997
v 0.00759494 -0.03032195 0.01099997
v 0.00590396 -0.03500598 0.01099997
v 0.00188994 0.03115499 0.01099997
v 0.00197595 0.03544497 0.01099997
v 0.00000000 0.03549998 0.01099997
v 0.00000000 0.03549998 0.01339995
v 0.00000000 0.03549998 0.01099997
v 0.00197595 0.03544497 0.01099997
v 0.00000000 0.03249996 0.01099997
v -0.00197595 0.03544497 0.01099997
v -0.00483400 0.03516900 0.01339995
v -0.00197595 0.03544497 0.01099997
v 0.00115096 0.03213495 0.01099997
v 0.00368994 0.01809996 0.01099997
v 0.00394595 0.03527998 0.01099997
v 0.00394595 0.03527998 0.01099997
v 0.00340897 0.01914995 0.01099997
v 0.00263995 0.01991897 0.01099997
v 0.00199997 0.03053098 0.01099997
v 0.00483400 0.03516900 0.01339995
v 0.00590396 0.03500598 0.01099997
v 0.00394595 -0.03527998 0.01099997
v 0.00784296 0.03462296 0.01099997
v 0.00975799 0.03413295 0.01099997
v 0.00957799 0.03418397 0.01339995
v 0.00975799 0.03413295 0.01099997
v 0.01164299 -0.03353697 0.01099997
v 0.01164299 0.03353697 0.01099997
v 0.01164299 0.03353697 0.01099997
v 0.00999999 -0.03078699 0.01099997
v 0.00989795 -0.03030496 0.01099997
v 0.01344996 0.02695298 0.01099997
v 0.01349097 0.03283596 0.01099997
v 0.01349097 0.03283596 0.01099997
v 0.01197999 -0.01784199 0.01099997
v 0.01214098 0.01903396 0.01099997
v 0.01271796 0.02048796 0.01099997
v 0.01197999 0.01751297 0.01099997
v 0.01453697 0.02908897 0.01099997
v 0.01566195 0.03185796 0.01099997
v 0.01414299 0.03256100 0.01339995
v 0.01566195 0.03185796 0.01099997
v 0.01394897 0.02851498 0.01099997
v 0.01356798 0.02776497 0.01099997
v 0.01746296 0.02908897 0.01099997
v 0.01784497 0.03068900 0.01099997
v 0.01784497 0.03068900 0.01099997
v 0.01599997 0.02954995 0.01099997
v 0.01840698 0.02784097 0.01099997
v 0.01992100 0.02938395 0.01099997
v 0.01844495 0.03033196 0.01339995
v 0.01992100 0.02938395 0.01099997
v 0.02041596 0.02267700 0.01099997
v 0.02188295 0.02795296 0.01099997
v 0.02188295 0.02795296 0.01099997
v 0.01854997 0.02704697 0.01099997
v 0.02337497 0.01784199 0.01099997
v 0.02372699 0.02640599 0.01099997
v 0.02240395 0.02753800 0.01339995
v 0.02372699 0.02640599 0.01099997
v 0.02313399 0.01932698 0.01099997
v 0.02252095 0.02068299 0.01099997
v 0.02499997 0.00299996 0.01099997
v 0.02544599 0.02475398 0.01099997
v 0.02544599 0.02475398 0.01099997
v 0.02671599 0.00246096 0.01099997
v 0.02703696 0.02300494 0.01099997
v 0.02594494 0.02423095 0.01339995
v 0.02703696 0.02300494 0.01099997
v 0.02799898 0.00006100 0.01099997
v 0.02849596 0.02117097 0.01099997
v 0.02849596 0.02117097 0.01099997
v 0.02783000 0.00099500 0.01099997
v 0.02938699 -0.01991599 0.01099997
v 0.02982097 0.01925998 0.01099997
v 0.02900195 0.02047199 0.01339995
v 0.02982097 0.01925998 0.01099997
v 0.02815997 -0.02161598 0.01099997
v 0.03051400 -0.01814299 0.01099997
v 0.03100800 0.01728397 0.01099997
v 0.03100800 0.01728397 0.01099997
v 0.03153598 -0.01630198 0.01099997
v 0.03205698 0.01524996 0.01099997
v 0.03151994 0.01633197 0.01339995
v 0.03205698 0.01524996 0.01099997
v 0.03244894 -0.01439797 0.01099997
v 0.03296697 0.01316899 0.01099997
v 0.03296697 0.01316899 0.01099997
v 0.03324997 -0.01243698 0.01099997
v 0.03373599 0.01104998 0.01099997
v 0.03344994 0.01188796 0.01339995
v 0.03373599 0.01104998 0.01099997
v 0.03393495 -0.01042598 0.01099997
v 0.03436595 0.00890100 0.01099997
v 0.03436595 0.00890100 0.01099997
v 0.03449898 -0.00836897 0.01099997
v 0.03485596 0.00673199 0.01099997
v 0.03475695 0.00722295 0.01339995
v 0.03485596 0.00673199 0.01099997
v 0.03494095 -0.00627297 0.01099997
v 0.03520697 0.00454998 0.01099997
v 0.03520697 0.00454998 0.01099997
v 0.03525698 -0.00414497 0.01099997
v 0.03542095 0.00236297 0.01099997
v 0.03541696 0.00242299 0.01339995
v 0.03542095 0.00236297 0.01099997
v 0.03544396 -0.00199199 0.01099997
v 0.03549998 0.00018000 0.01099997
v 0.03549998 0.00018000 0.01099997
v 0.03544396 -0.00199199 0.01099997
v 0.03541696 -0.00242299 0.01339995
v 0.03525698 -0.00414497 0.01099997
v 0.03494095 -0.00627297 0.01099997
v 0.03475695 -0.00722295 0.01339995
v 0.03449898 -0.00836897 0.01099997
v 0.03393495 -0.01042598 0.01099997
v 0.03344994 -0.01188796 0.01339995
v 0.03324997 -0.01243698 0.01099997
v 0.03244894 -0.01439797 0.01099997
v 0.03153598 -0.01630198 0.01099997
v 0.03151994 -0.01633197 0.01339995
v 0.03051400 -0.01814299 0.01099997
v 0.02938699 -0.01991599 0.01099997
v 0.02900195 -0.02047199 0.01339995
v 0.02815997 -0.02161598 0.01099997
v 0.02741599 -0.00177896 0.01099997
v 0.02683800 -0.02323800 0.01099997
v 0.02683800 -0.02323800 0.01099997
v 0.02786296 -0.00089500 0.01099997
v 0.02671599 -0.00246096 0.01099997
v 0.02542299 -0.02477699 0.01099997
v 0.02594494 -0.02423095 0.01339995
v 0.02542299 -0.02477699 0.01099997
v 0.02499997 -0.00299996 0.01099997
v 0.02392196 -0.02622896 0.01099997
v 0.02392196 -0.02622896 0.01099997
v 0.02263695 -0.02048796 0.01099997
v 0.02233898 -0.02758997 0.01099997
v 0.02240395 -0.02753800 0.01339995
v 0.02233898 -0.02758997 0.01099997
v 0.02328395 -0.00246096 0.01099997
v 0.02337497 -0.01751297 0.01099997
v 0.02321398 -0.01903396 0.01099997
v 0.02165496 -0.02175998 0.01099997
v 0.02067899 -0.02885496 0.01099997
v 0.02067899 -0.02885496 0.01099997
v 0.02041596 -0.02267700 0.01099997
v 0.01894795 -0.03002095 0.01099997
v 0.01894795 -0.03002095 0.01099997
v 0.01746296 -0.02908897 0.01099997
v 0.01714998 -0.03108298 0.01099997
v 0.01844495 -0.03033196 0.01339995
v 0.01714998 -0.03108298 0.01099997
v 0.01854997 -0.02695298 0.01099997
v 0.01805096 -0.02851498 0.01099997
v 0.01843196 -0.02776497 0.01099997
v 0.01599997 -0.02954995 0.01099997
v 0.01529097 -0.03203797 0.01099997
v 0.01529097 -0.03203797 0.01099997
v 0.01359295 -0.02784097 0.01099997
v 0.01347696 -0.03284299 0.01099997
v 0.01414299 -0.03256100 0.01339995
v 0.01347696 -0.03284299 0.01099997
v 0.01453697 -0.02908897 0.01099997
v 0.01164299 -0.03353697 0.01099997
v 0.01222199 -0.01932698 0.01099997
v 0.01283496 -0.02068299 0.01099997
v 0.01344996 -0.02704697 0.01099997
v 0.00990498 -0.03127795 0.01099997
v 0.00975799 -0.03413295 0.01099997
v 0.00957799 -0.03418397 0.01339995
v 0.00784296 -0.03462296 0.01099997
v 0.00590396 -0.03500598 0.01099997
v 0.00483400 -0.03516900 0.01339995
v 0.00394595 -0.03527998 0.01099997
v 0.00263995 0.00548095 0.01099997
v 0.00197595 -0.03544497 0.01099997
v 0.00197595 -0.03544497 0.01099997
v 0.00340897 0.00624996 0.01099997
v 0.00368994 0.00729996 0.01099997
v 0.00000000 -0.00124997 0.01099997
v 0.00000000 -0.03549998 0.01099997
v 0.00000000 -0.03549998 0.01099997
v 0.00087300 -0.00089500 0.01099997
v 0.00115496 -0.00047800 0.01099997
v 0.00124997 0.00001300 0.01099997
v 0.00158995 0.00519997 0.01099997
v -0.00158995 0.00519997 0.01099997
v -0.00197595 -0.03544497 0.01099997
v 0.00000000 -0.03549998 0.01339995
v -0.00197595 -0.03544497 0.01099997
v -0.00114798 -0.00049500 0.01099997
v -0.00124997 -0.00001300 0.01099997
v -0.00087300 -0.00089500 0.01099997
v -0.00368994 0.00729996 0.01099997
v -0.00394595 -0.03527998 0.01099997
v -0.00394595 -0.03527998 0.01099997
v -0.00340897 0.00624996 0.01099997
v -0.00263995 0.00548095 0.01099997
v -0.00590396 0.03500598 0.01099997
v -0.00590396 -0.03500598 0.01099997
v -0.00483400 -0.03516900 0.01339995
v -0.00590396 -0.03500598 0.01099997
v -0.00394595 0.03527998 0.01099997
v -0.00759494 -0.03127795 0.01099997
v -0.00784296 -0.03462296 0.01099997
v -0.00784296 -0.03462296 0.01099997
v -0.00784296 0.03462296 0.01099997
v -0.00749999 -0.03078699 0.01099997
v -0.00962299 -0.03169494 0.01099997
v -0.00975799 -0.03413295 0.01099997
v -0.00957799 -0.03418397 0.01339995
v -0.00975799 -0.03413295 0.01099997
v -0.00874996 -0.03204995 0.01099997
v -0.00787699 -0.03169494 0.01099997
v -0.00999999 -0.03081297 0.01099997
v -0.01164299 -0.03353697 0.01099997
v -0.01164299 -0.03353697 0.01099997
v -0.00989795 -0.03129500 0.01099997
v -0.01344996 -0.02695298 0.01099997
v -0.01349097 -0.03283596 0.01099997
v -0.01349097 -0.03283596 0.01099997
v -0.01164299 0.03353697 0.01099997
v -0.01197999 0.01784199 0.01099997
v -0.01214098 -0.01903396 0.01099997
v -0.01271796 -0.02048796 0.01099997
v -0.01197999 -0.01751297 0.01099997
v -0.01453697 -0.02908897 0.01099997
v -0.01566195 -0.03185796 0.01099997
v -0.01414299 -0.03256100 0.01339995
v -0.01566195 -0.03185796 0.01099997
v -0.01394897 -0.02851498 0.01099997
v -0.01356798 -0.02776497 0.01099997
v -0.01746296 -0.02908897 0.01099997
v -0.01784497 -0.03068900 0.01099997
v -0.01784497 -0.03068900 0.01099997
v -0.01599997 -0.02954995 0.01099997
v -0.01840698 -0.02784097 0.01099997
v -0.01992100 -0.02938395 0.01099997
v -0.01844495 -0.03033196 0.01339995
v -0.01992100 -0.02938395 0.01099997
v -0.02041596 -0.02267700 0.01099997
v -0.02188295 -0.02795296 0.01099997
v -0.02188295 -0.02795296 0.01099997
v -0.01854997 -0.02704697 0.01099997
v -0.02337497 -0.01784199 0.01099997
v -0.02372699 -0.02640599 0.01099997
v -0.02240395 -0.02753800 0.01339995
v -0.02372699 -0.02640599 0.01099997
v -0.02313399 -0.01932698 0.01099997
v -0.02252095 -0.02068299 0.01099997
v -0.02542299 0.02477699 0.01099997
v -0.02544599 -0.02475398 0.01099997
v -0.02544599 -0.02475398 0.01099997
v -0.02392196 0.02622896 0.01099997
v -0.02683800 0.02323800 0.01099997
v -0.02703696 -0.02300494 0.01099997
v -0.02594494 -0.02423095 0.01339995
v -0.02703696 -0.02300494 0.01099997
v -0.02815997 0.02161598 0.01099997
v -0.02849596 -0.02117097 0.01099997
v -0.02849596 -0.02117097 0.01099997
v -0.02938699 0.01991599 0.01099997
v -0.02982097 -0.01925998 0.01099997
v -0.02900195 -0.02047199 0.01339995
v -0.02982097 -0.01925998 0.01099997
v -0.03051400 0.01814299 0.01099997
v -0.03100800 -0.01728397 0.01099997
v -0.03100800 -0.01728397 0.01099997
v -0.03153598 0.01630198 0.01099997
v -0.03205698 -0.01524996 0.01099997
v -0.03151994 -0.01633197 0.01339995
v -0.03205698 -0.01524996 0.01099997
v -0.03244894 0.01439797 0.01099997
v -0.03296697 -0.01316899 0.01099997
v -0.03296697 -0.01316899 0.01099997
v -0.03324997 0.01243698 0.01099997
v -0.03373599 -0.01104998 0.01099997
v -0.03344994 -0.01188796 0.01339995
v -0.03373599 -0.01104998 0.01099997
v -0.03393495 0.01042598 0.01099997
v -0.03436595 -0.00890100 0.01099997
v -0.03436595 -0.00890100 0.01099997
v -0.03449898 0.00836897 0.01099997
v -0.03485596 -0.00673199 0.01099997
v -0.03475695 -0.00722295 0.01339995
v -0.03485596 -0.00673199 0.01099997
v -0.03494095 0.00627297 0.01099997
v -0.03520697 -0.00454998 0.01099997
v -0.03520697 -0.00454998 0.01099997
v -0.03525698 0.00414497 0.01099997
v -0.03542095 -0.00236297 0.01099997
v -0.03541696 -0.00242299 0.01339995
v -0.03542095 -0.00236297 0.01099997
v -0.03544396 0.00199199 0.01099997
v -0.03549998 -0.00018000 0.01099997
v -0.03549998 -0.00018000 0.01099997
v -0.03544396 0.00199199 0.01099997
v -0.03541696 0.00242299 0.01339995
v -0.03525698 0.00414497 0.01099997
v -0.03494095 0.00627297 0.01099997
v -0.03475695 0.00722295 0.01339995
v -0.03449898 0.00836897 0.01099997
v -0.03393495 0.01042598 0.01099997
v -0.03344994 0.01188796 0.01339995
v -0.03324997 0.01243698 0.01099997
v -0.03244894 0.01439797 0.01099997
v -0.03153598 0.01630198 0.01099997
v -0.03151994 0.01633197 0.01339995
v -0.03051400 0.01814299 0.01099997
v -0.02938699 0.01991599 0.01099997
v -0.02900195 0.02047199 0.01339995
v -0.02815997 0.02161598 0.01099997
v -0.02683800 0.02323800 0.01099997
v -0.02594494 0.02423095 0.01339995
v -0.02542299 0.02477699 0.01099997
v -0.02392196 0.02622896 0.01099997
v -0.02263695 0.02048796 0.01099997
v -0.02233898 0.02758997 0.01099997
v -0.02240395 0.02753800 0.01339995
v -0.02233898 0.02758997 0.01099997
v -0.02337497 0.01751297 0.01099997
v -0.02321398 0.01903396 0.01099997
v -0.02165496 0.02175998 0.01099997
v -0.02067899 0.02885496 0.01099997
v -0.02067899 0.02885496 0.01099997
v -0.02041596 0.02267700 0.01099997
v -0.01894795 0.03002095 0.01099997
v -0.01894795 0.03002095 0.01099997
v -0.01746296 0.02908897 0.01099997
v -0.01714998 0.03108298 0.01099997
v -0.01844495 0.03033196 0.01339995
v -0.01714998 0.03108298 0.01099997
v -0.01854997 0.02695298 0.01099997
v -0.01805096 0.02851498 0.01099997
v -0.01843196 0.02776497 0.01099997
v -0.01599997 0.02954995 0.01099997
v -0.01529097 0.03203797 0.01099997
v -0.01529097 0.03203797 0.01099997
v -0.01359295 0.02784097 0.01099997
v -0.01347696 0.03284299 0.01099997
v -0.01414299 0.03256100 0.01339995
v -0.01347696 0.03284299 0.01099997
v -0.01453697 0.02908897 0.01099997
v -0.01164299 0.03353697 0.01099997
v -0.01222199 0.01932698 0.01099997
v -0.01283496 0.02068299 0.01099997
v -0.01344996 0.02704697 0.01099997
v -0.00990498 -0.03032195 0.01099997
v -0.00975799 0.03413295 0.01099997
v -0.00975799 0.03413295 0.01099997
v -0.00787699 -0.02990496 0.01099997
v -0.00957799 0.03418397 0.01339995
v -0.00784296 0.03462296 0.01099997
v -0.00962299 -0.02990496 0.01099997
v -0.00874996 -0.02954995 0.01099997
v -0.00590396 0.03500598 0.01099997
v -0.00760198 -0.03030496 0.01099997
v -0.00394595 0.03527998 0.01099997
v -0.00199997 0.03046900 0.01099997
v -0.00368994 0.01809996 0.01099997
v -0.00340897 0.01914995 0.01099997
v -0.00263995 0.01991897 0.01099997
v -0.00115096 0.03213495 0.01099997
v -0.00160694 0.03169095 0.01099997
v -0.00190598 0.03110498 0.01099997
v -0.00874996 -0.02954995 0.00527495
v -0.00874996 -0.02954995 0.01099997
v -0.00962299 -0.02990496 0.01099997
v -0.00786597 -0.02991598 0.00527495
v -0.00787699 -0.02990496 0.01099997
v -0.00963396 -0.02991598 0.00527495
v -0.00990498 -0.03032195 0.01099997
v -0.00999999 -0.03079998 0.00527495
v -0.00999999 -0.03081297 0.01099997
v -0.00989795 -0.03129500 0.01099997
v -0.00963396 -0.03168398 0.00527495
v -0.00962299 -0.03169494 0.01099997
v -0.00874996 -0.03204995 0.01099997
v -0.00874996 -0.03204995 0.00527495
v -0.00787699 -0.03169494 0.01099997
v -0.00786597 -0.03168398 0.00527495
v -0.00759494 -0.03127795 0.01099997
v -0.00749999 -0.03079998 0.00527495
v -0.00749999 -0.03078699 0.01099997
v -0.00760198 -0.03030496 0.01099997
v 0.02328395 0.00246096 0.01099997
v 0.02263695 0.01486796 0.01099997
v 0.02258396 0.00177896 0.01099997
v 0.02321398 0.01632100 0.01099997
v 0.02165496 0.01359498 0.01099997
v 0.02213698 0.00089500 0.01099997
v 0.02200096 -0.00006100 0.01099997
v 0.02252095 -0.01467198 0.01099997
v 0.02216994 -0.00099500 0.01099997
v 0.02041596 0.01267898 0.01099997
v 0.02313399 -0.01602798 0.01099997
v -0.01599997 -0.02445000 0.01099997
v -0.01493895 -0.02267700 0.01099997
v -0.01767796 -0.02337795 0.01099997
v -0.01767796 -0.02337795 0.00349998
v -0.01767796 -0.02337795 0.01099997
v -0.01493895 -0.02267700 0.01099997
v -0.01805096 -0.02548497 0.01099997
v -0.02041596 -0.02267700 0.00349998
v -0.02041596 -0.02267700 0.01099997
v -0.01746296 -0.02491098 0.01099997
v -0.01453697 -0.02491098 0.01099997
v -0.01369994 -0.02175998 0.01099997
v -0.01493895 -0.02267700 0.00349998
v -0.01369994 -0.02175998 0.01099997
v -0.01283496 -0.02068299 0.00349998
v -0.01271796 -0.02048796 0.01099997
v -0.01359295 -0.02615898 0.01099997
v -0.01222199 -0.01932698 0.00349998
v -0.01214098 -0.01903396 0.01099997
v -0.01197999 -0.01784199 0.00349998
v -0.01197999 -0.01751297 0.01099997
v -0.01214098 0.01632100 0.01099997
v -0.01222199 -0.01602798 0.01099997
v -0.01214098 -0.01632100 0.00349998
v -0.01222199 -0.01602798 0.01099997
v -0.01271796 0.01486796 0.01099997
v -0.01283496 -0.01467198 0.01099997
v -0.01271796 -0.01486796 0.00349998
v -0.01283496 -0.01467198 0.01099997
v -0.01493895 0.01267898 0.01099997
v -0.01493895 -0.01267898 0.01099997
v -0.01369994 -0.01359498 0.00349998
v -0.01493895 -0.01267898 0.01099997
v -0.01369994 0.01359498 0.01099997
v -0.01767796 0.01197797 0.01099997
v -0.01767796 -0.01197797 0.01099997
v -0.01493895 -0.01267898 0.00349998
v -0.01767796 -0.01197797 0.01099997
v -0.02041596 0.01267898 0.01099997
v -0.02041596 -0.01267898 0.01099997
v -0.01767796 -0.01197797 0.00349998
v -0.02041596 -0.01267898 0.01099997
v -0.02252095 0.01467198 0.01099997
v -0.02165496 -0.01359498 0.01099997
v -0.02041596 -0.01267898 0.00349998
v -0.02165496 -0.01359498 0.01099997
v -0.02263695 -0.01486796 0.01099997
v -0.02252095 -0.01467198 0.00349998
v -0.02263695 -0.01486796 0.01099997
v -0.02313399 0.01602798 0.01099997
v -0.02321398 -0.01632100 0.01099997
v -0.02313399 -0.01602798 0.00349998
v -0.02321398 -0.01632100 0.01099997
v -0.02337497 -0.01751297 0.00349998
v -0.02337497 -0.01784199 0.01099997
v -0.02321398 -0.01903396 0.00349998
v -0.02313399 -0.01932698 0.01099997
v -0.02263695 -0.02048796 0.00349998
v -0.02252095 -0.02068299 0.01099997
v -0.02165496 -0.02175998 0.00349998
v -0.01843196 -0.02623498 0.01099997
v 0.02041596 -0.01267898 0.01099997
v 0.01767796 0.01197797 0.01099997
v 0.01767796 0.01197797 0.00349998
v 0.01767796 0.01197797 0.01099997
v 0.02041596 0.01267898 0.01099997
v 0.01767796 -0.01197797 0.01099997
v 0.01493895 0.01267898 0.01099997
v 0.01493895 0.01267898 0.00349998
v 0.01493895 0.01267898 0.01099997
v 0.02041596 0.01267898 0.00349998
v 0.02165496 0.01359498 0.01099997
v 0.02252095 0.01467198 0.00349998
v 0.02263695 0.01486796 0.01099997
v 0.02313399 0.01602798 0.00349998
v 0.02321398 0.01632100 0.01099997
v 0.02337497 0.01751297 0.00349998
v 0.02337497 0.01784199 0.01099997
v 0.02321398 0.01903396 0.00349998
v 0.02313399 0.01932698 0.01099997
v 0.02263695 0.02048796 0.00349998
v 0.02252095 0.02068299 0.01099997
v 0.02165496 0.02175998 0.00349998
v 0.02041596 0.02267700 0.01099997
v 0.01805096 0.02548497 0.01099997
v 0.01767796 0.02337795 0.01099997
v 0.02041596 0.02267700 0.00349998
v 0.01767796 0.02337795 0.01099997
v 0.01843196 0.02623498 0.01099997
v 0.01599997 0.02445000 0.01099997
v 0.01493895 0.02267700 0.01099997
v 0.01767796 0.02337795 0.00349998
v 0.01493895 0.02267700 0.01099997
v 0.01746296 0.02491098 0.01099997
v 0.01453697 0.02491098 0.01099997
v 0.01369994 0.02175998 0.01099997
v 0.01493895 0.02267700 0.00349998
v 0.01369994 0.02175998 0.01099997
v 0.01283496 0.02068299 0.00349998
v 0.01271796 0.02048796 0.01099997
v 0.01359295 0.02615898 0.01099997
v 0.01222199 0.01932698 0.00349998
v 0.01214098 0.01903396 0.01099997
v 0.01197999 0.01784199 0.00349998
v 0.01197999 0.01751297 0.01099997
v 0.01214098 -0.01632100 0.01099997
v 0.01222199 0.01602798 0.01099997
v 0.01214098 0.01632100 0.00349998
v 0.01222199 0.01602798 0.01099997
v 0.01271796 -0.01486796 0.01099997
v 0.01283496 0.01467198 0.01099997
v 0.01271796 0.01486796 0.00349998
v 0.01283496 0.01467198 0.01099997
v 0.01493895 -0.01267898 0.01099997
v 0.01369994 0.01359498 0.00349998
v 0.01369994 -0.01359498 0.01099997
v 0.01840698 -0.02615898 0.01099997
v 0.01767796 -0.02337795 0.01099997
v 0.01767796 -0.02337795 0.00349998
v 0.01767796 -0.02337795 0.01099997
v 0.02041596 -0.02267700 0.01099997
v 0.01746296 -0.02491098 0.01099997
v 0.01493895 -0.02267700 0.01099997
v 0.01493895 -0.02267700 0.00349998
v 0.01493895 -0.02267700 0.01099997
v 0.02041596 -0.02267700 0.00349998
v 0.02165496 -0.02175998 0.01099997
v 0.02252095 -0.02068299 0.00349998
v 0.02263695 -0.02048796 0.01099997
v 0.02313399 -0.01932698 0.00349998
v 0.02321398 -0.01903396 0.01099997
v 0.02337497 -0.01784199 0.00349998
v 0.02337497 -0.01751297 0.01099997
v 0.02321398 -0.01632100 0.00349998
v 0.02313399 -0.01602798 0.01099997
v 0.02263695 -0.01486796 0.00349998
v 0.02252095 -0.01467198 0.01099997
v 0.02165496 -0.01359498 0.00349998
v 0.02041596 -0.01267898 0.01099997
v 0.02041596 -0.01267898 0.00349998
v 0.01767796 -0.01197797 0.01099997
v 0.01767796 -0.01197797 0.00349998
v 0.01493895 -0.01267898 0.01099997
v 0.01493895 -0.01267898 0.00349998
v 0.01369994 -0.01359498 0.01099997
v 0.01283496 -0.01467198 0.00349998
v 0.01271796 -0.01486796 0.01099997
v 0.01222199 -0.01602798 0.00349998
v 0.01214098 -0.01632100 0.01099997
v 0.01197999 -0.01751297 0.00349998
v 0.01197999 -0.01784199 0.01099997
v 0.01214098 -0.01903396 0.00349998
v 0.01222199 -0.01932698 0.01099997
v 0.01271796 -0.02048796 0.00349998
v 0.01283496 -0.02068299 0.01099997
v 0.01453697 -0.02491098 0.01099997
v 0.01369994 -0.02175998 0.00349998
v 0.01394897 -0.02548497 0.01099997
v 0.01356798 -0.02623498 0.01099997
v 0.01599997 -0.02445000 0.01099997
v -0.01767796 0.01197797 0.00349998
v -0.01767796 0.01197797 0.01099997
v -0.01493895 0.01267898 0.01099997
v -0.02041596 0.01267898 0.00349998
v -0.02041596 0.01267898 0.01099997
v -0.01493895 0.01267898 0.00349998
v -0.01369994 0.01359498 0.01099997
v -0.01283496 0.01467198 0.00349998
v -0.01271796 0.01486796 0.01099997
v -0.01222199 0.01602798 0.00349998
v -0.01214098 0.01632100 0.01099997
v -0.01197999 0.01751297 0.00349998
v -0.01197999 0.01784199 0.01099997
v -0.01214098 0.01903396 0.00349998
v -0.01222199 0.01932698 0.01099997
v -0.01271796 0.02048796 0.00349998
v -0.01283496 0.02068299 0.01099997
v -0.01453697 0.02491098 0.01099997
v -0.01493895 0.02267700 0.01099997
v -0.01369994 0.02175998 0.00349998
v -0.01493895 0.02267700 0.01099997
v -0.01394897 0.02548497 0.01099997
v -0.01356798 0.02623498 0.01099997
v -0.01746296 0.02491098 0.01099997
v -0.01767796 0.02337795 0.01099997
v -0.01493895 0.02267700 0.00349998
v -0.01767796 0.02337795 0.01099997
v -0.01599997 0.02445000 0.01099997
v -0.01840698 0.02615898 0.01099997
v -0.01767796 0.02337795 0.00349998
v -0.02041596 0.02267700 0.01099997
v -0.02041596 0.02267700 0.00349998
v -0.02165496 0.02175998 0.01099997
v -0.02252095 0.02068299 0.00349998
v -0.02263695 0.02048796 0.01099997
v -0.02313399 0.01932698 0.00349998
v -0.02321398 0.01903396 0.01099997
v -0.02337497 0.01784199 0.00349998
v -0.02337497 0.01751297 0.01099997
v -0.02321398 0.01632100 0.00349998
v -0.02313399 0.01602798 0.01099997
v -0.02263695 0.01486796 0.00349998
v -0.02252095 0.01467198 0.01099997
v -0.02165496 0.01359498 0.00349998
v -0.00115096 0.02886497 0.01099997
v -0.00087300 0.02439498 0.01099997
v 0.00000000 0.02474999 0.01099997
v 0.00000000 0.02474999 0.00862998
v 0.00000000 0.02474999 0.01099997
v -0.00087300 0.02439498 0.01099997
v 0.00000000 0.02849996 0.01099997
v 0.00087300 0.02439498 0.01099997
v 0.00087300 0.02439498 0.00862998
v 0.00087300 0.02439498 0.01099997
v -0.00115496 0.02397799 0.01099997
v -0.00087300 0.02439498 0.00862998
v -0.00115496 0.02397799 0.01099997
v -0.00188994 0.02984499 0.01099997
v -0.00124997 0.02348697 0.01099997
v -0.00124997 0.02351295 0.00862998
v -0.00124997 0.02348697 0.01099997
v -0.00114798 0.02399498 0.00862998
v -0.00158995 0.02019995 0.01099997
v -0.00114798 0.02300494 0.01099997
v -0.00115496 0.02302199 0.00862998
v -0.00114798 0.02300494 0.01099997
v -0.00087300 0.02260500 0.01099997
v -0.00087300 0.02260500 0.01099997
v 0.00158995 0.02019995 0.01099997
v 0.00000000 0.02224999 0.01099997
v -0.00087300 0.02260500 0.00862998
v 0.00000000 0.02224999 0.01099997
v 0.00087300 0.02260500 0.01099997
v 0.00000000 0.02224999 0.00862998
v 0.00087300 0.02260500 0.01099997
v 0.00115496 0.02302199 0.01099997
v 0.00087300 0.02260500 0.00862998
v 0.00115496 0.02302199 0.01099997
v 0.00124997 0.02351295 0.01099997
v 0.00124997 0.02348697 0.00862998
v 0.00124997 0.02351295 0.01099997
v 0.00114798 0.02300494 0.00862998
v 0.00115096 0.02886497 0.01099997
v 0.00114798 0.02399498 0.01099997
v 0.00115496 0.02397799 0.00862998
v 0.00114798 0.02399498 0.01099997
v -0.00087300 0.00089500 0.01099997
v 0.00000000 0.00124997 0.01099997
v 0.00000000 0.00124997 0.00862998
v 0.00000000 0.00124997 0.01099997
v -0.00087300 0.00089500 0.01099997
v 0.00087300 0.00089500 0.01099997
v 0.00087300 0.00089500 0.00862998
v 0.00087300 0.00089500 0.01099997
v -0.00115496 0.00047800 0.01099997
v -0.00087300 0.00089500 0.00862998
v -0.00115496 0.00047800 0.01099997
v -0.00124997 0.00001300 0.00862998
v -0.00124997 -0.00001300 0.01099997
v -0.00114798 0.00049500 0.00862998
v -0.00115496 -0.00047800 0.00862998
v -0.00114798 -0.00049500 0.01099997
v -0.00087300 -0.00089500 0.01099997
v -0.00087300 -0.00089500 0.00862998
v 0.00000000 -0.00124997 0.01099997
v 0.00000000 -0.00124997 0.00862998
v 0.00087300 -0.00089500 0.01099997
v 0.00087300 -0.00089500 0.00862998
v 0.00115496 -0.00047800 0.01099997
v 0.00124997 -0.00001300 0.00862998
v 0.00124997 0.00001300 0.01099997
v 0.00114798 -0.00049500 0.00862998
v 0.00114798 0.00049500 0.01099997
v 0.00115496 0.00047800 0.00862998
v 0.00114798 0.00049500 0.01099997
v -0.00318998 0.00729996 0.01049995
v -0.00368994 0.00729996 0.01099997
v -0.00340897 0.00624996 0.01099997
v -0.00318998 0.01809996 0.01049995
v -0.00368994 0.01809996 0.01099997
v -0.00272095 0.00616896 0.01049995
v -0.00263995 0.00548095 0.01099997
v -0.00306797 0.00668800 0.01049995
v -0.00220197 0.00582194 0.01049995
v -0.00158995 0.00519997 0.01099997
v -0.00158995 0.00569999 0.01049995
v 0.00158995 0.00519997 0.01099997
v 0.00158995 0.00569999 0.01049995
v 0.00263995 0.00548095 0.01099997
v 0.00272095 0.00616896 0.01049995
v 0.00340897 0.00624996 0.01099997
v 0.00220197 0.00582194 0.01049995
v 0.00306797 0.00668800 0.01049995
v 0.00368994 0.00729996 0.01099997
v 0.00318998 0.00729996 0.01049995
v 0.00368994 0.01809996 0.01099997
v 0.00318998 0.01809996 0.01049995
v 0.00340897 0.01914995 0.01099997
v 0.00272095 0.01923096 0.01049995
v 0.00263995 0.01991897 0.01099997
v 0.00306797 0.01871198 0.01049995
v 0.00160694 0.02930897 0.01099997
v 0.00220197 0.01957798 0.01049995
v 0.00158995 0.02019995 0.01099997
v 0.00190598 0.02989494 0.01099997
v 0.00158995 0.01969999 0.01049995
v -0.00158995 0.02019995 0.01099997
v -0.00158995 0.01969999 0.01049995
v -0.00263995 0.01991897 0.01099997
v -0.00272095 0.01923096 0.01049995
v -0.00340897 0.01914995 0.01099997
v -0.00220197 0.01957798 0.01049995
v -0.00306797 0.01871198 0.01049995
v 0.00000000 0.02849996 0.00599998
v 0.00000000 0.02849996 0.01099997
v 0.00115096 0.02886497 0.01099997
v -0.00076500 0.02865195 0.00599998
v -0.00115096 0.02886497 0.01099997
v 0.00141394 0.02908599 0.00599998
v 0.00160694 0.02930897 0.01099997
v 0.00076500 0.02865195 0.00599998
v 0.00184798 0.02973496 0.00599998
v 0.00190598 0.02989494 0.01099997
v 0.00199997 0.03049999 0.00599998
v 0.00199997 0.03053098 0.01099997
v 0.00188994 0.03115499 0.01099997
v 0.00184798 0.03126496 0.00599998
v 0.00115096 0.03213495 0.01099997
v 0.00076500 0.03234797 0.00599998
v 0.00000000 0.03249996 0.01099997
v 0.00141394 0.03191399 0.00599998
v 0.00000000 0.03249996 0.00599998
v -0.00115096 0.03213495 0.01099997
v -0.00141394 0.03191399 0.00599998
v -0.00160694 0.03169095 0.01099997
v -0.00076500 0.03234797 0.00599998
v -0.00184798 0.03126496 0.00599998
v -0.00190598 0.03110498 0.01099997
v -0.00199997 0.03049999 0.00599998
v -0.00199997 0.03046900 0.01099997
v -0.00188994 0.02984499 0.01099997
v -0.00184798 0.02973496 0.00599998
v -0.00141394 0.02908599 0.00599998
v 0.01599997 0.02489995 0.01054996
v 0.01599997 0.02445000 0.01099997
v 0.01746296 0.02491098 0.01099997
v 0.01476597 0.02530097 0.01054996
v 0.01453697 0.02491098 0.01099997
v 0.01723396 0.02530097 0.01054996
v 0.01805096 0.02548497 0.01099997
v 0.01799696 0.02635097 0.01054996
v 0.01843196 0.02623498 0.01099997
v 0.01854997 0.02704697 0.01099997
v 0.01799696 0.02764898 0.01054996
v 0.01840698 0.02784097 0.01099997
v 0.01723396 0.02869898 0.01054996
v 0.01746296 0.02908897 0.01099997
v 0.01599997 0.02954995 0.01099997
v 0.01599997 0.02910000 0.01054996
v 0.01453697 0.02908897 0.01099997
v 0.01476597 0.02869898 0.01054996
v 0.01394897 0.02851498 0.01099997
v 0.01400297 0.02764898 0.01054996
v 0.01356798 0.02776497 0.01099997
v 0.01344996 0.02695298 0.01099997
v 0.01400297 0.02635097 0.01054996
v 0.01359295 0.02615898 0.01099997
v 0.01599997 -0.02910000 0.01054996
v 0.01599997 -0.02954995 0.01099997
v 0.01746296 -0.02908897 0.01099997
v 0.01476597 -0.02869898 0.01054996
v 0.01453697 -0.02908897 0.01099997
v 0.01723396 -0.02869898 0.01054996
v 0.01805096 -0.02851498 0.01099997
v 0.01799696 -0.02764898 0.01054996
v 0.01843196 -0.02776497 0.01099997
v 0.01854997 -0.02695298 0.01099997
v 0.01799696 -0.02635097 0.01054996
v 0.01840698 -0.02615898 0.01099997
v 0.01723396 -0.02530097 0.01054996
v 0.01746296 -0.02491098 0.01099997
v 0.01599997 -0.02445000 0.01099997
v 0.01599997 -0.02489995 0.01054996
v 0.01453697 -0.02491098 0.01099997
v 0.01476597 -0.02530097 0.01054996
v 0.01394897 -0.02548497 0.01099997
v 0.01400297 -0.02635097 0.01054996
v 0.01356798 -0.02623498 0.01099997
v 0.01344996 -0.02704697 0.01099997
v 0.01400297 -0.02764898 0.01054996
v 0.01359295 -0.02784097 0.01099997
v -0.01599997 -0.02910000 0.01054996
v -0.01599997 -0.02954995 0.01099997
v -0.01453697 -0.02908897 0.01099997
v -0.01723396 -0.02869898 0.01054996
v -0.01746296 -0.02908897 0.01099997
v -0.01476597 -0.02869898 0.01054996
v -0.01394897 -0.02851498 0.01099997
v -0.01400297 -0.02764898 0.01054996
v -0.01356798 -0.02776497 0.01099997
v -0.01344996 -0.02695298 0.01099997
v -0.01400297 -0.02635097 0.01054996
v -0.01359295 -0.02615898 0.01099997
v -0.01476597 -0.02530097 0.01054996
v -0.01453697 -0.02491098 0.01099997
v -0.01599997 -0.02445000 0.01099997
v -0.01599997 -0.02489995 0.01054996
v -0.01746296 -0.02491098 0.01099997
v -0.01723396 -0.02530097 0.01054996
v -0.01805096 -0.02548497 0.01099997
v -0.01799696 -0.02635097 0.01054996
v -0.01843196 -0.02623498 0.01099997
v -0.01854997 -0.02704697 0.01099997
v -0.01799696 -0.02764898 0.01054996
v -0.01840698 -0.02784097 0.01099997
v -0.01599997 0.02489995 0.01054996
v -0.01599997 0.02445000 0.01099997
v -0.01453697 0.02491098 0.01099997
v -0.01723396 0.02530097 0.01054996
v -0.01746296 0.02491098 0.01099997
v -0.01476597 0.02530097 0.01054996
v -0.01394897 0.02548497 0.01099997
v -0.01400297 0.02635097 0.01054996
v -0.01356798 0.02623498 0.01099997
v -0.01344996 0.02704697 0.01099997
v -0.01400297 0.02764898 0.01054996
v -0.01359295 0.02784097 0.01099997
v -0.01476597 0.02869898 0.01054996
v -0.01453697 0.02908897 0.01099997
v -0.01599997 0.02954995 0.01099997
v -0.01599997 0.02910000 0.01054996
v -0.01746296 0.02908897 0.01099997
v -0.01723396 0.02869898 0.01054996
v -0.01805096 0.02851498 0.01099997
v -0.01799696 0.02764898 0.01054996
v -0.01843196 0.02776497 0.01099997
v -0.01854997 0.02695298 0.01099997
v -0.01799696 0.02635097 0.01054996
v -0.01840698 0.02615898 0.01099997
v 0.00000000 0.03599995 0.01389998
v 0.00000000 0.03549998 0.01339995
v 0.00483400 0.03516900 0.01339995
v -0.00392496 0.03578495 0.01389998
v -0.00483400 0.03516900 0.01339995
v -0.00196600 0.03594595 0.01389998
v 0.00587296 0.03551799 0.01389998
v 0.00957799 0.03418397 0.01339995
v 0.00196600 0.03594595 0.01389998
v 0.00392496 0.03578495 0.01389998
v 0.01158899 0.03408396 0.01389998
v 0.01414299 0.03256100 0.01339995
v 0.00780296 0.03514397 0.01389998
v 0.00971097 0.03466600 0.01389998
v 0.01521497 0.03262698 0.01389998
v 0.01844495 0.03033196 0.01339995
v 0.01343095 0.03340095 0.01389998
v 0.01887297 0.03065598 0.01389998
v 0.02240395 0.02753800 0.01339995
v 0.01707297 0.03169399 0.01389998
v 0.02386999 0.02694898 0.01389998
v 0.02594494 0.02423095 0.01339995
v 0.02060997 0.02951699 0.01389998
v 0.02227699 0.02827996 0.01389998
v 0.02681595 0.02401900 0.01389998
v 0.02900195 0.02047199 0.01339995
v 0.02538496 0.02552700 0.01389998
v 0.03056395 0.01902198 0.01389998
v 0.03151994 0.01633197 0.01339995
v 0.02815896 0.02242898 0.01389998
v 0.02941000 0.02076196 0.01389998
v 0.03256696 0.01534199 0.01389998
v 0.03344994 0.01188796 0.01339995
v 0.03161799 0.01721298 0.01389998
v 0.03413695 0.01143199 0.01389998
v 0.03475695 0.00722295 0.01339995
v 0.03340798 0.01341295 0.01389998
v 0.03561794 0.00523198 0.01389998
v 0.03541696 0.00242299 0.01339995
v 0.03474998 0.00940394 0.01389998
v 0.03524500 0.00733495 0.01389998
v 0.03598695 0.00094900 0.01389998
v 0.03541696 -0.00242299 0.01339995
v 0.03586596 0.00310099 0.01389998
v 0.03583997 -0.00339299 0.01389998
v 0.03475695 -0.00722295 0.01339995
v 0.03597897 -0.00121796 0.01389998
v 0.03515899 -0.00773400 0.01389998
v 0.03344994 -0.01188796 0.01339995
v 0.03556698 -0.00556695 0.01389998
v 0.03311997 -0.01410895 0.01389998
v 0.03151994 -0.01633197 0.01339995
v 0.03461599 -0.00988495 0.01389998
v 0.03393697 -0.01201295 0.01389998
v 0.03107798 -0.01816999 0.01389998
v 0.02900195 -0.02047199 0.01339995
v 0.03216695 -0.01616400 0.01389998
v 0.02849799 -0.02199697 0.01389998
v 0.02594494 -0.02423095 0.01339995
v 0.02985495 -0.02011698 0.01389998
v 0.02539497 -0.02551698 0.01389998
v 0.02240395 -0.02753800 0.01339995
v 0.02700996 -0.02379995 0.01389998
v 0.02179497 -0.02865296 0.01389998
v 0.01844495 -0.03033196 0.01339995
v 0.02365499 -0.02713799 0.01389998
v 0.01773399 -0.03132897 0.01389998
v 0.01414299 -0.03256100 0.01339995
v 0.01981896 -0.03005295 0.01389998
v 0.01343196 -0.03339999 0.01389998
v 0.00957799 -0.03418397 0.01339995
v 0.01554697 -0.03246998 0.01389998
v 0.00971097 -0.03466600 0.01389998
v 0.00483400 -0.03516900 0.01339995
v 0.01158899 -0.03408396 0.01389998
v 0.00392496 -0.03578495 0.01389998
v 0.00000000 -0.03549998 0.01339995
v 0.00780296 -0.03514397 0.01389998
v 0.00587296 -0.03551799 0.01389998
v 0.00000000 -0.03599995 0.01389998
v -0.00483400 -0.03516900 0.01339995
v 0.00196600 -0.03594595 0.01389998
v -0.00587296 -0.03551799 0.01389998
v -0.00957799 -0.03418397 0.01339995
v -0.00196600 -0.03594595 0.01389998
v -0.00392496 -0.03578495 0.01389998
v -0.01158899 -0.03408396 0.01389998
v -0.01414299 -0.03256100 0.01339995
v -0.00780296 -0.03514397 0.01389998
v -0.00971097 -0.03466600 0.01389998
v -0.01521497 -0.03262698 0.01389998
v -0.01844495 -0.03033196 0.01339995
v -0.01343095 -0.03340095 0.01389998
v -0.01887297 -0.03065598 0.01389998
v -0.02240395 -0.02753800 0.01339995
v -0.01707297 -0.03169399 0.01389998
v -0.02386999 -0.02694898 0.01389998
v -0.02594494 -0.02423095 0.01339995
v -0.02060997 -0.02951699 0.01389998
v -0.02227699 -0.02827996 0.01389998
v -0.02681595 -0.02401900 0.01389998
v -0.02900195 -0.02047199 0.01339995
v -0.02538496 -0.02552700 0.01389998
v -0.03056395 -0.01902198 0.01389998
v -0.03151994 -0.01633197 0.01339995
v -0.02815896 -0.02242898 0.01389998
v -0.02941000 -0.02076196 0.01389998
v -0.03256696 -0.01534199 0.01389998
v -0.03344994 -0.01188796 0.01339995
v -0.03161799 -0.01721298 0.01389998
v -0.03413695 -0.01143199 0.01389998
v -0.03475695 -0.00722295 0.01339995
v -0.03340798 -0.01341295 0.01389998
v -0.03561794 -0.00523198 0.01389998
v -0.03541696 -0.00242299 0.01339995
v -0.03474998 -0.00940394 0.01389998
v -0.03524500 -0.00733495 0.01389998
v -0.03598695 -0.00094900 0.01389998
v -0.03541696 0.00242299 0.01339995
v -0.03586596 -0.00310099 0.01389998
v -0.03583997 0.00339299 0.01389998
v -0.03475695 0.00722295 0.01339995
v -0.03597897 0.00121796 0.01389998
v -0.03515899 0.00773400 0.01389998
v -0.03344994 0.01188796 0.01339995
v -0.03556698 0.00556695 0.01389998
v -0.03311997 0.01410895 0.01389998
v -0.03151994 0.01633197 0.01339995
v -0.03461599 0.00988495 0.01389998
v -0.03393697 0.01201295 0.01389998
v -0.03107798 0.01816999 0.01389998
v -0.02900195 0.02047199 0.01339995
v -0.03216695 0.01616400 0.01389998
v -0.02849799 0.02199697 0.01389998
v -0.02594494 0.02423095 0.01339995
v -0.02985495 0.02011698 0.01389998
v -0.02539497 0.02551698 0.01389998
v -0.02240395 0.02753800 0.01339995
v -0.02700996 0.02379995 0.01389998
v -0.02179497 0.02865296 0.01389998
v -0.01844495 0.03033196 0.01339995
v -0.02365499 0.02713799 0.01389998
v -0.01773399 0.03132897 0.01389998
v -0.01414299 0.03256100 0.01339995
v -0.01981896 0.03005295 0.01389998
v -0.01343196 0.03339999 0.01389998
v -0.00957799 0.03418397 0.01339995
v -0.01554697 0.03246998 0.01389998
v -0.00971097 0.03466600 0.01389998
v -0.01158899 0.03408396 0.01389998
v -0.00780296 0.03514397 0.01389998
v -0.00587296 0.03551799 0.01389998
v -0.00392496 -0.03578495 0.01389998
v -0.00400996 -0.03728497 0.01389998
v -0.00587296 -0.03551799 0.01389998
v -0.00600100 -0.03701698 0.01389998
v -0.00780296 -0.03514397 0.01389998
v -0.00797397 -0.03664195 0.01389998
v -0.00971097 -0.03466600 0.01389998
v -0.00992399 -0.03616297 0.01389998
v -0.01158899 -0.03408396 0.01389998
v -0.01184695 -0.03557997 0.01389998
v -0.01343095 -0.03340095 0.01389998
v -0.01373499 -0.03489398 0.01389998
v -0.01521497 -0.03262698 0.01389998
v -0.01586997 -0.03397595 0.01389998
v -0.01707297 -0.03169399 0.01389998
v -0.01812195 -0.03282999 0.01389998
v -0.01887297 -0.03065598 0.01389998
v -0.02027195 -0.03154796 0.01389998
v -0.02060997 -0.02951699 0.01389998
v -0.02227699 -0.02827996 0.01389998
v -0.02231395 -0.03013896 0.01389998
v -0.02386999 -0.02694898 0.01389998
v -0.02423995 -0.02861195 0.01389998
v -0.02538496 -0.02552700 0.01389998
v -0.02604699 -0.02697795 0.01389998
v -0.02681595 -0.02401900 0.01389998
v -0.02772998 -0.02524495 0.01389998
v -0.02815896 -0.02242898 0.01389998
v -0.02928495 -0.02342295 0.01389998
v -0.02941000 -0.02076196 0.01389998
v -0.03056395 -0.01902198 0.01389998
v -0.03070896 -0.02152198 0.01389998
v -0.03161799 -0.01721298 0.01389998
v -0.03200095 -0.01954996 0.01389998
v -0.03256696 -0.01534199 0.01389998
v -0.03315699 -0.01751697 0.01389998
v -0.03340798 -0.01341295 0.01389998
v -0.03413695 -0.01143199 0.01389998
v -0.03417795 -0.01543098 0.01389998
v -0.03474998 -0.00940394 0.01389998
v -0.03506100 -0.01330196 0.01389998
v -0.03524500 -0.00733495 0.01389998
v -0.03561794 -0.00523198 0.01389998
v -0.03580796 -0.01113796 0.01389998
v -0.03586596 -0.00310099 0.01389998
v -0.03598695 -0.00094900 0.01389998
v -0.03649497 0.00862396 0.01389998
v -0.03597897 0.00121796 0.01389998
v -0.03641694 -0.00894696 0.01389998
v -0.03593498 0.01072096 0.01389998
v -0.03583997 0.00339299 0.01389998
v -0.03556698 0.00556695 0.01389998
v -0.03525698 0.01277399 0.01389998
v -0.03515899 0.00773400 0.01389998
v -0.03461599 0.00988495 0.01389998
v -0.03446596 0.01477795 0.01389998
v -0.03393697 0.01201295 0.01389998
v -0.03356295 0.01672697 0.01389998
v -0.03311997 0.01410895 0.01389998
v -0.03255295 0.01861596 0.01389998
v -0.03216695 0.01616400 0.01389998
v -0.03143894 0.02043998 0.01389998
v -0.03107798 0.01816999 0.01389998
v -0.03022700 0.02219498 0.01389998
v -0.02985495 0.02011698 0.01389998
v -0.02891796 0.02387398 0.01389998
v -0.02849799 0.02199697 0.01389998
v -0.02751898 0.02547496 0.01389998
v -0.02700996 0.02379995 0.01389998
v -0.02603197 0.02699196 0.01389998
v -0.02539497 0.02551698 0.01389998
v -0.02446395 0.02842098 0.01389998
v -0.02365499 0.02713799 0.01389998
v -0.02281695 0.02975898 0.01389998
v -0.02179497 0.02865296 0.01389998
v -0.02109795 0.03100198 0.01389998
v -0.01981896 0.03005295 0.01389998
v -0.01931095 0.03214597 0.01389998
v -0.01773399 0.03132897 0.01389998
v -0.01746100 0.03318697 0.01389998
v -0.01554697 0.03246998 0.01389998
v -0.01373594 0.03489398 0.01389998
v -0.01343196 0.03339999 0.01389998
v -0.01555198 0.03412300 0.01389998
v -0.01184695 0.03557997 0.01389998
v -0.01158899 0.03408396 0.01389998
v -0.00992399 0.03616297 0.01389998
v -0.00971097 0.03466600 0.01389998
v -0.00797397 0.03664195 0.01389998
v -0.00780296 0.03514397 0.01389998
v -0.00600100 0.03701698 0.01389998
v -0.00587296 0.03551799 0.01389998
v -0.00400996 0.03728497 0.01389998
v -0.00392496 0.03578495 0.01389998
v -0.00196600 0.03594595 0.01389998
v -0.00992399 -0.03616297 0.01389998
v -0.01184695 -0.03557997 0.01389998
v -0.03688997 -0.00673699 0.01389998
v -0.03693395 0.00648999 0.01389998
v -0.03722697 -0.00451696 0.01389998
v -0.03724998 0.00432497 0.01389998
v -0.03742998 -0.00229299 0.01389998
v -0.03743898 0.00213498 0.01389998
v -0.03749996 -0.00007300 0.01389998
v -0.00789195 -0.02656894 0.00500000
v -0.00654095 -0.02663600 0.00500000
v -0.00706697 -0.02573096 0.00500000
v -0.00724995 -0.02469998 0.00500000
v -0.01019197 -0.03030496 0.00500000
v -0.01199996 -0.03079998 0.00500000
v -0.00963098 -0.02955496 0.00500000
v -0.00963098 -0.03204494 0.00500000
v -0.01199996 -0.03513395 0.00500000
v -0.01020199 -0.03126496 0.00500000
v -0.00874996 -0.02954995 0.00527495
v -0.00874996 -0.02927500 0.00500000
v -0.00786894 -0.02955496 0.00500000
v -0.00963396 -0.02991598 0.00527495
v -0.00963098 -0.02955496 0.00500000
v -0.00786597 -0.02991598 0.00527495
v -0.00729799 -0.03033494 0.00500000
v -0.00749999 -0.03079998 0.00527495
v -0.00730795 -0.03129500 0.00500000
v -0.00786597 -0.03168398 0.00527495
v -0.00786894 -0.03204494 0.00500000
v -0.00874996 -0.03232496 0.00500000
v -0.00874996 -0.03204995 0.00527495
v -0.00963098 -0.03204494 0.00500000
v -0.00963396 -0.03168398 0.00527495
v -0.01020199 -0.03126496 0.00500000
v -0.00999999 -0.03079998 0.00527495
v -0.01019197 -0.03030496 0.00500000
v -0.01767796 -0.02087795 0.00349998
v -0.01767796 -0.02337795 0.00349998
v -0.01493895 -0.02267700 0.00349998
v -0.02040696 -0.01934796 0.00349998
v -0.02041596 -0.02267700 0.00349998
v -0.01923096 -0.02047497 0.00349998
v -0.01490396 -0.01927399 0.00349998
v -0.01283496 -0.02068299 0.00349998
v -0.01612395 -0.02047497 0.00349998
v -0.01271796 -0.01486796 0.00349998
v -0.01222199 -0.01932698 0.00349998
v -0.01369994 -0.01359498 0.00349998
v -0.01447796 -0.01760995 0.00349998
v -0.01214098 -0.01632100 0.00349998
v -0.01197999 -0.01784199 0.00349998
v -0.01493895 -0.01267898 0.00349998
v -0.01494795 -0.01600795 0.00349998
v -0.01767796 -0.01197797 0.00349998
v -0.01767796 -0.01447796 0.00349998
v -0.02041596 -0.01267898 0.00349998
v -0.01612395 -0.01488000 0.00349998
v -0.02045094 -0.01608097 0.00349998
v -0.02252095 -0.01467198 0.00349998
v -0.01923096 -0.01488000 0.00349998
v -0.02263695 -0.02048796 0.00349998
v -0.02313399 -0.01602798 0.00349998
v -0.02165496 -0.02175998 0.00349998
v -0.02087700 -0.01774495 0.00349998
v -0.02321398 -0.01903396 0.00349998
v -0.02337497 -0.01751297 0.00349998
v 0.01767796 0.01447796 0.00349998
v 0.01767796 0.01197797 0.00349998
v 0.02041596 0.01267898 0.00349998
v 0.01494795 0.01600795 0.00349998
v 0.01493895 0.01267898 0.00349998
v 0.01612395 0.01488000 0.00349998
v 0.02045094 0.01608097 0.00349998
v 0.02252095 0.01467198 0.00349998
v 0.01923096 0.01488000 0.00349998
v 0.02263695 0.02048796 0.00349998
v 0.02313399 0.01602798 0.00349998
v 0.02165496 0.02175998 0.00349998
v 0.02087700 0.01774495 0.00349998
v 0.02321398 0.01903396 0.00349998
v 0.02337497 0.01751297 0.00349998
v 0.02041596 0.02267700 0.00349998
v 0.02040696 0.01934796 0.00349998
v 0.01767796 0.02337795 0.00349998
v 0.01767796 0.02087795 0.00349998
v 0.01493895 0.02267700 0.00349998
v 0.01923096 0.02047497 0.00349998
v 0.01490396 0.01927399 0.00349998
v 0.01283496 0.02068299 0.00349998
v 0.01612395 0.02047497 0.00349998
v 0.01271796 0.01486796 0.00349998
v 0.01222199 0.01932698 0.00349998
v 0.01369994 0.01359498 0.00349998
v 0.01447796 0.01760995 0.00349998
v 0.01214098 0.01632100 0.00349998
v 0.01197999 0.01784199 0.00349998
v 0.01767796 -0.02087795 0.00349998
v 0.01767796 -0.02337795 0.00349998
v 0.02041596 -0.02267700 0.00349998
v 0.01494795 -0.01934796 0.00349998
v 0.01493895 -0.02267700 0.00349998
v 0.01612395 -0.02047497 0.00349998
v 0.02045094 -0.01927399 0.00349998
v 0.02252095 -0.02068299 0.00349998
v 0.01923096 -0.02047497 0.00349998
v 0.02263695 -0.01486796 0.00349998
v 0.02313399 -0.01932698 0.00349998
v 0.02165496 -0.01359498 0.00349998
v 0.02087700 -0.01760995 0.00349998
v 0.02321398 -0.01632100 0.00349998
v 0.02337497 -0.01784199 0.00349998
v 0.02041596 -0.01267898 0.00349998
v 0.02040696 -0.01600795 0.00349998
v 0.01767796 -0.01197797 0.00349998
v 0.01767796 -0.01447796 0.00349998
v 0.01493895 -0.01267898 0.00349998
v 0.01923096 -0.01488000 0.00349998
v 0.01490396 -0.01608097 0.00349998
v 0.01283496 -0.01467198 0.00349998
v 0.01612395 -0.01488000 0.00349998
v 0.01271796 -0.02048796 0.00349998
v 0.01222199 -0.01602798 0.00349998
v 0.01369994 -0.02175998 0.00349998
v 0.01447796 -0.01774495 0.00349998
v 0.01214098 -0.01903396 0.00349998
v 0.01197999 -0.01751297 0.00349998
v -0.01767796 0.01447796 0.00349998
v -0.01767796 0.01197797 0.00349998
v -0.01493895 0.01267898 0.00349998
v -0.02040696 0.01600795 0.00349998
v -0.02041596 0.01267898 0.00349998
v -0.01923096 0.01488000 0.00349998
v -0.01490396 0.01608097 0.00349998
v -0.01283496 0.01467198 0.00349998
v -0.01612395 0.01488000 0.00349998
v -0.01271796 0.02048796 0.00349998
v -0.01222199 0.01602798 0.00349998
v -0.01369994 0.02175998 0.00349998
v -0.01447796 0.01774495 0.00349998
v -0.01214098 0.01903396 0.00349998
v -0.01197999 0.01751297 0.00349998
v -0.01493895 0.02267700 0.00349998
v -0.01494795 0.01934796 0.00349998
v -0.01767796 0.02337795 0.00349998
v -0.01767796 0.02087795 0.00349998
v -0.02041596 0.02267700 0.00349998
v -0.01612395 0.02047497 0.00349998
v -0.02045094 0.01927399 0.00349998
v -0.02252095 0.02068299 0.00349998
v -0.01923096 0.02047497 0.00349998
v -0.02263695 0.01486796 0.00349998
v -0.02313399 0.01932698 0.00349998
v -0.02165496 0.01359498 0.00349998
v -0.02087700 0.01760995 0.00349998
v -0.02321398 0.01632100 0.00349998
v -0.02337497 0.01784199 0.00349998
v 0.00000000 0.02559995 0.00862998
v 0.00000000 0.02474999 0.00862998
v -0.00087300 0.02439498 0.00862998
v 0.00120795 0.02521795 0.00862998
v 0.00087300 0.02439498 0.00862998
v -0.00120795 0.02521795 0.00862998
v -0.00114798 0.02399498 0.00862998
v -0.00124997 0.02351295 0.00862998
v -0.00120795 0.02178198 0.00862998
v -0.00115496 0.02302199 0.00862998
v -0.00168794 0.02474999 0.00862998
v -0.00198400 0.02281194 0.00862998
v -0.00087300 0.02260500 0.00862998
v 0.00000000 0.02224999 0.00862998
v 0.00000000 0.02139997 0.00862998
v 0.00087300 0.02260500 0.00862998
v 0.00120795 0.02178198 0.00862998
v 0.00114798 0.02300494 0.00862998
v 0.00124997 0.02348697 0.00862998
v 0.00115496 0.02397799 0.00862998
v 0.00168794 0.02224999 0.00862998
v 0.00198400 0.02418798 0.00862998
v -0.00200194 0.02413398 0.00862998
v -0.00209999 0.02346599 0.00862998
v 0.00200194 0.02286595 0.00862998
v 0.00209999 0.02353399 0.00862998
v 0.00000000 0.00209999 0.00862998
v 0.00000000 0.00124997 0.00862998
v -0.00087300 0.00089500 0.00862998
v 0.00120795 0.00171798 0.00862998
v 0.00087300 0.00089500 0.00862998
v -0.00120795 0.00171798 0.00862998
v -0.00114798 0.00049500 0.00862998
v -0.00124997 0.00001300 0.00862998
v -0.00120795 -0.00171798 0.00862998
v -0.00115496 -0.00047800 0.00862998
v -0.00168794 0.00124997 0.00862998
v -0.00198400 -0.00068800 0.00862998
v -0.00087300 -0.00089500 0.00862998
v 0.00000000 -0.00124997 0.00862998
v 0.00000000 -0.00209999 0.00862998
v 0.00087300 -0.00089500 0.00862998
v 0.00120795 -0.00171798 0.00862998
v 0.00114798 -0.00049500 0.00862998
v 0.00124997 -0.00001300 0.00862998
v 0.00115496 0.00047800 0.00862998
v 0.00168794 -0.00124997 0.00862998
v 0.00198400 0.00068800 0.00862998
v -0.00200194 0.00063400 0.00862998
v -0.00209999 -0.00003400 0.00862998
v 0.00200194 -0.00063400 0.00862998
v 0.00209999 0.00003400 0.00862998
v 0.00000000 0.03049999 0.00479800
v 0.00000000 0.02849996 0.00599998
v 0.00076500 0.02865195 0.00599998
v 0.00000000 0.03049999 0.00479800
v -0.00076500 0.02865195 0.00599998
v 0.00141394 0.02908599 0.00599998
v 0.00184798 0.02973496 0.00599998
v 0.00199997 0.03049999 0.00599998
v 0.00184798 0.03126496 0.00599998
v 0.00141394 0.03191399 0.00599998
v 0.00076500 0.03234797 0.00599998
v 0.00000000 0.03249996 0.00599998
v -0.00076500 0.03234797 0.00599998
v -0.00141394 0.03191399 0.00599998
v -0.00184798 0.03126496 0.00599998
v -0.00199997 0.03049999 0.00599998
v -0.00184798 0.02973496 0.00599998
v -0.00141394 0.02908599 0.00599998
v 0.01599997 0.02489995 0.00299996
v 0.01599997 0.02489995 0.01054996
v 0.01723396 0.02530097 0.01054996
v 0.01476597 0.02530097 0.00299996
v 0.01476597 0.02530097 0.01054996
v 0.01723396 0.02530097 0.00299996
v 0.01799696 0.02635097 0.01054996
v 0.01799696 0.02635097 0.00299996
v 0.01799696 0.02764898 0.01054996
v 0.01799696 0.02764898 0.00299996
v 0.01723396 0.02869898 0.01054996
v 0.01723396 0.02869898 0.00299996
v 0.01599997 0.02910000 0.01054996
v 0.01599997 0.02910000 0.00299996
v 0.01476597 0.02869898 0.01054996
v 0.01476597 0.02869898 0.00299996
v 0.01400297 0.02764898 0.01054996
v 0.01400297 0.02764898 0.00299996
v 0.01400297 0.02635097 0.01054996
v 0.01400297 0.02635097 0.00299996
v 0.01599997 0.02699995 0.00173795
v 0.01476597 0.02530097 0.00299996
v 0.01599997 0.02489995 0.00299996
v 0.01723396 0.02530097 0.00299996
v 0.01599997 0.02699995 0.00173795
v 0.01599997 0.02910000 0.00299996
v 0.01476597 0.02869898 0.00299996
v 0.01723396 0.02869898 0.00299996
v 0.01400297 0.02764898 0.00299996
v 0.01400297 0.02635097 0.00299996
v 0.01799696 0.02764898 0.00299996
v 0.01799696 0.02635097 0.00299996
v 0.01599997 -0.02910000 0.00299996
v 0.01599997 -0.02910000 0.01054996
v 0.01723396 -0.02869898 0.01054996
v 0.01476597 -0.02869898 0.00299996
v 0.01476597 -0.02869898 0.01054996
v 0.01723396 -0.02869898 0.00299996
v 0.01799696 -0.02764898 0.01054996
v 0.01799696 -0.02764898 0.00299996
v 0.01799696 -0.02635097 0.01054996
v 0.01799696 -0.02635097 0.00299996
v 0.01723396 -0.02530097 0.01054996
v 0.01723396 -0.02530097 0.00299996
v 0.01599997 -0.02489995 0.01054996
v 0.01599997 -0.02489995 0.00299996
v 0.01476597 -0.02530097 0.01054996
v 0.01476597 -0.02530097 0.00299996
v 0.01400297 -0.02635097 0.01054996
v 0.01400297 -0.02635097 0.00299996
v 0.01400297 -0.02764898 0.01054996
v 0.01400297 -0.02764898 0.00299996
v 0.01599997 -0.02699995 0.00173795
v 0.01476597 -0.02869898 0.00299996
v 0.01599997 -0.02910000 0.00299996
v 0.01723396 -0.02869898 0.00299996
v 0.01599997 -0.02699995 0.00173795
v 0.01599997 -0.02489995 0.00299996
v 0.01476597 -0.02530097 0.00299996
v 0.01723396 -0.02530097 0.00299996
v 0.01400297 -0.02635097 0.00299996
v 0.01400297 -0.02764898 0.00299996
v 0.01799696 -0.02635097 0.00299996
v 0.01799696 -0.02764898 0.00299996
v -0.01599997 -0.02910000 0.00299996
v -0.01599997 -0.02910000 0.01054996
v -0.01476597 -0.02869898 0.01054996
v -0.01723396 -0.02869898 0.00299996
v -0.01723396 -0.02869898 0.01054996
v -0.01476597 -0.02869898 0.00299996
v -0.01400297 -0.02764898 0.01054996
v -0.01400297 -0.02764898 0.00299996
v -0.01400297 -0.02635097 0.01054996
v -0.01400297 -0.02635097 0.00299996
v -0.01476597 -0.02530097 0.01054996
v -0.01476597 -0.02530097 0.00299996
v -0.01599997 -0.02489995 0.01054996
v -0.01599997 -0.02489995 0.00299996
v -0.01723396 -0.02530097 0.01054996
v -0.01723396 -0.02530097 0.00299996
v -0.01799696 -0.02635097 0.01054996
v -0.01799696 -0.02635097 0.00299996
v -0.01799696 -0.02764898 0.01054996
v -0.01799696 -0.02764898 0.00299996
v -0.01599997 -0.02699995 0.00173795
v -0.01723396 -0.02869898 0.00299996
v -0.01599997 -0.02910000 0.00299996
v -0.01476597 -0.02869898 0.00299996
v -0.01599997 -0.02699995 0.00173795
v -0.01599997 -0.02489995 0.00299996
v -0.01723396 -0.02530097 0.00299996
v -0.01476597 -0.02530097 0.00299996
v -0.01799696 -0.02635097 0.00299996
v -0.01799696 -0.02764898 0.00299996
v -0.01400297 -0.02635097 0.00299996
v -0.01400297 -0.02764898 0.00299996
v -0.01599997 0.02489995 0.00299996
v -0.01599997 0.02489995 0.01054996
v -0.01476597 0.02530097 0.01054996
v -0.01723396 0.02530097 0.00299996
v -0.01723396 0.02530097 0.01054996
v -0.01476597 0.02530097 0.00299996
v -0.01400297 0.02635097 0.01054996
v -0.01400297 0.02635097 0.00299996
v -0.01400297 0.02764898 0.01054996
v -0.01400297 0.02764898 0.00299996
v -0.01476597 0.02869898 0.01054996
v -0.01476597 0.02869898 0.00299996
v -0.01599997 0.02910000 0.01054996
v -0.01599997 0.02910000 0.00299996
v -0.01723396 0.02869898 0.01054996
v -0.01723396 0.02869898 0.00299996
v -0.01799696 0.02764898 0.01054996
v -0.01799696 0.02764898 0.00299996
v -0.01799696 0.02635097 0.01054996
v -0.01799696 0.02635097 0.00299996
v -0.01599997 0.02699995 0.00173795
v -0.01723396 0.02530097 0.00299996
v -0.01599997 0.02489995 0.00299996
v -0.01476597 0.02530097 0.00299996
v -0.01599997 0.02699995 0.00173795
v -0.01599997 0.02910000 0.00299996
v -0.01723396 0.02869898 0.00299996
v -0.01476597 0.02869898 0.00299996
v -0.01799696 0.02764898 0.00299996
v -0.01799696 0.02635097 0.00299996
v -0.01400297 0.02764898 0.00299996
v -0.01400297 0.02635097 0.00299996
vt 0.06757700 0.06026399
vt 0.13478000 0.56107903
vt 0.13478000 0.06026399
vt 0.15383101 0.55032301
vt 0.20390800 0.06026399
vt 0.06757700 0.06026399
vt 0.13478000 0.06026399
vt 0.15383101 0.06026399
vt 0.18766400 0.06026399
vt 0.15383101 0.06026399
vt 0.18561700 0.06026399
vt 0.18569089 0.06026399
vt 0.18745901 0.06026399
vt 0.06757700 0.56107903
vt 0.36498499 0.56107903
vt 0.13478000 0.56107903
vt 0.06757700 0.56107903
vt 0.34593299 0.55032301
vt 0.15383101 0.55032301
vt 0.03353697 0.06026399
vt 0.03385996 0.56107903
vt 0.43218800 0.56107903
vt 0.03385996 0.56107903
vt 0.00000000 0.56107903
vt 0.24988200 0.93725997
vt 0.00000000 0.56107903
vt 0.46622801 0.56107903
vt 1.00000000 0.06026399
vt 0.96646303 0.56107903
vt 0.99767298 0.93725997
vt 0.96646303 0.56107903
vt 0.15228190 0.93725997
vt 0.10127000 0.93725997
vt 0.04862397 0.93725997
vt 0.93242300 0.06026399
vt 0.93242300 0.56107903
vt 0.53409499 0.56107903
vt 0.93242300 0.56107903
vt 0.96613997 0.06026399
vt 0.75011802 0.93725997
vt 0.94705403 0.93725997
vt 0.84771800 0.93725997
vt 0.86522001 0.06026399
vt 0.86522001 0.56107903
vt 0.79343301 0.72359800
vt 0.86522001 0.56107903
vt 0.56781203 0.56107903
vt 0.84616899 0.06026399
vt 0.84616899 0.55032301
vt 0.81571698 0.63386500
vt 0.84616899 0.55032301
vt 0.81627500 0.68536401
vt 0.78939301 0.06026399
vt 0.86522001 0.06026399
vt 0.93242300 0.06026399
vt 0.80115098 0.06026399
vt 0.80067098 0.06026399
vt 0.84616899 0.06026399
vt 0.79971302 0.06026399
vt 0.79201698 0.06026399
vt 0.96613997 0.06026399
vt 1.00000000 0.06026399
vt 0.19093791 0.06026399
vt 0.03353697 0.06026399
vt 0.80903101 0.06026399
vt 0.19694600 0.06026399
vt 0.16685900 0.52344799
vt 0.16685900 0.06026399
vt 0.18542799 0.06026399
vt 0.18768001 0.06026399
vt 0.16685900 0.06026399
vt 0.18542799 0.06026399
vt 0.33290499 0.52344799
vt 0.16685900 0.52344799
vt 0.18542799 0.45021799
vt 0.31433699 0.45021799
vt 0.18542799 0.45021799
vt 0.18768001 0.43475601
vt 0.31208500 0.43475601
vt 0.18768001 0.43475601
vt 0.18768001 0.06026399
vt 0.18766400 0.41983601
vt 0.18766400 0.06026399
vt 0.18561700 0.06026399
vt 0.31210101 0.41983601
vt 0.18766400 0.41983601
vt 0.18561700 0.39120901
vt 0.31414801 0.39120901
vt 0.18561700 0.39120901
vt 0.18569089 0.37923199
vt 0.31407300 0.37923199
vt 0.18569089 0.37923199
vt 0.18569089 0.06026399
vt 0.18745901 0.36840999
vt 0.18745901 0.06026399
vt 0.20442189 0.06026399
vt 0.20442189 0.06026399
vt 0.31230599 0.36840999
vt 0.18745901 0.36840999
vt 0.20442189 0.18394600
vt 0.29534301 0.29543301
vt 0.20442189 0.29543301
vt 0.20442189 0.29543301
vt 0.80067098 0.22794400
vt 0.80067098 0.06026399
vt 0.80115098 0.06026399
vt 0.80013800 0.06026399
vt 0.80013800 0.23660900
vt 0.80013800 0.06026399
vt 0.80115098 0.22007200
vt 0.79971302 0.06026399
vt 0.79201698 0.19058301
vt 0.79201698 0.06026399
vt 0.79971302 0.21300390
vt 0.78594297 0.06026399
vt 0.78594297 0.06026399
vt 0.76975602 0.06026399
vt 0.78133601 0.06026399
vt 0.78594297 0.18211500
vt 0.78133601 0.06026399
vt 0.77607101 0.06026399
vt 0.78134400 0.17921790
vt 0.77607101 0.06026399
vt 0.76460397 0.06026399
vt 0.77607101 0.17725401
vt 0.76460397 0.06026399
vt 0.75011802 0.06026399
vt 0.73563099 0.06026399
vt 0.76460397 0.17614201
vt 0.73563099 0.06026399
vt 0.73048002 0.06026399
vt 0.72416401 0.06026399
vt 0.73563099 0.17614201
vt 0.72416401 0.06026399
vt 0.71084201 0.06026399
vt 0.71889102 0.06026399
vt 0.72416401 0.17725401
vt 0.71889102 0.06026399
vt 0.71429199 0.06026399
vt 0.71889901 0.17921400
vt 0.71429199 0.06026399
vt 0.70821798 0.06026399
vt 0.71429199 0.18211500
vt 0.70821798 0.06026399
vt 0.70052201 0.06026399
vt 0.70052201 0.21300390
vt 0.70052201 0.06026399
vt 0.70821798 0.19058301
vt 0.65406698 0.06026399
vt 0.69908398 0.06026399
vt 0.69908398 0.06026399
vt 0.63501501 0.06026399
vt 0.69956398 0.06026399
vt 0.69908398 0.22007200
vt 0.69956398 0.06026399
vt 0.70009702 0.06026399
vt 0.69956398 0.22794400
vt 0.70009702 0.06026399
vt 0.66709501 0.06026399
vt 0.69838899 0.06026399
vt 0.70009702 0.23660900
vt 0.69838899 0.06026399
vt 0.69838899 0.24602400
vt 0.66709501 0.06026399
vt 0.66709501 0.52344799
vt 0.65406698 0.06026399
vt 0.65406698 0.55032301
vt 0.63501501 0.06026399
vt 0.56781203 0.06026399
vt 0.63501501 0.56107903
vt 0.56781203 0.06026399
vt 0.69120401 0.06026399
vt 0.53377199 0.06026399
vt 0.56781203 0.56107903
vt 0.53377199 0.06026399
vt 0.49976501 0.06026399
vt 0.50023502 0.56107903
vt 0.49976501 0.06026399
vt 0.53409499 0.56107903
vt 0.30281901 0.06026399
vt 0.46590501 0.06026399
vt 0.46622801 0.56107903
vt 0.46590501 0.06026399
vt 0.30882701 0.06026399
vt 0.43218800 0.06026399
vt 0.43218800 0.06026399
vt 0.31414801 0.06026399
vt 0.36498499 0.06026399
vt 0.43218800 0.56107903
vt 0.36498499 0.06026399
vt 0.31407300 0.06026399
vt 0.31230599 0.06026399
vt 0.29534301 0.06026399
vt 0.29585701 0.06026399
vt 0.31210101 0.06026399
vt 0.34593299 0.06026399
vt 0.36498499 0.56107903
vt 0.34593299 0.06026399
vt 0.31433699 0.06026399
vt 0.33290499 0.06026399
vt 0.34593299 0.55032301
vt 0.33290499 0.06026399
vt 0.31208500 0.06026399
vt 0.31433699 0.45021799
vt 0.31433699 0.06026399
vt 0.33290499 0.52344799
vt 0.31208500 0.06026399
vt 0.31208500 0.43475601
vt 0.31210101 0.06026399
vt 0.31414801 0.39120901
vt 0.31414801 0.06026399
vt 0.31210101 0.41983601
vt 0.31407300 0.06026399
vt 0.31407300 0.37923199
vt 0.31230599 0.06026399
vt 0.29534301 0.18394600
vt 0.29534301 0.06026399
vt 0.31230599 0.36840999
vt 0.29534301 0.29543301
vt 0.29585701 0.06026399
vt 0.29585701 0.17532900
vt 0.30281901 0.06026399
vt 0.30281901 0.16941001
vt 0.30882701 0.06026399
vt 0.30996901 0.06026399
vt 0.30948099 0.16353700
vt 0.30996901 0.06026399
vt 0.67118400 0.06026399
vt 0.31159800 0.06026399
vt 0.30996901 0.01052099
vt 0.31159800 0.06026399
vt 0.30959901 0.01107299
vt 0.30903900 0.01159799
vt 0.64114702 0.06026399
vt 0.31481501 0.06026399
vt 0.31159800 0.00958794
vt 0.31481501 0.06026399
vt 0.35469300 0.06026399
vt 0.33445299 0.06026399
vt 0.31481501 0.00920498
vt 0.33445299 0.06026399
vt 0.35945100 0.06026399
vt 0.36175600 0.06026399
vt 0.35409099 0.06026399
vt 0.33772600 0.00920498
vt 0.35409099 0.06026399
vt 0.35609999 0.06026399
vt 0.38782400 0.06026399
vt 0.37372899 0.06026399
vt 0.36063600 0.00920498
vt 0.37372899 0.06026399
vt 0.36995399 0.06026399
vt 0.37918499 0.06026399
vt 0.48098299 0.06026399
vt 0.39596400 0.06026399
vt 0.38354701 0.00920498
vt 0.39596400 0.06026399
vt 0.48323500 0.06026399
vt 0.48748600 0.06026399
vt 0.49356499 0.06026399
vt 0.50044203 0.06026399
vt 0.48537600 0.06026399
vt 0.41854799 0.06026399
vt 0.40645799 0.00920498
vt 0.41854799 0.06026399
vt 0.56856400 0.06026399
vt 0.44078100 0.06026399
vt 0.42936799 0.00920498
vt 0.44078100 0.06026399
vt 0.49965301 0.06026399
vt 0.49430799 0.06026399
vt 0.54777598 0.06026399
vt 0.46269301 0.06026399
vt 0.45227900 0.00920498
vt 0.46269301 0.06026399
vt 0.52682698 0.06026399
vt 0.48431799 0.06026399
vt 0.47519001 0.00920498
vt 0.48431799 0.06026399
vt 0.50568497 0.06026399
vt 0.49810001 0.00920498
vt 0.50568497 0.06026399
vt 0.52101099 0.00920498
vt 0.52682698 0.06026399
vt 0.54392201 0.00920498
vt 0.54777598 0.06026399
vt 0.56683201 0.00920498
vt 0.56856400 0.06026399
vt 0.51462400 0.06026399
vt 0.58922100 0.06026399
vt 0.58922100 0.06026399
vt 0.51031500 0.06026399
vt 0.50511402 0.06026399
vt 0.51901698 0.06026399
vt 0.60978001 0.06026399
vt 0.58974302 0.00920498
vt 0.60978001 0.06026399
vt 0.63027197 0.06026399
vt 0.61265397 0.00920498
vt 0.63027197 0.06026399
vt 0.50714302 0.06026399
vt 0.51676500 0.06026399
vt 0.63004601 0.06026399
vt 0.65073001 0.06026399
vt 0.63556403 0.00920498
vt 0.65073001 0.06026399
vt 0.62034303 0.06026399
vt 0.61157501 0.06026399
vt 0.64389998 0.06026399
vt 0.65847498 0.00920498
vt 0.67118400 0.06026399
vt 0.63824397 0.06026399
vt 0.68138599 0.00920498
vt 0.69120401 0.06026399
vt 0.64537501 0.06026399
vt 0.70429599 0.00920498
vt 0.71084201 0.06026399
vt 0.72720701 0.00920498
vt 0.73048002 0.06026399
vt 0.75011802 0.06026399
vt 0.75011802 0.00920498
vt 0.76975602 0.06026399
vt 0.77302802 0.00920498
vt 0.78939301 0.06026399
vt 0.79593903 0.00920498
vt 0.80903101 0.06026399
vt 0.85492802 0.06026399
vt 0.83126700 0.06026399
vt 0.81884998 0.00920498
vt 0.83126700 0.06026399
vt 0.18816701 0.06026399
vt 0.18494990 0.06026399
vt 0.14091191 0.06026399
vt 0.18979600 0.06026399
vt 0.85968602 0.06026399
vt 0.86199099 0.06026399
vt 0.85385102 0.06026399
vt 0.84175998 0.00920498
vt 0.85385102 0.06026399
vt 0.85633498 0.06026399
vt 0.88805902 0.06026399
vt 0.87608302 0.06026399
vt 0.86467099 0.00920498
vt 0.87608302 0.06026399
vt 0.87941998 0.06026399
vt 0.87018901 0.06026399
vt 0.10601600 0.06026399
vt 0.89799601 0.06026399
vt 0.88758099 0.00920498
vt 0.89799601 0.06026399
vt 0.12603600 0.06026399
vt 0.08556199 0.06026399
vt 0.91961998 0.06026399
vt 0.91049200 0.00920498
vt 0.91961998 0.06026399
vt 0.06510400 0.06026399
vt 0.94098699 0.06026399
vt 0.93340302 0.00920498
vt 0.94098699 0.06026399
vt 0.04461199 0.06026399
vt 0.96213001 0.06026399
vt 0.95631301 0.00920498
vt 0.96213001 0.06026399
vt 0.02405297 0.06026399
vt 0.98307902 0.06026399
vt 0.97922403 0.00920498
vt 0.98307902 0.06026399
vt 0.00339597 0.06026399
vt 0.00166398 0.00920498
vt 0.00339597 0.06026399
vt 0.02405297 0.06026399
vt 0.02457499 0.00920498
vt 0.04461199 0.06026399
vt 0.04748594 0.00920498
vt 0.06510400 0.06026399
vt 0.07039600 0.00920498
vt 0.08556199 0.06026399
vt 0.09330695 0.00920498
vt 0.10601600 0.06026399
vt 0.11621800 0.00920498
vt 0.12603600 0.06026399
vt 0.12981100 0.06026399
vt 0.14567401 0.06026399
vt 0.13912800 0.00920498
vt 0.14567401 0.06026399
vt 0.12010800 0.06026399
vt 0.11134000 0.06026399
vt 0.14366500 0.06026399
vt 0.16531201 0.06026399
vt 0.16203900 0.00920498
vt 0.16531201 0.06026399
vt 0.13800900 0.06026399
vt 0.18494990 0.06026399
vt 0.14514001 0.06026399
vt 0.18494990 0.00920498
vt 0.18816701 0.06026399
vt 0.18816701 0.00958794
vt 0.18979600 0.06026399
vt 0.19028400 0.16353700
vt 0.19093791 0.06026399
vt 0.18979600 0.01052099
vt 0.19072600 0.15704800
vt 0.19694600 0.06026399
vt 0.19694600 0.16941001
vt 0.20390800 0.06026399
vt 0.20390800 0.17532900
vt 0.80184603 0.06026399
vt 0.83314103 0.06026399
vt 0.83314103 0.06026399
vt 0.83314103 0.52344799
vt 0.80184603 0.06026399
vt 0.80184603 0.24602400
vt 0.48098299 0.32579899
vt 0.48098299 0.06026399
vt 0.48323500 0.06026399
vt 0.48537600 0.31111300
vt 0.48537600 0.06026399
vt 0.48323500 0.34342000
vt 0.48748600 0.06026399
vt 0.49285701 0.35693800
vt 0.49356499 0.06026399
vt 0.49955800 0.35916701
vt 0.50044203 0.06026399
vt 0.50643498 0.35737100
vt 0.50714302 0.06026399
vt 0.51251400 0.35168701
vt 0.51676500 0.06026399
vt 0.51676500 0.34342000
vt 0.51901698 0.06026399
vt 0.51901698 0.32579899
vt 0.51462400 0.06026399
vt 0.51462400 0.31111300
vt 0.51031500 0.06026399
vt 0.50569201 0.30279201
vt 0.50511402 0.06026399
vt 0.50034702 0.30159900
vt 0.49965301 0.06026399
vt 0.49488601 0.30255699
vt 0.49430799 0.06026399
vt 0.48968500 0.30578801
vt 0.13800900 0.14230099
vt 0.13800900 0.06026399
vt 0.12981100 0.06026399
vt 0.14366500 0.14632900
vt 0.14366500 0.06026399
vt 0.12981100 0.14017899
vt 0.12010800 0.06026399
vt 0.11194100 0.14217301
vt 0.11134000 0.06026399
vt 0.12058000 0.14009400
vt 0.89413202 0.06026399
vt 0.10567900 0.06026399
vt 0.10586800 0.14647789
vt 0.10567900 0.06026399
vt 0.89537799 0.06026399
vt 0.10462200 0.06026399
vt 0.10462200 0.06026399
vt 0.89096999 0.06026399
vt 0.10903000 0.06026399
vt 0.10462200 0.15242800
vt 0.10903000 0.06026399
vt 0.88156199 0.06026399
vt 0.11843800 0.06026399
vt 0.10903000 0.15825400
vt 0.11843800 0.06026399
vt 0.86972702 0.06026399
vt 0.13086900 0.06026399
vt 0.11843800 0.16224600
vt 0.13086900 0.06026399
vt 0.14031400 0.15847300
vt 0.14091191 0.06026399
vt 0.13027300 0.16242500
vt 0.14507200 0.15224589
vt 0.14514001 0.06026399
vt 0.38132700 0.06026399
vt 0.61867303 0.06026399
vt 0.60926503 0.06026399
vt 0.60926503 0.15825400
vt 0.60926503 0.06026399
vt 0.61867303 0.06026399
vt 0.39073500 0.06026399
vt 0.60485703 0.06026399
vt 0.60485703 0.15242800
vt 0.60485703 0.06026399
vt 0.36949199 0.06026399
vt 0.63110399 0.06026399
vt 0.61867303 0.16224600
vt 0.63110399 0.06026399
vt 0.64054900 0.15847300
vt 0.64114702 0.06026399
vt 0.63050801 0.16242500
vt 0.64530700 0.15224589
vt 0.64537501 0.06026399
vt 0.64389998 0.06026399
vt 0.64389998 0.14632900
vt 0.63824397 0.06026399
vt 0.63824397 0.14230099
vt 0.63004601 0.06026399
vt 0.63004601 0.14017899
vt 0.62034303 0.06026399
vt 0.61217600 0.14217301
vt 0.61157501 0.06026399
vt 0.62081498 0.14009400
vt 0.39389700 0.06026399
vt 0.60591400 0.06026399
vt 0.60610300 0.14647789
vt 0.60591400 0.06026399
vt 0.39514300 0.06026399
vt 0.36175600 0.14230099
vt 0.36175600 0.06026399
vt 0.35609999 0.06026399
vt 0.36995399 0.14017899
vt 0.36995399 0.06026399
vt 0.35609999 0.14632900
vt 0.35469300 0.06026399
vt 0.35885301 0.15803100
vt 0.35945100 0.06026399
vt 0.35462499 0.15193100
vt 0.36889601 0.16231500
vt 0.36949199 0.06026399
vt 0.38132700 0.06026399
vt 0.38132700 0.16224600
vt 0.39073500 0.06026399
vt 0.39073500 0.15825400
vt 0.39514300 0.06026399
vt 0.39514300 0.15242800
vt 0.39389700 0.06026399
vt 0.38842499 0.14243200
vt 0.38782400 0.06026399
vt 0.39408600 0.14673901
vt 0.37965700 0.14014600
vt 0.37918499 0.06026399
vt 0.89096999 0.15825400
vt 0.89096999 0.06026399
vt 0.89537799 0.06026399
vt 0.88156199 0.16224600
vt 0.88156199 0.06026399
vt 0.89537799 0.15242800
vt 0.89413202 0.06026399
vt 0.88866001 0.14243200
vt 0.88805902 0.06026399
vt 0.89432102 0.14673901
vt 0.87989199 0.14014600
vt 0.87941998 0.06026399
vt 0.87018901 0.06026399
vt 0.87018901 0.14017899
vt 0.86199099 0.06026399
vt 0.86199099 0.14230099
vt 0.85633498 0.06026399
vt 0.85633498 0.14632900
vt 0.85492802 0.06026399
vt 0.85908800 0.15803100
vt 0.85968602 0.06026399
vt 0.85486001 0.15193100
vt 0.86913103 0.16231500
vt 0.86972702 0.06026399
vt 0.78594297 0.18211500
vt 0.80115098 0.22007200
vt 0.79971302 0.21300390
vt 0.79201698 0.19058301
vt 0.80067098 0.22794400
vt 0.80013800 0.23660900
vt 0.78589797 0.19180100
vt 0.80184603 0.24602400
vt 0.78589797 0.19180100
vt 0.78134400 0.17921790
vt 0.78153902 0.18511701
vt 0.78589797 0.30063400
vt 0.78153902 0.18511701
vt 0.77607101 0.17725401
vt 0.77806503 0.18276200
vt 0.78153902 0.28915301
vt 0.77806503 0.18276200
vt 0.77402598 0.18114790
vt 0.77806801 0.28508300
vt 0.77402598 0.18114790
vt 0.76460397 0.17614201
vt 0.76512700 0.18022500
vt 0.77402598 0.28228399
vt 0.76512700 0.18022500
vt 0.73563099 0.17614201
vt 0.73510802 0.18022500
vt 0.76512700 0.28068000
vt 0.73510802 0.18022500
vt 0.72416401 0.17725401
vt 0.72620898 0.18114790
vt 0.73510802 0.28068000
vt 0.72620898 0.18114790
vt 0.72216702 0.18276300
vt 0.72620898 0.28228399
vt 0.72216702 0.18276300
vt 0.71889901 0.17921400
vt 0.71869600 0.18511701
vt 0.72217000 0.28508100
vt 0.71869600 0.18511701
vt 0.71433699 0.19180100
vt 0.71869600 0.28915301
vt 0.71433699 0.19180100
vt 0.71429199 0.18211500
vt 0.69838899 0.24602400
vt 0.71433699 0.30063400
vt 0.70009702 0.23660900
vt 0.69956398 0.22794400
vt 0.70821798 0.19058301
vt 0.69908398 0.22007200
vt 0.70052201 0.21300390
vt 0.77789497 0.37689799
vt 0.83314103 0.52344799
vt 0.78589797 0.30063400
vt 0.75774002 0.29963899
vt 0.78153902 0.28915301
vt 0.76217097 0.32778001
vt 0.75893998 0.33319300
vt 0.73729402 0.35781601
vt 0.76402301 0.32112801
vt 0.76428699 0.31444201
vt 0.76314902 0.30836701
vt 0.76294100 0.35781601
vt 0.77250099 0.36231399
vt 0.21682800 0.27867401
vt 0.28293699 0.27867401
vt 0.27412400 0.27775800
vt 0.27412400 0.22069401
vt 0.27412400 0.27775800
vt 0.28293699 0.27867401
vt 0.22564100 0.27775800
vt 0.24988200 0.27845600
vt 0.22564100 0.27775800
vt 0.25734299 0.27448100
vt 0.26420701 0.26286200
vt 0.26994100 0.24447700
vt 0.21274801 0.28108501
vt 0.28702000 0.28108701
vt 0.28285199 0.17457899
vt 0.28702000 0.28108701
vt 0.27623400 0.19810189
vt 0.27696401 0.17393699
vt 0.20917299 0.28475201
vt 0.29059201 0.28475201
vt 0.28822699 0.17651300
vt 0.29059201 0.28475201
vt 0.29256400 0.17968100
vt 0.49743801 0.93725997
vt 0.50023502 0.56107903
vt 0.34748301 0.93725997
vt 0.44681901 0.93725997
vt 0.65251702 0.93725997
vt 0.60150498 0.93725997
vt 0.54885900 0.93725997
vt 0.68451798 0.63386500
vt 0.63501501 0.56107903
vt 0.68396097 0.68536401
vt 0.70680201 0.72359800
vt 0.65406698 0.55032301
vt 0.72233999 0.37689799
vt 0.66709501 0.52344799
vt 0.73694003 0.30885199
vt 0.71433699 0.30063400
vt 0.73590797 0.31509501
vt 0.73630399 0.32169300
vt 0.75011802 0.29662400
vt 0.71869600 0.28915301
vt 0.74249500 0.29963899
vt 0.73927701 0.30349001
vt 0.77806801 0.28508300
vt 0.72217000 0.28508100
vt 0.77402598 0.28228399
vt 0.72620898 0.28228399
vt 0.76512700 0.28068000
vt 0.73510802 0.28068000
vt 0.20917299 0.28475201
vt 0.21153800 0.17651300
vt 0.21274801 0.28108501
vt 0.20720100 0.17968100
vt 0.21682800 0.27867401
vt 0.21691300 0.17457899
vt 0.24242200 0.27448100
vt 0.22982401 0.24447700
vt 0.22564100 0.22069401
vt 0.22352700 0.19805001
vt 0.23555800 0.26286200
vt 0.22280000 0.17393699
vt 0.24988200 0.91906101
vt 0.24988200 0.93725997
vt 0.15228190 0.93725997
vt 0.34748301 0.91906101
vt 0.34748301 0.93725997
vt 0.15228190 0.91906101
vt 0.10127000 0.93725997
vt 0.05294597 0.91906101
vt 0.04862397 0.93725997
vt 0.00232697 0.91906101
vt 0.99767298 0.93725997
vt 0.95137602 0.91906101
vt 0.94705403 0.93725997
vt 0.89872998 0.91906101
vt 0.84771800 0.93725997
vt 0.84771800 0.91906101
vt 0.75011802 0.93725997
vt 0.75011802 0.91906101
vt 0.65251702 0.93725997
vt 0.65251702 0.91906101
vt 0.60150498 0.93725997
vt 0.55318099 0.91906101
vt 0.54885900 0.93725997
vt 0.50256199 0.91906101
vt 0.49743801 0.93725997
vt 0.45114100 0.91906101
vt 0.44681901 0.93725997
vt 0.39849499 0.91906101
vt 0.75011802 0.33786899
vt 0.75011802 0.30739000
vt 0.75011802 0.33786899
vt 0.75893998 0.33319300
vt 0.72773403 0.36231500
vt 0.74129498 0.33319300
vt 0.74129498 0.30311701
vt 0.74129498 0.33319300
vt 0.75893998 0.30311701
vt 0.76217097 0.32778001
vt 0.76393098 0.29263100
vt 0.76402301 0.32112801
vt 0.76432699 0.28663000
vt 0.76428699 0.31444201
vt 0.76329499 0.28096101
vt 0.76314902 0.30836701
vt 0.76095802 0.27609900
vt 0.75774002 0.29963899
vt 0.75774002 0.27261099
vt 0.75011802 0.29662400
vt 0.75011802 0.26988301
vt 0.74249500 0.29963899
vt 0.74249500 0.27261099
vt 0.73927701 0.30349001
vt 0.73708701 0.28051999
vt 0.73694003 0.30885199
vt 0.73594803 0.28603601
vt 0.73590797 0.31509501
vt 0.73621202 0.29211700
vt 0.73630399 0.32169300
vt 0.73806399 0.29817799
vt 0.73729402 0.37509900
vt 0.73729402 0.35781601
vt 0.72773403 0.36231500
vt 0.76294100 0.37509900
vt 0.76294100 0.35781601
vt 0.72423899 0.38629001
vt 0.72233999 0.37689799
vt 0.73228103 0.37594399
vt 0.72773403 0.37977201
vt 0.72233999 0.39489499
vt 0.68451798 0.63386500
vt 0.68451798 0.65450299
vt 0.68396097 0.68536401
vt 0.69253302 0.72796500
vt 0.70680201 0.72359800
vt 0.68162698 0.67888898
vt 0.68396097 0.70494699
vt 0.70680201 0.74208403
vt 0.79343301 0.72359800
vt 0.79343301 0.74208403
vt 0.81627500 0.68536401
vt 0.81860799 0.67888898
vt 0.81571698 0.63386500
vt 0.80770302 0.72796500
vt 0.81627399 0.70494699
vt 0.81571698 0.65450299
vt 0.77789497 0.37689799
vt 0.77789497 0.39489499
vt 0.77250099 0.36231399
vt 0.76795399 0.37594399
vt 0.77599603 0.38629001
vt 0.77250099 0.37977201
vt 0.24988200 0.22965600
vt 0.24988200 0.27845600
vt 0.25734299 0.27448100
vt 0.23946489 0.21873000
vt 0.24242200 0.27448100
vt 0.26030001 0.21873000
vt 0.26420701 0.26286200
vt 0.26994100 0.24447700
vt 0.26787499 0.18885700
vt 0.27412400 0.22069401
vt 0.27623400 0.19810189
vt 0.23188999 0.18885700
vt 0.22564100 0.22069401
vt 0.22982401 0.24447700
vt 0.22913601 0.14789000
vt 0.22352700 0.19805001
vt 0.23555800 0.26286200
vt 0.27696401 0.17393699
vt 0.27062899 0.14789000
vt 0.28639501 0.15986700
vt 0.27062899 0.14789000
vt 0.27696401 0.17393699
vt 0.27279401 0.17271391
vt 0.26787499 0.18885700
vt 0.27062899 0.14789000
vt 0.27367401 0.14571901
vt 0.28854600 0.14571901
vt 0.27367401 0.14571901
vt 0.30341899 0.14571901
vt 0.28822300 0.15721799
vt 0.30948099 0.16353700
vt 0.30281901 0.16941001
vt 0.28285199 0.17457899
vt 0.29612899 0.16483600
vt 0.29131299 0.16473401
vt 0.28755799 0.16279390
vt 0.22280000 0.17393699
vt 0.21229100 0.16270800
vt 0.22280000 0.17393699
vt 0.22913601 0.14789000
vt 0.19694600 0.16941001
vt 0.21691300 0.17457899
vt 0.19028400 0.16353700
vt 0.20363601 0.16483600
vt 0.20845100 0.16473401
vt 0.22609100 0.14571901
vt 0.22913601 0.14789000
vt 0.23188999 0.18885700
vt 0.21099900 0.14571901
vt 0.22609100 0.14571901
vt 0.19590691 0.14571901
vt 0.19747500 0.14656900
vt 0.20779000 0.15581501
vt 0.21335600 0.15977100
vt 0.21154200 0.15721799
vt 0.22952101 0.19725101
vt 0.23946489 0.21873000
vt 0.22697100 0.17270701
vt 0.23845400 0.23236600
vt 0.24988200 0.22965600
vt 0.23348100 0.21754190
vt 0.24988200 0.24421389
vt 0.26030001 0.21873000
vt 0.24403401 0.24126400
vt 0.26628301 0.21754500
vt 0.25572801 0.24126700
vt 0.26130900 0.23237000
vt 0.27024201 0.19726200
vt 0.24988200 0.28910899
vt 0.24988200 0.24421389
vt 0.25572801 0.24126700
vt 0.24135301 0.28910899
vt 0.24403401 0.24126400
vt 0.25841200 0.28910899
vt 0.26130900 0.23237000
vt 0.26628301 0.21754500
vt 0.26694199 0.28910899
vt 0.27024201 0.19726200
vt 0.27279401 0.17271391
vt 0.27547199 0.28910899
vt 0.27367401 0.14571901
vt 0.28854600 0.14571901
vt 0.22429290 0.28910899
vt 0.22609100 0.14571901
vt 0.22697100 0.17270701
vt 0.21576300 0.28910899
vt 0.21099900 0.14571901
vt 0.22952101 0.19725101
vt 0.23282300 0.28910899
vt 0.23348100 0.21754190
vt 0.23845400 0.23236600
vt 0.32469001 0.01734799
vt 0.30341899 0.14571901
vt 0.30341899 0.01734799
vt 0.30243599 0.01680099
vt 0.30341899 0.01734799
vt 0.30341899 0.14571901
vt 0.32298601 0.00810599
vt 0.32469001 0.01734799
vt 0.30341899 0.01734799
vt 0.30387101 0.01081699
vt 0.30475599 0.00810599
vt 0.31387100 0.00810599
vt 0.30320501 0.01543897
vt 0.30320501 0.01543897
vt 0.29253101 0.28910899
vt 0.30106100 0.28910899
vt 0.30959499 0.28910899
vt 0.30243599 0.14679900
vt 0.30243599 0.14679900
vt 0.28400099 0.28910899
vt 0.24988200 0.29781899
vt 0.24988200 0.28910899
vt 0.25841200 0.28910899
vt 0.24118499 0.29781899
vt 0.24135301 0.28910899
vt 0.26727799 0.29781899
vt 0.26694199 0.28910899
vt 0.25858000 0.29781899
vt 0.27597600 0.29781899
vt 0.27547199 0.28910899
vt 0.28467399 0.29781899
vt 0.28400099 0.28910899
vt 0.29337201 0.29781899
vt 0.29253101 0.28910899
vt 0.30206901 0.29781899
vt 0.30106100 0.28910899
vt 0.31076699 0.29781899
vt 0.30959499 0.28910899
vt 0.31797600 0.28910899
vt 0.32098499 0.29781899
vt 0.31797600 0.28910899
vt 0.32700199 0.28910899
vt 0.32700199 0.28910899
vt 0.34596199 0.01734799
vt 0.33601901 0.28910899
vt 0.33190200 0.29781899
vt 0.33601901 0.28910899
vt 0.34503001 0.28910899
vt 0.34271401 0.29781899
vt 0.34503001 0.28910899
vt 0.35403901 0.28910899
vt 0.35342601 0.29781899
vt 0.35403901 0.28910899
vt 0.36723301 0.01734799
vt 0.36304799 0.28910899
vt 0.36403999 0.29781899
vt 0.36304799 0.28910899
vt 0.37206101 0.28910899
vt 0.37456000 0.29781899
vt 0.37206101 0.28910899
vt 0.38850400 0.01734799
vt 0.38108000 0.28910899
vt 0.38498899 0.29781899
vt 0.38108000 0.28910899
vt 0.39010900 0.28910899
vt 0.39533001 0.29781899
vt 0.39010900 0.28910899
vt 0.40977600 0.01734799
vt 0.39915001 0.28910899
vt 0.40558600 0.29781899
vt 0.39915001 0.28910899
vt 0.40820700 0.28910899
vt 0.41576001 0.29781899
vt 0.40820700 0.28910899
vt 0.41728300 0.28910899
vt 0.42585701 0.29781899
vt 0.41728300 0.28910899
vt 0.43104699 0.01734799
vt 0.42638099 0.28910899
vt 0.43587801 0.29781899
vt 0.42638099 0.28910899
vt 0.43550301 0.28910899
vt 0.44582799 0.29781899
vt 0.43550301 0.28910899
vt 0.45231900 0.01734799
vt 0.44465300 0.28910899
vt 0.45570901 0.29781899
vt 0.44465300 0.28910899
vt 0.45231900 0.01734799
vt 0.45383501 0.28910899
vt 0.47527799 0.29781899
vt 0.45383501 0.28910899
vt 0.46552399 0.29781899
vt 0.47358999 0.01734799
vt 0.46305001 0.28910899
vt 0.49461100 0.29781899
vt 0.46305001 0.28910899
vt 0.48497200 0.29781899
vt 0.52876300 0.28910899
vt 0.47230199 0.28910899
vt 0.47230199 0.28910899
vt 0.53835899 0.28910899
vt 0.50419700 0.29781899
vt 0.51922500 0.28910899
vt 0.48159400 0.28910899
vt 0.48159400 0.28910899
vt 0.50974202 0.28910899
vt 0.49092999 0.28910899
vt 0.49486101 0.01734799
vt 0.49092999 0.28910899
vt 0.50031102 0.28910899
vt 0.50031102 0.28910899
vt 0.51613301 0.01734799
vt 0.50974202 0.28910899
vt 0.51922500 0.28910899
vt 0.53740400 0.01734799
vt 0.52876300 0.28910899
vt 0.53835899 0.28910899
vt 0.55867499 0.01734799
vt 0.54801702 0.28910899
vt 0.54801702 0.28910899
vt 0.55773902 0.28910899
vt 0.52322501 0.29781899
vt 0.55773902 0.28910899
vt 0.51373398 0.29781899
vt 0.56752902 0.28910899
vt 0.54208100 0.29781899
vt 0.56752902 0.28910899
vt 0.53267300 0.29781899
vt 0.57994699 0.01734799
vt 0.57738900 0.28910899
vt 0.55145299 0.29781899
vt 0.57738900 0.28910899
vt 0.58732301 0.28910899
vt 0.57010102 0.29781899
vt 0.58732301 0.28910899
vt 0.56079203 0.29781899
vt 0.60121799 0.01734799
vt 0.59733301 0.28910899
vt 0.57938302 0.29781899
vt 0.59733301 0.28910899
vt 0.60742301 0.28910899
vt 0.58864099 0.29781899
vt 0.60742301 0.28910899
vt 0.62248898 0.01734799
vt 0.61759597 0.28910899
vt 0.60710001 0.29781899
vt 0.61759597 0.28910899
vt 0.59787899 0.29781899
vt 0.62785399 0.28910899
vt 0.61630797 0.29781899
vt 0.62785399 0.28910899
vt 0.64376098 0.01734799
vt 0.63820100 0.28910899
vt 0.62550402 0.29781899
vt 0.63820100 0.28910899
vt 0.64863998 0.28910899
vt 0.63469303 0.29781899
vt 0.64863998 0.28910899
vt 0.66503203 0.01734799
vt 0.65917403 0.28910899
vt 0.64387798 0.29781899
vt 0.65917403 0.28910899
vt 0.66980600 0.28910899
vt 0.66224700 0.29781899
vt 0.66980600 0.28910899
vt 0.65306097 0.29781899
vt 0.68630397 0.01734799
vt 0.68053901 0.28910899
vt 0.67143899 0.29781899
vt 0.68053901 0.28910899
vt 0.69040900 0.28910899
vt 0.68063903 0.29781899
vt 0.69040900 0.28910899
vt 0.70757502 0.01734799
vt 0.69893903 0.28910899
vt 0.68923903 0.29781899
vt 0.69893903 0.28910899
vt 0.70746899 0.28910899
vt 0.69793099 0.29781899
vt 0.70746899 0.28910899
vt 0.71599901 0.28910899
vt 0.70662802 0.29781899
vt 0.71599901 0.28910899
vt 0.72884601 0.01734799
vt 0.72452801 0.28910899
vt 0.71532601 0.29781899
vt 0.72452801 0.28910899
vt 0.73305798 0.28910899
vt 0.72402400 0.29781899
vt 0.73305798 0.28910899
vt 0.75011802 0.01734799
vt 0.74158800 0.28910899
vt 0.73272198 0.29781899
vt 0.74158800 0.28910899
vt 0.75011802 0.28910899
vt 0.74141997 0.29781899
vt 0.75011802 0.28910899
vt 0.77136803 0.01734799
vt 0.75864702 0.28910899
vt 0.75011802 0.29781899
vt 0.75864702 0.28910899
vt 0.75011802 0.00810599
vt 0.75011802 0.01734799
vt 0.72884601 0.01734799
vt 0.76834702 0.00810599
vt 0.77136803 0.01734799
vt 0.75923198 0.00810599
vt 0.72277302 0.00810599
vt 0.70757502 0.01734799
vt 0.74100298 0.00810599
vt 0.73188800 0.00810599
vt 0.70454299 0.00810599
vt 0.68630397 0.01734799
vt 0.71365798 0.00810599
vt 0.67694998 0.00810599
vt 0.66503203 0.01734799
vt 0.69542801 0.00810599
vt 0.68648601 0.00810599
vt 0.65789902 0.00810599
vt 0.64376098 0.01734799
vt 0.66742200 0.00810599
vt 0.63885403 0.00810599
vt 0.62248898 0.01734799
vt 0.64837801 0.00810599
vt 0.61978900 0.00810599
vt 0.60121799 0.01734799
vt 0.62932599 0.00810599
vt 0.60067803 0.00810599
vt 0.57994699 0.01734799
vt 0.61024100 0.00810599
vt 0.57186699 0.00810599
vt 0.55867499 0.01734799
vt 0.59109700 0.00810599
vt 0.58149397 0.00810599
vt 0.55252498 0.00810599
vt 0.53740400 0.01734799
vt 0.56221098 0.00810599
vt 0.53304499 0.00810599
vt 0.51613301 0.01734799
vt 0.54280299 0.00810599
vt 0.51340002 0.00810599
vt 0.49486101 0.01734799
vt 0.52324498 0.00810599
vt 0.49356601 0.00810599
vt 0.47358999 0.01734799
vt 0.50350797 0.00810599
vt 0.47351500 0.00810599
vt 0.45231900 0.01734799
vt 0.48356900 0.00810599
vt 0.44297400 0.00810599
vt 0.43104699 0.01734799
vt 0.46339899 0.00810599
vt 0.45322099 0.00810599
vt 0.42226699 0.00810599
vt 0.40977600 0.01734799
vt 0.43265799 0.00810599
vt 0.40125200 0.00810599
vt 0.38850400 0.01734799
vt 0.41180000 0.00810599
vt 0.37990201 0.00810599
vt 0.36723301 0.01734799
vt 0.39061999 0.00810599
vt 0.35944501 0.00810599
vt 0.34596199 0.01734799
vt 0.36909300 0.00810599
vt 0.34121501 0.00810599
vt 0.35033000 0.00810599
vt 0.33210099 0.00810599
vt 0.30243599 0.01680099
vt 0.30475599 0.00810599
vt 0.30387101 0.01081699
vt 0.31481501 0.00000000
vt 0.31387100 0.00810599
vt 0.30475599 0.00810599
vt 0.31127101 0.00223595
vt 0.30903900 0.01159799
vt 0.31127101 0.00223595
vt 0.30298999 0.01352298
vt 0.30298999 0.01352298
vt 0.30298999 0.01352298
vt 0.78657699 0.00810599
vt 0.79261899 0.01734799
vt 0.77570701 0.28910899
vt 0.79261899 0.01734799
vt 0.77746201 0.00810599
vt 0.76717699 0.28910899
vt 0.80480701 0.00810599
vt 0.81386900 0.01734799
vt 0.79276597 0.28910899
vt 0.81386900 0.01734799
vt 0.79569203 0.00810599
vt 0.78423703 0.28910899
vt 0.82526302 0.00810599
vt 0.83511901 0.01734799
vt 0.81821197 0.28910899
vt 0.83511901 0.01734799
vt 0.81445497 0.00810599
vt 0.80983001 0.28910899
vt 0.80129600 0.28910899
vt 0.84661299 0.00810599
vt 0.85636997 0.01734799
vt 0.83625400 0.28910899
vt 0.85636997 0.01734799
vt 0.83598202 0.00810599
vt 0.82723701 0.28910899
vt 0.86762899 0.00810599
vt 0.87761998 0.01734799
vt 0.86328298 0.28910899
vt 0.87761998 0.01734799
vt 0.85716099 0.00810599
vt 0.85427397 0.28910899
vt 0.84526497 0.28910899
vt 0.89858198 0.00810599
vt 0.89887100 0.01734799
vt 0.88131499 0.28910899
vt 0.89887100 0.01734799
vt 0.88833600 0.00810599
vt 0.87801898 0.00810599
vt 0.87229598 0.28910899
vt 0.91887599 0.00810599
vt 0.92012101 0.01734799
vt 0.89938498 0.28910899
vt 0.92012101 0.01734799
vt 0.90876102 0.00810599
vt 0.89034402 0.28910899
vt 0.93892699 0.00810599
vt 0.94137198 0.01734799
vt 0.92661601 0.28910899
vt 0.94137198 0.01734799
vt 0.92892998 0.00810599
vt 0.91751802 0.28910899
vt 0.90844202 0.28910899
vt 0.95876199 0.00810599
vt 0.96262199 0.01734799
vt 0.94488901 0.28910899
vt 0.96262199 0.01734799
vt 0.94887000 0.00810599
vt 0.93573803 0.28910899
vt 0.97840601 0.00810599
vt 0.98387301 0.01734799
vt 0.96328503 0.28910899
vt 0.98387301 0.01734799
vt 0.96860600 0.00810599
vt 0.95406997 0.28910899
vt 0.99788600 0.00810599
vt 0.00465298 0.01734799
vt 0.99116498 0.28910899
vt 0.00465298 0.01734799
vt 0.98816502 0.00810599
vt 0.98182899 0.28910899
vt 0.97253698 0.28910899
vt 0.01675796 0.00810599
vt 0.02590399 0.01734799
vt 0.00950700 0.28910899
vt 0.02590399 0.01734799
vt 0.00710195 0.00810599
vt 0.00007600 0.28910899
vt 0.04556900 0.00810599
vt 0.04715394 0.01734799
vt 0.02852797 0.28910899
vt 0.04715394 0.01734799
vt 0.03598797 0.00810599
vt 0.02638494 0.00810599
vt 0.01898896 0.28910899
vt 0.06468099 0.00810599
vt 0.06840497 0.01734799
vt 0.04778200 0.28910899
vt 0.06840497 0.01734799
vt 0.05513197 0.00810599
vt 0.03812396 0.28910899
vt 0.08374595 0.00810599
vt 0.08965498 0.01734799
vt 0.07715398 0.28910899
vt 0.08965498 0.01734799
vt 0.07421696 0.00810599
vt 0.06729400 0.28910899
vt 0.05750399 0.28910899
vt 0.10278990 0.00810599
vt 0.11090600 0.01734799
vt 0.09709799 0.28910899
vt 0.11090600 0.01734799
vt 0.09326899 0.00810599
vt 0.08708798 0.28910899
vt 0.13137700 0.00810599
vt 0.13215600 0.01734799
vt 0.11736100 0.28910899
vt 0.13215600 0.01734799
vt 0.12184100 0.00810599
vt 0.11231300 0.00810599
vt 0.10718800 0.28910899
vt 0.14943500 0.00810599
vt 0.15340599 0.01734799
vt 0.13796601 0.28910899
vt 0.15340599 0.01734799
vt 0.14032000 0.00810599
vt 0.12761900 0.28910899
vt 0.16766401 0.00810599
vt 0.17465700 0.01734799
vt 0.15893900 0.28910899
vt 0.17465700 0.01734799
vt 0.15854999 0.00810599
vt 0.14840500 0.28910899
vt 0.19589400 0.01081800
vt 0.19590691 0.01734799
vt 0.18030301 0.28910899
vt 0.19590691 0.01734799
vt 0.19500890 0.00810599
vt 0.18589400 0.00810599
vt 0.17677900 0.00810599
vt 0.16957100 0.28910899
vt 0.19634099 0.01543796
vt 0.19747500 0.01691699
vt 0.19590691 0.01734799
vt 0.19634099 0.01543796
vt 0.19017400 0.28910899
vt 0.19590691 0.14571901
vt 0.19747500 0.14656900
vt 0.19590691 0.14571901
vt 0.19677600 0.01352494
vt 0.19677600 0.01352494
vt 0.19747500 0.01691699
vt 0.19677600 0.01352494
vt 0.19589400 0.01081800
vt 0.19500890 0.00810599
vt 0.18849400 0.00223595
vt 0.19500890 0.00810599
vt 0.18589400 0.00810599
vt 0.18849400 0.00223595
vt 0.16531689 0.00000000
vt 0.17677900 0.00810599
vt 0.18494990 0.00000000
vt 0.16766401 0.00810599
vt 0.14568400 0.00000000
vt 0.15854999 0.00810599
vt 0.14943500 0.00810599
vt 0.12605099 0.00000000
vt 0.14032000 0.00810599
vt 0.13137700 0.00810599
vt 0.10377600 0.00000000
vt 0.12184100 0.00810599
vt 0.08119100 0.00000000
vt 0.11231300 0.00810599
vt 0.10278990 0.00810599
vt 0.05895799 0.00000000
vt 0.09326899 0.00810599
vt 0.03704500 0.00000000
vt 0.08374595 0.00810599
vt 0.99452502 0.00000000
vt 0.07421696 0.00810599
vt 0.01542097 0.00000000
vt 0.92892998 0.00810599
vt 0.06468099 0.00810599
vt 0.91887599 0.00810599
vt 0.93892699 0.00810599
vt 0.05513197 0.00810599
vt 0.94887000 0.00810599
vt 0.04556900 0.00810599
vt 0.95876199 0.00810599
vt 0.03598797 0.00810599
vt 0.96860600 0.00810599
vt 0.02638494 0.00810599
vt 0.97840601 0.00810599
vt 0.01675796 0.00810599
vt 0.98816502 0.00810599
vt 0.00710195 0.00810599
vt 0.99788600 0.00810599
vt 0.90876102 0.00810599
vt 0.95243597 0.00000000
vt 0.89858198 0.00810599
vt 0.97338301 0.00000000
vt 0.93164998 0.00000000
vt 0.88833600 0.00810599
vt 0.91099501 0.00000000
vt 0.87801898 0.00810599
vt 0.86762899 0.00810599
vt 0.89043802 0.00000000
vt 0.85716099 0.00810599
vt 0.86994803 0.00000000
vt 0.84661299 0.00810599
vt 0.83598202 0.00810599
vt 0.84949398 0.00000000
vt 0.82526302 0.00810599
vt 0.82904297 0.00000000
vt 0.81445497 0.00810599
vt 0.80480701 0.00810599
vt 0.80901802 0.00000000
vt 0.79569203 0.00810599
vt 0.78657699 0.00810599
vt 0.78938401 0.00000000
vt 0.77746201 0.00810599
vt 0.76834702 0.00810599
vt 0.76975101 0.00000000
vt 0.75923198 0.00810599
vt 0.75011802 0.00810599
vt 0.75011802 0.00000000
vt 0.74100298 0.00810599
vt 0.73048502 0.00000000
vt 0.73188800 0.00810599
vt 0.72277302 0.00810599
vt 0.71085203 0.00000000
vt 0.71365798 0.00810599
vt 0.70454299 0.00810599
vt 0.69121802 0.00000000
vt 0.69542801 0.00810599
vt 0.68648601 0.00810599
vt 0.66894400 0.00000000
vt 0.67694998 0.00810599
vt 0.66742200 0.00810599
vt 0.64635903 0.00000000
vt 0.65789902 0.00810599
vt 0.64837801 0.00810599
vt 0.62412602 0.00000000
vt 0.63885403 0.00810599
vt 0.62932599 0.00810599
vt 0.60221303 0.00000000
vt 0.61978900 0.00810599
vt 0.58058900 0.00000000
vt 0.61024100 0.00810599
vt 0.55922300 0.00000000
vt 0.60067803 0.00810599
vt 0.53808099 0.00000000
vt 0.59109700 0.00810599
vt 0.51713300 0.00000000
vt 0.58149397 0.00810599
vt 0.42226699 0.00810599
vt 0.57186699 0.00810599
vt 0.49634799 0.00000000
vt 0.43265799 0.00810599
vt 0.56221098 0.00810599
vt 0.44297400 0.00810599
vt 0.55252498 0.00810599
vt 0.45322099 0.00810599
vt 0.54280299 0.00810599
vt 0.46339899 0.00810599
vt 0.53304499 0.00810599
vt 0.47351500 0.00810599
vt 0.52324498 0.00810599
vt 0.48356900 0.00810599
vt 0.51340002 0.00810599
vt 0.49356601 0.00810599
vt 0.50350797 0.00810599
vt 0.41180000 0.00810599
vt 0.45513600 0.00000000
vt 0.40125200 0.00810599
vt 0.47569200 0.00000000
vt 0.43464601 0.00000000
vt 0.39061999 0.00810599
vt 0.41419101 0.00000000
vt 0.37990201 0.00810599
vt 0.36909300 0.00810599
vt 0.39374000 0.00000000
vt 0.35944501 0.00810599
vt 0.37371501 0.00000000
vt 0.35033000 0.00810599
vt 0.34121501 0.00810599
vt 0.35408100 0.00000000
vt 0.33210099 0.00810599
vt 0.32298601 0.00810599
vt 0.33444801 0.00000000
vt 0.18653890 0.00022000
vt 0.18782289 0.00152194
vt 0.19072600 0.01159799
vt 0.18782289 0.00152194
vt 0.18736701 0.00076700
vt 0.19016591 0.01107299
vt 0.18736701 0.00076700
vt 0.18979600 0.01052099
vt 0.18653890 0.00022000
vt 0.18816701 0.00958794
vt 0.18494990 0.00000000
vt 0.18494990 0.00920498
vt 0.16531689 0.00000000
vt 0.16203900 0.00920498
vt 0.14568400 0.00000000
vt 0.13912800 0.00920498
vt 0.12605099 0.00000000
vt 0.11621800 0.00920498
vt 0.10377600 0.00000000
vt 0.09330695 0.00920498
vt 0.08119100 0.00000000
vt 0.07039600 0.00920498
vt 0.05895799 0.00000000
vt 0.04748594 0.00920498
vt 0.03704500 0.00000000
vt 0.02457499 0.00920498
vt 0.01542097 0.00000000
vt 0.00166398 0.00920498
vt 0.99452502 0.00000000
vt 0.97922403 0.00920498
vt 0.97338301 0.00000000
vt 0.95631301 0.00920498
vt 0.95243597 0.00000000
vt 0.93340302 0.00920498
vt 0.93164998 0.00000000
vt 0.91099501 0.00000000
vt 0.91049200 0.00920498
vt 0.89043802 0.00000000
vt 0.88758099 0.00920498
vt 0.86994803 0.00000000
vt 0.86467099 0.00920498
vt 0.84949398 0.00000000
vt 0.84175998 0.00920498
vt 0.82904297 0.00000000
vt 0.81884998 0.00920498
vt 0.80901802 0.00000000
vt 0.79593903 0.00920498
vt 0.78938401 0.00000000
vt 0.77302802 0.00920498
vt 0.76975101 0.00000000
vt 0.75011802 0.00000000
vt 0.75011802 0.00920498
vt 0.73048502 0.00000000
vt 0.72720701 0.00920498
vt 0.71085203 0.00000000
vt 0.70429599 0.00920498
vt 0.69121802 0.00000000
vt 0.68138599 0.00920498
vt 0.66894400 0.00000000
vt 0.65847498 0.00920498
vt 0.64635903 0.00000000
vt 0.63556403 0.00920498
vt 0.62412602 0.00000000
vt 0.61265397 0.00920498
vt 0.60221303 0.00000000
vt 0.58974302 0.00920498
vt 0.58058900 0.00000000
vt 0.56683201 0.00920498
vt 0.55922300 0.00000000
vt 0.54392201 0.00920498
vt 0.53808099 0.00000000
vt 0.52101099 0.00920498
vt 0.51713300 0.00000000
vt 0.49810001 0.00920498
vt 0.49634799 0.00000000
vt 0.47569200 0.00000000
vt 0.47519001 0.00920498
vt 0.45513600 0.00000000
vt 0.45227900 0.00920498
vt 0.43464601 0.00000000
vt 0.42936799 0.00920498
vt 0.41419101 0.00000000
vt 0.40645799 0.00920498
vt 0.39374000 0.00000000
vt 0.38354701 0.00920498
vt 0.37371501 0.00000000
vt 0.36063600 0.00920498
vt 0.35408100 0.00000000
vt 0.33772600 0.00920498
vt 0.33444801 0.00000000
vt 0.31481501 0.00000000
vt 0.31194201 0.00152194
vt 0.31322601 0.00022000
vt 0.31481501 0.00920498
vt 0.31322601 0.00022000
vt 0.31239799 0.00076700
vt 0.31159800 0.00958794
vt 0.31239799 0.00076700
vt 0.30996901 0.01052099
vt 0.31194201 0.00152194
vt 0.30959901 0.01107299
vt 0.19016591 0.01107299
vt 0.19072600 0.01159799
vt 0.19747500 0.01691699
vt 0.28822699 0.17651300
vt 0.29585701 0.17532900
vt 0.30903900 0.15704800
vt 0.30004299 0.16308101
vt 0.30903900 0.15704800
vt 0.30243599 0.14679900
vt 0.30001700 0.15746100
vt 0.30154300 0.16017500
vt 0.30243599 0.01680099
vt 0.29256400 0.17968100
vt 0.29534301 0.18394600
vt 0.29637301 0.15589300
vt 0.29197499 0.15581501
vt 0.29572201 0.16955391
vt 0.29612899 0.16483600
vt 0.30004299 0.16308101
vt 0.29082301 0.16915600
vt 0.29131299 0.16473401
vt 0.29948899 0.16746899
vt 0.30154300 0.16017500
vt 0.29987100 0.16436701
vt 0.30001700 0.15746100
vt 0.29688400 0.16210000
vt 0.29637301 0.15589300
vt 0.29197499 0.15581501
vt 0.29232001 0.16177800
vt 0.28822300 0.15721799
vt 0.28863099 0.16354300
vt 0.28639501 0.15986700
vt 0.28791600 0.16656999
vt 0.28755799 0.16279390
vt 0.29572201 0.28128901
vt 0.29572201 0.16955391
vt 0.29948899 0.16746899
vt 0.29089499 0.28058401
vt 0.29082301 0.16915600
vt 0.30014899 0.27446499
vt 0.29987100 0.16436701
vt 0.29945201 0.27740401
vt 0.29871401 0.26881799
vt 0.29688400 0.16210000
vt 0.29989100 0.27145100
vt 0.29681599 0.26697299
vt 0.29232001 0.16177800
vt 0.29232001 0.26639599
vt 0.28863099 0.16354300
vt 0.28782800 0.27245399
vt 0.28791600 0.16656999
vt 0.28867099 0.26971000
vt 0.28896400 0.27841100
vt 0.28790000 0.27551201
vt 0.71464700 0.25398001
vt 0.29089499 0.28058401
vt 0.29572201 0.28128901
vt 0.29945201 0.27740401
vt 0.29422101 0.25398001
vt 0.29232001 0.26639599
vt 0.28867099 0.26971000
vt 0.29681599 0.26697299
vt 0.28535300 0.25398001
vt 0.28782800 0.27245399
vt 0.28790000 0.27551201
vt 0.72351497 0.25398001
vt 0.28896400 0.27841100
vt 0.27648500 0.25398001
vt 0.74046999 0.27871099
vt 0.74124998 0.25398001
vt 0.75011802 0.25398001
vt 0.75011802 0.29295301
vt 0.75011802 0.25398001
vt 0.74124998 0.25398001
vt 0.75011802 0.27066600
vt 0.75898498 0.25398001
vt 0.77186698 0.29295301
vt 0.75898498 0.25398001
vt 0.74441499 0.27275801
vt 0.71809500 0.40652499
vt 0.73238200 0.25398001
vt 0.73238200 0.25398001
vt 0.72206903 0.39207801
vt 0.72913599 0.38318500
vt 0.73970300 0.28276700
vt 0.72836798 0.29295301
vt 0.72351497 0.25398001
vt 0.26761800 0.25398001
vt 0.71464700 0.25398001
vt 0.70577902 0.25398001
vt 0.70661902 0.29295301
vt 0.70577902 0.25398001
vt 0.30308801 0.25398001
vt 0.69691199 0.25398001
vt 0.69691199 0.25398001
vt 0.29989100 0.27145100
vt 0.30014899 0.27446499
vt 0.67641503 0.28598800
vt 0.68804401 0.25398001
vt 0.68804401 0.25398001
vt 0.34403601 0.36525401
vt 0.65970600 0.35255301
vt 0.66165501 0.33617201
vt 0.65458798 0.36860001
vt 0.67632198 0.27055001
vt 0.67736298 0.25398001
vt 0.68487000 0.29295301
vt 0.67736298 0.25398001
vt 0.67767602 0.27531999
vt 0.67774302 0.28072900
vt 0.66402900 0.26239100
vt 0.66625500 0.25398001
vt 0.66625500 0.25398001
vt 0.67109799 0.26421401
vt 0.65710002 0.26551300
vt 0.65525401 0.25398001
vt 0.66311997 0.29295301
vt 0.65525401 0.25398001
vt 0.63340199 0.28332701
vt 0.64435703 0.25398001
vt 0.64435703 0.25398001
vt 0.65439600 0.26889399
vt 0.60381001 0.29103401
vt 0.63356102 0.25398001
vt 0.64137101 0.29295301
vt 0.63356102 0.25398001
vt 0.61082101 0.28583699
vt 0.61829102 0.28289399
vt 0.51901698 0.32579899
vt 0.62286198 0.25398001
vt 0.62286198 0.25398001
vt 0.51462400 0.31111300
vt 0.61225599 0.25398001
vt 0.61962098 0.29295301
vt 0.61225599 0.25398001
vt 0.50034702 0.30159900
vt 0.60174102 0.25398001
vt 0.60174102 0.25398001
vt 0.50569201 0.30279201
vt 0.40516201 0.25398001
vt 0.59131300 0.25398001
vt 0.59787202 0.29295301
vt 0.59131300 0.25398001
vt 0.39575699 0.25398001
vt 0.41458601 0.25398001
vt 0.58096802 0.25398001
vt 0.58096802 0.25398001
vt 0.42403200 0.25398001
vt 0.57070398 0.25398001
vt 0.57612300 0.29295301
vt 0.57070398 0.25398001
vt 0.43350399 0.25398001
vt 0.56051600 0.25398001
vt 0.56051600 0.25398001
vt 0.44300500 0.25398001
vt 0.55040097 0.25398001
vt 0.55437303 0.29295301
vt 0.55040097 0.25398001
vt 0.45253801 0.25398001
vt 0.54035699 0.25398001
vt 0.54035699 0.25398001
vt 0.46210700 0.25398001
vt 0.53037900 0.25398001
vt 0.53262401 0.29295301
vt 0.53037900 0.25398001
vt 0.47171500 0.25398001
vt 0.52046299 0.25398001
vt 0.52046299 0.25398001
vt 0.48136601 0.25398001
vt 0.51060802 0.25398001
vt 0.51087499 0.29295301
vt 0.51060802 0.25398001
vt 0.49106199 0.25398001
vt 0.50080901 0.25398001
vt 0.50080901 0.25398001
vt 0.49106199 0.25398001
vt 0.48912501 0.29295301
vt 0.48136601 0.25398001
vt 0.47171500 0.25398001
vt 0.46737599 0.29295301
vt 0.46210700 0.25398001
vt 0.45253801 0.25398001
vt 0.44562700 0.29295301
vt 0.44300500 0.25398001
vt 0.43350399 0.25398001
vt 0.42403200 0.25398001
vt 0.42387700 0.29295301
vt 0.41458601 0.25398001
vt 0.40516201 0.25398001
vt 0.40212801 0.29295301
vt 0.39575699 0.25398001
vt 0.48968500 0.30578801
vt 0.38636801 0.25398001
vt 0.38636801 0.25398001
vt 0.49488601 0.30255699
vt 0.48537600 0.31111300
vt 0.37698999 0.25398001
vt 0.38037899 0.29295301
vt 0.37698999 0.25398001
vt 0.48098299 0.32579899
vt 0.36762100 0.25398001
vt 0.36762100 0.25398001
vt 0.38287100 0.28320399
vt 0.35825700 0.25398001
vt 0.35862899 0.29295301
vt 0.35825700 0.25398001
vt 0.48323500 0.34342000
vt 0.39761499 0.29246899
vt 0.39064300 0.28670201
vt 0.37455699 0.28207701
vt 0.34889501 0.25398001
vt 0.34889501 0.25398001
vt 0.36659801 0.28332701
vt 0.33953199 0.25398001
vt 0.33953199 0.25398001
vt 0.33597100 0.26239100
vt 0.33016300 0.25398001
vt 0.33688000 0.29295301
vt 0.33016300 0.25398001
vt 0.34586200 0.26935199
vt 0.33974701 0.26339799
vt 0.34320101 0.26579699
vt 0.32890201 0.26421401
vt 0.32078600 0.25398001
vt 0.32078600 0.25398001
vt 0.32220200 0.28020701
vt 0.31188500 0.25398001
vt 0.31513000 0.29295301
vt 0.31188500 0.25398001
vt 0.32367799 0.27055001
vt 0.30308801 0.25398001
vt 0.33966699 0.34932399
vt 0.33831501 0.33389100
vt 0.32336500 0.28541201
vt 0.29871401 0.26881799
vt 0.29422101 0.25398001
vt 0.29338101 0.29295301
vt 0.28535300 0.25398001
vt 0.27648500 0.25398001
vt 0.27163199 0.29295301
vt 0.26761800 0.25398001
vt 0.67864799 0.74724197
vt 0.25874999 0.25398001
vt 0.25874999 0.25398001
vt 0.67061502 0.70263499
vt 0.67559499 0.66073400
vt 0.24988200 1.00000000
vt 0.24988200 0.25398001
vt 0.24988200 0.25398001
vt 0.37290999 1.00000000
vt 0.43745300 1.00000000
vt 0.50169498 1.00000000
vt 0.70286798 0.77696598
vt 0.79736799 0.77696598
vt 0.24101500 0.25398001
vt 0.24988200 0.29295301
vt 0.24101500 0.25398001
vt 0.06464099 1.00000000
vt 0.00145894 1.00000000
vt 0.12685500 1.00000000
vt 0.82464099 0.66073400
vt 0.23214699 0.25398001
vt 0.23214699 0.25398001
vt 0.82962000 0.70263499
vt 0.82158703 0.74724197
vt 0.77671999 0.25398001
vt 0.22328000 0.25398001
vt 0.22813299 0.29295301
vt 0.22328000 0.25398001
vt 0.76785302 0.25398001
vt 0.21195200 0.27256501
vt 0.21441200 0.25398001
vt 0.21441200 0.25398001
vt 0.78558803 0.25398001
vt 0.21183300 0.27567500
vt 0.20294900 0.26697299
vt 0.20554391 0.25398001
vt 0.20638400 0.29295301
vt 0.20554391 0.25398001
vt 0.20744500 0.26639599
vt 0.21109401 0.26971000
vt 0.19991501 0.27129799
vt 0.19667700 0.25398001
vt 0.19667700 0.25398001
vt 0.20110799 0.26873600
vt 0.17618001 0.28598800
vt 0.18780901 0.25398001
vt 0.18780901 0.25398001
vt 0.80332297 0.25398001
vt 0.84427100 0.36525401
vt 0.15947101 0.35255301
vt 0.16142000 0.33617201
vt 0.15435299 0.36860001
vt 0.17608701 0.27055001
vt 0.17712800 0.25398001
vt 0.18463400 0.29295301
vt 0.17712800 0.25398001
vt 0.17744100 0.27531999
vt 0.17750791 0.28072900
vt 0.16379400 0.26239100
vt 0.16602001 0.25398001
vt 0.16602001 0.25398001
vt 0.17086300 0.26421401
vt 0.15686500 0.26551300
vt 0.15501900 0.25398001
vt 0.16288500 0.29295301
vt 0.15501900 0.25398001
vt 0.13316700 0.28332701
vt 0.14412200 0.25398001
vt 0.14412200 0.25398001
vt 0.15416101 0.26889399
vt 0.10357500 0.29103401
vt 0.13332590 0.25398001
vt 0.14113601 0.29295301
vt 0.13332590 0.25398001
vt 0.11058600 0.28583699
vt 0.11805590 0.28289399
vt 0.87722498 0.25398001
vt 0.12262700 0.25398001
vt 0.12262700 0.25398001
vt 0.86785603 0.25398001
vt 0.88660300 0.25398001
vt 0.11202100 0.25398001
vt 0.11938600 0.29295301
vt 0.11202100 0.25398001
vt 0.89599299 0.25398001
vt 0.10150600 0.25398001
vt 0.10150600 0.25398001
vt 0.90539801 0.25398001
vt 0.09107798 0.25398001
vt 0.09763699 0.29295301
vt 0.09107798 0.25398001
vt 0.91482103 0.25398001
vt 0.08073300 0.25398001
vt 0.08073300 0.25398001
vt 0.92426699 0.25398001
vt 0.07046896 0.25398001
vt 0.07588797 0.29295301
vt 0.07046896 0.25398001
vt 0.93373901 0.25398001
vt 0.06028097 0.25398001
vt 0.06028097 0.25398001
vt 0.94323999 0.25398001
vt 0.05016595 0.25398001
vt 0.05413800 0.29295301
vt 0.05016595 0.25398001
vt 0.95277297 0.25398001
vt 0.04012197 0.25398001
vt 0.04012197 0.25398001
vt 0.96234202 0.25398001
vt 0.03014296 0.25398001
vt 0.03238898 0.29295301
vt 0.03014296 0.25398001
vt 0.97194999 0.25398001
vt 0.02022796 0.25398001
vt 0.02022796 0.25398001
vt 0.98160100 0.25398001
vt 0.01037299 0.25398001
vt 0.01063996 0.29295301
vt 0.01037299 0.25398001
vt 0.99129802 0.25398001
vt 0.00057400 0.25398001
vt 0.00057400 0.25398001
vt 0.99129802 0.25398001
vt 0.98935997 0.29295301
vt 0.98160100 0.25398001
vt 0.97194999 0.25398001
vt 0.96761101 0.29295301
vt 0.96234202 0.25398001
vt 0.95277297 0.25398001
vt 0.94586200 0.29295301
vt 0.94323999 0.25398001
vt 0.93373901 0.25398001
vt 0.92426699 0.25398001
vt 0.92411202 0.29295301
vt 0.91482103 0.25398001
vt 0.90539801 0.25398001
vt 0.90236300 0.29295301
vt 0.89599299 0.25398001
vt 0.88660300 0.25398001
vt 0.88061398 0.29295301
vt 0.87722498 0.25398001
vt 0.86785603 0.25398001
vt 0.88310599 0.28320399
vt 0.85849202 0.25398001
vt 0.85886401 0.29295301
vt 0.85849202 0.25398001
vt 0.89784998 0.29246899
vt 0.89087802 0.28670201
vt 0.87479198 0.28207701
vt 0.84912997 0.25398001
vt 0.84912997 0.25398001
vt 0.86683297 0.28332701
vt 0.83976698 0.25398001
vt 0.83976698 0.25398001
vt 0.83620602 0.26239100
vt 0.83039802 0.25398001
vt 0.83711499 0.29295301
vt 0.83039802 0.25398001
vt 0.84609699 0.26935199
vt 0.83998197 0.26339799
vt 0.84343600 0.26579699
vt 0.82913703 0.26421401
vt 0.82102102 0.25398001
vt 0.82102102 0.25398001
vt 0.82243699 0.28020701
vt 0.81212002 0.25398001
vt 0.81536603 0.29295301
vt 0.81212002 0.25398001
vt 0.82391298 0.27055001
vt 0.80332297 0.25398001
vt 0.83990300 0.34932399
vt 0.83854997 0.33389100
vt 0.82359999 0.28541201
vt 0.19960900 0.27435201
vt 0.79445601 0.25398001
vt 0.79445601 0.25398001
vt 0.20886990 0.28058401
vt 0.79361600 0.29295301
vt 0.78558803 0.25398001
vt 0.20031300 0.27740401
vt 0.20404300 0.28128901
vt 0.77671999 0.25398001
vt 0.21074501 0.27850500
vt 0.76785302 0.25398001
vt 0.76055300 0.28318399
vt 0.78214097 0.40652499
vt 0.77816701 0.39207801
vt 0.77109897 0.38318500
vt 0.75581998 0.27275801
vt 0.75818402 0.27539501
vt 0.75986397 0.27902499
vt 0.20404300 0.16955391
vt 0.20404300 0.28128901
vt 0.20031300 0.27740401
vt 0.20894100 0.16915600
vt 0.20886990 0.28058401
vt 0.20027500 0.16746899
vt 0.19960900 0.27435201
vt 0.19989400 0.16436701
vt 0.19991501 0.27129799
vt 0.20110799 0.26873600
vt 0.20288099 0.16210000
vt 0.20294900 0.26697299
vt 0.20744500 0.26639599
vt 0.20744500 0.16177800
vt 0.21109401 0.26971000
vt 0.21113400 0.16354300
vt 0.21195200 0.27256501
vt 0.21184900 0.16656999
vt 0.21183300 0.27567500
vt 0.21074501 0.27850500
vt 0.51676500 0.34342000
vt 0.59253401 0.30899099
vt 0.51251400 0.35168701
vt 0.59757400 0.29867300
vt 0.58926499 0.32218400
vt 0.50643498 0.35737100
vt 0.49955800 0.35916701
vt 0.40805799 0.31069899
vt 0.49285701 0.35693800
vt 0.58848798 0.33699501
vt 0.40352100 0.30047199
vt 0.15761501 0.29238400
vt 0.15712699 0.30839300
vt 0.14679000 0.29173800
vt 0.14679000 0.13688900
vt 0.14679000 0.29173800
vt 0.15712699 0.30839300
vt 0.15175299 0.27858901
vt 0.13316700 0.13389100
vt 0.13316700 0.28332701
vt 0.15253000 0.28394201
vt 0.16576900 0.29515901
vt 0.16041300 0.32086900
vt 0.15712699 0.14290300
vt 0.16041300 0.32086900
vt 0.16145000 0.15233000
vt 0.16142000 0.33617201
vt 0.17357500 0.29051000
vt 0.16009700 0.15818100
vt 0.15947101 0.35255301
vt 0.15572891 0.16434500
vt 0.15435299 0.36860001
vt 0.85195899 0.37985000
vt 0.14615200 0.38233101
vt 0.14804100 0.17011300
vt 0.14615200 0.38233101
vt 0.86279500 0.39045900
vt 0.13544400 0.39147699
vt 0.13720500 0.17438389
vt 0.13544400 0.39147699
vt 0.88817799 0.39005899
vt 0.11182200 0.39005899
vt 0.12421300 0.17591700
vt 0.11182200 0.39005899
vt 0.87578702 0.39422601
vt 0.90541297 0.36693701
vt 0.09458696 0.36693701
vt 0.11182200 0.17422201
vt 0.09458696 0.36693701
vt 0.91174698 0.33699501
vt 0.08825296 0.33699501
vt 0.09458696 0.16500400
vt 0.08825296 0.33699501
vt 0.90829301 0.31069899
vt 0.08902996 0.32218400
vt 0.08825296 0.15349790
vt 0.08902996 0.32218400
vt 0.09229898 0.30899099
vt 0.09170699 0.14374401
vt 0.09229898 0.30899099
vt 0.90375602 0.30047199
vt 0.09733897 0.29867300
vt 0.09624397 0.14002900
vt 0.09733897 0.29867300
vt 0.10215000 0.13715100
vt 0.10357500 0.29103401
vt 0.10912200 0.13509101
vt 0.11058600 0.28583699
vt 0.11689400 0.13384800
vt 0.11805590 0.28289399
vt 0.12520801 0.13344800
vt 0.15235899 0.27333200
vt 0.41151199 0.33699501
vt 0.59482199 0.36693701
vt 0.59482199 0.16500400
vt 0.59482199 0.36693701
vt 0.58848798 0.33699501
vt 0.40517801 0.36693701
vt 0.61205697 0.39005899
vt 0.61205697 0.17422201
vt 0.61205697 0.39005899
vt 0.58848798 0.15349790
vt 0.58926499 0.32218400
vt 0.59194201 0.14374401
vt 0.59253401 0.30899099
vt 0.59647900 0.14002900
vt 0.59757400 0.29867300
vt 0.60238498 0.13715100
vt 0.60381001 0.29103401
vt 0.60935700 0.13509101
vt 0.61082101 0.28583699
vt 0.61712903 0.13384800
vt 0.61829102 0.28289399
vt 0.62544298 0.13344800
vt 0.63340199 0.28332701
vt 0.65198803 0.27858901
vt 0.64702499 0.29173800
vt 0.63340199 0.13389100
vt 0.64702499 0.29173800
vt 0.65259397 0.27333200
vt 0.65785003 0.29238400
vt 0.65736300 0.30839300
vt 0.64702499 0.13688900
vt 0.65736300 0.30839300
vt 0.65276599 0.28394201
vt 0.66600400 0.29515901
vt 0.66064799 0.32086900
vt 0.65736300 0.14290300
vt 0.66064799 0.32086900
vt 0.66168499 0.15233000
vt 0.66165501 0.33617201
vt 0.67381001 0.29051000
vt 0.66033298 0.15818100
vt 0.65970600 0.35255301
vt 0.65596402 0.16434500
vt 0.65458798 0.36860001
vt 0.35172400 0.37985000
vt 0.64638799 0.38233101
vt 0.64827597 0.17011300
vt 0.64638799 0.38233101
vt 0.36256000 0.39045900
vt 0.63567901 0.39147699
vt 0.63744003 0.17438389
vt 0.63567901 0.39147699
vt 0.38794300 0.39005899
vt 0.62444800 0.17591700
vt 0.37555200 0.39422601
vt 0.34751999 0.27380699
vt 0.35297501 0.29173800
vt 0.35297501 0.13688900
vt 0.35297501 0.29173800
vt 0.36659801 0.28332701
vt 0.34723401 0.28394201
vt 0.34263700 0.30839300
vt 0.34263700 0.14290300
vt 0.34263700 0.30839300
vt 0.36659801 0.13389100
vt 0.37455699 0.28207701
vt 0.38170901 0.13373800
vt 0.38287100 0.28320399
vt 0.38917899 0.13478300
vt 0.39064300 0.28670201
vt 0.39618999 0.13663700
vt 0.39761499 0.29246899
vt 0.40242600 0.13937999
vt 0.40352100 0.30047199
vt 0.40746599 0.14312001
vt 0.40805799 0.31069899
vt 0.41073501 0.14796700
vt 0.41151199 0.33699501
vt 0.41151199 0.15349790
vt 0.40517801 0.36693701
vt 0.40517801 0.16500400
vt 0.38794300 0.39005899
vt 0.38794300 0.17422201
vt 0.37555200 0.39422601
vt 0.36432099 0.17479689
vt 0.36256000 0.39045900
vt 0.35361201 0.17110600
vt 0.35172400 0.37985000
vt 0.34541199 0.16565600
vt 0.34403601 0.36525401
vt 0.34029400 0.15941900
vt 0.33966699 0.34932399
vt 0.33834499 0.15318801
vt 0.33831501 0.33389100
vt 0.33399600 0.29515901
vt 0.33935201 0.14748000
vt 0.32962200 0.29360601
vt 0.32587999 0.29010999
vt 0.34215000 0.29238400
vt 0.90541297 0.16500400
vt 0.90541297 0.36693701
vt 0.88817799 0.39005899
vt 0.91174698 0.15349790
vt 0.91174698 0.33699501
vt 0.88817799 0.17422201
vt 0.87578702 0.39422601
vt 0.86455601 0.17479689
vt 0.86279500 0.39045900
vt 0.85384798 0.17110600
vt 0.85195899 0.37985000
vt 0.84564698 0.16565600
vt 0.84427100 0.36525401
vt 0.84052902 0.15941900
vt 0.83990300 0.34932399
vt 0.83858001 0.15318801
vt 0.83854997 0.33389100
vt 0.83423102 0.29515901
vt 0.84287298 0.30839300
vt 0.83958697 0.14748000
vt 0.84287298 0.30839300
vt 0.82985699 0.29360601
vt 0.82611501 0.29010999
vt 0.84746999 0.28394201
vt 0.85320997 0.29173800
vt 0.84287298 0.14290300
vt 0.85320997 0.29173800
vt 0.84238499 0.29238400
vt 0.84775501 0.27380699
vt 0.85320997 0.13688900
vt 0.86683297 0.28332701
vt 0.86683297 0.13389100
vt 0.87479198 0.28207701
vt 0.88194400 0.13373800
vt 0.88310599 0.28320399
vt 0.88941401 0.13478300
vt 0.89087802 0.28670201
vt 0.89642501 0.13663700
vt 0.89784998 0.29246899
vt 0.90266103 0.13937999
vt 0.90375602 0.30047199
vt 0.90770102 0.14312001
vt 0.90829301 0.31069899
vt 0.91096997 0.14796700
vt 0.75646597 0.29482499
vt 0.75581002 0.33320901
vt 0.75011802 0.32989100
vt 0.75011802 0.27656201
vt 0.75011802 0.32989100
vt 0.75581002 0.33320901
vt 0.75011802 0.29773700
vt 0.74442500 0.33320901
vt 0.74442500 0.27934399
vt 0.74442500 0.33320901
vt 0.75778002 0.33726600
vt 0.75581002 0.27934399
vt 0.75778002 0.33726600
vt 0.76018697 0.28749901
vt 0.75858402 0.34229600
vt 0.75857401 0.28674901
vt 0.75858402 0.34229600
vt 0.75772798 0.28261000
vt 0.76262498 0.38090700
vt 0.75805497 0.34750301
vt 0.75809801 0.29122001
vt 0.75805497 0.34750301
vt 0.75626099 0.35204899
vt 0.75626099 0.35204899
vt 0.73760998 0.38090700
vt 0.75011802 0.35627100
vt 0.75626099 0.29522300
vt 0.75011802 0.35627100
vt 0.74397397 0.35204899
vt 0.75011802 0.29880199
vt 0.74397397 0.35204899
vt 0.74213701 0.34731600
vt 0.74397397 0.29522300
vt 0.74213701 0.34731600
vt 0.74166101 0.34201699
vt 0.74165201 0.28698400
vt 0.74166101 0.34201699
vt 0.74217999 0.29137799
vt 0.74376899 0.29482499
vt 0.74250799 0.33709800
vt 0.74245501 0.28275001
vt 0.74250799 0.33709800
vt 0.87314498 1.00000000
vt 0.75011802 1.00000000
vt 0.75011802 0.98021299
vt 0.75011802 1.00000000
vt 0.87314498 1.00000000
vt 0.62709099 1.00000000
vt 0.62708998 0.98021299
vt 0.62709099 1.00000000
vt 0.93768799 1.00000000
vt 0.87314498 0.98021299
vt 0.93768799 1.00000000
vt 0.99854100 0.98021299
vt 0.00145894 1.00000000
vt 0.93535900 0.98021299
vt 0.06231194 0.98021299
vt 0.06464099 1.00000000
vt 0.12685500 1.00000000
vt 0.12685500 0.98021299
vt 0.24988200 1.00000000
vt 0.24988200 0.98021299
vt 0.37290999 1.00000000
vt 0.37290901 0.98021299
vt 0.43745300 1.00000000
vt 0.49830499 0.98021299
vt 0.50169498 1.00000000
vt 0.43512401 0.98021299
vt 0.56487602 1.00000000
vt 0.56254703 0.98021299
vt 0.56487602 1.00000000
vt 0.81571698 0.65450299
vt 0.82464099 0.66073400
vt 0.82962000 0.70263499
vt 0.77789497 0.39489499
vt 0.78214097 0.40652499
vt 0.81627399 0.70494699
vt 0.82158703 0.74724197
vt 0.81860799 0.67888898
vt 0.80770302 0.72796500
vt 0.79736799 0.77696598
vt 0.79343301 0.74208403
vt 0.70286798 0.77696598
vt 0.70680201 0.74208403
vt 0.67864799 0.74724197
vt 0.68396097 0.70494699
vt 0.67061502 0.70263499
vt 0.69253302 0.72796500
vt 0.68162698 0.67888898
vt 0.67559499 0.66073400
vt 0.68451798 0.65450299
vt 0.71809500 0.40652499
vt 0.72233999 0.39489499
vt 0.72206903 0.39207801
vt 0.72773403 0.37977201
vt 0.72913599 0.38318500
vt 0.72423899 0.38629001
vt 0.74139702 0.29141799
vt 0.73228103 0.37594399
vt 0.73760998 0.38090700
vt 0.73997802 0.28714699
vt 0.73729402 0.37509900
vt 0.76262498 0.38090700
vt 0.76294100 0.37509900
vt 0.77109897 0.38318500
vt 0.77250099 0.37977201
vt 0.77816701 0.39207801
vt 0.76795399 0.37594399
vt 0.77599603 0.38629001
vt 0.75011802 0.19403601
vt 0.75011802 0.29773700
vt 0.74376899 0.29482499
vt 0.75436997 0.19329891
vt 0.75646597 0.29482499
vt 0.74238199 0.19126500
vt 0.74139702 0.29141799
vt 0.74586499 0.19329891
vt 0.74023497 0.18838900
vt 0.73997802 0.28714699
vt 0.73969102 0.18522801
vt 0.73970300 0.28276700
vt 0.74046999 0.27871099
vt 0.74071801 0.18229100
vt 0.74441499 0.27275801
vt 0.74635100 0.17846900
vt 0.75011802 0.27066600
vt 0.74306601 0.17995600
vt 0.75011802 0.17795900
vt 0.75581998 0.27275801
vt 0.75716901 0.17995600
vt 0.75818402 0.27539501
vt 0.75388402 0.17846900
vt 0.75951701 0.18229100
vt 0.75986397 0.27902499
vt 0.76054400 0.18522801
vt 0.76055300 0.28318399
vt 0.76018697 0.28749901
vt 0.75999999 0.18838900
vt 0.75785398 0.19126500
vt 0.65917599 0.28101301
vt 0.65785003 0.29238400
vt 0.65276599 0.28394201
vt 0.66600102 0.28311899
vt 0.66600400 0.29515901
vt 0.65490198 0.27422300
vt 0.65198803 0.27858901
vt 0.65470499 0.26611501
vt 0.65259397 0.27333200
vt 0.65439600 0.26889399
vt 0.65823901 0.25980499
vt 0.65710002 0.26551300
vt 0.66400599 0.25708699
vt 0.66402900 0.26239100
vt 0.67109799 0.26421401
vt 0.67007101 0.25857499
vt 0.67632198 0.27055001
vt 0.67445499 0.26394400
vt 0.67767602 0.27531999
vt 0.67547202 0.27178901
vt 0.67774302 0.28072900
vt 0.67641503 0.28598800
vt 0.67234200 0.27935100
vt 0.67381001 0.29051000
vt 0.32992899 0.25857499
vt 0.32890201 0.26421401
vt 0.33597100 0.26239100
vt 0.32554501 0.26394400
vt 0.32367799 0.27055001
vt 0.33599401 0.25708699
vt 0.33974701 0.26339799
vt 0.34176099 0.25980499
vt 0.34320101 0.26579699
vt 0.34586200 0.26935199
vt 0.34529501 0.26611501
vt 0.34751999 0.27380699
vt 0.34509799 0.27422300
vt 0.34723401 0.28394201
vt 0.34215000 0.29238400
vt 0.34082401 0.28101301
vt 0.33399600 0.29515901
vt 0.33399901 0.28311899
vt 0.32962200 0.29360601
vt 0.32765800 0.27935100
vt 0.32587999 0.29010999
vt 0.32336500 0.28541201
vt 0.32452801 0.27178901
vt 0.32220200 0.28020701
vt 0.16983600 0.25857499
vt 0.17086300 0.26421401
vt 0.17608701 0.27055001
vt 0.16377001 0.25708699
vt 0.16379400 0.26239100
vt 0.17421900 0.26394400
vt 0.17744100 0.27531999
vt 0.17523690 0.27178901
vt 0.17750791 0.28072900
vt 0.17618001 0.28598800
vt 0.17210700 0.27935100
vt 0.17357500 0.29051000
vt 0.16576600 0.28311899
vt 0.16576900 0.29515901
vt 0.15761501 0.29238400
vt 0.15894100 0.28101301
vt 0.15253000 0.28394201
vt 0.15466700 0.27422300
vt 0.15175299 0.27858901
vt 0.15447000 0.26611501
vt 0.15235899 0.27333200
vt 0.15416101 0.26889399
vt 0.15800300 0.25980499
vt 0.15686500 0.26551300
vt 0.84105903 0.28101301
vt 0.84238499 0.29238400
vt 0.83423102 0.29515901
vt 0.84533298 0.27422300
vt 0.84746999 0.28394201
vt 0.83423400 0.28311899
vt 0.82985699 0.29360601
vt 0.82789302 0.27935100
vt 0.82611501 0.29010999
vt 0.82359999 0.28541201
vt 0.82476300 0.27178901
vt 0.82243699 0.28020701
vt 0.82578099 0.26394400
vt 0.82391298 0.27055001
vt 0.82913703 0.26421401
vt 0.83016402 0.25857499
vt 0.83620602 0.26239100
vt 0.83622998 0.25708699
vt 0.83998197 0.26339799
vt 0.84199703 0.25980499
vt 0.84343600 0.26579699
vt 0.84609699 0.26935199
vt 0.84552997 0.26611501
vt 0.84775501 0.27380699
vt 0.75011802 0.29781899
vt 0.75011802 0.29295301
vt 0.72836798 0.29295301
vt 0.76751298 0.29781899
vt 0.77186698 0.29295301
vt 0.75881499 0.29781899
vt 0.72402400 0.29781899
vt 0.70661902 0.29295301
vt 0.74141997 0.29781899
vt 0.73272198 0.29781899
vt 0.69793099 0.29781899
vt 0.68487000 0.29295301
vt 0.71532601 0.29781899
vt 0.70662802 0.29781899
vt 0.68063903 0.29781899
vt 0.66311997 0.29295301
vt 0.68923903 0.29781899
vt 0.66224700 0.29781899
vt 0.64137101 0.29295301
vt 0.67143899 0.29781899
vt 0.63469303 0.29781899
vt 0.61962098 0.29295301
vt 0.65306097 0.29781899
vt 0.64387798 0.29781899
vt 0.61630797 0.29781899
vt 0.59787202 0.29295301
vt 0.62550402 0.29781899
vt 0.58864099 0.29781899
vt 0.57612300 0.29295301
vt 0.60710001 0.29781899
vt 0.59787899 0.29781899
vt 0.57010102 0.29781899
vt 0.55437303 0.29295301
vt 0.57938302 0.29781899
vt 0.55145299 0.29781899
vt 0.53262401 0.29295301
vt 0.56079203 0.29781899
vt 0.52322501 0.29781899
vt 0.51087499 0.29295301
vt 0.54208100 0.29781899
vt 0.53267300 0.29781899
vt 0.50419700 0.29781899
vt 0.48912501 0.29295301
vt 0.51373398 0.29781899
vt 0.48497200 0.29781899
vt 0.46737599 0.29295301
vt 0.49461100 0.29781899
vt 0.46552399 0.29781899
vt 0.44562700 0.29295301
vt 0.47527799 0.29781899
vt 0.43587801 0.29781899
vt 0.42387700 0.29295301
vt 0.45570901 0.29781899
vt 0.44582799 0.29781899
vt 0.41576001 0.29781899
vt 0.40212801 0.29295301
vt 0.42585701 0.29781899
vt 0.39533001 0.29781899
vt 0.38037899 0.29295301
vt 0.40558600 0.29781899
vt 0.37456000 0.29781899
vt 0.35862899 0.29295301
vt 0.38498899 0.29781899
vt 0.35342601 0.29781899
vt 0.33688000 0.29295301
vt 0.36403999 0.29781899
vt 0.33190200 0.29781899
vt 0.31513000 0.29295301
vt 0.34271401 0.29781899
vt 0.31076699 0.29781899
vt 0.29338101 0.29295301
vt 0.32098499 0.29781899
vt 0.29337201 0.29781899
vt 0.27163199 0.29295301
vt 0.30206901 0.29781899
vt 0.26727799 0.29781899
vt 0.24988200 0.29295301
vt 0.28467399 0.29781899
vt 0.27597600 0.29781899
vt 0.24988200 0.29781899
vt 0.22813299 0.29295301
vt 0.25858000 0.29781899
vt 0.22378901 0.29781899
vt 0.20638400 0.29295301
vt 0.24118499 0.29781899
vt 0.23248699 0.29781899
vt 0.19769500 0.29781899
vt 0.18463400 0.29295301
vt 0.21509100 0.29781899
vt 0.20639300 0.29781899
vt 0.18040290 0.29781899
vt 0.16288500 0.29295301
vt 0.18900400 0.29781899
vt 0.16201200 0.29781899
vt 0.14113601 0.29295301
vt 0.17120300 0.29781899
vt 0.13445801 0.29781899
vt 0.11938600 0.29295301
vt 0.15282600 0.29781899
vt 0.14364301 0.29781899
vt 0.11607190 0.29781899
vt 0.09763699 0.29295301
vt 0.12526891 0.29781899
vt 0.08840596 0.29781899
vt 0.07588797 0.29295301
vt 0.10686500 0.29781899
vt 0.09764397 0.29781899
vt 0.06986600 0.29781899
vt 0.05413800 0.29295301
vt 0.07914799 0.29781899
vt 0.05121797 0.29781899
vt 0.03238898 0.29295301
vt 0.06055694 0.29781899
vt 0.02298998 0.29781899
vt 0.01063996 0.29295301
vt 0.04184597 0.29781899
vt 0.03243798 0.29781899
vt 0.00396198 0.29781899
vt 0.98935997 0.29295301
vt 0.01349896 0.29781899
vt 0.98520702 0.29781899
vt 0.96761101 0.29295301
vt 0.99484599 0.29781899
vt 0.96575898 0.29781899
vt 0.94586200 0.29295301
vt 0.97551298 0.29781899
vt 0.93611300 0.29781899
vt 0.92411202 0.29295301
vt 0.95594400 0.29781899
vt 0.94606298 0.29781899
vt 0.91599500 0.29781899
vt 0.90236300 0.29295301
vt 0.92609203 0.29781899
vt 0.89556497 0.29781899
vt 0.88061398 0.29295301
vt 0.90582103 0.29781899
vt 0.87479502 0.29781899
vt 0.85886401 0.29295301
vt 0.88522398 0.29781899
vt 0.85366100 0.29781899
vt 0.83711499 0.29295301
vt 0.86427498 0.29781899
vt 0.83213699 0.29781899
vt 0.81536603 0.29295301
vt 0.84294999 0.29781899
vt 0.81100202 0.29781899
vt 0.79361600 0.29295301
vt 0.82122099 0.29781899
vt 0.79360700 0.29781899
vt 0.80230498 0.29781899
vt 0.78490901 0.29781899
vt 0.77621102 0.29781899
vt 0.23248699 0.29781899
vt 0.23282300 0.28910899
vt 0.22378901 0.29781899
vt 0.22429290 0.28910899
vt 0.21509100 0.29781899
vt 0.21576300 0.28910899
vt 0.20639300 0.29781899
vt 0.20723400 0.28910899
vt 0.19769500 0.29781899
vt 0.19870400 0.28910899
vt 0.18900400 0.29781899
vt 0.19017400 0.28910899
vt 0.18040290 0.29781899
vt 0.18030301 0.28910899
vt 0.17120300 0.29781899
vt 0.16957100 0.28910899
vt 0.16201200 0.29781899
vt 0.15893900 0.28910899
vt 0.15282600 0.29781899
vt 0.14364301 0.29781899
vt 0.14840500 0.28910899
vt 0.13445801 0.29781899
vt 0.13796601 0.28910899
vt 0.12526891 0.29781899
vt 0.12761900 0.28910899
vt 0.11607190 0.29781899
vt 0.11736100 0.28910899
vt 0.10686500 0.29781899
vt 0.10718800 0.28910899
vt 0.09764397 0.29781899
vt 0.08840596 0.29781899
vt 0.09709799 0.28910899
vt 0.07914799 0.29781899
vt 0.08708798 0.28910899
vt 0.06986600 0.29781899
vt 0.07715398 0.28910899
vt 0.06055694 0.29781899
vt 0.05121797 0.29781899
vt 0.06729400 0.28910899
vt 0.04184597 0.29781899
vt 0.05750399 0.28910899
vt 0.03243798 0.29781899
vt 0.02298998 0.29781899
vt 0.04778200 0.28910899
vt 0.01349896 0.29781899
vt 0.00396198 0.29781899
vt 0.96328503 0.28910899
vt 0.99484599 0.29781899
vt 0.03812396 0.28910899
vt 0.95406997 0.28910899
vt 0.98520702 0.29781899
vt 0.97551298 0.29781899
vt 0.94488901 0.28910899
vt 0.96575898 0.29781899
vt 0.95594400 0.29781899
vt 0.93573803 0.28910899
vt 0.94606298 0.29781899
vt 0.92661601 0.28910899
vt 0.93611300 0.29781899
vt 0.91751802 0.28910899
vt 0.92609203 0.29781899
vt 0.90844202 0.28910899
vt 0.91599500 0.29781899
vt 0.89938498 0.28910899
vt 0.90582103 0.29781899
vt 0.89034402 0.28910899
vt 0.89556497 0.29781899
vt 0.88131499 0.28910899
vt 0.88522398 0.29781899
vt 0.87229598 0.28910899
vt 0.87479502 0.29781899
vt 0.86328298 0.28910899
vt 0.86427498 0.29781899
vt 0.85427397 0.28910899
vt 0.85366100 0.29781899
vt 0.84526497 0.28910899
vt 0.84294999 0.29781899
vt 0.83625400 0.28910899
vt 0.83213699 0.29781899
vt 0.82723701 0.28910899
vt 0.82122099 0.29781899
vt 0.80983001 0.28910899
vt 0.81100202 0.29781899
vt 0.81821197 0.28910899
vt 0.80129600 0.28910899
vt 0.80230498 0.29781899
vt 0.79276597 0.28910899
vt 0.79360700 0.29781899
vt 0.78423703 0.28910899
vt 0.78490901 0.29781899
vt 0.77570701 0.28910899
vt 0.77621102 0.29781899
vt 0.76717699 0.28910899
vt 0.76751298 0.29781899
vt 0.75881499 0.29781899
vt 0.20723400 0.28910899
vt 0.19870400 0.28910899
vt 0.02852797 0.28910899
vt 0.97253698 0.28910899
vt 0.01898896 0.28910899
vt 0.98182899 0.28910899
vt 0.00950700 0.28910899
vt 0.99116498 0.28910899
vt 0.00007600 0.28910899
vt 0.20390800 0.17532900
vt 0.21153800 0.17651300
vt 0.20720100 0.17968100
vt 0.20442189 0.18394600
vt 0.19822100 0.16027200
vt 0.19072600 0.15704800
vt 0.19972099 0.16308101
vt 0.20339200 0.15589300
vt 0.19747500 0.14656900
vt 0.19965699 0.15753400
vt 0.20404300 0.16955391
vt 0.20363601 0.16483600
vt 0.20845100 0.16473401
vt 0.20027500 0.16746899
vt 0.19972099 0.16308101
vt 0.20894100 0.16915600
vt 0.21229100 0.16270800
vt 0.21184900 0.16656999
vt 0.21335600 0.15977100
vt 0.21113400 0.16354300
vt 0.21154200 0.15721799
vt 0.20779000 0.15581501
vt 0.20744500 0.16177800
vt 0.20339200 0.15589300
vt 0.20288099 0.16210000
vt 0.19965699 0.15753400
vt 0.19989400 0.16436701
vt 0.19822100 0.16027200
vt 0.13800900 0.14230099
vt 0.14679000 0.13688900
vt 0.15712699 0.14290300
vt 0.12058000 0.14009400
vt 0.13316700 0.13389100
vt 0.12981100 0.14017899
vt 0.14507200 0.15224589
vt 0.16145000 0.15233000
vt 0.14366500 0.14632900
vt 0.13720500 0.17438389
vt 0.16009700 0.15818100
vt 0.12421300 0.17591700
vt 0.14031400 0.15847300
vt 0.14804100 0.17011300
vt 0.15572891 0.16434500
vt 0.11182200 0.17422201
vt 0.13027300 0.16242500
vt 0.09458696 0.16500400
vt 0.10903000 0.15825400
vt 0.08825296 0.15349790
vt 0.11843800 0.16224600
vt 0.10586800 0.14647789
vt 0.09170699 0.14374401
vt 0.10462200 0.15242800
vt 0.11689400 0.13384800
vt 0.09624397 0.14002900
vt 0.12520801 0.13344800
vt 0.11194100 0.14217301
vt 0.10912200 0.13509101
vt 0.10215000 0.13715100
vt 0.60926503 0.15825400
vt 0.59482199 0.16500400
vt 0.58848798 0.15349790
vt 0.63050801 0.16242500
vt 0.61205697 0.17422201
vt 0.61867303 0.16224600
vt 0.60610300 0.14647789
vt 0.59194201 0.14374401
vt 0.60485703 0.15242800
vt 0.61712903 0.13384800
vt 0.59647900 0.14002900
vt 0.62544298 0.13344800
vt 0.61217600 0.14217301
vt 0.60935700 0.13509101
vt 0.60238498 0.13715100
vt 0.63340199 0.13389100
vt 0.62081498 0.14009400
vt 0.64702499 0.13688900
vt 0.63824397 0.14230099
vt 0.65736300 0.14290300
vt 0.63004601 0.14017899
vt 0.64530700 0.15224589
vt 0.66168499 0.15233000
vt 0.64389998 0.14632900
vt 0.63744003 0.17438389
vt 0.66033298 0.15818100
vt 0.62444800 0.17591700
vt 0.64054900 0.15847300
vt 0.64827597 0.17011300
vt 0.65596402 0.16434500
vt 0.36175600 0.14230099
vt 0.35297501 0.13688900
vt 0.36659801 0.13389100
vt 0.35462499 0.15193100
vt 0.34263700 0.14290300
vt 0.35609999 0.14632900
vt 0.37965700 0.14014600
vt 0.38170901 0.13373800
vt 0.36995399 0.14017899
vt 0.40746599 0.14312001
vt 0.38917899 0.13478300
vt 0.41073501 0.14796700
vt 0.38842499 0.14243200
vt 0.40242600 0.13937999
vt 0.39618999 0.13663700
vt 0.41151199 0.15349790
vt 0.39408600 0.14673901
vt 0.40517801 0.16500400
vt 0.39073500 0.15825400
vt 0.38794300 0.17422201
vt 0.39514300 0.15242800
vt 0.36889601 0.16231500
vt 0.36432099 0.17479689
vt 0.38132700 0.16224600
vt 0.33834499 0.15318801
vt 0.35361201 0.17110600
vt 0.33935201 0.14748000
vt 0.35885301 0.15803100
vt 0.34029400 0.15941900
vt 0.34541199 0.16565600
vt 0.89096999 0.15825400
vt 0.90541297 0.16500400
vt 0.88817799 0.17422201
vt 0.89432102 0.14673901
vt 0.91174698 0.15349790
vt 0.89537799 0.15242800
vt 0.86913103 0.16231500
vt 0.86455601 0.17479689
vt 0.88156199 0.16224600
vt 0.83858001 0.15318801
vt 0.85384798 0.17110600
vt 0.83958697 0.14748000
vt 0.85908800 0.15803100
vt 0.84052902 0.15941900
vt 0.84564698 0.16565600
vt 0.84287298 0.14290300
vt 0.85486001 0.15193100
vt 0.85320997 0.13688900
vt 0.86199099 0.14230099
vt 0.86683297 0.13389100
vt 0.85633498 0.14632900
vt 0.87989199 0.14014600
vt 0.88194400 0.13373800
vt 0.87018901 0.14017899
vt 0.90770102 0.14312001
vt 0.88941401 0.13478300
vt 0.91096997 0.14796700
vt 0.88866001 0.14243200
vt 0.90266103 0.13937999
vt 0.89642501 0.13663700
vt 0.75011802 0.26988301
vt 0.75011802 0.27656201
vt 0.75581002 0.27934399
vt 0.74249500 0.27261099
vt 0.74442500 0.27934399
vt 0.75774002 0.27261099
vt 0.75772798 0.28261000
vt 0.75857401 0.28674901
vt 0.75893998 0.30311701
vt 0.75809801 0.29122001
vt 0.76095802 0.27609900
vt 0.76393098 0.29263100
vt 0.75626099 0.29522300
vt 0.75011802 0.29880199
vt 0.75011802 0.30739000
vt 0.74397397 0.29522300
vt 0.74129498 0.30311701
vt 0.74217999 0.29137799
vt 0.74165201 0.28698400
vt 0.74245501 0.28275001
vt 0.73806399 0.29817799
vt 0.73708701 0.28051999
vt 0.76329499 0.28096101
vt 0.76432699 0.28663000
vt 0.73621202 0.29211700
vt 0.73594803 0.28603601
vt 0.75011802 0.91906101
vt 0.75011802 0.98021299
vt 0.87314498 0.98021299
vt 0.65251702 0.91906101
vt 0.62708998 0.98021299
vt 0.84771800 0.91906101
vt 0.93535900 0.98021299
vt 0.99854100 0.98021299
vt 0.15228190 0.91906101
vt 0.06231194 0.98021299
vt 0.89872998 0.91906101
vt 0.05294597 0.91906101
vt 0.12685500 0.98021299
vt 0.24988200 0.98021299
vt 0.24988200 0.91906101
vt 0.37290901 0.98021299
vt 0.34748301 0.91906101
vt 0.43512401 0.98021299
vt 0.49830499 0.98021299
vt 0.56254703 0.98021299
vt 0.39849499 0.91906101
vt 0.55318099 0.91906101
vt 0.95137602 0.91906101
vt 0.00232697 0.91906101
vt 0.45114100 0.91906101
vt 0.50256199 0.91906101
vt 0.75011802 0.16086300
vt 0.75011802 0.19403601
vt 0.74586499 0.19329891
vt 0.75011802 0.16086300
vt 0.75436997 0.19329891
vt 0.74238199 0.19126500
vt 0.74023497 0.18838900
vt 0.73969102 0.18522801
vt 0.74071801 0.18229100
vt 0.74306601 0.17995600
vt 0.74635100 0.17846900
vt 0.75011802 0.17795900
vt 0.75388402 0.17846900
vt 0.75716901 0.17995600
vt 0.75951701 0.18229100
vt 0.76054400 0.18522801
vt 0.75999999 0.18838900
vt 0.75785398 0.19126500
vt 0.65917599 0.12538800
vt 0.65917599 0.28101301
vt 0.65490198 0.27422300
vt 0.66600102 0.12605700
vt 0.66600102 0.28311899
vt 0.65490198 0.12324100
vt 0.65470499 0.26611501
vt 0.65470499 0.12069600
vt 0.65823901 0.25980499
vt 0.65823901 0.11872900
vt 0.66400599 0.25708699
vt 0.66400599 0.11788500
vt 0.67007101 0.25857499
vt 0.67007101 0.11834700
vt 0.67445499 0.26394400
vt 0.67445499 0.12001800
vt 0.67547202 0.27178901
vt 0.67547202 0.12247500
vt 0.67234200 0.27935100
vt 0.67234200 0.12486100
vt 0.66493702 0.09593296
vt 0.66600102 0.12605700
vt 0.65917599 0.12538800
vt 0.65490198 0.12324100
vt 0.66493702 0.09593296
vt 0.67007101 0.11834700
vt 0.67445499 0.12001800
vt 0.66400599 0.11788500
vt 0.67547202 0.12247500
vt 0.67234200 0.12486100
vt 0.65823901 0.11872900
vt 0.65470499 0.12069600
vt 0.32992899 0.11834700
vt 0.32992899 0.25857499
vt 0.33599401 0.25708699
vt 0.32554501 0.12001800
vt 0.32554501 0.26394400
vt 0.33599401 0.11788500
vt 0.34176099 0.25980499
vt 0.34176099 0.11872900
vt 0.34529501 0.26611501
vt 0.34529501 0.12069600
vt 0.34509799 0.27422300
vt 0.34509799 0.12324100
vt 0.34082401 0.28101301
vt 0.34082401 0.12538800
vt 0.33399901 0.28311899
vt 0.33399901 0.12605700
vt 0.32765800 0.27935100
vt 0.32765800 0.12486100
vt 0.32452801 0.27178901
vt 0.32452801 0.12247500
vt 0.33506301 0.09593296
vt 0.32554501 0.12001800
vt 0.32992899 0.11834700
vt 0.33599401 0.11788500
vt 0.33506301 0.09593296
vt 0.34082401 0.12538800
vt 0.33399901 0.12605700
vt 0.34509799 0.12324100
vt 0.32765800 0.12486100
vt 0.32452801 0.12247500
vt 0.34529501 0.12069600
vt 0.34176099 0.11872900
vt 0.16983600 0.11834700
vt 0.16983600 0.25857499
vt 0.17421900 0.26394400
vt 0.16377001 0.11788500
vt 0.16377001 0.25708699
vt 0.17421900 0.12001800
vt 0.17523690 0.27178901
vt 0.17523690 0.12247500
vt 0.17210700 0.27935100
vt 0.17210700 0.12486100
vt 0.16576600 0.28311899
vt 0.16576600 0.12605700
vt 0.15894100 0.28101301
vt 0.15894100 0.12538800
vt 0.15466700 0.27422300
vt 0.15466700 0.12324100
vt 0.15447000 0.26611501
vt 0.15447000 0.12069600
vt 0.15800300 0.25980499
vt 0.15800300 0.11872900
vt 0.16470189 0.09593296
vt 0.16377001 0.11788500
vt 0.16983600 0.11834700
vt 0.17421900 0.12001800
vt 0.16470189 0.09593296
vt 0.15894100 0.12538800
vt 0.15466700 0.12324100
vt 0.16576600 0.12605700
vt 0.15447000 0.12069600
vt 0.15800300 0.11872900
vt 0.17210700 0.12486100
vt 0.17523690 0.12247500
vt 0.84105903 0.12538800
vt 0.84105903 0.28101301
vt 0.83423400 0.28311899
vt 0.84533298 0.12324100
vt 0.84533298 0.27422300
vt 0.83423400 0.12605700
vt 0.82789302 0.27935100
vt 0.82789302 0.12486100
vt 0.82476300 0.27178901
vt 0.82476300 0.12247500
vt 0.82578099 0.26394400
vt 0.82578099 0.12001800
vt 0.83016402 0.25857499
vt 0.83016402 0.11834700
vt 0.83622998 0.25708699
vt 0.83622998 0.11788500
vt 0.84199703 0.25980499
vt 0.84199703 0.11872900
vt 0.84552997 0.26611501
vt 0.84552997 0.12069600
vt 0.83529800 0.09593296
vt 0.84533298 0.12324100
vt 0.84105903 0.12538800
vt 0.83423400 0.12605700
vt 0.83529800 0.09593296
vt 0.83016402 0.11834700
vt 0.83622998 0.11788500
vt 0.82578099 0.12001800
vt 0.84199703 0.11872900
vt 0.84552997 0.12069600
vt 0.82476300 0.12247500
vt 0.82789302 0.12486100
f 1/1 2/2 3/3
f 4/4 3/3 2/2
f 5/5 6/6 7/7
f 8/8 3/3 4/4
f 9/9 7/7 10/10
f 11/11 7/7 9/9
f 12/12 7/7 11/11
f 12/12 13/13 7/7
f 5/5 7/7 13/13
f 1/1 14/14 2/2
f 15/15 16/16 17/17
f 18/18 19/19 16/16
f 15/15 18/18 16/16
f 20/20 21/21 14/14
f 22/22 17/17 23/23
f 1/1 20/20 14/14
f 22/22 15/15 17/17
f 20/20 24/24 21/21
f 25/25 23/23 26/26
f 27/27 22/22 23/23
f 25/25 27/27 23/23
f 28/28 29/29 24/24
f 30/30 26/26 31/31
f 20/20 28/28 24/24
f 32/32 25/25 26/26
f 33/33 32/32 26/26
f 34/34 33/33 26/26
f 30/30 34/34 26/26
f 35/35 36/36 29/29
f 37/37 31/31 38/38
f 39/39 35/35 29/29
f 28/28 39/39 29/29
f 40/40 31/31 37/37
f 41/41 30/30 31/31
f 42/42 41/41 31/31
f 40/40 42/42 31/31
f 43/43 44/44 36/36
f 45/45 38/38 46/46
f 35/35 43/43 36/36
f 47/47 37/37 38/38
f 45/45 47/47 38/38
f 48/48 44/44 43/43
f 49/49 44/44 48/48
f 50/50 46/46 51/51
f 52/52 45/45 46/46
f 50/50 52/52 46/46
f 53/53 54/54 55/55
f 56/56 57/57 54/54
f 58/58 54/54 57/57
f 59/59 56/56 54/54
f 59/59 54/54 53/53
f 53/53 60/60 59/59
f 53/53 55/55 61/61
f 53/53 61/61 62/62
f 63/63 62/62 64/64
f 65/65 53/53 62/62
f 63/63 65/65 62/62
f 66/66 64/64 6/6
f 66/66 63/63 64/64
f 5/5 66/66 6/6
f 8/8 67/67 68/68
f 69/69 68/68 67/67
f 70/70 10/10 71/71
f 70/70 71/71 72/72
f 8/8 4/4 67/67
f 73/73 74/74 19/19
f 69/69 67/67 75/75
f 76/76 77/77 74/74
f 73/73 76/76 74/74
f 18/18 73/73 19/19
f 70/70 9/9 10/10
f 78/78 69/69 75/75
f 79/79 80/80 77/77
f 76/76 79/79 77/77
f 81/81 69/69 78/78
f 81/81 82/82 83/83
f 84/84 83/83 82/82
f 81/81 78/78 82/82
f 85/85 86/86 80/80
f 84/84 82/82 87/87
f 88/88 89/89 86/86
f 85/85 88/88 86/86
f 79/79 85/85 80/80
f 90/90 84/84 87/87
f 91/91 92/92 89/89
f 88/88 91/91 89/89
f 93/93 84/84 90/90
f 93/93 94/94 95/95
f 96/96 95/95 94/94
f 97/97 5/5 13/13
f 93/93 90/90 94/94
f 98/98 99/99 92/92
f 100/100 96/96 94/94
f 98/98 101/101 99/99
f 102/102 99/99 101/101
f 100/100 94/94 103/103
f 91/91 98/98 92/92
f 104/104 105/105 106/106
f 107/107 58/58 57/57
f 108/108 109/109 105/105
f 108/108 105/105 104/104
f 110/110 106/106 111/111
f 110/110 104/104 106/106
f 112/112 111/111 113/113
f 110/110 111/111 114/114
f 112/112 114/114 111/111
f 53/53 115/115 60/60
f 112/112 113/113 116/116
f 117/117 118/118 115/115
f 119/119 116/116 120/120
f 53/53 117/117 115/115
f 112/112 116/116 119/119
f 117/117 121/121 118/118
f 122/122 120/120 123/123
f 119/119 120/120 122/122
f 117/117 124/124 121/121
f 125/125 123/123 126/126
f 122/122 123/123 125/125
f 127/127 128/128 124/124
f 129/129 126/126 130/130
f 117/117 127/127 124/124
f 125/125 126/126 129/129
f 131/131 132/132 128/128
f 133/133 130/130 134/134
f 127/127 131/131 128/128
f 129/129 130/130 133/133
f 135/135 136/136 132/132
f 137/137 134/134 138/138
f 131/131 135/135 132/132
f 133/133 134/134 137/137
f 135/135 139/139 136/136
f 140/140 138/138 141/141
f 137/137 138/138 140/140
f 135/135 142/142 139/139
f 143/143 141/141 144/144
f 140/140 141/141 143/143
f 135/135 145/145 142/142
f 146/146 144/144 147/147
f 148/148 144/144 146/146
f 143/143 144/144 148/148
f 149/149 150/150 145/145
f 146/146 147/147 151/151
f 152/152 149/149 145/145
f 135/135 152/152 145/145
f 149/149 153/153 150/150
f 154/154 151/151 155/155
f 146/146 151/151 154/154
f 149/149 156/156 153/153
f 157/157 155/155 158/158
f 154/154 155/155 157/157
f 159/159 160/160 156/156
f 161/161 158/158 162/162
f 149/149 159/159 156/156
f 157/157 158/158 161/161
f 163/163 162/162 164/164
f 161/161 162/162 163/163
f 165/165 164/164 166/166
f 165/165 163/163 164/164
f 167/167 166/166 168/168
f 165/165 166/166 167/167
f 135/135 169/169 152/152
f 170/170 168/168 171/171
f 167/167 168/168 170/170
f 172/172 173/173 169/169
f 174/174 171/171 175/175
f 135/135 172/172 169/169
f 170/170 171/171 174/174
f 172/172 176/176 173/173
f 177/177 175/175 178/178
f 179/179 175/175 177/177
f 174/174 175/175 179/179
f 180/180 181/181 176/176
f 182/182 178/178 183/183
f 184/184 180/180 176/176
f 172/172 184/184 176/176
f 177/177 178/178 182/182
f 180/180 185/185 181/181
f 182/182 183/183 186/186
f 187/187 188/188 185/185
f 189/189 186/186 190/190
f 191/191 187/187 185/185
f 192/192 191/191 185/185
f 193/193 192/192 185/185
f 194/194 193/193 185/185
f 180/180 194/194 185/185
f 182/182 186/186 189/189
f 195/195 196/196 188/188
f 197/197 190/190 198/198
f 187/187 195/195 188/188
f 189/189 190/190 197/197
f 199/199 200/200 196/196
f 201/201 198/198 202/202
f 203/203 199/199 196/196
f 195/195 203/203 196/196
f 197/197 198/198 201/201
f 204/204 202/202 205/205
f 206/206 202/202 204/204
f 201/201 202/202 206/206
f 204/204 205/205 207/207
f 208/208 207/207 209/209
f 204/204 207/207 208/208
f 210/210 209/209 211/211
f 212/212 209/209 210/210
f 208/208 209/209 212/212
f 210/210 211/211 213/213
f 214/214 213/213 215/215
f 210/210 213/213 214/214
f 216/216 215/215 217/217
f 218/218 215/215 219/219
f 216/216 219/219 215/215
f 214/214 215/215 218/218
f 216/216 217/217 220/220
f 221/221 220/220 222/222
f 221/221 216/216 220/220
f 223/223 222/222 224/224
f 221/221 222/222 223/223
f 172/172 225/225 184/184
f 226/226 224/224 227/227
f 226/226 223/223 224/224
f 228/228 229/229 225/225
f 230/230 227/227 231/231
f 172/172 228/228 225/225
f 232/232 227/227 230/230
f 233/233 226/226 227/227
f 232/232 233/233 227/227
f 234/234 235/235 229/229
f 236/236 231/231 237/237
f 234/234 229/229 228/228
f 236/236 230/230 231/231
f 238/238 239/239 235/235
f 240/240 237/237 241/241
f 242/242 235/235 234/234
f 242/242 238/238 235/235
f 236/236 237/237 240/240
f 243/243 244/244 239/239
f 245/245 241/241 246/246
f 247/247 243/243 239/239
f 238/238 247/247 239/239
f 240/240 241/241 245/245
f 248/248 249/249 244/244
f 250/250 246/246 251/251
f 252/252 244/244 243/243
f 253/253 248/248 244/244
f 252/252 253/253 244/244
f 245/245 246/246 250/250
f 254/254 255/255 249/249
f 256/256 251/251 257/257
f 258/258 254/254 249/249
f 259/259 258/258 249/249
f 260/260 259/259 249/249
f 261/261 260/260 249/249
f 248/248 261/261 249/249
f 250/250 251/251 256/256
f 262/262 263/263 255/255
f 264/264 257/257 265/265
f 262/262 255/255 254/254
f 256/256 257/257 264/264
f 266/266 267/267 263/263
f 268/268 265/265 269/269
f 270/270 266/266 263/263
f 271/271 270/270 263/263
f 262/262 271/271 263/263
f 264/264 265/265 268/268
f 272/272 273/273 267/267
f 274/274 269/269 275/275
f 266/266 272/272 267/267
f 268/268 269/269 274/274
f 276/276 277/277 273/273
f 278/278 275/275 279/279
f 272/272 276/276 273/273
f 274/274 275/275 278/278
f 276/276 280/280 277/277
f 281/281 279/279 282/282
f 278/278 279/279 281/281
f 283/283 282/282 284/284
f 281/281 282/282 283/283
f 285/285 284/284 286/286
f 283/283 284/284 285/285
f 287/287 286/286 288/288
f 285/285 286/286 287/287
f 289/289 290/290 266/266
f 287/287 288/288 291/291
f 292/292 289/289 266/266
f 293/293 292/292 266/266
f 270/270 293/293 266/266
f 294/294 295/295 290/290
f 296/296 291/291 297/297
f 289/289 294/294 290/290
f 287/287 291/291 296/296
f 261/261 298/298 295/295
f 299/299 297/297 300/300
f 301/301 261/261 295/295
f 302/302 301/301 295/295
f 294/294 302/302 295/295
f 296/296 297/297 299/299
f 303/303 304/304 298/298
f 305/305 300/300 306/306
f 248/248 298/298 261/261
f 307/307 303/303 298/298
f 308/308 307/307 298/298
f 248/248 308/308 298/298
f 299/299 300/300 305/305
f 309/309 228/228 304/304
f 310/310 306/306 311/311
f 312/312 309/309 304/304
f 303/303 312/312 304/304
f 305/305 306/306 310/310
f 313/313 311/311 314/314
f 315/315 234/234 228/228
f 309/309 315/315 228/228
f 310/310 311/311 313/313
f 316/316 314/314 317/317
f 313/313 314/314 316/316
f 318/318 317/317 319/319
f 316/316 317/317 318/318
f 318/318 319/319 320/320
f 321/321 320/320 322/322
f 318/318 320/320 321/321
f 323/323 322/322 324/324
f 321/321 322/322 323/323
f 325/325 324/324 326/326
f 323/323 324/324 325/325
f 327/327 328/328 65/65
f 329/329 326/326 330/330
f 331/331 332/332 65/65
f 333/333 65/65 332/332
f 334/334 331/331 65/65
f 63/63 334/334 65/65
f 335/335 65/65 333/333
f 335/335 327/327 65/65
f 325/325 326/326 329/329
f 336/336 337/337 328/328
f 338/338 330/330 339/339
f 340/340 336/336 328/328
f 327/327 340/340 328/328
f 329/329 330/330 338/338
f 341/341 342/342 337/337
f 343/343 339/339 344/344
f 345/345 341/341 337/337
f 346/346 345/345 337/337
f 336/336 346/346 337/337
f 338/338 339/339 343/343
f 347/347 348/348 342/342
f 349/349 344/344 350/350
f 351/351 347/347 342/342
f 341/341 351/351 342/342
f 343/343 344/344 349/349
f 352/352 353/353 348/348
f 354/354 350/350 355/355
f 347/347 352/352 348/348
f 349/349 350/350 354/354
f 356/356 357/357 353/353
f 358/358 355/355 359/359
f 352/352 356/356 353/353
f 354/354 355/355 358/358
f 360/360 361/361 357/357
f 362/362 359/359 363/363
f 356/356 360/360 357/357
f 358/358 359/359 362/362
f 364/364 365/365 361/361
f 366/366 363/363 367/367
f 360/360 364/364 361/361
f 362/362 363/363 366/366
f 364/364 368/368 365/365
f 369/369 367/367 370/370
f 366/366 367/367 369/369
f 369/369 370/370 371/371
f 372/372 371/371 373/373
f 369/369 371/371 372/372
f 374/374 373/373 375/375
f 372/372 373/373 374/374
f 376/376 375/375 377/377
f 374/374 375/375 376/376
f 378/378 377/377 379/379
f 376/376 377/377 378/378
f 380/380 379/379 381/381
f 378/378 379/379 380/380
f 382/382 383/383 351/351
f 384/384 381/381 385/385
f 386/386 382/382 351/351
f 387/387 386/386 351/351
f 341/341 387/387 351/351
f 380/380 381/381 384/384
f 388/388 389/389 383/383
f 390/390 385/385 391/391
f 382/382 392/392 383/383
f 388/388 383/383 392/392
f 384/384 385/385 390/390
f 333/333 332/332 389/389
f 390/390 391/391 393/393
f 394/394 333/333 389/389
f 388/388 394/394 389/389
f 395/395 393/393 396/396
f 390/390 393/393 395/395
f 397/397 396/396 398/398
f 397/397 395/395 396/396
f 399/399 398/398 400/400
f 397/397 398/398 401/401
f 402/402 401/401 398/398
f 402/402 398/398 399/399
f 399/399 400/400 403/403
f 404/404 403/403 405/405
f 399/399 403/403 404/404
f 406/406 405/405 96/96
f 404/404 405/405 406/406
f 406/406 96/96 100/100
f 407/407 408/408 58/58
f 49/49 48/48 409/409
f 107/107 407/407 58/58
f 410/410 409/409 411/411
f 49/49 409/409 410/410
f 412/412 411/411 109/109
f 410/410 411/411 412/412
f 108/108 412/412 109/109
f 413/413 414/414 415/415
f 416/416 417/417 414/414
f 416/416 414/414 413/413
f 418/418 415/415 419/419
f 418/418 413/413 415/415
f 420/420 419/419 421/421
f 418/418 419/419 420/420
f 422/422 421/421 423/423
f 420/420 421/421 422/422
f 424/424 423/423 425/425
f 422/422 423/423 424/424
f 426/426 425/425 427/427
f 424/424 425/425 426/426
f 428/428 427/427 429/429
f 426/426 427/427 428/428
f 430/430 429/429 431/431
f 428/428 429/429 430/430
f 432/432 431/431 433/433
f 430/430 431/431 432/432
f 434/434 433/433 435/435
f 432/432 433/433 434/434
f 436/436 435/435 437/437
f 434/434 435/435 436/436
f 438/438 437/437 439/439
f 436/436 437/437 438/438
f 440/440 439/439 417/417
f 438/438 439/439 440/440
f 440/440 417/417 416/416
f 441/441 442/442 443/443
f 444/444 445/445 442/442
f 444/444 442/442 441/441
f 446/446 443/443 447/447
f 446/446 441/441 443/443
f 448/448 447/447 449/449
f 450/450 447/447 448/448
f 446/446 447/447 450/450
f 451/451 452/452 387/387
f 453/453 449/449 454/454
f 341/341 451/451 387/387
f 448/448 449/449 453/453
f 455/455 456/456 452/452
f 453/453 454/454 457/457
f 451/451 455/455 452/452
f 458/458 459/459 456/456
f 460/460 457/457 461/461
f 455/455 458/458 456/456
f 453/453 457/457 460/460
f 462/462 463/463 459/459
f 464/464 461/461 465/465
f 462/462 459/459 458/458
f 460/460 461/461 464/464
f 466/466 467/467 463/463
f 468/468 465/465 469/469
f 462/462 466/466 463/463
f 464/464 465/465 468/468
f 335/335 333/333 467/467
f 470/470 469/469 471/471
f 466/466 335/335 467/467
f 472/472 469/469 470/470
f 468/468 469/469 472/472
f 473/473 471/471 474/474
f 470/470 471/471 473/473
f 473/473 474/474 445/445
f 473/473 445/445 444/444
f 475/475 476/476 477/477
f 478/478 479/479 480/480
f 481/481 477/477 482/482
f 483/483 484/484 479/479
f 481/481 475/475 477/477
f 483/483 479/479 478/478
f 485/485 486/486 476/476
f 487/487 480/480 488/488
f 475/475 485/485 476/476
f 487/487 478/478 480/480
f 242/242 234/234 486/486
f 489/489 488/488 490/490
f 485/485 242/242 486/486
f 491/491 488/488 489/489
f 487/487 488/488 491/491
f 492/492 490/490 493/493
f 489/489 490/490 492/492
f 492/492 493/493 494/494
f 495/495 494/494 496/496
f 492/492 494/494 495/495
f 497/497 496/496 498/498
f 495/495 496/496 497/497
f 499/499 498/498 500/500
f 497/497 498/498 499/499
f 501/501 500/500 502/502
f 503/503 500/500 501/501
f 499/499 500/500 503/503
f 504/504 505/505 308/308
f 506/506 502/502 507/507
f 248/248 504/504 308/308
f 501/501 502/502 506/506
f 508/508 482/482 505/505
f 506/506 507/507 484/484
f 504/504 508/508 505/505
f 508/508 481/481 482/482
f 506/506 484/484 483/483
f 509/509 510/510 511/511
f 512/512 513/513 510/510
f 512/512 510/510 509/509
f 514/514 511/511 515/515
f 514/514 509/509 511/511
f 516/516 515/515 517/517
f 518/518 515/515 516/516
f 514/514 515/515 518/518
f 519/519 517/517 520/520
f 516/516 517/517 519/519
f 519/519 520/520 521/521
f 522/522 521/521 523/523
f 519/519 521/521 522/522
f 524/524 523/523 525/525
f 522/522 523/523 524/524
f 526/526 525/525 527/527
f 524/524 525/525 526/526
f 528/528 527/527 529/529
f 530/530 527/527 528/528
f 526/526 527/527 530/530
f 531/531 529/529 532/532
f 528/528 529/529 531/531
f 531/531 532/532 513/513
f 531/531 513/513 512/512
f 533/533 534/534 535/535
f 536/536 537/537 534/534
f 536/536 534/534 533/533
f 538/538 535/535 539/539
f 538/538 533/533 535/535
f 540/540 539/539 541/541
f 542/542 539/539 540/540
f 538/538 539/539 542/542
f 543/543 541/541 544/544
f 540/540 541/541 543/543
f 543/543 544/544 545/545
f 546/546 545/545 547/547
f 543/543 545/545 546/546
f 548/548 547/547 549/549
f 546/546 547/547 548/548
f 550/550 549/549 551/551
f 548/548 549/549 550/550
f 552/552 551/551 553/553
f 554/554 551/551 552/552
f 550/550 551/551 554/554
f 555/555 553/553 556/556
f 552/552 553/553 555/555
f 555/555 556/556 537/537
f 555/555 537/537 536/536
f 557/557 558/558 559/559
f 560/560 557/557 559/559
f 557/557 561/561 558/558
f 562/562 561/561 557/557
f 562/562 563/563 564/564
f 410/410 412/412 565/565
f 566/566 567/567 563/563
f 568/568 565/565 569/569
f 557/557 566/566 563/563
f 562/562 557/557 563/563
f 568/568 410/410 565/565
f 570/570 571/571 567/567
f 572/572 569/569 573/573
f 566/566 570/570 567/567
f 572/572 568/568 569/569
f 570/570 574/574 571/571
f 575/575 573/573 576/576
f 572/572 573/573 575/575
f 577/577 578/578 574/574
f 579/579 576/576 580/580
f 570/570 577/577 574/574
f 575/575 576/576 579/579
f 581/581 582/582 578/578
f 583/583 580/580 584/584
f 577/577 581/581 578/578
f 579/579 580/580 583/583
f 585/585 586/586 582/582
f 587/587 584/584 588/588
f 581/581 585/585 582/582
f 583/583 584/584 587/587
f 585/585 589/589 586/586
f 590/590 588/588 591/591
f 587/587 588/588 590/590
f 592/592 593/593 589/589
f 594/594 591/591 595/595
f 585/585 592/592 589/589
f 590/590 591/591 594/594
f 592/592 596/596 593/593
f 597/597 595/595 598/598
f 594/594 595/595 597/597
f 599/599 600/600 596/596
f 601/601 598/598 163/163
f 592/592 599/599 596/596
f 597/597 598/598 601/601
f 599/599 602/602 600/600
f 601/601 163/163 165/165
f 599/599 603/603 602/602
f 604/604 605/605 603/603
f 599/599 604/604 603/603
f 604/604 606/606 605/605
f 607/607 608/608 609/609
f 50/50 51/51 608/608
f 607/607 50/50 608/608
f 610/610 609/609 611/611
f 612/612 613/613 609/609
f 614/614 609/609 613/613
f 615/615 612/612 609/609
f 616/616 615/615 609/609
f 617/617 616/616 609/609
f 610/610 617/617 609/609
f 618/618 609/609 614/614
f 619/619 607/607 609/609
f 618/618 619/619 609/609
f 620/620 621/621 622/622
f 623/623 624/624 625/625
f 626/626 620/620 622/622
f 627/627 628/628 624/624
f 629/629 627/627 624/624
f 630/630 629/629 624/624
f 631/631 630/630 624/624
f 623/623 631/631 624/624
f 632/632 633/633 621/621
f 634/634 625/625 635/635
f 620/620 632/632 621/621
f 636/636 623/623 625/625
f 636/636 625/625 637/637
f 634/634 637/637 625/625
f 638/638 639/639 633/633
f 640/640 635/635 641/641
f 632/632 638/638 633/633
f 640/640 634/634 635/635
f 102/102 101/101 639/639
f 642/642 641/641 219/219
f 638/638 102/102 639/639
f 642/642 640/640 641/641
f 642/642 219/219 216/216
f 643/643 644/644 27/27
f 645/645 27/27 25/25
f 646/646 643/643 27/27
f 645/645 646/646 27/27
f 40/40 37/37 644/644
f 647/647 40/40 644/644
f 648/648 647/647 644/644
f 649/649 648/648 644/644
f 643/643 649/649 644/644
f 650/650 651/651 47/47
f 652/652 650/650 47/47
f 653/653 652/652 47/47
f 45/45 653/653 47/47
f 650/650 654/654 651/651
f 655/655 656/656 654/654
f 650/650 655/655 654/654
f 657/657 658/658 656/656
f 659/659 657/657 656/656
f 660/660 659/659 656/656
f 655/655 660/660 656/656
f 661/661 662/662 658/658
f 663/663 661/661 658/658
f 664/664 663/663 658/658
f 657/657 664/664 658/658
f 665/665 666/666 662/662
f 611/611 665/665 662/662
f 661/661 611/611 662/662
f 667/667 668/668 666/666
f 665/665 667/667 666/666
f 669/669 670/670 668/668
f 667/667 669/669 668/668
f 661/661 610/610 611/611
f 100/100 103/103 671/671
f 672/672 671/671 673/673
f 674/674 671/671 672/672
f 100/100 671/671 674/674
f 672/672 673/673 675/675
f 676/676 675/675 628/628
f 672/672 675/675 676/676
f 677/677 628/628 627/627
f 678/678 679/679 628/628
f 680/680 628/628 679/679
f 681/681 678/678 628/628
f 677/677 681/681 628/628
f 682/682 628/628 680/680
f 676/676 628/628 682/682
f 683/683 684/684 685/685
f 686/686 687/687 684/684
f 686/686 684/684 683/683
f 688/688 685/685 689/689
f 683/683 685/685 688/688
f 690/690 689/689 691/691
f 688/688 689/689 690/690
f 692/692 691/691 693/693
f 690/690 691/691 692/692
f 694/694 693/693 695/695
f 692/692 693/693 694/694
f 696/696 695/695 697/697
f 694/694 695/695 696/696
f 698/698 697/697 699/699
f 696/696 697/697 698/698
f 700/700 699/699 701/701
f 698/698 699/699 700/700
f 702/702 701/701 703/703
f 702/702 700/700 701/701
f 704/704 703/703 705/705
f 702/702 703/703 704/704
f 706/706 705/705 707/707
f 704/704 705/705 706/706
f 708/708 707/707 709/709
f 706/706 707/707 708/708
f 710/710 709/709 687/687
f 708/708 709/709 710/710
f 710/710 687/687 686/686
f 614/614 613/613 711/711
f 712/712 713/713 714/714
f 715/715 711/711 716/716
f 717/717 718/718 713/713
f 715/715 614/614 711/711
f 717/717 713/713 712/712
f 719/719 714/714 720/720
f 712/712 714/714 719/719
f 721/721 720/720 722/722
f 719/719 720/720 721/721
f 723/723 722/722 724/724
f 721/721 722/722 723/723
f 725/725 724/724 726/726
f 723/723 724/724 725/725
f 727/727 726/726 728/728
f 725/725 726/726 727/727
f 729/729 728/728 730/730
f 727/727 728/728 729/729
f 731/731 730/730 732/732
f 729/729 730/730 731/731
f 733/733 732/732 734/734
f 733/733 731/731 732/732
f 735/735 734/734 736/736
f 733/733 734/734 735/735
f 737/737 736/736 738/738
f 735/735 736/736 737/737
f 739/739 738/738 740/740
f 737/737 738/738 739/739
f 715/715 716/716 660/660
f 741/741 740/740 718/718
f 655/655 715/715 660/660
f 739/739 740/740 741/741
f 741/741 718/718 717/717
f 742/742 743/743 744/744
f 745/745 746/746 743/743
f 742/742 745/745 743/743
f 747/747 744/744 748/748
f 749/749 742/742 744/744
f 750/750 749/749 744/744
f 747/747 750/750 744/744
f 751/751 748/748 752/752
f 747/747 748/748 751/751
f 753/753 752/752 754/754
f 751/751 752/752 753/753
f 755/755 754/754 756/756
f 757/757 753/753 754/754
f 758/758 754/754 755/755
f 757/757 754/754 758/758
f 759/759 756/756 760/760
f 755/755 756/756 759/759
f 761/761 760/760 762/762
f 759/759 760/760 761/761
f 763/763 762/762 764/764
f 765/765 761/761 762/762
f 766/766 762/762 763/763
f 765/765 762/762 766/766
f 767/767 764/764 768/768
f 763/763 764/764 767/767
f 769/769 768/768 770/770
f 769/769 767/767 768/768
f 771/771 770/770 746/746
f 772/772 769/769 770/770
f 773/773 772/772 770/770
f 771/771 773/773 770/770
f 771/771 746/746 745/745
f 774/774 775/775 776/776
f 777/777 778/778 775/775
f 774/774 777/777 775/775
f 779/779 776/776 780/780
f 779/779 774/774 776/776
f 779/779 780/780 781/781
f 782/782 781/781 783/783
f 782/782 779/779 781/781
f 782/782 783/783 784/784
f 785/785 786/786 787/787
f 788/788 789/789 786/786
f 785/785 788/788 786/786
f 785/785 787/787 790/790
f 777/777 790/790 778/778
f 777/777 785/785 790/790
f 782/782 791/791 792/792
f 793/793 794/794 795/795
f 796/796 797/797 798/798
f 799/799 796/796 798/798
f 800/800 801/801 794/794
f 800/800 794/794 802/802
f 803/803 802/802 794/794
f 793/793 803/803 794/794
f 782/782 784/784 791/791
f 804/804 795/795 805/805
f 806/806 805/805 795/795
f 807/807 795/795 804/804
f 808/808 795/795 807/807
f 809/809 793/793 795/795
f 808/808 809/809 795/795
f 788/788 810/810 789/789
f 811/811 812/812 813/813
f 814/814 815/815 812/812
f 816/816 814/814 812/812
f 817/817 816/816 812/812
f 818/818 817/817 812/812
f 811/811 818/818 812/812
f 819/819 820/820 821/821
f 822/822 813/813 823/823
f 824/824 813/813 822/822
f 825/825 813/813 824/824
f 826/826 813/813 825/825
f 827/827 811/811 813/813
f 828/828 827/827 813/813
f 826/826 828/828 813/813
f 829/829 821/821 830/830
f 831/831 819/819 821/821
f 829/829 831/831 821/821
f 832/832 830/830 833/833
f 834/834 829/829 830/830
f 832/832 834/834 830/830
f 835/835 833/833 836/836
f 837/837 833/833 835/835
f 837/837 832/832 833/833
f 838/838 836/836 797/797
f 839/839 835/835 836/836
f 840/840 839/839 836/836
f 838/838 840/840 836/836
f 841/841 838/838 797/797
f 796/796 841/841 797/797
f 842/842 843/843 844/844
f 845/845 846/846 843/843
f 845/845 843/843 842/842
f 847/847 844/844 848/848
f 847/847 842/842 844/844
f 847/847 848/848 849/849
f 850/850 849/849 851/851
f 850/850 847/847 849/849
f 850/850 851/851 852/852
f 853/853 852/852 854/854
f 853/853 850/850 852/852
f 853/853 854/854 855/855
f 856/856 857/857 858/858
f 859/859 857/857 856/856
f 860/860 857/857 859/859
f 856/856 858/858 861/861
f 862/862 861/861 863/863
f 856/856 861/861 862/862
f 862/862 863/863 864/864
f 845/845 864/864 846/846
f 862/862 864/864 845/845
f 865/865 866/866 867/867
f 868/868 869/869 870/870
f 871/871 872/872 873/873
f 874/874 875/875 873/873
f 876/876 873/873 875/875
f 877/877 874/874 873/873
f 868/868 878/878 869/869
f 876/876 871/871 873/873
f 879/879 855/855 866/866
f 880/880 879/879 866/866
f 881/881 880/880 866/866
f 865/865 881/881 866/866
f 803/803 882/882 802/802
f 868/868 870/870 883/883
f 884/884 853/853 855/855
f 879/879 884/884 855/855
f 885/885 886/886 887/887
f 888/888 886/886 885/885
f 889/889 886/886 888/888
f 890/890 887/887 891/891
f 892/892 885/885 887/887
f 892/892 887/887 890/890
f 893/893 891/891 894/894
f 890/890 891/891 893/893
f 895/895 894/894 896/896
f 893/893 894/894 895/895
f 897/897 896/896 898/898
f 895/895 896/896 897/897
f 899/899 898/898 900/900
f 897/897 898/898 899/899
f 901/901 900/900 902/902
f 899/899 900/900 901/901
f 865/865 903/903 881/881
f 904/904 902/902 905/905
f 901/901 902/902 904/904
f 865/865 906/906 903/903
f 904/904 905/905 907/907
f 908/908 909/909 906/906
f 910/910 907/907 911/911
f 865/865 908/908 906/906
f 904/904 907/907 910/910
f 908/908 912/912 909/909
f 913/913 911/911 914/914
f 910/910 911/911 913/913
f 908/908 915/915 912/912
f 916/916 914/914 917/917
f 913/913 914/914 916/916
f 918/918 919/919 915/915
f 920/920 917/917 921/921
f 908/908 918/918 915/915
f 916/916 917/917 920/920
f 918/918 922/922 919/919
f 923/923 921/921 924/924
f 920/920 921/921 923/923
f 925/925 926/926 922/922
f 927/927 924/924 928/928
f 918/918 925/925 922/922
f 923/923 924/924 927/927
f 925/925 929/929 926/926
f 930/930 928/928 931/931
f 927/927 928/928 930/930
f 932/932 933/933 929/929
f 934/934 931/931 935/935
f 925/925 932/932 929/929
f 930/930 931/931 934/934
f 932/932 936/936 933/933
f 937/937 935/935 938/938
f 934/934 935/935 937/937
f 932/932 939/939 936/936
f 940/940 938/938 941/941
f 937/937 938/938 940/940
f 942/942 943/943 939/939
f 944/944 941/941 945/945
f 932/932 942/942 939/939
f 940/940 941/941 944/944
f 942/942 946/946 943/943
f 947/947 945/945 948/948
f 944/944 945/945 947/947
f 949/949 950/950 946/946
f 951/951 948/948 952/952
f 942/942 953/953 946/946
f 947/947 948/948 951/951
f 953/953 954/954 950/950
f 955/955 952/952 956/956
f 957/957 952/952 955/955
f 951/951 952/952 957/957
f 958/958 959/959 954/954
f 960/960 956/956 961/961
f 949/949 958/958 954/954
f 962/962 956/956 960/960
f 955/955 956/956 962/962
f 963/963 961/961 964/964
f 958/958 965/965 959/959
f 966/966 961/961 963/963
f 967/967 961/961 966/966
f 960/960 961/961 967/967
f 968/968 964/964 969/969
f 958/958 970/970 965/965
f 963/963 964/964 968/968
f 971/971 969/969 972/972
f 973/973 974/974 970/970
f 968/968 969/969 971/971
f 958/958 973/973 970/970
f 971/971 972/972 975/975
f 973/973 976/976 974/974
f 977/977 978/978 976/976
f 973/973 977/977 976/976
f 977/977 979/979 978/978
f 980/980 981/981 979/979
f 977/977 980/980 979/979
f 980/980 982/982 981/981
f 983/983 984/984 982/982
f 967/967 966/966 985/985
f 980/980 983/983 982/982
f 983/983 986/986 984/984
f 987/987 985/985 988/988
f 989/989 985/985 987/987
f 967/967 985/985 989/989
f 983/983 990/990 986/986
f 991/991 988/988 992/992
f 993/993 988/988 991/991
f 987/987 988/988 993/993
f 994/994 995/995 990/990
f 996/996 992/992 997/997
f 983/983 994/994 990/990
f 991/991 992/992 996/996
f 994/994 998/998 995/995
f 999/999 997/997 1000/1000
f 1001/1001 997/997 999/999
f 996/996 997/997 1001/1001
f 1002/1002 1003/1003 998/998
f 1004/1004 1000/1000 1005/1005
f 994/994 1002/1002 998/998
f 999/999 1000/1000 1004/1004
f 1002/1002 1006/1006 1003/1003
f 1007/1007 1005/1005 1008/1008
f 1004/1004 1005/1005 1007/1007
f 1009/1009 1010/1010 1006/1006
f 1011/1011 1008/1008 1012/1012
f 1002/1002 1009/1009 1006/1006
f 1013/1013 1008/1008 1011/1011
f 1007/1007 1008/1008 1013/1013
f 1009/1009 1014/1014 1010/1010
f 1015/1015 1012/1012 1016/1016
f 1011/1011 1012/1012 1015/1015
f 1017/1017 1018/1018 1014/1014
f 1019/1019 1016/1016 1020/1020
f 1009/1009 1017/1017 1014/1014
f 1015/1015 1016/1016 1019/1019
f 1017/1017 1021/1021 1018/1018
f 1022/1022 1020/1020 1023/1023
f 1019/1019 1020/1020 1022/1022
f 1024/1024 1025/1025 1021/1021
f 1026/1026 1023/1023 1027/1027
f 1017/1017 1024/1024 1021/1021
f 1022/1022 1023/1023 1026/1026
f 1024/1024 1028/1028 1025/1025
f 1029/1029 1027/1027 1030/1030
f 1031/1031 1027/1027 1029/1029
f 1026/1026 1027/1027 1031/1031
f 1032/1032 1033/1033 1028/1028
f 1034/1034 1030/1030 1035/1035
f 1024/1024 1032/1032 1028/1028
f 1029/1029 1030/1030 1034/1034
f 1032/1032 1036/1036 1033/1033
f 1037/1037 1035/1035 1038/1038
f 1034/1034 1035/1035 1037/1037
f 1039/1039 1040/1040 1036/1036
f 1041/1041 1038/1038 1042/1042
f 1032/1032 1039/1039 1036/1036
f 1037/1037 1038/1038 1041/1041
f 1039/1039 1043/1043 1040/1040
f 1044/1044 1042/1042 1045/1045
f 1041/1041 1042/1042 1044/1044
f 1039/1039 1046/1046 1043/1043
f 1047/1047 1045/1045 1048/1048
f 1044/1044 1045/1045 1047/1047
f 1049/1049 1050/1050 1046/1046
f 1051/1051 1048/1048 1052/1052
f 1039/1039 1049/1049 1046/1046
f 1047/1047 1048/1048 1051/1051
f 1049/1049 1053/1053 1050/1050
f 1054/1054 1052/1052 1055/1055
f 1051/1051 1052/1052 1054/1054
f 1056/1056 1057/1057 1053/1053
f 1058/1058 1055/1055 1059/1059
f 1049/1049 1056/1056 1053/1053
f 1054/1054 1055/1055 1058/1058
f 1056/1056 1060/1060 1057/1057
f 1061/1061 1059/1059 1062/1062
f 1058/1058 1059/1059 1061/1061
f 1063/1063 1060/1060 1056/1056
f 1064/1064 1060/1060 1063/1063
f 1061/1061 1062/1062 1065/1065
f 1066/1066 1065/1065 1062/1062
f 1067/1067 1068/1068 1069/1069
f 1070/1070 1071/1071 1068/1068
f 1072/1072 1070/1070 1068/1068
f 1067/1067 1072/1072 1068/1068
f 1073/1073 1069/1069 1074/1074
f 1075/1075 1067/1067 1069/1069
f 1076/1076 1075/1075 1069/1069
f 1073/1073 1076/1076 1069/1069
f 1077/1077 1074/1074 1078/1078
f 1079/1079 1073/1073 1074/1074
f 1077/1077 1079/1079 1074/1074
f 1080/1080 1078/1078 1081/1081
f 1082/1082 1077/1077 1078/1078
f 1083/1083 1082/1082 1078/1078
f 1080/1080 1083/1083 1078/1078
f 1084/1084 1081/1081 1085/1085
f 1086/1086 1080/1080 1081/1081
f 1084/1084 1086/1086 1081/1081
f 1087/1087 1085/1085 1088/1088
f 1089/1089 1084/1084 1085/1085
f 1087/1087 1089/1089 1085/1085
f 1090/1090 1088/1088 1091/1091
f 1092/1092 1087/1087 1088/1088
f 1090/1090 1092/1092 1088/1088
f 1093/1093 1091/1091 1094/1094
f 1095/1095 1090/1090 1091/1091
f 1093/1093 1095/1095 1091/1091
f 1096/1096 1094/1094 1097/1097
f 1098/1098 1093/1093 1094/1094
f 1099/1099 1098/1098 1094/1094
f 1096/1096 1099/1099 1094/1094
f 1100/1100 1097/1097 1101/1101
f 1102/1102 1096/1096 1097/1097
f 1100/1100 1102/1102 1097/1097
f 1103/1103 1101/1101 1104/1104
f 1105/1105 1100/1100 1101/1101
f 1103/1103 1105/1105 1101/1101
f 1106/1106 1104/1104 1107/1107
f 1108/1108 1103/1103 1104/1104
f 1106/1106 1108/1108 1104/1104
f 1109/1109 1107/1107 1110/1110
f 1111/1111 1106/1106 1107/1107
f 1109/1109 1111/1111 1107/1107
f 1112/1112 1110/1110 1113/1113
f 1114/1114 1109/1109 1110/1110
f 1112/1112 1114/1114 1110/1110
f 1115/1115 1113/1113 1116/1116
f 1117/1117 1112/1112 1113/1113
f 1118/1118 1117/1117 1113/1113
f 1115/1115 1118/1118 1113/1113
f 1119/1119 1116/1116 1120/1120
f 1121/1121 1115/1115 1116/1116
f 1119/1119 1121/1121 1116/1116
f 1122/1122 1120/1120 1123/1123
f 1124/1124 1119/1119 1120/1120
f 1122/1122 1124/1124 1120/1120
f 1125/1125 1123/1123 1126/1126
f 1127/1127 1122/1122 1123/1123
f 1125/1125 1127/1127 1123/1123
f 1128/1128 1126/1126 1129/1129
f 1130/1130 1125/1125 1126/1126
f 1128/1128 1130/1130 1126/1126
f 1131/1131 1129/1129 872/872
f 1132/1132 1128/1128 1129/1129
f 1131/1131 1132/1132 1129/1129
f 1133/1133 1131/1131 872/872
f 871/871 1133/1133 872/872
f 1134/1134 1135/1135 1136/1136
f 1137/1137 1138/1138 1139/1139
f 1140/1140 1137/1137 1139/1139
f 1141/1141 1142/1142 1135/1135
f 1134/1134 1141/1141 1135/1135
f 877/877 1143/1143 874/874
f 1134/1134 1136/1136 1144/1144
f 868/868 1145/1145 878/878
f 1146/1146 1147/1147 1071/1071
f 1148/1148 1063/1063 1149/1149
f 1150/1150 1146/1146 1071/1071
f 1070/1070 1150/1150 1071/1071
f 1151/1151 1063/1063 1148/1148
f 1064/1064 1063/1063 1151/1151
f 1152/1152 1153/1153 1147/1147
f 1154/1154 1149/1149 1155/1155
f 1156/1156 1152/1152 1147/1147
f 1146/1146 1156/1156 1147/1147
f 1157/1157 1149/1149 1154/1154
f 1148/1148 1149/1149 1157/1157
f 1158/1158 1159/1159 1153/1153
f 1160/1160 1155/1155 1161/1161
f 1162/1162 1158/1158 1153/1153
f 1152/1152 1162/1162 1153/1153
f 1163/1163 1155/1155 1160/1160
f 1164/1164 1155/1155 1163/1163
f 1154/1154 1155/1155 1164/1164
f 1165/1165 1166/1166 1159/1159
f 1167/1167 1161/1161 1168/1168
f 1169/1169 1165/1165 1159/1159
f 1158/1158 1169/1169 1159/1159
f 1170/1170 1161/1161 1167/1167
f 1160/1160 1161/1161 1170/1170
f 1171/1171 1172/1172 1166/1166
f 1173/1173 1168/1168 1174/1174
f 1175/1175 1171/1171 1166/1166
f 1165/1165 1175/1175 1166/1166
f 1176/1176 1168/1168 1173/1173
f 1177/1177 1168/1168 1176/1176
f 1167/1167 1168/1168 1177/1177
f 1178/1178 1179/1179 1172/1172
f 1180/1180 1174/1174 1181/1181
f 1182/1182 1178/1178 1172/1172
f 1183/1183 1182/1182 1172/1172
f 1171/1171 1183/1183 1172/1172
f 1184/1184 1174/1174 1180/1180
f 1173/1173 1174/1174 1184/1184
f 1185/1185 1186/1186 1179/1179
f 1187/1187 1181/1181 1188/1188
f 1189/1189 1185/1185 1179/1179
f 1178/1178 1189/1189 1179/1179
f 1190/1190 1181/1181 1187/1187
f 1180/1180 1181/1181 1190/1190
f 1191/1191 1192/1192 1186/1186
f 1193/1193 1188/1188 1194/1194
f 1195/1195 1191/1191 1186/1186
f 1185/1185 1195/1195 1186/1186
f 1196/1196 1188/1188 1193/1193
f 1197/1197 1188/1188 1196/1196
f 1187/1187 1188/1188 1197/1197
f 1198/1198 1199/1199 1192/1192
f 1200/1200 1194/1194 1201/1201
f 1202/1202 1198/1198 1192/1192
f 1191/1191 1202/1202 1192/1192
f 1203/1203 1194/1194 1200/1200
f 1193/1193 1194/1194 1203/1203
f 1204/1204 1205/1205 1199/1199
f 1206/1206 1201/1201 1207/1207
f 1208/1208 1204/1204 1199/1199
f 1198/1198 1208/1208 1199/1199
f 1209/1209 1201/1201 1206/1206
f 1200/1200 1201/1201 1209/1209
f 1210/1210 1211/1211 1205/1205
f 1212/1212 1207/1207 1213/1213
f 1214/1214 1210/1210 1205/1205
f 1204/1204 1214/1214 1205/1205
f 1215/1215 1207/1207 1212/1212
f 1216/1216 1207/1207 1215/1215
f 1206/1206 1207/1207 1216/1216
f 1217/1217 1218/1218 1211/1211
f 1219/1219 1213/1213 1220/1220
f 1221/1221 1217/1217 1211/1211
f 1210/1210 1221/1221 1211/1211
f 1222/1222 1213/1213 1219/1219
f 1212/1212 1213/1213 1222/1222
f 1223/1223 1224/1224 1218/1218
f 1225/1225 1220/1220 1226/1226
f 1227/1227 1223/1223 1218/1218
f 1228/1228 1227/1227 1218/1218
f 1217/1217 1228/1228 1218/1218
f 1229/1229 1220/1220 1225/1225
f 1219/1219 1220/1220 1229/1229
f 1230/1230 1231/1231 1224/1224
f 1232/1232 1226/1226 1233/1233
f 1234/1234 1230/1230 1224/1224
f 1223/1223 1234/1234 1224/1224
f 1235/1235 1226/1226 1232/1232
f 1225/1225 1226/1226 1235/1235
f 1236/1236 1237/1237 1231/1231
f 1238/1238 1233/1233 1239/1239
f 1240/1240 1236/1236 1231/1231
f 1230/1230 1240/1240 1231/1231
f 1241/1241 1233/1233 1238/1238
f 1242/1242 1233/1233 1241/1241
f 1232/1232 1233/1233 1242/1242
f 1243/1243 1244/1244 1237/1237
f 1245/1245 1239/1239 1246/1246
f 1247/1247 1243/1243 1237/1237
f 1236/1236 1247/1247 1237/1237
f 1248/1248 1239/1239 1245/1245
f 1238/1238 1239/1239 1248/1248
f 1249/1249 1250/1250 1244/1244
f 1251/1251 1246/1246 1252/1252
f 1253/1253 1249/1249 1244/1244
f 1254/1254 1253/1253 1244/1244
f 1243/1243 1254/1254 1244/1244
f 1255/1255 1246/1246 1251/1251
f 1245/1245 1246/1246 1255/1255
f 1256/1256 1257/1257 1250/1250
f 1258/1258 1252/1252 1259/1259
f 1260/1260 1256/1256 1250/1250
f 1249/1249 1260/1260 1250/1250
f 1261/1261 1252/1252 1258/1258
f 1251/1251 1252/1252 1261/1261
f 1262/1262 1263/1263 1257/1257
f 1264/1264 1259/1259 1265/1265
f 1266/1266 1262/1262 1257/1257
f 1256/1256 1266/1266 1257/1257
f 1267/1267 1259/1259 1264/1264
f 1258/1258 1259/1259 1267/1267
f 1268/1268 1269/1269 1263/1263
f 1270/1270 1265/1265 1271/1271
f 1272/1272 1268/1268 1263/1263
f 1273/1273 1272/1272 1263/1263
f 1274/1274 1273/1273 1263/1263
f 1262/1262 1274/1274 1263/1263
f 1275/1275 1265/1265 1270/1270
f 1264/1264 1265/1265 1275/1275
f 1268/1268 1276/1276 1269/1269
f 1277/1277 1278/1278 1279/1279
f 1270/1270 1271/1271 1280/1280
f 1281/1281 1280/1280 1271/1271
f 1282/1282 1283/1283 1278/1278
f 1277/1277 1282/1282 1278/1278
f 1268/1268 1284/1284 1276/1276
f 1277/1277 1279/1279 1285/1285
f 1286/1286 1287/1287 1288/1288
f 1286/1286 1288/1288 1289/1289
f 1290/1290 1291/1291 1292/1292
f 1286/1286 1289/1289 1293/1293
f 1294/1294 1292/1292 1295/1295
f 1296/1296 1290/1290 1292/1292
f 1294/1294 1296/1296 1292/1292
f 1294/1294 1295/1295 1297/1297
f 1298/1298 1297/1297 1299/1299
f 1298/1298 1294/1294 1297/1297
f 1298/1298 1299/1299 1300/1300
f 1301/1301 1300/1300 1302/1302
f 1301/1301 1298/1298 1300/1300
f 1301/1301 1302/1302 1303/1303
f 1304/1304 1303/1303 1305/1305
f 1304/1304 1301/1301 1303/1303
f 1306/1306 1305/1305 1307/1307
f 1306/1306 1304/1304 1305/1305
f 1306/1306 1307/1307 1308/1308
f 1309/1309 1308/1308 1310/1310
f 1309/1309 1306/1306 1308/1308
f 1311/1311 1310/1310 1312/1312
f 1311/1311 1309/1309 1310/1310
f 1313/1313 1312/1312 1314/1314
f 1315/1315 1311/1311 1312/1312
f 1313/1313 1315/1315 1312/1312
f 1316/1316 1314/1314 1317/1317
f 1318/1318 1314/1314 1316/1316
f 1313/1313 1314/1314 1318/1318
f 1319/1319 1317/1317 1320/1320
f 1316/1316 1317/1317 1319/1319
f 1321/1321 1320/1320 1322/1322
f 1319/1319 1320/1320 1321/1321
f 1323/1323 1322/1322 1324/1324
f 1321/1321 1322/1322 1323/1323
f 1325/1325 1324/1324 1326/1326
f 1323/1323 1324/1324 1325/1325
f 1327/1327 1326/1326 1328/1328
f 1325/1325 1326/1326 1327/1327
f 1329/1329 1328/1328 1330/1330
f 1327/1327 1328/1328 1329/1329
f 1329/1329 1330/1330 1331/1331
f 1313/1313 1318/1318 1332/1332
f 1333/1333 1332/1332 1334/1334
f 1335/1335 1313/1313 1332/1332
f 1333/1333 1335/1335 1332/1332
f 1336/1336 1334/1334 1337/1337
f 1336/1336 1333/1333 1334/1334
f 1338/1338 1337/1337 1339/1339
f 1338/1338 1336/1336 1337/1337
f 1338/1338 1339/1339 1340/1340
f 1341/1341 1340/1340 1342/1342
f 1341/1341 1338/1338 1340/1340
f 1343/1343 1342/1342 1344/1344
f 1343/1343 1341/1341 1342/1342
f 1343/1343 1344/1344 1345/1345
f 1346/1346 1345/1345 1347/1347
f 1346/1346 1343/1343 1345/1345
f 1348/1348 1347/1347 1349/1349
f 1348/1348 1346/1346 1347/1347
f 1348/1348 1349/1349 1350/1350
f 1351/1351 1350/1350 1352/1352
f 1351/1351 1348/1348 1350/1350
f 1351/1351 1352/1352 1353/1353
f 1354/1354 1353/1353 1355/1355
f 1354/1354 1351/1351 1353/1353
f 1354/1354 1355/1355 1356/1356
f 1357/1357 1356/1356 1358/1358
f 1357/1357 1354/1354 1356/1356
f 1357/1357 1358/1358 1359/1359
f 1360/1360 1359/1359 1361/1361
f 1360/1360 1357/1357 1359/1359
f 1362/1362 1361/1361 1363/1363
f 1362/1362 1360/1360 1361/1361
f 1362/1362 1363/1363 1364/1364
f 1365/1365 1364/1364 1366/1366
f 1365/1365 1362/1362 1364/1364
f 1365/1365 1366/1366 1367/1367
f 1368/1368 1367/1367 1369/1369
f 1368/1368 1365/1365 1367/1367
f 1368/1368 1369/1369 1370/1370
f 1371/1371 1370/1370 1372/1372
f 1371/1371 1368/1368 1370/1370
f 1371/1371 1372/1372 1373/1373
f 1374/1374 1373/1373 1375/1375
f 1374/1374 1371/1371 1373/1373
f 1374/1374 1375/1375 1376/1376
f 1377/1377 1376/1376 1378/1378
f 1377/1377 1374/1374 1376/1376
f 1377/1377 1378/1378 1379/1379
f 1380/1380 1379/1379 1381/1381
f 1380/1380 1377/1377 1379/1379
f 1382/1382 1381/1381 1383/1383
f 1382/1382 1380/1380 1381/1381
f 1384/1384 1383/1383 1385/1385
f 1384/1384 1382/1382 1383/1383
f 1386/1386 1385/1385 1387/1387
f 1386/1386 1384/1384 1385/1385
f 1388/1388 1387/1387 1389/1389
f 1388/1388 1386/1386 1387/1387
f 1390/1390 1389/1389 1391/1391
f 1392/1392 1389/1389 1390/1390
f 1392/1392 1388/1388 1389/1389
f 1393/1393 1391/1391 1394/1394
f 1390/1390 1391/1391 1393/1393
f 1395/1395 1394/1394 1396/1396
f 1393/1393 1394/1394 1395/1395
f 1397/1397 1396/1396 1398/1398
f 1395/1395 1396/1396 1397/1397
f 1399/1399 1398/1398 1400/1400
f 1397/1397 1398/1398 1399/1399
f 1401/1401 1400/1400 1402/1402
f 1399/1399 1400/1400 1401/1401
f 1403/1403 1402/1402 1404/1404
f 1401/1401 1402/1402 1403/1403
f 1405/1405 1404/1404 1406/1406
f 1403/1403 1404/1404 1405/1405
f 1392/1392 1390/1390 1407/1407
f 1408/1408 1407/1407 1409/1409
f 1410/1410 1392/1392 1407/1407
f 1408/1408 1410/1410 1407/1407
f 1411/1411 1409/1409 1412/1412
f 1411/1411 1408/1408 1409/1409
f 1413/1413 1412/1412 1414/1414
f 1413/1413 1411/1411 1412/1412
f 1413/1413 1414/1414 1415/1415
f 1416/1416 1415/1415 1417/1417
f 1416/1416 1413/1413 1415/1415
f 1418/1418 1417/1417 1419/1419
f 1418/1418 1416/1416 1417/1417
f 1418/1418 1419/1419 1420/1420
f 1421/1421 1420/1420 1422/1422
f 1421/1421 1418/1418 1420/1420
f 1421/1421 1422/1422 1423/1423
f 1424/1424 1423/1423 1138/1138
f 1424/1424 1421/1421 1423/1423
f 1137/1137 1424/1424 1138/1138
f 1425/1425 1426/1426 1290/1290
f 1427/1427 1293/1293 1428/1428
f 1296/1296 1425/1425 1290/1290
f 1286/1286 1293/1293 1427/1427
f 1425/1425 1429/1429 1426/1426
f 1430/1430 1428/1428 1431/1431
f 1430/1430 1427/1427 1428/1428
f 1432/1432 1431/1431 1433/1433
f 1430/1430 1431/1431 1432/1432
f 1434/1434 1433/1433 1435/1435
f 1434/1434 1432/1432 1433/1433
f 1436/1436 1435/1435 1437/1437
f 1434/1434 1435/1435 1436/1436
f 1438/1438 1437/1437 1439/1439
f 1438/1438 1436/1436 1437/1437
f 1440/1440 1439/1439 1441/1441
f 1440/1440 1438/1438 1439/1439
f 1442/1442 1441/1441 1443/1443
f 1442/1442 1440/1440 1441/1441
f 1444/1444 1443/1443 1445/1445
f 1444/1444 1442/1442 1443/1443
f 1446/1446 1445/1445 1447/1447
f 1446/1446 1444/1444 1445/1445
f 1448/1448 1447/1447 1449/1449
f 1448/1448 1446/1446 1447/1447
f 1450/1450 1449/1449 1451/1451
f 1450/1450 1448/1448 1449/1449
f 1452/1452 1451/1451 1453/1453
f 1452/1452 1450/1450 1451/1451
f 1454/1454 1453/1453 1455/1455
f 1454/1454 1452/1452 1453/1453
f 1456/1456 1455/1455 1457/1457
f 1456/1456 1454/1454 1455/1455
f 1458/1458 1457/1457 1459/1459
f 1458/1458 1456/1456 1457/1457
f 1458/1458 1459/1459 1460/1460
f 1461/1461 1460/1460 1462/1462
f 1461/1461 1458/1458 1460/1460
f 1463/1463 1462/1462 1464/1464
f 1463/1463 1461/1461 1462/1462
f 1465/1465 1464/1464 1466/1466
f 1465/1465 1463/1463 1464/1464
f 1467/1467 1466/1466 1468/1468
f 1467/1467 1465/1465 1466/1466
f 1469/1469 1468/1468 1470/1470
f 1469/1469 1467/1467 1468/1468
f 1471/1471 1470/1470 1472/1472
f 1471/1471 1469/1469 1470/1470
f 1473/1473 1472/1472 1474/1474
f 1473/1473 1471/1471 1472/1472
f 1473/1473 1474/1474 1475/1475
f 1476/1476 1475/1475 1477/1477
f 1476/1476 1473/1473 1475/1475
f 1478/1478 1477/1477 1479/1479
f 1478/1478 1476/1476 1477/1477
f 1480/1480 1479/1479 1481/1481
f 1480/1480 1478/1478 1479/1479
f 1482/1482 1481/1481 1483/1483
f 1482/1482 1480/1480 1481/1481
f 1484/1484 1483/1483 1485/1485
f 1484/1484 1482/1482 1483/1483
f 1486/1486 1485/1485 1487/1487
f 1486/1486 1484/1484 1485/1485
f 1488/1488 1487/1487 1489/1489
f 1488/1488 1486/1486 1487/1487
f 1490/1490 1489/1489 1491/1491
f 1490/1490 1488/1488 1489/1489
f 1492/1492 1491/1491 1493/1493
f 1492/1492 1490/1490 1491/1491
f 1494/1494 1493/1493 1495/1495
f 1494/1494 1492/1492 1493/1493
f 1496/1496 1495/1495 1497/1497
f 1496/1496 1494/1494 1495/1495
f 1498/1498 1497/1497 1499/1499
f 1498/1498 1496/1496 1497/1497
f 1498/1498 1499/1499 1500/1500
f 1501/1501 1500/1500 1502/1502
f 1501/1501 1498/1498 1500/1500
f 1503/1503 1502/1502 1504/1504
f 1503/1503 1501/1501 1502/1502
f 1505/1505 1504/1504 1506/1506
f 1505/1505 1503/1503 1504/1504
f 1507/1507 1506/1506 1508/1508
f 1507/1507 1505/1505 1506/1506
f 1509/1509 1508/1508 1510/1510
f 1509/1509 1507/1507 1508/1508
f 1511/1511 1510/1510 1512/1512
f 1511/1511 1509/1509 1510/1510
f 1513/1513 1512/1512 1514/1514
f 1513/1513 1511/1511 1512/1512
f 1513/1513 1514/1514 1515/1515
f 1516/1516 1517/1517 1137/1137
f 1518/1518 1515/1515 1519/1519
f 1140/1140 1516/1516 1137/1137
f 1518/1518 1513/1513 1515/1515
f 1516/1516 1520/1520 1517/1517
f 1521/1521 1519/1519 1522/1522
f 1521/1521 1518/1518 1519/1519
f 1523/1523 1522/1522 1524/1524
f 1521/1521 1522/1522 1523/1523
f 1525/1525 1524/1524 1142/1142
f 1525/1525 1523/1523 1524/1524
f 1525/1525 1142/1142 1141/1141
f 402/402 1526/1526 401/401
f 402/402 1527/1527 1526/1526
f 1528/1528 1527/1527 402/402
f 1529/1529 1530/1530 805/805
f 1529/1529 805/805 806/806
f 233/233 1531/1531 226/226
f 1532/1532 804/804 1533/1533
f 1532/1532 807/807 804/804
f 1534/1534 1531/1531 233/233
f 1535/1535 1533/1533 882/882
f 1536/1536 1532/1532 1533/1533
f 1535/1535 1536/1536 1533/1533
f 1537/1537 1534/1534 233/233
f 1538/1538 1539/1539 1530/1530
f 1538/1538 1530/1530 1529/1529
f 1540/1540 1535/1535 882/882
f 1541/1541 1540/1540 882/882
f 803/803 1541/1541 882/882
f 1542/1542 1543/1543 1544/1544
f 1545/1545 1546/1546 1543/1543
f 1545/1545 1543/1543 1542/1542
f 1547/1547 1544/1544 1548/1548
f 1547/1547 1542/1542 1544/1544
f 1549/1549 1548/1548 1550/1550
f 1549/1549 1547/1547 1548/1548
f 1551/1551 1550/1550 1552/1552
f 1551/1551 1549/1549 1550/1550
f 1551/1551 1552/1552 1553/1553
f 1554/1554 1553/1553 1555/1555
f 1554/1554 1551/1551 1553/1553
f 1556/1556 1555/1555 1557/1557
f 1556/1556 1554/1554 1555/1555
f 1558/1558 1557/1557 1559/1559
f 1558/1558 1556/1556 1557/1557
f 1545/1545 1559/1559 1546/1546
f 1545/1545 1558/1558 1559/1559
f 1560/1560 1561/1561 1562/1562
f 1563/1563 1564/1564 1561/1561
f 1563/1563 1561/1561 1560/1560
f 1565/1565 1562/1562 1566/1566
f 1567/1567 1560/1560 1562/1562
f 1567/1567 1562/1562 1565/1565
f 1568/1568 1566/1566 1569/1569
f 1570/1570 1566/1566 1568/1568
f 1565/1565 1566/1566 1570/1570
f 1571/1571 1569/1569 1572/1572
f 1568/1568 1569/1569 1571/1571
f 1573/1573 1572/1572 1574/1574
f 1571/1571 1572/1572 1573/1573
f 1575/1575 1574/1574 1576/1576
f 1577/1577 1573/1573 1574/1574
f 1575/1575 1577/1577 1574/1574
f 1578/1578 1576/1576 1564/1564
f 1579/1579 1575/1575 1576/1576
f 1578/1578 1579/1579 1576/1576
f 1563/1563 1578/1578 1564/1564
f 1580/1580 1581/1581 1582/1582
f 1583/1583 1580/1580 1582/1582
f 1584/1584 1585/1585 1586/1586
f 1587/1587 1585/1585 1584/1584
f 1588/1588 1586/1586 1589/1589
f 1588/1588 1584/1584 1586/1586
f 1588/1588 1589/1589 1590/1590
f 1591/1591 1590/1590 1592/1592
f 1593/1593 1590/1590 1591/1591
f 1593/1593 1588/1588 1590/1590
f 1580/1580 1592/1592 1581/1581
f 1580/1580 1591/1591 1592/1592
f 1594/1594 1595/1595 1596/1596
f 1597/1597 1598/1598 1599/1599
f 1600/1600 1596/1596 1601/1601
f 1602/1602 1603/1603 1598/1598
f 1604/1604 1594/1594 1596/1596
f 1600/1600 1604/1604 1596/1596
f 1602/1602 1598/1598 1597/1597
f 1605/1605 1606/1606 1595/1595
f 1597/1597 1599/1599 1607/1607
f 1608/1608 1605/1605 1595/1595
f 1609/1609 1608/1608 1595/1595
f 1610/1610 1609/1609 1595/1595
f 1594/1594 1610/1610 1595/1595
f 1593/1593 1591/1591 1606/1606
f 1611/1611 1607/1607 1612/1612
f 1613/1613 1593/1593 1606/1606
f 1605/1605 1613/1613 1606/1606
f 1611/1611 1597/1597 1607/1607
f 1611/1611 1612/1612 1614/1614
f 1583/1583 1615/1615 1580/1580
f 1616/1616 1614/1614 1617/1617
f 1616/1616 1611/1611 1614/1614
f 1618/1618 1619/1619 1615/1615
f 1616/1616 1617/1617 1620/1620
f 1621/1621 1618/1618 1615/1615
f 1622/1622 1621/1621 1615/1615
f 1583/1583 1622/1622 1615/1615
f 1623/1623 1624/1624 1619/1619
f 1616/1616 1620/1620 1625/1625
f 1626/1626 1619/1619 1618/1618
f 1627/1627 1628/1628 1619/1619
f 1623/1623 1619/1619 1628/1628
f 1629/1629 1627/1627 1619/1619
f 1626/1626 1629/1629 1619/1619
f 1630/1630 1631/1631 1624/1624
f 1632/1632 1625/1625 1633/1633
f 1634/1634 1630/1630 1624/1624
f 1635/1635 1634/1634 1624/1624
f 1623/1623 1635/1635 1624/1624
f 1632/1632 1616/1616 1625/1625
f 1636/1636 1637/1637 1631/1631
f 1632/1632 1633/1633 1638/1638
f 1639/1639 1636/1636 1631/1631
f 1630/1630 1639/1639 1631/1631
f 1640/1640 1641/1641 1637/1637
f 1642/1642 1638/1638 1643/1643
f 1636/1636 1640/1640 1637/1637
f 1642/1642 1632/1632 1638/1638
f 1644/1644 1645/1645 1641/1641
f 1642/1642 1643/1643 1646/1646
f 1647/1647 1644/1644 1641/1641
f 1640/1640 1647/1647 1641/1641
f 1648/1648 1649/1649 1645/1645
f 1650/1650 1646/1646 1651/1651
f 1652/1652 1648/1648 1645/1645
f 1653/1653 1652/1652 1645/1645
f 1644/1644 1653/1653 1645/1645
f 1650/1650 1642/1642 1646/1646
f 1654/1654 1655/1655 1649/1649
f 1650/1650 1651/1651 1656/1656
f 1648/1648 1654/1654 1649/1649
f 1657/1657 1658/1658 1655/1655
f 1659/1659 1656/1656 1660/1660
f 1654/1654 1657/1657 1655/1655
f 1659/1659 1650/1650 1656/1656
f 1661/1661 1662/1662 1658/1658
f 1659/1659 1660/1660 1663/1663
f 1664/1664 1661/1661 1658/1658
f 1657/1657 1664/1664 1658/1658
f 1665/1665 1666/1666 1662/1662
f 1667/1667 1663/1663 1668/1668
f 1669/1669 1665/1665 1662/1662
f 1661/1661 1669/1669 1662/1662
f 1667/1667 1659/1659 1663/1663
f 1670/1670 1671/1671 1666/1666
f 1667/1667 1668/1668 1672/1672
f 1665/1665 1670/1670 1666/1666
f 1673/1673 1674/1674 1671/1671
f 1675/1675 1672/1672 1676/1676
f 1670/1670 1673/1673 1671/1671
f 1675/1675 1667/1667 1672/1672
f 1677/1677 1678/1678 1674/1674
f 1675/1675 1676/1676 1679/1679
f 1673/1673 1677/1677 1674/1674
f 1680/1680 1681/1681 1678/1678
f 1682/1682 1679/1679 1683/1683
f 1677/1677 1680/1680 1678/1678
f 1682/1682 1675/1675 1679/1679
f 1684/1684 1685/1685 1681/1681
f 1682/1682 1683/1683 1686/1686
f 1680/1680 1684/1684 1681/1681
f 1687/1687 1688/1688 1685/1685
f 1689/1689 1686/1686 1690/1690
f 1684/1684 1687/1687 1685/1685
f 1689/1689 1682/1682 1686/1686
f 1691/1691 1692/1692 1688/1688
f 1689/1689 1690/1690 1693/1693
f 1687/1687 1691/1691 1688/1688
f 1694/1694 1695/1695 1692/1692
f 1696/1696 1693/1693 1697/1697
f 1691/1691 1694/1694 1692/1692
f 1696/1696 1689/1689 1693/1693
f 1698/1698 1699/1699 1695/1695
f 1696/1696 1697/1697 1700/1700
f 1694/1694 1698/1698 1695/1695
f 1696/1696 1700/1700 1701/1701
f 1702/1702 1701/1701 1703/1703
f 1702/1702 1696/1696 1701/1701
f 1702/1702 1703/1703 1704/1704
f 1705/1705 1704/1704 1706/1706
f 1705/1705 1702/1702 1704/1704
f 1705/1705 1706/1706 1707/1707
f 1708/1708 1707/1707 1709/1709
f 1708/1708 1705/1705 1707/1707
f 1708/1708 1709/1709 1710/1710
f 1708/1708 1710/1710 1711/1711
f 1712/1712 1711/1711 1713/1713
f 1712/1712 1708/1708 1711/1711
f 1712/1712 1713/1713 1714/1714
f 1715/1715 1714/1714 1716/1716
f 1715/1715 1712/1712 1714/1714
f 1717/1717 1718/1718 1669/1669
f 1715/1715 1716/1716 1719/1719
f 1720/1720 1717/1717 1669/1669
f 1661/1661 1720/1720 1669/1669
f 1721/1721 1722/1722 1718/1718
f 1723/1723 1719/1719 1724/1724
f 1717/1717 1721/1721 1718/1718
f 1723/1723 1715/1715 1719/1719
f 1725/1725 1726/1726 1722/1722
f 1723/1723 1724/1724 1727/1727
f 1721/1721 1725/1725 1722/1722
f 1728/1728 1729/1729 1726/1726
f 1730/1730 1727/1727 1731/1731
f 1732/1732 1726/1726 1725/1725
f 1733/1733 1726/1726 1732/1732
f 1734/1734 1728/1728 1726/1726
f 1733/1733 1734/1734 1726/1726
f 1730/1730 1723/1723 1727/1727
f 1735/1735 1736/1736 1729/1729
f 1730/1730 1731/1731 1737/1737
f 1728/1728 1735/1735 1729/1729
f 1738/1738 1739/1739 1736/1736
f 1730/1730 1737/1737 1740/1740
f 1735/1735 1738/1738 1736/1736
f 1741/1741 1742/1742 1739/1739
f 1743/1743 1740/1740 1744/1744
f 1745/1745 1739/1739 1738/1738
f 1746/1746 1741/1741 1739/1739
f 1747/1747 1746/1746 1739/1739
f 1745/1745 1747/1747 1739/1739
f 1743/1743 1730/1730 1740/1740
f 1748/1748 1749/1749 1742/1742
f 1743/1743 1744/1744 1750/1750
f 1741/1741 1748/1748 1742/1742
f 1751/1751 1752/1752 1749/1749
f 1753/1753 1750/1750 1754/1754
f 1755/1755 1749/1749 1748/1748
f 1755/1755 1751/1751 1749/1749
f 1753/1753 1743/1743 1750/1750
f 1626/1626 1618/1618 1752/1752
f 1753/1753 1754/1754 1756/1756
f 1757/1757 1626/1626 1752/1752
f 1758/1758 1757/1757 1752/1752
f 1759/1759 1758/1758 1752/1752
f 1751/1751 1759/1759 1752/1752
f 1760/1760 1584/1584 1618/1618
f 1753/1753 1756/1756 1761/1761
f 1621/1621 1760/1760 1618/1618
f 1762/1762 1761/1761 1763/1763
f 1760/1760 1587/1587 1584/1584
f 1762/1762 1753/1753 1761/1761
f 1762/1762 1763/1763 1764/1764
f 1765/1765 1764/1764 1766/1766
f 1765/1765 1762/1762 1764/1764
f 1767/1767 1768/1768 1613/1613
f 1765/1765 1766/1766 1769/1769
f 1770/1770 1767/1767 1613/1613
f 1771/1771 1770/1770 1613/1613
f 1605/1605 1771/1771 1613/1613
f 1772/1772 1773/1773 1768/1768
f 1765/1765 1769/1769 1774/1774
f 1775/1775 1772/1772 1768/1768
f 1776/1776 1775/1775 1768/1768
f 1777/1777 1776/1776 1768/1768
f 1778/1778 1777/1777 1768/1768
f 1767/1767 1778/1778 1768/1768
f 1779/1779 1780/1780 1773/1773
f 1781/1781 1774/1774 1782/1782
f 1783/1783 1784/1784 1773/1773
f 1779/1779 1773/1773 1784/1784
f 1785/1785 1783/1783 1773/1773
f 1772/1772 1785/1785 1773/1773
f 1781/1781 1765/1765 1774/1774
f 1786/1786 1787/1787 1780/1780
f 1781/1781 1782/1782 1788/1788
f 1789/1789 1786/1786 1780/1780
f 1790/1790 1789/1789 1780/1780
f 1779/1779 1790/1790 1780/1780
f 1791/1791 1792/1792 1787/1787
f 1793/1793 1788/1788 1794/1794
f 1795/1795 1791/1791 1787/1787
f 1786/1786 1795/1795 1787/1787
f 1793/1793 1781/1781 1788/1788
f 1796/1796 1797/1797 1792/1792
f 1793/1793 1794/1794 1798/1798
f 1791/1791 1799/1799 1792/1792
f 1800/1800 1792/1792 1799/1799
f 1800/1800 1796/1796 1792/1792
f 1801/1801 1802/1802 1797/1797
f 1803/1803 1798/1798 1804/1804
f 1805/1805 1801/1801 1797/1797
f 1806/1806 1805/1805 1797/1797
f 1796/1796 1806/1806 1797/1797
f 1803/1803 1793/1793 1798/1798
f 1807/1807 1808/1808 1802/1802
f 1803/1803 1804/1804 1809/1809
f 1810/1810 1807/1807 1802/1802
f 1801/1801 1810/1810 1802/1802
f 1811/1811 1812/1812 1808/1808
f 1803/1803 1809/1809 1813/1813
f 1807/1807 1814/1814 1808/1808
f 1815/1815 1808/1808 1814/1814
f 1816/1816 1817/1817 1808/1808
f 1811/1811 1808/1808 1817/1817
f 1818/1818 1816/1816 1808/1808
f 1815/1815 1818/1818 1808/1808
f 1819/1819 1820/1820 1812/1812
f 1821/1821 1813/1813 1822/1822
f 1823/1823 1819/1819 1812/1812
f 1824/1824 1823/1823 1812/1812
f 1811/1811 1824/1824 1812/1812
f 1821/1821 1803/1803 1813/1813
f 1825/1825 1826/1826 1820/1820
f 1821/1821 1822/1822 1827/1827
f 1819/1819 1828/1828 1820/1820
f 1825/1825 1820/1820 1828/1828
f 1829/1829 1830/1830 1826/1826
f 1831/1831 1827/1827 1832/1832
f 1825/1825 1829/1829 1826/1826
f 1831/1831 1821/1821 1827/1827
f 1833/1833 1834/1834 1830/1830
f 1831/1831 1832/1832 1835/1835
f 1836/1836 1833/1833 1830/1830
f 1829/1829 1836/1836 1830/1830
f 1837/1837 1838/1838 1834/1834
f 1839/1839 1835/1835 1840/1840
f 1841/1841 1837/1837 1834/1834
f 1842/1842 1841/1841 1834/1834
f 1833/1833 1842/1842 1834/1834
f 1839/1839 1831/1831 1835/1835
f 1843/1843 1844/1844 1838/1838
f 1839/1839 1840/1840 1845/1845
f 1846/1846 1843/1843 1838/1838
f 1837/1837 1846/1846 1838/1838
f 1847/1847 1848/1848 1844/1844
f 1849/1849 1845/1845 1850/1850
f 1843/1843 1847/1847 1844/1844
f 1849/1849 1839/1839 1845/1845
f 1851/1851 1852/1852 1848/1848
f 1849/1849 1850/1850 1853/1853
f 1847/1847 1851/1851 1848/1848
f 1854/1854 1855/1855 1852/1852
f 1856/1856 1853/1853 1857/1857
f 1851/1851 1854/1854 1852/1852
f 1856/1856 1849/1849 1853/1853
f 1858/1858 1859/1859 1855/1855
f 1856/1856 1857/1857 1860/1860
f 1854/1854 1858/1858 1855/1855
f 1861/1861 1862/1862 1859/1859
f 1863/1863 1860/1860 1864/1864
f 1858/1858 1861/1861 1859/1859
f 1863/1863 1856/1856 1860/1860
f 1865/1865 1866/1866 1862/1862
f 1863/1863 1864/1864 1867/1867
f 1861/1861 1865/1865 1862/1862
f 1868/1868 1869/1869 1866/1866
f 1870/1870 1867/1867 1871/1871
f 1865/1865 1868/1868 1866/1866
f 1870/1870 1863/1863 1867/1867
f 1872/1872 1873/1873 1869/1869
f 1870/1870 1871/1871 1874/1874
f 1868/1868 1872/1872 1869/1869
f 1875/1875 1876/1876 1873/1873
f 1877/1877 1874/1874 1878/1878
f 1872/1872 1875/1875 1873/1873
f 1877/1877 1870/1870 1874/1874
f 1879/1879 1880/1880 1876/1876
f 1877/1877 1878/1878 1881/1881
f 1875/1875 1879/1879 1876/1876
f 1882/1882 1883/1883 1880/1880
f 1884/1884 1881/1881 1885/1885
f 1879/1879 1882/1882 1880/1880
f 1884/1884 1877/1877 1881/1881
f 1886/1886 1887/1887 1883/1883
f 1884/1884 1885/1885 1888/1888
f 1882/1882 1886/1886 1883/1883
f 1884/1884 1888/1888 1889/1889
f 1890/1890 1889/1889 1891/1891
f 1890/1890 1884/1884 1889/1889
f 1890/1890 1891/1891 1892/1892
f 1893/1893 1892/1892 1894/1894
f 1893/1893 1890/1890 1892/1892
f 1893/1893 1894/1894 1895/1895
f 1896/1896 1895/1895 1897/1897
f 1896/1896 1893/1893 1895/1895
f 1896/1896 1897/1897 1898/1898
f 1896/1896 1898/1898 1899/1899
f 1900/1900 1899/1899 1901/1901
f 1900/1900 1896/1896 1899/1899
f 1900/1900 1901/1901 1902/1902
f 1903/1903 1902/1902 1904/1904
f 1903/1903 1900/1900 1902/1902
f 1903/1903 1904/1904 1905/1905
f 1906/1906 1905/1905 1907/1907
f 1906/1906 1903/1903 1905/1905
f 1906/1906 1907/1907 1908/1908
f 1909/1909 1910/1910 1846/1846
f 1911/1911 1908/1908 1912/1912
f 1913/1913 1846/1846 1837/1837
f 1914/1914 1909/1909 1846/1846
f 1913/1913 1914/1914 1846/1846
f 1911/1911 1906/1906 1908/1908
f 1915/1915 1916/1916 1910/1910
f 1911/1911 1912/1912 1917/1917
f 1909/1909 1915/1915 1910/1910
f 1918/1918 1919/1919 1916/1916
f 1911/1911 1917/1917 1920/1920
f 1915/1915 1918/1918 1916/1916
f 1921/1921 1922/1922 1919/1919
f 1923/1923 1920/1920 1924/1924
f 1925/1925 1919/1919 1918/1918
f 1926/1926 1921/1921 1919/1919
f 1927/1927 1926/1926 1919/1919
f 1925/1925 1927/1927 1919/1919
f 1923/1923 1911/1911 1920/1920
f 1928/1928 1929/1929 1922/1922
f 1923/1923 1924/1924 1930/1930
f 1921/1921 1928/1928 1922/1922
f 1931/1931 1932/1932 1929/1929
f 1933/1933 1930/1930 1934/1934
f 1935/1935 1931/1931 1929/1929
f 1928/1928 1935/1935 1929/1929
f 1933/1933 1923/1923 1930/1930
f 1815/1815 1814/1814 1932/1932
f 1933/1933 1934/1934 1936/1936
f 1937/1937 1815/1815 1932/1932
f 1938/1938 1937/1937 1932/1932
f 1939/1939 1938/1938 1932/1932
f 1931/1931 1939/1939 1932/1932
f 1940/1940 1941/1941 1814/1814
f 1933/1933 1936/1936 1942/1942
f 1807/1807 1940/1940 1814/1814
f 1943/1943 1799/1799 1941/1941
f 1944/1944 1942/1942 1945/1945
f 1946/1946 1947/1947 1941/1941
f 1943/1943 1941/1941 1947/1947
f 1940/1940 1946/1946 1941/1941
f 1944/1944 1933/1933 1942/1942
f 1944/1944 1945/1945 1948/1948
f 1949/1949 1800/1800 1799/1799
f 1943/1943 1949/1949 1799/1799
f 1602/1602 1948/1948 1950/1950
f 1602/1602 1944/1944 1948/1948
f 1951/1951 1601/1601 1795/1795
f 1602/1602 1950/1950 1603/1603
f 1952/1952 1795/1795 1786/1786
f 1953/1953 1954/1954 1795/1795
f 1951/1951 1795/1795 1954/1954
f 1952/1952 1953/1953 1795/1795
f 1955/1955 1600/1600 1601/1601
f 1956/1956 1955/1955 1601/1601
f 1957/1957 1956/1956 1601/1601
f 1951/1951 1957/1957 1601/1601
f 1958/1958 1959/1959 1960/1960
f 1961/1961 1962/1962 1959/1959
f 1961/1961 1959/1959 1958/1958
f 1963/1963 1960/1960 1964/1964
f 1963/1963 1958/1958 1960/1960
f 1965/1965 1964/1964 1966/1966
f 1963/1963 1964/1964 1965/1965
f 1965/1965 1966/1966 1967/1967
f 1968/1968 1967/1967 1969/1969
f 1965/1965 1967/1967 1968/1968
f 1968/1968 1969/1969 1970/1970
f 1971/1971 1970/1970 1972/1972
f 1968/1968 1970/1970 1971/1971
f 1973/1973 1972/1972 1974/1974
f 1971/1971 1972/1972 1973/1973
f 1975/1975 1974/1974 1976/1976
f 1973/1973 1974/1974 1975/1975
f 1975/1975 1976/1976 1977/1977
f 1961/1961 1977/1977 1962/1962
f 1975/1975 1977/1977 1961/1961
f 1648/1648 1978/1978 1654/1654
f 1979/1979 1980/1980 1978/1978
f 1981/1981 1979/1979 1978/1978
f 1648/1648 1981/1981 1978/1978
f 1982/1982 1983/1983 1980/1980
f 1979/1979 1982/1982 1980/1980
f 1982/1982 1984/1984 1983/1983
f 1985/1985 1986/1986 1984/1984
f 1982/1982 1987/1987 1984/1984
f 1985/1985 1984/1984 1987/1987
f 1988/1988 1732/1732 1986/1986
f 1985/1985 1988/1988 1986/1986
f 1988/1988 1733/1733 1732/1732
f 1989/1989 1990/1990 1991/1991
f 1992/1992 1993/1993 1994/1994
f 1995/1995 1991/1991 1833/1833
f 1996/1996 1997/1997 1993/1993
f 1998/1998 1989/1989 1991/1991
f 1995/1995 1998/1998 1991/1991
f 1996/1996 1993/1993 1992/1992
f 1999/1999 2000/2000 1990/1990
f 2001/2001 1994/1994 2002/2002
f 1989/1989 1999/1999 1990/1990
f 2001/2001 1992/1992 1994/1994
f 1811/1811 1817/1817 2000/2000
f 2003/2003 2002/2002 2004/2004
f 2005/2005 1811/1811 2000/2000
f 1999/1999 2005/2005 2000/2000
f 2003/2003 2001/2001 2002/2002
f 2006/2006 2004/2004 2007/2007
f 2006/2006 2003/2003 2004/2004
f 2008/2008 2007/2007 2009/2009
f 2008/2008 2006/2006 2007/2007
f 2010/2010 2011/2011 1818/1818
f 2012/2012 2009/2009 2013/2013
f 1815/1815 2010/2010 1818/1818
f 2012/2012 2008/2008 2009/2009
f 2014/2014 2015/2015 2011/2011
f 2016/2016 2013/2013 2017/2017
f 2010/2010 2014/2014 2011/2011
f 2016/2016 2012/2012 2013/2013
f 2018/2018 2019/2019 2015/2015
f 2020/2020 2017/2017 2021/2021
f 2022/2022 2018/2018 2015/2015
f 2014/2014 2022/2022 2015/2015
f 2020/2020 2016/2016 2017/2017
f 2023/2023 2024/2024 2019/2019
f 2025/2025 2021/2021 2026/2026
f 2018/2018 2023/2023 2019/2019
f 2025/2025 2020/2020 2021/2021
f 2027/2027 2028/2028 2024/2024
f 2029/2029 2026/2026 2030/2030
f 2027/2027 2024/2024 2023/2023
f 2029/2029 2025/2025 2026/2026
f 2031/2031 2032/2032 2028/2028
f 2033/2033 2030/2030 2034/2034
f 2027/2027 2031/2031 2028/2028
f 2033/2033 2029/2029 2030/2030
f 2031/2031 2035/2035 2032/2032
f 2036/2036 2034/2034 2037/2037
f 2036/2036 2033/2033 2034/2034
f 2038/2038 2039/2039 2035/2035
f 2040/2040 2037/2037 2041/2041
f 2031/2031 2038/2038 2035/2035
f 2040/2040 2036/2036 2037/2037
f 1913/1913 1837/1837 2039/2039
f 2042/2042 2041/2041 2043/2043
f 2038/2038 1913/1913 2039/2039
f 2042/2042 2040/2040 2041/2041
f 2044/2044 2043/2043 2045/2045
f 2044/2044 2042/2042 2043/2043
f 2046/2046 2045/2045 2047/2047
f 2046/2046 2044/2044 2045/2045
f 2048/2048 2047/2047 1997/1997
f 2048/2048 2046/2046 2047/2047
f 2049/2049 1995/1995 1833/1833
f 1836/1836 2049/2049 1833/1833
f 1996/1996 2048/2048 1997/1997
f 2050/2050 1987/1987 2051/2051
f 2052/2052 2053/2053 2054/2054
f 2055/2055 2051/2051 2056/2056
f 2057/2057 2058/2058 2053/2053
f 2055/2055 2050/2050 2051/2051
f 2057/2057 2053/2053 2052/2052
f 2059/2059 2054/2054 2060/2060
f 2050/2050 1985/1985 1987/1987
f 2059/2059 2052/2052 2054/2054
f 2061/2061 2060/2060 2062/2062
f 2061/2061 2059/2059 2060/2060
f 2063/2063 2062/2062 2064/2064
f 2063/2063 2061/2061 2062/2062
f 2065/2065 2064/2064 2066/2066
f 2065/2065 2063/2063 2064/2064
f 2067/2067 2066/2066 2068/2068
f 2067/2067 2065/2065 2066/2066
f 2069/2069 2068/2068 2070/2070
f 2069/2069 2067/2067 2068/2068
f 2071/2071 2070/2070 2072/2072
f 2071/2071 2069/2069 2070/2070
f 2073/2073 2074/2074 1644/1644
f 2075/2075 2072/2072 2076/2076
f 2077/2077 2073/2073 1644/1644
f 1647/1647 2077/2077 1644/1644
f 2075/2075 2071/2071 2072/2072
f 2078/2078 2079/2079 2074/2074
f 2080/2080 2076/2076 2081/2081
f 2082/2082 2078/2078 2074/2074
f 2073/2073 2082/2082 2074/2074
f 2080/2080 2075/2075 2076/2076
f 2083/2083 2084/2084 2079/2079
f 2085/2085 2081/2081 2086/2086
f 2083/2083 2079/2079 2078/2078
f 2085/2085 2080/2080 2081/2081
f 1623/1623 1628/1628 2084/2084
f 2087/2087 2086/2086 2088/2088
f 2089/2089 1623/1623 2084/2084
f 2083/2083 2089/2089 2084/2084
f 2087/2087 2085/2085 2086/2086
f 2090/2090 2088/2088 2091/2091
f 2090/2090 2087/2087 2088/2088
f 2092/2092 2091/2091 2093/2093
f 2092/2092 2090/2090 2091/2091
f 2094/2094 2095/2095 1629/1629
f 2096/2096 2093/2093 2097/2097
f 1626/1626 2094/2094 1629/1629
f 2096/2096 2092/2092 2093/2093
f 2098/2098 2099/2099 2095/2095
f 2100/2100 2097/2097 2101/2101
f 2094/2094 2098/2098 2095/2095
f 2100/2100 2096/2096 2097/2097
f 2102/2102 2056/2056 2099/2099
f 2103/2103 2101/2101 2058/2058
f 2104/2104 2102/2102 2099/2099
f 2098/2098 2104/2104 2099/2099
f 2103/2103 2100/2100 2101/2101
f 2102/2102 2055/2055 2056/2056
f 2057/2057 2103/2103 2058/2058
f 2105/2105 1738/1738 2106/2106
f 2107/2107 2108/2108 2109/2109
f 2110/2110 2106/2106 2111/2111
f 2112/2112 2113/2113 2108/2108
f 2110/2110 2105/2105 2106/2106
f 2112/2112 2108/2108 2107/2107
f 2114/2114 2109/2109 2115/2115
f 2105/2105 1745/1745 1738/1738
f 2114/2114 2107/2107 2109/2109
f 2116/2116 2115/2115 2117/2117
f 2116/2116 2114/2114 2115/2115
f 2118/2118 2117/2117 2119/2119
f 2118/2118 2116/2116 2117/2117
f 2120/2120 2119/2119 2121/2121
f 2120/2120 2118/2118 2119/2119
f 2122/2122 2121/2121 2123/2123
f 2122/2122 2120/2120 2121/2121
f 2124/2124 2123/2123 2125/2125
f 2124/2124 2122/2122 2123/2123
f 2126/2126 2125/2125 2127/2127
f 2126/2126 2124/2124 2125/2125
f 2128/2128 2127/2127 2129/2129
f 2128/2128 2126/2126 2127/2127
f 2130/2130 2129/2129 2131/2131
f 2130/2130 2128/2128 2129/2129
f 2132/2132 2131/2131 2133/2133
f 2132/2132 2130/2130 2131/2131
f 2134/2134 2133/2133 2135/2135
f 2134/2134 2132/2132 2133/2133
f 2136/2136 2135/2135 2137/2137
f 2136/2136 2134/2134 2135/2135
f 2138/2138 2137/2137 2139/2139
f 2138/2138 2136/2136 2137/2137
f 2140/2140 2139/2139 2141/2141
f 2140/2140 2138/2138 2139/2139
f 2142/2142 2141/2141 2143/2143
f 2142/2142 2140/2140 2141/2141
f 2144/2144 2111/2111 1758/1758
f 2145/2145 2143/2143 2113/2113
f 2146/2146 2144/2144 1758/1758
f 2147/2147 2146/2146 1758/1758
f 1759/1759 2147/2147 1758/1758
f 2145/2145 2142/2142 2143/2143
f 2148/2148 2110/2110 2111/2111
f 2144/2144 2148/2148 2111/2111
f 2112/2112 2145/2145 2113/2113
f 2149/2149 2150/2150 2151/2151
f 2152/2152 2153/2153 2150/2150
f 2152/2152 2150/2150 2149/2149
f 2154/2154 2151/2151 2155/2155
f 2154/2154 2149/2149 2151/2151
f 2156/2156 2155/2155 2157/2157
f 2156/2156 2154/2154 2155/2155
f 2158/2158 2157/2157 2159/2159
f 2158/2158 2156/2156 2157/2157
f 2160/2160 2159/2159 2161/2161
f 2160/2160 2158/2158 2159/2159
f 2162/2162 2161/2161 2163/2163
f 2162/2162 2160/2160 2161/2161
f 2164/2164 2163/2163 2165/2165
f 2164/2164 2162/2162 2163/2163
f 2166/2166 2167/2167 1938/1938
f 2168/2168 2165/2165 2169/2169
f 2170/2170 2166/2166 1938/1938
f 2171/2171 2170/2170 1938/1938
f 1939/1939 2171/2171 1938/1938
f 2168/2168 2164/2164 2165/2165
f 2172/2172 2173/2173 2167/2167
f 2174/2174 2169/2169 2175/2175
f 2166/2166 2176/2176 2167/2167
f 2172/2172 2167/2167 2176/2176
f 2174/2174 2168/2168 2169/2169
f 2177/2177 1918/1918 2173/2173
f 2178/2178 2175/2175 2179/2179
f 2172/2172 2177/2177 2173/2173
f 2178/2178 2174/2174 2175/2175
f 2180/2180 2179/2179 2181/2181
f 2177/2177 1925/1925 1918/1918
f 2180/2180 2178/2178 2179/2179
f 2182/2182 2181/2181 2183/2183
f 2182/2182 2180/2180 2181/2181
f 2184/2184 2183/2183 2185/2185
f 2184/2184 2182/2182 2183/2183
f 2186/2186 2185/2185 2187/2187
f 2186/2186 2184/2184 2185/2185
f 2188/2188 2187/2187 2189/2189
f 2188/2188 2186/2186 2187/2187
f 2190/2190 2189/2189 2191/2191
f 2190/2190 2188/2188 2189/2189
f 2192/2192 2191/2191 2153/2153
f 2192/2192 2190/2190 2191/2191
f 2152/2152 2192/2192 2153/2153
f 2193/2193 2194/2194 2195/2195
f 2196/2196 2197/2197 2198/2198
f 2199/2199 2195/2195 2200/2200
f 2201/2201 2202/2202 2197/2197
f 2193/2193 2195/2195 2199/2199
f 2201/2201 2197/2197 2196/2196
f 2193/2193 2203/2203 2194/2194
f 2204/2204 2198/2198 2205/2205
f 2204/2204 2196/2196 2198/2198
f 2206/2206 2207/2207 2203/2203
f 2208/2208 2205/2205 2209/2209
f 2193/2193 2206/2206 2203/2203
f 2210/2210 2204/2204 2205/2205
f 2208/2208 2210/2210 2205/2205
f 2211/2211 2212/2212 2207/2207
f 2213/2213 2209/2209 2214/2214
f 2206/2206 2211/2211 2207/2207
f 2213/2213 2208/2208 2209/2209
f 2211/2211 2215/2215 2212/2212
f 2213/2213 2214/2214 2216/2216
f 2217/2217 2218/2218 2215/2215
f 2219/2219 2216/2216 2220/2220
f 2211/2211 2217/2217 2215/2215
f 2219/2219 2213/2213 2216/2216
f 2217/2217 2221/2221 2218/2218
f 2222/2222 2220/2220 2223/2223
f 2222/2222 2219/2219 2220/2220
f 2217/2217 2224/2224 2221/2221
f 2225/2225 2223/2223 2226/2226
f 2225/2225 2222/2222 2223/2223
f 2217/2217 2227/2227 2224/2224
f 2228/2228 2226/2226 2229/2229
f 2230/2230 2225/2225 2226/2226
f 2228/2228 2230/2230 2226/2226
f 2231/2231 2232/2232 2227/2227
f 2233/2233 2229/2229 2234/2234
f 2231/2231 2227/2227 2217/2217
f 2233/2233 2228/2228 2229/2229
f 2199/2199 2200/2200 2232/2232
f 2233/2233 2234/2234 2202/2202
f 2231/2231 2199/2199 2232/2232
f 2201/2201 2233/2233 2202/2202
f 1779/1779 2235/2235 2236/2236
f 2237/2237 2238/2238 2239/2239
f 1779/1779 2236/2236 2240/2240
f 2241/2241 2242/2242 2238/2238
f 2241/2241 2238/2238 2237/2237
f 1779/1779 2243/2243 2235/2235
f 2244/2244 2239/2239 2245/2245
f 2244/2244 2237/2237 2239/2239
f 1779/1779 1784/1784 2243/2243
f 2246/2246 2245/2245 2247/2247
f 2248/2248 2244/2244 2245/2245
f 2246/2246 2248/2248 2245/2245
f 2249/2249 2247/2247 2250/2250
f 2249/2249 2246/2246 2247/2247
f 2249/2249 2250/2250 2251/2251
f 2252/2252 2251/2251 2253/2253
f 2252/2252 2249/2249 2251/2251
f 2254/2254 2253/2253 2255/2255
f 2254/2254 2252/2252 2253/2253
f 2256/2256 2255/2255 2257/2257
f 2256/2256 2254/2254 2255/2255
f 2258/2258 2257/2257 2259/2259
f 2260/2260 2256/2256 2257/2257
f 2258/2258 2260/2260 2257/2257
f 1778/1778 2261/2261 1777/1777
f 2262/2262 2259/2259 2263/2263
f 2262/2262 2258/2258 2259/2259
f 1779/1779 2240/2240 2261/2261
f 2262/2262 2263/2263 2242/2242
f 1778/1778 1779/1779 2261/2261
f 2241/2241 2262/2262 2242/2242
f 2264/2264 2265/2265 2266/2266
f 2267/2267 2268/2268 2265/2265
f 2267/2267 2265/2265 2264/2264
f 2269/2269 2266/2266 2270/2270
f 2271/2271 2264/2264 2266/2266
f 2269/2269 2271/2271 2266/2266
f 2272/2272 2270/2270 2273/2273
f 2272/2272 2269/2269 2270/2270
f 2274/2274 2273/2273 2275/2275
f 2272/2272 2273/2273 2274/2274
f 2276/2276 2275/2275 2277/2277
f 2276/2276 2274/2274 2275/2275
f 2278/2278 2277/2277 2279/2279
f 2280/2280 2276/2276 2277/2277
f 2278/2278 2280/2280 2277/2277
f 2281/2281 2279/2279 2282/2282
f 2281/2281 2278/2278 2279/2279
f 2283/2283 2282/2282 2284/2284
f 2281/2281 2282/2282 2283/2283
f 2285/2285 2284/2284 2286/2286
f 2285/2285 2283/2283 2284/2284
f 2287/2287 2286/2286 2288/2288
f 2289/2289 2285/2285 2286/2286
f 2289/2289 2286/2286 2287/2287
f 2290/2290 2217/2217 1609/1609
f 2291/2291 2288/2288 2292/2292
f 2293/2293 2290/2290 1609/1609
f 1610/1610 2293/2293 1609/1609
f 2287/2287 2288/2288 2291/2291
f 2294/2294 2292/2292 2295/2295
f 2290/2290 2231/2231 2217/2217
f 2291/2291 2292/2292 2294/2294
f 1951/1951 1954/1954 2211/2211
f 2296/2296 2295/2295 2297/2297
f 2206/2206 1951/1951 2211/2211
f 2294/2294 2295/2295 2296/2296
f 2298/2298 2297/2297 2299/2299
f 2300/2300 2296/2296 2297/2297
f 2300/2300 2297/2297 2298/2298
f 2301/2301 2299/2299 2268/2268
f 2298/2298 2299/2299 2301/2301
f 2301/2301 2268/2268 2267/2267
f 2302/2302 2303/2303 2304/2304
f 2305/2305 2306/2306 2303/2303
f 2305/2305 2303/2303 2302/2302
f 2307/2307 2304/2304 2308/2308
f 2309/2309 2302/2302 2304/2304
f 2307/2307 2309/2309 2304/2304
f 2310/2310 2308/2308 2311/2311
f 2310/2310 2307/2307 2308/2308
f 2312/2312 2311/2311 2313/2313
f 2312/2312 2310/2310 2311/2311
f 2312/2312 2313/2313 2314/2314
f 2315/2315 2314/2314 2316/2316
f 2315/2315 2312/2312 2314/2314
f 2317/2317 2316/2316 2318/2318
f 2319/2319 2315/2315 2316/2316
f 2317/2317 2319/2319 2316/2316
f 2320/2320 2318/2318 2321/2321
f 2320/2320 2317/2317 2318/2318
f 2322/2322 2321/2321 2323/2323
f 2324/2324 2320/2320 2321/2321
f 2322/2322 2324/2324 2321/2321
f 2325/2325 2323/2323 2326/2326
f 2325/2325 2322/2322 2323/2323
f 2327/2327 2326/2326 2328/2328
f 2327/2327 2325/2325 2326/2326
f 2327/2327 2328/2328 2329/2329
f 2330/2330 2329/2329 2306/2306
f 2330/2330 2327/2327 2329/2329
f 2331/2331 2330/2330 2306/2306
f 2305/2305 2331/2331 2306/2306
f 2332/2332 2333/2333 2334/2334
f 2335/2335 2336/2336 2333/2333
f 2335/2335 2333/2333 2332/2332
f 2337/2337 2334/2334 2338/2338
f 2337/2337 2332/2332 2334/2334
f 2339/2339 2338/2338 2340/2340
f 2339/2339 2337/2337 2338/2338
f 2339/2339 2340/2340 2341/2341
f 2342/2342 2341/2341 2343/2343
f 2342/2342 2339/2339 2341/2341
f 2344/2344 2343/2343 2345/2345
f 2344/2344 2342/2342 2343/2343
f 2344/2344 2345/2345 2346/2346
f 2347/2347 2346/2346 2348/2348
f 2347/2347 2344/2344 2346/2346
f 2349/2349 2348/2348 2350/2350
f 2349/2349 2347/2347 2348/2348
f 2351/2351 2350/2350 2352/2352
f 2351/2351 2349/2349 2350/2350
f 2351/2351 2352/2352 2353/2353
f 2354/2354 2353/2353 2355/2355
f 2354/2354 2351/2351 2353/2353
f 2335/2335 2355/2355 2336/2336
f 2335/2335 2354/2354 2355/2355
f 2356/2356 2357/2357 2358/2358
f 2359/2359 2360/2360 2357/2357
f 2359/2359 2357/2357 2356/2356
f 2361/2361 2358/2358 2362/2362
f 2361/2361 2356/2356 2358/2358
f 2363/2363 2362/2362 2364/2364
f 2363/2363 2361/2361 2362/2362
f 2363/2363 2364/2364 2365/2365
f 2366/2366 2365/2365 2367/2367
f 2366/2366 2363/2363 2365/2365
f 2368/2368 2367/2367 2369/2369
f 2368/2368 2366/2366 2367/2367
f 2368/2368 2369/2369 2370/2370
f 2371/2371 2370/2370 2372/2372
f 2371/2371 2368/2368 2370/2370
f 2373/2373 2372/2372 2374/2374
f 2373/2373 2371/2371 2372/2372
f 2375/2375 2374/2374 2376/2376
f 2375/2375 2373/2373 2374/2374
f 2375/2375 2376/2376 2377/2377
f 2378/2378 2377/2377 2379/2379
f 2378/2378 2375/2375 2377/2377
f 2359/2359 2379/2379 2360/2360
f 2359/2359 2378/2378 2379/2379
f 2380/2380 2381/2381 2382/2382
f 2383/2383 2384/2384 2381/2381
f 2383/2383 2381/2381 2380/2380
f 2385/2385 2382/2382 2386/2386
f 2385/2385 2380/2380 2382/2382
f 2387/2387 2386/2386 2388/2388
f 2387/2387 2385/2385 2386/2386
f 2387/2387 2388/2388 2389/2389
f 2390/2390 2389/2389 2391/2391
f 2390/2390 2387/2387 2389/2389
f 2392/2392 2391/2391 2393/2393
f 2392/2392 2390/2390 2391/2391
f 2392/2392 2393/2393 2394/2394
f 2395/2395 2394/2394 2396/2396
f 2395/2395 2392/2392 2394/2394
f 2397/2397 2396/2396 2398/2398
f 2397/2397 2395/2395 2396/2396
f 2399/2399 2398/2398 2400/2400
f 2399/2399 2397/2397 2398/2398
f 2399/2399 2400/2400 2401/2401
f 2402/2402 2401/2401 2403/2403
f 2402/2402 2399/2399 2401/2401
f 2383/2383 2403/2403 2384/2384
f 2383/2383 2402/2402 2403/2403
f 2404/2404 2405/2405 2406/2406
f 2407/2407 2408/2408 2405/2405
f 2407/2407 2405/2405 2404/2404
f 2409/2409 2406/2406 2410/2410
f 2409/2409 2404/2404 2406/2406
f 2411/2411 2410/2410 2412/2412
f 2411/2411 2409/2409 2410/2410
f 2411/2411 2412/2412 2413/2413
f 2414/2414 2413/2413 2415/2415
f 2414/2414 2411/2411 2413/2413
f 2416/2416 2415/2415 2417/2417
f 2416/2416 2414/2414 2415/2415
f 2416/2416 2417/2417 2418/2418
f 2419/2419 2418/2418 2420/2420
f 2419/2419 2416/2416 2418/2418
f 2421/2421 2420/2420 2422/2422
f 2421/2421 2419/2419 2420/2420
f 2423/2423 2422/2422 2424/2424
f 2423/2423 2421/2421 2422/2422
f 2423/2423 2424/2424 2425/2425
f 2426/2426 2425/2425 2427/2427
f 2426/2426 2423/2423 2425/2425
f 2407/2407 2427/2427 2408/2408
f 2407/2407 2426/2426 2427/2427
f 2428/2428 2429/2429 2430/2430
f 2431/2431 2432/2432 2429/2429
f 2433/2433 2431/2431 2429/2429
f 2428/2428 2433/2433 2429/2429
f 2434/2434 2430/2430 2435/2435
f 2436/2436 2428/2428 2430/2430
f 2437/2437 2436/2436 2430/2430
f 2434/2434 2437/2437 2430/2430
f 2438/2438 2435/2435 2439/2439
f 2440/2440 2434/2434 2435/2435
f 2441/2441 2440/2440 2435/2435
f 2438/2438 2441/2441 2435/2435
f 2442/2442 2439/2439 2443/2443
f 2444/2444 2438/2438 2439/2439
f 2442/2442 2444/2444 2439/2439
f 2445/2445 2443/2443 2446/2446
f 2447/2447 2442/2442 2443/2443
f 2445/2445 2447/2447 2443/2443
f 2448/2448 2446/2446 2449/2449
f 2450/2450 2445/2445 2446/2446
f 2451/2451 2450/2450 2446/2446
f 2448/2448 2451/2451 2446/2446
f 2452/2452 2449/2449 2453/2453
f 2454/2454 2448/2448 2449/2449
f 2452/2452 2454/2454 2449/2449
f 2455/2455 2453/2453 2456/2456
f 2457/2457 2452/2452 2453/2453
f 2458/2458 2457/2457 2453/2453
f 2455/2455 2458/2458 2453/2453
f 2459/2459 2456/2456 2460/2460
f 2461/2461 2455/2455 2456/2456
f 2459/2459 2461/2461 2456/2456
f 2462/2462 2460/2460 2463/2463
f 2464/2464 2459/2459 2460/2460
f 2462/2462 2464/2464 2460/2460
f 2465/2465 2463/2463 2466/2466
f 2467/2467 2462/2462 2463/2463
f 2468/2468 2467/2467 2463/2463
f 2465/2465 2468/2468 2463/2463
f 2469/2469 2466/2466 2470/2470
f 2471/2471 2465/2465 2466/2466
f 2469/2469 2471/2471 2466/2466
f 2472/2472 2470/2470 2473/2473
f 2474/2474 2469/2469 2470/2470
f 2472/2472 2474/2474 2470/2470
f 2475/2475 2473/2473 2476/2476
f 2477/2477 2472/2472 2473/2473
f 2475/2475 2477/2477 2473/2473
f 2478/2478 2476/2476 2479/2479
f 2480/2480 2475/2475 2476/2476
f 2481/2481 2480/2480 2476/2476
f 2478/2478 2481/2481 2476/2476
f 2482/2482 2479/2479 2483/2483
f 2484/2484 2478/2478 2479/2479
f 2482/2482 2484/2484 2479/2479
f 2485/2485 2483/2483 2486/2486
f 2487/2487 2482/2482 2483/2483
f 2485/2485 2487/2487 2483/2483
f 2488/2488 2486/2486 2489/2489
f 2490/2490 2485/2485 2486/2486
f 2488/2488 2490/2490 2486/2486
f 2491/2491 2489/2489 2492/2492
f 2493/2493 2488/2488 2489/2489
f 2491/2491 2493/2493 2489/2489
f 2494/2494 2492/2492 2495/2495
f 2496/2496 2491/2491 2492/2492
f 2494/2494 2496/2496 2492/2492
f 2497/2497 2495/2495 2498/2498
f 2499/2499 2494/2494 2495/2495
f 2497/2497 2499/2499 2495/2495
f 2500/2500 2498/2498 2501/2501
f 2502/2502 2497/2497 2498/2498
f 2500/2500 2502/2502 2498/2498
f 2503/2503 2501/2501 2504/2504
f 2505/2505 2500/2500 2501/2501
f 2506/2506 2505/2505 2501/2501
f 2503/2503 2506/2506 2501/2501
f 2507/2507 2504/2504 2508/2508
f 2509/2509 2504/2504 2507/2507
f 2509/2509 2503/2503 2504/2504
f 2510/2510 2508/2508 2511/2511
f 2512/2512 2507/2507 2508/2508
f 2513/2513 2512/2512 2508/2508
f 2510/2510 2513/2513 2508/2508
f 2514/2514 2511/2511 2515/2515
f 2516/2516 2510/2510 2511/2511
f 2517/2517 2516/2516 2511/2511
f 2514/2514 2517/2517 2511/2511
f 2518/2518 2515/2515 2519/2519
f 2520/2520 2514/2514 2515/2515
f 2518/2518 2520/2520 2515/2515
f 2521/2521 2519/2519 2522/2522
f 2523/2523 2518/2518 2519/2519
f 2521/2521 2523/2523 2519/2519
f 2524/2524 2522/2522 2525/2525
f 2526/2526 2521/2521 2522/2522
f 2527/2527 2526/2526 2522/2522
f 2524/2524 2527/2527 2522/2522
f 2528/2528 2525/2525 2529/2529
f 2530/2530 2524/2524 2525/2525
f 2528/2528 2530/2530 2525/2525
f 2531/2531 2529/2529 2532/2532
f 2533/2533 2528/2528 2529/2529
f 2534/2534 2533/2533 2529/2529
f 2531/2531 2534/2534 2529/2529
f 2535/2535 2532/2532 2536/2536
f 2537/2537 2531/2531 2532/2532
f 2535/2535 2537/2537 2532/2532
f 2538/2538 2536/2536 2539/2539
f 2540/2540 2535/2535 2536/2536
f 2538/2538 2540/2540 2536/2536
f 2541/2541 2539/2539 2542/2542
f 2543/2543 2538/2538 2539/2539
f 2544/2544 2543/2543 2539/2539
f 2541/2541 2544/2544 2539/2539
f 2545/2545 2542/2542 2546/2546
f 2547/2547 2541/2541 2542/2542
f 2545/2545 2547/2547 2542/2542
f 2548/2548 2546/2546 2549/2549
f 2550/2550 2545/2545 2546/2546
f 2548/2548 2550/2550 2546/2546
f 2551/2551 2549/2549 2552/2552
f 2553/2553 2548/2548 2549/2549
f 2551/2551 2553/2553 2549/2549
f 2554/2554 2552/2552 2555/2555
f 2556/2556 2551/2551 2552/2552
f 2557/2557 2556/2556 2552/2552
f 2554/2554 2557/2557 2552/2552
f 2558/2558 2555/2555 2559/2559
f 2560/2560 2554/2554 2555/2555
f 2558/2558 2560/2560 2555/2555
f 2561/2561 2559/2559 2562/2562
f 2563/2563 2558/2558 2559/2559
f 2561/2561 2563/2563 2559/2559
f 2564/2564 2562/2562 2565/2565
f 2566/2566 2561/2561 2562/2562
f 2564/2564 2566/2566 2562/2562
f 2567/2567 2565/2565 2568/2568
f 2569/2569 2564/2564 2565/2565
f 2567/2567 2569/2569 2565/2565
f 2570/2570 2568/2568 2571/2571
f 2572/2572 2567/2567 2568/2568
f 2570/2570 2572/2572 2568/2568
f 2573/2573 2571/2571 2574/2574
f 2575/2575 2570/2570 2571/2571
f 2573/2573 2575/2575 2571/2571
f 2576/2576 2574/2574 2432/2432
f 2577/2577 2573/2573 2574/2574
f 2576/2576 2577/2577 2574/2574
f 2578/2578 2576/2576 2432/2432
f 2579/2579 2578/2578 2432/2432
f 2431/2431 2579/2579 2432/2432
f 889/889 888/888 2580/2580
f 2581/2581 2580/2580 2582/2582
f 2581/2581 889/889 2580/2580
f 2583/2583 2582/2582 2584/2584
f 2583/2583 2581/2581 2582/2582
f 2585/2585 2584/2584 2586/2586
f 2585/2585 2583/2583 2584/2584
f 2587/2587 2586/2586 2588/2588
f 2587/2587 2585/2585 2586/2586
f 2589/2589 2588/2588 2590/2590
f 2589/2589 2587/2587 2588/2588
f 2591/2591 2590/2590 2592/2592
f 2591/2591 2589/2589 2590/2590
f 2593/2593 2592/2592 2594/2594
f 2593/2593 2591/2591 2592/2592
f 2595/2595 2594/2594 2596/2596
f 2595/2595 2593/2593 2594/2594
f 2597/2597 2596/2596 2598/2598
f 2597/2597 2595/2595 2596/2596
f 2597/2597 2598/2598 2599/2599
f 2600/2600 2599/2599 2601/2601
f 2600/2600 2597/2597 2599/2599
f 2602/2602 2601/2601 2603/2603
f 2602/2602 2600/2600 2601/2601
f 2604/2604 2603/2603 2605/2605
f 2604/2604 2602/2602 2603/2603
f 2606/2606 2605/2605 2607/2607
f 2606/2606 2604/2604 2605/2605
f 2608/2608 2607/2607 2609/2609
f 2608/2608 2606/2606 2607/2607
f 2608/2608 2609/2609 2610/2610
f 2611/2611 2610/2610 2612/2612
f 2611/2611 2608/2608 2610/2610
f 2613/2613 2612/2612 2614/2614
f 2613/2613 2611/2611 2612/2612
f 2615/2615 2614/2614 2616/2616
f 2615/2615 2613/2613 2614/2614
f 2615/2615 2616/2616 2617/2617
f 2618/2618 2617/2617 2619/2619
f 2618/2618 2615/2615 2617/2617
f 2620/2620 2619/2619 2621/2621
f 2620/2620 2618/2618 2619/2619
f 2620/2620 2621/2621 2622/2622
f 2623/2623 2622/2622 2624/2624
f 2623/2623 2620/2620 2622/2622
f 2623/2623 2624/2624 2625/2625
f 2626/2626 2625/2625 2627/2627
f 2628/2628 2623/2623 2625/2625
f 2626/2626 2628/2628 2625/2625
f 2629/2629 2627/2627 2630/2630
f 2629/2629 2626/2626 2627/2627
f 2629/2629 2630/2630 2631/2631
f 2632/2632 2631/2631 2633/2633
f 2632/2632 2629/2629 2631/2631
f 2632/2632 2633/2633 2634/2634
f 2635/2635 2634/2634 2636/2636
f 2635/2635 2632/2632 2634/2634
f 2637/2637 2636/2636 2638/2638
f 2637/2637 2635/2635 2636/2636
f 2639/2639 2638/2638 2640/2640
f 2639/2639 2637/2637 2638/2638
f 2641/2641 2640/2640 2642/2642
f 2641/2641 2639/2639 2640/2640
f 2643/2643 2642/2642 2644/2644
f 2643/2643 2641/2641 2642/2642
f 2645/2645 2644/2644 2646/2646
f 2645/2645 2643/2643 2644/2644
f 2647/2647 2646/2646 2648/2648
f 2647/2647 2645/2645 2646/2646
f 2649/2649 2648/2648 2650/2650
f 2649/2649 2647/2647 2648/2648
f 2651/2651 2650/2650 2652/2652
f 2651/2651 2649/2649 2650/2650
f 2653/2653 2652/2652 2654/2654
f 2653/2653 2651/2651 2652/2652
f 2655/2655 2654/2654 2656/2656
f 2655/2655 2653/2653 2654/2654
f 2657/2657 2656/2656 2658/2658
f 2657/2657 2655/2655 2656/2656
f 2659/2659 2658/2658 2660/2660
f 2659/2659 2657/2657 2658/2658
f 2661/2661 2660/2660 2662/2662
f 2663/2663 2659/2659 2660/2660
f 2661/2661 2663/2663 2660/2660
f 2664/2664 2662/2662 2665/2665
f 2664/2664 2661/2661 2662/2662
f 2666/2666 2665/2665 2667/2667
f 2666/2666 2664/2664 2665/2665
f 2668/2668 2667/2667 2669/2669
f 2668/2668 2666/2666 2667/2667
f 2670/2670 2669/2669 2671/2671
f 2670/2670 2668/2668 2669/2669
f 2672/2672 2671/2671 2673/2673
f 2672/2672 2670/2670 2671/2671
f 1066/1066 2673/2673 2674/2674
f 1066/1066 2672/2672 2673/2673
f 1066/1066 2674/2674 1065/1065
f 860/860 859/859 2675/2675
f 860/860 2675/2675 2676/2676
f 1281/1281 2676/2676 1280/1280
f 1281/1281 860/860 2676/2676
f 2626/2626 2677/2677 2628/2628
f 2678/2678 2679/2679 2677/2677
f 2626/2626 2678/2678 2677/2677
f 2680/2680 2681/2681 2679/2679
f 2678/2678 2680/2680 2679/2679
f 2682/2682 2683/2683 2681/2681
f 2680/2680 2682/2682 2681/2681
f 2684/2684 2685/2685 815/815
f 814/814 2684/2684 815/815
f 2684/2684 2686/2686 2685/2685
f 2684/2684 2687/2687 2686/2686
f 2688/2688 2689/2689 816/816
f 2690/2690 816/816 817/817
f 2690/2690 2688/2688 816/816
f 2691/2691 825/825 2689/2689
f 1528/1528 402/402 2692/2692
f 2693/2693 2691/2691 2689/2689
f 2688/2688 2693/2693 2689/2689
f 2691/2691 826/826 825/825
f 2694/2694 2695/2695 2696/2696
f 2697/2697 2698/2698 2695/2695
f 2697/2697 2695/2695 2694/2694
f 2699/2699 2696/2696 2700/2700
f 2699/2699 2694/2694 2696/2696
f 2701/2701 2700/2700 2702/2702
f 2701/2701 2699/2699 2700/2700
f 2703/2703 2702/2702 2704/2704
f 2703/2703 2701/2701 2702/2702
f 2703/2703 2704/2704 2705/2705
f 2706/2706 2705/2705 2707/2707
f 2706/2706 2703/2703 2705/2705
f 2708/2708 2707/2707 2709/2709
f 2708/2708 2706/2706 2707/2707
f 2710/2710 2709/2709 2711/2711
f 2710/2710 2708/2708 2709/2709
f 2697/2697 2711/2711 2698/2698
f 2697/2697 2710/2710 2711/2711
f 2712/2712 2713/2713 2714/2714
f 2715/2715 2716/2716 2713/2713
f 2717/2717 2713/2713 2712/2712
f 2717/2717 2715/2715 2713/2713
f 2718/2718 2714/2714 2719/2719
f 2720/2720 2712/2712 2714/2714
f 2718/2718 2720/2720 2714/2714
f 2721/2721 2719/2719 2722/2722
f 2723/2723 2719/2719 2721/2721
f 2724/2724 2719/2719 2723/2723
f 2724/2724 2718/2718 2719/2719
f 2725/2725 2722/2722 2726/2726
f 2721/2721 2722/2722 2725/2725
f 2724/2724 2723/2723 2727/2727
f 2728/2728 2727/2727 2729/2729
f 2728/2728 2724/2724 2727/2727
f 2730/2730 2729/2729 2731/2731
f 2732/2732 2728/2728 2729/2729
f 2730/2730 2732/2732 2729/2729
f 2733/2733 2731/2731 2734/2734
f 2735/2735 2730/2730 2731/2731
f 2733/2733 2735/2735 2731/2731
f 2736/2736 2734/2734 2737/2737
f 2738/2738 2734/2734 2736/2736
f 2739/2739 2734/2734 2738/2738
f 2739/2739 2733/2733 2734/2734
f 2740/2740 2737/2737 2741/2741
f 2736/2736 2737/2737 2740/2740
f 2739/2739 2738/2738 2716/2716
f 2715/2715 2739/2739 2716/2716
f 2742/2742 2743/2743 2744/2744
f 2745/2745 2746/2746 2743/2743
f 2747/2747 2743/2743 2742/2742
f 2747/2747 2745/2745 2743/2743
f 2748/2748 2744/2744 2749/2749
f 2750/2750 2742/2742 2744/2744
f 2748/2748 2750/2750 2744/2744
f 2751/2751 2749/2749 2752/2752
f 2753/2753 2749/2749 2751/2751
f 2754/2754 2749/2749 2753/2753
f 2754/2754 2748/2748 2749/2749
f 2755/2755 2752/2752 2756/2756
f 2751/2751 2752/2752 2755/2755
f 2754/2754 2753/2753 2757/2757
f 2758/2758 2757/2757 2759/2759
f 2758/2758 2754/2754 2757/2757
f 2760/2760 2759/2759 2761/2761
f 2762/2762 2758/2758 2759/2759
f 2760/2760 2762/2762 2759/2759
f 2763/2763 2761/2761 2764/2764
f 2765/2765 2760/2760 2761/2761
f 2763/2763 2765/2765 2761/2761
f 2766/2766 2764/2764 2767/2767
f 2768/2768 2764/2764 2766/2766
f 2769/2769 2764/2764 2768/2768
f 2769/2769 2763/2763 2764/2764
f 2770/2770 2767/2767 2771/2771
f 2766/2766 2767/2767 2770/2770
f 2769/2769 2768/2768 2746/2746
f 2745/2745 2769/2769 2746/2746
f 2772/2772 2773/2773 2774/2774
f 2775/2775 2776/2776 2773/2773
f 2777/2777 2773/2773 2772/2772
f 2777/2777 2775/2775 2773/2773
f 2778/2778 2774/2774 2779/2779
f 2780/2780 2772/2772 2774/2774
f 2778/2778 2780/2780 2774/2774
f 2781/2781 2779/2779 2782/2782
f 2783/2783 2779/2779 2781/2781
f 2784/2784 2779/2779 2783/2783
f 2784/2784 2778/2778 2779/2779
f 2785/2785 2782/2782 2786/2786
f 2781/2781 2782/2782 2785/2785
f 2784/2784 2783/2783 2787/2787
f 2788/2788 2787/2787 2789/2789
f 2788/2788 2784/2784 2787/2787
f 2790/2790 2789/2789 2791/2791
f 2792/2792 2788/2788 2789/2789
f 2790/2790 2792/2792 2789/2789
f 2793/2793 2791/2791 2794/2794
f 2795/2795 2790/2790 2791/2791
f 2793/2793 2795/2795 2791/2791
f 2796/2796 2794/2794 2797/2797
f 2798/2798 2794/2794 2796/2796
f 2799/2799 2794/2794 2798/2798
f 2799/2799 2793/2793 2794/2794
f 2800/2800 2797/2797 2801/2801
f 2796/2796 2797/2797 2800/2800
f 2799/2799 2798/2798 2776/2776
f 2775/2775 2799/2799 2776/2776
f 2802/2802 2803/2803 2804/2804
f 2805/2805 2806/2806 2803/2803
f 2807/2807 2803/2803 2802/2802
f 2807/2807 2805/2805 2803/2803
f 2808/2808 2804/2804 2809/2809
f 2810/2810 2802/2802 2804/2804
f 2808/2808 2810/2810 2804/2804
f 2811/2811 2809/2809 2812/2812
f 2813/2813 2809/2809 2811/2811
f 2814/2814 2809/2809 2813/2813
f 2814/2814 2808/2808 2809/2809
f 2815/2815 2812/2812 2816/2816
f 2811/2811 2812/2812 2815/2815
f 2814/2814 2813/2813 2817/2817
f 2818/2818 2817/2817 2819/2819
f 2818/2818 2814/2814 2817/2817
f 2820/2820 2819/2819 2821/2821
f 2822/2822 2818/2818 2819/2819
f 2820/2820 2822/2822 2819/2819
f 2823/2823 2821/2821 2824/2824
f 2825/2825 2820/2820 2821/2821
f 2823/2823 2825/2825 2821/2821
f 2826/2826 2824/2824 2827/2827
f 2828/2828 2824/2824 2826/2826
f 2829/2829 2824/2824 2828/2828
f 2829/2829 2823/2823 2824/2824
f 2830/2830 2827/2827 2831/2831
f 2826/2826 2827/2827 2830/2830
f 2829/2829 2828/2828 2806/2806
f 2805/2805 2829/2829 2806/2806
f 2832/2832 2833/2833 2834/2834
f 2835/2835 2836/2836 2833/2833
f 2835/2835 2833/2833 2832/2832
f 2837/2837 2834/2834 2838/2838
f 2837/2837 2832/2832 2834/2834
f 2837/2837 2838/2838 2839/2839
f 2840/2840 2839/2839 2841/2841
f 2842/2842 2837/2837 2839/2839
f 2843/2843 2842/2842 2839/2839
f 2840/2840 2843/2843 2839/2839
f 2840/2840 2841/2841 2844/2844
f 2840/2840 2844/2844 2845/2845
f 2846/2846 2845/2845 2847/2847
f 2846/2846 2840/2840 2845/2845
f 2848/2848 2847/2847 2849/2849
f 2848/2848 2846/2846 2847/2847
f 2848/2848 2849/2849 2850/2850
f 2835/2835 2850/2850 2851/2851
f 2852/2852 2848/2848 2850/2850
f 2853/2853 2852/2852 2850/2850
f 2835/2835 2853/2853 2850/2850
f 2835/2835 2851/2851 2836/2836
f 2843/2843 2854/2854 2842/2842
f 2843/2843 2855/2855 2854/2854
f 2853/2853 2856/2856 2852/2852
f 2853/2853 2857/2857 2856/2856
f 2858/2858 2859/2859 2860/2860
f 2861/2861 2862/2862 2859/2859
f 2861/2861 2859/2859 2858/2858
f 2863/2863 2860/2860 2864/2864
f 2863/2863 2858/2858 2860/2860
f 2863/2863 2864/2864 2865/2865
f 2866/2866 2865/2865 2867/2867
f 2868/2868 2863/2863 2865/2865
f 2869/2869 2868/2868 2865/2865
f 2866/2866 2869/2869 2865/2865
f 2866/2866 2867/2867 2870/2870
f 2866/2866 2870/2870 2871/2871
f 2872/2872 2871/2871 2873/2873
f 2872/2872 2866/2866 2871/2871
f 2874/2874 2873/2873 2875/2875
f 2874/2874 2872/2872 2873/2873
f 2874/2874 2875/2875 2876/2876
f 2861/2861 2876/2876 2877/2877
f 2878/2878 2874/2874 2876/2876
f 2879/2879 2878/2878 2876/2876
f 2861/2861 2879/2879 2876/2876
f 2861/2861 2877/2877 2862/2862
f 2869/2869 2880/2880 2868/2868
f 2869/2869 2881/2881 2880/2880
f 2879/2879 2882/2882 2878/2878
f 2879/2879 2883/2883 2882/2882
f 2884/2884 2885/2885 2886/2886
f 2887/2887 2888/2888 2885/2885
f 2884/2884 2886/2886 2889/2889
f 2884/2884 2889/2889 2890/2890
f 2884/2884 2890/2890 2891/2891
f 2884/2884 2891/2891 2892/2892
f 2884/2884 2892/2892 2893/2893
f 2884/2884 2893/2893 2894/2894
f 2884/2884 2894/2894 2895/2895
f 2887/2887 2895/2895 2896/2896
f 2887/2887 2896/2896 2897/2897
f 2887/2887 2897/2897 2898/2898
f 2887/2887 2898/2898 2899/2899
f 2887/2887 2899/2899 2900/2900
f 2887/2887 2900/2900 2901/2901
f 2887/2887 2901/2901 2888/2888
f 2902/2902 2903/2903 2904/2904
f 2905/2905 2906/2906 2903/2903
f 2905/2905 2903/2903 2902/2902
f 2907/2907 2904/2904 2908/2908
f 2907/2907 2902/2902 2904/2904
f 2909/2909 2908/2908 2910/2910
f 2907/2907 2908/2908 2909/2909
f 2911/2911 2910/2910 2912/2912
f 2909/2909 2910/2910 2911/2911
f 2913/2913 2912/2912 2914/2914
f 2911/2911 2912/2912 2913/2913
f 2915/2915 2914/2914 2916/2916
f 2913/2913 2914/2914 2915/2915
f 2917/2917 2916/2916 2918/2918
f 2917/2917 2915/2915 2916/2916
f 2919/2919 2918/2918 2920/2920
f 2919/2919 2917/2917 2918/2918
f 2921/2921 2920/2920 2906/2906
f 2921/2921 2919/2919 2920/2920
f 2905/2905 2921/2921 2906/2906
f 2922/2922 2923/2923 2924/2924
f 2925/2925 2926/2926 2924/2924
f 2922/2922 2927/2927 2928/2928
f 2929/2929 2927/2927 2926/2926
f 2922/2922 2928/2928 2930/2930
f 2922/2922 2930/2930 2931/2931
f 2922/2922 2931/2931 2923/2923
f 2932/2932 2929/2929 2926/2926
f 2933/2933 2932/2932 2926/2926
f 2925/2925 2933/2933 2926/2926
f 2934/2934 2935/2935 2936/2936
f 2937/2937 2938/2938 2935/2935
f 2937/2937 2935/2935 2934/2934
f 2939/2939 2936/2936 2940/2940
f 2939/2939 2934/2934 2936/2936
f 2941/2941 2940/2940 2942/2942
f 2939/2939 2940/2940 2941/2941
f 2943/2943 2942/2942 2944/2944
f 2941/2941 2942/2942 2943/2943
f 2945/2945 2944/2944 2946/2946
f 2943/2943 2944/2944 2945/2945
f 2947/2947 2946/2946 2948/2948
f 2945/2945 2946/2946 2947/2947
f 2949/2949 2948/2948 2950/2950
f 2949/2949 2947/2947 2948/2948
f 2951/2951 2950/2950 2952/2952
f 2951/2951 2949/2949 2950/2950
f 2953/2953 2952/2952 2938/2938
f 2953/2953 2951/2951 2952/2952
f 2937/2937 2953/2953 2938/2938
f 2954/2954 2955/2955 2956/2956
f 2957/2957 2958/2958 2956/2956
f 2954/2954 2959/2959 2960/2960
f 2961/2961 2959/2959 2958/2958
f 2954/2954 2960/2960 2962/2962
f 2954/2954 2962/2962 2963/2963
f 2954/2954 2963/2963 2955/2955
f 2964/2964 2961/2961 2958/2958
f 2965/2965 2964/2964 2958/2958
f 2957/2957 2965/2965 2958/2958
f 2966/2966 2967/2967 2968/2968
f 2969/2969 2970/2970 2967/2967
f 2969/2969 2967/2967 2966/2966
f 2971/2971 2968/2968 2972/2972
f 2971/2971 2966/2966 2968/2968
f 2973/2973 2972/2972 2974/2974
f 2971/2971 2972/2972 2973/2973
f 2975/2975 2974/2974 2976/2976
f 2973/2973 2974/2974 2975/2975
f 2977/2977 2976/2976 2978/2978
f 2975/2975 2976/2976 2977/2977
f 2979/2979 2978/2978 2980/2980
f 2977/2977 2978/2978 2979/2979
f 2981/2981 2980/2980 2982/2982
f 2981/2981 2979/2979 2980/2980
f 2983/2983 2982/2982 2984/2984
f 2983/2983 2981/2981 2982/2982
f 2985/2985 2984/2984 2970/2970
f 2985/2985 2983/2983 2984/2984
f 2969/2969 2985/2985 2970/2970
f 2986/2986 2987/2987 2988/2988
f 2989/2989 2990/2990 2988/2988
f 2986/2986 2991/2991 2992/2992
f 2993/2993 2991/2991 2990/2990
f 2986/2986 2992/2992 2994/2994
f 2986/2986 2994/2994 2995/2995
f 2986/2986 2995/2995 2987/2987
f 2996/2996 2993/2993 2990/2990
f 2997/2997 2996/2996 2990/2990
f 2989/2989 2997/2997 2990/2990
f 2998/2998 2999/2999 3000/3000
f 3001/3001 3002/3002 2999/2999
f 3001/3001 2999/2999 2998/2998
f 3003/3003 3000/3000 3004/3004
f 3003/3003 2998/2998 3000/3000
f 3005/3005 3004/3004 3006/3006
f 3003/3003 3004/3004 3005/3005
f 3007/3007 3006/3006 3008/3008
f 3005/3005 3006/3006 3007/3007
f 3009/3009 3008/3008 3010/3010
f 3007/3007 3008/3008 3009/3009
f 3011/3011 3010/3010 3012/3012
f 3009/3009 3010/3010 3011/3011
f 3013/3013 3012/3012 3014/3014
f 3013/3013 3011/3011 3012/3012
f 3015/3015 3014/3014 3016/3016
f 3015/3015 3013/3013 3014/3014
f 3017/3017 3016/3016 3002/3002
f 3017/3017 3015/3015 3016/3016
f 3001/3001 3017/3017 3002/3002
f 3018/3018 3019/3019 3020/3020
f 3021/3021 3022/3022 3020/3020
f 3018/3018 3023/3023 3024/3024
f 3025/3025 3023/3023 3022/3022
f 3018/3018 3024/3024 3026/3026
f 3018/3018 3026/3026 3027/3027
f 3018/3018 3027/3027 3019/3019
f 3028/3028 3025/3025 3022/3022
f 3029/3029 3028/3028 3022/3022
f 3021/3021 3029/3029 3022/3022

