mtllib material.mtl
usemtl mtl_m8
v -0.04803163 -0.11667446 0.00000000
v -0.04902823 -0.11799417 0.00000000
v -0.07000000 -0.10250000 0.00000000
v -0.04948080 -0.11958479 0.00000000
v -0.07000000 -0.13750000 0.00000000
v -0.04932822 -0.12123148 0.00000000
v -0.04859108 -0.12271185 0.00000000
v -0.03000000 -0.13550000 0.00000000
v -0.04140892 -0.12271185 0.00000000
v -0.04067178 -0.12123148 0.00000000
v -0.04736894 -0.12382597 0.00000000
v -0.04582687 -0.12442338 0.00000000
v -0.03200000 -0.13750000 0.00000000
v -0.03000000 -0.10450000 0.00000000
v -0.04417313 -0.12442338 0.00000000
v -0.04263106 -0.12382597 0.00000000
v -0.03100000 -0.13723205 0.00000000
v -0.03026795 -0.13650000 0.00000000
v -0.04051920 -0.11958479 0.00000000
v -0.04097176 -0.11799417 0.00000000
v -0.03026795 -0.10350000 0.00000000
v -0.04196837 -0.11667446 0.00000000
v -0.03100000 -0.10276795 0.00000000
v -0.04337441 -0.11580388 0.00000000
v -0.03200000 -0.10250000 0.00000000
v -0.04500000 -0.11550000 0.00000000
v -0.04662559 -0.11580388 0.00000000
v -0.07000000 -0.12422862 0.01796091
v -0.07000000 -0.12344720 0.01660746
v -0.07000000 -0.10250000 0.03800000
v -0.07000000 -0.11550000 0.01950000
v -0.07000000 -0.11655280 0.02839254
v -0.07000000 -0.11775000 0.02939712
v -0.07000000 -0.10450000 0.04000000
v -0.07000000 -0.11921858 0.02993163
v -0.07000000 -0.13550000 0.04000000
v -0.07000000 -0.12078141 0.02993163
v -0.07000000 -0.12225000 0.02939712
v -0.07000000 -0.13650000 0.03973205
v -0.07000000 -0.12344720 0.02839254
v -0.07000000 -0.13723205 0.03900000
v -0.07000000 -0.12422862 0.02703909
v -0.07000000 -0.13750000 0.03800000
v -0.07000000 -0.12450000 0.02550000
v -0.07000000 -0.12450000 0.01950000
v -0.07000000 -0.12225000 0.01560289
v -0.07000000 -0.12078141 0.01506837
v -0.07000000 -0.11921858 0.01506837
v -0.07000000 -0.11775000 0.01560289
v -0.07000000 -0.11655280 0.01660746
v -0.07000000 -0.11577138 0.01796091
v -0.07000000 -0.11550000 0.02550000
v -0.07000000 -0.11577138 0.02703909
v -0.07000000 -0.10276795 0.03900000
v -0.07000000 -0.10350000 0.03973205
v -0.06600000 -0.10450000 0.04000000
v -0.06600000 -0.13550000 0.04000000
v -0.03000000 -0.13550000 0.00400000
v -0.03000000 -0.10450000 0.00400000
v -0.03200000 -0.10250000 0.00400000
v -0.06600000 -0.10250000 0.00400000
v -0.06600000 -0.10250000 0.03800000
v -0.06600000 -0.13750000 0.03800000
v -0.06600000 -0.13750000 0.00400000
v -0.03200000 -0.13750000 0.00400000
v -0.06600000 -0.11775000 0.02939712
v -0.06600000 -0.10350000 0.03973205
v -0.06600000 -0.11655280 0.02839254
v -0.06600000 -0.10276795 0.03900000
v -0.06600000 -0.11577138 0.02703909
v -0.06600000 -0.11550000 0.02550000
v -0.06600000 -0.12344720 0.02839254
v -0.06600000 -0.12225000 0.02939712
v -0.06600000 -0.12078141 0.02993163
v -0.06600000 -0.11921858 0.02993163
v -0.06600000 -0.11550000 0.01950000
v -0.06600000 -0.11577138 0.01796091
v -0.06600000 -0.11655280 0.01660746
v -0.06600000 -0.11775000 0.01560289
v -0.06600000 -0.11921858 0.01506837
v -0.06600000 -0.12078141 0.01506837
v -0.06600000 -0.12225000 0.01560289
v -0.06600000 -0.12344720 0.01660746
v -0.06600000 -0.12422862 0.01796091
v -0.06600000 -0.12450000 0.01950000
v -0.06600000 -0.13650000 0.03973205
v -0.06600000 -0.13723205 0.03900000
v -0.06600000 -0.12422862 0.02703909
v -0.06600000 -0.12450000 0.02550000
v -0.04263106 -0.12382597 0.00400000
v -0.04417313 -0.12442338 0.00400000
v -0.04582687 -0.12442338 0.00400000
v -0.04736894 -0.12382597 0.00400000
v -0.04902823 -0.11799417 0.00400000
v -0.04803163 -0.11667446 0.00400000
v -0.04662559 -0.11580388 0.00400000
v -0.04859108 -0.12271185 0.00400000
v -0.04932822 -0.12123148 0.00400000
v -0.04948080 -0.11958479 0.00400000
v -0.04500000 -0.11550000 0.00400000
v -0.04337441 -0.11580388 0.00400000
v -0.03100000 -0.10276795 0.00400000
v -0.04196837 -0.11667446 0.00400000
v -0.03026795 -0.10350000 0.00400000
v -0.04140892 -0.12271185 0.00400000
v -0.03026795 -0.13650000 0.00400000
v -0.03100000 -0.13723205 0.00400000
v -0.04097176 -0.11799417 0.00400000
v -0.04051920 -0.11958479 0.00400000
v -0.04067178 -0.12123148 0.00400000
v -0.04803163 0.32332554 0.00000000
v -0.04902823 0.32200581 0.00000000
v -0.07000000 0.33750001 0.00000000
v -0.04948080 0.32041520 0.00000000
v -0.07000000 0.30250001 0.00000000
v -0.04932822 0.31876853 0.00000000
v -0.04859108 0.31728813 0.00000000
v -0.03000000 0.30450001 0.00000000
v -0.04140892 0.31728813 0.00000000
v -0.04067178 0.31876853 0.00000000
v -0.04736894 0.31617403 0.00000000
v -0.04582687 0.31557661 0.00000000
v -0.03200000 0.30250001 0.00000000
v -0.03000000 0.33550000 0.00000000
v -0.04417313 0.31557661 0.00000000
v -0.04263106 0.31617403 0.00000000
v -0.03100000 0.30276796 0.00000000
v -0.03026795 0.30350000 0.00000000
v -0.04051920 0.32041520 0.00000000
v -0.04097176 0.32200581 0.00000000
v -0.03026795 0.33649999 0.00000000
v -0.04196837 0.32332554 0.00000000
v -0.03100000 0.33723205 0.00000000
v -0.04337441 0.32419613 0.00000000
v -0.03200000 0.33750001 0.00000000
v -0.04500000 0.32449999 0.00000000
v -0.04662559 0.32419613 0.00000000
v -0.07000000 0.31577137 0.01796091
v -0.07000000 0.31655279 0.01660746
v -0.07000000 0.33750001 0.03800000
v -0.07000000 0.32449999 0.01950000
v -0.07000000 0.32344720 0.02839254
v -0.07000000 0.32225001 0.02939712
v -0.07000000 0.33550000 0.04000000
v -0.07000000 0.32078141 0.02993163
v -0.07000000 0.30450001 0.04000000
v -0.07000000 0.31921858 0.02993163
v -0.07000000 0.31775001 0.02939712
v -0.07000000 0.30350000 0.03973205
v -0.07000000 0.31655279 0.02839254
v -0.07000000 0.30276796 0.03900000
v -0.07000000 0.31577137 0.02703909
v -0.07000000 0.30250001 0.03800000
v -0.07000000 0.31549999 0.02550000
v -0.07000000 0.31549999 0.01950000
v -0.07000000 0.31775001 0.01560289
v -0.07000000 0.31921858 0.01506837
v -0.07000000 0.32078141 0.01506837
v -0.07000000 0.32225001 0.01560289
v -0.07000000 0.32344720 0.01660746
v -0.07000000 0.32422861 0.01796091
v -0.07000000 0.32449999 0.02550000
v -0.07000000 0.32422861 0.02703909
v -0.07000000 0.33723205 0.03900000
v -0.07000000 0.33649999 0.03973205
v -0.06600000 0.33550000 0.04000000
v -0.06600000 0.30450001 0.04000000
v -0.03000000 0.30450001 0.00400000
v -0.03000000 0.33550000 0.00400000
v -0.03200000 0.33750001 0.00400000
v -0.06600000 0.33750001 0.00400000
v -0.06600000 0.33750001 0.03800000
v -0.06600000 0.30250001 0.03800000
v -0.06600000 0.30250001 0.00400000
v -0.03200000 0.30250001 0.00400000
v -0.06600000 0.32225001 0.02939712
v -0.06600000 0.33649999 0.03973205
v -0.06600000 0.32344720 0.02839254
v -0.06600000 0.33723205 0.03900000
v -0.06600000 0.32422861 0.02703909
v -0.06600000 0.32449999 0.02550000
v -0.06600000 0.31655279 0.02839254
v -0.06600000 0.31775001 0.02939712
v -0.06600000 0.31921858 0.02993163
v -0.06600000 0.32078141 0.02993163
v -0.06600000 0.32449999 0.01950000
v -0.06600000 0.32422861 0.01796091
v -0.06600000 0.32344720 0.01660746
v -0.06600000 0.32225001 0.01560289
v -0.06600000 0.32078141 0.01506837
v -0.06600000 0.31921858 0.01506837
v -0.06600000 0.31775001 0.01560289
v -0.06600000 0.31655279 0.01660746
v -0.06600000 0.31577137 0.01796091
v -0.06600000 0.31549999 0.01950000
v -0.06600000 0.30350000 0.03973205
v -0.06600000 0.30276796 0.03900000
v -0.06600000 0.31577137 0.02703909
v -0.06600000 0.31549999 0.02550000
v -0.04263106 0.31617403 0.00400000
v -0.04417313 0.31557661 0.00400000
v -0.04582687 0.31557661 0.00400000
v -0.04736894 0.31617403 0.00400000
v -0.04902823 0.32200581 0.00400000
v -0.04803163 0.32332554 0.00400000
v -0.04662559 0.32419613 0.00400000
v -0.04859108 0.31728813 0.00400000
v -0.04932822 0.31876853 0.00400000
v -0.04948080 0.32041520 0.00400000
v -0.04500000 0.32449999 0.00400000
v -0.04337441 0.32419613 0.00400000
v -0.03100000 0.33723205 0.00400000
v -0.04196837 0.32332554 0.00400000
v -0.03026795 0.33649999 0.00400000
v -0.04140892 0.31728813 0.00400000
v -0.03026795 0.30350000 0.00400000
v -0.03100000 0.30276796 0.00400000
v -0.04097176 0.32200581 0.00400000
v -0.04051920 0.32041520 0.00400000
v -0.04067178 0.31876853 0.00400000
v 0.08426777 0.36500001 0.02750000
v 0.08000000 0.36500001 0.03176777
v 0.08426777 -0.36500004 0.02750000
v 0.08000000 -0.36500004 0.03176777
v 0.08948039 0.36500001 0.02750000
v 0.08948039 -0.36500004 0.02750000
v 0.09000000 0.36500001 0.02720000
v 0.09000000 -0.36500004 0.02720000
v 0.09051961 0.36500001 0.02750000
v 0.09051961 -0.36500004 0.02750000
v 0.09573223 0.36500001 0.02750000
v 0.09573223 -0.36500004 0.02750000
v 0.09879810 0.36500001 0.03056586
v 0.09879810 -0.36500004 0.03056586
v 0.10000000 0.36500001 0.03176777
v 0.10000000 -0.36500004 0.03176777
v 0.10000000 0.36500001 0.03450000
v 0.10000000 -0.36500004 0.03450000
v 0.09500000 -0.36500004 0.03450000
v 0.09500000 0.36500001 0.03450000
v 0.09879810 -0.36500004 0.03450000
v 0.09879810 0.36500001 0.03450000
v 0.09500000 0.36500001 0.04000000
v 0.09500000 -0.36500004 0.04000000
v 0.09879810 0.36500001 0.04000000
v 0.09879810 -0.36500004 0.04000000
v 0.10700000 0.36500001 0.04000000
v 0.10700000 -0.36500004 0.04000000
v 0.10850000 -0.36500004 0.03959808
v 0.10850000 0.36500001 0.03959808
v 0.10959808 -0.36500004 0.03850000
v 0.10959808 0.36500001 0.03850000
v 0.11000000 -0.36500004 0.03700000
v 0.11000000 0.36500001 0.03700000
v 0.11000000 0.36500001 0.02500000
v 0.11000000 -0.36500004 0.02500000
v 0.10450000 0.36500001 0.02500000
v 0.10450000 -0.36500004 0.02500000
v 0.10450000 0.36500001 0.03000000
v 0.10450000 -0.36500004 0.03000000
v 0.10176777 0.36500001 0.03000000
v 0.10176777 -0.36500004 0.03000000
v 0.09879810 0.36500001 0.02703033
v 0.09879810 -0.36500004 0.02703033
v 0.09750000 0.36500001 0.02573223
v 0.09750000 -0.36500004 0.02573223
v 0.09750000 0.36500001 0.02051962
v 0.09750000 -0.36500004 0.02051962
v 0.09720000 0.36500001 0.02000000
v 0.09720000 -0.36500004 0.02000000
v 0.09750000 0.36500001 0.01948038
v 0.09750000 -0.36500004 0.01948038
v 0.09750000 0.36500001 0.01426777
v 0.09750000 -0.36500004 0.01426777
v 0.09879810 0.36500001 0.01296967
v 0.09879810 -0.36500004 0.01296967
v 0.10056587 0.36500001 0.01120190
v 0.10056587 -0.36500004 0.01120190
v 0.10176777 0.36500001 0.01000000
v 0.10176777 -0.36500004 0.01000000
v 0.10450000 0.36500001 0.01000000
v 0.10450000 -0.36500004 0.01000000
v 0.10450000 -0.36500004 0.01500000
v 0.10450000 0.36500001 0.01500000
v 0.10450000 -0.36500004 0.01120190
v 0.10450000 0.36500001 0.01120190
v 0.11000000 0.36500001 0.01500000
v 0.11000000 -0.36500004 0.01500000
v 0.11000000 0.36500001 0.01120190
v 0.11000000 -0.36500004 0.01120190
v 0.11000000 0.36500001 0.00300000
v 0.11000000 -0.36500004 0.00300000
v 0.10959808 -0.36500004 0.00150000
v 0.10959808 0.36500001 0.00150000
v 0.10850000 -0.36500004 0.00040192
v 0.10850000 0.36500001 0.00040192
v 0.10700000 -0.36500004 0.00000000
v 0.10700000 0.36500001 0.00000000
v 0.09879810 0.36500001 0.00000000
v 0.09879810 -0.36500004 0.00000000
v 0.09500000 0.36500001 0.00000000
v 0.09500000 -0.36500004 0.00000000
v 0.09500000 0.36500001 0.00550000
v 0.09500000 -0.36500004 0.00550000
v 0.10000000 -0.36500004 0.00550000
v 0.10000000 0.36500001 0.00550000
v 0.09879810 -0.36500004 0.00550000
v 0.09879810 0.36500001 0.00550000
v 0.10000000 0.36500001 0.00823223
v 0.10000000 -0.36500004 0.00823223
v 0.09879810 0.36500001 0.00943414
v 0.09879810 -0.36500004 0.00943414
v 0.09703033 0.36500001 0.01120190
v 0.09703033 -0.36500004 0.01120190
v 0.09573223 0.36500001 0.01250000
v 0.09573223 -0.36500004 0.01250000
v 0.09051961 0.36500001 0.01250000
v 0.09051961 -0.36500004 0.01250000
v 0.09000000 0.36500001 0.01280000
v 0.09000000 -0.36500004 0.01280000
v 0.08948039 0.36500001 0.01250000
v 0.08948039 -0.36500004 0.01250000
v 0.08426777 0.36500001 0.01250000
v 0.08426777 -0.36500004 0.01250000
v 0.08296967 0.36500001 0.01120190
v 0.08296967 -0.36500004 0.01120190
v 0.08000000 0.36500001 0.00823223
v 0.08000000 -0.36500004 0.00823223
v 0.08000000 0.36500001 0.00550000
v 0.08000000 -0.36500004 0.00550000
v 0.08500000 0.36500001 0.00550000
v 0.08500000 -0.36500004 0.00550000
v 0.08500000 0.36500001 0.00000000
v 0.08500000 -0.36500004 0.00000000
v 0.07300000 0.36500001 0.00000000
v 0.07300000 -0.36500004 0.00000000
v 0.07150000 -0.36500004 0.00040192
v 0.07150000 0.36500001 0.00040192
v 0.07040192 -0.36500004 0.00150000
v 0.07040192 0.36500001 0.00150000
v 0.07000000 -0.36500004 0.00300000
v 0.07000000 0.36500001 0.00300000
v 0.07000000 0.36500001 0.01120190
v 0.07000000 -0.36500004 0.01120190
v 0.07000000 0.36500001 0.01500000
v 0.07000000 -0.36500004 0.01500000
v 0.07550000 0.36500001 0.01500000
v 0.07550000 -0.36500004 0.01500000
v 0.07550000 -0.36500004 0.01000000
v 0.07550000 0.36500001 0.01000000
v 0.07550000 -0.36500004 0.01120190
v 0.07550000 0.36500001 0.01120190
v 0.07823224 0.36500001 0.01000000
v 0.07823224 -0.36500004 0.01000000
v 0.07943413 0.36500001 0.01120190
v 0.07943413 -0.36500004 0.01120190
v 0.08250000 0.36500001 0.01426777
v 0.08250000 -0.36500004 0.01426777
v 0.08250000 0.36500001 0.01948038
v 0.08250000 -0.36500004 0.01948038
v 0.08280000 0.36500001 0.02000000
v 0.08280000 -0.36500004 0.02000000
v 0.08250000 0.36500001 0.02051962
v 0.08250000 -0.36500004 0.02051962
v 0.08250000 0.36500001 0.02573223
v 0.08250000 -0.36500004 0.02573223
v 0.07823224 0.36500001 0.03000000
v 0.07823224 -0.36500004 0.03000000
v 0.07550000 0.36500001 0.03000000
v 0.07550000 -0.36500004 0.03000000
v 0.07550000 0.36500001 0.02500000
v 0.07550000 -0.36500004 0.02500000
v 0.07000000 0.36500001 0.02500000
v 0.07000000 -0.36500004 0.02500000
v 0.07000000 0.36500001 0.03700000
v 0.07000000 -0.36500004 0.03700000
v 0.07040192 -0.36500004 0.03850000
v 0.07040192 0.36500001 0.03850000
v 0.07150000 -0.36500004 0.03959808
v 0.07150000 0.36500001 0.03959808
v 0.07300000 -0.36500004 0.04000000
v 0.07300000 0.36500001 0.04000000
v 0.08500000 0.36500001 0.04000000
v 0.08500000 -0.36500004 0.04000000
v 0.08500000 0.36500001 0.03450000
v 0.08500000 -0.36500004 0.03450000
v 0.08000000 0.36500001 0.03450000
v 0.08000000 -0.36500004 0.03450000
v 0.10750000 0.36500001 0.00786602
v 0.09879810 0.36500001 0.01120190
v 0.07250000 0.36500001 0.03213397
v 0.07300000 0.36500001 0.03200000
v 0.07786603 0.36500001 0.03750000
v 0.07800000 0.36500001 0.03700000
v 0.07800000 0.36500001 0.03300000
v 0.09510045 0.36500001 0.02545975
v 0.09461094 0.36500001 0.02559609
v 0.09411763 0.36500001 0.02547425
v 0.09374788 0.36500001 0.02512570
v 0.08538906 0.36500001 0.02559609
v 0.08489955 0.36500001 0.02545975
v 0.08454025 0.36500001 0.02510045
v 0.09547425 0.36500001 0.02411763
v 0.09559608 0.36500001 0.02461094
v 0.09411763 0.36500001 0.01452575
v 0.08454025 0.36500001 0.01489955
v 0.08489955 0.36500001 0.01454025
v 0.08538906 0.36500001 0.01440391
v 0.08588237 0.36500001 0.01452575
v 0.08625212 0.36500001 0.01487430
v 0.08702881 0.36500001 0.01567166
v 0.08895428 0.36500001 0.01485520
v 0.08640283 0.36500001 0.01535957
v 0.07200000 0.36500001 0.03300000
v 0.07213397 0.36500001 0.03250000
v 0.07750000 0.36500001 0.03213397
v 0.07786603 0.36500001 0.03250000
v 0.09545975 0.36500001 0.02510045
v 0.09374788 0.36500001 0.01487430
v 0.09359717 0.36500001 0.01535957
v 0.07750000 0.36500001 0.03786603
v 0.07700000 0.36500001 0.03800000
v 0.07300000 0.36500001 0.03800000
v 0.07250000 0.36500001 0.03786603
v 0.07213397 0.36500001 0.03750000
v 0.07200000 0.36500001 0.03700000
v 0.07700000 0.36500001 0.03200000
v 0.09297119 0.36500001 0.02432834
v 0.09104571 0.36500001 0.02514480
v 0.09359717 0.36500001 0.02464043
v 0.08588237 0.36500001 0.02547425
v 0.08625212 0.36500001 0.02512570
v 0.08640283 0.36500001 0.02464043
v 0.09461094 0.36500001 0.01440391
v 0.09510045 0.36500001 0.01454025
v 0.09545975 0.36500001 0.01489955
v 0.08485520 0.36500001 0.02104571
v 0.08485520 0.36500001 0.01895429
v 0.08440392 0.36500001 0.02461094
v 0.09329640 0.36500001 0.01572948
v 0.09344762 0.36500001 0.01565409
v 0.09355421 0.36500001 0.01552299
v 0.09559608 0.36500001 0.01538906
v 0.08565409 0.36500001 0.01655238
v 0.08552299 0.36500001 0.01644579
v 0.08535957 0.36500001 0.01640283
v 0.09514480 0.36500001 0.01895429
v 0.09514480 0.36500001 0.02104571
v 0.08670360 0.36500001 0.01572948
v 0.08687245 0.36500001 0.01573570
v 0.08655238 0.36500001 0.01565409
v 0.08644579 0.36500001 0.01552299
v 0.08440392 0.36500001 0.01538906
v 0.08452575 0.36500001 0.01588237
v 0.08487430 0.36500001 0.01625212
v 0.09547425 0.36500001 0.01588237
v 0.09512570 0.36500001 0.01625212
v 0.09464043 0.36500001 0.01640283
v 0.09432834 0.36500001 0.01702881
v 0.09104571 0.36500001 0.01485520
v 0.09297119 0.36500001 0.01567166
v 0.09312755 0.36500001 0.01573570
v 0.08452575 0.36500001 0.02411763
v 0.08487430 0.36500001 0.02374789
v 0.08535957 0.36500001 0.02359717
v 0.08567166 0.36500001 0.02297119
v 0.09312755 0.36500001 0.02426429
v 0.09329640 0.36500001 0.02427052
v 0.09344762 0.36500001 0.02434591
v 0.09355421 0.36500001 0.02447701
v 0.08670360 0.36500001 0.02427052
v 0.08655238 0.36500001 0.02434591
v 0.08687245 0.36500001 0.02426429
v 0.08644579 0.36500001 0.02447701
v 0.08702881 0.36500001 0.02432834
v 0.08895428 0.36500001 0.02514480
v 0.09512570 0.36500001 0.02374789
v 0.09464043 0.36500001 0.02359717
v 0.09432834 0.36500001 0.02297119
v 0.08565409 0.36500001 0.02344762
v 0.08572948 0.36500001 0.02329640
v 0.08573570 0.36500001 0.02312755
v 0.09427052 0.36500001 0.01670360
v 0.09426430 0.36500001 0.01687245
v 0.09434591 0.36500001 0.01655238
v 0.09447701 0.36500001 0.01644579
v 0.08572948 0.36500001 0.01670360
v 0.08573570 0.36500001 0.01687245
v 0.08567166 0.36500001 0.01702881
v 0.09434591 0.36500001 0.02344762
v 0.09447701 0.36500001 0.02355422
v 0.09427052 0.36500001 0.02329640
v 0.09426430 0.36500001 0.02312755
v 0.08552299 0.36500001 0.02355422
v 0.07700000 0.36500001 0.00200000
v 0.07786603 0.36500001 0.00250000
v 0.07750000 0.36500001 0.00213398
v 0.07250000 0.36500001 0.00786602
v 0.07300000 0.36500001 0.00800000
v 0.07700000 0.36500001 0.00800000
v 0.07750000 0.36500001 0.00786602
v 0.07800000 0.36500001 0.00300000
v 0.07800000 0.36500001 0.00700000
v 0.07786603 0.36500001 0.00750000
v 0.07213397 0.36500001 0.00750000
v 0.07200000 0.36500001 0.00700000
v 0.07200000 0.36500001 0.00300000
v 0.07213397 0.36500001 0.00250000
v 0.07250000 0.36500001 0.00213398
v 0.07300000 0.36500001 0.00200000
v 0.10250000 0.36500001 0.00213398
v 0.10300000 0.36500001 0.00200000
v 0.10700000 0.36500001 0.00200000
v 0.10750000 0.36500001 0.00213398
v 0.10786603 0.36500001 0.00250000
v 0.10800000 0.36500001 0.00300000
v 0.10800000 0.36500001 0.00700000
v 0.10786603 0.36500001 0.00750000
v 0.10250000 0.36500001 0.00786602
v 0.10300000 0.36500001 0.00800000
v 0.10700000 0.36500001 0.00800000
v 0.10200000 0.36500001 0.00700000
v 0.10200000 0.36500001 0.00300000
v 0.10213397 0.36500001 0.00250000
v 0.10213397 0.36500001 0.00750000
v 0.10300000 0.36500001 0.03200000
v 0.10700000 0.36500001 0.03200000
v 0.10200000 0.36500001 0.03300000
v 0.10213397 0.36500001 0.03250000
v 0.10250000 0.36500001 0.03213397
v 0.10750000 0.36500001 0.03213397
v 0.10250000 0.36500001 0.03786603
v 0.10213397 0.36500001 0.03750000
v 0.10786603 0.36500001 0.03250000
v 0.10800000 0.36500001 0.03300000
v 0.10800000 0.36500001 0.03700000
v 0.10786603 0.36500001 0.03750000
v 0.10750000 0.36500001 0.03786603
v 0.10700000 0.36500001 0.03800000
v 0.10300000 0.36500001 0.03800000
v 0.10200000 0.36500001 0.03700000
v 0.10300000 -0.36500004 0.00800000
v 0.07700000 -0.36500004 0.03800000
v 0.07300000 -0.36500004 0.03800000
v 0.07786603 -0.36500004 0.03750000
v 0.07750000 -0.36500004 0.03786603
v 0.08454025 -0.36500004 0.02510045
v 0.08489955 -0.36500004 0.02545975
v 0.08538906 -0.36500004 0.02559609
v 0.08640283 -0.36500004 0.01535957
v 0.08625212 -0.36500004 0.01487430
v 0.07250000 -0.36500004 0.03786603
v 0.07213397 -0.36500004 0.03750000
v 0.07200000 -0.36500004 0.03700000
v 0.07200000 -0.36500004 0.03300000
v 0.07213397 -0.36500004 0.03250000
v 0.07786603 -0.36500004 0.03250000
v 0.07800000 -0.36500004 0.03300000
v 0.07800000 -0.36500004 0.03700000
v 0.07750000 -0.36500004 0.03213397
v 0.07700000 -0.36500004 0.03200000
v 0.07300000 -0.36500004 0.03200000
v 0.07250000 -0.36500004 0.03213397
v 0.09545975 -0.36500004 0.01489955
v 0.09510045 -0.36500004 0.01454025
v 0.08485520 -0.36500004 0.01895429
v 0.08485520 -0.36500004 0.02104571
v 0.08655238 -0.36500004 0.01565409
v 0.08644579 -0.36500004 0.01552299
v 0.08588237 -0.36500004 0.01452575
v 0.08538906 -0.36500004 0.01440391
v 0.08489955 -0.36500004 0.01454025
v 0.08454025 -0.36500004 0.01489955
v 0.09512570 -0.36500004 0.02374789
v 0.09547425 -0.36500004 0.02411763
v 0.09559608 -0.36500004 0.02461094
v 0.09464043 -0.36500004 0.01640283
v 0.09512570 -0.36500004 0.01625212
v 0.09461094 -0.36500004 0.01440391
v 0.09879810 -0.36500004 0.01120190
v 0.08895428 -0.36500004 0.02514480
v 0.09104571 -0.36500004 0.02514480
v 0.09461094 -0.36500004 0.02559609
v 0.09510045 -0.36500004 0.02545975
v 0.09545975 -0.36500004 0.02510045
v 0.08440392 -0.36500004 0.01538906
v 0.08452575 -0.36500004 0.01588237
v 0.08487430 -0.36500004 0.01625212
v 0.08535957 -0.36500004 0.01640283
v 0.08567166 -0.36500004 0.01702881
v 0.08644579 -0.36500004 0.02447701
v 0.08702881 -0.36500004 0.02432834
v 0.08640283 -0.36500004 0.02464043
v 0.08625212 -0.36500004 0.02512570
v 0.08588237 -0.36500004 0.02547425
v 0.08535957 -0.36500004 0.02359717
v 0.08487430 -0.36500004 0.02374789
v 0.08452575 -0.36500004 0.02411763
v 0.08440392 -0.36500004 0.02461094
v 0.08702881 -0.36500004 0.01567166
v 0.08687245 -0.36500004 0.01573570
v 0.08670360 -0.36500004 0.01572948
v 0.09434591 -0.36500004 0.01655238
v 0.09447701 -0.36500004 0.01644579
v 0.09411763 -0.36500004 0.02547425
v 0.09374788 -0.36500004 0.02512570
v 0.09359717 -0.36500004 0.02464043
v 0.09297119 -0.36500004 0.02432834
v 0.08572948 -0.36500004 0.01670360
v 0.08573570 -0.36500004 0.01687245
v 0.08565409 -0.36500004 0.01655238
v 0.08552299 -0.36500004 0.01644579
v 0.08895428 -0.36500004 0.01485520
v 0.09104571 -0.36500004 0.01485520
v 0.09547425 -0.36500004 0.01588237
v 0.09559608 -0.36500004 0.01538906
v 0.08655238 -0.36500004 0.02434591
v 0.08670360 -0.36500004 0.02427052
v 0.08687245 -0.36500004 0.02426429
v 0.08573570 -0.36500004 0.02312755
v 0.08572948 -0.36500004 0.02329640
v 0.08565409 -0.36500004 0.02344762
v 0.09355421 -0.36500004 0.01552299
v 0.09344762 -0.36500004 0.01565409
v 0.09359717 -0.36500004 0.01535957
v 0.09329640 -0.36500004 0.01572948
v 0.09411763 -0.36500004 0.01452575
v 0.09374788 -0.36500004 0.01487430
v 0.09297119 -0.36500004 0.01567166
v 0.09312755 -0.36500004 0.01573570
v 0.09432834 -0.36500004 0.01702881
v 0.09426430 -0.36500004 0.01687245
v 0.09427052 -0.36500004 0.01670360
v 0.09344762 -0.36500004 0.02434591
v 0.09355421 -0.36500004 0.02447701
v 0.09329640 -0.36500004 0.02427052
v 0.09312755 -0.36500004 0.02426429
v 0.08567166 -0.36500004 0.02297119
v 0.08552299 -0.36500004 0.02355422
v 0.09514480 -0.36500004 0.02104571
v 0.09464043 -0.36500004 0.02359717
v 0.09432834 -0.36500004 0.02297119
v 0.09447701 -0.36500004 0.02355422
v 0.09514480 -0.36500004 0.01895429
v 0.09434591 -0.36500004 0.02344762
v 0.09427052 -0.36500004 0.02329640
v 0.09426430 -0.36500004 0.02312755
v 0.10250000 -0.36500004 0.03786603
v 0.10300000 -0.36500004 0.03800000
v 0.10800000 -0.36500004 0.03300000
v 0.10750000 -0.36500004 0.03213397
v 0.10786603 -0.36500004 0.03250000
v 0.10700000 -0.36500004 0.03800000
v 0.10750000 -0.36500004 0.03786603
v 0.10786603 -0.36500004 0.03750000
v 0.10800000 -0.36500004 0.03700000
v 0.10250000 -0.36500004 0.03213397
v 0.10300000 -0.36500004 0.03200000
v 0.10700000 -0.36500004 0.03200000
v 0.10200000 -0.36500004 0.03300000
v 0.10200000 -0.36500004 0.03700000
v 0.10213397 -0.36500004 0.03750000
v 0.10213397 -0.36500004 0.03250000
v 0.10250000 -0.36500004 0.00786602
v 0.10250000 -0.36500004 0.00213398
v 0.10213397 -0.36500004 0.00250000
v 0.10213397 -0.36500004 0.00750000
v 0.10700000 -0.36500004 0.00800000
v 0.10750000 -0.36500004 0.00786602
v 0.10786603 -0.36500004 0.00750000
v 0.10800000 -0.36500004 0.00700000
v 0.10800000 -0.36500004 0.00300000
v 0.10786603 -0.36500004 0.00250000
v 0.10750000 -0.36500004 0.00213398
v 0.10700000 -0.36500004 0.00200000
v 0.10300000 -0.36500004 0.00200000
v 0.10200000 -0.36500004 0.00300000
v 0.10200000 -0.36500004 0.00700000
v 0.07800000 -0.36500004 0.00700000
v 0.07800000 -0.36500004 0.00300000
v 0.07700000 -0.36500004 0.00800000
v 0.07750000 -0.36500004 0.00786602
v 0.07786603 -0.36500004 0.00750000
v 0.07786603 -0.36500004 0.00250000
v 0.07300000 -0.36500004 0.00800000
v 0.07250000 -0.36500004 0.00786602
v 0.07213397 -0.36500004 0.00750000
v 0.07750000 -0.36500004 0.00213398
v 0.07700000 -0.36500004 0.00200000
v 0.07300000 -0.36500004 0.00200000
v 0.07250000 -0.36500004 0.00213398
v 0.07213397 -0.36500004 0.00250000
v 0.07200000 -0.36500004 0.00300000
v 0.07200000 -0.36500004 0.00700000
v -0.09573223 0.36500001 0.02750000
v -0.10000000 0.36500001 0.03176777
v -0.09573223 -0.36500004 0.02750000
v -0.10000000 -0.36500004 0.03176777
v -0.09051961 0.36500001 0.02750000
v -0.09051961 -0.36500004 0.02750000
v -0.09000000 0.36500001 0.02720000
v -0.09000000 -0.36500004 0.02720000
v -0.08948039 0.36500001 0.02750000
v -0.08948039 -0.36500004 0.02750000
v -0.08426777 0.36500001 0.02750000
v -0.08426777 -0.36500004 0.02750000
v -0.08120190 0.36500001 0.03056586
v -0.08120190 -0.36500004 0.03056586
v -0.08000000 0.36500001 0.03176777
v -0.08000000 -0.36500004 0.03176777
v -0.08000000 0.36500001 0.03450000
v -0.08000000 -0.36500004 0.03450000
v -0.08500000 -0.36500004 0.03450000
v -0.08500000 0.36500001 0.03450000
v -0.08120190 -0.36500004 0.03450000
v -0.08120190 0.36500001 0.03450000
v -0.08500000 0.36500001 0.04000000
v -0.08500000 -0.36500004 0.04000000
v -0.08120190 0.36500001 0.04000000
v -0.08120190 -0.36500004 0.04000000
v -0.07300000 0.36500001 0.04000000
v -0.07300000 -0.36500004 0.04000000
v -0.07150000 -0.36500004 0.03959808
v -0.07150000 0.36500001 0.03959808
v -0.07040192 -0.36500004 0.03850000
v -0.07040192 0.36500001 0.03850000
v -0.07000000 -0.36500004 0.03700000
v -0.07000000 0.36500001 0.03700000
v -0.07000000 0.36500001 0.02500000
v -0.07000000 -0.36500004 0.02500000
v -0.07550000 0.36500001 0.02500000
v -0.07550000 -0.36500004 0.02500000
v -0.07550000 0.36500001 0.03000000
v -0.07550000 -0.36500004 0.03000000
v -0.07823224 0.36500001 0.03000000
v -0.07823224 -0.36500004 0.03000000
v -0.08120190 0.36500001 0.02703033
v -0.08120190 -0.36500004 0.02703033
v -0.08250000 0.36500001 0.02573223
v -0.08250000 -0.36500004 0.02573223
v -0.08250000 0.36500001 0.02051962
v -0.08250000 -0.36500004 0.02051962
v -0.08280000 0.36500001 0.02000000
v -0.08280000 -0.36500004 0.02000000
v -0.08250000 0.36500001 0.01948038
v -0.08250000 -0.36500004 0.01948038
v -0.08250000 0.36500001 0.01426777
v -0.08250000 -0.36500004 0.01426777
v -0.08120190 0.36500001 0.01296967
v -0.08120190 -0.36500004 0.01296967
v -0.07943413 0.36500001 0.01120190
v -0.07943413 -0.36500004 0.01120190
v -0.07823224 0.36500001 0.01000000
v -0.07823224 -0.36500004 0.01000000
v -0.07550000 0.36500001 0.01000000
v -0.07550000 -0.36500004 0.01000000
v -0.07550000 -0.36500004 0.01500000
v -0.07550000 0.36500001 0.01500000
v -0.07550000 -0.36500004 0.01120190
v -0.07550000 0.36500001 0.01120190
v -0.07000000 0.36500001 0.01500000
v -0.07000000 -0.36500004 0.01500000
v -0.07000000 0.36500001 0.01120190
v -0.07000000 -0.36500004 0.01120190
v -0.07000000 0.36500001 0.00300000
v -0.07000000 -0.36500004 0.00300000
v -0.07040192 -0.36500004 0.00150000
v -0.07040192 0.36500001 0.00150000
v -0.07150000 -0.36500004 0.00040192
v -0.07150000 0.36500001 0.00040192
v -0.07300000 -0.36500004 0.00000000
v -0.07300000 0.36500001 0.00000000
v -0.08120190 0.36500001 0.00000000
v -0.08120190 -0.36500004 0.00000000
v -0.08500000 0.36500001 0.00000000
v -0.08500000 -0.36500004 0.00000000
v -0.08500000 0.36500001 0.00550000
v -0.08500000 -0.36500004 0.00550000
v -0.08000000 -0.36500004 0.00550000
v -0.08000000 0.36500001 0.00550000
v -0.08120190 -0.36500004 0.00550000
v -0.08120190 0.36500001 0.00550000
v -0.08000000 0.36500001 0.00823223
v -0.08000000 -0.36500004 0.00823223
v -0.08120190 0.36500001 0.00943414
v -0.08120190 -0.36500004 0.00943414
v -0.08296967 0.36500001 0.01120190
v -0.08296967 -0.36500004 0.01120190
v -0.08426777 0.36500001 0.01250000
v -0.08426777 -0.36500004 0.01250000
v -0.08948039 0.36500001 0.01250000
v -0.08948039 -0.36500004 0.01250000
v -0.09000000 0.36500001 0.01280000
v -0.09000000 -0.36500004 0.01280000
v -0.09051961 0.36500001 0.01250000
v -0.09051961 -0.36500004 0.01250000
v -0.09573223 0.36500001 0.01250000
v -0.09573223 -0.36500004 0.01250000
v -0.09703033 0.36500001 0.01120190
v -0.09703033 -0.36500004 0.01120190
v -0.10000000 0.36500001 0.00823223
v -0.10000000 -0.36500004 0.00823223
v -0.10000000 0.36500001 0.00550000
v -0.10000000 -0.36500004 0.00550000
v -0.09500000 0.36500001 0.00550000
v -0.09500000 -0.36500004 0.00550000
v -0.09500000 0.36500001 0.00000000
v -0.09500000 -0.36500004 0.00000000
v -0.10700000 0.36500001 0.00000000
v -0.10700000 -0.36500004 0.00000000
v -0.10850000 -0.36500004 0.00040192
v -0.10850000 0.36500001 0.00040192
v -0.10959808 -0.36500004 0.00150000
v -0.10959808 0.36500001 0.00150000
v -0.11000000 -0.36500004 0.00300000
v -0.11000000 0.36500001 0.00300000
v -0.11000000 0.36500001 0.01120190
v -0.11000000 -0.36500004 0.01120190
v -0.11000000 0.36500001 0.01500000
v -0.11000000 -0.36500004 0.01500000
v -0.10450000 0.36500001 0.01500000
v -0.10450000 -0.36500004 0.01500000
v -0.10450000 -0.36500004 0.01000000
v -0.10450000 0.36500001 0.01000000
v -0.10450000 -0.36500004 0.01120190
v -0.10450000 0.36500001 0.01120190
v -0.10176777 0.36500001 0.01000000
v -0.10176777 -0.36500004 0.01000000
v -0.10056587 0.36500001 0.01120190
v -0.10056587 -0.36500004 0.01120190
v -0.09750000 0.36500001 0.01426777
v -0.09750000 -0.36500004 0.01426777
v -0.09750000 0.36500001 0.01948038
v -0.09750000 -0.36500004 0.01948038
v -0.09720000 0.36500001 0.02000000
v -0.09720000 -0.36500004 0.02000000
v -0.09750000 0.36500001 0.02051962
v -0.09750000 -0.36500004 0.02051962
v -0.09750000 0.36500001 0.02573223
v -0.09750000 -0.36500004 0.02573223
v -0.10176777 0.36500001 0.03000000
v -0.10176777 -0.36500004 0.03000000
v -0.10450000 0.36500001 0.03000000
v -0.10450000 -0.36500004 0.03000000
v -0.10450000 0.36500001 0.02500000
v -0.10450000 -0.36500004 0.02500000
v -0.11000000 0.36500001 0.02500000
v -0.11000000 -0.36500004 0.02500000
v -0.11000000 0.36500001 0.03700000
v -0.11000000 -0.36500004 0.03700000
v -0.10959808 -0.36500004 0.03850000
v -0.10959808 0.36500001 0.03850000
v -0.10850000 -0.36500004 0.03959808
v -0.10850000 0.36500001 0.03959808
v -0.10700000 -0.36500004 0.04000000
v -0.10700000 0.36500001 0.04000000
v -0.09500000 0.36500001 0.04000000
v -0.09500000 -0.36500004 0.04000000
v -0.09500000 0.36500001 0.03450000
v -0.09500000 -0.36500004 0.03450000
v -0.10000000 0.36500001 0.03450000
v -0.10000000 -0.36500004 0.03450000
v -0.07250000 0.36500001 0.00786602
v -0.08120190 0.36500001 0.01120190
v -0.10750000 0.36500001 0.03213397
v -0.10700000 0.36500001 0.03200000
v -0.10213397 0.36500001 0.03750000
v -0.10200000 0.36500001 0.03700000
v -0.10200000 0.36500001 0.03300000
v -0.08489955 0.36500001 0.02545975
v -0.08538906 0.36500001 0.02559609
v -0.08588237 0.36500001 0.02547425
v -0.08625212 0.36500001 0.02512570
v -0.09461094 0.36500001 0.02559609
v -0.09510045 0.36500001 0.02545975
v -0.09545975 0.36500001 0.02510045
v -0.08452575 0.36500001 0.02411763
v -0.08440392 0.36500001 0.02461094
v -0.08588237 0.36500001 0.01452575
v -0.09545975 0.36500001 0.01489955
v -0.09510045 0.36500001 0.01454025
v -0.09461094 0.36500001 0.01440391
v -0.09411763 0.36500001 0.01452575
v -0.09374788 0.36500001 0.01487430
v -0.09297119 0.36500001 0.01567166
v -0.09104571 0.36500001 0.01485520
v -0.09359717 0.36500001 0.01535957
v -0.10800000 0.36500001 0.03300000
v -0.10786603 0.36500001 0.03250000
v -0.10250000 0.36500001 0.03213397
v -0.10213397 0.36500001 0.03250000
v -0.08454025 0.36500001 0.02510045
v -0.08625212 0.36500001 0.01487430
v -0.08640283 0.36500001 0.01535957
v -0.10250000 0.36500001 0.03786603
v -0.10300000 0.36500001 0.03800000
v -0.10700000 0.36500001 0.03800000
v -0.10750000 0.36500001 0.03786603
v -0.10786603 0.36500001 0.03750000
v -0.10800000 0.36500001 0.03700000
v -0.10300000 0.36500001 0.03200000
v -0.08702881 0.36500001 0.02432834
v -0.08895428 0.36500001 0.02514480
v -0.08640283 0.36500001 0.02464043
v -0.09411763 0.36500001 0.02547425
v -0.09374788 0.36500001 0.02512570
v -0.09359717 0.36500001 0.02464043
v -0.08538906 0.36500001 0.01440391
v -0.08489955 0.36500001 0.01454025
v -0.08454025 0.36500001 0.01489955
v -0.09514480 0.36500001 0.02104571
v -0.09514480 0.36500001 0.01895429
v -0.09559608 0.36500001 0.02461094
v -0.08670360 0.36500001 0.01572948
v -0.08655238 0.36500001 0.01565409
v -0.08644579 0.36500001 0.01552299
v -0.08440392 0.36500001 0.01538906
v -0.09434591 0.36500001 0.01655238
v -0.09447701 0.36500001 0.01644579
v -0.09464043 0.36500001 0.01640283
v -0.08485520 0.36500001 0.01895429
v -0.08485520 0.36500001 0.02104571
v -0.09329640 0.36500001 0.01572948
v -0.09312755 0.36500001 0.01573570
v -0.09344762 0.36500001 0.01565409
v -0.09355421 0.36500001 0.01552299
v -0.09559608 0.36500001 0.01538906
v -0.09547425 0.36500001 0.01588237
v -0.09512570 0.36500001 0.01625212
v -0.08452575 0.36500001 0.01588237
v -0.08487430 0.36500001 0.01625212
v -0.08535957 0.36500001 0.01640283
v -0.08567166 0.36500001 0.01702881
v -0.08895428 0.36500001 0.01485520
v -0.08702881 0.36500001 0.01567166
v -0.08687245 0.36500001 0.01573570
v -0.09547425 0.36500001 0.02411763
v -0.09512570 0.36500001 0.02374789
v -0.09464043 0.36500001 0.02359717
v -0.09432834 0.36500001 0.02297119
v -0.08687245 0.36500001 0.02426429
v -0.08670360 0.36500001 0.02427052
v -0.08655238 0.36500001 0.02434591
v -0.08644579 0.36500001 0.02447701
v -0.09329640 0.36500001 0.02427052
v -0.09344762 0.36500001 0.02434591
v -0.09312755 0.36500001 0.02426429
v -0.09355421 0.36500001 0.02447701
v -0.09297119 0.36500001 0.02432834
v -0.09104571 0.36500001 0.02514480
v -0.08487430 0.36500001 0.02374789
v -0.08535957 0.36500001 0.02359717
v -0.08567166 0.36500001 0.02297119
v -0.09434591 0.36500001 0.02344762
v -0.09427052 0.36500001 0.02329640
v -0.09426430 0.36500001 0.02312755
v -0.08572948 0.36500001 0.01670360
v -0.08573570 0.36500001 0.01687245
v -0.08565409 0.36500001 0.01655238
v -0.08552299 0.36500001 0.01644579
v -0.09427052 0.36500001 0.01670360
v -0.09426430 0.36500001 0.01687245
v -0.09432834 0.36500001 0.01702881
v -0.08565409 0.36500001 0.02344762
v -0.08552299 0.36500001 0.02355422
v -0.08572948 0.36500001 0.02329640
v -0.08573570 0.36500001 0.02312755
v -0.09447701 0.36500001 0.02355422
v -0.10300000 0.36500001 0.00200000
v -0.10213397 0.36500001 0.00250000
v -0.10250000 0.36500001 0.00213398
v -0.10750000 0.36500001 0.00786602
v -0.10700000 0.36500001 0.00800000
v -0.10300000 0.36500001 0.00800000
v -0.10250000 0.36500001 0.00786602
v -0.10200000 0.36500001 0.00300000
v -0.10200000 0.36500001 0.00700000
v -0.10213397 0.36500001 0.00750000
v -0.10786603 0.36500001 0.00750000
v -0.10800000 0.36500001 0.00700000
v -0.10800000 0.36500001 0.00300000
v -0.10786603 0.36500001 0.00250000
v -0.10750000 0.36500001 0.00213398
v -0.10700000 0.36500001 0.00200000
v -0.07750000 0.36500001 0.00213398
v -0.07700000 0.36500001 0.00200000
v -0.07300000 0.36500001 0.00200000
v -0.07250000 0.36500001 0.00213398
v -0.07213397 0.36500001 0.00250000
v -0.07200000 0.36500001 0.00300000
v -0.07200000 0.36500001 0.00700000
v -0.07213397 0.36500001 0.00750000
v -0.07750000 0.36500001 0.00786602
v -0.07700000 0.36500001 0.00800000
v -0.07300000 0.36500001 0.00800000
v -0.07800000 0.36500001 0.00700000
v -0.07800000 0.36500001 0.00300000
v -0.07786603 0.36500001 0.00250000
v -0.07786603 0.36500001 0.00750000
v -0.07700000 0.36500001 0.03200000
v -0.07300000 0.36500001 0.03200000
v -0.07800000 0.36500001 0.03300000
v -0.07786603 0.36500001 0.03250000
v -0.07750000 0.36500001 0.03213397
v -0.07250000 0.36500001 0.03213397
v -0.07750000 0.36500001 0.03786603
v -0.07786603 0.36500001 0.03750000
v -0.07213397 0.36500001 0.03250000
v -0.07200000 0.36500001 0.03300000
v -0.07200000 0.36500001 0.03700000
v -0.07213397 0.36500001 0.03750000
v -0.07250000 0.36500001 0.03786603
v -0.07300000 0.36500001 0.03800000
v -0.07700000 0.36500001 0.03800000
v -0.07800000 0.36500001 0.03700000
v -0.07700000 -0.36500004 0.00800000
v -0.10300000 -0.36500004 0.03800000
v -0.10700000 -0.36500004 0.03800000
v -0.10213397 -0.36500004 0.03750000
v -0.10250000 -0.36500004 0.03786603
v -0.09545975 -0.36500004 0.02510045
v -0.09510045 -0.36500004 0.02545975
v -0.09461094 -0.36500004 0.02559609
v -0.09359717 -0.36500004 0.01535957
v -0.09374788 -0.36500004 0.01487430
v -0.10750000 -0.36500004 0.03786603
v -0.10786603 -0.36500004 0.03750000
v -0.10800000 -0.36500004 0.03700000
v -0.10800000 -0.36500004 0.03300000
v -0.10786603 -0.36500004 0.03250000
v -0.10213397 -0.36500004 0.03250000
v -0.10200000 -0.36500004 0.03300000
v -0.10200000 -0.36500004 0.03700000
v -0.10250000 -0.36500004 0.03213397
v -0.10300000 -0.36500004 0.03200000
v -0.10700000 -0.36500004 0.03200000
v -0.10750000 -0.36500004 0.03213397
v -0.08454025 -0.36500004 0.01489955
v -0.08489955 -0.36500004 0.01454025
v -0.09514480 -0.36500004 0.01895429
v -0.09514480 -0.36500004 0.02104571
v -0.09344762 -0.36500004 0.01565409
v -0.09355421 -0.36500004 0.01552299
v -0.09411763 -0.36500004 0.01452575
v -0.09461094 -0.36500004 0.01440391
v -0.09510045 -0.36500004 0.01454025
v -0.09545975 -0.36500004 0.01489955
v -0.08487430 -0.36500004 0.02374789
v -0.08452575 -0.36500004 0.02411763
v -0.08440392 -0.36500004 0.02461094
v -0.08535957 -0.36500004 0.01640283
v -0.08487430 -0.36500004 0.01625212
v -0.08538906 -0.36500004 0.01440391
v -0.08120190 -0.36500004 0.01120190
v -0.09104571 -0.36500004 0.02514480
v -0.08895428 -0.36500004 0.02514480
v -0.08538906 -0.36500004 0.02559609
v -0.08489955 -0.36500004 0.02545975
v -0.08454025 -0.36500004 0.02510045
v -0.09559608 -0.36500004 0.01538906
v -0.09547425 -0.36500004 0.01588237
v -0.09512570 -0.36500004 0.01625212
v -0.09464043 -0.36500004 0.01640283
v -0.09432834 -0.36500004 0.01702881
v -0.09355421 -0.36500004 0.02447701
v -0.09297119 -0.36500004 0.02432834
v -0.09359717 -0.36500004 0.02464043
v -0.09374788 -0.36500004 0.02512570
v -0.09411763 -0.36500004 0.02547425
v -0.09464043 -0.36500004 0.02359717
v -0.09512570 -0.36500004 0.02374789
v -0.09547425 -0.36500004 0.02411763
v -0.09559608 -0.36500004 0.02461094
v -0.09297119 -0.36500004 0.01567166
v -0.09312755 -0.36500004 0.01573570
v -0.09329640 -0.36500004 0.01572948
v -0.08565409 -0.36500004 0.01655238
v -0.08552299 -0.36500004 0.01644579
v -0.08588237 -0.36500004 0.02547425
v -0.08625212 -0.36500004 0.02512570
v -0.08640283 -0.36500004 0.02464043
v -0.08702881 -0.36500004 0.02432834
v -0.09427052 -0.36500004 0.01670360
v -0.09426430 -0.36500004 0.01687245
v -0.09434591 -0.36500004 0.01655238
v -0.09447701 -0.36500004 0.01644579
v -0.09104571 -0.36500004 0.01485520
v -0.08895428 -0.36500004 0.01485520
v -0.08452575 -0.36500004 0.01588237
v -0.08440392 -0.36500004 0.01538906
v -0.09344762 -0.36500004 0.02434591
v -0.09329640 -0.36500004 0.02427052
v -0.09312755 -0.36500004 0.02426429
v -0.09426430 -0.36500004 0.02312755
v -0.09427052 -0.36500004 0.02329640
v -0.09434591 -0.36500004 0.02344762
v -0.08644579 -0.36500004 0.01552299
v -0.08655238 -0.36500004 0.01565409
v -0.08640283 -0.36500004 0.01535957
v -0.08670360 -0.36500004 0.01572948
v -0.08588237 -0.36500004 0.01452575
v -0.08625212 -0.36500004 0.01487430
v -0.08702881 -0.36500004 0.01567166
v -0.08687245 -0.36500004 0.01573570
v -0.08567166 -0.36500004 0.01702881
v -0.08573570 -0.36500004 0.01687245
v -0.08572948 -0.36500004 0.01670360
v -0.08655238 -0.36500004 0.02434591
v -0.08644579 -0.36500004 0.02447701
v -0.08670360 -0.36500004 0.02427052
v -0.08687245 -0.36500004 0.02426429
v -0.09432834 -0.36500004 0.02297119
v -0.09447701 -0.36500004 0.02355422
v -0.08485520 -0.36500004 0.02104571
v -0.08535957 -0.36500004 0.02359717
v -0.08567166 -0.36500004 0.02297119
v -0.08552299 -0.36500004 0.02355422
v -0.08485520 -0.36500004 0.01895429
v -0.08565409 -0.36500004 0.02344762
v -0.08572948 -0.36500004 0.02329640
v -0.08573570 -0.36500004 0.02312755
v -0.07750000 -0.36500004 0.03786603
v -0.07700000 -0.36500004 0.03800000
v -0.07200000 -0.36500004 0.03300000
v -0.07250000 -0.36500004 0.03213397
v -0.07213397 -0.36500004 0.03250000
v -0.07300000 -0.36500004 0.03800000
v -0.07250000 -0.36500004 0.03786603
v -0.07213397 -0.36500004 0.03750000
v -0.07200000 -0.36500004 0.03700000
v -0.07750000 -0.36500004 0.03213397
v -0.07700000 -0.36500004 0.03200000
v -0.07300000 -0.36500004 0.03200000
v -0.07800000 -0.36500004 0.03300000
v -0.07800000 -0.36500004 0.03700000
v -0.07786603 -0.36500004 0.03750000
v -0.07786603 -0.36500004 0.03250000
v -0.07750000 -0.36500004 0.00786602
v -0.07750000 -0.36500004 0.00213398
v -0.07786603 -0.36500004 0.00250000
v -0.07786603 -0.36500004 0.00750000
v -0.07300000 -0.36500004 0.00800000
v -0.07250000 -0.36500004 0.00786602
v -0.07213397 -0.36500004 0.00750000
v -0.07200000 -0.36500004 0.00700000
v -0.07200000 -0.36500004 0.00300000
v -0.07213397 -0.36500004 0.00250000
v -0.07250000 -0.36500004 0.00213398
v -0.07300000 -0.36500004 0.00200000
v -0.07700000 -0.36500004 0.00200000
v -0.07800000 -0.36500004 0.00300000
v -0.07800000 -0.36500004 0.00700000
v -0.10200000 -0.36500004 0.00700000
v -0.10200000 -0.36500004 0.00300000
v -0.10300000 -0.36500004 0.00800000
v -0.10250000 -0.36500004 0.00786602
v -0.10213397 -0.36500004 0.00750000
v -0.10213397 -0.36500004 0.00250000
v -0.10700000 -0.36500004 0.00800000
v -0.10750000 -0.36500004 0.00786602
v -0.10786603 -0.36500004 0.00750000
v -0.10250000 -0.36500004 0.00213398
v -0.10300000 -0.36500004 0.00200000
v -0.10700000 -0.36500004 0.00200000
v -0.10750000 -0.36500004 0.00213398
v -0.10786603 -0.36500004 0.00250000
v -0.10800000 -0.36500004 0.00300000
v -0.10800000 -0.36500004 0.00700000
v 0.04803163 0.11667446 0.00000000
v 0.04902823 0.11799417 0.00000000
v 0.07000000 0.10250000 0.00000000
v 0.04948080 0.11958479 0.00000000
v 0.07000000 0.13750000 0.00000000
v 0.04932822 0.12123148 0.00000000
v 0.04859108 0.12271185 0.00000000
v 0.03000000 0.13550000 0.00000000
v 0.04140892 0.12271185 0.00000000
v 0.04067178 0.12123148 0.00000000
v 0.04736894 0.12382597 0.00000000
v 0.04582687 0.12442338 0.00000000
v 0.03200000 0.13750000 0.00000000
v 0.03000000 0.10450000 0.00000000
v 0.04417313 0.12442338 0.00000000
v 0.04263106 0.12382597 0.00000000
v 0.03100000 0.13723205 0.00000000
v 0.03026795 0.13650000 0.00000000
v 0.04051920 0.11958479 0.00000000
v 0.04097176 0.11799417 0.00000000
v 0.03026795 0.10350000 0.00000000
v 0.04196837 0.11667446 0.00000000
v 0.03100000 0.10276795 0.00000000
v 0.04337441 0.11580388 0.00000000
v 0.03200000 0.10250000 0.00000000
v 0.04500000 0.11550000 0.00000000
v 0.04662559 0.11580388 0.00000000
v 0.07000000 0.12422862 0.01796091
v 0.07000000 0.12344720 0.01660746
v 0.07000000 0.10250000 0.03800000
v 0.07000000 0.11550000 0.01950000
v 0.07000000 0.11655280 0.02839254
v 0.07000000 0.11775000 0.02939712
v 0.07000000 0.10450000 0.04000000
v 0.07000000 0.11921858 0.02993163
v 0.07000000 0.13550000 0.04000000
v 0.07000000 0.12078141 0.02993163
v 0.07000000 0.12225000 0.02939712
v 0.07000000 0.13650000 0.03973205
v 0.07000000 0.12344720 0.02839254
v 0.07000000 0.13723205 0.03900000
v 0.07000000 0.12422862 0.02703909
v 0.07000000 0.13750000 0.03800000
v 0.07000000 0.12450000 0.02550000
v 0.07000000 0.12450000 0.01950000
v 0.07000000 0.12225000 0.01560289
v 0.07000000 0.12078141 0.01506837
v 0.07000000 0.11921858 0.01506837
v 0.07000000 0.11775000 0.01560289
v 0.07000000 0.11655280 0.01660746
v 0.07000000 0.11577138 0.01796091
v 0.07000000 0.11550000 0.02550000
v 0.07000000 0.11577138 0.02703909
v 0.07000000 0.10276795 0.03900000
v 0.07000000 0.10350000 0.03973205
v 0.06600000 0.10450000 0.04000000
v 0.06600000 0.13550000 0.04000000
v 0.03000000 0.13550000 0.00400000
v 0.03000000 0.10450000 0.00400000
v 0.03200000 0.10250000 0.00400000
v 0.06600000 0.10250000 0.00400000
v 0.06600000 0.10250000 0.03800000
v 0.06600000 0.13750000 0.03800000
v 0.06600000 0.13750000 0.00400000
v 0.03200000 0.13750000 0.00400000
v 0.06600000 0.11775000 0.02939712
v 0.06600000 0.10350000 0.03973205
v 0.06600000 0.11655280 0.02839254
v 0.06600000 0.10276795 0.03900000
v 0.06600000 0.11577138 0.02703909
v 0.06600000 0.11550000 0.02550000
v 0.06600000 0.12344720 0.02839254
v 0.06600000 0.12225000 0.02939712
v 0.06600000 0.12078141 0.02993163
v 0.06600000 0.11921858 0.02993163
v 0.06600000 0.11550000 0.01950000
v 0.06600000 0.11577138 0.01796091
v 0.06600000 0.11655280 0.01660746
v 0.06600000 0.11775000 0.01560289
v 0.06600000 0.11921858 0.01506837
v 0.06600000 0.12078141 0.01506837
v 0.06600000 0.12225000 0.01560289
v 0.06600000 0.12344720 0.01660746
v 0.06600000 0.12422862 0.01796091
v 0.06600000 0.12450000 0.01950000
v 0.06600000 0.13650000 0.03973205
v 0.06600000 0.13723205 0.03900000
v 0.06600000 0.12422862 0.02703909
v 0.06600000 0.12450000 0.02550000
v 0.04263106 0.12382597 0.00400000
v 0.04417313 0.12442338 0.00400000
v 0.04582687 0.12442338 0.00400000
v 0.04736894 0.12382597 0.00400000
v 0.04902823 0.11799417 0.00400000
v 0.04803163 0.11667446 0.00400000
v 0.04662559 0.11580388 0.00400000
v 0.04859108 0.12271185 0.00400000
v 0.04932822 0.12123148 0.00400000
v 0.04948080 0.11958479 0.00400000
v 0.04500000 0.11550000 0.00400000
v 0.04337441 0.11580388 0.00400000
v 0.03100000 0.10276795 0.00400000
v 0.04196837 0.11667446 0.00400000
v 0.03026795 0.10350000 0.00400000
v 0.04140892 0.12271185 0.00400000
v 0.03026795 0.13650000 0.00400000
v 0.03100000 0.13723205 0.00400000
v 0.04097176 0.11799417 0.00400000
v 0.04051920 0.11958479 0.00400000
v 0.04067178 0.12123148 0.00400000
v 0.04803163 0.31667447 0.00000000
v 0.04902823 0.31799418 0.00000000
v 0.07000000 0.30250001 0.00000000
v 0.04948080 0.31958479 0.00000000
v 0.07000000 0.33750001 0.00000000
v 0.04932822 0.32123148 0.00000000
v 0.04859108 0.32271186 0.00000000
v 0.03000000 0.33550000 0.00000000
v 0.04140892 0.32271186 0.00000000
v 0.04067178 0.32123148 0.00000000
v 0.04736894 0.32382599 0.00000000
v 0.04582687 0.32442337 0.00000000
v 0.03200000 0.33750001 0.00000000
v 0.03000000 0.30450001 0.00000000
v 0.04417313 0.32442337 0.00000000
v 0.04263106 0.32382599 0.00000000
v 0.03100000 0.33723205 0.00000000
v 0.03026795 0.33649999 0.00000000
v 0.04051920 0.31958479 0.00000000
v 0.04097176 0.31799418 0.00000000
v 0.03026795 0.30350000 0.00000000
v 0.04196837 0.31667447 0.00000000
v 0.03100000 0.30276796 0.00000000
v 0.04337441 0.31580389 0.00000000
v 0.03200000 0.30250001 0.00000000
v 0.04500000 0.31549999 0.00000000
v 0.04662559 0.31580389 0.00000000
v 0.07000000 0.32422861 0.01796091
v 0.07000000 0.32344720 0.01660746
v 0.07000000 0.30250001 0.03800000
v 0.07000000 0.31549999 0.01950000
v 0.07000000 0.31655279 0.02839254
v 0.07000000 0.31775001 0.02939712
v 0.07000000 0.30450001 0.04000000
v 0.07000000 0.31921858 0.02993163
v 0.07000000 0.33550000 0.04000000
v 0.07000000 0.32078141 0.02993163
v 0.07000000 0.32225001 0.02939712
v 0.07000000 0.33649999 0.03973205
v 0.07000000 0.32344720 0.02839254
v 0.07000000 0.33723205 0.03900000
v 0.07000000 0.32422861 0.02703909
v 0.07000000 0.33750001 0.03800000
v 0.07000000 0.32449999 0.02550000
v 0.07000000 0.32449999 0.01950000
v 0.07000000 0.32225001 0.01560289
v 0.07000000 0.32078141 0.01506837
v 0.07000000 0.31921858 0.01506837
v 0.07000000 0.31775001 0.01560289
v 0.07000000 0.31655279 0.01660746
v 0.07000000 0.31577137 0.01796091
v 0.07000000 0.31549999 0.02550000
v 0.07000000 0.31577137 0.02703909
v 0.07000000 0.30276796 0.03900000
v 0.07000000 0.30350000 0.03973205
v 0.06600000 0.30450001 0.04000000
v 0.06600000 0.33550000 0.04000000
v 0.03000000 0.33550000 0.00400000
v 0.03000000 0.30450001 0.00400000
v 0.03200000 0.30250001 0.00400000
v 0.06600000 0.30250001 0.00400000
v 0.06600000 0.30250001 0.03800000
v 0.06600000 0.33750001 0.03800000
v 0.06600000 0.33750001 0.00400000
v 0.03200000 0.33750001 0.00400000
v 0.06600000 0.31775001 0.02939712
v 0.06600000 0.30350000 0.03973205
v 0.06600000 0.31655279 0.02839254
v 0.06600000 0.30276796 0.03900000
v 0.06600000 0.31577137 0.02703909
v 0.06600000 0.31549999 0.02550000
v 0.06600000 0.32344720 0.02839254
v 0.06600000 0.32225001 0.02939712
v 0.06600000 0.32078141 0.02993163
v 0.06600000 0.31921858 0.02993163
v 0.06600000 0.31549999 0.01950000
v 0.06600000 0.31577137 0.01796091
v 0.06600000 0.31655279 0.01660746
v 0.06600000 0.31775001 0.01560289
v 0.06600000 0.31921858 0.01506837
v 0.06600000 0.32078141 0.01506837
v 0.06600000 0.32225001 0.01560289
v 0.06600000 0.32344720 0.01660746
v 0.06600000 0.32422861 0.01796091
v 0.06600000 0.32449999 0.01950000
v 0.06600000 0.33649999 0.03973205
v 0.06600000 0.33723205 0.03900000
v 0.06600000 0.32422861 0.02703909
v 0.06600000 0.32449999 0.02550000
v 0.04263106 0.32382599 0.00400000
v 0.04417313 0.32442337 0.00400000
v 0.04582687 0.32442337 0.00400000
v 0.04736894 0.32382599 0.00400000
v 0.04902823 0.31799418 0.00400000
v 0.04803163 0.31667447 0.00400000
v 0.04662559 0.31580389 0.00400000
v 0.04859108 0.32271186 0.00400000
v 0.04932822 0.32123148 0.00400000
v 0.04948080 0.31958479 0.00400000
v 0.04500000 0.31549999 0.00400000
v 0.04337441 0.31580389 0.00400000
v 0.03100000 0.30276796 0.00400000
v 0.04196837 0.31667447 0.00400000
v 0.03026795 0.30350000 0.00400000
v 0.04140892 0.32271186 0.00400000
v 0.03026795 0.33649999 0.00400000
v 0.03100000 0.33723205 0.00400000
v 0.04097176 0.31799418 0.00400000
v 0.04051920 0.31958479 0.00400000
v 0.04067178 0.32123148 0.00400000
v 0.04803163 -0.12332554 0.00000000
v 0.04902823 -0.12200582 0.00000000
v 0.07000000 -0.13750000 0.00000000
v 0.04948080 -0.12041521 0.00000000
v 0.07000000 -0.10250000 0.00000000
v 0.04932822 -0.11876851 0.00000000
v 0.04859108 -0.11728814 0.00000000
v 0.03000000 -0.10450000 0.00000000
v 0.04140892 -0.11728814 0.00000000
v 0.04067178 -0.11876851 0.00000000
v 0.04736894 -0.11617402 0.00000000
v 0.04582687 -0.11557662 0.00000000
v 0.03200000 -0.10250000 0.00000000
v 0.03000000 -0.13550000 0.00000000
v 0.04417313 -0.11557662 0.00000000
v 0.04263106 -0.11617402 0.00000000
v 0.03100000 -0.10276795 0.00000000
v 0.03026795 -0.10350000 0.00000000
v 0.04051920 -0.12041521 0.00000000
v 0.04097176 -0.12200582 0.00000000
v 0.03026795 -0.13650000 0.00000000
v 0.04196837 -0.12332554 0.00000000
v 0.03100000 -0.13723205 0.00000000
v 0.04337441 -0.12419613 0.00000000
v 0.03200000 -0.13750000 0.00000000
v 0.04500000 -0.12450000 0.00000000
v 0.04662559 -0.12419613 0.00000000
v 0.07000000 -0.11577138 0.01796091
v 0.07000000 -0.11655280 0.01660746
v 0.07000000 -0.13750000 0.03800000
v 0.07000000 -0.12450000 0.01950000
v 0.07000000 -0.12344720 0.02839254
v 0.07000000 -0.12225000 0.02939712
v 0.07000000 -0.13550000 0.04000000
v 0.07000000 -0.12078141 0.02993163
v 0.07000000 -0.10450000 0.04000000
v 0.07000000 -0.11921858 0.02993163
v 0.07000000 -0.11775000 0.02939712
v 0.07000000 -0.10350000 0.03973205
v 0.07000000 -0.11655280 0.02839254
v 0.07000000 -0.10276795 0.03900000
v 0.07000000 -0.11577138 0.02703909
v 0.07000000 -0.10250000 0.03800000
v 0.07000000 -0.11550000 0.02550000
v 0.07000000 -0.11550000 0.01950000
v 0.07000000 -0.11775000 0.01560289
v 0.07000000 -0.11921858 0.01506837
v 0.07000000 -0.12078141 0.01506837
v 0.07000000 -0.12225000 0.01560289
v 0.07000000 -0.12344720 0.01660746
v 0.07000000 -0.12422862 0.01796091
v 0.07000000 -0.12450000 0.02550000
v 0.07000000 -0.12422862 0.02703909
v 0.07000000 -0.13723205 0.03900000
v 0.07000000 -0.13650000 0.03973205
v 0.06600000 -0.13550000 0.04000000
v 0.06600000 -0.10450000 0.04000000
v 0.03000000 -0.10450000 0.00400000
v 0.03000000 -0.13550000 0.00400000
v 0.03200000 -0.13750000 0.00400000
v 0.06600000 -0.13750000 0.00400000
v 0.06600000 -0.13750000 0.03800000
v 0.06600000 -0.10250000 0.03800000
v 0.06600000 -0.10250000 0.00400000
v 0.03200000 -0.10250000 0.00400000
v 0.06600000 -0.12225000 0.02939712
v 0.06600000 -0.13650000 0.03973205
v 0.06600000 -0.12344720 0.02839254
v 0.06600000 -0.13723205 0.03900000
v 0.06600000 -0.12422862 0.02703909
v 0.06600000 -0.12450000 0.02550000
v 0.06600000 -0.11655280 0.02839254
v 0.06600000 -0.11775000 0.02939712
v 0.06600000 -0.11921858 0.02993163
v 0.06600000 -0.12078141 0.02993163
v 0.06600000 -0.12450000 0.01950000
v 0.06600000 -0.12422862 0.01796091
v 0.06600000 -0.12344720 0.01660746
v 0.06600000 -0.12225000 0.01560289
v 0.06600000 -0.12078141 0.01506837
v 0.06600000 -0.11921858 0.01506837
v 0.06600000 -0.11775000 0.01560289
v 0.06600000 -0.11655280 0.01660746
v 0.06600000 -0.11577138 0.01796091
v 0.06600000 -0.11550000 0.01950000
v 0.06600000 -0.10350000 0.03973205
v 0.06600000 -0.10276795 0.03900000
v 0.06600000 -0.11577138 0.02703909
v 0.06600000 -0.11550000 0.02550000
v 0.04263106 -0.11617402 0.00400000
v 0.04417313 -0.11557662 0.00400000
v 0.04582687 -0.11557662 0.00400000
v 0.04736894 -0.11617402 0.00400000
v 0.04902823 -0.12200582 0.00400000
v 0.04803163 -0.12332554 0.00400000
v 0.04662559 -0.12419613 0.00400000
v 0.04859108 -0.11728814 0.00400000
v 0.04932822 -0.11876851 0.00400000
v 0.04948080 -0.12041521 0.00400000
v 0.04500000 -0.12450000 0.00400000
v 0.04337441 -0.12419613 0.00400000
v 0.03100000 -0.13723205 0.00400000
v 0.04196837 -0.12332554 0.00400000
v 0.03026795 -0.13650000 0.00400000
v 0.04140892 -0.11728814 0.00400000
v 0.03026795 -0.10350000 0.00400000
v 0.03100000 -0.10276795 0.00400000
v 0.04097176 -0.12200582 0.00400000
v 0.04051920 -0.12041521 0.00400000
v 0.04067178 -0.11876851 0.00400000
v -0.04803163 -0.31667447 0.00000000
v -0.04902823 -0.31799418 0.00000000
v -0.07000000 -0.30250001 0.00000000
v -0.04948080 -0.31958479 0.00000000
v -0.07000000 -0.33750001 0.00000000
v -0.04932822 -0.32123148 0.00000000
v -0.04859108 -0.32271186 0.00000000
v -0.03000000 -0.33550000 0.00000000
v -0.04140892 -0.32271186 0.00000000
v -0.04067178 -0.32123148 0.00000000
v -0.04736894 -0.32382599 0.00000000
v -0.04582687 -0.32442337 0.00000000
v -0.03200000 -0.33750001 0.00000000
v -0.03000000 -0.30450001 0.00000000
v -0.04417313 -0.32442337 0.00000000
v -0.04263106 -0.32382599 0.00000000
v -0.03100000 -0.33723205 0.00000000
v -0.03026795 -0.33649999 0.00000000
v -0.04051920 -0.31958479 0.00000000
v -0.04097176 -0.31799418 0.00000000
v -0.03026795 -0.30350000 0.00000000
v -0.04196837 -0.31667447 0.00000000
v -0.03100000 -0.30276796 0.00000000
v -0.04337441 -0.31580389 0.00000000
v -0.03200000 -0.30250001 0.00000000
v -0.04500000 -0.31549999 0.00000000
v -0.04662559 -0.31580389 0.00000000
v -0.07000000 -0.32422861 0.01796091
v -0.07000000 -0.32344720 0.01660746
v -0.07000000 -0.30250001 0.03800000
v -0.07000000 -0.31549999 0.01950000
v -0.07000000 -0.31655279 0.02839254
v -0.07000000 -0.31775001 0.02939712
v -0.07000000 -0.30450001 0.04000000
v -0.07000000 -0.31921858 0.02993163
v -0.07000000 -0.33550000 0.04000000
v -0.07000000 -0.32078141 0.02993163
v -0.07000000 -0.32225001 0.02939712
v -0.07000000 -0.33649999 0.03973205
v -0.07000000 -0.32344720 0.02839254
v -0.07000000 -0.33723205 0.03900000
v -0.07000000 -0.32422861 0.02703909
v -0.07000000 -0.33750001 0.03800000
v -0.07000000 -0.32449999 0.02550000
v -0.07000000 -0.32449999 0.01950000
v -0.07000000 -0.32225001 0.01560289
v -0.07000000 -0.32078141 0.01506837
v -0.07000000 -0.31921858 0.01506837
v -0.07000000 -0.31775001 0.01560289
v -0.07000000 -0.31655279 0.01660746
v -0.07000000 -0.31577137 0.01796091
v -0.07000000 -0.31549999 0.02550000
v -0.07000000 -0.31577137 0.02703909
v -0.07000000 -0.30276796 0.03900000
v -0.07000000 -0.30350000 0.03973205
v -0.06600000 -0.30450001 0.04000000
v -0.06600000 -0.33550000 0.04000000
v -0.03000000 -0.33550000 0.00400000
v -0.03000000 -0.30450001 0.00400000
v -0.03200000 -0.30250001 0.00400000
v -0.06600000 -0.30250001 0.00400000
v -0.06600000 -0.30250001 0.03800000
v -0.06600000 -0.33750001 0.03800000
v -0.06600000 -0.33750001 0.00400000
v -0.03200000 -0.33750001 0.00400000
v -0.06600000 -0.31775001 0.02939712
v -0.06600000 -0.30350000 0.03973205
v -0.06600000 -0.31655279 0.02839254
v -0.06600000 -0.30276796 0.03900000
v -0.06600000 -0.31577137 0.02703909
v -0.06600000 -0.31549999 0.02550000
v -0.06600000 -0.32344720 0.02839254
v -0.06600000 -0.32225001 0.02939712
v -0.06600000 -0.32078141 0.02993163
v -0.06600000 -0.31921858 0.02993163
v -0.06600000 -0.31549999 0.01950000
v -0.06600000 -0.31577137 0.01796091
v -0.06600000 -0.31655279 0.01660746
v -0.06600000 -0.31775001 0.01560289
v -0.06600000 -0.31921858 0.01506837
v -0.06600000 -0.32078141 0.01506837
v -0.06600000 -0.32225001 0.01560289
v -0.06600000 -0.32344720 0.01660746
v -0.06600000 -0.32422861 0.01796091
v -0.06600000 -0.32449999 0.01950000
v -0.06600000 -0.33649999 0.03973205
v -0.06600000 -0.33723205 0.03900000
v -0.06600000 -0.32422861 0.02703909
v -0.06600000 -0.32449999 0.02550000
v -0.04263106 -0.32382599 0.00400000
v -0.04417313 -0.32442337 0.00400000
v -0.04582687 -0.32442337 0.00400000
v -0.04736894 -0.32382599 0.00400000
v -0.04902823 -0.31799418 0.00400000
v -0.04803163 -0.31667447 0.00400000
v -0.04662559 -0.31580389 0.00400000
v -0.04859108 -0.32271186 0.00400000
v -0.04932822 -0.32123148 0.00400000
v -0.04948080 -0.31958479 0.00400000
v -0.04500000 -0.31549999 0.00400000
v -0.04337441 -0.31580389 0.00400000
v -0.03100000 -0.30276796 0.00400000
v -0.04196837 -0.31667447 0.00400000
v -0.03026795 -0.30350000 0.00400000
v -0.04140892 -0.32271186 0.00400000
v -0.03026795 -0.33649999 0.00400000
v -0.03100000 -0.33723205 0.00400000
v -0.04097176 -0.31799418 0.00400000
v -0.04051920 -0.31958479 0.00400000
v -0.04067178 -0.32123148 0.00400000
v 0.04803163 -0.32332554 0.00000000
v 0.04902823 -0.32200581 0.00000000
v 0.07000000 -0.33750001 0.00000000
v 0.04948080 -0.32041520 0.00000000
v 0.07000000 -0.30250001 0.00000000
v 0.04932822 -0.31876853 0.00000000
v 0.04859108 -0.31728813 0.00000000
v 0.03000000 -0.30450001 0.00000000
v 0.04140892 -0.31728813 0.00000000
v 0.04067178 -0.31876853 0.00000000
v 0.04736894 -0.31617403 0.00000000
v 0.04582687 -0.31557661 0.00000000
v 0.03200000 -0.30250001 0.00000000
v 0.03000000 -0.33550000 0.00000000
v 0.04417313 -0.31557661 0.00000000
v 0.04263106 -0.31617403 0.00000000
v 0.03100000 -0.30276796 0.00000000
v 0.03026795 -0.30350000 0.00000000
v 0.04051920 -0.32041520 0.00000000
v 0.04097176 -0.32200581 0.00000000
v 0.03026795 -0.33649999 0.00000000
v 0.04196837 -0.32332554 0.00000000
v 0.03100000 -0.33723205 0.00000000
v 0.04337441 -0.32419613 0.00000000
v 0.03200000 -0.33750001 0.00000000
v 0.04500000 -0.32449999 0.00000000
v 0.04662559 -0.32419613 0.00000000
v 0.07000000 -0.31577137 0.01796091
v 0.07000000 -0.31655279 0.01660746
v 0.07000000 -0.33750001 0.03800000
v 0.07000000 -0.32449999 0.01950000
v 0.07000000 -0.32344720 0.02839254
v 0.07000000 -0.32225001 0.02939712
v 0.07000000 -0.33550000 0.04000000
v 0.07000000 -0.32078141 0.02993163
v 0.07000000 -0.30450001 0.04000000
v 0.07000000 -0.31921858 0.02993163
v 0.07000000 -0.31775001 0.02939712
v 0.07000000 -0.30350000 0.03973205
v 0.07000000 -0.31655279 0.02839254
v 0.07000000 -0.30276796 0.03900000
v 0.07000000 -0.31577137 0.02703909
v 0.07000000 -0.30250001 0.03800000
v 0.07000000 -0.31549999 0.02550000
v 0.07000000 -0.31549999 0.01950000
v 0.07000000 -0.31775001 0.01560289
v 0.07000000 -0.31921858 0.01506837
v 0.07000000 -0.32078141 0.01506837
v 0.07000000 -0.32225001 0.01560289
v 0.07000000 -0.32344720 0.01660746
v 0.07000000 -0.32422861 0.01796091
v 0.07000000 -0.32449999 0.02550000
v 0.07000000 -0.32422861 0.02703909
v 0.07000000 -0.33723205 0.03900000
v 0.07000000 -0.33649999 0.03973205
v 0.06600000 -0.33550000 0.04000000
v 0.06600000 -0.30450001 0.04000000
v 0.03000000 -0.30450001 0.00400000
v 0.03000000 -0.33550000 0.00400000
v 0.03200000 -0.33750001 0.00400000
v 0.06600000 -0.33750001 0.00400000
v 0.06600000 -0.33750001 0.03800000
v 0.06600000 -0.30250001 0.03800000
v 0.06600000 -0.30250001 0.00400000
v 0.03200000 -0.30250001 0.00400000
v 0.06600000 -0.32225001 0.02939712
v 0.06600000 -0.33649999 0.03973205
v 0.06600000 -0.32344720 0.02839254
v 0.06600000 -0.33723205 0.03900000
v 0.06600000 -0.32422861 0.02703909
v 0.06600000 -0.32449999 0.02550000
v 0.06600000 -0.31655279 0.02839254
v 0.06600000 -0.31775001 0.02939712
v 0.06600000 -0.31921858 0.02993163
v 0.06600000 -0.32078141 0.02993163
v 0.06600000 -0.32449999 0.01950000
v 0.06600000 -0.32422861 0.01796091
v 0.06600000 -0.32344720 0.01660746
v 0.06600000 -0.32225001 0.01560289
v 0.06600000 -0.32078141 0.01506837
v 0.06600000 -0.31921858 0.01506837
v 0.06600000 -0.31775001 0.01560289
v 0.06600000 -0.31655279 0.01660746
v 0.06600000 -0.31577137 0.01796091
v 0.06600000 -0.31549999 0.01950000
v 0.06600000 -0.30350000 0.03973205
v 0.06600000 -0.30276796 0.03900000
v 0.06600000 -0.31577137 0.02703909
v 0.06600000 -0.31549999 0.02550000
v 0.04263106 -0.31617403 0.00400000
v 0.04417313 -0.31557661 0.00400000
v 0.04582687 -0.31557661 0.00400000
v 0.04736894 -0.31617403 0.00400000
v 0.04902823 -0.32200581 0.00400000
v 0.04803163 -0.32332554 0.00400000
v 0.04662559 -0.32419613 0.00400000
v 0.04859108 -0.31728813 0.00400000
v 0.04932822 -0.31876853 0.00400000
v 0.04948080 -0.32041520 0.00400000
v 0.04500000 -0.32449999 0.00400000
v 0.04337441 -0.32419613 0.00400000
v 0.03100000 -0.33723205 0.00400000
v 0.04196837 -0.32332554 0.00400000
v 0.03026795 -0.33649999 0.00400000
v 0.04140892 -0.31728813 0.00400000
v 0.03026795 -0.30350000 0.00400000
v 0.03100000 -0.30276796 0.00400000
v 0.04097176 -0.32200581 0.00400000
v 0.04051920 -0.32041520 0.00400000
v 0.04067178 -0.31876853 0.00400000
v -0.04803163 0.12332554 0.00000000
v -0.04902823 0.12200582 0.00000000
v -0.07000000 0.13750000 0.00000000
v -0.04948080 0.12041521 0.00000000
v -0.07000000 0.10250000 0.00000000
v -0.04932822 0.11876851 0.00000000
v -0.04859108 0.11728814 0.00000000
v -0.03000000 0.10450000 0.00000000
v -0.04140892 0.11728814 0.00000000
v -0.04067178 0.11876851 0.00000000
v -0.04736894 0.11617402 0.00000000
v -0.04582687 0.11557662 0.00000000
v -0.03200000 0.10250000 0.00000000
v -0.03000000 0.13550000 0.00000000
v -0.04417313 0.11557662 0.00000000
v -0.04263106 0.11617402 0.00000000
v -0.03100000 0.10276795 0.00000000
v -0.03026795 0.10350000 0.00000000
v -0.04051920 0.12041521 0.00000000
v -0.04097176 0.12200582 0.00000000
v -0.03026795 0.13650000 0.00000000
v -0.04196837 0.12332554 0.00000000
v -0.03100000 0.13723205 0.00000000
v -0.04337441 0.12419613 0.00000000
v -0.03200000 0.13750000 0.00000000
v -0.04500000 0.12450000 0.00000000
v -0.04662559 0.12419613 0.00000000
v -0.07000000 0.11577138 0.01796091
v -0.07000000 0.11655280 0.01660746
v -0.07000000 0.13750000 0.03800000
v -0.07000000 0.12450000 0.01950000
v -0.07000000 0.12344720 0.02839254
v -0.07000000 0.12225000 0.02939712
v -0.07000000 0.13550000 0.04000000
v -0.07000000 0.12078141 0.02993163
v -0.07000000 0.10450000 0.04000000
v -0.07000000 0.11921858 0.02993163
v -0.07000000 0.11775000 0.02939712
v -0.07000000 0.10350000 0.03973205
v -0.07000000 0.11655280 0.02839254
v -0.07000000 0.10276795 0.03900000
v -0.07000000 0.11577138 0.02703909
v -0.07000000 0.10250000 0.03800000
v -0.07000000 0.11550000 0.02550000
v -0.07000000 0.11550000 0.01950000
v -0.07000000 0.11775000 0.01560289
v -0.07000000 0.11921858 0.01506837
v -0.07000000 0.12078141 0.01506837
v -0.07000000 0.12225000 0.01560289
v -0.07000000 0.12344720 0.01660746
v -0.07000000 0.12422862 0.01796091
v -0.07000000 0.12450000 0.02550000
v -0.07000000 0.12422862 0.02703909
v -0.07000000 0.13723205 0.03900000
v -0.07000000 0.13650000 0.03973205
v -0.06600000 0.13550000 0.04000000
v -0.06600000 0.10450000 0.04000000
v -0.03000000 0.10450000 0.00400000
v -0.03000000 0.13550000 0.00400000
v -0.03200000 0.13750000 0.00400000
v -0.06600000 0.13750000 0.00400000
v -0.06600000 0.13750000 0.03800000
v -0.06600000 0.10250000 0.03800000
v -0.06600000 0.10250000 0.00400000
v -0.03200000 0.10250000 0.00400000
v -0.06600000 0.12225000 0.02939712
v -0.06600000 0.13650000 0.03973205
v -0.06600000 0.12344720 0.02839254
v -0.06600000 0.13723205 0.03900000
v -0.06600000 0.12422862 0.02703909
v -0.06600000 0.12450000 0.02550000
v -0.06600000 0.11655280 0.02839254
v -0.06600000 0.11775000 0.02939712
v -0.06600000 0.11921858 0.02993163
v -0.06600000 0.12078141 0.02993163
v -0.06600000 0.12450000 0.01950000
v -0.06600000 0.12422862 0.01796091
v -0.06600000 0.12344720 0.01660746
v -0.06600000 0.12225000 0.01560289
v -0.06600000 0.12078141 0.01506837
v -0.06600000 0.11921858 0.01506837
v -0.06600000 0.11775000 0.01560289
v -0.06600000 0.11655280 0.01660746
v -0.06600000 0.11577138 0.01796091
v -0.06600000 0.11550000 0.01950000
v -0.06600000 0.10350000 0.03973205
v -0.06600000 0.10276795 0.03900000
v -0.06600000 0.11577138 0.02703909
v -0.06600000 0.11550000 0.02550000
v -0.04263106 0.11617402 0.00400000
v -0.04417313 0.11557662 0.00400000
v -0.04582687 0.11557662 0.00400000
v -0.04736894 0.11617402 0.00400000
v -0.04902823 0.12200582 0.00400000
v -0.04803163 0.12332554 0.00400000
v -0.04662559 0.12419613 0.00400000
v -0.04859108 0.11728814 0.00400000
v -0.04932822 0.11876851 0.00400000
v -0.04948080 0.12041521 0.00400000
v -0.04500000 0.12450000 0.00400000
v -0.04337441 0.12419613 0.00400000
v -0.03100000 0.13723205 0.00400000
v -0.04196837 0.12332554 0.00400000
v -0.03026795 0.13650000 0.00400000
v -0.04140892 0.11728814 0.00400000
v -0.03026795 0.10350000 0.00400000
v -0.03100000 0.10276795 0.00400000
v -0.04097176 0.12200582 0.00400000
v -0.04051920 0.12041521 0.00400000
v -0.04067178 0.11876851 0.00400000
f 1 2 3
f 3 2 4
f 3 4 5
f 5 4 6
f 5 6 7
f 8 9 10
f 7 11 5
f 5 11 12
f 5 12 13
f 8 10 14
f 12 15 13
f 13 15 16
f 13 16 17
f 17 16 9
f 17 9 18
f 18 9 8
f 10 19 14
f 14 19 20
f 14 20 21
f 21 20 22
f 21 22 23
f 23 22 24
f 23 24 25
f 25 24 26
f 25 26 3
f 3 26 27
f 3 27 1
f 28 29 5
f 30 3 31
f 32 33 34
f 34 33 35
f 34 35 36
f 35 37 36
f 36 37 38
f 36 38 39
f 39 38 40
f 39 40 41
f 41 40 42
f 41 42 43
f 43 42 44
f 43 44 5
f 5 44 45
f 5 45 28
f 29 46 5
f 5 46 47
f 5 47 3
f 3 47 48
f 3 48 49
f 49 50 3
f 3 50 51
f 3 51 31
f 31 52 30
f 30 52 53
f 30 53 54
f 54 53 32
f 54 32 55
f 55 32 34
f 34 36 56
f 56 36 57
f 8 14 58
f 58 14 59
f 60 25 61
f 61 25 3
f 61 3 62
f 62 3 30
f 63 43 64
f 64 43 5
f 64 5 65
f 65 5 13
f 56 66 67
f 67 66 68
f 67 68 69
f 69 68 70
f 69 70 62
f 62 70 71
f 62 71 61
f 72 73 57
f 57 73 74
f 57 74 56
f 56 74 75
f 56 75 66
f 71 76 61
f 61 76 77
f 61 77 78
f 78 79 61
f 61 79 80
f 61 80 64
f 80 81 64
f 64 81 82
f 64 82 83
f 83 84 64
f 64 84 85
f 64 85 63
f 57 86 72
f 72 86 87
f 72 87 88
f 88 87 63
f 88 63 89
f 89 63 85
f 90 91 65
f 65 91 64
f 64 91 92
f 64 92 93
f 94 95 61
f 61 95 96
f 61 96 60
f 93 97 64
f 64 97 98
f 64 98 61
f 61 98 99
f 61 99 94
f 96 100 60
f 60 100 101
f 60 101 102
f 102 101 103
f 102 103 104
f 104 103 59
f 58 105 106
f 106 105 90
f 106 90 107
f 107 90 65
f 103 108 59
f 59 108 109
f 59 109 58
f 58 109 110
f 58 110 105
f 52 71 53
f 53 71 70
f 53 70 32
f 32 70 68
f 32 68 33
f 33 68 66
f 33 66 35
f 35 66 75
f 35 75 37
f 37 75 74
f 37 74 38
f 38 74 73
f 38 73 40
f 40 73 72
f 40 72 42
f 42 72 88
f 42 88 44
f 44 88 89
f 52 31 71
f 71 31 76
f 45 85 28
f 28 85 84
f 28 84 29
f 29 84 83
f 29 83 46
f 46 83 82
f 46 82 47
f 47 82 81
f 47 81 48
f 48 81 80
f 48 80 49
f 49 80 79
f 49 79 50
f 50 79 78
f 50 78 51
f 51 78 77
f 51 77 31
f 31 77 76
f 45 44 85
f 85 44 89
f 100 26 101
f 101 26 24
f 101 24 103
f 103 24 22
f 103 22 108
f 108 22 20
f 108 20 109
f 109 20 19
f 109 19 110
f 110 19 10
f 110 10 105
f 105 10 9
f 105 9 90
f 90 9 16
f 90 16 91
f 91 16 15
f 91 15 92
f 92 15 12
f 92 12 93
f 93 12 11
f 93 11 97
f 97 11 7
f 97 7 98
f 98 7 6
f 98 6 99
f 99 6 4
f 99 4 94
f 94 4 2
f 94 2 95
f 95 2 1
f 95 1 96
f 96 1 27
f 96 27 100
f 100 27 26
f 59 14 21
f 59 21 104
f 104 21 23
f 104 23 102
f 102 23 25
f 102 25 60
f 8 58 106
f 8 106 18
f 18 106 107
f 18 107 17
f 17 107 65
f 17 65 13
f 57 36 39
f 57 39 86
f 86 39 41
f 86 41 87
f 87 41 43
f 87 43 63
f 34 56 67
f 34 67 55
f 55 67 69
f 55 69 54
f 54 69 62
f 54 62 30
f 111 112 113
f 113 112 114
f 113 114 115
f 115 114 116
f 115 116 117
f 118 119 120
f 117 121 115
f 115 121 122
f 115 122 123
f 118 120 124
f 122 125 123
f 123 125 126
f 123 126 127
f 127 126 119
f 127 119 128
f 128 119 118
f 120 129 124
f 124 129 130
f 124 130 131
f 131 130 132
f 131 132 133
f 133 132 134
f 133 134 135
f 135 134 136
f 135 136 113
f 113 136 137
f 113 137 111
f 138 139 115
f 140 113 141
f 142 143 144
f 144 143 145
f 144 145 146
f 145 147 146
f 146 147 148
f 146 148 149
f 149 148 150
f 149 150 151
f 151 150 152
f 151 152 153
f 153 152 154
f 153 154 115
f 115 154 155
f 115 155 138
f 139 156 115
f 115 156 157
f 115 157 113
f 113 157 158
f 113 158 159
f 159 160 113
f 113 160 161
f 113 161 141
f 141 162 140
f 140 162 163
f 140 163 164
f 164 163 142
f 164 142 165
f 165 142 144
f 144 146 166
f 166 146 167
f 118 124 168
f 168 124 169
f 170 135 171
f 171 135 113
f 171 113 172
f 172 113 140
f 173 153 174
f 174 153 115
f 174 115 175
f 175 115 123
f 166 176 177
f 177 176 178
f 177 178 179
f 179 178 180
f 179 180 172
f 172 180 181
f 172 181 171
f 182 183 167
f 167 183 184
f 167 184 166
f 166 184 185
f 166 185 176
f 181 186 171
f 171 186 187
f 171 187 188
f 188 189 171
f 171 189 190
f 171 190 174
f 190 191 174
f 174 191 192
f 174 192 193
f 193 194 174
f 174 194 195
f 174 195 173
f 167 196 182
f 182 196 197
f 182 197 198
f 198 197 173
f 198 173 199
f 199 173 195
f 200 201 175
f 175 201 174
f 174 201 202
f 174 202 203
f 204 205 171
f 171 205 206
f 171 206 170
f 203 207 174
f 174 207 208
f 174 208 171
f 171 208 209
f 171 209 204
f 206 210 170
f 170 210 211
f 170 211 212
f 212 211 213
f 212 213 214
f 214 213 169
f 168 215 216
f 216 215 200
f 216 200 217
f 217 200 175
f 213 218 169
f 169 218 219
f 169 219 168
f 168 219 220
f 168 220 215
f 162 181 163
f 163 181 180
f 163 180 142
f 142 180 178
f 142 178 143
f 143 178 176
f 143 176 145
f 145 176 185
f 145 185 147
f 147 185 184
f 147 184 148
f 148 184 183
f 148 183 150
f 150 183 182
f 150 182 152
f 152 182 198
f 152 198 154
f 154 198 199
f 162 141 181
f 181 141 186
f 155 195 138
f 138 195 194
f 138 194 139
f 139 194 193
f 139 193 156
f 156 193 192
f 156 192 157
f 157 192 191
f 157 191 158
f 158 191 190
f 158 190 159
f 159 190 189
f 159 189 160
f 160 189 188
f 160 188 161
f 161 188 187
f 161 187 141
f 141 187 186
f 155 154 195
f 195 154 199
f 210 136 211
f 211 136 134
f 211 134 213
f 213 134 132
f 213 132 218
f 218 132 130
f 218 130 219
f 219 130 129
f 219 129 220
f 220 129 120
f 220 120 215
f 215 120 119
f 215 119 200
f 200 119 126
f 200 126 201
f 201 126 125
f 201 125 202
f 202 125 122
f 202 122 203
f 203 122 121
f 203 121 207
f 207 121 117
f 207 117 208
f 208 117 116
f 208 116 209
f 209 116 114
f 209 114 204
f 204 114 112
f 204 112 205
f 205 112 111
f 205 111 206
f 206 111 137
f 206 137 210
f 210 137 136
f 169 124 131
f 169 131 214
f 214 131 133
f 214 133 212
f 212 133 135
f 212 135 170
f 118 168 216
f 118 216 128
f 128 216 217
f 128 217 127
f 127 217 175
f 127 175 123
f 167 146 149
f 167 149 196
f 196 149 151
f 196 151 197
f 197 151 153
f 197 153 173
f 144 166 177
f 144 177 165
f 165 177 179
f 165 179 164
f 164 179 172
f 164 172 140
f 221 222 223
f 223 222 224
f 225 221 226
f 226 221 223
f 227 225 228
f 228 225 226
f 229 227 230
f 230 227 228
f 231 229 232
f 232 229 230
f 231 232 233
f 233 232 234
f 233 234 235
f 235 234 236
f 237 235 238
f 238 235 236
f 239 240 241
f 241 240 242
f 241 242 238
f 238 242 237
f 243 240 244
f 244 240 239
f 243 244 245
f 245 244 246
f 245 246 247
f 247 246 248
f 247 248 249
f 247 249 250
f 250 249 251
f 250 251 252
f 252 251 253
f 252 253 254
f 255 254 256
f 256 254 253
f 257 255 258
f 258 255 256
f 259 257 260
f 260 257 258
f 261 259 262
f 262 259 260
f 261 262 263
f 263 262 264
f 263 264 265
f 265 264 266
f 267 265 268
f 268 265 266
f 269 267 270
f 270 267 268
f 271 269 272
f 272 269 270
f 273 271 274
f 274 271 272
f 273 274 275
f 275 274 276
f 275 276 277
f 277 276 278
f 277 278 279
f 279 278 280
f 281 279 282
f 282 279 280
f 283 284 285
f 285 284 286
f 285 286 282
f 282 286 281
f 287 284 288
f 288 284 283
f 287 288 289
f 289 288 290
f 289 290 291
f 291 290 292
f 291 292 293
f 291 293 294
f 294 293 295
f 294 295 296
f 296 295 297
f 296 297 298
f 298 297 299
f 299 297 300
f 299 300 301
f 301 300 302
f 303 301 304
f 304 301 302
f 305 306 307
f 307 306 308
f 307 308 304
f 304 308 303
f 309 306 310
f 310 306 305
f 309 310 311
f 311 310 312
f 311 312 313
f 313 312 314
f 313 314 315
f 315 314 316
f 317 315 318
f 318 315 316
f 319 317 320
f 320 317 318
f 321 319 322
f 322 319 320
f 323 321 324
f 324 321 322
f 323 324 325
f 325 324 326
f 325 326 327
f 327 326 328
f 329 327 330
f 330 327 328
f 331 329 332
f 332 329 330
f 333 331 334
f 334 331 332
f 335 333 336
f 336 333 334
f 335 336 337
f 335 337 338
f 338 337 339
f 338 339 340
f 340 339 341
f 340 341 342
f 342 341 343
f 343 341 344
f 343 344 345
f 345 344 346
f 347 345 348
f 348 345 346
f 349 350 351
f 351 350 352
f 351 352 348
f 348 352 347
f 353 350 354
f 354 350 349
f 353 354 355
f 355 354 356
f 355 356 357
f 357 356 358
f 359 357 360
f 360 357 358
f 361 359 362
f 362 359 360
f 363 361 364
f 364 361 362
f 365 363 366
f 366 363 364
f 367 365 368
f 368 365 366
f 369 367 370
f 370 367 368
f 371 369 372
f 372 369 370
f 373 371 374
f 374 371 372
f 375 373 376
f 376 373 374
f 375 376 377
f 375 377 378
f 378 377 379
f 378 379 380
f 380 379 381
f 380 381 382
f 383 382 384
f 384 382 381
f 385 383 386
f 386 383 384
f 387 385 388
f 388 385 386
f 222 387 224
f 224 387 388
f 389 281 286
f 313 390 311
f 391 392 373
f 383 385 387
f 393 383 394
f 394 383 387
f 394 387 395
f 396 397 227
f 227 397 398
f 227 398 399
f 400 401 221
f 221 401 402
f 403 404 267
f 267 404 231
f 267 231 265
f 315 317 405
f 406 407 323
f 323 407 408
f 323 408 321
f 321 408 409
f 321 409 319
f 319 409 410
f 411 412 413
f 375 414 373
f 373 414 415
f 373 415 391
f 367 416 417
f 227 229 396
f 396 229 231
f 396 231 418
f 418 231 404
f 405 317 419
f 419 317 319
f 419 319 420
f 393 421 383
f 383 421 422
f 383 422 382
f 382 422 423
f 382 423 380
f 380 423 424
f 380 424 378
f 378 424 425
f 378 425 375
f 375 425 426
f 375 426 414
f 371 373 369
f 369 373 392
f 369 392 367
f 367 392 427
f 367 427 416
f 428 429 430
f 400 221 431
f 431 221 225
f 431 225 432
f 432 225 227
f 432 227 433
f 405 434 315
f 315 434 435
f 315 435 436
f 413 412 410
f 437 438 361
f 439 361 402
f 402 361 363
f 402 363 221
f 221 363 365
f 221 365 222
f 222 365 367
f 222 367 387
f 387 367 417
f 387 417 395
f 440 441 442
f 443 269 436
f 436 269 271
f 436 271 315
f 315 271 273
f 315 273 275
f 444 445 446
f 269 447 448
f 449 450 451
f 451 450 411
f 451 411 452
f 452 411 413
f 453 357 454
f 454 357 359
f 454 359 455
f 455 359 361
f 455 361 446
f 446 361 438
f 443 456 269
f 269 456 457
f 269 457 447
f 447 457 458
f 447 458 459
f 410 412 319
f 319 412 460
f 319 460 420
f 420 460 461
f 420 461 442
f 442 461 462
f 442 462 440
f 439 463 361
f 361 463 464
f 361 464 437
f 437 464 465
f 437 465 466
f 467 428 468
f 468 428 430
f 468 430 469
f 469 430 470
f 471 472 473
f 473 472 474
f 473 474 475
f 475 474 433
f 475 433 476
f 476 433 227
f 476 227 429
f 429 227 399
f 429 399 430
f 403 267 477
f 477 267 269
f 477 269 478
f 478 269 448
f 478 448 479
f 480 481 482
f 483 484 485
f 485 484 459
f 485 459 486
f 486 459 458
f 487 444 488
f 488 444 446
f 488 446 489
f 489 446 438
f 490 491 492
f 492 491 478
f 492 478 493
f 493 478 479
f 466 465 482
f 482 465 494
f 482 494 480
f 495 333 335
f 329 331 496
f 496 331 333
f 496 333 497
f 497 333 495
f 453 406 357
f 357 406 323
f 357 323 355
f 355 323 325
f 355 325 353
f 353 325 327
f 353 327 329
f 498 343 499
f 499 343 350
f 499 350 500
f 500 350 353
f 500 353 501
f 496 502 329
f 329 502 503
f 329 503 353
f 353 503 504
f 353 504 501
f 498 505 343
f 343 505 506
f 343 506 342
f 342 506 507
f 342 507 340
f 340 507 508
f 340 508 338
f 338 508 509
f 338 509 335
f 335 509 510
f 335 510 495
f 345 347 343
f 343 347 352
f 343 352 350
f 279 281 309
f 511 512 299
f 311 390 309
f 279 309 277
f 277 309 390
f 277 390 275
f 275 390 313
f 275 313 315
f 299 512 298
f 298 512 513
f 298 513 296
f 296 513 514
f 296 514 294
f 294 514 515
f 294 515 291
f 291 515 516
f 291 516 289
f 289 516 517
f 289 517 518
f 519 309 520
f 520 309 281
f 520 281 521
f 521 281 389
f 522 523 299
f 299 523 524
f 299 524 511
f 519 525 309
f 309 525 522
f 309 522 306
f 306 522 299
f 306 299 308
f 308 299 301
f 308 301 303
f 518 389 289
f 289 389 286
f 289 286 287
f 287 286 284
f 259 526 527
f 528 529 235
f 235 529 530
f 265 231 263
f 263 231 233
f 263 233 261
f 261 233 235
f 261 235 259
f 259 235 530
f 259 530 526
f 527 531 259
f 259 531 255
f 259 255 257
f 245 532 533
f 531 534 255
f 255 534 535
f 255 535 254
f 254 535 536
f 254 536 252
f 252 536 537
f 252 537 250
f 250 537 538
f 250 538 247
f 247 538 539
f 247 539 245
f 245 539 540
f 245 540 532
f 528 235 541
f 541 235 237
f 541 237 533
f 533 237 242
f 533 242 245
f 245 242 240
f 245 240 243
f 348 346 344
f 307 304 302
f 282 280 542
f 246 244 239
f 374 372 370
f 384 381 543
f 543 381 544
f 388 386 545
f 545 386 384
f 545 384 546
f 546 384 543
f 547 548 366
f 366 548 549
f 366 549 368
f 368 549 224
f 368 224 388
f 550 551 320
f 544 381 552
f 552 381 379
f 552 379 553
f 553 379 377
f 553 377 554
f 554 377 376
f 554 376 555
f 555 376 374
f 555 374 556
f 557 368 558
f 558 368 388
f 558 388 559
f 559 388 545
f 557 560 368
f 368 560 561
f 368 561 370
f 370 561 562
f 370 562 374
f 374 562 563
f 374 563 556
f 274 564 565
f 362 566 567
f 568 569 550
f 320 551 322
f 322 551 570
f 322 570 324
f 570 571 324
f 324 571 572
f 324 572 573
f 574 270 575
f 575 270 576
f 577 578 270
f 579 320 565
f 565 320 318
f 565 318 274
f 274 318 316
f 274 316 276
f 276 316 580
f 276 580 278
f 228 581 582
f 583 584 232
f 232 584 585
f 586 587 362
f 362 587 588
f 362 588 566
f 566 588 589
f 566 589 590
f 591 592 593
f 593 592 581
f 593 581 594
f 594 581 228
f 594 228 595
f 595 228 226
f 595 226 549
f 549 226 223
f 549 223 224
f 567 596 362
f 362 596 597
f 362 597 364
f 364 597 598
f 364 598 366
f 366 598 599
f 366 599 547
f 600 601 602
f 603 604 577
f 583 232 605
f 605 232 230
f 605 230 606
f 606 230 228
f 606 228 607
f 607 228 582
f 607 582 608
f 609 610 611
f 611 610 590
f 611 590 612
f 612 590 589
f 602 568 600
f 600 568 550
f 600 550 613
f 613 550 320
f 613 320 614
f 270 578 272
f 272 578 615
f 272 615 274
f 274 615 616
f 274 616 564
f 591 617 592
f 592 617 618
f 592 618 619
f 620 621 622
f 623 624 625
f 625 624 626
f 579 627 320
f 320 627 628
f 320 628 614
f 614 628 625
f 614 625 629
f 629 625 626
f 629 626 630
f 631 632 633
f 634 635 636
f 636 635 607
f 636 607 637
f 637 607 608
f 567 638 596
f 596 638 620
f 596 620 639
f 639 620 622
f 640 641 642
f 642 641 643
f 633 603 631
f 631 603 577
f 631 577 644
f 644 577 270
f 644 270 640
f 640 270 574
f 640 574 641
f 643 645 642
f 642 645 646
f 642 646 647
f 648 649 246
f 576 270 585
f 585 270 268
f 585 268 232
f 232 268 266
f 232 266 234
f 234 266 264
f 234 264 236
f 236 264 262
f 236 262 260
f 650 256 253
f 260 258 651
f 651 258 256
f 651 256 652
f 652 256 650
f 246 649 248
f 248 649 653
f 248 653 249
f 249 653 654
f 249 654 251
f 251 654 655
f 251 655 253
f 253 655 656
f 253 656 650
f 657 236 658
f 658 236 260
f 658 260 659
f 659 260 651
f 660 661 246
f 246 661 662
f 246 662 648
f 657 663 236
f 236 663 660
f 236 660 238
f 238 660 246
f 238 246 241
f 241 246 239
f 542 280 664
f 300 665 666
f 316 314 580
f 580 314 312
f 580 312 278
f 278 312 310
f 278 310 280
f 280 310 667
f 280 667 664
f 668 669 290
f 669 670 290
f 290 670 671
f 290 671 292
f 292 671 672
f 292 672 293
f 293 672 673
f 293 673 295
f 295 673 674
f 295 674 297
f 297 674 675
f 297 675 300
f 300 675 676
f 300 676 665
f 542 668 282
f 282 668 290
f 282 290 285
f 285 290 288
f 285 288 283
f 302 300 307
f 307 300 666
f 307 666 305
f 305 666 677
f 305 677 310
f 310 677 678
f 310 678 667
f 679 680 330
f 681 682 354
f 354 682 683
f 332 330 334
f 334 330 680
f 334 680 684
f 685 344 686
f 686 344 687
f 586 362 573
f 573 362 360
f 573 360 324
f 324 360 358
f 324 358 326
f 326 358 356
f 326 356 328
f 328 356 354
f 328 354 330
f 330 354 683
f 330 683 679
f 684 688 334
f 334 688 689
f 334 689 336
f 336 689 690
f 336 690 337
f 337 690 691
f 337 691 339
f 339 691 692
f 339 692 341
f 341 692 693
f 341 693 344
f 344 693 694
f 344 694 687
f 681 354 685
f 685 354 349
f 685 349 344
f 344 349 351
f 344 351 348
f 414 555 415
f 415 555 556
f 415 556 391
f 391 556 563
f 391 563 392
f 392 563 562
f 414 426 555
f 555 426 554
f 423 544 424
f 424 544 552
f 424 552 425
f 425 552 553
f 425 553 426
f 426 553 554
f 423 422 544
f 544 422 543
f 394 559 393
f 393 559 545
f 393 545 421
f 421 545 546
f 421 546 422
f 422 546 543
f 394 395 559
f 559 395 558
f 427 561 416
f 416 561 560
f 416 560 417
f 417 560 557
f 417 557 395
f 395 557 558
f 427 392 561
f 561 392 562
f 528 660 529
f 529 660 663
f 529 663 530
f 530 663 657
f 530 657 526
f 526 657 658
f 528 541 660
f 660 541 661
f 540 649 532
f 532 649 648
f 532 648 533
f 533 648 662
f 533 662 541
f 541 662 661
f 540 539 649
f 649 539 653
f 536 656 537
f 537 656 655
f 537 655 538
f 538 655 654
f 538 654 539
f 539 654 653
f 536 535 656
f 656 535 650
f 527 659 531
f 531 659 651
f 531 651 534
f 534 651 652
f 534 652 535
f 535 652 650
f 527 526 659
f 659 526 658
f 523 677 524
f 524 677 666
f 524 666 511
f 511 666 665
f 511 665 512
f 512 665 676
f 523 522 677
f 677 522 678
f 520 542 519
f 519 542 664
f 519 664 525
f 525 664 667
f 525 667 522
f 522 667 678
f 520 521 542
f 542 521 668
f 517 671 518
f 518 671 670
f 518 670 389
f 389 670 669
f 389 669 521
f 521 669 668
f 517 516 671
f 671 516 672
f 513 675 514
f 514 675 674
f 514 674 515
f 515 674 673
f 515 673 516
f 516 673 672
f 513 512 675
f 675 512 676
f 507 693 508
f 508 693 692
f 508 692 509
f 509 692 691
f 509 691 510
f 510 691 690
f 507 506 693
f 693 506 694
f 499 685 498
f 498 685 686
f 498 686 505
f 505 686 687
f 505 687 506
f 506 687 694
f 499 500 685
f 685 500 681
f 503 679 504
f 504 679 683
f 504 683 501
f 501 683 682
f 501 682 500
f 500 682 681
f 503 502 679
f 679 502 680
f 495 689 497
f 497 689 688
f 497 688 496
f 496 688 684
f 496 684 502
f 502 684 680
f 495 510 689
f 689 510 690
f 465 596 639
f 465 639 494
f 494 639 622
f 494 622 480
f 480 622 621
f 480 621 481
f 481 621 620
f 481 620 482
f 482 620 638
f 482 638 466
f 433 593 432
f 432 593 594
f 432 594 431
f 431 594 595
f 431 595 400
f 400 595 549
f 400 549 401
f 401 549 548
f 401 548 402
f 402 548 547
f 402 547 439
f 439 547 599
f 439 599 463
f 463 599 598
f 463 598 464
f 464 598 597
f 464 597 465
f 465 597 596
f 475 592 619
f 475 619 473
f 473 619 618
f 473 618 471
f 471 618 617
f 471 617 472
f 472 617 591
f 472 591 474
f 474 591 593
f 474 593 433
f 428 608 429
f 429 608 582
f 429 582 476
f 476 582 581
f 476 581 475
f 475 581 592
f 430 607 635
f 430 635 470
f 470 635 634
f 470 634 469
f 469 634 636
f 469 636 468
f 468 636 637
f 468 637 467
f 467 637 608
f 467 608 428
f 478 641 477
f 477 641 574
f 477 574 403
f 403 574 575
f 403 575 404
f 404 575 576
f 404 576 418
f 418 576 585
f 418 585 396
f 396 585 584
f 396 584 397
f 397 584 583
f 397 583 398
f 398 583 605
f 398 605 399
f 399 605 606
f 399 606 430
f 430 606 607
f 479 642 647
f 479 647 493
f 493 647 646
f 493 646 492
f 492 646 645
f 492 645 490
f 490 645 643
f 490 643 491
f 491 643 641
f 491 641 478
f 459 631 447
f 447 631 644
f 447 644 448
f 448 644 640
f 448 640 479
f 479 640 642
f 458 577 604
f 458 604 486
f 486 604 603
f 486 603 485
f 485 603 633
f 485 633 483
f 483 633 632
f 483 632 484
f 484 632 631
f 484 631 459
f 420 625 419
f 419 625 628
f 419 628 405
f 405 628 627
f 405 627 434
f 434 627 579
f 434 579 435
f 435 579 565
f 435 565 436
f 436 565 564
f 436 564 443
f 443 564 616
f 443 616 456
f 456 616 615
f 456 615 457
f 457 615 578
f 457 578 458
f 458 578 577
f 461 629 630
f 461 630 462
f 462 630 626
f 462 626 440
f 440 626 624
f 440 624 441
f 441 624 623
f 441 623 442
f 442 623 625
f 442 625 420
f 411 600 412
f 412 600 613
f 412 613 460
f 460 613 614
f 460 614 461
f 461 614 629
f 413 550 569
f 413 569 452
f 452 569 568
f 452 568 451
f 451 568 602
f 451 602 449
f 449 602 601
f 449 601 450
f 450 601 600
f 450 600 411
f 446 589 455
f 455 589 588
f 455 588 454
f 454 588 587
f 454 587 453
f 453 587 586
f 453 586 406
f 406 586 573
f 406 573 407
f 407 573 572
f 407 572 408
f 408 572 571
f 408 571 409
f 409 571 570
f 409 570 410
f 410 570 551
f 410 551 413
f 413 551 550
f 489 590 610
f 489 610 488
f 488 610 609
f 488 609 487
f 487 609 611
f 487 611 444
f 444 611 612
f 444 612 445
f 445 612 589
f 445 589 446
f 466 638 437
f 437 638 567
f 437 567 438
f 438 567 566
f 438 566 489
f 489 566 590
f 695 696 697
f 697 696 698
f 699 695 700
f 700 695 697
f 701 699 702
f 702 699 700
f 703 701 704
f 704 701 702
f 705 703 706
f 706 703 704
f 705 706 707
f 707 706 708
f 707 708 709
f 709 708 710
f 711 709 712
f 712 709 710
f 713 714 715
f 715 714 716
f 715 716 712
f 712 716 711
f 717 714 718
f 718 714 713
f 717 718 719
f 719 718 720
f 719 720 721
f 721 720 722
f 721 722 723
f 721 723 724
f 724 723 725
f 724 725 726
f 726 725 727
f 726 727 728
f 729 728 730
f 730 728 727
f 731 729 732
f 732 729 730
f 733 731 734
f 734 731 732
f 735 733 736
f 736 733 734
f 735 736 737
f 737 736 738
f 737 738 739
f 739 738 740
f 741 739 742
f 742 739 740
f 743 741 744
f 744 741 742
f 745 743 746
f 746 743 744
f 747 745 748
f 748 745 746
f 747 748 749
f 749 748 750
f 749 750 751
f 751 750 752
f 751 752 753
f 753 752 754
f 755 753 756
f 756 753 754
f 757 758 759
f 759 758 760
f 759 760 756
f 756 760 755
f 761 758 762
f 762 758 757
f 761 762 763
f 763 762 764
f 763 764 765
f 765 764 766
f 765 766 767
f 765 767 768
f 768 767 769
f 768 769 770
f 770 769 771
f 770 771 772
f 772 771 773
f 773 771 774
f 773 774 775
f 775 774 776
f 777 775 778
f 778 775 776
f 779 780 781
f 781 780 782
f 781 782 778
f 778 782 777
f 783 780 784
f 784 780 779
f 783 784 785
f 785 784 786
f 785 786 787
f 787 786 788
f 787 788 789
f 789 788 790
f 791 789 792
f 792 789 790
f 793 791 794
f 794 791 792
f 795 793 796
f 796 793 794
f 797 795 798
f 798 795 796
f 797 798 799
f 799 798 800
f 799 800 801
f 801 800 802
f 803 801 804
f 804 801 802
f 805 803 806
f 806 803 804
f 807 805 808
f 808 805 806
f 809 807 810
f 810 807 808
f 809 810 811
f 809 811 812
f 812 811 813
f 812 813 814
f 814 813 815
f 814 815 816
f 816 815 817
f 817 815 818
f 817 818 819
f 819 818 820
f 821 819 822
f 822 819 820
f 823 824 825
f 825 824 826
f 825 826 822
f 822 826 821
f 827 824 828
f 828 824 823
f 827 828 829
f 829 828 830
f 829 830 831
f 831 830 832
f 833 831 834
f 834 831 832
f 835 833 836
f 836 833 834
f 837 835 838
f 838 835 836
f 839 837 840
f 840 837 838
f 841 839 842
f 842 839 840
f 843 841 844
f 844 841 842
f 845 843 846
f 846 843 844
f 847 845 848
f 848 845 846
f 849 847 850
f 850 847 848
f 849 850 851
f 849 851 852
f 852 851 853
f 852 853 854
f 854 853 855
f 854 855 856
f 857 856 858
f 858 856 855
f 859 857 860
f 860 857 858
f 861 859 862
f 862 859 860
f 696 861 698
f 698 861 862
f 863 755 760
f 787 864 785
f 865 866 847
f 857 859 861
f 867 857 868
f 868 857 861
f 868 861 869
f 870 871 701
f 701 871 872
f 701 872 873
f 874 875 695
f 695 875 876
f 877 878 741
f 741 878 705
f 741 705 739
f 789 791 879
f 880 881 797
f 797 881 882
f 797 882 795
f 795 882 883
f 795 883 793
f 793 883 884
f 885 886 887
f 849 888 847
f 847 888 889
f 847 889 865
f 841 890 891
f 701 703 870
f 870 703 705
f 870 705 892
f 892 705 878
f 879 791 893
f 893 791 793
f 893 793 894
f 867 895 857
f 857 895 896
f 857 896 856
f 856 896 897
f 856 897 854
f 854 897 898
f 854 898 852
f 852 898 899
f 852 899 849
f 849 899 900
f 849 900 888
f 845 847 843
f 843 847 866
f 843 866 841
f 841 866 901
f 841 901 890
f 902 903 904
f 874 695 905
f 905 695 699
f 905 699 906
f 906 699 701
f 906 701 907
f 879 908 789
f 789 908 909
f 789 909 910
f 887 886 884
f 911 912 835
f 913 835 876
f 876 835 837
f 876 837 695
f 695 837 839
f 695 839 696
f 696 839 841
f 696 841 861
f 861 841 891
f 861 891 869
f 914 915 916
f 917 743 910
f 910 743 745
f 910 745 789
f 789 745 747
f 789 747 749
f 918 919 920
f 743 921 922
f 923 924 925
f 925 924 885
f 925 885 926
f 926 885 887
f 927 831 928
f 928 831 833
f 928 833 929
f 929 833 835
f 929 835 920
f 920 835 912
f 917 930 743
f 743 930 931
f 743 931 921
f 921 931 932
f 921 932 933
f 884 886 793
f 793 886 934
f 793 934 894
f 894 934 935
f 894 935 916
f 916 935 936
f 916 936 914
f 913 937 835
f 835 937 938
f 835 938 911
f 911 938 939
f 911 939 940
f 941 902 942
f 942 902 904
f 942 904 943
f 943 904 944
f 945 946 947
f 947 946 948
f 947 948 949
f 949 948 907
f 949 907 950
f 950 907 701
f 950 701 903
f 903 701 873
f 903 873 904
f 877 741 951
f 951 741 743
f 951 743 952
f 952 743 922
f 952 922 953
f 954 955 956
f 957 958 959
f 959 958 933
f 959 933 960
f 960 933 932
f 961 918 962
f 962 918 920
f 962 920 963
f 963 920 912
f 964 965 966
f 966 965 952
f 966 952 967
f 967 952 953
f 940 939 956
f 956 939 968
f 956 968 954
f 969 807 809
f 803 805 970
f 970 805 807
f 970 807 971
f 971 807 969
f 927 880 831
f 831 880 797
f 831 797 829
f 829 797 799
f 829 799 827
f 827 799 801
f 827 801 803
f 972 817 973
f 973 817 824
f 973 824 974
f 974 824 827
f 974 827 975
f 970 976 803
f 803 976 977
f 803 977 827
f 827 977 978
f 827 978 975
f 972 979 817
f 817 979 980
f 817 980 816
f 816 980 981
f 816 981 814
f 814 981 982
f 814 982 812
f 812 982 983
f 812 983 809
f 809 983 984
f 809 984 969
f 819 821 817
f 817 821 826
f 817 826 824
f 753 755 783
f 985 986 773
f 785 864 783
f 753 783 751
f 751 783 864
f 751 864 749
f 749 864 787
f 749 787 789
f 773 986 772
f 772 986 987
f 772 987 770
f 770 987 988
f 770 988 768
f 768 988 989
f 768 989 765
f 765 989 990
f 765 990 763
f 763 990 991
f 763 991 992
f 993 783 994
f 994 783 755
f 994 755 995
f 995 755 863
f 996 997 773
f 773 997 998
f 773 998 985
f 993 999 783
f 783 999 996
f 783 996 780
f 780 996 773
f 780 773 782
f 782 773 775
f 782 775 777
f 992 863 763
f 763 863 760
f 763 760 761
f 761 760 758
f 733 1000 1001
f 1002 1003 709
f 709 1003 1004
f 739 705 737
f 737 705 707
f 737 707 735
f 735 707 709
f 735 709 733
f 733 709 1004
f 733 1004 1000
f 1001 1005 733
f 733 1005 729
f 733 729 731
f 719 1006 1007
f 1005 1008 729
f 729 1008 1009
f 729 1009 728
f 728 1009 1010
f 728 1010 726
f 726 1010 1011
f 726 1011 724
f 724 1011 1012
f 724 1012 721
f 721 1012 1013
f 721 1013 719
f 719 1013 1014
f 719 1014 1006
f 1002 709 1015
f 1015 709 711
f 1015 711 1007
f 1007 711 716
f 1007 716 719
f 719 716 714
f 719 714 717
f 822 820 818
f 781 778 776
f 756 754 1016
f 720 718 713
f 848 846 844
f 858 855 1017
f 1017 855 1018
f 862 860 1019
f 1019 860 858
f 1019 858 1020
f 1020 858 1017
f 1021 1022 840
f 840 1022 1023
f 840 1023 842
f 842 1023 698
f 842 698 862
f 1024 1025 794
f 1018 855 1026
f 1026 855 853
f 1026 853 1027
f 1027 853 851
f 1027 851 1028
f 1028 851 850
f 1028 850 1029
f 1029 850 848
f 1029 848 1030
f 1031 842 1032
f 1032 842 862
f 1032 862 1033
f 1033 862 1019
f 1031 1034 842
f 842 1034 1035
f 842 1035 844
f 844 1035 1036
f 844 1036 848
f 848 1036 1037
f 848 1037 1030
f 748 1038 1039
f 836 1040 1041
f 1042 1043 1024
f 794 1025 796
f 796 1025 1044
f 796 1044 798
f 1044 1045 798
f 798 1045 1046
f 798 1046 1047
f 1048 744 1049
f 1049 744 1050
f 1051 1052 744
f 1053 794 1039
f 1039 794 792
f 1039 792 748
f 748 792 790
f 748 790 750
f 750 790 1054
f 750 1054 752
f 702 1055 1056
f 1057 1058 706
f 706 1058 1059
f 1060 1061 836
f 836 1061 1062
f 836 1062 1040
f 1040 1062 1063
f 1040 1063 1064
f 1065 1066 1067
f 1067 1066 1055
f 1067 1055 1068
f 1068 1055 702
f 1068 702 1069
f 1069 702 700
f 1069 700 1023
f 1023 700 697
f 1023 697 698
f 1041 1070 836
f 836 1070 1071
f 836 1071 838
f 838 1071 1072
f 838 1072 840
f 840 1072 1073
f 840 1073 1021
f 1074 1075 1076
f 1077 1078 1051
f 1057 706 1079
f 1079 706 704
f 1079 704 1080
f 1080 704 702
f 1080 702 1081
f 1081 702 1056
f 1081 1056 1082
f 1083 1084 1085
f 1085 1084 1064
f 1085 1064 1086
f 1086 1064 1063
f 1076 1042 1074
f 1074 1042 1024
f 1074 1024 1087
f 1087 1024 794
f 1087 794 1088
f 744 1052 746
f 746 1052 1089
f 746 1089 748
f 748 1089 1090
f 748 1090 1038
f 1065 1091 1066
f 1066 1091 1092
f 1066 1092 1093
f 1094 1095 1096
f 1097 1098 1099
f 1099 1098 1100
f 1053 1101 794
f 794 1101 1102
f 794 1102 1088
f 1088 1102 1099
f 1088 1099 1103
f 1103 1099 1100
f 1103 1100 1104
f 1105 1106 1107
f 1108 1109 1110
f 1110 1109 1081
f 1110 1081 1111
f 1111 1081 1082
f 1041 1112 1070
f 1070 1112 1094
f 1070 1094 1113
f 1113 1094 1096
f 1114 1115 1116
f 1116 1115 1117
f 1107 1077 1105
f 1105 1077 1051
f 1105 1051 1118
f 1118 1051 744
f 1118 744 1114
f 1114 744 1048
f 1114 1048 1115
f 1117 1119 1116
f 1116 1119 1120
f 1116 1120 1121
f 1122 1123 720
f 1050 744 1059
f 1059 744 742
f 1059 742 706
f 706 742 740
f 706 740 708
f 708 740 738
f 708 738 710
f 710 738 736
f 710 736 734
f 1124 730 727
f 734 732 1125
f 1125 732 730
f 1125 730 1126
f 1126 730 1124
f 720 1123 722
f 722 1123 1127
f 722 1127 723
f 723 1127 1128
f 723 1128 725
f 725 1128 1129
f 725 1129 727
f 727 1129 1130
f 727 1130 1124
f 1131 710 1132
f 1132 710 734
f 1132 734 1133
f 1133 734 1125
f 1134 1135 720
f 720 1135 1136
f 720 1136 1122
f 1131 1137 710
f 710 1137 1134
f 710 1134 712
f 712 1134 720
f 712 720 715
f 715 720 713
f 1016 754 1138
f 774 1139 1140
f 790 788 1054
f 1054 788 786
f 1054 786 752
f 752 786 784
f 752 784 754
f 754 784 1141
f 754 1141 1138
f 1142 1143 764
f 1143 1144 764
f 764 1144 1145
f 764 1145 766
f 766 1145 1146
f 766 1146 767
f 767 1146 1147
f 767 1147 769
f 769 1147 1148
f 769 1148 771
f 771 1148 1149
f 771 1149 774
f 774 1149 1150
f 774 1150 1139
f 1016 1142 756
f 756 1142 764
f 756 764 759
f 759 764 762
f 759 762 757
f 776 774 781
f 781 774 1140
f 781 1140 779
f 779 1140 1151
f 779 1151 784
f 784 1151 1152
f 784 1152 1141
f 1153 1154 804
f 1155 1156 828
f 828 1156 1157
f 806 804 808
f 808 804 1154
f 808 1154 1158
f 1159 818 1160
f 1160 818 1161
f 1060 836 1047
f 1047 836 834
f 1047 834 798
f 798 834 832
f 798 832 800
f 800 832 830
f 800 830 802
f 802 830 828
f 802 828 804
f 804 828 1157
f 804 1157 1153
f 1158 1162 808
f 808 1162 1163
f 808 1163 810
f 810 1163 1164
f 810 1164 811
f 811 1164 1165
f 811 1165 813
f 813 1165 1166
f 813 1166 815
f 815 1166 1167
f 815 1167 818
f 818 1167 1168
f 818 1168 1161
f 1155 828 1159
f 1159 828 823
f 1159 823 818
f 818 823 825
f 818 825 822
f 888 1029 889
f 889 1029 1030
f 889 1030 865
f 865 1030 1037
f 865 1037 866
f 866 1037 1036
f 888 900 1029
f 1029 900 1028
f 897 1018 898
f 898 1018 1026
f 898 1026 899
f 899 1026 1027
f 899 1027 900
f 900 1027 1028
f 897 896 1018
f 1018 896 1017
f 868 1033 867
f 867 1033 1019
f 867 1019 895
f 895 1019 1020
f 895 1020 896
f 896 1020 1017
f 868 869 1033
f 1033 869 1032
f 901 1035 890
f 890 1035 1034
f 890 1034 891
f 891 1034 1031
f 891 1031 869
f 869 1031 1032
f 901 866 1035
f 1035 866 1036
f 1002 1134 1003
f 1003 1134 1137
f 1003 1137 1004
f 1004 1137 1131
f 1004 1131 1000
f 1000 1131 1132
f 1002 1015 1134
f 1134 1015 1135
f 1014 1123 1006
f 1006 1123 1122
f 1006 1122 1007
f 1007 1122 1136
f 1007 1136 1015
f 1015 1136 1135
f 1014 1013 1123
f 1123 1013 1127
f 1010 1130 1011
f 1011 1130 1129
f 1011 1129 1012
f 1012 1129 1128
f 1012 1128 1013
f 1013 1128 1127
f 1010 1009 1130
f 1130 1009 1124
f 1001 1133 1005
f 1005 1133 1125
f 1005 1125 1008
f 1008 1125 1126
f 1008 1126 1009
f 1009 1126 1124
f 1001 1000 1133
f 1133 1000 1132
f 997 1151 998
f 998 1151 1140
f 998 1140 985
f 985 1140 1139
f 985 1139 986
f 986 1139 1150
f 997 996 1151
f 1151 996 1152
f 994 1016 993
f 993 1016 1138
f 993 1138 999
f 999 1138 1141
f 999 1141 996
f 996 1141 1152
f 994 995 1016
f 1016 995 1142
f 991 1145 992
f 992 1145 1144
f 992 1144 863
f 863 1144 1143
f 863 1143 995
f 995 1143 1142
f 991 990 1145
f 1145 990 1146
f 987 1149 988
f 988 1149 1148
f 988 1148 989
f 989 1148 1147
f 989 1147 990
f 990 1147 1146
f 987 986 1149
f 1149 986 1150
f 981 1167 982
f 982 1167 1166
f 982 1166 983
f 983 1166 1165
f 983 1165 984
f 984 1165 1164
f 981 980 1167
f 1167 980 1168
f 973 1159 972
f 972 1159 1160
f 972 1160 979
f 979 1160 1161
f 979 1161 980
f 980 1161 1168
f 973 974 1159
f 1159 974 1155
f 977 1153 978
f 978 1153 1157
f 978 1157 975
f 975 1157 1156
f 975 1156 974
f 974 1156 1155
f 977 976 1153
f 1153 976 1154
f 969 1163 971
f 971 1163 1162
f 971 1162 970
f 970 1162 1158
f 970 1158 976
f 976 1158 1154
f 969 984 1163
f 1163 984 1164
f 939 1070 1113
f 939 1113 968
f 968 1113 1096
f 968 1096 954
f 954 1096 1095
f 954 1095 955
f 955 1095 1094
f 955 1094 956
f 956 1094 1112
f 956 1112 940
f 907 1067 906
f 906 1067 1068
f 906 1068 905
f 905 1068 1069
f 905 1069 874
f 874 1069 1023
f 874 1023 875
f 875 1023 1022
f 875 1022 876
f 876 1022 1021
f 876 1021 913
f 913 1021 1073
f 913 1073 937
f 937 1073 1072
f 937 1072 938
f 938 1072 1071
f 938 1071 939
f 939 1071 1070
f 949 1066 1093
f 949 1093 947
f 947 1093 1092
f 947 1092 945
f 945 1092 1091
f 945 1091 946
f 946 1091 1065
f 946 1065 948
f 948 1065 1067
f 948 1067 907
f 902 1082 903
f 903 1082 1056
f 903 1056 950
f 950 1056 1055
f 950 1055 949
f 949 1055 1066
f 904 1081 1109
f 904 1109 944
f 944 1109 1108
f 944 1108 943
f 943 1108 1110
f 943 1110 942
f 942 1110 1111
f 942 1111 941
f 941 1111 1082
f 941 1082 902
f 952 1115 951
f 951 1115 1048
f 951 1048 877
f 877 1048 1049
f 877 1049 878
f 878 1049 1050
f 878 1050 892
f 892 1050 1059
f 892 1059 870
f 870 1059 1058
f 870 1058 871
f 871 1058 1057
f 871 1057 872
f 872 1057 1079
f 872 1079 873
f 873 1079 1080
f 873 1080 904
f 904 1080 1081
f 953 1116 1121
f 953 1121 967
f 967 1121 1120
f 967 1120 966
f 966 1120 1119
f 966 1119 964
f 964 1119 1117
f 964 1117 965
f 965 1117 1115
f 965 1115 952
f 933 1105 921
f 921 1105 1118
f 921 1118 922
f 922 1118 1114
f 922 1114 953
f 953 1114 1116
f 932 1051 1078
f 932 1078 960
f 960 1078 1077
f 960 1077 959
f 959 1077 1107
f 959 1107 957
f 957 1107 1106
f 957 1106 958
f 958 1106 1105
f 958 1105 933
f 894 1099 893
f 893 1099 1102
f 893 1102 879
f 879 1102 1101
f 879 1101 908
f 908 1101 1053
f 908 1053 909
f 909 1053 1039
f 909 1039 910
f 910 1039 1038
f 910 1038 917
f 917 1038 1090
f 917 1090 930
f 930 1090 1089
f 930 1089 931
f 931 1089 1052
f 931 1052 932
f 932 1052 1051
f 935 1103 1104
f 935 1104 936
f 936 1104 1100
f 936 1100 914
f 914 1100 1098
f 914 1098 915
f 915 1098 1097
f 915 1097 916
f 916 1097 1099
f 916 1099 894
f 885 1074 886
f 886 1074 1087
f 886 1087 934
f 934 1087 1088
f 934 1088 935
f 935 1088 1103
f 887 1024 1043
f 887 1043 926
f 926 1043 1042
f 926 1042 925
f 925 1042 1076
f 925 1076 923
f 923 1076 1075
f 923 1075 924
f 924 1075 1074
f 924 1074 885
f 920 1063 929
f 929 1063 1062
f 929 1062 928
f 928 1062 1061
f 928 1061 927
f 927 1061 1060
f 927 1060 880
f 880 1060 1047
f 880 1047 881
f 881 1047 1046
f 881 1046 882
f 882 1046 1045
f 882 1045 883
f 883 1045 1044
f 883 1044 884
f 884 1044 1025
f 884 1025 887
f 887 1025 1024
f 963 1064 1084
f 963 1084 962
f 962 1084 1083
f 962 1083 961
f 961 1083 1085
f 961 1085 918
f 918 1085 1086
f 918 1086 919
f 919 1086 1063
f 919 1063 920
f 940 1112 911
f 911 1112 1041
f 911 1041 912
f 912 1041 1040
f 912 1040 963
f 963 1040 1064
f 1169 1170 1171
f 1171 1170 1172
f 1171 1172 1173
f 1173 1172 1174
f 1173 1174 1175
f 1176 1177 1178
f 1175 1179 1173
f 1173 1179 1180
f 1173 1180 1181
f 1176 1178 1182
f 1180 1183 1181
f 1181 1183 1184
f 1181 1184 1185
f 1185 1184 1177
f 1185 1177 1186
f 1186 1177 1176
f 1178 1187 1182
f 1182 1187 1188
f 1182 1188 1189
f 1189 1188 1190
f 1189 1190 1191
f 1191 1190 1192
f 1191 1192 1193
f 1193 1192 1194
f 1193 1194 1171
f 1171 1194 1195
f 1171 1195 1169
f 1196 1197 1173
f 1198 1171 1199
f 1200 1201 1202
f 1202 1201 1203
f 1202 1203 1204
f 1203 1205 1204
f 1204 1205 1206
f 1204 1206 1207
f 1207 1206 1208
f 1207 1208 1209
f 1209 1208 1210
f 1209 1210 1211
f 1211 1210 1212
f 1211 1212 1173
f 1173 1212 1213
f 1173 1213 1196
f 1197 1214 1173
f 1173 1214 1215
f 1173 1215 1171
f 1171 1215 1216
f 1171 1216 1217
f 1217 1218 1171
f 1171 1218 1219
f 1171 1219 1199
f 1199 1220 1198
f 1198 1220 1221
f 1198 1221 1222
f 1222 1221 1200
f 1222 1200 1223
f 1223 1200 1202
f 1202 1204 1224
f 1224 1204 1225
f 1176 1182 1226
f 1226 1182 1227
f 1228 1193 1229
f 1229 1193 1171
f 1229 1171 1230
f 1230 1171 1198
f 1231 1211 1232
f 1232 1211 1173
f 1232 1173 1233
f 1233 1173 1181
f 1224 1234 1235
f 1235 1234 1236
f 1235 1236 1237
f 1237 1236 1238
f 1237 1238 1230
f 1230 1238 1239
f 1230 1239 1229
f 1240 1241 1225
f 1225 1241 1242
f 1225 1242 1224
f 1224 1242 1243
f 1224 1243 1234
f 1239 1244 1229
f 1229 1244 1245
f 1229 1245 1246
f 1246 1247 1229
f 1229 1247 1248
f 1229 1248 1232
f 1248 1249 1232
f 1232 1249 1250
f 1232 1250 1251
f 1251 1252 1232
f 1232 1252 1253
f 1232 1253 1231
f 1225 1254 1240
f 1240 1254 1255
f 1240 1255 1256
f 1256 1255 1231
f 1256 1231 1257
f 1257 1231 1253
f 1258 1259 1233
f 1233 1259 1232
f 1232 1259 1260
f 1232 1260 1261
f 1262 1263 1229
f 1229 1263 1264
f 1229 1264 1228
f 1261 1265 1232
f 1232 1265 1266
f 1232 1266 1229
f 1229 1266 1267
f 1229 1267 1262
f 1264 1268 1228
f 1228 1268 1269
f 1228 1269 1270
f 1270 1269 1271
f 1270 1271 1272
f 1272 1271 1227
f 1226 1273 1274
f 1274 1273 1258
f 1274 1258 1275
f 1275 1258 1233
f 1271 1276 1227
f 1227 1276 1277
f 1227 1277 1226
f 1226 1277 1278
f 1226 1278 1273
f 1220 1239 1221
f 1221 1239 1238
f 1221 1238 1200
f 1200 1238 1236
f 1200 1236 1201
f 1201 1236 1234
f 1201 1234 1203
f 1203 1234 1243
f 1203 1243 1205
f 1205 1243 1242
f 1205 1242 1206
f 1206 1242 1241
f 1206 1241 1208
f 1208 1241 1240
f 1208 1240 1210
f 1210 1240 1256
f 1210 1256 1212
f 1212 1256 1257
f 1220 1199 1239
f 1239 1199 1244
f 1213 1253 1196
f 1196 1253 1252
f 1196 1252 1197
f 1197 1252 1251
f 1197 1251 1214
f 1214 1251 1250
f 1214 1250 1215
f 1215 1250 1249
f 1215 1249 1216
f 1216 1249 1248
f 1216 1248 1217
f 1217 1248 1247
f 1217 1247 1218
f 1218 1247 1246
f 1218 1246 1219
f 1219 1246 1245
f 1219 1245 1199
f 1199 1245 1244
f 1213 1212 1253
f 1253 1212 1257
f 1268 1194 1269
f 1269 1194 1192
f 1269 1192 1271
f 1271 1192 1190
f 1271 1190 1276
f 1276 1190 1188
f 1276 1188 1277
f 1277 1188 1187
f 1277 1187 1278
f 1278 1187 1178
f 1278 1178 1273
f 1273 1178 1177
f 1273 1177 1258
f 1258 1177 1184
f 1258 1184 1259
f 1259 1184 1183
f 1259 1183 1260
f 1260 1183 1180
f 1260 1180 1261
f 1261 1180 1179
f 1261 1179 1265
f 1265 1179 1175
f 1265 1175 1266
f 1266 1175 1174
f 1266 1174 1267
f 1267 1174 1172
f 1267 1172 1262
f 1262 1172 1170
f 1262 1170 1263
f 1263 1170 1169
f 1263 1169 1264
f 1264 1169 1195
f 1264 1195 1268
f 1268 1195 1194
f 1227 1182 1189
f 1227 1189 1272
f 1272 1189 1191
f 1272 1191 1270
f 1270 1191 1193
f 1270 1193 1228
f 1176 1226 1274
f 1176 1274 1186
f 1186 1274 1275
f 1186 1275 1185
f 1185 1275 1233
f 1185 1233 1181
f 1225 1204 1207
f 1225 1207 1254
f 1254 1207 1209
f 1254 1209 1255
f 1255 1209 1211
f 1255 1211 1231
f 1202 1224 1235
f 1202 1235 1223
f 1223 1235 1237
f 1223 1237 1222
f 1222 1237 1230
f 1222 1230 1198
f 1279 1280 1281
f 1281 1280 1282
f 1281 1282 1283
f 1283 1282 1284
f 1283 1284 1285
f 1286 1287 1288
f 1285 1289 1283
f 1283 1289 1290
f 1283 1290 1291
f 1286 1288 1292
f 1290 1293 1291
f 1291 1293 1294
f 1291 1294 1295
f 1295 1294 1287
f 1295 1287 1296
f 1296 1287 1286
f 1288 1297 1292
f 1292 1297 1298
f 1292 1298 1299
f 1299 1298 1300
f 1299 1300 1301
f 1301 1300 1302
f 1301 1302 1303
f 1303 1302 1304
f 1303 1304 1281
f 1281 1304 1305
f 1281 1305 1279
f 1306 1307 1283
f 1308 1281 1309
f 1310 1311 1312
f 1312 1311 1313
f 1312 1313 1314
f 1313 1315 1314
f 1314 1315 1316
f 1314 1316 1317
f 1317 1316 1318
f 1317 1318 1319
f 1319 1318 1320
f 1319 1320 1321
f 1321 1320 1322
f 1321 1322 1283
f 1283 1322 1323
f 1283 1323 1306
f 1307 1324 1283
f 1283 1324 1325
f 1283 1325 1281
f 1281 1325 1326
f 1281 1326 1327
f 1327 1328 1281
f 1281 1328 1329
f 1281 1329 1309
f 1309 1330 1308
f 1308 1330 1331
f 1308 1331 1332
f 1332 1331 1310
f 1332 1310 1333
f 1333 1310 1312
f 1312 1314 1334
f 1334 1314 1335
f 1286 1292 1336
f 1336 1292 1337
f 1338 1303 1339
f 1339 1303 1281
f 1339 1281 1340
f 1340 1281 1308
f 1341 1321 1342
f 1342 1321 1283
f 1342 1283 1343
f 1343 1283 1291
f 1334 1344 1345
f 1345 1344 1346
f 1345 1346 1347
f 1347 1346 1348
f 1347 1348 1340
f 1340 1348 1349
f 1340 1349 1339
f 1350 1351 1335
f 1335 1351 1352
f 1335 1352 1334
f 1334 1352 1353
f 1334 1353 1344
f 1349 1354 1339
f 1339 1354 1355
f 1339 1355 1356
f 1356 1357 1339
f 1339 1357 1358
f 1339 1358 1342
f 1358 1359 1342
f 1342 1359 1360
f 1342 1360 1361
f 1361 1362 1342
f 1342 1362 1363
f 1342 1363 1341
f 1335 1364 1350
f 1350 1364 1365
f 1350 1365 1366
f 1366 1365 1341
f 1366 1341 1367
f 1367 1341 1363
f 1368 1369 1343
f 1343 1369 1342
f 1342 1369 1370
f 1342 1370 1371
f 1372 1373 1339
f 1339 1373 1374
f 1339 1374 1338
f 1371 1375 1342
f 1342 1375 1376
f 1342 1376 1339
f 1339 1376 1377
f 1339 1377 1372
f 1374 1378 1338
f 1338 1378 1379
f 1338 1379 1380
f 1380 1379 1381
f 1380 1381 1382
f 1382 1381 1337
f 1336 1383 1384
f 1384 1383 1368
f 1384 1368 1385
f 1385 1368 1343
f 1381 1386 1337
f 1337 1386 1387
f 1337 1387 1336
f 1336 1387 1388
f 1336 1388 1383
f 1330 1349 1331
f 1331 1349 1348
f 1331 1348 1310
f 1310 1348 1346
f 1310 1346 1311
f 1311 1346 1344
f 1311 1344 1313
f 1313 1344 1353
f 1313 1353 1315
f 1315 1353 1352
f 1315 1352 1316
f 1316 1352 1351
f 1316 1351 1318
f 1318 1351 1350
f 1318 1350 1320
f 1320 1350 1366
f 1320 1366 1322
f 1322 1366 1367
f 1330 1309 1349
f 1349 1309 1354
f 1323 1363 1306
f 1306 1363 1362
f 1306 1362 1307
f 1307 1362 1361
f 1307 1361 1324
f 1324 1361 1360
f 1324 1360 1325
f 1325 1360 1359
f 1325 1359 1326
f 1326 1359 1358
f 1326 1358 1327
f 1327 1358 1357
f 1327 1357 1328
f 1328 1357 1356
f 1328 1356 1329
f 1329 1356 1355
f 1329 1355 1309
f 1309 1355 1354
f 1323 1322 1363
f 1363 1322 1367
f 1378 1304 1379
f 1379 1304 1302
f 1379 1302 1381
f 1381 1302 1300
f 1381 1300 1386
f 1386 1300 1298
f 1386 1298 1387
f 1387 1298 1297
f 1387 1297 1388
f 1388 1297 1288
f 1388 1288 1383
f 1383 1288 1287
f 1383 1287 1368
f 1368 1287 1294
f 1368 1294 1369
f 1369 1294 1293
f 1369 1293 1370
f 1370 1293 1290
f 1370 1290 1371
f 1371 1290 1289
f 1371 1289 1375
f 1375 1289 1285
f 1375 1285 1376
f 1376 1285 1284
f 1376 1284 1377
f 1377 1284 1282
f 1377 1282 1372
f 1372 1282 1280
f 1372 1280 1373
f 1373 1280 1279
f 1373 1279 1374
f 1374 1279 1305
f 1374 1305 1378
f 1378 1305 1304
f 1337 1292 1299
f 1337 1299 1382
f 1382 1299 1301
f 1382 1301 1380
f 1380 1301 1303
f 1380 1303 1338
f 1286 1336 1384
f 1286 1384 1296
f 1296 1384 1385
f 1296 1385 1295
f 1295 1385 1343
f 1295 1343 1291
f 1335 1314 1317
f 1335 1317 1364
f 1364 1317 1319
f 1364 1319 1365
f 1365 1319 1321
f 1365 1321 1341
f 1312 1334 1345
f 1312 1345 1333
f 1333 1345 1347
f 1333 1347 1332
f 1332 1347 1340
f 1332 1340 1308
f 1389 1390 1391
f 1391 1390 1392
f 1391 1392 1393
f 1393 1392 1394
f 1393 1394 1395
f 1396 1397 1398
f 1395 1399 1393
f 1393 1399 1400
f 1393 1400 1401
f 1396 1398 1402
f 1400 1403 1401
f 1401 1403 1404
f 1401 1404 1405
f 1405 1404 1397
f 1405 1397 1406
f 1406 1397 1396
f 1398 1407 1402
f 1402 1407 1408
f 1402 1408 1409
f 1409 1408 1410
f 1409 1410 1411
f 1411 1410 1412
f 1411 1412 1413
f 1413 1412 1414
f 1413 1414 1391
f 1391 1414 1415
f 1391 1415 1389
f 1416 1417 1393
f 1418 1391 1419
f 1420 1421 1422
f 1422 1421 1423
f 1422 1423 1424
f 1423 1425 1424
f 1424 1425 1426
f 1424 1426 1427
f 1427 1426 1428
f 1427 1428 1429
f 1429 1428 1430
f 1429 1430 1431
f 1431 1430 1432
f 1431 1432 1393
f 1393 1432 1433
f 1393 1433 1416
f 1417 1434 1393
f 1393 1434 1435
f 1393 1435 1391
f 1391 1435 1436
f 1391 1436 1437
f 1437 1438 1391
f 1391 1438 1439
f 1391 1439 1419
f 1419 1440 1418
f 1418 1440 1441
f 1418 1441 1442
f 1442 1441 1420
f 1442 1420 1443
f 1443 1420 1422
f 1422 1424 1444
f 1444 1424 1445
f 1396 1402 1446
f 1446 1402 1447
f 1448 1413 1449
f 1449 1413 1391
f 1449 1391 1450
f 1450 1391 1418
f 1451 1431 1452
f 1452 1431 1393
f 1452 1393 1453
f 1453 1393 1401
f 1444 1454 1455
f 1455 1454 1456
f 1455 1456 1457
f 1457 1456 1458
f 1457 1458 1450
f 1450 1458 1459
f 1450 1459 1449
f 1460 1461 1445
f 1445 1461 1462
f 1445 1462 1444
f 1444 1462 1463
f 1444 1463 1454
f 1459 1464 1449
f 1449 1464 1465
f 1449 1465 1466
f 1466 1467 1449
f 1449 1467 1468
f 1449 1468 1452
f 1468 1469 1452
f 1452 1469 1470
f 1452 1470 1471
f 1471 1472 1452
f 1452 1472 1473
f 1452 1473 1451
f 1445 1474 1460
f 1460 1474 1475
f 1460 1475 1476
f 1476 1475 1451
f 1476 1451 1477
f 1477 1451 1473
f 1478 1479 1453
f 1453 1479 1452
f 1452 1479 1480
f 1452 1480 1481
f 1482 1483 1449
f 1449 1483 1484
f 1449 1484 1448
f 1481 1485 1452
f 1452 1485 1486
f 1452 1486 1449
f 1449 1486 1487
f 1449 1487 1482
f 1484 1488 1448
f 1448 1488 1489
f 1448 1489 1490
f 1490 1489 1491
f 1490 1491 1492
f 1492 1491 1447
f 1446 1493 1494
f 1494 1493 1478
f 1494 1478 1495
f 1495 1478 1453
f 1491 1496 1447
f 1447 1496 1497
f 1447 1497 1446
f 1446 1497 1498
f 1446 1498 1493
f 1440 1459 1441
f 1441 1459 1458
f 1441 1458 1420
f 1420 1458 1456
f 1420 1456 1421
f 1421 1456 1454
f 1421 1454 1423
f 1423 1454 1463
f 1423 1463 1425
f 1425 1463 1462
f 1425 1462 1426
f 1426 1462 1461
f 1426 1461 1428
f 1428 1461 1460
f 1428 1460 1430
f 1430 1460 1476
f 1430 1476 1432
f 1432 1476 1477
f 1440 1419 1459
f 1459 1419 1464
f 1433 1473 1416
f 1416 1473 1472
f 1416 1472 1417
f 1417 1472 1471
f 1417 1471 1434
f 1434 1471 1470
f 1434 1470 1435
f 1435 1470 1469
f 1435 1469 1436
f 1436 1469 1468
f 1436 1468 1437
f 1437 1468 1467
f 1437 1467 1438
f 1438 1467 1466
f 1438 1466 1439
f 1439 1466 1465
f 1439 1465 1419
f 1419 1465 1464
f 1433 1432 1473
f 1473 1432 1477
f 1488 1414 1489
f 1489 1414 1412
f 1489 1412 1491
f 1491 1412 1410
f 1491 1410 1496
f 1496 1410 1408
f 1496 1408 1497
f 1497 1408 1407
f 1497 1407 1498
f 1498 1407 1398
f 1498 1398 1493
f 1493 1398 1397
f 1493 1397 1478
f 1478 1397 1404
f 1478 1404 1479
f 1479 1404 1403
f 1479 1403 1480
f 1480 1403 1400
f 1480 1400 1481
f 1481 1400 1399
f 1481 1399 1485
f 1485 1399 1395
f 1485 1395 1486
f 1486 1395 1394
f 1486 1394 1487
f 1487 1394 1392
f 1487 1392 1482
f 1482 1392 1390
f 1482 1390 1483
f 1483 1390 1389
f 1483 1389 1484
f 1484 1389 1415
f 1484 1415 1488
f 1488 1415 1414
f 1447 1402 1409
f 1447 1409 1492
f 1492 1409 1411
f 1492 1411 1490
f 1490 1411 1413
f 1490 1413 1448
f 1396 1446 1494
f 1396 1494 1406
f 1406 1494 1495
f 1406 1495 1405
f 1405 1495 1453
f 1405 1453 1401
f 1445 1424 1427
f 1445 1427 1474
f 1474 1427 1429
f 1474 1429 1475
f 1475 1429 1431
f 1475 1431 1451
f 1422 1444 1455
f 1422 1455 1443
f 1443 1455 1457
f 1443 1457 1442
f 1442 1457 1450
f 1442 1450 1418
f 1499 1500 1501
f 1501 1500 1502
f 1501 1502 1503
f 1503 1502 1504
f 1503 1504 1505
f 1506 1507 1508
f 1505 1509 1503
f 1503 1509 1510
f 1503 1510 1511
f 1506 1508 1512
f 1510 1513 1511
f 1511 1513 1514
f 1511 1514 1515
f 1515 1514 1507
f 1515 1507 1516
f 1516 1507 1506
f 1508 1517 1512
f 1512 1517 1518
f 1512 1518 1519
f 1519 1518 1520
f 1519 1520 1521
f 1521 1520 1522
f 1521 1522 1523
f 1523 1522 1524
f 1523 1524 1501
f 1501 1524 1525
f 1501 1525 1499
f 1526 1527 1503
f 1528 1501 1529
f 1530 1531 1532
f 1532 1531 1533
f 1532 1533 1534
f 1533 1535 1534
f 1534 1535 1536
f 1534 1536 1537
f 1537 1536 1538
f 1537 1538 1539
f 1539 1538 1540
f 1539 1540 1541
f 1541 1540 1542
f 1541 1542 1503
f 1503 1542 1543
f 1503 1543 1526
f 1527 1544 1503
f 1503 1544 1545
f 1503 1545 1501
f 1501 1545 1546
f 1501 1546 1547
f 1547 1548 1501
f 1501 1548 1549
f 1501 1549 1529
f 1529 1550 1528
f 1528 1550 1551
f 1528 1551 1552
f 1552 1551 1530
f 1552 1530 1553
f 1553 1530 1532
f 1532 1534 1554
f 1554 1534 1555
f 1506 1512 1556
f 1556 1512 1557
f 1558 1523 1559
f 1559 1523 1501
f 1559 1501 1560
f 1560 1501 1528
f 1561 1541 1562
f 1562 1541 1503
f 1562 1503 1563
f 1563 1503 1511
f 1554 1564 1565
f 1565 1564 1566
f 1565 1566 1567
f 1567 1566 1568
f 1567 1568 1560
f 1560 1568 1569
f 1560 1569 1559
f 1570 1571 1555
f 1555 1571 1572
f 1555 1572 1554
f 1554 1572 1573
f 1554 1573 1564
f 1569 1574 1559
f 1559 1574 1575
f 1559 1575 1576
f 1576 1577 1559
f 1559 1577 1578
f 1559 1578 1562
f 1578 1579 1562
f 1562 1579 1580
f 1562 1580 1581
f 1581 1582 1562
f 1562 1582 1583
f 1562 1583 1561
f 1555 1584 1570
f 1570 1584 1585
f 1570 1585 1586
f 1586 1585 1561
f 1586 1561 1587
f 1587 1561 1583
f 1588 1589 1563
f 1563 1589 1562
f 1562 1589 1590
f 1562 1590 1591
f 1592 1593 1559
f 1559 1593 1594
f 1559 1594 1558
f 1591 1595 1562
f 1562 1595 1596
f 1562 1596 1559
f 1559 1596 1597
f 1559 1597 1592
f 1594 1598 1558
f 1558 1598 1599
f 1558 1599 1600
f 1600 1599 1601
f 1600 1601 1602
f 1602 1601 1557
f 1556 1603 1604
f 1604 1603 1588
f 1604 1588 1605
f 1605 1588 1563
f 1601 1606 1557
f 1557 1606 1607
f 1557 1607 1556
f 1556 1607 1608
f 1556 1608 1603
f 1550 1569 1551
f 1551 1569 1568
f 1551 1568 1530
f 1530 1568 1566
f 1530 1566 1531
f 1531 1566 1564
f 1531 1564 1533
f 1533 1564 1573
f 1533 1573 1535
f 1535 1573 1572
f 1535 1572 1536
f 1536 1572 1571
f 1536 1571 1538
f 1538 1571 1570
f 1538 1570 1540
f 1540 1570 1586
f 1540 1586 1542
f 1542 1586 1587
f 1550 1529 1569
f 1569 1529 1574
f 1543 1583 1526
f 1526 1583 1582
f 1526 1582 1527
f 1527 1582 1581
f 1527 1581 1544
f 1544 1581 1580
f 1544 1580 1545
f 1545 1580 1579
f 1545 1579 1546
f 1546 1579 1578
f 1546 1578 1547
f 1547 1578 1577
f 1547 1577 1548
f 1548 1577 1576
f 1548 1576 1549
f 1549 1576 1575
f 1549 1575 1529
f 1529 1575 1574
f 1543 1542 1583
f 1583 1542 1587
f 1598 1524 1599
f 1599 1524 1522
f 1599 1522 1601
f 1601 1522 1520
f 1601 1520 1606
f 1606 1520 1518
f 1606 1518 1607
f 1607 1518 1517
f 1607 1517 1608
f 1608 1517 1508
f 1608 1508 1603
f 1603 1508 1507
f 1603 1507 1588
f 1588 1507 1514
f 1588 1514 1589
f 1589 1514 1513
f 1589 1513 1590
f 1590 1513 1510
f 1590 1510 1591
f 1591 1510 1509
f 1591 1509 1595
f 1595 1509 1505
f 1595 1505 1596
f 1596 1505 1504
f 1596 1504 1597
f 1597 1504 1502
f 1597 1502 1592
f 1592 1502 1500
f 1592 1500 1593
f 1593 1500 1499
f 1593 1499 1594
f 1594 1499 1525
f 1594 1525 1598
f 1598 1525 1524
f 1557 1512 1519
f 1557 1519 1602
f 1602 1519 1521
f 1602 1521 1600
f 1600 1521 1523
f 1600 1523 1558
f 1506 1556 1604
f 1506 1604 1516
f 1516 1604 1605
f 1516 1605 1515
f 1515 1605 1563
f 1515 1563 1511
f 1555 1534 1537
f 1555 1537 1584
f 1584 1537 1539
f 1584 1539 1585
f 1585 1539 1541
f 1585 1541 1561
f 1532 1554 1565
f 1532 1565 1553
f 1553 1565 1567
f 1553 1567 1552
f 1552 1567 1560
f 1552 1560 1528
f 1609 1610 1611
f 1611 1610 1612
f 1611 1612 1613
f 1613 1612 1614
f 1613 1614 1615
f 1616 1617 1618
f 1615 1619 1613
f 1613 1619 1620
f 1613 1620 1621
f 1616 1618 1622
f 1620 1623 1621
f 1621 1623 1624
f 1621 1624 1625
f 1625 1624 1617
f 1625 1617 1626
f 1626 1617 1616
f 1618 1627 1622
f 1622 1627 1628
f 1622 1628 1629
f 1629 1628 1630
f 1629 1630 1631
f 1631 1630 1632
f 1631 1632 1633
f 1633 1632 1634
f 1633 1634 1611
f 1611 1634 1635
f 1611 1635 1609
f 1636 1637 1613
f 1638 1611 1639
f 1640 1641 1642
f 1642 1641 1643
f 1642 1643 1644
f 1643 1645 1644
f 1644 1645 1646
f 1644 1646 1647
f 1647 1646 1648
f 1647 1648 1649
f 1649 1648 1650
f 1649 1650 1651
f 1651 1650 1652
f 1651 1652 1613
f 1613 1652 1653
f 1613 1653 1636
f 1637 1654 1613
f 1613 1654 1655
f 1613 1655 1611
f 1611 1655 1656
f 1611 1656 1657
f 1657 1658 1611
f 1611 1658 1659
f 1611 1659 1639
f 1639 1660 1638
f 1638 1660 1661
f 1638 1661 1662
f 1662 1661 1640
f 1662 1640 1663
f 1663 1640 1642
f 1642 1644 1664
f 1664 1644 1665
f 1616 1622 1666
f 1666 1622 1667
f 1668 1633 1669
f 1669 1633 1611
f 1669 1611 1670
f 1670 1611 1638
f 1671 1651 1672
f 1672 1651 1613
f 1672 1613 1673
f 1673 1613 1621
f 1664 1674 1675
f 1675 1674 1676
f 1675 1676 1677
f 1677 1676 1678
f 1677 1678 1670
f 1670 1678 1679
f 1670 1679 1669
f 1680 1681 1665
f 1665 1681 1682
f 1665 1682 1664
f 1664 1682 1683
f 1664 1683 1674
f 1679 1684 1669
f 1669 1684 1685
f 1669 1685 1686
f 1686 1687 1669
f 1669 1687 1688
f 1669 1688 1672
f 1688 1689 1672
f 1672 1689 1690
f 1672 1690 1691
f 1691 1692 1672
f 1672 1692 1693
f 1672 1693 1671
f 1665 1694 1680
f 1680 1694 1695
f 1680 1695 1696
f 1696 1695 1671
f 1696 1671 1697
f 1697 1671 1693
f 1698 1699 1673
f 1673 1699 1672
f 1672 1699 1700
f 1672 1700 1701
f 1702 1703 1669
f 1669 1703 1704
f 1669 1704 1668
f 1701 1705 1672
f 1672 1705 1706
f 1672 1706 1669
f 1669 1706 1707
f 1669 1707 1702
f 1704 1708 1668
f 1668 1708 1709
f 1668 1709 1710
f 1710 1709 1711
f 1710 1711 1712
f 1712 1711 1667
f 1666 1713 1714
f 1714 1713 1698
f 1714 1698 1715
f 1715 1698 1673
f 1711 1716 1667
f 1667 1716 1717
f 1667 1717 1666
f 1666 1717 1718
f 1666 1718 1713
f 1660 1679 1661
f 1661 1679 1678
f 1661 1678 1640
f 1640 1678 1676
f 1640 1676 1641
f 1641 1676 1674
f 1641 1674 1643
f 1643 1674 1683
f 1643 1683 1645
f 1645 1683 1682
f 1645 1682 1646
f 1646 1682 1681
f 1646 1681 1648
f 1648 1681 1680
f 1648 1680 1650
f 1650 1680 1696
f 1650 1696 1652
f 1652 1696 1697
f 1660 1639 1679
f 1679 1639 1684
f 1653 1693 1636
f 1636 1693 1692
f 1636 1692 1637
f 1637 1692 1691
f 1637 1691 1654
f 1654 1691 1690
f 1654 1690 1655
f 1655 1690 1689
f 1655 1689 1656
f 1656 1689 1688
f 1656 1688 1657
f 1657 1688 1687
f 1657 1687 1658
f 1658 1687 1686
f 1658 1686 1659
f 1659 1686 1685
f 1659 1685 1639
f 1639 1685 1684
f 1653 1652 1693
f 1693 1652 1697
f 1708 1634 1709
f 1709 1634 1632
f 1709 1632 1711
f 1711 1632 1630
f 1711 1630 1716
f 1716 1630 1628
f 1716 1628 1717
f 1717 1628 1627
f 1717 1627 1718
f 1718 1627 1618
f 1718 1618 1713
f 1713 1618 1617
f 1713 1617 1698
f 1698 1617 1624
f 1698 1624 1699
f 1699 1624 1623
f 1699 1623 1700
f 1700 1623 1620
f 1700 1620 1701
f 1701 1620 1619
f 1701 1619 1705
f 1705 1619 1615
f 1705 1615 1706
f 1706 1615 1614
f 1706 1614 1707
f 1707 1614 1612
f 1707 1612 1702
f 1702 1612 1610
f 1702 1610 1703
f 1703 1610 1609
f 1703 1609 1704
f 1704 1609 1635
f 1704 1635 1708
f 1708 1635 1634
f 1667 1622 1629
f 1667 1629 1712
f 1712 1629 1631
f 1712 1631 1710
f 1710 1631 1633
f 1710 1633 1668
f 1616 1666 1714
f 1616 1714 1626
f 1626 1714 1715
f 1626 1715 1625
f 1625 1715 1673
f 1625 1673 1621
f 1665 1644 1647
f 1665 1647 1694
f 1694 1647 1649
f 1694 1649 1695
f 1695 1649 1651
f 1695 1651 1671
f 1642 1664 1675
f 1642 1675 1663
f 1663 1675 1677
f 1663 1677 1662
f 1662 1677 1670
f 1662 1670 1638
f 1719 1720 1721
f 1721 1720 1722
f 1721 1722 1723
f 1723 1722 1724
f 1723 1724 1725
f 1726 1727 1728
f 1725 1729 1723
f 1723 1729 1730
f 1723 1730 1731
f 1726 1728 1732
f 1730 1733 1731
f 1731 1733 1734
f 1731 1734 1735
f 1735 1734 1727
f 1735 1727 1736
f 1736 1727 1726
f 1728 1737 1732
f 1732 1737 1738
f 1732 1738 1739
f 1739 1738 1740
f 1739 1740 1741
f 1741 1740 1742
f 1741 1742 1743
f 1743 1742 1744
f 1743 1744 1721
f 1721 1744 1745
f 1721 1745 1719
f 1746 1747 1723
f 1748 1721 1749
f 1750 1751 1752
f 1752 1751 1753
f 1752 1753 1754
f 1753 1755 1754
f 1754 1755 1756
f 1754 1756 1757
f 1757 1756 1758
f 1757 1758 1759
f 1759 1758 1760
f 1759 1760 1761
f 1761 1760 1762
f 1761 1762 1723
f 1723 1762 1763
f 1723 1763 1746
f 1747 1764 1723
f 1723 1764 1765
f 1723 1765 1721
f 1721 1765 1766
f 1721 1766 1767
f 1767 1768 1721
f 1721 1768 1769
f 1721 1769 1749
f 1749 1770 1748
f 1748 1770 1771
f 1748 1771 1772
f 1772 1771 1750
f 1772 1750 1773
f 1773 1750 1752
f 1752 1754 1774
f 1774 1754 1775
f 1726 1732 1776
f 1776 1732 1777
f 1778 1743 1779
f 1779 1743 1721
f 1779 1721 1780
f 1780 1721 1748
f 1781 1761 1782
f 1782 1761 1723
f 1782 1723 1783
f 1783 1723 1731
f 1774 1784 1785
f 1785 1784 1786
f 1785 1786 1787
f 1787 1786 1788
f 1787 1788 1780
f 1780 1788 1789
f 1780 1789 1779
f 1790 1791 1775
f 1775 1791 1792
f 1775 1792 1774
f 1774 1792 1793
f 1774 1793 1784
f 1789 1794 1779
f 1779 1794 1795
f 1779 1795 1796
f 1796 1797 1779
f 1779 1797 1798
f 1779 1798 1782
f 1798 1799 1782
f 1782 1799 1800
f 1782 1800 1801
f 1801 1802 1782
f 1782 1802 1803
f 1782 1803 1781
f 1775 1804 1790
f 1790 1804 1805
f 1790 1805 1806
f 1806 1805 1781
f 1806 1781 1807
f 1807 1781 1803
f 1808 1809 1783
f 1783 1809 1782
f 1782 1809 1810
f 1782 1810 1811
f 1812 1813 1779
f 1779 1813 1814
f 1779 1814 1778
f 1811 1815 1782
f 1782 1815 1816
f 1782 1816 1779
f 1779 1816 1817
f 1779 1817 1812
f 1814 1818 1778
f 1778 1818 1819
f 1778 1819 1820
f 1820 1819 1821
f 1820 1821 1822
f 1822 1821 1777
f 1776 1823 1824
f 1824 1823 1808
f 1824 1808 1825
f 1825 1808 1783
f 1821 1826 1777
f 1777 1826 1827
f 1777 1827 1776
f 1776 1827 1828
f 1776 1828 1823
f 1770 1789 1771
f 1771 1789 1788
f 1771 1788 1750
f 1750 1788 1786
f 1750 1786 1751
f 1751 1786 1784
f 1751 1784 1753
f 1753 1784 1793
f 1753 1793 1755
f 1755 1793 1792
f 1755 1792 1756
f 1756 1792 1791
f 1756 1791 1758
f 1758 1791 1790
f 1758 1790 1760
f 1760 1790 1806
f 1760 1806 1762
f 1762 1806 1807
f 1770 1749 1789
f 1789 1749 1794
f 1763 1803 1746
f 1746 1803 1802
f 1746 1802 1747
f 1747 1802 1801
f 1747 1801 1764
f 1764 1801 1800
f 1764 1800 1765
f 1765 1800 1799
f 1765 1799 1766
f 1766 1799 1798
f 1766 1798 1767
f 1767 1798 1797
f 1767 1797 1768
f 1768 1797 1796
f 1768 1796 1769
f 1769 1796 1795
f 1769 1795 1749
f 1749 1795 1794
f 1763 1762 1803
f 1803 1762 1807
f 1818 1744 1819
f 1819 1744 1742
f 1819 1742 1821
f 1821 1742 1740
f 1821 1740 1826
f 1826 1740 1738
f 1826 1738 1827
f 1827 1738 1737
f 1827 1737 1828
f 1828 1737 1728
f 1828 1728 1823
f 1823 1728 1727
f 1823 1727 1808
f 1808 1727 1734
f 1808 1734 1809
f 1809 1734 1733
f 1809 1733 1810
f 1810 1733 1730
f 1810 1730 1811
f 1811 1730 1729
f 1811 1729 1815
f 1815 1729 1725
f 1815 1725 1816
f 1816 1725 1724
f 1816 1724 1817
f 1817 1724 1722
f 1817 1722 1812
f 1812 1722 1720
f 1812 1720 1813
f 1813 1720 1719
f 1813 1719 1814
f 1814 1719 1745
f 1814 1745 1818
f 1818 1745 1744
f 1777 1732 1739
f 1777 1739 1822
f 1822 1739 1741
f 1822 1741 1820
f 1820 1741 1743
f 1820 1743 1778
f 1726 1776 1824
f 1726 1824 1736
f 1736 1824 1825
f 1736 1825 1735
f 1735 1825 1783
f 1735 1783 1731
f 1775 1754 1757
f 1775 1757 1804
f 1804 1757 1759
f 1804 1759 1805
f 1805 1759 1761
f 1805 1761 1781
f 1752 1774 1785
f 1752 1785 1773
f 1773 1785 1787
f 1773 1787 1772
f 1772 1787 1780
f 1772 1780 1748

