mtllib material.mtl
usemtl mtl_m11
v -0.04000000 -0.22499999 0.01330000
v -0.04000000 0.22499999 0.01330000
v -0.03997716 0.22499999 0.01318520
v -0.03997716 -0.22499999 0.01318520
v -0.03991213 0.22499999 0.01308787
v -0.03991213 -0.22499999 0.01308787
v -0.03981480 0.22499999 0.01302284
v -0.03981480 -0.22499999 0.01302284
v -0.03970000 0.22499999 0.01300000
v -0.03970000 -0.22499999 0.01300000
v -0.03800000 -0.22499999 0.01300000
v -0.03800000 0.22499999 0.01300000
v -0.03800000 -0.22499999 0.01600000
v -0.03800000 0.22499999 0.01600000
v -0.03706064 -0.22499999 0.01600000
v -0.03706064 0.22499999 0.01600000
v -0.03400000 -0.22499999 0.01293936
v -0.03400000 0.22499999 0.01293936
v -0.03400000 -0.22499999 0.01051962
v -0.03400000 0.22499999 0.01051962
v -0.03370000 -0.22499999 0.01000000
v -0.03370000 0.22499999 0.01000000
v -0.03400000 -0.22499999 0.00948039
v -0.03400000 0.22499999 0.00948039
v -0.03400000 -0.22499999 0.00706067
v -0.03400000 0.22499999 0.00706067
v -0.03706066 -0.22499999 0.00400000
v -0.03706066 0.22499999 0.00400000
v -0.03800000 -0.22499999 0.00400000
v -0.03800000 0.22499999 0.00400000
v -0.03800000 -0.22499999 0.00700000
v -0.03800000 0.22499999 0.00700000
v -0.03970000 -0.22499999 0.00700000
v -0.03970000 0.22499999 0.00700000
v -0.03981480 0.22499999 0.00697716
v -0.03981480 -0.22499999 0.00697716
v -0.03991213 0.22499999 0.00691213
v -0.03991213 -0.22499999 0.00691213
v -0.03997716 0.22499999 0.00681481
v -0.03997716 -0.22499999 0.00681481
v -0.04000000 0.22499999 0.00670000
v -0.04000000 -0.22499999 0.00670000
v -0.04000000 -0.22499999 -0.00670000
v -0.04000000 0.22499999 -0.00670000
v -0.03997716 0.22499999 -0.00681480
v -0.03997716 -0.22499999 -0.00681480
v -0.03991213 0.22499999 -0.00691213
v -0.03991213 -0.22499999 -0.00691213
v -0.03981480 0.22499999 -0.00697716
v -0.03981480 -0.22499999 -0.00697716
v -0.03970000 0.22499999 -0.00700000
v -0.03970000 -0.22499999 -0.00700000
v -0.03800000 -0.22499999 -0.00700000
v -0.03800000 0.22499999 -0.00700000
v -0.03800000 -0.22499999 -0.00400000
v -0.03800000 0.22499999 -0.00400000
v -0.03706066 -0.22499999 -0.00400000
v -0.03706066 0.22499999 -0.00400000
v -0.03400000 -0.22499999 -0.00706066
v -0.03400000 0.22499999 -0.00706066
v -0.03400000 -0.22499999 -0.00948039
v -0.03400000 0.22499999 -0.00948039
v -0.03370000 -0.22499999 -0.01000000
v -0.03370000 0.22499999 -0.01000000
v -0.03400000 -0.22499999 -0.01051962
v -0.03400000 0.22499999 -0.01051962
v -0.03400000 -0.22499999 -0.01293936
v -0.03400000 0.22499999 -0.01293936
v -0.03706064 -0.22499999 -0.01600000
v -0.03706064 0.22499999 -0.01600000
v -0.03800000 -0.22499999 -0.01600000
v -0.03800000 0.22499999 -0.01600000
v -0.03800000 -0.22499999 -0.01300000
v -0.03800000 0.22499999 -0.01300000
v -0.03970000 -0.22499999 -0.01300000
v -0.03970000 0.22499999 -0.01300000
v -0.03981480 0.22499999 -0.01302284
v -0.03981480 -0.22499999 -0.01302284
v -0.03991213 0.22499999 -0.01308787
v -0.03991213 -0.22499999 -0.01308787
v -0.03997716 0.22499999 -0.01318519
v -0.03997716 -0.22499999 -0.01318519
v -0.04000000 0.22499999 -0.01330000
v -0.04000000 -0.22499999 -0.01330000
v -0.04000000 -0.22499999 -0.01900000
v -0.04000000 0.22499999 -0.01900000
v -0.03986603 0.22499999 -0.01950000
v -0.03986603 -0.22499999 -0.01950000
v -0.03950000 0.22499999 -0.01986603
v -0.03950000 -0.22499999 -0.01986603
v -0.03900000 0.22499999 -0.02000000
v -0.03900000 -0.22499999 -0.02000000
v -0.03330000 -0.22499999 -0.02000000
v -0.03330000 0.22499999 -0.02000000
v -0.03318520 0.22499999 -0.01997716
v -0.03318520 -0.22499999 -0.01997716
v -0.03308787 0.22499999 -0.01991213
v -0.03308787 -0.22499999 -0.01991213
v -0.03302284 0.22499999 -0.01981480
v -0.03302284 -0.22499999 -0.01981480
v -0.03300000 0.22499999 -0.01970000
v -0.03300000 -0.22499999 -0.01970000
v -0.03300000 -0.22499999 -0.01800000
v -0.03300000 0.22499999 -0.01800000
v -0.03600000 -0.22499999 -0.01800000
v -0.03600000 0.22499999 -0.01800000
v -0.03600000 -0.22499999 -0.01706068
v -0.03600000 0.22499999 -0.01706068
v -0.03293933 -0.22499999 -0.01400000
v -0.03293933 0.22499999 -0.01400000
v -0.03051964 -0.22499999 -0.01400000
v -0.03051964 0.22499999 -0.01400000
v -0.03000000 -0.22499999 -0.01369999
v -0.03000000 0.22499999 -0.01369999
v -0.02948036 -0.22499999 -0.01400000
v -0.02948036 0.22499999 -0.01400000
v -0.02706065 -0.22499999 -0.01400000
v -0.02706065 0.22499999 -0.01400000
v -0.02400000 -0.22499999 -0.01706066
v -0.02400000 0.22499999 -0.01706066
v -0.02400000 -0.22499999 -0.01800000
v -0.02400000 0.22499999 -0.01800000
v -0.02700000 -0.22499999 -0.01800000
v -0.02700000 0.22499999 -0.01800000
v -0.02700000 -0.22499999 -0.01970000
v -0.02700000 0.22499999 -0.01970000
v -0.02697716 0.22499999 -0.01981480
v -0.02697716 -0.22499999 -0.01981480
v -0.02691213 0.22499999 -0.01991213
v -0.02691213 -0.22499999 -0.01991213
v -0.02681481 0.22499999 -0.01997716
v -0.02681481 -0.22499999 -0.01997716
v -0.02670000 0.22499999 -0.02000000
v -0.02670000 -0.22499999 -0.02000000
v -0.02100000 -0.22499999 -0.02000000
v -0.02100000 0.22499999 -0.02000000
v -0.02050000 0.22499999 -0.01986603
v -0.02050000 -0.22499999 -0.01986603
v -0.02013397 0.22499999 -0.01950000
v -0.02013397 -0.22499999 -0.01950000
v -0.02000000 0.22499999 -0.01900000
v -0.02000000 -0.22499999 -0.01900000
v -0.02000000 -0.22499999 -0.01330000
v -0.02000000 0.22499999 -0.01330000
v -0.02002284 0.22499999 -0.01318519
v -0.02002284 -0.22499999 -0.01318519
v -0.02008787 0.22499999 -0.01308787
v -0.02008787 -0.22499999 -0.01308787
v -0.02018519 0.22499999 -0.01302284
v -0.02018519 -0.22499999 -0.01302284
v -0.02030000 0.22499999 -0.01300000
v -0.02030000 -0.22499999 -0.01300000
v -0.02200000 -0.22499999 -0.01300000
v -0.02200000 0.22499999 -0.01300000
v -0.02200000 -0.22499999 -0.01600000
v -0.02200000 0.22499999 -0.01600000
v -0.02293934 -0.22499999 -0.01600000
v -0.02293934 0.22499999 -0.01600000
v -0.02600000 -0.22499999 -0.01293934
v -0.02600000 0.22499999 -0.01293934
v -0.02600000 -0.22499999 -0.01051962
v -0.02600000 0.22499999 -0.01051962
v -0.02630000 -0.22499999 -0.01000000
v -0.02630000 0.22499999 -0.01000000
v -0.02600000 -0.22499999 -0.00948039
v -0.02600000 0.22499999 -0.00948039
v -0.02600000 -0.22499999 -0.00706068
v -0.02600000 0.22499999 -0.00706068
v -0.02293932 -0.22499999 -0.00400000
v -0.02293932 0.22499999 -0.00400000
v -0.02200000 -0.22499999 -0.00400000
v -0.02200000 0.22499999 -0.00400000
v -0.02200000 -0.22499999 -0.00700000
v -0.02200000 0.22499999 -0.00700000
v -0.02030000 -0.22499999 -0.00700000
v -0.02030000 0.22499999 -0.00700000
v -0.02018519 0.22499999 -0.00697716
v -0.02018519 -0.22499999 -0.00697716
v -0.02008787 0.22499999 -0.00691213
v -0.02008787 -0.22499999 -0.00691213
v -0.02002284 0.22499999 -0.00681480
v -0.02002284 -0.22499999 -0.00681480
v -0.02000000 0.22499999 -0.00670000
v -0.02000000 -0.22499999 -0.00670000
v -0.02000000 -0.22499999 0.00670000
v -0.02000000 0.22499999 0.00670000
v -0.02002284 0.22499999 0.00681481
v -0.02002284 -0.22499999 0.00681481
v -0.02008787 0.22499999 0.00691213
v -0.02008787 -0.22499999 0.00691213
v -0.02018519 0.22499999 0.00697716
v -0.02018519 -0.22499999 0.00697716
v -0.02030000 0.22499999 0.00700000
v -0.02030000 -0.22499999 0.00700000
v -0.02200000 -0.22499999 0.00700000
v -0.02200000 0.22499999 0.00700000
v -0.02200000 -0.22499999 0.00400000
v -0.02200000 0.22499999 0.00400000
v -0.02293932 -0.22499999 0.00400000
v -0.02293932 0.22499999 0.00400000
v -0.02600000 -0.22499999 0.00706068
v -0.02600000 0.22499999 0.00706068
v -0.02600000 -0.22499999 0.00948039
v -0.02600000 0.22499999 0.00948039
v -0.02630000 -0.22499999 0.01000000
v -0.02630000 0.22499999 0.01000000
v -0.02600000 -0.22499999 0.01051962
v -0.02600000 0.22499999 0.01051962
v -0.02600000 -0.22499999 0.01293934
v -0.02600000 0.22499999 0.01293934
v -0.02293934 -0.22499999 0.01600000
v -0.02293934 0.22499999 0.01600000
v -0.02200000 -0.22499999 0.01600000
v -0.02200000 0.22499999 0.01600000
v -0.02200000 -0.22499999 0.01300000
v -0.02200000 0.22499999 0.01300000
v -0.02030000 -0.22499999 0.01300000
v -0.02030000 0.22499999 0.01300000
v -0.02018519 0.22499999 0.01302284
v -0.02018519 -0.22499999 0.01302284
v -0.02008787 0.22499999 0.01308787
v -0.02008787 -0.22499999 0.01308787
v -0.02002284 0.22499999 0.01318520
v -0.02002284 -0.22499999 0.01318520
v -0.02000000 0.22499999 0.01330000
v -0.02000000 -0.22499999 0.01330000
v -0.02000000 -0.22499999 0.01900000
v -0.02000000 0.22499999 0.01900000
v -0.02007612 0.22499999 0.01938268
v -0.02007612 -0.22499999 0.01938268
v -0.02029289 0.22499999 0.01970711
v -0.02029289 -0.22499999 0.01970711
v -0.02061732 0.22499999 0.01992388
v -0.02061732 -0.22499999 0.01992388
v -0.02100000 0.22499999 0.02000000
v -0.02100000 -0.22499999 0.02000000
v -0.02670000 -0.22499999 0.02000000
v -0.02670000 0.22499999 0.02000000
v -0.02681481 0.22499999 0.01997716
v -0.02681481 -0.22499999 0.01997716
v -0.02691213 0.22499999 0.01991213
v -0.02691213 -0.22499999 0.01991213
v -0.02697716 0.22499999 0.01981480
v -0.02697716 -0.22499999 0.01981480
v -0.02700000 0.22499999 0.01970000
v -0.02700000 -0.22499999 0.01970000
v -0.02700000 -0.22499999 0.01800000
v -0.02700000 0.22499999 0.01800000
v -0.02400000 -0.22499999 0.01800000
v -0.02400000 0.22499999 0.01800000
v -0.02400000 -0.22499999 0.01706066
v -0.02400000 0.22499999 0.01706066
v -0.02706066 -0.22499999 0.01400000
v -0.02706066 0.22499999 0.01400000
v -0.02948038 -0.22499999 0.01400000
v -0.02948038 0.22499999 0.01400000
v -0.03000000 -0.22499999 0.01370000
v -0.03000000 0.22499999 0.01370000
v -0.03051962 -0.22499999 0.01400000
v -0.03051962 0.22499999 0.01400000
v -0.03293932 -0.22499999 0.01400000
v -0.03293932 0.22499999 0.01400000
v -0.03600000 -0.22499999 0.01706068
v -0.03600000 0.22499999 0.01706068
v -0.03600000 -0.22499999 0.01800000
v -0.03600000 0.22499999 0.01800000
v -0.03300000 -0.22499999 0.01800000
v -0.03300000 0.22499999 0.01800000
v -0.03300000 -0.22499999 0.01970000
v -0.03300000 0.22499999 0.01970000
v -0.03302284 0.22499999 0.01981480
v -0.03302284 -0.22499999 0.01981480
v -0.03308787 0.22499999 0.01991213
v -0.03308787 -0.22499999 0.01991213
v -0.03318520 0.22499999 0.01997716
v -0.03318520 -0.22499999 0.01997716
v -0.03330000 0.22499999 0.02000000
v -0.03330000 -0.22499999 0.02000000
v -0.03900000 -0.22499999 0.02000000
v -0.03900000 0.22499999 0.02000000
v -0.03938268 0.22499999 0.01992388
v -0.03938268 -0.22499999 0.01992388
v -0.03970711 0.22499999 0.01970711
v -0.03970711 -0.22499999 0.01970711
v -0.03992388 0.22499999 0.01938268
v -0.03992388 -0.22499999 0.01938268
v -0.04000000 0.22499999 0.01900000
v -0.04000000 -0.22499999 0.01900000
v -0.03791213 -0.22499999 -0.00191213
v -0.03797716 -0.22499999 -0.00181480
v -0.02293640 -0.22499999 -0.00200000
v -0.02305121 -0.22499999 -0.00202282
v -0.02314853 -0.22499999 -0.00208786
v -0.03694880 -0.22499999 -0.00202282
v -0.03706360 -0.22499999 -0.00200000
v -0.03770000 -0.22499999 -0.00200000
v -0.03781480 -0.22499999 -0.00197716
v -0.03706361 -0.22499999 0.00200000
v -0.03694880 -0.22499999 0.00202282
v -0.03685148 -0.22499999 0.00208786
v -0.02208787 -0.22499999 -0.00191213
v -0.02218520 -0.22499999 -0.00197716
v -0.02230000 -0.22499999 -0.00200000
v -0.03685148 -0.22499999 -0.00208786
v -0.03293934 -0.22499999 -0.00600000
v -0.02895000 -0.22499999 0.01181865
v -0.02790000 -0.22499999 -0.01000000
v -0.02818135 -0.22499999 -0.01105000
v -0.02895000 -0.22499999 -0.01181865
v -0.03181865 -0.22499999 -0.01105000
v -0.03105000 -0.22499999 -0.01181865
v -0.03000000 -0.22499999 -0.01210000
v -0.03210000 -0.22499999 -0.01000000
v -0.03181865 -0.22499999 -0.00895000
v -0.03791213 -0.22499999 0.00191213
v -0.03781480 -0.22499999 0.00197716
v -0.03770000 -0.22499999 0.00200000
v -0.03105000 -0.22499999 -0.00818135
v -0.03000000 -0.22499999 -0.00790000
v -0.02706067 -0.22499999 -0.00600000
v -0.02895000 -0.22499999 -0.00818135
v -0.02230000 -0.22499999 0.00200000
v -0.02218520 -0.22499999 0.00197716
v -0.02208787 -0.22499999 0.00191213
v -0.03800000 -0.22499999 -0.00170000
v -0.03800000 -0.22499999 0.00170000
v -0.03797716 -0.22499999 0.00181481
v -0.02818135 -0.22499999 -0.00895000
v -0.02293639 -0.22499999 0.00200000
v -0.02305120 -0.22499999 0.00202282
v -0.03293933 -0.22499999 0.00600000
v -0.02706067 -0.22499999 0.00600000
v -0.02314852 -0.22499999 0.00208786
v -0.03105000 -0.22499999 0.01181865
v -0.03000000 -0.22499999 0.01210000
v -0.02202284 -0.22499999 0.00181481
v -0.02200000 -0.22499999 0.00170000
v -0.02200000 -0.22499999 -0.00170000
v -0.02202284 -0.22499999 -0.00181480
v -0.03000000 -0.22499999 0.00790000
v -0.03105000 -0.22499999 0.00818135
v -0.03181865 -0.22499999 0.00895000
v -0.02818135 -0.22499999 0.01105000
v -0.02790000 -0.22499999 0.01000000
v -0.02818135 -0.22499999 0.00895000
v -0.02895000 -0.22499999 0.00818135
v -0.03181865 -0.22499999 0.01105000
v -0.03210000 -0.22499999 0.01000000
v -0.02208787 0.22499999 -0.00191213
v -0.02202284 0.22499999 -0.00181480
v -0.03706360 0.22499999 -0.00200000
v -0.03694880 0.22499999 -0.00202282
v -0.03685148 0.22499999 -0.00208786
v -0.02305121 0.22499999 -0.00202282
v -0.02293640 0.22499999 -0.00200000
v -0.02230000 0.22499999 -0.00200000
v -0.02218520 0.22499999 -0.00197716
v -0.03105000 0.22499999 0.01181865
v -0.03781480 0.22499999 0.00197716
v -0.03791213 0.22499999 0.00191213
v -0.03791213 0.22499999 -0.00191213
v -0.03781480 0.22499999 -0.00197716
v -0.03770000 0.22499999 -0.00200000
v -0.03685148 0.22499999 0.00208786
v -0.03694880 0.22499999 0.00202282
v -0.03706361 0.22499999 0.00200000
v -0.03770000 0.22499999 0.00200000
v -0.02314852 0.22499999 0.00208786
v -0.02706067 0.22499999 0.00600000
v -0.03293933 0.22499999 0.00600000
v -0.02818135 0.22499999 -0.01105000
v -0.02895000 0.22499999 -0.01181865
v -0.03000000 0.22499999 -0.01210000
v -0.03105000 0.22499999 -0.01181865
v -0.02314853 0.22499999 -0.00208786
v -0.02706067 0.22499999 -0.00600000
v -0.03797716 0.22499999 0.00181481
v -0.03800000 0.22499999 0.00170000
v -0.03800000 0.22499999 -0.00170000
v -0.03797716 0.22499999 -0.00181480
v -0.02200000 0.22499999 -0.00170000
v -0.02200000 0.22499999 0.00170000
v -0.02202284 0.22499999 0.00181481
v -0.02208787 0.22499999 0.00191213
v -0.02305120 0.22499999 0.00202282
v -0.02293639 0.22499999 0.00200000
v -0.02230000 0.22499999 0.00200000
v -0.02218520 0.22499999 0.00197716
v -0.03210000 0.22499999 -0.01000000
v -0.03181865 0.22499999 -0.01105000
v -0.03000000 0.22499999 0.01210000
v -0.02895000 0.22499999 0.01181865
v -0.02790000 0.22499999 -0.01000000
v -0.02818135 0.22499999 -0.00895000
v -0.03105000 0.22499999 -0.00818135
v -0.03293934 0.22499999 -0.00600000
v -0.03000000 0.22499999 -0.00790000
v -0.02895000 0.22499999 -0.00818135
v -0.03181865 0.22499999 -0.00895000
v -0.02895000 0.22499999 0.00818135
v -0.02818135 0.22499999 0.00895000
v -0.03000000 0.22499999 0.00790000
v -0.03181865 0.22499999 0.01105000
v -0.03210000 0.22499999 0.01000000
v -0.03181865 0.22499999 0.00895000
v -0.03105000 0.22499999 0.00818135
v -0.02818135 0.22499999 0.01105000
v -0.02790000 0.22499999 0.01000000
v -0.01560000 -0.20850000 0.02000000
v -0.01560000 -0.22148502 0.02000000
v -0.01560000 -0.22112241 0.01993472
v -0.01560000 -0.22007926 -0.01892937
v -0.01560000 -0.22029407 -0.01925711
v -0.01560000 -0.21659143 -0.01489794
v -0.01560000 -0.21950001 -0.01250450
v -0.01560000 -0.21950001 -0.01673592
v -0.01560000 -0.21916644 -0.01302709
v -0.01560000 -0.21802710 -0.01416644
v -0.01560000 -0.22143000 -0.01999850
v -0.01560000 -0.22148502 -0.02000000
v -0.01560000 -0.20850000 -0.02000000
v -0.01560000 -0.21950001 -0.00550000
v -0.01560000 -0.21659143 0.00510206
v -0.01560000 -0.21802710 0.00583356
v -0.01560000 -0.21955703 -0.01743470
v -0.01560000 -0.21972460 -0.01812618
v -0.01560000 -0.21197291 -0.00583356
v -0.01560000 -0.21083356 -0.00697291
v -0.01560000 -0.22109853 -0.01992580
v -0.01560000 -0.21500000 -0.01515000
v -0.01560000 -0.21975131 -0.01820568
v -0.01560000 -0.22000153 -0.01878796
v -0.01560000 -0.21340856 0.01489794
v -0.01560000 -0.21197291 0.01416644
v -0.01560000 -0.21083356 0.01302709
v -0.01560000 -0.21340856 0.00510206
v -0.01560000 -0.21197291 0.00583356
v -0.01560000 -0.21083356 0.00697291
v -0.01560000 -0.21950001 0.00550000
v -0.01560000 -0.21916644 0.00697291
v -0.01560000 -0.21950001 0.00749550
v -0.01560000 -0.21010207 -0.00840856
v -0.01560000 -0.20985000 -0.01000000
v -0.01560000 -0.21010207 -0.01159144
v -0.01560000 -0.21083356 -0.01302709
v -0.01560000 -0.22078212 0.01975157
v -0.01560000 -0.22072436 0.01970815
v -0.01560000 -0.22071809 0.01970321
v -0.01560000 -0.21500000 0.01515000
v -0.01560000 -0.22036539 0.01934895
v -0.01560000 -0.21659143 0.01489794
v -0.01560000 -0.22021206 0.01914168
v -0.01560000 -0.21989463 0.01856748
v -0.01560000 -0.21950001 -0.00749550
v -0.01560000 -0.21916644 -0.00697291
v -0.01560000 -0.21802710 -0.00583356
v -0.01560000 -0.21659143 -0.00510206
v -0.01560000 -0.21500000 0.00485000
v -0.01560000 -0.21500000 -0.00485000
v -0.01560000 -0.21340856 -0.00510206
v -0.01560000 -0.21197291 -0.01416644
v -0.01560000 -0.21340856 -0.01489794
v -0.01560000 -0.21950001 0.01250450
v -0.01560000 -0.21916644 0.01302709
v -0.01560000 -0.21950001 0.01673592
v -0.01560000 -0.21802710 0.01416644
v -0.01560000 -0.21953380 0.01727255
v -0.01560000 -0.21967275 0.01795592
v -0.01560000 -0.22062597 -0.01962545
v -0.01560000 -0.22069231 -0.01968243
v -0.01560000 -0.22102205 -0.01989329
v -0.01560000 -0.21010207 0.01159144
v -0.01560000 -0.20985000 0.01000000
v -0.01560000 -0.21010207 0.00840856
v -0.01423675 -0.21951190 0.01552118
v -0.01222544 -0.21952945 0.01427957
v -0.01000976 -0.21954879 0.01345629
v -0.00712173 -0.21957399 0.01236667
v 0.00462235 -0.21967648 0.01215709
v 0.00087296 -0.21964376 0.01222666
v 0.00353373 -0.21966697 0.01251542
v 0.00109905 -0.21964572 0.01295493
v -0.00767569 -0.21956916 0.01308329
v -0.00706300 -0.21957450 0.01306229
v 0.00013090 -0.21963727 0.01299950
v -0.00493488 -0.21959308 0.00767058
v 0.00292916 -0.21966170 0.00781116
v 0.00000000 -0.21963614 0.00550000
v 0.00523081 -0.21968178 -0.00169959
v 0.00550000 -0.21968414 0.00000000
v 0.01300842 -0.21974966 -0.00048457
v 0.01286497 -0.21974841 0.00198529
v 0.00523081 -0.21968178 0.00169959
v 0.01225621 -0.21974310 0.00438324
v 0.01268137 -0.21974681 -0.00293687
v 0.01189566 -0.21973994 -0.00528282
v 0.00444959 -0.21967497 -0.00323282
v 0.01067975 -0.21972933 -0.00743743
v 0.01030035 -0.21972603 -0.00795375
v 0.00837671 -0.21970925 -0.00791540
v 0.01120420 -0.21973392 0.00662245
v 0.00444959 -0.21967497 0.00323282
v 0.01030035 -0.21972603 0.00795375
v 0.00323282 -0.21966435 0.00444959
v 0.00169959 -0.21965097 0.00523081
v -0.00712173 -0.21957399 -0.00763333
v 0.00000000 -0.21963614 -0.00550000
v 0.00087296 -0.21964376 -0.00777334
v 0.00169959 -0.21965097 -0.00523081
v 0.00323282 -0.21966435 -0.00444959
v -0.01328450 -0.21952021 0.00753216
v 0.00551184 -0.22167790 -0.01395061
v 0.00297012 -0.22165868 -0.01470301
v 0.00294645 -0.22089414 -0.01455281
v 0.01095272 -0.21997446 -0.00866687
v 0.01096486 -0.21993825 -0.00853843
v 0.01130343 -0.21988566 -0.00787342
v 0.01095600 -0.21989775 -0.00840795
v 0.01094345 -0.21987869 -0.00835049
v 0.01085971 -0.21981755 -0.00817962
v 0.01053588 -0.21973860 -0.00798304
v 0.01072871 -0.21977155 -0.00806228
v 0.01014034 -0.22014999 -0.01000159
v 0.01005516 -0.22030540 -0.01033379
v 0.01005486 -0.22014926 -0.01008741
v 0.00993100 -0.22014591 -0.01020519
v 0.01027112 -0.22014815 -0.00986192
v 0.01060071 -0.22012018 -0.00944659
v 0.01183037 -0.22032014 -0.00824364
v 0.01085308 -0.22005132 -0.00899664
v 0.00761810 -0.21989796 -0.01159140
v 0.00827842 -0.21998055 -0.01131018
v 0.00791610 -0.22028765 -0.01205000
v 0.00902179 -0.22007099 -0.01089864
v 0.00950458 -0.22011916 -0.01056268
v 0.00549054 -0.22026752 -0.01333009
v 0.00524800 -0.21983355 -0.01273069
v 0.00559635 -0.21970920 -0.01208467
v 0.00655947 -0.21978231 -0.01191103
v 0.00722369 -0.21985151 -0.01172782
v 0.00747022 -0.21988016 -0.01164513
v 0.00259156 -0.21965876 -0.01274260
v 0.00462235 -0.21967648 -0.01215709
v 0.00500598 -0.21968380 -0.01214114
v 0.00758753 -0.21989425 0.01160277
v 0.00697692 -0.21982430 0.01180239
v 0.00618176 -0.21984158 0.01230530
v 0.00602135 -0.21973699 0.01202074
v 0.00373911 -0.21982056 0.01325121
v 0.00505256 -0.21968521 0.01213807
v 0.00879162 -0.22029492 0.01142739
v 0.00858337 -0.22001883 0.01115489
v 0.00829686 -0.21998289 0.01130128
v 0.00646821 -0.22027564 0.01288455
v 0.00789968 -0.21993273 0.01148006
v 0.01079687 -0.22031157 0.00955668
v 0.01062837 -0.22011559 0.00940565
v 0.01060608 -0.22011933 0.00943874
v 0.01019600 -0.22014970 0.00994347
v 0.00975286 -0.22013721 0.01036275
v 0.00907108 -0.22007647 0.01086713
v 0.01096493 -0.21993712 0.00853461
v 0.01090148 -0.22002442 0.00886967
v 0.01241145 -0.22032496 0.00734018
v 0.01070431 -0.22010021 0.00928557
v 0.01073510 -0.21977319 0.00806632
v 0.01054667 -0.21973978 0.00798581
v 0.01085819 -0.21981680 0.00817766
v 0.01185847 -0.21989045 0.00701058
v 0.01093486 -0.21986900 0.00832210
v 0.01095591 -0.21989758 0.00840744
v 0.00013625 -0.22087190 0.01484715
v 0.00013090 -0.22163720 0.01499943
v 0.00124799 -0.22164565 0.01494799
v 0.00013813 -0.22022310 0.01441361
v 0.00124197 -0.22088066 0.01479586
v 0.00402237 -0.22090265 0.01429300
v 0.00116137 -0.21979839 0.01371731
v 0.00013625 -0.21978956 0.01376481
v 0.00286969 -0.22165792 0.01472294
v 0.00405724 -0.22166690 0.01444087
v 0.00665701 -0.22092350 0.01327262
v 0.00391067 -0.22025441 0.01387532
v 0.00121155 -0.22023201 0.01436373
v 0.00551184 -0.22167790 0.01395061
v 0.00671954 -0.22168703 0.01341073
v 0.00905053 -0.22094244 0.01177175
v 0.00796837 -0.22169648 0.01270847
v 0.00913847 -0.22170533 0.01189489
v 0.01015654 -0.22171304 0.01103833
v 0.01111634 -0.22095878 0.00984479
v 0.01122642 -0.22172113 0.00994824
v 0.01200266 -0.22172700 0.00899645
v 0.01277973 -0.22097196 0.00756155
v 0.01290778 -0.22173384 0.00764128
v 0.01344457 -0.22173791 0.00665159
v 0.01398055 -0.22098145 0.00500468
v 0.01412164 -0.22174302 0.00505759
v 0.01443369 -0.22174539 0.00408272
v 0.01467538 -0.22098695 0.00226672
v 0.01482406 -0.22174834 0.00229072
v 0.01493672 -0.22174919 0.00137636
v 0.01483911 -0.22098824 -0.00055325
v 0.01498958 -0.22174959 -0.00055911
v 0.01493672 -0.22174919 -0.00137636
v 0.01446583 -0.22098529 -0.00335321
v 0.01461221 -0.22174673 -0.00338870
v 0.01443369 -0.22174539 -0.00408272
v 0.01356901 -0.22097820 -0.00603184
v 0.01370563 -0.22173987 -0.00609556
v 0.01344457 -0.22173791 -0.00665159
v 0.01218109 -0.22096722 -0.00849221
v 0.01259027 -0.21989673 -0.00559235
v 0.01317756 -0.22033133 -0.00585523
v 0.01342178 -0.21990389 -0.00310890
v 0.01404804 -0.22033854 -0.00325501
v 0.01376788 -0.21990687 -0.00051295
v 0.01441036 -0.22034155 -0.00053705
v 0.01361607 -0.21990557 0.00210157
v 0.01425144 -0.22034024 0.00220034
v 0.01297184 -0.21990003 0.00464003
v 0.01357701 -0.22033463 0.00485813
v 0.01230265 -0.22172926 -0.00858165
v 0.01200266 -0.22172700 -0.00899645
v 0.01035223 -0.22095273 -0.01064527
v 0.01045410 -0.22171529 -0.01075694
v 0.01015654 -0.22171304 -0.01103833
v 0.00814858 -0.22093530 -0.01241305
v 0.00570178 -0.22167934 -0.01387407
v 0.00564985 -0.22091553 -0.01373150
v 0.00796837 -0.22169648 -0.01270847
v 0.00822692 -0.22169843 -0.01254264
v 0.00013625 -0.21978956 -0.01376481
v 0.00274161 -0.21981198 -0.01349204
v 0.00013813 -0.22022310 -0.01441361
v 0.00286622 -0.22024573 -0.01412762
v 0.00013625 -0.22087190 -0.01484715
v 0.00013090 -0.22163720 -0.01499943
v 0.00013090 -0.21963727 -0.01299950
v -0.01860000 -0.21500000 0.01310000
v -0.01610000 -0.21500000 0.01310000
v -0.01860000 -0.21626088 0.01283199
v -0.01610000 -0.21626088 0.01283199
v -0.01860000 -0.21730375 0.01207430
v -0.01610000 -0.21730375 0.01207430
v -0.01860000 -0.21794827 0.01095795
v -0.01610000 -0.21794827 0.01095795
v -0.01860000 -0.21808302 0.00967596
v -0.01610000 -0.21808302 0.00967596
v -0.01860000 -0.21768467 0.00845000
v -0.01610000 -0.21768467 0.00845000
v -0.01860000 -0.21682213 0.00749205
v -0.01610000 -0.21682213 0.00749205
v -0.01860000 -0.21564452 0.00696774
v -0.01610000 -0.21564452 0.00696774
v -0.01860000 -0.21435547 0.00696774
v -0.01610000 -0.21435547 0.00696774
v -0.01860000 -0.21317786 0.00749205
v -0.01610000 -0.21317786 0.00749205
v -0.01860000 -0.21231532 0.00845000
v -0.01610000 -0.21231532 0.00845000
v -0.01860000 -0.21191698 0.00967596
v -0.01610000 -0.21191698 0.00967596
v -0.01860000 -0.21205172 0.01095795
v -0.01610000 -0.21205172 0.01095795
v -0.01860000 -0.21269625 0.01207430
v -0.01610000 -0.21269625 0.01207430
v -0.01860000 -0.21373911 0.01283199
v -0.01610000 -0.21373911 0.01283199
v -0.01554900 -0.21950045 -0.01668331
v -0.01137355 -0.21953689 -0.01243704
v -0.01166791 -0.21953431 -0.01402465
v -0.01374002 -0.21951623 -0.01516192
v -0.00313197 -0.21960881 -0.01229813
v -0.00706300 -0.21957450 -0.01306229
v -0.00941308 -0.21955399 -0.01331560
v -0.01860000 -0.21500000 -0.00690000
v -0.01610000 -0.21500000 -0.00690000
v -0.01860000 -0.21626088 -0.00716801
v -0.01610000 -0.21626088 -0.00716801
v -0.01860000 -0.21730375 -0.00792569
v -0.01610000 -0.21730375 -0.00792569
v -0.01860000 -0.21794827 -0.00904205
v -0.01610000 -0.21794827 -0.00904205
v -0.01860000 -0.21808302 -0.01032404
v -0.01610000 -0.21808302 -0.01032404
v -0.01860000 -0.21768467 -0.01155000
v -0.01610000 -0.21768467 -0.01155000
v -0.01860000 -0.21682213 -0.01250795
v -0.01610000 -0.21682213 -0.01250795
v -0.01860000 -0.21564452 -0.01303226
v -0.01610000 -0.21564452 -0.01303226
v -0.01860000 -0.21435547 -0.01303226
v -0.01610000 -0.21435547 -0.01303226
v -0.01860000 -0.21317786 -0.01250795
v -0.01610000 -0.21317786 -0.01250795
v -0.01860000 -0.21231532 -0.01155000
v -0.01610000 -0.21231532 -0.01155000
v -0.01860000 -0.21191698 -0.01032404
v -0.01610000 -0.21191698 -0.01032404
v -0.01860000 -0.21205172 -0.00904205
v -0.01610000 -0.21205172 -0.00904205
v -0.01860000 -0.21269625 -0.00792569
v -0.01610000 -0.21269625 -0.00792569
v -0.01860000 -0.21373911 -0.00716801
v -0.01610000 -0.21373911 -0.00716801
v -0.01560000 -0.22441421 -0.01941421
v -0.01560000 -0.22376537 -0.01984776
v -0.01560000 -0.22300000 -0.02000000
v -0.01560000 -0.22441421 0.01941421
v -0.01560000 -0.22484776 0.01876537
v -0.01560000 -0.22499999 0.01800000
v -0.01560000 -0.22376537 0.01984776
v -0.01560000 -0.22484776 -0.01876537
v -0.01560000 -0.22499999 -0.01800000
v -0.01560000 -0.22300000 0.02000000
v -0.01712484 -0.20500000 -0.01913149
v -0.01755072 -0.20500000 -0.02000000
v -0.02000000 -0.20500000 -0.02000000
v -0.01597994 -0.20500000 -0.01732485
v -0.01669350 -0.20500000 -0.01838484
v -0.01632436 -0.20500000 0.01781685
v -0.02000000 -0.20500000 0.02000000
v -0.01684977 -0.20500000 -0.01864325
v -0.01755072 -0.20500000 0.02000000
v -0.01700844 -0.20500000 0.01891916
v -0.01665965 -0.20500000 0.01833044
v -0.01646931 -0.20500000 0.01803366
v -0.01586530 -0.20500000 0.01716463
v -0.01570137 -0.20500000 0.01692950
v -0.01567365 -0.20500000 -0.01688697
v -0.01563272 -0.20500000 0.01681900
v -0.01560652 -0.20500000 0.01676448
v -0.01560000 -0.20500000 0.01673592
v -0.01560000 -0.20500000 -0.01673592
v -0.01560837 -0.20500000 -0.01676929
v -0.01560000 -0.20698503 -0.02000000
v -0.02000000 -0.22300000 -0.02000000
v -0.01704579 -0.20511948 -0.02000000
v -0.01677050 -0.20523582 -0.02000000
v -0.01560990 -0.20680040 -0.02000000
v -0.01635178 -0.20550284 -0.02000000
v -0.01611510 -0.20572287 -0.02000000
v -0.01584153 -0.20609421 -0.02000000
v -0.01571091 -0.20637313 -0.02000000
v -0.02000000 -0.22499999 -0.01800000
v -0.02000000 -0.22499999 0.01800000
v -0.01600272 -0.20585470 0.02000000
v -0.01626736 -0.20557401 0.02000000
v -0.01560000 -0.20698503 0.02000000
v -0.01647316 -0.20541203 0.02000000
v -0.01692172 -0.20516697 0.02000000
v -0.01699337 -0.20513859 0.02000000
v -0.01712900 -0.20509188 0.02000000
v -0.02000000 -0.22300000 0.02000000
v -0.01634419 -0.20550896 0.02000000
v -0.01565553 -0.20654967 0.02000000
v -0.01570646 -0.20638524 0.02000000
v -0.01591365 -0.20597769 0.02000000
v -0.02000000 -0.22033527 -0.01315000
v -0.02000000 -0.21815000 -0.01533528
v -0.02000000 -0.21815000 -0.01950000
v -0.02000000 -0.20966472 0.01315000
v -0.02000000 -0.21185000 0.01533528
v -0.02000000 -0.21185000 0.01950000
v -0.02000000 -0.22450000 0.00685000
v -0.02000000 -0.22450000 -0.00685000
v -0.02000000 -0.22450000 -0.01315000
v -0.02000000 -0.20550001 0.01315000
v -0.02000000 -0.21815000 0.01950000
v -0.02000000 -0.21815000 0.01533528
v -0.02000000 -0.22033527 0.01315000
v -0.02000000 -0.22450000 0.01315000
v -0.02000000 -0.22441421 -0.01941421
v -0.02000000 -0.22484776 -0.01876537
v -0.02000000 -0.22376537 -0.01984776
v -0.02000000 -0.21185000 -0.01950000
v -0.02000000 -0.21185000 -0.01533528
v -0.02000000 -0.20966472 -0.01315000
v -0.02000000 -0.22441421 0.01941421
v -0.02000000 -0.22376537 0.01984776
v -0.02000000 -0.22484776 0.01876537
v -0.02000000 -0.21815000 -0.00466472
v -0.02000000 -0.22033527 -0.00685000
v -0.02000000 -0.21815000 0.00466472
v -0.02000000 -0.22033527 0.00685000
v -0.02000000 -0.20550001 -0.01315000
v -0.02000000 -0.20550001 -0.00685000
v -0.02000000 -0.20550001 0.00685000
v -0.02000000 -0.21185000 0.00466472
v -0.02000000 -0.20966472 0.00685000
v -0.02000000 -0.21185000 -0.00466472
v -0.02000000 -0.20966472 -0.00685000
v -0.00550000 -0.20750000 0.00000000
v -0.01460000 -0.20750000 0.01859108
v -0.01460000 -0.20750000 -0.01859108
v 0.00444959 -0.20750000 -0.00323282
v 0.01344457 -0.20750000 -0.00665159
v 0.00523081 -0.20750000 -0.00169959
v 0.01443369 -0.20750000 -0.00408272
v 0.00550000 -0.20750000 0.00000000
v 0.01493672 -0.20750000 -0.00137636
v 0.01493672 -0.20750000 0.00137636
v 0.00523081 -0.20750000 0.00169959
v 0.00323282 -0.20750000 -0.00444959
v 0.01015654 -0.20750000 -0.01103833
v 0.01200266 -0.20750000 -0.00899645
v 0.00000000 -0.20750000 -0.00550000
v 0.00286969 -0.20750000 -0.01472294
v 0.00169959 -0.20750000 -0.00523081
v 0.00551184 -0.20750000 -0.01395061
v 0.00796837 -0.20750000 -0.01270847
v -0.00523081 -0.20750000 0.00169959
v -0.00444959 -0.20750000 0.00323282
v -0.01438051 -0.20750000 0.01834101
v 0.00444959 -0.20750000 0.00323282
v 0.01015654 -0.20750000 0.01103833
v 0.00323282 -0.20750000 0.00444959
v 0.00796837 -0.20750000 0.01270847
v 0.00169959 -0.20750000 0.00523081
v -0.01284710 -0.20750000 -0.01696695
v -0.01106478 -0.20750000 -0.01593606
v -0.00323282 -0.20750000 -0.00444959
v -0.00910911 -0.20750000 -0.01529204
v -0.00169959 -0.20750000 -0.00523081
v -0.00706300 -0.20750000 -0.01506221
v 0.00013090 -0.20750000 -0.01499943
v -0.01438051 -0.20750000 -0.01834101
v -0.00444959 -0.20750000 -0.00323282
v -0.00523081 -0.20750000 -0.00169959
v 0.01443369 -0.20750000 0.00408272
v 0.01344457 -0.20750000 0.00665159
v 0.01200266 -0.20750000 0.00899645
v -0.01284710 -0.20750000 0.01696695
v -0.00323282 -0.20750000 0.00444959
v -0.01106478 -0.20750000 0.01593606
v 0.00551184 -0.20750000 0.01395061
v 0.00286969 -0.20750000 0.01472294
v 0.00000000 -0.20750000 0.00550000
v 0.00013090 -0.20750000 0.01499943
v -0.00169959 -0.20750000 0.00523081
v -0.00706300 -0.20750000 0.01506221
v -0.00910911 -0.20750000 0.01529204
v -0.00685359 -0.20507632 -0.00142419
v -0.00698368 -0.20507519 0.00047770
v -0.00659583 -0.20507857 0.00234416
v -0.00571879 -0.20508623 0.00403676
v 0.00621520 -0.20519038 -0.00322046
v 0.01067975 -0.20522934 -0.00743743
v 0.00511585 -0.20518078 -0.00477787
v 0.00907767 -0.20521536 -0.00932268
v 0.00363709 -0.20516787 -0.00598094
v -0.01502413 -0.20500502 0.01617688
v -0.01312607 -0.20502159 0.01476822
v -0.00441762 -0.20509759 0.00542998
v 0.00441762 -0.20517468 0.00542998
v 0.00974702 -0.20522121 0.00862180
v 0.00571879 -0.20518604 0.00403676
v 0.01120420 -0.20523392 0.00662245
v 0.00659583 -0.20519370 0.00234416
v 0.01225621 -0.20524310 0.00438324
v 0.00698368 -0.20519708 0.00047770
v 0.01286497 -0.20524842 0.00198529
v 0.00700000 -0.20519723 0.00000000
v 0.01300842 -0.20524967 -0.00048457
v 0.00685359 -0.20519595 -0.00142419
v 0.01268137 -0.20524681 -0.00293687
v 0.01189566 -0.20523995 -0.00528282
v -0.00621520 -0.20508189 -0.00322046
v -0.00511585 -0.20509149 -0.00477787
v -0.01554900 -0.20500045 -0.01668331
v -0.01374002 -0.20501623 -0.01516192
v -0.00706300 -0.20507450 -0.01306229
v -0.00941308 -0.20505400 -0.01331560
v -0.01166791 -0.20503432 -0.01402465
v 0.00095317 -0.20514446 0.00693480
v 0.00353373 -0.20516698 0.01251542
v 0.00278881 -0.20516048 0.00642048
v 0.00584106 -0.20518711 0.01162263
v 0.00793746 -0.20520541 0.01030890
v -0.01098870 -0.20504025 0.01375892
v -0.00869496 -0.20506026 0.01318816
v -0.00278881 -0.20511180 0.00642048
v -0.00706300 -0.20507450 0.01306229
v -0.00095317 -0.20512782 0.00693480
v 0.00013090 -0.20513728 0.01299950
v 0.00109905 -0.20514573 0.01295493
v 0.00714745 -0.20519851 -0.01087029
v 0.00495899 -0.20517942 -0.01202419
v 0.00188858 -0.20515262 -0.00674042
v 0.00259156 -0.20515876 -0.01274260
v 0.00000000 -0.20513614 -0.00700000
v 0.00013090 -0.20513728 -0.01299950
v -0.00188858 -0.20511965 -0.00674042
v -0.00363709 -0.20510440 -0.00598094
v 0.00551184 -0.22200000 -0.01395061
v 0.00113613 -0.22200000 -0.00164597
v 0.00024107 -0.22200000 -0.00198542
v 0.01344457 -0.22200000 0.00665159
v 0.00177091 -0.22200000 0.00092945
v 0.01443369 -0.22200000 0.00408272
v 0.00200000 -0.22200000 0.00000000
v 0.01493672 -0.22200000 0.00137636
v 0.01200266 -0.22200000 -0.00899645
v 0.00177091 -0.22200000 -0.00092945
v 0.01015654 -0.22200000 -0.01103833
v 0.00796837 -0.22200000 -0.01270847
v -0.00070921 -0.22200000 -0.00187003
v 0.00013090 -0.22200000 -0.01499943
v 0.00286969 -0.22200000 -0.01472294
v -0.01438051 -0.22200000 -0.01834101
v -0.01284710 -0.22200000 -0.01696695
v -0.00149702 -0.22200000 -0.00132625
v 0.01344457 -0.22200000 -0.00665159
v 0.01443369 -0.22200000 -0.00408272
v 0.01493672 -0.22200000 -0.00137636
v 0.00024107 -0.22200000 0.00198542
v 0.00113613 -0.22200000 0.00164597
v 0.00551184 -0.22200000 0.01395061
v 0.01200266 -0.22200000 0.00899645
v 0.01015654 -0.22200000 0.01103833
v 0.00796837 -0.22200000 0.01270847
v -0.01106478 -0.22200000 -0.01593606
v -0.00910911 -0.22200000 -0.01529204
v -0.00706300 -0.22200000 -0.01506221
v -0.01460000 -0.22200000 -0.01859108
v -0.00194188 -0.22200000 -0.00047863
v -0.01460000 -0.22200000 0.01859108
v -0.01106478 -0.22200000 0.01593606
v -0.01284710 -0.22200000 0.01696695
v -0.00149702 -0.22200000 0.00132625
v -0.00194188 -0.22200000 0.00047863
v -0.01438051 -0.22200000 0.01834101
v 0.00286969 -0.22200000 0.01472294
v 0.00013090 -0.22200000 0.01499943
v -0.00070921 -0.22200000 0.00187003
v -0.00706300 -0.22200000 0.01506221
v -0.00910911 -0.22200000 0.01529204
v -0.00706300 -0.22157443 0.01506221
v -0.00757358 -0.22156908 0.01507972
v -0.00910911 -0.22155300 0.01529204
v -0.00951864 -0.22154871 0.01539055
v -0.01106478 -0.22153252 0.01593606
v -0.01136503 -0.22152938 0.01607661
v -0.01304113 -0.22151183 0.01711129
v -0.01448189 -0.22149673 0.01845444
v -0.01552388 -0.22261731 0.01987248
v -0.01557896 -0.22279593 0.01996431
v -0.01530711 -0.22229290 0.01953116
v -0.01498268 -0.22207612 0.01907110
v -0.00706300 -0.22157443 -0.01506221
v -0.01530711 -0.22229290 -0.01953116
v -0.01552388 -0.22261731 -0.01987248
v -0.01557905 -0.22279637 -0.01996447
v -0.01498268 -0.22207612 -0.01907110
v -0.01536439 -0.22148749 -0.01961844
v -0.01438051 -0.22149779 -0.01834101
v -0.01413467 -0.22150037 -0.01807973
v -0.01262718 -0.22151616 -0.01681191
v -0.01090043 -0.22153424 -0.01586418
v -0.00902140 -0.22155392 -0.01527330
v -0.01530711 -0.20779289 -0.01953116
v -0.01552388 -0.20811732 -0.01987248
v -0.01557905 -0.20829637 -0.01996447
v -0.01498268 -0.20757613 -0.01907110
v -0.01536439 -0.20698749 -0.01961844
v -0.01438051 -0.20699780 -0.01834101
v -0.01413467 -0.20700037 -0.01807973
v -0.01262718 -0.20701616 -0.01681191
v -0.01090043 -0.20703425 -0.01586418
v -0.00902140 -0.20705391 -0.01527330
v -0.00706300 -0.20707442 -0.01506221
v 0.00013090 -0.20713721 -0.01499943
v 0.00124799 -0.20714566 0.01494799
v 0.00013090 -0.20713721 0.01499943
v 0.00286969 -0.20715792 0.01472294
v 0.00405724 -0.20716690 0.01444087
v 0.00551184 -0.20717791 0.01395061
v 0.00671954 -0.20718704 0.01341073
v 0.00796837 -0.20719649 0.01270847
v 0.00913847 -0.20720533 0.01189489
v 0.01015654 -0.20721303 0.01103833
v 0.01122642 -0.20722112 0.00994824
v 0.01200266 -0.20722699 0.00899645
v 0.01290778 -0.20723385 0.00764128
v 0.01344457 -0.20723790 0.00665159
v 0.01412164 -0.20724303 0.00505759
v 0.01443369 -0.20724538 0.00408272
v 0.01482406 -0.20724833 0.00229072
v 0.01493672 -0.20724918 0.00137636
v 0.01498958 -0.20724958 -0.00055911
v 0.01493672 -0.20724918 -0.00137636
v 0.01461221 -0.20724674 -0.00338870
v 0.01443369 -0.20724538 -0.00408272
v 0.01370563 -0.20723988 -0.00609556
v 0.01344457 -0.20723790 -0.00665159
v 0.01230265 -0.20722926 -0.00858165
v 0.01200266 -0.20722699 -0.00899645
v 0.01045410 -0.20721528 -0.01075694
v 0.01015654 -0.20721303 -0.01103833
v 0.00822692 -0.20719844 -0.01254264
v 0.00796837 -0.20719649 -0.01270847
v 0.00570178 -0.20717934 -0.01387407
v 0.00551184 -0.20717791 -0.01395061
v 0.00297012 -0.20715868 -0.01470301
v -0.00706300 -0.20707442 0.01506221
v -0.00842297 -0.20706019 0.01516711
v -0.00910911 -0.20705299 0.01529204
v -0.01033442 -0.20704016 0.01564274
v -0.01106478 -0.20703252 0.01593606
v -0.01211556 -0.20702152 0.01648382
v -0.01284710 -0.20701386 0.01696695
v -0.01369727 -0.20700495 0.01765771
v -0.01438051 -0.20699780 0.01834101
v -0.01557896 -0.20829593 0.01996431
v -0.01552388 -0.20811732 0.01987248
v -0.01530711 -0.20779289 0.01953116
v -0.01501820 -0.20699112 0.01911887
v -0.01498268 -0.20757613 0.01907110
v 0.00000000 -0.20721699 -0.00550000
v 0.00169959 -0.20721699 -0.00523081
v 0.00323282 -0.20721699 -0.00444959
v 0.00444959 -0.20721699 -0.00323282
v 0.00523081 -0.20721699 -0.00169959
v 0.00550000 -0.20721699 0.00000000
v 0.00523081 -0.20721699 0.00169959
v 0.00444959 -0.20721699 0.00323282
v 0.00323282 -0.20721699 0.00444959
v 0.00169959 -0.20721699 0.00523081
v 0.00000000 -0.20721699 0.00550000
v -0.00169959 -0.20721699 0.00523081
v -0.00323282 -0.20721699 0.00444959
v -0.00444959 -0.20721699 0.00323282
v -0.00523081 -0.20721699 0.00169959
v -0.00550000 -0.20721699 0.00000000
v -0.00523081 -0.20721699 -0.00169959
v -0.00444959 -0.20721699 -0.00323282
v -0.00323282 -0.20721699 -0.00444959
v -0.00169959 -0.20721699 -0.00523081
v -0.01548896 -0.22072552 -0.01953329
v -0.01500449 -0.21965624 -0.01721569
v -0.01454487 -0.22009061 -0.01766765
v -0.01423956 -0.22073790 -0.01797094
v -0.01331011 -0.21967129 -0.01579147
v -0.01136950 -0.21968850 -0.01472715
v -0.00925802 -0.21970725 -0.01406397
v -0.00705765 -0.21972679 -0.01382759
v -0.01294789 -0.22010547 -0.01632577
v -0.01111896 -0.22012250 -0.01532317
v -0.00912916 -0.22014102 -0.01469867
v -0.00705578 -0.22016032 -0.01447639
v -0.01270816 -0.22075309 -0.01668398
v -0.01095428 -0.22077048 -0.01572235
v -0.00904608 -0.22078940 -0.01512328
v -0.00705765 -0.22080912 -0.01490993
v -0.00705765 -0.22080912 0.01490993
v -0.00705578 -0.22016032 0.01447639
v -0.00705765 -0.21972679 0.01382759
v -0.01539480 -0.21965279 0.01763668
v -0.01377536 -0.21966715 0.01612776
v -0.01491275 -0.22008719 0.01806434
v -0.01459232 -0.22073440 0.01835137
v -0.00757602 -0.22080398 0.01492745
v -0.00955100 -0.22078440 0.01524208
v -0.00763128 -0.21972169 0.01384705
v -0.00981674 -0.21970229 0.01419551
v -0.01189162 -0.21968387 0.01496568
v -0.01338638 -0.22010139 0.01664259
v -0.01161102 -0.22011791 0.01554784
v -0.00965567 -0.22013612 0.01482250
v -0.00759628 -0.22015528 0.01449461
v -0.01312865 -0.22074892 0.01698785
v -0.01142615 -0.22076580 0.01593785
v -0.01548896 -0.20622551 -0.01953329
v -0.01584781 -0.20557848 -0.01929677
v -0.01638681 -0.20514399 -0.01894455
v -0.01500449 -0.20515625 -0.01721569
v -0.01331011 -0.20517129 -0.01579147
v -0.01136950 -0.20518851 -0.01472715
v -0.00925802 -0.20520726 -0.01406397
v -0.00705765 -0.20522678 -0.01382759
v -0.01454487 -0.20559061 -0.01766765
v -0.01294789 -0.20560548 -0.01632577
v -0.01111896 -0.20562249 -0.01532317
v -0.00912916 -0.20564102 -0.01469867
v -0.00705578 -0.20566031 -0.01447639
v -0.01423956 -0.20623790 -0.01797094
v -0.01270816 -0.20625308 -0.01668398
v -0.01095428 -0.20627049 -0.01572235
v -0.00904608 -0.20628940 -0.01512328
v -0.00705765 -0.20630912 -0.01490993
v 0.00013625 -0.20637190 -0.01484715
v 0.00013813 -0.20572311 -0.01441361
v 0.00013625 -0.20528956 -0.01376481
v 0.00294645 -0.20639414 -0.01455281
v 0.00013625 -0.20637190 0.01484715
v 0.00013625 -0.20528956 0.01376481
v 0.00013813 -0.20572311 0.01441361
v 0.00121155 -0.20573200 0.01436373
v 0.00116137 -0.20529838 0.01371731
v 0.00124197 -0.20638065 0.01479586
v 0.00402237 -0.20640266 0.01429300
v 0.00665701 -0.20642351 0.01327262
v 0.00905053 -0.20644245 0.01177175
v 0.01111634 -0.20645879 0.00984479
v 0.01277973 -0.20647195 0.00756155
v 0.01398055 -0.20648146 0.00500468
v 0.01467538 -0.20648696 0.00226672
v 0.01483911 -0.20648825 -0.00055325
v 0.01446583 -0.20648530 -0.00335321
v 0.01356901 -0.20647819 -0.00603184
v 0.01218109 -0.20646721 -0.00849221
v 0.01035223 -0.20645274 -0.01064527
v 0.00814858 -0.20643531 -0.01241305
v 0.00564985 -0.20641553 -0.01373150
v 0.00391067 -0.20575441 0.01387532
v 0.00646821 -0.20577563 0.01288455
v 0.00879162 -0.20579492 0.01142739
v 0.01079687 -0.20581156 0.00955668
v 0.01241145 -0.20582496 0.00734018
v 0.01357701 -0.20583464 0.00485813
v 0.01425144 -0.20584023 0.00220034
v 0.01441036 -0.20584156 -0.00053705
v 0.01404804 -0.20583855 -0.00325501
v 0.01317756 -0.20583132 -0.00585523
v 0.01183037 -0.20582014 -0.00824364
v 0.01005516 -0.20580541 -0.01033379
v 0.00791610 -0.20578764 -0.01205000
v 0.00549054 -0.20576751 -0.01333009
v 0.00286622 -0.20574574 -0.01412762
v 0.00373911 -0.20532057 0.01325121
v 0.00618176 -0.20534159 0.01230530
v 0.00840090 -0.20536068 0.01091389
v 0.01031624 -0.20537716 0.00912742
v 0.01185847 -0.20539044 0.00701058
v 0.01297184 -0.20540002 0.00464003
v 0.01361607 -0.20540556 0.00210157
v 0.01376788 -0.20540687 -0.00051295
v 0.01342178 -0.20540389 -0.00310890
v 0.01259027 -0.20539674 -0.00559235
v 0.01130343 -0.20538567 -0.00787342
v 0.00960778 -0.20537107 -0.00986954
v 0.00756467 -0.20535348 -0.01150843
v 0.00524800 -0.20533355 -0.01273069
v 0.00274161 -0.20531198 -0.01349204
v -0.00705765 -0.20630912 0.01490993
v -0.00705578 -0.20566031 0.01447639
v -0.00705765 -0.20522678 0.01382759
v -0.01513721 -0.20622900 0.01902601
v -0.01599765 -0.20514743 0.01838321
v -0.01451285 -0.20516062 0.01674158
v -0.01548099 -0.20558189 0.01876780
v -0.00843843 -0.20629543 0.01501575
v -0.01037945 -0.20627618 0.01549776
v -0.00858562 -0.20521322 0.01394490
v -0.01073344 -0.20519416 0.01447855
v -0.01273509 -0.20517640 0.01542298
v -0.01218846 -0.20625824 0.01635102
v -0.01379520 -0.20624231 0.01754251
v -0.01408148 -0.20559491 0.01722093
v -0.01240595 -0.20561051 0.01597862
v -0.01051954 -0.20562807 0.01508903
v -0.00849554 -0.20564692 0.01458660
v 0.00000000 -0.21950001 -0.00550000
v 0.00169959 -0.21950001 -0.00523081
v 0.00323282 -0.21950001 -0.00444959
v 0.00444959 -0.21950001 -0.00323282
v 0.00523081 -0.21950001 -0.00169959
v 0.00550000 -0.21950001 0.00000000
v 0.00523081 -0.21950001 0.00169959
v 0.00444959 -0.21950001 0.00323282
v 0.00323282 -0.21950001 0.00444959
v 0.00169959 -0.21950001 0.00523081
v 0.00000000 -0.21950001 0.00550000
v -0.00149702 -0.21950001 0.00132625
v -0.00194188 -0.21950001 0.00047863
v -0.00194188 -0.21950001 -0.00047863
v -0.00149702 -0.21950001 -0.00132625
v 0.00200000 -0.21950001 0.00000000
v 0.00177091 -0.21950001 0.00092945
v -0.00070921 -0.21950001 0.00187003
v 0.00024107 -0.21950001 0.00198542
v 0.00113613 -0.21950001 0.00164597
v -0.00070921 -0.21950001 -0.00187003
v 0.00024107 -0.21950001 -0.00198542
v 0.00113613 -0.21950001 -0.00164597
v 0.00177091 -0.21950001 -0.00092945
v 0.00685359 -0.20721699 -0.00142419
v 0.00621520 -0.20721699 -0.00322046
v 0.00511585 -0.20721699 -0.00477787
v 0.00363709 -0.20721699 -0.00598094
v 0.00188858 -0.20721699 -0.00674042
v 0.00000000 -0.20721699 -0.00700000
v -0.00188858 -0.20721699 -0.00674042
v -0.00363709 -0.20721699 -0.00598094
v -0.00511585 -0.20721699 -0.00477787
v -0.00621520 -0.20721699 -0.00322046
v -0.00685359 -0.20721699 -0.00142419
v -0.00698368 -0.20721699 0.00047770
v -0.00659583 -0.20721699 0.00234416
v -0.00571879 -0.20721699 0.00403676
v -0.00441762 -0.20721699 0.00542998
v -0.00278881 -0.20721699 0.00642048
v -0.00095317 -0.20721699 0.00693480
v 0.00095317 -0.20721699 0.00693480
v 0.00278881 -0.20721699 0.00642048
v 0.00441762 -0.20721699 0.00542998
v 0.00571879 -0.20721699 0.00403676
v 0.00659583 -0.20721699 0.00234416
v 0.00698368 -0.20721699 0.00047770
v -0.01610000 -0.21197291 -0.00583356
v -0.01610000 -0.21340856 -0.00510206
v -0.01610000 -0.21500000 -0.00485000
v -0.01610000 -0.21500000 -0.01515000
v -0.01610000 -0.21340856 -0.01489794
v -0.01610000 -0.21197291 -0.01416644
v -0.01610000 -0.21083356 -0.01302709
v -0.01610000 -0.21010207 -0.01159144
v -0.01610000 -0.20985000 -0.01000000
v -0.01610000 -0.21010207 -0.00840856
v -0.01610000 -0.21083356 -0.00697291
v -0.01610000 -0.21989794 -0.01159144
v -0.01610000 -0.21916644 -0.01302709
v -0.01610000 -0.21802710 -0.01416644
v -0.01610000 -0.21659143 -0.01489794
v -0.01610000 -0.21659143 -0.00510206
v -0.01610000 -0.21802710 -0.00583356
v -0.01610000 -0.21916644 -0.00697291
v -0.01610000 -0.21989794 -0.00840856
v -0.01610000 -0.22014999 -0.01000000
v 0.01062817 -0.21981724 -0.00817882
v 0.00604628 -0.21978517 -0.01190384
v -0.01610000 -0.21197291 0.01416644
v -0.01610000 -0.21340856 0.01489794
v -0.01610000 -0.21500000 0.01515000
v -0.01610000 -0.21010207 0.00840856
v -0.01610000 -0.20985000 0.01000000
v -0.01610000 -0.21010207 0.01159144
v -0.01610000 -0.21083356 0.01302709
v -0.01610000 -0.21500000 0.00485000
v -0.01610000 -0.21340856 0.00510206
v -0.01610000 -0.21197291 0.00583356
v -0.01610000 -0.21083356 0.00697291
v -0.01610000 -0.21989794 0.00840856
v -0.01610000 -0.21916644 0.00697291
v -0.01610000 -0.21802710 0.00583356
v -0.01610000 -0.21659143 0.00510206
v -0.01610000 -0.21659143 0.01489794
v -0.01610000 -0.21802710 0.01416644
v -0.01610000 -0.21916644 0.01302709
v -0.01610000 -0.21989794 0.01159144
v -0.01610000 -0.22014999 0.01000000
v 0.00610494 -0.21979338 0.01188308
v 0.01062813 -0.21981715 0.00817857
v -0.01860000 -0.21815000 -0.01950000
v -0.01860000 -0.21815000 -0.01533528
v -0.01860000 -0.22033527 0.00685000
v -0.01860000 -0.22450000 0.00685000
v -0.01860000 -0.22450000 0.01315000
v -0.01860000 -0.21815000 -0.00466472
v -0.01860000 -0.21815000 0.00466472
v -0.01860000 -0.21815000 0.01950000
v -0.01860000 -0.21185000 0.01950000
v -0.01860000 -0.21815000 0.01533528
v -0.01860000 -0.21185000 0.01533528
v -0.01860000 -0.21185000 -0.01533528
v -0.01860000 -0.21185000 -0.01950000
v -0.01860000 -0.22033527 0.01315000
v -0.01860000 -0.22450000 -0.01315000
v -0.01860000 -0.22450000 -0.00685000
v -0.01860000 -0.22033527 -0.01315000
v -0.01860000 -0.22033527 -0.00685000
v -0.01860000 -0.20550001 0.01315000
v -0.01860000 -0.20550001 0.00685000
v -0.01860000 -0.20966472 0.01315000
v -0.01860000 -0.20966472 0.00685000
v -0.01860000 -0.21185000 0.00466472
v -0.01860000 -0.20550001 -0.00685000
v -0.01860000 -0.20550001 -0.01315000
v -0.01860000 -0.20966472 -0.00685000
v -0.01860000 -0.20966472 -0.01315000
v -0.01860000 -0.21185000 -0.00466472
v 0.00505427 -0.20750000 0.00216896
v 0.00806256 -0.20750000 0.00269168
v 0.00538741 -0.20750000 0.00110714
v 0.00838993 -0.20750000 0.00136350
v 0.00850000 -0.20750000 0.00000000
v 0.00538741 -0.20750000 -0.00110714
v -0.00480891 -0.20750000 -0.00266916
v -0.00781982 -0.20750000 -0.00333172
v -0.00524777 -0.20750000 -0.00164650
v -0.00825301 -0.20750000 -0.00203418
v -0.00547178 -0.20750000 -0.00055643
v -0.00847244 -0.20750000 -0.00068397
v -0.00547178 -0.20750000 0.00055643
v -0.00847244 -0.20750000 0.00068397
v -0.00524777 -0.20750000 0.00164650
v 0.00191018 -0.20750000 0.00515764
v 0.00364389 -0.20750000 0.00767933
v 0.00290930 -0.20750000 0.00466754
v 0.00482855 -0.20750000 0.00699536
v 0.00378932 -0.20750000 0.00398636
v 0.00588816 -0.20750000 0.00613022
v 0.00451420 -0.20750000 0.00314198
v 0.00679526 -0.20750000 0.00510631
v 0.00752638 -0.20750000 0.00395015
v -0.00137859 -0.20750000 -0.00532442
v -0.00301414 -0.20750000 -0.00794764
v -0.00242217 -0.20750000 -0.00493792
v -0.00425000 -0.20750000 -0.00736122
v -0.00336658 -0.20750000 -0.00434927
v -0.00537579 -0.20750000 -0.00658414
v -0.00417317 -0.20750000 -0.00358255
v -0.00636234 -0.20750000 -0.00563654
v -0.00718412 -0.20750000 -0.00454296
v -0.00242217 -0.20750000 0.00493792
v -0.00301414 -0.20750000 0.00794764
v -0.00137859 -0.20750000 0.00532442
v -0.00170022 -0.20750000 0.00832822
v -0.00027857 -0.20750000 0.00549294
v -0.00034226 -0.20750000 0.00849311
v 0.00083285 -0.20750000 0.00543658
v 0.00102456 -0.20750000 0.00843803
v 0.00236485 -0.20750000 0.00816440
v 0.00838993 -0.20750000 -0.00136350
v 0.00806256 -0.20750000 -0.00269168
v 0.00505427 -0.20750000 -0.00216896
v 0.00752638 -0.20750000 -0.00395015
v 0.00451420 -0.20750000 -0.00314198
v 0.00679526 -0.20750000 -0.00510631
v 0.00378932 -0.20750000 -0.00398636
v 0.00588816 -0.20750000 -0.00613022
v 0.00290930 -0.20750000 -0.00466754
v 0.00482855 -0.20750000 -0.00699536
v 0.00364389 -0.20750000 -0.00767933
v 0.00191018 -0.20750000 -0.00515764
v 0.00236485 -0.20750000 -0.00816440
v 0.00083285 -0.20750000 -0.00543658
v 0.00102456 -0.20750000 -0.00843803
v -0.00027857 -0.20750000 -0.00549294
v -0.00034226 -0.20750000 -0.00849311
v -0.00170022 -0.20750000 -0.00832822
v -0.00825301 -0.20750000 0.00203418
v -0.00781982 -0.20750000 0.00333172
v -0.00480891 -0.20750000 0.00266916
v -0.00718412 -0.20750000 0.00454296
v -0.00417317 -0.20750000 0.00358255
v -0.00636234 -0.20750000 0.00563654
v -0.00336658 -0.20750000 0.00434927
v -0.00537579 -0.20750000 0.00658414
v -0.00425000 -0.20750000 0.00736122
v 0.00550000 -0.20850000 0.00000000
v 0.00538741 -0.20850000 0.00110714
v 0.00505427 -0.20850000 0.00216896
v 0.00451420 -0.20850000 0.00314198
v 0.00378932 -0.20850000 0.00398636
v 0.00290930 -0.20850000 0.00466754
v 0.00191018 -0.20850000 0.00515764
v 0.00083285 -0.20850000 0.00543658
v -0.00027857 -0.20850000 0.00549294
v -0.00137859 -0.20850000 0.00532442
v -0.00242217 -0.20850000 0.00493792
v -0.00336658 -0.20850000 0.00434927
v -0.00417317 -0.20850000 0.00358255
v -0.00480891 -0.20850000 0.00266916
v -0.00524777 -0.20850000 0.00164650
v -0.00547178 -0.20850000 0.00055643
v -0.00547178 -0.20850000 -0.00055643
v -0.00524777 -0.20850000 -0.00164650
v -0.00480891 -0.20850000 -0.00266916
v -0.00417317 -0.20850000 -0.00358255
v -0.00336658 -0.20850000 -0.00434927
v -0.00242217 -0.20850000 -0.00493792
v -0.00137859 -0.20850000 -0.00532442
v -0.00027857 -0.20850000 -0.00549294
v 0.00083285 -0.20850000 -0.00543658
v 0.00191018 -0.20850000 -0.00515764
v 0.00290930 -0.20850000 -0.00466754
v 0.00378932 -0.20850000 -0.00398636
v 0.00451420 -0.20850000 -0.00314198
v 0.00505427 -0.20850000 -0.00216896
v 0.00538741 -0.20850000 -0.00110714
v 0.00806256 -0.20850000 -0.00269168
v 0.00838993 -0.20850000 -0.00136350
v 0.00850000 -0.20850000 0.00000000
v 0.00364389 -0.20850000 0.00767933
v 0.00236485 -0.20850000 0.00816440
v 0.00102456 -0.20850000 0.00843803
v -0.00034226 -0.20850000 0.00849311
v 0.00838993 -0.20850000 0.00136350
v 0.00806256 -0.20850000 0.00269168
v 0.00752638 -0.20850000 0.00395015
v 0.00679526 -0.20850000 0.00510631
v 0.00588816 -0.20850000 0.00613022
v 0.00482855 -0.20850000 0.00699536
v 0.00364389 -0.20850000 -0.00767933
v 0.00482855 -0.20850000 -0.00699536
v 0.00588816 -0.20850000 -0.00613022
v 0.00679526 -0.20850000 -0.00510631
v 0.00752638 -0.20850000 -0.00395015
v -0.00301414 -0.20850000 -0.00794764
v -0.00170022 -0.20850000 -0.00832822
v -0.00034226 -0.20850000 -0.00849311
v 0.00102456 -0.20850000 -0.00843803
v 0.00236485 -0.20850000 -0.00816440
v -0.00781982 -0.20850000 -0.00333172
v -0.00718412 -0.20850000 -0.00454296
v -0.00636234 -0.20850000 -0.00563654
v -0.00537579 -0.20850000 -0.00658414
v -0.00425000 -0.20850000 -0.00736122
v -0.00781982 -0.20850000 0.00333172
v -0.00825301 -0.20850000 0.00203418
v -0.00847244 -0.20850000 0.00068397
v -0.00847244 -0.20850000 -0.00068397
v -0.00825301 -0.20850000 -0.00203418
v -0.00170022 -0.20850000 0.00832822
v -0.00301414 -0.20850000 0.00794764
v -0.00425000 -0.20850000 0.00736122
v -0.00537579 -0.20850000 0.00658414
v -0.00636234 -0.20850000 0.00563654
v -0.00718412 -0.20850000 0.00454296
v 0.00695000 -0.20514999 0.00000000
v 0.00695000 -0.20565000 0.00000000
v 0.00686000 -0.20514999 -0.00111486
v 0.00692746 -0.20565000 -0.00055924
v 0.00686000 -0.20565000 -0.00111486
v 0.00674805 -0.20565000 -0.00166324
v 0.00659233 -0.20514999 -0.00220084
v 0.00659233 -0.20565000 -0.00220084
v 0.00639386 -0.20565000 -0.00272417
v 0.00615392 -0.20514999 -0.00322983
v 0.00615392 -0.20565000 -0.00322983
v 0.00555613 -0.20514999 -0.00417516
v 0.00587407 -0.20565000 -0.00371454
v 0.00555613 -0.20565000 -0.00417516
v 0.00481443 -0.20514999 -0.00501236
v 0.00520215 -0.20565000 -0.00460870
v 0.00481443 -0.20565000 -0.00501236
v 0.00394805 -0.20514999 -0.00571974
v 0.00439550 -0.20565000 -0.00538350
v 0.00394805 -0.20565000 -0.00571974
v 0.00297941 -0.20514999 -0.00627898
v 0.00347500 -0.20565000 -0.00601888
v 0.00297941 -0.20565000 -0.00627898
v 0.00193361 -0.20514999 -0.00667560
v 0.00246450 -0.20565000 -0.00649836
v 0.00193361 -0.20565000 -0.00667560
v 0.00083773 -0.20514999 -0.00689933
v 0.00139018 -0.20565000 -0.00680955
v 0.00083773 -0.20565000 -0.00689933
v -0.00027985 -0.20514999 -0.00694436
v 0.00027985 -0.20565000 -0.00694436
v -0.00027985 -0.20565000 -0.00694436
v -0.00139018 -0.20514999 -0.00680955
v -0.00083773 -0.20565000 -0.00689933
v -0.00139018 -0.20565000 -0.00680955
v -0.00246450 -0.20514999 -0.00649836
v -0.00193361 -0.20565000 -0.00667560
v -0.00246450 -0.20565000 -0.00649836
v -0.00347500 -0.20514999 -0.00601888
v -0.00297941 -0.20565000 -0.00627898
v -0.00347500 -0.20565000 -0.00601888
v -0.00439550 -0.20514999 -0.00538350
v -0.00394805 -0.20565000 -0.00571974
v -0.00439550 -0.20565000 -0.00538350
v -0.00520215 -0.20514999 -0.00460870
v -0.00481443 -0.20565000 -0.00501236
v -0.00520215 -0.20565000 -0.00460870
v -0.00587407 -0.20514999 -0.00371454
v -0.00555613 -0.20565000 -0.00417516
v -0.00587407 -0.20565000 -0.00371454
v -0.00639386 -0.20514999 -0.00272417
v -0.00615392 -0.20565000 -0.00322983
v -0.00639386 -0.20565000 -0.00272417
v -0.00674805 -0.20514999 -0.00166324
v -0.00659233 -0.20565000 -0.00220084
v -0.00674805 -0.20565000 -0.00166324
v -0.00692746 -0.20514999 -0.00055924
v -0.00686000 -0.20565000 -0.00111486
v -0.00692746 -0.20565000 -0.00055924
v -0.00695000 -0.20565000 0.00000000
v -0.00692746 -0.20514999 0.00055924
v -0.00692746 -0.20565000 0.00055924
v -0.00686000 -0.20565000 0.00111486
v -0.00674805 -0.20514999 0.00166324
v -0.00674805 -0.20565000 0.00166324
v -0.00659233 -0.20565000 0.00220084
v -0.00639386 -0.20514999 0.00272417
v -0.00639386 -0.20565000 0.00272417
v -0.00615392 -0.20565000 0.00322983
v -0.00587407 -0.20514999 0.00371454
v -0.00587407 -0.20565000 0.00371454
v -0.00555613 -0.20565000 0.00417516
v -0.00520215 -0.20514999 0.00460870
v -0.00520215 -0.20565000 0.00460870
v -0.00481443 -0.20565000 0.00501236
v -0.00439550 -0.20514999 0.00538350
v -0.00439550 -0.20565000 0.00538350
v -0.00394805 -0.20565000 0.00571974
v -0.00347500 -0.20514999 0.00601888
v -0.00347500 -0.20565000 0.00601888
v -0.00297941 -0.20565000 0.00627898
v -0.00246450 -0.20514999 0.00649836
v -0.00246450 -0.20565000 0.00649836
v -0.00193361 -0.20565000 0.00667560
v -0.00139018 -0.20514999 0.00680955
v -0.00139018 -0.20565000 0.00680955
v -0.00083773 -0.20565000 0.00689933
v -0.00027985 -0.20514999 0.00694436
v -0.00027985 -0.20565000 0.00694436
v 0.00027985 -0.20565000 0.00694436
v 0.00083773 -0.20514999 0.00689933
v 0.00083773 -0.20565000 0.00689933
v 0.00139018 -0.20565000 0.00680955
v 0.00193361 -0.20514999 0.00667560
v 0.00193361 -0.20565000 0.00667560
v 0.00246450 -0.20565000 0.00649836
v 0.00297941 -0.20514999 0.00627898
v 0.00297941 -0.20565000 0.00627898
v 0.00347500 -0.20565000 0.00601888
v 0.00394805 -0.20514999 0.00571974
v 0.00394805 -0.20565000 0.00571974
v 0.00439550 -0.20565000 0.00538350
v 0.00481443 -0.20514999 0.00501236
v 0.00481443 -0.20565000 0.00501236
v 0.00520215 -0.20565000 0.00460870
v 0.00555613 -0.20514999 0.00417516
v 0.00555613 -0.20565000 0.00417516
v 0.00587407 -0.20565000 0.00371454
v 0.00615392 -0.20514999 0.00322983
v 0.00615392 -0.20565000 0.00322983
v 0.00639386 -0.20565000 0.00272417
v 0.00659233 -0.20514999 0.00220084
v 0.00659233 -0.20565000 0.00220084
v 0.00686000 -0.20514999 0.00111486
v 0.00674805 -0.20565000 0.00166324
v 0.00686000 -0.20565000 0.00111486
v 0.00692746 -0.20565000 0.00055924
v -0.00270998 -0.20514999 -0.00300974
v -0.00327652 -0.20514999 -0.00238053
v -0.00369986 -0.20514999 -0.00164728
v -0.00396150 -0.20514999 -0.00084204
v -0.00405000 -0.20514999 0.00000000
v -0.00042334 -0.20514999 -0.00402781
v -0.00125152 -0.20514999 -0.00385178
v -0.00202500 -0.20514999 -0.00350740
v 0.00202500 -0.20514999 -0.00350740
v 0.00125152 -0.20514999 -0.00385178
v 0.00042334 -0.20514999 -0.00402781
v 0.00396150 -0.20514999 -0.00084204
v 0.00369986 -0.20514999 -0.00164728
v 0.00327652 -0.20514999 -0.00238053
v 0.00270998 -0.20514999 -0.00300974
v 0.00369986 -0.20514999 0.00164728
v 0.00396150 -0.20514999 0.00084204
v 0.00405000 -0.20514999 0.00000000
v -0.00125152 -0.20514999 0.00385178
v -0.00042334 -0.20514999 0.00402781
v 0.00042334 -0.20514999 0.00402781
v 0.00125152 -0.20514999 0.00385178
v 0.00202500 -0.20514999 0.00350740
v 0.00270998 -0.20514999 0.00300974
v 0.00327652 -0.20514999 0.00238053
v -0.00327652 -0.20514999 0.00238053
v -0.00270998 -0.20514999 0.00300974
v -0.00202500 -0.20514999 0.00350740
v -0.00396150 -0.20514999 0.00084204
v -0.00369986 -0.20514999 0.00164728
v 0.00405000 -0.20545000 0.00000000
v 0.00396150 -0.20545000 0.00084204
v 0.00369986 -0.20545000 0.00164728
v 0.00327652 -0.20545000 0.00238053
v 0.00270998 -0.20545000 0.00300974
v 0.00202500 -0.20545000 0.00350740
v 0.00125152 -0.20545000 0.00385178
v 0.00042334 -0.20545000 0.00402781
v -0.00042334 -0.20545000 0.00402781
v -0.00125152 -0.20545000 0.00385178
v -0.00202500 -0.20545000 0.00350740
v -0.00270998 -0.20545000 0.00300974
v -0.00327652 -0.20545000 0.00238053
v -0.00369986 -0.20545000 0.00164728
v -0.00396150 -0.20545000 0.00084204
v -0.00405000 -0.20545000 0.00000000
v -0.00396150 -0.20545000 -0.00084204
v -0.00369986 -0.20545000 -0.00164728
v -0.00327652 -0.20545000 -0.00238053
v -0.00270998 -0.20545000 -0.00300974
v -0.00202500 -0.20545000 -0.00350740
v -0.00125152 -0.20545000 -0.00385178
v -0.00042334 -0.20545000 -0.00402781
v 0.00042334 -0.20545000 -0.00402781
v 0.00125152 -0.20545000 -0.00385178
v 0.00202500 -0.20545000 -0.00350740
v 0.00270998 -0.20545000 -0.00300974
v 0.00327652 -0.20545000 -0.00238053
v 0.00369986 -0.20545000 -0.00164728
v 0.00396150 -0.20545000 -0.00084204
v -0.00300992 -0.20640001 -0.00074188
v -0.00283199 -0.20640001 -0.00126088
v -0.00274491 -0.20640001 -0.00144064
v -0.00250795 -0.20640001 -0.00182213
v -0.00232038 -0.20640001 -0.00205568
v -0.00207430 -0.20640001 -0.00230375
v -0.00176100 -0.20640001 -0.00255125
v -0.00155000 -0.20640001 -0.00268468
v -0.00109928 -0.20640001 -0.00289855
v -0.00095795 -0.20640001 -0.00294828
v -0.00037366 -0.20640001 -0.00307740
v -0.00032404 -0.20640001 -0.00308302
v 0.00032404 -0.20640001 -0.00308302
v 0.00037366 -0.20640001 -0.00307740
v 0.00095795 -0.20640001 -0.00294828
v 0.00109928 -0.20640001 -0.00289855
v 0.00155000 -0.20640001 -0.00268468
v 0.00176100 -0.20640001 -0.00255125
v 0.00207430 -0.20640001 -0.00230375
v 0.00232038 -0.20640001 -0.00205568
v 0.00250795 -0.20640001 -0.00182213
v 0.00274491 -0.20640001 -0.00144064
v 0.00283199 -0.20640001 -0.00126088
v 0.00300992 -0.20640001 -0.00074188
v 0.00303226 -0.20640001 -0.00064453
v 0.00310000 -0.20640001 0.00000000
v 0.00303226 -0.20640001 0.00064453
v 0.00300992 -0.20640001 0.00074188
v 0.00283199 -0.20640001 0.00126088
v 0.00274491 -0.20640001 0.00144064
v 0.00250795 -0.20640001 0.00182213
v 0.00232038 -0.20640001 0.00205568
v 0.00207430 -0.20640001 0.00230375
v 0.00176100 -0.20640001 0.00255125
v 0.00155000 -0.20640001 0.00268468
v 0.00109928 -0.20640001 0.00289855
v 0.00095795 -0.20640001 0.00294828
v 0.00037366 -0.20640001 0.00307740
v 0.00032404 -0.20640001 0.00308302
v -0.00032404 -0.20640001 0.00308302
v -0.00037366 -0.20640001 0.00307740
v -0.00095795 -0.20640001 0.00294828
v -0.00109928 -0.20640001 0.00289855
v -0.00155000 -0.20640001 0.00268468
v -0.00176100 -0.20640001 0.00255125
v -0.00207430 -0.20640001 0.00230375
v -0.00232038 -0.20640001 0.00205568
v -0.00250795 -0.20640001 0.00182213
v -0.00274491 -0.20640001 0.00144064
v -0.00283199 -0.20640001 0.00126088
v -0.00300992 -0.20640001 0.00074188
v -0.00303226 -0.20640001 0.00064453
v -0.00310000 -0.20640001 0.00000000
v -0.00303226 -0.20640001 -0.00064453
v 0.00310000 -0.20745000 0.00000000
v 0.00300992 -0.20745000 0.00074188
v 0.00274491 -0.20745000 0.00144064
v 0.00232038 -0.20745000 0.00205568
v 0.00176100 -0.20745000 0.00255125
v 0.00109928 -0.20745000 0.00289855
v 0.00037366 -0.20745000 0.00307740
v -0.00037366 -0.20745000 0.00307740
v -0.00109928 -0.20745000 0.00289855
v -0.00176100 -0.20745000 0.00255125
v -0.00232038 -0.20745000 0.00205568
v -0.00274491 -0.20745000 0.00144064
v -0.00300992 -0.20745000 0.00074188
v -0.00310000 -0.20745000 0.00000000
v -0.00300992 -0.20745000 -0.00074188
v -0.00274491 -0.20745000 -0.00144064
v -0.00232038 -0.20745000 -0.00205568
v -0.00176100 -0.20745000 -0.00255125
v -0.00109928 -0.20745000 -0.00289855
v -0.00037366 -0.20745000 -0.00307740
v 0.00037366 -0.20745000 -0.00307740
v 0.00109928 -0.20745000 -0.00289855
v 0.00176100 -0.20745000 -0.00255125
v 0.00232038 -0.20745000 -0.00205568
v 0.00274491 -0.20745000 -0.00144064
v 0.00300992 -0.20745000 -0.00074188
v 0.00257500 -0.20745000 -0.00446003
v 0.00325709 -0.20745000 -0.00398922
v 0.00513330 -0.20745000 -0.00041440
v 0.00385483 -0.20745000 -0.00341508
v 0.00435273 -0.20745000 -0.00275250
v 0.00473789 -0.20745000 -0.00201863
v 0.00500035 -0.20745000 -0.00123248
v -0.00220777 -0.20745000 -0.00465277
v -0.00143282 -0.20745000 -0.00494667
v 0.00515000 -0.20745000 0.00000000
v 0.00513330 -0.20745000 0.00041440
v 0.00500035 -0.20745000 0.00123248
v -0.00062076 -0.20745000 -0.00511245
v 0.00020737 -0.20745000 -0.00514582
v 0.00103013 -0.20745000 -0.00504592
v 0.00182622 -0.20745000 -0.00481533
v -0.00411713 -0.20745000 -0.00309382
v -0.00356753 -0.20745000 -0.00371419
v -0.00292553 -0.20745000 -0.00423837
v 0.00473789 -0.20745000 0.00201863
v 0.00435273 -0.20745000 0.00275250
v 0.00385483 -0.20745000 0.00341508
v -0.00508331 -0.20745000 -0.00082612
v -0.00488496 -0.20745000 -0.00163084
v -0.00456010 -0.20745000 -0.00239332
v -0.00508331 -0.20745000 0.00082612
v -0.00515000 -0.20745000 0.00000000
v -0.00411713 -0.20745000 0.00309382
v -0.00456010 -0.20745000 0.00239332
v -0.00488496 -0.20745000 0.00163084
v -0.00220777 -0.20745000 0.00465277
v -0.00292553 -0.20745000 0.00423837
v -0.00356753 -0.20745000 0.00371419
v 0.00020737 -0.20745000 0.00514582
v -0.00062076 -0.20745000 0.00511245
v -0.00143282 -0.20745000 0.00494667
v 0.00325709 -0.20745000 0.00398922
v 0.00257500 -0.20745000 0.00446003
v 0.00182622 -0.20745000 0.00481533
v 0.00103013 -0.20745000 0.00504592
v -0.01995000 -0.21990000 0.01285000
v -0.01995000 -0.22055000 0.01285000
v -0.01995000 -0.21789999 0.01550000
v -0.01995000 -0.21789999 0.00450000
v -0.01995000 -0.22055000 0.00715000
v -0.01995000 -0.21990000 0.00715000
v -0.01995000 -0.21010000 0.00715000
v -0.01995000 -0.20945001 0.00715000
v -0.01995000 -0.21210000 0.00450000
v -0.01995000 -0.21210000 0.01550000
v -0.01995000 -0.20945001 0.01285000
v -0.01995000 -0.21010000 0.01285000
v -0.01995000 -0.21809389 0.01019465
v -0.01995000 -0.21804509 0.00941912
v -0.01995000 -0.21780497 0.00868008
v -0.01995000 -0.21738859 0.00802399
v -0.01995000 -0.21682213 0.00749205
v -0.01995000 -0.21614118 0.00711769
v -0.01995000 -0.21577094 0.01300261
v -0.01995000 -0.21500000 0.01310000
v -0.01995000 -0.21422906 0.01300261
v -0.01995000 -0.21350656 0.01271655
v -0.01995000 -0.21261141 0.00802399
v -0.01995000 -0.21317786 0.00749205
v -0.01995000 -0.21385881 0.00711769
v -0.01995000 -0.21649344 0.01271655
v -0.01995000 -0.21712209 0.01225980
v -0.01995000 -0.21761742 0.01166106
v -0.01995000 -0.21794827 0.01095795
v -0.01995000 -0.21190612 0.01019465
v -0.01995000 -0.21195491 0.00941912
v -0.01995000 -0.21219504 0.00868008
v -0.01995000 -0.21538854 0.00692444
v -0.01995000 -0.21500000 0.00690000
v -0.01995000 -0.21461147 0.00692444
v -0.01995000 -0.21205172 0.01095795
v -0.01995000 -0.21238258 0.01166106
v -0.01995000 -0.21287790 0.01225980
v -0.01860000 -0.22440000 0.01285000
v -0.01860000 -0.22440000 0.00715000
v -0.01860000 -0.22055000 0.01285000
v -0.01860000 -0.22055000 0.00715000
v -0.01860000 -0.21649344 0.01271655
v -0.01860000 -0.21577094 0.01300261
v -0.01860000 -0.21789999 0.01550000
v -0.01860000 -0.21210000 0.01550000
v -0.01860000 -0.20559999 0.00715000
v -0.01860000 -0.20559999 0.01285000
v -0.01860000 -0.20945001 0.00715000
v -0.01860000 -0.20945001 0.01285000
v -0.01860000 -0.21422906 0.01300261
v -0.01860000 -0.21350656 0.01271655
v -0.01860000 -0.21287790 0.01225980
v -0.01860000 -0.21238258 0.01166106
v -0.01860000 -0.21190612 0.01019465
v -0.01860000 -0.21195491 0.00941912
v -0.01860000 -0.21219504 0.00868008
v -0.01860000 -0.21261141 0.00802399
v -0.01860000 -0.21210000 0.00450000
v -0.01860000 -0.21761742 0.01166106
v -0.01860000 -0.21712209 0.01225980
v -0.01860000 -0.21538854 0.00692444
v -0.01860000 -0.21614118 0.00711769
v -0.01860000 -0.21789999 0.00450000
v -0.01860000 -0.21780497 0.00868008
v -0.01860000 -0.21804509 0.00941912
v -0.01860000 -0.21809389 0.01019465
v -0.01860000 -0.21738859 0.00802399
v -0.01860000 -0.21385881 0.00711769
v -0.01860000 -0.21461147 0.00692444
v -0.01860000 -0.21500000 0.00690000
v -0.02145000 -0.20559999 0.01285000
v -0.02145000 -0.21010000 0.01285000
v -0.02145000 -0.20559999 0.00715000
v -0.02145000 -0.21010000 0.00715000
v -0.02145000 -0.22440000 0.00715000
v -0.02145000 -0.21990000 0.00715000
v -0.02145000 -0.22440000 0.01285000
v -0.02145000 -0.21990000 0.01285000
v -0.01995000 -0.21990000 -0.00715000
v -0.01995000 -0.22055000 -0.00715000
v -0.01995000 -0.21789999 -0.00450000
v -0.01995000 -0.21010000 -0.01285000
v -0.01995000 -0.20945001 -0.01285000
v -0.01995000 -0.21210000 -0.01550000
v -0.01995000 -0.21789999 -0.01550000
v -0.01995000 -0.22055000 -0.01285000
v -0.01995000 -0.21990000 -0.01285000
v -0.01995000 -0.21210000 -0.00450000
v -0.01995000 -0.20945001 -0.00715000
v -0.01995000 -0.21010000 -0.00715000
v -0.01995000 -0.21809389 -0.00980535
v -0.01995000 -0.21804509 -0.01058088
v -0.01995000 -0.21780497 -0.01131992
v -0.01995000 -0.21738859 -0.01197601
v -0.01995000 -0.21682213 -0.01250795
v -0.01995000 -0.21614118 -0.01288231
v -0.01995000 -0.21538854 -0.01307556
v -0.01995000 -0.21500000 -0.01310000
v -0.01995000 -0.21461147 -0.01307556
v -0.01995000 -0.21261141 -0.01197601
v -0.01995000 -0.21317786 -0.01250795
v -0.01995000 -0.21385881 -0.01288231
v -0.01995000 -0.21219504 -0.01131992
v -0.01995000 -0.21195491 -0.01058088
v -0.01995000 -0.21190612 -0.00980535
v -0.01995000 -0.21577094 -0.00699739
v -0.01995000 -0.21649344 -0.00728345
v -0.01995000 -0.21712209 -0.00774020
v -0.01995000 -0.21761742 -0.00833894
v -0.01995000 -0.21794827 -0.00904205
v -0.01995000 -0.21287790 -0.00774020
v -0.01995000 -0.21238258 -0.00833894
v -0.01995000 -0.21205172 -0.00904205
v -0.01995000 -0.21350656 -0.00728345
v -0.01995000 -0.21422906 -0.00699739
v -0.01995000 -0.21500000 -0.00690000
v -0.01860000 -0.22055000 -0.01285000
v -0.01860000 -0.21738859 -0.01197601
v -0.01860000 -0.21780497 -0.01131992
v -0.01860000 -0.22055000 -0.00715000
v -0.01860000 -0.21804509 -0.01058088
v -0.01860000 -0.21809389 -0.00980535
v -0.01860000 -0.21500000 -0.01310000
v -0.01860000 -0.21538854 -0.01307556
v -0.01860000 -0.21614118 -0.01288231
v -0.01860000 -0.22440000 -0.00715000
v -0.01860000 -0.22440000 -0.01285000
v -0.01860000 -0.21195491 -0.01058088
v -0.01860000 -0.20945001 -0.00715000
v -0.01860000 -0.21190612 -0.00980535
v -0.01860000 -0.21761742 -0.00833894
v -0.01860000 -0.21789999 -0.00450000
v -0.01860000 -0.21712209 -0.00774020
v -0.01860000 -0.21649344 -0.00728345
v -0.01860000 -0.20559999 -0.01285000
v -0.01860000 -0.20559999 -0.00715000
v -0.01860000 -0.20945001 -0.01285000
v -0.01860000 -0.21210000 -0.01550000
v -0.01860000 -0.21219504 -0.01131992
v -0.01860000 -0.21261141 -0.01197601
v -0.01860000 -0.21385881 -0.01288231
v -0.01860000 -0.21577094 -0.00699739
v -0.01860000 -0.21210000 -0.00450000
v -0.01860000 -0.21422906 -0.00699739
v -0.01860000 -0.21350656 -0.00728345
v -0.01860000 -0.21287790 -0.00774020
v -0.01860000 -0.21238258 -0.00833894
v -0.01860000 -0.21789999 -0.01550000
v -0.01860000 -0.21461147 -0.01307556
v -0.02145000 -0.21010000 -0.01285000
v -0.02145000 -0.20559999 -0.01285000
v -0.02145000 -0.22440000 -0.01285000
v -0.02145000 -0.21990000 -0.01285000
v -0.02145000 -0.22440000 -0.00715000
v -0.02145000 -0.21990000 -0.00715000
v -0.02145000 -0.20559999 -0.00715000
v -0.02145000 -0.21010000 -0.00715000
v -0.01560000 0.22149999 0.02000000
v -0.01560000 0.20851497 0.02000000
v -0.01560000 0.20887759 0.01993472
v -0.01560000 0.20992073 -0.01892937
v -0.01560000 0.20970593 -0.01925711
v -0.01560000 0.21340856 -0.01489794
v -0.01560000 0.21050000 -0.01250450
v -0.01560000 0.21050000 -0.01673592
v -0.01560000 0.21083356 -0.01302709
v -0.01560000 0.21197291 -0.01416644
v -0.01560000 0.20857000 -0.01999850
v -0.01560000 0.20851497 -0.02000000
v -0.01560000 0.22149999 -0.02000000
v -0.01560000 0.21050000 -0.00550000
v -0.01560000 0.21340856 0.00510206
v -0.01560000 0.21197291 0.00583356
v -0.01560000 0.21044296 -0.01743470
v -0.01560000 0.21027540 -0.01812618
v -0.01560000 0.21802710 -0.00583356
v -0.01560000 0.21916644 -0.00697291
v -0.01560000 0.20890146 -0.01992580
v -0.01560000 0.21500000 -0.01515000
v -0.01560000 0.21024868 -0.01820568
v -0.01560000 0.20999847 -0.01878796
v -0.01560000 0.21659143 0.01489794
v -0.01560000 0.21802710 0.01416644
v -0.01560000 0.21916644 0.01302709
v -0.01560000 0.21659143 0.00510206
v -0.01560000 0.21802710 0.00583356
v -0.01560000 0.21916644 0.00697291
v -0.01560000 0.21050000 0.00550000
v -0.01560000 0.21083356 0.00697291
v -0.01560000 0.21050000 0.00749550
v -0.01560000 0.21989794 -0.00840856
v -0.01560000 0.22014999 -0.01000000
v -0.01560000 0.21989794 -0.01159144
v -0.01560000 0.21916644 -0.01302709
v -0.01560000 0.20921789 0.01975157
v -0.01560000 0.20927565 0.01970815
v -0.01560000 0.20928192 0.01970321
v -0.01560000 0.21500000 0.01515000
v -0.01560000 0.20963462 0.01934895
v -0.01560000 0.21340856 0.01489794
v -0.01560000 0.20978794 0.01914168
v -0.01560000 0.21010536 0.01856748
v -0.01560000 0.21050000 -0.00749550
v -0.01560000 0.21083356 -0.00697291
v -0.01560000 0.21197291 -0.00583356
v -0.01560000 0.21340856 -0.00510206
v -0.01560000 0.21500000 0.00485000
v -0.01560000 0.21500000 -0.00485000
v -0.01560000 0.21659143 -0.00510206
v -0.01560000 0.21802710 -0.01416644
v -0.01560000 0.21659143 -0.01489794
v -0.01560000 0.21050000 0.01250450
v -0.01560000 0.21083356 0.01302709
v -0.01560000 0.21050000 0.01673592
v -0.01560000 0.21197291 0.01416644
v -0.01560000 0.21046621 0.01727255
v -0.01560000 0.21032725 0.01795592
v -0.01560000 0.20937404 -0.01962545
v -0.01560000 0.20930770 -0.01968243
v -0.01560000 0.20897794 -0.01989329
v -0.01560000 0.21989794 0.01159144
v -0.01560000 0.22014999 0.01000000
v -0.01560000 0.21989794 0.00840856
v -0.01423675 0.21048810 0.01552118
v -0.01222544 0.21047056 0.01427957
v -0.01000976 0.21045122 0.01345629
v -0.00712173 0.21042602 0.01236667
v 0.00462235 0.21032353 0.01215709
v 0.00087296 0.21035624 0.01222666
v 0.00353373 0.21033302 0.01251542
v 0.00109905 0.21035427 0.01295493
v -0.00767569 0.21043085 0.01308329
v -0.00706300 0.21042550 0.01306229
v 0.00013090 0.21036272 0.01299950
v -0.00493488 0.21040693 0.00767058
v 0.00292916 0.21033829 0.00781116
v 0.00000000 0.21036386 0.00550000
v 0.00523081 0.21031821 -0.00169959
v 0.00550000 0.21031587 0.00000000
v 0.01300842 0.21025033 -0.00048457
v 0.01286497 0.21025158 0.00198529
v 0.00523081 0.21031821 0.00169959
v 0.01225621 0.21025690 0.00438324
v 0.01268137 0.21025319 -0.00293687
v 0.01189566 0.21026005 -0.00528282
v 0.00444959 0.21032503 -0.00323282
v 0.01067975 0.21027066 -0.00743743
v 0.01030035 0.21027397 -0.00795375
v 0.00837671 0.21029076 -0.00791540
v 0.01120420 0.21026608 0.00662245
v 0.00444959 0.21032503 0.00323282
v 0.01030035 0.21027397 0.00795375
v 0.00323282 0.21033564 0.00444959
v 0.00169959 0.21034902 0.00523081
v -0.00712173 0.21042602 -0.00763333
v 0.00000000 0.21036386 -0.00550000
v 0.00087296 0.21035624 -0.00777334
v 0.00169959 0.21034902 -0.00523081
v 0.00323282 0.21033564 -0.00444959
v -0.01328450 0.21047980 0.00753216
v 0.00551184 0.20832209 -0.01395061
v 0.00297012 0.20834132 -0.01470301
v 0.00294645 0.20910586 -0.01455281
v 0.01095272 0.21002553 -0.00866687
v 0.01096486 0.21006174 -0.00853843
v 0.01130343 0.21011433 -0.00787342
v 0.01095600 0.21010226 -0.00840795
v 0.01094345 0.21012132 -0.00835049
v 0.01085971 0.21018246 -0.00817962
v 0.01053588 0.21026139 -0.00798304
v 0.01072871 0.21022844 -0.00806228
v 0.01014034 0.20985000 -0.01000159
v 0.01005516 0.20969459 -0.01033379
v 0.01005486 0.20985074 -0.01008741
v 0.00993100 0.20985410 -0.01020519
v 0.01027112 0.20985185 -0.00986192
v 0.01060071 0.20987982 -0.00944659
v 0.01183037 0.20967986 -0.00824364
v 0.01085308 0.20994869 -0.00899664
v 0.00761810 0.21010205 -0.01159140
v 0.00827842 0.21001944 -0.01131018
v 0.00791610 0.20971236 -0.01205000
v 0.00902179 0.20992900 -0.01089864
v 0.00950458 0.20988083 -0.01056268
v 0.00549054 0.20973249 -0.01333009
v 0.00524800 0.21016645 -0.01273069
v 0.00559635 0.21029079 -0.01208467
v 0.00655947 0.21021768 -0.01191103
v 0.00722369 0.21014848 -0.01172782
v 0.00747022 0.21011983 -0.01164513
v 0.00259156 0.21034124 -0.01274260
v 0.00462235 0.21032353 -0.01215709
v 0.00500598 0.21031620 -0.01214114
v 0.00758753 0.21010576 0.01160277
v 0.00697692 0.21017569 0.01180239
v 0.00618176 0.21015841 0.01230530
v 0.00602135 0.21026301 0.01202074
v 0.00373911 0.21017943 0.01325121
v 0.00505256 0.21031480 0.01213807
v 0.00879162 0.20970508 0.01142739
v 0.00858337 0.20998116 0.01115489
v 0.00829686 0.21001711 0.01130128
v 0.00646821 0.20972437 0.01288455
v 0.00789968 0.21006726 0.01148006
v 0.01079687 0.20968844 0.00955668
v 0.01062837 0.20988441 0.00940565
v 0.01060608 0.20988068 0.00943874
v 0.01019600 0.20985031 0.00994347
v 0.00975286 0.20986280 0.01036275
v 0.00907108 0.20992352 0.01086713
v 0.01096493 0.21006288 0.00853461
v 0.01090148 0.20997557 0.00886967
v 0.01241145 0.20967504 0.00734018
v 0.01070431 0.20989980 0.00928557
v 0.01073510 0.21022680 0.00806632
v 0.01054667 0.21026021 0.00798581
v 0.01085819 0.21018320 0.00817766
v 0.01185847 0.21010956 0.00701058
v 0.01093486 0.21013100 0.00832210
v 0.01095591 0.21010242 0.00840744
v 0.00013625 0.20912810 0.01484715
v 0.00013090 0.20836279 0.01499943
v 0.00124799 0.20835434 0.01494799
v 0.00013813 0.20977689 0.01441361
v 0.00124197 0.20911935 0.01479586
v 0.00402237 0.20909734 0.01429300
v 0.00116137 0.21020162 0.01371731
v 0.00013625 0.21021044 0.01376481
v 0.00286969 0.20834208 0.01472294
v 0.00405724 0.20833310 0.01444087
v 0.00665701 0.20907649 0.01327262
v 0.00391067 0.20974559 0.01387532
v 0.00121155 0.20976800 0.01436373
v 0.00551184 0.20832209 0.01395061
v 0.00671954 0.20831296 0.01341073
v 0.00905053 0.20905755 0.01177175
v 0.00796837 0.20830351 0.01270847
v 0.00913847 0.20829467 0.01189489
v 0.01015654 0.20828697 0.01103833
v 0.01111634 0.20904121 0.00984479
v 0.01122642 0.20827888 0.00994824
v 0.01200266 0.20827301 0.00899645
v 0.01277973 0.20902805 0.00756155
v 0.01290778 0.20826615 0.00764128
v 0.01344457 0.20826210 0.00665159
v 0.01398055 0.20901854 0.00500468
v 0.01412164 0.20825697 0.00505759
v 0.01443369 0.20825462 0.00408272
v 0.01467538 0.20901304 0.00226672
v 0.01482406 0.20825167 0.00229072
v 0.01493672 0.20825082 0.00137636
v 0.01483911 0.20901175 -0.00055325
v 0.01498958 0.20825042 -0.00055911
v 0.01493672 0.20825082 -0.00137636
v 0.01446583 0.20901470 -0.00335321
v 0.01461221 0.20825326 -0.00338870
v 0.01443369 0.20825462 -0.00408272
v 0.01356901 0.20902181 -0.00603184
v 0.01370563 0.20826012 -0.00609556
v 0.01344457 0.20826210 -0.00665159
v 0.01218109 0.20903279 -0.00849221
v 0.01259027 0.21010326 -0.00559235
v 0.01317756 0.20966868 -0.00585523
v 0.01342178 0.21009611 -0.00310890
v 0.01404804 0.20966145 -0.00325501
v 0.01376788 0.21009313 -0.00051295
v 0.01441036 0.20965844 -0.00053705
v 0.01361607 0.21009444 0.00210157
v 0.01425144 0.20965977 0.00220034
v 0.01297184 0.21009998 0.00464003
v 0.01357701 0.20966536 0.00485813
v 0.01230265 0.20827074 -0.00858165
v 0.01200266 0.20827301 -0.00899645
v 0.01035223 0.20904726 -0.01064527
v 0.01045410 0.20828472 -0.01075694
v 0.01015654 0.20828697 -0.01103833
v 0.00814858 0.20906469 -0.01241305
v 0.00570178 0.20832066 -0.01387407
v 0.00564985 0.20908447 -0.01373150
v 0.00796837 0.20830351 -0.01270847
v 0.00822692 0.20830156 -0.01254264
v 0.00013625 0.21021044 -0.01376481
v 0.00274161 0.21018802 -0.01349204
v 0.00013813 0.20977689 -0.01441361
v 0.00286622 0.20975426 -0.01412762
v 0.00013625 0.20912810 -0.01484715
v 0.00013090 0.20836279 -0.01499943
v 0.00013090 0.21036272 -0.01299950
v -0.01860000 0.21500000 0.01310000
v -0.01610000 0.21500000 0.01310000
v -0.01860000 0.21373911 0.01283199
v -0.01610000 0.21373911 0.01283199
v -0.01860000 0.21269625 0.01207430
v -0.01610000 0.21269625 0.01207430
v -0.01860000 0.21205172 0.01095795
v -0.01610000 0.21205172 0.01095795
v -0.01860000 0.21191698 0.00967596
v -0.01610000 0.21191698 0.00967596
v -0.01860000 0.21231532 0.00845000
v -0.01610000 0.21231532 0.00845000
v -0.01860000 0.21317786 0.00749205
v -0.01610000 0.21317786 0.00749205
v -0.01860000 0.21435547 0.00696774
v -0.01610000 0.21435547 0.00696774
v -0.01860000 0.21564452 0.00696774
v -0.01610000 0.21564452 0.00696774
v -0.01860000 0.21682213 0.00749205
v -0.01610000 0.21682213 0.00749205
v -0.01860000 0.21768467 0.00845000
v -0.01610000 0.21768467 0.00845000
v -0.01860000 0.21808302 0.00967596
v -0.01610000 0.21808302 0.00967596
v -0.01860000 0.21794827 0.01095795
v -0.01610000 0.21794827 0.01095795
v -0.01860000 0.21730375 0.01207430
v -0.01610000 0.21730375 0.01207430
v -0.01860000 0.21626088 0.01283199
v -0.01610000 0.21626088 0.01283199
v -0.01554900 0.21049955 -0.01668331
v -0.01137355 0.21046312 -0.01243704
v -0.01166791 0.21046568 -0.01402465
v -0.01374002 0.21048377 -0.01516192
v -0.00313197 0.21039119 -0.01229813
v -0.00706300 0.21042550 -0.01306229
v -0.00941308 0.21044602 -0.01331560
v -0.01860000 0.21500000 -0.00690000
v -0.01610000 0.21500000 -0.00690000
v -0.01860000 0.21373911 -0.00716801
v -0.01610000 0.21373911 -0.00716801
v -0.01860000 0.21269625 -0.00792569
v -0.01610000 0.21269625 -0.00792569
v -0.01860000 0.21205172 -0.00904205
v -0.01610000 0.21205172 -0.00904205
v -0.01860000 0.21191698 -0.01032404
v -0.01610000 0.21191698 -0.01032404
v -0.01860000 0.21231532 -0.01155000
v -0.01610000 0.21231532 -0.01155000
v -0.01860000 0.21317786 -0.01250795
v -0.01610000 0.21317786 -0.01250795
v -0.01860000 0.21435547 -0.01303226
v -0.01610000 0.21435547 -0.01303226
v -0.01860000 0.21564452 -0.01303226
v -0.01610000 0.21564452 -0.01303226
v -0.01860000 0.21682213 -0.01250795
v -0.01610000 0.21682213 -0.01250795
v -0.01860000 0.21768467 -0.01155000
v -0.01610000 0.21768467 -0.01155000
v -0.01860000 0.21808302 -0.01032404
v -0.01610000 0.21808302 -0.01032404
v -0.01860000 0.21794827 -0.00904205
v -0.01610000 0.21794827 -0.00904205
v -0.01860000 0.21730375 -0.00792569
v -0.01610000 0.21730375 -0.00792569
v -0.01860000 0.21626088 -0.00716801
v -0.01610000 0.21626088 -0.00716801
v -0.01560000 0.20558579 -0.01941421
v -0.01560000 0.20623463 -0.01984776
v -0.01560000 0.20700000 -0.02000000
v -0.01560000 0.20558579 0.01941421
v -0.01560000 0.20515224 0.01876537
v -0.01560000 0.20500000 0.01800000
v -0.01560000 0.20623463 0.01984776
v -0.01560000 0.20515224 -0.01876537
v -0.01560000 0.20500000 -0.01800000
v -0.01560000 0.20700000 0.02000000
v -0.01712484 0.22499999 -0.01913149
v -0.01755072 0.22499999 -0.02000000
v -0.02000000 0.22499999 -0.02000000
v -0.01597994 0.22499999 -0.01732485
v -0.01669350 0.22499999 -0.01838484
v -0.01632436 0.22499999 0.01781685
v -0.02000000 0.22499999 0.02000000
v -0.01684977 0.22499999 -0.01864325
v -0.01755072 0.22499999 0.02000000
v -0.01700844 0.22499999 0.01891916
v -0.01665965 0.22499999 0.01833044
v -0.01646931 0.22499999 0.01803366
v -0.01586530 0.22499999 0.01716463
v -0.01570137 0.22499999 0.01692950
v -0.01567365 0.22499999 -0.01688697
v -0.01563272 0.22499999 0.01681900
v -0.01560652 0.22499999 0.01676448
v -0.01560000 0.22499999 0.01673592
v -0.01560000 0.22499999 -0.01673592
v -0.01560837 0.22499999 -0.01676929
v -0.01560000 0.22301498 -0.02000000
v -0.02000000 0.20700000 -0.02000000
v -0.01704579 0.22488052 -0.02000000
v -0.01677050 0.22476418 -0.02000000
v -0.01560990 0.22319959 -0.02000000
v -0.01635178 0.22449715 -0.02000000
v -0.01611510 0.22427712 -0.02000000
v -0.01584153 0.22390580 -0.02000000
v -0.01571091 0.22362688 -0.02000000
v -0.02000000 0.20500000 -0.01800000
v -0.02000000 0.20500000 0.01800000
v -0.01600272 0.22414529 0.02000000
v -0.01626736 0.22442599 0.02000000
v -0.01560000 0.22301498 0.02000000
v -0.01647316 0.22458796 0.02000000
v -0.01692172 0.22483304 0.02000000
v -0.01699337 0.22486140 0.02000000
v -0.01712900 0.22490813 0.02000000
v -0.02000000 0.20700000 0.02000000
v -0.01634419 0.22449104 0.02000000
v -0.01565553 0.22345033 0.02000000
v -0.01570646 0.22361475 0.02000000
v -0.01591365 0.22402231 0.02000000
v -0.02000000 0.20966472 -0.01315000
v -0.02000000 0.21185000 -0.01533528
v -0.02000000 0.21185000 -0.01950000
v -0.02000000 0.22033527 0.01315000
v -0.02000000 0.21815000 0.01533528
v -0.02000000 0.21815000 0.01950000
v -0.02000000 0.20550001 0.00685000
v -0.02000000 0.20550001 -0.00685000
v -0.02000000 0.20550001 -0.01315000
v -0.02000000 0.22450000 0.01315000
v -0.02000000 0.21185000 0.01950000
v -0.02000000 0.21185000 0.01533528
v -0.02000000 0.20966472 0.01315000
v -0.02000000 0.20550001 0.01315000
v -0.02000000 0.20558579 -0.01941421
v -0.02000000 0.20515224 -0.01876537
v -0.02000000 0.20623463 -0.01984776
v -0.02000000 0.21815000 -0.01950000
v -0.02000000 0.21815000 -0.01533528
v -0.02000000 0.22033527 -0.01315000
v -0.02000000 0.20558579 0.01941421
v -0.02000000 0.20623463 0.01984776
v -0.02000000 0.20515224 0.01876537
v -0.02000000 0.21185000 -0.00466472
v -0.02000000 0.20966472 -0.00685000
v -0.02000000 0.21185000 0.00466472
v -0.02000000 0.20966472 0.00685000
v -0.02000000 0.22450000 -0.01315000
v -0.02000000 0.22450000 -0.00685000
v -0.02000000 0.22450000 0.00685000
v -0.02000000 0.21815000 0.00466472
v -0.02000000 0.22033527 0.00685000
v -0.02000000 0.21815000 -0.00466472
v -0.02000000 0.22033527 -0.00685000
v -0.00550000 0.22250000 0.00000000
v -0.01460000 0.22250000 0.01859108
v -0.01460000 0.22250000 -0.01859108
v 0.00444959 0.22250000 -0.00323282
v 0.01344457 0.22250000 -0.00665159
v 0.00523081 0.22250000 -0.00169959
v 0.01443369 0.22250000 -0.00408272
v 0.00550000 0.22250000 0.00000000
v 0.01493672 0.22250000 -0.00137636
v 0.01493672 0.22250000 0.00137636
v 0.00523081 0.22250000 0.00169959
v 0.00323282 0.22250000 -0.00444959
v 0.01015654 0.22250000 -0.01103833
v 0.01200266 0.22250000 -0.00899645
v 0.00000000 0.22250000 -0.00550000
v 0.00286969 0.22250000 -0.01472294
v 0.00169959 0.22250000 -0.00523081
v 0.00551184 0.22250000 -0.01395061
v 0.00796837 0.22250000 -0.01270847
v -0.00523081 0.22250000 0.00169959
v -0.00444959 0.22250000 0.00323282
v -0.01438051 0.22250000 0.01834101
v 0.00444959 0.22250000 0.00323282
v 0.01015654 0.22250000 0.01103833
v 0.00323282 0.22250000 0.00444959
v 0.00796837 0.22250000 0.01270847
v 0.00169959 0.22250000 0.00523081
v -0.01284710 0.22250000 -0.01696695
v -0.01106478 0.22250000 -0.01593606
v -0.00323282 0.22250000 -0.00444959
v -0.00910911 0.22250000 -0.01529204
v -0.00169959 0.22250000 -0.00523081
v -0.00706300 0.22250000 -0.01506221
v 0.00013090 0.22250000 -0.01499943
v -0.01438051 0.22250000 -0.01834101
v -0.00444959 0.22250000 -0.00323282
v -0.00523081 0.22250000 -0.00169959
v 0.01443369 0.22250000 0.00408272
v 0.01344457 0.22250000 0.00665159
v 0.01200266 0.22250000 0.00899645
v -0.01284710 0.22250000 0.01696695
v -0.00323282 0.22250000 0.00444959
v -0.01106478 0.22250000 0.01593606
v 0.00551184 0.22250000 0.01395061
v 0.00286969 0.22250000 0.01472294
v 0.00000000 0.22250000 0.00550000
v 0.00013090 0.22250000 0.01499943
v -0.00169959 0.22250000 0.00523081
v -0.00706300 0.22250000 0.01506221
v -0.00910911 0.22250000 0.01529204
v -0.00685359 0.22492367 -0.00142419
v -0.00698368 0.22492480 0.00047770
v -0.00659583 0.22492142 0.00234416
v -0.00571879 0.22491376 0.00403676
v 0.00621520 0.22480962 -0.00322046
v 0.01067975 0.22477067 -0.00743743
v 0.00511585 0.22481921 -0.00477787
v 0.00907767 0.22478464 -0.00932268
v 0.00363709 0.22483212 -0.00598094
v -0.01502413 0.22499497 0.01617688
v -0.01312607 0.22497842 0.01476822
v -0.00441762 0.22490241 0.00542998
v 0.00441762 0.22482531 0.00542998
v 0.00974702 0.22477880 0.00862180
v 0.00571879 0.22481395 0.00403676
v 0.01120420 0.22476609 0.00662245
v 0.00659583 0.22480629 0.00234416
v 0.01225621 0.22475690 0.00438324
v 0.00698368 0.22480291 0.00047770
v 0.01286497 0.22475159 0.00198529
v 0.00700000 0.22480278 0.00000000
v 0.01300842 0.22475034 -0.00048457
v 0.00685359 0.22480404 -0.00142419
v 0.01268137 0.22475319 -0.00293687
v 0.01189566 0.22476006 -0.00528282
v -0.00621520 0.22491810 -0.00322046
v -0.00511585 0.22490850 -0.00477787
v -0.01554900 0.22499956 -0.01668331
v -0.01374002 0.22498377 -0.01516192
v -0.00706300 0.22492550 -0.01306229
v -0.00941308 0.22494601 -0.01331560
v -0.01166791 0.22496569 -0.01402465
v 0.00095317 0.22485554 0.00693480
v 0.00353373 0.22483303 0.01251542
v 0.00278881 0.22483952 0.00642048
v 0.00584106 0.22481288 0.01162263
v 0.00793746 0.22479460 0.01030890
v -0.01098870 0.22495976 0.01375892
v -0.00869496 0.22493973 0.01318816
v -0.00278881 0.22488821 0.00642048
v -0.00706300 0.22492550 0.01306229
v -0.00095317 0.22487219 0.00693480
v 0.00013090 0.22486272 0.01299950
v 0.00109905 0.22485428 0.01295493
v 0.00714745 0.22480148 -0.01087029
v 0.00495899 0.22482058 -0.01202419
v 0.00188858 0.22484738 -0.00674042
v 0.00259156 0.22484125 -0.01274260
v 0.00000000 0.22486386 -0.00700000
v 0.00013090 0.22486272 -0.01299950
v -0.00188858 0.22488034 -0.00674042
v -0.00363709 0.22489560 -0.00598094
v 0.00551184 0.20800000 -0.01395061
v 0.00113613 0.20800000 -0.00164597
v 0.00024107 0.20800000 -0.00198542
v 0.01344457 0.20800000 0.00665159
v 0.00177091 0.20800000 0.00092945
v 0.01443369 0.20800000 0.00408272
v 0.00200000 0.20800000 0.00000000
v 0.01493672 0.20800000 0.00137636
v 0.01200266 0.20800000 -0.00899645
v 0.00177091 0.20800000 -0.00092945
v 0.01015654 0.20800000 -0.01103833
v 0.00796837 0.20800000 -0.01270847
v -0.00070921 0.20800000 -0.00187003
v 0.00013090 0.20800000 -0.01499943
v 0.00286969 0.20800000 -0.01472294
v -0.01438051 0.20800000 -0.01834101
v -0.01284710 0.20800000 -0.01696695
v -0.00149702 0.20800000 -0.00132625
v 0.01344457 0.20800000 -0.00665159
v 0.01443369 0.20800000 -0.00408272
v 0.01493672 0.20800000 -0.00137636
v 0.00024107 0.20800000 0.00198542
v 0.00113613 0.20800000 0.00164597
v 0.00551184 0.20800000 0.01395061
v 0.01200266 0.20800000 0.00899645
v 0.01015654 0.20800000 0.01103833
v 0.00796837 0.20800000 0.01270847
v -0.01106478 0.20800000 -0.01593606
v -0.00910911 0.20800000 -0.01529204
v -0.00706300 0.20800000 -0.01506221
v -0.01460000 0.20800000 -0.01859108
v -0.00194188 0.20800000 -0.00047863
v -0.01460000 0.20800000 0.01859108
v -0.01106478 0.20800000 0.01593606
v -0.01284710 0.20800000 0.01696695
v -0.00149702 0.20800000 0.00132625
v -0.00194188 0.20800000 0.00047863
v -0.01438051 0.20800000 0.01834101
v 0.00286969 0.20800000 0.01472294
v 0.00013090 0.20800000 0.01499943
v -0.00070921 0.20800000 0.00187003
v -0.00706300 0.20800000 0.01506221
v -0.00910911 0.20800000 0.01529204
v -0.00706300 0.20842558 0.01506221
v -0.00757358 0.20843092 0.01507972
v -0.00910911 0.20844701 0.01529204
v -0.00951864 0.20845129 0.01539055
v -0.01106478 0.20846748 0.01593606
v -0.01136503 0.20847063 0.01607661
v -0.01304113 0.20848818 0.01711129
v -0.01448189 0.20850326 0.01845444
v -0.01552388 0.20738268 0.01987248
v -0.01557896 0.20720407 0.01996431
v -0.01530711 0.20770711 0.01953116
v -0.01498268 0.20792387 0.01907110
v -0.00706300 0.20842558 -0.01506221
v -0.01530711 0.20770711 -0.01953116
v -0.01552388 0.20738268 -0.01987248
v -0.01557905 0.20720363 -0.01996447
v -0.01498268 0.20792387 -0.01907110
v -0.01536439 0.20851251 -0.01961844
v -0.01438051 0.20850220 -0.01834101
v -0.01413467 0.20849963 -0.01807973
v -0.01262718 0.20848384 -0.01681191
v -0.01090043 0.20846575 -0.01586418
v -0.00902140 0.20844609 -0.01527330
v -0.01530711 0.22220711 -0.01953116
v -0.01552388 0.22188269 -0.01987248
v -0.01557905 0.22170363 -0.01996447
v -0.01498268 0.22242388 -0.01907110
v -0.01536439 0.22301251 -0.01961844
v -0.01438051 0.22300221 -0.01834101
v -0.01413467 0.22299963 -0.01807973
v -0.01262718 0.22298385 -0.01681191
v -0.01090043 0.22296576 -0.01586418
v -0.00902140 0.22294608 -0.01527330
v -0.00706300 0.22292557 -0.01506221
v 0.00013090 0.22286279 -0.01499943
v 0.00124799 0.22285435 0.01494799
v 0.00013090 0.22286279 0.01499943
v 0.00286969 0.22284208 0.01472294
v 0.00405724 0.22283310 0.01444087
v 0.00551184 0.22282210 0.01395061
v 0.00671954 0.22281297 0.01341073
v 0.00796837 0.22280352 0.01270847
v 0.00913847 0.22279467 0.01189489
v 0.01015654 0.22278696 0.01103833
v 0.01122642 0.22277887 0.00994824
v 0.01200266 0.22277300 0.00899645
v 0.01290778 0.22276616 0.00764128
v 0.01344457 0.22276209 0.00665159
v 0.01412164 0.22275698 0.00505759
v 0.01443369 0.22275461 0.00408272
v 0.01482406 0.22275166 0.00229072
v 0.01493672 0.22275081 0.00137636
v 0.01498958 0.22275041 -0.00055911
v 0.01493672 0.22275081 -0.00137636
v 0.01461221 0.22275327 -0.00338870
v 0.01443369 0.22275461 -0.00408272
v 0.01370563 0.22276013 -0.00609556
v 0.01344457 0.22276209 -0.00665159
v 0.01230265 0.22277074 -0.00858165
v 0.01200266 0.22277300 -0.00899645
v 0.01045410 0.22278471 -0.01075694
v 0.01015654 0.22278696 -0.01103833
v 0.00822692 0.22280157 -0.01254264
v 0.00796837 0.22280352 -0.01270847
v 0.00570178 0.22282065 -0.01387407
v 0.00551184 0.22282210 -0.01395061
v 0.00297012 0.22284132 -0.01470301
v -0.00706300 0.22292557 0.01506221
v -0.00842297 0.22293982 0.01516711
v -0.00910911 0.22294700 0.01529204
v -0.01033442 0.22295983 0.01564274
v -0.01106478 0.22296748 0.01593606
v -0.01211556 0.22297849 0.01648382
v -0.01284710 0.22298615 0.01696695
v -0.01369727 0.22299506 0.01765771
v -0.01438051 0.22300221 0.01834101
v -0.01557896 0.22170407 0.01996431
v -0.01552388 0.22188269 0.01987248
v -0.01530711 0.22220711 0.01953116
v -0.01501820 0.22300889 0.01911887
v -0.01498268 0.22242388 0.01907110
v 0.00000000 0.22278300 -0.00550000
v 0.00169959 0.22278300 -0.00523081
v 0.00323282 0.22278300 -0.00444959
v 0.00444959 0.22278300 -0.00323282
v 0.00523081 0.22278300 -0.00169959
v 0.00550000 0.22278300 0.00000000
v 0.00523081 0.22278300 0.00169959
v 0.00444959 0.22278300 0.00323282
v 0.00323282 0.22278300 0.00444959
v 0.00169959 0.22278300 0.00523081
v 0.00000000 0.22278300 0.00550000
v -0.00169959 0.22278300 0.00523081
v -0.00323282 0.22278300 0.00444959
v -0.00444959 0.22278300 0.00323282
v -0.00523081 0.22278300 0.00169959
v -0.00550000 0.22278300 0.00000000
v -0.00523081 0.22278300 -0.00169959
v -0.00444959 0.22278300 -0.00323282
v -0.00323282 0.22278300 -0.00444959
v -0.00169959 0.22278300 -0.00523081
v -0.01548896 0.20927449 -0.01953329
v -0.01500449 0.21034375 -0.01721569
v -0.01454487 0.20990939 -0.01766765
v -0.01423956 0.20926210 -0.01797094
v -0.01331011 0.21032871 -0.01579147
v -0.01136950 0.21031149 -0.01472715
v -0.00925802 0.21029276 -0.01406397
v -0.00705765 0.21027322 -0.01382759
v -0.01294789 0.20989452 -0.01632577
v -0.01111896 0.20987751 -0.01532317
v -0.00912916 0.20985898 -0.01469867
v -0.00705578 0.20983969 -0.01447639
v -0.01270816 0.20924692 -0.01668398
v -0.01095428 0.20922951 -0.01572235
v -0.00904608 0.20921060 -0.01512328
v -0.00705765 0.20919088 -0.01490993
v -0.00705765 0.20919088 0.01490993
v -0.00705578 0.20983969 0.01447639
v -0.00705765 0.21027322 0.01382759
v -0.01539480 0.21034722 0.01763668
v -0.01377536 0.21033284 0.01612776
v -0.01491275 0.20991282 0.01806434
v -0.01459232 0.20926559 0.01835137
v -0.00757602 0.20919602 0.01492745
v -0.00955100 0.20921561 0.01524208
v -0.00763128 0.21027832 0.01384705
v -0.00981674 0.21029770 0.01419551
v -0.01189162 0.21031612 0.01496568
v -0.01338638 0.20989861 0.01664259
v -0.01161102 0.20988208 0.01554784
v -0.00965567 0.20986389 0.01482250
v -0.00759628 0.20984471 0.01449461
v -0.01312865 0.20925108 0.01698785
v -0.01142615 0.20923421 0.01593785
v -0.01548896 0.22377448 -0.01953329
v -0.01584781 0.22442152 -0.01929677
v -0.01638681 0.22485602 -0.01894455
v -0.01500449 0.22484376 -0.01721569
v -0.01331011 0.22482871 -0.01579147
v -0.01136950 0.22481149 -0.01472715
v -0.00925802 0.22479275 -0.01406397
v -0.00705765 0.22477321 -0.01382759
v -0.01454487 0.22440940 -0.01766765
v -0.01294789 0.22439453 -0.01632577
v -0.01111896 0.22437751 -0.01532317
v -0.00912916 0.22435898 -0.01469867
v -0.00705578 0.22433968 -0.01447639
v -0.01423956 0.22376209 -0.01797094
v -0.01270816 0.22374691 -0.01668398
v -0.01095428 0.22372952 -0.01572235
v -0.00904608 0.22371060 -0.01512328
v -0.00705765 0.22369088 -0.01490993
v 0.00013625 0.22362810 -0.01484715
v 0.00013813 0.22427690 -0.01441361
v 0.00013625 0.22471043 -0.01376481
v 0.00294645 0.22360586 -0.01455281
v 0.00013625 0.22362810 0.01484715
v 0.00013625 0.22471043 0.01376481
v 0.00013813 0.22427690 0.01441361
v 0.00121155 0.22426799 0.01436373
v 0.00116137 0.22470161 0.01371731
v 0.00124197 0.22361934 0.01479586
v 0.00402237 0.22359735 0.01429300
v 0.00665701 0.22357650 0.01327262
v 0.00905053 0.22355756 0.01177175
v 0.01111634 0.22354122 0.00984479
v 0.01277973 0.22352804 0.00756155
v 0.01398055 0.22351855 0.00500468
v 0.01467538 0.22351305 0.00226672
v 0.01483911 0.22351176 -0.00055325
v 0.01446583 0.22351471 -0.00335321
v 0.01356901 0.22352180 -0.00603184
v 0.01218109 0.22353278 -0.00849221
v 0.01035223 0.22354726 -0.01064527
v 0.00814858 0.22356470 -0.01241305
v 0.00564985 0.22358447 -0.01373150
v 0.00391067 0.22424559 0.01387532
v 0.00646821 0.22422437 0.01288455
v 0.00879162 0.22420508 0.01142739
v 0.01079687 0.22418845 0.00955668
v 0.01241145 0.22417504 0.00734018
v 0.01357701 0.22416537 0.00485813
v 0.01425144 0.22415976 0.00220034
v 0.01441036 0.22415845 -0.00053705
v 0.01404804 0.22416146 -0.00325501
v 0.01317756 0.22416869 -0.00585523
v 0.01183037 0.22417986 -0.00824364
v 0.01005516 0.22419460 -0.01033379
v 0.00791610 0.22421235 -0.01205000
v 0.00549054 0.22423248 -0.01333009
v 0.00286622 0.22425427 -0.01412762
v 0.00373911 0.22467944 0.01325121
v 0.00618176 0.22465841 0.01230530
v 0.00840090 0.22463931 0.01091389
v 0.01031624 0.22462283 0.00912742
v 0.01185847 0.22460955 0.00701058
v 0.01297184 0.22459997 0.00464003
v 0.01361607 0.22459443 0.00210157
v 0.01376788 0.22459313 -0.00051295
v 0.01342178 0.22459611 -0.00310890
v 0.01259027 0.22460327 -0.00559235
v 0.01130343 0.22461434 -0.00787342
v 0.00960778 0.22462893 -0.00986954
v 0.00756467 0.22464651 -0.01150843
v 0.00524800 0.22466645 -0.01273069
v 0.00274161 0.22468802 -0.01349204
v -0.00705765 0.22369088 0.01490993
v -0.00705578 0.22433968 0.01447639
v -0.00705765 0.22477321 0.01382759
v -0.01513721 0.22377099 0.01902601
v -0.01599765 0.22485256 0.01838321
v -0.01451285 0.22483939 0.01674158
v -0.01548099 0.22441810 0.01876780
v -0.00843843 0.22370458 0.01501575
v -0.01037945 0.22372381 0.01549776
v -0.00858562 0.22478679 0.01394490
v -0.01073344 0.22480585 0.01447855
v -0.01273509 0.22482361 0.01542298
v -0.01218846 0.22374175 0.01635102
v -0.01379520 0.22375768 0.01754251
v -0.01408148 0.22440508 0.01722093
v -0.01240595 0.22438948 0.01597862
v -0.01051954 0.22437192 0.01508903
v -0.00849554 0.22435309 0.01458660
v 0.00000000 0.21050000 -0.00550000
v 0.00169959 0.21050000 -0.00523081
v 0.00323282 0.21050000 -0.00444959
v 0.00444959 0.21050000 -0.00323282
v 0.00523081 0.21050000 -0.00169959
v 0.00550000 0.21050000 0.00000000
v 0.00523081 0.21050000 0.00169959
v 0.00444959 0.21050000 0.00323282
v 0.00323282 0.21050000 0.00444959
v 0.00169959 0.21050000 0.00523081
v 0.00000000 0.21050000 0.00550000
v -0.00149702 0.21050000 0.00132625
v -0.00194188 0.21050000 0.00047863
v -0.00194188 0.21050000 -0.00047863
v -0.00149702 0.21050000 -0.00132625
v 0.00200000 0.21050000 0.00000000
v 0.00177091 0.21050000 0.00092945
v -0.00070921 0.21050000 0.00187003
v 0.00024107 0.21050000 0.00198542
v 0.00113613 0.21050000 0.00164597
v -0.00070921 0.21050000 -0.00187003
v 0.00024107 0.21050000 -0.00198542
v 0.00113613 0.21050000 -0.00164597
v 0.00177091 0.21050000 -0.00092945
v 0.00685359 0.22278300 -0.00142419
v 0.00621520 0.22278300 -0.00322046
v 0.00511585 0.22278300 -0.00477787
v 0.00363709 0.22278300 -0.00598094
v 0.00188858 0.22278300 -0.00674042
v 0.00000000 0.22278300 -0.00700000
v -0.00188858 0.22278300 -0.00674042
v -0.00363709 0.22278300 -0.00598094
v -0.00511585 0.22278300 -0.00477787
v -0.00621520 0.22278300 -0.00322046
v -0.00685359 0.22278300 -0.00142419
v -0.00698368 0.22278300 0.00047770
v -0.00659583 0.22278300 0.00234416
v -0.00571879 0.22278300 0.00403676
v -0.00441762 0.22278300 0.00542998
v -0.00278881 0.22278300 0.00642048
v -0.00095317 0.22278300 0.00693480
v 0.00095317 0.22278300 0.00693480
v 0.00278881 0.22278300 0.00642048
v 0.00441762 0.22278300 0.00542998
v 0.00571879 0.22278300 0.00403676
v 0.00659583 0.22278300 0.00234416
v 0.00698368 0.22278300 0.00047770
v -0.01610000 0.21802710 -0.00583356
v -0.01610000 0.21659143 -0.00510206
v -0.01610000 0.21500000 -0.00485000
v -0.01610000 0.21500000 -0.01515000
v -0.01610000 0.21659143 -0.01489794
v -0.01610000 0.21802710 -0.01416644
v -0.01610000 0.21916644 -0.01302709
v -0.01610000 0.21989794 -0.01159144
v -0.01610000 0.22014999 -0.01000000
v -0.01610000 0.21989794 -0.00840856
v -0.01610000 0.21916644 -0.00697291
v -0.01610000 0.21010207 -0.01159144
v -0.01610000 0.21083356 -0.01302709
v -0.01610000 0.21197291 -0.01416644
v -0.01610000 0.21340856 -0.01489794
v -0.01610000 0.21340856 -0.00510206
v -0.01610000 0.21197291 -0.00583356
v -0.01610000 0.21083356 -0.00697291
v -0.01610000 0.21010207 -0.00840856
v -0.01610000 0.20985000 -0.01000000
v 0.01062817 0.21018276 -0.00817882
v 0.00604628 0.21021482 -0.01190384
v -0.01610000 0.21802710 0.01416644
v -0.01610000 0.21659143 0.01489794
v -0.01610000 0.21500000 0.01515000
v -0.01610000 0.21989794 0.00840856
v -0.01610000 0.22014999 0.01000000
v -0.01610000 0.21989794 0.01159144
v -0.01610000 0.21916644 0.01302709
v -0.01610000 0.21500000 0.00485000
v -0.01610000 0.21659143 0.00510206
v -0.01610000 0.21802710 0.00583356
v -0.01610000 0.21916644 0.00697291
v -0.01610000 0.21010207 0.00840856
v -0.01610000 0.21083356 0.00697291
v -0.01610000 0.21197291 0.00583356
v -0.01610000 0.21340856 0.00510206
v -0.01610000 0.21340856 0.01489794
v -0.01610000 0.21197291 0.01416644
v -0.01610000 0.21083356 0.01302709
v -0.01610000 0.21010207 0.01159144
v -0.01610000 0.20985000 0.01000000
v 0.00610494 0.21020661 0.01188308
v 0.01062813 0.21018286 0.00817857
v -0.01860000 0.21185000 -0.01950000
v -0.01860000 0.21185000 -0.01533528
v -0.01860000 0.20966472 0.00685000
v -0.01860000 0.20550001 0.00685000
v -0.01860000 0.20550001 0.01315000
v -0.01860000 0.21185000 -0.00466472
v -0.01860000 0.21185000 0.00466472
v -0.01860000 0.21185000 0.01950000
v -0.01860000 0.21815000 0.01950000
v -0.01860000 0.21185000 0.01533528
v -0.01860000 0.21815000 0.01533528
v -0.01860000 0.21815000 -0.01533528
v -0.01860000 0.21815000 -0.01950000
v -0.01860000 0.20966472 0.01315000
v -0.01860000 0.20550001 -0.01315000
v -0.01860000 0.20550001 -0.00685000
v -0.01860000 0.20966472 -0.01315000
v -0.01860000 0.20966472 -0.00685000
v -0.01860000 0.22450000 0.01315000
v -0.01860000 0.22450000 0.00685000
v -0.01860000 0.22033527 0.01315000
v -0.01860000 0.22033527 0.00685000
v -0.01860000 0.21815000 0.00466472
v -0.01860000 0.22450000 -0.00685000
v -0.01860000 0.22450000 -0.01315000
v -0.01860000 0.22033527 -0.00685000
v -0.01860000 0.22033527 -0.01315000
v -0.01860000 0.21815000 -0.00466472
v 0.00505427 0.22250000 0.00216896
v 0.00806256 0.22250000 0.00269168
v 0.00538741 0.22250000 0.00110714
v 0.00838993 0.22250000 0.00136350
v 0.00850000 0.22250000 0.00000000
v 0.00538741 0.22250000 -0.00110714
v -0.00480891 0.22250000 -0.00266916
v -0.00781982 0.22250000 -0.00333172
v -0.00524777 0.22250000 -0.00164650
v -0.00825301 0.22250000 -0.00203418
v -0.00547178 0.22250000 -0.00055643
v -0.00847244 0.22250000 -0.00068397
v -0.00547178 0.22250000 0.00055643
v -0.00847244 0.22250000 0.00068397
v -0.00524777 0.22250000 0.00164650
v 0.00191018 0.22250000 0.00515764
v 0.00364389 0.22250000 0.00767933
v 0.00290930 0.22250000 0.00466754
v 0.00482855 0.22250000 0.00699536
v 0.00378932 0.22250000 0.00398636
v 0.00588816 0.22250000 0.00613022
v 0.00451420 0.22250000 0.00314198
v 0.00679526 0.22250000 0.00510631
v 0.00752638 0.22250000 0.00395015
v -0.00137859 0.22250000 -0.00532442
v -0.00301414 0.22250000 -0.00794764
v -0.00242217 0.22250000 -0.00493792
v -0.00425000 0.22250000 -0.00736122
v -0.00336658 0.22250000 -0.00434927
v -0.00537579 0.22250000 -0.00658414
v -0.00417317 0.22250000 -0.00358255
v -0.00636234 0.22250000 -0.00563654
v -0.00718412 0.22250000 -0.00454296
v -0.00242217 0.22250000 0.00493792
v -0.00301414 0.22250000 0.00794764
v -0.00137859 0.22250000 0.00532442
v -0.00170022 0.22250000 0.00832822
v -0.00027857 0.22250000 0.00549294
v -0.00034226 0.22250000 0.00849311
v 0.00083285 0.22250000 0.00543658
v 0.00102456 0.22250000 0.00843803
v 0.00236485 0.22250000 0.00816440
v 0.00838993 0.22250000 -0.00136350
v 0.00806256 0.22250000 -0.00269168
v 0.00505427 0.22250000 -0.00216896
v 0.00752638 0.22250000 -0.00395015
v 0.00451420 0.22250000 -0.00314198
v 0.00679526 0.22250000 -0.00510631
v 0.00378932 0.22250000 -0.00398636
v 0.00588816 0.22250000 -0.00613022
v 0.00290930 0.22250000 -0.00466754
v 0.00482855 0.22250000 -0.00699536
v 0.00364389 0.22250000 -0.00767933
v 0.00191018 0.22250000 -0.00515764
v 0.00236485 0.22250000 -0.00816440
v 0.00083285 0.22250000 -0.00543658
v 0.00102456 0.22250000 -0.00843803
v -0.00027857 0.22250000 -0.00549294
v -0.00034226 0.22250000 -0.00849311
v -0.00170022 0.22250000 -0.00832822
v -0.00825301 0.22250000 0.00203418
v -0.00781982 0.22250000 0.00333172
v -0.00480891 0.22250000 0.00266916
v -0.00718412 0.22250000 0.00454296
v -0.00417317 0.22250000 0.00358255
v -0.00636234 0.22250000 0.00563654
v -0.00336658 0.22250000 0.00434927
v -0.00537579 0.22250000 0.00658414
v -0.00425000 0.22250000 0.00736122
v 0.00550000 0.22149999 0.00000000
v 0.00538741 0.22149999 0.00110714
v 0.00505427 0.22149999 0.00216896
v 0.00451420 0.22149999 0.00314198
v 0.00378932 0.22149999 0.00398636
v 0.00290930 0.22149999 0.00466754
v 0.00191018 0.22149999 0.00515764
v 0.00083285 0.22149999 0.00543658
v -0.00027857 0.22149999 0.00549294
v -0.00137859 0.22149999 0.00532442
v -0.00242217 0.22149999 0.00493792
v -0.00336658 0.22149999 0.00434927
v -0.00417317 0.22149999 0.00358255
v -0.00480891 0.22149999 0.00266916
v -0.00524777 0.22149999 0.00164650
v -0.00547178 0.22149999 0.00055643
v -0.00547178 0.22149999 -0.00055643
v -0.00524777 0.22149999 -0.00164650
v -0.00480891 0.22149999 -0.00266916
v -0.00417317 0.22149999 -0.00358255
v -0.00336658 0.22149999 -0.00434927
v -0.00242217 0.22149999 -0.00493792
v -0.00137859 0.22149999 -0.00532442
v -0.00027857 0.22149999 -0.00549294
v 0.00083285 0.22149999 -0.00543658
v 0.00191018 0.22149999 -0.00515764
v 0.00290930 0.22149999 -0.00466754
v 0.00378932 0.22149999 -0.00398636
v 0.00451420 0.22149999 -0.00314198
v 0.00505427 0.22149999 -0.00216896
v 0.00538741 0.22149999 -0.00110714
v 0.00806256 0.22149999 -0.00269168
v 0.00838993 0.22149999 -0.00136350
v 0.00850000 0.22149999 0.00000000
v 0.00364389 0.22149999 0.00767933
v 0.00236485 0.22149999 0.00816440
v 0.00102456 0.22149999 0.00843803
v -0.00034226 0.22149999 0.00849311
v 0.00838993 0.22149999 0.00136350
v 0.00806256 0.22149999 0.00269168
v 0.00752638 0.22149999 0.00395015
v 0.00679526 0.22149999 0.00510631
v 0.00588816 0.22149999 0.00613022
v 0.00482855 0.22149999 0.00699536
v 0.00364389 0.22149999 -0.00767933
v 0.00482855 0.22149999 -0.00699536
v 0.00588816 0.22149999 -0.00613022
v 0.00679526 0.22149999 -0.00510631
v 0.00752638 0.22149999 -0.00395015
v -0.00301414 0.22149999 -0.00794764
v -0.00170022 0.22149999 -0.00832822
v -0.00034226 0.22149999 -0.00849311
v 0.00102456 0.22149999 -0.00843803
v 0.00236485 0.22149999 -0.00816440
v -0.00781982 0.22149999 -0.00333172
v -0.00718412 0.22149999 -0.00454296
v -0.00636234 0.22149999 -0.00563654
v -0.00537579 0.22149999 -0.00658414
v -0.00425000 0.22149999 -0.00736122
v -0.00781982 0.22149999 0.00333172
v -0.00825301 0.22149999 0.00203418
v -0.00847244 0.22149999 0.00068397
v -0.00847244 0.22149999 -0.00068397
v -0.00825301 0.22149999 -0.00203418
v -0.00170022 0.22149999 0.00832822
v -0.00301414 0.22149999 0.00794764
v -0.00425000 0.22149999 0.00736122
v -0.00537579 0.22149999 0.00658414
v -0.00636234 0.22149999 0.00563654
v -0.00718412 0.22149999 0.00454296
v 0.00695000 0.22485000 0.00000000
v 0.00695000 0.22435001 0.00000000
v 0.00686000 0.22485000 -0.00111486
v 0.00692746 0.22435001 -0.00055924
v 0.00686000 0.22435001 -0.00111486
v 0.00674805 0.22435001 -0.00166324
v 0.00659233 0.22485000 -0.00220084
v 0.00659233 0.22435001 -0.00220084
v 0.00639386 0.22435001 -0.00272417
v 0.00615392 0.22485000 -0.00322983
v 0.00615392 0.22435001 -0.00322983
v 0.00555613 0.22485000 -0.00417516
v 0.00587407 0.22435001 -0.00371454
v 0.00555613 0.22435001 -0.00417516
v 0.00481443 0.22485000 -0.00501236
v 0.00520215 0.22435001 -0.00460870
v 0.00481443 0.22435001 -0.00501236
v 0.00394805 0.22485000 -0.00571974
v 0.00439550 0.22435001 -0.00538350
v 0.00394805 0.22435001 -0.00571974
v 0.00297941 0.22485000 -0.00627898
v 0.00347500 0.22435001 -0.00601888
v 0.00297941 0.22435001 -0.00627898
v 0.00193361 0.22485000 -0.00667560
v 0.00246450 0.22435001 -0.00649836
v 0.00193361 0.22435001 -0.00667560
v 0.00083773 0.22485000 -0.00689933
v 0.00139018 0.22435001 -0.00680955
v 0.00083773 0.22435001 -0.00689933
v -0.00027985 0.22485000 -0.00694436
v 0.00027985 0.22435001 -0.00694436
v -0.00027985 0.22435001 -0.00694436
v -0.00139018 0.22485000 -0.00680955
v -0.00083773 0.22435001 -0.00689933
v -0.00139018 0.22435001 -0.00680955
v -0.00246450 0.22485000 -0.00649836
v -0.00193361 0.22435001 -0.00667560
v -0.00246450 0.22435001 -0.00649836
v -0.00347500 0.22485000 -0.00601888
v -0.00297941 0.22435001 -0.00627898
v -0.00347500 0.22435001 -0.00601888
v -0.00439550 0.22485000 -0.00538350
v -0.00394805 0.22435001 -0.00571974
v -0.00439550 0.22435001 -0.00538350
v -0.00520215 0.22485000 -0.00460870
v -0.00481443 0.22435001 -0.00501236
v -0.00520215 0.22435001 -0.00460870
v -0.00587407 0.22485000 -0.00371454
v -0.00555613 0.22435001 -0.00417516
v -0.00587407 0.22435001 -0.00371454
v -0.00639386 0.22485000 -0.00272417
v -0.00615392 0.22435001 -0.00322983
v -0.00639386 0.22435001 -0.00272417
v -0.00674805 0.22485000 -0.00166324
v -0.00659233 0.22435001 -0.00220084
v -0.00674805 0.22435001 -0.00166324
v -0.00692746 0.22485000 -0.00055924
v -0.00686000 0.22435001 -0.00111486
v -0.00692746 0.22435001 -0.00055924
v -0.00695000 0.22435001 0.00000000
v -0.00692746 0.22485000 0.00055924
v -0.00692746 0.22435001 0.00055924
v -0.00686000 0.22435001 0.00111486
v -0.00674805 0.22485000 0.00166324
v -0.00674805 0.22435001 0.00166324
v -0.00659233 0.22435001 0.00220084
v -0.00639386 0.22485000 0.00272417
v -0.00639386 0.22435001 0.00272417
v -0.00615392 0.22435001 0.00322983
v -0.00587407 0.22485000 0.00371454
v -0.00587407 0.22435001 0.00371454
v -0.00555613 0.22435001 0.00417516
v -0.00520215 0.22485000 0.00460870
v -0.00520215 0.22435001 0.00460870
v -0.00481443 0.22435001 0.00501236
v -0.00439550 0.22485000 0.00538350
v -0.00439550 0.22435001 0.00538350
v -0.00394805 0.22435001 0.00571974
v -0.00347500 0.22485000 0.00601888
v -0.00347500 0.22435001 0.00601888
v -0.00297941 0.22435001 0.00627898
v -0.00246450 0.22485000 0.00649836
v -0.00246450 0.22435001 0.00649836
v -0.00193361 0.22435001 0.00667560
v -0.00139018 0.22485000 0.00680955
v -0.00139018 0.22435001 0.00680955
v -0.00083773 0.22435001 0.00689933
v -0.00027985 0.22485000 0.00694436
v -0.00027985 0.22435001 0.00694436
v 0.00027985 0.22435001 0.00694436
v 0.00083773 0.22485000 0.00689933
v 0.00083773 0.22435001 0.00689933
v 0.00139018 0.22435001 0.00680955
v 0.00193361 0.22485000 0.00667560
v 0.00193361 0.22435001 0.00667560
v 0.00246450 0.22435001 0.00649836
v 0.00297941 0.22485000 0.00627898
v 0.00297941 0.22435001 0.00627898
v 0.00347500 0.22435001 0.00601888
v 0.00394805 0.22485000 0.00571974
v 0.00394805 0.22435001 0.00571974
v 0.00439550 0.22435001 0.00538350
v 0.00481443 0.22485000 0.00501236
v 0.00481443 0.22435001 0.00501236
v 0.00520215 0.22435001 0.00460870
v 0.00555613 0.22485000 0.00417516
v 0.00555613 0.22435001 0.00417516
v 0.00587407 0.22435001 0.00371454
v 0.00615392 0.22485000 0.00322983
v 0.00615392 0.22435001 0.00322983
v 0.00639386 0.22435001 0.00272417
v 0.00659233 0.22485000 0.00220084
v 0.00659233 0.22435001 0.00220084
v 0.00686000 0.22485000 0.00111486
v 0.00674805 0.22435001 0.00166324
v 0.00686000 0.22435001 0.00111486
v 0.00692746 0.22435001 0.00055924
v -0.00270998 0.22485000 -0.00300974
v -0.00327652 0.22485000 -0.00238053
v -0.00369986 0.22485000 -0.00164728
v -0.00396150 0.22485000 -0.00084204
v -0.00405000 0.22485000 0.00000000
v -0.00042334 0.22485000 -0.00402781
v -0.00125152 0.22485000 -0.00385178
v -0.00202500 0.22485000 -0.00350740
v 0.00202500 0.22485000 -0.00350740
v 0.00125152 0.22485000 -0.00385178
v 0.00042334 0.22485000 -0.00402781
v 0.00396150 0.22485000 -0.00084204
v 0.00369986 0.22485000 -0.00164728
v 0.00327652 0.22485000 -0.00238053
v 0.00270998 0.22485000 -0.00300974
v 0.00369986 0.22485000 0.00164728
v 0.00396150 0.22485000 0.00084204
v 0.00405000 0.22485000 0.00000000
v -0.00125152 0.22485000 0.00385178
v -0.00042334 0.22485000 0.00402781
v 0.00042334 0.22485000 0.00402781
v 0.00125152 0.22485000 0.00385178
v 0.00202500 0.22485000 0.00350740
v 0.00270998 0.22485000 0.00300974
v 0.00327652 0.22485000 0.00238053
v -0.00327652 0.22485000 0.00238053
v -0.00270998 0.22485000 0.00300974
v -0.00202500 0.22485000 0.00350740
v -0.00396150 0.22485000 0.00084204
v -0.00369986 0.22485000 0.00164728
v 0.00405000 0.22454999 0.00000000
v 0.00396150 0.22454999 0.00084204
v 0.00369986 0.22454999 0.00164728
v 0.00327652 0.22454999 0.00238053
v 0.00270998 0.22454999 0.00300974
v 0.00202500 0.22454999 0.00350740
v 0.00125152 0.22454999 0.00385178
v 0.00042334 0.22454999 0.00402781
v -0.00042334 0.22454999 0.00402781
v -0.00125152 0.22454999 0.00385178
v -0.00202500 0.22454999 0.00350740
v -0.00270998 0.22454999 0.00300974
v -0.00327652 0.22454999 0.00238053
v -0.00369986 0.22454999 0.00164728
v -0.00396150 0.22454999 0.00084204
v -0.00405000 0.22454999 0.00000000
v -0.00396150 0.22454999 -0.00084204
v -0.00369986 0.22454999 -0.00164728
v -0.00327652 0.22454999 -0.00238053
v -0.00270998 0.22454999 -0.00300974
v -0.00202500 0.22454999 -0.00350740
v -0.00125152 0.22454999 -0.00385178
v -0.00042334 0.22454999 -0.00402781
v 0.00042334 0.22454999 -0.00402781
v 0.00125152 0.22454999 -0.00385178
v 0.00202500 0.22454999 -0.00350740
v 0.00270998 0.22454999 -0.00300974
v 0.00327652 0.22454999 -0.00238053
v 0.00369986 0.22454999 -0.00164728
v 0.00396150 0.22454999 -0.00084204
v -0.00300992 0.22360000 -0.00074188
v -0.00283199 0.22360000 -0.00126088
v -0.00274491 0.22360000 -0.00144064
v -0.00250795 0.22360000 -0.00182213
v -0.00232038 0.22360000 -0.00205568
v -0.00207430 0.22360000 -0.00230375
v -0.00176100 0.22360000 -0.00255125
v -0.00155000 0.22360000 -0.00268468
v -0.00109928 0.22360000 -0.00289855
v -0.00095795 0.22360000 -0.00294828
v -0.00037366 0.22360000 -0.00307740
v -0.00032404 0.22360000 -0.00308302
v 0.00032404 0.22360000 -0.00308302
v 0.00037366 0.22360000 -0.00307740
v 0.00095795 0.22360000 -0.00294828
v 0.00109928 0.22360000 -0.00289855
v 0.00155000 0.22360000 -0.00268468
v 0.00176100 0.22360000 -0.00255125
v 0.00207430 0.22360000 -0.00230375
v 0.00232038 0.22360000 -0.00205568
v 0.00250795 0.22360000 -0.00182213
v 0.00274491 0.22360000 -0.00144064
v 0.00283199 0.22360000 -0.00126088
v 0.00300992 0.22360000 -0.00074188
v 0.00303226 0.22360000 -0.00064453
v 0.00310000 0.22360000 0.00000000
v 0.00303226 0.22360000 0.00064453
v 0.00300992 0.22360000 0.00074188
v 0.00283199 0.22360000 0.00126088
v 0.00274491 0.22360000 0.00144064
v 0.00250795 0.22360000 0.00182213
v 0.00232038 0.22360000 0.00205568
v 0.00207430 0.22360000 0.00230375
v 0.00176100 0.22360000 0.00255125
v 0.00155000 0.22360000 0.00268468
v 0.00109928 0.22360000 0.00289855
v 0.00095795 0.22360000 0.00294828
v 0.00037366 0.22360000 0.00307740
v 0.00032404 0.22360000 0.00308302
v -0.00032404 0.22360000 0.00308302
v -0.00037366 0.22360000 0.00307740
v -0.00095795 0.22360000 0.00294828
v -0.00109928 0.22360000 0.00289855
v -0.00155000 0.22360000 0.00268468
v -0.00176100 0.22360000 0.00255125
v -0.00207430 0.22360000 0.00230375
v -0.00232038 0.22360000 0.00205568
v -0.00250795 0.22360000 0.00182213
v -0.00274491 0.22360000 0.00144064
v -0.00283199 0.22360000 0.00126088
v -0.00300992 0.22360000 0.00074188
v -0.00303226 0.22360000 0.00064453
v -0.00310000 0.22360000 0.00000000
v -0.00303226 0.22360000 -0.00064453
v 0.00310000 0.22255000 0.00000000
v 0.00300992 0.22255000 0.00074188
v 0.00274491 0.22255000 0.00144064
v 0.00232038 0.22255000 0.00205568
v 0.00176100 0.22255000 0.00255125
v 0.00109928 0.22255000 0.00289855
v 0.00037366 0.22255000 0.00307740
v -0.00037366 0.22255000 0.00307740
v -0.00109928 0.22255000 0.00289855
v -0.00176100 0.22255000 0.00255125
v -0.00232038 0.22255000 0.00205568
v -0.00274491 0.22255000 0.00144064
v -0.00300992 0.22255000 0.00074188
v -0.00310000 0.22255000 0.00000000
v -0.00300992 0.22255000 -0.00074188
v -0.00274491 0.22255000 -0.00144064
v -0.00232038 0.22255000 -0.00205568
v -0.00176100 0.22255000 -0.00255125
v -0.00109928 0.22255000 -0.00289855
v -0.00037366 0.22255000 -0.00307740
v 0.00037366 0.22255000 -0.00307740
v 0.00109928 0.22255000 -0.00289855
v 0.00176100 0.22255000 -0.00255125
v 0.00232038 0.22255000 -0.00205568
v 0.00274491 0.22255000 -0.00144064
v 0.00300992 0.22255000 -0.00074188
v 0.00257500 0.22255000 -0.00446003
v 0.00325709 0.22255000 -0.00398922
v 0.00513330 0.22255000 -0.00041440
v 0.00385483 0.22255000 -0.00341508
v 0.00435273 0.22255000 -0.00275250
v 0.00473789 0.22255000 -0.00201863
v 0.00500035 0.22255000 -0.00123248
v -0.00220777 0.22255000 -0.00465277
v -0.00143282 0.22255000 -0.00494667
v 0.00515000 0.22255000 0.00000000
v 0.00513330 0.22255000 0.00041440
v 0.00500035 0.22255000 0.00123248
v -0.00062076 0.22255000 -0.00511245
v 0.00020737 0.22255000 -0.00514582
v 0.00103013 0.22255000 -0.00504592
v 0.00182622 0.22255000 -0.00481533
v -0.00411713 0.22255000 -0.00309382
v -0.00356753 0.22255000 -0.00371419
v -0.00292553 0.22255000 -0.00423837
v 0.00473789 0.22255000 0.00201863
v 0.00435273 0.22255000 0.00275250
v 0.00385483 0.22255000 0.00341508
v -0.00508331 0.22255000 -0.00082612
v -0.00488496 0.22255000 -0.00163084
v -0.00456010 0.22255000 -0.00239332
v -0.00508331 0.22255000 0.00082612
v -0.00515000 0.22255000 0.00000000
v -0.00411713 0.22255000 0.00309382
v -0.00456010 0.22255000 0.00239332
v -0.00488496 0.22255000 0.00163084
v -0.00220777 0.22255000 0.00465277
v -0.00292553 0.22255000 0.00423837
v -0.00356753 0.22255000 0.00371419
v 0.00020737 0.22255000 0.00514582
v -0.00062076 0.22255000 0.00511245
v -0.00143282 0.22255000 0.00494667
v 0.00325709 0.22255000 0.00398922
v 0.00257500 0.22255000 0.00446003
v 0.00182622 0.22255000 0.00481533
v 0.00103013 0.22255000 0.00504592
v -0.01995000 0.21010000 0.01285000
v -0.01995000 0.20945001 0.01285000
v -0.01995000 0.21210000 0.01550000
v -0.01995000 0.21210000 0.00450000
v -0.01995000 0.20945001 0.00715000
v -0.01995000 0.21010000 0.00715000
v -0.01995000 0.21990000 0.00715000
v -0.01995000 0.22055000 0.00715000
v -0.01995000 0.21789999 0.00450000
v -0.01995000 0.21789999 0.01550000
v -0.01995000 0.22055000 0.01285000
v -0.01995000 0.21990000 0.01285000
v -0.01995000 0.21190612 0.01019465
v -0.01995000 0.21195491 0.00941912
v -0.01995000 0.21219504 0.00868008
v -0.01995000 0.21261141 0.00802399
v -0.01995000 0.21317786 0.00749205
v -0.01995000 0.21385881 0.00711769
v -0.01995000 0.21422906 0.01300261
v -0.01995000 0.21500000 0.01310000
v -0.01995000 0.21577094 0.01300261
v -0.01995000 0.21649344 0.01271655
v -0.01995000 0.21738859 0.00802399
v -0.01995000 0.21682213 0.00749205
v -0.01995000 0.21614118 0.00711769
v -0.01995000 0.21350656 0.01271655
v -0.01995000 0.21287790 0.01225980
v -0.01995000 0.21238258 0.01166106
v -0.01995000 0.21205172 0.01095795
v -0.01995000 0.21809389 0.01019465
v -0.01995000 0.21804509 0.00941912
v -0.01995000 0.21780497 0.00868008
v -0.01995000 0.21461147 0.00692444
v -0.01995000 0.21500000 0.00690000
v -0.01995000 0.21538854 0.00692444
v -0.01995000 0.21794827 0.01095795
v -0.01995000 0.21761742 0.01166106
v -0.01995000 0.21712209 0.01225980
v -0.01860000 0.20559999 0.01285000
v -0.01860000 0.20559999 0.00715000
v -0.01860000 0.20945001 0.01285000
v -0.01860000 0.20945001 0.00715000
v -0.01860000 0.21350656 0.01271655
v -0.01860000 0.21422906 0.01300261
v -0.01860000 0.21210000 0.01550000
v -0.01860000 0.21789999 0.01550000
v -0.01860000 0.22440000 0.00715000
v -0.01860000 0.22440000 0.01285000
v -0.01860000 0.22055000 0.00715000
v -0.01860000 0.22055000 0.01285000
v -0.01860000 0.21577094 0.01300261
v -0.01860000 0.21649344 0.01271655
v -0.01860000 0.21712209 0.01225980
v -0.01860000 0.21761742 0.01166106
v -0.01860000 0.21809389 0.01019465
v -0.01860000 0.21804509 0.00941912
v -0.01860000 0.21780497 0.00868008
v -0.01860000 0.21738859 0.00802399
v -0.01860000 0.21789999 0.00450000
v -0.01860000 0.21238258 0.01166106
v -0.01860000 0.21287790 0.01225980
v -0.01860000 0.21461147 0.00692444
v -0.01860000 0.21385881 0.00711769
v -0.01860000 0.21210000 0.00450000
v -0.01860000 0.21219504 0.00868008
v -0.01860000 0.21195491 0.00941912
v -0.01860000 0.21190612 0.01019465
v -0.01860000 0.21261141 0.00802399
v -0.01860000 0.21614118 0.00711769
v -0.01860000 0.21538854 0.00692444
v -0.01860000 0.21500000 0.00690000
v -0.02145000 0.22440000 0.01285000
v -0.02145000 0.21990000 0.01285000
v -0.02145000 0.22440000 0.00715000
v -0.02145000 0.21990000 0.00715000
v -0.02145000 0.20559999 0.00715000
v -0.02145000 0.21010000 0.00715000
v -0.02145000 0.20559999 0.01285000
v -0.02145000 0.21010000 0.01285000
v -0.01995000 0.21010000 -0.00715000
v -0.01995000 0.20945001 -0.00715000
v -0.01995000 0.21210000 -0.00450000
v -0.01995000 0.21990000 -0.01285000
v -0.01995000 0.22055000 -0.01285000
v -0.01995000 0.21789999 -0.01550000
v -0.01995000 0.21210000 -0.01550000
v -0.01995000 0.20945001 -0.01285000
v -0.01995000 0.21010000 -0.01285000
v -0.01995000 0.21789999 -0.00450000
v -0.01995000 0.22055000 -0.00715000
v -0.01995000 0.21990000 -0.00715000
v -0.01995000 0.21190612 -0.00980535
v -0.01995000 0.21195491 -0.01058088
v -0.01995000 0.21219504 -0.01131992
v -0.01995000 0.21261141 -0.01197601
v -0.01995000 0.21317786 -0.01250795
v -0.01995000 0.21385881 -0.01288231
v -0.01995000 0.21461147 -0.01307556
v -0.01995000 0.21500000 -0.01310000
v -0.01995000 0.21538854 -0.01307556
v -0.01995000 0.21738859 -0.01197601
v -0.01995000 0.21682213 -0.01250795
v -0.01995000 0.21614118 -0.01288231
v -0.01995000 0.21780497 -0.01131992
v -0.01995000 0.21804509 -0.01058088
v -0.01995000 0.21809389 -0.00980535
v -0.01995000 0.21422906 -0.00699739
v -0.01995000 0.21350656 -0.00728345
v -0.01995000 0.21287790 -0.00774020
v -0.01995000 0.21238258 -0.00833894
v -0.01995000 0.21205172 -0.00904205
v -0.01995000 0.21712209 -0.00774020
v -0.01995000 0.21761742 -0.00833894
v -0.01995000 0.21794827 -0.00904205
v -0.01995000 0.21649344 -0.00728345
v -0.01995000 0.21577094 -0.00699739
v -0.01995000 0.21500000 -0.00690000
v -0.01860000 0.20945001 -0.01285000
v -0.01860000 0.21261141 -0.01197601
v -0.01860000 0.21219504 -0.01131992
v -0.01860000 0.20945001 -0.00715000
v -0.01860000 0.21195491 -0.01058088
v -0.01860000 0.21190612 -0.00980535
v -0.01860000 0.21500000 -0.01310000
v -0.01860000 0.21461147 -0.01307556
v -0.01860000 0.21385881 -0.01288231
v -0.01860000 0.20559999 -0.00715000
v -0.01860000 0.20559999 -0.01285000
v -0.01860000 0.21804509 -0.01058088
v -0.01860000 0.22055000 -0.00715000
v -0.01860000 0.21809389 -0.00980535
v -0.01860000 0.21238258 -0.00833894
v -0.01860000 0.21210000 -0.00450000
v -0.01860000 0.21287790 -0.00774020
v -0.01860000 0.21350656 -0.00728345
v -0.01860000 0.22440000 -0.01285000
v -0.01860000 0.22440000 -0.00715000
v -0.01860000 0.22055000 -0.01285000
v -0.01860000 0.21789999 -0.01550000
v -0.01860000 0.21780497 -0.01131992
v -0.01860000 0.21738859 -0.01197601
v -0.01860000 0.21614118 -0.01288231
v -0.01860000 0.21422906 -0.00699739
v -0.01860000 0.21789999 -0.00450000
v -0.01860000 0.21577094 -0.00699739
v -0.01860000 0.21649344 -0.00728345
v -0.01860000 0.21712209 -0.00774020
v -0.01860000 0.21761742 -0.00833894
v -0.01860000 0.21210000 -0.01550000
v -0.01860000 0.21538854 -0.01307556
v -0.02145000 0.21990000 -0.01285000
v -0.02145000 0.22440000 -0.01285000
v -0.02145000 0.20559999 -0.01285000
v -0.02145000 0.21010000 -0.01285000
v -0.02145000 0.20559999 -0.00715000
v -0.02145000 0.21010000 -0.00715000
v -0.02145000 0.22440000 -0.00715000
v -0.02145000 0.21990000 -0.00715000
f 1 2 3
f 1 3 4
f 4 3 5
f 4 5 6
f 6 5 7
f 6 7 8
f 8 7 9
f 8 9 10
f 11 10 12
f 12 10 9
f 13 11 14
f 14 11 12
f 15 13 16
f 16 13 14
f 17 15 18
f 18 15 16
f 19 17 20
f 20 17 18
f 21 19 22
f 22 19 20
f 23 21 24
f 24 21 22
f 25 23 26
f 26 23 24
f 27 25 28
f 28 25 26
f 29 27 30
f 30 27 28
f 31 29 32
f 32 29 30
f 33 31 34
f 34 31 32
f 33 34 35
f 33 35 36
f 36 35 37
f 36 37 38
f 38 37 39
f 38 39 40
f 40 39 41
f 40 41 42
f 43 42 44
f 44 42 41
f 43 44 45
f 43 45 46
f 46 45 47
f 46 47 48
f 48 47 49
f 48 49 50
f 50 49 51
f 50 51 52
f 53 52 54
f 54 52 51
f 55 53 56
f 56 53 54
f 57 55 58
f 58 55 56
f 59 57 60
f 60 57 58
f 61 59 62
f 62 59 60
f 63 61 64
f 64 61 62
f 65 63 66
f 66 63 64
f 67 65 68
f 68 65 66
f 69 67 70
f 70 67 68
f 71 69 72
f 72 69 70
f 73 71 74
f 74 71 72
f 75 73 76
f 76 73 74
f 75 76 77
f 75 77 78
f 78 77 79
f 78 79 80
f 80 79 81
f 80 81 82
f 82 81 83
f 82 83 84
f 85 84 86
f 86 84 83
f 85 86 87
f 85 87 88
f 88 87 89
f 88 89 90
f 90 89 91
f 90 91 92
f 93 92 94
f 94 92 91
f 93 94 95
f 93 95 96
f 96 95 97
f 96 97 98
f 98 97 99
f 98 99 100
f 100 99 101
f 100 101 102
f 103 102 104
f 104 102 101
f 105 103 106
f 106 103 104
f 107 105 108
f 108 105 106
f 109 107 110
f 110 107 108
f 111 109 112
f 112 109 110
f 113 111 114
f 114 111 112
f 115 113 116
f 116 113 114
f 117 115 118
f 118 115 116
f 119 117 120
f 120 117 118
f 121 119 122
f 122 119 120
f 123 121 124
f 124 121 122
f 125 123 126
f 126 123 124
f 125 126 127
f 125 127 128
f 128 127 129
f 128 129 130
f 130 129 131
f 130 131 132
f 132 131 133
f 132 133 134
f 135 134 136
f 136 134 133
f 135 136 137
f 135 137 138
f 138 137 139
f 138 139 140
f 140 139 141
f 140 141 142
f 143 142 144
f 144 142 141
f 143 144 145
f 143 145 146
f 146 145 147
f 146 147 148
f 148 147 149
f 148 149 150
f 150 149 151
f 150 151 152
f 153 152 154
f 154 152 151
f 155 153 156
f 156 153 154
f 157 155 158
f 158 155 156
f 159 157 160
f 160 157 158
f 161 159 162
f 162 159 160
f 163 161 164
f 164 161 162
f 165 163 166
f 166 163 164
f 167 165 168
f 168 165 166
f 169 167 170
f 170 167 168
f 171 169 172
f 172 169 170
f 173 171 174
f 174 171 172
f 175 173 176
f 176 173 174
f 175 176 177
f 175 177 178
f 178 177 179
f 178 179 180
f 180 179 181
f 180 181 182
f 182 181 183
f 182 183 184
f 185 184 186
f 186 184 183
f 185 186 187
f 185 187 188
f 188 187 189
f 188 189 190
f 190 189 191
f 190 191 192
f 192 191 193
f 192 193 194
f 195 194 196
f 196 194 193
f 197 195 198
f 198 195 196
f 199 197 200
f 200 197 198
f 201 199 202
f 202 199 200
f 203 201 204
f 204 201 202
f 205 203 206
f 206 203 204
f 207 205 208
f 208 205 206
f 209 207 210
f 210 207 208
f 211 209 212
f 212 209 210
f 213 211 214
f 214 211 212
f 215 213 216
f 216 213 214
f 217 215 218
f 218 215 216
f 217 218 219
f 217 219 220
f 220 219 221
f 220 221 222
f 222 221 223
f 222 223 224
f 224 223 225
f 224 225 226
f 227 226 228
f 228 226 225
f 227 228 229
f 227 229 230
f 230 229 231
f 230 231 232
f 232 231 233
f 232 233 234
f 234 233 235
f 234 235 236
f 237 236 238
f 238 236 235
f 237 238 239
f 237 239 240
f 240 239 241
f 240 241 242
f 242 241 243
f 242 243 244
f 244 243 245
f 244 245 246
f 247 246 248
f 248 246 245
f 249 247 250
f 250 247 248
f 251 249 252
f 252 249 250
f 253 251 254
f 254 251 252
f 255 253 256
f 256 253 254
f 257 255 258
f 258 255 256
f 259 257 260
f 260 257 258
f 261 259 262
f 262 259 260
f 263 261 264
f 264 261 262
f 265 263 266
f 266 263 264
f 267 265 268
f 268 265 266
f 269 267 270
f 270 267 268
f 269 270 271
f 269 271 272
f 272 271 273
f 272 273 274
f 274 273 275
f 274 275 276
f 276 275 277
f 276 277 278
f 279 278 280
f 280 278 277
f 279 280 281
f 279 281 282
f 282 281 283
f 282 283 284
f 284 283 285
f 284 285 286
f 286 285 287
f 286 287 288
f 1 288 2
f 2 288 287
f 197 184 185
f 194 195 197
f 194 197 192
f 42 43 29
f 130 132 128
f 128 132 134
f 128 134 125
f 125 134 123
f 52 53 55
f 278 279 269
f 29 31 33
f 185 188 197
f 197 188 190
f 197 190 192
f 102 103 105
f 222 224 220
f 220 224 226
f 220 226 217
f 217 226 215
f 289 290 43
f 71 73 84
f 40 42 38
f 38 42 29
f 38 29 36
f 36 29 33
f 50 52 48
f 48 52 55
f 48 55 46
f 46 55 43
f 291 292 293
f 294 295 55
f 55 295 296
f 55 296 43
f 43 296 297
f 43 297 289
f 159 161 117
f 80 82 78
f 78 82 84
f 78 84 75
f 75 84 73
f 98 100 96
f 96 100 102
f 143 146 148
f 263 265 15
f 88 90 92
f 247 249 246
f 246 249 236
f 298 299 300
f 269 279 267
f 123 134 121
f 121 134 135
f 121 135 157
f 301 302 171
f 171 302 303
f 171 303 169
f 242 244 240
f 240 244 246
f 240 246 237
f 237 246 236
f 6 8 10
f 85 88 105
f 105 88 92
f 105 92 102
f 102 92 93
f 102 93 96
f 294 55 304
f 304 55 57
f 304 57 305
f 305 57 59
f 305 59 61
f 306 205 207
f 272 274 269
f 269 274 276
f 269 276 278
f 163 307 161
f 161 307 308
f 161 308 117
f 117 308 309
f 135 138 157
f 157 138 140
f 157 140 155
f 155 140 142
f 155 142 153
f 153 142 143
f 153 143 152
f 152 143 148
f 152 148 150
f 159 117 157
f 157 117 119
f 157 119 121
f 13 288 11
f 11 288 1
f 11 1 10
f 10 1 4
f 10 4 6
f 310 109 311
f 311 109 111
f 311 111 312
f 312 111 113
f 312 113 309
f 309 113 115
f 309 115 117
f 84 85 71
f 71 85 105
f 71 105 69
f 69 105 107
f 69 107 67
f 67 107 109
f 67 109 65
f 65 109 310
f 65 310 63
f 63 310 313
f 63 313 61
f 61 313 314
f 61 314 305
f 315 316 29
f 29 316 317
f 29 317 27
f 211 232 234
f 314 318 305
f 305 318 319
f 305 319 320
f 320 319 321
f 322 323 197
f 197 323 324
f 290 325 43
f 43 325 326
f 43 326 29
f 29 326 327
f 29 327 315
f 215 226 213
f 213 226 227
f 213 227 211
f 211 227 230
f 211 230 232
f 267 279 265
f 265 279 282
f 265 282 284
f 13 15 288
f 288 15 265
f 288 265 286
f 286 265 284
f 303 291 169
f 169 291 293
f 169 293 167
f 167 293 320
f 167 320 165
f 165 320 321
f 165 321 163
f 163 321 328
f 163 328 307
f 322 197 329
f 329 197 199
f 329 199 330
f 317 298 27
f 27 298 300
f 27 300 25
f 25 300 331
f 25 331 201
f 201 331 332
f 201 332 199
f 199 332 333
f 199 333 330
f 253 209 251
f 251 209 211
f 251 211 249
f 249 211 234
f 249 234 236
f 334 335 257
f 263 15 261
f 261 15 17
f 261 17 19
f 324 336 197
f 197 336 337
f 197 337 184
f 184 337 338
f 184 338 171
f 171 338 339
f 171 339 301
f 171 173 175
f 257 335 255
f 255 335 306
f 255 306 253
f 253 306 207
f 253 207 209
f 182 184 180
f 180 184 171
f 180 171 178
f 178 171 175
f 201 340 25
f 25 340 341
f 25 341 342
f 306 343 205
f 205 343 344
f 205 344 203
f 203 344 345
f 203 345 201
f 201 345 346
f 201 346 340
f 257 259 334
f 334 259 261
f 334 261 347
f 347 261 19
f 347 19 348
f 348 19 21
f 348 21 342
f 342 21 23
f 342 23 25
f 218 216 214
f 30 44 41
f 186 183 198
f 131 129 133
f 133 129 127
f 34 32 30
f 238 235 245
f 198 196 193
f 221 219 223
f 223 219 218
f 270 268 266
f 2 12 9
f 35 34 37
f 37 34 30
f 37 30 39
f 39 30 41
f 187 186 189
f 189 186 198
f 189 198 191
f 191 198 193
f 176 174 172
f 245 235 248
f 3 2 5
f 5 2 9
f 5 9 7
f 273 271 275
f 275 271 270
f 275 270 277
f 349 350 183
f 252 250 212
f 144 154 151
f 243 241 245
f 245 241 239
f 245 239 238
f 351 352 353
f 177 176 179
f 179 176 172
f 179 172 181
f 181 172 183
f 72 86 74
f 74 86 83
f 74 83 76
f 68 66 110
f 151 149 144
f 144 149 147
f 144 147 145
f 354 355 172
f 172 355 356
f 172 356 183
f 183 356 357
f 183 357 349
f 277 270 280
f 280 270 266
f 280 266 281
f 97 95 99
f 99 95 94
f 99 94 101
f 101 94 91
f 81 79 83
f 83 79 77
f 83 77 76
f 127 126 133
f 133 126 124
f 133 124 136
f 136 124 122
f 136 122 137
f 358 22 20
f 89 106 91
f 91 106 104
f 91 104 101
f 30 359 360
f 16 283 281
f 361 362 56
f 56 362 363
f 56 363 58
f 364 365 28
f 28 365 366
f 28 366 30
f 30 366 367
f 30 367 359
f 200 368 202
f 202 368 369
f 202 369 370
f 12 2 14
f 14 2 287
f 14 287 16
f 16 287 285
f 16 285 283
f 233 212 235
f 235 212 250
f 235 250 248
f 233 231 212
f 212 231 229
f 212 229 214
f 214 229 228
f 214 228 218
f 218 228 225
f 218 225 223
f 154 144 156
f 156 144 141
f 156 141 158
f 158 141 139
f 158 139 137
f 371 118 372
f 372 118 116
f 372 116 373
f 373 116 114
f 373 114 374
f 72 70 86
f 86 70 106
f 86 106 87
f 87 106 89
f 68 110 70
f 70 110 108
f 70 108 106
f 354 172 375
f 375 172 170
f 375 170 376
f 376 170 168
f 376 168 166
f 360 377 30
f 30 377 378
f 30 378 44
f 44 378 379
f 44 379 56
f 56 379 380
f 56 380 361
f 350 381 183
f 183 381 382
f 183 382 198
f 198 382 383
f 198 383 384
f 385 368 386
f 386 368 200
f 386 200 387
f 387 200 198
f 387 198 388
f 388 198 384
f 281 266 16
f 16 266 264
f 16 264 18
f 18 264 262
f 18 262 20
f 252 212 254
f 254 212 210
f 254 210 208
f 64 389 66
f 66 389 390
f 66 390 110
f 110 390 374
f 110 374 112
f 112 374 114
f 56 54 51
f 20 262 358
f 358 262 260
f 358 260 391
f 391 260 258
f 391 258 392
f 137 122 158
f 158 122 120
f 158 120 160
f 160 120 118
f 160 118 162
f 162 118 371
f 162 371 164
f 164 371 393
f 164 393 166
f 166 393 394
f 166 394 376
f 395 396 397
f 397 396 376
f 397 376 398
f 398 376 394
f 363 351 58
f 58 351 353
f 58 353 60
f 60 353 396
f 60 396 62
f 62 396 395
f 62 395 64
f 64 395 399
f 64 399 389
f 202 400 401
f 45 44 47
f 47 44 56
f 47 56 49
f 49 56 51
f 364 28 370
f 370 28 26
f 370 26 202
f 202 26 402
f 202 402 400
f 358 403 22
f 22 403 404
f 22 404 24
f 24 404 405
f 24 405 26
f 26 405 406
f 26 406 402
f 258 256 392
f 392 256 254
f 392 254 407
f 407 254 208
f 407 208 408
f 408 208 206
f 408 206 401
f 401 206 204
f 401 204 202
f 307 393 308
f 308 393 371
f 308 371 309
f 309 371 372
f 309 372 312
f 312 372 373
f 312 373 311
f 311 373 374
f 311 374 310
f 310 374 390
f 310 390 313
f 313 390 389
f 313 389 314
f 314 389 399
f 314 399 318
f 318 399 395
f 318 395 319
f 319 395 397
f 319 397 321
f 321 397 398
f 321 398 328
f 328 398 394
f 328 394 307
f 307 394 393
f 344 408 345
f 345 408 401
f 345 401 346
f 346 401 400
f 346 400 340
f 340 400 402
f 340 402 341
f 341 402 406
f 341 406 342
f 342 406 405
f 342 405 348
f 348 405 404
f 348 404 347
f 347 404 403
f 347 403 334
f 334 403 358
f 334 358 335
f 335 358 391
f 335 391 306
f 306 391 392
f 306 392 343
f 343 392 407
f 343 407 344
f 344 407 408
f 296 363 297
f 297 363 362
f 297 362 289
f 289 362 361
f 289 361 290
f 290 361 380
f 290 380 325
f 325 380 379
f 296 295 363
f 363 295 351
f 304 353 352
f 304 352 294
f 294 352 351
f 294 351 295
f 304 305 353
f 353 305 396
f 305 320 396
f 396 320 376
f 320 293 376
f 376 293 375
f 291 355 354
f 291 354 292
f 292 354 375
f 292 375 293
f 291 303 355
f 355 303 356
f 338 381 339
f 339 381 350
f 339 350 301
f 301 350 349
f 301 349 302
f 302 349 357
f 302 357 303
f 303 357 356
f 338 337 381
f 381 337 382
f 322 387 323
f 323 387 388
f 323 388 324
f 324 388 384
f 324 384 336
f 336 384 383
f 336 383 337
f 337 383 382
f 322 329 387
f 387 329 386
f 333 368 385
f 333 385 330
f 330 385 386
f 330 386 329
f 333 332 368
f 368 332 369
f 332 331 369
f 369 331 370
f 331 300 370
f 370 300 364
f 298 366 365
f 298 365 299
f 299 365 364
f 299 364 300
f 298 317 366
f 366 317 367
f 326 378 327
f 327 378 377
f 327 377 315
f 315 377 360
f 315 360 316
f 316 360 359
f 316 359 317
f 317 359 367
f 326 325 378
f 378 325 379
f 409 410 411
f 412 413 414
f 415 416 417
f 417 416 418
f 419 420 421
f 422 423 424
f 418 416 414
f 414 416 425
f 414 425 426
f 409 427 428
f 419 421 429
f 414 413 430
f 426 431 414
f 414 431 432
f 414 432 412
f 433 434 409
f 409 434 435
f 436 427 437
f 437 427 438
f 422 424 439
f 439 424 440
f 439 440 441
f 428 442 409
f 409 442 443
f 409 443 421
f 421 443 444
f 421 444 445
f 411 446 409
f 409 446 447
f 409 447 433
f 433 447 448
f 433 448 449
f 449 448 450
f 449 450 451
f 451 450 452
f 451 452 453
f 454 455 422
f 422 455 456
f 422 456 423
f 423 456 457
f 423 457 458
f 458 457 459
f 458 459 436
f 436 459 460
f 436 460 427
f 445 461 421
f 421 461 462
f 421 462 430
f 463 464 465
f 465 464 466
f 465 466 467
f 467 466 451
f 467 451 468
f 468 451 453
f 413 469 430
f 430 469 470
f 430 470 421
f 421 470 471
f 421 471 429
f 435 472 409
f 409 472 473
f 409 473 427
f 427 473 474
f 427 474 438
f 463 465 475
f 475 476 463
f 463 476 477
f 463 477 478
f 479 480 481
f 481 480 482
f 477 483 478
f 478 483 484
f 478 484 480
f 480 484 485
f 480 485 482
f 486 487 488
f 489 490 491
f 491 490 492
f 492 490 493
f 492 493 494
f 491 495 489
f 489 495 496
f 489 496 497
f 496 498 497
f 497 498 499
f 497 499 500
f 494 493 501
f 501 493 502
f 501 502 503
f 503 502 504
f 503 504 487
f 487 504 505
f 487 505 488
f 454 422 506
f 506 422 507
f 506 507 508
f 508 507 509
f 508 509 500
f 500 509 510
f 500 510 497
f 486 488 511
f 511 488 439
f 511 439 441
f 512 513 514
f 515 516 517
f 516 518 517
f 517 518 519
f 517 519 520
f 499 498 521
f 521 498 522
f 523 524 525
f 525 524 526
f 523 527 524
f 524 527 528
f 524 528 529
f 529 528 530
f 529 530 515
f 531 532 533
f 533 532 534
f 533 534 524
f 524 534 535
f 524 535 526
f 533 536 537
f 538 539 537
f 537 539 540
f 537 540 533
f 533 540 541
f 533 541 531
f 542 543 537
f 537 543 544
f 537 544 538
f 545 546 547
f 547 546 548
f 547 548 549
f 549 548 550
f 549 550 479
f 551 552 553
f 551 553 554
f 554 553 555
f 554 555 545
f 556 557 558
f 558 559 556
f 556 559 560
f 556 560 551
f 551 560 561
f 551 561 552
f 562 563 564
f 564 563 556
f 556 563 565
f 556 565 557
f 566 501 567
f 567 501 503
f 566 568 569
f 569 568 570
f 569 570 571
f 572 573 574
f 575 572 576
f 576 572 574
f 576 574 577
f 479 481 549
f 549 481 482
f 549 482 578
f 578 482 485
f 578 485 579
f 574 580 577
f 577 580 581
f 577 581 582
f 545 547 554
f 554 547 549
f 554 549 583
f 583 549 578
f 583 578 584
f 584 578 579
f 584 579 575
f 581 585 582
f 582 585 586
f 582 586 587
f 587 586 588
f 588 589 587
f 587 589 590
f 587 590 591
f 590 592 591
f 591 592 593
f 591 593 594
f 593 595 594
f 594 595 596
f 594 596 597
f 596 598 597
f 597 598 599
f 597 599 600
f 599 601 600
f 600 601 602
f 600 602 603
f 602 604 603
f 603 604 605
f 603 605 606
f 605 607 606
f 606 607 608
f 606 608 609
f 608 610 609
f 609 610 611
f 609 611 612
f 515 517 529
f 529 517 613
f 529 613 614
f 614 613 615
f 614 615 616
f 616 615 617
f 616 617 618
f 618 617 619
f 618 619 620
f 620 619 621
f 620 621 622
f 622 621 569
f 622 569 564
f 564 569 571
f 564 571 562
f 566 569 501
f 501 569 621
f 501 621 494
f 494 621 619
f 494 619 492
f 492 619 617
f 492 617 491
f 491 617 615
f 491 615 495
f 495 615 613
f 495 613 496
f 496 613 517
f 496 517 498
f 498 517 520
f 498 520 522
f 611 623 612
f 612 623 624
f 612 624 625
f 624 626 625
f 625 626 627
f 625 627 628
f 629 630 631
f 631 630 628
f 631 628 632
f 632 628 627
f 575 576 584
f 584 576 577
f 584 577 583
f 583 577 582
f 583 582 554
f 554 582 587
f 554 587 551
f 551 587 591
f 551 591 556
f 556 591 594
f 556 594 564
f 564 594 597
f 564 597 622
f 622 597 600
f 622 600 620
f 620 600 603
f 620 603 618
f 618 603 606
f 618 606 616
f 616 606 609
f 616 609 614
f 614 609 612
f 614 612 529
f 529 612 625
f 529 625 524
f 524 625 628
f 524 628 533
f 533 628 630
f 533 630 536
f 633 634 635
f 635 634 636
f 635 636 637
f 637 636 514
f 637 514 638
f 638 514 513
f 629 512 630
f 630 512 514
f 630 514 536
f 536 514 636
f 536 636 537
f 537 636 634
f 537 634 542
f 542 634 633
f 542 633 639
f 640 641 642
f 642 641 643
f 642 643 644
f 644 643 645
f 644 645 646
f 646 645 647
f 646 647 648
f 648 647 649
f 648 649 650
f 650 649 651
f 650 651 652
f 652 651 653
f 652 653 654
f 654 653 655
f 654 655 656
f 656 655 657
f 656 657 658
f 658 657 659
f 658 659 660
f 660 659 661
f 660 661 662
f 662 661 663
f 662 663 664
f 664 663 665
f 664 665 666
f 666 665 667
f 666 667 668
f 668 667 669
f 668 669 640
f 640 669 641
f 670 416 415
f 671 672 415
f 415 672 673
f 415 673 670
f 674 675 671
f 671 675 676
f 671 676 672
f 543 542 674
f 674 542 639
f 674 639 675
f 677 678 679
f 679 678 680
f 679 680 681
f 681 680 682
f 681 682 683
f 683 682 684
f 683 684 685
f 685 684 686
f 685 686 687
f 687 686 688
f 687 688 689
f 689 688 690
f 689 690 691
f 691 690 692
f 691 692 693
f 693 692 694
f 693 694 695
f 695 694 696
f 695 696 697
f 697 696 698
f 697 698 699
f 699 698 700
f 699 700 701
f 701 700 702
f 701 702 703
f 703 702 704
f 703 704 705
f 705 704 706
f 705 706 677
f 677 706 678
f 707 708 709
f 710 711 712
f 710 712 713
f 714 707 715
f 715 707 709
f 715 709 712
f 712 709 716
f 712 716 713
f 717 718 719
f 720 721 722
f 723 721 719
f 719 721 724
f 719 724 717
f 725 726 723
f 723 726 727
f 723 727 721
f 721 727 728
f 721 728 722
f 722 729 720
f 720 729 730
f 720 730 731
f 731 730 732
f 731 732 733
f 733 734 731
f 731 734 735
f 731 735 736
f 718 737 719
f 719 737 421
f 719 421 738
f 738 421 420
f 738 420 709
f 718 739 737
f 737 739 740
f 737 740 741
f 741 740 742
f 742 743 741
f 741 743 744
f 741 744 745
f 715 712 746
f 746 712 747
f 748 749 750
f 751 752 409
f 409 752 753
f 409 753 754
f 754 725 409
f 409 725 723
f 409 723 410
f 410 723 755
f 410 755 716
f 750 749 409
f 409 749 756
f 409 756 751
f 757 758 750
f 750 758 759
f 750 759 748
f 760 761 762
f 763 764 765
f 747 766 746
f 746 766 767
f 746 767 768
f 769 763 723
f 723 763 765
f 723 765 755
f 755 765 770
f 770 771 755
f 755 771 772
f 755 772 773
f 774 775 776
f 776 775 746
f 776 746 738
f 768 760 746
f 746 760 762
f 746 762 738
f 738 762 777
f 738 777 719
f 719 777 778
f 719 778 779
f 780 781 782
f 782 781 755
f 782 755 747
f 747 755 773
f 747 773 766
f 783 784 785
f 785 784 767
f 785 767 786
f 786 767 766
f 779 787 719
f 719 787 788
f 719 788 723
f 723 788 789
f 723 789 769
f 790 791 792
f 792 791 789
f 792 789 793
f 793 789 788
f 794 795 796
f 797 798 799
f 799 798 800
f 799 800 801
f 800 802 801
f 801 802 803
f 801 803 804
f 805 806 797
f 797 806 807
f 797 807 798
f 808 809 810
f 810 809 811
f 810 811 805
f 805 811 812
f 805 812 806
f 794 813 795
f 795 813 814
f 795 814 815
f 816 817 818
f 818 817 819
f 818 819 820
f 821 822 823
f 823 822 824
f 823 824 825
f 825 824 826
f 825 826 808
f 808 826 827
f 808 827 809
f 821 823 828
f 828 823 829
f 828 829 796
f 796 829 830
f 796 830 794
f 803 831 804
f 804 831 832
f 804 832 816
f 816 832 833
f 816 833 817
f 815 814 834
f 834 814 835
f 834 835 836
f 819 837 820
f 820 837 838
f 820 838 839
f 839 838 840
f 839 840 841
f 841 840 842
f 841 842 835
f 835 842 843
f 835 843 836
f 844 735 845
f 845 735 734
f 845 734 846
f 846 734 847
f 848 849 850
f 850 849 851
f 850 851 852
f 734 853 847
f 847 853 854
f 847 854 855
f 856 857 858
f 858 857 859
f 858 859 860
f 860 859 861
f 860 861 862
f 862 861 863
f 862 863 864
f 864 863 865
f 864 865 866
f 866 865 867
f 866 867 848
f 848 867 868
f 848 868 849
f 844 869 735
f 735 869 870
f 735 870 871
f 871 870 872
f 873 874 870
f 870 874 875
f 870 875 872
f 876 877 878
f 878 877 879
f 878 879 856
f 856 879 880
f 856 880 857
f 854 881 855
f 855 881 882
f 855 882 883
f 883 882 884
f 883 884 885
f 885 884 886
f 885 886 876
f 876 886 887
f 876 887 877
f 851 888 852
f 852 888 889
f 852 889 890
f 890 889 891
f 890 891 892
f 892 891 893
f 892 893 894
f 894 893 873
f 894 873 895
f 895 873 870
f 896 897 898
f 899 900 901
f 901 900 902
f 901 902 903
f 904 905 906
f 906 905 897
f 906 897 907
f 907 897 896
f 908 909 898
f 898 909 910
f 898 910 896
f 911 912 913
f 904 914 905
f 905 914 915
f 905 915 902
f 902 915 916
f 902 916 903
f 917 918 919
f 899 920 900
f 900 920 921
f 900 921 918
f 918 921 922
f 918 922 919
f 912 923 913
f 913 923 924
f 913 924 908
f 908 924 925
f 908 925 909
f 911 913 926
f 926 913 927
f 926 927 928
f 929 930 931
f 927 932 928
f 928 932 931
f 928 931 933
f 933 931 930
f 919 934 917
f 917 934 935
f 917 935 936
f 936 935 937
f 936 937 931
f 931 937 938
f 931 938 929
f 937 939 940
f 937 940 938
f 940 941 938
f 938 941 942
f 938 942 929
f 942 943 929
f 929 943 944
f 929 944 930
f 944 945 930
f 930 945 946
f 930 946 933
f 947 410 948
f 948 410 716
f 947 949 410
f 410 949 950
f 410 950 946
f 946 950 928
f 946 928 933
f 939 937 573
f 573 937 935
f 574 573 935
f 574 935 580
f 580 935 934
f 580 934 581
f 581 934 919
f 581 919 585
f 585 919 586
f 586 919 922
f 586 922 588
f 588 922 589
f 589 922 921
f 589 921 590
f 590 921 592
f 592 921 920
f 592 920 593
f 593 920 595
f 595 920 899
f 595 899 596
f 596 899 598
f 598 899 901
f 598 901 599
f 599 901 601
f 601 901 903
f 601 903 602
f 602 903 604
f 604 903 916
f 604 916 605
f 605 916 607
f 607 916 915
f 607 915 608
f 608 915 610
f 610 915 914
f 610 914 611
f 611 914 623
f 623 914 904
f 623 904 624
f 624 904 626
f 626 904 906
f 626 906 627
f 627 906 632
f 632 906 907
f 632 907 631
f 631 907 629
f 629 907 896
f 629 896 512
f 512 896 910
f 512 910 513
f 513 910 909
f 513 909 638
f 638 909 951
f 951 909 925
f 952 953 420
f 420 953 954
f 420 954 709
f 952 420 955
f 955 420 956
f 955 956 926
f 926 956 957
f 926 957 911
f 911 957 958
f 911 958 912
f 958 959 912
f 912 959 960
f 912 960 923
f 923 960 961
f 923 961 924
f 924 961 951
f 924 951 925
f 962 963 737
f 737 963 964
f 737 964 421
f 962 737 965
f 965 737 966
f 965 966 796
f 796 966 967
f 796 967 828
f 828 967 968
f 828 968 821
f 968 969 821
f 821 969 970
f 821 970 822
f 822 970 971
f 822 971 824
f 824 971 972
f 824 972 826
f 973 827 972
f 972 827 826
f 974 975 840
f 974 840 976
f 976 840 838
f 976 838 977
f 977 838 837
f 977 837 978
f 978 837 979
f 979 837 819
f 979 819 980
f 980 819 981
f 981 819 817
f 981 817 982
f 982 817 983
f 983 817 833
f 983 833 984
f 984 833 985
f 985 833 832
f 985 832 986
f 986 832 987
f 987 832 831
f 987 831 988
f 988 831 989
f 989 831 803
f 989 803 990
f 990 803 991
f 991 803 802
f 991 802 992
f 992 802 993
f 993 802 800
f 993 800 994
f 994 800 995
f 995 800 798
f 995 798 996
f 996 798 997
f 997 798 807
f 997 807 998
f 998 807 999
f 999 807 806
f 999 806 1000
f 1000 806 1001
f 1001 806 812
f 1001 812 1002
f 1002 812 1003
f 1003 812 811
f 1003 811 1004
f 1004 811 809
f 1004 809 1005
f 1005 809 827
f 1005 827 973
f 1006 842 975
f 975 842 840
f 843 842 1006
f 1006 1007 843
f 843 1007 1008
f 843 1008 836
f 1008 1009 836
f 836 1009 1010
f 836 1010 834
f 1010 1011 834
f 834 1011 1012
f 834 1012 815
f 815 1012 1013
f 815 1013 1014
f 750 409 1015
f 1015 1016 750
f 750 1016 1017
f 750 1017 1018
f 1018 1017 1019
f 1018 1019 1014
f 1014 1019 795
f 1014 795 815
f 1020 808 1021
f 1021 808 810
f 1021 810 1022
f 1022 810 805
f 1022 805 1023
f 1023 805 797
f 1023 797 1024
f 1024 797 799
f 1024 799 1025
f 1025 799 801
f 1025 801 1026
f 1026 801 804
f 1026 804 1027
f 1027 804 816
f 1027 816 1028
f 1028 816 818
f 1028 818 1029
f 1029 818 820
f 1029 820 1030
f 1030 820 839
f 1030 839 1031
f 1031 839 841
f 1031 841 1032
f 1032 841 835
f 1032 835 1033
f 1033 835 814
f 1033 814 1034
f 1034 814 813
f 1034 813 1035
f 1035 813 794
f 1035 794 1036
f 1036 794 830
f 1036 830 1037
f 1037 830 829
f 1037 829 1038
f 1038 829 823
f 1038 823 1039
f 1039 823 825
f 1039 825 1020
f 1020 825 808
f 471 470 1040
f 425 416 670
f 431 426 1041
f 1041 426 425
f 413 412 1042
f 1042 412 432
f 1042 432 431
f 470 469 1040
f 1040 469 413
f 1040 413 1043
f 429 956 419
f 419 956 420
f 425 670 1041
f 1041 670 673
f 1041 673 1044
f 1044 673 672
f 1044 672 1045
f 1045 672 676
f 1045 676 1046
f 1046 676 675
f 1046 675 1047
f 431 1041 1042
f 1042 1041 1044
f 1042 1044 1048
f 1048 1044 1045
f 1048 1045 1049
f 1049 1045 1046
f 1049 1046 1050
f 1050 1046 1047
f 1050 1047 1051
f 413 1042 1043
f 1043 1042 1048
f 1043 1048 1052
f 1052 1048 1049
f 1052 1049 1053
f 1053 1049 1050
f 1053 1050 1054
f 1054 1050 1051
f 1054 1051 1055
f 429 471 956
f 956 471 1040
f 956 1040 957
f 957 1040 1043
f 957 1043 958
f 958 1043 1052
f 958 1052 959
f 959 1052 1053
f 959 1053 960
f 960 1053 1054
f 960 1054 961
f 961 1054 1055
f 961 1055 951
f 638 951 1055
f 638 1055 637
f 637 1055 1051
f 637 1051 635
f 635 1051 1047
f 635 1047 633
f 633 1047 675
f 633 675 639
f 939 573 572
f 939 572 1056
f 1056 572 575
f 1056 575 1057
f 1057 575 579
f 1057 579 1058
f 1058 579 485
f 1058 485 484
f 467 1059 1060
f 1059 467 468
f 453 452 1061
f 410 946 411
f 411 946 446
f 452 450 1062
f 1062 450 448
f 1062 448 447
f 453 1061 468
f 1058 484 483
f 940 939 1063
f 1063 939 1056
f 940 1063 941
f 941 1063 1064
f 941 1064 942
f 1058 483 1065
f 1065 483 477
f 1065 477 1066
f 1066 477 476
f 1066 476 1067
f 1067 476 475
f 1067 475 1060
f 1060 475 465
f 1060 465 467
f 468 1061 1059
f 1059 1061 1068
f 1059 1068 1060
f 1060 1068 1069
f 1060 1069 1067
f 1067 1069 1070
f 1067 1070 1066
f 1066 1070 1071
f 1066 1071 1065
f 1065 1071 1057
f 1065 1057 1058
f 452 1062 1061
f 1061 1062 1072
f 1061 1072 1068
f 1068 1072 1073
f 1068 1073 1069
f 1069 1073 1064
f 1069 1064 1070
f 1070 1064 1063
f 1070 1063 1071
f 1071 1063 1056
f 1071 1056 1057
f 942 1064 943
f 943 1064 1073
f 943 1073 944
f 944 1073 1072
f 944 1072 945
f 945 1072 1062
f 945 1062 946
f 946 1062 447
f 946 447 446
f 736 735 871
f 745 744 1074
f 743 742 1075
f 718 717 1076
f 742 740 1076
f 1076 740 739
f 1076 739 718
f 743 1075 744
f 745 1074 741
f 731 736 1077
f 717 724 1076
f 1076 724 721
f 1076 721 1077
f 1077 721 720
f 1077 720 731
f 736 871 1077
f 1077 871 872
f 1077 872 1078
f 1078 872 875
f 1078 875 1079
f 1079 875 874
f 1079 874 1080
f 1080 874 873
f 1080 873 1081
f 742 1076 1075
f 1075 1076 1077
f 1075 1077 1082
f 1082 1077 1078
f 1082 1078 1083
f 1083 1078 1079
f 1083 1079 1084
f 1084 1079 1080
f 1084 1080 1085
f 1085 1080 1081
f 1085 1081 1086
f 744 1075 1074
f 1074 1075 1082
f 1074 1082 1087
f 1087 1082 1083
f 1087 1083 1088
f 1088 1083 1084
f 1088 1084 1089
f 1089 1084 1085
f 1089 1085 1090
f 1090 1085 1086
f 1090 1086 1091
f 737 741 966
f 966 741 1074
f 966 1074 967
f 967 1074 1087
f 967 1087 968
f 968 1087 1088
f 968 1088 969
f 969 1088 1089
f 969 1089 970
f 970 1089 1090
f 970 1090 971
f 971 1090 1091
f 971 1091 972
f 973 972 1091
f 973 1091 1092
f 1092 1091 1086
f 1092 1086 1093
f 1093 1086 1081
f 1093 1081 1094
f 1094 1081 873
f 1094 873 893
f 973 1092 1095
f 1096 975 974
f 1097 1098 1099
f 886 1097 1100
f 1098 1096 1101
f 1101 1096 974
f 1101 974 1102
f 974 976 1102
f 1102 976 977
f 1102 977 1103
f 977 978 1103
f 1103 978 979
f 1103 979 1104
f 1104 979 980
f 980 981 1104
f 1104 981 982
f 1104 982 1105
f 982 983 1105
f 1105 983 984
f 1105 984 1106
f 984 985 1106
f 1106 985 986
f 1106 986 1107
f 986 987 1107
f 1107 987 988
f 1107 988 1108
f 988 989 1108
f 1108 989 990
f 1108 990 1109
f 990 991 1109
f 1109 991 992
f 1109 992 1110
f 992 993 1110
f 1110 993 994
f 1110 994 1111
f 994 995 1111
f 1111 995 996
f 1111 996 1112
f 996 997 1112
f 1112 997 998
f 1112 998 1113
f 998 999 1113
f 1113 999 1000
f 1113 1000 1114
f 1000 1001 1114
f 1114 1001 1002
f 1114 1002 1115
f 1002 1003 1115
f 1115 1003 1004
f 1115 1004 1095
f 1095 1004 1005
f 1095 1005 973
f 1098 1101 1099
f 1099 1101 1102
f 1099 1102 1116
f 1116 1102 1103
f 1116 1103 1117
f 1117 1103 1104
f 1117 1104 1118
f 1118 1104 1105
f 1118 1105 1119
f 1119 1105 1106
f 1119 1106 1120
f 1120 1106 1107
f 1120 1107 1121
f 1121 1107 1108
f 1121 1108 1122
f 1122 1108 1109
f 1122 1109 1123
f 1123 1109 1110
f 1123 1110 1124
f 1124 1110 1111
f 1124 1111 1125
f 1125 1111 1112
f 1125 1112 1126
f 1126 1112 1113
f 1126 1113 1127
f 1127 1113 1114
f 1127 1114 1128
f 1128 1114 1115
f 1128 1115 1129
f 1129 1115 1095
f 1129 1095 1130
f 1130 1095 1092
f 1130 1092 1093
f 1097 1099 1100
f 1100 1099 1116
f 1100 1116 1131
f 1131 1116 1117
f 1131 1117 1132
f 1132 1117 1118
f 1132 1118 1133
f 1133 1118 1119
f 1133 1119 1134
f 1134 1119 1120
f 1134 1120 1135
f 1135 1120 1121
f 1135 1121 1136
f 1136 1121 1122
f 1136 1122 1137
f 1137 1122 1123
f 1137 1123 1138
f 1138 1123 1124
f 1138 1124 1139
f 1139 1124 1125
f 1139 1125 1140
f 1140 1125 1126
f 1140 1126 1141
f 1141 1126 1127
f 1141 1127 1142
f 1142 1127 1128
f 1142 1128 1143
f 1143 1128 1129
f 1143 1129 1144
f 1144 1129 1130
f 1144 1130 1145
f 1145 1130 1093
f 1145 1093 1094
f 886 1100 887
f 887 1100 1131
f 887 1131 877
f 877 1131 1132
f 877 1132 879
f 879 1132 1133
f 879 1133 880
f 880 1133 1134
f 880 1134 857
f 857 1134 1135
f 857 1135 859
f 859 1135 1136
f 859 1136 861
f 861 1136 1137
f 861 1137 863
f 863 1137 1138
f 863 1138 865
f 865 1138 1139
f 865 1139 867
f 867 1139 1140
f 867 1140 868
f 868 1140 1141
f 868 1141 849
f 849 1141 1142
f 849 1142 851
f 851 1142 1143
f 851 1143 888
f 888 1143 1144
f 888 1144 889
f 889 1144 1145
f 889 1145 891
f 891 1145 1094
f 891 1094 893
f 1006 975 1096
f 1006 1096 1146
f 1146 1096 1098
f 1146 1098 1147
f 1147 1098 1097
f 1147 1097 1148
f 1148 1097 886
f 1148 886 884
f 759 758 1149
f 757 750 1018
f 726 725 754
f 754 753 726
f 726 753 1150
f 726 1150 727
f 727 1150 728
f 1151 733 732
f 732 730 1151
f 1151 730 729
f 1151 729 1150
f 1150 729 722
f 1150 722 728
f 756 749 1152
f 1152 749 748
f 1152 748 759
f 753 752 1150
f 1150 752 751
f 1150 751 756
f 1148 884 882
f 1007 1006 1153
f 1153 1006 1146
f 1154 1009 1153
f 1153 1009 1008
f 1153 1008 1007
f 1148 882 1155
f 1155 882 881
f 1155 881 1156
f 1156 881 854
f 1156 854 1157
f 1157 854 853
f 1157 853 1151
f 1151 853 734
f 1151 734 733
f 1158 1159 1013
f 1013 1012 1158
f 1158 1012 1011
f 1158 1011 1154
f 1154 1011 1010
f 1154 1010 1009
f 756 1152 1150
f 1150 1152 1160
f 1150 1160 1151
f 1151 1160 1161
f 1151 1161 1157
f 1157 1161 1162
f 1157 1162 1156
f 1156 1162 1163
f 1156 1163 1155
f 1155 1163 1147
f 1155 1147 1148
f 759 1149 1152
f 1152 1149 1159
f 1152 1159 1160
f 1160 1159 1158
f 1160 1158 1161
f 1161 1158 1154
f 1161 1154 1162
f 1162 1154 1153
f 1162 1153 1163
f 1163 1153 1146
f 1163 1146 1147
f 758 757 1149
f 1149 757 1018
f 1149 1018 1159
f 1159 1018 1014
f 1159 1014 1013
f 738 709 708
f 738 708 776
f 776 708 707
f 776 707 774
f 774 707 714
f 774 714 775
f 775 714 715
f 775 715 746
f 747 712 711
f 747 711 782
f 782 711 710
f 782 710 780
f 780 710 713
f 780 713 781
f 781 713 716
f 781 716 755
f 1016 962 1017
f 1017 962 965
f 1017 965 1019
f 1019 965 796
f 1019 796 795
f 409 421 1015
f 1015 421 964
f 1015 964 1016
f 1016 964 963
f 1016 963 962
f 947 952 949
f 949 952 955
f 949 955 950
f 950 955 926
f 950 926 928
f 716 709 948
f 948 709 954
f 948 954 947
f 947 954 953
f 947 953 952
f 507 1164 1165
f 507 1165 509
f 509 1165 1166
f 509 1166 510
f 510 1166 1167
f 510 1167 497
f 497 1167 1168
f 497 1168 489
f 489 1168 1169
f 489 1169 490
f 490 1169 1170
f 490 1170 493
f 493 1170 1171
f 493 1171 502
f 502 1171 1172
f 502 1172 504
f 504 1172 1173
f 504 1173 505
f 505 1173 1174
f 505 1174 488
f 422 1164 507
f 488 1174 439
f 1175 1176 439
f 439 1176 422
f 1176 1177 422
f 422 1177 1178
f 422 1178 1164
f 1179 1180 1170
f 1175 439 1181
f 1181 439 1174
f 1181 1174 1182
f 1182 1174 1173
f 1182 1173 1183
f 1183 1173 1172
f 1183 1172 1180
f 1180 1172 1171
f 1180 1171 1170
f 1178 1184 1164
f 1164 1184 1185
f 1164 1185 1165
f 1165 1185 1186
f 1170 1169 1179
f 1179 1169 1168
f 1179 1168 1187
f 1187 1168 1167
f 1187 1167 1186
f 1186 1167 1166
f 1186 1166 1165
f 1179 902 1180
f 1180 902 900
f 1180 900 1183
f 1183 900 918
f 1183 918 1182
f 1182 918 917
f 1182 917 1181
f 1181 917 936
f 1181 936 1175
f 1175 936 931
f 1175 931 1176
f 1176 931 932
f 1176 932 1177
f 1177 932 927
f 1177 927 1178
f 1178 927 913
f 1178 913 1184
f 1184 913 908
f 1184 908 1185
f 1185 908 898
f 1185 898 1186
f 1186 898 897
f 1186 897 1187
f 1187 897 905
f 1187 905 1179
f 1179 905 902
f 864 866 1188
f 1188 866 848
f 1188 848 1189
f 1189 848 850
f 1189 850 1190
f 1190 850 852
f 1190 852 1191
f 1191 852 890
f 1191 890 1192
f 1192 890 892
f 1192 892 1193
f 1193 892 894
f 1193 894 1194
f 1194 894 895
f 1194 895 1195
f 1195 895 870
f 1195 870 1196
f 1196 870 869
f 1196 869 1197
f 1197 869 844
f 1197 844 1198
f 1198 844 845
f 1198 845 1199
f 1199 845 846
f 1199 846 1200
f 1200 846 847
f 1200 847 1201
f 1201 847 855
f 1201 855 1202
f 1202 855 883
f 1202 883 1203
f 1203 883 885
f 1203 885 1204
f 1204 885 876
f 1204 876 1205
f 1205 876 878
f 1205 878 1206
f 1206 878 856
f 1206 856 1207
f 1207 856 858
f 1207 858 1208
f 1208 858 860
f 1208 860 1209
f 1209 860 862
f 1209 862 1210
f 1210 862 864
f 1210 864 1188
f 1023 1190 1022
f 1022 1190 1191
f 1022 1191 1021
f 1021 1191 1192
f 1021 1192 1020
f 1020 1192 1193
f 1020 1193 1039
f 1039 1193 1194
f 1039 1194 1038
f 1038 1194 1195
f 1038 1195 1037
f 1195 1196 1037
f 1037 1196 1197
f 1037 1197 1036
f 1036 1197 1198
f 1036 1198 1035
f 1035 1198 1199
f 1035 1199 1034
f 1034 1199 1200
f 1034 1200 1033
f 1033 1200 1201
f 1033 1201 1032
f 1032 1201 1202
f 1032 1202 1031
f 1031 1202 1203
f 1031 1203 1030
f 1203 1204 1030
f 1030 1204 1205
f 1030 1205 1029
f 1029 1205 1206
f 1029 1206 1028
f 1028 1206 1207
f 1028 1207 1027
f 1027 1207 1208
f 1027 1208 1026
f 1026 1208 1209
f 1026 1209 1025
f 1025 1209 1210
f 1025 1210 1024
f 1024 1210 1188
f 1024 1188 1023
f 1023 1188 1189
f 1023 1189 1190
f 704 1211 706
f 706 1211 1212
f 706 1212 678
f 678 1212 1213
f 678 1213 680
f 692 1214 694
f 694 1214 1215
f 694 1215 696
f 696 1215 1216
f 696 1216 698
f 1216 1217 698
f 698 1217 1218
f 698 1218 700
f 700 1218 1219
f 700 1219 702
f 702 1219 1220
f 702 1220 704
f 704 1220 1221
f 704 1221 1211
f 686 1222 688
f 688 1222 1223
f 688 1223 690
f 690 1223 1224
f 690 1224 692
f 692 1224 1225
f 692 1225 1214
f 1213 1226 680
f 680 1226 1227
f 680 1227 682
f 682 1227 1228
f 682 1228 684
f 684 1228 1229
f 684 1229 686
f 686 1229 1230
f 686 1230 1222
f 521 522 1231
f 1229 506 508
f 522 520 1231
f 1231 520 519
f 1231 519 518
f 1229 508 518
f 518 508 500
f 518 500 1231
f 1231 500 499
f 1231 499 521
f 544 543 1232
f 1232 541 540
f 540 539 1232
f 1232 539 538
f 1232 538 544
f 543 674 1232
f 1232 674 1222
f 1232 1222 541
f 674 671 1222
f 1222 671 415
f 1222 415 1223
f 1223 415 417
f 1223 417 1224
f 1224 417 418
f 1224 418 1225
f 1225 418 414
f 1225 414 1214
f 1214 414 430
f 1214 430 1215
f 1215 430 462
f 1215 462 1216
f 1216 462 461
f 1216 461 1217
f 1217 461 445
f 1217 445 1218
f 1218 445 444
f 1218 444 1219
f 1219 444 443
f 1219 443 1220
f 1220 443 442
f 1220 442 1221
f 1221 442 428
f 1221 428 1211
f 1211 428 427
f 1211 427 1212
f 1212 427 460
f 1212 460 1213
f 1213 460 459
f 1213 459 1226
f 1226 459 457
f 1226 457 1227
f 1227 457 456
f 1227 456 1228
f 1228 456 455
f 1228 455 1229
f 1229 455 454
f 1229 454 506
f 525 526 1230
f 1230 526 535
f 535 534 1230
f 1230 534 532
f 1230 532 1222
f 1222 532 531
f 1222 531 541
f 518 516 1229
f 1229 516 515
f 1229 515 530
f 530 528 1229
f 1229 528 527
f 1229 527 1230
f 1230 527 523
f 1230 523 525
f 667 1233 669
f 669 1233 1234
f 669 1234 641
f 641 1234 1235
f 641 1235 643
f 661 1236 663
f 663 1236 1237
f 663 1237 665
f 665 1237 1238
f 665 1238 667
f 667 1238 1239
f 667 1239 1233
f 655 1240 657
f 657 1240 1241
f 657 1241 659
f 659 1241 1242
f 659 1242 661
f 661 1242 1243
f 661 1243 1236
f 649 1244 651
f 651 1244 1245
f 651 1245 653
f 653 1245 1246
f 653 1246 655
f 655 1246 1247
f 655 1247 1240
f 1235 1248 643
f 643 1248 1249
f 643 1249 645
f 645 1249 1250
f 645 1250 647
f 647 1250 1251
f 647 1251 649
f 649 1251 1252
f 649 1252 1244
f 546 545 1253
f 1253 545 480
f 1253 480 479
f 479 550 1253
f 1253 550 548
f 1253 548 546
f 566 567 1254
f 1254 567 503
f 1254 503 487
f 486 1244 487
f 487 1244 571
f 487 571 1254
f 1254 571 570
f 1254 570 566
f 566 570 568
f 486 511 1244
f 1244 511 441
f 1244 441 1245
f 1245 441 440
f 1245 440 1246
f 1246 440 424
f 1246 424 1247
f 1247 424 423
f 1247 423 1240
f 1240 423 458
f 1240 458 1241
f 1241 458 436
f 1241 436 1242
f 1242 436 437
f 1242 437 1243
f 1243 437 438
f 1243 438 1236
f 1236 438 474
f 1236 474 1237
f 1237 474 473
f 1237 473 1238
f 1238 473 472
f 1238 472 1239
f 1239 472 435
f 1239 435 1233
f 1233 435 434
f 1233 434 1234
f 1234 434 433
f 1234 433 1235
f 1235 433 449
f 1235 449 1248
f 1248 449 451
f 1248 451 1249
f 1249 451 466
f 1249 466 1250
f 1250 466 464
f 1250 464 1251
f 1251 464 463
f 1251 463 478
f 1244 557 565
f 565 563 1244
f 1244 563 562
f 1244 562 571
f 478 480 1251
f 1251 480 545
f 1251 545 1252
f 1252 545 555
f 555 553 1252
f 1252 553 552
f 1252 552 561
f 561 560 1252
f 1252 560 559
f 1252 559 1244
f 1244 559 558
f 1244 558 557
f 1255 1256 689
f 1257 1258 1259
f 654 1260 1261
f 1262 1263 1264
f 1264 1263 1265
f 1264 640 642
f 689 691 1255
f 1255 691 1266
f 1255 1266 1267
f 650 1268 648
f 648 1268 646
f 1269 1270 1271
f 1271 1270 1272
f 1271 1272 1256
f 1259 1268 1257
f 1257 1268 650
f 1257 650 1261
f 1261 650 652
f 1261 652 654
f 1264 642 1268
f 1268 642 644
f 1268 644 646
f 1273 1274 1275
f 1275 1274 1276
f 656 658 1277
f 1278 1279 1280
f 1280 1279 1281
f 640 1264 668
f 668 1264 1265
f 668 1265 666
f 1265 1275 666
f 666 1275 1276
f 666 1276 664
f 664 1276 662
f 1277 658 1276
f 1276 658 660
f 1276 660 662
f 1260 679 1272
f 1272 679 681
f 677 679 1282
f 1282 679 1260
f 1282 1260 1277
f 1277 1260 654
f 1277 654 656
f 691 693 1266
f 1266 693 695
f 1266 695 1281
f 1281 695 697
f 1281 697 1280
f 1280 697 699
f 681 683 1272
f 1272 683 685
f 1272 685 1256
f 1256 685 687
f 1256 687 689
f 699 701 1280
f 1280 701 703
f 1280 703 1282
f 1282 703 705
f 1282 705 677
f 1262 1264 770
f 770 1264 771
f 1264 1268 771
f 771 1268 772
f 1268 1259 772
f 772 1259 773
f 1259 1258 773
f 773 1258 766
f 1258 1257 766
f 766 1257 786
f 1257 1261 786
f 786 1261 785
f 1261 1260 785
f 785 1260 783
f 1260 1272 783
f 783 1272 784
f 1272 1270 784
f 784 1270 767
f 1270 1269 767
f 767 1269 768
f 1269 1271 768
f 768 1271 760
f 1271 1256 760
f 760 1256 761
f 1256 1255 761
f 761 1255 762
f 1255 1267 762
f 762 1267 777
f 1267 1266 777
f 777 1266 778
f 1266 1281 778
f 778 1281 779
f 1281 1279 779
f 779 1279 787
f 1279 1278 787
f 787 1278 788
f 1278 1280 788
f 788 1280 793
f 1280 1282 793
f 793 1282 792
f 1282 1277 792
f 792 1277 790
f 1277 1276 790
f 790 1276 791
f 1276 1274 791
f 791 1274 789
f 1274 1273 789
f 789 1273 769
f 1273 1275 769
f 769 1275 763
f 1275 1265 763
f 763 1265 764
f 1265 1263 764
f 764 1263 765
f 1263 1262 765
f 765 1262 770
f 1283 1284 1285
f 1285 1284 1286
f 1285 1286 801
f 801 1286 1287
f 801 1287 1288
f 1289 1290 1291
f 1291 1290 1292
f 1291 1292 1293
f 1293 1292 1294
f 1293 1294 1295
f 1295 1294 1296
f 1295 1296 1297
f 1298 1299 1300
f 1300 1299 1301
f 1300 1301 1302
f 1302 1301 1303
f 1302 1303 1304
f 1304 1303 1305
f 1304 1305 1283
f 1283 1305 1306
f 1283 1306 1284
f 1307 1308 1309
f 1309 1308 1310
f 1309 1310 1311
f 1311 1310 1312
f 1311 1312 1313
f 1313 1312 1314
f 1313 1314 1289
f 1289 1314 1315
f 1289 1315 1290
f 1316 1317 1318
f 1318 1317 1319
f 1318 1319 1320
f 1320 1319 1321
f 1320 1321 1322
f 1322 1321 1323
f 1322 1323 1298
f 1298 1323 1324
f 1298 1324 1299
f 1287 1325 1288
f 1288 1325 1326
f 1288 1326 1327
f 1327 1326 1328
f 1327 1328 1329
f 1329 1328 1330
f 1329 1330 1331
f 1331 1330 1332
f 1331 1332 1333
f 1332 1334 1333
f 1333 1334 1335
f 1333 1335 1336
f 1336 1335 1337
f 1336 1337 1338
f 1338 1337 1339
f 1338 1339 1340
f 1340 1339 1341
f 1340 1341 1307
f 1307 1341 1342
f 1307 1342 1308
f 1296 1343 1297
f 1297 1343 1344
f 1297 1344 1345
f 1345 1344 1346
f 1345 1346 1347
f 1347 1346 1348
f 1347 1348 1349
f 1349 1348 1350
f 1349 1350 1316
f 1316 1350 1351
f 1316 1351 1317
f 801 1352 1285
f 1285 1352 1353
f 1285 1353 1283
f 1283 1353 1354
f 1283 1354 1304
f 1304 1354 1355
f 1304 1355 1302
f 1302 1355 1356
f 1302 1356 1300
f 1300 1356 1357
f 1300 1357 1298
f 1298 1357 1358
f 1298 1358 1322
f 1322 1358 1359
f 1322 1359 1320
f 1320 1359 1360
f 1320 1360 1318
f 1318 1360 1361
f 1318 1361 1316
f 1316 1361 1362
f 1316 1362 1349
f 1349 1362 1363
f 1349 1363 1347
f 1347 1363 1364
f 1347 1364 1345
f 1345 1364 1365
f 1345 1365 1297
f 1297 1365 1366
f 1297 1366 1295
f 1295 1366 1367
f 1295 1367 1293
f 1293 1367 1368
f 1293 1368 1291
f 1291 1368 1369
f 1291 1369 1289
f 1289 1369 1370
f 1289 1370 1313
f 1313 1370 1371
f 1313 1371 1311
f 1311 1371 1372
f 1311 1372 1309
f 1309 1372 1373
f 1309 1373 1307
f 1307 1373 1374
f 1307 1374 1340
f 1340 1374 1375
f 1340 1375 1338
f 1338 1375 1376
f 1338 1376 1336
f 1336 1376 1377
f 1336 1377 1333
f 1333 1377 1378
f 1333 1378 1331
f 1331 1378 1379
f 1331 1379 1329
f 1329 1379 1380
f 1329 1380 1327
f 1327 1380 1381
f 1327 1381 1288
f 1288 1381 1382
f 1288 1382 801
f 801 1382 1352
f 1381 1383 1382
f 1382 1383 1384
f 1382 1384 1352
f 1352 1384 1385
f 1352 1385 1353
f 1357 1386 1358
f 1358 1386 1387
f 1358 1387 1359
f 1359 1387 1388
f 1359 1388 1360
f 1360 1388 1389
f 1360 1389 1361
f 1385 1390 1353
f 1353 1390 1391
f 1353 1391 1354
f 1354 1391 1392
f 1354 1392 1355
f 1355 1392 1393
f 1355 1393 1356
f 1356 1393 1394
f 1356 1394 1357
f 1357 1394 1395
f 1357 1395 1386
f 1377 1396 1378
f 1378 1396 1397
f 1378 1397 1379
f 1379 1397 1398
f 1379 1398 1380
f 1380 1398 1399
f 1380 1399 1381
f 1381 1399 1400
f 1381 1400 1383
f 1373 1401 1374
f 1374 1401 1402
f 1374 1402 1375
f 1375 1402 1403
f 1375 1403 1376
f 1376 1403 1404
f 1376 1404 1377
f 1377 1404 1405
f 1377 1405 1396
f 1369 1406 1370
f 1370 1406 1407
f 1370 1407 1371
f 1371 1407 1408
f 1371 1408 1372
f 1372 1408 1409
f 1372 1409 1373
f 1373 1409 1410
f 1373 1410 1401
f 1365 1411 1366
f 1366 1411 1412
f 1366 1412 1367
f 1367 1412 1413
f 1367 1413 1368
f 1368 1413 1414
f 1368 1414 1369
f 1369 1414 1415
f 1369 1415 1406
f 1389 1416 1361
f 1361 1416 1417
f 1361 1417 1362
f 1362 1417 1418
f 1362 1418 1363
f 1363 1418 1419
f 1363 1419 1364
f 1364 1419 1420
f 1364 1420 1365
f 1365 1420 1421
f 1365 1421 1411
f 1385 1286 1390
f 1390 1286 1284
f 1390 1284 1391
f 1391 1284 1306
f 1391 1306 1392
f 1392 1306 1305
f 1392 1305 1393
f 1393 1305 1303
f 1393 1303 1394
f 1394 1303 1301
f 1394 1301 1395
f 1395 1301 1299
f 1395 1299 1386
f 1386 1299 1324
f 1386 1324 1387
f 1387 1324 1323
f 1387 1323 1388
f 1388 1323 1321
f 1388 1321 1389
f 1389 1321 1319
f 1389 1319 1416
f 1416 1319 1317
f 1416 1317 1417
f 1417 1317 1351
f 1417 1351 1418
f 1418 1351 1350
f 1418 1350 1419
f 1419 1350 1348
f 1419 1348 1420
f 1420 1348 1346
f 1420 1346 1421
f 1421 1346 1344
f 1421 1344 1411
f 1411 1344 1343
f 1411 1343 1412
f 1412 1343 1296
f 1412 1296 1413
f 1413 1296 1294
f 1413 1294 1414
f 1414 1294 1292
f 1414 1292 1415
f 1415 1292 1290
f 1415 1290 1406
f 1406 1290 1315
f 1406 1315 1407
f 1407 1315 1314
f 1407 1314 1408
f 1408 1314 1312
f 1408 1312 1409
f 1409 1312 1310
f 1409 1310 1410
f 1410 1310 1308
f 1410 1308 1401
f 1401 1308 1342
f 1401 1342 1402
f 1402 1342 1341
f 1402 1341 1403
f 1403 1341 1339
f 1403 1339 1404
f 1404 1339 1337
f 1404 1337 1405
f 1405 1337 1335
f 1405 1335 1396
f 1396 1335 1334
f 1396 1334 1397
f 1397 1334 1332
f 1397 1332 1398
f 1398 1332 1330
f 1398 1330 1399
f 1399 1330 1328
f 1399 1328 1400
f 1400 1328 1326
f 1400 1326 1383
f 1383 1326 1325
f 1383 1325 1384
f 1384 1325 1287
f 1384 1287 1385
f 1385 1287 1286
f 1422 1423 1424
f 1424 1423 1425
f 1425 1426 1424
f 1424 1426 1427
f 1424 1427 1428
f 1427 1429 1428
f 1428 1429 1430
f 1428 1430 1431
f 1431 1430 1432
f 1431 1432 1433
f 1432 1434 1433
f 1433 1434 1435
f 1433 1435 1436
f 1435 1437 1436
f 1436 1437 1438
f 1436 1438 1439
f 1438 1440 1439
f 1439 1440 1441
f 1439 1441 1442
f 1441 1443 1442
f 1442 1443 1444
f 1442 1444 1445
f 1444 1446 1445
f 1445 1446 1447
f 1445 1447 1448
f 1447 1449 1448
f 1448 1449 1450
f 1448 1450 1451
f 1450 1452 1451
f 1451 1452 1453
f 1451 1453 1454
f 1453 1455 1454
f 1454 1455 1456
f 1454 1456 1457
f 1456 1458 1457
f 1457 1458 1459
f 1457 1459 1460
f 1459 1461 1460
f 1460 1461 1462
f 1460 1462 1463
f 1462 1464 1463
f 1463 1464 1465
f 1463 1465 1466
f 1465 1467 1466
f 1466 1467 1468
f 1466 1468 1469
f 1468 1470 1469
f 1469 1470 1471
f 1469 1471 1472
f 1471 1473 1472
f 1472 1473 1474
f 1472 1474 1475
f 1474 1476 1475
f 1475 1476 1477
f 1475 1477 1478
f 1478 1477 1479
f 1479 1480 1478
f 1478 1480 1481
f 1478 1481 1482
f 1481 1483 1482
f 1482 1483 1484
f 1482 1484 1485
f 1484 1486 1485
f 1485 1486 1487
f 1485 1487 1488
f 1487 1489 1488
f 1488 1489 1490
f 1488 1490 1491
f 1490 1492 1491
f 1491 1492 1493
f 1491 1493 1494
f 1493 1495 1494
f 1494 1495 1496
f 1494 1496 1497
f 1496 1498 1497
f 1497 1498 1499
f 1497 1499 1500
f 1499 1501 1500
f 1500 1501 1502
f 1500 1502 1503
f 1502 1504 1503
f 1503 1504 1505
f 1503 1505 1506
f 1505 1507 1506
f 1506 1507 1508
f 1506 1508 1509
f 1508 1510 1509
f 1509 1510 1511
f 1509 1511 1512
f 1511 1513 1512
f 1512 1513 1514
f 1512 1514 1515
f 1514 1516 1515
f 1515 1516 1517
f 1515 1517 1518
f 1517 1519 1518
f 1518 1519 1520
f 1518 1520 1521
f 1520 1522 1521
f 1521 1522 1523
f 1521 1523 1524
f 1523 1525 1524
f 1524 1525 1526
f 1524 1526 1527
f 1526 1528 1527
f 1527 1528 1529
f 1527 1529 1530
f 1529 1531 1530
f 1530 1531 1532
f 1530 1532 1533
f 1533 1532 1534
f 1533 1534 1535
f 1534 1536 1535
f 1535 1536 1537
f 1535 1537 1422
f 1422 1537 1538
f 1422 1538 1423
f 1539 1466 1540
f 1540 1466 1469
f 1540 1469 1541
f 1541 1469 1472
f 1541 1472 1542
f 1542 1472 1475
f 1542 1475 1543
f 1544 1454 1545
f 1545 1454 1457
f 1545 1457 1546
f 1546 1457 1460
f 1546 1460 1539
f 1539 1460 1463
f 1539 1463 1466
f 1547 1442 1548
f 1548 1442 1445
f 1548 1445 1549
f 1549 1445 1448
f 1549 1448 1544
f 1544 1448 1451
f 1544 1451 1454
f 1550 1428 1551
f 1551 1428 1431
f 1551 1431 1552
f 1552 1431 1433
f 1552 1433 1553
f 1553 1433 1436
f 1553 1436 1547
f 1547 1436 1439
f 1547 1439 1442
f 1554 1533 1555
f 1555 1533 1535
f 1555 1535 1556
f 1556 1535 1422
f 1556 1422 1550
f 1550 1422 1424
f 1550 1424 1428
f 1557 1506 1558
f 1558 1506 1509
f 1558 1509 1559
f 1559 1509 1512
f 1559 1512 1560
f 1512 1515 1560
f 1560 1515 1518
f 1560 1518 1561
f 1561 1518 1521
f 1561 1521 1562
f 1562 1521 1524
f 1562 1524 1563
f 1563 1524 1527
f 1563 1527 1554
f 1554 1527 1530
f 1554 1530 1533
f 1564 1494 1565
f 1565 1494 1497
f 1565 1497 1566
f 1566 1497 1500
f 1566 1500 1557
f 1557 1500 1503
f 1557 1503 1506
f 1475 1478 1543
f 1543 1478 1482
f 1543 1482 1567
f 1567 1482 1485
f 1567 1485 1568
f 1568 1485 1488
f 1568 1488 1564
f 1564 1488 1491
f 1564 1491 1494
f 1556 1569 1555
f 1555 1569 1570
f 1555 1570 1554
f 1554 1570 1571
f 1554 1571 1563
f 1563 1571 1572
f 1563 1572 1562
f 1562 1572 1573
f 1562 1573 1561
f 1561 1573 1574
f 1561 1574 1560
f 1560 1574 1575
f 1560 1575 1559
f 1559 1575 1576
f 1559 1576 1558
f 1558 1576 1577
f 1558 1577 1557
f 1557 1577 1578
f 1557 1578 1566
f 1566 1578 1579
f 1566 1579 1565
f 1565 1579 1580
f 1565 1580 1564
f 1564 1580 1581
f 1564 1581 1568
f 1568 1581 1582
f 1568 1582 1567
f 1567 1582 1583
f 1567 1583 1543
f 1543 1583 1584
f 1543 1584 1542
f 1542 1584 1585
f 1542 1585 1541
f 1541 1585 1586
f 1541 1586 1540
f 1540 1586 1587
f 1540 1587 1539
f 1539 1587 1588
f 1539 1588 1546
f 1546 1588 1589
f 1546 1589 1545
f 1545 1589 1590
f 1545 1590 1544
f 1544 1590 1591
f 1544 1591 1549
f 1549 1591 1592
f 1549 1592 1548
f 1548 1592 1593
f 1548 1593 1547
f 1547 1593 1594
f 1547 1594 1553
f 1553 1594 1595
f 1553 1595 1552
f 1552 1595 1596
f 1552 1596 1551
f 1551 1596 1597
f 1551 1597 1550
f 1550 1597 1598
f 1550 1598 1556
f 1556 1598 1569
f 1586 1585 1599
f 1599 1600 1586
f 1586 1600 1601
f 1586 1601 1587
f 1601 1602 1587
f 1587 1602 1603
f 1587 1603 1588
f 1588 1603 1604
f 1588 1604 1589
f 1604 1605 1589
f 1589 1605 1606
f 1589 1606 1590
f 1606 1607 1590
f 1590 1607 1608
f 1590 1608 1591
f 1608 1609 1591
f 1591 1609 1610
f 1591 1610 1592
f 1610 1611 1592
f 1592 1611 1612
f 1592 1612 1593
f 1612 1613 1593
f 1593 1613 1614
f 1593 1614 1594
f 1614 1615 1594
f 1594 1615 1616
f 1594 1616 1595
f 1595 1616 1617
f 1595 1617 1596
f 1617 1618 1596
f 1596 1618 1619
f 1596 1619 1597
f 1619 1620 1597
f 1597 1620 1621
f 1597 1621 1598
f 1621 1622 1598
f 1598 1622 1623
f 1598 1623 1569
f 1569 1623 1624
f 1569 1624 1570
f 1624 1625 1570
f 1570 1625 1626
f 1570 1626 1571
f 1626 1627 1571
f 1571 1627 1628
f 1571 1628 1572
f 1628 1629 1572
f 1572 1629 1630
f 1572 1630 1573
f 1573 1630 1631
f 1573 1631 1574
f 1631 1632 1574
f 1574 1632 1633
f 1574 1633 1575
f 1633 1634 1575
f 1575 1634 1635
f 1575 1635 1576
f 1635 1636 1576
f 1576 1636 1637
f 1576 1637 1577
f 1637 1638 1577
f 1577 1638 1639
f 1577 1639 1578
f 1639 1640 1578
f 1578 1640 1641
f 1578 1641 1579
f 1641 1642 1579
f 1579 1642 1643
f 1579 1643 1580
f 1580 1643 1644
f 1580 1644 1581
f 1644 1645 1581
f 1581 1645 1646
f 1581 1646 1582
f 1646 1647 1582
f 1582 1647 1648
f 1582 1648 1583
f 1648 1649 1583
f 1583 1649 1650
f 1583 1650 1584
f 1584 1650 1651
f 1584 1651 1585
f 1585 1651 1652
f 1585 1652 1599
f 1653 1654 1625
f 1655 1627 1654
f 1654 1627 1626
f 1654 1626 1625
f 1656 1629 1655
f 1655 1629 1628
f 1655 1628 1627
f 1657 1631 1656
f 1656 1631 1630
f 1656 1630 1629
f 1658 1633 1657
f 1657 1633 1632
f 1657 1632 1631
f 1659 1635 1658
f 1658 1635 1634
f 1658 1634 1633
f 1639 1638 1660
f 1660 1638 1637
f 1660 1637 1659
f 1659 1637 1636
f 1659 1636 1635
f 1639 1660 1640
f 1640 1660 1661
f 1640 1661 1641
f 1641 1661 1642
f 1642 1661 1662
f 1642 1662 1643
f 1643 1662 1644
f 1644 1662 1663
f 1644 1663 1645
f 1645 1663 1646
f 1646 1663 1664
f 1646 1664 1647
f 1647 1664 1648
f 1648 1664 1665
f 1648 1665 1649
f 1649 1665 1650
f 1650 1665 1666
f 1650 1666 1651
f 1651 1666 1652
f 1652 1666 1667
f 1652 1667 1599
f 1599 1667 1600
f 1600 1667 1668
f 1600 1668 1601
f 1601 1668 1602
f 1602 1668 1669
f 1602 1669 1603
f 1603 1669 1604
f 1604 1669 1670
f 1604 1670 1605
f 1605 1670 1606
f 1606 1670 1671
f 1606 1671 1607
f 1607 1671 1608
f 1608 1671 1672
f 1608 1672 1609
f 1609 1672 1610
f 1610 1672 1673
f 1610 1673 1611
f 1674 1613 1673
f 1673 1613 1612
f 1673 1612 1611
f 1675 1615 1674
f 1674 1615 1614
f 1674 1614 1613
f 1676 1617 1675
f 1675 1617 1616
f 1675 1616 1615
f 1677 1619 1676
f 1676 1619 1618
f 1676 1618 1617
f 1678 1621 1677
f 1677 1621 1620
f 1677 1620 1619
f 1625 1624 1653
f 1653 1624 1623
f 1653 1623 1678
f 1678 1623 1622
f 1678 1622 1621
f 1674 1679 1675
f 1675 1679 1680
f 1675 1680 1676
f 1681 1653 1678
f 1680 1682 1676
f 1676 1682 1683
f 1676 1683 1677
f 1677 1683 1684
f 1677 1684 1678
f 1678 1684 1685
f 1678 1685 1681
f 1670 1686 1671
f 1671 1686 1687
f 1671 1687 1672
f 1681 1688 1653
f 1653 1688 1689
f 1653 1689 1654
f 1654 1689 1690
f 1654 1690 1655
f 1687 1691 1672
f 1672 1691 1692
f 1672 1692 1673
f 1673 1692 1693
f 1673 1693 1674
f 1674 1693 1694
f 1674 1694 1679
f 1668 1695 1669
f 1669 1695 1696
f 1669 1696 1670
f 1670 1696 1697
f 1670 1697 1686
f 1690 1698 1655
f 1655 1698 1699
f 1655 1699 1656
f 1656 1699 1700
f 1656 1700 1657
f 1666 1701 1667
f 1667 1701 1702
f 1667 1702 1668
f 1668 1702 1703
f 1668 1703 1695
f 1665 1704 1666
f 1666 1704 1705
f 1666 1705 1701
f 1663 1706 1664
f 1664 1706 1707
f 1664 1707 1665
f 1665 1707 1708
f 1665 1708 1704
f 1661 1709 1662
f 1662 1709 1710
f 1662 1710 1663
f 1663 1710 1711
f 1663 1711 1706
f 1659 1712 1660
f 1660 1712 1713
f 1660 1713 1661
f 1661 1713 1714
f 1661 1714 1709
f 1700 1715 1657
f 1657 1715 1716
f 1657 1716 1658
f 1658 1716 1717
f 1658 1717 1659
f 1659 1717 1718
f 1659 1718 1712
f 1701 1705 1480
f 1480 1479 1701
f 1701 1479 1477
f 1701 1477 1702
f 1477 1476 1702
f 1702 1476 1474
f 1702 1474 1703
f 1474 1473 1703
f 1703 1473 1471
f 1703 1471 1695
f 1471 1470 1695
f 1695 1470 1468
f 1695 1468 1696
f 1468 1467 1696
f 1696 1467 1465
f 1696 1465 1697
f 1465 1464 1697
f 1697 1464 1462
f 1697 1462 1686
f 1462 1461 1686
f 1686 1461 1459
f 1686 1459 1687
f 1459 1458 1687
f 1687 1458 1456
f 1687 1456 1691
f 1456 1455 1691
f 1691 1455 1453
f 1691 1453 1692
f 1453 1452 1692
f 1692 1452 1450
f 1692 1450 1693
f 1450 1449 1693
f 1693 1449 1447
f 1693 1447 1694
f 1447 1446 1694
f 1694 1446 1444
f 1694 1444 1679
f 1444 1443 1679
f 1679 1443 1441
f 1679 1441 1680
f 1441 1440 1680
f 1680 1440 1438
f 1680 1438 1682
f 1438 1437 1682
f 1682 1437 1435
f 1682 1435 1683
f 1435 1434 1683
f 1683 1434 1432
f 1683 1432 1684
f 1432 1430 1684
f 1684 1430 1429
f 1684 1429 1685
f 1429 1427 1685
f 1685 1427 1426
f 1685 1426 1681
f 1681 1426 1425
f 1681 1425 1688
f 1688 1425 1423
f 1688 1423 1689
f 1423 1538 1689
f 1689 1538 1537
f 1689 1537 1690
f 1537 1536 1690
f 1690 1536 1534
f 1690 1534 1698
f 1534 1532 1698
f 1698 1532 1531
f 1698 1531 1699
f 1531 1529 1699
f 1699 1529 1528
f 1699 1528 1700
f 1528 1526 1700
f 1700 1526 1525
f 1700 1525 1715
f 1525 1523 1715
f 1715 1523 1522
f 1715 1522 1716
f 1522 1520 1716
f 1716 1520 1519
f 1716 1519 1717
f 1519 1517 1717
f 1717 1517 1516
f 1717 1516 1718
f 1516 1514 1718
f 1718 1514 1513
f 1718 1513 1712
f 1513 1511 1712
f 1712 1511 1510
f 1712 1510 1713
f 1510 1508 1713
f 1713 1508 1507
f 1713 1507 1714
f 1507 1505 1714
f 1714 1505 1504
f 1714 1504 1709
f 1504 1502 1709
f 1709 1502 1501
f 1709 1501 1710
f 1501 1499 1710
f 1710 1499 1498
f 1710 1498 1711
f 1498 1496 1711
f 1711 1496 1495
f 1711 1495 1706
f 1495 1493 1706
f 1706 1493 1492
f 1706 1492 1707
f 1492 1490 1707
f 1707 1490 1489
f 1707 1489 1708
f 1489 1487 1708
f 1708 1487 1486
f 1708 1486 1704
f 1486 1484 1704
f 1704 1484 1483
f 1704 1483 1705
f 1705 1483 1481
f 1705 1481 1480
f 1719 1720 1721
f 1722 1723 1724
f 1725 1726 1727
f 1728 1729 1730
f 1731 1732 1724
f 1732 1733 1724
f 1724 1733 1734
f 1724 1734 1722
f 1722 1734 1735
f 1722 1735 1736
f 1737 1721 1738
f 1738 1721 1728
f 1738 1728 1739
f 1739 1728 1740
f 1741 1725 1742
f 1742 1725 1727
f 1742 1727 1743
f 1737 1744 1721
f 1721 1744 1745
f 1721 1745 1719
f 1719 1745 1746
f 1719 1746 1724
f 1724 1746 1747
f 1724 1747 1731
f 1748 1730 1749
f 1749 1730 1725
f 1749 1725 1750
f 1750 1725 1741
f 1736 1751 1722
f 1722 1751 1752
f 1722 1752 1727
f 1727 1752 1753
f 1727 1753 1743
f 1748 1754 1730
f 1730 1754 1755
f 1730 1755 1728
f 1728 1755 1756
f 1728 1756 1740
f 1757 1758 1759
f 1759 1758 1760
f 1761 1762 1763
f 1763 1762 640
f 1763 640 1764
f 1765 1766 1767
f 1767 1766 1768
f 1767 1768 1764
f 640 1769 1764
f 1764 1769 1770
f 1764 1770 1771
f 1771 1772 1764
f 1764 1772 664
f 1764 664 1767
f 1767 664 1773
f 1767 1773 1774
f 1774 1775 1767
f 1767 1775 1776
f 1767 1776 1777
f 1777 1776 658
f 1759 1778 1763
f 1763 1778 1779
f 1763 1779 1761
f 1780 1781 1782
f 1760 1782 1759
f 1759 1782 1783
f 1759 1783 1784
f 1784 1785 1759
f 1759 1785 646
f 1759 646 1778
f 1781 652 1782
f 1782 652 1786
f 1782 1786 1783
f 658 1787 1777
f 1777 1787 1788
f 1777 1788 1782
f 1782 1788 1789
f 1782 1789 1780
f 1728 1721 1764
f 1764 1721 1763
f 1729 1728 1768
f 1768 1728 1764
f 1768 1766 1729
f 1729 1766 1790
f 1729 1790 1730
f 1730 1790 1791
f 1792 1790 1765
f 1765 1790 1766
f 1725 1793 1726
f 1726 1793 1792
f 1726 1792 1767
f 1767 1792 1765
f 1727 1726 1777
f 1777 1726 1767
f 1722 1727 1782
f 1782 1727 1777
f 1723 1722 1760
f 1760 1722 1782
f 1760 1758 1723
f 1723 1758 1794
f 1723 1794 1724
f 1724 1794 1795
f 1796 1794 1757
f 1757 1794 1758
f 1719 1797 1720
f 1720 1797 1796
f 1720 1796 1759
f 1759 1796 1757
f 1721 1720 1763
f 1763 1720 1759
f 1738 640 1737
f 1737 640 1762
f 1737 1762 1744
f 1744 1762 1761
f 1744 1761 1745
f 1745 1761 1779
f 1745 1779 1746
f 1746 1779 1778
f 1746 1778 1747
f 1747 1778 646
f 1747 646 1731
f 1731 646 1785
f 1731 1785 1732
f 1732 1785 1784
f 1732 1784 1733
f 1733 1784 1783
f 1733 1783 1734
f 1734 1783 1786
f 1734 1786 1735
f 1735 1786 652
f 1735 652 1736
f 1736 652 1781
f 1736 1781 1751
f 1751 1781 1780
f 1751 1780 1752
f 1752 1780 1789
f 1752 1789 1753
f 1753 1789 1788
f 1753 1788 1743
f 1743 1788 1787
f 1743 1787 1742
f 1742 1787 658
f 1742 658 1741
f 1741 658 1776
f 1741 1776 1750
f 1750 1776 1775
f 1750 1775 1749
f 1749 1775 1774
f 1749 1774 1748
f 1748 1774 1773
f 1748 1773 1754
f 1754 1773 664
f 1754 664 1755
f 1755 664 1772
f 1755 1772 1756
f 1756 1772 1771
f 1756 1771 1740
f 1740 1771 1770
f 1740 1770 1739
f 1739 1770 1769
f 1739 1769 1738
f 1738 1769 640
f 1791 1793 1730
f 1730 1793 1725
f 1793 1791 1792
f 1792 1791 1790
f 1795 1797 1724
f 1724 1797 1719
f 1797 1795 1796
f 1796 1795 1794
f 1798 1799 1800
f 1801 1802 1803
f 1804 1805 1806
f 1807 1808 1809
f 1810 1811 1806
f 1811 1812 1806
f 1806 1812 1813
f 1806 1813 1804
f 1804 1813 1814
f 1804 1814 1815
f 1815 1816 1804
f 1804 1816 1817
f 1804 1817 1803
f 1803 1817 1818
f 1819 1801 1820
f 1820 1801 1803
f 1820 1803 1821
f 1821 1803 1818
f 1819 1822 1801
f 1801 1822 1823
f 1801 1823 1809
f 1809 1823 1824
f 1825 1826 1800
f 1800 1826 1827
f 1800 1827 1798
f 1798 1827 1828
f 1798 1828 1806
f 1806 1828 1829
f 1806 1829 1810
f 1830 1807 1831
f 1831 1807 1809
f 1831 1809 1832
f 1832 1809 1824
f 1830 1833 1807
f 1807 1833 1834
f 1807 1834 1800
f 1800 1834 1835
f 1800 1835 1825
f 1836 689 1837
f 1837 1838 1839
f 1839 1838 1840
f 1839 1840 1841
f 1842 1843 1836
f 1836 1843 1844
f 1836 1844 689
f 1837 1839 1836
f 1836 1839 1845
f 1836 1845 1846
f 1847 1848 1849
f 1849 1848 701
f 1841 683 1839
f 1839 683 1850
f 1839 1850 1851
f 1851 1850 1852
f 1851 1852 1853
f 1854 1855 1856
f 1856 1855 1848
f 1856 1848 1857
f 1857 1848 1847
f 1857 1847 1858
f 1858 1859 1857
f 1857 1859 695
f 1857 695 1860
f 1853 1861 1851
f 1851 1861 677
f 1851 677 1862
f 1862 677 1863
f 1863 1864 1862
f 1862 1864 1865
f 1862 1865 1848
f 1848 1865 1866
f 1848 1866 701
f 1836 1867 1842
f 1842 1867 1857
f 1842 1857 1868
f 1868 1857 1860
f 1801 1869 1802
f 1802 1869 1870
f 1802 1870 1856
f 1856 1870 1854
f 1803 1802 1857
f 1857 1802 1856
f 1804 1803 1867
f 1867 1803 1857
f 1805 1804 1836
f 1836 1804 1867
f 1836 1846 1805
f 1805 1846 1871
f 1805 1871 1806
f 1806 1871 1872
f 1873 1871 1845
f 1845 1871 1846
f 1798 1874 1799
f 1799 1874 1873
f 1799 1873 1839
f 1839 1873 1845
f 1800 1799 1851
f 1851 1799 1839
f 1807 1800 1862
f 1862 1800 1851
f 1808 1807 1848
f 1848 1807 1862
f 1848 1855 1808
f 1808 1855 1875
f 1808 1875 1809
f 1809 1875 1876
f 1870 1875 1854
f 1854 1875 1855
f 1835 677 1825
f 1825 677 1861
f 1825 1861 1826
f 1826 1861 1853
f 1826 1853 1827
f 1827 1853 1852
f 1827 1852 1828
f 1828 1852 1850
f 1828 1850 1829
f 1829 1850 683
f 1829 683 1810
f 1810 683 1841
f 1810 1841 1811
f 1811 1841 1840
f 1811 1840 1812
f 1812 1840 1838
f 1812 1838 1813
f 1813 1838 1837
f 1813 1837 1814
f 1814 1837 689
f 1814 689 1815
f 1815 689 1844
f 1815 1844 1816
f 1816 1844 1843
f 1816 1843 1817
f 1817 1843 1842
f 1817 1842 1818
f 1818 1842 1868
f 1818 1868 1821
f 1821 1868 1860
f 1821 1860 1820
f 1820 1860 695
f 1820 695 1819
f 1819 695 1859
f 1819 1859 1822
f 1822 1859 1858
f 1822 1858 1823
f 1823 1858 1847
f 1823 1847 1824
f 1824 1847 1849
f 1824 1849 1832
f 1832 1849 701
f 1832 701 1831
f 1831 701 1866
f 1831 1866 1830
f 1830 1866 1865
f 1830 1865 1833
f 1833 1865 1864
f 1833 1864 1834
f 1834 1864 1863
f 1834 1863 1835
f 1835 1863 677
f 1872 1874 1806
f 1806 1874 1798
f 1873 1874 1871
f 1871 1874 1872
f 1876 1869 1809
f 1809 1869 1801
f 1876 1875 1869
f 1869 1875 1870
f 1877 1878 1879
f 1880 1881 1882
f 1883 1884 1885
f 1885 1884 1886
f 1887 1888 1889
f 1890 1891 1892
f 1886 1884 1882
f 1882 1884 1893
f 1882 1893 1894
f 1877 1895 1896
f 1887 1889 1897
f 1882 1881 1898
f 1894 1899 1882
f 1882 1899 1900
f 1882 1900 1880
f 1901 1902 1877
f 1877 1902 1903
f 1904 1895 1905
f 1905 1895 1906
f 1890 1892 1907
f 1907 1892 1908
f 1907 1908 1909
f 1896 1910 1877
f 1877 1910 1911
f 1877 1911 1889
f 1889 1911 1912
f 1889 1912 1913
f 1879 1914 1877
f 1877 1914 1915
f 1877 1915 1901
f 1901 1915 1916
f 1901 1916 1917
f 1917 1916 1918
f 1917 1918 1919
f 1919 1918 1920
f 1919 1920 1921
f 1922 1923 1890
f 1890 1923 1924
f 1890 1924 1891
f 1891 1924 1925
f 1891 1925 1926
f 1926 1925 1927
f 1926 1927 1904
f 1904 1927 1928
f 1904 1928 1895
f 1913 1929 1889
f 1889 1929 1930
f 1889 1930 1898
f 1931 1932 1933
f 1933 1932 1934
f 1933 1934 1935
f 1935 1934 1919
f 1935 1919 1936
f 1936 1919 1921
f 1881 1937 1898
f 1898 1937 1938
f 1898 1938 1889
f 1889 1938 1939
f 1889 1939 1897
f 1903 1940 1877
f 1877 1940 1941
f 1877 1941 1895
f 1895 1941 1942
f 1895 1942 1906
f 1931 1933 1943
f 1943 1944 1931
f 1931 1944 1945
f 1931 1945 1946
f 1947 1948 1949
f 1949 1948 1950
f 1945 1951 1946
f 1946 1951 1952
f 1946 1952 1948
f 1948 1952 1953
f 1948 1953 1950
f 1954 1955 1956
f 1957 1958 1959
f 1959 1958 1960
f 1960 1958 1961
f 1960 1961 1962
f 1959 1963 1957
f 1957 1963 1964
f 1957 1964 1965
f 1964 1966 1965
f 1965 1966 1967
f 1965 1967 1968
f 1962 1961 1969
f 1969 1961 1970
f 1969 1970 1971
f 1971 1970 1972
f 1971 1972 1955
f 1955 1972 1973
f 1955 1973 1956
f 1922 1890 1974
f 1974 1890 1975
f 1974 1975 1976
f 1976 1975 1977
f 1976 1977 1968
f 1968 1977 1978
f 1968 1978 1965
f 1954 1956 1979
f 1979 1956 1907
f 1979 1907 1909
f 1980 1981 1982
f 1983 1984 1985
f 1984 1986 1985
f 1985 1986 1987
f 1985 1987 1988
f 1967 1966 1989
f 1989 1966 1990
f 1991 1992 1993
f 1993 1992 1994
f 1991 1995 1992
f 1992 1995 1996
f 1992 1996 1997
f 1997 1996 1998
f 1997 1998 1983
f 1999 2000 2001
f 2001 2000 2002
f 2001 2002 1992
f 1992 2002 2003
f 1992 2003 1994
f 2001 2004 2005
f 2006 2007 2005
f 2005 2007 2008
f 2005 2008 2001
f 2001 2008 2009
f 2001 2009 1999
f 2010 2011 2005
f 2005 2011 2012
f 2005 2012 2006
f 2013 2014 2015
f 2015 2014 2016
f 2015 2016 2017
f 2017 2016 2018
f 2017 2018 1947
f 2019 2020 2021
f 2019 2021 2022
f 2022 2021 2023
f 2022 2023 2013
f 2024 2025 2026
f 2026 2027 2024
f 2024 2027 2028
f 2024 2028 2019
f 2019 2028 2029
f 2019 2029 2020
f 2030 2031 2032
f 2032 2031 2024
f 2024 2031 2033
f 2024 2033 2025
f 2034 1969 2035
f 2035 1969 1971
f 2034 2036 2037
f 2037 2036 2038
f 2037 2038 2039
f 2040 2041 2042
f 2043 2040 2044
f 2044 2040 2042
f 2044 2042 2045
f 1947 1949 2017
f 2017 1949 1950
f 2017 1950 2046
f 2046 1950 1953
f 2046 1953 2047
f 2042 2048 2045
f 2045 2048 2049
f 2045 2049 2050
f 2013 2015 2022
f 2022 2015 2017
f 2022 2017 2051
f 2051 2017 2046
f 2051 2046 2052
f 2052 2046 2047
f 2052 2047 2043
f 2049 2053 2050
f 2050 2053 2054
f 2050 2054 2055
f 2055 2054 2056
f 2056 2057 2055
f 2055 2057 2058
f 2055 2058 2059
f 2058 2060 2059
f 2059 2060 2061
f 2059 2061 2062
f 2061 2063 2062
f 2062 2063 2064
f 2062 2064 2065
f 2064 2066 2065
f 2065 2066 2067
f 2065 2067 2068
f 2067 2069 2068
f 2068 2069 2070
f 2068 2070 2071
f 2070 2072 2071
f 2071 2072 2073
f 2071 2073 2074
f 2073 2075 2074
f 2074 2075 2076
f 2074 2076 2077
f 2076 2078 2077
f 2077 2078 2079
f 2077 2079 2080
f 1983 1985 1997
f 1997 1985 2081
f 1997 2081 2082
f 2082 2081 2083
f 2082 2083 2084
f 2084 2083 2085
f 2084 2085 2086
f 2086 2085 2087
f 2086 2087 2088
f 2088 2087 2089
f 2088 2089 2090
f 2090 2089 2037
f 2090 2037 2032
f 2032 2037 2039
f 2032 2039 2030
f 2034 2037 1969
f 1969 2037 2089
f 1969 2089 1962
f 1962 2089 2087
f 1962 2087 1960
f 1960 2087 2085
f 1960 2085 1959
f 1959 2085 2083
f 1959 2083 1963
f 1963 2083 2081
f 1963 2081 1964
f 1964 2081 1985
f 1964 1985 1966
f 1966 1985 1988
f 1966 1988 1990
f 2079 2091 2080
f 2080 2091 2092
f 2080 2092 2093
f 2092 2094 2093
f 2093 2094 2095
f 2093 2095 2096
f 2097 2098 2099
f 2099 2098 2096
f 2099 2096 2100
f 2100 2096 2095
f 2043 2044 2052
f 2052 2044 2045
f 2052 2045 2051
f 2051 2045 2050
f 2051 2050 2022
f 2022 2050 2055
f 2022 2055 2019
f 2019 2055 2059
f 2019 2059 2024
f 2024 2059 2062
f 2024 2062 2032
f 2032 2062 2065
f 2032 2065 2090
f 2090 2065 2068
f 2090 2068 2088
f 2088 2068 2071
f 2088 2071 2086
f 2086 2071 2074
f 2086 2074 2084
f 2084 2074 2077
f 2084 2077 2082
f 2082 2077 2080
f 2082 2080 1997
f 1997 2080 2093
f 1997 2093 1992
f 1992 2093 2096
f 1992 2096 2001
f 2001 2096 2098
f 2001 2098 2004
f 2101 2102 2103
f 2103 2102 2104
f 2103 2104 2105
f 2105 2104 1982
f 2105 1982 2106
f 2106 1982 1981
f 2097 1980 2098
f 2098 1980 1982
f 2098 1982 2004
f 2004 1982 2104
f 2004 2104 2005
f 2005 2104 2102
f 2005 2102 2010
f 2010 2102 2101
f 2010 2101 2107
f 2108 2109 2110
f 2110 2109 2111
f 2110 2111 2112
f 2112 2111 2113
f 2112 2113 2114
f 2114 2113 2115
f 2114 2115 2116
f 2116 2115 2117
f 2116 2117 2118
f 2118 2117 2119
f 2118 2119 2120
f 2120 2119 2121
f 2120 2121 2122
f 2122 2121 2123
f 2122 2123 2124
f 2124 2123 2125
f 2124 2125 2126
f 2126 2125 2127
f 2126 2127 2128
f 2128 2127 2129
f 2128 2129 2130
f 2130 2129 2131
f 2130 2131 2132
f 2132 2131 2133
f 2132 2133 2134
f 2134 2133 2135
f 2134 2135 2136
f 2136 2135 2137
f 2136 2137 2108
f 2108 2137 2109
f 2138 1884 1883
f 2139 2140 1883
f 1883 2140 2141
f 1883 2141 2138
f 2142 2143 2139
f 2139 2143 2144
f 2139 2144 2140
f 2011 2010 2142
f 2142 2010 2107
f 2142 2107 2143
f 2145 2146 2147
f 2147 2146 2148
f 2147 2148 2149
f 2149 2148 2150
f 2149 2150 2151
f 2151 2150 2152
f 2151 2152 2153
f 2153 2152 2154
f 2153 2154 2155
f 2155 2154 2156
f 2155 2156 2157
f 2157 2156 2158
f 2157 2158 2159
f 2159 2158 2160
f 2159 2160 2161
f 2161 2160 2162
f 2161 2162 2163
f 2163 2162 2164
f 2163 2164 2165
f 2165 2164 2166
f 2165 2166 2167
f 2167 2166 2168
f 2167 2168 2169
f 2169 2168 2170
f 2169 2170 2171
f 2171 2170 2172
f 2171 2172 2173
f 2173 2172 2174
f 2173 2174 2145
f 2145 2174 2146
f 2175 2176 2177
f 2178 2179 2180
f 2178 2180 2181
f 2182 2175 2183
f 2183 2175 2177
f 2183 2177 2180
f 2180 2177 2184
f 2180 2184 2181
f 2185 2186 2187
f 2188 2189 2190
f 2191 2189 2187
f 2187 2189 2192
f 2187 2192 2185
f 2193 2194 2191
f 2191 2194 2195
f 2191 2195 2189
f 2189 2195 2196
f 2189 2196 2190
f 2190 2197 2188
f 2188 2197 2198
f 2188 2198 2199
f 2199 2198 2200
f 2199 2200 2201
f 2201 2202 2199
f 2199 2202 2203
f 2199 2203 2204
f 2186 2205 2187
f 2187 2205 1889
f 2187 1889 2206
f 2206 1889 1888
f 2206 1888 2177
f 2186 2207 2205
f 2205 2207 2208
f 2205 2208 2209
f 2209 2208 2210
f 2210 2211 2209
f 2209 2211 2212
f 2209 2212 2213
f 2183 2180 2214
f 2214 2180 2215
f 2216 2217 2218
f 2219 2220 1877
f 1877 2220 2221
f 1877 2221 2222
f 2222 2193 1877
f 1877 2193 2191
f 1877 2191 1878
f 1878 2191 2223
f 1878 2223 2184
f 2218 2217 1877
f 1877 2217 2224
f 1877 2224 2219
f 2225 2226 2218
f 2218 2226 2227
f 2218 2227 2216
f 2228 2229 2230
f 2231 2232 2233
f 2215 2234 2214
f 2214 2234 2235
f 2214 2235 2236
f 2237 2231 2191
f 2191 2231 2233
f 2191 2233 2223
f 2223 2233 2238
f 2238 2239 2223
f 2223 2239 2240
f 2223 2240 2241
f 2242 2243 2244
f 2244 2243 2214
f 2244 2214 2206
f 2236 2228 2214
f 2214 2228 2230
f 2214 2230 2206
f 2206 2230 2245
f 2206 2245 2187
f 2187 2245 2246
f 2187 2246 2247
f 2248 2249 2250
f 2250 2249 2223
f 2250 2223 2215
f 2215 2223 2241
f 2215 2241 2234
f 2251 2252 2253
f 2253 2252 2235
f 2253 2235 2254
f 2254 2235 2234
f 2247 2255 2187
f 2187 2255 2256
f 2187 2256 2191
f 2191 2256 2257
f 2191 2257 2237
f 2258 2259 2260
f 2260 2259 2257
f 2260 2257 2261
f 2261 2257 2256
f 2262 2263 2264
f 2265 2266 2267
f 2267 2266 2268
f 2267 2268 2269
f 2268 2270 2269
f 2269 2270 2271
f 2269 2271 2272
f 2273 2274 2265
f 2265 2274 2275
f 2265 2275 2266
f 2276 2277 2278
f 2278 2277 2279
f 2278 2279 2273
f 2273 2279 2280
f 2273 2280 2274
f 2262 2281 2263
f 2263 2281 2282
f 2263 2282 2283
f 2284 2285 2286
f 2286 2285 2287
f 2286 2287 2288
f 2289 2290 2291
f 2291 2290 2292
f 2291 2292 2293
f 2293 2292 2294
f 2293 2294 2276
f 2276 2294 2295
f 2276 2295 2277
f 2289 2291 2296
f 2296 2291 2297
f 2296 2297 2264
f 2264 2297 2298
f 2264 2298 2262
f 2271 2299 2272
f 2272 2299 2300
f 2272 2300 2284
f 2284 2300 2301
f 2284 2301 2285
f 2283 2282 2302
f 2302 2282 2303
f 2302 2303 2304
f 2287 2305 2288
f 2288 2305 2306
f 2288 2306 2307
f 2307 2306 2308
f 2307 2308 2309
f 2309 2308 2310
f 2309 2310 2303
f 2303 2310 2311
f 2303 2311 2304
f 2312 2203 2313
f 2313 2203 2202
f 2313 2202 2314
f 2314 2202 2315
f 2316 2317 2318
f 2318 2317 2319
f 2318 2319 2320
f 2202 2321 2315
f 2315 2321 2322
f 2315 2322 2323
f 2324 2325 2326
f 2326 2325 2327
f 2326 2327 2328
f 2328 2327 2329
f 2328 2329 2330
f 2330 2329 2331
f 2330 2331 2332
f 2332 2331 2333
f 2332 2333 2334
f 2334 2333 2335
f 2334 2335 2316
f 2316 2335 2336
f 2316 2336 2317
f 2312 2337 2203
f 2203 2337 2338
f 2203 2338 2339
f 2339 2338 2340
f 2341 2342 2338
f 2338 2342 2343
f 2338 2343 2340
f 2344 2345 2346
f 2346 2345 2347
f 2346 2347 2324
f 2324 2347 2348
f 2324 2348 2325
f 2322 2349 2323
f 2323 2349 2350
f 2323 2350 2351
f 2351 2350 2352
f 2351 2352 2353
f 2353 2352 2354
f 2353 2354 2344
f 2344 2354 2355
f 2344 2355 2345
f 2319 2356 2320
f 2320 2356 2357
f 2320 2357 2358
f 2358 2357 2359
f 2358 2359 2360
f 2360 2359 2361
f 2360 2361 2362
f 2362 2361 2341
f 2362 2341 2363
f 2363 2341 2338
f 2364 2365 2366
f 2367 2368 2369
f 2369 2368 2370
f 2369 2370 2371
f 2372 2373 2374
f 2374 2373 2365
f 2374 2365 2375
f 2375 2365 2364
f 2376 2377 2366
f 2366 2377 2378
f 2366 2378 2364
f 2379 2380 2381
f 2372 2382 2373
f 2373 2382 2383
f 2373 2383 2370
f 2370 2383 2384
f 2370 2384 2371
f 2385 2386 2387
f 2367 2388 2368
f 2368 2388 2389
f 2368 2389 2386
f 2386 2389 2390
f 2386 2390 2387
f 2380 2391 2381
f 2381 2391 2392
f 2381 2392 2376
f 2376 2392 2393
f 2376 2393 2377
f 2379 2381 2394
f 2394 2381 2395
f 2394 2395 2396
f 2397 2398 2399
f 2395 2400 2396
f 2396 2400 2399
f 2396 2399 2401
f 2401 2399 2398
f 2387 2402 2385
f 2385 2402 2403
f 2385 2403 2404
f 2404 2403 2405
f 2404 2405 2399
f 2399 2405 2406
f 2399 2406 2397
f 2405 2407 2408
f 2405 2408 2406
f 2408 2409 2406
f 2406 2409 2410
f 2406 2410 2397
f 2410 2411 2397
f 2397 2411 2412
f 2397 2412 2398
f 2412 2413 2398
f 2398 2413 2414
f 2398 2414 2401
f 2415 1878 2416
f 2416 1878 2184
f 2415 2417 1878
f 1878 2417 2418
f 1878 2418 2414
f 2414 2418 2396
f 2414 2396 2401
f 2407 2405 2041
f 2041 2405 2403
f 2042 2041 2403
f 2042 2403 2048
f 2048 2403 2402
f 2048 2402 2049
f 2049 2402 2387
f 2049 2387 2053
f 2053 2387 2054
f 2054 2387 2390
f 2054 2390 2056
f 2056 2390 2057
f 2057 2390 2389
f 2057 2389 2058
f 2058 2389 2060
f 2060 2389 2388
f 2060 2388 2061
f 2061 2388 2063
f 2063 2388 2367
f 2063 2367 2064
f 2064 2367 2066
f 2066 2367 2369
f 2066 2369 2067
f 2067 2369 2069
f 2069 2369 2371
f 2069 2371 2070
f 2070 2371 2072
f 2072 2371 2384
f 2072 2384 2073
f 2073 2384 2075
f 2075 2384 2383
f 2075 2383 2076
f 2076 2383 2078
f 2078 2383 2382
f 2078 2382 2079
f 2079 2382 2091
f 2091 2382 2372
f 2091 2372 2092
f 2092 2372 2094
f 2094 2372 2374
f 2094 2374 2095
f 2095 2374 2100
f 2100 2374 2375
f 2100 2375 2099
f 2099 2375 2097
f 2097 2375 2364
f 2097 2364 1980
f 1980 2364 2378
f 1980 2378 1981
f 1981 2378 2377
f 1981 2377 2106
f 2106 2377 2419
f 2419 2377 2393
f 2420 2421 1888
f 1888 2421 2422
f 1888 2422 2177
f 2420 1888 2423
f 2423 1888 2424
f 2423 2424 2394
f 2394 2424 2425
f 2394 2425 2379
f 2379 2425 2426
f 2379 2426 2380
f 2426 2427 2380
f 2380 2427 2428
f 2380 2428 2391
f 2391 2428 2429
f 2391 2429 2392
f 2392 2429 2419
f 2392 2419 2393
f 2430 2431 2205
f 2205 2431 2432
f 2205 2432 1889
f 2430 2205 2433
f 2433 2205 2434
f 2433 2434 2264
f 2264 2434 2435
f 2264 2435 2296
f 2296 2435 2436
f 2296 2436 2289
f 2436 2437 2289
f 2289 2437 2438
f 2289 2438 2290
f 2290 2438 2439
f 2290 2439 2292
f 2292 2439 2440
f 2292 2440 2294
f 2441 2295 2440
f 2440 2295 2294
f 2442 2443 2308
f 2442 2308 2444
f 2444 2308 2306
f 2444 2306 2445
f 2445 2306 2305
f 2445 2305 2446
f 2446 2305 2447
f 2447 2305 2287
f 2447 2287 2448
f 2448 2287 2449
f 2449 2287 2285
f 2449 2285 2450
f 2450 2285 2451
f 2451 2285 2301
f 2451 2301 2452
f 2452 2301 2453
f 2453 2301 2300
f 2453 2300 2454
f 2454 2300 2455
f 2455 2300 2299
f 2455 2299 2456
f 2456 2299 2457
f 2457 2299 2271
f 2457 2271 2458
f 2458 2271 2459
f 2459 2271 2270
f 2459 2270 2460
f 2460 2270 2461
f 2461 2270 2268
f 2461 2268 2462
f 2462 2268 2463
f 2463 2268 2266
f 2463 2266 2464
f 2464 2266 2465
f 2465 2266 2275
f 2465 2275 2466
f 2466 2275 2467
f 2467 2275 2274
f 2467 2274 2468
f 2468 2274 2469
f 2469 2274 2280
f 2469 2280 2470
f 2470 2280 2471
f 2471 2280 2279
f 2471 2279 2472
f 2472 2279 2277
f 2472 2277 2473
f 2473 2277 2295
f 2473 2295 2441
f 2474 2310 2443
f 2443 2310 2308
f 2311 2310 2474
f 2474 2475 2311
f 2311 2475 2476
f 2311 2476 2304
f 2476 2477 2304
f 2304 2477 2478
f 2304 2478 2302
f 2478 2479 2302
f 2302 2479 2480
f 2302 2480 2283
f 2283 2480 2481
f 2283 2481 2482
f 2218 1877 2483
f 2483 2484 2218
f 2218 2484 2485
f 2218 2485 2486
f 2486 2485 2487
f 2486 2487 2482
f 2482 2487 2263
f 2482 2263 2283
f 2488 2276 2489
f 2489 2276 2278
f 2489 2278 2490
f 2490 2278 2273
f 2490 2273 2491
f 2491 2273 2265
f 2491 2265 2492
f 2492 2265 2267
f 2492 2267 2493
f 2493 2267 2269
f 2493 2269 2494
f 2494 2269 2272
f 2494 2272 2495
f 2495 2272 2284
f 2495 2284 2496
f 2496 2284 2286
f 2496 2286 2497
f 2497 2286 2288
f 2497 2288 2498
f 2498 2288 2307
f 2498 2307 2499
f 2499 2307 2309
f 2499 2309 2500
f 2500 2309 2303
f 2500 2303 2501
f 2501 2303 2282
f 2501 2282 2502
f 2502 2282 2281
f 2502 2281 2503
f 2503 2281 2262
f 2503 2262 2504
f 2504 2262 2298
f 2504 2298 2505
f 2505 2298 2297
f 2505 2297 2506
f 2506 2297 2291
f 2506 2291 2507
f 2507 2291 2293
f 2507 2293 2488
f 2488 2293 2276
f 1939 1938 2508
f 1893 1884 2138
f 1899 1894 2509
f 2509 1894 1893
f 1881 1880 2510
f 2510 1880 1900
f 2510 1900 1899
f 1938 1937 2508
f 2508 1937 1881
f 2508 1881 2511
f 1897 2424 1887
f 1887 2424 1888
f 1893 2138 2509
f 2509 2138 2141
f 2509 2141 2512
f 2512 2141 2140
f 2512 2140 2513
f 2513 2140 2144
f 2513 2144 2514
f 2514 2144 2143
f 2514 2143 2515
f 1899 2509 2510
f 2510 2509 2512
f 2510 2512 2516
f 2516 2512 2513
f 2516 2513 2517
f 2517 2513 2514
f 2517 2514 2518
f 2518 2514 2515
f 2518 2515 2519
f 1881 2510 2511
f 2511 2510 2516
f 2511 2516 2520
f 2520 2516 2517
f 2520 2517 2521
f 2521 2517 2518
f 2521 2518 2522
f 2522 2518 2519
f 2522 2519 2523
f 1897 1939 2424
f 2424 1939 2508
f 2424 2508 2425
f 2425 2508 2511
f 2425 2511 2426
f 2426 2511 2520
f 2426 2520 2427
f 2427 2520 2521
f 2427 2521 2428
f 2428 2521 2522
f 2428 2522 2429
f 2429 2522 2523
f 2429 2523 2419
f 2106 2419 2523
f 2106 2523 2105
f 2105 2523 2519
f 2105 2519 2103
f 2103 2519 2515
f 2103 2515 2101
f 2101 2515 2143
f 2101 2143 2107
f 2407 2041 2040
f 2407 2040 2524
f 2524 2040 2043
f 2524 2043 2525
f 2525 2043 2047
f 2525 2047 2526
f 2526 2047 1953
f 2526 1953 1952
f 1935 2527 2528
f 2527 1935 1936
f 1921 1920 2529
f 1878 2414 1879
f 1879 2414 1914
f 1920 1918 2530
f 2530 1918 1916
f 2530 1916 1915
f 1921 2529 1936
f 2526 1952 1951
f 2408 2407 2531
f 2531 2407 2524
f 2408 2531 2409
f 2409 2531 2532
f 2409 2532 2410
f 2526 1951 2533
f 2533 1951 1945
f 2533 1945 2534
f 2534 1945 1944
f 2534 1944 2535
f 2535 1944 1943
f 2535 1943 2528
f 2528 1943 1933
f 2528 1933 1935
f 1936 2529 2527
f 2527 2529 2536
f 2527 2536 2528
f 2528 2536 2537
f 2528 2537 2535
f 2535 2537 2538
f 2535 2538 2534
f 2534 2538 2539
f 2534 2539 2533
f 2533 2539 2525
f 2533 2525 2526
f 1920 2530 2529
f 2529 2530 2540
f 2529 2540 2536
f 2536 2540 2541
f 2536 2541 2537
f 2537 2541 2532
f 2537 2532 2538
f 2538 2532 2531
f 2538 2531 2539
f 2539 2531 2524
f 2539 2524 2525
f 2410 2532 2411
f 2411 2532 2541
f 2411 2541 2412
f 2412 2541 2540
f 2412 2540 2413
f 2413 2540 2530
f 2413 2530 2414
f 2414 2530 1915
f 2414 1915 1914
f 2204 2203 2339
f 2213 2212 2542
f 2211 2210 2543
f 2186 2185 2544
f 2210 2208 2544
f 2544 2208 2207
f 2544 2207 2186
f 2211 2543 2212
f 2213 2542 2209
f 2199 2204 2545
f 2185 2192 2544
f 2544 2192 2189
f 2544 2189 2545
f 2545 2189 2188
f 2545 2188 2199
f 2204 2339 2545
f 2545 2339 2340
f 2545 2340 2546
f 2546 2340 2343
f 2546 2343 2547
f 2547 2343 2342
f 2547 2342 2548
f 2548 2342 2341
f 2548 2341 2549
f 2210 2544 2543
f 2543 2544 2545
f 2543 2545 2550
f 2550 2545 2546
f 2550 2546 2551
f 2551 2546 2547
f 2551 2547 2552
f 2552 2547 2548
f 2552 2548 2553
f 2553 2548 2549
f 2553 2549 2554
f 2212 2543 2542
f 2542 2543 2550
f 2542 2550 2555
f 2555 2550 2551
f 2555 2551 2556
f 2556 2551 2552
f 2556 2552 2557
f 2557 2552 2553
f 2557 2553 2558
f 2558 2553 2554
f 2558 2554 2559
f 2205 2209 2434
f 2434 2209 2542
f 2434 2542 2435
f 2435 2542 2555
f 2435 2555 2436
f 2436 2555 2556
f 2436 2556 2437
f 2437 2556 2557
f 2437 2557 2438
f 2438 2557 2558
f 2438 2558 2439
f 2439 2558 2559
f 2439 2559 2440
f 2441 2440 2559
f 2441 2559 2560
f 2560 2559 2554
f 2560 2554 2561
f 2561 2554 2549
f 2561 2549 2562
f 2562 2549 2341
f 2562 2341 2361
f 2441 2560 2563
f 2564 2443 2442
f 2565 2566 2567
f 2354 2565 2568
f 2566 2564 2569
f 2569 2564 2442
f 2569 2442 2570
f 2442 2444 2570
f 2570 2444 2445
f 2570 2445 2571
f 2445 2446 2571
f 2571 2446 2447
f 2571 2447 2572
f 2572 2447 2448
f 2448 2449 2572
f 2572 2449 2450
f 2572 2450 2573
f 2450 2451 2573
f 2573 2451 2452
f 2573 2452 2574
f 2452 2453 2574
f 2574 2453 2454
f 2574 2454 2575
f 2454 2455 2575
f 2575 2455 2456
f 2575 2456 2576
f 2456 2457 2576
f 2576 2457 2458
f 2576 2458 2577
f 2458 2459 2577
f 2577 2459 2460
f 2577 2460 2578
f 2460 2461 2578
f 2578 2461 2462
f 2578 2462 2579
f 2462 2463 2579
f 2579 2463 2464
f 2579 2464 2580
f 2464 2465 2580
f 2580 2465 2466
f 2580 2466 2581
f 2466 2467 2581
f 2581 2467 2468
f 2581 2468 2582
f 2468 2469 2582
f 2582 2469 2470
f 2582 2470 2583
f 2470 2471 2583
f 2583 2471 2472
f 2583 2472 2563
f 2563 2472 2473
f 2563 2473 2441
f 2566 2569 2567
f 2567 2569 2570
f 2567 2570 2584
f 2584 2570 2571
f 2584 2571 2585
f 2585 2571 2572
f 2585 2572 2586
f 2586 2572 2573
f 2586 2573 2587
f 2587 2573 2574
f 2587 2574 2588
f 2588 2574 2575
f 2588 2575 2589
f 2589 2575 2576
f 2589 2576 2590
f 2590 2576 2577
f 2590 2577 2591
f 2591 2577 2578
f 2591 2578 2592
f 2592 2578 2579
f 2592 2579 2593
f 2593 2579 2580
f 2593 2580 2594
f 2594 2580 2581
f 2594 2581 2595
f 2595 2581 2582
f 2595 2582 2596
f 2596 2582 2583
f 2596 2583 2597
f 2597 2583 2563
f 2597 2563 2598
f 2598 2563 2560
f 2598 2560 2561
f 2565 2567 2568
f 2568 2567 2584
f 2568 2584 2599
f 2599 2584 2585
f 2599 2585 2600
f 2600 2585 2586
f 2600 2586 2601
f 2601 2586 2587
f 2601 2587 2602
f 2602 2587 2588
f 2602 2588 2603
f 2603 2588 2589
f 2603 2589 2604
f 2604 2589 2590
f 2604 2590 2605
f 2605 2590 2591
f 2605 2591 2606
f 2606 2591 2592
f 2606 2592 2607
f 2607 2592 2593
f 2607 2593 2608
f 2608 2593 2594
f 2608 2594 2609
f 2609 2594 2595
f 2609 2595 2610
f 2610 2595 2596
f 2610 2596 2611
f 2611 2596 2597
f 2611 2597 2612
f 2612 2597 2598
f 2612 2598 2613
f 2613 2598 2561
f 2613 2561 2562
f 2354 2568 2355
f 2355 2568 2599
f 2355 2599 2345
f 2345 2599 2600
f 2345 2600 2347
f 2347 2600 2601
f 2347 2601 2348
f 2348 2601 2602
f 2348 2602 2325
f 2325 2602 2603
f 2325 2603 2327
f 2327 2603 2604
f 2327 2604 2329
f 2329 2604 2605
f 2329 2605 2331
f 2331 2605 2606
f 2331 2606 2333
f 2333 2606 2607
f 2333 2607 2335
f 2335 2607 2608
f 2335 2608 2336
f 2336 2608 2609
f 2336 2609 2317
f 2317 2609 2610
f 2317 2610 2319
f 2319 2610 2611
f 2319 2611 2356
f 2356 2611 2612
f 2356 2612 2357
f 2357 2612 2613
f 2357 2613 2359
f 2359 2613 2562
f 2359 2562 2361
f 2474 2443 2564
f 2474 2564 2614
f 2614 2564 2566
f 2614 2566 2615
f 2615 2566 2565
f 2615 2565 2616
f 2616 2565 2354
f 2616 2354 2352
f 2227 2226 2617
f 2225 2218 2486
f 2194 2193 2222
f 2222 2221 2194
f 2194 2221 2618
f 2194 2618 2195
f 2195 2618 2196
f 2619 2201 2200
f 2200 2198 2619
f 2619 2198 2197
f 2619 2197 2618
f 2618 2197 2190
f 2618 2190 2196
f 2224 2217 2620
f 2620 2217 2216
f 2620 2216 2227
f 2221 2220 2618
f 2618 2220 2219
f 2618 2219 2224
f 2616 2352 2350
f 2475 2474 2621
f 2621 2474 2614
f 2622 2477 2621
f 2621 2477 2476
f 2621 2476 2475
f 2616 2350 2623
f 2623 2350 2349
f 2623 2349 2624
f 2624 2349 2322
f 2624 2322 2625
f 2625 2322 2321
f 2625 2321 2619
f 2619 2321 2202
f 2619 2202 2201
f 2626 2627 2481
f 2481 2480 2626
f 2626 2480 2479
f 2626 2479 2622
f 2622 2479 2478
f 2622 2478 2477
f 2224 2620 2618
f 2618 2620 2628
f 2618 2628 2619
f 2619 2628 2629
f 2619 2629 2625
f 2625 2629 2630
f 2625 2630 2624
f 2624 2630 2631
f 2624 2631 2623
f 2623 2631 2615
f 2623 2615 2616
f 2227 2617 2620
f 2620 2617 2627
f 2620 2627 2628
f 2628 2627 2626
f 2628 2626 2629
f 2629 2626 2622
f 2629 2622 2630
f 2630 2622 2621
f 2630 2621 2631
f 2631 2621 2614
f 2631 2614 2615
f 2226 2225 2617
f 2617 2225 2486
f 2617 2486 2627
f 2627 2486 2482
f 2627 2482 2481
f 2206 2177 2176
f 2206 2176 2244
f 2244 2176 2175
f 2244 2175 2242
f 2242 2175 2182
f 2242 2182 2243
f 2243 2182 2183
f 2243 2183 2214
f 2215 2180 2179
f 2215 2179 2250
f 2250 2179 2178
f 2250 2178 2248
f 2248 2178 2181
f 2248 2181 2249
f 2249 2181 2184
f 2249 2184 2223
f 2484 2430 2485
f 2485 2430 2433
f 2485 2433 2487
f 2487 2433 2264
f 2487 2264 2263
f 1877 1889 2483
f 2483 1889 2432
f 2483 2432 2484
f 2484 2432 2431
f 2484 2431 2430
f 2415 2420 2417
f 2417 2420 2423
f 2417 2423 2418
f 2418 2423 2394
f 2418 2394 2396
f 2184 2177 2416
f 2416 2177 2422
f 2416 2422 2415
f 2415 2422 2421
f 2415 2421 2420
f 1975 2632 2633
f 1975 2633 1977
f 1977 2633 2634
f 1977 2634 1978
f 1978 2634 2635
f 1978 2635 1965
f 1965 2635 2636
f 1965 2636 1957
f 1957 2636 2637
f 1957 2637 1958
f 1958 2637 2638
f 1958 2638 1961
f 1961 2638 2639
f 1961 2639 1970
f 1970 2639 2640
f 1970 2640 1972
f 1972 2640 2641
f 1972 2641 1973
f 1973 2641 2642
f 1973 2642 1956
f 1890 2632 1975
f 1956 2642 1907
f 2643 2644 1907
f 1907 2644 1890
f 2644 2645 1890
f 1890 2645 2646
f 1890 2646 2632
f 2647 2648 2638
f 2643 1907 2649
f 2649 1907 2642
f 2649 2642 2650
f 2650 2642 2641
f 2650 2641 2651
f 2651 2641 2640
f 2651 2640 2648
f 2648 2640 2639
f 2648 2639 2638
f 2646 2652 2632
f 2632 2652 2653
f 2632 2653 2633
f 2633 2653 2654
f 2638 2637 2647
f 2647 2637 2636
f 2647 2636 2655
f 2655 2636 2635
f 2655 2635 2654
f 2654 2635 2634
f 2654 2634 2633
f 2647 2370 2648
f 2648 2370 2368
f 2648 2368 2651
f 2651 2368 2386
f 2651 2386 2650
f 2650 2386 2385
f 2650 2385 2649
f 2649 2385 2404
f 2649 2404 2643
f 2643 2404 2399
f 2643 2399 2644
f 2644 2399 2400
f 2644 2400 2645
f 2645 2400 2395
f 2645 2395 2646
f 2646 2395 2381
f 2646 2381 2652
f 2652 2381 2376
f 2652 2376 2653
f 2653 2376 2366
f 2653 2366 2654
f 2654 2366 2365
f 2654 2365 2655
f 2655 2365 2373
f 2655 2373 2647
f 2647 2373 2370
f 2332 2334 2656
f 2656 2334 2316
f 2656 2316 2657
f 2657 2316 2318
f 2657 2318 2658
f 2658 2318 2320
f 2658 2320 2659
f 2659 2320 2358
f 2659 2358 2660
f 2660 2358 2360
f 2660 2360 2661
f 2661 2360 2362
f 2661 2362 2662
f 2662 2362 2363
f 2662 2363 2663
f 2663 2363 2338
f 2663 2338 2664
f 2664 2338 2337
f 2664 2337 2665
f 2665 2337 2312
f 2665 2312 2666
f 2666 2312 2313
f 2666 2313 2667
f 2667 2313 2314
f 2667 2314 2668
f 2668 2314 2315
f 2668 2315 2669
f 2669 2315 2323
f 2669 2323 2670
f 2670 2323 2351
f 2670 2351 2671
f 2671 2351 2353
f 2671 2353 2672
f 2672 2353 2344
f 2672 2344 2673
f 2673 2344 2346
f 2673 2346 2674
f 2674 2346 2324
f 2674 2324 2675
f 2675 2324 2326
f 2675 2326 2676
f 2676 2326 2328
f 2676 2328 2677
f 2677 2328 2330
f 2677 2330 2678
f 2678 2330 2332
f 2678 2332 2656
f 2491 2658 2490
f 2490 2658 2659
f 2490 2659 2489
f 2489 2659 2660
f 2489 2660 2488
f 2488 2660 2661
f 2488 2661 2507
f 2507 2661 2662
f 2507 2662 2506
f 2506 2662 2663
f 2506 2663 2505
f 2663 2664 2505
f 2505 2664 2665
f 2505 2665 2504
f 2504 2665 2666
f 2504 2666 2503
f 2503 2666 2667
f 2503 2667 2502
f 2502 2667 2668
f 2502 2668 2501
f 2501 2668 2669
f 2501 2669 2500
f 2500 2669 2670
f 2500 2670 2499
f 2499 2670 2671
f 2499 2671 2498
f 2671 2672 2498
f 2498 2672 2673
f 2498 2673 2497
f 2497 2673 2674
f 2497 2674 2496
f 2496 2674 2675
f 2496 2675 2495
f 2495 2675 2676
f 2495 2676 2494
f 2494 2676 2677
f 2494 2677 2493
f 2493 2677 2678
f 2493 2678 2492
f 2492 2678 2656
f 2492 2656 2491
f 2491 2656 2657
f 2491 2657 2658
f 2172 2679 2174
f 2174 2679 2680
f 2174 2680 2146
f 2146 2680 2681
f 2146 2681 2148
f 2160 2682 2162
f 2162 2682 2683
f 2162 2683 2164
f 2164 2683 2684
f 2164 2684 2166
f 2684 2685 2166
f 2166 2685 2686
f 2166 2686 2168
f 2168 2686 2687
f 2168 2687 2170
f 2170 2687 2688
f 2170 2688 2172
f 2172 2688 2689
f 2172 2689 2679
f 2154 2690 2156
f 2156 2690 2691
f 2156 2691 2158
f 2158 2691 2692
f 2158 2692 2160
f 2160 2692 2693
f 2160 2693 2682
f 2681 2694 2148
f 2148 2694 2695
f 2148 2695 2150
f 2150 2695 2696
f 2150 2696 2152
f 2152 2696 2697
f 2152 2697 2154
f 2154 2697 2698
f 2154 2698 2690
f 1989 1990 2699
f 2697 1974 1976
f 1990 1988 2699
f 2699 1988 1987
f 2699 1987 1986
f 2697 1976 1986
f 1986 1976 1968
f 1986 1968 2699
f 2699 1968 1967
f 2699 1967 1989
f 2012 2011 2700
f 2700 2009 2008
f 2008 2007 2700
f 2700 2007 2006
f 2700 2006 2012
f 2011 2142 2700
f 2700 2142 2690
f 2700 2690 2009
f 2142 2139 2690
f 2690 2139 1883
f 2690 1883 2691
f 2691 1883 1885
f 2691 1885 2692
f 2692 1885 1886
f 2692 1886 2693
f 2693 1886 1882
f 2693 1882 2682
f 2682 1882 1898
f 2682 1898 2683
f 2683 1898 1930
f 2683 1930 2684
f 2684 1930 1929
f 2684 1929 2685
f 2685 1929 1913
f 2685 1913 2686
f 2686 1913 1912
f 2686 1912 2687
f 2687 1912 1911
f 2687 1911 2688
f 2688 1911 1910
f 2688 1910 2689
f 2689 1910 1896
f 2689 1896 2679
f 2679 1896 1895
f 2679 1895 2680
f 2680 1895 1928
f 2680 1928 2681
f 2681 1928 1927
f 2681 1927 2694
f 2694 1927 1925
f 2694 1925 2695
f 2695 1925 1924
f 2695 1924 2696
f 2696 1924 1923
f 2696 1923 2697
f 2697 1923 1922
f 2697 1922 1974
f 1993 1994 2698
f 2698 1994 2003
f 2003 2002 2698
f 2698 2002 2000
f 2698 2000 2690
f 2690 2000 1999
f 2690 1999 2009
f 1986 1984 2697
f 2697 1984 1983
f 2697 1983 1998
f 1998 1996 2697
f 2697 1996 1995
f 2697 1995 2698
f 2698 1995 1991
f 2698 1991 1993
f 2135 2701 2137
f 2137 2701 2702
f 2137 2702 2109
f 2109 2702 2703
f 2109 2703 2111
f 2129 2704 2131
f 2131 2704 2705
f 2131 2705 2133
f 2133 2705 2706
f 2133 2706 2135
f 2135 2706 2707
f 2135 2707 2701
f 2123 2708 2125
f 2125 2708 2709
f 2125 2709 2127
f 2127 2709 2710
f 2127 2710 2129
f 2129 2710 2711
f 2129 2711 2704
f 2117 2712 2119
f 2119 2712 2713
f 2119 2713 2121
f 2121 2713 2714
f 2121 2714 2123
f 2123 2714 2715
f 2123 2715 2708
f 2703 2716 2111
f 2111 2716 2717
f 2111 2717 2113
f 2113 2717 2718
f 2113 2718 2115
f 2115 2718 2719
f 2115 2719 2117
f 2117 2719 2720
f 2117 2720 2712
f 2014 2013 2721
f 2721 2013 1948
f 2721 1948 1947
f 1947 2018 2721
f 2721 2018 2016
f 2721 2016 2014
f 2034 2035 2722
f 2722 2035 1971
f 2722 1971 1955
f 1954 2712 1955
f 1955 2712 2039
f 1955 2039 2722
f 2722 2039 2038
f 2722 2038 2034
f 2034 2038 2036
f 1954 1979 2712
f 2712 1979 1909
f 2712 1909 2713
f 2713 1909 1908
f 2713 1908 2714
f 2714 1908 1892
f 2714 1892 2715
f 2715 1892 1891
f 2715 1891 2708
f 2708 1891 1926
f 2708 1926 2709
f 2709 1926 1904
f 2709 1904 2710
f 2710 1904 1905
f 2710 1905 2711
f 2711 1905 1906
f 2711 1906 2704
f 2704 1906 1942
f 2704 1942 2705
f 2705 1942 1941
f 2705 1941 2706
f 2706 1941 1940
f 2706 1940 2707
f 2707 1940 1903
f 2707 1903 2701
f 2701 1903 1902
f 2701 1902 2702
f 2702 1902 1901
f 2702 1901 2703
f 2703 1901 1917
f 2703 1917 2716
f 2716 1917 1919
f 2716 1919 2717
f 2717 1919 1934
f 2717 1934 2718
f 2718 1934 1932
f 2718 1932 2719
f 2719 1932 1931
f 2719 1931 1946
f 2712 2025 2033
f 2033 2031 2712
f 2712 2031 2030
f 2712 2030 2039
f 1946 1948 2719
f 2719 1948 2013
f 2719 2013 2720
f 2720 2013 2023
f 2023 2021 2720
f 2720 2021 2020
f 2720 2020 2029
f 2029 2028 2720
f 2720 2028 2027
f 2720 2027 2712
f 2712 2027 2026
f 2712 2026 2025
f 2723 2724 2157
f 2725 2726 2727
f 2122 2728 2729
f 2730 2731 2732
f 2732 2731 2733
f 2732 2108 2110
f 2157 2159 2723
f 2723 2159 2734
f 2723 2734 2735
f 2118 2736 2116
f 2116 2736 2114
f 2737 2738 2739
f 2739 2738 2740
f 2739 2740 2724
f 2727 2736 2725
f 2725 2736 2118
f 2725 2118 2729
f 2729 2118 2120
f 2729 2120 2122
f 2732 2110 2736
f 2736 2110 2112
f 2736 2112 2114
f 2741 2742 2743
f 2743 2742 2744
f 2124 2126 2745
f 2746 2747 2748
f 2748 2747 2749
f 2108 2732 2136
f 2136 2732 2733
f 2136 2733 2134
f 2733 2743 2134
f 2134 2743 2744
f 2134 2744 2132
f 2132 2744 2130
f 2745 2126 2744
f 2744 2126 2128
f 2744 2128 2130
f 2728 2147 2740
f 2740 2147 2149
f 2145 2147 2750
f 2750 2147 2728
f 2750 2728 2745
f 2745 2728 2122
f 2745 2122 2124
f 2159 2161 2734
f 2734 2161 2163
f 2734 2163 2749
f 2749 2163 2165
f 2749 2165 2748
f 2748 2165 2167
f 2149 2151 2740
f 2740 2151 2153
f 2740 2153 2724
f 2724 2153 2155
f 2724 2155 2157
f 2167 2169 2748
f 2748 2169 2171
f 2748 2171 2750
f 2750 2171 2173
f 2750 2173 2145
f 2730 2732 2238
f 2238 2732 2239
f 2732 2736 2239
f 2239 2736 2240
f 2736 2727 2240
f 2240 2727 2241
f 2727 2726 2241
f 2241 2726 2234
f 2726 2725 2234
f 2234 2725 2254
f 2725 2729 2254
f 2254 2729 2253
f 2729 2728 2253
f 2253 2728 2251
f 2728 2740 2251
f 2251 2740 2252
f 2740 2738 2252
f 2252 2738 2235
f 2738 2737 2235
f 2235 2737 2236
f 2737 2739 2236
f 2236 2739 2228
f 2739 2724 2228
f 2228 2724 2229
f 2724 2723 2229
f 2229 2723 2230
f 2723 2735 2230
f 2230 2735 2245
f 2735 2734 2245
f 2245 2734 2246
f 2734 2749 2246
f 2246 2749 2247
f 2749 2747 2247
f 2247 2747 2255
f 2747 2746 2255
f 2255 2746 2256
f 2746 2748 2256
f 2256 2748 2261
f 2748 2750 2261
f 2261 2750 2260
f 2750 2745 2260
f 2260 2745 2258
f 2745 2744 2258
f 2258 2744 2259
f 2744 2742 2259
f 2259 2742 2257
f 2742 2741 2257
f 2257 2741 2237
f 2741 2743 2237
f 2237 2743 2231
f 2743 2733 2231
f 2231 2733 2232
f 2733 2731 2232
f 2232 2731 2233
f 2731 2730 2233
f 2233 2730 2238
f 2751 2752 2753
f 2753 2752 2754
f 2753 2754 2269
f 2269 2754 2755
f 2269 2755 2756
f 2757 2758 2759
f 2759 2758 2760
f 2759 2760 2761
f 2761 2760 2762
f 2761 2762 2763
f 2763 2762 2764
f 2763 2764 2765
f 2766 2767 2768
f 2768 2767 2769
f 2768 2769 2770
f 2770 2769 2771
f 2770 2771 2772
f 2772 2771 2773
f 2772 2773 2751
f 2751 2773 2774
f 2751 2774 2752
f 2775 2776 2777
f 2777 2776 2778
f 2777 2778 2779
f 2779 2778 2780
f 2779 2780 2781
f 2781 2780 2782
f 2781 2782 2757
f 2757 2782 2783
f 2757 2783 2758
f 2784 2785 2786
f 2786 2785 2787
f 2786 2787 2788
f 2788 2787 2789
f 2788 2789 2790
f 2790 2789 2791
f 2790 2791 2766
f 2766 2791 2792
f 2766 2792 2767
f 2755 2793 2756
f 2756 2793 2794
f 2756 2794 2795
f 2795 2794 2796
f 2795 2796 2797
f 2797 2796 2798
f 2797 2798 2799
f 2799 2798 2800
f 2799 2800 2801
f 2800 2802 2801
f 2801 2802 2803
f 2801 2803 2804
f 2804 2803 2805
f 2804 2805 2806
f 2806 2805 2807
f 2806 2807 2808
f 2808 2807 2809
f 2808 2809 2775
f 2775 2809 2810
f 2775 2810 2776
f 2764 2811 2765
f 2765 2811 2812
f 2765 2812 2813
f 2813 2812 2814
f 2813 2814 2815
f 2815 2814 2816
f 2815 2816 2817
f 2817 2816 2818
f 2817 2818 2784
f 2784 2818 2819
f 2784 2819 2785
f 2269 2820 2753
f 2753 2820 2821
f 2753 2821 2751
f 2751 2821 2822
f 2751 2822 2772
f 2772 2822 2823
f 2772 2823 2770
f 2770 2823 2824
f 2770 2824 2768
f 2768 2824 2825
f 2768 2825 2766
f 2766 2825 2826
f 2766 2826 2790
f 2790 2826 2827
f 2790 2827 2788
f 2788 2827 2828
f 2788 2828 2786
f 2786 2828 2829
f 2786 2829 2784
f 2784 2829 2830
f 2784 2830 2817
f 2817 2830 2831
f 2817 2831 2815
f 2815 2831 2832
f 2815 2832 2813
f 2813 2832 2833
f 2813 2833 2765
f 2765 2833 2834
f 2765 2834 2763
f 2763 2834 2835
f 2763 2835 2761
f 2761 2835 2836
f 2761 2836 2759
f 2759 2836 2837
f 2759 2837 2757
f 2757 2837 2838
f 2757 2838 2781
f 2781 2838 2839
f 2781 2839 2779
f 2779 2839 2840
f 2779 2840 2777
f 2777 2840 2841
f 2777 2841 2775
f 2775 2841 2842
f 2775 2842 2808
f 2808 2842 2843
f 2808 2843 2806
f 2806 2843 2844
f 2806 2844 2804
f 2804 2844 2845
f 2804 2845 2801
f 2801 2845 2846
f 2801 2846 2799
f 2799 2846 2847
f 2799 2847 2797
f 2797 2847 2848
f 2797 2848 2795
f 2795 2848 2849
f 2795 2849 2756
f 2756 2849 2850
f 2756 2850 2269
f 2269 2850 2820
f 2849 2851 2850
f 2850 2851 2852
f 2850 2852 2820
f 2820 2852 2853
f 2820 2853 2821
f 2825 2854 2826
f 2826 2854 2855
f 2826 2855 2827
f 2827 2855 2856
f 2827 2856 2828
f 2828 2856 2857
f 2828 2857 2829
f 2853 2858 2821
f 2821 2858 2859
f 2821 2859 2822
f 2822 2859 2860
f 2822 2860 2823
f 2823 2860 2861
f 2823 2861 2824
f 2824 2861 2862
f 2824 2862 2825
f 2825 2862 2863
f 2825 2863 2854
f 2845 2864 2846
f 2846 2864 2865
f 2846 2865 2847
f 2847 2865 2866
f 2847 2866 2848
f 2848 2866 2867
f 2848 2867 2849
f 2849 2867 2868
f 2849 2868 2851
f 2841 2869 2842
f 2842 2869 2870
f 2842 2870 2843
f 2843 2870 2871
f 2843 2871 2844
f 2844 2871 2872
f 2844 2872 2845
f 2845 2872 2873
f 2845 2873 2864
f 2837 2874 2838
f 2838 2874 2875
f 2838 2875 2839
f 2839 2875 2876
f 2839 2876 2840
f 2840 2876 2877
f 2840 2877 2841
f 2841 2877 2878
f 2841 2878 2869
f 2833 2879 2834
f 2834 2879 2880
f 2834 2880 2835
f 2835 2880 2881
f 2835 2881 2836
f 2836 2881 2882
f 2836 2882 2837
f 2837 2882 2883
f 2837 2883 2874
f 2857 2884 2829
f 2829 2884 2885
f 2829 2885 2830
f 2830 2885 2886
f 2830 2886 2831
f 2831 2886 2887
f 2831 2887 2832
f 2832 2887 2888
f 2832 2888 2833
f 2833 2888 2889
f 2833 2889 2879
f 2853 2754 2858
f 2858 2754 2752
f 2858 2752 2859
f 2859 2752 2774
f 2859 2774 2860
f 2860 2774 2773
f 2860 2773 2861
f 2861 2773 2771
f 2861 2771 2862
f 2862 2771 2769
f 2862 2769 2863
f 2863 2769 2767
f 2863 2767 2854
f 2854 2767 2792
f 2854 2792 2855
f 2855 2792 2791
f 2855 2791 2856
f 2856 2791 2789
f 2856 2789 2857
f 2857 2789 2787
f 2857 2787 2884
f 2884 2787 2785
f 2884 2785 2885
f 2885 2785 2819
f 2885 2819 2886
f 2886 2819 2818
f 2886 2818 2887
f 2887 2818 2816
f 2887 2816 2888
f 2888 2816 2814
f 2888 2814 2889
f 2889 2814 2812
f 2889 2812 2879
f 2879 2812 2811
f 2879 2811 2880
f 2880 2811 2764
f 2880 2764 2881
f 2881 2764 2762
f 2881 2762 2882
f 2882 2762 2760
f 2882 2760 2883
f 2883 2760 2758
f 2883 2758 2874
f 2874 2758 2783
f 2874 2783 2875
f 2875 2783 2782
f 2875 2782 2876
f 2876 2782 2780
f 2876 2780 2877
f 2877 2780 2778
f 2877 2778 2878
f 2878 2778 2776
f 2878 2776 2869
f 2869 2776 2810
f 2869 2810 2870
f 2870 2810 2809
f 2870 2809 2871
f 2871 2809 2807
f 2871 2807 2872
f 2872 2807 2805
f 2872 2805 2873
f 2873 2805 2803
f 2873 2803 2864
f 2864 2803 2802
f 2864 2802 2865
f 2865 2802 2800
f 2865 2800 2866
f 2866 2800 2798
f 2866 2798 2867
f 2867 2798 2796
f 2867 2796 2868
f 2868 2796 2794
f 2868 2794 2851
f 2851 2794 2793
f 2851 2793 2852
f 2852 2793 2755
f 2852 2755 2853
f 2853 2755 2754
f 2890 2891 2892
f 2892 2891 2893
f 2893 2894 2892
f 2892 2894 2895
f 2892 2895 2896
f 2895 2897 2896
f 2896 2897 2898
f 2896 2898 2899
f 2899 2898 2900
f 2899 2900 2901
f 2900 2902 2901
f 2901 2902 2903
f 2901 2903 2904
f 2903 2905 2904
f 2904 2905 2906
f 2904 2906 2907
f 2906 2908 2907
f 2907 2908 2909
f 2907 2909 2910
f 2909 2911 2910
f 2910 2911 2912
f 2910 2912 2913
f 2912 2914 2913
f 2913 2914 2915
f 2913 2915 2916
f 2915 2917 2916
f 2916 2917 2918
f 2916 2918 2919
f 2918 2920 2919
f 2919 2920 2921
f 2919 2921 2922
f 2921 2923 2922
f 2922 2923 2924
f 2922 2924 2925
f 2924 2926 2925
f 2925 2926 2927
f 2925 2927 2928
f 2927 2929 2928
f 2928 2929 2930
f 2928 2930 2931
f 2930 2932 2931
f 2931 2932 2933
f 2931 2933 2934
f 2933 2935 2934
f 2934 2935 2936
f 2934 2936 2937
f 2936 2938 2937
f 2937 2938 2939
f 2937 2939 2940
f 2939 2941 2940
f 2940 2941 2942
f 2940 2942 2943
f 2942 2944 2943
f 2943 2944 2945
f 2943 2945 2946
f 2946 2945 2947
f 2947 2948 2946
f 2946 2948 2949
f 2946 2949 2950
f 2949 2951 2950
f 2950 2951 2952
f 2950 2952 2953
f 2952 2954 2953
f 2953 2954 2955
f 2953 2955 2956
f 2955 2957 2956
f 2956 2957 2958
f 2956 2958 2959
f 2958 2960 2959
f 2959 2960 2961
f 2959 2961 2962
f 2961 2963 2962
f 2962 2963 2964
f 2962 2964 2965
f 2964 2966 2965
f 2965 2966 2967
f 2965 2967 2968
f 2967 2969 2968
f 2968 2969 2970
f 2968 2970 2971
f 2970 2972 2971
f 2971 2972 2973
f 2971 2973 2974
f 2973 2975 2974
f 2974 2975 2976
f 2974 2976 2977
f 2976 2978 2977
f 2977 2978 2979
f 2977 2979 2980
f 2979 2981 2980
f 2980 2981 2982
f 2980 2982 2983
f 2982 2984 2983
f 2983 2984 2985
f 2983 2985 2986
f 2985 2987 2986
f 2986 2987 2988
f 2986 2988 2989
f 2988 2990 2989
f 2989 2990 2991
f 2989 2991 2992
f 2991 2993 2992
f 2992 2993 2994
f 2992 2994 2995
f 2994 2996 2995
f 2995 2996 2997
f 2995 2997 2998
f 2997 2999 2998
f 2998 2999 3000
f 2998 3000 3001
f 3001 3000 3002
f 3001 3002 3003
f 3002 3004 3003
f 3003 3004 3005
f 3003 3005 2890
f 2890 3005 3006
f 2890 3006 2891
f 3007 2934 3008
f 3008 2934 2937
f 3008 2937 3009
f 3009 2937 2940
f 3009 2940 3010
f 3010 2940 2943
f 3010 2943 3011
f 3012 2922 3013
f 3013 2922 2925
f 3013 2925 3014
f 3014 2925 2928
f 3014 2928 3007
f 3007 2928 2931
f 3007 2931 2934
f 3015 2910 3016
f 3016 2910 2913
f 3016 2913 3017
f 3017 2913 2916
f 3017 2916 3012
f 3012 2916 2919
f 3012 2919 2922
f 3018 2896 3019
f 3019 2896 2899
f 3019 2899 3020
f 3020 2899 2901
f 3020 2901 3021
f 3021 2901 2904
f 3021 2904 3015
f 3015 2904 2907
f 3015 2907 2910
f 3022 3001 3023
f 3023 3001 3003
f 3023 3003 3024
f 3024 3003 2890
f 3024 2890 3018
f 3018 2890 2892
f 3018 2892 2896
f 3025 2974 3026
f 3026 2974 2977
f 3026 2977 3027
f 3027 2977 2980
f 3027 2980 3028
f 2980 2983 3028
f 3028 2983 2986
f 3028 2986 3029
f 3029 2986 2989
f 3029 2989 3030
f 3030 2989 2992
f 3030 2992 3031
f 3031 2992 2995
f 3031 2995 3022
f 3022 2995 2998
f 3022 2998 3001
f 3032 2962 3033
f 3033 2962 2965
f 3033 2965 3034
f 3034 2965 2968
f 3034 2968 3025
f 3025 2968 2971
f 3025 2971 2974
f 2943 2946 3011
f 3011 2946 2950
f 3011 2950 3035
f 3035 2950 2953
f 3035 2953 3036
f 3036 2953 2956
f 3036 2956 3032
f 3032 2956 2959
f 3032 2959 2962
f 3024 3037 3023
f 3023 3037 3038
f 3023 3038 3022
f 3022 3038 3039
f 3022 3039 3031
f 3031 3039 3040
f 3031 3040 3030
f 3030 3040 3041
f 3030 3041 3029
f 3029 3041 3042
f 3029 3042 3028
f 3028 3042 3043
f 3028 3043 3027
f 3027 3043 3044
f 3027 3044 3026
f 3026 3044 3045
f 3026 3045 3025
f 3025 3045 3046
f 3025 3046 3034
f 3034 3046 3047
f 3034 3047 3033
f 3033 3047 3048
f 3033 3048 3032
f 3032 3048 3049
f 3032 3049 3036
f 3036 3049 3050
f 3036 3050 3035
f 3035 3050 3051
f 3035 3051 3011
f 3011 3051 3052
f 3011 3052 3010
f 3010 3052 3053
f 3010 3053 3009
f 3009 3053 3054
f 3009 3054 3008
f 3008 3054 3055
f 3008 3055 3007
f 3007 3055 3056
f 3007 3056 3014
f 3014 3056 3057
f 3014 3057 3013
f 3013 3057 3058
f 3013 3058 3012
f 3012 3058 3059
f 3012 3059 3017
f 3017 3059 3060
f 3017 3060 3016
f 3016 3060 3061
f 3016 3061 3015
f 3015 3061 3062
f 3015 3062 3021
f 3021 3062 3063
f 3021 3063 3020
f 3020 3063 3064
f 3020 3064 3019
f 3019 3064 3065
f 3019 3065 3018
f 3018 3065 3066
f 3018 3066 3024
f 3024 3066 3037
f 3054 3053 3067
f 3067 3068 3054
f 3054 3068 3069
f 3054 3069 3055
f 3069 3070 3055
f 3055 3070 3071
f 3055 3071 3056
f 3056 3071 3072
f 3056 3072 3057
f 3072 3073 3057
f 3057 3073 3074
f 3057 3074 3058
f 3074 3075 3058
f 3058 3075 3076
f 3058 3076 3059
f 3076 3077 3059
f 3059 3077 3078
f 3059 3078 3060
f 3078 3079 3060
f 3060 3079 3080
f 3060 3080 3061
f 3080 3081 3061
f 3061 3081 3082
f 3061 3082 3062
f 3082 3083 3062
f 3062 3083 3084
f 3062 3084 3063
f 3063 3084 3085
f 3063 3085 3064
f 3085 3086 3064
f 3064 3086 3087
f 3064 3087 3065
f 3087 3088 3065
f 3065 3088 3089
f 3065 3089 3066
f 3089 3090 3066
f 3066 3090 3091
f 3066 3091 3037
f 3037 3091 3092
f 3037 3092 3038
f 3092 3093 3038
f 3038 3093 3094
f 3038 3094 3039
f 3094 3095 3039
f 3039 3095 3096
f 3039 3096 3040
f 3096 3097 3040
f 3040 3097 3098
f 3040 3098 3041
f 3041 3098 3099
f 3041 3099 3042
f 3099 3100 3042
f 3042 3100 3101
f 3042 3101 3043
f 3101 3102 3043
f 3043 3102 3103
f 3043 3103 3044
f 3103 3104 3044
f 3044 3104 3105
f 3044 3105 3045
f 3105 3106 3045
f 3045 3106 3107
f 3045 3107 3046
f 3107 3108 3046
f 3046 3108 3109
f 3046 3109 3047
f 3109 3110 3047
f 3047 3110 3111
f 3047 3111 3048
f 3048 3111 3112
f 3048 3112 3049
f 3112 3113 3049
f 3049 3113 3114
f 3049 3114 3050
f 3114 3115 3050
f 3050 3115 3116
f 3050 3116 3051
f 3116 3117 3051
f 3051 3117 3118
f 3051 3118 3052
f 3052 3118 3119
f 3052 3119 3053
f 3053 3119 3120
f 3053 3120 3067
f 3121 3122 3093
f 3123 3095 3122
f 3122 3095 3094
f 3122 3094 3093
f 3124 3097 3123
f 3123 3097 3096
f 3123 3096 3095
f 3125 3099 3124
f 3124 3099 3098
f 3124 3098 3097
f 3126 3101 3125
f 3125 3101 3100
f 3125 3100 3099
f 3127 3103 3126
f 3126 3103 3102
f 3126 3102 3101
f 3107 3106 3128
f 3128 3106 3105
f 3128 3105 3127
f 3127 3105 3104
f 3127 3104 3103
f 3107 3128 3108
f 3108 3128 3129
f 3108 3129 3109
f 3109 3129 3110
f 3110 3129 3130
f 3110 3130 3111
f 3111 3130 3112
f 3112 3130 3131
f 3112 3131 3113
f 3113 3131 3114
f 3114 3131 3132
f 3114 3132 3115
f 3115 3132 3116
f 3116 3132 3133
f 3116 3133 3117
f 3117 3133 3118
f 3118 3133 3134
f 3118 3134 3119
f 3119 3134 3120
f 3120 3134 3135
f 3120 3135 3067
f 3067 3135 3068
f 3068 3135 3136
f 3068 3136 3069
f 3069 3136 3070
f 3070 3136 3137
f 3070 3137 3071
f 3071 3137 3072
f 3072 3137 3138
f 3072 3138 3073
f 3073 3138 3074
f 3074 3138 3139
f 3074 3139 3075
f 3075 3139 3076
f 3076 3139 3140
f 3076 3140 3077
f 3077 3140 3078
f 3078 3140 3141
f 3078 3141 3079
f 3142 3081 3141
f 3141 3081 3080
f 3141 3080 3079
f 3143 3083 3142
f 3142 3083 3082
f 3142 3082 3081
f 3144 3085 3143
f 3143 3085 3084
f 3143 3084 3083
f 3145 3087 3144
f 3144 3087 3086
f 3144 3086 3085
f 3146 3089 3145
f 3145 3089 3088
f 3145 3088 3087
f 3093 3092 3121
f 3121 3092 3091
f 3121 3091 3146
f 3146 3091 3090
f 3146 3090 3089
f 3142 3147 3143
f 3143 3147 3148
f 3143 3148 3144
f 3149 3121 3146
f 3148 3150 3144
f 3144 3150 3151
f 3144 3151 3145
f 3145 3151 3152
f 3145 3152 3146
f 3146 3152 3153
f 3146 3153 3149
f 3138 3154 3139
f 3139 3154 3155
f 3139 3155 3140
f 3149 3156 3121
f 3121 3156 3157
f 3121 3157 3122
f 3122 3157 3158
f 3122 3158 3123
f 3155 3159 3140
f 3140 3159 3160
f 3140 3160 3141
f 3141 3160 3161
f 3141 3161 3142
f 3142 3161 3162
f 3142 3162 3147
f 3136 3163 3137
f 3137 3163 3164
f 3137 3164 3138
f 3138 3164 3165
f 3138 3165 3154
f 3158 3166 3123
f 3123 3166 3167
f 3123 3167 3124
f 3124 3167 3168
f 3124 3168 3125
f 3134 3169 3135
f 3135 3169 3170
f 3135 3170 3136
f 3136 3170 3171
f 3136 3171 3163
f 3133 3172 3134
f 3134 3172 3173
f 3134 3173 3169
f 3131 3174 3132
f 3132 3174 3175
f 3132 3175 3133
f 3133 3175 3176
f 3133 3176 3172
f 3129 3177 3130
f 3130 3177 3178
f 3130 3178 3131
f 3131 3178 3179
f 3131 3179 3174
f 3127 3180 3128
f 3128 3180 3181
f 3128 3181 3129
f 3129 3181 3182
f 3129 3182 3177
f 3168 3183 3125
f 3125 3183 3184
f 3125 3184 3126
f 3126 3184 3185
f 3126 3185 3127
f 3127 3185 3186
f 3127 3186 3180
f 3169 3173 2948
f 2948 2947 3169
f 3169 2947 2945
f 3169 2945 3170
f 2945 2944 3170
f 3170 2944 2942
f 3170 2942 3171
f 2942 2941 3171
f 3171 2941 2939
f 3171 2939 3163
f 2939 2938 3163
f 3163 2938 2936
f 3163 2936 3164
f 2936 2935 3164
f 3164 2935 2933
f 3164 2933 3165
f 2933 2932 3165
f 3165 2932 2930
f 3165 2930 3154
f 2930 2929 3154
f 3154 2929 2927
f 3154 2927 3155
f 2927 2926 3155
f 3155 2926 2924
f 3155 2924 3159
f 2924 2923 3159
f 3159 2923 2921
f 3159 2921 3160
f 2921 2920 3160
f 3160 2920 2918
f 3160 2918 3161
f 2918 2917 3161
f 3161 2917 2915
f 3161 2915 3162
f 2915 2914 3162
f 3162 2914 2912
f 3162 2912 3147
f 2912 2911 3147
f 3147 2911 2909
f 3147 2909 3148
f 2909 2908 3148
f 3148 2908 2906
f 3148 2906 3150
f 2906 2905 3150
f 3150 2905 2903
f 3150 2903 3151
f 2903 2902 3151
f 3151 2902 2900
f 3151 2900 3152
f 2900 2898 3152
f 3152 2898 2897
f 3152 2897 3153
f 2897 2895 3153
f 3153 2895 2894
f 3153 2894 3149
f 3149 2894 2893
f 3149 2893 3156
f 3156 2893 2891
f 3156 2891 3157
f 2891 3006 3157
f 3157 3006 3005
f 3157 3005 3158
f 3005 3004 3158
f 3158 3004 3002
f 3158 3002 3166
f 3002 3000 3166
f 3166 3000 2999
f 3166 2999 3167
f 2999 2997 3167
f 3167 2997 2996
f 3167 2996 3168
f 2996 2994 3168
f 3168 2994 2993
f 3168 2993 3183
f 2993 2991 3183
f 3183 2991 2990
f 3183 2990 3184
f 2990 2988 3184
f 3184 2988 2987
f 3184 2987 3185
f 2987 2985 3185
f 3185 2985 2984
f 3185 2984 3186
f 2984 2982 3186
f 3186 2982 2981
f 3186 2981 3180
f 2981 2979 3180
f 3180 2979 2978
f 3180 2978 3181
f 2978 2976 3181
f 3181 2976 2975
f 3181 2975 3182
f 2975 2973 3182
f 3182 2973 2972
f 3182 2972 3177
f 2972 2970 3177
f 3177 2970 2969
f 3177 2969 3178
f 2969 2967 3178
f 3178 2967 2966
f 3178 2966 3179
f 2966 2964 3179
f 3179 2964 2963
f 3179 2963 3174
f 2963 2961 3174
f 3174 2961 2960
f 3174 2960 3175
f 2960 2958 3175
f 3175 2958 2957
f 3175 2957 3176
f 2957 2955 3176
f 3176 2955 2954
f 3176 2954 3172
f 2954 2952 3172
f 3172 2952 2951
f 3172 2951 3173
f 3173 2951 2949
f 3173 2949 2948
f 3187 3188 3189
f 3190 3191 3192
f 3193 3194 3195
f 3196 3197 3198
f 3199 3200 3192
f 3200 3201 3192
f 3192 3201 3202
f 3192 3202 3190
f 3190 3202 3203
f 3190 3203 3204
f 3205 3189 3206
f 3206 3189 3196
f 3206 3196 3207
f 3207 3196 3208
f 3209 3193 3210
f 3210 3193 3195
f 3210 3195 3211
f 3205 3212 3189
f 3189 3212 3213
f 3189 3213 3187
f 3187 3213 3214
f 3187 3214 3192
f 3192 3214 3215
f 3192 3215 3199
f 3216 3198 3217
f 3217 3198 3193
f 3217 3193 3218
f 3218 3193 3209
f 3204 3219 3190
f 3190 3219 3220
f 3190 3220 3195
f 3195 3220 3221
f 3195 3221 3211
f 3216 3222 3198
f 3198 3222 3223
f 3198 3223 3196
f 3196 3223 3224
f 3196 3224 3208
f 3225 3226 3227
f 3227 3226 3228
f 3229 3230 3231
f 3231 3230 2108
f 3231 2108 3232
f 3233 3234 3235
f 3235 3234 3236
f 3235 3236 3232
f 2108 3237 3232
f 3232 3237 3238
f 3232 3238 3239
f 3239 3240 3232
f 3232 3240 2132
f 3232 2132 3235
f 3235 2132 3241
f 3235 3241 3242
f 3242 3243 3235
f 3235 3243 3244
f 3235 3244 3245
f 3245 3244 2126
f 3227 3246 3231
f 3231 3246 3247
f 3231 3247 3229
f 3248 3249 3250
f 3228 3250 3227
f 3227 3250 3251
f 3227 3251 3252
f 3252 3253 3227
f 3227 3253 2114
f 3227 2114 3246
f 3249 2120 3250
f 3250 2120 3254
f 3250 3254 3251
f 2126 3255 3245
f 3245 3255 3256
f 3245 3256 3250
f 3250 3256 3257
f 3250 3257 3248
f 3196 3189 3232
f 3232 3189 3231
f 3197 3196 3236
f 3236 3196 3232
f 3236 3234 3197
f 3197 3234 3258
f 3197 3258 3198
f 3198 3258 3259
f 3260 3258 3233
f 3233 3258 3234
f 3193 3261 3194
f 3194 3261 3260
f 3194 3260 3235
f 3235 3260 3233
f 3195 3194 3245
f 3245 3194 3235
f 3190 3195 3250
f 3250 3195 3245
f 3191 3190 3228
f 3228 3190 3250
f 3228 3226 3191
f 3191 3226 3262
f 3191 3262 3192
f 3192 3262 3263
f 3264 3262 3225
f 3225 3262 3226
f 3187 3265 3188
f 3188 3265 3264
f 3188 3264 3227
f 3227 3264 3225
f 3189 3188 3231
f 3231 3188 3227
f 3206 2108 3205
f 3205 2108 3230
f 3205 3230 3212
f 3212 3230 3229
f 3212 3229 3213
f 3213 3229 3247
f 3213 3247 3214
f 3214 3247 3246
f 3214 3246 3215
f 3215 3246 2114
f 3215 2114 3199
f 3199 2114 3253
f 3199 3253 3200
f 3200 3253 3252
f 3200 3252 3201
f 3201 3252 3251
f 3201 3251 3202
f 3202 3251 3254
f 3202 3254 3203
f 3203 3254 2120
f 3203 2120 3204
f 3204 2120 3249
f 3204 3249 3219
f 3219 3249 3248
f 3219 3248 3220
f 3220 3248 3257
f 3220 3257 3221
f 3221 3257 3256
f 3221 3256 3211
f 3211 3256 3255
f 3211 3255 3210
f 3210 3255 2126
f 3210 2126 3209
f 3209 2126 3244
f 3209 3244 3218
f 3218 3244 3243
f 3218 3243 3217
f 3217 3243 3242
f 3217 3242 3216
f 3216 3242 3241
f 3216 3241 3222
f 3222 3241 2132
f 3222 2132 3223
f 3223 2132 3240
f 3223 3240 3224
f 3224 3240 3239
f 3224 3239 3208
f 3208 3239 3238
f 3208 3238 3207
f 3207 3238 3237
f 3207 3237 3206
f 3206 3237 2108
f 3259 3261 3198
f 3198 3261 3193
f 3261 3259 3260
f 3260 3259 3258
f 3263 3265 3192
f 3192 3265 3187
f 3265 3263 3264
f 3264 3263 3262
f 3266 3267 3268
f 3269 3270 3271
f 3272 3273 3274
f 3275 3276 3277
f 3278 3279 3274
f 3279 3280 3274
f 3274 3280 3281
f 3274 3281 3272
f 3272 3281 3282
f 3272 3282 3283
f 3283 3284 3272
f 3272 3284 3285
f 3272 3285 3271
f 3271 3285 3286
f 3287 3269 3288
f 3288 3269 3271
f 3288 3271 3289
f 3289 3271 3286
f 3287 3290 3269
f 3269 3290 3291
f 3269 3291 3277
f 3277 3291 3292
f 3293 3294 3268
f 3268 3294 3295
f 3268 3295 3266
f 3266 3295 3296
f 3266 3296 3274
f 3274 3296 3297
f 3274 3297 3278
f 3298 3275 3299
f 3299 3275 3277
f 3299 3277 3300
f 3300 3277 3292
f 3298 3301 3275
f 3275 3301 3302
f 3275 3302 3268
f 3268 3302 3303
f 3268 3303 3293
f 3304 2157 3305
f 3305 3306 3307
f 3307 3306 3308
f 3307 3308 3309
f 3310 3311 3304
f 3304 3311 3312
f 3304 3312 2157
f 3305 3307 3304
f 3304 3307 3313
f 3304 3313 3314
f 3315 3316 3317
f 3317 3316 2169
f 3309 2151 3307
f 3307 2151 3318
f 3307 3318 3319
f 3319 3318 3320
f 3319 3320 3321
f 3322 3323 3324
f 3324 3323 3316
f 3324 3316 3325
f 3325 3316 3315
f 3325 3315 3326
f 3326 3327 3325
f 3325 3327 2163
f 3325 2163 3328
f 3321 3329 3319
f 3319 3329 2145
f 3319 2145 3330
f 3330 2145 3331
f 3331 3332 3330
f 3330 3332 3333
f 3330 3333 3316
f 3316 3333 3334
f 3316 3334 2169
f 3304 3335 3310
f 3310 3335 3325
f 3310 3325 3336
f 3336 3325 3328
f 3269 3337 3270
f 3270 3337 3338
f 3270 3338 3324
f 3324 3338 3322
f 3271 3270 3325
f 3325 3270 3324
f 3272 3271 3335
f 3335 3271 3325
f 3273 3272 3304
f 3304 3272 3335
f 3304 3314 3273
f 3273 3314 3339
f 3273 3339 3274
f 3274 3339 3340
f 3341 3339 3313
f 3313 3339 3314
f 3266 3342 3267
f 3267 3342 3341
f 3267 3341 3307
f 3307 3341 3313
f 3268 3267 3319
f 3319 3267 3307
f 3275 3268 3330
f 3330 3268 3319
f 3276 3275 3316
f 3316 3275 3330
f 3316 3323 3276
f 3276 3323 3343
f 3276 3343 3277
f 3277 3343 3344
f 3338 3343 3322
f 3322 3343 3323
f 3303 2145 3293
f 3293 2145 3329
f 3293 3329 3294
f 3294 3329 3321
f 3294 3321 3295
f 3295 3321 3320
f 3295 3320 3296
f 3296 3320 3318
f 3296 3318 3297
f 3297 3318 2151
f 3297 2151 3278
f 3278 2151 3309
f 3278 3309 3279
f 3279 3309 3308
f 3279 3308 3280
f 3280 3308 3306
f 3280 3306 3281
f 3281 3306 3305
f 3281 3305 3282
f 3282 3305 2157
f 3282 2157 3283
f 3283 2157 3312
f 3283 3312 3284
f 3284 3312 3311
f 3284 3311 3285
f 3285 3311 3310
f 3285 3310 3286
f 3286 3310 3336
f 3286 3336 3289
f 3289 3336 3328
f 3289 3328 3288
f 3288 3328 2163
f 3288 2163 3287
f 3287 2163 3327
f 3287 3327 3290
f 3290 3327 3326
f 3290 3326 3291
f 3291 3326 3315
f 3291 3315 3292
f 3292 3315 3317
f 3292 3317 3300
f 3300 3317 2169
f 3300 2169 3299
f 3299 2169 3334
f 3299 3334 3298
f 3298 3334 3333
f 3298 3333 3301
f 3301 3333 3332
f 3301 3332 3302
f 3302 3332 3331
f 3302 3331 3303
f 3303 3331 2145
f 3340 3342 3274
f 3274 3342 3266
f 3341 3342 3339
f 3339 3342 3340
f 3344 3337 3277
f 3277 3337 3269
f 3344 3343 3337
f 3337 3343 3338

