mtllib material.mtl
usemtl mtl_m10
v 0.02000000 -0.22149999 -0.01560000
v 0.02000000 -0.20851497 -0.01560000
v 0.01993472 -0.20887759 -0.01560000
v -0.01892937 -0.20992073 -0.01560000
v -0.01925711 -0.20970593 -0.01560000
v -0.01489794 -0.21340856 -0.01560000
v -0.01250450 -0.21050000 -0.01560000
v -0.01673592 -0.21050000 -0.01560000
v -0.01302709 -0.21083356 -0.01560000
v -0.01416644 -0.21197291 -0.01560000
v -0.01999850 -0.20857000 -0.01560000
v -0.02000000 -0.20851497 -0.01560000
v -0.02000000 -0.22149999 -0.01560000
v -0.00550000 -0.21050000 -0.01560000
v 0.00510206 -0.21340856 -0.01560000
v 0.00583356 -0.21197291 -0.01560000
v -0.01743470 -0.21044296 -0.01560000
v -0.01812618 -0.21027540 -0.01560000
v -0.00583356 -0.21802710 -0.01560000
v -0.00697291 -0.21916644 -0.01560000
v -0.01992580 -0.20890146 -0.01560000
v -0.01515000 -0.21500000 -0.01560000
v -0.01820568 -0.21024868 -0.01560000
v -0.01878796 -0.20999847 -0.01560000
v 0.01489794 -0.21659143 -0.01560000
v 0.01416644 -0.21802710 -0.01560000
v 0.01302709 -0.21916644 -0.01560000
v 0.00510206 -0.21659143 -0.01560000
v 0.00583356 -0.21802710 -0.01560000
v 0.00697291 -0.21916644 -0.01560000
v 0.00550000 -0.21050000 -0.01560000
v 0.00697291 -0.21083356 -0.01560000
v 0.00749550 -0.21050000 -0.01560000
v -0.00840856 -0.21989794 -0.01560000
v -0.01000000 -0.22014999 -0.01560000
v -0.01159144 -0.21989794 -0.01560000
v -0.01302709 -0.21916644 -0.01560000
v 0.01975157 -0.20921789 -0.01560000
v 0.01970815 -0.20927565 -0.01560000
v 0.01970321 -0.20928192 -0.01560000
v 0.01515000 -0.21500000 -0.01560000
v 0.01934895 -0.20963462 -0.01560000
v 0.01489794 -0.21340856 -0.01560000
v 0.01914168 -0.20978794 -0.01560000
v 0.01856748 -0.21010536 -0.01560000
v -0.00749550 -0.21050000 -0.01560000
v -0.00697291 -0.21083356 -0.01560000
v -0.00583356 -0.21197291 -0.01560000
v -0.00510206 -0.21340856 -0.01560000
v 0.00485000 -0.21500000 -0.01560000
v -0.00485000 -0.21500000 -0.01560000
v -0.00510206 -0.21659143 -0.01560000
v -0.01416644 -0.21802710 -0.01560000
v -0.01489794 -0.21659143 -0.01560000
v 0.01250450 -0.21050000 -0.01560000
v 0.01302709 -0.21083356 -0.01560000
v 0.01673592 -0.21050000 -0.01560000
v 0.01416644 -0.21197291 -0.01560000
v 0.01727255 -0.21046621 -0.01560000
v 0.01795592 -0.21032725 -0.01560000
v -0.01962545 -0.20937404 -0.01560000
v -0.01968243 -0.20930770 -0.01560000
v -0.01989329 -0.20897794 -0.01560000
v 0.01159144 -0.21989794 -0.01560000
v 0.01000000 -0.22014999 -0.01560000
v 0.00840856 -0.21989794 -0.01560000
v 0.01552118 -0.21048810 -0.01423675
v 0.01427957 -0.21047056 -0.01222544
v 0.01345629 -0.21045122 -0.01000976
v 0.01236667 -0.21042602 -0.00712173
v 0.01215709 -0.21032353 0.00462235
v 0.01222666 -0.21035624 0.00087296
v 0.01251542 -0.21033302 0.00353373
v 0.01295493 -0.21035427 0.00109905
v 0.01308329 -0.21043085 -0.00767569
v 0.01306229 -0.21042550 -0.00706300
v 0.01299950 -0.21036272 0.00013090
v 0.00767058 -0.21040693 -0.00493488
v 0.00781116 -0.21033829 0.00292916
v 0.00550000 -0.21036386 0.00000000
v -0.00169959 -0.21031821 0.00523081
v 0.00000000 -0.21031587 0.00550000
v -0.00048457 -0.21025033 0.01300842
v 0.00198529 -0.21025158 0.01286497
v 0.00169959 -0.21031821 0.00523081
v 0.00438324 -0.21025690 0.01225621
v -0.00293687 -0.21025319 0.01268137
v -0.00528282 -0.21026005 0.01189566
v -0.00323282 -0.21032503 0.00444959
v -0.00743743 -0.21027066 0.01067975
v -0.00795375 -0.21027397 0.01030035
v -0.00791540 -0.21029076 0.00837671
v 0.00662245 -0.21026608 0.01120420
v 0.00323282 -0.21032503 0.00444959
v 0.00795375 -0.21027397 0.01030035
v 0.00444959 -0.21033564 0.00323282
v 0.00523081 -0.21034902 0.00169959
v -0.00763333 -0.21042602 -0.00712173
v -0.00550000 -0.21036386 0.00000000
v -0.00777334 -0.21035624 0.00087296
v -0.00523081 -0.21034902 0.00169959
v -0.00444959 -0.21033564 0.00323282
v 0.00753216 -0.21047980 -0.01328450
v -0.01395061 -0.20832209 0.00551184
v -0.01470301 -0.20834132 0.00297012
v -0.01455281 -0.20910586 0.00294645
v -0.00866687 -0.21002553 0.01095272
v -0.00853843 -0.21006174 0.01096486
v -0.00787342 -0.21011433 0.01130343
v -0.00840795 -0.21010226 0.01095600
v -0.00835049 -0.21012132 0.01094345
v -0.00817962 -0.21018246 0.01085971
v -0.00798304 -0.21026139 0.01053588
v -0.00806228 -0.21022844 0.01072871
v -0.01000159 -0.20985000 0.01014034
v -0.01033379 -0.20969459 0.01005516
v -0.01008741 -0.20985074 0.01005486
v -0.01020519 -0.20985410 0.00993100
v -0.00986192 -0.20985185 0.01027112
v -0.00944659 -0.20987982 0.01060071
v -0.00824364 -0.20967986 0.01183037
v -0.00899664 -0.20994869 0.01085308
v -0.01159140 -0.21010205 0.00761810
v -0.01131018 -0.21001944 0.00827842
v -0.01205000 -0.20971236 0.00791610
v -0.01089864 -0.20992900 0.00902179
v -0.01056268 -0.20988083 0.00950458
v -0.01333009 -0.20973249 0.00549054
v -0.01273069 -0.21016645 0.00524800
v -0.01208467 -0.21029079 0.00559635
v -0.01191103 -0.21021768 0.00655947
v -0.01172782 -0.21014848 0.00722369
v -0.01164513 -0.21011983 0.00747022
v -0.01274260 -0.21034124 0.00259156
v -0.01215709 -0.21032353 0.00462235
v -0.01214114 -0.21031620 0.00500598
v 0.01160277 -0.21010576 0.00758753
v 0.01180239 -0.21017569 0.00697692
v 0.01230530 -0.21015841 0.00618176
v 0.01202074 -0.21026301 0.00602135
v 0.01325121 -0.21017943 0.00373911
v 0.01213807 -0.21031480 0.00505256
v 0.01142739 -0.20970508 0.00879162
v 0.01115489 -0.20998116 0.00858337
v 0.01130128 -0.21001711 0.00829686
v 0.01288455 -0.20972437 0.00646821
v 0.01148006 -0.21006726 0.00789968
v 0.00955668 -0.20968844 0.01079687
v 0.00940565 -0.20988441 0.01062837
v 0.00943874 -0.20988068 0.01060608
v 0.00994347 -0.20985031 0.01019600
v 0.01036275 -0.20986280 0.00975286
v 0.01086713 -0.20992352 0.00907108
v 0.00853461 -0.21006288 0.01096493
v 0.00886967 -0.20997557 0.01090148
v 0.00734018 -0.20967504 0.01241145
v 0.00928557 -0.20989980 0.01070431
v 0.00806632 -0.21022680 0.01073510
v 0.00798581 -0.21026021 0.01054667
v 0.00817766 -0.21018320 0.01085819
v 0.00701058 -0.21010956 0.01185847
v 0.00832210 -0.21013100 0.01093486
v 0.00840744 -0.21010242 0.01095591
v 0.01484715 -0.20912810 0.00013625
v 0.01499943 -0.20836279 0.00013090
v 0.01494799 -0.20835434 0.00124799
v 0.01441361 -0.20977689 0.00013813
v 0.01479586 -0.20911935 0.00124197
v 0.01429300 -0.20909734 0.00402237
v 0.01371731 -0.21020162 0.00116137
v 0.01376481 -0.21021044 0.00013625
v 0.01472294 -0.20834208 0.00286969
v 0.01444087 -0.20833310 0.00405724
v 0.01327262 -0.20907649 0.00665701
v 0.01387532 -0.20974559 0.00391067
v 0.01436373 -0.20976800 0.00121155
v 0.01395061 -0.20832209 0.00551184
v 0.01341073 -0.20831296 0.00671954
v 0.01177175 -0.20905755 0.00905053
v 0.01270847 -0.20830351 0.00796837
v 0.01189489 -0.20829467 0.00913847
v 0.01103833 -0.20828697 0.01015654
v 0.00984479 -0.20904121 0.01111634
v 0.00994824 -0.20827888 0.01122642
v 0.00899645 -0.20827301 0.01200266
v 0.00756155 -0.20902805 0.01277973
v 0.00764128 -0.20826615 0.01290778
v 0.00665159 -0.20826210 0.01344457
v 0.00500468 -0.20901854 0.01398055
v 0.00505759 -0.20825697 0.01412164
v 0.00408272 -0.20825462 0.01443369
v 0.00226672 -0.20901304 0.01467538
v 0.00229072 -0.20825167 0.01482406
v 0.00137636 -0.20825082 0.01493672
v -0.00055325 -0.20901175 0.01483911
v -0.00055911 -0.20825042 0.01498958
v -0.00137636 -0.20825082 0.01493672
v -0.00335321 -0.20901470 0.01446583
v -0.00338870 -0.20825326 0.01461221
v -0.00408272 -0.20825462 0.01443369
v -0.00603184 -0.20902181 0.01356901
v -0.00609556 -0.20826012 0.01370563
v -0.00665159 -0.20826210 0.01344457
v -0.00849221 -0.20903279 0.01218109
v -0.00559235 -0.21010326 0.01259027
v -0.00585523 -0.20966868 0.01317756
v -0.00310890 -0.21009611 0.01342178
v -0.00325501 -0.20966145 0.01404804
v -0.00051295 -0.21009313 0.01376788
v -0.00053705 -0.20965844 0.01441036
v 0.00210157 -0.21009444 0.01361607
v 0.00220034 -0.20965977 0.01425144
v 0.00464003 -0.21009998 0.01297184
v 0.00485813 -0.20966536 0.01357701
v -0.00858165 -0.20827074 0.01230265
v -0.00899645 -0.20827301 0.01200266
v -0.01064527 -0.20904726 0.01035223
v -0.01075694 -0.20828472 0.01045410
v -0.01103833 -0.20828697 0.01015654
v -0.01241305 -0.20906469 0.00814858
v -0.01387407 -0.20832066 0.00570178
v -0.01373150 -0.20908447 0.00564985
v -0.01270847 -0.20830351 0.00796837
v -0.01254264 -0.20830156 0.00822692
v -0.01376481 -0.21021044 0.00013625
v -0.01349204 -0.21018802 0.00274161
v -0.01441361 -0.20977689 0.00013813
v -0.01412762 -0.20975426 0.00286622
v -0.01484715 -0.20912810 0.00013625
v -0.01499943 -0.20836279 0.00013090
v -0.01299950 -0.21036272 0.00013090
v 0.01310000 -0.21500000 -0.01860000
v 0.01310000 -0.21500000 -0.01610000
v 0.01283199 -0.21373911 -0.01860000
v 0.01283199 -0.21373911 -0.01610000
v 0.01207430 -0.21269625 -0.01860000
v 0.01207430 -0.21269625 -0.01610000
v 0.01095795 -0.21205172 -0.01860000
v 0.01095795 -0.21205172 -0.01610000
v 0.00967596 -0.21191698 -0.01860000
v 0.00967596 -0.21191698 -0.01610000
v 0.00845000 -0.21231532 -0.01860000
v 0.00845000 -0.21231532 -0.01610000
v 0.00749205 -0.21317786 -0.01860000
v 0.00749205 -0.21317786 -0.01610000
v 0.00696774 -0.21435547 -0.01860000
v 0.00696774 -0.21435547 -0.01610000
v 0.00696774 -0.21564452 -0.01860000
v 0.00696774 -0.21564452 -0.01610000
v 0.00749205 -0.21682213 -0.01860000
v 0.00749205 -0.21682213 -0.01610000
v 0.00845000 -0.21768467 -0.01860000
v 0.00845000 -0.21768467 -0.01610000
v 0.00967596 -0.21808302 -0.01860000
v 0.00967596 -0.21808302 -0.01610000
v 0.01095795 -0.21794827 -0.01860000
v 0.01095795 -0.21794827 -0.01610000
v 0.01207430 -0.21730375 -0.01860000
v 0.01207430 -0.21730375 -0.01610000
v 0.01283199 -0.21626088 -0.01860000
v 0.01283199 -0.21626088 -0.01610000
v -0.01668331 -0.21049955 -0.01554900
v -0.01243704 -0.21046312 -0.01137355
v -0.01402465 -0.21046568 -0.01166791
v -0.01516192 -0.21048377 -0.01374002
v -0.01229813 -0.21039119 -0.00313197
v -0.01306229 -0.21042550 -0.00706300
v -0.01331560 -0.21044602 -0.00941308
v -0.00690000 -0.21500000 -0.01860000
v -0.00690000 -0.21500000 -0.01610000
v -0.00716801 -0.21373911 -0.01860000
v -0.00716801 -0.21373911 -0.01610000
v -0.00792569 -0.21269625 -0.01860000
v -0.00792569 -0.21269625 -0.01610000
v -0.00904205 -0.21205172 -0.01860000
v -0.00904205 -0.21205172 -0.01610000
v -0.01032404 -0.21191698 -0.01860000
v -0.01032404 -0.21191698 -0.01610000
v -0.01155000 -0.21231532 -0.01860000
v -0.01155000 -0.21231532 -0.01610000
v -0.01250795 -0.21317786 -0.01860000
v -0.01250795 -0.21317786 -0.01610000
v -0.01303226 -0.21435547 -0.01860000
v -0.01303226 -0.21435547 -0.01610000
v -0.01303226 -0.21564452 -0.01860000
v -0.01303226 -0.21564452 -0.01610000
v -0.01250795 -0.21682213 -0.01860000
v -0.01250795 -0.21682213 -0.01610000
v -0.01155000 -0.21768467 -0.01860000
v -0.01155000 -0.21768467 -0.01610000
v -0.01032404 -0.21808302 -0.01860000
v -0.01032404 -0.21808302 -0.01610000
v -0.00904205 -0.21794827 -0.01860000
v -0.00904205 -0.21794827 -0.01610000
v -0.00792569 -0.21730375 -0.01860000
v -0.00792569 -0.21730375 -0.01610000
v -0.00716801 -0.21626088 -0.01860000
v -0.00716801 -0.21626088 -0.01610000
v -0.01941421 -0.20558579 -0.01560000
v -0.01984776 -0.20623463 -0.01560000
v -0.02000000 -0.20700000 -0.01560000
v 0.01941421 -0.20558579 -0.01560000
v 0.01876537 -0.20515224 -0.01560000
v 0.01800000 -0.20500000 -0.01560000
v 0.01984776 -0.20623463 -0.01560000
v -0.01876537 -0.20515224 -0.01560000
v -0.01800000 -0.20500000 -0.01560000
v 0.02000000 -0.20700000 -0.01560000
v -0.01913149 -0.22499999 -0.01712484
v -0.02000000 -0.22499999 -0.01755072
v -0.02000000 -0.22499999 -0.02000000
v -0.01732485 -0.22499999 -0.01597994
v -0.01838484 -0.22499999 -0.01669350
v 0.01781685 -0.22499999 -0.01632436
v 0.02000000 -0.22499999 -0.02000000
v -0.01864325 -0.22499999 -0.01684977
v 0.02000000 -0.22499999 -0.01755072
v 0.01891916 -0.22499999 -0.01700844
v 0.01833044 -0.22499999 -0.01665965
v 0.01803366 -0.22499999 -0.01646931
v 0.01716463 -0.22499999 -0.01586530
v 0.01692950 -0.22499999 -0.01570137
v -0.01688697 -0.22499999 -0.01567365
v 0.01681900 -0.22499999 -0.01563272
v 0.01676448 -0.22499999 -0.01560652
v 0.01673592 -0.22499999 -0.01560000
v -0.01673592 -0.22499999 -0.01560000
v -0.01676929 -0.22499999 -0.01560837
v -0.02000000 -0.22301498 -0.01560000
v -0.02000000 -0.20700000 -0.02000000
v -0.02000000 -0.22488052 -0.01704579
v -0.02000000 -0.22476418 -0.01677050
v -0.02000000 -0.22319959 -0.01560990
v -0.02000000 -0.22449715 -0.01635178
v -0.02000000 -0.22427712 -0.01611510
v -0.02000000 -0.22390580 -0.01584153
v -0.02000000 -0.22362688 -0.01571091
v -0.01800000 -0.20500000 -0.02000000
v 0.01800000 -0.20500000 -0.02000000
v 0.02000000 -0.22414529 -0.01600272
v 0.02000000 -0.22442599 -0.01626736
v 0.02000000 -0.22301498 -0.01560000
v 0.02000000 -0.22458796 -0.01647316
v 0.02000000 -0.22483304 -0.01692172
v 0.02000000 -0.22486140 -0.01699337
v 0.02000000 -0.22490813 -0.01712900
v 0.02000000 -0.20700000 -0.02000000
v 0.02000000 -0.22449104 -0.01634419
v 0.02000000 -0.22345033 -0.01565553
v 0.02000000 -0.22361475 -0.01570646
v 0.02000000 -0.22402231 -0.01591365
v -0.01315000 -0.20966472 -0.02000000
v -0.01533528 -0.21185000 -0.02000000
v -0.01950000 -0.21185000 -0.02000000
v 0.01315000 -0.22033527 -0.02000000
v 0.01533528 -0.21815000 -0.02000000
v 0.01950000 -0.21815000 -0.02000000
v 0.00685000 -0.20550001 -0.02000000
v -0.00685000 -0.20550001 -0.02000000
v -0.01315000 -0.20550001 -0.02000000
v 0.01315000 -0.22450000 -0.02000000
v 0.01950000 -0.21185000 -0.02000000
v 0.01533528 -0.21185000 -0.02000000
v 0.01315000 -0.20966472 -0.02000000
v 0.01315000 -0.20550001 -0.02000000
v -0.01941421 -0.20558579 -0.02000000
v -0.01876537 -0.20515224 -0.02000000
v -0.01984776 -0.20623463 -0.02000000
v -0.01950000 -0.21815000 -0.02000000
v -0.01533528 -0.21815000 -0.02000000
v -0.01315000 -0.22033527 -0.02000000
v 0.01941421 -0.20558579 -0.02000000
v 0.01984776 -0.20623463 -0.02000000
v 0.01876537 -0.20515224 -0.02000000
v -0.00466472 -0.21185000 -0.02000000
v -0.00685000 -0.20966472 -0.02000000
v 0.00466472 -0.21185000 -0.02000000
v 0.00685000 -0.20966472 -0.02000000
v -0.01315000 -0.22450000 -0.02000000
v -0.00685000 -0.22450000 -0.02000000
v 0.00685000 -0.22450000 -0.02000000
v 0.00466472 -0.21815000 -0.02000000
v 0.00685000 -0.22033527 -0.02000000
v -0.00466472 -0.21815000 -0.02000000
v -0.00685000 -0.22033527 -0.02000000
v 0.00000000 -0.22250000 -0.00550000
v 0.01859108 -0.22250000 -0.01460000
v -0.01859108 -0.22250000 -0.01460000
v -0.00323282 -0.22250000 0.00444959
v -0.00665159 -0.22250000 0.01344457
v -0.00169959 -0.22250000 0.00523081
v -0.00408272 -0.22250000 0.01443369
v 0.00000000 -0.22250000 0.00550000
v -0.00137636 -0.22250000 0.01493672
v 0.00137636 -0.22250000 0.01493672
v 0.00169959 -0.22250000 0.00523081
v -0.00444959 -0.22250000 0.00323282
v -0.01103833 -0.22250000 0.01015654
v -0.00899645 -0.22250000 0.01200266
v -0.00550000 -0.22250000 0.00000000
v -0.01472294 -0.22250000 0.00286969
v -0.00523081 -0.22250000 0.00169959
v -0.01395061 -0.22250000 0.00551184
v -0.01270847 -0.22250000 0.00796837
v 0.00169959 -0.22250000 -0.00523081
v 0.00323282 -0.22250000 -0.00444959
v 0.01834101 -0.22250000 -0.01438051
v 0.00323282 -0.22250000 0.00444959
v 0.01103833 -0.22250000 0.01015654
v 0.00444959 -0.22250000 0.00323282
v 0.01270847 -0.22250000 0.00796837
v 0.00523081 -0.22250000 0.00169959
v -0.01696695 -0.22250000 -0.01284710
v -0.01593606 -0.22250000 -0.01106478
v -0.00444959 -0.22250000 -0.00323282
v -0.01529204 -0.22250000 -0.00910911
v -0.00523081 -0.22250000 -0.00169959
v -0.01506221 -0.22250000 -0.00706300
v -0.01499943 -0.22250000 0.00013090
v -0.01834101 -0.22250000 -0.01438051
v -0.00323282 -0.22250000 -0.00444959
v -0.00169959 -0.22250000 -0.00523081
v 0.00408272 -0.22250000 0.01443369
v 0.00665159 -0.22250000 0.01344457
v 0.00899645 -0.22250000 0.01200266
v 0.01696695 -0.22250000 -0.01284710
v 0.00444959 -0.22250000 -0.00323282
v 0.01593606 -0.22250000 -0.01106478
v 0.01395061 -0.22250000 0.00551184
v 0.01472294 -0.22250000 0.00286969
v 0.00550000 -0.22250000 0.00000000
v 0.01499943 -0.22250000 0.00013090
v 0.00523081 -0.22250000 -0.00169959
v 0.01506221 -0.22250000 -0.00706300
v 0.01529204 -0.22250000 -0.00910911
v -0.00142419 -0.22492367 -0.00685359
v 0.00047770 -0.22492480 -0.00698368
v 0.00234416 -0.22492142 -0.00659583
v 0.00403676 -0.22491376 -0.00571879
v -0.00322046 -0.22480962 0.00621520
v -0.00743743 -0.22477067 0.01067975
v -0.00477787 -0.22481921 0.00511585
v -0.00932268 -0.22478464 0.00907767
v -0.00598094 -0.22483212 0.00363709
v 0.01617688 -0.22499497 -0.01502413
v 0.01476822 -0.22497842 -0.01312607
v 0.00542998 -0.22490241 -0.00441762
v 0.00542998 -0.22482531 0.00441762
v 0.00862180 -0.22477880 0.00974702
v 0.00403676 -0.22481395 0.00571879
v 0.00662245 -0.22476609 0.01120420
v 0.00234416 -0.22480629 0.00659583
v 0.00438324 -0.22475690 0.01225621
v 0.00047770 -0.22480291 0.00698368
v 0.00198529 -0.22475159 0.01286497
v 0.00000000 -0.22480278 0.00700000
v -0.00048457 -0.22475034 0.01300842
v -0.00142419 -0.22480404 0.00685359
v -0.00293687 -0.22475319 0.01268137
v -0.00528282 -0.22476006 0.01189566
v -0.00322046 -0.22491810 -0.00621520
v -0.00477787 -0.22490850 -0.00511585
v -0.01668331 -0.22499956 -0.01554900
v -0.01516192 -0.22498377 -0.01374002
v -0.01306229 -0.22492550 -0.00706300
v -0.01331560 -0.22494601 -0.00941308
v -0.01402465 -0.22496569 -0.01166791
v 0.00693480 -0.22485554 0.00095317
v 0.01251542 -0.22483303 0.00353373
v 0.00642048 -0.22483952 0.00278881
v 0.01162263 -0.22481288 0.00584106
v 0.01030890 -0.22479460 0.00793746
v 0.01375892 -0.22495976 -0.01098870
v 0.01318816 -0.22493973 -0.00869496
v 0.00642048 -0.22488821 -0.00278881
v 0.01306229 -0.22492550 -0.00706300
v 0.00693480 -0.22487219 -0.00095317
v 0.01299950 -0.22486272 0.00013090
v 0.01295493 -0.22485428 0.00109905
v -0.01087029 -0.22480148 0.00714745
v -0.01202419 -0.22482058 0.00495899
v -0.00674042 -0.22484738 0.00188858
v -0.01274260 -0.22484125 0.00259156
v -0.00700000 -0.22486386 0.00000000
v -0.01299950 -0.22486272 0.00013090
v -0.00674042 -0.22488034 -0.00188858
v -0.00598094 -0.22489560 -0.00363709
v -0.01395061 -0.20800000 0.00551184
v -0.00164597 -0.20800000 0.00113613
v -0.00198542 -0.20800000 0.00024107
v 0.00665159 -0.20800000 0.01344457
v 0.00092945 -0.20800000 0.00177091
v 0.00408272 -0.20800000 0.01443369
v 0.00000000 -0.20800000 0.00200000
v 0.00137636 -0.20800000 0.01493672
v -0.00899645 -0.20800000 0.01200266
v -0.00092945 -0.20800000 0.00177091
v -0.01103833 -0.20800000 0.01015654
v -0.01270847 -0.20800000 0.00796837
v -0.00187003 -0.20800000 -0.00070921
v -0.01499943 -0.20800000 0.00013090
v -0.01472294 -0.20800000 0.00286969
v -0.01834101 -0.20800000 -0.01438051
v -0.01696695 -0.20800000 -0.01284710
v -0.00132625 -0.20800000 -0.00149702
v -0.00665159 -0.20800000 0.01344457
v -0.00408272 -0.20800000 0.01443369
v -0.00137636 -0.20800000 0.01493672
v 0.00198542 -0.20800000 0.00024107
v 0.00164597 -0.20800000 0.00113613
v 0.01395061 -0.20800000 0.00551184
v 0.00899645 -0.20800000 0.01200266
v 0.01103833 -0.20800000 0.01015654
v 0.01270847 -0.20800000 0.00796837
v -0.01593606 -0.20800000 -0.01106478
v -0.01529204 -0.20800000 -0.00910911
v -0.01506221 -0.20800000 -0.00706300
v -0.01859108 -0.20800000 -0.01460000
v -0.00047863 -0.20800000 -0.00194188
v 0.01859108 -0.20800000 -0.01460000
v 0.01593606 -0.20800000 -0.01106478
v 0.01696695 -0.20800000 -0.01284710
v 0.00132625 -0.20800000 -0.00149702
v 0.00047863 -0.20800000 -0.00194188
v 0.01834101 -0.20800000 -0.01438051
v 0.01472294 -0.20800000 0.00286969
v 0.01499943 -0.20800000 0.00013090
v 0.00187003 -0.20800000 -0.00070921
v 0.01506221 -0.20800000 -0.00706300
v 0.01529204 -0.20800000 -0.00910911
v 0.01506221 -0.20842558 -0.00706300
v 0.01507972 -0.20843092 -0.00757358
v 0.01529204 -0.20844701 -0.00910911
v 0.01539055 -0.20845129 -0.00951864
v 0.01593606 -0.20846748 -0.01106478
v 0.01607661 -0.20847063 -0.01136503
v 0.01711129 -0.20848818 -0.01304113
v 0.01845444 -0.20850326 -0.01448189
v 0.01987248 -0.20738268 -0.01552388
v 0.01996431 -0.20720407 -0.01557896
v 0.01953116 -0.20770711 -0.01530711
v 0.01907110 -0.20792387 -0.01498268
v -0.01506221 -0.20842558 -0.00706300
v -0.01953116 -0.20770711 -0.01530711
v -0.01987248 -0.20738268 -0.01552388
v -0.01996447 -0.20720363 -0.01557905
v -0.01907110 -0.20792387 -0.01498268
v -0.01961844 -0.20851251 -0.01536439
v -0.01834101 -0.20850220 -0.01438051
v -0.01807973 -0.20849963 -0.01413467
v -0.01681191 -0.20848384 -0.01262718
v -0.01586418 -0.20846575 -0.01090043
v -0.01527330 -0.20844609 -0.00902140
v -0.01953116 -0.22220711 -0.01530711
v -0.01987248 -0.22188269 -0.01552388
v -0.01996447 -0.22170363 -0.01557905
v -0.01907110 -0.22242388 -0.01498268
v -0.01961844 -0.22301251 -0.01536439
v -0.01834101 -0.22300221 -0.01438051
v -0.01807973 -0.22299963 -0.01413467
v -0.01681191 -0.22298385 -0.01262718
v -0.01586418 -0.22296576 -0.01090043
v -0.01527330 -0.22294608 -0.00902140
v -0.01506221 -0.22292557 -0.00706300
v -0.01499943 -0.22286279 0.00013090
v 0.01494799 -0.22285435 0.00124799
v 0.01499943 -0.22286279 0.00013090
v 0.01472294 -0.22284208 0.00286969
v 0.01444087 -0.22283310 0.00405724
v 0.01395061 -0.22282210 0.00551184
v 0.01341073 -0.22281297 0.00671954
v 0.01270847 -0.22280352 0.00796837
v 0.01189489 -0.22279467 0.00913847
v 0.01103833 -0.22278696 0.01015654
v 0.00994824 -0.22277887 0.01122642
v 0.00899645 -0.22277300 0.01200266
v 0.00764128 -0.22276616 0.01290778
v 0.00665159 -0.22276209 0.01344457
v 0.00505759 -0.22275698 0.01412164
v 0.00408272 -0.22275461 0.01443369
v 0.00229072 -0.22275166 0.01482406
v 0.00137636 -0.22275081 0.01493672
v -0.00055911 -0.22275041 0.01498958
v -0.00137636 -0.22275081 0.01493672
v -0.00338870 -0.22275327 0.01461221
v -0.00408272 -0.22275461 0.01443369
v -0.00609556 -0.22276013 0.01370563
v -0.00665159 -0.22276209 0.01344457
v -0.00858165 -0.22277074 0.01230265
v -0.00899645 -0.22277300 0.01200266
v -0.01075694 -0.22278471 0.01045410
v -0.01103833 -0.22278696 0.01015654
v -0.01254264 -0.22280157 0.00822692
v -0.01270847 -0.22280352 0.00796837
v -0.01387407 -0.22282065 0.00570178
v -0.01395061 -0.22282210 0.00551184
v -0.01470301 -0.22284132 0.00297012
v 0.01506221 -0.22292557 -0.00706300
v 0.01516711 -0.22293982 -0.00842297
v 0.01529204 -0.22294700 -0.00910911
v 0.01564274 -0.22295983 -0.01033442
v 0.01593606 -0.22296748 -0.01106478
v 0.01648382 -0.22297849 -0.01211556
v 0.01696695 -0.22298615 -0.01284710
v 0.01765771 -0.22299506 -0.01369727
v 0.01834101 -0.22300221 -0.01438051
v 0.01996431 -0.22170407 -0.01557896
v 0.01987248 -0.22188269 -0.01552388
v 0.01953116 -0.22220711 -0.01530711
v 0.01911887 -0.22300889 -0.01501820
v 0.01907110 -0.22242388 -0.01498268
v -0.00550000 -0.22278300 0.00000000
v -0.00523081 -0.22278300 0.00169959
v -0.00444959 -0.22278300 0.00323282
v -0.00323282 -0.22278300 0.00444959
v -0.00169959 -0.22278300 0.00523081
v 0.00000000 -0.22278300 0.00550000
v 0.00169959 -0.22278300 0.00523081
v 0.00323282 -0.22278300 0.00444959
v 0.00444959 -0.22278300 0.00323282
v 0.00523081 -0.22278300 0.00169959
v 0.00550000 -0.22278300 0.00000000
v 0.00523081 -0.22278300 -0.00169959
v 0.00444959 -0.22278300 -0.00323282
v 0.00323282 -0.22278300 -0.00444959
v 0.00169959 -0.22278300 -0.00523081
v 0.00000000 -0.22278300 -0.00550000
v -0.00169959 -0.22278300 -0.00523081
v -0.00323282 -0.22278300 -0.00444959
v -0.00444959 -0.22278300 -0.00323282
v -0.00523081 -0.22278300 -0.00169959
v -0.01953329 -0.20927449 -0.01548896
v -0.01721569 -0.21034375 -0.01500449
v -0.01766765 -0.20990939 -0.01454487
v -0.01797094 -0.20926210 -0.01423956
v -0.01579147 -0.21032871 -0.01331011
v -0.01472715 -0.21031149 -0.01136950
v -0.01406397 -0.21029276 -0.00925802
v -0.01382759 -0.21027322 -0.00705765
v -0.01632577 -0.20989452 -0.01294789
v -0.01532317 -0.20987751 -0.01111896
v -0.01469867 -0.20985898 -0.00912916
v -0.01447639 -0.20983969 -0.00705578
v -0.01668398 -0.20924692 -0.01270816
v -0.01572235 -0.20922951 -0.01095428
v -0.01512328 -0.20921060 -0.00904608
v -0.01490993 -0.20919088 -0.00705765
v 0.01490993 -0.20919088 -0.00705765
v 0.01447639 -0.20983969 -0.00705578
v 0.01382759 -0.21027322 -0.00705765
v 0.01763668 -0.21034722 -0.01539480
v 0.01612776 -0.21033284 -0.01377536
v 0.01806434 -0.20991282 -0.01491275
v 0.01835137 -0.20926559 -0.01459232
v 0.01492745 -0.20919602 -0.00757602
v 0.01524208 -0.20921561 -0.00955100
v 0.01384705 -0.21027832 -0.00763128
v 0.01419551 -0.21029770 -0.00981674
v 0.01496568 -0.21031612 -0.01189162
v 0.01664259 -0.20989861 -0.01338638
v 0.01554784 -0.20988208 -0.01161102
v 0.01482250 -0.20986389 -0.00965567
v 0.01449461 -0.20984471 -0.00759628
v 0.01698785 -0.20925108 -0.01312865
v 0.01593785 -0.20923421 -0.01142615
v -0.01953329 -0.22377448 -0.01548896
v -0.01929677 -0.22442152 -0.01584781
v -0.01894455 -0.22485602 -0.01638681
v -0.01721569 -0.22484376 -0.01500449
v -0.01579147 -0.22482871 -0.01331011
v -0.01472715 -0.22481149 -0.01136950
v -0.01406397 -0.22479275 -0.00925802
v -0.01382759 -0.22477321 -0.00705765
v -0.01766765 -0.22440940 -0.01454487
v -0.01632577 -0.22439453 -0.01294789
v -0.01532317 -0.22437751 -0.01111896
v -0.01469867 -0.22435898 -0.00912916
v -0.01447639 -0.22433968 -0.00705578
v -0.01797094 -0.22376209 -0.01423956
v -0.01668398 -0.22374691 -0.01270816
v -0.01572235 -0.22372952 -0.01095428
v -0.01512328 -0.22371060 -0.00904608
v -0.01490993 -0.22369088 -0.00705765
v -0.01484715 -0.22362810 0.00013625
v -0.01441361 -0.22427690 0.00013813
v -0.01376481 -0.22471043 0.00013625
v -0.01455281 -0.22360586 0.00294645
v 0.01484715 -0.22362810 0.00013625
v 0.01376481 -0.22471043 0.00013625
v 0.01441361 -0.22427690 0.00013813
v 0.01436373 -0.22426799 0.00121155
v 0.01371731 -0.22470161 0.00116137
v 0.01479586 -0.22361934 0.00124197
v 0.01429300 -0.22359735 0.00402237
v 0.01327262 -0.22357650 0.00665701
v 0.01177175 -0.22355756 0.00905053
v 0.00984479 -0.22354122 0.01111634
v 0.00756155 -0.22352804 0.01277973
v 0.00500468 -0.22351855 0.01398055
v 0.00226672 -0.22351305 0.01467538
v -0.00055325 -0.22351176 0.01483911
v -0.00335321 -0.22351471 0.01446583
v -0.00603184 -0.22352180 0.01356901
v -0.00849221 -0.22353278 0.01218109
v -0.01064527 -0.22354726 0.01035223
v -0.01241305 -0.22356470 0.00814858
v -0.01373150 -0.22358447 0.00564985
v 0.01387532 -0.22424559 0.00391067
v 0.01288455 -0.22422437 0.00646821
v 0.01142739 -0.22420508 0.00879162
v 0.00955668 -0.22418845 0.01079687
v 0.00734018 -0.22417504 0.01241145
v 0.00485813 -0.22416537 0.01357701
v 0.00220034 -0.22415976 0.01425144
v -0.00053705 -0.22415845 0.01441036
v -0.00325501 -0.22416146 0.01404804
v -0.00585523 -0.22416869 0.01317756
v -0.00824364 -0.22417986 0.01183037
v -0.01033379 -0.22419460 0.01005516
v -0.01205000 -0.22421235 0.00791610
v -0.01333009 -0.22423248 0.00549054
v -0.01412762 -0.22425427 0.00286622
v 0.01325121 -0.22467944 0.00373911
v 0.01230530 -0.22465841 0.00618176
v 0.01091389 -0.22463931 0.00840090
v 0.00912742 -0.22462283 0.01031624
v 0.00701058 -0.22460955 0.01185847
v 0.00464003 -0.22459997 0.01297184
v 0.00210157 -0.22459443 0.01361607
v -0.00051295 -0.22459313 0.01376788
v -0.00310890 -0.22459611 0.01342178
v -0.00559235 -0.22460327 0.01259027
v -0.00787342 -0.22461434 0.01130343
v -0.00986954 -0.22462893 0.00960778
v -0.01150843 -0.22464651 0.00756467
v -0.01273069 -0.22466645 0.00524800
v -0.01349204 -0.22468802 0.00274161
v 0.01490993 -0.22369088 -0.00705765
v 0.01447639 -0.22433968 -0.00705578
v 0.01382759 -0.22477321 -0.00705765
v 0.01902601 -0.22377099 -0.01513721
v 0.01838321 -0.22485256 -0.01599765
v 0.01674158 -0.22483939 -0.01451285
v 0.01876780 -0.22441810 -0.01548099
v 0.01501575 -0.22370458 -0.00843843
v 0.01549776 -0.22372381 -0.01037945
v 0.01394490 -0.22478679 -0.00858562
v 0.01447855 -0.22480585 -0.01073344
v 0.01542298 -0.22482361 -0.01273509
v 0.01635102 -0.22374175 -0.01218846
v 0.01754251 -0.22375768 -0.01379520
v 0.01722093 -0.22440508 -0.01408148
v 0.01597862 -0.22438948 -0.01240595
v 0.01508903 -0.22437192 -0.01051954
v 0.01458660 -0.22435309 -0.00849554
v -0.00550000 -0.21050000 0.00000000
v -0.00523081 -0.21050000 0.00169959
v -0.00444959 -0.21050000 0.00323282
v -0.00323282 -0.21050000 0.00444959
v -0.00169959 -0.21050000 0.00523081
v 0.00000000 -0.21050000 0.00550000
v 0.00169959 -0.21050000 0.00523081
v 0.00323282 -0.21050000 0.00444959
v 0.00444959 -0.21050000 0.00323282
v 0.00523081 -0.21050000 0.00169959
v 0.00550000 -0.21050000 0.00000000
v 0.00132625 -0.21050000 -0.00149702
v 0.00047863 -0.21050000 -0.00194188
v -0.00047863 -0.21050000 -0.00194188
v -0.00132625 -0.21050000 -0.00149702
v 0.00000000 -0.21050000 0.00200000
v 0.00092945 -0.21050000 0.00177091
v 0.00187003 -0.21050000 -0.00070921
v 0.00198542 -0.21050000 0.00024107
v 0.00164597 -0.21050000 0.00113613
v -0.00187003 -0.21050000 -0.00070921
v -0.00198542 -0.21050000 0.00024107
v -0.00164597 -0.21050000 0.00113613
v -0.00092945 -0.21050000 0.00177091
v -0.00142419 -0.22278300 0.00685359
v -0.00322046 -0.22278300 0.00621520
v -0.00477787 -0.22278300 0.00511585
v -0.00598094 -0.22278300 0.00363709
v -0.00674042 -0.22278300 0.00188858
v -0.00700000 -0.22278300 0.00000000
v -0.00674042 -0.22278300 -0.00188858
v -0.00598094 -0.22278300 -0.00363709
v -0.00477787 -0.22278300 -0.00511585
v -0.00322046 -0.22278300 -0.00621520
v -0.00142419 -0.22278300 -0.00685359
v 0.00047770 -0.22278300 -0.00698368
v 0.00234416 -0.22278300 -0.00659583
v 0.00403676 -0.22278300 -0.00571879
v 0.00542998 -0.22278300 -0.00441762
v 0.00642048 -0.22278300 -0.00278881
v 0.00693480 -0.22278300 -0.00095317
v 0.00693480 -0.22278300 0.00095317
v 0.00642048 -0.22278300 0.00278881
v 0.00542998 -0.22278300 0.00441762
v 0.00403676 -0.22278300 0.00571879
v 0.00234416 -0.22278300 0.00659583
v 0.00047770 -0.22278300 0.00698368
v -0.00583356 -0.21802710 -0.01610000
v -0.00510206 -0.21659143 -0.01610000
v -0.00485000 -0.21500000 -0.01610000
v -0.01515000 -0.21500000 -0.01610000
v -0.01489794 -0.21659143 -0.01610000
v -0.01416644 -0.21802710 -0.01610000
v -0.01302709 -0.21916644 -0.01610000
v -0.01159144 -0.21989794 -0.01610000
v -0.01000000 -0.22014999 -0.01610000
v -0.00840856 -0.21989794 -0.01610000
v -0.00697291 -0.21916644 -0.01610000
v -0.01159144 -0.21010207 -0.01610000
v -0.01302709 -0.21083356 -0.01610000
v -0.01416644 -0.21197291 -0.01610000
v -0.01489794 -0.21340856 -0.01610000
v -0.00510206 -0.21340856 -0.01610000
v -0.00583356 -0.21197291 -0.01610000
v -0.00697291 -0.21083356 -0.01610000
v -0.00840856 -0.21010207 -0.01610000
v -0.01000000 -0.20985000 -0.01610000
v -0.00817882 -0.21018276 0.01062817
v -0.01190384 -0.21021482 0.00604628
v 0.01416644 -0.21802710 -0.01610000
v 0.01489794 -0.21659143 -0.01610000
v 0.01515000 -0.21500000 -0.01610000
v 0.00840856 -0.21989794 -0.01610000
v 0.01000000 -0.22014999 -0.01610000
v 0.01159144 -0.21989794 -0.01610000
v 0.01302709 -0.21916644 -0.01610000
v 0.00485000 -0.21500000 -0.01610000
v 0.00510206 -0.21659143 -0.01610000
v 0.00583356 -0.21802710 -0.01610000
v 0.00697291 -0.21916644 -0.01610000
v 0.00840856 -0.21010207 -0.01610000
v 0.00697291 -0.21083356 -0.01610000
v 0.00583356 -0.21197291 -0.01610000
v 0.00510206 -0.21340856 -0.01610000
v 0.01489794 -0.21340856 -0.01610000
v 0.01416644 -0.21197291 -0.01610000
v 0.01302709 -0.21083356 -0.01610000
v 0.01159144 -0.21010207 -0.01610000
v 0.01000000 -0.20985000 -0.01610000
v 0.01188308 -0.21020661 0.00610494
v 0.00817857 -0.21018286 0.01062813
v -0.01950000 -0.21185000 -0.01860000
v -0.01533528 -0.21185000 -0.01860000
v 0.00685000 -0.20966472 -0.01860000
v 0.00685000 -0.20550001 -0.01860000
v 0.01315000 -0.20550001 -0.01860000
v -0.00466472 -0.21185000 -0.01860000
v 0.00466472 -0.21185000 -0.01860000
v 0.01950000 -0.21185000 -0.01860000
v 0.01950000 -0.21815000 -0.01860000
v 0.01533528 -0.21185000 -0.01860000
v 0.01533528 -0.21815000 -0.01860000
v -0.01533528 -0.21815000 -0.01860000
v -0.01950000 -0.21815000 -0.01860000
v 0.01315000 -0.20966472 -0.01860000
v -0.01315000 -0.20550001 -0.01860000
v -0.00685000 -0.20550001 -0.01860000
v -0.01315000 -0.20966472 -0.01860000
v -0.00685000 -0.20966472 -0.01860000
v 0.01315000 -0.22450000 -0.01860000
v 0.00685000 -0.22450000 -0.01860000
v 0.01315000 -0.22033527 -0.01860000
v 0.00685000 -0.22033527 -0.01860000
v 0.00466472 -0.21815000 -0.01860000
v -0.00685000 -0.22450000 -0.01860000
v -0.01315000 -0.22450000 -0.01860000
v -0.00685000 -0.22033527 -0.01860000
v -0.01315000 -0.22033527 -0.01860000
v -0.00466472 -0.21815000 -0.01860000
v 0.00216896 -0.22250000 0.00505427
v 0.00269168 -0.22250000 0.00806256
v 0.00110714 -0.22250000 0.00538741
v 0.00136350 -0.22250000 0.00838993
v 0.00000000 -0.22250000 0.00850000
v -0.00110714 -0.22250000 0.00538741
v -0.00266916 -0.22250000 -0.00480891
v -0.00333172 -0.22250000 -0.00781982
v -0.00164650 -0.22250000 -0.00524777
v -0.00203418 -0.22250000 -0.00825301
v -0.00055643 -0.22250000 -0.00547178
v -0.00068397 -0.22250000 -0.00847244
v 0.00055643 -0.22250000 -0.00547178
v 0.00068397 -0.22250000 -0.00847244
v 0.00164650 -0.22250000 -0.00524777
v 0.00515764 -0.22250000 0.00191018
v 0.00767933 -0.22250000 0.00364389
v 0.00466754 -0.22250000 0.00290930
v 0.00699536 -0.22250000 0.00482855
v 0.00398636 -0.22250000 0.00378932
v 0.00613022 -0.22250000 0.00588816
v 0.00314198 -0.22250000 0.00451420
v 0.00510631 -0.22250000 0.00679526
v 0.00395015 -0.22250000 0.00752638
v -0.00532442 -0.22250000 -0.00137859
v -0.00794764 -0.22250000 -0.00301414
v -0.00493792 -0.22250000 -0.00242217
v -0.00736122 -0.22250000 -0.00425000
v -0.00434927 -0.22250000 -0.00336658
v -0.00658414 -0.22250000 -0.00537579
v -0.00358255 -0.22250000 -0.00417317
v -0.00563654 -0.22250000 -0.00636234
v -0.00454296 -0.22250000 -0.00718412
v 0.00493792 -0.22250000 -0.00242217
v 0.00794764 -0.22250000 -0.00301414
v 0.00532442 -0.22250000 -0.00137859
v 0.00832822 -0.22250000 -0.00170022
v 0.00549294 -0.22250000 -0.00027857
v 0.00849311 -0.22250000 -0.00034226
v 0.00543658 -0.22250000 0.00083285
v 0.00843803 -0.22250000 0.00102456
v 0.00816440 -0.22250000 0.00236485
v -0.00136350 -0.22250000 0.00838993
v -0.00269168 -0.22250000 0.00806256
v -0.00216896 -0.22250000 0.00505427
v -0.00395015 -0.22250000 0.00752638
v -0.00314198 -0.22250000 0.00451420
v -0.00510631 -0.22250000 0.00679526
v -0.00398636 -0.22250000 0.00378932
v -0.00613022 -0.22250000 0.00588816
v -0.00466754 -0.22250000 0.00290930
v -0.00699536 -0.22250000 0.00482855
v -0.00767933 -0.22250000 0.00364389
v -0.00515764 -0.22250000 0.00191018
v -0.00816440 -0.22250000 0.00236485
v -0.00543658 -0.22250000 0.00083285
v -0.00843803 -0.22250000 0.00102456
v -0.00549294 -0.22250000 -0.00027857
v -0.00849311 -0.22250000 -0.00034226
v -0.00832822 -0.22250000 -0.00170022
v 0.00203418 -0.22250000 -0.00825301
v 0.00333172 -0.22250000 -0.00781982
v 0.00266916 -0.22250000 -0.00480891
v 0.00454296 -0.22250000 -0.00718412
v 0.00358255 -0.22250000 -0.00417317
v 0.00563654 -0.22250000 -0.00636234
v 0.00434927 -0.22250000 -0.00336658
v 0.00658414 -0.22250000 -0.00537579
v 0.00736122 -0.22250000 -0.00425000
v 0.00000000 -0.22149999 0.00550000
v 0.00110714 -0.22149999 0.00538741
v 0.00216896 -0.22149999 0.00505427
v 0.00314198 -0.22149999 0.00451420
v 0.00398636 -0.22149999 0.00378932
v 0.00466754 -0.22149999 0.00290930
v 0.00515764 -0.22149999 0.00191018
v 0.00543658 -0.22149999 0.00083285
v 0.00549294 -0.22149999 -0.00027857
v 0.00532442 -0.22149999 -0.00137859
v 0.00493792 -0.22149999 -0.00242217
v 0.00434927 -0.22149999 -0.00336658
v 0.00358255 -0.22149999 -0.00417317
v 0.00266916 -0.22149999 -0.00480891
v 0.00164650 -0.22149999 -0.00524777
v 0.00055643 -0.22149999 -0.00547178
v -0.00055643 -0.22149999 -0.00547178
v -0.00164650 -0.22149999 -0.00524777
v -0.00266916 -0.22149999 -0.00480891
v -0.00358255 -0.22149999 -0.00417317
v -0.00434927 -0.22149999 -0.00336658
v -0.00493792 -0.22149999 -0.00242217
v -0.00532442 -0.22149999 -0.00137859
v -0.00549294 -0.22149999 -0.00027857
v -0.00543658 -0.22149999 0.00083285
v -0.00515764 -0.22149999 0.00191018
v -0.00466754 -0.22149999 0.00290930
v -0.00398636 -0.22149999 0.00378932
v -0.00314198 -0.22149999 0.00451420
v -0.00216896 -0.22149999 0.00505427
v -0.00110714 -0.22149999 0.00538741
v -0.00269168 -0.22149999 0.00806256
v -0.00136350 -0.22149999 0.00838993
v 0.00000000 -0.22149999 0.00850000
v 0.00767933 -0.22149999 0.00364389
v 0.00816440 -0.22149999 0.00236485
v 0.00843803 -0.22149999 0.00102456
v 0.00849311 -0.22149999 -0.00034226
v 0.00136350 -0.22149999 0.00838993
v 0.00269168 -0.22149999 0.00806256
v 0.00395015 -0.22149999 0.00752638
v 0.00510631 -0.22149999 0.00679526
v 0.00613022 -0.22149999 0.00588816
v 0.00699536 -0.22149999 0.00482855
v -0.00767933 -0.22149999 0.00364389
v -0.00699536 -0.22149999 0.00482855
v -0.00613022 -0.22149999 0.00588816
v -0.00510631 -0.22149999 0.00679526
v -0.00395015 -0.22149999 0.00752638
v -0.00794764 -0.22149999 -0.00301414
v -0.00832822 -0.22149999 -0.00170022
v -0.00849311 -0.22149999 -0.00034226
v -0.00843803 -0.22149999 0.00102456
v -0.00816440 -0.22149999 0.00236485
v -0.00333172 -0.22149999 -0.00781982
v -0.00454296 -0.22149999 -0.00718412
v -0.00563654 -0.22149999 -0.00636234
v -0.00658414 -0.22149999 -0.00537579
v -0.00736122 -0.22149999 -0.00425000
v 0.00333172 -0.22149999 -0.00781982
v 0.00203418 -0.22149999 -0.00825301
v 0.00068397 -0.22149999 -0.00847244
v -0.00068397 -0.22149999 -0.00847244
v -0.00203418 -0.22149999 -0.00825301
v 0.00832822 -0.22149999 -0.00170022
v 0.00794764 -0.22149999 -0.00301414
v 0.00736122 -0.22149999 -0.00425000
v 0.00658414 -0.22149999 -0.00537579
v 0.00563654 -0.22149999 -0.00636234
v 0.00454296 -0.22149999 -0.00718412
v 0.00000000 -0.22485000 0.00695000
v 0.00000000 -0.22435001 0.00695000
v -0.00111486 -0.22485000 0.00686000
v -0.00055924 -0.22435001 0.00692746
v -0.00111486 -0.22435001 0.00686000
v -0.00166324 -0.22435001 0.00674805
v -0.00220084 -0.22485000 0.00659233
v -0.00220084 -0.22435001 0.00659233
v -0.00272417 -0.22435001 0.00639386
v -0.00322983 -0.22485000 0.00615392
v -0.00322983 -0.22435001 0.00615392
v -0.00417516 -0.22485000 0.00555613
v -0.00371454 -0.22435001 0.00587407
v -0.00417516 -0.22435001 0.00555613
v -0.00501236 -0.22485000 0.00481443
v -0.00460870 -0.22435001 0.00520215
v -0.00501236 -0.22435001 0.00481443
v -0.00571974 -0.22485000 0.00394805
v -0.00538350 -0.22435001 0.00439550
v -0.00571974 -0.22435001 0.00394805
v -0.00627898 -0.22485000 0.00297941
v -0.00601888 -0.22435001 0.00347500
v -0.00627898 -0.22435001 0.00297941
v -0.00667560 -0.22485000 0.00193361
v -0.00649836 -0.22435001 0.00246450
v -0.00667560 -0.22435001 0.00193361
v -0.00689933 -0.22485000 0.00083773
v -0.00680955 -0.22435001 0.00139018
v -0.00689933 -0.22435001 0.00083773
v -0.00694436 -0.22485000 -0.00027985
v -0.00694436 -0.22435001 0.00027985
v -0.00694436 -0.22435001 -0.00027985
v -0.00680955 -0.22485000 -0.00139018
v -0.00689933 -0.22435001 -0.00083773
v -0.00680955 -0.22435001 -0.00139018
v -0.00649836 -0.22485000 -0.00246450
v -0.00667560 -0.22435001 -0.00193361
v -0.00649836 -0.22435001 -0.00246450
v -0.00601888 -0.22485000 -0.00347500
v -0.00627898 -0.22435001 -0.00297941
v -0.00601888 -0.22435001 -0.00347500
v -0.00538350 -0.22485000 -0.00439550
v -0.00571974 -0.22435001 -0.00394805
v -0.00538350 -0.22435001 -0.00439550
v -0.00460870 -0.22485000 -0.00520215
v -0.00501236 -0.22435001 -0.00481443
v -0.00460870 -0.22435001 -0.00520215
v -0.00371454 -0.22485000 -0.00587407
v -0.00417516 -0.22435001 -0.00555613
v -0.00371454 -0.22435001 -0.00587407
v -0.00272417 -0.22485000 -0.00639386
v -0.00322983 -0.22435001 -0.00615392
v -0.00272417 -0.22435001 -0.00639386
v -0.00166324 -0.22485000 -0.00674805
v -0.00220084 -0.22435001 -0.00659233
v -0.00166324 -0.22435001 -0.00674805
v -0.00055924 -0.22485000 -0.00692746
v -0.00111486 -0.22435001 -0.00686000
v -0.00055924 -0.22435001 -0.00692746
v 0.00000000 -0.22435001 -0.00695000
v 0.00055924 -0.22485000 -0.00692746
v 0.00055924 -0.22435001 -0.00692746
v 0.00111486 -0.22435001 -0.00686000
v 0.00166324 -0.22485000 -0.00674805
v 0.00166324 -0.22435001 -0.00674805
v 0.00220084 -0.22435001 -0.00659233
v 0.00272417 -0.22485000 -0.00639386
v 0.00272417 -0.22435001 -0.00639386
v 0.00322983 -0.22435001 -0.00615392
v 0.00371454 -0.22485000 -0.00587407
v 0.00371454 -0.22435001 -0.00587407
v 0.00417516 -0.22435001 -0.00555613
v 0.00460870 -0.22485000 -0.00520215
v 0.00460870 -0.22435001 -0.00520215
v 0.00501236 -0.22435001 -0.00481443
v 0.00538350 -0.22485000 -0.00439550
v 0.00538350 -0.22435001 -0.00439550
v 0.00571974 -0.22435001 -0.00394805
v 0.00601888 -0.22485000 -0.00347500
v 0.00601888 -0.22435001 -0.00347500
v 0.00627898 -0.22435001 -0.00297941
v 0.00649836 -0.22485000 -0.00246450
v 0.00649836 -0.22435001 -0.00246450
v 0.00667560 -0.22435001 -0.00193361
v 0.00680955 -0.22485000 -0.00139018
v 0.00680955 -0.22435001 -0.00139018
v 0.00689933 -0.22435001 -0.00083773
v 0.00694436 -0.22485000 -0.00027985
v 0.00694436 -0.22435001 -0.00027985
v 0.00694436 -0.22435001 0.00027985
v 0.00689933 -0.22485000 0.00083773
v 0.00689933 -0.22435001 0.00083773
v 0.00680955 -0.22435001 0.00139018
v 0.00667560 -0.22485000 0.00193361
v 0.00667560 -0.22435001 0.00193361
v 0.00649836 -0.22435001 0.00246450
v 0.00627898 -0.22485000 0.00297941
v 0.00627898 -0.22435001 0.00297941
v 0.00601888 -0.22435001 0.00347500
v 0.00571974 -0.22485000 0.00394805
v 0.00571974 -0.22435001 0.00394805
v 0.00538350 -0.22435001 0.00439550
v 0.00501236 -0.22485000 0.00481443
v 0.00501236 -0.22435001 0.00481443
v 0.00460870 -0.22435001 0.00520215
v 0.00417516 -0.22485000 0.00555613
v 0.00417516 -0.22435001 0.00555613
v 0.00371454 -0.22435001 0.00587407
v 0.00322983 -0.22485000 0.00615392
v 0.00322983 -0.22435001 0.00615392
v 0.00272417 -0.22435001 0.00639386
v 0.00220084 -0.22485000 0.00659233
v 0.00220084 -0.22435001 0.00659233
v 0.00111486 -0.22485000 0.00686000
v 0.00166324 -0.22435001 0.00674805
v 0.00111486 -0.22435001 0.00686000
v 0.00055924 -0.22435001 0.00692746
v -0.00300974 -0.22485000 -0.00270998
v -0.00238053 -0.22485000 -0.00327652
v -0.00164728 -0.22485000 -0.00369986
v -0.00084204 -0.22485000 -0.00396150
v 0.00000000 -0.22485000 -0.00405000
v -0.00402781 -0.22485000 -0.00042334
v -0.00385178 -0.22485000 -0.00125152
v -0.00350740 -0.22485000 -0.00202500
v -0.00350740 -0.22485000 0.00202500
v -0.00385178 -0.22485000 0.00125152
v -0.00402781 -0.22485000 0.00042334
v -0.00084204 -0.22485000 0.00396150
v -0.00164728 -0.22485000 0.00369986
v -0.00238053 -0.22485000 0.00327652
v -0.00300974 -0.22485000 0.00270998
v 0.00164728 -0.22485000 0.00369986
v 0.00084204 -0.22485000 0.00396150
v 0.00000000 -0.22485000 0.00405000
v 0.00385178 -0.22485000 -0.00125152
v 0.00402781 -0.22485000 -0.00042334
v 0.00402781 -0.22485000 0.00042334
v 0.00385178 -0.22485000 0.00125152
v 0.00350740 -0.22485000 0.00202500
v 0.00300974 -0.22485000 0.00270998
v 0.00238053 -0.22485000 0.00327652
v 0.00238053 -0.22485000 -0.00327652
v 0.00300974 -0.22485000 -0.00270998
v 0.00350740 -0.22485000 -0.00202500
v 0.00084204 -0.22485000 -0.00396150
v 0.00164728 -0.22485000 -0.00369986
v 0.00000000 -0.22454999 0.00405000
v 0.00084204 -0.22454999 0.00396150
v 0.00164728 -0.22454999 0.00369986
v 0.00238053 -0.22454999 0.00327652
v 0.00300974 -0.22454999 0.00270998
v 0.00350740 -0.22454999 0.00202500
v 0.00385178 -0.22454999 0.00125152
v 0.00402781 -0.22454999 0.00042334
v 0.00402781 -0.22454999 -0.00042334
v 0.00385178 -0.22454999 -0.00125152
v 0.00350740 -0.22454999 -0.00202500
v 0.00300974 -0.22454999 -0.00270998
v 0.00238053 -0.22454999 -0.00327652
v 0.00164728 -0.22454999 -0.00369986
v 0.00084204 -0.22454999 -0.00396150
v 0.00000000 -0.22454999 -0.00405000
v -0.00084204 -0.22454999 -0.00396150
v -0.00164728 -0.22454999 -0.00369986
v -0.00238053 -0.22454999 -0.00327652
v -0.00300974 -0.22454999 -0.00270998
v -0.00350740 -0.22454999 -0.00202500
v -0.00385178 -0.22454999 -0.00125152
v -0.00402781 -0.22454999 -0.00042334
v -0.00402781 -0.22454999 0.00042334
v -0.00385178 -0.22454999 0.00125152
v -0.00350740 -0.22454999 0.00202500
v -0.00300974 -0.22454999 0.00270998
v -0.00238053 -0.22454999 0.00327652
v -0.00164728 -0.22454999 0.00369986
v -0.00084204 -0.22454999 0.00396150
v -0.00074188 -0.22360000 -0.00300992
v -0.00126088 -0.22360000 -0.00283199
v -0.00144064 -0.22360000 -0.00274491
v -0.00182213 -0.22360000 -0.00250795
v -0.00205568 -0.22360000 -0.00232038
v -0.00230375 -0.22360000 -0.00207430
v -0.00255125 -0.22360000 -0.00176100
v -0.00268468 -0.22360000 -0.00155000
v -0.00289855 -0.22360000 -0.00109928
v -0.00294828 -0.22360000 -0.00095795
v -0.00307740 -0.22360000 -0.00037366
v -0.00308302 -0.22360000 -0.00032404
v -0.00308302 -0.22360000 0.00032404
v -0.00307740 -0.22360000 0.00037366
v -0.00294828 -0.22360000 0.00095795
v -0.00289855 -0.22360000 0.00109928
v -0.00268468 -0.22360000 0.00155000
v -0.00255125 -0.22360000 0.00176100
v -0.00230375 -0.22360000 0.00207430
v -0.00205568 -0.22360000 0.00232038
v -0.00182213 -0.22360000 0.00250795
v -0.00144064 -0.22360000 0.00274491
v -0.00126088 -0.22360000 0.00283199
v -0.00074188 -0.22360000 0.00300992
v -0.00064453 -0.22360000 0.00303226
v 0.00000000 -0.22360000 0.00310000
v 0.00064453 -0.22360000 0.00303226
v 0.00074188 -0.22360000 0.00300992
v 0.00126088 -0.22360000 0.00283199
v 0.00144064 -0.22360000 0.00274491
v 0.00182213 -0.22360000 0.00250795
v 0.00205568 -0.22360000 0.00232038
v 0.00230375 -0.22360000 0.00207430
v 0.00255125 -0.22360000 0.00176100
v 0.00268468 -0.22360000 0.00155000
v 0.00289855 -0.22360000 0.00109928
v 0.00294828 -0.22360000 0.00095795
v 0.00307740 -0.22360000 0.00037366
v 0.00308302 -0.22360000 0.00032404
v 0.00308302 -0.22360000 -0.00032404
v 0.00307740 -0.22360000 -0.00037366
v 0.00294828 -0.22360000 -0.00095795
v 0.00289855 -0.22360000 -0.00109928
v 0.00268468 -0.22360000 -0.00155000
v 0.00255125 -0.22360000 -0.00176100
v 0.00230375 -0.22360000 -0.00207430
v 0.00205568 -0.22360000 -0.00232038
v 0.00182213 -0.22360000 -0.00250795
v 0.00144064 -0.22360000 -0.00274491
v 0.00126088 -0.22360000 -0.00283199
v 0.00074188 -0.22360000 -0.00300992
v 0.00064453 -0.22360000 -0.00303226
v 0.00000000 -0.22360000 -0.00310000
v -0.00064453 -0.22360000 -0.00303226
v 0.00000000 -0.22255000 0.00310000
v 0.00074188 -0.22255000 0.00300992
v 0.00144064 -0.22255000 0.00274491
v 0.00205568 -0.22255000 0.00232038
v 0.00255125 -0.22255000 0.00176100
v 0.00289855 -0.22255000 0.00109928
v 0.00307740 -0.22255000 0.00037366
v 0.00307740 -0.22255000 -0.00037366
v 0.00289855 -0.22255000 -0.00109928
v 0.00255125 -0.22255000 -0.00176100
v 0.00205568 -0.22255000 -0.00232038
v 0.00144064 -0.22255000 -0.00274491
v 0.00074188 -0.22255000 -0.00300992
v 0.00000000 -0.22255000 -0.00310000
v -0.00074188 -0.22255000 -0.00300992
v -0.00144064 -0.22255000 -0.00274491
v -0.00205568 -0.22255000 -0.00232038
v -0.00255125 -0.22255000 -0.00176100
v -0.00289855 -0.22255000 -0.00109928
v -0.00307740 -0.22255000 -0.00037366
v -0.00307740 -0.22255000 0.00037366
v -0.00289855 -0.22255000 0.00109928
v -0.00255125 -0.22255000 0.00176100
v -0.00205568 -0.22255000 0.00232038
v -0.00144064 -0.22255000 0.00274491
v -0.00074188 -0.22255000 0.00300992
v -0.00446003 -0.22255000 0.00257500
v -0.00398922 -0.22255000 0.00325709
v -0.00041440 -0.22255000 0.00513330
v -0.00341508 -0.22255000 0.00385483
v -0.00275250 -0.22255000 0.00435273
v -0.00201863 -0.22255000 0.00473789
v -0.00123248 -0.22255000 0.00500035
v -0.00465277 -0.22255000 -0.00220777
v -0.00494667 -0.22255000 -0.00143282
v 0.00000000 -0.22255000 0.00515000
v 0.00041440 -0.22255000 0.00513330
v 0.00123248 -0.22255000 0.00500035
v -0.00511245 -0.22255000 -0.00062076
v -0.00514582 -0.22255000 0.00020737
v -0.00504592 -0.22255000 0.00103013
v -0.00481533 -0.22255000 0.00182622
v -0.00309382 -0.22255000 -0.00411713
v -0.00371419 -0.22255000 -0.00356753
v -0.00423837 -0.22255000 -0.00292553
v 0.00201863 -0.22255000 0.00473789
v 0.00275250 -0.22255000 0.00435273
v 0.00341508 -0.22255000 0.00385483
v -0.00082612 -0.22255000 -0.00508331
v -0.00163084 -0.22255000 -0.00488496
v -0.00239332 -0.22255000 -0.00456010
v 0.00082612 -0.22255000 -0.00508331
v 0.00000000 -0.22255000 -0.00515000
v 0.00309382 -0.22255000 -0.00411713
v 0.00239332 -0.22255000 -0.00456010
v 0.00163084 -0.22255000 -0.00488496
v 0.00465277 -0.22255000 -0.00220777
v 0.00423837 -0.22255000 -0.00292553
v 0.00371419 -0.22255000 -0.00356753
v 0.00514582 -0.22255000 0.00020737
v 0.00511245 -0.22255000 -0.00062076
v 0.00494667 -0.22255000 -0.00143282
v 0.00398922 -0.22255000 0.00325709
v 0.00446003 -0.22255000 0.00257500
v 0.00481533 -0.22255000 0.00182622
v 0.00504592 -0.22255000 0.00103013
v 0.01285000 -0.21010000 -0.01995000
v 0.01285000 -0.20945001 -0.01995000
v 0.01550000 -0.21210000 -0.01995000
v 0.00450000 -0.21210000 -0.01995000
v 0.00715000 -0.20945001 -0.01995000
v 0.00715000 -0.21010000 -0.01995000
v 0.00715000 -0.21990000 -0.01995000
v 0.00715000 -0.22055000 -0.01995000
v 0.00450000 -0.21789999 -0.01995000
v 0.01550000 -0.21789999 -0.01995000
v 0.01285000 -0.22055000 -0.01995000
v 0.01285000 -0.21990000 -0.01995000
v 0.01019465 -0.21190612 -0.01995000
v 0.00941912 -0.21195491 -0.01995000
v 0.00868008 -0.21219504 -0.01995000
v 0.00802399 -0.21261141 -0.01995000
v 0.00749205 -0.21317786 -0.01995000
v 0.00711769 -0.21385881 -0.01995000
v 0.01300261 -0.21422906 -0.01995000
v 0.01310000 -0.21500000 -0.01995000
v 0.01300261 -0.21577094 -0.01995000
v 0.01271655 -0.21649344 -0.01995000
v 0.00802399 -0.21738859 -0.01995000
v 0.00749205 -0.21682213 -0.01995000
v 0.00711769 -0.21614118 -0.01995000
v 0.01271655 -0.21350656 -0.01995000
v 0.01225980 -0.21287790 -0.01995000
v 0.01166106 -0.21238258 -0.01995000
v 0.01095795 -0.21205172 -0.01995000
v 0.01019465 -0.21809389 -0.01995000
v 0.00941912 -0.21804509 -0.01995000
v 0.00868008 -0.21780497 -0.01995000
v 0.00692444 -0.21461147 -0.01995000
v 0.00690000 -0.21500000 -0.01995000
v 0.00692444 -0.21538854 -0.01995000
v 0.01095795 -0.21794827 -0.01995000
v 0.01166106 -0.21761742 -0.01995000
v 0.01225980 -0.21712209 -0.01995000
v 0.01285000 -0.20559999 -0.01860000
v 0.00715000 -0.20559999 -0.01860000
v 0.01285000 -0.20945001 -0.01860000
v 0.00715000 -0.20945001 -0.01860000
v 0.01271655 -0.21350656 -0.01860000
v 0.01300261 -0.21422906 -0.01860000
v 0.01550000 -0.21210000 -0.01860000
v 0.01550000 -0.21789999 -0.01860000
v 0.00715000 -0.22440000 -0.01860000
v 0.01285000 -0.22440000 -0.01860000
v 0.00715000 -0.22055000 -0.01860000
v 0.01285000 -0.22055000 -0.01860000
v 0.01300261 -0.21577094 -0.01860000
v 0.01271655 -0.21649344 -0.01860000
v 0.01225980 -0.21712209 -0.01860000
v 0.01166106 -0.21761742 -0.01860000
v 0.01019465 -0.21809389 -0.01860000
v 0.00941912 -0.21804509 -0.01860000
v 0.00868008 -0.21780497 -0.01860000
v 0.00802399 -0.21738859 -0.01860000
v 0.00450000 -0.21789999 -0.01860000
v 0.01166106 -0.21238258 -0.01860000
v 0.01225980 -0.21287790 -0.01860000
v 0.00692444 -0.21461147 -0.01860000
v 0.00711769 -0.21385881 -0.01860000
v 0.00450000 -0.21210000 -0.01860000
v 0.00868008 -0.21219504 -0.01860000
v 0.00941912 -0.21195491 -0.01860000
v 0.01019465 -0.21190612 -0.01860000
v 0.00802399 -0.21261141 -0.01860000
v 0.00711769 -0.21614118 -0.01860000
v 0.00692444 -0.21538854 -0.01860000
v 0.00690000 -0.21500000 -0.01860000
v 0.01285000 -0.22440000 -0.02145000
v 0.01285000 -0.21990000 -0.02145000
v 0.00715000 -0.22440000 -0.02145000
v 0.00715000 -0.21990000 -0.02145000
v 0.00715000 -0.20559999 -0.02145000
v 0.00715000 -0.21010000 -0.02145000
v 0.01285000 -0.20559999 -0.02145000
v 0.01285000 -0.21010000 -0.02145000
v -0.00715000 -0.21010000 -0.01995000
v -0.00715000 -0.20945001 -0.01995000
v -0.00450000 -0.21210000 -0.01995000
v -0.01285000 -0.21990000 -0.01995000
v -0.01285000 -0.22055000 -0.01995000
v -0.01550000 -0.21789999 -0.01995000
v -0.01550000 -0.21210000 -0.01995000
v -0.01285000 -0.20945001 -0.01995000
v -0.01285000 -0.21010000 -0.01995000
v -0.00450000 -0.21789999 -0.01995000
v -0.00715000 -0.22055000 -0.01995000
v -0.00715000 -0.21990000 -0.01995000
v -0.00980535 -0.21190612 -0.01995000
v -0.01058088 -0.21195491 -0.01995000
v -0.01131992 -0.21219504 -0.01995000
v -0.01197601 -0.21261141 -0.01995000
v -0.01250795 -0.21317786 -0.01995000
v -0.01288231 -0.21385881 -0.01995000
v -0.01307556 -0.21461147 -0.01995000
v -0.01310000 -0.21500000 -0.01995000
v -0.01307556 -0.21538854 -0.01995000
v -0.01197601 -0.21738859 -0.01995000
v -0.01250795 -0.21682213 -0.01995000
v -0.01288231 -0.21614118 -0.01995000
v -0.01131992 -0.21780497 -0.01995000
v -0.01058088 -0.21804509 -0.01995000
v -0.00980535 -0.21809389 -0.01995000
v -0.00699739 -0.21422906 -0.01995000
v -0.00728345 -0.21350656 -0.01995000
v -0.00774020 -0.21287790 -0.01995000
v -0.00833894 -0.21238258 -0.01995000
v -0.00904205 -0.21205172 -0.01995000
v -0.00774020 -0.21712209 -0.01995000
v -0.00833894 -0.21761742 -0.01995000
v -0.00904205 -0.21794827 -0.01995000
v -0.00728345 -0.21649344 -0.01995000
v -0.00699739 -0.21577094 -0.01995000
v -0.00690000 -0.21500000 -0.01995000
v -0.01285000 -0.20945001 -0.01860000
v -0.01197601 -0.21261141 -0.01860000
v -0.01131992 -0.21219504 -0.01860000
v -0.00715000 -0.20945001 -0.01860000
v -0.01058088 -0.21195491 -0.01860000
v -0.00980535 -0.21190612 -0.01860000
v -0.01310000 -0.21500000 -0.01860000
v -0.01307556 -0.21461147 -0.01860000
v -0.01288231 -0.21385881 -0.01860000
v -0.00715000 -0.20559999 -0.01860000
v -0.01285000 -0.20559999 -0.01860000
v -0.01058088 -0.21804509 -0.01860000
v -0.00715000 -0.22055000 -0.01860000
v -0.00980535 -0.21809389 -0.01860000
v -0.00833894 -0.21238258 -0.01860000
v -0.00450000 -0.21210000 -0.01860000
v -0.00774020 -0.21287790 -0.01860000
v -0.00728345 -0.21350656 -0.01860000
v -0.01285000 -0.22440000 -0.01860000
v -0.00715000 -0.22440000 -0.01860000
v -0.01285000 -0.22055000 -0.01860000
v -0.01550000 -0.21789999 -0.01860000
v -0.01131992 -0.21780497 -0.01860000
v -0.01197601 -0.21738859 -0.01860000
v -0.01288231 -0.21614118 -0.01860000
v -0.00699739 -0.21422906 -0.01860000
v -0.00450000 -0.21789999 -0.01860000
v -0.00699739 -0.21577094 -0.01860000
v -0.00728345 -0.21649344 -0.01860000
v -0.00774020 -0.21712209 -0.01860000
v -0.00833894 -0.21761742 -0.01860000
v -0.01550000 -0.21210000 -0.01860000
v -0.01307556 -0.21538854 -0.01860000
v -0.01285000 -0.21990000 -0.02145000
v -0.01285000 -0.22440000 -0.02145000
v -0.01285000 -0.20559999 -0.02145000
v -0.01285000 -0.21010000 -0.02145000
v -0.00715000 -0.20559999 -0.02145000
v -0.00715000 -0.21010000 -0.02145000
v -0.00715000 -0.22440000 -0.02145000
v -0.00715000 -0.21990000 -0.02145000
v 0.02000000 0.20850000 -0.01560000
v 0.02000000 0.22148502 -0.01560000
v 0.01993472 0.22112241 -0.01560000
v -0.01892937 0.22007926 -0.01560000
v -0.01925711 0.22029407 -0.01560000
v -0.01489794 0.21659143 -0.01560000
v -0.01250450 0.21950001 -0.01560000
v -0.01673592 0.21950001 -0.01560000
v -0.01302709 0.21916644 -0.01560000
v -0.01416644 0.21802710 -0.01560000
v -0.01999850 0.22143000 -0.01560000
v -0.02000000 0.22148502 -0.01560000
v -0.02000000 0.20850000 -0.01560000
v -0.00550000 0.21950001 -0.01560000
v 0.00510206 0.21659143 -0.01560000
v 0.00583356 0.21802710 -0.01560000
v -0.01743470 0.21955703 -0.01560000
v -0.01812618 0.21972460 -0.01560000
v -0.00583356 0.21197291 -0.01560000
v -0.00697291 0.21083356 -0.01560000
v -0.01992580 0.22109853 -0.01560000
v -0.01515000 0.21500000 -0.01560000
v -0.01820568 0.21975131 -0.01560000
v -0.01878796 0.22000153 -0.01560000
v 0.01489794 0.21340856 -0.01560000
v 0.01416644 0.21197291 -0.01560000
v 0.01302709 0.21083356 -0.01560000
v 0.00510206 0.21340856 -0.01560000
v 0.00583356 0.21197291 -0.01560000
v 0.00697291 0.21083356 -0.01560000
v 0.00550000 0.21950001 -0.01560000
v 0.00697291 0.21916644 -0.01560000
v 0.00749550 0.21950001 -0.01560000
v -0.00840856 0.21010207 -0.01560000
v -0.01000000 0.20985000 -0.01560000
v -0.01159144 0.21010207 -0.01560000
v -0.01302709 0.21083356 -0.01560000
v 0.01975157 0.22078212 -0.01560000
v 0.01970815 0.22072436 -0.01560000
v 0.01970321 0.22071809 -0.01560000
v 0.01515000 0.21500000 -0.01560000
v 0.01934895 0.22036539 -0.01560000
v 0.01489794 0.21659143 -0.01560000
v 0.01914168 0.22021206 -0.01560000
v 0.01856748 0.21989463 -0.01560000
v -0.00749550 0.21950001 -0.01560000
v -0.00697291 0.21916644 -0.01560000
v -0.00583356 0.21802710 -0.01560000
v -0.00510206 0.21659143 -0.01560000
v 0.00485000 0.21500000 -0.01560000
v -0.00485000 0.21500000 -0.01560000
v -0.00510206 0.21340856 -0.01560000
v -0.01416644 0.21197291 -0.01560000
v -0.01489794 0.21340856 -0.01560000
v 0.01250450 0.21950001 -0.01560000
v 0.01302709 0.21916644 -0.01560000
v 0.01673592 0.21950001 -0.01560000
v 0.01416644 0.21802710 -0.01560000
v 0.01727255 0.21953380 -0.01560000
v 0.01795592 0.21967275 -0.01560000
v -0.01962545 0.22062597 -0.01560000
v -0.01968243 0.22069231 -0.01560000
v -0.01989329 0.22102205 -0.01560000
v 0.01159144 0.21010207 -0.01560000
v 0.01000000 0.20985000 -0.01560000
v 0.00840856 0.21010207 -0.01560000
v 0.01552118 0.21951190 -0.01423675
v 0.01427957 0.21952945 -0.01222544
v 0.01345629 0.21954879 -0.01000976
v 0.01236667 0.21957399 -0.00712173
v 0.01215709 0.21967648 0.00462235
v 0.01222666 0.21964376 0.00087296
v 0.01251542 0.21966697 0.00353373
v 0.01295493 0.21964572 0.00109905
v 0.01308329 0.21956916 -0.00767569
v 0.01306229 0.21957450 -0.00706300
v 0.01299950 0.21963727 0.00013090
v 0.00767058 0.21959308 -0.00493488
v 0.00781116 0.21966170 0.00292916
v 0.00550000 0.21963614 0.00000000
v -0.00169959 0.21968178 0.00523081
v -0.00000000 0.21968414 0.00550000
v -0.00048457 0.21974966 0.01300842
v 0.00198529 0.21974841 0.01286497
v 0.00169959 0.21968178 0.00523081
v 0.00438324 0.21974310 0.01225621
v -0.00293687 0.21974681 0.01268137
v -0.00528282 0.21973994 0.01189566
v -0.00323282 0.21967497 0.00444959
v -0.00743743 0.21972933 0.01067975
v -0.00795375 0.21972603 0.01030035
v -0.00791540 0.21970925 0.00837671
v 0.00662245 0.21973392 0.01120420
v 0.00323282 0.21967497 0.00444959
v 0.00795375 0.21972603 0.01030035
v 0.00444959 0.21966435 0.00323282
v 0.00523081 0.21965097 0.00169959
v -0.00763333 0.21957399 -0.00712173
v -0.00550000 0.21963614 0.00000000
v -0.00777334 0.21964376 0.00087296
v -0.00523081 0.21965097 0.00169959
v -0.00444959 0.21966435 0.00323282
v 0.00753216 0.21952021 -0.01328450
v -0.01395061 0.22167790 0.00551184
v -0.01470301 0.22165868 0.00297012
v -0.01455281 0.22089414 0.00294645
v -0.00866687 0.21997446 0.01095272
v -0.00853843 0.21993825 0.01096486
v -0.00787342 0.21988566 0.01130343
v -0.00840795 0.21989775 0.01095600
v -0.00835049 0.21987869 0.01094345
v -0.00817962 0.21981755 0.01085971
v -0.00798304 0.21973860 0.01053588
v -0.00806228 0.21977155 0.01072871
v -0.01000159 0.22014999 0.01014034
v -0.01033379 0.22030540 0.01005516
v -0.01008741 0.22014926 0.01005486
v -0.01020519 0.22014591 0.00993100
v -0.00986192 0.22014815 0.01027112
v -0.00944659 0.22012018 0.01060071
v -0.00824364 0.22032014 0.01183037
v -0.00899664 0.22005132 0.01085308
v -0.01159140 0.21989796 0.00761810
v -0.01131018 0.21998055 0.00827842
v -0.01205000 0.22028765 0.00791610
v -0.01089864 0.22007099 0.00902179
v -0.01056268 0.22011916 0.00950458
v -0.01333009 0.22026752 0.00549054
v -0.01273069 0.21983355 0.00524800
v -0.01208467 0.21970920 0.00559635
v -0.01191103 0.21978231 0.00655947
v -0.01172782 0.21985151 0.00722369
v -0.01164513 0.21988016 0.00747022
v -0.01274260 0.21965876 0.00259156
v -0.01215709 0.21967648 0.00462235
v -0.01214114 0.21968380 0.00500598
v 0.01160277 0.21989425 0.00758753
v 0.01180239 0.21982430 0.00697692
v 0.01230530 0.21984158 0.00618176
v 0.01202074 0.21973699 0.00602135
v 0.01325121 0.21982056 0.00373911
v 0.01213807 0.21968521 0.00505256
v 0.01142739 0.22029492 0.00879162
v 0.01115489 0.22001883 0.00858337
v 0.01130128 0.21998289 0.00829686
v 0.01288455 0.22027564 0.00646821
v 0.01148006 0.21993273 0.00789968
v 0.00955668 0.22031157 0.01079687
v 0.00940565 0.22011559 0.01062837
v 0.00943874 0.22011933 0.01060608
v 0.00994347 0.22014970 0.01019600
v 0.01036275 0.22013721 0.00975286
v 0.01086713 0.22007647 0.00907108
v 0.00853461 0.21993712 0.01096493
v 0.00886967 0.22002442 0.01090148
v 0.00734018 0.22032496 0.01241145
v 0.00928557 0.22010021 0.01070431
v 0.00806632 0.21977319 0.01073510
v 0.00798581 0.21973978 0.01054667
v 0.00817766 0.21981680 0.01085819
v 0.00701058 0.21989045 0.01185847
v 0.00832210 0.21986900 0.01093486
v 0.00840744 0.21989758 0.01095591
v 0.01484715 0.22087190 0.00013625
v 0.01499943 0.22163720 0.00013090
v 0.01494799 0.22164565 0.00124799
v 0.01441361 0.22022310 0.00013813
v 0.01479586 0.22088066 0.00124197
v 0.01429300 0.22090265 0.00402237
v 0.01371731 0.21979839 0.00116137
v 0.01376481 0.21978956 0.00013625
v 0.01472294 0.22165792 0.00286969
v 0.01444087 0.22166690 0.00405724
v 0.01327262 0.22092350 0.00665701
v 0.01387532 0.22025441 0.00391067
v 0.01436373 0.22023201 0.00121155
v 0.01395061 0.22167790 0.00551184
v 0.01341073 0.22168703 0.00671954
v 0.01177175 0.22094244 0.00905053
v 0.01270847 0.22169648 0.00796837
v 0.01189489 0.22170533 0.00913847
v 0.01103833 0.22171304 0.01015654
v 0.00984479 0.22095878 0.01111634
v 0.00994824 0.22172113 0.01122642
v 0.00899645 0.22172700 0.01200266
v 0.00756155 0.22097196 0.01277973
v 0.00764128 0.22173384 0.01290778
v 0.00665159 0.22173791 0.01344457
v 0.00500468 0.22098145 0.01398055
v 0.00505759 0.22174302 0.01412164
v 0.00408272 0.22174539 0.01443369
v 0.00226672 0.22098695 0.01467538
v 0.00229072 0.22174834 0.01482406
v 0.00137636 0.22174919 0.01493672
v -0.00055325 0.22098824 0.01483911
v -0.00055911 0.22174959 0.01498958
v -0.00137636 0.22174919 0.01493672
v -0.00335321 0.22098529 0.01446583
v -0.00338870 0.22174673 0.01461221
v -0.00408272 0.22174539 0.01443369
v -0.00603184 0.22097820 0.01356901
v -0.00609556 0.22173987 0.01370563
v -0.00665159 0.22173791 0.01344457
v -0.00849221 0.22096722 0.01218109
v -0.00559235 0.21989673 0.01259027
v -0.00585523 0.22033133 0.01317756
v -0.00310890 0.21990389 0.01342178
v -0.00325501 0.22033854 0.01404804
v -0.00051295 0.21990687 0.01376788
v -0.00053705 0.22034155 0.01441036
v 0.00210157 0.21990557 0.01361607
v 0.00220034 0.22034024 0.01425144
v 0.00464003 0.21990003 0.01297184
v 0.00485813 0.22033463 0.01357701
v -0.00858165 0.22172926 0.01230265
v -0.00899645 0.22172700 0.01200266
v -0.01064527 0.22095273 0.01035223
v -0.01075694 0.22171529 0.01045410
v -0.01103833 0.22171304 0.01015654
v -0.01241305 0.22093530 0.00814858
v -0.01387407 0.22167934 0.00570178
v -0.01373150 0.22091553 0.00564985
v -0.01270847 0.22169648 0.00796837
v -0.01254264 0.22169843 0.00822692
v -0.01376481 0.21978956 0.00013625
v -0.01349204 0.21981198 0.00274161
v -0.01441361 0.22022310 0.00013813
v -0.01412762 0.22024573 0.00286622
v -0.01484715 0.22087190 0.00013625
v -0.01499943 0.22163720 0.00013090
v -0.01299950 0.21963727 0.00013090
v 0.01310000 0.21500000 -0.01860000
v 0.01310000 0.21500000 -0.01610000
v 0.01283199 0.21626088 -0.01860000
v 0.01283199 0.21626088 -0.01610000
v 0.01207430 0.21730375 -0.01860000
v 0.01207430 0.21730375 -0.01610000
v 0.01095795 0.21794827 -0.01860000
v 0.01095795 0.21794827 -0.01610000
v 0.00967596 0.21808302 -0.01860000
v 0.00967596 0.21808302 -0.01610000
v 0.00845000 0.21768467 -0.01860000
v 0.00845000 0.21768467 -0.01610000
v 0.00749205 0.21682213 -0.01860000
v 0.00749205 0.21682213 -0.01610000
v 0.00696774 0.21564452 -0.01860000
v 0.00696774 0.21564452 -0.01610000
v 0.00696774 0.21435547 -0.01860000
v 0.00696774 0.21435547 -0.01610000
v 0.00749205 0.21317786 -0.01860000
v 0.00749205 0.21317786 -0.01610000
v 0.00845000 0.21231532 -0.01860000
v 0.00845000 0.21231532 -0.01610000
v 0.00967596 0.21191698 -0.01860000
v 0.00967596 0.21191698 -0.01610000
v 0.01095795 0.21205172 -0.01860000
v 0.01095795 0.21205172 -0.01610000
v 0.01207430 0.21269625 -0.01860000
v 0.01207430 0.21269625 -0.01610000
v 0.01283199 0.21373911 -0.01860000
v 0.01283199 0.21373911 -0.01610000
v -0.01668331 0.21950045 -0.01554900
v -0.01243704 0.21953689 -0.01137355
v -0.01402465 0.21953431 -0.01166791
v -0.01516192 0.21951623 -0.01374002
v -0.01229813 0.21960881 -0.00313197
v -0.01306229 0.21957450 -0.00706300
v -0.01331560 0.21955399 -0.00941308
v -0.00690000 0.21500000 -0.01860000
v -0.00690000 0.21500000 -0.01610000
v -0.00716801 0.21626088 -0.01860000
v -0.00716801 0.21626088 -0.01610000
v -0.00792569 0.21730375 -0.01860000
v -0.00792569 0.21730375 -0.01610000
v -0.00904205 0.21794827 -0.01860000
v -0.00904205 0.21794827 -0.01610000
v -0.01032404 0.21808302 -0.01860000
v -0.01032404 0.21808302 -0.01610000
v -0.01155000 0.21768467 -0.01860000
v -0.01155000 0.21768467 -0.01610000
v -0.01250795 0.21682213 -0.01860000
v -0.01250795 0.21682213 -0.01610000
v -0.01303226 0.21564452 -0.01860000
v -0.01303226 0.21564452 -0.01610000
v -0.01303226 0.21435547 -0.01860000
v -0.01303226 0.21435547 -0.01610000
v -0.01250795 0.21317786 -0.01860000
v -0.01250795 0.21317786 -0.01610000
v -0.01155000 0.21231532 -0.01860000
v -0.01155000 0.21231532 -0.01610000
v -0.01032404 0.21191698 -0.01860000
v -0.01032404 0.21191698 -0.01610000
v -0.00904205 0.21205172 -0.01860000
v -0.00904205 0.21205172 -0.01610000
v -0.00792569 0.21269625 -0.01860000
v -0.00792569 0.21269625 -0.01610000
v -0.00716801 0.21373911 -0.01860000
v -0.00716801 0.21373911 -0.01610000
v -0.01941421 0.22441421 -0.01560000
v -0.01984776 0.22376537 -0.01560000
v -0.02000000 0.22300000 -0.01560000
v 0.01941421 0.22441421 -0.01560000
v 0.01876537 0.22484776 -0.01560000
v 0.01800000 0.22499999 -0.01560000
v 0.01984776 0.22376537 -0.01560000
v -0.01876537 0.22484776 -0.01560000
v -0.01800000 0.22499999 -0.01560000
v 0.02000000 0.22300000 -0.01560000
v -0.01913149 0.20500000 -0.01712484
v -0.02000000 0.20500000 -0.01755072
v -0.02000000 0.20500000 -0.02000000
v -0.01732485 0.20500000 -0.01597994
v -0.01838484 0.20500000 -0.01669350
v 0.01781685 0.20500000 -0.01632436
v 0.02000000 0.20500000 -0.02000000
v -0.01864325 0.20500000 -0.01684977
v 0.02000000 0.20500000 -0.01755072
v 0.01891916 0.20500000 -0.01700844
v 0.01833044 0.20500000 -0.01665965
v 0.01803366 0.20500000 -0.01646931
v 0.01716463 0.20500000 -0.01586530
v 0.01692950 0.20500000 -0.01570137
v -0.01688697 0.20500000 -0.01567365
v 0.01681900 0.20500000 -0.01563272
v 0.01676448 0.20500000 -0.01560652
v 0.01673592 0.20500000 -0.01560000
v -0.01673592 0.20500000 -0.01560000
v -0.01676929 0.20500000 -0.01560837
v -0.02000000 0.20698503 -0.01560000
v -0.02000000 0.22300000 -0.02000000
v -0.02000000 0.20511948 -0.01704579
v -0.02000000 0.20523582 -0.01677050
v -0.02000000 0.20680040 -0.01560990
v -0.02000000 0.20550284 -0.01635178
v -0.02000000 0.20572287 -0.01611510
v -0.02000000 0.20609421 -0.01584153
v -0.02000000 0.20637313 -0.01571091
v -0.01800000 0.22499999 -0.02000000
v 0.01800000 0.22499999 -0.02000000
v 0.02000000 0.20585470 -0.01600272
v 0.02000000 0.20557401 -0.01626736
v 0.02000000 0.20698503 -0.01560000
v 0.02000000 0.20541203 -0.01647316
v 0.02000000 0.20516697 -0.01692172
v 0.02000000 0.20513859 -0.01699337
v 0.02000000 0.20509188 -0.01712900
v 0.02000000 0.22300000 -0.02000000
v 0.02000000 0.20550896 -0.01634419
v 0.02000000 0.20654967 -0.01565553
v 0.02000000 0.20638524 -0.01570646
v 0.02000000 0.20597769 -0.01591365
v -0.01315000 0.22033527 -0.02000000
v -0.01533528 0.21815000 -0.02000000
v -0.01950000 0.21815000 -0.02000000
v 0.01315000 0.20966472 -0.02000000
v 0.01533528 0.21185000 -0.02000000
v 0.01950000 0.21185000 -0.02000000
v 0.00685000 0.22450000 -0.02000000
v -0.00685000 0.22450000 -0.02000000
v -0.01315000 0.22450000 -0.02000000
v 0.01315000 0.20550001 -0.02000000
v 0.01950000 0.21815000 -0.02000000
v 0.01533528 0.21815000 -0.02000000
v 0.01315000 0.22033527 -0.02000000
v 0.01315000 0.22450000 -0.02000000
v -0.01941421 0.22441421 -0.02000000
v -0.01876537 0.22484776 -0.02000000
v -0.01984776 0.22376537 -0.02000000
v -0.01950000 0.21185000 -0.02000000
v -0.01533528 0.21185000 -0.02000000
v -0.01315000 0.20966472 -0.02000000
v 0.01941421 0.22441421 -0.02000000
v 0.01984776 0.22376537 -0.02000000
v 0.01876537 0.22484776 -0.02000000
v -0.00466472 0.21815000 -0.02000000
v -0.00685000 0.22033527 -0.02000000
v 0.00466472 0.21815000 -0.02000000
v 0.00685000 0.22033527 -0.02000000
v -0.01315000 0.20550001 -0.02000000
v -0.00685000 0.20550001 -0.02000000
v 0.00685000 0.20550001 -0.02000000
v 0.00466472 0.21185000 -0.02000000
v 0.00685000 0.20966472 -0.02000000
v -0.00466472 0.21185000 -0.02000000
v -0.00685000 0.20966472 -0.02000000
v -0.00000000 0.20750000 -0.00550000
v 0.01859108 0.20750000 -0.01460000
v -0.01859108 0.20750000 -0.01460000
v -0.00323282 0.20750000 0.00444959
v -0.00665159 0.20750000 0.01344457
v -0.00169959 0.20750000 0.00523081
v -0.00408272 0.20750000 0.01443369
v -0.00000000 0.20750000 0.00550000
v -0.00137636 0.20750000 0.01493672
v 0.00137636 0.20750000 0.01493672
v 0.00169959 0.20750000 0.00523081
v -0.00444959 0.20750000 0.00323282
v -0.01103833 0.20750000 0.01015654
v -0.00899645 0.20750000 0.01200266
v -0.00550000 0.20750000 0.00000000
v -0.01472294 0.20750000 0.00286969
v -0.00523081 0.20750000 0.00169959
v -0.01395061 0.20750000 0.00551184
v -0.01270847 0.20750000 0.00796837
v 0.00169959 0.20750000 -0.00523081
v 0.00323282 0.20750000 -0.00444959
v 0.01834101 0.20750000 -0.01438051
v 0.00323282 0.20750000 0.00444959
v 0.01103833 0.20750000 0.01015654
v 0.00444959 0.20750000 0.00323282
v 0.01270847 0.20750000 0.00796837
v 0.00523081 0.20750000 0.00169959
v -0.01696695 0.20750000 -0.01284710
v -0.01593606 0.20750000 -0.01106478
v -0.00444959 0.20750000 -0.00323282
v -0.01529204 0.20750000 -0.00910911
v -0.00523081 0.20750000 -0.00169959
v -0.01506221 0.20750000 -0.00706300
v -0.01499943 0.20750000 0.00013090
v -0.01834101 0.20750000 -0.01438051
v -0.00323282 0.20750000 -0.00444959
v -0.00169959 0.20750000 -0.00523081
v 0.00408272 0.20750000 0.01443369
v 0.00665159 0.20750000 0.01344457
v 0.00899645 0.20750000 0.01200266
v 0.01696695 0.20750000 -0.01284710
v 0.00444959 0.20750000 -0.00323282
v 0.01593606 0.20750000 -0.01106478
v 0.01395061 0.20750000 0.00551184
v 0.01472294 0.20750000 0.00286969
v 0.00550000 0.20750000 0.00000000
v 0.01499943 0.20750000 0.00013090
v 0.00523081 0.20750000 -0.00169959
v 0.01506221 0.20750000 -0.00706300
v 0.01529204 0.20750000 -0.00910911
v -0.00142419 0.20507632 -0.00685359
v 0.00047770 0.20507519 -0.00698368
v 0.00234416 0.20507857 -0.00659583
v 0.00403676 0.20508623 -0.00571879
v -0.00322046 0.20519038 0.00621520
v -0.00743743 0.20522934 0.01067975
v -0.00477787 0.20518078 0.00511585
v -0.00932268 0.20521536 0.00907767
v -0.00598094 0.20516787 0.00363709
v 0.01617688 0.20500502 -0.01502413
v 0.01476822 0.20502159 -0.01312607
v 0.00542998 0.20509759 -0.00441762
v 0.00542998 0.20517468 0.00441762
v 0.00862180 0.20522121 0.00974702
v 0.00403676 0.20518604 0.00571879
v 0.00662245 0.20523392 0.01120420
v 0.00234416 0.20519370 0.00659583
v 0.00438324 0.20524310 0.01225621
v 0.00047770 0.20519708 0.00698368
v 0.00198529 0.20524842 0.01286497
v -0.00000000 0.20519723 0.00700000
v -0.00048457 0.20524967 0.01300842
v -0.00142419 0.20519595 0.00685359
v -0.00293687 0.20524681 0.01268137
v -0.00528282 0.20523995 0.01189566
v -0.00322046 0.20508189 -0.00621520
v -0.00477787 0.20509149 -0.00511585
v -0.01668331 0.20500045 -0.01554900
v -0.01516192 0.20501623 -0.01374002
v -0.01306229 0.20507450 -0.00706300
v -0.01331560 0.20505400 -0.00941308
v -0.01402465 0.20503432 -0.01166791
v 0.00693480 0.20514446 0.00095317
v 0.01251542 0.20516698 0.00353373
v 0.00642048 0.20516048 0.00278881
v 0.01162263 0.20518711 0.00584106
v 0.01030890 0.20520541 0.00793746
v 0.01375892 0.20504025 -0.01098870
v 0.01318816 0.20506026 -0.00869496
v 0.00642048 0.20511180 -0.00278881
v 0.01306229 0.20507450 -0.00706300
v 0.00693480 0.20512782 -0.00095317
v 0.01299950 0.20513728 0.00013090
v 0.01295493 0.20514573 0.00109905
v -0.01087029 0.20519851 0.00714745
v -0.01202419 0.20517942 0.00495899
v -0.00674042 0.20515262 0.00188858
v -0.01274260 0.20515876 0.00259156
v -0.00700000 0.20513614 0.00000000
v -0.01299950 0.20513728 0.00013090
v -0.00674042 0.20511965 -0.00188858
v -0.00598094 0.20510440 -0.00363709
v -0.01395061 0.22200000 0.00551184
v -0.00164597 0.22200000 0.00113613
v -0.00198542 0.22200000 0.00024107
v 0.00665159 0.22200000 0.01344457
v 0.00092945 0.22200000 0.00177091
v 0.00408272 0.22200000 0.01443369
v -0.00000000 0.22200000 0.00200000
v 0.00137636 0.22200000 0.01493672
v -0.00899645 0.22200000 0.01200266
v -0.00092945 0.22200000 0.00177091
v -0.01103833 0.22200000 0.01015654
v -0.01270847 0.22200000 0.00796837
v -0.00187003 0.22200000 -0.00070921
v -0.01499943 0.22200000 0.00013090
v -0.01472294 0.22200000 0.00286969
v -0.01834101 0.22200000 -0.01438051
v -0.01696695 0.22200000 -0.01284710
v -0.00132625 0.22200000 -0.00149702
v -0.00665159 0.22200000 0.01344457
v -0.00408272 0.22200000 0.01443369
v -0.00137636 0.22200000 0.01493672
v 0.00198542 0.22200000 0.00024107
v 0.00164597 0.22200000 0.00113613
v 0.01395061 0.22200000 0.00551184
v 0.00899645 0.22200000 0.01200266
v 0.01103833 0.22200000 0.01015654
v 0.01270847 0.22200000 0.00796837
v -0.01593606 0.22200000 -0.01106478
v -0.01529204 0.22200000 -0.00910911
v -0.01506221 0.22200000 -0.00706300
v -0.01859108 0.22200000 -0.01460000
v -0.00047863 0.22200000 -0.00194188
v 0.01859108 0.22200000 -0.01460000
v 0.01593606 0.22200000 -0.01106478
v 0.01696695 0.22200000 -0.01284710
v 0.00132625 0.22200000 -0.00149702
v 0.00047863 0.22200000 -0.00194188
v 0.01834101 0.22200000 -0.01438051
v 0.01472294 0.22200000 0.00286969
v 0.01499943 0.22200000 0.00013090
v 0.00187003 0.22200000 -0.00070921
v 0.01506221 0.22200000 -0.00706300
v 0.01529204 0.22200000 -0.00910911
v 0.01506221 0.22157443 -0.00706300
v 0.01507972 0.22156908 -0.00757358
v 0.01529204 0.22155300 -0.00910911
v 0.01539055 0.22154871 -0.00951864
v 0.01593606 0.22153252 -0.01106478
v 0.01607661 0.22152938 -0.01136503
v 0.01711129 0.22151183 -0.01304113
v 0.01845444 0.22149673 -0.01448189
v 0.01987248 0.22261731 -0.01552388
v 0.01996431 0.22279593 -0.01557896
v 0.01953116 0.22229290 -0.01530711
v 0.01907110 0.22207612 -0.01498268
v -0.01506221 0.22157443 -0.00706300
v -0.01953116 0.22229290 -0.01530711
v -0.01987248 0.22261731 -0.01552388
v -0.01996447 0.22279637 -0.01557905
v -0.01907110 0.22207612 -0.01498268
v -0.01961844 0.22148749 -0.01536439
v -0.01834101 0.22149779 -0.01438051
v -0.01807973 0.22150037 -0.01413467
v -0.01681191 0.22151616 -0.01262718
v -0.01586418 0.22153424 -0.01090043
v -0.01527330 0.22155392 -0.00902140
v -0.01953116 0.20779289 -0.01530711
v -0.01987248 0.20811732 -0.01552388
v -0.01996447 0.20829637 -0.01557905
v -0.01907110 0.20757613 -0.01498268
v -0.01961844 0.20698749 -0.01536439
v -0.01834101 0.20699780 -0.01438051
v -0.01807973 0.20700037 -0.01413467
v -0.01681191 0.20701616 -0.01262718
v -0.01586418 0.20703425 -0.01090043
v -0.01527330 0.20705391 -0.00902140
v -0.01506221 0.20707442 -0.00706300
v -0.01499943 0.20713721 0.00013090
v 0.01494799 0.20714566 0.00124799
v 0.01499943 0.20713721 0.00013090
v 0.01472294 0.20715792 0.00286969
v 0.01444087 0.20716690 0.00405724
v 0.01395061 0.20717791 0.00551184
v 0.01341073 0.20718704 0.00671954
v 0.01270847 0.20719649 0.00796837
v 0.01189489 0.20720533 0.00913847
v 0.01103833 0.20721303 0.01015654
v 0.00994824 0.20722112 0.01122642
v 0.00899645 0.20722699 0.01200266
v 0.00764128 0.20723385 0.01290778
v 0.00665159 0.20723790 0.01344457
v 0.00505759 0.20724303 0.01412164
v 0.00408272 0.20724538 0.01443369
v 0.00229072 0.20724833 0.01482406
v 0.00137636 0.20724918 0.01493672
v -0.00055911 0.20724958 0.01498958
v -0.00137636 0.20724918 0.01493672
v -0.00338870 0.20724674 0.01461221
v -0.00408272 0.20724538 0.01443369
v -0.00609556 0.20723988 0.01370563
v -0.00665159 0.20723790 0.01344457
v -0.00858165 0.20722926 0.01230265
v -0.00899645 0.20722699 0.01200266
v -0.01075694 0.20721528 0.01045410
v -0.01103833 0.20721303 0.01015654
v -0.01254264 0.20719844 0.00822692
v -0.01270847 0.20719649 0.00796837
v -0.01387407 0.20717934 0.00570178
v -0.01395061 0.20717791 0.00551184
v -0.01470301 0.20715868 0.00297012
v 0.01506221 0.20707442 -0.00706300
v 0.01516711 0.20706019 -0.00842297
v 0.01529204 0.20705299 -0.00910911
v 0.01564274 0.20704016 -0.01033442
v 0.01593606 0.20703252 -0.01106478
v 0.01648382 0.20702152 -0.01211556
v 0.01696695 0.20701386 -0.01284710
v 0.01765771 0.20700495 -0.01369727
v 0.01834101 0.20699780 -0.01438051
v 0.01996431 0.20829593 -0.01557896
v 0.01987248 0.20811732 -0.01552388
v 0.01953116 0.20779289 -0.01530711
v 0.01911887 0.20699112 -0.01501820
v 0.01907110 0.20757613 -0.01498268
v -0.00550000 0.20721699 0.00000000
v -0.00523081 0.20721699 0.00169959
v -0.00444959 0.20721699 0.00323282
v -0.00323282 0.20721699 0.00444959
v -0.00169959 0.20721699 0.00523081
v -0.00000000 0.20721699 0.00550000
v 0.00169959 0.20721699 0.00523081
v 0.00323282 0.20721699 0.00444959
v 0.00444959 0.20721699 0.00323282
v 0.00523081 0.20721699 0.00169959
v 0.00550000 0.20721699 0.00000000
v 0.00523081 0.20721699 -0.00169959
v 0.00444959 0.20721699 -0.00323282
v 0.00323282 0.20721699 -0.00444959
v 0.00169959 0.20721699 -0.00523081
v -0.00000000 0.20721699 -0.00550000
v -0.00169959 0.20721699 -0.00523081
v -0.00323282 0.20721699 -0.00444959
v -0.00444959 0.20721699 -0.00323282
v -0.00523081 0.20721699 -0.00169959
v -0.01953329 0.22072552 -0.01548896
v -0.01721569 0.21965624 -0.01500449
v -0.01766765 0.22009061 -0.01454487
v -0.01797094 0.22073790 -0.01423956
v -0.01579147 0.21967129 -0.01331011
v -0.01472715 0.21968850 -0.01136950
v -0.01406397 0.21970725 -0.00925802
v -0.01382759 0.21972679 -0.00705765
v -0.01632577 0.22010547 -0.01294789
v -0.01532317 0.22012250 -0.01111896
v -0.01469867 0.22014102 -0.00912916
v -0.01447639 0.22016032 -0.00705578
v -0.01668398 0.22075309 -0.01270816
v -0.01572235 0.22077048 -0.01095428
v -0.01512328 0.22078940 -0.00904608
v -0.01490993 0.22080912 -0.00705765
v 0.01490993 0.22080912 -0.00705765
v 0.01447639 0.22016032 -0.00705578
v 0.01382759 0.21972679 -0.00705765
v 0.01763668 0.21965279 -0.01539480
v 0.01612776 0.21966715 -0.01377536
v 0.01806434 0.22008719 -0.01491275
v 0.01835137 0.22073440 -0.01459232
v 0.01492745 0.22080398 -0.00757602
v 0.01524208 0.22078440 -0.00955100
v 0.01384705 0.21972169 -0.00763128
v 0.01419551 0.21970229 -0.00981674
v 0.01496568 0.21968387 -0.01189162
v 0.01664259 0.22010139 -0.01338638
v 0.01554784 0.22011791 -0.01161102
v 0.01482250 0.22013612 -0.00965567
v 0.01449461 0.22015528 -0.00759628
v 0.01698785 0.22074892 -0.01312865
v 0.01593785 0.22076580 -0.01142615
v -0.01953329 0.20622551 -0.01548896
v -0.01929677 0.20557848 -0.01584781
v -0.01894455 0.20514399 -0.01638681
v -0.01721569 0.20515625 -0.01500449
v -0.01579147 0.20517129 -0.01331011
v -0.01472715 0.20518851 -0.01136950
v -0.01406397 0.20520726 -0.00925802
v -0.01382759 0.20522678 -0.00705765
v -0.01766765 0.20559061 -0.01454487
v -0.01632577 0.20560548 -0.01294789
v -0.01532317 0.20562249 -0.01111896
v -0.01469867 0.20564102 -0.00912916
v -0.01447639 0.20566031 -0.00705578
v -0.01797094 0.20623790 -0.01423956
v -0.01668398 0.20625308 -0.01270816
v -0.01572235 0.20627049 -0.01095428
v -0.01512328 0.20628940 -0.00904608
v -0.01490993 0.20630912 -0.00705765
v -0.01484715 0.20637190 0.00013625
v -0.01441361 0.20572311 0.00013813
v -0.01376481 0.20528956 0.00013625
v -0.01455281 0.20639414 0.00294645
v 0.01484715 0.20637190 0.00013625
v 0.01376481 0.20528956 0.00013625
v 0.01441361 0.20572311 0.00013813
v 0.01436373 0.20573200 0.00121155
v 0.01371731 0.20529838 0.00116137
v 0.01479586 0.20638065 0.00124197
v 0.01429300 0.20640266 0.00402237
v 0.01327262 0.20642351 0.00665701
v 0.01177175 0.20644245 0.00905053
v 0.00984479 0.20645879 0.01111634
v 0.00756155 0.20647195 0.01277973
v 0.00500468 0.20648146 0.01398055
v 0.00226672 0.20648696 0.01467538
v -0.00055325 0.20648825 0.01483911
v -0.00335321 0.20648530 0.01446583
v -0.00603184 0.20647819 0.01356901
v -0.00849221 0.20646721 0.01218109
v -0.01064527 0.20645274 0.01035223
v -0.01241305 0.20643531 0.00814858
v -0.01373150 0.20641553 0.00564985
v 0.01387532 0.20575441 0.00391067
v 0.01288455 0.20577563 0.00646821
v 0.01142739 0.20579492 0.00879162
v 0.00955668 0.20581156 0.01079687
v 0.00734018 0.20582496 0.01241145
v 0.00485813 0.20583464 0.01357701
v 0.00220034 0.20584023 0.01425144
v -0.00053705 0.20584156 0.01441036
v -0.00325501 0.20583855 0.01404804
v -0.00585523 0.20583132 0.01317756
v -0.00824364 0.20582014 0.01183037
v -0.01033379 0.20580541 0.01005516
v -0.01205000 0.20578764 0.00791610
v -0.01333009 0.20576751 0.00549054
v -0.01412762 0.20574574 0.00286622
v 0.01325121 0.20532057 0.00373911
v 0.01230530 0.20534159 0.00618176
v 0.01091389 0.20536068 0.00840090
v 0.00912742 0.20537716 0.01031624
v 0.00701058 0.20539044 0.01185847
v 0.00464003 0.20540002 0.01297184
v 0.00210157 0.20540556 0.01361607
v -0.00051295 0.20540687 0.01376788
v -0.00310890 0.20540389 0.01342178
v -0.00559235 0.20539674 0.01259027
v -0.00787342 0.20538567 0.01130343
v -0.00986954 0.20537107 0.00960778
v -0.01150843 0.20535348 0.00756467
v -0.01273069 0.20533355 0.00524800
v -0.01349204 0.20531198 0.00274161
v 0.01490993 0.20630912 -0.00705765
v 0.01447639 0.20566031 -0.00705578
v 0.01382759 0.20522678 -0.00705765
v 0.01902601 0.20622900 -0.01513721
v 0.01838321 0.20514743 -0.01599765
v 0.01674158 0.20516062 -0.01451285
v 0.01876780 0.20558189 -0.01548099
v 0.01501575 0.20629543 -0.00843843
v 0.01549776 0.20627618 -0.01037945
v 0.01394490 0.20521322 -0.00858562
v 0.01447855 0.20519416 -0.01073344
v 0.01542298 0.20517640 -0.01273509
v 0.01635102 0.20625824 -0.01218846
v 0.01754251 0.20624231 -0.01379520
v 0.01722093 0.20559491 -0.01408148
v 0.01597862 0.20561051 -0.01240595
v 0.01508903 0.20562807 -0.01051954
v 0.01458660 0.20564692 -0.00849554
v -0.00550000 0.21950001 0.00000000
v -0.00523081 0.21950001 0.00169959
v -0.00444959 0.21950001 0.00323282
v -0.00323282 0.21950001 0.00444959
v -0.00169959 0.21950001 0.00523081
v -0.00000000 0.21950001 0.00550000
v 0.00169959 0.21950001 0.00523081
v 0.00323282 0.21950001 0.00444959
v 0.00444959 0.21950001 0.00323282
v 0.00523081 0.21950001 0.00169959
v 0.00550000 0.21950001 0.00000000
v 0.00132625 0.21950001 -0.00149702
v 0.00047863 0.21950001 -0.00194188
v -0.00047863 0.21950001 -0.00194188
v -0.00132625 0.21950001 -0.00149702
v -0.00000000 0.21950001 0.00200000
v 0.00092945 0.21950001 0.00177091
v 0.00187003 0.21950001 -0.00070921
v 0.00198542 0.21950001 0.00024107
v 0.00164597 0.21950001 0.00113613
v -0.00187003 0.21950001 -0.00070921
v -0.00198542 0.21950001 0.00024107
v -0.00164597 0.21950001 0.00113613
v -0.00092945 0.21950001 0.00177091
v -0.00142419 0.20721699 0.00685359
v -0.00322046 0.20721699 0.00621520
v -0.00477787 0.20721699 0.00511585
v -0.00598094 0.20721699 0.00363709
v -0.00674042 0.20721699 0.00188858
v -0.00700000 0.20721699 0.00000000
v -0.00674042 0.20721699 -0.00188858
v -0.00598094 0.20721699 -0.00363709
v -0.00477787 0.20721699 -0.00511585
v -0.00322046 0.20721699 -0.00621520
v -0.00142419 0.20721699 -0.00685359
v 0.00047770 0.20721699 -0.00698368
v 0.00234416 0.20721699 -0.00659583
v 0.00403676 0.20721699 -0.00571879
v 0.00542998 0.20721699 -0.00441762
v 0.00642048 0.20721699 -0.00278881
v 0.00693480 0.20721699 -0.00095317
v 0.00693480 0.20721699 0.00095317
v 0.00642048 0.20721699 0.00278881
v 0.00542998 0.20721699 0.00441762
v 0.00403676 0.20721699 0.00571879
v 0.00234416 0.20721699 0.00659583
v 0.00047770 0.20721699 0.00698368
v -0.00583356 0.21197291 -0.01610000
v -0.00510206 0.21340856 -0.01610000
v -0.00485000 0.21500000 -0.01610000
v -0.01515000 0.21500000 -0.01610000
v -0.01489794 0.21340856 -0.01610000
v -0.01416644 0.21197291 -0.01610000
v -0.01302709 0.21083356 -0.01610000
v -0.01159144 0.21010207 -0.01610000
v -0.01000000 0.20985000 -0.01610000
v -0.00840856 0.21010207 -0.01610000
v -0.00697291 0.21083356 -0.01610000
v -0.01159144 0.21989794 -0.01610000
v -0.01302709 0.21916644 -0.01610000
v -0.01416644 0.21802710 -0.01610000
v -0.01489794 0.21659143 -0.01610000
v -0.00510206 0.21659143 -0.01610000
v -0.00583356 0.21802710 -0.01610000
v -0.00697291 0.21916644 -0.01610000
v -0.00840856 0.21989794 -0.01610000
v -0.01000000 0.22014999 -0.01610000
v -0.00817882 0.21981724 0.01062817
v -0.01190384 0.21978517 0.00604628
v 0.01416644 0.21197291 -0.01610000
v 0.01489794 0.21340856 -0.01610000
v 0.01515000 0.21500000 -0.01610000
v 0.00840856 0.21010207 -0.01610000
v 0.01000000 0.20985000 -0.01610000
v 0.01159144 0.21010207 -0.01610000
v 0.01302709 0.21083356 -0.01610000
v 0.00485000 0.21500000 -0.01610000
v 0.00510206 0.21340856 -0.01610000
v 0.00583356 0.21197291 -0.01610000
v 0.00697291 0.21083356 -0.01610000
v 0.00840856 0.21989794 -0.01610000
v 0.00697291 0.21916644 -0.01610000
v 0.00583356 0.21802710 -0.01610000
v 0.00510206 0.21659143 -0.01610000
v 0.01489794 0.21659143 -0.01610000
v 0.01416644 0.21802710 -0.01610000
v 0.01302709 0.21916644 -0.01610000
v 0.01159144 0.21989794 -0.01610000
v 0.01000000 0.22014999 -0.01610000
v 0.01188308 0.21979338 0.00610494
v 0.00817857 0.21981715 0.01062813
v -0.01950000 0.21815000 -0.01860000
v -0.01533528 0.21815000 -0.01860000
v 0.00685000 0.22033527 -0.01860000
v 0.00685000 0.22450000 -0.01860000
v 0.01315000 0.22450000 -0.01860000
v -0.00466472 0.21815000 -0.01860000
v 0.00466472 0.21815000 -0.01860000
v 0.01950000 0.21815000 -0.01860000
v 0.01950000 0.21185000 -0.01860000
v 0.01533528 0.21815000 -0.01860000
v 0.01533528 0.21185000 -0.01860000
v -0.01533528 0.21185000 -0.01860000
v -0.01950000 0.21185000 -0.01860000
v 0.01315000 0.22033527 -0.01860000
v -0.01315000 0.22450000 -0.01860000
v -0.00685000 0.22450000 -0.01860000
v -0.01315000 0.22033527 -0.01860000
v -0.00685000 0.22033527 -0.01860000
v 0.01315000 0.20550001 -0.01860000
v 0.00685000 0.20550001 -0.01860000
v 0.01315000 0.20966472 -0.01860000
v 0.00685000 0.20966472 -0.01860000
v 0.00466472 0.21185000 -0.01860000
v -0.00685000 0.20550001 -0.01860000
v -0.01315000 0.20550001 -0.01860000
v -0.00685000 0.20966472 -0.01860000
v -0.01315000 0.20966472 -0.01860000
v -0.00466472 0.21185000 -0.01860000
v 0.00216896 0.20750000 0.00505427
v 0.00269168 0.20750000 0.00806256
v 0.00110714 0.20750000 0.00538741
v 0.00136350 0.20750000 0.00838993
v -0.00000000 0.20750000 0.00850000
v -0.00110714 0.20750000 0.00538741
v -0.00266916 0.20750000 -0.00480891
v -0.00333172 0.20750000 -0.00781982
v -0.00164650 0.20750000 -0.00524777
v -0.00203418 0.20750000 -0.00825301
v -0.00055643 0.20750000 -0.00547178
v -0.00068397 0.20750000 -0.00847244
v 0.00055643 0.20750000 -0.00547178
v 0.00068397 0.20750000 -0.00847244
v 0.00164650 0.20750000 -0.00524777
v 0.00515764 0.20750000 0.00191018
v 0.00767933 0.20750000 0.00364389
v 0.00466754 0.20750000 0.00290930
v 0.00699536 0.20750000 0.00482855
v 0.00398636 0.20750000 0.00378932
v 0.00613022 0.20750000 0.00588816
v 0.00314198 0.20750000 0.00451420
v 0.00510631 0.20750000 0.00679526
v 0.00395015 0.20750000 0.00752638
v -0.00532442 0.20750000 -0.00137859
v -0.00794764 0.20750000 -0.00301414
v -0.00493792 0.20750000 -0.00242217
v -0.00736122 0.20750000 -0.00425000
v -0.00434927 0.20750000 -0.00336658
v -0.00658414 0.20750000 -0.00537579
v -0.00358255 0.20750000 -0.00417317
v -0.00563654 0.20750000 -0.00636234
v -0.00454296 0.20750000 -0.00718412
v 0.00493792 0.20750000 -0.00242217
v 0.00794764 0.20750000 -0.00301414
v 0.00532442 0.20750000 -0.00137859
v 0.00832822 0.20750000 -0.00170022
v 0.00549294 0.20750000 -0.00027857
v 0.00849311 0.20750000 -0.00034226
v 0.00543658 0.20750000 0.00083285
v 0.00843803 0.20750000 0.00102456
v 0.00816440 0.20750000 0.00236485
v -0.00136350 0.20750000 0.00838993
v -0.00269168 0.20750000 0.00806256
v -0.00216896 0.20750000 0.00505427
v -0.00395015 0.20750000 0.00752638
v -0.00314198 0.20750000 0.00451420
v -0.00510631 0.20750000 0.00679526
v -0.00398636 0.20750000 0.00378932
v -0.00613022 0.20750000 0.00588816
v -0.00466754 0.20750000 0.00290930
v -0.00699536 0.20750000 0.00482855
v -0.00767933 0.20750000 0.00364389
v -0.00515764 0.20750000 0.00191018
v -0.00816440 0.20750000 0.00236485
v -0.00543658 0.20750000 0.00083285
v -0.00843803 0.20750000 0.00102456
v -0.00549294 0.20750000 -0.00027857
v -0.00849311 0.20750000 -0.00034226
v -0.00832822 0.20750000 -0.00170022
v 0.00203418 0.20750000 -0.00825301
v 0.00333172 0.20750000 -0.00781982
v 0.00266916 0.20750000 -0.00480891
v 0.00454296 0.20750000 -0.00718412
v 0.00358255 0.20750000 -0.00417317
v 0.00563654 0.20750000 -0.00636234
v 0.00434927 0.20750000 -0.00336658
v 0.00658414 0.20750000 -0.00537579
v 0.00736122 0.20750000 -0.00425000
v -0.00000000 0.20850000 0.00550000
v 0.00110714 0.20850000 0.00538741
v 0.00216896 0.20850000 0.00505427
v 0.00314198 0.20850000 0.00451420
v 0.00398636 0.20850000 0.00378932
v 0.00466754 0.20850000 0.00290930
v 0.00515764 0.20850000 0.00191018
v 0.00543658 0.20850000 0.00083285
v 0.00549294 0.20850000 -0.00027857
v 0.00532442 0.20850000 -0.00137859
v 0.00493792 0.20850000 -0.00242217
v 0.00434927 0.20850000 -0.00336658
v 0.00358255 0.20850000 -0.00417317
v 0.00266916 0.20850000 -0.00480891
v 0.00164650 0.20850000 -0.00524777
v 0.00055643 0.20850000 -0.00547178
v -0.00055643 0.20850000 -0.00547178
v -0.00164650 0.20850000 -0.00524777
v -0.00266916 0.20850000 -0.00480891
v -0.00358255 0.20850000 -0.00417317
v -0.00434927 0.20850000 -0.00336658
v -0.00493792 0.20850000 -0.00242217
v -0.00532442 0.20850000 -0.00137859
v -0.00549294 0.20850000 -0.00027857
v -0.00543658 0.20850000 0.00083285
v -0.00515764 0.20850000 0.00191018
v -0.00466754 0.20850000 0.00290930
v -0.00398636 0.20850000 0.00378932
v -0.00314198 0.20850000 0.00451420
v -0.00216896 0.20850000 0.00505427
v -0.00110714 0.20850000 0.00538741
v -0.00269168 0.20850000 0.00806256
v -0.00136350 0.20850000 0.00838993
v -0.00000000 0.20850000 0.00850000
v 0.00767933 0.20850000 0.00364389
v 0.00816440 0.20850000 0.00236485
v 0.00843803 0.20850000 0.00102456
v 0.00849311 0.20850000 -0.00034226
v 0.00136350 0.20850000 0.00838993
v 0.00269168 0.20850000 0.00806256
v 0.00395015 0.20850000 0.00752638
v 0.00510631 0.20850000 0.00679526
v 0.00613022 0.20850000 0.00588816
v 0.00699536 0.20850000 0.00482855
v -0.00767933 0.20850000 0.00364389
v -0.00699536 0.20850000 0.00482855
v -0.00613022 0.20850000 0.00588816
v -0.00510631 0.20850000 0.00679526
v -0.00395015 0.20850000 0.00752638
v -0.00794764 0.20850000 -0.00301414
v -0.00832822 0.20850000 -0.00170022
v -0.00849311 0.20850000 -0.00034226
v -0.00843803 0.20850000 0.00102456
v -0.00816440 0.20850000 0.00236485
v -0.00333172 0.20850000 -0.00781982
v -0.00454296 0.20850000 -0.00718412
v -0.00563654 0.20850000 -0.00636234
v -0.00658414 0.20850000 -0.00537579
v -0.00736122 0.20850000 -0.00425000
v 0.00333172 0.20850000 -0.00781982
v 0.00203418 0.20850000 -0.00825301
v 0.00068397 0.20850000 -0.00847244
v -0.00068397 0.20850000 -0.00847244
v -0.00203418 0.20850000 -0.00825301
v 0.00832822 0.20850000 -0.00170022
v 0.00794764 0.20850000 -0.00301414
v 0.00736122 0.20850000 -0.00425000
v 0.00658414 0.20850000 -0.00537579
v 0.00563654 0.20850000 -0.00636234
v 0.00454296 0.20850000 -0.00718412
v -0.00000000 0.20514999 0.00695000
v -0.00000000 0.20565000 0.00695000
v -0.00111486 0.20514999 0.00686000
v -0.00055924 0.20565000 0.00692746
v -0.00111486 0.20565000 0.00686000
v -0.00166324 0.20565000 0.00674805
v -0.00220084 0.20514999 0.00659233
v -0.00220084 0.20565000 0.00659233
v -0.00272417 0.20565000 0.00639386
v -0.00322983 0.20514999 0.00615392
v -0.00322983 0.20565000 0.00615392
v -0.00417516 0.20514999 0.00555613
v -0.00371454 0.20565000 0.00587407
v -0.00417516 0.20565000 0.00555613
v -0.00501236 0.20514999 0.00481443
v -0.00460870 0.20565000 0.00520215
v -0.00501236 0.20565000 0.00481443
v -0.00571974 0.20514999 0.00394805
v -0.00538350 0.20565000 0.00439550
v -0.00571974 0.20565000 0.00394805
v -0.00627898 0.20514999 0.00297941
v -0.00601888 0.20565000 0.00347500
v -0.00627898 0.20565000 0.00297941
v -0.00667560 0.20514999 0.00193361
v -0.00649836 0.20565000 0.00246450
v -0.00667560 0.20565000 0.00193361
v -0.00689933 0.20514999 0.00083773
v -0.00680955 0.20565000 0.00139018
v -0.00689933 0.20565000 0.00083773
v -0.00694436 0.20514999 -0.00027985
v -0.00694436 0.20565000 0.00027985
v -0.00694436 0.20565000 -0.00027985
v -0.00680955 0.20514999 -0.00139018
v -0.00689933 0.20565000 -0.00083773
v -0.00680955 0.20565000 -0.00139018
v -0.00649836 0.20514999 -0.00246450
v -0.00667560 0.20565000 -0.00193361
v -0.00649836 0.20565000 -0.00246450
v -0.00601888 0.20514999 -0.00347500
v -0.00627898 0.20565000 -0.00297941
v -0.00601888 0.20565000 -0.00347500
v -0.00538350 0.20514999 -0.00439550
v -0.00571974 0.20565000 -0.00394805
v -0.00538350 0.20565000 -0.00439550
v -0.00460870 0.20514999 -0.00520215
v -0.00501236 0.20565000 -0.00481443
v -0.00460870 0.20565000 -0.00520215
v -0.00371454 0.20514999 -0.00587407
v -0.00417516 0.20565000 -0.00555613
v -0.00371454 0.20565000 -0.00587407
v -0.00272417 0.20514999 -0.00639386
v -0.00322983 0.20565000 -0.00615392
v -0.00272417 0.20565000 -0.00639386
v -0.00166324 0.20514999 -0.00674805
v -0.00220084 0.20565000 -0.00659233
v -0.00166324 0.20565000 -0.00674805
v -0.00055924 0.20514999 -0.00692746
v -0.00111486 0.20565000 -0.00686000
v -0.00055924 0.20565000 -0.00692746
v -0.00000000 0.20565000 -0.00695000
v 0.00055924 0.20514999 -0.00692746
v 0.00055924 0.20565000 -0.00692746
v 0.00111486 0.20565000 -0.00686000
v 0.00166324 0.20514999 -0.00674805
v 0.00166324 0.20565000 -0.00674805
v 0.00220084 0.20565000 -0.00659233
v 0.00272417 0.20514999 -0.00639386
v 0.00272417 0.20565000 -0.00639386
v 0.00322983 0.20565000 -0.00615392
v 0.00371454 0.20514999 -0.00587407
v 0.00371454 0.20565000 -0.00587407
v 0.00417516 0.20565000 -0.00555613
v 0.00460870 0.20514999 -0.00520215
v 0.00460870 0.20565000 -0.00520215
v 0.00501236 0.20565000 -0.00481443
v 0.00538350 0.20514999 -0.00439550
v 0.00538350 0.20565000 -0.00439550
v 0.00571974 0.20565000 -0.00394805
v 0.00601888 0.20514999 -0.00347500
v 0.00601888 0.20565000 -0.00347500
v 0.00627898 0.20565000 -0.00297941
v 0.00649836 0.20514999 -0.00246450
v 0.00649836 0.20565000 -0.00246450
v 0.00667560 0.20565000 -0.00193361
v 0.00680955 0.20514999 -0.00139018
v 0.00680955 0.20565000 -0.00139018
v 0.00689933 0.20565000 -0.00083773
v 0.00694436 0.20514999 -0.00027985
v 0.00694436 0.20565000 -0.00027985
v 0.00694436 0.20565000 0.00027985
v 0.00689933 0.20514999 0.00083773
v 0.00689933 0.20565000 0.00083773
v 0.00680955 0.20565000 0.00139018
v 0.00667560 0.20514999 0.00193361
v 0.00667560 0.20565000 0.00193361
v 0.00649836 0.20565000 0.00246450
v 0.00627898 0.20514999 0.00297941
v 0.00627898 0.20565000 0.00297941
v 0.00601888 0.20565000 0.00347500
v 0.00571974 0.20514999 0.00394805
v 0.00571974 0.20565000 0.00394805
v 0.00538350 0.20565000 0.00439550
v 0.00501236 0.20514999 0.00481443
v 0.00501236 0.20565000 0.00481443
v 0.00460870 0.20565000 0.00520215
v 0.00417516 0.20514999 0.00555613
v 0.00417516 0.20565000 0.00555613
v 0.00371454 0.20565000 0.00587407
v 0.00322983 0.20514999 0.00615392
v 0.00322983 0.20565000 0.00615392
v 0.00272417 0.20565000 0.00639386
v 0.00220084 0.20514999 0.00659233
v 0.00220084 0.20565000 0.00659233
v 0.00111486 0.20514999 0.00686000
v 0.00166324 0.20565000 0.00674805
v 0.00111486 0.20565000 0.00686000
v 0.00055924 0.20565000 0.00692746
v -0.00300974 0.20514999 -0.00270998
v -0.00238053 0.20514999 -0.00327652
v -0.00164728 0.20514999 -0.00369986
v -0.00084204 0.20514999 -0.00396150
v -0.00000000 0.20514999 -0.00405000
v -0.00402781 0.20514999 -0.00042334
v -0.00385178 0.20514999 -0.00125152
v -0.00350740 0.20514999 -0.00202500
v -0.00350740 0.20514999 0.00202500
v -0.00385178 0.20514999 0.00125152
v -0.00402781 0.20514999 0.00042334
v -0.00084204 0.20514999 0.00396150
v -0.00164728 0.20514999 0.00369986
v -0.00238053 0.20514999 0.00327652
v -0.00300974 0.20514999 0.00270998
v 0.00164728 0.20514999 0.00369986
v 0.00084204 0.20514999 0.00396150
v -0.00000000 0.20514999 0.00405000
v 0.00385178 0.20514999 -0.00125152
v 0.00402781 0.20514999 -0.00042334
v 0.00402781 0.20514999 0.00042334
v 0.00385178 0.20514999 0.00125152
v 0.00350740 0.20514999 0.00202500
v 0.00300974 0.20514999 0.00270998
v 0.00238053 0.20514999 0.00327652
v 0.00238053 0.20514999 -0.00327652
v 0.00300974 0.20514999 -0.00270998
v 0.00350740 0.20514999 -0.00202500
v 0.00084204 0.20514999 -0.00396150
v 0.00164728 0.20514999 -0.00369986
v -0.00000000 0.20545000 0.00405000
v 0.00084204 0.20545000 0.00396150
v 0.00164728 0.20545000 0.00369986
v 0.00238053 0.20545000 0.00327652
v 0.00300974 0.20545000 0.00270998
v 0.00350740 0.20545000 0.00202500
v 0.00385178 0.20545000 0.00125152
v 0.00402781 0.20545000 0.00042334
v 0.00402781 0.20545000 -0.00042334
v 0.00385178 0.20545000 -0.00125152
v 0.00350740 0.20545000 -0.00202500
v 0.00300974 0.20545000 -0.00270998
v 0.00238053 0.20545000 -0.00327652
v 0.00164728 0.20545000 -0.00369986
v 0.00084204 0.20545000 -0.00396150
v -0.00000000 0.20545000 -0.00405000
v -0.00084204 0.20545000 -0.00396150
v -0.00164728 0.20545000 -0.00369986
v -0.00238053 0.20545000 -0.00327652
v -0.00300974 0.20545000 -0.00270998
v -0.00350740 0.20545000 -0.00202500
v -0.00385178 0.20545000 -0.00125152
v -0.00402781 0.20545000 -0.00042334
v -0.00402781 0.20545000 0.00042334
v -0.00385178 0.20545000 0.00125152
v -0.00350740 0.20545000 0.00202500
v -0.00300974 0.20545000 0.00270998
v -0.00238053 0.20545000 0.00327652
v -0.00164728 0.20545000 0.00369986
v -0.00084204 0.20545000 0.00396150
v -0.00074188 0.20640001 -0.00300992
v -0.00126088 0.20640001 -0.00283199
v -0.00144064 0.20640001 -0.00274491
v -0.00182213 0.20640001 -0.00250795
v -0.00205568 0.20640001 -0.00232038
v -0.00230375 0.20640001 -0.00207430
v -0.00255125 0.20640001 -0.00176100
v -0.00268468 0.20640001 -0.00155000
v -0.00289855 0.20640001 -0.00109928
v -0.00294828 0.20640001 -0.00095795
v -0.00307740 0.20640001 -0.00037366
v -0.00308302 0.20640001 -0.00032404
v -0.00308302 0.20640001 0.00032404
v -0.00307740 0.20640001 0.00037366
v -0.00294828 0.20640001 0.00095795
v -0.00289855 0.20640001 0.00109928
v -0.00268468 0.20640001 0.00155000
v -0.00255125 0.20640001 0.00176100
v -0.00230375 0.20640001 0.00207430
v -0.00205568 0.20640001 0.00232038
v -0.00182213 0.20640001 0.00250795
v -0.00144064 0.20640001 0.00274491
v -0.00126088 0.20640001 0.00283199
v -0.00074188 0.20640001 0.00300992
v -0.00064453 0.20640001 0.00303226
v -0.00000000 0.20640001 0.00310000
v 0.00064453 0.20640001 0.00303226
v 0.00074188 0.20640001 0.00300992
v 0.00126088 0.20640001 0.00283199
v 0.00144064 0.20640001 0.00274491
v 0.00182213 0.20640001 0.00250795
v 0.00205568 0.20640001 0.00232038
v 0.00230375 0.20640001 0.00207430
v 0.00255125 0.20640001 0.00176100
v 0.00268468 0.20640001 0.00155000
v 0.00289855 0.20640001 0.00109928
v 0.00294828 0.20640001 0.00095795
v 0.00307740 0.20640001 0.00037366
v 0.00308302 0.20640001 0.00032404
v 0.00308302 0.20640001 -0.00032404
v 0.00307740 0.20640001 -0.00037366
v 0.00294828 0.20640001 -0.00095795
v 0.00289855 0.20640001 -0.00109928
v 0.00268468 0.20640001 -0.00155000
v 0.00255125 0.20640001 -0.00176100
v 0.00230375 0.20640001 -0.00207430
v 0.00205568 0.20640001 -0.00232038
v 0.00182213 0.20640001 -0.00250795
v 0.00144064 0.20640001 -0.00274491
v 0.00126088 0.20640001 -0.00283199
v 0.00074188 0.20640001 -0.00300992
v 0.00064453 0.20640001 -0.00303226
v -0.00000000 0.20640001 -0.00310000
v -0.00064453 0.20640001 -0.00303226
v -0.00000000 0.20745000 0.00310000
v 0.00074188 0.20745000 0.00300992
v 0.00144064 0.20745000 0.00274491
v 0.00205568 0.20745000 0.00232038
v 0.00255125 0.20745000 0.00176100
v 0.00289855 0.20745000 0.00109928
v 0.00307740 0.20745000 0.00037366
v 0.00307740 0.20745000 -0.00037366
v 0.00289855 0.20745000 -0.00109928
v 0.00255125 0.20745000 -0.00176100
v 0.00205568 0.20745000 -0.00232038
v 0.00144064 0.20745000 -0.00274491
v 0.00074188 0.20745000 -0.00300992
v -0.00000000 0.20745000 -0.00310000
v -0.00074188 0.20745000 -0.00300992
v -0.00144064 0.20745000 -0.00274491
v -0.00205568 0.20745000 -0.00232038
v -0.00255125 0.20745000 -0.00176100
v -0.00289855 0.20745000 -0.00109928
v -0.00307740 0.20745000 -0.00037366
v -0.00307740 0.20745000 0.00037366
v -0.00289855 0.20745000 0.00109928
v -0.00255125 0.20745000 0.00176100
v -0.00205568 0.20745000 0.00232038
v -0.00144064 0.20745000 0.00274491
v -0.00074188 0.20745000 0.00300992
v -0.00446003 0.20745000 0.00257500
v -0.00398922 0.20745000 0.00325709
v -0.00041440 0.20745000 0.00513330
v -0.00341508 0.20745000 0.00385483
v -0.00275250 0.20745000 0.00435273
v -0.00201863 0.20745000 0.00473789
v -0.00123248 0.20745000 0.00500035
v -0.00465277 0.20745000 -0.00220777
v -0.00494667 0.20745000 -0.00143282
v -0.00000000 0.20745000 0.00515000
v 0.00041440 0.20745000 0.00513330
v 0.00123248 0.20745000 0.00500035
v -0.00511245 0.20745000 -0.00062076
v -0.00514582 0.20745000 0.00020737
v -0.00504592 0.20745000 0.00103013
v -0.00481533 0.20745000 0.00182622
v -0.00309382 0.20745000 -0.00411713
v -0.00371419 0.20745000 -0.00356753
v -0.00423837 0.20745000 -0.00292553
v 0.00201863 0.20745000 0.00473789
v 0.00275250 0.20745000 0.00435273
v 0.00341508 0.20745000 0.00385483
v -0.00082612 0.20745000 -0.00508331
v -0.00163084 0.20745000 -0.00488496
v -0.00239332 0.20745000 -0.00456010
v 0.00082612 0.20745000 -0.00508331
v -0.00000000 0.20745000 -0.00515000
v 0.00309382 0.20745000 -0.00411713
v 0.00239332 0.20745000 -0.00456010
v 0.00163084 0.20745000 -0.00488496
v 0.00465277 0.20745000 -0.00220777
v 0.00423837 0.20745000 -0.00292553
v 0.00371419 0.20745000 -0.00356753
v 0.00514582 0.20745000 0.00020737
v 0.00511245 0.20745000 -0.00062076
v 0.00494667 0.20745000 -0.00143282
v 0.00398922 0.20745000 0.00325709
v 0.00446003 0.20745000 0.00257500
v 0.00481533 0.20745000 0.00182622
v 0.00504592 0.20745000 0.00103013
v 0.01285000 0.21990000 -0.01995000
v 0.01285000 0.22055000 -0.01995000
v 0.01550000 0.21789999 -0.01995000
v 0.00450000 0.21789999 -0.01995000
v 0.00715000 0.22055000 -0.01995000
v 0.00715000 0.21990000 -0.01995000
v 0.00715000 0.21010000 -0.01995000
v 0.00715000 0.20945001 -0.01995000
v 0.00450000 0.21210000 -0.01995000
v 0.01550000 0.21210000 -0.01995000
v 0.01285000 0.20945001 -0.01995000
v 0.01285000 0.21010000 -0.01995000
v 0.01019465 0.21809389 -0.01995000
v 0.00941912 0.21804509 -0.01995000
v 0.00868008 0.21780497 -0.01995000
v 0.00802399 0.21738859 -0.01995000
v 0.00749205 0.21682213 -0.01995000
v 0.00711769 0.21614118 -0.01995000
v 0.01300261 0.21577094 -0.01995000
v 0.01310000 0.21500000 -0.01995000
v 0.01300261 0.21422906 -0.01995000
v 0.01271655 0.21350656 -0.01995000
v 0.00802399 0.21261141 -0.01995000
v 0.00749205 0.21317786 -0.01995000
v 0.00711769 0.21385881 -0.01995000
v 0.01271655 0.21649344 -0.01995000
v 0.01225980 0.21712209 -0.01995000
v 0.01166106 0.21761742 -0.01995000
v 0.01095795 0.21794827 -0.01995000
v 0.01019465 0.21190612 -0.01995000
v 0.00941912 0.21195491 -0.01995000
v 0.00868008 0.21219504 -0.01995000
v 0.00692444 0.21538854 -0.01995000
v 0.00690000 0.21500000 -0.01995000
v 0.00692444 0.21461147 -0.01995000
v 0.01095795 0.21205172 -0.01995000
v 0.01166106 0.21238258 -0.01995000
v 0.01225980 0.21287790 -0.01995000
v 0.01285000 0.22440000 -0.01860000
v 0.00715000 0.22440000 -0.01860000
v 0.01285000 0.22055000 -0.01860000
v 0.00715000 0.22055000 -0.01860000
v 0.01271655 0.21649344 -0.01860000
v 0.01300261 0.21577094 -0.01860000
v 0.01550000 0.21789999 -0.01860000
v 0.01550000 0.21210000 -0.01860000
v 0.00715000 0.20559999 -0.01860000
v 0.01285000 0.20559999 -0.01860000
v 0.00715000 0.20945001 -0.01860000
v 0.01285000 0.20945001 -0.01860000
v 0.01300261 0.21422906 -0.01860000
v 0.01271655 0.21350656 -0.01860000
v 0.01225980 0.21287790 -0.01860000
v 0.01166106 0.21238258 -0.01860000
v 0.01019465 0.21190612 -0.01860000
v 0.00941912 0.21195491 -0.01860000
v 0.00868008 0.21219504 -0.01860000
v 0.00802399 0.21261141 -0.01860000
v 0.00450000 0.21210000 -0.01860000
v 0.01166106 0.21761742 -0.01860000
v 0.01225980 0.21712209 -0.01860000
v 0.00692444 0.21538854 -0.01860000
v 0.00711769 0.21614118 -0.01860000
v 0.00450000 0.21789999 -0.01860000
v 0.00868008 0.21780497 -0.01860000
v 0.00941912 0.21804509 -0.01860000
v 0.01019465 0.21809389 -0.01860000
v 0.00802399 0.21738859 -0.01860000
v 0.00711769 0.21385881 -0.01860000
v 0.00692444 0.21461147 -0.01860000
v 0.00690000 0.21500000 -0.01860000
v 0.01285000 0.20559999 -0.02145000
v 0.01285000 0.21010000 -0.02145000
v 0.00715000 0.20559999 -0.02145000
v 0.00715000 0.21010000 -0.02145000
v 0.00715000 0.22440000 -0.02145000
v 0.00715000 0.21990000 -0.02145000
v 0.01285000 0.22440000 -0.02145000
v 0.01285000 0.21990000 -0.02145000
v -0.00715000 0.21990000 -0.01995000
v -0.00715000 0.22055000 -0.01995000
v -0.00450000 0.21789999 -0.01995000
v -0.01285000 0.21010000 -0.01995000
v -0.01285000 0.20945001 -0.01995000
v -0.01550000 0.21210000 -0.01995000
v -0.01550000 0.21789999 -0.01995000
v -0.01285000 0.22055000 -0.01995000
v -0.01285000 0.21990000 -0.01995000
v -0.00450000 0.21210000 -0.01995000
v -0.00715000 0.20945001 -0.01995000
v -0.00715000 0.21010000 -0.01995000
v -0.00980535 0.21809389 -0.01995000
v -0.01058088 0.21804509 -0.01995000
v -0.01131992 0.21780497 -0.01995000
v -0.01197601 0.21738859 -0.01995000
v -0.01250795 0.21682213 -0.01995000
v -0.01288231 0.21614118 -0.01995000
v -0.01307556 0.21538854 -0.01995000
v -0.01310000 0.21500000 -0.01995000
v -0.01307556 0.21461147 -0.01995000
v -0.01197601 0.21261141 -0.01995000
v -0.01250795 0.21317786 -0.01995000
v -0.01288231 0.21385881 -0.01995000
v -0.01131992 0.21219504 -0.01995000
v -0.01058088 0.21195491 -0.01995000
v -0.00980535 0.21190612 -0.01995000
v -0.00699739 0.21577094 -0.01995000
v -0.00728345 0.21649344 -0.01995000
v -0.00774020 0.21712209 -0.01995000
v -0.00833894 0.21761742 -0.01995000
v -0.00904205 0.21794827 -0.01995000
v -0.00774020 0.21287790 -0.01995000
v -0.00833894 0.21238258 -0.01995000
v -0.00904205 0.21205172 -0.01995000
v -0.00728345 0.21350656 -0.01995000
v -0.00699739 0.21422906 -0.01995000
v -0.00690000 0.21500000 -0.01995000
v -0.01285000 0.22055000 -0.01860000
v -0.01197601 0.21738859 -0.01860000
v -0.01131992 0.21780497 -0.01860000
v -0.00715000 0.22055000 -0.01860000
v -0.01058088 0.21804509 -0.01860000
v -0.00980535 0.21809389 -0.01860000
v -0.01310000 0.21500000 -0.01860000
v -0.01307556 0.21538854 -0.01860000
v -0.01288231 0.21614118 -0.01860000
v -0.00715000 0.22440000 -0.01860000
v -0.01285000 0.22440000 -0.01860000
v -0.01058088 0.21195491 -0.01860000
v -0.00715000 0.20945001 -0.01860000
v -0.00980535 0.21190612 -0.01860000
v -0.00833894 0.21761742 -0.01860000
v -0.00450000 0.21789999 -0.01860000
v -0.00774020 0.21712209 -0.01860000
v -0.00728345 0.21649344 -0.01860000
v -0.01285000 0.20559999 -0.01860000
v -0.00715000 0.20559999 -0.01860000
v -0.01285000 0.20945001 -0.01860000
v -0.01550000 0.21210000 -0.01860000
v -0.01131992 0.21219504 -0.01860000
v -0.01197601 0.21261141 -0.01860000
v -0.01288231 0.21385881 -0.01860000
v -0.00699739 0.21577094 -0.01860000
v -0.00450000 0.21210000 -0.01860000
v -0.00699739 0.21422906 -0.01860000
v -0.00728345 0.21350656 -0.01860000
v -0.00774020 0.21287790 -0.01860000
v -0.00833894 0.21238258 -0.01860000
v -0.01550000 0.21789999 -0.01860000
v -0.01307556 0.21461147 -0.01860000
v -0.01285000 0.21010000 -0.02145000
v -0.01285000 0.20559999 -0.02145000
v -0.01285000 0.22440000 -0.02145000
v -0.01285000 0.21990000 -0.02145000
v -0.00715000 0.22440000 -0.02145000
v -0.00715000 0.21990000 -0.02145000
v -0.00715000 0.20559999 -0.02145000
v -0.00715000 0.21010000 -0.02145000
f 1 2 3
f 4 5 6
f 7 8 9
f 9 8 10
f 11 12 13
f 14 15 16
f 10 8 6
f 6 8 17
f 6 17 18
f 1 19 20
f 11 13 21
f 6 5 22
f 18 23 6
f 6 23 24
f 6 24 4
f 25 26 1
f 1 26 27
f 28 19 29
f 29 19 30
f 14 16 31
f 31 16 32
f 31 32 33
f 20 34 1
f 1 34 35
f 1 35 13
f 13 35 36
f 13 36 37
f 3 38 1
f 1 38 39
f 1 39 25
f 25 39 40
f 25 40 41
f 41 40 42
f 41 42 43
f 43 42 44
f 43 44 45
f 46 47 14
f 14 47 48
f 14 48 15
f 15 48 49
f 15 49 50
f 50 49 51
f 50 51 28
f 28 51 52
f 28 52 19
f 37 53 13
f 13 53 54
f 13 54 22
f 55 56 57
f 57 56 58
f 57 58 59
f 59 58 43
f 59 43 60
f 60 43 45
f 5 61 22
f 22 61 62
f 22 62 13
f 13 62 63
f 13 63 21
f 27 64 1
f 1 64 65
f 1 65 19
f 19 65 66
f 19 66 30
f 55 57 67
f 67 68 55
f 55 68 69
f 55 69 70
f 71 72 73
f 73 72 74
f 69 75 70
f 70 75 76
f 70 76 72
f 72 76 77
f 72 77 74
f 78 79 80
f 81 82 83
f 83 82 84
f 84 82 85
f 84 85 86
f 83 87 81
f 81 87 88
f 81 88 89
f 88 90 89
f 89 90 91
f 89 91 92
f 86 85 93
f 93 85 94
f 93 94 95
f 95 94 96
f 95 96 79
f 79 96 97
f 79 97 80
f 46 14 98
f 98 14 99
f 98 99 100
f 100 99 101
f 100 101 92
f 92 101 102
f 92 102 89
f 78 80 103
f 103 80 31
f 103 31 33
f 104 105 106
f 107 108 109
f 108 110 109
f 109 110 111
f 109 111 112
f 91 90 113
f 113 90 114
f 115 116 117
f 117 116 118
f 115 119 116
f 116 119 120
f 116 120 121
f 121 120 122
f 121 122 107
f 123 124 125
f 125 124 126
f 125 126 116
f 116 126 127
f 116 127 118
f 125 128 129
f 130 131 129
f 129 131 132
f 129 132 125
f 125 132 133
f 125 133 123
f 134 135 129
f 129 135 136
f 129 136 130
f 137 138 139
f 139 138 140
f 139 140 141
f 141 140 142
f 141 142 71
f 143 144 145
f 143 145 146
f 146 145 147
f 146 147 137
f 148 149 150
f 150 151 148
f 148 151 152
f 148 152 143
f 143 152 153
f 143 153 144
f 154 155 156
f 156 155 148
f 148 155 157
f 148 157 149
f 158 93 159
f 159 93 95
f 158 160 161
f 161 160 162
f 161 162 163
f 164 165 166
f 167 164 168
f 168 164 166
f 168 166 169
f 71 73 141
f 141 73 74
f 141 74 170
f 170 74 77
f 170 77 171
f 166 172 169
f 169 172 173
f 169 173 174
f 137 139 146
f 146 139 141
f 146 141 175
f 175 141 170
f 175 170 176
f 176 170 171
f 176 171 167
f 173 177 174
f 174 177 178
f 174 178 179
f 179 178 180
f 180 181 179
f 179 181 182
f 179 182 183
f 182 184 183
f 183 184 185
f 183 185 186
f 185 187 186
f 186 187 188
f 186 188 189
f 188 190 189
f 189 190 191
f 189 191 192
f 191 193 192
f 192 193 194
f 192 194 195
f 194 196 195
f 195 196 197
f 195 197 198
f 197 199 198
f 198 199 200
f 198 200 201
f 200 202 201
f 201 202 203
f 201 203 204
f 107 109 121
f 121 109 205
f 121 205 206
f 206 205 207
f 206 207 208
f 208 207 209
f 208 209 210
f 210 209 211
f 210 211 212
f 212 211 213
f 212 213 214
f 214 213 161
f 214 161 156
f 156 161 163
f 156 163 154
f 158 161 93
f 93 161 213
f 93 213 86
f 86 213 211
f 86 211 84
f 84 211 209
f 84 209 83
f 83 209 207
f 83 207 87
f 87 207 205
f 87 205 88
f 88 205 109
f 88 109 90
f 90 109 112
f 90 112 114
f 203 215 204
f 204 215 216
f 204 216 217
f 216 218 217
f 217 218 219
f 217 219 220
f 221 222 223
f 223 222 220
f 223 220 224
f 224 220 219
f 167 168 176
f 176 168 169
f 176 169 175
f 175 169 174
f 175 174 146
f 146 174 179
f 146 179 143
f 143 179 183
f 143 183 148
f 148 183 186
f 148 186 156
f 156 186 189
f 156 189 214
f 214 189 192
f 214 192 212
f 212 192 195
f 212 195 210
f 210 195 198
f 210 198 208
f 208 198 201
f 208 201 206
f 206 201 204
f 206 204 121
f 121 204 217
f 121 217 116
f 116 217 220
f 116 220 125
f 125 220 222
f 125 222 128
f 225 226 227
f 227 226 228
f 227 228 229
f 229 228 106
f 229 106 230
f 230 106 105
f 221 104 222
f 222 104 106
f 222 106 128
f 128 106 228
f 128 228 129
f 129 228 226
f 129 226 134
f 134 226 225
f 134 225 231
f 232 233 234
f 234 233 235
f 234 235 236
f 236 235 237
f 236 237 238
f 238 237 239
f 238 239 240
f 240 239 241
f 240 241 242
f 242 241 243
f 242 243 244
f 244 243 245
f 244 245 246
f 246 245 247
f 246 247 248
f 248 247 249
f 248 249 250
f 250 249 251
f 250 251 252
f 252 251 253
f 252 253 254
f 254 253 255
f 254 255 256
f 256 255 257
f 256 257 258
f 258 257 259
f 258 259 260
f 260 259 261
f 260 261 232
f 232 261 233
f 262 8 7
f 263 264 7
f 7 264 265
f 7 265 262
f 266 267 263
f 263 267 268
f 263 268 264
f 135 134 266
f 266 134 231
f 266 231 267
f 269 270 271
f 271 270 272
f 271 272 273
f 273 272 274
f 273 274 275
f 275 274 276
f 275 276 277
f 277 276 278
f 277 278 279
f 279 278 280
f 279 280 281
f 281 280 282
f 281 282 283
f 283 282 284
f 283 284 285
f 285 284 286
f 285 286 287
f 287 286 288
f 287 288 289
f 289 288 290
f 289 290 291
f 291 290 292
f 291 292 293
f 293 292 294
f 293 294 295
f 295 294 296
f 295 296 297
f 297 296 298
f 297 298 269
f 269 298 270
f 299 300 301
f 302 303 304
f 302 304 305
f 306 299 307
f 307 299 301
f 307 301 304
f 304 301 308
f 304 308 305
f 309 310 311
f 312 313 314
f 315 313 311
f 311 313 316
f 311 316 309
f 317 318 315
f 315 318 319
f 315 319 313
f 313 319 320
f 313 320 314
f 314 321 312
f 312 321 322
f 312 322 323
f 323 322 324
f 323 324 325
f 325 326 323
f 323 326 327
f 323 327 328
f 310 329 311
f 311 329 13
f 311 13 330
f 330 13 12
f 330 12 301
f 310 331 329
f 329 331 332
f 329 332 333
f 333 332 334
f 334 335 333
f 333 335 336
f 333 336 337
f 307 304 338
f 338 304 339
f 340 341 342
f 343 344 1
f 1 344 345
f 1 345 346
f 346 317 1
f 1 317 315
f 1 315 2
f 2 315 347
f 2 347 308
f 342 341 1
f 1 341 348
f 1 348 343
f 349 350 342
f 342 350 351
f 342 351 340
f 352 353 354
f 355 356 357
f 339 358 338
f 338 358 359
f 338 359 360
f 361 355 315
f 315 355 357
f 315 357 347
f 347 357 362
f 362 363 347
f 347 363 364
f 347 364 365
f 366 367 368
f 368 367 338
f 368 338 330
f 360 352 338
f 338 352 354
f 338 354 330
f 330 354 369
f 330 369 311
f 311 369 370
f 311 370 371
f 372 373 374
f 374 373 347
f 374 347 339
f 339 347 365
f 339 365 358
f 375 376 377
f 377 376 359
f 377 359 378
f 378 359 358
f 371 379 311
f 311 379 380
f 311 380 315
f 315 380 381
f 315 381 361
f 382 383 384
f 384 383 381
f 384 381 385
f 385 381 380
f 386 387 388
f 389 390 391
f 391 390 392
f 391 392 393
f 392 394 393
f 393 394 395
f 393 395 396
f 397 398 389
f 389 398 399
f 389 399 390
f 400 401 402
f 402 401 403
f 402 403 397
f 397 403 404
f 397 404 398
f 386 405 387
f 387 405 406
f 387 406 407
f 408 409 410
f 410 409 411
f 410 411 412
f 413 414 415
f 415 414 416
f 415 416 417
f 417 416 418
f 417 418 400
f 400 418 419
f 400 419 401
f 413 415 420
f 420 415 421
f 420 421 388
f 388 421 422
f 388 422 386
f 395 423 396
f 396 423 424
f 396 424 408
f 408 424 425
f 408 425 409
f 407 406 426
f 426 406 427
f 426 427 428
f 411 429 412
f 412 429 430
f 412 430 431
f 431 430 432
f 431 432 433
f 433 432 434
f 433 434 427
f 427 434 435
f 427 435 428
f 436 327 437
f 437 327 326
f 437 326 438
f 438 326 439
f 440 441 442
f 442 441 443
f 442 443 444
f 326 445 439
f 439 445 446
f 439 446 447
f 448 449 450
f 450 449 451
f 450 451 452
f 452 451 453
f 452 453 454
f 454 453 455
f 454 455 456
f 456 455 457
f 456 457 458
f 458 457 459
f 458 459 440
f 440 459 460
f 440 460 441
f 436 461 327
f 327 461 462
f 327 462 463
f 463 462 464
f 465 466 462
f 462 466 467
f 462 467 464
f 468 469 470
f 470 469 471
f 470 471 448
f 448 471 472
f 448 472 449
f 446 473 447
f 447 473 474
f 447 474 475
f 475 474 476
f 475 476 477
f 477 476 478
f 477 478 468
f 468 478 479
f 468 479 469
f 443 480 444
f 444 480 481
f 444 481 482
f 482 481 483
f 482 483 484
f 484 483 485
f 484 485 486
f 486 485 465
f 486 465 487
f 487 465 462
f 488 489 490
f 491 492 493
f 493 492 494
f 493 494 495
f 496 497 498
f 498 497 489
f 498 489 499
f 499 489 488
f 500 501 490
f 490 501 502
f 490 502 488
f 503 504 505
f 496 506 497
f 497 506 507
f 497 507 494
f 494 507 508
f 494 508 495
f 509 510 511
f 491 512 492
f 492 512 513
f 492 513 510
f 510 513 514
f 510 514 511
f 504 515 505
f 505 515 516
f 505 516 500
f 500 516 517
f 500 517 501
f 503 505 518
f 518 505 519
f 518 519 520
f 521 522 523
f 519 524 520
f 520 524 523
f 520 523 525
f 525 523 522
f 511 526 509
f 509 526 527
f 509 527 528
f 528 527 529
f 528 529 523
f 523 529 530
f 523 530 521
f 529 531 532
f 529 532 530
f 532 533 530
f 530 533 534
f 530 534 521
f 534 535 521
f 521 535 536
f 521 536 522
f 536 537 522
f 522 537 538
f 522 538 525
f 539 2 540
f 540 2 308
f 539 541 2
f 2 541 542
f 2 542 538
f 538 542 520
f 538 520 525
f 531 529 165
f 165 529 527
f 166 165 527
f 166 527 172
f 172 527 526
f 172 526 173
f 173 526 511
f 173 511 177
f 177 511 178
f 178 511 514
f 178 514 180
f 180 514 181
f 181 514 513
f 181 513 182
f 182 513 184
f 184 513 512
f 184 512 185
f 185 512 187
f 187 512 491
f 187 491 188
f 188 491 190
f 190 491 493
f 190 493 191
f 191 493 193
f 193 493 495
f 193 495 194
f 194 495 196
f 196 495 508
f 196 508 197
f 197 508 199
f 199 508 507
f 199 507 200
f 200 507 202
f 202 507 506
f 202 506 203
f 203 506 215
f 215 506 496
f 215 496 216
f 216 496 218
f 218 496 498
f 218 498 219
f 219 498 224
f 224 498 499
f 224 499 223
f 223 499 221
f 221 499 488
f 221 488 104
f 104 488 502
f 104 502 105
f 105 502 501
f 105 501 230
f 230 501 543
f 543 501 517
f 544 545 12
f 12 545 546
f 12 546 301
f 544 12 547
f 547 12 548
f 547 548 518
f 518 548 549
f 518 549 503
f 503 549 550
f 503 550 504
f 550 551 504
f 504 551 552
f 504 552 515
f 515 552 553
f 515 553 516
f 516 553 543
f 516 543 517
f 554 555 329
f 329 555 556
f 329 556 13
f 554 329 557
f 557 329 558
f 557 558 388
f 388 558 559
f 388 559 420
f 420 559 560
f 420 560 413
f 560 561 413
f 413 561 562
f 413 562 414
f 414 562 563
f 414 563 416
f 416 563 564
f 416 564 418
f 565 419 564
f 564 419 418
f 566 567 432
f 566 432 568
f 568 432 430
f 568 430 569
f 569 430 429
f 569 429 570
f 570 429 571
f 571 429 411
f 571 411 572
f 572 411 573
f 573 411 409
f 573 409 574
f 574 409 575
f 575 409 425
f 575 425 576
f 576 425 577
f 577 425 424
f 577 424 578
f 578 424 579
f 579 424 423
f 579 423 580
f 580 423 581
f 581 423 395
f 581 395 582
f 582 395 583
f 583 395 394
f 583 394 584
f 584 394 585
f 585 394 392
f 585 392 586
f 586 392 587
f 587 392 390
f 587 390 588
f 588 390 589
f 589 390 399
f 589 399 590
f 590 399 591
f 591 399 398
f 591 398 592
f 592 398 593
f 593 398 404
f 593 404 594
f 594 404 595
f 595 404 403
f 595 403 596
f 596 403 401
f 596 401 597
f 597 401 419
f 597 419 565
f 598 434 567
f 567 434 432
f 435 434 598
f 598 599 435
f 435 599 600
f 435 600 428
f 600 601 428
f 428 601 602
f 428 602 426
f 602 603 426
f 426 603 604
f 426 604 407
f 407 604 605
f 407 605 606
f 342 1 607
f 607 608 342
f 342 608 609
f 342 609 610
f 610 609 611
f 610 611 606
f 606 611 387
f 606 387 407
f 612 400 613
f 613 400 402
f 613 402 614
f 614 402 397
f 614 397 615
f 615 397 389
f 615 389 616
f 616 389 391
f 616 391 617
f 617 391 393
f 617 393 618
f 618 393 396
f 618 396 619
f 619 396 408
f 619 408 620
f 620 408 410
f 620 410 621
f 621 410 412
f 621 412 622
f 622 412 431
f 622 431 623
f 623 431 433
f 623 433 624
f 624 433 427
f 624 427 625
f 625 427 406
f 625 406 626
f 626 406 405
f 626 405 627
f 627 405 386
f 627 386 628
f 628 386 422
f 628 422 629
f 629 422 421
f 629 421 630
f 630 421 415
f 630 415 631
f 631 415 417
f 631 417 612
f 612 417 400
f 63 62 632
f 17 8 262
f 23 18 633
f 633 18 17
f 5 4 634
f 634 4 24
f 634 24 23
f 62 61 632
f 632 61 5
f 632 5 635
f 21 548 11
f 11 548 12
f 17 262 633
f 633 262 265
f 633 265 636
f 636 265 264
f 636 264 637
f 637 264 268
f 637 268 638
f 638 268 267
f 638 267 639
f 23 633 634
f 634 633 636
f 634 636 640
f 640 636 637
f 640 637 641
f 641 637 638
f 641 638 642
f 642 638 639
f 642 639 643
f 5 634 635
f 635 634 640
f 635 640 644
f 644 640 641
f 644 641 645
f 645 641 642
f 645 642 646
f 646 642 643
f 646 643 647
f 21 63 548
f 548 63 632
f 548 632 549
f 549 632 635
f 549 635 550
f 550 635 644
f 550 644 551
f 551 644 645
f 551 645 552
f 552 645 646
f 552 646 553
f 553 646 647
f 553 647 543
f 230 543 647
f 230 647 229
f 229 647 643
f 229 643 227
f 227 643 639
f 227 639 225
f 225 639 267
f 225 267 231
f 531 165 164
f 531 164 648
f 648 164 167
f 648 167 649
f 649 167 171
f 649 171 650
f 650 171 77
f 650 77 76
f 59 651 652
f 651 59 60
f 45 44 653
f 2 538 3
f 3 538 38
f 44 42 654
f 654 42 40
f 654 40 39
f 45 653 60
f 650 76 75
f 532 531 655
f 655 531 648
f 532 655 533
f 533 655 656
f 533 656 534
f 650 75 657
f 657 75 69
f 657 69 658
f 658 69 68
f 658 68 659
f 659 68 67
f 659 67 652
f 652 67 57
f 652 57 59
f 60 653 651
f 651 653 660
f 651 660 652
f 652 660 661
f 652 661 659
f 659 661 662
f 659 662 658
f 658 662 663
f 658 663 657
f 657 663 649
f 657 649 650
f 44 654 653
f 653 654 664
f 653 664 660
f 660 664 665
f 660 665 661
f 661 665 656
f 661 656 662
f 662 656 655
f 662 655 663
f 663 655 648
f 663 648 649
f 534 656 535
f 535 656 665
f 535 665 536
f 536 665 664
f 536 664 537
f 537 664 654
f 537 654 538
f 538 654 39
f 538 39 38
f 328 327 463
f 337 336 666
f 335 334 667
f 310 309 668
f 334 332 668
f 668 332 331
f 668 331 310
f 335 667 336
f 337 666 333
f 323 328 669
f 309 316 668
f 668 316 313
f 668 313 669
f 669 313 312
f 669 312 323
f 328 463 669
f 669 463 464
f 669 464 670
f 670 464 467
f 670 467 671
f 671 467 466
f 671 466 672
f 672 466 465
f 672 465 673
f 334 668 667
f 667 668 669
f 667 669 674
f 674 669 670
f 674 670 675
f 675 670 671
f 675 671 676
f 676 671 672
f 676 672 677
f 677 672 673
f 677 673 678
f 336 667 666
f 666 667 674
f 666 674 679
f 679 674 675
f 679 675 680
f 680 675 676
f 680 676 681
f 681 676 677
f 681 677 682
f 682 677 678
f 682 678 683
f 329 333 558
f 558 333 666
f 558 666 559
f 559 666 679
f 559 679 560
f 560 679 680
f 560 680 561
f 561 680 681
f 561 681 562
f 562 681 682
f 562 682 563
f 563 682 683
f 563 683 564
f 565 564 683
f 565 683 684
f 684 683 678
f 684 678 685
f 685 678 673
f 685 673 686
f 686 673 465
f 686 465 485
f 565 684 687
f 688 567 566
f 689 690 691
f 478 689 692
f 690 688 693
f 693 688 566
f 693 566 694
f 566 568 694
f 694 568 569
f 694 569 695
f 569 570 695
f 695 570 571
f 695 571 696
f 696 571 572
f 572 573 696
f 696 573 574
f 696 574 697
f 574 575 697
f 697 575 576
f 697 576 698
f 576 577 698
f 698 577 578
f 698 578 699
f 578 579 699
f 699 579 580
f 699 580 700
f 580 581 700
f 700 581 582
f 700 582 701
f 582 583 701
f 701 583 584
f 701 584 702
f 584 585 702
f 702 585 586
f 702 586 703
f 586 587 703
f 703 587 588
f 703 588 704
f 588 589 704
f 704 589 590
f 704 590 705
f 590 591 705
f 705 591 592
f 705 592 706
f 592 593 706
f 706 593 594
f 706 594 707
f 594 595 707
f 707 595 596
f 707 596 687
f 687 596 597
f 687 597 565
f 690 693 691
f 691 693 694
f 691 694 708
f 708 694 695
f 708 695 709
f 709 695 696
f 709 696 710
f 710 696 697
f 710 697 711
f 711 697 698
f 711 698 712
f 712 698 699
f 712 699 713
f 713 699 700
f 713 700 714
f 714 700 701
f 714 701 715
f 715 701 702
f 715 702 716
f 716 702 703
f 716 703 717
f 717 703 704
f 717 704 718
f 718 704 705
f 718 705 719
f 719 705 706
f 719 706 720
f 720 706 707
f 720 707 721
f 721 707 687
f 721 687 722
f 722 687 684
f 722 684 685
f 689 691 692
f 692 691 708
f 692 708 723
f 723 708 709
f 723 709 724
f 724 709 710
f 724 710 725
f 725 710 711
f 725 711 726
f 726 711 712
f 726 712 727
f 727 712 713
f 727 713 728
f 728 713 714
f 728 714 729
f 729 714 715
f 729 715 730
f 730 715 716
f 730 716 731
f 731 716 717
f 731 717 732
f 732 717 718
f 732 718 733
f 733 718 719
f 733 719 734
f 734 719 720
f 734 720 735
f 735 720 721
f 735 721 736
f 736 721 722
f 736 722 737
f 737 722 685
f 737 685 686
f 478 692 479
f 479 692 723
f 479 723 469
f 469 723 724
f 469 724 471
f 471 724 725
f 471 725 472
f 472 725 726
f 472 726 449
f 449 726 727
f 449 727 451
f 451 727 728
f 451 728 453
f 453 728 729
f 453 729 455
f 455 729 730
f 455 730 457
f 457 730 731
f 457 731 459
f 459 731 732
f 459 732 460
f 460 732 733
f 460 733 441
f 441 733 734
f 441 734 443
f 443 734 735
f 443 735 480
f 480 735 736
f 480 736 481
f 481 736 737
f 481 737 483
f 483 737 686
f 483 686 485
f 598 567 688
f 598 688 738
f 738 688 690
f 738 690 739
f 739 690 689
f 739 689 740
f 740 689 478
f 740 478 476
f 351 350 741
f 349 342 610
f 318 317 346
f 346 345 318
f 318 345 742
f 318 742 319
f 319 742 320
f 743 325 324
f 324 322 743
f 743 322 321
f 743 321 742
f 742 321 314
f 742 314 320
f 348 341 744
f 744 341 340
f 744 340 351
f 345 344 742
f 742 344 343
f 742 343 348
f 740 476 474
f 599 598 745
f 745 598 738
f 746 601 745
f 745 601 600
f 745 600 599
f 740 474 747
f 747 474 473
f 747 473 748
f 748 473 446
f 748 446 749
f 749 446 445
f 749 445 743
f 743 445 326
f 743 326 325
f 750 751 605
f 605 604 750
f 750 604 603
f 750 603 746
f 746 603 602
f 746 602 601
f 348 744 742
f 742 744 752
f 742 752 743
f 743 752 753
f 743 753 749
f 749 753 754
f 749 754 748
f 748 754 755
f 748 755 747
f 747 755 739
f 747 739 740
f 351 741 744
f 744 741 751
f 744 751 752
f 752 751 750
f 752 750 753
f 753 750 746
f 753 746 754
f 754 746 745
f 754 745 755
f 755 745 738
f 755 738 739
f 350 349 741
f 741 349 610
f 741 610 751
f 751 610 606
f 751 606 605
f 330 301 300
f 330 300 368
f 368 300 299
f 368 299 366
f 366 299 306
f 366 306 367
f 367 306 307
f 367 307 338
f 339 304 303
f 339 303 374
f 374 303 302
f 374 302 372
f 372 302 305
f 372 305 373
f 373 305 308
f 373 308 347
f 608 554 609
f 609 554 557
f 609 557 611
f 611 557 388
f 611 388 387
f 1 13 607
f 607 13 556
f 607 556 608
f 608 556 555
f 608 555 554
f 539 544 541
f 541 544 547
f 541 547 542
f 542 547 518
f 542 518 520
f 308 301 540
f 540 301 546
f 540 546 539
f 539 546 545
f 539 545 544
f 99 756 757
f 99 757 101
f 101 757 758
f 101 758 102
f 102 758 759
f 102 759 89
f 89 759 760
f 89 760 81
f 81 760 761
f 81 761 82
f 82 761 762
f 82 762 85
f 85 762 763
f 85 763 94
f 94 763 764
f 94 764 96
f 96 764 765
f 96 765 97
f 97 765 766
f 97 766 80
f 14 756 99
f 80 766 31
f 767 768 31
f 31 768 14
f 768 769 14
f 14 769 770
f 14 770 756
f 771 772 762
f 767 31 773
f 773 31 766
f 773 766 774
f 774 766 765
f 774 765 775
f 775 765 764
f 775 764 772
f 772 764 763
f 772 763 762
f 770 776 756
f 756 776 777
f 756 777 757
f 757 777 778
f 762 761 771
f 771 761 760
f 771 760 779
f 779 760 759
f 779 759 778
f 778 759 758
f 778 758 757
f 771 494 772
f 772 494 492
f 772 492 775
f 775 492 510
f 775 510 774
f 774 510 509
f 774 509 773
f 773 509 528
f 773 528 767
f 767 528 523
f 767 523 768
f 768 523 524
f 768 524 769
f 769 524 519
f 769 519 770
f 770 519 505
f 770 505 776
f 776 505 500
f 776 500 777
f 777 500 490
f 777 490 778
f 778 490 489
f 778 489 779
f 779 489 497
f 779 497 771
f 771 497 494
f 456 458 780
f 780 458 440
f 780 440 781
f 781 440 442
f 781 442 782
f 782 442 444
f 782 444 783
f 783 444 482
f 783 482 784
f 784 482 484
f 784 484 785
f 785 484 486
f 785 486 786
f 786 486 487
f 786 487 787
f 787 487 462
f 787 462 788
f 788 462 461
f 788 461 789
f 789 461 436
f 789 436 790
f 790 436 437
f 790 437 791
f 791 437 438
f 791 438 792
f 792 438 439
f 792 439 793
f 793 439 447
f 793 447 794
f 794 447 475
f 794 475 795
f 795 475 477
f 795 477 796
f 796 477 468
f 796 468 797
f 797 468 470
f 797 470 798
f 798 470 448
f 798 448 799
f 799 448 450
f 799 450 800
f 800 450 452
f 800 452 801
f 801 452 454
f 801 454 802
f 802 454 456
f 802 456 780
f 615 782 614
f 614 782 783
f 614 783 613
f 613 783 784
f 613 784 612
f 612 784 785
f 612 785 631
f 631 785 786
f 631 786 630
f 630 786 787
f 630 787 629
f 787 788 629
f 629 788 789
f 629 789 628
f 628 789 790
f 628 790 627
f 627 790 791
f 627 791 626
f 626 791 792
f 626 792 625
f 625 792 793
f 625 793 624
f 624 793 794
f 624 794 623
f 623 794 795
f 623 795 622
f 795 796 622
f 622 796 797
f 622 797 621
f 621 797 798
f 621 798 620
f 620 798 799
f 620 799 619
f 619 799 800
f 619 800 618
f 618 800 801
f 618 801 617
f 617 801 802
f 617 802 616
f 616 802 780
f 616 780 615
f 615 780 781
f 615 781 782
f 296 803 298
f 298 803 804
f 298 804 270
f 270 804 805
f 270 805 272
f 284 806 286
f 286 806 807
f 286 807 288
f 288 807 808
f 288 808 290
f 808 809 290
f 290 809 810
f 290 810 292
f 292 810 811
f 292 811 294
f 294 811 812
f 294 812 296
f 296 812 813
f 296 813 803
f 278 814 280
f 280 814 815
f 280 815 282
f 282 815 816
f 282 816 284
f 284 816 817
f 284 817 806
f 805 818 272
f 272 818 819
f 272 819 274
f 274 819 820
f 274 820 276
f 276 820 821
f 276 821 278
f 278 821 822
f 278 822 814
f 113 114 823
f 821 98 100
f 114 112 823
f 823 112 111
f 823 111 110
f 821 100 110
f 110 100 92
f 110 92 823
f 823 92 91
f 823 91 113
f 136 135 824
f 824 133 132
f 132 131 824
f 824 131 130
f 824 130 136
f 135 266 824
f 824 266 814
f 824 814 133
f 266 263 814
f 814 263 7
f 814 7 815
f 815 7 9
f 815 9 816
f 816 9 10
f 816 10 817
f 817 10 6
f 817 6 806
f 806 6 22
f 806 22 807
f 807 22 54
f 807 54 808
f 808 54 53
f 808 53 809
f 809 53 37
f 809 37 810
f 810 37 36
f 810 36 811
f 811 36 35
f 811 35 812
f 812 35 34
f 812 34 813
f 813 34 20
f 813 20 803
f 803 20 19
f 803 19 804
f 804 19 52
f 804 52 805
f 805 52 51
f 805 51 818
f 818 51 49
f 818 49 819
f 819 49 48
f 819 48 820
f 820 48 47
f 820 47 821
f 821 47 46
f 821 46 98
f 117 118 822
f 822 118 127
f 127 126 822
f 822 126 124
f 822 124 814
f 814 124 123
f 814 123 133
f 110 108 821
f 821 108 107
f 821 107 122
f 122 120 821
f 821 120 119
f 821 119 822
f 822 119 115
f 822 115 117
f 259 825 261
f 261 825 826
f 261 826 233
f 233 826 827
f 233 827 235
f 253 828 255
f 255 828 829
f 255 829 257
f 257 829 830
f 257 830 259
f 259 830 831
f 259 831 825
f 247 832 249
f 249 832 833
f 249 833 251
f 251 833 834
f 251 834 253
f 253 834 835
f 253 835 828
f 241 836 243
f 243 836 837
f 243 837 245
f 245 837 838
f 245 838 247
f 247 838 839
f 247 839 832
f 827 840 235
f 235 840 841
f 235 841 237
f 237 841 842
f 237 842 239
f 239 842 843
f 239 843 241
f 241 843 844
f 241 844 836
f 138 137 845
f 845 137 72
f 845 72 71
f 71 142 845
f 845 142 140
f 845 140 138
f 158 159 846
f 846 159 95
f 846 95 79
f 78 836 79
f 79 836 163
f 79 163 846
f 846 163 162
f 846 162 158
f 158 162 160
f 78 103 836
f 836 103 33
f 836 33 837
f 837 33 32
f 837 32 838
f 838 32 16
f 838 16 839
f 839 16 15
f 839 15 832
f 832 15 50
f 832 50 833
f 833 50 28
f 833 28 834
f 834 28 29
f 834 29 835
f 835 29 30
f 835 30 828
f 828 30 66
f 828 66 829
f 829 66 65
f 829 65 830
f 830 65 64
f 830 64 831
f 831 64 27
f 831 27 825
f 825 27 26
f 825 26 826
f 826 26 25
f 826 25 827
f 827 25 41
f 827 41 840
f 840 41 43
f 840 43 841
f 841 43 58
f 841 58 842
f 842 58 56
f 842 56 843
f 843 56 55
f 843 55 70
f 836 149 157
f 157 155 836
f 836 155 154
f 836 154 163
f 70 72 843
f 843 72 137
f 843 137 844
f 844 137 147
f 147 145 844
f 844 145 144
f 844 144 153
f 153 152 844
f 844 152 151
f 844 151 836
f 836 151 150
f 836 150 149
f 847 848 281
f 849 850 851
f 246 852 853
f 854 855 856
f 856 855 857
f 856 232 234
f 281 283 847
f 847 283 858
f 847 858 859
f 242 860 240
f 240 860 238
f 861 862 863
f 863 862 864
f 863 864 848
f 851 860 849
f 849 860 242
f 849 242 853
f 853 242 244
f 853 244 246
f 856 234 860
f 860 234 236
f 860 236 238
f 865 866 867
f 867 866 868
f 248 250 869
f 870 871 872
f 872 871 873
f 232 856 260
f 260 856 857
f 260 857 258
f 857 867 258
f 258 867 868
f 258 868 256
f 256 868 254
f 869 250 868
f 868 250 252
f 868 252 254
f 852 271 864
f 864 271 273
f 269 271 874
f 874 271 852
f 874 852 869
f 869 852 246
f 869 246 248
f 283 285 858
f 858 285 287
f 858 287 873
f 873 287 289
f 873 289 872
f 872 289 291
f 273 275 864
f 864 275 277
f 864 277 848
f 848 277 279
f 848 279 281
f 291 293 872
f 872 293 295
f 872 295 874
f 874 295 297
f 874 297 269
f 854 856 362
f 362 856 363
f 856 860 363
f 363 860 364
f 860 851 364
f 364 851 365
f 851 850 365
f 365 850 358
f 850 849 358
f 358 849 378
f 849 853 378
f 378 853 377
f 853 852 377
f 377 852 375
f 852 864 375
f 375 864 376
f 864 862 376
f 376 862 359
f 862 861 359
f 359 861 360
f 861 863 360
f 360 863 352
f 863 848 352
f 352 848 353
f 848 847 353
f 353 847 354
f 847 859 354
f 354 859 369
f 859 858 369
f 369 858 370
f 858 873 370
f 370 873 371
f 873 871 371
f 371 871 379
f 871 870 379
f 379 870 380
f 870 872 380
f 380 872 385
f 872 874 385
f 385 874 384
f 874 869 384
f 384 869 382
f 869 868 382
f 382 868 383
f 868 866 383
f 383 866 381
f 866 865 381
f 381 865 361
f 865 867 361
f 361 867 355
f 867 857 355
f 355 857 356
f 857 855 356
f 356 855 357
f 855 854 357
f 357 854 362
f 875 876 877
f 877 876 878
f 877 878 393
f 393 878 879
f 393 879 880
f 881 882 883
f 883 882 884
f 883 884 885
f 885 884 886
f 885 886 887
f 887 886 888
f 887 888 889
f 890 891 892
f 892 891 893
f 892 893 894
f 894 893 895
f 894 895 896
f 896 895 897
f 896 897 875
f 875 897 898
f 875 898 876
f 899 900 901
f 901 900 902
f 901 902 903
f 903 902 904
f 903 904 905
f 905 904 906
f 905 906 881
f 881 906 907
f 881 907 882
f 908 909 910
f 910 909 911
f 910 911 912
f 912 911 913
f 912 913 914
f 914 913 915
f 914 915 890
f 890 915 916
f 890 916 891
f 879 917 880
f 880 917 918
f 880 918 919
f 919 918 920
f 919 920 921
f 921 920 922
f 921 922 923
f 923 922 924
f 923 924 925
f 924 926 925
f 925 926 927
f 925 927 928
f 928 927 929
f 928 929 930
f 930 929 931
f 930 931 932
f 932 931 933
f 932 933 899
f 899 933 934
f 899 934 900
f 888 935 889
f 889 935 936
f 889 936 937
f 937 936 938
f 937 938 939
f 939 938 940
f 939 940 941
f 941 940 942
f 941 942 908
f 908 942 943
f 908 943 909
f 393 944 877
f 877 944 945
f 877 945 875
f 875 945 946
f 875 946 896
f 896 946 947
f 896 947 894
f 894 947 948
f 894 948 892
f 892 948 949
f 892 949 890
f 890 949 950
f 890 950 914
f 914 950 951
f 914 951 912
f 912 951 952
f 912 952 910
f 910 952 953
f 910 953 908
f 908 953 954
f 908 954 941
f 941 954 955
f 941 955 939
f 939 955 956
f 939 956 937
f 937 956 957
f 937 957 889
f 889 957 958
f 889 958 887
f 887 958 959
f 887 959 885
f 885 959 960
f 885 960 883
f 883 960 961
f 883 961 881
f 881 961 962
f 881 962 905
f 905 962 963
f 905 963 903
f 903 963 964
f 903 964 901
f 901 964 965
f 901 965 899
f 899 965 966
f 899 966 932
f 932 966 967
f 932 967 930
f 930 967 968
f 930 968 928
f 928 968 969
f 928 969 925
f 925 969 970
f 925 970 923
f 923 970 971
f 923 971 921
f 921 971 972
f 921 972 919
f 919 972 973
f 919 973 880
f 880 973 974
f 880 974 393
f 393 974 944
f 973 975 974
f 974 975 976
f 974 976 944
f 944 976 977
f 944 977 945
f 949 978 950
f 950 978 979
f 950 979 951
f 951 979 980
f 951 980 952
f 952 980 981
f 952 981 953
f 977 982 945
f 945 982 983
f 945 983 946
f 946 983 984
f 946 984 947
f 947 984 985
f 947 985 948
f 948 985 986
f 948 986 949
f 949 986 987
f 949 987 978
f 969 988 970
f 970 988 989
f 970 989 971
f 971 989 990
f 971 990 972
f 972 990 991
f 972 991 973
f 973 991 992
f 973 992 975
f 965 993 966
f 966 993 994
f 966 994 967
f 967 994 995
f 967 995 968
f 968 995 996
f 968 996 969
f 969 996 997
f 969 997 988
f 961 998 962
f 962 998 999
f 962 999 963
f 963 999 1000
f 963 1000 964
f 964 1000 1001
f 964 1001 965
f 965 1001 1002
f 965 1002 993
f 957 1003 958
f 958 1003 1004
f 958 1004 959
f 959 1004 1005
f 959 1005 960
f 960 1005 1006
f 960 1006 961
f 961 1006 1007
f 961 1007 998
f 981 1008 953
f 953 1008 1009
f 953 1009 954
f 954 1009 1010
f 954 1010 955
f 955 1010 1011
f 955 1011 956
f 956 1011 1012
f 956 1012 957
f 957 1012 1013
f 957 1013 1003
f 977 878 982
f 982 878 876
f 982 876 983
f 983 876 898
f 983 898 984
f 984 898 897
f 984 897 985
f 985 897 895
f 985 895 986
f 986 895 893
f 986 893 987
f 987 893 891
f 987 891 978
f 978 891 916
f 978 916 979
f 979 916 915
f 979 915 980
f 980 915 913
f 980 913 981
f 981 913 911
f 981 911 1008
f 1008 911 909
f 1008 909 1009
f 1009 909 943
f 1009 943 1010
f 1010 943 942
f 1010 942 1011
f 1011 942 940
f 1011 940 1012
f 1012 940 938
f 1012 938 1013
f 1013 938 936
f 1013 936 1003
f 1003 936 935
f 1003 935 1004
f 1004 935 888
f 1004 888 1005
f 1005 888 886
f 1005 886 1006
f 1006 886 884
f 1006 884 1007
f 1007 884 882
f 1007 882 998
f 998 882 907
f 998 907 999
f 999 907 906
f 999 906 1000
f 1000 906 904
f 1000 904 1001
f 1001 904 902
f 1001 902 1002
f 1002 902 900
f 1002 900 993
f 993 900 934
f 993 934 994
f 994 934 933
f 994 933 995
f 995 933 931
f 995 931 996
f 996 931 929
f 996 929 997
f 997 929 927
f 997 927 988
f 988 927 926
f 988 926 989
f 989 926 924
f 989 924 990
f 990 924 922
f 990 922 991
f 991 922 920
f 991 920 992
f 992 920 918
f 992 918 975
f 975 918 917
f 975 917 976
f 976 917 879
f 976 879 977
f 977 879 878
f 1014 1015 1016
f 1016 1015 1017
f 1017 1018 1016
f 1016 1018 1019
f 1016 1019 1020
f 1019 1021 1020
f 1020 1021 1022
f 1020 1022 1023
f 1023 1022 1024
f 1023 1024 1025
f 1024 1026 1025
f 1025 1026 1027
f 1025 1027 1028
f 1027 1029 1028
f 1028 1029 1030
f 1028 1030 1031
f 1030 1032 1031
f 1031 1032 1033
f 1031 1033 1034
f 1033 1035 1034
f 1034 1035 1036
f 1034 1036 1037
f 1036 1038 1037
f 1037 1038 1039
f 1037 1039 1040
f 1039 1041 1040
f 1040 1041 1042
f 1040 1042 1043
f 1042 1044 1043
f 1043 1044 1045
f 1043 1045 1046
f 1045 1047 1046
f 1046 1047 1048
f 1046 1048 1049
f 1048 1050 1049
f 1049 1050 1051
f 1049 1051 1052
f 1051 1053 1052
f 1052 1053 1054
f 1052 1054 1055
f 1054 1056 1055
f 1055 1056 1057
f 1055 1057 1058
f 1057 1059 1058
f 1058 1059 1060
f 1058 1060 1061
f 1060 1062 1061
f 1061 1062 1063
f 1061 1063 1064
f 1063 1065 1064
f 1064 1065 1066
f 1064 1066 1067
f 1066 1068 1067
f 1067 1068 1069
f 1067 1069 1070
f 1070 1069 1071
f 1071 1072 1070
f 1070 1072 1073
f 1070 1073 1074
f 1073 1075 1074
f 1074 1075 1076
f 1074 1076 1077
f 1076 1078 1077
f 1077 1078 1079
f 1077 1079 1080
f 1079 1081 1080
f 1080 1081 1082
f 1080 1082 1083
f 1082 1084 1083
f 1083 1084 1085
f 1083 1085 1086
f 1085 1087 1086
f 1086 1087 1088
f 1086 1088 1089
f 1088 1090 1089
f 1089 1090 1091
f 1089 1091 1092
f 1091 1093 1092
f 1092 1093 1094
f 1092 1094 1095
f 1094 1096 1095
f 1095 1096 1097
f 1095 1097 1098
f 1097 1099 1098
f 1098 1099 1100
f 1098 1100 1101
f 1100 1102 1101
f 1101 1102 1103
f 1101 1103 1104
f 1103 1105 1104
f 1104 1105 1106
f 1104 1106 1107
f 1106 1108 1107
f 1107 1108 1109
f 1107 1109 1110
f 1109 1111 1110
f 1110 1111 1112
f 1110 1112 1113
f 1112 1114 1113
f 1113 1114 1115
f 1113 1115 1116
f 1115 1117 1116
f 1116 1117 1118
f 1116 1118 1119
f 1118 1120 1119
f 1119 1120 1121
f 1119 1121 1122
f 1121 1123 1122
f 1122 1123 1124
f 1122 1124 1125
f 1125 1124 1126
f 1125 1126 1127
f 1126 1128 1127
f 1127 1128 1129
f 1127 1129 1014
f 1014 1129 1130
f 1014 1130 1015
f 1131 1058 1132
f 1132 1058 1061
f 1132 1061 1133
f 1133 1061 1064
f 1133 1064 1134
f 1134 1064 1067
f 1134 1067 1135
f 1136 1046 1137
f 1137 1046 1049
f 1137 1049 1138
f 1138 1049 1052
f 1138 1052 1131
f 1131 1052 1055
f 1131 1055 1058
f 1139 1034 1140
f 1140 1034 1037
f 1140 1037 1141
f 1141 1037 1040
f 1141 1040 1136
f 1136 1040 1043
f 1136 1043 1046
f 1142 1020 1143
f 1143 1020 1023
f 1143 1023 1144
f 1144 1023 1025
f 1144 1025 1145
f 1145 1025 1028
f 1145 1028 1139
f 1139 1028 1031
f 1139 1031 1034
f 1146 1125 1147
f 1147 1125 1127
f 1147 1127 1148
f 1148 1127 1014
f 1148 1014 1142
f 1142 1014 1016
f 1142 1016 1020
f 1149 1098 1150
f 1150 1098 1101
f 1150 1101 1151
f 1151 1101 1104
f 1151 1104 1152
f 1104 1107 1152
f 1152 1107 1110
f 1152 1110 1153
f 1153 1110 1113
f 1153 1113 1154
f 1154 1113 1116
f 1154 1116 1155
f 1155 1116 1119
f 1155 1119 1146
f 1146 1119 1122
f 1146 1122 1125
f 1156 1086 1157
f 1157 1086 1089
f 1157 1089 1158
f 1158 1089 1092
f 1158 1092 1149
f 1149 1092 1095
f 1149 1095 1098
f 1067 1070 1135
f 1135 1070 1074
f 1135 1074 1159
f 1159 1074 1077
f 1159 1077 1160
f 1160 1077 1080
f 1160 1080 1156
f 1156 1080 1083
f 1156 1083 1086
f 1148 1161 1147
f 1147 1161 1162
f 1147 1162 1146
f 1146 1162 1163
f 1146 1163 1155
f 1155 1163 1164
f 1155 1164 1154
f 1154 1164 1165
f 1154 1165 1153
f 1153 1165 1166
f 1153 1166 1152
f 1152 1166 1167
f 1152 1167 1151
f 1151 1167 1168
f 1151 1168 1150
f 1150 1168 1169
f 1150 1169 1149
f 1149 1169 1170
f 1149 1170 1158
f 1158 1170 1171
f 1158 1171 1157
f 1157 1171 1172
f 1157 1172 1156
f 1156 1172 1173
f 1156 1173 1160
f 1160 1173 1174
f 1160 1174 1159
f 1159 1174 1175
f 1159 1175 1135
f 1135 1175 1176
f 1135 1176 1134
f 1134 1176 1177
f 1134 1177 1133
f 1133 1177 1178
f 1133 1178 1132
f 1132 1178 1179
f 1132 1179 1131
f 1131 1179 1180
f 1131 1180 1138
f 1138 1180 1181
f 1138 1181 1137
f 1137 1181 1182
f 1137 1182 1136
f 1136 1182 1183
f 1136 1183 1141
f 1141 1183 1184
f 1141 1184 1140
f 1140 1184 1185
f 1140 1185 1139
f 1139 1185 1186
f 1139 1186 1145
f 1145 1186 1187
f 1145 1187 1144
f 1144 1187 1188
f 1144 1188 1143
f 1143 1188 1189
f 1143 1189 1142
f 1142 1189 1190
f 1142 1190 1148
f 1148 1190 1161
f 1178 1177 1191
f 1191 1192 1178
f 1178 1192 1193
f 1178 1193 1179
f 1193 1194 1179
f 1179 1194 1195
f 1179 1195 1180
f 1180 1195 1196
f 1180 1196 1181
f 1196 1197 1181
f 1181 1197 1198
f 1181 1198 1182
f 1198 1199 1182
f 1182 1199 1200
f 1182 1200 1183
f 1200 1201 1183
f 1183 1201 1202
f 1183 1202 1184
f 1202 1203 1184
f 1184 1203 1204
f 1184 1204 1185
f 1204 1205 1185
f 1185 1205 1206
f 1185 1206 1186
f 1206 1207 1186
f 1186 1207 1208
f 1186 1208 1187
f 1187 1208 1209
f 1187 1209 1188
f 1209 1210 1188
f 1188 1210 1211
f 1188 1211 1189
f 1211 1212 1189
f 1189 1212 1213
f 1189 1213 1190
f 1213 1214 1190
f 1190 1214 1215
f 1190 1215 1161
f 1161 1215 1216
f 1161 1216 1162
f 1216 1217 1162
f 1162 1217 1218
f 1162 1218 1163
f 1218 1219 1163
f 1163 1219 1220
f 1163 1220 1164
f 1220 1221 1164
f 1164 1221 1222
f 1164 1222 1165
f 1165 1222 1223
f 1165 1223 1166
f 1223 1224 1166
f 1166 1224 1225
f 1166 1225 1167
f 1225 1226 1167
f 1167 1226 1227
f 1167 1227 1168
f 1227 1228 1168
f 1168 1228 1229
f 1168 1229 1169
f 1229 1230 1169
f 1169 1230 1231
f 1169 1231 1170
f 1231 1232 1170
f 1170 1232 1233
f 1170 1233 1171
f 1233 1234 1171
f 1171 1234 1235
f 1171 1235 1172
f 1172 1235 1236
f 1172 1236 1173
f 1236 1237 1173
f 1173 1237 1238
f 1173 1238 1174
f 1238 1239 1174
f 1174 1239 1240
f 1174 1240 1175
f 1240 1241 1175
f 1175 1241 1242
f 1175 1242 1176
f 1176 1242 1243
f 1176 1243 1177
f 1177 1243 1244
f 1177 1244 1191
f 1245 1246 1217
f 1247 1219 1246
f 1246 1219 1218
f 1246 1218 1217
f 1248 1221 1247
f 1247 1221 1220
f 1247 1220 1219
f 1249 1223 1248
f 1248 1223 1222
f 1248 1222 1221
f 1250 1225 1249
f 1249 1225 1224
f 1249 1224 1223
f 1251 1227 1250
f 1250 1227 1226
f 1250 1226 1225
f 1231 1230 1252
f 1252 1230 1229
f 1252 1229 1251
f 1251 1229 1228
f 1251 1228 1227
f 1231 1252 1232
f 1232 1252 1253
f 1232 1253 1233
f 1233 1253 1234
f 1234 1253 1254
f 1234 1254 1235
f 1235 1254 1236
f 1236 1254 1255
f 1236 1255 1237
f 1237 1255 1238
f 1238 1255 1256
f 1238 1256 1239
f 1239 1256 1240
f 1240 1256 1257
f 1240 1257 1241
f 1241 1257 1242
f 1242 1257 1258
f 1242 1258 1243
f 1243 1258 1244
f 1244 1258 1259
f 1244 1259 1191
f 1191 1259 1192
f 1192 1259 1260
f 1192 1260 1193
f 1193 1260 1194
f 1194 1260 1261
f 1194 1261 1195
f 1195 1261 1196
f 1196 1261 1262
f 1196 1262 1197
f 1197 1262 1198
f 1198 1262 1263
f 1198 1263 1199
f 1199 1263 1200
f 1200 1263 1264
f 1200 1264 1201
f 1201 1264 1202
f 1202 1264 1265
f 1202 1265 1203
f 1266 1205 1265
f 1265 1205 1204
f 1265 1204 1203
f 1267 1207 1266
f 1266 1207 1206
f 1266 1206 1205
f 1268 1209 1267
f 1267 1209 1208
f 1267 1208 1207
f 1269 1211 1268
f 1268 1211 1210
f 1268 1210 1209
f 1270 1213 1269
f 1269 1213 1212
f 1269 1212 1211
f 1217 1216 1245
f 1245 1216 1215
f 1245 1215 1270
f 1270 1215 1214
f 1270 1214 1213
f 1266 1271 1267
f 1267 1271 1272
f 1267 1272 1268
f 1273 1245 1270
f 1272 1274 1268
f 1268 1274 1275
f 1268 1275 1269
f 1269 1275 1276
f 1269 1276 1270
f 1270 1276 1277
f 1270 1277 1273
f 1262 1278 1263
f 1263 1278 1279
f 1263 1279 1264
f 1273 1280 1245
f 1245 1280 1281
f 1245 1281 1246
f 1246 1281 1282
f 1246 1282 1247
f 1279 1283 1264
f 1264 1283 1284
f 1264 1284 1265
f 1265 1284 1285
f 1265 1285 1266
f 1266 1285 1286
f 1266 1286 1271
f 1260 1287 1261
f 1261 1287 1288
f 1261 1288 1262
f 1262 1288 1289
f 1262 1289 1278
f 1282 1290 1247
f 1247 1290 1291
f 1247 1291 1248
f 1248 1291 1292
f 1248 1292 1249
f 1258 1293 1259
f 1259 1293 1294
f 1259 1294 1260
f 1260 1294 1295
f 1260 1295 1287
f 1257 1296 1258
f 1258 1296 1297
f 1258 1297 1293
f 1255 1298 1256
f 1256 1298 1299
f 1256 1299 1257
f 1257 1299 1300
f 1257 1300 1296
f 1253 1301 1254
f 1254 1301 1302
f 1254 1302 1255
f 1255 1302 1303
f 1255 1303 1298
f 1251 1304 1252
f 1252 1304 1305
f 1252 1305 1253
f 1253 1305 1306
f 1253 1306 1301
f 1292 1307 1249
f 1249 1307 1308
f 1249 1308 1250
f 1250 1308 1309
f 1250 1309 1251
f 1251 1309 1310
f 1251 1310 1304
f 1293 1297 1072
f 1072 1071 1293
f 1293 1071 1069
f 1293 1069 1294
f 1069 1068 1294
f 1294 1068 1066
f 1294 1066 1295
f 1066 1065 1295
f 1295 1065 1063
f 1295 1063 1287
f 1063 1062 1287
f 1287 1062 1060
f 1287 1060 1288
f 1060 1059 1288
f 1288 1059 1057
f 1288 1057 1289
f 1057 1056 1289
f 1289 1056 1054
f 1289 1054 1278
f 1054 1053 1278
f 1278 1053 1051
f 1278 1051 1279
f 1051 1050 1279
f 1279 1050 1048
f 1279 1048 1283
f 1048 1047 1283
f 1283 1047 1045
f 1283 1045 1284
f 1045 1044 1284
f 1284 1044 1042
f 1284 1042 1285
f 1042 1041 1285
f 1285 1041 1039
f 1285 1039 1286
f 1039 1038 1286
f 1286 1038 1036
f 1286 1036 1271
f 1036 1035 1271
f 1271 1035 1033
f 1271 1033 1272
f 1033 1032 1272
f 1272 1032 1030
f 1272 1030 1274
f 1030 1029 1274
f 1274 1029 1027
f 1274 1027 1275
f 1027 1026 1275
f 1275 1026 1024
f 1275 1024 1276
f 1024 1022 1276
f 1276 1022 1021
f 1276 1021 1277
f 1021 1019 1277
f 1277 1019 1018
f 1277 1018 1273
f 1273 1018 1017
f 1273 1017 1280
f 1280 1017 1015
f 1280 1015 1281
f 1015 1130 1281
f 1281 1130 1129
f 1281 1129 1282
f 1129 1128 1282
f 1282 1128 1126
f 1282 1126 1290
f 1126 1124 1290
f 1290 1124 1123
f 1290 1123 1291
f 1123 1121 1291
f 1291 1121 1120
f 1291 1120 1292
f 1120 1118 1292
f 1292 1118 1117
f 1292 1117 1307
f 1117 1115 1307
f 1307 1115 1114
f 1307 1114 1308
f 1114 1112 1308
f 1308 1112 1111
f 1308 1111 1309
f 1111 1109 1309
f 1309 1109 1108
f 1309 1108 1310
f 1108 1106 1310
f 1310 1106 1105
f 1310 1105 1304
f 1105 1103 1304
f 1304 1103 1102
f 1304 1102 1305
f 1102 1100 1305
f 1305 1100 1099
f 1305 1099 1306
f 1099 1097 1306
f 1306 1097 1096
f 1306 1096 1301
f 1096 1094 1301
f 1301 1094 1093
f 1301 1093 1302
f 1093 1091 1302
f 1302 1091 1090
f 1302 1090 1303
f 1090 1088 1303
f 1303 1088 1087
f 1303 1087 1298
f 1087 1085 1298
f 1298 1085 1084
f 1298 1084 1299
f 1084 1082 1299
f 1299 1082 1081
f 1299 1081 1300
f 1081 1079 1300
f 1300 1079 1078
f 1300 1078 1296
f 1078 1076 1296
f 1296 1076 1075
f 1296 1075 1297
f 1297 1075 1073
f 1297 1073 1072
f 1311 1312 1313
f 1314 1315 1316
f 1317 1318 1319
f 1320 1321 1322
f 1323 1324 1316
f 1324 1325 1316
f 1316 1325 1326
f 1316 1326 1314
f 1314 1326 1327
f 1314 1327 1328
f 1329 1313 1330
f 1330 1313 1320
f 1330 1320 1331
f 1331 1320 1332
f 1333 1317 1334
f 1334 1317 1319
f 1334 1319 1335
f 1329 1336 1313
f 1313 1336 1337
f 1313 1337 1311
f 1311 1337 1338
f 1311 1338 1316
f 1316 1338 1339
f 1316 1339 1323
f 1340 1322 1341
f 1341 1322 1317
f 1341 1317 1342
f 1342 1317 1333
f 1328 1343 1314
f 1314 1343 1344
f 1314 1344 1319
f 1319 1344 1345
f 1319 1345 1335
f 1340 1346 1322
f 1322 1346 1347
f 1322 1347 1320
f 1320 1347 1348
f 1320 1348 1332
f 1349 1350 1351
f 1351 1350 1352
f 1353 1354 1355
f 1355 1354 232
f 1355 232 1356
f 1357 1358 1359
f 1359 1358 1360
f 1359 1360 1356
f 232 1361 1356
f 1356 1361 1362
f 1356 1362 1363
f 1363 1364 1356
f 1356 1364 256
f 1356 256 1359
f 1359 256 1365
f 1359 1365 1366
f 1366 1367 1359
f 1359 1367 1368
f 1359 1368 1369
f 1369 1368 250
f 1351 1370 1355
f 1355 1370 1371
f 1355 1371 1353
f 1372 1373 1374
f 1352 1374 1351
f 1351 1374 1375
f 1351 1375 1376
f 1376 1377 1351
f 1351 1377 238
f 1351 238 1370
f 1373 244 1374
f 1374 244 1378
f 1374 1378 1375
f 250 1379 1369
f 1369 1379 1380
f 1369 1380 1374
f 1374 1380 1381
f 1374 1381 1372
f 1320 1313 1356
f 1356 1313 1355
f 1321 1320 1360
f 1360 1320 1356
f 1360 1358 1321
f 1321 1358 1382
f 1321 1382 1322
f 1322 1382 1383
f 1384 1382 1357
f 1357 1382 1358
f 1317 1385 1318
f 1318 1385 1384
f 1318 1384 1359
f 1359 1384 1357
f 1319 1318 1369
f 1369 1318 1359
f 1314 1319 1374
f 1374 1319 1369
f 1315 1314 1352
f 1352 1314 1374
f 1352 1350 1315
f 1315 1350 1386
f 1315 1386 1316
f 1316 1386 1387
f 1388 1386 1349
f 1349 1386 1350
f 1311 1389 1312
f 1312 1389 1388
f 1312 1388 1351
f 1351 1388 1349
f 1313 1312 1355
f 1355 1312 1351
f 1330 232 1329
f 1329 232 1354
f 1329 1354 1336
f 1336 1354 1353
f 1336 1353 1337
f 1337 1353 1371
f 1337 1371 1338
f 1338 1371 1370
f 1338 1370 1339
f 1339 1370 238
f 1339 238 1323
f 1323 238 1377
f 1323 1377 1324
f 1324 1377 1376
f 1324 1376 1325
f 1325 1376 1375
f 1325 1375 1326
f 1326 1375 1378
f 1326 1378 1327
f 1327 1378 244
f 1327 244 1328
f 1328 244 1373
f 1328 1373 1343
f 1343 1373 1372
f 1343 1372 1344
f 1344 1372 1381
f 1344 1381 1345
f 1345 1381 1380
f 1345 1380 1335
f 1335 1380 1379
f 1335 1379 1334
f 1334 1379 250
f 1334 250 1333
f 1333 250 1368
f 1333 1368 1342
f 1342 1368 1367
f 1342 1367 1341
f 1341 1367 1366
f 1341 1366 1340
f 1340 1366 1365
f 1340 1365 1346
f 1346 1365 256
f 1346 256 1347
f 1347 256 1364
f 1347 1364 1348
f 1348 1364 1363
f 1348 1363 1332
f 1332 1363 1362
f 1332 1362 1331
f 1331 1362 1361
f 1331 1361 1330
f 1330 1361 232
f 1383 1385 1322
f 1322 1385 1317
f 1385 1383 1384
f 1384 1383 1382
f 1387 1389 1316
f 1316 1389 1311
f 1389 1387 1388
f 1388 1387 1386
f 1390 1391 1392
f 1393 1394 1395
f 1396 1397 1398
f 1399 1400 1401
f 1402 1403 1398
f 1403 1404 1398
f 1398 1404 1405
f 1398 1405 1396
f 1396 1405 1406
f 1396 1406 1407
f 1407 1408 1396
f 1396 1408 1409
f 1396 1409 1395
f 1395 1409 1410
f 1411 1393 1412
f 1412 1393 1395
f 1412 1395 1413
f 1413 1395 1410
f 1411 1414 1393
f 1393 1414 1415
f 1393 1415 1401
f 1401 1415 1416
f 1417 1418 1392
f 1392 1418 1419
f 1392 1419 1390
f 1390 1419 1420
f 1390 1420 1398
f 1398 1420 1421
f 1398 1421 1402
f 1422 1399 1423
f 1423 1399 1401
f 1423 1401 1424
f 1424 1401 1416
f 1422 1425 1399
f 1399 1425 1426
f 1399 1426 1392
f 1392 1426 1427
f 1392 1427 1417
f 1428 281 1429
f 1429 1430 1431
f 1431 1430 1432
f 1431 1432 1433
f 1434 1435 1428
f 1428 1435 1436
f 1428 1436 281
f 1429 1431 1428
f 1428 1431 1437
f 1428 1437 1438
f 1439 1440 1441
f 1441 1440 293
f 1433 275 1431
f 1431 275 1442
f 1431 1442 1443
f 1443 1442 1444
f 1443 1444 1445
f 1446 1447 1448
f 1448 1447 1440
f 1448 1440 1449
f 1449 1440 1439
f 1449 1439 1450
f 1450 1451 1449
f 1449 1451 287
f 1449 287 1452
f 1445 1453 1443
f 1443 1453 269
f 1443 269 1454
f 1454 269 1455
f 1455 1456 1454
f 1454 1456 1457
f 1454 1457 1440
f 1440 1457 1458
f 1440 1458 293
f 1428 1459 1434
f 1434 1459 1449
f 1434 1449 1460
f 1460 1449 1452
f 1393 1461 1394
f 1394 1461 1462
f 1394 1462 1448
f 1448 1462 1446
f 1395 1394 1449
f 1449 1394 1448
f 1396 1395 1459
f 1459 1395 1449
f 1397 1396 1428
f 1428 1396 1459
f 1428 1438 1397
f 1397 1438 1463
f 1397 1463 1398
f 1398 1463 1464
f 1465 1463 1437
f 1437 1463 1438
f 1390 1466 1391
f 1391 1466 1465
f 1391 1465 1431
f 1431 1465 1437
f 1392 1391 1443
f 1443 1391 1431
f 1399 1392 1454
f 1454 1392 1443
f 1400 1399 1440
f 1440 1399 1454
f 1440 1447 1400
f 1400 1447 1467
f 1400 1467 1401
f 1401 1467 1468
f 1462 1467 1446
f 1446 1467 1447
f 1427 269 1417
f 1417 269 1453
f 1417 1453 1418
f 1418 1453 1445
f 1418 1445 1419
f 1419 1445 1444
f 1419 1444 1420
f 1420 1444 1442
f 1420 1442 1421
f 1421 1442 275
f 1421 275 1402
f 1402 275 1433
f 1402 1433 1403
f 1403 1433 1432
f 1403 1432 1404
f 1404 1432 1430
f 1404 1430 1405
f 1405 1430 1429
f 1405 1429 1406
f 1406 1429 281
f 1406 281 1407
f 1407 281 1436
f 1407 1436 1408
f 1408 1436 1435
f 1408 1435 1409
f 1409 1435 1434
f 1409 1434 1410
f 1410 1434 1460
f 1410 1460 1413
f 1413 1460 1452
f 1413 1452 1412
f 1412 1452 287
f 1412 287 1411
f 1411 287 1451
f 1411 1451 1414
f 1414 1451 1450
f 1414 1450 1415
f 1415 1450 1439
f 1415 1439 1416
f 1416 1439 1441
f 1416 1441 1424
f 1424 1441 293
f 1424 293 1423
f 1423 293 1458
f 1423 1458 1422
f 1422 1458 1457
f 1422 1457 1425
f 1425 1457 1456
f 1425 1456 1426
f 1426 1456 1455
f 1426 1455 1427
f 1427 1455 269
f 1464 1466 1398
f 1398 1466 1390
f 1465 1466 1463
f 1463 1466 1464
f 1468 1461 1401
f 1401 1461 1393
f 1468 1467 1461
f 1461 1467 1462
f 1469 1470 1471
f 1472 1473 1474
f 1475 1476 1477
f 1477 1476 1478
f 1479 1480 1481
f 1482 1483 1484
f 1478 1476 1474
f 1474 1476 1485
f 1474 1485 1486
f 1469 1487 1488
f 1479 1481 1489
f 1474 1473 1490
f 1486 1491 1474
f 1474 1491 1492
f 1474 1492 1472
f 1493 1494 1469
f 1469 1494 1495
f 1496 1487 1497
f 1497 1487 1498
f 1482 1484 1499
f 1499 1484 1500
f 1499 1500 1501
f 1488 1502 1469
f 1469 1502 1503
f 1469 1503 1481
f 1481 1503 1504
f 1481 1504 1505
f 1471 1506 1469
f 1469 1506 1507
f 1469 1507 1493
f 1493 1507 1508
f 1493 1508 1509
f 1509 1508 1510
f 1509 1510 1511
f 1511 1510 1512
f 1511 1512 1513
f 1514 1515 1482
f 1482 1515 1516
f 1482 1516 1483
f 1483 1516 1517
f 1483 1517 1518
f 1518 1517 1519
f 1518 1519 1496
f 1496 1519 1520
f 1496 1520 1487
f 1505 1521 1481
f 1481 1521 1522
f 1481 1522 1490
f 1523 1524 1525
f 1525 1524 1526
f 1525 1526 1527
f 1527 1526 1511
f 1527 1511 1528
f 1528 1511 1513
f 1473 1529 1490
f 1490 1529 1530
f 1490 1530 1481
f 1481 1530 1531
f 1481 1531 1489
f 1495 1532 1469
f 1469 1532 1533
f 1469 1533 1487
f 1487 1533 1534
f 1487 1534 1498
f 1523 1525 1535
f 1535 1536 1523
f 1523 1536 1537
f 1523 1537 1538
f 1539 1540 1541
f 1541 1540 1542
f 1537 1543 1538
f 1538 1543 1544
f 1538 1544 1540
f 1540 1544 1545
f 1540 1545 1542
f 1546 1547 1548
f 1549 1550 1551
f 1551 1550 1552
f 1552 1550 1553
f 1552 1553 1554
f 1551 1555 1549
f 1549 1555 1556
f 1549 1556 1557
f 1556 1558 1557
f 1557 1558 1559
f 1557 1559 1560
f 1554 1553 1561
f 1561 1553 1562
f 1561 1562 1563
f 1563 1562 1564
f 1563 1564 1547
f 1547 1564 1565
f 1547 1565 1548
f 1514 1482 1566
f 1566 1482 1567
f 1566 1567 1568
f 1568 1567 1569
f 1568 1569 1560
f 1560 1569 1570
f 1560 1570 1557
f 1546 1548 1571
f 1571 1548 1499
f 1571 1499 1501
f 1572 1573 1574
f 1575 1576 1577
f 1576 1578 1577
f 1577 1578 1579
f 1577 1579 1580
f 1559 1558 1581
f 1581 1558 1582
f 1583 1584 1585
f 1585 1584 1586
f 1583 1587 1584
f 1584 1587 1588
f 1584 1588 1589
f 1589 1588 1590
f 1589 1590 1575
f 1591 1592 1593
f 1593 1592 1594
f 1593 1594 1584
f 1584 1594 1595
f 1584 1595 1586
f 1593 1596 1597
f 1598 1599 1597
f 1597 1599 1600
f 1597 1600 1593
f 1593 1600 1601
f 1593 1601 1591
f 1602 1603 1597
f 1597 1603 1604
f 1597 1604 1598
f 1605 1606 1607
f 1607 1606 1608
f 1607 1608 1609
f 1609 1608 1610
f 1609 1610 1539
f 1611 1612 1613
f 1611 1613 1614
f 1614 1613 1615
f 1614 1615 1605
f 1616 1617 1618
f 1618 1619 1616
f 1616 1619 1620
f 1616 1620 1611
f 1611 1620 1621
f 1611 1621 1612
f 1622 1623 1624
f 1624 1623 1616
f 1616 1623 1625
f 1616 1625 1617
f 1626 1561 1627
f 1627 1561 1563
f 1626 1628 1629
f 1629 1628 1630
f 1629 1630 1631
f 1632 1633 1634
f 1635 1632 1636
f 1636 1632 1634
f 1636 1634 1637
f 1539 1541 1609
f 1609 1541 1542
f 1609 1542 1638
f 1638 1542 1545
f 1638 1545 1639
f 1634 1640 1637
f 1637 1640 1641
f 1637 1641 1642
f 1605 1607 1614
f 1614 1607 1609
f 1614 1609 1643
f 1643 1609 1638
f 1643 1638 1644
f 1644 1638 1639
f 1644 1639 1635
f 1641 1645 1642
f 1642 1645 1646
f 1642 1646 1647
f 1647 1646 1648
f 1648 1649 1647
f 1647 1649 1650
f 1647 1650 1651
f 1650 1652 1651
f 1651 1652 1653
f 1651 1653 1654
f 1653 1655 1654
f 1654 1655 1656
f 1654 1656 1657
f 1656 1658 1657
f 1657 1658 1659
f 1657 1659 1660
f 1659 1661 1660
f 1660 1661 1662
f 1660 1662 1663
f 1662 1664 1663
f 1663 1664 1665
f 1663 1665 1666
f 1665 1667 1666
f 1666 1667 1668
f 1666 1668 1669
f 1668 1670 1669
f 1669 1670 1671
f 1669 1671 1672
f 1575 1577 1589
f 1589 1577 1673
f 1589 1673 1674
f 1674 1673 1675
f 1674 1675 1676
f 1676 1675 1677
f 1676 1677 1678
f 1678 1677 1679
f 1678 1679 1680
f 1680 1679 1681
f 1680 1681 1682
f 1682 1681 1629
f 1682 1629 1624
f 1624 1629 1631
f 1624 1631 1622
f 1626 1629 1561
f 1561 1629 1681
f 1561 1681 1554
f 1554 1681 1679
f 1554 1679 1552
f 1552 1679 1677
f 1552 1677 1551
f 1551 1677 1675
f 1551 1675 1555
f 1555 1675 1673
f 1555 1673 1556
f 1556 1673 1577
f 1556 1577 1558
f 1558 1577 1580
f 1558 1580 1582
f 1671 1683 1672
f 1672 1683 1684
f 1672 1684 1685
f 1684 1686 1685
f 1685 1686 1687
f 1685 1687 1688
f 1689 1690 1691
f 1691 1690 1688
f 1691 1688 1692
f 1692 1688 1687
f 1635 1636 1644
f 1644 1636 1637
f 1644 1637 1643
f 1643 1637 1642
f 1643 1642 1614
f 1614 1642 1647
f 1614 1647 1611
f 1611 1647 1651
f 1611 1651 1616
f 1616 1651 1654
f 1616 1654 1624
f 1624 1654 1657
f 1624 1657 1682
f 1682 1657 1660
f 1682 1660 1680
f 1680 1660 1663
f 1680 1663 1678
f 1678 1663 1666
f 1678 1666 1676
f 1676 1666 1669
f 1676 1669 1674
f 1674 1669 1672
f 1674 1672 1589
f 1589 1672 1685
f 1589 1685 1584
f 1584 1685 1688
f 1584 1688 1593
f 1593 1688 1690
f 1593 1690 1596
f 1693 1694 1695
f 1695 1694 1696
f 1695 1696 1697
f 1697 1696 1574
f 1697 1574 1698
f 1698 1574 1573
f 1689 1572 1690
f 1690 1572 1574
f 1690 1574 1596
f 1596 1574 1696
f 1596 1696 1597
f 1597 1696 1694
f 1597 1694 1602
f 1602 1694 1693
f 1602 1693 1699
f 1700 1701 1702
f 1702 1701 1703
f 1702 1703 1704
f 1704 1703 1705
f 1704 1705 1706
f 1706 1705 1707
f 1706 1707 1708
f 1708 1707 1709
f 1708 1709 1710
f 1710 1709 1711
f 1710 1711 1712
f 1712 1711 1713
f 1712 1713 1714
f 1714 1713 1715
f 1714 1715 1716
f 1716 1715 1717
f 1716 1717 1718
f 1718 1717 1719
f 1718 1719 1720
f 1720 1719 1721
f 1720 1721 1722
f 1722 1721 1723
f 1722 1723 1724
f 1724 1723 1725
f 1724 1725 1726
f 1726 1725 1727
f 1726 1727 1728
f 1728 1727 1729
f 1728 1729 1700
f 1700 1729 1701
f 1730 1476 1475
f 1731 1732 1475
f 1475 1732 1733
f 1475 1733 1730
f 1734 1735 1731
f 1731 1735 1736
f 1731 1736 1732
f 1603 1602 1734
f 1734 1602 1699
f 1734 1699 1735
f 1737 1738 1739
f 1739 1738 1740
f 1739 1740 1741
f 1741 1740 1742
f 1741 1742 1743
f 1743 1742 1744
f 1743 1744 1745
f 1745 1744 1746
f 1745 1746 1747
f 1747 1746 1748
f 1747 1748 1749
f 1749 1748 1750
f 1749 1750 1751
f 1751 1750 1752
f 1751 1752 1753
f 1753 1752 1754
f 1753 1754 1755
f 1755 1754 1756
f 1755 1756 1757
f 1757 1756 1758
f 1757 1758 1759
f 1759 1758 1760
f 1759 1760 1761
f 1761 1760 1762
f 1761 1762 1763
f 1763 1762 1764
f 1763 1764 1765
f 1765 1764 1766
f 1765 1766 1737
f 1737 1766 1738
f 1767 1768 1769
f 1770 1771 1772
f 1770 1772 1773
f 1774 1767 1775
f 1775 1767 1769
f 1775 1769 1772
f 1772 1769 1776
f 1772 1776 1773
f 1777 1778 1779
f 1780 1781 1782
f 1783 1781 1779
f 1779 1781 1784
f 1779 1784 1777
f 1785 1786 1783
f 1783 1786 1787
f 1783 1787 1781
f 1781 1787 1788
f 1781 1788 1782
f 1782 1789 1780
f 1780 1789 1790
f 1780 1790 1791
f 1791 1790 1792
f 1791 1792 1793
f 1793 1794 1791
f 1791 1794 1795
f 1791 1795 1796
f 1778 1797 1779
f 1779 1797 1481
f 1779 1481 1798
f 1798 1481 1480
f 1798 1480 1769
f 1778 1799 1797
f 1797 1799 1800
f 1797 1800 1801
f 1801 1800 1802
f 1802 1803 1801
f 1801 1803 1804
f 1801 1804 1805
f 1775 1772 1806
f 1806 1772 1807
f 1808 1809 1810
f 1811 1812 1469
f 1469 1812 1813
f 1469 1813 1814
f 1814 1785 1469
f 1469 1785 1783
f 1469 1783 1470
f 1470 1783 1815
f 1470 1815 1776
f 1810 1809 1469
f 1469 1809 1816
f 1469 1816 1811
f 1817 1818 1810
f 1810 1818 1819
f 1810 1819 1808
f 1820 1821 1822
f 1823 1824 1825
f 1807 1826 1806
f 1806 1826 1827
f 1806 1827 1828
f 1829 1823 1783
f 1783 1823 1825
f 1783 1825 1815
f 1815 1825 1830
f 1830 1831 1815
f 1815 1831 1832
f 1815 1832 1833
f 1834 1835 1836
f 1836 1835 1806
f 1836 1806 1798
f 1828 1820 1806
f 1806 1820 1822
f 1806 1822 1798
f 1798 1822 1837
f 1798 1837 1779
f 1779 1837 1838
f 1779 1838 1839
f 1840 1841 1842
f 1842 1841 1815
f 1842 1815 1807
f 1807 1815 1833
f 1807 1833 1826
f 1843 1844 1845
f 1845 1844 1827
f 1845 1827 1846
f 1846 1827 1826
f 1839 1847 1779
f 1779 1847 1848
f 1779 1848 1783
f 1783 1848 1849
f 1783 1849 1829
f 1850 1851 1852
f 1852 1851 1849
f 1852 1849 1853
f 1853 1849 1848
f 1854 1855 1856
f 1857 1858 1859
f 1859 1858 1860
f 1859 1860 1861
f 1860 1862 1861
f 1861 1862 1863
f 1861 1863 1864
f 1865 1866 1857
f 1857 1866 1867
f 1857 1867 1858
f 1868 1869 1870
f 1870 1869 1871
f 1870 1871 1865
f 1865 1871 1872
f 1865 1872 1866
f 1854 1873 1855
f 1855 1873 1874
f 1855 1874 1875
f 1876 1877 1878
f 1878 1877 1879
f 1878 1879 1880
f 1881 1882 1883
f 1883 1882 1884
f 1883 1884 1885
f 1885 1884 1886
f 1885 1886 1868
f 1868 1886 1887
f 1868 1887 1869
f 1881 1883 1888
f 1888 1883 1889
f 1888 1889 1856
f 1856 1889 1890
f 1856 1890 1854
f 1863 1891 1864
f 1864 1891 1892
f 1864 1892 1876
f 1876 1892 1893
f 1876 1893 1877
f 1875 1874 1894
f 1894 1874 1895
f 1894 1895 1896
f 1879 1897 1880
f 1880 1897 1898
f 1880 1898 1899
f 1899 1898 1900
f 1899 1900 1901
f 1901 1900 1902
f 1901 1902 1895
f 1895 1902 1903
f 1895 1903 1896
f 1904 1795 1905
f 1905 1795 1794
f 1905 1794 1906
f 1906 1794 1907
f 1908 1909 1910
f 1910 1909 1911
f 1910 1911 1912
f 1794 1913 1907
f 1907 1913 1914
f 1907 1914 1915
f 1916 1917 1918
f 1918 1917 1919
f 1918 1919 1920
f 1920 1919 1921
f 1920 1921 1922
f 1922 1921 1923
f 1922 1923 1924
f 1924 1923 1925
f 1924 1925 1926
f 1926 1925 1927
f 1926 1927 1908
f 1908 1927 1928
f 1908 1928 1909
f 1904 1929 1795
f 1795 1929 1930
f 1795 1930 1931
f 1931 1930 1932
f 1933 1934 1930
f 1930 1934 1935
f 1930 1935 1932
f 1936 1937 1938
f 1938 1937 1939
f 1938 1939 1916
f 1916 1939 1940
f 1916 1940 1917
f 1914 1941 1915
f 1915 1941 1942
f 1915 1942 1943
f 1943 1942 1944
f 1943 1944 1945
f 1945 1944 1946
f 1945 1946 1936
f 1936 1946 1947
f 1936 1947 1937
f 1911 1948 1912
f 1912 1948 1949
f 1912 1949 1950
f 1950 1949 1951
f 1950 1951 1952
f 1952 1951 1953
f 1952 1953 1954
f 1954 1953 1933
f 1954 1933 1955
f 1955 1933 1930
f 1956 1957 1958
f 1959 1960 1961
f 1961 1960 1962
f 1961 1962 1963
f 1964 1965 1966
f 1966 1965 1957
f 1966 1957 1967
f 1967 1957 1956
f 1968 1969 1958
f 1958 1969 1970
f 1958 1970 1956
f 1971 1972 1973
f 1964 1974 1965
f 1965 1974 1975
f 1965 1975 1962
f 1962 1975 1976
f 1962 1976 1963
f 1977 1978 1979
f 1959 1980 1960
f 1960 1980 1981
f 1960 1981 1978
f 1978 1981 1982
f 1978 1982 1979
f 1972 1983 1973
f 1973 1983 1984
f 1973 1984 1968
f 1968 1984 1985
f 1968 1985 1969
f 1971 1973 1986
f 1986 1973 1987
f 1986 1987 1988
f 1989 1990 1991
f 1987 1992 1988
f 1988 1992 1991
f 1988 1991 1993
f 1993 1991 1990
f 1979 1994 1977
f 1977 1994 1995
f 1977 1995 1996
f 1996 1995 1997
f 1996 1997 1991
f 1991 1997 1998
f 1991 1998 1989
f 1997 1999 2000
f 1997 2000 1998
f 2000 2001 1998
f 1998 2001 2002
f 1998 2002 1989
f 2002 2003 1989
f 1989 2003 2004
f 1989 2004 1990
f 2004 2005 1990
f 1990 2005 2006
f 1990 2006 1993
f 2007 1470 2008
f 2008 1470 1776
f 2007 2009 1470
f 1470 2009 2010
f 1470 2010 2006
f 2006 2010 1988
f 2006 1988 1993
f 1999 1997 1633
f 1633 1997 1995
f 1634 1633 1995
f 1634 1995 1640
f 1640 1995 1994
f 1640 1994 1641
f 1641 1994 1979
f 1641 1979 1645
f 1645 1979 1646
f 1646 1979 1982
f 1646 1982 1648
f 1648 1982 1649
f 1649 1982 1981
f 1649 1981 1650
f 1650 1981 1652
f 1652 1981 1980
f 1652 1980 1653
f 1653 1980 1655
f 1655 1980 1959
f 1655 1959 1656
f 1656 1959 1658
f 1658 1959 1961
f 1658 1961 1659
f 1659 1961 1661
f 1661 1961 1963
f 1661 1963 1662
f 1662 1963 1664
f 1664 1963 1976
f 1664 1976 1665
f 1665 1976 1667
f 1667 1976 1975
f 1667 1975 1668
f 1668 1975 1670
f 1670 1975 1974
f 1670 1974 1671
f 1671 1974 1683
f 1683 1974 1964
f 1683 1964 1684
f 1684 1964 1686
f 1686 1964 1966
f 1686 1966 1687
f 1687 1966 1692
f 1692 1966 1967
f 1692 1967 1691
f 1691 1967 1689
f 1689 1967 1956
f 1689 1956 1572
f 1572 1956 1970
f 1572 1970 1573
f 1573 1970 1969
f 1573 1969 1698
f 1698 1969 2011
f 2011 1969 1985
f 2012 2013 1480
f 1480 2013 2014
f 1480 2014 1769
f 2012 1480 2015
f 2015 1480 2016
f 2015 2016 1986
f 1986 2016 2017
f 1986 2017 1971
f 1971 2017 2018
f 1971 2018 1972
f 2018 2019 1972
f 1972 2019 2020
f 1972 2020 1983
f 1983 2020 2021
f 1983 2021 1984
f 1984 2021 2011
f 1984 2011 1985
f 2022 2023 1797
f 1797 2023 2024
f 1797 2024 1481
f 2022 1797 2025
f 2025 1797 2026
f 2025 2026 1856
f 1856 2026 2027
f 1856 2027 1888
f 1888 2027 2028
f 1888 2028 1881
f 2028 2029 1881
f 1881 2029 2030
f 1881 2030 1882
f 1882 2030 2031
f 1882 2031 1884
f 1884 2031 2032
f 1884 2032 1886
f 2033 1887 2032
f 2032 1887 1886
f 2034 2035 1900
f 2034 1900 2036
f 2036 1900 1898
f 2036 1898 2037
f 2037 1898 1897
f 2037 1897 2038
f 2038 1897 2039
f 2039 1897 1879
f 2039 1879 2040
f 2040 1879 2041
f 2041 1879 1877
f 2041 1877 2042
f 2042 1877 2043
f 2043 1877 1893
f 2043 1893 2044
f 2044 1893 2045
f 2045 1893 1892
f 2045 1892 2046
f 2046 1892 2047
f 2047 1892 1891
f 2047 1891 2048
f 2048 1891 2049
f 2049 1891 1863
f 2049 1863 2050
f 2050 1863 2051
f 2051 1863 1862
f 2051 1862 2052
f 2052 1862 2053
f 2053 1862 1860
f 2053 1860 2054
f 2054 1860 2055
f 2055 1860 1858
f 2055 1858 2056
f 2056 1858 2057
f 2057 1858 1867
f 2057 1867 2058
f 2058 1867 2059
f 2059 1867 1866
f 2059 1866 2060
f 2060 1866 2061
f 2061 1866 1872
f 2061 1872 2062
f 2062 1872 2063
f 2063 1872 1871
f 2063 1871 2064
f 2064 1871 1869
f 2064 1869 2065
f 2065 1869 1887
f 2065 1887 2033
f 2066 1902 2035
f 2035 1902 1900
f 1903 1902 2066
f 2066 2067 1903
f 1903 2067 2068
f 1903 2068 1896
f 2068 2069 1896
f 1896 2069 2070
f 1896 2070 1894
f 2070 2071 1894
f 1894 2071 2072
f 1894 2072 1875
f 1875 2072 2073
f 1875 2073 2074
f 1810 1469 2075
f 2075 2076 1810
f 1810 2076 2077
f 1810 2077 2078
f 2078 2077 2079
f 2078 2079 2074
f 2074 2079 1855
f 2074 1855 1875
f 2080 1868 2081
f 2081 1868 1870
f 2081 1870 2082
f 2082 1870 1865
f 2082 1865 2083
f 2083 1865 1857
f 2083 1857 2084
f 2084 1857 1859
f 2084 1859 2085
f 2085 1859 1861
f 2085 1861 2086
f 2086 1861 1864
f 2086 1864 2087
f 2087 1864 1876
f 2087 1876 2088
f 2088 1876 1878
f 2088 1878 2089
f 2089 1878 1880
f 2089 1880 2090
f 2090 1880 1899
f 2090 1899 2091
f 2091 1899 1901
f 2091 1901 2092
f 2092 1901 1895
f 2092 1895 2093
f 2093 1895 1874
f 2093 1874 2094
f 2094 1874 1873
f 2094 1873 2095
f 2095 1873 1854
f 2095 1854 2096
f 2096 1854 1890
f 2096 1890 2097
f 2097 1890 1889
f 2097 1889 2098
f 2098 1889 1883
f 2098 1883 2099
f 2099 1883 1885
f 2099 1885 2080
f 2080 1885 1868
f 1531 1530 2100
f 1485 1476 1730
f 1491 1486 2101
f 2101 1486 1485
f 1473 1472 2102
f 2102 1472 1492
f 2102 1492 1491
f 1530 1529 2100
f 2100 1529 1473
f 2100 1473 2103
f 1489 2016 1479
f 1479 2016 1480
f 1485 1730 2101
f 2101 1730 1733
f 2101 1733 2104
f 2104 1733 1732
f 2104 1732 2105
f 2105 1732 1736
f 2105 1736 2106
f 2106 1736 1735
f 2106 1735 2107
f 1491 2101 2102
f 2102 2101 2104
f 2102 2104 2108
f 2108 2104 2105
f 2108 2105 2109
f 2109 2105 2106
f 2109 2106 2110
f 2110 2106 2107
f 2110 2107 2111
f 1473 2102 2103
f 2103 2102 2108
f 2103 2108 2112
f 2112 2108 2109
f 2112 2109 2113
f 2113 2109 2110
f 2113 2110 2114
f 2114 2110 2111
f 2114 2111 2115
f 1489 1531 2016
f 2016 1531 2100
f 2016 2100 2017
f 2017 2100 2103
f 2017 2103 2018
f 2018 2103 2112
f 2018 2112 2019
f 2019 2112 2113
f 2019 2113 2020
f 2020 2113 2114
f 2020 2114 2021
f 2021 2114 2115
f 2021 2115 2011
f 1698 2011 2115
f 1698 2115 1697
f 1697 2115 2111
f 1697 2111 1695
f 1695 2111 2107
f 1695 2107 1693
f 1693 2107 1735
f 1693 1735 1699
f 1999 1633 1632
f 1999 1632 2116
f 2116 1632 1635
f 2116 1635 2117
f 2117 1635 1639
f 2117 1639 2118
f 2118 1639 1545
f 2118 1545 1544
f 1527 2119 2120
f 2119 1527 1528
f 1513 1512 2121
f 1470 2006 1471
f 1471 2006 1506
f 1512 1510 2122
f 2122 1510 1508
f 2122 1508 1507
f 1513 2121 1528
f 2118 1544 1543
f 2000 1999 2123
f 2123 1999 2116
f 2000 2123 2001
f 2001 2123 2124
f 2001 2124 2002
f 2118 1543 2125
f 2125 1543 1537
f 2125 1537 2126
f 2126 1537 1536
f 2126 1536 2127
f 2127 1536 1535
f 2127 1535 2120
f 2120 1535 1525
f 2120 1525 1527
f 1528 2121 2119
f 2119 2121 2128
f 2119 2128 2120
f 2120 2128 2129
f 2120 2129 2127
f 2127 2129 2130
f 2127 2130 2126
f 2126 2130 2131
f 2126 2131 2125
f 2125 2131 2117
f 2125 2117 2118
f 1512 2122 2121
f 2121 2122 2132
f 2121 2132 2128
f 2128 2132 2133
f 2128 2133 2129
f 2129 2133 2124
f 2129 2124 2130
f 2130 2124 2123
f 2130 2123 2131
f 2131 2123 2116
f 2131 2116 2117
f 2002 2124 2003
f 2003 2124 2133
f 2003 2133 2004
f 2004 2133 2132
f 2004 2132 2005
f 2005 2132 2122
f 2005 2122 2006
f 2006 2122 1507
f 2006 1507 1506
f 1796 1795 1931
f 1805 1804 2134
f 1803 1802 2135
f 1778 1777 2136
f 1802 1800 2136
f 2136 1800 1799
f 2136 1799 1778
f 1803 2135 1804
f 1805 2134 1801
f 1791 1796 2137
f 1777 1784 2136
f 2136 1784 1781
f 2136 1781 2137
f 2137 1781 1780
f 2137 1780 1791
f 1796 1931 2137
f 2137 1931 1932
f 2137 1932 2138
f 2138 1932 1935
f 2138 1935 2139
f 2139 1935 1934
f 2139 1934 2140
f 2140 1934 1933
f 2140 1933 2141
f 1802 2136 2135
f 2135 2136 2137
f 2135 2137 2142
f 2142 2137 2138
f 2142 2138 2143
f 2143 2138 2139
f 2143 2139 2144
f 2144 2139 2140
f 2144 2140 2145
f 2145 2140 2141
f 2145 2141 2146
f 1804 2135 2134
f 2134 2135 2142
f 2134 2142 2147
f 2147 2142 2143
f 2147 2143 2148
f 2148 2143 2144
f 2148 2144 2149
f 2149 2144 2145
f 2149 2145 2150
f 2150 2145 2146
f 2150 2146 2151
f 1797 1801 2026
f 2026 1801 2134
f 2026 2134 2027
f 2027 2134 2147
f 2027 2147 2028
f 2028 2147 2148
f 2028 2148 2029
f 2029 2148 2149
f 2029 2149 2030
f 2030 2149 2150
f 2030 2150 2031
f 2031 2150 2151
f 2031 2151 2032
f 2033 2032 2151
f 2033 2151 2152
f 2152 2151 2146
f 2152 2146 2153
f 2153 2146 2141
f 2153 2141 2154
f 2154 2141 1933
f 2154 1933 1953
f 2033 2152 2155
f 2156 2035 2034
f 2157 2158 2159
f 1946 2157 2160
f 2158 2156 2161
f 2161 2156 2034
f 2161 2034 2162
f 2034 2036 2162
f 2162 2036 2037
f 2162 2037 2163
f 2037 2038 2163
f 2163 2038 2039
f 2163 2039 2164
f 2164 2039 2040
f 2040 2041 2164
f 2164 2041 2042
f 2164 2042 2165
f 2042 2043 2165
f 2165 2043 2044
f 2165 2044 2166
f 2044 2045 2166
f 2166 2045 2046
f 2166 2046 2167
f 2046 2047 2167
f 2167 2047 2048
f 2167 2048 2168
f 2048 2049 2168
f 2168 2049 2050
f 2168 2050 2169
f 2050 2051 2169
f 2169 2051 2052
f 2169 2052 2170
f 2052 2053 2170
f 2170 2053 2054
f 2170 2054 2171
f 2054 2055 2171
f 2171 2055 2056
f 2171 2056 2172
f 2056 2057 2172
f 2172 2057 2058
f 2172 2058 2173
f 2058 2059 2173
f 2173 2059 2060
f 2173 2060 2174
f 2060 2061 2174
f 2174 2061 2062
f 2174 2062 2175
f 2062 2063 2175
f 2175 2063 2064
f 2175 2064 2155
f 2155 2064 2065
f 2155 2065 2033
f 2158 2161 2159
f 2159 2161 2162
f 2159 2162 2176
f 2176 2162 2163
f 2176 2163 2177
f 2177 2163 2164
f 2177 2164 2178
f 2178 2164 2165
f 2178 2165 2179
f 2179 2165 2166
f 2179 2166 2180
f 2180 2166 2167
f 2180 2167 2181
f 2181 2167 2168
f 2181 2168 2182
f 2182 2168 2169
f 2182 2169 2183
f 2183 2169 2170
f 2183 2170 2184
f 2184 2170 2171
f 2184 2171 2185
f 2185 2171 2172
f 2185 2172 2186
f 2186 2172 2173
f 2186 2173 2187
f 2187 2173 2174
f 2187 2174 2188
f 2188 2174 2175
f 2188 2175 2189
f 2189 2175 2155
f 2189 2155 2190
f 2190 2155 2152
f 2190 2152 2153
f 2157 2159 2160
f 2160 2159 2176
f 2160 2176 2191
f 2191 2176 2177
f 2191 2177 2192
f 2192 2177 2178
f 2192 2178 2193
f 2193 2178 2179
f 2193 2179 2194
f 2194 2179 2180
f 2194 2180 2195
f 2195 2180 2181
f 2195 2181 2196
f 2196 2181 2182
f 2196 2182 2197
f 2197 2182 2183
f 2197 2183 2198
f 2198 2183 2184
f 2198 2184 2199
f 2199 2184 2185
f 2199 2185 2200
f 2200 2185 2186
f 2200 2186 2201
f 2201 2186 2187
f 2201 2187 2202
f 2202 2187 2188
f 2202 2188 2203
f 2203 2188 2189
f 2203 2189 2204
f 2204 2189 2190
f 2204 2190 2205
f 2205 2190 2153
f 2205 2153 2154
f 1946 2160 1947
f 1947 2160 2191
f 1947 2191 1937
f 1937 2191 2192
f 1937 2192 1939
f 1939 2192 2193
f 1939 2193 1940
f 1940 2193 2194
f 1940 2194 1917
f 1917 2194 2195
f 1917 2195 1919
f 1919 2195 2196
f 1919 2196 1921
f 1921 2196 2197
f 1921 2197 1923
f 1923 2197 2198
f 1923 2198 1925
f 1925 2198 2199
f 1925 2199 1927
f 1927 2199 2200
f 1927 2200 1928
f 1928 2200 2201
f 1928 2201 1909
f 1909 2201 2202
f 1909 2202 1911
f 1911 2202 2203
f 1911 2203 1948
f 1948 2203 2204
f 1948 2204 1949
f 1949 2204 2205
f 1949 2205 1951
f 1951 2205 2154
f 1951 2154 1953
f 2066 2035 2156
f 2066 2156 2206
f 2206 2156 2158
f 2206 2158 2207
f 2207 2158 2157
f 2207 2157 2208
f 2208 2157 1946
f 2208 1946 1944
f 1819 1818 2209
f 1817 1810 2078
f 1786 1785 1814
f 1814 1813 1786
f 1786 1813 2210
f 1786 2210 1787
f 1787 2210 1788
f 2211 1793 1792
f 1792 1790 2211
f 2211 1790 1789
f 2211 1789 2210
f 2210 1789 1782
f 2210 1782 1788
f 1816 1809 2212
f 2212 1809 1808
f 2212 1808 1819
f 1813 1812 2210
f 2210 1812 1811
f 2210 1811 1816
f 2208 1944 1942
f 2067 2066 2213
f 2213 2066 2206
f 2214 2069 2213
f 2213 2069 2068
f 2213 2068 2067
f 2208 1942 2215
f 2215 1942 1941
f 2215 1941 2216
f 2216 1941 1914
f 2216 1914 2217
f 2217 1914 1913
f 2217 1913 2211
f 2211 1913 1794
f 2211 1794 1793
f 2218 2219 2073
f 2073 2072 2218
f 2218 2072 2071
f 2218 2071 2214
f 2214 2071 2070
f 2214 2070 2069
f 1816 2212 2210
f 2210 2212 2220
f 2210 2220 2211
f 2211 2220 2221
f 2211 2221 2217
f 2217 2221 2222
f 2217 2222 2216
f 2216 2222 2223
f 2216 2223 2215
f 2215 2223 2207
f 2215 2207 2208
f 1819 2209 2212
f 2212 2209 2219
f 2212 2219 2220
f 2220 2219 2218
f 2220 2218 2221
f 2221 2218 2214
f 2221 2214 2222
f 2222 2214 2213
f 2222 2213 2223
f 2223 2213 2206
f 2223 2206 2207
f 1818 1817 2209
f 2209 1817 2078
f 2209 2078 2219
f 2219 2078 2074
f 2219 2074 2073
f 1798 1769 1768
f 1798 1768 1836
f 1836 1768 1767
f 1836 1767 1834
f 1834 1767 1774
f 1834 1774 1835
f 1835 1774 1775
f 1835 1775 1806
f 1807 1772 1771
f 1807 1771 1842
f 1842 1771 1770
f 1842 1770 1840
f 1840 1770 1773
f 1840 1773 1841
f 1841 1773 1776
f 1841 1776 1815
f 2076 2022 2077
f 2077 2022 2025
f 2077 2025 2079
f 2079 2025 1856
f 2079 1856 1855
f 1469 1481 2075
f 2075 1481 2024
f 2075 2024 2076
f 2076 2024 2023
f 2076 2023 2022
f 2007 2012 2009
f 2009 2012 2015
f 2009 2015 2010
f 2010 2015 1986
f 2010 1986 1988
f 1776 1769 2008
f 2008 1769 2014
f 2008 2014 2007
f 2007 2014 2013
f 2007 2013 2012
f 1567 2224 2225
f 1567 2225 1569
f 1569 2225 2226
f 1569 2226 1570
f 1570 2226 2227
f 1570 2227 1557
f 1557 2227 2228
f 1557 2228 1549
f 1549 2228 2229
f 1549 2229 1550
f 1550 2229 2230
f 1550 2230 1553
f 1553 2230 2231
f 1553 2231 1562
f 1562 2231 2232
f 1562 2232 1564
f 1564 2232 2233
f 1564 2233 1565
f 1565 2233 2234
f 1565 2234 1548
f 1482 2224 1567
f 1548 2234 1499
f 2235 2236 1499
f 1499 2236 1482
f 2236 2237 1482
f 1482 2237 2238
f 1482 2238 2224
f 2239 2240 2230
f 2235 1499 2241
f 2241 1499 2234
f 2241 2234 2242
f 2242 2234 2233
f 2242 2233 2243
f 2243 2233 2232
f 2243 2232 2240
f 2240 2232 2231
f 2240 2231 2230
f 2238 2244 2224
f 2224 2244 2245
f 2224 2245 2225
f 2225 2245 2246
f 2230 2229 2239
f 2239 2229 2228
f 2239 2228 2247
f 2247 2228 2227
f 2247 2227 2246
f 2246 2227 2226
f 2246 2226 2225
f 2239 1962 2240
f 2240 1962 1960
f 2240 1960 2243
f 2243 1960 1978
f 2243 1978 2242
f 2242 1978 1977
f 2242 1977 2241
f 2241 1977 1996
f 2241 1996 2235
f 2235 1996 1991
f 2235 1991 2236
f 2236 1991 1992
f 2236 1992 2237
f 2237 1992 1987
f 2237 1987 2238
f 2238 1987 1973
f 2238 1973 2244
f 2244 1973 1968
f 2244 1968 2245
f 2245 1968 1958
f 2245 1958 2246
f 2246 1958 1957
f 2246 1957 2247
f 2247 1957 1965
f 2247 1965 2239
f 2239 1965 1962
f 1924 1926 2248
f 2248 1926 1908
f 2248 1908 2249
f 2249 1908 1910
f 2249 1910 2250
f 2250 1910 1912
f 2250 1912 2251
f 2251 1912 1950
f 2251 1950 2252
f 2252 1950 1952
f 2252 1952 2253
f 2253 1952 1954
f 2253 1954 2254
f 2254 1954 1955
f 2254 1955 2255
f 2255 1955 1930
f 2255 1930 2256
f 2256 1930 1929
f 2256 1929 2257
f 2257 1929 1904
f 2257 1904 2258
f 2258 1904 1905
f 2258 1905 2259
f 2259 1905 1906
f 2259 1906 2260
f 2260 1906 1907
f 2260 1907 2261
f 2261 1907 1915
f 2261 1915 2262
f 2262 1915 1943
f 2262 1943 2263
f 2263 1943 1945
f 2263 1945 2264
f 2264 1945 1936
f 2264 1936 2265
f 2265 1936 1938
f 2265 1938 2266
f 2266 1938 1916
f 2266 1916 2267
f 2267 1916 1918
f 2267 1918 2268
f 2268 1918 1920
f 2268 1920 2269
f 2269 1920 1922
f 2269 1922 2270
f 2270 1922 1924
f 2270 1924 2248
f 2083 2250 2082
f 2082 2250 2251
f 2082 2251 2081
f 2081 2251 2252
f 2081 2252 2080
f 2080 2252 2253
f 2080 2253 2099
f 2099 2253 2254
f 2099 2254 2098
f 2098 2254 2255
f 2098 2255 2097
f 2255 2256 2097
f 2097 2256 2257
f 2097 2257 2096
f 2096 2257 2258
f 2096 2258 2095
f 2095 2258 2259
f 2095 2259 2094
f 2094 2259 2260
f 2094 2260 2093
f 2093 2260 2261
f 2093 2261 2092
f 2092 2261 2262
f 2092 2262 2091
f 2091 2262 2263
f 2091 2263 2090
f 2263 2264 2090
f 2090 2264 2265
f 2090 2265 2089
f 2089 2265 2266
f 2089 2266 2088
f 2088 2266 2267
f 2088 2267 2087
f 2087 2267 2268
f 2087 2268 2086
f 2086 2268 2269
f 2086 2269 2085
f 2085 2269 2270
f 2085 2270 2084
f 2084 2270 2248
f 2084 2248 2083
f 2083 2248 2249
f 2083 2249 2250
f 1764 2271 1766
f 1766 2271 2272
f 1766 2272 1738
f 1738 2272 2273
f 1738 2273 1740
f 1752 2274 1754
f 1754 2274 2275
f 1754 2275 1756
f 1756 2275 2276
f 1756 2276 1758
f 2276 2277 1758
f 1758 2277 2278
f 1758 2278 1760
f 1760 2278 2279
f 1760 2279 1762
f 1762 2279 2280
f 1762 2280 1764
f 1764 2280 2281
f 1764 2281 2271
f 1746 2282 1748
f 1748 2282 2283
f 1748 2283 1750
f 1750 2283 2284
f 1750 2284 1752
f 1752 2284 2285
f 1752 2285 2274
f 2273 2286 1740
f 1740 2286 2287
f 1740 2287 1742
f 1742 2287 2288
f 1742 2288 1744
f 1744 2288 2289
f 1744 2289 1746
f 1746 2289 2290
f 1746 2290 2282
f 1581 1582 2291
f 2289 1566 1568
f 1582 1580 2291
f 2291 1580 1579
f 2291 1579 1578
f 2289 1568 1578
f 1578 1568 1560
f 1578 1560 2291
f 2291 1560 1559
f 2291 1559 1581
f 1604 1603 2292
f 2292 1601 1600
f 1600 1599 2292
f 2292 1599 1598
f 2292 1598 1604
f 1603 1734 2292
f 2292 1734 2282
f 2292 2282 1601
f 1734 1731 2282
f 2282 1731 1475
f 2282 1475 2283
f 2283 1475 1477
f 2283 1477 2284
f 2284 1477 1478
f 2284 1478 2285
f 2285 1478 1474
f 2285 1474 2274
f 2274 1474 1490
f 2274 1490 2275
f 2275 1490 1522
f 2275 1522 2276
f 2276 1522 1521
f 2276 1521 2277
f 2277 1521 1505
f 2277 1505 2278
f 2278 1505 1504
f 2278 1504 2279
f 2279 1504 1503
f 2279 1503 2280
f 2280 1503 1502
f 2280 1502 2281
f 2281 1502 1488
f 2281 1488 2271
f 2271 1488 1487
f 2271 1487 2272
f 2272 1487 1520
f 2272 1520 2273
f 2273 1520 1519
f 2273 1519 2286
f 2286 1519 1517
f 2286 1517 2287
f 2287 1517 1516
f 2287 1516 2288
f 2288 1516 1515
f 2288 1515 2289
f 2289 1515 1514
f 2289 1514 1566
f 1585 1586 2290
f 2290 1586 1595
f 1595 1594 2290
f 2290 1594 1592
f 2290 1592 2282
f 2282 1592 1591
f 2282 1591 1601
f 1578 1576 2289
f 2289 1576 1575
f 2289 1575 1590
f 1590 1588 2289
f 2289 1588 1587
f 2289 1587 2290
f 2290 1587 1583
f 2290 1583 1585
f 1727 2293 1729
f 1729 2293 2294
f 1729 2294 1701
f 1701 2294 2295
f 1701 2295 1703
f 1721 2296 1723
f 1723 2296 2297
f 1723 2297 1725
f 1725 2297 2298
f 1725 2298 1727
f 1727 2298 2299
f 1727 2299 2293
f 1715 2300 1717
f 1717 2300 2301
f 1717 2301 1719
f 1719 2301 2302
f 1719 2302 1721
f 1721 2302 2303
f 1721 2303 2296
f 1709 2304 1711
f 1711 2304 2305
f 1711 2305 1713
f 1713 2305 2306
f 1713 2306 1715
f 1715 2306 2307
f 1715 2307 2300
f 2295 2308 1703
f 1703 2308 2309
f 1703 2309 1705
f 1705 2309 2310
f 1705 2310 1707
f 1707 2310 2311
f 1707 2311 1709
f 1709 2311 2312
f 1709 2312 2304
f 1606 1605 2313
f 2313 1605 1540
f 2313 1540 1539
f 1539 1610 2313
f 2313 1610 1608
f 2313 1608 1606
f 1626 1627 2314
f 2314 1627 1563
f 2314 1563 1547
f 1546 2304 1547
f 1547 2304 1631
f 1547 1631 2314
f 2314 1631 1630
f 2314 1630 1626
f 1626 1630 1628
f 1546 1571 2304
f 2304 1571 1501
f 2304 1501 2305
f 2305 1501 1500
f 2305 1500 2306
f 2306 1500 1484
f 2306 1484 2307
f 2307 1484 1483
f 2307 1483 2300
f 2300 1483 1518
f 2300 1518 2301
f 2301 1518 1496
f 2301 1496 2302
f 2302 1496 1497
f 2302 1497 2303
f 2303 1497 1498
f 2303 1498 2296
f 2296 1498 1534
f 2296 1534 2297
f 2297 1534 1533
f 2297 1533 2298
f 2298 1533 1532
f 2298 1532 2299
f 2299 1532 1495
f 2299 1495 2293
f 2293 1495 1494
f 2293 1494 2294
f 2294 1494 1493
f 2294 1493 2295
f 2295 1493 1509
f 2295 1509 2308
f 2308 1509 1511
f 2308 1511 2309
f 2309 1511 1526
f 2309 1526 2310
f 2310 1526 1524
f 2310 1524 2311
f 2311 1524 1523
f 2311 1523 1538
f 2304 1617 1625
f 1625 1623 2304
f 2304 1623 1622
f 2304 1622 1631
f 1538 1540 2311
f 2311 1540 1605
f 2311 1605 2312
f 2312 1605 1615
f 1615 1613 2312
f 2312 1613 1612
f 2312 1612 1621
f 1621 1620 2312
f 2312 1620 1619
f 2312 1619 2304
f 2304 1619 1618
f 2304 1618 1617
f 2315 2316 1749
f 2317 2318 2319
f 1714 2320 2321
f 2322 2323 2324
f 2324 2323 2325
f 2324 1700 1702
f 1749 1751 2315
f 2315 1751 2326
f 2315 2326 2327
f 1710 2328 1708
f 1708 2328 1706
f 2329 2330 2331
f 2331 2330 2332
f 2331 2332 2316
f 2319 2328 2317
f 2317 2328 1710
f 2317 1710 2321
f 2321 1710 1712
f 2321 1712 1714
f 2324 1702 2328
f 2328 1702 1704
f 2328 1704 1706
f 2333 2334 2335
f 2335 2334 2336
f 1716 1718 2337
f 2338 2339 2340
f 2340 2339 2341
f 1700 2324 1728
f 1728 2324 2325
f 1728 2325 1726
f 2325 2335 1726
f 1726 2335 2336
f 1726 2336 1724
f 1724 2336 1722
f 2337 1718 2336
f 2336 1718 1720
f 2336 1720 1722
f 2320 1739 2332
f 2332 1739 1741
f 1737 1739 2342
f 2342 1739 2320
f 2342 2320 2337
f 2337 2320 1714
f 2337 1714 1716
f 1751 1753 2326
f 2326 1753 1755
f 2326 1755 2341
f 2341 1755 1757
f 2341 1757 2340
f 2340 1757 1759
f 1741 1743 2332
f 2332 1743 1745
f 2332 1745 2316
f 2316 1745 1747
f 2316 1747 1749
f 1759 1761 2340
f 2340 1761 1763
f 2340 1763 2342
f 2342 1763 1765
f 2342 1765 1737
f 2322 2324 1830
f 1830 2324 1831
f 2324 2328 1831
f 1831 2328 1832
f 2328 2319 1832
f 1832 2319 1833
f 2319 2318 1833
f 1833 2318 1826
f 2318 2317 1826
f 1826 2317 1846
f 2317 2321 1846
f 1846 2321 1845
f 2321 2320 1845
f 1845 2320 1843
f 2320 2332 1843
f 1843 2332 1844
f 2332 2330 1844
f 1844 2330 1827
f 2330 2329 1827
f 1827 2329 1828
f 2329 2331 1828
f 1828 2331 1820
f 2331 2316 1820
f 1820 2316 1821
f 2316 2315 1821
f 1821 2315 1822
f 2315 2327 1822
f 1822 2327 1837
f 2327 2326 1837
f 1837 2326 1838
f 2326 2341 1838
f 1838 2341 1839
f 2341 2339 1839
f 1839 2339 1847
f 2339 2338 1847
f 1847 2338 1848
f 2338 2340 1848
f 1848 2340 1853
f 2340 2342 1853
f 1853 2342 1852
f 2342 2337 1852
f 1852 2337 1850
f 2337 2336 1850
f 1850 2336 1851
f 2336 2334 1851
f 1851 2334 1849
f 2334 2333 1849
f 1849 2333 1829
f 2333 2335 1829
f 1829 2335 1823
f 2335 2325 1823
f 1823 2325 1824
f 2325 2323 1824
f 1824 2323 1825
f 2323 2322 1825
f 1825 2322 1830
f 2343 2344 2345
f 2345 2344 2346
f 2345 2346 1861
f 1861 2346 2347
f 1861 2347 2348
f 2349 2350 2351
f 2351 2350 2352
f 2351 2352 2353
f 2353 2352 2354
f 2353 2354 2355
f 2355 2354 2356
f 2355 2356 2357
f 2358 2359 2360
f 2360 2359 2361
f 2360 2361 2362
f 2362 2361 2363
f 2362 2363 2364
f 2364 2363 2365
f 2364 2365 2343
f 2343 2365 2366
f 2343 2366 2344
f 2367 2368 2369
f 2369 2368 2370
f 2369 2370 2371
f 2371 2370 2372
f 2371 2372 2373
f 2373 2372 2374
f 2373 2374 2349
f 2349 2374 2375
f 2349 2375 2350
f 2376 2377 2378
f 2378 2377 2379
f 2378 2379 2380
f 2380 2379 2381
f 2380 2381 2382
f 2382 2381 2383
f 2382 2383 2358
f 2358 2383 2384
f 2358 2384 2359
f 2347 2385 2348
f 2348 2385 2386
f 2348 2386 2387
f 2387 2386 2388
f 2387 2388 2389
f 2389 2388 2390
f 2389 2390 2391
f 2391 2390 2392
f 2391 2392 2393
f 2392 2394 2393
f 2393 2394 2395
f 2393 2395 2396
f 2396 2395 2397
f 2396 2397 2398
f 2398 2397 2399
f 2398 2399 2400
f 2400 2399 2401
f 2400 2401 2367
f 2367 2401 2402
f 2367 2402 2368
f 2356 2403 2357
f 2357 2403 2404
f 2357 2404 2405
f 2405 2404 2406
f 2405 2406 2407
f 2407 2406 2408
f 2407 2408 2409
f 2409 2408 2410
f 2409 2410 2376
f 2376 2410 2411
f 2376 2411 2377
f 1861 2412 2345
f 2345 2412 2413
f 2345 2413 2343
f 2343 2413 2414
f 2343 2414 2364
f 2364 2414 2415
f 2364 2415 2362
f 2362 2415 2416
f 2362 2416 2360
f 2360 2416 2417
f 2360 2417 2358
f 2358 2417 2418
f 2358 2418 2382
f 2382 2418 2419
f 2382 2419 2380
f 2380 2419 2420
f 2380 2420 2378
f 2378 2420 2421
f 2378 2421 2376
f 2376 2421 2422
f 2376 2422 2409
f 2409 2422 2423
f 2409 2423 2407
f 2407 2423 2424
f 2407 2424 2405
f 2405 2424 2425
f 2405 2425 2357
f 2357 2425 2426
f 2357 2426 2355
f 2355 2426 2427
f 2355 2427 2353
f 2353 2427 2428
f 2353 2428 2351
f 2351 2428 2429
f 2351 2429 2349
f 2349 2429 2430
f 2349 2430 2373
f 2373 2430 2431
f 2373 2431 2371
f 2371 2431 2432
f 2371 2432 2369
f 2369 2432 2433
f 2369 2433 2367
f 2367 2433 2434
f 2367 2434 2400
f 2400 2434 2435
f 2400 2435 2398
f 2398 2435 2436
f 2398 2436 2396
f 2396 2436 2437
f 2396 2437 2393
f 2393 2437 2438
f 2393 2438 2391
f 2391 2438 2439
f 2391 2439 2389
f 2389 2439 2440
f 2389 2440 2387
f 2387 2440 2441
f 2387 2441 2348
f 2348 2441 2442
f 2348 2442 1861
f 1861 2442 2412
f 2441 2443 2442
f 2442 2443 2444
f 2442 2444 2412
f 2412 2444 2445
f 2412 2445 2413
f 2417 2446 2418
f 2418 2446 2447
f 2418 2447 2419
f 2419 2447 2448
f 2419 2448 2420
f 2420 2448 2449
f 2420 2449 2421
f 2445 2450 2413
f 2413 2450 2451
f 2413 2451 2414
f 2414 2451 2452
f 2414 2452 2415
f 2415 2452 2453
f 2415 2453 2416
f 2416 2453 2454
f 2416 2454 2417
f 2417 2454 2455
f 2417 2455 2446
f 2437 2456 2438
f 2438 2456 2457
f 2438 2457 2439
f 2439 2457 2458
f 2439 2458 2440
f 2440 2458 2459
f 2440 2459 2441
f 2441 2459 2460
f 2441 2460 2443
f 2433 2461 2434
f 2434 2461 2462
f 2434 2462 2435
f 2435 2462 2463
f 2435 2463 2436
f 2436 2463 2464
f 2436 2464 2437
f 2437 2464 2465
f 2437 2465 2456
f 2429 2466 2430
f 2430 2466 2467
f 2430 2467 2431
f 2431 2467 2468
f 2431 2468 2432
f 2432 2468 2469
f 2432 2469 2433
f 2433 2469 2470
f 2433 2470 2461
f 2425 2471 2426
f 2426 2471 2472
f 2426 2472 2427
f 2427 2472 2473
f 2427 2473 2428
f 2428 2473 2474
f 2428 2474 2429
f 2429 2474 2475
f 2429 2475 2466
f 2449 2476 2421
f 2421 2476 2477
f 2421 2477 2422
f 2422 2477 2478
f 2422 2478 2423
f 2423 2478 2479
f 2423 2479 2424
f 2424 2479 2480
f 2424 2480 2425
f 2425 2480 2481
f 2425 2481 2471
f 2445 2346 2450
f 2450 2346 2344
f 2450 2344 2451
f 2451 2344 2366
f 2451 2366 2452
f 2452 2366 2365
f 2452 2365 2453
f 2453 2365 2363
f 2453 2363 2454
f 2454 2363 2361
f 2454 2361 2455
f 2455 2361 2359
f 2455 2359 2446
f 2446 2359 2384
f 2446 2384 2447
f 2447 2384 2383
f 2447 2383 2448
f 2448 2383 2381
f 2448 2381 2449
f 2449 2381 2379
f 2449 2379 2476
f 2476 2379 2377
f 2476 2377 2477
f 2477 2377 2411
f 2477 2411 2478
f 2478 2411 2410
f 2478 2410 2479
f 2479 2410 2408
f 2479 2408 2480
f 2480 2408 2406
f 2480 2406 2481
f 2481 2406 2404
f 2481 2404 2471
f 2471 2404 2403
f 2471 2403 2472
f 2472 2403 2356
f 2472 2356 2473
f 2473 2356 2354
f 2473 2354 2474
f 2474 2354 2352
f 2474 2352 2475
f 2475 2352 2350
f 2475 2350 2466
f 2466 2350 2375
f 2466 2375 2467
f 2467 2375 2374
f 2467 2374 2468
f 2468 2374 2372
f 2468 2372 2469
f 2469 2372 2370
f 2469 2370 2470
f 2470 2370 2368
f 2470 2368 2461
f 2461 2368 2402
f 2461 2402 2462
f 2462 2402 2401
f 2462 2401 2463
f 2463 2401 2399
f 2463 2399 2464
f 2464 2399 2397
f 2464 2397 2465
f 2465 2397 2395
f 2465 2395 2456
f 2456 2395 2394
f 2456 2394 2457
f 2457 2394 2392
f 2457 2392 2458
f 2458 2392 2390
f 2458 2390 2459
f 2459 2390 2388
f 2459 2388 2460
f 2460 2388 2386
f 2460 2386 2443
f 2443 2386 2385
f 2443 2385 2444
f 2444 2385 2347
f 2444 2347 2445
f 2445 2347 2346
f 2482 2483 2484
f 2484 2483 2485
f 2485 2486 2484
f 2484 2486 2487
f 2484 2487 2488
f 2487 2489 2488
f 2488 2489 2490
f 2488 2490 2491
f 2491 2490 2492
f 2491 2492 2493
f 2492 2494 2493
f 2493 2494 2495
f 2493 2495 2496
f 2495 2497 2496
f 2496 2497 2498
f 2496 2498 2499
f 2498 2500 2499
f 2499 2500 2501
f 2499 2501 2502
f 2501 2503 2502
f 2502 2503 2504
f 2502 2504 2505
f 2504 2506 2505
f 2505 2506 2507
f 2505 2507 2508
f 2507 2509 2508
f 2508 2509 2510
f 2508 2510 2511
f 2510 2512 2511
f 2511 2512 2513
f 2511 2513 2514
f 2513 2515 2514
f 2514 2515 2516
f 2514 2516 2517
f 2516 2518 2517
f 2517 2518 2519
f 2517 2519 2520
f 2519 2521 2520
f 2520 2521 2522
f 2520 2522 2523
f 2522 2524 2523
f 2523 2524 2525
f 2523 2525 2526
f 2525 2527 2526
f 2526 2527 2528
f 2526 2528 2529
f 2528 2530 2529
f 2529 2530 2531
f 2529 2531 2532
f 2531 2533 2532
f 2532 2533 2534
f 2532 2534 2535
f 2534 2536 2535
f 2535 2536 2537
f 2535 2537 2538
f 2538 2537 2539
f 2539 2540 2538
f 2538 2540 2541
f 2538 2541 2542
f 2541 2543 2542
f 2542 2543 2544
f 2542 2544 2545
f 2544 2546 2545
f 2545 2546 2547
f 2545 2547 2548
f 2547 2549 2548
f 2548 2549 2550
f 2548 2550 2551
f 2550 2552 2551
f 2551 2552 2553
f 2551 2553 2554
f 2553 2555 2554
f 2554 2555 2556
f 2554 2556 2557
f 2556 2558 2557
f 2557 2558 2559
f 2557 2559 2560
f 2559 2561 2560
f 2560 2561 2562
f 2560 2562 2563
f 2562 2564 2563
f 2563 2564 2565
f 2563 2565 2566
f 2565 2567 2566
f 2566 2567 2568
f 2566 2568 2569
f 2568 2570 2569
f 2569 2570 2571
f 2569 2571 2572
f 2571 2573 2572
f 2572 2573 2574
f 2572 2574 2575
f 2574 2576 2575
f 2575 2576 2577
f 2575 2577 2578
f 2577 2579 2578
f 2578 2579 2580
f 2578 2580 2581
f 2580 2582 2581
f 2581 2582 2583
f 2581 2583 2584
f 2583 2585 2584
f 2584 2585 2586
f 2584 2586 2587
f 2586 2588 2587
f 2587 2588 2589
f 2587 2589 2590
f 2589 2591 2590
f 2590 2591 2592
f 2590 2592 2593
f 2593 2592 2594
f 2593 2594 2595
f 2594 2596 2595
f 2595 2596 2597
f 2595 2597 2482
f 2482 2597 2598
f 2482 2598 2483
f 2599 2526 2600
f 2600 2526 2529
f 2600 2529 2601
f 2601 2529 2532
f 2601 2532 2602
f 2602 2532 2535
f 2602 2535 2603
f 2604 2514 2605
f 2605 2514 2517
f 2605 2517 2606
f 2606 2517 2520
f 2606 2520 2599
f 2599 2520 2523
f 2599 2523 2526
f 2607 2502 2608
f 2608 2502 2505
f 2608 2505 2609
f 2609 2505 2508
f 2609 2508 2604
f 2604 2508 2511
f 2604 2511 2514
f 2610 2488 2611
f 2611 2488 2491
f 2611 2491 2612
f 2612 2491 2493
f 2612 2493 2613
f 2613 2493 2496
f 2613 2496 2607
f 2607 2496 2499
f 2607 2499 2502
f 2614 2593 2615
f 2615 2593 2595
f 2615 2595 2616
f 2616 2595 2482
f 2616 2482 2610
f 2610 2482 2484
f 2610 2484 2488
f 2617 2566 2618
f 2618 2566 2569
f 2618 2569 2619
f 2619 2569 2572
f 2619 2572 2620
f 2572 2575 2620
f 2620 2575 2578
f 2620 2578 2621
f 2621 2578 2581
f 2621 2581 2622
f 2622 2581 2584
f 2622 2584 2623
f 2623 2584 2587
f 2623 2587 2614
f 2614 2587 2590
f 2614 2590 2593
f 2624 2554 2625
f 2625 2554 2557
f 2625 2557 2626
f 2626 2557 2560
f 2626 2560 2617
f 2617 2560 2563
f 2617 2563 2566
f 2535 2538 2603
f 2603 2538 2542
f 2603 2542 2627
f 2627 2542 2545
f 2627 2545 2628
f 2628 2545 2548
f 2628 2548 2624
f 2624 2548 2551
f 2624 2551 2554
f 2616 2629 2615
f 2615 2629 2630
f 2615 2630 2614
f 2614 2630 2631
f 2614 2631 2623
f 2623 2631 2632
f 2623 2632 2622
f 2622 2632 2633
f 2622 2633 2621
f 2621 2633 2634
f 2621 2634 2620
f 2620 2634 2635
f 2620 2635 2619
f 2619 2635 2636
f 2619 2636 2618
f 2618 2636 2637
f 2618 2637 2617
f 2617 2637 2638
f 2617 2638 2626
f 2626 2638 2639
f 2626 2639 2625
f 2625 2639 2640
f 2625 2640 2624
f 2624 2640 2641
f 2624 2641 2628
f 2628 2641 2642
f 2628 2642 2627
f 2627 2642 2643
f 2627 2643 2603
f 2603 2643 2644
f 2603 2644 2602
f 2602 2644 2645
f 2602 2645 2601
f 2601 2645 2646
f 2601 2646 2600
f 2600 2646 2647
f 2600 2647 2599
f 2599 2647 2648
f 2599 2648 2606
f 2606 2648 2649
f 2606 2649 2605
f 2605 2649 2650
f 2605 2650 2604
f 2604 2650 2651
f 2604 2651 2609
f 2609 2651 2652
f 2609 2652 2608
f 2608 2652 2653
f 2608 2653 2607
f 2607 2653 2654
f 2607 2654 2613
f 2613 2654 2655
f 2613 2655 2612
f 2612 2655 2656
f 2612 2656 2611
f 2611 2656 2657
f 2611 2657 2610
f 2610 2657 2658
f 2610 2658 2616
f 2616 2658 2629
f 2646 2645 2659
f 2659 2660 2646
f 2646 2660 2661
f 2646 2661 2647
f 2661 2662 2647
f 2647 2662 2663
f 2647 2663 2648
f 2648 2663 2664
f 2648 2664 2649
f 2664 2665 2649
f 2649 2665 2666
f 2649 2666 2650
f 2666 2667 2650
f 2650 2667 2668
f 2650 2668 2651
f 2668 2669 2651
f 2651 2669 2670
f 2651 2670 2652
f 2670 2671 2652
f 2652 2671 2672
f 2652 2672 2653
f 2672 2673 2653
f 2653 2673 2674
f 2653 2674 2654
f 2674 2675 2654
f 2654 2675 2676
f 2654 2676 2655
f 2655 2676 2677
f 2655 2677 2656
f 2677 2678 2656
f 2656 2678 2679
f 2656 2679 2657
f 2679 2680 2657
f 2657 2680 2681
f 2657 2681 2658
f 2681 2682 2658
f 2658 2682 2683
f 2658 2683 2629
f 2629 2683 2684
f 2629 2684 2630
f 2684 2685 2630
f 2630 2685 2686
f 2630 2686 2631
f 2686 2687 2631
f 2631 2687 2688
f 2631 2688 2632
f 2688 2689 2632
f 2632 2689 2690
f 2632 2690 2633
f 2633 2690 2691
f 2633 2691 2634
f 2691 2692 2634
f 2634 2692 2693
f 2634 2693 2635
f 2693 2694 2635
f 2635 2694 2695
f 2635 2695 2636
f 2695 2696 2636
f 2636 2696 2697
f 2636 2697 2637
f 2697 2698 2637
f 2637 2698 2699
f 2637 2699 2638
f 2699 2700 2638
f 2638 2700 2701
f 2638 2701 2639
f 2701 2702 2639
f 2639 2702 2703
f 2639 2703 2640
f 2640 2703 2704
f 2640 2704 2641
f 2704 2705 2641
f 2641 2705 2706
f 2641 2706 2642
f 2706 2707 2642
f 2642 2707 2708
f 2642 2708 2643
f 2708 2709 2643
f 2643 2709 2710
f 2643 2710 2644
f 2644 2710 2711
f 2644 2711 2645
f 2645 2711 2712
f 2645 2712 2659
f 2713 2714 2685
f 2715 2687 2714
f 2714 2687 2686
f 2714 2686 2685
f 2716 2689 2715
f 2715 2689 2688
f 2715 2688 2687
f 2717 2691 2716
f 2716 2691 2690
f 2716 2690 2689
f 2718 2693 2717
f 2717 2693 2692
f 2717 2692 2691
f 2719 2695 2718
f 2718 2695 2694
f 2718 2694 2693
f 2699 2698 2720
f 2720 2698 2697
f 2720 2697 2719
f 2719 2697 2696
f 2719 2696 2695
f 2699 2720 2700
f 2700 2720 2721
f 2700 2721 2701
f 2701 2721 2702
f 2702 2721 2722
f 2702 2722 2703
f 2703 2722 2704
f 2704 2722 2723
f 2704 2723 2705
f 2705 2723 2706
f 2706 2723 2724
f 2706 2724 2707
f 2707 2724 2708
f 2708 2724 2725
f 2708 2725 2709
f 2709 2725 2710
f 2710 2725 2726
f 2710 2726 2711
f 2711 2726 2712
f 2712 2726 2727
f 2712 2727 2659
f 2659 2727 2660
f 2660 2727 2728
f 2660 2728 2661
f 2661 2728 2662
f 2662 2728 2729
f 2662 2729 2663
f 2663 2729 2664
f 2664 2729 2730
f 2664 2730 2665
f 2665 2730 2666
f 2666 2730 2731
f 2666 2731 2667
f 2667 2731 2668
f 2668 2731 2732
f 2668 2732 2669
f 2669 2732 2670
f 2670 2732 2733
f 2670 2733 2671
f 2734 2673 2733
f 2733 2673 2672
f 2733 2672 2671
f 2735 2675 2734
f 2734 2675 2674
f 2734 2674 2673
f 2736 2677 2735
f 2735 2677 2676
f 2735 2676 2675
f 2737 2679 2736
f 2736 2679 2678
f 2736 2678 2677
f 2738 2681 2737
f 2737 2681 2680
f 2737 2680 2679
f 2685 2684 2713
f 2713 2684 2683
f 2713 2683 2738
f 2738 2683 2682
f 2738 2682 2681
f 2734 2739 2735
f 2735 2739 2740
f 2735 2740 2736
f 2741 2713 2738
f 2740 2742 2736
f 2736 2742 2743
f 2736 2743 2737
f 2737 2743 2744
f 2737 2744 2738
f 2738 2744 2745
f 2738 2745 2741
f 2730 2746 2731
f 2731 2746 2747
f 2731 2747 2732
f 2741 2748 2713
f 2713 2748 2749
f 2713 2749 2714
f 2714 2749 2750
f 2714 2750 2715
f 2747 2751 2732
f 2732 2751 2752
f 2732 2752 2733
f 2733 2752 2753
f 2733 2753 2734
f 2734 2753 2754
f 2734 2754 2739
f 2728 2755 2729
f 2729 2755 2756
f 2729 2756 2730
f 2730 2756 2757
f 2730 2757 2746
f 2750 2758 2715
f 2715 2758 2759
f 2715 2759 2716
f 2716 2759 2760
f 2716 2760 2717
f 2726 2761 2727
f 2727 2761 2762
f 2727 2762 2728
f 2728 2762 2763
f 2728 2763 2755
f 2725 2764 2726
f 2726 2764 2765
f 2726 2765 2761
f 2723 2766 2724
f 2724 2766 2767
f 2724 2767 2725
f 2725 2767 2768
f 2725 2768 2764
f 2721 2769 2722
f 2722 2769 2770
f 2722 2770 2723
f 2723 2770 2771
f 2723 2771 2766
f 2719 2772 2720
f 2720 2772 2773
f 2720 2773 2721
f 2721 2773 2774
f 2721 2774 2769
f 2760 2775 2717
f 2717 2775 2776
f 2717 2776 2718
f 2718 2776 2777
f 2718 2777 2719
f 2719 2777 2778
f 2719 2778 2772
f 2761 2765 2540
f 2540 2539 2761
f 2761 2539 2537
f 2761 2537 2762
f 2537 2536 2762
f 2762 2536 2534
f 2762 2534 2763
f 2534 2533 2763
f 2763 2533 2531
f 2763 2531 2755
f 2531 2530 2755
f 2755 2530 2528
f 2755 2528 2756
f 2528 2527 2756
f 2756 2527 2525
f 2756 2525 2757
f 2525 2524 2757
f 2757 2524 2522
f 2757 2522 2746
f 2522 2521 2746
f 2746 2521 2519
f 2746 2519 2747
f 2519 2518 2747
f 2747 2518 2516
f 2747 2516 2751
f 2516 2515 2751
f 2751 2515 2513
f 2751 2513 2752
f 2513 2512 2752
f 2752 2512 2510
f 2752 2510 2753
f 2510 2509 2753
f 2753 2509 2507
f 2753 2507 2754
f 2507 2506 2754
f 2754 2506 2504
f 2754 2504 2739
f 2504 2503 2739
f 2739 2503 2501
f 2739 2501 2740
f 2501 2500 2740
f 2740 2500 2498
f 2740 2498 2742
f 2498 2497 2742
f 2742 2497 2495
f 2742 2495 2743
f 2495 2494 2743
f 2743 2494 2492
f 2743 2492 2744
f 2492 2490 2744
f 2744 2490 2489
f 2744 2489 2745
f 2489 2487 2745
f 2745 2487 2486
f 2745 2486 2741
f 2741 2486 2485
f 2741 2485 2748
f 2748 2485 2483
f 2748 2483 2749
f 2483 2598 2749
f 2749 2598 2597
f 2749 2597 2750
f 2597 2596 2750
f 2750 2596 2594
f 2750 2594 2758
f 2594 2592 2758
f 2758 2592 2591
f 2758 2591 2759
f 2591 2589 2759
f 2759 2589 2588
f 2759 2588 2760
f 2588 2586 2760
f 2760 2586 2585
f 2760 2585 2775
f 2585 2583 2775
f 2775 2583 2582
f 2775 2582 2776
f 2582 2580 2776
f 2776 2580 2579
f 2776 2579 2777
f 2579 2577 2777
f 2777 2577 2576
f 2777 2576 2778
f 2576 2574 2778
f 2778 2574 2573
f 2778 2573 2772
f 2573 2571 2772
f 2772 2571 2570
f 2772 2570 2773
f 2570 2568 2773
f 2773 2568 2567
f 2773 2567 2774
f 2567 2565 2774
f 2774 2565 2564
f 2774 2564 2769
f 2564 2562 2769
f 2769 2562 2561
f 2769 2561 2770
f 2561 2559 2770
f 2770 2559 2558
f 2770 2558 2771
f 2558 2556 2771
f 2771 2556 2555
f 2771 2555 2766
f 2555 2553 2766
f 2766 2553 2552
f 2766 2552 2767
f 2552 2550 2767
f 2767 2550 2549
f 2767 2549 2768
f 2549 2547 2768
f 2768 2547 2546
f 2768 2546 2764
f 2546 2544 2764
f 2764 2544 2543
f 2764 2543 2765
f 2765 2543 2541
f 2765 2541 2540
f 2779 2780 2781
f 2782 2783 2784
f 2785 2786 2787
f 2788 2789 2790
f 2791 2792 2784
f 2792 2793 2784
f 2784 2793 2794
f 2784 2794 2782
f 2782 2794 2795
f 2782 2795 2796
f 2797 2781 2798
f 2798 2781 2788
f 2798 2788 2799
f 2799 2788 2800
f 2801 2785 2802
f 2802 2785 2787
f 2802 2787 2803
f 2797 2804 2781
f 2781 2804 2805
f 2781 2805 2779
f 2779 2805 2806
f 2779 2806 2784
f 2784 2806 2807
f 2784 2807 2791
f 2808 2790 2809
f 2809 2790 2785
f 2809 2785 2810
f 2810 2785 2801
f 2796 2811 2782
f 2782 2811 2812
f 2782 2812 2787
f 2787 2812 2813
f 2787 2813 2803
f 2808 2814 2790
f 2790 2814 2815
f 2790 2815 2788
f 2788 2815 2816
f 2788 2816 2800
f 2817 2818 2819
f 2819 2818 2820
f 2821 2822 2823
f 2823 2822 1700
f 2823 1700 2824
f 2825 2826 2827
f 2827 2826 2828
f 2827 2828 2824
f 1700 2829 2824
f 2824 2829 2830
f 2824 2830 2831
f 2831 2832 2824
f 2824 2832 1724
f 2824 1724 2827
f 2827 1724 2833
f 2827 2833 2834
f 2834 2835 2827
f 2827 2835 2836
f 2827 2836 2837
f 2837 2836 1718
f 2819 2838 2823
f 2823 2838 2839
f 2823 2839 2821
f 2840 2841 2842
f 2820 2842 2819
f 2819 2842 2843
f 2819 2843 2844
f 2844 2845 2819
f 2819 2845 1706
f 2819 1706 2838
f 2841 1712 2842
f 2842 1712 2846
f 2842 2846 2843
f 1718 2847 2837
f 2837 2847 2848
f 2837 2848 2842
f 2842 2848 2849
f 2842 2849 2840
f 2788 2781 2824
f 2824 2781 2823
f 2789 2788 2828
f 2828 2788 2824
f 2828 2826 2789
f 2789 2826 2850
f 2789 2850 2790
f 2790 2850 2851
f 2852 2850 2825
f 2825 2850 2826
f 2785 2853 2786
f 2786 2853 2852
f 2786 2852 2827
f 2827 2852 2825
f 2787 2786 2837
f 2837 2786 2827
f 2782 2787 2842
f 2842 2787 2837
f 2783 2782 2820
f 2820 2782 2842
f 2820 2818 2783
f 2783 2818 2854
f 2783 2854 2784
f 2784 2854 2855
f 2856 2854 2817
f 2817 2854 2818
f 2779 2857 2780
f 2780 2857 2856
f 2780 2856 2819
f 2819 2856 2817
f 2781 2780 2823
f 2823 2780 2819
f 2798 1700 2797
f 2797 1700 2822
f 2797 2822 2804
f 2804 2822 2821
f 2804 2821 2805
f 2805 2821 2839
f 2805 2839 2806
f 2806 2839 2838
f 2806 2838 2807
f 2807 2838 1706
f 2807 1706 2791
f 2791 1706 2845
f 2791 2845 2792
f 2792 2845 2844
f 2792 2844 2793
f 2793 2844 2843
f 2793 2843 2794
f 2794 2843 2846
f 2794 2846 2795
f 2795 2846 1712
f 2795 1712 2796
f 2796 1712 2841
f 2796 2841 2811
f 2811 2841 2840
f 2811 2840 2812
f 2812 2840 2849
f 2812 2849 2813
f 2813 2849 2848
f 2813 2848 2803
f 2803 2848 2847
f 2803 2847 2802
f 2802 2847 1718
f 2802 1718 2801
f 2801 1718 2836
f 2801 2836 2810
f 2810 2836 2835
f 2810 2835 2809
f 2809 2835 2834
f 2809 2834 2808
f 2808 2834 2833
f 2808 2833 2814
f 2814 2833 1724
f 2814 1724 2815
f 2815 1724 2832
f 2815 2832 2816
f 2816 2832 2831
f 2816 2831 2800
f 2800 2831 2830
f 2800 2830 2799
f 2799 2830 2829
f 2799 2829 2798
f 2798 2829 1700
f 2851 2853 2790
f 2790 2853 2785
f 2853 2851 2852
f 2852 2851 2850
f 2855 2857 2784
f 2784 2857 2779
f 2857 2855 2856
f 2856 2855 2854
f 2858 2859 2860
f 2861 2862 2863
f 2864 2865 2866
f 2867 2868 2869
f 2870 2871 2866
f 2871 2872 2866
f 2866 2872 2873
f 2866 2873 2864
f 2864 2873 2874
f 2864 2874 2875
f 2875 2876 2864
f 2864 2876 2877
f 2864 2877 2863
f 2863 2877 2878
f 2879 2861 2880
f 2880 2861 2863
f 2880 2863 2881
f 2881 2863 2878
f 2879 2882 2861
f 2861 2882 2883
f 2861 2883 2869
f 2869 2883 2884
f 2885 2886 2860
f 2860 2886 2887
f 2860 2887 2858
f 2858 2887 2888
f 2858 2888 2866
f 2866 2888 2889
f 2866 2889 2870
f 2890 2867 2891
f 2891 2867 2869
f 2891 2869 2892
f 2892 2869 2884
f 2890 2893 2867
f 2867 2893 2894
f 2867 2894 2860
f 2860 2894 2895
f 2860 2895 2885
f 2896 1749 2897
f 2897 2898 2899
f 2899 2898 2900
f 2899 2900 2901
f 2902 2903 2896
f 2896 2903 2904
f 2896 2904 1749
f 2897 2899 2896
f 2896 2899 2905
f 2896 2905 2906
f 2907 2908 2909
f 2909 2908 1761
f 2901 1743 2899
f 2899 1743 2910
f 2899 2910 2911
f 2911 2910 2912
f 2911 2912 2913
f 2914 2915 2916
f 2916 2915 2908
f 2916 2908 2917
f 2917 2908 2907
f 2917 2907 2918
f 2918 2919 2917
f 2917 2919 1755
f 2917 1755 2920
f 2913 2921 2911
f 2911 2921 1737
f 2911 1737 2922
f 2922 1737 2923
f 2923 2924 2922
f 2922 2924 2925
f 2922 2925 2908
f 2908 2925 2926
f 2908 2926 1761
f 2896 2927 2902
f 2902 2927 2917
f 2902 2917 2928
f 2928 2917 2920
f 2861 2929 2862
f 2862 2929 2930
f 2862 2930 2916
f 2916 2930 2914
f 2863 2862 2917
f 2917 2862 2916
f 2864 2863 2927
f 2927 2863 2917
f 2865 2864 2896
f 2896 2864 2927
f 2896 2906 2865
f 2865 2906 2931
f 2865 2931 2866
f 2866 2931 2932
f 2933 2931 2905
f 2905 2931 2906
f 2858 2934 2859
f 2859 2934 2933
f 2859 2933 2899
f 2899 2933 2905
f 2860 2859 2911
f 2911 2859 2899
f 2867 2860 2922
f 2922 2860 2911
f 2868 2867 2908
f 2908 2867 2922
f 2908 2915 2868
f 2868 2915 2935
f 2868 2935 2869
f 2869 2935 2936
f 2930 2935 2914
f 2914 2935 2915
f 2895 1737 2885
f 2885 1737 2921
f 2885 2921 2886
f 2886 2921 2913
f 2886 2913 2887
f 2887 2913 2912
f 2887 2912 2888
f 2888 2912 2910
f 2888 2910 2889
f 2889 2910 1743
f 2889 1743 2870
f 2870 1743 2901
f 2870 2901 2871
f 2871 2901 2900
f 2871 2900 2872
f 2872 2900 2898
f 2872 2898 2873
f 2873 2898 2897
f 2873 2897 2874
f 2874 2897 1749
f 2874 1749 2875
f 2875 1749 2904
f 2875 2904 2876
f 2876 2904 2903
f 2876 2903 2877
f 2877 2903 2902
f 2877 2902 2878
f 2878 2902 2928
f 2878 2928 2881
f 2881 2928 2920
f 2881 2920 2880
f 2880 2920 1755
f 2880 1755 2879
f 2879 1755 2919
f 2879 2919 2882
f 2882 2919 2918
f 2882 2918 2883
f 2883 2918 2907
f 2883 2907 2884
f 2884 2907 2909
f 2884 2909 2892
f 2892 2909 1761
f 2892 1761 2891
f 2891 1761 2926
f 2891 2926 2890
f 2890 2926 2925
f 2890 2925 2893
f 2893 2925 2924
f 2893 2924 2894
f 2894 2924 2923
f 2894 2923 2895
f 2895 2923 1737
f 2932 2934 2866
f 2866 2934 2858
f 2933 2934 2931
f 2931 2934 2932
f 2936 2929 2869
f 2869 2929 2861
f 2936 2935 2929
f 2929 2935 2930

