mtllib material.mtl
usemtl black.005
v -0.01148900 0.00416300 0.01514800
v -0.01156800 0.00458000 0.01495500
v -0.01156800 0.00458000 0.01495500
v -0.01198500 0.00437900 0.01495500
v -0.01198500 0.00437900 0.01495500
v -0.01224600 0.00399600 0.01495500
v -0.01224600 0.00399600 0.01495500
v -0.01194600 0.00405800 0.01508300
v -0.01228100 0.00353300 0.01495500
v -0.01228100 0.00353300 0.01495500
v -0.01186200 0.00361300 0.01514800
v -0.01212100 0.00316800 0.01495500
v -0.01212100 0.00316800 0.01495500
v -0.01177800 0.00316800 0.01508300
v -0.01181900 0.00290800 0.01495500
v -0.01181900 0.00290800 0.01495500
v -0.01143400 0.00280500 0.01495500
v -0.01143400 0.00280500 0.01495500
v -0.01140100 0.00370000 0.01521500
v -0.01131300 0.00323700 0.01514800
v -0.01123400 0.00282000 0.01495500
v -0.01123400 0.00282000 0.01495500
v -0.01238400 0.00351400 0.01456500
v -0.01220600 0.00310600 0.01456500
v -0.01215900 0.00304800 0.01456500
v -0.01186800 0.00281600 0.01456500
v -0.01173100 0.00275600 0.01456500
v -0.01143800 0.00270100 0.01456500
v -0.01121500 0.00271700 0.01456500
v -0.01104300 0.00287900 0.01495500
v -0.01104300 0.00287900 0.01495500
v -0.01100100 0.00278300 0.01456500
v -0.01074900 0.00294200 0.01456500
v -0.01072200 0.00311600 0.01495500
v -0.01072200 0.00311600 0.01495500
v -0.01064300 0.00304800 0.01456500
v -0.01045700 0.00337000 0.01456500
v -0.01053600 0.00346800 0.01495500
v -0.01053600 0.00346800 0.01495500
v -0.01043500 0.00344100 0.01456500
v -0.01041900 0.00388600 0.01456500
v -0.01052100 0.00386700 0.01495500
v -0.01052100 0.00386700 0.01495500
v -0.01041900 0.00388600 0.01301500
v -0.01041900 0.00388600 0.01301500
v -0.01045700 0.00337000 0.01301500
v -0.01045700 0.00337000 0.01301500
v -0.01074900 0.00294200 0.01301500
v -0.01074900 0.00294200 0.01301500
v -0.01121500 0.00271700 0.01301500
v -0.01121500 0.00271700 0.01301500
v -0.01173100 0.00275600 0.01301500
v -0.01173100 0.00275600 0.01301500
v -0.01215900 0.00304800 0.01301500
v -0.01215900 0.00304800 0.01301500
v -0.01238400 0.00351400 0.01301500
v -0.01238400 0.00351400 0.01301500
v -0.01194600 -0.00494200 0.01508300
v -0.01224600 -0.00500400 0.01495500
v -0.01224600 -0.00500400 0.01495500
v -0.01228100 -0.00546700 0.01495500
v -0.01228100 -0.00546700 0.01495500
v -0.01148900 -0.00483700 0.01514800
v -0.01156800 -0.00442000 0.01495500
v -0.01156800 -0.00442000 0.01495500
v -0.01198500 -0.00462100 0.01495500
v -0.01198500 -0.00462100 0.01495500
v -0.01186200 -0.00538700 0.01514800
v -0.01208000 -0.00588400 0.01495500
v -0.01208000 -0.00588400 0.01495500
v -0.01177800 -0.00583200 0.01508300
v -0.01169700 -0.00614500 0.01495500
v -0.01169700 -0.00614500 0.01495500
v -0.01123400 -0.00618000 0.01495500
v -0.01123400 -0.00618000 0.01495500
v -0.01131300 -0.00576300 0.01514800
v -0.01140100 -0.00530000 0.01521500
v -0.01238400 -0.00548600 0.01456500
v -0.01215900 -0.00595200 0.01456500
v -0.01173100 -0.00624400 0.01456500
v -0.01121500 -0.00628300 0.01456500
v -0.01074900 -0.00605800 0.01456500
v -0.01081700 -0.00597900 0.01495500
v -0.01081700 -0.00597900 0.01495500
v -0.01045700 -0.00563000 0.01456500
v -0.01055600 -0.00559600 0.01495500
v -0.01055600 -0.00559600 0.01495500
v -0.01041900 -0.00511400 0.01456500
v -0.01052100 -0.00513300 0.01495500
v -0.01052100 -0.00513300 0.01495500
v -0.01041900 -0.00511400 0.01301500
v -0.01041900 -0.00511400 0.01301500
v -0.01045700 -0.00563000 0.01301500
v -0.01045700 -0.00563000 0.01301500
v -0.01074900 -0.00605800 0.01301500
v -0.01074900 -0.00605800 0.01301500
v -0.01074900 -0.00605800 0.01301500
v -0.01121500 -0.00628300 0.01301500
v -0.01121500 -0.00628300 0.01301500
v -0.01173100 -0.00624400 0.01301500
v -0.01173100 -0.00624400 0.01301500
v -0.01173100 -0.00624400 0.01301500
v -0.01215900 -0.00595200 0.01301500
v -0.01215900 -0.00595200 0.01301500
v -0.01238400 -0.00548600 0.01301500
v -0.01238400 -0.00548600 0.01301500
v -0.01238400 -0.00548600 0.01301500
v -0.01238400 -0.00548600 0.01301500
v -0.01994200 0.00830000 0.00795900
v -0.02033900 0.00830000 0.00706800
v -0.02036500 0.00830000 0.00609300
v -0.02001600 0.00830000 0.00518200
v -0.01934500 0.00830000 0.00447500
v -0.01845400 0.00830000 0.00407700
v -0.01747900 0.00830000 0.00405100
v -0.01656800 0.00830000 0.00440000
v -0.01586000 0.00830000 0.00507200
v -0.01574400 0.00830000 0.00145600
v -0.01574400 0.00830000 0.00145600
v -0.01725700 0.00830000 0.00105300
v -0.01725700 0.00830000 0.00105300
v -0.01734800 0.00830000 0.00895400
v -0.01549000 0.00830000 0.01145900
v -0.01549000 0.00830000 0.01145900
v -0.01645700 0.00830000 0.00855600
v -0.01419500 0.00830000 0.01057900
v -0.01419500 0.00830000 0.01057900
v -0.01578600 0.00830000 0.00784800
v -0.01320000 0.00830000 0.00937100
v -0.01320000 0.00830000 0.00937100
v -0.01543700 0.00830000 0.00693800
v -0.01923400 0.00830000 0.00863000
v -0.02005800 0.00830000 0.01157500
v -0.02005800 0.00830000 0.01157500
v -0.01832300 0.00830000 0.00898000
v -0.01854500 0.00830000 0.01197800
v -0.01854500 0.00830000 0.01197800
v -0.01698000 0.00830000 0.01193800
v -0.01698000 0.00830000 0.01193800
v -0.01882200 0.00830000 0.00109300
v -0.01882200 0.00830000 0.00109300
v -0.02031200 0.00830000 0.00157200
v -0.02031200 0.00830000 0.00157200
v -0.02160700 0.00830000 0.00245200
v -0.02160700 0.00830000 0.00245200
v -0.02260200 0.00830000 0.00366000
v -0.02260200 0.00830000 0.00366000
v -0.01258600 0.00830000 0.00793100
v -0.01258600 0.00830000 0.00793100
v -0.01240300 0.00830000 0.00637600
v -0.01240300 0.00830000 0.00637600
v -0.01546300 0.00830000 0.00596300
v -0.01266500 0.00830000 0.00483300
v -0.01266500 0.00830000 0.00483300
v -0.01335100 0.00830000 0.00342500
v -0.01335100 0.00830000 0.00342500
v -0.01440600 0.00830000 0.00226900
v -0.01440600 0.00830000 0.00226900
v -0.02321600 0.00830000 0.00510000
v -0.02321600 0.00830000 0.00510000
v -0.02339900 0.00830000 0.00665500
v -0.02339900 0.00830000 0.00665500
v -0.02313700 0.00830000 0.00819800
v -0.02313700 0.00830000 0.00819800
v -0.02245100 0.00830000 0.00960500
v -0.02245100 0.00830000 0.00960500
v -0.02139600 0.00830000 0.01076200
v -0.02139600 0.00830000 0.01076200
v -0.02245100 0.00730000 0.00960500
v -0.02245100 0.00730000 0.00960500
v -0.02139600 0.00730000 0.01076200
v -0.02139600 0.00730000 0.01076200
v -0.02005800 0.00730000 0.01157500
v -0.02005800 0.00730000 0.01157500
v -0.01854500 0.00730000 0.01197800
v -0.01854500 0.00730000 0.01197800
v -0.01698000 0.00730000 0.01193800
v -0.01698000 0.00730000 0.01193800
v -0.01549000 0.00730000 0.01145900
v -0.01549000 0.00730000 0.01145900
v -0.01419500 0.00730000 0.01057900
v -0.01419500 0.00730000 0.01057900
v -0.01320000 0.00730000 0.00937100
v -0.01320000 0.00730000 0.00937100
v -0.01258600 0.00730000 0.00793100
v -0.01258600 0.00730000 0.00793100
v -0.01240300 0.00730000 0.00637600
v -0.01240300 0.00730000 0.00637600
v -0.01266500 0.00730000 0.00483300
v -0.01266500 0.00730000 0.00483300
v -0.01335100 0.00730000 0.00342500
v -0.01335100 0.00730000 0.00342500
v -0.02310100 0.00730000 0.00830700
v -0.02310100 0.00730000 0.00830700
v -0.02310100 0.00730000 0.00830700
v -0.02310100 0.00730000 0.00830700
v -0.02313700 0.00730000 0.00819800
v -0.02313700 0.00730000 0.00819800
v -0.02310100 0.00730000 0.00651500
v -0.02310100 0.00730000 0.00651500
v -0.02339900 0.00730000 0.00665500
v -0.02339900 0.00730000 0.00665500
v -0.02294700 0.00730000 0.00525700
v -0.02294700 0.00730000 0.00525700
v -0.02321600 0.00730000 0.00510000
v -0.02321600 0.00730000 0.00510000
v -0.02249200 0.00730000 0.00407400
v -0.02249200 0.00730000 0.00407400
v -0.02260200 0.00730000 0.00366000
v -0.02260200 0.00730000 0.00366000
v -0.02176500 0.00730000 0.00303600
v -0.02176500 0.00730000 0.00303600
v -0.02160700 0.00730000 0.00245200
v -0.02160700 0.00730000 0.00245200
v -0.02080900 0.00730000 0.00220400
v -0.02080900 0.00730000 0.00220400
v -0.02031200 0.00730000 0.00157200
v -0.02031200 0.00730000 0.00157200
v -0.01968000 0.00730000 0.00162900
v -0.01968000 0.00730000 0.00162900
v -0.01882200 0.00730000 0.00109300
v -0.01882200 0.00730000 0.00109300
v -0.01799600 0.00730000 0.00101600
v -0.01799600 0.00730000 0.00101600
v -0.01799600 0.00730000 0.00101600
v -0.01799600 0.00730000 0.00101600
v -0.01251500 -0.00990000 0.00540400
v -0.01251500 -0.00990000 0.00540400
v -0.01251500 -0.00890000 0.00540400
v -0.01251500 -0.00890000 0.00540400
v -0.01242000 -0.00890000 0.00696700
v -0.01242000 -0.00890000 0.00696700
v -0.01242000 -0.00990000 0.00696700
v -0.01242000 -0.00990000 0.00696700
v -0.01276900 -0.00890000 0.00849300
v -0.01276900 -0.00890000 0.00849300
v -0.01276900 -0.00990000 0.00849300
v -0.01276900 -0.00990000 0.00849300
v -0.01353400 -0.00890000 0.00985800
v -0.01353400 -0.00890000 0.00985800
v -0.01353400 -0.00990000 0.00985800
v -0.01353400 -0.00990000 0.00985800
v -0.01465200 -0.00890000 0.01095300
v -0.01465200 -0.00890000 0.01095300
v -0.01465200 -0.00990000 0.01095300
v -0.01465200 -0.00990000 0.01095300
v -0.01603400 -0.00890000 0.01168900
v -0.01603400 -0.00890000 0.01168900
v -0.01603400 -0.00990000 0.01168900
v -0.01603400 -0.00990000 0.01168900
v -0.01756800 -0.00890000 0.01200500
v -0.01756800 -0.00890000 0.01200500
v -0.01756800 -0.00990000 0.01200500
v -0.01756800 -0.00990000 0.01200500
v -0.01912800 -0.00890000 0.01187700
v -0.01912800 -0.00890000 0.01187700
v -0.01912800 -0.00990000 0.01187700
v -0.01912800 -0.00990000 0.01187700
v -0.02058900 -0.00890000 0.01131400
v -0.02058900 -0.00890000 0.01131400
v -0.02058900 -0.00990000 0.01131400
v -0.02058900 -0.00990000 0.01131400
v -0.02183200 -0.00890000 0.01036300
v -0.02183200 -0.00890000 0.01036300
v -0.02183200 -0.00990000 0.01036300
v -0.02183200 -0.00990000 0.01036300
v -0.02275600 -0.00890000 0.00909900
v -0.02275600 -0.00890000 0.00909900
v -0.02275600 -0.00990000 0.00909900
v -0.02275600 -0.00990000 0.00909900
v -0.02328800 -0.00990000 0.00762700
v -0.02328800 -0.00990000 0.00762700
v -0.02310100 -0.00890000 0.00830700
v -0.02310100 -0.00890000 0.00830700
v -0.02310100 -0.00890000 0.00830700
v -0.02310100 -0.00890000 0.00830700
v -0.02328800 -0.00890000 0.00762700
v -0.02328800 -0.00890000 0.00762700
v -0.01799600 -0.00890000 0.00101600
v -0.01799600 -0.00890000 0.00101600
v -0.01799600 -0.00890000 0.00101600
v -0.01799600 -0.00890000 0.00101600
v -0.01823500 -0.00890000 0.00102600
v -0.01823500 -0.00890000 0.00102600
v -0.01968000 -0.00890000 0.00162900
v -0.01968000 -0.00890000 0.00162900
v -0.01976800 -0.00890000 0.00134200
v -0.01976800 -0.00890000 0.00134200
v -0.02080900 -0.00890000 0.00220400
v -0.02080900 -0.00890000 0.00220400
v -0.02115000 -0.00890000 0.00207700
v -0.02115000 -0.00890000 0.00207700
v -0.02176500 -0.00890000 0.00303600
v -0.02176500 -0.00890000 0.00303600
v -0.02226900 -0.00890000 0.00317200
v -0.02226900 -0.00890000 0.00317200
v -0.02249200 -0.00890000 0.00407400
v -0.02249200 -0.00890000 0.00407400
v -0.02303300 -0.00890000 0.00453800
v -0.02303300 -0.00890000 0.00453800
v -0.02294700 -0.00890000 0.00525700
v -0.02294700 -0.00890000 0.00525700
v -0.02338300 -0.00890000 0.00606400
v -0.02338300 -0.00890000 0.00606400
v -0.02310100 -0.00890000 0.00651500
v -0.02310100 -0.00890000 0.00651500
v -0.01734800 -0.00990000 0.00895400
v -0.01832300 -0.00990000 0.00898000
v -0.01923400 -0.00990000 0.00863000
v -0.01543700 -0.00990000 0.00693800
v -0.01578600 -0.00990000 0.00784800
v -0.01645700 -0.00990000 0.00855600
v -0.01656800 -0.00990000 0.00440000
v -0.01397100 -0.00990000 0.00266800
v -0.01397100 -0.00990000 0.00266800
v -0.01586000 -0.00990000 0.00507200
v -0.01304600 -0.00990000 0.00393100
v -0.01304600 -0.00990000 0.00393100
v -0.01546300 -0.00990000 0.00596300
v -0.02036500 -0.00990000 0.00609300
v -0.02303300 -0.00990000 0.00453800
v -0.02303300 -0.00990000 0.00453800
v -0.02001600 -0.00990000 0.00518200
v -0.02226900 -0.00990000 0.00317200
v -0.02226900 -0.00990000 0.00317200
v -0.01934500 -0.00990000 0.00447500
v -0.02115000 -0.00990000 0.00207700
v -0.02115000 -0.00990000 0.00207700
v -0.01845400 -0.00990000 0.00407700
v -0.01994200 -0.00990000 0.00795900
v -0.02033900 -0.00990000 0.00706800
v -0.02338300 -0.00990000 0.00606400
v -0.02338300 -0.00990000 0.00606400
v -0.01976800 -0.00990000 0.00134200
v -0.01976800 -0.00990000 0.00134200
v -0.01823500 -0.00990000 0.00102600
v -0.01823500 -0.00990000 0.00102600
v -0.01747900 -0.00990000 0.00405100
v -0.01667500 -0.00990000 0.00115400
v -0.01667500 -0.00990000 0.00115400
v -0.01521400 -0.00990000 0.00171700
v -0.01521400 -0.00990000 0.00171700
v -0.01163500 -0.00341300 0.01700000
v -0.01164200 -0.00348900 0.01701500
v -0.01239000 -0.00331200 0.01701500
v -0.01117700 0.00170500 0.01689200
v -0.01117800 0.00169000 0.01681500
v -0.01188900 0.00165200 0.01681500
v -0.01117300 0.00174800 0.01695700
v -0.01117600 0.00171700 0.01691500
v -0.01189400 0.00167800 0.01691500
v -0.01214800 0.00158600 0.01681500
v -0.01257200 0.00143900 0.01691500
v -0.01256000 0.00141500 0.01681500
v -0.01315600 0.00101800 0.01691500
v -0.01300400 0.00111800 0.01681500
v -0.01313700 0.00099900 0.01681500
v -0.01359700 0.00045100 0.01691500
v -0.01357300 0.00043700 0.01681500
v -0.01386000 -0.00021900 0.01691500
v -0.01342900 -0.00226200 0.01681500
v -0.01345100 -0.00227800 0.01691500
v -0.01375900 -0.00163100 0.01681500
v -0.01378400 -0.00164000 0.01691500
v -0.01389800 -0.00093400 0.01681500
v -0.01392400 -0.00093500 0.01691500
v -0.01389100 -0.00057700 0.01681500
v -0.01383400 -0.00022500 0.01681500
v -0.01332000 -0.00240300 0.01681500
v -0.01293500 -0.00277400 0.01681500
v -0.01295100 -0.00279500 0.01691500
v -0.01232600 -0.00315100 0.01691500
v -0.01235300 -0.00321900 0.01698900
v -0.01256000 -0.00301500 0.01681500
v -0.01231700 -0.00312600 0.01681500
v -0.01162400 -0.00329000 0.01681500
v -0.01116900 0.00179000 0.01698900
v -0.01190800 0.00175000 0.01698900
v -0.01260600 0.00150400 0.01698900
v -0.01260600 0.00150400 0.01698900
v -0.01320600 0.00107100 0.01698900
v -0.01320600 0.00107100 0.01698900
v -0.01366000 0.00048700 0.01698900
v -0.01366000 0.00048700 0.01698900
v -0.01393100 -0.00020200 0.01698900
v -0.01393100 -0.00020200 0.01698900
v -0.01399700 -0.00093900 0.01698900
v -0.01399700 -0.00093900 0.01698900
v -0.01385300 -0.00166500 0.01698900
v -0.01385300 -0.00166500 0.01698900
v -0.01351000 -0.00232100 0.01698900
v -0.01351000 -0.00232100 0.01698900
v -0.01299600 -0.00285300 0.01698900
v -0.01299600 -0.00285300 0.01698900
v -0.01162600 -0.00330500 0.01689200
v -0.01162700 -0.00331700 0.01691500
v -0.01162900 -0.00334800 0.01695700
v -0.01163300 -0.00339000 0.01698900
v -0.01116000 0.00188900 0.01701500
v -0.01192800 0.00184800 0.01701500
v -0.01265200 0.00159300 0.01701500
v -0.01327600 0.00114300 0.01701500
v -0.01374700 0.00053600 0.01701500
v -0.01402900 -0.00017900 0.01701500
v -0.01409700 -0.00094400 0.01701500
v -0.01394700 -0.00169800 0.01701500
v -0.01359100 -0.00237900 0.01701500
v -0.01305800 -0.00293200 0.01701500
v -0.01563400 -0.00042100 0.01701500
v -0.01554400 -0.00174700 0.01701500
v -0.01504900 -0.00298100 0.01701500
v -0.01419600 -0.00400200 0.01701500
v -0.01307000 -0.00470900 0.01701500
v -0.01178000 -0.00503300 0.01701500
v -0.01045400 -0.00494300 0.01701500
v -0.01087500 -0.00344800 0.01701500
v -0.00922000 -0.00444700 0.01701500
v -0.01015000 -0.00319300 0.01701500
v -0.00819900 -0.00359500 0.01701500
v -0.00952600 -0.00274300 0.01701500
v -0.00749200 -0.00246900 0.01701500
v -0.00905500 -0.00213600 0.01701500
v -0.00716800 -0.00117900 0.01701500
v -0.00877400 -0.00142100 0.01701500
v -0.00870500 -0.00065600 0.01701500
v -0.00725800 0.00014700 0.01701500
v -0.00885500 0.00009800 0.01701500
v -0.00775400 0.00138100 0.01701500
v -0.00921100 0.00077900 0.01701500
v -0.00860600 0.00240200 0.01701500
v -0.00974500 0.00133200 0.01701500
v -0.00973200 0.00310900 0.01701500
v -0.01041200 0.00171200 0.01701500
v -0.01102200 0.00343300 0.01701500
v -0.01234900 0.00334300 0.01701500
v -0.01358200 0.00284700 0.01701500
v -0.01460300 0.00199500 0.01701500
v -0.01531000 0.00086900 0.01701500
v -0.01048600 0.00152600 0.01681500
v -0.01117800 0.00169000 0.01301500
v -0.01117800 0.00169000 0.01301500
v -0.01024200 0.00141500 0.01301500
v -0.01024200 0.00141500 0.01301500
v -0.01024200 0.00141500 0.01681500
v -0.00986700 0.00117400 0.01681500
v -0.00948300 0.00080300 0.01301500
v -0.00948300 0.00080300 0.01301500
v -0.00948300 0.00080300 0.01681500
v -0.00937300 0.00066200 0.01681500
v -0.00901500 -0.00005300 0.01301500
v -0.00901500 -0.00005300 0.01301500
v -0.00904300 0.00003200 0.01681500
v -0.00890500 -0.00066600 0.01681500
v -0.00891100 -0.00102300 0.01301500
v -0.00891100 -0.00102300 0.01301500
v -0.00891100 -0.00102300 0.01681500
v -0.00896800 -0.00137500 0.01681500
v -0.00918600 -0.00195900 0.01301500
v -0.00918600 -0.00195900 0.01301500
v -0.00922900 -0.00203700 0.01681500
v -0.00966500 -0.00259900 0.01681500
v -0.00979800 -0.00271800 0.01301500
v -0.00979800 -0.00271800 0.01301500
v -0.00979800 -0.00271800 0.01681500
v -0.01024300 -0.00301500 0.01681500
v -0.01065400 -0.00318600 0.01301500
v -0.01065400 -0.00318600 0.01301500
v -0.01162400 -0.00329000 0.01301500
v -0.01162400 -0.00329000 0.01301500
v -0.01091400 -0.00325200 0.01681500
v -0.01065400 -0.00318600 0.01681500
v -0.00322900 -0.00440000 0.00756000
v -0.00322900 -0.00440000 0.00756000
v -0.00322900 0.00280000 0.00756000
v -0.00322900 0.00280000 0.00756000
v -0.00337500 0.00280000 0.00758300
v -0.00337500 0.00280000 0.00758300
v -0.00337500 -0.00440000 0.00758300
v -0.00337500 -0.00440000 0.00758300
v -0.00351900 0.00280000 0.00754800
v -0.00351900 0.00280000 0.00754800
v -0.00351900 -0.00440000 0.00754800
v -0.00351900 -0.00440000 0.00754800
v -0.00363900 0.00280000 0.00746000
v -0.00363900 0.00280000 0.00746000
v -0.00363900 -0.00440000 0.00746000
v -0.00363900 -0.00440000 0.00746000
v -0.00371600 0.00280000 0.00733300
v -0.00371600 0.00280000 0.00733300
v -0.00371600 0.00280000 0.00733300
v -0.00371600 -0.00440000 0.00733300
v -0.00371600 -0.00440000 0.00733300
v -0.00371600 -0.00440000 0.00733300
v -0.00756000 -0.00440000 -0.00322900
v -0.00756000 -0.00440000 -0.00322900
v -0.00756000 -0.00440000 -0.00322900
v -0.00756000 0.00280000 -0.00322900
v -0.00756000 0.00280000 -0.00322900
v -0.00756000 0.00280000 -0.00322900
v -0.00758300 0.00280000 -0.00337500
v -0.00758300 0.00280000 -0.00337500
v -0.00758300 -0.00440000 -0.00337500
v -0.00758300 -0.00440000 -0.00337500
v -0.00754800 0.00280000 -0.00351900
v -0.00754800 0.00280000 -0.00351900
v -0.00754800 -0.00440000 -0.00351900
v -0.00754800 -0.00440000 -0.00351900
v -0.00746000 0.00280000 -0.00363900
v -0.00746000 0.00280000 -0.00363900
v -0.00746000 -0.00440000 -0.00363900
v -0.00746000 -0.00440000 -0.00363900
v -0.00733300 0.00280000 -0.00371600
v -0.00733300 0.00280000 -0.00371600
v -0.00733300 -0.00440000 -0.00371600
v -0.00733300 -0.00440000 -0.00371600
v -0.00205200 0.00280000 -0.00563800
v -0.00205200 -0.00440000 -0.00563800
v 0.00205200 -0.00440000 0.00563800
v 0.00205200 0.00280000 0.00563800
v -0.00195700 -0.00440000 0.00709700
v -0.00195700 -0.00440000 0.00709700
v -0.00195700 0.00280000 0.00709700
v -0.00195700 0.00280000 0.00709700
v -0.00104200 0.00280000 -0.00590900
v -0.00052300 -0.00440000 -0.00597700
v -0.00052300 0.00280000 -0.00597700
v 0.00000000 -0.00440000 -0.00600000
v 0.00000000 0.00280000 -0.00600000
v 0.00104200 -0.00440000 -0.00590900
v 0.00104200 0.00280000 -0.00590900
v 0.00165400 -0.00440000 -0.00576800
v 0.00165400 0.00280000 -0.00576800
v 0.00253600 -0.00440000 -0.00543800
v 0.00253600 0.00280000 -0.00543800
v 0.00317900 -0.00440000 -0.00508800
v 0.00317900 0.00280000 -0.00508800
v 0.00385700 -0.00440000 -0.00459600
v 0.00385700 0.00280000 -0.00459600
v 0.00445900 -0.00440000 -0.00401500
v 0.00445900 0.00280000 -0.00401500
v 0.00491500 -0.00440000 -0.00344100
v 0.00491500 0.00280000 -0.00344100
v 0.00539300 -0.00440000 -0.00263000
v 0.00539300 0.00280000 -0.00263000
v 0.00563800 -0.00440000 -0.00205200
v 0.00563800 0.00280000 -0.00205200
v 0.00590900 -0.00440000 -0.00104200
v 0.00590900 0.00280000 -0.00104200
v 0.00597700 -0.00440000 -0.00052300
v 0.00597700 0.00280000 -0.00052300
v 0.00596700 -0.00440000 0.00062700
v 0.00596700 0.00280000 0.00062700
v 0.00590900 -0.00440000 0.00104200
v 0.00590900 0.00280000 0.00104200
v 0.00556300 -0.00440000 0.00224800
v 0.00556300 0.00280000 0.00224800
v 0.00543800 -0.00440000 0.00253600
v 0.00543800 0.00280000 0.00253600
v 0.00472800 -0.00440000 0.00369400
v 0.00472800 0.00280000 0.00369400
v 0.00459600 -0.00440000 0.00385700
v 0.00459600 0.00280000 0.00385700
v 0.00352700 -0.00440000 0.00485400
v 0.00352700 0.00280000 0.00485400
v 0.00344100 -0.00440000 0.00491500
v 0.00344100 0.00280000 0.00491500
v 0.00076100 0.00830000 0.00544700
v 0.00076100 0.00830000 0.00544700
v 0.00076100 0.00730000 0.00544700
v 0.00076100 0.00730000 0.00544700
v 0.00226500 0.00730000 0.00501200
v 0.00226500 0.00730000 0.00501200
v 0.00226500 0.00830000 0.00501200
v 0.00226500 0.00830000 0.00501200
v 0.00358500 0.00730000 0.00417100
v 0.00358500 0.00730000 0.00417100
v 0.00358500 0.00830000 0.00417100
v 0.00358500 0.00830000 0.00417100
v 0.00461500 0.00730000 0.00299200
v 0.00461500 0.00730000 0.00299200
v 0.00461500 0.00830000 0.00299200
v 0.00461500 0.00830000 0.00299200
v 0.00527100 0.00730000 0.00157100
v 0.00527100 0.00730000 0.00157100
v 0.00527100 0.00830000 0.00157100
v 0.00527100 0.00830000 0.00157100
v 0.00550000 0.00730000 0.00002200
v 0.00550000 0.00730000 0.00002200
v 0.00550000 0.00830000 0.00002200
v 0.00550000 0.00830000 0.00002200
v 0.00528300 0.00730000 -0.00152800
v 0.00528300 0.00730000 -0.00152800
v 0.00528300 0.00830000 -0.00152800
v 0.00528300 0.00830000 -0.00152800
v 0.00463900 0.00730000 -0.00295500
v 0.00463900 0.00730000 -0.00295500
v 0.00463900 0.00830000 -0.00295500
v 0.00463900 0.00830000 -0.00295500
v 0.00361800 0.00730000 -0.00414200
v 0.00361800 0.00730000 -0.00414200
v 0.00361800 0.00830000 -0.00414200
v 0.00361800 0.00830000 -0.00414200
v 0.00230500 0.00730000 -0.00499400
v 0.00230500 0.00730000 -0.00499400
v 0.00230500 0.00830000 -0.00499400
v 0.00230500 0.00830000 -0.00499400
v 0.00080500 0.00730000 -0.00544100
v 0.00080500 0.00730000 -0.00544100
v 0.00080500 0.00830000 -0.00544100
v 0.00080500 0.00830000 -0.00544100
v -0.00076100 0.00730000 -0.00544700
v -0.00076100 0.00730000 -0.00544700
v -0.00076100 0.00830000 -0.00544700
v -0.00076100 0.00830000 -0.00544700
v 0.00177800 0.00730000 0.00488600
v 0.00177800 0.00730000 0.00488600
v 0.00009500 0.00730000 0.00549900
v 0.00009500 0.00730000 0.00549900
v 0.00009500 0.00730000 0.00549900
v 0.00009500 0.00730000 0.00549900
v 0.00298300 0.00730000 0.00426000
v 0.00298300 0.00730000 0.00426000
v 0.00398300 0.00730000 0.00334200
v 0.00398300 0.00730000 0.00334200
v 0.00471300 0.00730000 0.00219800
v 0.00471300 0.00730000 0.00219800
v 0.00512100 0.00730000 0.00090300
v 0.00512100 0.00730000 0.00090300
v 0.00518000 0.00730000 -0.00045300
v 0.00518000 0.00730000 -0.00045300
v 0.00488600 0.00730000 -0.00177800
v 0.00488600 0.00730000 -0.00177800
v 0.00426000 0.00730000 -0.00298300
v 0.00426000 0.00730000 -0.00298300
v 0.00334200 0.00730000 -0.00398300
v 0.00334200 0.00730000 -0.00398300
v 0.00219800 0.00730000 -0.00471300
v 0.00219800 0.00730000 -0.00471300
v 0.00090300 0.00730000 -0.00512100
v 0.00090300 0.00730000 -0.00512100
v -0.00045300 0.00730000 -0.00518000
v -0.00045300 0.00730000 -0.00518000
v -0.00226500 0.00730000 -0.00501200
v -0.00226500 0.00730000 -0.00501200
v -0.00177800 0.00730000 -0.00488600
v -0.00177800 0.00730000 -0.00488600
v -0.00346200 0.00730000 -0.00427400
v -0.00346200 0.00730000 -0.00427400
v -0.00346200 0.00730000 -0.00427400
v -0.00346200 0.00730000 -0.00427400
v 0.00216900 0.00830000 0.00124300
v 0.00248000 0.00830000 0.00031800
v 0.00241300 0.00830000 -0.00065500
v 0.00197800 0.00830000 -0.00152900
v 0.00124300 0.00830000 -0.00216900
v 0.00031800 0.00830000 -0.00248000
v -0.00065500 0.00830000 -0.00241300
v 0.00065500 0.00830000 0.00241300
v 0.00152900 0.00830000 0.00197800
v -0.00197800 0.00830000 0.00152900
v -0.00361800 0.00830000 0.00414200
v -0.00361800 0.00830000 0.00414200
v -0.00124300 0.00830000 0.00216900
v -0.00230500 0.00830000 0.00499400
v -0.00230500 0.00830000 0.00499400
v -0.00031800 0.00830000 0.00248000
v -0.00080500 0.00830000 0.00544100
v -0.00080500 0.00830000 0.00544100
v -0.00216900 0.00830000 -0.00124300
v -0.00527100 0.00830000 -0.00157100
v -0.00527100 0.00830000 -0.00157100
v -0.00248000 0.00830000 -0.00031800
v -0.00550000 0.00830000 -0.00002200
v -0.00550000 0.00830000 -0.00002200
v -0.00241300 0.00830000 0.00065500
v -0.00528300 0.00830000 0.00152800
v -0.00528300 0.00830000 0.00152800
v -0.00463900 0.00830000 0.00295500
v -0.00463900 0.00830000 0.00295500
v -0.00226500 0.00830000 -0.00501200
v -0.00226500 0.00830000 -0.00501200
v -0.00152900 0.00830000 -0.00197800
v -0.00358500 0.00830000 -0.00417100
v -0.00358500 0.00830000 -0.00417100
v -0.00461500 0.00830000 -0.00299200
v -0.00461500 0.00830000 -0.00299200
v 0.00009500 -0.00890000 0.00549900
v 0.00009500 -0.00890000 0.00549900
v 0.00009500 -0.00890000 0.00549900
v 0.00009500 -0.00890000 0.00549900
v 0.00033400 -0.00890000 0.00549000
v 0.00033400 -0.00890000 0.00549000
v 0.00177800 -0.00890000 0.00488600
v 0.00177800 -0.00890000 0.00488600
v 0.00186700 -0.00890000 0.00517400
v 0.00186700 -0.00890000 0.00517400
v 0.00305600 -0.00890000 0.00420700
v 0.00305600 -0.00890000 0.00420700
v 0.00324900 -0.00890000 0.00443800
v 0.00324900 -0.00890000 0.00443800
v 0.00409800 -0.00890000 0.00320100
v 0.00409800 -0.00890000 0.00320100
v 0.00436700 -0.00890000 0.00334300
v 0.00436700 -0.00890000 0.00334300
v 0.00482100 -0.00890000 0.00194800
v 0.00482100 -0.00890000 0.00194800
v 0.00513200 -0.00890000 0.00197700
v 0.00513200 -0.00890000 0.00197700
v 0.00517100 -0.00890000 0.00054400
v 0.00517100 -0.00890000 0.00054400
v 0.00548100 -0.00890000 0.00045100
v 0.00548100 -0.00890000 0.00045100
v 0.00512100 -0.00890000 -0.00090300
v 0.00512100 -0.00890000 -0.00090300
v 0.00538600 -0.00890000 -0.00111100
v 0.00538600 -0.00890000 -0.00111100
v 0.00467400 -0.00890000 -0.00228000
v 0.00467400 -0.00890000 -0.00228000
v 0.00485500 -0.00890000 -0.00258400
v 0.00485500 -0.00890000 -0.00258400
v 0.00386400 -0.00890000 -0.00347900
v 0.00386400 -0.00890000 -0.00347900
v 0.00393100 -0.00890000 -0.00384700
v 0.00393100 -0.00890000 -0.00384700
v 0.00275600 -0.00890000 -0.00441000
v 0.00275600 -0.00890000 -0.00441000
v 0.00268700 -0.00890000 -0.00479900
v 0.00268700 -0.00890000 -0.00479900
v 0.00143300 -0.00890000 -0.00499900
v 0.00143300 -0.00890000 -0.00499900
v 0.00122700 -0.00890000 -0.00536100
v 0.00122700 -0.00890000 -0.00536100
v 0.00000000 -0.00890000 -0.00520000
v 0.00000000 -0.00890000 -0.00520000
v -0.00033400 -0.00890000 -0.00549000
v -0.00033400 -0.00890000 -0.00549000
v -0.00090300 -0.00890000 -0.00512100
v -0.00090300 -0.00890000 -0.00512100
v -0.00186700 -0.00890000 -0.00517400
v -0.00186700 -0.00890000 -0.00517400
v -0.00177800 -0.00890000 -0.00488600
v -0.00177800 -0.00890000 -0.00488600
v -0.00324900 -0.00890000 -0.00443800
v -0.00324900 -0.00890000 -0.00443800
v -0.00346200 -0.00890000 -0.00427400
v -0.00346200 -0.00890000 -0.00427400
v -0.00346200 -0.00890000 -0.00427400
v -0.00346200 -0.00890000 -0.00427400
v 0.00538600 -0.00990000 -0.00111100
v 0.00538600 -0.00990000 -0.00111100
v 0.00548100 -0.00990000 0.00045100
v 0.00548100 -0.00990000 0.00045100
v 0.00513200 -0.00990000 0.00197700
v 0.00513200 -0.00990000 0.00197700
v 0.00436700 -0.00990000 0.00334300
v 0.00436700 -0.00990000 0.00334300
v 0.00324900 -0.00990000 0.00443800
v 0.00324900 -0.00990000 0.00443800
v 0.00186700 -0.00990000 0.00517400
v 0.00186700 -0.00990000 0.00517400
v 0.00033400 -0.00990000 0.00549000
v 0.00033400 -0.00990000 0.00549000
v -0.00122700 -0.00990000 0.00536100
v -0.00122700 -0.00990000 0.00536100
v -0.00122700 -0.00890000 0.00536100
v -0.00122700 -0.00890000 0.00536100
v -0.00268700 -0.00890000 0.00479900
v -0.00268700 -0.00890000 0.00479900
v -0.00268700 -0.00990000 0.00479900
v -0.00268700 -0.00990000 0.00479900
v -0.00393100 -0.00890000 0.00384700
v -0.00393100 -0.00890000 0.00384700
v -0.00393100 -0.00990000 0.00384700
v -0.00393100 -0.00990000 0.00384700
v -0.00485500 -0.00890000 0.00258400
v -0.00485500 -0.00890000 0.00258400
v -0.00485500 -0.00990000 0.00258400
v -0.00485500 -0.00990000 0.00258400
v -0.00538600 -0.00890000 0.00111100
v -0.00538600 -0.00890000 0.00111100
v -0.00538600 -0.00990000 0.00111100
v -0.00538600 -0.00990000 0.00111100
v 0.00065500 -0.00990000 0.00241300
v -0.00031800 -0.00990000 0.00248000
v -0.00124300 -0.00990000 0.00216900
v -0.00197800 -0.00990000 0.00152900
v 0.00248000 -0.00990000 0.00031800
v 0.00216900 -0.00990000 0.00124300
v 0.00152900 -0.00990000 0.00197800
v 0.00197800 -0.00990000 -0.00152900
v 0.00485500 -0.00990000 -0.00258400
v 0.00485500 -0.00990000 -0.00258400
v 0.00241300 -0.00990000 -0.00065500
v -0.00065500 -0.00990000 -0.00241300
v -0.00033400 -0.00990000 -0.00549000
v -0.00033400 -0.00990000 -0.00549000
v 0.00031800 -0.00990000 -0.00248000
v 0.00122700 -0.00990000 -0.00536100
v 0.00122700 -0.00990000 -0.00536100
v 0.00124300 -0.00990000 -0.00216900
v 0.00268700 -0.00990000 -0.00479900
v 0.00268700 -0.00990000 -0.00479900
v 0.00393100 -0.00990000 -0.00384700
v 0.00393100 -0.00990000 -0.00384700
v -0.00241300 -0.00990000 0.00065500
v -0.00248000 -0.00990000 -0.00031800
v -0.00548100 -0.00990000 -0.00045100
v -0.00548100 -0.00990000 -0.00045100
v -0.00513200 -0.00990000 -0.00197700
v -0.00513200 -0.00990000 -0.00197700
v -0.00216900 -0.00990000 -0.00124300
v -0.00436700 -0.00990000 -0.00334300
v -0.00436700 -0.00990000 -0.00334300
v -0.00152900 -0.00990000 -0.00197800
v -0.00324900 -0.00990000 -0.00443800
v -0.00324900 -0.00990000 -0.00443800
v -0.00186700 -0.00990000 -0.00517400
v -0.00186700 -0.00990000 -0.00517400
v -0.02310100 -0.00890000 0.01301500
v -0.02310100 -0.00890000 0.01301500
v -0.02310100 -0.00890000 0.01301500
v -0.02390100 -0.00810000 0.01301500
v -0.02390100 -0.00810000 0.01301500
v -0.02390100 -0.00810000 0.01301500
v -0.02390100 -0.00810000 0.00651500
v -0.02390100 -0.00810000 0.00651500
v -0.02390100 -0.00810000 0.00651500
v -0.02372300 -0.00810000 0.00506400
v -0.02372300 -0.00810000 0.00506400
v -0.02319900 -0.00810000 0.00369900
v -0.02319900 -0.00810000 0.00369900
v -0.02236000 -0.00810000 0.00250100
v -0.02236000 -0.00810000 0.00250100
v -0.02125600 -0.00810000 0.00154100
v -0.02125600 -0.00810000 0.00154100
v -0.01995300 -0.00810000 0.00087700
v -0.01995300 -0.00810000 0.00087700
v -0.00205200 -0.00810000 -0.00563800
v -0.00205200 -0.00810000 -0.00563800
v -0.00104200 -0.00810000 -0.00590900
v -0.00104200 -0.00810000 -0.00590900
v 0.00000000 -0.00810000 -0.00600000
v 0.00000000 -0.00810000 -0.00600000
v -0.00195700 -0.00810000 0.00709700
v -0.00195700 -0.00810000 0.00709700
v -0.00223100 -0.00890000 0.00634600
v -0.00223100 -0.00890000 0.00634600
v -0.00223100 -0.00890000 0.00634600
v 0.00205200 -0.00810000 0.00563800
v 0.00205200 -0.00810000 0.00563800
v -0.00610100 -0.00810000 0.01301500
v -0.00610100 -0.00810000 0.01301500
v -0.00610100 -0.00810000 0.01301500
v -0.00610100 -0.00810000 0.01301500
v -0.00690100 -0.00890000 0.01301500
v -0.00690100 -0.00890000 0.01301500
v -0.00690100 -0.00890000 0.01301500
v -0.00690100 -0.00890000 0.01301500
v -0.00591400 -0.00810000 0.01149200
v -0.00591400 -0.00810000 0.01149200
v -0.00669000 -0.00890000 0.01129800
v -0.00669000 -0.00890000 0.01129800
v -0.00536400 -0.00810000 0.01005900
v -0.00536400 -0.00810000 0.01005900
v -0.00607000 -0.00890000 0.00968300
v -0.00607000 -0.00890000 0.00968300
v -0.00448300 -0.00810000 0.00880100
v -0.00448300 -0.00810000 0.00880100
v -0.00507800 -0.00890000 0.00826600
v -0.00507800 -0.00890000 0.00826600
v -0.00332500 -0.00810000 0.00779400
v -0.00332500 -0.00810000 0.00779400
v -0.00377200 -0.00890000 0.00713100
v -0.00377200 -0.00890000 0.00713100
v -0.02390100 0.00650000 0.01301500
v -0.02390100 0.00650000 0.01301500
v -0.02390100 0.00650000 0.01301500
v -0.02310100 0.00730000 0.01301500
v -0.02310100 0.00730000 0.01301500
v -0.02310100 0.00730000 0.01301500
v -0.02390100 0.00650000 0.00651500
v -0.02390100 0.00650000 0.00651500
v -0.01995300 0.00650000 0.00087700
v -0.01995300 0.00650000 0.00087700
v -0.02125600 0.00650000 0.00154100
v -0.02125600 0.00650000 0.00154100
v -0.02236000 0.00650000 0.00250100
v -0.02236000 0.00650000 0.00250100
v -0.02319900 0.00650000 0.00369900
v -0.02319900 0.00650000 0.00369900
v -0.02372300 0.00650000 0.00506400
v -0.02372300 0.00650000 0.00506400
v -0.00205200 0.00650000 -0.00563800
v -0.00205200 0.00650000 -0.00563800
v 0.00205200 0.00650000 0.00563800
v 0.00205200 0.00650000 0.00563800
v 0.00344100 0.00650000 0.00491500
v 0.00344100 0.00650000 0.00491500
v 0.00352700 0.00650000 0.00485400
v 0.00352700 0.00650000 0.00485400
v 0.00459600 0.00650000 0.00385700
v 0.00459600 0.00650000 0.00385700
v 0.00472800 0.00650000 0.00369400
v 0.00472800 0.00650000 0.00369400
v 0.00543800 0.00650000 0.00253600
v 0.00543800 0.00650000 0.00253600
v 0.00556300 0.00650000 0.00224800
v 0.00556300 0.00650000 0.00224800
v 0.00590900 0.00650000 0.00104200
v 0.00590900 0.00650000 0.00104200
v 0.00596700 0.00650000 0.00062700
v 0.00596700 0.00650000 0.00062700
v 0.00597700 0.00650000 -0.00052300
v 0.00597700 0.00650000 -0.00052300
v 0.00590900 0.00650000 -0.00104200
v 0.00590900 0.00650000 -0.00104200
v 0.00563800 0.00650000 -0.00205200
v 0.00563800 0.00650000 -0.00205200
v 0.00539300 0.00650000 -0.00263000
v 0.00539300 0.00650000 -0.00263000
v 0.00491500 0.00650000 -0.00344100
v 0.00491500 0.00650000 -0.00344100
v 0.00445900 0.00650000 -0.00401500
v 0.00445900 0.00650000 -0.00401500
v 0.00385700 0.00650000 -0.00459600
v 0.00385700 0.00650000 -0.00459600
v 0.00317900 0.00650000 -0.00508800
v 0.00317900 0.00650000 -0.00508800
v 0.00253600 0.00650000 -0.00543800
v 0.00253600 0.00650000 -0.00543800
v 0.00165400 0.00650000 -0.00576800
v 0.00165400 0.00650000 -0.00576800
v 0.00104200 0.00650000 -0.00590900
v 0.00104200 0.00650000 -0.00590900
v 0.00000000 0.00650000 -0.00600000
v 0.00000000 0.00650000 -0.00600000
v -0.00052300 0.00650000 -0.00597700
v -0.00052300 0.00650000 -0.00597700
v -0.00223100 0.00730000 0.00634600
v -0.00223100 0.00730000 0.00634600
v -0.00195700 0.00650000 0.00709700
v -0.00195700 0.00650000 0.00709700
v -0.00332500 0.00650000 0.00779400
v -0.00332500 0.00650000 0.00779400
v -0.00377200 0.00730000 0.00713100
v -0.00377200 0.00730000 0.00713100
v -0.00448300 0.00650000 0.00880100
v -0.00448300 0.00650000 0.00880100
v -0.00507800 0.00730000 0.00826600
v -0.00507800 0.00730000 0.00826600
v -0.00536400 0.00650000 0.01005900
v -0.00536400 0.00650000 0.01005900
v -0.00607000 0.00730000 0.00968300
v -0.00607000 0.00730000 0.00968300
v -0.00591400 0.00650000 0.01149200
v -0.00591400 0.00650000 0.01149200
v -0.00669000 0.00730000 0.01129800
v -0.00669000 0.00730000 0.01129800
v -0.00610100 0.00650000 0.01301500
v -0.00610100 0.00650000 0.01301500
v -0.00610100 0.00650000 0.01301500
v -0.00610100 0.00650000 0.01301500
v -0.00690100 0.00730000 0.01301500
v -0.00690100 0.00730000 0.01301500
v -0.00690100 0.00730000 0.01301500
v -0.00690100 0.00730000 0.01301500
v -0.00350300 0.00280000 0.00791900
v -0.00350300 0.00280000 0.00791900
v -0.00350300 0.00280000 0.00791900
v -0.00350300 -0.00440000 0.00791900
v -0.00350300 -0.00440000 0.00791900
v -0.00350300 -0.00440000 0.00791900
v -0.00332500 0.00280000 0.00779400
v -0.00332500 0.00280000 0.00779400
v -0.00332500 -0.00440000 0.00779400
v -0.00332500 -0.00440000 0.00779400
v -0.00463900 0.00730000 0.00295500
v -0.00463900 0.00730000 0.00295500
v -0.01725700 0.00730000 0.00105300
v -0.01725700 0.00730000 0.00105300
v -0.01440600 0.00730000 0.00226900
v -0.01440600 0.00730000 0.00226900
v -0.00527100 0.00730000 -0.00157100
v -0.00527100 0.00730000 -0.00157100
v -0.00461500 0.00730000 -0.00299200
v -0.00461500 0.00730000 -0.00299200
v -0.00080500 0.00730000 0.00544100
v -0.00080500 0.00730000 0.00544100
v -0.00230500 0.00730000 0.00499400
v -0.00230500 0.00730000 0.00499400
v -0.00361800 0.00730000 0.00414200
v -0.00361800 0.00730000 0.00414200
v -0.00528300 0.00730000 0.00152800
v -0.00528300 0.00730000 0.00152800
v -0.00550000 0.00730000 -0.00002200
v -0.00550000 0.00730000 -0.00002200
v -0.01574400 0.00730000 0.00145600
v -0.01574400 0.00730000 0.00145600
v -0.00358500 0.00730000 -0.00417100
v -0.00358500 0.00730000 -0.00417100
v -0.00769000 0.00280000 -0.00358600
v -0.00769000 0.00280000 -0.00358600
v -0.00769000 0.00280000 -0.00358600
v -0.00769000 -0.00440000 -0.00358600
v -0.00769000 -0.00440000 -0.00358600
v -0.00769000 -0.00440000 -0.00358600
v -0.01236700 0.00395900 0.01301500
v -0.01236700 0.00395900 0.01301500
v -0.01332000 -0.00240300 0.01301500
v -0.01332000 -0.00240300 0.01301500
v -0.01332000 -0.00240300 0.01301500
v -0.01378700 -0.00154700 0.01301500
v -0.01378700 -0.00154700 0.01301500
v -0.01378700 -0.00154700 0.01301500
v -0.01215900 -0.00464800 0.01301500
v -0.01215900 -0.00464800 0.01301500
v -0.01215900 -0.00464800 0.01301500
v -0.01236700 -0.00504100 0.01301500
v -0.01236700 -0.00504100 0.01301500
v -0.01136400 0.00469900 0.01301500
v -0.01136400 0.00469900 0.01301500
v -0.01180100 0.00461600 0.01301500
v -0.01180100 0.00461600 0.01301500
v -0.01215900 0.00435200 0.01301500
v -0.01215900 0.00435200 0.01301500
v -0.01093400 0.00458400 0.01301500
v -0.01093400 0.00458400 0.01301500
v -0.01059700 0.00429400 0.01301500
v -0.01059700 0.00429400 0.01301500
v -0.01389100 -0.00057700 0.01301500
v -0.01389100 -0.00057700 0.01301500
v -0.01361600 0.00035900 0.01301500
v -0.01361600 0.00035900 0.01301500
v -0.01300400 0.00111800 0.01301500
v -0.01300400 0.00111800 0.01301500
v -0.01214800 0.00158600 0.01301500
v -0.01214800 0.00158600 0.01301500
v -0.01256000 -0.00301500 0.01301500
v -0.01256000 -0.00301500 0.01301500
v -0.01180100 -0.00438400 0.01301500
v -0.01180100 -0.00438400 0.01301500
v -0.01136400 -0.00430100 0.01301500
v -0.01136400 -0.00430100 0.01301500
v -0.01093400 -0.00441600 0.01301500
v -0.01093400 -0.00441600 0.01301500
v -0.01059700 -0.00470600 0.01301500
v -0.01059700 -0.00470600 0.01301500
v -0.00436700 -0.00890000 -0.00334300
v -0.00436700 -0.00890000 -0.00334300
v -0.01521400 -0.00890000 0.00171700
v -0.01521400 -0.00890000 0.00171700
v -0.01667500 -0.00890000 0.00115400
v -0.01667500 -0.00890000 0.00115400
v -0.00513200 -0.00890000 -0.00197700
v -0.00513200 -0.00890000 -0.00197700
v -0.00548100 -0.00890000 -0.00045100
v -0.00548100 -0.00890000 -0.00045100
v -0.01397100 -0.00890000 0.00266800
v -0.01397100 -0.00890000 0.00266800
v -0.01304600 -0.00890000 0.00393100
v -0.01304600 -0.00890000 0.00393100
v 0.00165400 -0.00810000 -0.00576800
v 0.00165400 -0.00810000 -0.00576800
v 0.00317900 -0.00810000 -0.00508800
v 0.00317900 -0.00810000 -0.00508800
v 0.00445900 -0.00810000 -0.00401500
v 0.00445900 -0.00810000 -0.00401500
v 0.00539300 -0.00810000 -0.00263000
v 0.00539300 -0.00810000 -0.00263000
v 0.00590900 -0.00810000 -0.00104200
v 0.00590900 -0.00810000 -0.00104200
v 0.00596700 -0.00810000 0.00062700
v 0.00596700 -0.00810000 0.00062700
v 0.00556300 -0.00810000 0.00224800
v 0.00556300 -0.00810000 0.00224800
v 0.00472800 -0.00810000 0.00369400
v 0.00472800 -0.00810000 0.00369400
v 0.00352700 -0.00810000 0.00485400
v 0.00352700 -0.00810000 0.00485400
v -0.01090200 -0.00330900 0.01695700
v -0.01091100 -0.00326700 0.01689200
v -0.01023500 -0.00302900 0.01689200
v -0.00965500 -0.00261000 0.01689200
v -0.00921600 -0.00204500 0.01689200
v -0.00895300 -0.00137900 0.01689200
v -0.00888900 -0.00066600 0.01689200
v -0.00902900 0.00003700 0.01689200
v -0.00936100 0.00067100 0.01689200
v -0.01048000 0.00154000 0.01689200
v -0.00985800 0.00118600 0.01689200
v -0.00985800 0.00118600 0.01689200
v -0.01046400 0.00158100 0.01695700
v -0.00983100 0.00122000 0.01695700
v -0.00932600 0.00069600 0.01695700
v -0.00898800 0.00005100 0.01695700
v -0.00884600 -0.00066300 0.01695700
v -0.00891100 -0.00138900 0.01695700
v -0.00917800 -0.00206600 0.01695700
v -0.00962500 -0.00264100 0.01695700
v -0.01021500 -0.00306700 0.01695700
v -0.01044000 0.00164100 0.01700000
v -0.00979100 0.00127200 0.01700000
v -0.00927300 0.00073400 0.01700000
v -0.00892700 0.00007300 0.01700000
v -0.00878100 -0.00066000 0.01700000
v -0.00884800 -0.00140400 0.01700000
v -0.00912100 -0.00209800 0.01700000
v -0.00958000 -0.00268800 0.01700000
v -0.01018500 -0.00312500 0.01700000
v -0.01089000 -0.00337300 0.01700000
v -0.01234500 -0.00497000 0.01456500
v -0.01215900 -0.00464800 0.01456500
v -0.01205400 -0.00454200 0.01456500
v -0.01180100 -0.00438400 0.01456500
v -0.01158700 -0.00431700 0.01456500
v -0.01136400 -0.00430100 0.01456500
v -0.01107100 -0.00435600 0.01456500
v -0.01093400 -0.00441600 0.01456500
v -0.01064300 -0.00464700 0.01456500
v -0.01072200 -0.00471600 0.01495500
v -0.01072200 -0.00471600 0.01495500
v -0.01110600 -0.00445500 0.01495500
v -0.01110600 -0.00445500 0.01495500
v -0.01102500 -0.00476800 0.01508300
v -0.01094000 -0.00521300 0.01514800
v -0.01085600 -0.00565800 0.01508300
v -0.01234500 0.00403000 0.01456500
v -0.01215900 0.00435200 0.01456500
v -0.01205400 0.00445800 0.01456500
v -0.01180100 0.00461600 0.01456500
v -0.01158700 0.00468200 0.01456500
v -0.01136400 0.00469900 0.01456500
v -0.01107100 0.00464400 0.01456500
v -0.01093400 0.00458400 0.01456500
v -0.01064300 0.00435200 0.01456500
v -0.01072200 0.00428400 0.01495500
v -0.01072200 0.00428400 0.01495500
v -0.01110600 0.00454500 0.01495500
v -0.01110600 0.00454500 0.01495500
v -0.01085600 0.00334200 0.01508300
v -0.01094000 0.00378700 0.01514800
v -0.01102500 0.00423200 0.01508300
v -0.01887100 0.00820000 0.04701500
v -0.01896900 0.00881800 0.04701500
v -0.01896900 0.00875200 0.04759800
v -0.02025300 0.01010200 0.04701500
v -0.02087100 0.01020000 0.04701500
v -0.02087100 0.01010000 0.04790600
v -0.02025300 0.01000400 0.04788400
v -0.02087100 0.01000400 0.04825200
v -0.02025300 0.00971600 0.04870800
v -0.02087100 0.00980400 0.04875100
v -0.02087100 0.00943600 0.04936700
v -0.02025300 0.00925100 0.04944800
v -0.02087100 0.00932700 0.04950900
v -0.02087100 0.00869400 0.05014300
v -0.02025300 0.00863300 0.05006600
v -0.02087100 0.00855100 0.05025200
v -0.02025300 0.00789300 0.05053100
v -0.02087100 0.00709000 0.05091500
v -0.02025300 0.00706800 0.05082000
v -0.02087100 0.00743600 0.05082000
v -0.02087100 0.00793600 0.05061900
v -0.01945700 0.00961400 0.04701500
v -0.01969600 0.00981800 0.04701500
v -0.01969600 0.00972700 0.04782100
v -0.02010600 0.01004800 0.04701500
v -0.02087100 0.00620000 0.05101500
v -0.02025300 0.00620000 0.05091800
v -0.02010600 0.00620000 0.05086300
v -0.01969600 0.00700500 0.05054300
v -0.01969600 0.00777000 0.05027500
v -0.01969600 0.00845600 0.04984400
v -0.01969600 0.00902900 0.04927100
v -0.01969600 0.00946000 0.04858500
v -0.01925300 0.00937600 0.04701500
v -0.01925300 0.00929600 0.04772200
v -0.01925300 0.00906100 0.04839300
v -0.01925300 0.00868300 0.04899500
v -0.01925300 0.00818000 0.04949800
v -0.01925300 0.00757800 0.04987700
v -0.01925300 0.00690700 0.05011100
v -0.01969600 0.00620000 0.05063300
v -0.01945700 0.00620000 0.05043000
v -0.01925300 0.00620000 0.05019100
v -0.01902300 0.00620000 0.04978100
v -0.01896900 0.00855900 0.04815100
v -0.01896900 0.00824700 0.04864800
v -0.01896900 0.00783200 0.04906200
v -0.01896900 0.00733600 0.04937400
v -0.01896900 0.00678300 0.04956800
v -0.01896900 0.00620000 0.04963300
v -0.01887100 0.00815000 0.04746000
v -0.01887100 0.00800200 0.04788300
v -0.01887100 0.00776400 0.04826200
v -0.01887100 0.00744700 0.04857900
v -0.01887100 0.00706800 0.04881700
v -0.01887100 0.00664500 0.04896500
v -0.01887100 0.00620000 0.04901500
v -0.02087100 0.01020000 0.01501500
v -0.02053700 0.01017200 0.01468200
v -0.02011000 0.01005000 0.01425500
v -0.01987500 0.00993400 0.01401900
v -0.01987500 0.00993400 0.01401900
v -0.01946300 0.00962000 0.01360800
v -0.01946300 0.00962000 0.01360800
v -0.01932100 0.00946400 0.01346600
v -0.01932100 0.00946400 0.01346600
v -0.01898000 0.00885200 0.01312500
v -0.01898000 0.00885200 0.01312500
v -0.01887100 0.00820000 0.01301500
v -0.01887100 0.00820000 0.01301500
v -0.01887100 -0.00780000 0.04901500
v -0.01896900 -0.00780000 0.04963300
v -0.01902300 -0.00780000 0.04978100
v -0.01925300 -0.00780000 0.05019100
v -0.01945700 -0.00780000 0.05043000
v -0.01969600 -0.00780000 0.05063300
v -0.02010600 -0.00780000 0.05086300
v -0.02025300 -0.00780000 0.05091800
v -0.02087100 -0.00780000 0.05101500
v -0.02025300 -0.00866800 0.05082000
v -0.02087100 -0.00869000 0.05091500
v -0.02087100 -0.00903600 0.05082000
v -0.02025300 -0.00949300 0.05053100
v -0.02087100 -0.00953500 0.05061900
v -0.02087100 -0.01015100 0.05025200
v -0.02025300 -0.01023300 0.05006600
v -0.02087100 -0.01029400 0.05014300
v -0.02087100 -0.01092700 0.04950900
v -0.02025300 -0.01085100 0.04944800
v -0.02087100 -0.01103600 0.04936700
v -0.02025300 -0.01131600 0.04870800
v -0.02087100 -0.01170000 0.04790600
v -0.02025300 -0.01160400 0.04788400
v -0.02087100 -0.01160400 0.04825200
v -0.02087100 -0.01140400 0.04875100
v -0.01969600 -0.00860500 0.05054300
v -0.01969600 -0.00937000 0.05027500
v -0.01969600 -0.01005600 0.04984400
v -0.01969600 -0.01062900 0.04927100
v -0.01969600 -0.01106000 0.04858500
v -0.01969600 -0.01132700 0.04782100
v -0.01925300 -0.00850700 0.05011100
v -0.02087100 -0.01180000 0.04701500
v -0.02025300 -0.01170200 0.04701500
v -0.01969600 -0.01141800 0.04701500
v -0.01945700 -0.01121400 0.04701500
v -0.01925300 -0.00917800 0.04987700
v -0.01925300 -0.00978000 0.04949800
v -0.01925300 -0.01028300 0.04899500
v -0.01925300 -0.01066100 0.04839300
v -0.01925300 -0.01089600 0.04772200
v -0.01925300 -0.01097600 0.04701500
v -0.01896900 -0.00838300 0.04956800
v -0.01896900 -0.00893600 0.04937400
v -0.01896900 -0.00943200 0.04906200
v -0.01896900 -0.00984700 0.04864800
v -0.01896900 -0.01015900 0.04815100
v -0.01896900 -0.01035200 0.04759800
v -0.01896900 -0.01041800 0.04701500
v -0.01887100 -0.00824500 0.04896500
v -0.01887100 -0.00866800 0.04881700
v -0.01887100 -0.00904700 0.04857900
v -0.01887100 -0.00936400 0.04826200
v -0.01887100 -0.00960200 0.04788300
v -0.01887100 -0.00975000 0.04746000
v -0.01887100 -0.00980000 0.04701500
v -0.01887100 -0.00980000 0.01301500
v -0.01887100 -0.00980000 0.01301500
v -0.01888400 -0.01003100 0.01302900
v -0.01888400 -0.01003100 0.01302900
v -0.01907000 -0.01067000 0.01321500
v -0.01907000 -0.01067000 0.01321500
v -0.01945700 -0.01121400 0.01360100
v -0.01945700 -0.01121400 0.01360100
v -0.02010500 -0.01164700 0.01424900
v -0.02087100 -0.01180000 0.01501500
v -0.01887100 -0.00939600 0.03150200
v -0.01887100 -0.00940000 0.03151500
v -0.01887100 -0.00940000 0.01301500
v -0.01887100 -0.00940000 0.01301500
v -0.01837100 -0.00890000 0.01301500
v -0.01837100 -0.00890000 0.01301500
v -0.01837100 -0.00890000 0.02894300
v -0.01837100 -0.00890000 0.02894300
v -0.01862100 -0.00896700 0.01301500
v -0.01862100 -0.00896700 0.01301500
v -0.01862500 -0.00896900 0.02992700
v -0.01880400 -0.00915000 0.01301500
v -0.01880400 -0.00915000 0.01301500
v -0.01864200 -0.00897900 0.03001800
v -0.01864200 -0.00897900 0.03001800
v -0.01869600 -0.00902000 0.03020500
v -0.01869600 -0.00902000 0.03020500
v -0.01877600 -0.00910700 0.03054500
v -0.01877600 -0.00910700 0.03054500
v -0.01880400 -0.00915000 0.03070100
v -0.01882600 -0.00919200 0.03084300
v -0.01872700 0.00744800 0.03032200
v -0.01872700 0.00744800 0.03032200
v -0.01864200 0.00737900 0.03001800
v -0.01864200 0.00737900 0.03001800
v -0.01872500 0.00744600 0.01301500
v -0.01872500 0.00744600 0.01301500
v -0.01857100 0.00734200 0.02967900
v -0.01856200 0.00733800 0.01301500
v -0.01856200 0.00733800 0.01301500
v -0.01837100 0.00730000 0.02894300
v -0.01837100 0.00730000 0.02894300
v -0.01837100 0.00730000 0.01301500
v -0.01837100 0.00730000 0.01301500
v -0.01879100 0.00752800 0.03062300
v -0.01883300 0.00760900 0.01301500
v -0.01883300 0.00760900 0.01301500
v -0.01883300 0.00760900 0.01301500
v -0.01884100 0.00763000 0.03097200
v -0.01887100 0.00779600 0.03150200
v -0.01887100 0.00780000 0.01301500
v -0.01887100 0.00780000 0.01301500
v -0.01887100 0.00780000 0.03151500
v -0.01818300 0.00710800 0.02898400
v -0.01818300 0.00710800 0.02898400
v -0.01834700 0.00730000 0.02886600
v -0.01834700 0.00730000 0.02886600
v -0.01844100 0.00724200 0.02948600
v -0.01844100 0.00724200 0.02948600
v -0.01834700 -0.00890000 0.02886600
v -0.01834700 -0.00890000 0.02886600
v -0.01815000 -0.00869300 0.02892900
v -0.01815000 -0.00869300 0.02892900
v -0.01844100 -0.00884300 0.02948700
v -0.01844100 -0.00884300 0.02948700
v -0.02525900 -0.00980000 0.01301500
v -0.02525900 -0.00980000 0.01301500
v -0.02525900 -0.01056500 0.01316800
v -0.02525900 -0.01056500 0.01316800
v -0.02525900 -0.01121400 0.01360100
v -0.02525900 -0.01121400 0.01360100
v -0.02525900 -0.01180000 0.01501500
v -0.02525900 -0.01180000 0.01501500
v -0.02525900 -0.01180000 0.04701500
v -0.02525900 -0.01180000 0.04701500
v -0.02525900 -0.00780000 0.05101500
v -0.02525900 -0.00780000 0.05101500
v -0.02525900 -0.01160400 0.04825200
v -0.02525900 -0.01160400 0.04825200
v -0.02525900 -0.01103600 0.04936700
v -0.02525900 -0.01103600 0.04936700
v -0.02525900 -0.01015100 0.05025200
v -0.02525900 -0.01015100 0.05025200
v -0.02525900 -0.00903600 0.05082000
v -0.02525900 -0.00903600 0.05082000
v -0.02525900 0.01000400 0.04825200
v -0.02525900 0.01000400 0.04825200
v -0.02525900 0.01020000 0.04701500
v -0.02525900 0.01020000 0.04701500
v -0.02525900 0.00620000 0.05101500
v -0.02525900 0.00620000 0.05101500
v -0.02525900 0.00820000 0.01301500
v -0.02525900 0.00820000 0.01301500
v -0.02525900 -0.01164800 0.01425000
v -0.02525900 -0.01164800 0.01425000
v -0.02525900 0.00743600 0.05082000
v -0.02525900 0.00743600 0.05082000
v -0.02525900 0.00855100 0.05025200
v -0.02525900 0.00855100 0.05025200
v -0.02525900 0.00943600 0.04936700
v -0.02525900 0.00943600 0.04936700
v -0.02525900 0.00961400 0.01360100
v -0.02525900 0.00961400 0.01360100
v -0.02525900 0.00896500 0.01316800
v -0.02525900 0.00896500 0.01316800
v -0.02525900 0.01004800 0.01425000
v -0.02525900 0.01004800 0.01425000
v -0.02525900 0.01020000 0.01501500
v -0.02525900 0.01020000 0.01501500
vn -0.04720000 0.27250000 0.96100000
vn -0.06830000 0.39930000 0.91430000
vn -0.17690000 0.93360000 0.31160000
vn -0.26620000 0.34150000 0.90140000
vn -0.62220000 0.72010000 0.30720000
vn -0.91310000 0.30000000 0.27610000
vn -0.40850000 0.11270000 0.90580000
vn -0.30630000 0.19520000 0.93170000
vn -0.40200000 -0.06440000 0.91340000
vn -0.95240000 -0.16130000 0.25880000
vn -0.26800000 -0.04620000 0.96230000
vn -0.78030000 -0.56250000 0.27330000
vn -0.35360000 -0.23930000 0.90430000
vn -0.20460000 -0.29370000 0.93380000
vn -0.45440000 -0.84310000 0.28760000
vn -0.19710000 -0.40700000 0.89190000
vn -0.07590000 -0.95870000 0.27420000
vn -0.03450000 -0.40830000 0.91220000
vn -0.00000000 -0.00000000 1.00000000
vn 0.04940000 -0.26100000 0.96410000
vn 0.07680000 -0.40560000 0.91080000
vn 0.17970000 -0.94910000 0.25890000
vn -0.97770000 -0.16670000 0.12800000
vn -0.84890000 -0.51290000 0.12810000
vn -0.70050000 -0.70120000 0.13290000
vn -0.51140000 -0.84980000 0.12800000
vn -0.29160000 -0.94680000 0.13590000
vn -0.05520000 -0.99020000 0.12800000
vn 0.18450000 -0.97430000 0.12940000
vn 0.42130000 -0.86450000 0.27420000
vn 0.18140000 -0.36730000 0.91220000
vn 0.41360000 -0.90140000 0.12800000
vn 0.61760000 -0.77470000 0.13590000
vn 0.73130000 -0.61850000 0.28760000
vn 0.33230000 -0.30670000 0.89190000
vn 0.78660000 -0.60410000 0.12800000
vn 0.90860000 -0.39610000 0.13290000
vn 0.93200000 -0.23810000 0.27330000
vn 0.39540000 -0.07630000 0.91530000
vn 0.97770000 -0.16660000 0.12800000
vn 0.97100000 0.20070000 0.13020000
vn 0.39610000 0.07300000 0.91530000
vn 0.94540000 0.19830000 0.25880000
vn 0.98530000 0.17100000 -0.00450000
vn -0.00000000 -0.00000000 1.00000000
vn 0.94460000 -0.32800000 -0.01320000
vn -0.00000000 -0.00000000 1.00000000
vn 0.65320000 -0.75700000 -0.01850000
vn -0.00000000 -0.00000000 1.00000000
vn 0.18610000 -0.98230000 -0.02020000
vn -0.00000000 -0.00000000 1.00000000
vn -0.33110000 -0.94340000 -0.01840000
vn -0.00000000 -0.00000000 1.00000000
vn -0.75920000 -0.65070000 -0.01320000
vn -0.00000000 -0.00000000 1.00000000
vn -0.00000000 -0.00000000 1.00000000
vn -0.98030000 -0.19750000 0.00060000
vn -0.30630000 0.19520000 0.93170000
vn -0.40850000 0.11270000 0.90580000
vn -0.91310000 0.30000000 0.27610000
vn -0.94900000 -0.17980000 0.25880000
vn -0.40070000 -0.07100000 0.91350000
vn -0.04720000 0.27250000 0.96100000
vn -0.06830000 0.39930000 0.91430000
vn -0.17690000 0.93360000 0.31160000
vn -0.62220000 0.72010000 0.30720000
vn -0.26620000 0.34150000 0.90140000
vn -0.26940000 -0.04810000 0.96180000
vn -0.73210000 -0.63020000 0.25880000
vn -0.34470000 -0.26760000 0.89970000
vn -0.20370000 -0.30050000 0.93180000
vn -0.31880000 -0.91180000 0.25880000
vn -0.10720000 -0.39910000 0.91060000
vn 0.17980000 -0.94900000 0.25890000
vn 0.06830000 -0.39940000 0.91420000
vn 0.04710000 -0.27250000 0.96100000
vn -0.00000000 -0.00000000 1.00000000
vn -0.97450000 -0.18460000 0.12780000
vn -0.75160000 -0.64710000 0.12780000
vn -0.32740000 -0.93620000 0.12780000
vn 0.18460000 -0.97450000 0.12790000
vn 0.64710000 -0.75160000 0.12790000
vn 0.63020000 -0.73200000 0.25880000
vn 0.26620000 -0.34150000 0.90140000
vn 0.93620000 -0.32740000 0.12780000
vn 0.91180000 -0.31890000 0.25880000
vn 0.40850000 -0.11270000 0.90580000
vn 0.97450000 0.18290000 0.13010000
vn 0.94900000 0.17980000 0.25880000
vn 0.40070000 0.07100000 0.91350000
vn -0.00000000 -0.00000000 1.00000000
vn 0.98580000 0.16770000 -0.00000000
vn 0.94400000 -0.33010000 -0.00000000
vn -0.00000000 -0.00000000 1.00000000
vn -0.00000000 -0.00000000 1.00000000
vn 0.82640000 -0.56320000 -0.00000000
vn 0.43410000 -0.90090000 -0.00000000
vn -0.00000000 -0.00000000 1.00000000
vn 0.18620000 -0.98250000 -0.00000000
vn -0.56320000 -0.82630000 -0.00000000
vn -0.00000000 -0.00000000 1.00000000
vn -0.07450000 -0.99720000 -0.00000000
vn -0.75790000 -0.65240000 -0.00000000
vn -0.00000000 -0.00000000 1.00000000
vn -0.90090000 -0.43410000 -0.00000000
vn -0.00000000 -0.00000000 1.00000000
vn -0.99890000 0.04480000 0.00990000
vn -0.99890000 0.04490000 0.00990000
vn -0.00000000 1.00000000 -0.00000000
vn -0.00000000 1.00000000 -0.00000000
vn -0.00000000 1.00000000 -0.00000000
vn -0.00000000 1.00000000 -0.00000000
vn -0.00000000 1.00000000 -0.00000000
vn -0.00000000 1.00000000 -0.00000000
vn -0.00000000 1.00000000 -0.00000000
vn -0.00000000 1.00000000 -0.00000000
vn -0.00000000 1.00000000 -0.00000000
vn 0.39220000 -0.00000000 -0.91990000
vn -0.00000000 1.00000000 -0.00000000
vn 0.13230000 0.01670000 -0.99110000
vn -0.00000000 1.00000000 -0.00000000
vn -0.00000000 1.00000000 -0.00000000
vn -0.00000000 1.00000000 -0.00000000
vn 0.43840000 -0.00000000 0.89880000
vn -0.00000000 1.00000000 -0.00000000
vn -0.00000000 1.00000000 -0.00000000
vn 0.67380000 -0.00000000 0.73890000
vn -0.00000000 1.00000000 -0.00000000
vn 0.85470000 -0.00000000 0.51910000
vn -0.00000000 1.00000000 -0.00000000
vn -0.00000000 1.00000000 -0.00000000
vn -0.00000000 1.00000000 -0.00000000
vn -0.00000000 1.00000000 -0.00000000
vn -0.39220000 -0.00000000 0.91990000
vn -0.00000000 1.00000000 -0.00000000
vn -0.11710000 -0.00000000 0.99310000
vn -0.00000000 1.00000000 -0.00000000
vn 0.16740000 -0.00000000 0.98590000
vn -0.00000000 1.00000000 -0.00000000
vn -0.00000000 1.00000000 -0.00000000
vn -0.18200000 0.01570000 -0.98320000
vn -0.00000000 1.00000000 -0.00000000
vn -0.43840000 -0.00000000 -0.89880000
vn -0.67380000 -0.00000000 -0.73890000
vn -0.00000000 1.00000000 -0.00000000
vn -0.85470000 -0.00000000 -0.51910000
vn -0.00000000 1.00000000 -0.00000000
vn 0.96630000 -0.00000000 0.25730000
vn -0.00000000 1.00000000 -0.00000000
vn -0.00000000 1.00000000 -0.00000000
vn 0.99970000 -0.00000000 -0.02540000
vn -0.00000000 1.00000000 -0.00000000
vn 0.95200000 -0.00000000 -0.30600000
vn -0.00000000 1.00000000 -0.00000000
vn 0.82730000 -0.00000000 -0.56180000
vn -0.00000000 1.00000000 -0.00000000
vn -0.00000000 1.00000000 -0.00000000
vn 0.63550000 -0.00000000 -0.77210000
vn -0.00000000 1.00000000 -0.00000000
vn -0.96630000 -0.00000000 -0.25730000
vn -0.00000000 1.00000000 -0.00000000
vn -0.99970000 -0.00000000 0.02540000
vn -0.00000000 1.00000000 -0.00000000
vn -0.95350000 0.00710000 0.30140000
vn -0.00000000 1.00000000 -0.00000000
vn -0.82540000 0.00290000 0.56450000
vn -0.00000000 1.00000000 -0.00000000
vn -0.63550000 -0.00000000 0.77210000
vn -0.00000000 1.00000000 -0.00000000
vn -0.82430000 -0.00000000 0.56610000
vn -0.00000000 1.00000000 -0.00000000
vn -0.63550000 -0.00000000 0.77210000
vn -0.00000000 1.00000000 -0.00000000
vn -0.39220000 -0.00000000 0.91990000
vn -0.00000000 1.00000000 -0.00000000
vn -0.11710000 -0.00000000 0.99310000
vn 0.16740000 -0.00000000 0.98590000
vn -0.00000000 1.00000000 -0.00000000
vn 0.43840000 -0.00000000 0.89880000
vn -0.00000000 1.00000000 -0.00000000
vn -0.00000000 1.00000000 -0.00000000
vn 0.67380000 -0.00000000 0.73890000
vn 0.85470000 -0.00000000 0.51910000
vn -0.00000000 1.00000000 -0.00000000
vn 0.96630000 -0.00000000 0.25730000
vn -0.00000000 1.00000000 -0.00000000
vn 0.99970000 -0.00000000 -0.02540000
vn -0.00000000 1.00000000 -0.00000000
vn -0.00000000 1.00000000 -0.00000000
vn 0.95200000 -0.00000000 -0.30600000
vn 0.82730000 -0.00000000 -0.56180000
vn -0.00000000 1.00000000 -0.00000000
vn -0.70710000 0.70710000 -0.00000000
vn -0.92320000 0.00520000 0.38430000
vn -0.00000000 -1.00000000 -0.00000000
vn -0.00000000 1.00000000 -0.00000000
vn -0.00000000 -1.00000000 -0.00000000
vn -0.97020000 -0.00000000 0.24240000
vn -0.70640000 0.70640000 -0.04450000
vn -0.00000000 -1.00000000 -0.00000000
vn -0.00000000 -1.00000000 -0.00000000
vn -0.99970000 -0.00000000 0.02540000
vn -0.68610000 0.70710000 -0.17110000
vn -0.00000000 -1.00000000 -0.00000000
vn -0.00000000 -1.00000000 -0.00000000
vn -0.96630000 -0.00000000 -0.25730000
vn -0.00000000 -1.00000000 -0.00000000
vn -0.62440000 0.70710000 -0.33200000
vn -0.85470000 -0.00000000 -0.51910000
vn -0.00000000 -1.00000000 -0.00000000
vn -0.00000000 -1.00000000 -0.00000000
vn -0.52550000 0.70710000 -0.47320000
vn -0.67380000 -0.00000000 -0.73890000
vn -0.00000000 -1.00000000 -0.00000000
vn -0.00000000 -1.00000000 -0.00000000
vn -0.39540000 0.70710000 -0.58620000
vn -0.43840000 -0.00000000 -0.89880000
vn -0.00000000 -1.00000000 -0.00000000
vn -0.00000000 -1.00000000 -0.00000000
vn -0.28340000 0.70640000 -0.64860000
vn -0.20050000 -0.00000000 -0.97970000
vn -0.00000000 -1.00000000 -0.00000000
vn -0.00000000 1.00000000 -0.00000000
vn -0.00000000 -1.00000000 -0.00000000
vn -0.02170000 0.02360000 -0.99950000
vn -0.24190000 0.70710000 -0.66450000
vn 0.97940000 -0.00000000 -0.20210000
vn -0.00000000 -1.00000000 -0.00000000
vn -0.00000000 -1.00000000 -0.00000000
vn 0.97940000 -0.00000000 -0.20210000
vn -0.00000000 -1.00000000 -0.00000000
vn 0.99660000 -0.00000000 0.08200000
vn 0.99660000 -0.00000000 0.08200000
vn -0.00000000 -1.00000000 -0.00000000
vn -0.00000000 -1.00000000 -0.00000000
vn 0.93320000 -0.00000000 0.35950000
vn -0.00000000 -1.00000000 -0.00000000
vn 0.93320000 -0.00000000 0.35950000
vn 0.79410000 -0.00000000 0.60780000
vn -0.00000000 -1.00000000 -0.00000000
vn -0.00000000 -1.00000000 -0.00000000
vn 0.79410000 -0.00000000 0.60780000
vn 0.59070000 -0.00000000 0.80690000
vn -0.00000000 -1.00000000 -0.00000000
vn -0.00000000 -1.00000000 -0.00000000
vn 0.59070000 -0.00000000 0.80690000
vn 0.33940000 -0.00000000 0.94060000
vn -0.00000000 -1.00000000 -0.00000000
vn -0.00000000 -1.00000000 -0.00000000
vn 0.33940000 -0.00000000 0.94060000
vn 0.06060000 -0.00000000 0.99820000
vn -0.00000000 -1.00000000 -0.00000000
vn -0.00000000 -1.00000000 -0.00000000
vn 0.06060000 -0.00000000 0.99820000
vn -0.00000000 -1.00000000 -0.00000000
vn -0.22300000 -0.00000000 0.97480000
vn -0.22300000 -0.00000000 0.97480000
vn -0.00000000 -1.00000000 -0.00000000
vn -0.00000000 -1.00000000 -0.00000000
vn -0.48860000 -0.00000000 0.87250000
vn -0.00000000 -1.00000000 -0.00000000
vn -0.48860000 -0.00000000 0.87250000
vn -0.00000000 -1.00000000 -0.00000000
vn -0.71460000 -0.00000000 0.69950000
vn -0.00000000 -1.00000000 -0.00000000
vn -0.71460000 -0.00000000 0.69950000
vn -0.00000000 -1.00000000 -0.00000000
vn -0.87710000 -0.01830000 0.48000000
vn -0.00000000 -1.00000000 -0.00000000
vn -0.88280000 -0.00000000 0.46980000
vn -0.98080000 -0.01260000 0.19480000
vn -0.00000000 -1.00000000 -0.00000000
vn -0.00000000 -1.00000000 -0.00000000
vn -0.70710000 -0.70710000 -0.00000000
vn -0.93120000 -0.06970000 0.35770000
vn -0.00000000 1.00000000 -0.00000000
vn -0.98660000 -0.00000000 0.16340000
vn -0.00000000 1.00000000 -0.00000000
vn -0.24190000 -0.70710000 -0.66450000
vn 0.03510000 -0.01070000 -0.99930000
vn -0.00000000 -1.00000000 -0.00000000
vn -0.00000000 1.00000000 -0.00000000
vn -0.12090000 -0.00000000 -0.99270000
vn -0.00000000 1.00000000 -0.00000000
vn -0.00000000 1.00000000 -0.00000000
vn -0.28340000 -0.70640000 -0.64860000
vn -0.33940000 -0.00000000 -0.94060000
vn -0.00000000 1.00000000 -0.00000000
vn -0.39540000 -0.70710000 -0.58620000
vn -0.00000000 1.00000000 -0.00000000
vn -0.00000000 1.00000000 -0.00000000
vn -0.59070000 -0.00000000 -0.80690000
vn -0.00000000 1.00000000 -0.00000000
vn -0.52550000 -0.70710000 -0.47320000
vn -0.79410000 -0.00000000 -0.60780000
vn -0.00000000 1.00000000 -0.00000000
vn -0.00000000 1.00000000 -0.00000000
vn -0.62440000 -0.70710000 -0.33200000
vn -0.00000000 1.00000000 -0.00000000
vn -0.93310000 -0.00000000 -0.35950000
vn -0.68610000 -0.70710000 -0.17110000
vn -0.00000000 1.00000000 -0.00000000
vn -0.99660000 -0.00000000 -0.08200000
vn -0.00000000 1.00000000 -0.00000000
vn -0.70640000 -0.70640000 -0.04450000
vn -0.00000000 1.00000000 -0.00000000
vn -0.00000000 -1.00000000 -0.00000000
vn -0.00000000 -1.00000000 -0.00000000
vn -0.00000000 -1.00000000 -0.00000000
vn -0.00000000 -1.00000000 -0.00000000
vn -0.00000000 -1.00000000 -0.00000000
vn -0.00000000 -1.00000000 -0.00000000
vn -0.00000000 -1.00000000 -0.00000000
vn 0.71460000 -0.00000000 -0.69950000
vn -0.00000000 -1.00000000 -0.00000000
vn -0.00000000 -1.00000000 -0.00000000
vn -0.00000000 -1.00000000 -0.00000000
vn 0.88280000 -0.00000000 -0.46980000
vn -0.00000000 -1.00000000 -0.00000000
vn -0.00000000 -1.00000000 -0.00000000
vn -0.00000000 -1.00000000 -0.00000000
vn -0.93310000 -0.00000000 -0.35950000
vn -0.00000000 -1.00000000 -0.00000000
vn -0.00000000 -1.00000000 -0.00000000
vn -0.79410000 -0.00000000 -0.60780000
vn -0.00000000 -1.00000000 -0.00000000
vn -0.59070000 -0.00000000 -0.80690000
vn -0.00000000 -1.00000000 -0.00000000
vn -0.00000000 -1.00000000 -0.00000000
vn -0.00000000 -1.00000000 -0.00000000
vn -0.00000000 -1.00000000 -0.00000000
vn -0.99660000 -0.00000000 -0.08200000
vn -0.00000000 -1.00000000 -0.00000000
vn -0.33940000 -0.00000000 -0.94060000
vn -0.00000000 -1.00000000 -0.00000000
vn -0.06960000 -0.01240000 -0.99750000
vn -0.00000000 -1.00000000 -0.00000000
vn -0.00000000 -1.00000000 -0.00000000
vn -0.00000000 -1.00000000 -0.00000000
vn 0.22930000 -0.00600000 -0.97330000
vn 0.48860000 -0.00000000 -0.87250000
vn -0.00000000 -1.00000000 -0.00000000
vn -0.02210000 -0.31420000 -0.94910000
vn -0.00790000 -0.08870000 -0.99600000
vn -0.04330000 -0.11050000 -0.99290000
vn 0.08100000 0.94150000 -0.32700000
vn 0.08880000 0.99110000 -0.09880000
vn -0.14770000 0.98040000 -0.13050000
vn 0.06270000 0.69830000 -0.71300000
vn 0.07220000 0.84490000 -0.53010000
vn -0.14900000 0.85380000 -0.49880000
vn -0.32100000 0.94640000 -0.03510000
vn -0.41000000 0.76060000 -0.50330000
vn -0.47480000 0.87100000 -0.12640000
vn -0.61280000 0.61390000 -0.49760000
vn -0.59380000 0.80420000 -0.02570000
vn -0.72600000 0.67480000 -0.13240000
vn -0.74720000 0.42560000 -0.51040000
vn -0.86080000 0.49150000 -0.13250000
vn -0.83880000 0.21250000 -0.50120000
vn -0.83440000 -0.53510000 -0.13220000
vn -0.71360000 -0.49360000 -0.49710000
vn -0.93440000 -0.33070000 -0.13230000
vn -0.81080000 -0.28600000 -0.51070000
vn -0.98740000 -0.08810000 -0.13120000
vn -0.86340000 -0.06010000 -0.50090000
vn -0.99560000 0.08920000 -0.02760000
vn -0.95600000 0.26220000 -0.13160000
vn -0.73580000 -0.67470000 -0.05830000
vn -0.60620000 -0.78560000 -0.12390000
vn -0.52360000 -0.68580000 -0.50550000
vn -0.30390000 -0.81150000 -0.49920000
vn -0.17630000 -0.44850000 -0.87620000
vn -0.50300000 -0.86350000 0.03700000
vn -0.32120000 -0.93780000 -0.13190000
vn -0.08660000 -0.99120000 -0.10030000
vn 0.04020000 0.42680000 -0.90340000
vn -0.09170000 0.47170000 -0.87700000
vn -0.12000000 0.22960000 -0.96590000
vn -0.32760000 0.62640000 -0.70730000
vn -0.49100000 0.50900000 -0.70700000
vn -0.17950000 0.18600000 -0.96600000
vn -0.61460000 0.35010000 -0.70680000
vn -0.22460000 0.12800000 -0.96600000
vn -0.25200000 0.05960000 -0.96590000
vn -0.68810000 0.16260000 -0.70710000
vn -0.25850000 -0.01380000 -0.96590000
vn -0.70640000 -0.03780000 -0.70680000
vn -0.24370000 -0.08600000 -0.96600000
vn -0.66710000 -0.23530000 -0.70690000
vn -0.20970000 -0.15120000 -0.96600000
vn -0.57370000 -0.41370000 -0.70690000
vn -0.43400000 -0.55860000 -0.70680000
vn -0.15860000 -0.20410000 -0.96600000
vn -0.08210000 -0.94260000 -0.32370000
vn -0.07080000 -0.84210000 -0.53470000
vn -0.05850000 -0.70070000 -0.71100000
vn -0.03920000 -0.51650000 -0.85540000
vn 0.01180000 0.11710000 -0.99310000
vn -0.02310000 0.11640000 -0.99290000
vn -0.05510000 0.10540000 -0.99290000
vn -0.08240000 0.08540000 -0.99290000
vn -0.10310000 0.05870000 -0.99290000
vn -0.11570000 0.02740000 -0.99290000
vn -0.11850000 -0.00640000 -0.99290000
vn -0.11190000 -0.03950000 -0.99290000
vn -0.09630000 -0.06940000 -0.99290000
vn -0.07280000 -0.09370000 -0.99290000
vn -0.00000000 -0.00000000 -1.00000000
vn -0.00000000 -0.00000000 -1.00000000
vn -0.00000000 -0.00000000 -1.00000000
vn -0.00000000 -0.00000000 -1.00000000
vn -0.00000000 -0.00000000 -1.00000000
vn -0.00000000 -0.00000000 -1.00000000
vn -0.00000000 -0.00000000 -1.00000000
vn 0.01740000 -0.08740000 -0.99600000
vn -0.00000000 -0.00000000 -1.00000000
vn 0.04130000 -0.07890000 -0.99600000
vn -0.00000000 -0.00000000 -1.00000000
vn 0.06180000 -0.06410000 -0.99600000
vn -0.00000000 -0.00000000 -1.00000000
vn 0.07740000 -0.04410000 -0.99600000
vn -0.00000000 -0.00000000 -1.00000000
vn 0.08670000 -0.02050000 -0.99600000
vn 0.08890000 0.00480000 -0.99600000
vn -0.00000000 -0.00000000 -1.00000000
vn 0.08400000 0.02960000 -0.99600000
vn -0.00000000 -0.00000000 -1.00000000
vn 0.07250000 0.05230000 -0.99600000
vn -0.00000000 -0.00000000 -1.00000000
vn 0.05460000 0.07030000 -0.99600000
vn -0.00000000 -0.00000000 -1.00000000
vn 0.03260000 0.08290000 -0.99600000
vn -0.00000000 -0.00000000 -1.00000000
vn -0.00000000 -0.00000000 -1.00000000
vn -0.00000000 -0.00000000 -1.00000000
vn -0.00000000 -0.00000000 -1.00000000
vn -0.00000000 -0.00000000 -1.00000000
vn 0.32240000 0.94140000 -0.09910000
vn 0.08920000 0.99600000 -0.00900000
vn -0.00000000 -0.00000000 1.00000000
vn 0.46290000 0.88640000 -0.01080000
vn -0.00000000 -0.00000000 1.00000000
vn 0.48460000 0.87400000 0.03500000
vn 0.61760000 0.78030000 -0.09910000
vn 0.76830000 0.64000000 -0.00950000
vn -0.00000000 -0.00000000 1.00000000
vn 0.73600000 0.67700000 0.00450000
vn 0.83760000 0.53710000 -0.09950000
vn 0.95390000 0.30000000 -0.00870000
vn -0.00000000 -0.00000000 1.00000000
vn 0.93810000 0.33190000 -0.09920000
vn 0.99120000 0.08840000 -0.09840000
vn -0.00000000 -0.00000000 1.00000000
vn 0.99600000 -0.08920000 -0.01120000
vn 0.99500000 -0.08910000 0.04500000
vn 0.95970000 -0.26320000 -0.09850000
vn -0.00000000 -0.00000000 1.00000000
vn 0.88540000 -0.46470000 -0.00870000
vn 0.86410000 -0.49330000 -0.09930000
vn 0.72880000 -0.67750000 -0.09930000
vn 0.64240000 -0.76630000 -0.00950000
vn -0.00000000 -0.00000000 1.00000000
vn 0.59170000 -0.80480000 0.04630000
vn 0.47670000 -0.87400000 -0.09370000
vn 0.29800000 -0.95450000 -0.01080000
vn -0.00000000 -0.00000000 1.00000000
vn -0.00000000 -0.00000000 1.00000000
vn -0.08920000 -0.99600000 -0.00900000
vn 0.15000000 -0.98370000 -0.09910000
vn 0.32160000 -0.94620000 0.03510000
vn 0.24840000 -0.00000000 0.96870000
vn -0.00000000 1.00000000 -0.00000000
vn 0.24840000 -0.00000000 0.96870000
vn -0.00000000 -1.00000000 -0.00000000
vn -0.04380000 -0.00000000 0.99900000
vn -0.00000000 -1.00000000 -0.00000000
vn -0.00000000 1.00000000 -0.00000000
vn -0.04350000 -0.00000000 0.99910000
vn -0.42260000 -0.00000000 0.90630000
vn -0.00000000 -1.00000000 -0.00000000
vn -0.42260000 -0.00000000 0.90630000
vn -0.00000000 1.00000000 -0.00000000
vn -0.73730000 -0.00000000 0.67560000
vn -0.00000000 -1.00000000 -0.00000000
vn -0.00000000 1.00000000 -0.00000000
vn -0.73730000 -0.00000000 0.67560000
vn 0.93970000 -0.00000000 -0.34200000
vn -0.00000000 -1.00000000 -0.00000000
vn -0.85490000 -0.00000000 0.51890000
vn 0.93970000 -0.00000000 -0.34200000
vn -0.85500000 -0.00000000 0.51860000
vn -0.00000000 1.00000000 -0.00000000
vn -0.00000000 1.00000000 -0.00000000
vn 0.93970000 -0.00000000 -0.34210000
vn -0.98830000 -0.00000000 0.15230000
vn -0.00000000 -1.00000000 -0.00000000
vn -0.98830000 -0.00000000 0.15230000
vn 0.93970000 -0.00000000 -0.34210000
vn -0.99910000 -0.00000000 -0.04350000
vn -0.00000000 -1.00000000 -0.00000000
vn -0.99910000 -0.00000000 -0.04350000
vn -0.00000000 1.00000000 -0.00000000
vn -0.90630000 -0.00000000 -0.42260000
vn -0.00000000 -1.00000000 -0.00000000
vn -0.00000000 1.00000000 -0.00000000
vn -0.90630000 -0.00000000 -0.42260000
vn -0.67560000 -0.00000000 -0.73730000
vn -0.00000000 -1.00000000 -0.00000000
vn -0.67560000 -0.00000000 -0.73730000
vn -0.00000000 1.00000000 -0.00000000
vn -0.38770000 -0.00000000 -0.92180000
vn -0.00000000 -1.00000000 -0.00000000
vn -0.38770000 -0.00000000 -0.92180000
vn -0.00000000 1.00000000 -0.00000000
vn -0.29800000 0.00340000 -0.95450000
vn -0.28080000 -0.00140000 -0.95980000
vn 0.40270000 -0.00000000 0.91530000
vn 0.40270000 -0.00000000 0.91530000
vn 0.37050000 -0.00000000 0.92880000
vn -0.00000000 1.00000000 -0.00000000
vn 0.37050000 -0.00000000 0.92880000
vn -0.00000000 -1.00000000 -0.00000000
vn -0.19800000 0.00480000 -0.98020000
vn -0.12750000 -0.00410000 -0.99180000
vn -0.08720000 -0.00000000 -0.99620000
vn 0.01990000 -0.00260000 -0.99980000
vn 0.02180000 -0.00000000 -0.99980000
vn 0.15640000 -0.00100000 -0.98770000
vn 0.15650000 -0.00000000 -0.98770000
vn 0.28820000 -0.00000000 -0.95760000
vn 0.28820000 -0.00000000 -0.95760000
vn 0.41470000 -0.00110000 -0.91000000
vn 0.41470000 -0.00000000 -0.91000000
vn 0.53360000 -0.00000000 -0.84570000
vn 0.53360000 -0.00000000 -0.84570000
vn 0.64280000 -0.00110000 -0.76600000
vn 0.64280000 -0.00000000 -0.76600000
vn 0.74020000 -0.00000000 -0.67240000
vn 0.74020000 -0.00000000 -0.67240000
vn 0.82410000 -0.00110000 -0.56640000
vn 0.82410000 -0.00000000 -0.56640000
vn 0.89300000 -0.00000000 -0.45010000
vn 0.89300000 -0.00000000 -0.45010000
vn 0.94550000 -0.00100000 -0.32550000
vn 0.94550000 -0.00000000 -0.32560000
vn 0.98080000 -0.00000000 -0.19510000
vn 0.98080000 -0.00000000 -0.19510000
vn 0.99810000 -0.00100000 -0.06100000
vn 0.99810000 -0.00000000 -0.06110000
vn 0.99730000 -0.00000000 0.07410000
vn 0.99730000 -0.00000000 0.07410000
vn 0.97810000 -0.00080000 0.20790000
vn 0.97820000 -0.00000000 0.20790000
vn 0.94120000 -0.00000000 0.33800000
vn 0.94120000 -0.00000000 0.33800000
vn 0.88700000 -0.00070000 0.46180000
vn 0.88700000 -0.00000000 0.46180000
vn 0.81670000 -0.00000000 0.57710000
vn 0.81670000 -0.00000000 0.57710000
vn 0.73140000 -0.00050000 0.68200000
vn 0.73140000 -0.00000000 0.68200000
vn 0.63270000 -0.00000000 0.77440000
vn 0.63270000 -0.00000000 0.77440000
vn 0.52250000 -0.00030000 0.85270000
vn 0.52250000 -0.00000000 0.85260000
vn -0.00000000 1.00000000 -0.00000000
vn 0.14560000 0.01270000 0.98930000
vn -0.00000000 -1.00000000 -0.00000000
vn 0.17880000 -0.00000000 0.98390000
vn -0.00000000 -1.00000000 -0.00000000
vn 0.41170000 -0.00000000 0.91130000
vn 0.41170000 -0.00000000 0.91130000
vn -0.00000000 1.00000000 -0.00000000
vn 0.65180000 -0.00000000 0.75840000
vn -0.00000000 -1.00000000 -0.00000000
vn 0.65180000 -0.00000000 0.75840000
vn -0.00000000 1.00000000 -0.00000000
vn 0.83910000 -0.00000000 0.54400000
vn -0.00000000 -1.00000000 -0.00000000
vn 0.83910000 -0.00000000 0.54400000
vn -0.00000000 1.00000000 -0.00000000
vn -0.00000000 -1.00000000 -0.00000000
vn 0.95840000 -0.00000000 0.28560000
vn 0.95840000 -0.00000000 0.28560000
vn -0.00000000 1.00000000 -0.00000000
vn 1.00000000 -0.00000000 0.00400000
vn -0.00000000 -1.00000000 -0.00000000
vn 1.00000000 -0.00000000 0.00400000
vn -0.00000000 1.00000000 -0.00000000
vn 0.96060000 -0.00000000 -0.27790000
vn -0.00000000 -1.00000000 -0.00000000
vn 0.96060000 -0.00000000 -0.27790000
vn -0.00000000 1.00000000 -0.00000000
vn 0.84340000 -0.00000000 -0.53720000
vn -0.00000000 -1.00000000 -0.00000000
vn -0.00000000 1.00000000 -0.00000000
vn 0.84340000 -0.00000000 -0.53720000
vn 0.65790000 -0.00000000 -0.75310000
vn -0.00000000 -1.00000000 -0.00000000
vn 0.65790000 -0.00000000 -0.75310000
vn -0.00000000 1.00000000 -0.00000000
vn 0.41910000 -0.00000000 -0.90800000
vn -0.00000000 -1.00000000 -0.00000000
vn 0.41910000 -0.00000000 -0.90800000
vn -0.00000000 1.00000000 -0.00000000
vn 0.14630000 -0.00000000 -0.98920000
vn -0.00000000 -1.00000000 -0.00000000
vn 0.14630000 -0.00000000 -0.98920000
vn -0.00000000 1.00000000 -0.00000000
vn -0.00000000 -1.00000000 -0.00000000
vn -0.13830000 -0.00000000 -0.99040000
vn -0.00000000 1.00000000 -0.00000000
vn -0.13830000 -0.00000000 -0.99040000
vn 0.28640000 0.70630000 0.64740000
vn -0.00000000 -1.00000000 -0.00000000
vn -0.00000000 1.00000000 -0.00000000
vn 0.24180000 0.70710000 0.66450000
vn -0.01990000 0.06520000 0.99770000
vn -0.00000000 -1.00000000 -0.00000000
vn -0.00000000 -1.00000000 -0.00000000
vn 0.40180000 0.70980000 0.57860000
vn -0.00000000 -1.00000000 -0.00000000
vn 0.53520000 0.71290000 0.45310000
vn 0.63200000 0.71540000 0.29810000
vn -0.00000000 -1.00000000 -0.00000000
vn 0.68570000 0.71720000 0.12380000
vn -0.00000000 -1.00000000 -0.00000000
vn -0.00000000 -1.00000000 -0.00000000
vn 0.69290000 0.71860000 -0.05830000
vn -0.00000000 -1.00000000 -0.00000000
vn 0.65310000 0.71960000 -0.23590000
vn -0.00000000 -1.00000000 -0.00000000
vn 0.56880000 0.72020000 -0.39720000
vn -0.00000000 -1.00000000 -0.00000000
vn 0.44580000 0.72040000 -0.53130000
vn -0.00000000 -1.00000000 -0.00000000
vn 0.29240000 0.72020000 -0.62920000
vn -0.00000000 -1.00000000 -0.00000000
vn 0.11890000 0.71960000 -0.68410000
vn -0.07010000 0.71430000 -0.69630000
vn -0.00000000 -1.00000000 -0.00000000
vn -0.40510000 -0.00000000 -0.91430000
vn -0.00000000 -1.00000000 -0.00000000
vn -0.19670000 0.70630000 -0.68000000
vn -0.00000000 -1.00000000 -0.00000000
vn -0.58250000 0.00720000 -0.81280000
vn -0.24180000 0.70710000 -0.66450000
vn -0.00000000 1.00000000 -0.00000000
vn -0.00000000 -1.00000000 -0.00000000
vn -0.00000000 1.00000000 -0.00000000
vn -0.00000000 1.00000000 -0.00000000
vn -0.00000000 1.00000000 -0.00000000
vn -0.00000000 1.00000000 -0.00000000
vn -0.00000000 1.00000000 -0.00000000
vn -0.00000000 1.00000000 -0.00000000
vn -0.00000000 1.00000000 -0.00000000
vn -0.00000000 1.00000000 -0.00000000
vn -0.00000000 1.00000000 -0.00000000
vn -0.00000000 1.00000000 -0.00000000
vn -0.00000000 1.00000000 -0.00000000
vn -0.65790000 -0.00000000 0.75310000
vn -0.00000000 1.00000000 -0.00000000
vn -0.00000000 1.00000000 -0.00000000
vn -0.41910000 -0.00000000 0.90800000
vn -0.00000000 1.00000000 -0.00000000
vn -0.00000000 1.00000000 -0.00000000
vn -0.14630000 -0.00000000 0.98920000
vn -0.00000000 1.00000000 -0.00000000
vn -0.00000000 1.00000000 -0.00000000
vn -0.95840000 -0.00000000 -0.28560000
vn -0.00000000 1.00000000 -0.00000000
vn -1.00000000 -0.00000000 -0.00400000
vn -0.00000000 1.00000000 -0.00000000
vn -0.00000000 1.00000000 -0.00000000
vn -0.96060000 -0.00000000 0.27790000
vn -0.00000000 1.00000000 -0.00000000
vn -0.00000000 1.00000000 -0.00000000
vn -0.84340000 -0.00000000 0.53720000
vn -0.40770000 0.00410000 -0.91310000
vn -0.00000000 1.00000000 -0.00000000
vn -0.00000000 1.00000000 -0.00000000
vn -0.00000000 1.00000000 -0.00000000
vn -0.65670000 0.00930000 -0.75410000
vn -0.83910000 -0.00000000 -0.54400000
vn -0.00000000 1.00000000 -0.00000000
vn -0.00000000 -1.00000000 -0.00000000
vn 0.24190000 -0.70710000 0.66450000
vn -0.00000000 1.00000000 -0.00000000
vn -0.03500000 -0.01070000 0.99930000
vn 0.12090000 -0.00000000 0.99270000
vn -0.00000000 1.00000000 -0.00000000
vn 0.28950000 -0.70620000 0.64620000
vn -0.00000000 1.00000000 -0.00000000
vn -0.00000000 1.00000000 -0.00000000
vn 0.33940000 -0.00000000 0.94060000
vn 0.41560000 -0.70710000 0.57210000
vn -0.00000000 1.00000000 -0.00000000
vn 0.59070000 -0.00000000 0.80690000
vn -0.00000000 1.00000000 -0.00000000
vn -0.00000000 1.00000000 -0.00000000
vn 0.55720000 -0.70710000 0.43530000
vn 0.79410000 -0.00000000 0.60780000
vn -0.00000000 1.00000000 -0.00000000
vn 0.65560000 -0.70710000 0.26490000
vn -0.00000000 1.00000000 -0.00000000
vn -0.00000000 1.00000000 -0.00000000
vn 0.93310000 -0.00000000 0.35950000
vn -0.00000000 1.00000000 -0.00000000
vn 0.70320000 -0.70710000 0.07390000
vn -0.00000000 1.00000000 -0.00000000
vn 0.99660000 -0.00000000 0.08200000
vn -0.00000000 1.00000000 -0.00000000
vn 0.69640000 -0.70710000 -0.12280000
vn -0.00000000 1.00000000 -0.00000000
vn 0.97940000 -0.00000000 -0.20210000
vn 0.63560000 -0.70710000 -0.31000000
vn -0.00000000 1.00000000 -0.00000000
vn 0.88280000 -0.00000000 -0.46980000
vn -0.00000000 1.00000000 -0.00000000
vn -0.00000000 1.00000000 -0.00000000
vn 0.52550000 -0.70710000 -0.47320000
vn 0.71460000 -0.00000000 -0.69950000
vn -0.00000000 1.00000000 -0.00000000
vn 0.37470000 -0.70710000 -0.59970000
vn -0.00000000 1.00000000 -0.00000000
vn -0.00000000 1.00000000 -0.00000000
vn 0.48860000 -0.00000000 -0.87250000
vn 0.19490000 -0.70710000 -0.67970000
vn -0.00000000 1.00000000 -0.00000000
vn 0.22300000 -0.00000000 -0.97480000
vn -0.00000000 1.00000000 -0.00000000
vn 0.01960000 -0.70700000 -0.70700000
vn -0.00000000 1.00000000 -0.00000000
vn -0.00000000 1.00000000 -0.00000000
vn -0.06060000 -0.00000000 -0.99820000
vn -0.12280000 -0.70710000 -0.69640000
vn -0.00000000 1.00000000 -0.00000000
vn -0.33940000 -0.00000000 -0.94060000
vn -0.00000000 1.00000000 -0.00000000
vn -0.21210000 -0.70670000 -0.67490000
vn -0.00000000 1.00000000 -0.00000000
vn -0.00000000 1.00000000 -0.00000000
vn -0.54190000 -0.00000000 -0.84040000
vn -0.00000000 1.00000000 -0.00000000
vn -0.24180000 -0.70710000 -0.66450000
vn -0.00000000 -1.00000000 -0.00000000
vn -0.66720000 -0.01190000 -0.74480000
vn -0.00000000 -1.00000000 -0.00000000
vn 0.97940000 -0.00000000 -0.20210000
vn 0.99660000 -0.00000000 0.08200000
vn -0.00000000 -1.00000000 -0.00000000
vn 0.93310000 -0.00000000 0.35950000
vn -0.00000000 -1.00000000 -0.00000000
vn 0.79410000 -0.00000000 0.60780000
vn -0.00000000 -1.00000000 -0.00000000
vn -0.00000000 -1.00000000 -0.00000000
vn 0.59070000 -0.00000000 0.80690000
vn -0.00000000 -1.00000000 -0.00000000
vn 0.33940000 -0.00000000 0.94060000
vn -0.00000000 -1.00000000 -0.00000000
vn 0.06960000 -0.01240000 0.99750000
vn -0.22920000 -0.00600000 0.97340000
vn -0.00000000 -1.00000000 -0.00000000
vn -0.00000000 -1.00000000 -0.00000000
vn -0.23360000 -0.00000000 0.97230000
vn -0.00000000 -1.00000000 -0.00000000
vn -0.48860000 -0.00000000 0.87250000
vn -0.48860000 -0.00000000 0.87250000
vn -0.00000000 -1.00000000 -0.00000000
vn -0.71460000 -0.00000000 0.69950000
vn -0.00000000 -1.00000000 -0.00000000
vn -0.00000000 -1.00000000 -0.00000000
vn -0.71460000 -0.00000000 0.69950000
vn -0.00000000 -1.00000000 -0.00000000
vn -0.88280000 -0.00000000 0.46980000
vn -0.00000000 -1.00000000 -0.00000000
vn -0.88280000 -0.00000000 0.46980000
vn -0.97940000 -0.00000000 0.20210000
vn -0.00000000 -1.00000000 -0.00000000
vn -0.97940000 -0.00000000 0.20210000
vn -0.00000000 -1.00000000 -0.00000000
vn -0.00000000 -1.00000000 -0.00000000
vn -0.00000000 -1.00000000 -0.00000000
vn -0.00000000 -1.00000000 -0.00000000
vn -0.00000000 -1.00000000 -0.00000000
vn -0.00000000 -1.00000000 -0.00000000
vn -0.00000000 -1.00000000 -0.00000000
vn -0.00000000 -1.00000000 -0.00000000
vn -0.00000000 -1.00000000 -0.00000000
vn -0.00000000 -1.00000000 -0.00000000
vn 0.88280000 -0.00000000 -0.46980000
vn -0.00000000 -1.00000000 -0.00000000
vn -0.00000000 -1.00000000 -0.00000000
vn -0.00000000 -1.00000000 -0.00000000
vn -0.06060000 -0.00000000 -0.99820000
vn -0.00000000 -1.00000000 -0.00000000
vn -0.00000000 -1.00000000 -0.00000000
vn 0.22300000 -0.00000000 -0.97480000
vn -0.00000000 -1.00000000 -0.00000000
vn 0.48860000 -0.00000000 -0.87250000
vn -0.00000000 -1.00000000 -0.00000000
vn -0.00000000 -1.00000000 -0.00000000
vn 0.71460000 -0.00000000 -0.69950000
vn -0.00000000 -1.00000000 -0.00000000
vn -0.00000000 -1.00000000 -0.00000000
vn -0.00000000 -1.00000000 -0.00000000
vn -0.99660000 -0.00000000 -0.08200000
vn -0.00000000 -1.00000000 -0.00000000
vn -0.93310000 -0.00000000 -0.35950000
vn -0.00000000 -1.00000000 -0.00000000
vn -0.79840000 -0.00670000 -0.60210000
vn -0.00000000 -1.00000000 -0.00000000
vn -0.00000000 -1.00000000 -0.00000000
vn -0.00000000 -1.00000000 -0.00000000
vn -0.58260000 -0.01340000 -0.81270000
vn -0.33940000 -0.00000000 -0.94060000
vn -0.00000000 -1.00000000 -0.00000000
vn -0.00000000 -1.00000000 -0.00000000
vn -0.70710000 -0.70710000 -0.00000000
vn -0.00000000 -0.00000000 1.00000000
vn -0.70710000 -0.70710000 -0.00000000
vn -1.00000000 -0.00000000 -0.00000000
vn -0.00000000 -0.00000000 1.00000000
vn -0.70650000 -0.70650000 -0.04210000
vn -0.99810000 -0.00000000 -0.06110000
vn -0.99810000 -0.00000000 -0.06100000
vn -0.97030000 -0.00000000 -0.24190000
vn -0.68610000 -0.70710000 -0.17110000
vn -0.88290000 -0.00000000 -0.46950000
vn -0.62440000 -0.70710000 -0.33200000
vn -0.74320000 -0.00000000 -0.66910000
vn -0.52550000 -0.70710000 -0.47320000
vn -0.39540000 -0.70710000 -0.58620000
vn -0.55920000 -0.00000000 -0.82900000
vn -0.28120000 -0.70650000 -0.64950000
vn -0.39870000 -0.00000000 -0.91710000
vn -0.21330000 -0.70680000 -0.67450000
vn -0.29540000 0.00690000 -0.95540000
vn -0.12280000 -0.70710000 -0.69640000
vn -0.17950000 0.00950000 -0.98370000
vn 0.01760000 -0.70700000 -0.70700000
vn 0.02160000 -0.00610000 -0.99970000
vn 0.28340000 -0.70640000 0.64860000
vn 0.39880000 -0.00000000 0.91710000
vn -0.00000000 -1.00000000 -0.00000000
vn 0.28120000 -0.70650000 0.64950000
vn 0.28110000 -0.70650000 0.64950000
vn 0.28660000 -0.70630000 0.64730000
vn 0.40570000 -0.00140000 0.91400000
vn -0.00000000 -0.00000000 -1.00000000
vn -0.00000000 -0.00000000 1.00000000
vn 0.99250000 -0.00000000 0.12190000
vn 0.70450000 -0.70440000 0.08650000
vn -0.00000000 -0.00000000 -1.00000000
vn -0.00000000 -0.00000000 1.00000000
vn 0.70450000 -0.70440000 0.08650000
vn -0.00000000 -1.00000000 -0.00000000
vn 0.97030000 -0.00000000 0.24190000
vn 0.68610000 -0.70710000 0.17110000
vn -0.00000000 -1.00000000 -0.00000000
vn 0.68610000 -0.70710000 0.17110000
vn 0.62430000 -0.70710000 0.33200000
vn 0.88290000 -0.00000000 0.46950000
vn 0.62430000 -0.70710000 0.33200000
vn -0.00000000 -1.00000000 -0.00000000
vn 0.74330000 0.00070000 0.66900000
vn 0.52550000 -0.70710000 0.47310000
vn -0.00000000 -1.00000000 -0.00000000
vn 0.52550000 -0.70710000 0.47310000
vn 0.55920000 -0.00000000 0.82900000
vn 0.39540000 -0.70710000 0.58620000
vn 0.39540000 -0.70710000 0.58620000
vn -0.00000000 -1.00000000 -0.00000000
vn -0.00000000 -0.00000000 1.00000000
vn -1.00000000 -0.00000000 -0.00000000
vn -0.70710000 0.70710000 -0.00000000
vn -0.00000000 1.00000000 -0.00000000
vn -0.00000000 -0.00000000 1.00000000
vn -0.70710000 0.70710000 -0.00000000
vn -0.70650000 0.70650000 -0.04210000
vn -0.99810000 -0.00000000 -0.06100000
vn -0.39870000 -0.00000000 -0.91710000
vn -0.28120000 0.70650000 -0.64950000
vn -0.55920000 -0.00000000 -0.82900000
vn -0.39540000 0.70710000 -0.58620000
vn -0.52550000 0.70710000 -0.47320000
vn -0.74320000 -0.00000000 -0.66910000
vn -0.88290000 -0.00000000 -0.46950000
vn -0.62440000 0.70710000 -0.33200000
vn -0.68610000 0.70710000 -0.17110000
vn -0.97030000 -0.00000000 -0.24190000
vn -0.19930000 0.70640000 -0.67920000
vn -0.27980000 -0.00000000 -0.96000000
vn 0.40270000 -0.00000000 0.91530000
vn 0.28390000 0.70640000 0.64840000
vn 0.37090000 0.70650000 0.60280000
vn 0.52250000 -0.00000000 0.85260000
vn 0.44640000 0.70790000 0.54730000
vn 0.63270000 -0.00000000 0.77440000
vn 0.73140000 -0.00000000 0.68200000
vn 0.51830000 0.70670000 0.48170000
vn 0.81670000 -0.00000000 0.57710000
vn 0.57560000 0.70940000 0.40680000
vn 0.88700000 -0.00000000 0.46180000
vn 0.62790000 0.70680000 0.32590000
vn 0.94120000 -0.00000000 0.33800000
vn 0.66220000 0.71070000 0.23740000
vn 0.97820000 -0.00000000 0.20790000
vn 0.69200000 0.70690000 0.14630000
vn 0.99730000 -0.00000000 0.07410000
vn 0.70040000 0.71190000 0.05160000
vn 0.70590000 0.70700000 -0.04370000
vn 0.99810000 -0.00000000 -0.06110000
vn 0.98080000 -0.00000000 -0.19510000
vn 0.68790000 0.71270000 -0.13730000
vn 0.66850000 0.70700000 -0.23060000
vn 0.94550000 -0.00000000 -0.32560000
vn 0.62570000 0.71330000 -0.31570000
vn 0.89300000 -0.00000000 -0.45010000
vn 0.58270000 0.70710000 -0.40070000
vn 0.82410000 -0.00000000 -0.56640000
vn 0.74020000 -0.00000000 -0.67240000
vn 0.51840000 0.71370000 -0.47110000
vn 0.64280000 -0.00000000 -0.76600000
vn 0.45450000 0.70710000 -0.54170000
vn 0.53360000 -0.00000000 -0.84570000
vn 0.37390000 0.71370000 -0.59240000
vn 0.29340000 0.70710000 -0.64340000
vn 0.41470000 -0.00000000 -0.91000000
vn 0.28820000 -0.00000000 -0.95760000
vn 0.20230000 0.71330000 -0.67100000
vn 0.11100000 0.70710000 -0.69840000
vn 0.15650000 -0.00000000 -0.98770000
vn 0.01580000 0.71270000 -0.70120000
vn 0.02180000 -0.00000000 -0.99980000
vn -0.13030000 0.00150000 -0.99150000
vn -0.09120000 0.70680000 -0.70150000
vn -0.00000000 1.00000000 -0.00000000
vn 0.28120000 0.70650000 0.64950000
vn 0.39880000 -0.00000000 0.91710000
vn 0.28340000 0.70640000 0.64860000
vn 0.55760000 -0.00300000 0.83010000
vn 0.39540000 0.70710000 0.58620000
vn 0.39540000 0.70710000 0.58620000
vn -0.00000000 1.00000000 -0.00000000
vn 0.74440000 -0.00240000 0.66770000
vn 0.52550000 0.70710000 0.47310000
vn -0.00000000 1.00000000 -0.00000000
vn 0.52550000 0.70710000 0.47310000
vn 0.62430000 0.70710000 0.33200000
vn 0.88290000 -0.00000000 0.46950000
vn -0.00000000 1.00000000 -0.00000000
vn 0.62430000 0.70710000 0.33200000
vn 0.68610000 0.70710000 0.17110000
vn 0.97030000 -0.00000000 0.24190000
vn -0.00000000 1.00000000 -0.00000000
vn 0.68610000 0.70710000 0.17110000
vn 0.99250000 -0.00000000 0.12190000
vn -0.00000000 -0.00000000 -1.00000000
vn -0.00000000 -0.00000000 1.00000000
vn 0.70450000 0.70440000 0.08650000
vn 0.70450000 0.70440000 0.08650000
vn -0.00000000 1.00000000 -0.00000000
vn -0.00000000 -0.00000000 -1.00000000
vn -0.00000000 -0.00000000 1.00000000
vn 0.93970000 -0.00000000 -0.34200000
vn 0.63820000 -0.00050000 0.76990000
vn -0.00000000 -1.00000000 -0.00000000
vn 0.63120000 0.01770000 0.77540000
vn 0.93970000 -0.00000000 -0.34200000
vn -0.00000000 1.00000000 -0.00000000
vn 0.51490000 -0.00000000 0.85720000
vn -0.00000000 -1.00000000 -0.00000000
vn 0.52600000 0.01640000 0.85030000
vn -0.00000000 1.00000000 -0.00000000
vn -0.84340000 -0.00000000 0.53720000
vn -0.00000000 1.00000000 -0.00000000
vn 0.15450000 -0.00000000 -0.98800000
vn -0.00000000 1.00000000 -0.00000000
vn 0.63550000 -0.00000000 -0.77210000
vn -0.00000000 1.00000000 -0.00000000
vn -0.95840000 -0.00000000 -0.28560000
vn -0.00000000 1.00000000 -0.00000000
vn -0.83910000 -0.00000000 -0.54400000
vn -0.00000000 1.00000000 -0.00000000
vn -0.15710000 0.01740000 0.98740000
vn -0.00000000 1.00000000 -0.00000000
vn -0.41910000 -0.00000000 0.90800000
vn -0.00000000 1.00000000 -0.00000000
vn -0.65790000 -0.00000000 0.75310000
vn -0.00000000 1.00000000 -0.00000000
vn -0.96060000 -0.00000000 0.27790000
vn -0.00000000 1.00000000 -0.00000000
vn -0.00000000 1.00000000 -0.00000000
vn -1.00000000 -0.00000000 -0.00400000
vn -0.00000000 1.00000000 -0.00000000
vn 0.39220000 -0.00000000 -0.91990000
vn -0.69900000 -0.00000000 -0.71510000
vn -0.00000000 1.00000000 -0.00000000
vn 0.93970000 -0.00000000 -0.34210000
vn -0.00000000 -1.00000000 -0.00000000
vn -0.34200000 -0.00000000 -0.93970000
vn 0.93970000 -0.00000000 -0.34210000
vn -0.00000000 1.00000000 -0.00000000
vn -0.34200000 -0.00000000 -0.93970000
vn -0.96700000 0.25470000 0.00580000
vn -0.00000000 -0.00000000 1.00000000
vn -0.00000000 -0.00000000 1.00000000
vn -0.76830000 -0.64000000 -0.00950000
vn -0.00010000 -0.00000000 1.00000000
vn -0.95390000 -0.30000000 -0.00870000
vn -0.00010000 -0.00000000 1.00000000
vn -0.00000000 -0.00000000 1.00000000
vn -0.00010000 -0.00000000 1.00000000
vn -0.76100000 0.64870000 -0.00690000
vn -0.00000000 -0.00000000 1.00000000
vn -0.96700000 0.25470000 0.00580000
vn -0.00000000 -0.00000000 1.00000000
vn 0.03780000 0.99920000 -0.01400000
vn -0.00000000 -0.00000000 1.00000000
vn -0.40060000 0.91610000 -0.01400000
vn -0.00000000 -0.00000000 1.00000000
vn -0.00000000 -0.00000000 1.00000000
vn -0.76100000 0.64870000 -0.00690000
vn 0.46860000 0.88330000 -0.01080000
vn -0.00000000 -0.00000000 1.00000000
vn 0.80620000 0.59160000 -0.00330000
vn -0.00000000 -0.00000000 1.00000000
vn -0.00000000 -0.00000000 1.00000000
vn -0.99600000 0.08920000 -0.01120000
vn -0.00000000 -0.00000000 1.00000000
vn -0.88540000 0.46470000 -0.00870000
vn -0.64240000 0.76630000 -0.00950000
vn -0.00000000 -0.00000000 1.00000000
vn -0.29800000 0.95450000 -0.01080000
vn -0.00000000 -0.00000000 1.00000000
vn -0.00000000 -0.00000000 1.00000000
vn -0.46290000 -0.88640000 -0.01080000
vn -0.00000000 -0.00000000 1.00000000
vn -0.40060000 0.91610000 -0.01400000
vn 0.03780000 0.99920000 -0.01400000
vn -0.00000000 -0.00000000 1.00000000
vn 0.46860000 0.88330000 -0.01080000
vn -0.00000000 -0.00000000 1.00000000
vn 0.80620000 0.59160000 -0.00330000
vn -0.00000000 -0.00000000 1.00000000
vn -0.00000000 -1.00000000 -0.00000000
vn -0.80150000 -0.00000000 -0.59810000
vn -0.00000000 -1.00000000 -0.00000000
vn 0.48860000 -0.00000000 -0.87250000
vn 0.23360000 -0.00000000 -0.97230000
vn -0.00000000 -1.00000000 -0.00000000
vn -0.00000000 -1.00000000 -0.00000000
vn -0.93310000 -0.00000000 -0.35950000
vn -0.00000000 -1.00000000 -0.00000000
vn -0.99660000 -0.00000000 -0.08200000
vn 0.71460000 -0.00000000 -0.69950000
vn -0.00000000 -1.00000000 -0.00000000
vn 0.88280000 -0.00000000 -0.46980000
vn -0.00000000 -1.00000000 -0.00000000
vn 0.27540000 -0.01330000 -0.96120000
vn 0.19490000 -0.70710000 -0.67970000
vn 0.52980000 -0.01370000 -0.84800000
vn 0.37470000 -0.70710000 -0.59970000
vn 0.52550000 -0.70710000 -0.47320000
vn 0.74310000 -0.01370000 -0.66900000
vn 0.63560000 -0.70710000 -0.31000000
vn 0.89880000 -0.01330000 -0.43820000
vn 0.69640000 -0.70710000 -0.12280000
vn 0.98480000 -0.01240000 -0.17330000
vn 0.99440000 -0.01110000 0.10490000
vn 0.70320000 -0.70710000 0.07390000
vn 0.65560000 -0.70710000 0.26490000
vn 0.92690000 -0.00930000 0.37510000
vn 0.78750000 -0.00710000 0.61620000
vn 0.55720000 -0.70710000 0.43530000
vn 0.58700000 -0.00450000 0.80950000
vn 0.41560000 -0.70710000 0.57210000
vn 0.13390000 -0.68520000 -0.71600000
vn 0.16220000 -0.91240000 -0.37580000
vn 0.43850000 -0.81390000 -0.38110000
vn 0.65610000 -0.65510000 -0.37470000
vn 0.80050000 -0.45590000 -0.38900000
vn 0.89720000 -0.22720000 -0.37870000
vn 0.92330000 0.06420000 -0.37860000
vn 0.86880000 0.30640000 -0.38890000
vn 0.76310000 0.52680000 -0.37440000
vn 0.32290000 0.86830000 -0.37660000
vn 0.51020000 0.65660000 -0.55550000
vn 0.61070000 0.77400000 -0.16740000
vn 0.25450000 0.65060000 -0.71550000
vn 0.42820000 0.55120000 -0.71610000
vn 0.56630000 0.40830000 -0.71600000
vn 0.65830000 0.23220000 -0.71610000
vn 0.69700000 0.03730000 -0.71610000
vn 0.67940000 -0.16070000 -0.71590000
vn 0.60660000 -0.34550000 -0.71600000
vn 0.48470000 -0.50240000 -0.71600000
vn 0.32350000 -0.61860000 -0.71600000
vn 0.13350000 0.34150000 -0.93030000
vn 0.22550000 0.29020000 -0.93000000
vn 0.29800000 0.21490000 -0.93010000
vn 0.34640000 0.12220000 -0.93010000
vn 0.36680000 0.01960000 -0.93010000
vn 0.35750000 -0.08450000 -0.93010000
vn 0.31920000 -0.18180000 -0.93010000
vn 0.25510000 -0.26440000 -0.93010000
vn 0.17020000 -0.32540000 -0.93010000
vn 0.07050000 -0.35980000 -0.93040000
vn -0.94730000 0.29450000 0.12590000
vn -0.78760000 0.60100000 0.13590000
vn -0.61870000 0.77500000 0.12860000
vn -0.41330000 0.89970000 0.14050000
vn -0.18460000 0.97440000 0.12860000
vn 0.05560000 0.98850000 0.14050000
vn 0.29240000 0.94760000 0.12860000
vn 0.51160000 0.84810000 0.13810000
vn 0.77350000 0.62020000 0.13030000
vn 0.74010000 0.61320000 0.27600000
vn 0.34470000 0.26770000 0.89970000
vn 0.10720000 0.39910000 0.91060000
vn 0.31580000 0.89770000 0.30720000
vn 0.20370000 0.30060000 0.93180000
vn 0.26940000 0.04820000 0.96180000
vn 0.30630000 -0.19520000 0.93170000
vn -0.94730000 0.29450000 0.12590000
vn -0.78750000 0.60110000 0.13590000
vn -0.61870000 0.77510000 0.12860000
vn -0.41340000 0.89970000 0.14050000
vn -0.18460000 0.97440000 0.12860000
vn 0.05560000 0.98850000 0.14050000
vn 0.29240000 0.94760000 0.12860000
vn 0.51160000 0.84810000 0.13810000
vn 0.77350000 0.62020000 0.13030000
vn 0.74010000 0.61320000 0.27600000
vn 0.34470000 0.26770000 0.89970000
vn 0.10720000 0.39910000 0.91060000
vn 0.31580000 0.89770000 0.30720000
vn 0.30140000 -0.19280000 0.93380000
vn 0.26940000 0.04820000 0.96180000
vn 0.20370000 0.30060000 0.93180000
vn 0.99670000 0.08130000 0.00470000
vn 0.94930000 0.31390000 0.01790000
vn 0.94770000 0.31100000 0.07100000
vn 0.25150000 0.96630000 0.05430000
vn 0.07800000 0.99540000 0.05590000
vn 0.07770000 0.97890000 0.18910000
vn 0.30880000 0.92760000 0.21040000
vn 0.08530000 0.94390000 0.31900000
vn 0.31360000 0.85460000 0.41390000
vn 0.07760000 0.89330000 0.44260000
vn 0.08250000 0.82600000 0.55760000
vn 0.31080000 0.74050000 0.59580000
vn 0.07670000 0.75040000 0.65650000
vn 0.07670000 0.65660000 0.75030000
vn 0.31080000 0.59580000 0.74050000
vn 0.08250000 0.55770000 0.82590000
vn 0.31360000 0.41390000 0.85460000
vn 0.07770000 0.18910000 0.97890000
vn 0.30880000 0.21040000 0.92760000
vn 0.08530000 0.31890000 0.94390000
vn 0.07770000 0.44260000 0.89340000
vn 0.70530000 0.70760000 0.04380000
vn 0.56960000 0.82060000 0.04620000
vn 0.58130000 0.79110000 0.19030000
vn 0.41730000 0.90720000 0.05330000
vn 0.07810000 0.05570000 0.99540000
vn 0.25130000 0.05410000 0.96640000
vn 0.41740000 0.05320000 0.90720000
vn 0.58130000 0.19030000 0.79120000
vn 0.58250000 0.35270000 0.73230000
vn 0.58250000 0.50680000 0.63550000
vn 0.58250000 0.63550000 0.50680000
vn 0.58250000 0.73230000 0.35260000
vn 0.82910000 0.55820000 0.03160000
vn 0.80660000 0.57460000 0.13830000
vn 0.80370000 0.53610000 0.25820000
vn 0.80370000 0.46520000 0.37100000
vn 0.80370000 0.37100000 0.46520000
vn 0.80370000 0.25820000 0.53610000
vn 0.80430000 0.14260000 0.57680000
vn 0.56960000 0.04610000 0.82070000
vn 0.70520000 0.04380000 0.70760000
vn 0.81830000 0.03240000 0.57390000
vn 0.90670000 0.02790000 0.42090000
vn 0.94770000 0.28750000 0.13840000
vn 0.94770000 0.24940000 0.19890000
vn 0.94770000 0.19890000 0.24940000
vn 0.94770000 0.13840000 0.28740000
vn 0.94920000 0.07720000 0.30500000
vn 0.96660000 0.01460000 0.25570000
vn 0.99650000 0.08190000 0.01870000
vn 0.99650000 0.07570000 0.03640000
vn 0.99650000 0.06570000 0.05240000
vn 0.99650000 0.05240000 0.06570000
vn 0.99650000 0.03650000 0.07570000
vn 0.99650000 0.01870000 0.08190000
vn 0.99670000 0.00470000 0.08120000
vn 0.02550000 0.99890000 -0.04040000
vn 0.11280000 0.98690000 -0.11500000
vn 0.20210000 0.95510000 -0.21670000
vn 0.56280000 0.82660000 -0.00040000
vn -0.00550000 0.82700000 -0.56210000
vn -0.01210000 0.70040000 -0.71360000
vn 0.70350000 0.71070000 -0.00020000
vn -0.00470000 0.55350000 -0.83280000
vn 0.83480000 0.55050000 -0.00030000
vn -0.00120000 0.29330000 -0.95600000
vn 0.95540000 0.29530000 -0.00020000
vn -0.00160000 0.07940000 -0.99680000
vn 0.99690000 0.07840000 -0.00000000
vn 0.99670000 -0.00470000 0.08120000
vn 0.96660000 -0.01460000 0.25570000
vn 0.90670000 -0.02790000 0.42090000
vn 0.81830000 -0.03240000 0.57390000
vn 0.70520000 -0.04380000 0.70760000
vn 0.56960000 -0.04610000 0.82060000
vn 0.41740000 -0.05320000 0.90720000
vn 0.25130000 -0.05410000 0.96640000
vn 0.07810000 -0.05570000 0.99540000
vn 0.30880000 -0.21040000 0.92760000
vn 0.07770000 -0.18910000 0.97890000
vn 0.08530000 -0.31890000 0.94390000
vn 0.31360000 -0.41390000 0.85460000
vn 0.07770000 -0.44260000 0.89330000
vn 0.08250000 -0.55770000 0.82600000
vn 0.31080000 -0.59580000 0.74050000
vn 0.07670000 -0.65650000 0.75040000
vn 0.07670000 -0.75040000 0.65650000
vn 0.31080000 -0.74050000 0.59580000
vn 0.08250000 -0.82600000 0.55760000
vn 0.31360000 -0.85460000 0.41390000
vn 0.07770000 -0.97890000 0.18920000
vn 0.31190000 -0.92760000 0.20580000
vn 0.08530000 -0.94390000 0.31890000
vn 0.07770000 -0.89340000 0.44260000
vn 0.58130000 -0.19030000 0.79120000
vn 0.58250000 -0.35270000 0.73230000
vn 0.58250000 -0.50680000 0.63550000
vn 0.58250000 -0.63550000 0.50680000
vn 0.58250000 -0.73230000 0.35270000
vn 0.57870000 -0.79390000 0.18680000
vn 0.80430000 -0.14260000 0.57680000
vn 0.07830000 -0.99540000 0.05550000
vn 0.30680000 -0.95030000 0.05300000
vn 0.55310000 -0.83180000 0.04680000
vn 0.70530000 -0.70760000 0.04380000
vn 0.80370000 -0.25820000 0.53610000
vn 0.80370000 -0.37100000 0.46520000
vn 0.80370000 -0.46520000 0.37100000
vn 0.80370000 -0.53610000 0.25820000
vn 0.80670000 -0.57460000 0.13830000
vn 0.82910000 -0.55830000 0.03170000
vn 0.94920000 -0.07720000 0.30500000
vn 0.94770000 -0.13840000 0.28740000
vn 0.94770000 -0.19890000 0.24940000
vn 0.94770000 -0.24940000 0.19890000
vn 0.94770000 -0.28740000 0.13840000
vn 0.94770000 -0.31100000 0.07100000
vn 0.94930000 -0.31400000 0.01830000
vn 0.99650000 -0.01870000 0.08190000
vn 0.99650000 -0.03650000 0.07570000
vn 0.99650000 -0.05240000 0.06570000
vn 0.99650000 -0.06570000 0.05240000
vn 0.99650000 -0.07570000 0.03640000
vn 0.99650000 -0.08190000 0.01870000
vn 0.99670000 -0.08110000 0.00490000
vn -0.00000000 -0.02840000 -0.99960000
vn 0.99960000 -0.02840000 -0.00000000
vn 0.98760000 -0.15680000 -0.00030000
vn 0.00090000 -0.15640000 -0.98770000
vn 0.91950000 -0.39320000 -0.00080000
vn 0.00030000 -0.39450000 -0.91890000
vn -0.00240000 -0.66070000 -0.75060000
vn 0.74850000 -0.66310000 -0.00090000
vn 0.24800000 -0.93620000 -0.24890000
vn 0.07380000 -0.99450000 -0.07380000
vn 0.99980000 -0.01430000 0.01320000
vn 1.00000000 -0.00090000 0.00050000
vn 0.99140000 -0.13060000 -0.00000000
vn -0.00000000 -0.00000000 -1.00000000
vn 0.13050000 -0.99140000 -0.00000000
vn -0.00000000 -0.00000000 -1.00000000
vn 0.23880000 -0.97110000 -0.00010000
vn 0.68700000 -0.70360000 0.18160000
vn 0.50000000 -0.86600000 -0.00000000
vn -0.00000000 -0.00000000 -1.00000000
vn 0.56650000 -0.82390000 0.01670000
vn 0.86600000 -0.50000000 -0.00000000
vn -0.00000000 -0.00000000 -1.00000000
vn 0.94990000 -0.00090000 0.31240000
vn 0.59740000 -0.80190000 0.00350000
vn 0.72210000 -0.69180000 0.00070000
vn 0.96800000 -0.00000000 0.25100000
vn 0.97990000 0.00010000 0.19940000
vn 0.82930000 -0.55880000 0.00010000
vn 0.96780000 -0.23690000 0.08460000
vn 0.99120000 -0.12220000 0.05120000
vn 0.76460000 0.64460000 -0.00000000
vn 0.97190000 0.00120000 0.23540000
vn 0.95260000 0.00180000 0.30420000
vn 0.62030000 0.78440000 0.00330000
vn 0.70700000 0.70720000 0.00030000
vn -0.00000000 -0.00000000 -1.00000000
vn 0.56540000 0.82410000 0.03490000
vn -0.00000000 -0.00000000 -1.00000000
vn 0.38260000 0.92390000 0.00010000
vn 0.68570000 0.70410000 0.18450000
vn 0.18490000 0.98280000 -0.00010000
vn -0.00000000 -0.00000000 -1.00000000
vn 0.09810000 0.99520000 -0.00000000
vn 0.96680000 0.24000000 0.08780000
vn -0.00000000 -0.00000000 -1.00000000
vn 0.92400000 0.38250000 -0.00000000
vn 0.92390000 0.38250000 0.00030000
vn 0.99360000 0.10270000 0.04670000
vn 0.99990000 0.01060000 0.01170000
vn 0.99520000 0.09810000 -0.00000000
vn -0.00000000 -0.00000000 -1.00000000
vn 1.00000000 -0.00000000 -0.00000000
vn 0.86500000 -0.00000000 0.50180000
vn 0.66990000 0.70360000 0.23690000
vn -0.00000000 1.00000000 -0.00000000
vn 0.65130000 0.71480000 0.25460000
vn 0.91740000 -0.00000000 0.39790000
vn 0.72570000 0.67040000 0.15450000
vn -0.00000000 -1.00000000 -0.00000000
vn 0.67300000 -0.69850000 0.24330000
vn 0.86160000 -0.00000000 0.50760000
vn 0.66850000 -0.70980000 0.22220000
vn 0.91670000 -0.00080000 0.39970000
vn 0.77670000 -0.60860000 0.16230000
vn -1.00000000 -0.00000000 -0.00000000
vn -0.00250000 -0.09640000 -0.99530000
vn -0.00250000 -0.38410000 -0.92330000
vn -1.00000000 -0.00000000 -0.00000000
vn -1.00000000 -0.00000000 -0.00000000
vn -0.00000000 -0.70710000 -0.70710000
vn -1.00000000 -0.00000000 -0.00000000
vn -0.00000000 -0.99520000 -0.09800000
vn -0.00400000 -0.99710000 0.07560000
vn -1.00000000 -0.00000000 -0.00000000
vn -0.00400000 -0.07560000 0.99710000
vn -1.00000000 -0.00000000 -0.00000000
vn -1.00000000 -0.00000000 -0.00000000
vn -0.00950000 -0.95120000 0.30850000
vn -1.00000000 -0.00000000 -0.00000000
vn -0.00770000 -0.80800000 0.58920000
vn -1.00000000 -0.00000000 -0.00000000
vn -0.00770000 -0.58920000 0.80800000
vn -1.00000000 -0.00000000 -0.00000000
vn -0.00950000 -0.30850000 0.95120000
vn -0.00950000 0.95120000 0.30850000
vn -1.00000000 -0.00000000 -0.00000000
vn -1.00000000 -0.00000000 -0.00000000
vn -0.00400000 0.99710000 0.07560000
vn -1.00000000 -0.00000000 -0.00000000
vn -0.00400000 0.07560000 0.99710000
vn -1.00000000 -0.00000000 -0.00000000
vn -0.00000000 0.09800000 -0.99520000
vn -0.00000000 -0.92390000 -0.38270000
vn -1.00000000 -0.00000000 -0.00000000
vn -1.00000000 -0.00000000 -0.00000000
vn -0.00950000 0.30840000 0.95120000
vn -0.00770000 0.58920000 0.80800000
vn -1.00000000 -0.00000000 -0.00000000
vn -1.00000000 -0.00000000 -0.00000000
vn -0.00770000 0.80800000 0.58920000
vn -0.00010000 0.70710000 -0.70710000
vn -1.00000000 -0.00000000 -0.00000000
vn -1.00000000 -0.00000000 -0.00000000
vn -0.00010000 0.38280000 -0.92380000
vn -0.00040000 0.92380000 -0.38280000
vn -1.00000000 -0.00000000 -0.00000000
vn -0.00000000 0.99520000 -0.09800000
vn -1.00000000 -0.00000000 -0.00000000
f 1//1 2//2 4//4
f 4//4 7//7 8//8
f 8//8 7//7 9//9
f 8//8 9//9 11//11
f 11//11 9//9 13//13
f 11//11 13//13 14//14
f 14//14 13//13 16//16
f 14//14 16//16 18//18
f 4//4 8//8 1//1
f 1//1 8//8 11//11
f 1//1 11//11 19//19
f 19//19 11//11 14//14
f 19//19 14//14 20//20
f 20//20 14//14 18//18
f 20//20 18//18 21//21
f 10//10 23//23 24//24
f 10//10 24//24 12//12
f 12//12 24//24 25//25
f 12//12 25//25 15//15
f 25//25 26//26 15//15
f 15//15 26//26 27//27
f 15//15 27//27 17//17
f 17//17 27//27 28//28
f 17//17 28//28 22//22
f 22//22 28//28 29//29
f 22//22 29//29 30//30
f 29//29 32//32 30//30
f 30//30 32//32 33//33
f 30//30 33//33 34//34
f 33//33 36//36 34//34
f 34//34 36//36 37//37
f 34//34 37//37 38//38
f 37//37 40//40 38//38
f 38//38 40//40 41//41
f 38//38 41//41 43//43
f 41//41 40//40 44//44
f 44//44 40//40 46//46
f 40//40 37//37 46//46
f 46//46 37//37 36//36
f 46//46 36//36 48//48
f 36//36 33//33 48//48
f 48//48 33//33 32//32
f 48//48 32//32 50//50
f 32//32 29//29 50//50
f 50//50 29//29 28//28
f 50//50 28//28 52//52
f 28//28 27//27 52//52
f 52//52 27//27 26//26
f 52//52 26//26 54//54
f 23//23 57//57 24//24
f 24//24 57//57 54//54
f 24//24 54//54 25//25
f 25//25 54//54 26//26
f 58//58 59//59 62//62
f 63//63 64//64 67//67
f 58//58 62//62 68//68
f 68//68 62//62 70//70
f 68//68 70//70 71//71
f 71//71 70//70 73//73
f 71//71 73//73 75//75
f 75//75 76//76 71//71
f 71//71 76//76 77//77
f 71//71 77//77 68//68
f 68//68 77//77 63//63
f 68//68 63//63 58//58
f 58//58 63//63 67//67
f 58//58 67//67 59//59
f 61//61 78//78 79//79
f 61//61 79//79 69//69
f 69//69 79//79 80//80
f 69//69 80//80 72//72
f 72//72 80//80 81//81
f 72//72 81//81 74//74
f 74//74 81//81 82//82
f 74//74 82//82 83//83
f 83//83 82//82 85//85
f 83//83 85//85 86//86
f 86//86 85//85 88//88
f 86//86 88//88 89//89
f 92//92 88//88 85//85
f 92//92 85//85 93//93
f 93//93 85//85 82//82
f 93//93 82//82 96//96
f 97//97 82//82 81//81
f 97//97 81//81 99//99
f 99//99 81//81 80//80
f 99//99 80//80 102//102
f 100//100 80//80 79//79
f 100//100 79//79 103//103
f 103//103 79//79 78//78
f 103//103 78//78 105//105
f 116//116 119//119 115//115
f 115//115 119//119 121//121
f 115//115 121//121 114//114
f 122//122 123//123 125//125
f 125//125 123//123 126//126
f 125//125 126//126 128//128
f 128//128 126//126 130//130
f 128//128 130//130 131//131
f 132//132 133//133 135//135
f 135//135 133//133 137//137
f 135//135 137//137 122//122
f 122//122 137//137 139//139
f 122//122 139//139 123//123
f 121//121 140//140 114//114
f 114//114 140//140 142//142
f 114//114 142//142 113//113
f 113//113 142//142 145//145
f 113//113 145//145 112//112
f 112//112 145//145 147//147
f 112//112 147//147 111//111
f 130//130 149//149 131//131
f 131//131 149//149 150//150
f 131//131 150//150 152//152
f 152//152 150//150 154//154
f 152//152 154//154 117//117
f 117//117 154//154 156//156
f 117//117 156//156 116//116
f 116//116 156//156 157//157
f 116//116 157//157 119//119
f 147//147 159//159 111//111
f 111//111 159//159 161//161
f 111//111 161//161 110//110
f 110//110 161//161 163//163
f 110//110 163//163 109//109
f 109//109 163//163 165//165
f 109//109 165//165 132//132
f 132//132 165//165 167//167
f 132//132 167//167 133//133
f 166//166 170//170 172//172
f 166//166 172//172 168//168
f 168//168 172//172 174//174
f 168//168 174//174 134//134
f 134//134 174//174 176//176
f 134//134 176//176 136//136
f 136//136 176//176 177//177
f 136//136 177//177 138//138
f 138//138 177//177 179//179
f 138//138 179//179 124//124
f 124//124 179//179 182//182
f 124//124 182//182 127//127
f 127//127 182//182 183//183
f 127//127 183//183 129//129
f 129//129 183//183 185//185
f 129//129 185//185 148//148
f 148//148 185//185 187//187
f 148//148 187//187 151//151
f 151//151 187//187 190//190
f 151//151 190//190 153//153
f 153//153 190//190 191//191
f 153//153 191//191 155//155
f 195//195 197//197 200//200
f 200//200 197//197 201//201
f 200//200 201//201 204//204
f 204//204 201//201 205//205
f 204//204 205//205 207//207
f 207//207 205//205 210//210
f 207//207 210//210 211//211
f 211//211 210//210 214//214
f 211//211 214//214 215//215
f 215//215 214//214 218//218
f 215//215 218//218 219//219
f 219//219 218//218 222//222
f 219//219 222//222 224//224
f 227//227 230//230 232//232
f 227//227 232//232 233//233
f 233//233 232//232 236//236
f 233//233 236//236 238//238
f 238//238 236//236 239//239
f 238//238 239//239 242//242
f 242//242 239//239 243//243
f 242//242 243//243 246//246
f 246//246 243//243 247//247
f 246//246 247//247 250//250
f 250//250 247//247 251//251
f 250//250 251//251 254//254
f 254//254 251//251 256//256
f 254//254 256//256 257//257
f 257//257 256//256 260//260
f 257//257 260//260 262//262
f 262//262 260//260 264//264
f 262//262 264//264 266//266
f 266//266 264//264 268//268
f 266//266 268//268 270//270
f 270//270 268//268 271//271
f 271//271 268//268 275//275
f 271//271 275//275 277//277
f 282//282 284//284 285//285
f 285//285 284//284 288//288
f 285//285 288//288 290//290
f 290//290 288//288 291//291
f 290//290 291//291 293//293
f 293//293 291//291 296//296
f 293//293 296//296 297//297
f 297//297 296//296 299//299
f 297//297 299//299 302//302
f 302//302 299//299 304//304
f 302//302 304//304 306//306
f 306//306 304//304 278//278
f 306//306 278//278 276//276
f 307//307 253//253 308//308
f 308//308 253//253 258//258
f 308//308 258//258 309//309
f 310//310 237//237 311//311
f 311//311 237//237 241//241
f 311//311 241//241 312//312
f 312//312 241//241 245//245
f 312//312 245//245 307//307
f 307//307 245//245 249//249
f 307//307 249//249 253//253
f 313//313 315//315 316//316
f 316//316 315//315 317//317
f 316//316 317//317 319//319
f 319//319 317//317 228//228
f 319//319 228//228 310//310
f 310//310 228//228 234//234
f 310//310 234//234 237//237
f 320//320 321//321 323//323
f 323//323 321//321 324//324
f 323//323 324//324 326//326
f 326//326 324//324 328//328
f 326//326 328//328 329//329
f 258//258 261//261 309//309
f 309//309 261//261 265//265
f 309//309 265//265 330//330
f 330//330 265//265 269//269
f 330//330 269//269 331//331
f 331//331 269//269 272//272
f 331//331 272//272 320//320
f 320//320 272//272 333//333
f 320//320 333//333 321//321
f 328//328 335//335 329//329
f 329//329 335//335 337//337
f 329//329 337//337 338//338
f 338//338 337//337 339//339
f 338//338 339//339 313//313
f 313//313 339//339 342//342
f 313//313 342//342 315//315
f 343//343 344//344 345//345
f 346//346 347//347 348//348
f 349//349 350//350 351//351
f 351//351 350//350 346//346
f 346//346 348//348 351//351
f 351//351 348//348 352//352
f 351//351 352//352 353//353
f 353//353 352//352 354//354
f 353//353 354//354 355//355
f 354//354 356//356 355//355
f 355//355 356//356 357//357
f 355//355 357//357 358//358
f 358//358 357//357 359//359
f 358//358 359//359 360//360
f 361//361 362//362 363//363
f 363//363 362//362 364//364
f 363//363 364//364 365//365
f 365//365 364//364 366//366
f 365//365 366//366 367//367
f 367//367 366//366 360//360
f 367//367 360//360 368//368
f 368//368 360//360 359//359
f 369//369 370//370 371//371
f 371//371 370//370 372//372
f 371//371 372//372 373//373
f 370//370 374//374 372//372
f 372//372 374//374 375//375
f 372//372 375//375 376//376
f 377//377 349//349 378//378
f 378//378 349//349 351//351
f 378//378 351//351 380//380
f 380//380 351//351 353//353
f 380//380 353//353 381//381
f 381//381 353//353 355//355
f 381//381 355//355 383//383
f 383//383 355//355 358//358
f 383//383 358//358 386//386
f 386//386 358//358 360//360
f 386//386 360//360 388//388
f 388//388 360//360 366//366
f 388//388 366//366 390//390
f 390//390 366//366 364//364
f 390//390 364//364 392//392
f 392//392 364//364 362//362
f 392//392 362//362 393//393
f 376//376 395//395 372//372
f 372//372 395//395 396//396
f 372//372 396//396 373//373
f 373//373 396//396 397//397
f 373//373 397//397 398//398
f 399//399 377//377 400//400
f 400//400 377//377 378//378
f 400//400 378//378 401//401
f 401//401 378//378 379//379
f 401//401 379//379 402//402
f 402//402 379//379 382//382
f 402//402 382//382 403//403
f 403//403 382//382 384//384
f 403//403 384//384 404//404
f 404//404 384//384 385//385
f 404//404 385//385 405//405
f 405//405 385//385 387//387
f 405//405 387//387 406//406
f 406//406 387//387 389//389
f 406//406 389//389 407//407
f 407//407 389//389 391//391
f 407//407 391//391 408//408
f 408//408 391//391 394//394
f 408//408 394//394 345//345
f 361//361 369//369 362//362
f 362//362 369//369 371//371
f 362//362 371//371 393//393
f 393//393 371//371 373//373
f 394//394 373//373 345//345
f 345//345 373//373 398//398
f 345//345 398//398 343//343
f 409//409 405//405 410//410
f 410//410 405//405 406//406
f 410//410 406//406 411//411
f 411//411 406//406 407//407
f 411//411 407//407 412//412
f 412//412 407//407 408//408
f 412//412 408//408 413//413
f 413//413 408//408 345//345
f 413//413 345//345 414//414
f 414//414 345//345 344//344
f 414//414 344//344 415//415
f 415//415 344//344 416//416
f 415//415 416//416 417//417
f 417//417 416//416 418//418
f 417//417 418//418 419//419
f 419//419 418//418 420//420
f 419//419 420//420 421//421
f 421//421 420//420 422//422
f 421//421 422//422 423//423
f 422//422 424//424 423//423
f 423//423 424//424 425//425
f 423//423 425//425 426//426
f 426//426 425//425 427//427
f 426//426 427//427 428//428
f 428//428 427//427 429//429
f 428//428 429//429 430//430
f 430//430 429//429 431//431
f 430//430 431//431 432//432
f 432//432 431//431 433//433
f 432//432 433//433 434//434
f 434//434 433//433 399//399
f 434//434 399//399 435//435
f 435//435 399//399 400//400
f 435//435 400//400 436//436
f 436//436 400//400 401//401
f 436//436 401//401 437//437
f 437//437 401//401 402//402
f 437//437 402//402 438//438
f 438//438 402//402 403//403
f 438//438 403//403 409//409
f 409//409 403//403 404//404
f 409//409 404//404 405//405
f 347//347 439//439 440//440
f 440//440 439//439 442//442
f 439//439 444//444 442//442
f 442//442 444//444 445//445
f 442//442 445//445 446//446
f 445//445 448//448 446//446
f 446//446 448//448 449//449
f 446//446 449//449 450//450
f 449//449 452//452 450//450
f 450//450 452//452 453//453
f 450//450 453//453 455//455
f 453//453 456//456 455//455
f 455//455 456//456 457//457
f 455//455 457//457 459//459
f 457//457 460//460 459//459
f 459//459 460//460 461//461
f 459//459 461//461 462//462
f 461//461 464//464 462//462
f 462//462 464//464 465//465
f 462//462 465//465 466//466
f 376//376 469//469 470//470
f 470//470 469//469 466//466
f 470//470 466//466 471//471
f 471//471 466//466 465//465
f 472//472 474//474 476//476
f 472//472 476//476 479//479
f 479//479 476//476 480//480
f 479//479 480//480 482//482
f 482//482 480//480 484//484
f 482//482 484//484 487//487
f 487//487 484//484 490//490
f 487//487 490//490 492//492
f 496//496 498//498 500//500
f 496//496 500//500 502//502
f 502//502 500//500 504//504
f 502//502 504//504 507//507
f 507//507 504//504 508//508
f 507//507 508//508 510//510
f 510//510 508//508 512//512
f 510//510 512//512 514//514
f 512//512 516//516 514//514
f 514//514 516//516 517//517
f 518//518 519//519 520//520
f 520//520 519//519 522//522
f 520//520 522//522 472//472
f 472//472 522//522 474//474
f 517//517 516//516 524//524
f 517//517 524//524 525//525
f 525//525 524//524 526//526
f 525//525 526//526 527//527
f 527//527 526//526 528//528
f 527//527 528//528 529//529
f 529//529 528//528 530//530
f 529//529 530//530 531//531
f 531//531 530//530 532//532
f 531//531 532//532 533//533
f 533//533 532//532 534//534
f 533//533 534//534 535//535
f 535//535 534//534 536//536
f 535//535 536//536 537//537
f 537//537 536//536 538//538
f 537//537 538//538 539//539
f 539//539 538//538 540//540
f 539//539 540//540 541//541
f 541//541 540//540 542//542
f 541//541 542//542 543//543
f 543//543 542//542 544//544
f 543//543 544//544 545//545
f 545//545 544//544 546//546
f 545//545 546//546 547//547
f 547//547 546//546 548//548
f 547//547 548//548 549//549
f 549//549 548//548 550//550
f 549//549 550//550 551//551
f 551//551 550//550 552//552
f 551//551 552//552 553//553
f 553//553 552//552 554//554
f 553//553 554//554 555//555
f 555//555 554//554 556//556
f 555//555 556//556 557//557
f 557//557 556//556 558//558
f 557//557 558//558 559//559
f 559//559 558//558 560//560
f 559//559 560//560 561//561
f 561//561 560//560 562//562
f 561//561 562//562 563//563
f 563//563 562//562 564//564
f 563//563 564//564 565//565
f 564//564 566//566 565//565
f 565//565 566//566 519//519
f 565//565 519//519 518//518
f 568//568 570//570 572//572
f 568//568 572//572 573//573
f 573//573 572//572 575//575
f 573//573 575//575 577//577
f 577//577 575//575 579//579
f 577//577 579//579 581//581
f 581//581 579//579 584//584
f 581//581 584//584 585//585
f 585//585 584//584 587//587
f 585//585 587//587 589//589
f 589//589 587//587 591//591
f 589//589 591//591 593//593
f 593//593 591//591 595//595
f 593//593 595//595 598//598
f 598//598 595//595 599//599
f 598//598 599//599 601//601
f 601//601 599//599 603//603
f 601//601 603//603 605//605
f 605//605 603//603 607//607
f 605//605 607//607 609//609
f 609//609 607//607 612//612
f 609//609 612//612 614//614
f 576//576 571//571 616//616
f 616//616 571//571 569//569
f 616//616 569//569 620//620
f 616//616 621//621 576//576
f 576//576 621//621 623//623
f 576//576 623//623 580//580
f 580//580 623//623 626//626
f 580//580 626//626 583//583
f 583//583 626//626 628//628
f 583//583 628//628 588//588
f 588//588 628//628 629//629
f 588//588 629//629 592//592
f 592//592 629//629 631//631
f 592//592 631//631 596//596
f 596//596 631//631 633//633
f 596//596 633//633 600//600
f 600//600 633//633 635//635
f 600//600 635//635 604//604
f 604//604 635//635 637//637
f 604//604 637//637 608//608
f 608//608 637//637 639//639
f 608//608 639//639 611//611
f 611//611 639//639 642//642
f 611//611 642//642 644//644
f 644//644 642//642 646//646
f 644//644 646//646 650//650
f 651//651 586//586 652//652
f 652//652 586//586 590//590
f 652//652 590//590 653//653
f 653//653 590//590 594//594
f 653//653 594//594 654//654
f 594//594 597//597 654//654
f 654//654 597//597 602//602
f 654//654 602//602 655//655
f 655//655 602//602 606//606
f 655//655 606//606 656//656
f 656//656 606//606 610//610
f 656//656 610//610 657//657
f 658//658 574//574 659//659
f 659//659 574//574 578//578
f 659//659 578//578 651//651
f 651//651 578//578 582//582
f 651//651 582//582 586//586
f 660//660 661//661 663//663
f 663//663 661//661 664//664
f 663//663 664//664 666//666
f 666//666 664//664 667//667
f 666//666 667//667 658//658
f 658//658 667//667 567//567
f 658//658 567//567 574//574
f 669//669 670//670 672//672
f 672//672 670//670 674//674
f 672//672 674//674 675//675
f 675//675 674//674 677//677
f 675//675 677//677 660//660
f 660//660 677//677 678//678
f 660//660 678//678 661//661
f 610//610 613//613 657//657
f 657//657 613//613 681//681
f 657//657 681//681 682//682
f 682//682 681//681 683//683
f 682//682 683//683 669//669
f 669//669 683//683 686//686
f 669//669 686//686 670//670
f 689//689 692//692 694//694
f 694//694 692//692 695//695
f 694//694 695//695 698//698
f 698//698 695//695 700//700
f 698//698 700//700 701//701
f 701//701 700//700 704//704
f 701//701 704//704 706//706
f 706//706 704//704 707//707
f 706//706 707//707 709//709
f 709//709 707//707 711//711
f 709//709 711//711 713//713
f 713//713 711//711 715//715
f 713//713 715//715 718//718
f 718//718 715//715 720//720
f 718//718 720//720 721//721
f 721//721 720//720 724//724
f 721//721 724//724 726//726
f 726//726 724//724 727//727
f 726//726 727//727 730//730
f 730//730 727//727 732//732
f 730//730 732//732 734//734
f 734//734 732//732 735//735
f 734//734 735//735 738//738
f 738//738 735//735 740//740
f 738//738 740//740 742//742
f 742//742 740//740 743//743
f 742//742 743//743 745//745
f 750//750 716//716 712//712
f 750//750 712//712 751//751
f 751//751 712//712 708//708
f 751//751 708//708 753//753
f 753//753 708//708 703//703
f 753//753 703//703 755//755
f 755//755 703//703 699//699
f 755//755 699//699 758//758
f 758//758 699//699 696//696
f 758//758 696//696 760//760
f 760//760 696//696 691//691
f 760//760 691//691 762//762
f 762//762 691//691 690//690
f 762//762 690//690 763//763
f 690//690 766//766 763//763
f 763//763 766//766 768//768
f 763//763 768//768 769//769
f 769//769 768//768 771//771
f 769//769 771//771 774//774
f 774//774 771//771 776//776
f 774//774 776//776 778//778
f 778//778 776//776 779//779
f 778//778 779//779 781//781
f 783//783 761//761 784//784
f 784//784 761//761 764//764
f 784//784 764//764 785//785
f 785//785 764//764 770//770
f 785//785 770//770 786//786
f 787//787 754//754 788//788
f 788//788 754//754 756//756
f 788//788 756//756 789//789
f 789//789 756//756 757//757
f 789//789 757//757 783//783
f 783//783 757//757 759//759
f 783//783 759//759 761//761
f 790//790 791//791 793//793
f 793//793 791//791 749//749
f 793//793 749//749 787//787
f 787//787 749//749 752//752
f 787//787 752//752 754//754
f 794//794 795//795 797//797
f 797//797 795//795 798//798
f 797//797 798//798 800//800
f 800//800 798//798 802//802
f 800//800 802//802 790//790
f 790//790 802//802 803//803
f 790//790 803//803 791//791
f 770//770 773//773 786//786
f 786//786 773//773 777//777
f 786//786 777//777 805//805
f 805//805 777//777 782//782
f 805//805 782//782 806//806
f 782//782 807//807 806//806
f 806//806 807//807 809//809
f 806//806 809//809 811//811
f 811//811 809//809 813//813
f 811//811 813//813 814//814
f 814//814 813//813 815//815
f 814//814 815//815 794//794
f 794//794 815//815 818//818
f 794//794 818//818 795//795
f 820//820 822//822 274//274
f 274//274 822//822 825//825
f 274//274 825//825 305//305
f 305//305 825//825 829//829
f 305//305 829//829 301//301
f 301//301 829//829 831//831
f 301//301 831//831 298//298
f 298//298 831//831 833//833
f 298//298 833//833 294//294
f 294//294 833//833 834//834
f 294//294 834//834 289//289
f 289//289 834//834 836//836
f 289//289 836//836 286//286
f 838//838 741//741 746//746
f 838//838 746//746 836//836
f 836//836 746//746 279//279
f 836//836 279//279 286//286
f 741//741 838//838 840//840
f 741//741 840//840 737//737
f 737//737 840//840 842//842
f 737//737 842//842 733//733
f 844//844 847//847 849//849
f 849//849 848//848 688//688
f 849//849 688//688 693//693
f 854//854 857//857 860//860
f 860//860 857//857 862//862
f 860//860 862//862 863//863
f 863//863 862//862 865//865
f 863//863 865//865 868//868
f 868//868 865//865 870//870
f 868//868 870//870 872//872
f 872//872 870//870 873//873
f 872//872 873//873 844//844
f 844//844 873//873 847//847
f 877//877 880//880 881//881
f 881//881 880//880 193//193
f 881//881 193//193 199//199
f 220//220 884//884 886//886
f 220//220 886//886 216//216
f 216//216 886//886 887//887
f 216//216 887//887 212//212
f 212//212 887//887 890//890
f 212//212 890//890 208//208
f 208//208 890//890 891//891
f 208//208 891//891 203//203
f 203//203 891//891 881//881
f 203//203 881//881 199//199
f 884//884 220//220 226//226
f 884//884 226//226 893//893
f 893//893 226//226 648//648
f 893//893 648//648 645//645
f 615//615 896//896 897//897
f 615//615 897//897 622//622
f 622//622 897//897 899//899
f 622//622 899//899 624//624
f 899//899 902//902 624//624
f 624//624 902//902 904//904
f 624//624 904//904 625//625
f 904//904 906//906 625//625
f 625//625 906//906 908//908
f 625//625 908//908 627//627
f 908//908 910//910 627//627
f 627//627 910//910 912//912
f 627//627 912//912 630//630
f 912//912 913//913 630//630
f 630//630 913//913 916//916
f 630//630 916//916 632//632
f 916//916 917//917 632//632
f 632//632 917//917 919//919
f 632//632 919//919 634//634
f 919//919 921//921 634//634
f 634//634 921//921 924//924
f 634//634 924//924 636//636
f 924//924 926//926 636//636
f 636//636 926//926 928//928
f 636//636 928//928 638//638
f 928//928 929//929 638//638
f 638//638 929//929 932//932
f 638//638 932//932 640//640
f 932//932 933//933 640//640
f 640//640 933//933 935//935
f 640//640 935//935 641//641
f 935//935 938//938 641//641
f 641//641 938//938 893//893
f 641//641 893//893 645//645
f 940//940 942//942 618//618
f 618//618 942//942 896//896
f 618//618 896//896 615//615
f 942//942 940//940 944//944
f 944//944 940//940 945//945
f 944//944 945//945 948//948
f 948//948 945//945 950//950
f 948//948 950//950 951//951
f 951//951 950//950 954//954
f 951//951 954//954 955//955
f 955//955 954//954 958//958
f 955//955 958//958 962//962
f 962//962 958//958 963//963
f 488//488 967//967 491//491
f 491//491 967//967 971//971
f 475//475 523//523 974//974
f 489//489 485//485 969//969
f 969//969 485//485 481//481
f 969//969 481//481 974//974
f 974//974 481//481 477//477
f 974//974 477//477 475//475
f 486//486 493//493 972//972
f 521//521 473//473 976//976
f 976//976 473//473 478//478
f 976//976 478//478 972//972
f 972//972 478//478 483//483
f 972//972 483//483 486//486
f 173//173 171//171 878//878
f 878//878 171//171 169//169
f 878//878 169//169 196//196
f 189//189 188//188 978//978
f 946//946 939//939 188//188
f 649//649 223//223 980//980
f 982//982 984//984 986//986
f 181//181 964//964 184//184
f 184//184 964//964 957//957
f 184//184 957//957 186//186
f 186//186 957//957 953//953
f 186//186 953//953 188//188
f 188//188 953//953 949//949
f 188//188 949//949 946//946
f 181//181 180//180 964//964
f 964//964 180//180 178//178
f 964//964 178//178 878//878
f 878//878 178//178 175//175
f 878//878 175//175 173//173
f 617//617 988//988 939//939
f 939//939 988//988 990//990
f 939//939 990//990 188//188
f 188//188 990//990 992//992
f 188//188 992//992 978//978
f 189//189 978//978 192//192
f 192//192 978//978 994//994
f 192//192 994//994 982//982
f 982//982 994//994 995//995
f 982//982 995//995 984//984
f 980//980 997//997 649//649
f 649//649 997//997 982//982
f 649//649 982//982 1000//1000
f 1000//1000 982//982 986//986
f 514//514 517//517 839//839
f 516//516 512//512 894//894
f 894//894 512//512 1003//1003
f 514//514 839//839 1006//1006
f 1006//1006 839//839 837//837
f 1006//1006 837//837 1003//1003
f 1003//1003 837//837 883//883
f 1003//1003 883//883 894//894
f 826//826 882//882 892//892
f 826//826 892//892 828//828
f 828//828 892//892 889//889
f 828//828 889//889 830//830
f 830//830 889//889 888//888
f 830//830 888//888 832//832
f 832//832 888//888 885//885
f 832//832 885//885 835//835
f 835//835 885//885 883//883
f 835//835 883//883 837//837
f 882//882 826//826 876//876
f 876//876 827//827 823//823
f 106//106 824//824 104//104
f 104//104 824//824 821//821
f 104//104 821//821 101//101
f 101//101 821//821 856//856
f 101//101 856//856 98//98
f 824//824 55//55 875//875
f 875//875 55//55 56//56
f 875//875 56//56 879//879
f 879//879 56//56 1008//1008
f 1011//1011 1013//1013 1015//1015
f 1017//1017 1014//1014 824//824
f 1017//1017 824//824 1019//1019
f 1019//1019 824//824 106//106
f 49//49 447//447 47//47
f 47//47 447//447 451//451
f 47//47 451//451 961//961
f 961//961 451//451 454//454
f 961//961 454//454 852//852
f 852//852 454//454 458//458
f 1021//1021 966//966 1023//1023
f 1023//1023 966//966 879//879
f 1023//1023 879//879 1024//1024
f 1024//1024 879//879 1008//1008
f 1021//1021 1027//1027 966//966
f 966//966 1027//1027 1029//1029
f 966//966 1029//1029 961//961
f 961//961 1029//1029 45//45
f 961//961 45//45 47//47
f 1014//1014 1030//1030 824//824
f 824//824 1030//1030 1032//1032
f 824//824 1032//1032 55//55
f 55//55 1032//1032 1035//1035
f 55//55 1035//1035 53//53
f 53//53 1035//1035 1037//1037
f 53//53 1037//1037 51//51
f 51//51 1037//1037 441//441
f 51//51 441//441 49//49
f 49//49 441//441 443//443
f 49//49 443//443 447//447
f 1009//1009 1017//1017 1038//1038
f 1038//1038 1017//1017 1040//1040
f 1038//1038 1040//1040 468//468
f 468//468 1040//1040 1043//1043
f 468//468 1043//1043 467//467
f 467//467 1043//1043 1045//1045
f 467//467 1045//1045 463//463
f 463//463 1045//1045 1047//1047
f 463//463 1047//1047 458//458
f 458//458 1047//1047 91//91
f 458//458 91//91 852//852
f 852//852 91//91 94//94
f 852//852 94//94 856//856
f 856//856 94//94 95//95
f 856//856 95//95 98//98
f 522//522 941//941 973//973
f 973//973 941//941 943//943
f 973//973 943//943 968//968
f 968//968 943//943 947//947
f 968//968 947//947 970//970
f 845//845 520//520 871//871
f 871//871 520//520 975//975
f 871//871 975//975 867//867
f 975//975 970//970 867//867
f 867//867 970//970 947//947
f 867//867 947//947 864//864
f 864//864 947//947 952//952
f 864//864 952//952 859//859
f 859//859 952//952 956//956
f 859//859 956//956 853//853
f 853//853 956//956 959//959
f 941//941 522//522 895//895
f 895//895 522//522 519//519
f 524//524 516//516 937//937
f 937//937 516//516 894//894
f 524//524 937//937 526//526
f 526//526 937//937 936//936
f 526//526 936//936 528//528
f 839//839 517//517 525//525
f 839//839 525//525 841//841
f 841//841 525//525 527//527
f 841//841 527//527 843//843
f 850//850 518//518 845//845
f 845//845 518//518 520//520
f 1004//1004 1001//1001 495//495
f 495//495 1001//1001 499//499
f 1002//1002 513//513 509//509
f 509//509 505//505 1002//1002
f 1002//1002 505//505 501//501
f 1002//1002 501//501 497//497
f 511//511 515//515 1005//1005
f 494//494 503//503 1005//1005
f 1005//1005 503//503 506//506
f 1005//1005 506//506 511//511
f 273//273 267//267 819//819
f 819//819 267//267 263//263
f 819//819 263//263 259//259
f 1048//1048 1050//1050 747//747
f 747//747 1050//1050 1053//1053
f 747//747 1053//1053 281//281
f 780//780 775//775 229//229
f 229//229 775//775 772//772
f 229//229 772//772 231//231
f 231//231 772//772 874//874
f 874//874 772//772 767//767
f 874//874 767//767 846//846
f 846//846 767//767 765//765
f 846//846 765//765 687//687
f 259//259 255//255 819//819
f 819//819 255//255 252//252
f 819//819 252//252 858//858
f 858//858 252//252 248//248
f 874//874 869//869 231//231
f 231//231 869//869 866//866
f 231//231 866//866 235//235
f 235//235 866//866 861//861
f 235//235 861//861 240//240
f 240//240 861//861 858//858
f 240//240 858//858 244//244
f 244//244 858//858 248//248
f 1048//1048 1054//1054 1050//1050
f 1050//1050 1054//1054 1056//1056
f 1050//1050 1056//1056 1059//1059
f 1059//1059 1056//1056 780//780
f 1059//1059 780//780 1061//1061
f 1061//1061 780//780 229//229
f 527//527 529//529 843//843
f 843//843 529//529 1062//1062
f 529//529 531//531 1062//1062
f 1062//1062 531//531 533//533
f 1062//1062 533//533 1064//1064
f 533//533 535//535 1064//1064
f 1064//1064 535//535 537//537
f 1064//1064 537//537 1067//1067
f 537//537 539//539 1067//1067
f 1067//1067 539//539 541//541
f 1067//1067 541//541 1069//1069
f 541//541 543//543 1069//1069
f 1069//1069 543//543 545//545
f 1069//1069 545//545 1071//1071
f 545//545 547//547 1071//1071
f 1071//1071 547//547 549//549
f 1071//1071 549//549 1072//1072
f 549//549 551//551 1072//1072
f 1072//1072 551//551 553//553
f 1072//1072 553//553 1075//1075
f 553//553 555//555 1075//1075
f 1075//1075 555//555 557//557
f 1075//1075 557//557 1076//1076
f 557//557 559//559 1076//1076
f 1076//1076 559//559 561//561
f 1076//1076 561//561 1078//1078
f 518//518 850//850 565//565
f 565//565 850//850 1078//1078
f 565//565 1078//1078 563//563
f 563//563 1078//1078 561//561
f 895//895 519//519 898//898
f 898//898 519//519 566//566
f 898//898 566//566 900//900
f 900//900 566//566 564//564
f 900//900 564//564 901//901
f 901//901 564//564 562//562
f 901//901 562//562 903//903
f 903//903 562//562 560//560
f 903//903 560//560 905//905
f 905//905 560//560 558//558
f 905//905 558//558 907//907
f 907//907 558//558 556//556
f 907//907 556//556 909//909
f 909//909 556//556 554//554
f 909//909 554//554 911//911
f 911//911 554//554 552//552
f 911//911 552//552 914//914
f 914//914 552//552 550//550
f 914//914 550//550 915//915
f 915//915 550//550 548//548
f 915//915 548//548 918//918
f 918//918 548//548 546//546
f 918//918 546//546 920//920
f 920//920 546//546 544//544
f 920//920 544//544 922//922
f 922//922 544//544 542//542
f 922//922 542//542 923//923
f 923//923 542//542 540//540
f 923//923 540//540 925//925
f 925//925 540//540 538//538
f 925//925 538//538 927//927
f 927//927 538//538 536//536
f 927//927 536//536 930//930
f 930//930 536//536 534//534
f 930//930 534//534 931//931
f 931//931 534//534 532//532
f 931//931 532//532 934//934
f 934//934 532//532 530//530
f 934//934 530//530 936//936
f 936//936 530//530 528//528
f 733//733 842//842 1063//1063
f 733//733 1063//1063 729//729
f 729//729 1063//1063 1065//1065
f 729//729 1065//1065 725//725
f 725//725 1065//1065 1066//1066
f 725//725 1066//1066 722//722
f 722//722 1066//1066 1068//1068
f 722//722 1068//1068 717//717
f 717//717 1068//1068 1070//1070
f 717//717 1070//1070 714//714
f 714//714 1070//1070 1073//1073
f 714//714 1073//1073 710//710
f 710//710 1073//1073 1074//1074
f 710//710 1074//1074 705//705
f 705//705 1074//1074 1077//1077
f 705//705 1077//1077 702//702
f 702//702 1077//1077 1079//1079
f 702//702 1079//1079 697//697
f 697//697 1079//1079 849//849
f 697//697 849//849 693//693
f 781//781 779//779 1057//1057
f 781//781 1057//1057 808//808
f 808//808 1057//1057 1055//1055
f 808//808 1055//1055 810//810
f 810//810 1055//1055 1049//1049
f 810//810 1049//1049 812//812
f 812//812 1049//1049 748//748
f 812//812 748//748 816//816
f 748//748 744//744 816//816
f 816//816 744//744 739//739
f 816//816 739//739 817//817
f 817//817 739//739 736//736
f 817//817 736//736 796//796
f 796//796 736//736 731//731
f 796//796 731//731 799//799
f 799//799 731//731 728//728
f 799//799 728//728 801//801
f 801//801 728//728 723//723
f 801//801 723//723 804//804
f 804//804 723//723 719//719
f 804//804 719//719 792//792
f 792//792 719//719 716//716
f 792//792 716//716 750//750
f 614//614 612//612 643//643
f 614//614 643//643 680//680
f 680//680 643//643 647//647
f 680//680 647//647 684//684
f 647//647 999//999 684//684
f 684//684 999//999 985//985
f 684//684 985//985 685//685
f 685//685 985//985 983//983
f 685//685 983//983 671//671
f 671//671 983//983 996//996
f 671//671 996//996 673//673
f 673//673 996//996 993//993
f 673//673 993//993 676//676
f 676//676 993//993 977//977
f 676//676 977//977 679//679
f 679//679 977//977 991//991
f 679//679 991//991 662//662
f 662//662 991//991 989//989
f 662//662 989//989 665//665
f 665//665 989//989 987//987
f 665//665 987//987 668//668
f 668//668 987//987 568//568
f 568//568 987//987 619//619
f 568//568 619//619 570//570
f 376//376 375//375 469//469
f 469//469 375//375 1039//1039
f 375//375 374//374 1039//1039
f 1039//1039 374//374 370//370
f 1039//1039 370//370 1010//1010
f 370//370 369//369 1010//1010
f 1010//1010 369//369 361//361
f 1010//1010 361//361 1012//1012
f 361//361 363//363 1012//1012
f 1012//1012 363//363 365//365
f 1012//1012 365//365 1031//1031
f 365//365 367//367 1031//1031
f 1031//1031 367//367 368//368
f 1031//1031 368//368 1033//1033
f 368//368 359//359 1033//1033
f 1033//1033 359//359 357//357
f 1033//1033 357//357 1034//1034
f 357//357 356//356 1034//1034
f 1034//1034 356//356 354//354
f 1034//1034 354//354 1036//1036
f 347//347 440//440 348//348
f 348//348 440//440 1036//1036
f 348//348 1036//1036 352//352
f 352//352 1036//1036 354//354
f 398//398 397//397 1080//1080
f 439//439 347//347 346//346
f 396//396 395//395 1081//1081
f 1081//1081 395//395 376//376
f 376//376 470//470 1081//1081
f 1081//1081 470//470 471//471
f 1081//1081 471//471 1082//1082
f 1082//1082 471//471 465//465
f 1082//1082 465//465 1083//1083
f 465//465 464//464 1083//1083
f 1083//1083 464//464 461//461
f 1083//1083 461//461 1084//1084
f 1084//1084 461//461 460//460
f 1084//1084 460//460 1085//1085
f 460//460 457//457 1085//1085
f 1085//1085 457//457 456//456
f 1085//1085 456//456 1086//1086
f 1086//1086 456//456 453//453
f 1086//1086 453//453 1087//1087
f 1087//1087 453//453 452//452
f 1087//1087 452//452 1088//1088
f 444//444 1089//1089 1091//1091
f 452//452 449//449 1088//1088
f 1088//1088 449//449 448//448
f 1088//1088 448//448 1091//1091
f 1091//1091 448//448 445//445
f 1091//1091 445//445 444//444
f 1089//1089 1092//1092 1090//1090
f 1090//1090 1092//1092 1093//1093
f 1090//1090 1093//1093 1088//1088
f 1088//1088 1093//1093 1094//1094
f 1088//1088 1094//1094 1087//1087
f 1087//1087 1094//1094 1095//1095
f 1087//1087 1095//1095 1086//1086
f 1086//1086 1095//1095 1096//1096
f 1086//1086 1096//1096 1085//1085
f 1085//1085 1096//1096 1097//1097
f 1085//1085 1097//1097 1084//1084
f 1084//1084 1097//1097 1098//1098
f 1084//1084 1098//1098 1083//1083
f 1083//1083 1098//1098 1099//1099
f 1083//1083 1099//1099 1082//1082
f 1082//1082 1099//1099 1100//1100
f 1082//1082 1100//1100 1081//1081
f 1081//1081 1100//1100 1080//1080
f 1081//1081 1080//1080 396//396
f 396//396 1080//1080 397//397
f 444//444 439//439 1089//1089
f 1089//1089 439//439 346//346
f 1089//1089 346//346 1092//1092
f 1092//1092 346//346 350//350
f 1092//1092 350//350 349//349
f 349//349 377//377 1092//1092
f 1092//1092 377//377 1101//1101
f 1092//1092 1101//1101 1093//1093
f 1093//1093 1101//1101 1102//1102
f 1093//1093 1102//1102 1094//1094
f 1094//1094 1102//1102 1103//1103
f 1094//1094 1103//1103 1095//1095
f 1095//1095 1103//1103 1104//1104
f 1095//1095 1104//1104 1096//1096
f 1096//1096 1104//1104 1105//1105
f 1096//1096 1105//1105 1097//1097
f 1097//1097 1105//1105 1106//1106
f 1097//1097 1106//1106 1098//1098
f 1098//1098 1106//1106 1107//1107
f 1098//1098 1107//1107 1099//1099
f 1099//1099 1107//1107 1108//1108
f 1099//1099 1108//1108 1100//1100
f 1100//1100 1108//1108 1109//1109
f 1100//1100 1109//1109 1080//1080
f 1080//1080 1109//1109 1110//1110
f 1080//1080 1110//1110 398//398
f 398//398 1110//1110 343//343
f 377//377 399//399 1101//1101
f 1101//1101 399//399 433//433
f 1101//1101 433//433 1102//1102
f 1102//1102 433//433 431//431
f 1102//1102 431//431 1103//1103
f 1103//1103 431//431 429//429
f 1103//1103 429//429 1104//1104
f 1104//1104 429//429 427//427
f 1104//1104 427//427 1105//1105
f 1105//1105 427//427 425//425
f 1105//1105 425//425 1106//1106
f 1106//1106 425//425 424//424
f 1106//1106 424//424 1107//1107
f 1107//1107 424//424 422//422
f 1107//1107 422//422 1108//1108
f 1108//1108 422//422 420//420
f 1108//1108 420//420 1109//1109
f 1109//1109 420//420 418//418
f 1109//1109 418//418 1110//1110
f 1110//1110 418//418 416//416
f 1110//1110 416//416 343//343
f 343//343 416//416 344//344
f 271//271 277//277 303//303
f 271//271 303//303 332//332
f 332//332 303//303 300//300
f 332//332 300//300 322//322
f 322//322 300//300 295//295
f 322//322 295//295 325//325
f 325//325 295//295 292//292
f 325//325 292//292 327//327
f 327//327 292//292 287//287
f 327//327 287//287 334//334
f 334//334 287//287 283//283
f 334//334 283//283 336//336
f 336//336 283//283 280//280
f 336//336 280//280 340//340
f 280//280 1052//1052 340//340
f 340//340 1052//1052 1051//1051
f 340//340 1051//1051 341//341
f 341//341 1051//1051 1058//1058
f 341//341 1058//1058 314//314
f 314//314 1058//1058 1060//1060
f 314//314 1060//1060 318//318
f 318//318 1060//1060 230//230
f 318//318 230//230 227//227
f 155//155 191//191 981//981
f 155//155 981//981 158//158
f 158//158 981//981 998//998
f 158//158 998//998 118//118
f 118//118 998//998 979//979
f 118//118 979//979 120//120
f 120//120 979//979 225//225
f 120//120 225//225 141//141
f 170//170 166//166 194//194
f 194//194 166//166 164//164
f 194//194 164//164 198//198
f 198//198 164//164 162//162
f 198//198 162//162 202//202
f 202//202 162//162 160//160
f 202//202 160//160 206//206
f 206//206 160//160 146//146
f 206//206 146//146 209//209
f 209//209 146//146 144//144
f 209//209 144//144 213//213
f 213//213 144//144 143//143
f 213//213 143//143 217//217
f 217//217 143//143 141//141
f 217//217 141//141 221//221
f 221//221 141//141 225//225
f 108//108 78//78 1111//1111
f 107//107 1111//1111 1018//1018
f 1018//1018 1111//1111 1112//1112
f 1018//1018 1112//1112 1016//1016
f 1016//1016 1112//1112 1113//1113
f 1016//1016 1113//1113 1041//1041
f 1113//1113 1114//1114 1041//1041
f 1041//1041 1114//1114 1115//1115
f 1041//1041 1115//1115 1042//1042
f 1115//1115 1116//1116 1042//1042
f 1042//1042 1116//1116 1117//1117
f 1042//1042 1117//1117 1044//1044
f 1117//1117 1118//1118 1044//1044
f 1044//1044 1118//1118 1119//1119
f 1044//1044 1119//1119 1046//1046
f 1046//1046 1119//1119 88//88
f 1046//1046 88//88 92//92
f 89//89 88//88 1119//1119
f 89//89 1119//1119 1120//1120
f 1120//1120 1119//1119 1118//1118
f 1120//1120 1118//1118 1123//1123
f 1118//1118 1117//1117 1123//1123
f 1123//1123 1117//1117 1116//1116
f 1123//1123 1116//1116 65//65
f 1116//1116 1115//1115 65//65
f 65//65 1115//1115 1114//1114
f 65//65 1114//1114 66//66
f 1114//1114 1113//1113 66//66
f 66//66 1113//1113 1112//1112
f 66//66 1112//1112 60//60
f 1112//1112 1111//1111 60//60
f 60//60 1111//1111 78//78
f 60//60 78//78 61//61
f 1124//1124 1122//1122 64//64
f 1122//1122 1124//1124 1121//1121
f 1121//1121 1124//1124 1125//1125
f 1121//1121 1125//1125 90//90
f 90//90 1125//1125 1126//1126
f 90//90 1126//1126 87//87
f 76//76 75//75 84//84
f 64//64 63//63 1124//1124
f 1124//1124 63//63 77//77
f 1124//1124 77//77 1125//1125
f 1125//1125 77//77 76//76
f 1125//1125 76//76 1126//1126
f 1126//1126 76//76 84//84
f 1126//1126 84//84 87//87
f 57//57 23//23 1127//1127
f 57//57 1127//1127 1007//1007
f 1007//1007 1127//1127 1128//1128
f 1007//1007 1128//1128 1025//1025
f 1025//1025 1128//1128 1129//1129
f 1025//1025 1129//1129 1022//1022
f 1129//1129 1130//1130 1022//1022
f 1022//1022 1130//1130 1131//1131
f 1022//1022 1131//1131 1020//1020
f 1131//1131 1132//1132 1020//1020
f 1020//1020 1132//1132 1133//1133
f 1020//1020 1133//1133 1026//1026
f 1133//1133 1134//1134 1026//1026
f 1026//1026 1134//1134 1135//1135
f 1026//1026 1135//1135 1028//1028
f 1028//1028 1135//1135 41//41
f 1028//1028 41//41 44//44
f 43//43 41//41 1135//1135
f 43//43 1135//1135 1136//1136
f 1136//1136 1135//1135 1134//1134
f 1136//1136 1134//1134 1139//1139
f 1134//1134 1133//1133 1139//1139
f 1139//1139 1133//1133 1132//1132
f 1139//1139 1132//1132 3//3
f 1132//1132 1131//1131 3//3
f 3//3 1131//1131 1130//1130
f 3//3 1130//1130 5//5
f 1130//1130 1129//1129 5//5
f 5//5 1129//1129 1128//1128
f 5//5 1128//1128 6//6
f 1128//1128 1127//1127 6//6
f 6//6 1127//1127 23//23
f 6//6 23//23 10//10
f 35//35 39//39 1140//1140
f 1140//1140 39//39 42//42
f 1140//1140 42//42 1141//1141
f 1141//1141 42//42 1137//1137
f 1141//1141 1137//1137 1142//1142
f 1142//1142 1137//1137 1138//1138
f 1142//1142 1138//1138 2//2
f 20//20 21//21 31//31
f 2//2 1//1 1142//1142
f 1142//1142 1//1 19//19
f 1142//1142 19//19 1141//1141
f 1141//1141 19//19 20//20
f 1141//1141 20//20 1140//1140
f 1140//1140 20//20 31//31
f 1140//1140 31//31 35//35
f 1143//1143 1144//1144 1145//1145
f 1146//1146 1147//1147 1148//1148
f 1146//1146 1148//1148 1149//1149
f 1149//1149 1148//1148 1150//1150
f 1149//1149 1150//1150 1151//1151
f 1150//1150 1152//1152 1151//1151
f 1151//1151 1152//1152 1153//1153
f 1151//1151 1153//1153 1154//1154
f 1153//1153 1155//1155 1154//1154
f 1154//1154 1155//1155 1156//1156
f 1154//1154 1156//1156 1157//1157
f 1157//1157 1156//1156 1158//1158
f 1157//1157 1158//1158 1159//1159
f 1160//1160 1161//1161 1162//1162
f 1162//1162 1161//1161 1159//1159
f 1162//1162 1159//1159 1163//1163
f 1163//1163 1159//1159 1158//1158
f 1164//1164 1165//1165 1166//1166
f 1166//1166 1165//1165 1167//1167
f 1160//1160 1168//1168 1161//1161
f 1161//1161 1168//1168 1169//1169
f 1161//1161 1169//1169 1170//1170
f 1170//1170 1171//1171 1161//1161
f 1161//1161 1171//1171 1172//1172
f 1161//1161 1172//1172 1159//1159
f 1159//1159 1172//1172 1173//1173
f 1159//1159 1173//1173 1157//1157
f 1157//1157 1173//1173 1174//1174
f 1157//1157 1174//1174 1154//1154
f 1154//1154 1174//1174 1175//1175
f 1154//1154 1175//1175 1151//1151
f 1151//1151 1175//1175 1166//1166
f 1151//1151 1166//1166 1149//1149
f 1149//1149 1166//1166 1167//1167
f 1149//1149 1167//1167 1146//1146
f 1144//1144 1176//1176 1177//1177
f 1177//1177 1176//1176 1164//1164
f 1164//1164 1166//1166 1177//1177
f 1177//1177 1166//1166 1175//1175
f 1177//1177 1175//1175 1178//1178
f 1178//1178 1175//1175 1174//1174
f 1178//1178 1174//1174 1179//1179
f 1179//1179 1174//1174 1173//1173
f 1179//1179 1173//1173 1180//1180
f 1180//1180 1173//1173 1172//1172
f 1180//1180 1172//1172 1181//1181
f 1181//1181 1172//1172 1171//1171
f 1181//1181 1171//1171 1182//1182
f 1170//1170 1183//1183 1171//1171
f 1171//1171 1183//1183 1184//1184
f 1171//1171 1184//1184 1182//1182
f 1182//1182 1184//1184 1185//1185
f 1182//1182 1185//1185 1186//1186
f 1144//1144 1177//1177 1145//1145
f 1145//1145 1177//1177 1178//1178
f 1145//1145 1178//1178 1187//1187
f 1187//1187 1178//1178 1179//1179
f 1187//1187 1179//1179 1188//1188
f 1188//1188 1179//1179 1180//1180
f 1188//1188 1180//1180 1189//1189
f 1189//1189 1180//1180 1181//1181
f 1189//1189 1181//1181 1190//1190
f 1190//1190 1181//1181 1182//1182
f 1190//1190 1182//1182 1191//1191
f 1191//1191 1182//1182 1186//1186
f 1191//1191 1186//1186 1192//1192
f 1143//1143 1145//1145 1193//1193
f 1193//1193 1145//1145 1187//1187
f 1193//1193 1187//1187 1194//1194
f 1194//1194 1187//1187 1188//1188
f 1194//1194 1188//1188 1195//1195
f 1195//1195 1188//1188 1189//1189
f 1195//1195 1189//1189 1196//1196
f 1196//1196 1189//1189 1190//1190
f 1196//1196 1190//1190 1197//1197
f 1197//1197 1190//1190 1191//1191
f 1197//1197 1191//1191 1198//1198
f 1198//1198 1191//1191 1192//1192
f 1198//1198 1192//1192 1199//1199
f 1200//1200 1147//1147 1201//1201
f 1201//1201 1147//1147 1146//1146
f 1201//1201 1146//1146 1202//1202
f 1202//1202 1146//1146 1167//1167
f 1202//1202 1167//1167 1203//1203
f 1203//1203 1167//1167 1165//1165
f 1203//1203 1165//1165 1206//1206
f 1206//1206 1165//1165 1164//1164
f 1206//1206 1164//1164 1208//1208
f 1208//1208 1164//1164 1176//1176
f 1208//1208 1176//1176 1210//1210
f 1176//1176 1144//1144 1210//1210
f 1210//1210 1144//1144 1143//1143
f 1210//1210 1143//1143 1212//1212
f 1213//1213 1199//1199 1214//1214
f 1214//1214 1199//1199 1192//1192
f 1214//1214 1192//1192 1215//1215
f 1215//1215 1192//1192 1186//1186
f 1215//1215 1186//1186 1216//1216
f 1216//1216 1186//1186 1185//1185
f 1216//1216 1185//1185 1217//1217
f 1217//1217 1185//1185 1184//1184
f 1217//1217 1184//1184 1218//1218
f 1218//1218 1184//1184 1183//1183
f 1218//1218 1183//1183 1219//1219
f 1219//1219 1183//1183 1170//1170
f 1219//1219 1170//1170 1220//1220
f 1220//1220 1170//1170 1169//1169
f 1220//1220 1169//1169 1221//1221
f 1221//1221 1169//1169 1168//1168
f 1219//1219 1220//1220 1222//1222
f 1220//1220 1221//1221 1223//1223
f 1220//1220 1223//1223 1222//1222
f 1222//1222 1223//1223 1224//1224
f 1222//1222 1224//1224 1225//1225
f 1224//1224 1226//1226 1225//1225
f 1225//1225 1226//1226 1227//1227
f 1225//1225 1227//1227 1228//1228
f 1227//1227 1229//1229 1228//1228
f 1228//1228 1229//1229 1230//1230
f 1228//1228 1230//1230 1231//1231
f 1231//1231 1230//1230 1232//1232
f 1231//1231 1232//1232 1233//1233
f 1234//1234 1235//1235 1236//1236
f 1236//1236 1235//1235 1233//1233
f 1236//1236 1233//1233 1237//1237
f 1237//1237 1233//1233 1232//1232
f 1217//1217 1218//1218 1238//1238
f 1238//1238 1218//1218 1219//1219
f 1219//1219 1222//1222 1238//1238
f 1238//1238 1222//1222 1225//1225
f 1238//1238 1225//1225 1239//1239
f 1239//1239 1225//1225 1228//1228
f 1239//1239 1228//1228 1240//1240
f 1240//1240 1228//1228 1231//1231
f 1240//1240 1231//1231 1241//1241
f 1241//1241 1231//1231 1233//1233
f 1241//1241 1233//1233 1242//1242
f 1242//1242 1233//1233 1235//1235
f 1242//1242 1235//1235 1243//1243
f 1215//1215 1216//1216 1244//1244
f 1244//1244 1216//1216 1217//1217
f 1234//1234 1245//1245 1235//1235
f 1235//1235 1245//1245 1246//1246
f 1235//1235 1246//1246 1243//1243
f 1243//1243 1246//1246 1247//1247
f 1243//1243 1247//1247 1248//1248
f 1217//1217 1238//1238 1244//1244
f 1244//1244 1238//1238 1239//1239
f 1244//1244 1239//1239 1249//1249
f 1249//1249 1239//1239 1240//1240
f 1249//1249 1240//1240 1250//1250
f 1250//1250 1240//1240 1241//1241
f 1250//1250 1241//1241 1251//1251
f 1251//1251 1241//1241 1242//1242
f 1251//1251 1242//1242 1252//1252
f 1252//1252 1242//1242 1243//1243
f 1252//1252 1243//1243 1253//1253
f 1253//1253 1243//1243 1248//1248
f 1253//1253 1248//1248 1254//1254
f 1213//1213 1214//1214 1255//1255
f 1255//1255 1214//1214 1215//1215
f 1215//1215 1244//1244 1255//1255
f 1255//1255 1244//1244 1249//1249
f 1255//1255 1249//1249 1256//1256
f 1256//1256 1249//1249 1250//1250
f 1256//1256 1250//1250 1257//1257
f 1257//1257 1250//1250 1251//1251
f 1257//1257 1251//1251 1258//1258
f 1258//1258 1251//1251 1252//1252
f 1258//1258 1252//1252 1259//1259
f 1259//1259 1252//1252 1253//1253
f 1259//1259 1253//1253 1260//1260
f 1260//1260 1253//1253 1254//1254
f 1260//1260 1254//1254 1261//1261
f 1213//1213 1255//1255 1262//1262
f 1262//1262 1255//1255 1256//1256
f 1262//1262 1256//1256 1263//1263
f 1263//1263 1256//1256 1257//1257
f 1263//1263 1257//1257 1264//1264
f 1264//1264 1257//1257 1258//1258
f 1264//1264 1258//1258 1265//1265
f 1265//1265 1258//1258 1259//1259
f 1265//1265 1259//1259 1266//1266
f 1266//1266 1259//1259 1260//1260
f 1266//1266 1260//1260 1267//1267
f 1267//1267 1260//1260 1261//1261
f 1267//1267 1261//1261 1268//1268
f 1270//1270 1268//1268 1271//1271
f 1271//1271 1268//1268 1261//1261
f 1271//1271 1261//1261 1273//1273
f 1273//1273 1261//1261 1254//1254
f 1273//1273 1254//1254 1276//1276
f 1254//1254 1248//1248 1276//1276
f 1276//1276 1248//1248 1247//1247
f 1276//1276 1247//1247 1277//1277
f 1247//1247 1246//1246 1277//1277
f 1277//1277 1246//1246 1245//1245
f 1277//1277 1245//1245 1278//1278
f 1279//1279 1280//1280 1281//1281
f 1283//1283 1285//1285 1287//1287
f 1287//1287 1285//1285 1289//1289
f 1287//1287 1289//1289 1290//1290
f 1290//1290 1289//1289 1293//1293
f 1290//1290 1293//1293 1294//1294
f 1294//1294 1297//1297 1290//1290
f 1290//1290 1297//1297 1298//1298
f 1290//1290 1298//1298 1281//1281
f 1281//1281 1298//1298 1299//1299
f 1281//1281 1299//1299 1279//1279
f 1300//1300 1303//1303 1304//1304
f 1304//1304 1303//1303 1306//1306
f 1304//1304 1306//1306 1308//1308
f 1308//1308 1306//1306 1310//1310
f 1308//1308 1310//1310 1312//1312
f 1300//1300 1304//1304 1313//1313
f 1313//1313 1304//1304 1316//1316
f 1313//1313 1315//1315 1317//1317
f 1317//1317 1315//1315 1318//1318
f 1318//1318 1315//1315 1319//1319
f 1318//1318 1319//1319 1321//1321
f 1323//1323 1325//1325 1309//1309
f 1323//1323 1309//1309 1327//1327
f 1327//1327 1309//1309 1306//1306
f 1327//1327 1306//1306 1303//1303
f 1329//1329 1331//1331 1286//1286
f 1286//1286 1331//1331 1333//1333
f 1286//1286 1333//1333 1289//1289
f 1289//1289 1333//1333 1293//1293
f 1318//1318 1321//1321 1280//1280
f 1302//1302 1301//1301 1332//1332
f 1332//1332 1301//1301 1292//1292
f 1330//1330 1322//1322 1332//1332
f 1332//1332 1322//1322 1326//1326
f 1332//1332 1326//1326 1302//1302
f 1279//1279 1299//1299 1313//1313
f 1299//1299 1298//1298 1313//1313
f 1313//1313 1298//1298 1296//1296
f 1313//1313 1296//1296 1301//1301
f 1301//1301 1296//1296 1295//1295
f 1301//1301 1295//1295 1292//1292
f 1279//1279 1313//1313 1280//1280
f 1280//1280 1313//1313 1317//1317
f 1280//1280 1317//1317 1318//1318
f 1283//1283 1328//1328 1285//1285
f 1310//1310 1324//1324 1312//1312
f 1321//1321 1319//1319 1212//1212
f 1268//1268 1270//1270 1280//1280
f 1280//1280 1270//1270 1281//1281
f 1198//1198 1199//1199 1143//1143
f 1263//1263 1264//1264 1268//1268
f 1194//1194 1195//1195 1196//1196
f 1194//1194 1196//1196 1193//1193
f 1212//1212 1143//1143 1321//1321
f 1321//1321 1143//1143 1199//1199
f 1321//1321 1199//1199 1280//1280
f 1280//1280 1199//1199 1213//1213
f 1280//1280 1213//1213 1268//1268
f 1268//1268 1213//1213 1262//1262
f 1268//1268 1262//1262 1263//1263
f 1264//1264 1265//1265 1268//1268
f 1268//1268 1265//1265 1266//1266
f 1268//1268 1266//1266 1267//1267
f 1193//1193 1196//1196 1143//1143
f 1143//1143 1196//1196 1197//1197
f 1143//1143 1197//1197 1198//1198
f 1334//1334 1337//1337 1338//1338
f 1340//1340 1343//1343 1345//1345
f 1345//1345 1343//1343 1346//1346
f 1346//1346 1348//1348 1345//1345
f 1345//1345 1348//1348 1350//1350
f 1345//1345 1350//1350 1352//1352
f 1355//1355 1356//1356 1358//1358
f 1358//1358 1356//1356 1360//1360
f 1358//1358 1360//1360 1345//1345
f 1345//1345 1360//1360 1334//1334
f 1345//1345 1334//1334 1340//1340
f 1340//1340 1334//1334 1338//1338
f 1340//1340 1338//1338 1363//1363
f 1364//1364 1367//1367 1358//1358
f 1358//1358 1367//1367 1368//1368
f 1358//1358 1368//1368 1355//1355
f 1371//1371 1372//1372 1375//1375
f 1375//1375 1372//1372 1360//1360
f 1375//1375 1360//1360 1377//1377
f 1377//1377 1360//1360 1356//1356
f 1168//1168 1359//1359 1221//1221
f 1221//1221 1359//1359 1344//1344
f 1245//1245 1234//1234 1342//1342
f 1342//1342 1234//1234 1347//1347
f 1232//1232 1349//1349 1237//1237
f 1237//1237 1349//1349 1347//1347
f 1237//1237 1347//1347 1236//1236
f 1236//1236 1347//1347 1234//1234
f 1232//1232 1230//1230 1349//1349
f 1349//1349 1230//1230 1229//1229
f 1349//1349 1229//1229 1351//1351
f 1229//1229 1227//1227 1351//1351
f 1351//1351 1227//1227 1226//1226
f 1351//1351 1226//1226 1353//1353
f 1221//1221 1344//1344 1223//1223
f 1223//1223 1344//1344 1353//1353
f 1223//1223 1353//1353 1224//1224
f 1224//1224 1353//1353 1226//1226
f 1245//1245 1342//1342 1278//1278
f 1278//1278 1342//1342 1341//1341
f 1278//1278 1341//1341 1362//1362
f 1278//1278 1362//1362 1277//1277
f 1277//1277 1362//1362 1339//1339
f 1277//1277 1339//1339 1275//1275
f 1275//1275 1339//1339 1336//1336
f 1275//1275 1336//1336 1274//1274
f 1274//1274 1336//1336 1272//1272
f 1272//1272 1336//1336 1335//1335
f 1272//1272 1335//1335 1269//1269
f 1284//1284 1288//1288 1307//1307
f 1335//1335 1361//1361 1288//1288
f 1288//1288 1291//1291 1335//1335
f 1335//1335 1291//1291 1282//1282
f 1335//1335 1282//1282 1269//1269
f 1211//1211 1320//1320 1361//1361
f 1361//1361 1320//1320 1314//1314
f 1361//1361 1314//1314 1288//1288
f 1288//1288 1314//1314 1305//1305
f 1288//1288 1305//1305 1307//1307
f 965//965 960//960 851//851
f 1307//1307 1311//1311 1284//1284
f 1284//1284 1311//1311 965//965
f 1284//1284 965//965 855//855
f 855//855 965//965 851//851
f 1361//1361 1373//1373 1211//1211
f 1211//1211 1373//1373 1209//1209
f 1370//1370 1205//1205 1373//1373
f 1373//1373 1205//1205 1207//1207
f 1373//1373 1207//1207 1209//1209
f 1374//1374 1376//1376 1200//1200
f 1200//1200 1201//1201 1374//1374
f 1374//1374 1201//1201 1202//1202
f 1374//1374 1202//1202 1370//1370
f 1370//1370 1202//1202 1204//1204
f 1370//1370 1204//1204 1205//1205
f 1200//1200 1376//1376 1147//1147
f 1147//1147 1376//1376 1357//1357
f 1168//1168 1160//1160 1359//1359
f 1359//1359 1160//1160 1365//1365
f 1160//1160 1162//1162 1365//1365
f 1365//1365 1162//1162 1163//1163
f 1365//1365 1163//1163 1366//1366
f 1155//1155 1369//1369 1156//1156
f 1156//1156 1369//1369 1366//1366
f 1156//1156 1366//1366 1158//1158
f 1158//1158 1366//1366 1163//1163
f 1155//1155 1153//1153 1369//1369
f 1369//1369 1153//1153 1152//1152
f 1369//1369 1152//1152 1354//1354
f 1147//1147 1357//1357 1148//1148
f 1148//1148 1357//1357 1354//1354
f 1148//1148 1354//1354 1150//1150
f 1150//1150 1354//1354 1152//1152

