mtllib material.mtl
usemtl black.006
v 0.01148900 -0.00491300 0.01514800
v 0.01156800 -0.00533000 0.01495500
v 0.01156800 -0.00533000 0.01495500
v 0.01198500 -0.00512900 0.01495500
v 0.01198500 -0.00512900 0.01495500
v 0.01224600 -0.00474600 0.01495500
v 0.01224600 -0.00474600 0.01495500
v 0.01194600 -0.00480800 0.01508300
v 0.01228100 -0.00428300 0.01495500
v 0.01228100 -0.00428300 0.01495500
v 0.01186200 -0.00436300 0.01514800
v 0.01212100 -0.00391800 0.01495500
v 0.01212100 -0.00391800 0.01495500
v 0.01177800 -0.00391800 0.01508300
v 0.01181900 -0.00365800 0.01495500
v 0.01181900 -0.00365800 0.01495500
v 0.01143400 -0.00355500 0.01495500
v 0.01143400 -0.00355500 0.01495500
v 0.01140100 -0.00445000 0.01521500
v 0.01131300 -0.00398700 0.01514800
v 0.01123400 -0.00357000 0.01495500
v 0.01123400 -0.00357000 0.01495500
v 0.01238400 -0.00426400 0.01456500
v 0.01220600 -0.00385600 0.01456500
v 0.01215900 -0.00379800 0.01456500
v 0.01186800 -0.00356600 0.01456500
v 0.01173100 -0.00350600 0.01456500
v 0.01143800 -0.00345100 0.01456500
v 0.01121500 -0.00346700 0.01456500
v 0.01104300 -0.00362900 0.01495500
v 0.01104300 -0.00362900 0.01495500
v 0.01100100 -0.00353300 0.01456500
v 0.01074900 -0.00369200 0.01456500
v 0.01072200 -0.00386600 0.01495500
v 0.01072200 -0.00386600 0.01495500
v 0.01064300 -0.00379800 0.01456500
v 0.01045700 -0.00412000 0.01456500
v 0.01053600 -0.00421800 0.01495500
v 0.01053600 -0.00421800 0.01495500
v 0.01043500 -0.00419100 0.01456500
v 0.01041900 -0.00463600 0.01456500
v 0.01052100 -0.00461700 0.01495500
v 0.01052100 -0.00461700 0.01495500
v 0.01041900 -0.00463600 0.01301500
v 0.01041900 -0.00463600 0.01301500
v 0.01045700 -0.00412000 0.01301500
v 0.01045700 -0.00412000 0.01301500
v 0.01074900 -0.00369200 0.01301500
v 0.01074900 -0.00369200 0.01301500
v 0.01121500 -0.00346700 0.01301500
v 0.01121500 -0.00346700 0.01301500
v 0.01173100 -0.00350600 0.01301500
v 0.01173100 -0.00350600 0.01301500
v 0.01215900 -0.00379800 0.01301500
v 0.01215900 -0.00379800 0.01301500
v 0.01238400 -0.00426400 0.01301500
v 0.01238400 -0.00426400 0.01301500
v 0.01194600 0.00419200 0.01508300
v 0.01224600 0.00425400 0.01495500
v 0.01224600 0.00425400 0.01495500
v 0.01228100 0.00471700 0.01495500
v 0.01228100 0.00471700 0.01495500
v 0.01148900 0.00408700 0.01514800
v 0.01156800 0.00367000 0.01495500
v 0.01156800 0.00367000 0.01495500
v 0.01198500 0.00387100 0.01495500
v 0.01198500 0.00387100 0.01495500
v 0.01186200 0.00463700 0.01514800
v 0.01208000 0.00513400 0.01495500
v 0.01208000 0.00513400 0.01495500
v 0.01177800 0.00508200 0.01508300
v 0.01169700 0.00539500 0.01495500
v 0.01169700 0.00539500 0.01495500
v 0.01123400 0.00543000 0.01495500
v 0.01123400 0.00543000 0.01495500
v 0.01131300 0.00501300 0.01514800
v 0.01140100 0.00455000 0.01521500
v 0.01238400 0.00473600 0.01456500
v 0.01215900 0.00520200 0.01456500
v 0.01173100 0.00549400 0.01456500
v 0.01121500 0.00553300 0.01456500
v 0.01074900 0.00530800 0.01456500
v 0.01081700 0.00522900 0.01495500
v 0.01081700 0.00522900 0.01495500
v 0.01045700 0.00488000 0.01456500
v 0.01055600 0.00484600 0.01495500
v 0.01055600 0.00484600 0.01495500
v 0.01041900 0.00436400 0.01456500
v 0.01052100 0.00438300 0.01495500
v 0.01052100 0.00438300 0.01495500
v 0.01041900 0.00436400 0.01301500
v 0.01041900 0.00436400 0.01301500
v 0.01045700 0.00488000 0.01301500
v 0.01045700 0.00488000 0.01301500
v 0.01074900 0.00530800 0.01301500
v 0.01074900 0.00530800 0.01301500
v 0.01074900 0.00530800 0.01301500
v 0.01121500 0.00553300 0.01301500
v 0.01121500 0.00553300 0.01301500
v 0.01173100 0.00549400 0.01301500
v 0.01173100 0.00549400 0.01301500
v 0.01173100 0.00549400 0.01301500
v 0.01215900 0.00520200 0.01301500
v 0.01215900 0.00520200 0.01301500
v 0.01238400 0.00473600 0.01301500
v 0.01238400 0.00473600 0.01301500
v 0.01238400 0.00473600 0.01301500
v 0.01994200 -0.00905000 0.00795900
v 0.02033900 -0.00905000 0.00706800
v 0.02036500 -0.00905000 0.00609300
v 0.02001600 -0.00905000 0.00518200
v 0.01934500 -0.00905000 0.00447500
v 0.01845400 -0.00905000 0.00407700
v 0.01747900 -0.00905000 0.00405100
v 0.01656800 -0.00905000 0.00440000
v 0.01586000 -0.00905000 0.00507200
v 0.01574400 -0.00905000 0.00145600
v 0.01574400 -0.00905000 0.00145600
v 0.01725700 -0.00905000 0.00105300
v 0.01725700 -0.00905000 0.00105300
v 0.01734800 -0.00905000 0.00895400
v 0.01549000 -0.00905000 0.01145900
v 0.01549000 -0.00905000 0.01145900
v 0.01645700 -0.00905000 0.00855600
v 0.01419500 -0.00905000 0.01057900
v 0.01419500 -0.00905000 0.01057900
v 0.01578600 -0.00905000 0.00784800
v 0.01320000 -0.00905000 0.00937100
v 0.01320000 -0.00905000 0.00937100
v 0.01543700 -0.00905000 0.00693800
v 0.01923400 -0.00905000 0.00863000
v 0.02005800 -0.00905000 0.01157500
v 0.02005800 -0.00905000 0.01157500
v 0.01832300 -0.00905000 0.00898000
v 0.01854500 -0.00905000 0.01197800
v 0.01854500 -0.00905000 0.01197800
v 0.01698000 -0.00905000 0.01193800
v 0.01698000 -0.00905000 0.01193800
v 0.01882200 -0.00905000 0.00109300
v 0.01882200 -0.00905000 0.00109300
v 0.02031200 -0.00905000 0.00157200
v 0.02031200 -0.00905000 0.00157200
v 0.02160700 -0.00905000 0.00245200
v 0.02160700 -0.00905000 0.00245200
v 0.02260200 -0.00905000 0.00366000
v 0.02260200 -0.00905000 0.00366000
v 0.01258600 -0.00905000 0.00793100
v 0.01258600 -0.00905000 0.00793100
v 0.01240300 -0.00905000 0.00637600
v 0.01240300 -0.00905000 0.00637600
v 0.01546300 -0.00905000 0.00596300
v 0.01266500 -0.00905000 0.00483300
v 0.01266500 -0.00905000 0.00483300
v 0.01335100 -0.00905000 0.00342500
v 0.01335100 -0.00905000 0.00342500
v 0.01440600 -0.00905000 0.00226900
v 0.01440600 -0.00905000 0.00226900
v 0.02321600 -0.00905000 0.00510000
v 0.02321600 -0.00905000 0.00510000
v 0.02339900 -0.00905000 0.00665500
v 0.02339900 -0.00905000 0.00665500
v 0.02313700 -0.00905000 0.00819800
v 0.02313700 -0.00905000 0.00819800
v 0.02245100 -0.00905000 0.00960500
v 0.02245100 -0.00905000 0.00960500
v 0.02139600 -0.00905000 0.01076200
v 0.02139600 -0.00905000 0.01076200
v 0.02245100 -0.00805000 0.00960500
v 0.02245100 -0.00805000 0.00960500
v 0.02139600 -0.00805000 0.01076200
v 0.02139600 -0.00805000 0.01076200
v 0.02005800 -0.00805000 0.01157500
v 0.02005800 -0.00805000 0.01157500
v 0.01854500 -0.00805000 0.01197800
v 0.01854500 -0.00805000 0.01197800
v 0.01698000 -0.00805000 0.01193800
v 0.01698000 -0.00805000 0.01193800
v 0.01549000 -0.00805000 0.01145900
v 0.01549000 -0.00805000 0.01145900
v 0.01419500 -0.00805000 0.01057900
v 0.01419500 -0.00805000 0.01057900
v 0.01320000 -0.00805000 0.00937100
v 0.01320000 -0.00805000 0.00937100
v 0.01258600 -0.00805000 0.00793100
v 0.01258600 -0.00805000 0.00793100
v 0.01240300 -0.00805000 0.00637600
v 0.01240300 -0.00805000 0.00637600
v 0.01266500 -0.00805000 0.00483300
v 0.01266500 -0.00805000 0.00483300
v 0.01335100 -0.00805000 0.00342500
v 0.01335100 -0.00805000 0.00342500
v 0.02310100 -0.00805000 0.00830700
v 0.02310100 -0.00805000 0.00830700
v 0.02310100 -0.00805000 0.00830700
v 0.02310100 -0.00805000 0.00830700
v 0.02313700 -0.00805000 0.00819800
v 0.02313700 -0.00805000 0.00819800
v 0.02310100 -0.00805000 0.00651500
v 0.02310100 -0.00805000 0.00651500
v 0.02339900 -0.00805000 0.00665500
v 0.02339900 -0.00805000 0.00665500
v 0.02294700 -0.00805000 0.00525700
v 0.02294700 -0.00805000 0.00525700
v 0.02321600 -0.00805000 0.00510000
v 0.02321600 -0.00805000 0.00510000
v 0.02249200 -0.00805000 0.00407400
v 0.02249200 -0.00805000 0.00407400
v 0.02260200 -0.00805000 0.00366000
v 0.02260200 -0.00805000 0.00366000
v 0.02176500 -0.00805000 0.00303600
v 0.02176500 -0.00805000 0.00303600
v 0.02160700 -0.00805000 0.00245200
v 0.02160700 -0.00805000 0.00245200
v 0.02080900 -0.00805000 0.00220400
v 0.02080900 -0.00805000 0.00220400
v 0.02031200 -0.00805000 0.00157200
v 0.02031200 -0.00805000 0.00157200
v 0.01968000 -0.00805000 0.00162900
v 0.01968000 -0.00805000 0.00162900
v 0.01882200 -0.00805000 0.00109300
v 0.01882200 -0.00805000 0.00109300
v 0.01799600 -0.00805000 0.00101600
v 0.01799600 -0.00805000 0.00101600
v 0.01799600 -0.00805000 0.00101600
v 0.01799600 -0.00805000 0.00101600
v 0.01251500 0.00915000 0.00540400
v 0.01251500 0.00915000 0.00540400
v 0.01251500 0.00815000 0.00540400
v 0.01251500 0.00815000 0.00540400
v 0.01242000 0.00815000 0.00696700
v 0.01242000 0.00815000 0.00696700
v 0.01242000 0.00915000 0.00696700
v 0.01242000 0.00915000 0.00696700
v 0.01276900 0.00815000 0.00849300
v 0.01276900 0.00815000 0.00849300
v 0.01276900 0.00915000 0.00849300
v 0.01276900 0.00915000 0.00849300
v 0.01353400 0.00815000 0.00985800
v 0.01353400 0.00815000 0.00985800
v 0.01353400 0.00915000 0.00985800
v 0.01353400 0.00915000 0.00985800
v 0.01465200 0.00815000 0.01095300
v 0.01465200 0.00815000 0.01095300
v 0.01465200 0.00915000 0.01095300
v 0.01465200 0.00915000 0.01095300
v 0.01603400 0.00815000 0.01168900
v 0.01603400 0.00815000 0.01168900
v 0.01603400 0.00915000 0.01168900
v 0.01603400 0.00915000 0.01168900
v 0.01756800 0.00815000 0.01200500
v 0.01756800 0.00815000 0.01200500
v 0.01756800 0.00915000 0.01200500
v 0.01756800 0.00915000 0.01200500
v 0.01912800 0.00815000 0.01187700
v 0.01912800 0.00815000 0.01187700
v 0.01912800 0.00915000 0.01187700
v 0.01912800 0.00915000 0.01187700
v 0.02058900 0.00815000 0.01131400
v 0.02058900 0.00815000 0.01131400
v 0.02058900 0.00915000 0.01131400
v 0.02058900 0.00915000 0.01131400
v 0.02183200 0.00815000 0.01036300
v 0.02183200 0.00815000 0.01036300
v 0.02183200 0.00915000 0.01036300
v 0.02183200 0.00915000 0.01036300
v 0.02275600 0.00815000 0.00909900
v 0.02275600 0.00815000 0.00909900
v 0.02275600 0.00915000 0.00909900
v 0.02275600 0.00915000 0.00909900
v 0.02328800 0.00915000 0.00762700
v 0.02328800 0.00915000 0.00762700
v 0.02310100 0.00815000 0.00830700
v 0.02310100 0.00815000 0.00830700
v 0.02310100 0.00815000 0.00830700
v 0.02310100 0.00815000 0.00830700
v 0.02328800 0.00815000 0.00762700
v 0.02328800 0.00815000 0.00762700
v 0.01799600 0.00815000 0.00101600
v 0.01799600 0.00815000 0.00101600
v 0.01799600 0.00815000 0.00101600
v 0.01799600 0.00815000 0.00101600
v 0.01823500 0.00815000 0.00102600
v 0.01823500 0.00815000 0.00102600
v 0.01968000 0.00815000 0.00162900
v 0.01968000 0.00815000 0.00162900
v 0.01976800 0.00815000 0.00134200
v 0.01976800 0.00815000 0.00134200
v 0.02080900 0.00815000 0.00220400
v 0.02080900 0.00815000 0.00220400
v 0.02115000 0.00815000 0.00207700
v 0.02115000 0.00815000 0.00207700
v 0.02176500 0.00815000 0.00303600
v 0.02176500 0.00815000 0.00303600
v 0.02226900 0.00815000 0.00317200
v 0.02226900 0.00815000 0.00317200
v 0.02249200 0.00815000 0.00407400
v 0.02249200 0.00815000 0.00407400
v 0.02303300 0.00815000 0.00453800
v 0.02303300 0.00815000 0.00453800
v 0.02294700 0.00815000 0.00525700
v 0.02294700 0.00815000 0.00525700
v 0.02338300 0.00815000 0.00606400
v 0.02338300 0.00815000 0.00606400
v 0.02310100 0.00815000 0.00651500
v 0.02310100 0.00815000 0.00651500
v 0.01734800 0.00915000 0.00895400
v 0.01832300 0.00915000 0.00898000
v 0.01923400 0.00915000 0.00863000
v 0.01543700 0.00915000 0.00693800
v 0.01578600 0.00915000 0.00784800
v 0.01645700 0.00915000 0.00855600
v 0.01656800 0.00915000 0.00440000
v 0.01397100 0.00915000 0.00266800
v 0.01397100 0.00915000 0.00266800
v 0.01586000 0.00915000 0.00507200
v 0.01304600 0.00915000 0.00393100
v 0.01304600 0.00915000 0.00393100
v 0.01546300 0.00915000 0.00596300
v 0.02036500 0.00915000 0.00609300
v 0.02303300 0.00915000 0.00453800
v 0.02303300 0.00915000 0.00453800
v 0.02001600 0.00915000 0.00518200
v 0.02226900 0.00915000 0.00317200
v 0.02226900 0.00915000 0.00317200
v 0.01934500 0.00915000 0.00447500
v 0.02115000 0.00915000 0.00207700
v 0.02115000 0.00915000 0.00207700
v 0.01845400 0.00915000 0.00407700
v 0.01994200 0.00915000 0.00795900
v 0.02033900 0.00915000 0.00706800
v 0.02338300 0.00915000 0.00606400
v 0.02338300 0.00915000 0.00606400
v 0.01976800 0.00915000 0.00134200
v 0.01976800 0.00915000 0.00134200
v 0.01823500 0.00915000 0.00102600
v 0.01823500 0.00915000 0.00102600
v 0.01747900 0.00915000 0.00405100
v 0.01667500 0.00915000 0.00115400
v 0.01667500 0.00915000 0.00115400
v 0.01521400 0.00915000 0.00171700
v 0.01521400 0.00915000 0.00171700
v 0.01163500 0.00266300 0.01700000
v 0.01164200 0.00273900 0.01701500
v 0.01239000 0.00256200 0.01701500
v 0.01117700 -0.00245500 0.01689200
v 0.01117800 -0.00244000 0.01681500
v 0.01188900 -0.00240200 0.01681500
v 0.01117300 -0.00249800 0.01695700
v 0.01117600 -0.00246700 0.01691500
v 0.01189400 -0.00242800 0.01691500
v 0.01214800 -0.00233600 0.01681500
v 0.01257200 -0.00218900 0.01691500
v 0.01256000 -0.00216500 0.01681500
v 0.01315600 -0.00176800 0.01691500
v 0.01300400 -0.00186800 0.01681500
v 0.01313700 -0.00174900 0.01681500
v 0.01359700 -0.00120000 0.01691500
v 0.01357300 -0.00118700 0.01681500
v 0.01386000 -0.00053100 0.01691500
v 0.01342900 0.00151200 0.01681500
v 0.01345100 0.00152800 0.01691500
v 0.01375900 0.00088200 0.01681500
v 0.01378400 0.00089000 0.01691500
v 0.01389800 0.00018400 0.01681500
v 0.01392400 0.00018500 0.01691500
v 0.01389100 -0.00017300 0.01681500
v 0.01383400 -0.00052500 0.01681500
v 0.01332000 0.00165300 0.01681500
v 0.01293500 0.00202400 0.01681500
v 0.01295100 0.00204500 0.01691500
v 0.01232600 0.00240100 0.01691500
v 0.01235300 0.00246900 0.01698900
v 0.01256000 0.00226500 0.01681500
v 0.01231700 0.00237600 0.01681500
v 0.01162400 0.00254000 0.01681500
v 0.01116900 -0.00254000 0.01698900
v 0.01190800 -0.00250000 0.01698900
v 0.01260600 -0.00225400 0.01698900
v 0.01260600 -0.00225400 0.01698900
v 0.01320600 -0.00182100 0.01698900
v 0.01320600 -0.00182100 0.01698900
v 0.01366000 -0.00123700 0.01698900
v 0.01366000 -0.00123700 0.01698900
v 0.01393100 -0.00054800 0.01698900
v 0.01393100 -0.00054800 0.01698900
v 0.01399700 0.00018900 0.01698900
v 0.01399700 0.00018900 0.01698900
v 0.01385300 0.00091500 0.01698900
v 0.01385300 0.00091500 0.01698900
v 0.01351000 0.00157100 0.01698900
v 0.01351000 0.00157100 0.01698900
v 0.01299600 0.00210300 0.01698900
v 0.01299600 0.00210300 0.01698900
v 0.01162600 0.00255500 0.01689200
v 0.01162700 0.00256700 0.01691500
v 0.01162900 0.00259800 0.01695700
v 0.01163300 0.00264000 0.01698900
v 0.01116000 -0.00263900 0.01701500
v 0.01192800 -0.00259800 0.01701500
v 0.01265200 -0.00234300 0.01701500
v 0.01327600 -0.00189300 0.01701500
v 0.01374700 -0.00128600 0.01701500
v 0.01402900 -0.00057100 0.01701500
v 0.01409700 0.00019400 0.01701500
v 0.01394700 0.00094800 0.01701500
v 0.01359100 0.00162900 0.01701500
v 0.01305800 0.00218200 0.01701500
v 0.01563400 -0.00032900 0.01701500
v 0.01554400 0.00099700 0.01701500
v 0.01504900 0.00223100 0.01701500
v 0.01419600 0.00325200 0.01701500
v 0.01307000 0.00395900 0.01701500
v 0.01178000 0.00428300 0.01701500
v 0.01045400 0.00419300 0.01701500
v 0.01087500 0.00269800 0.01701500
v 0.00922000 0.00369700 0.01701500
v 0.01015000 0.00244300 0.01701500
v 0.00819900 0.00284500 0.01701500
v 0.00952600 0.00199300 0.01701500
v 0.00749200 0.00171900 0.01701500
v 0.00905500 0.00138600 0.01701500
v 0.00716800 0.00042900 0.01701500
v 0.00877400 0.00067100 0.01701500
v 0.00870500 -0.00009400 0.01701500
v 0.00725800 -0.00089700 0.01701500
v 0.00885500 -0.00084800 0.01701500
v 0.00775400 -0.00213100 0.01701500
v 0.00921100 -0.00152900 0.01701500
v 0.00860600 -0.00315200 0.01701500
v 0.00974500 -0.00208200 0.01701500
v 0.00973200 -0.00385900 0.01701500
v 0.01041200 -0.00246200 0.01701500
v 0.01102200 -0.00418300 0.01701500
v 0.01234900 -0.00409300 0.01701500
v 0.01358200 -0.00359700 0.01701500
v 0.01460300 -0.00274500 0.01701500
v 0.01531000 -0.00161900 0.01701500
v 0.01048600 -0.00227600 0.01681500
v 0.01117800 -0.00244000 0.01301500
v 0.01117800 -0.00244000 0.01301500
v 0.01024200 -0.00216500 0.01301500
v 0.01024200 -0.00216500 0.01301500
v 0.01024200 -0.00216500 0.01681500
v 0.00986700 -0.00192400 0.01681500
v 0.00948300 -0.00155300 0.01301500
v 0.00948300 -0.00155300 0.01301500
v 0.00948300 -0.00155300 0.01681500
v 0.00937300 -0.00141200 0.01681500
v 0.00901500 -0.00069700 0.01301500
v 0.00901500 -0.00069700 0.01301500
v 0.00904300 -0.00078200 0.01681500
v 0.00890500 -0.00008400 0.01681500
v 0.00891100 0.00027300 0.01301500
v 0.00891100 0.00027300 0.01301500
v 0.00891100 0.00027300 0.01681500
v 0.00896800 0.00062500 0.01681500
v 0.00918600 0.00120900 0.01301500
v 0.00918600 0.00120900 0.01301500
v 0.00922900 0.00128700 0.01681500
v 0.00966500 0.00184900 0.01681500
v 0.00979800 0.00196800 0.01301500
v 0.00979800 0.00196800 0.01301500
v 0.00979800 0.00196800 0.01681500
v 0.01024300 0.00226500 0.01681500
v 0.01065400 0.00243600 0.01301500
v 0.01065400 0.00243600 0.01301500
v 0.01162400 0.00254000 0.01301500
v 0.01162400 0.00254000 0.01301500
v 0.01091400 0.00250200 0.01681500
v 0.01065400 0.00243600 0.01681500
v 0.00322900 0.00365000 0.00756000
v 0.00322900 0.00365000 0.00756000
v 0.00322900 -0.00355000 0.00756000
v 0.00322900 -0.00355000 0.00756000
v 0.00337500 -0.00355000 0.00758300
v 0.00337500 -0.00355000 0.00758300
v 0.00337500 0.00365000 0.00758300
v 0.00337500 0.00365000 0.00758300
v 0.00351900 -0.00355000 0.00754800
v 0.00351900 -0.00355000 0.00754800
v 0.00351900 0.00365000 0.00754800
v 0.00351900 0.00365000 0.00754800
v 0.00363900 -0.00355000 0.00746000
v 0.00363900 -0.00355000 0.00746000
v 0.00363900 0.00365000 0.00746000
v 0.00363900 0.00365000 0.00746000
v 0.00371600 -0.00355000 0.00733300
v 0.00371600 -0.00355000 0.00733300
v 0.00371600 -0.00355000 0.00733300
v 0.00371600 0.00365000 0.00733300
v 0.00371600 0.00365000 0.00733300
v 0.00371600 0.00365000 0.00733300
v 0.00756000 0.00365000 -0.00322900
v 0.00756000 0.00365000 -0.00322900
v 0.00756000 0.00365000 -0.00322900
v 0.00756000 -0.00355000 -0.00322900
v 0.00756000 -0.00355000 -0.00322900
v 0.00756000 -0.00355000 -0.00322900
v 0.00758300 -0.00355000 -0.00337500
v 0.00758300 -0.00355000 -0.00337500
v 0.00758300 0.00365000 -0.00337500
v 0.00758300 0.00365000 -0.00337500
v 0.00754800 -0.00355000 -0.00351900
v 0.00754800 -0.00355000 -0.00351900
v 0.00754800 0.00365000 -0.00351900
v 0.00754800 0.00365000 -0.00351900
v 0.00746000 -0.00355000 -0.00363900
v 0.00746000 -0.00355000 -0.00363900
v 0.00746000 0.00365000 -0.00363900
v 0.00746000 0.00365000 -0.00363900
v 0.00733300 -0.00355000 -0.00371600
v 0.00733300 -0.00355000 -0.00371600
v 0.00733300 0.00365000 -0.00371600
v 0.00733300 0.00365000 -0.00371600
v 0.00205200 -0.00355000 -0.00563800
v 0.00205200 0.00365000 -0.00563800
v -0.00205200 0.00365000 0.00563800
v -0.00205200 -0.00355000 0.00563800
v 0.00195700 0.00365000 0.00709700
v 0.00195700 0.00365000 0.00709700
v 0.00195700 -0.00355000 0.00709700
v 0.00195700 -0.00355000 0.00709700
v 0.00104200 -0.00355000 -0.00590900
v 0.00052300 0.00365000 -0.00597700
v 0.00052300 -0.00355000 -0.00597700
v 0.00000000 0.00365000 -0.00600000
v 0.00000000 -0.00355000 -0.00600000
v -0.00104200 0.00365000 -0.00590900
v -0.00104200 -0.00355000 -0.00590900
v -0.00165400 0.00365000 -0.00576800
v -0.00165400 -0.00355000 -0.00576800
v -0.00253600 0.00365000 -0.00543800
v -0.00253600 -0.00355000 -0.00543800
v -0.00317900 0.00365000 -0.00508800
v -0.00317900 -0.00355000 -0.00508800
v -0.00385700 0.00365000 -0.00459600
v -0.00385700 -0.00355000 -0.00459600
v -0.00445900 0.00365000 -0.00401500
v -0.00445900 -0.00355000 -0.00401500
v -0.00491500 0.00365000 -0.00344100
v -0.00491500 -0.00355000 -0.00344100
v -0.00539300 0.00365000 -0.00263000
v -0.00539300 -0.00355000 -0.00263000
v -0.00563800 0.00365000 -0.00205200
v -0.00563800 -0.00355000 -0.00205200
v -0.00590900 0.00365000 -0.00104200
v -0.00590900 -0.00355000 -0.00104200
v -0.00597700 0.00365000 -0.00052300
v -0.00597700 -0.00355000 -0.00052300
v -0.00596700 0.00365000 0.00062700
v -0.00596700 -0.00355000 0.00062700
v -0.00590900 0.00365000 0.00104200
v -0.00590900 -0.00355000 0.00104200
v -0.00556300 0.00365000 0.00224800
v -0.00556300 -0.00355000 0.00224800
v -0.00543800 0.00365000 0.00253600
v -0.00543800 -0.00355000 0.00253600
v -0.00472800 0.00365000 0.00369400
v -0.00472800 -0.00355000 0.00369400
v -0.00459600 0.00365000 0.00385700
v -0.00459600 -0.00355000 0.00385700
v -0.00352700 0.00365000 0.00485400
v -0.00352700 -0.00355000 0.00485400
v -0.00344100 0.00365000 0.00491500
v -0.00344100 -0.00355000 0.00491500
v -0.00076100 -0.00905000 0.00544700
v -0.00076100 -0.00905000 0.00544700
v -0.00076100 -0.00805000 0.00544700
v -0.00076100 -0.00805000 0.00544700
v -0.00226500 -0.00805000 0.00501200
v -0.00226500 -0.00805000 0.00501200
v -0.00226500 -0.00905000 0.00501200
v -0.00226500 -0.00905000 0.00501200
v -0.00358500 -0.00805000 0.00417100
v -0.00358500 -0.00805000 0.00417100
v -0.00358500 -0.00905000 0.00417100
v -0.00358500 -0.00905000 0.00417100
v -0.00461500 -0.00805000 0.00299200
v -0.00461500 -0.00805000 0.00299200
v -0.00461500 -0.00905000 0.00299200
v -0.00461500 -0.00905000 0.00299200
v -0.00527100 -0.00805000 0.00157100
v -0.00527100 -0.00805000 0.00157100
v -0.00527100 -0.00905000 0.00157100
v -0.00527100 -0.00905000 0.00157100
v -0.00550000 -0.00805000 0.00002200
v -0.00550000 -0.00805000 0.00002200
v -0.00550000 -0.00905000 0.00002200
v -0.00550000 -0.00905000 0.00002200
v -0.00528300 -0.00805000 -0.00152800
v -0.00528300 -0.00805000 -0.00152800
v -0.00528300 -0.00905000 -0.00152800
v -0.00528300 -0.00905000 -0.00152800
v -0.00463900 -0.00805000 -0.00295500
v -0.00463900 -0.00805000 -0.00295500
v -0.00463900 -0.00905000 -0.00295500
v -0.00463900 -0.00905000 -0.00295500
v -0.00361800 -0.00805000 -0.00414200
v -0.00361800 -0.00805000 -0.00414200
v -0.00361800 -0.00905000 -0.00414200
v -0.00361800 -0.00905000 -0.00414200
v -0.00230500 -0.00805000 -0.00499400
v -0.00230500 -0.00805000 -0.00499400
v -0.00230500 -0.00905000 -0.00499400
v -0.00230500 -0.00905000 -0.00499400
v -0.00080500 -0.00805000 -0.00544100
v -0.00080500 -0.00805000 -0.00544100
v -0.00080500 -0.00905000 -0.00544100
v -0.00080500 -0.00905000 -0.00544100
v 0.00076100 -0.00805000 -0.00544700
v 0.00076100 -0.00805000 -0.00544700
v 0.00076100 -0.00905000 -0.00544700
v 0.00076100 -0.00905000 -0.00544700
v -0.00177800 -0.00805000 0.00488600
v -0.00177800 -0.00805000 0.00488600
v -0.00009500 -0.00805000 0.00549900
v -0.00009500 -0.00805000 0.00549900
v -0.00009500 -0.00805000 0.00549900
v -0.00009500 -0.00805000 0.00549900
v -0.00298300 -0.00805000 0.00426000
v -0.00298300 -0.00805000 0.00426000
v -0.00398300 -0.00805000 0.00334200
v -0.00398300 -0.00805000 0.00334200
v -0.00471300 -0.00805000 0.00219800
v -0.00471300 -0.00805000 0.00219800
v -0.00512100 -0.00805000 0.00090300
v -0.00512100 -0.00805000 0.00090300
v -0.00518000 -0.00805000 -0.00045300
v -0.00518000 -0.00805000 -0.00045300
v -0.00488600 -0.00805000 -0.00177800
v -0.00488600 -0.00805000 -0.00177800
v -0.00426000 -0.00805000 -0.00298300
v -0.00426000 -0.00805000 -0.00298300
v -0.00334200 -0.00805000 -0.00398300
v -0.00334200 -0.00805000 -0.00398300
v -0.00219800 -0.00805000 -0.00471300
v -0.00219800 -0.00805000 -0.00471300
v -0.00090300 -0.00805000 -0.00512100
v -0.00090300 -0.00805000 -0.00512100
v 0.00045300 -0.00805000 -0.00518000
v 0.00045300 -0.00805000 -0.00518000
v 0.00226500 -0.00805000 -0.00501200
v 0.00226500 -0.00805000 -0.00501200
v 0.00177800 -0.00805000 -0.00488600
v 0.00177800 -0.00805000 -0.00488600
v 0.00346200 -0.00805000 -0.00427400
v 0.00346200 -0.00805000 -0.00427400
v 0.00346200 -0.00805000 -0.00427400
v 0.00346200 -0.00805000 -0.00427400
v -0.00216900 -0.00905000 0.00124300
v -0.00248000 -0.00905000 0.00031800
v -0.00241300 -0.00905000 -0.00065500
v -0.00197800 -0.00905000 -0.00152900
v -0.00124300 -0.00905000 -0.00216900
v -0.00031800 -0.00905000 -0.00248000
v 0.00065500 -0.00905000 -0.00241300
v -0.00065500 -0.00905000 0.00241300
v -0.00152900 -0.00905000 0.00197800
v 0.00197800 -0.00905000 0.00152900
v 0.00361800 -0.00905000 0.00414200
v 0.00361800 -0.00905000 0.00414200
v 0.00124300 -0.00905000 0.00216900
v 0.00230500 -0.00905000 0.00499400
v 0.00230500 -0.00905000 0.00499400
v 0.00031800 -0.00905000 0.00248000
v 0.00080500 -0.00905000 0.00544100
v 0.00080500 -0.00905000 0.00544100
v 0.00216900 -0.00905000 -0.00124300
v 0.00527100 -0.00905000 -0.00157100
v 0.00527100 -0.00905000 -0.00157100
v 0.00248000 -0.00905000 -0.00031800
v 0.00550000 -0.00905000 -0.00002200
v 0.00550000 -0.00905000 -0.00002200
v 0.00241300 -0.00905000 0.00065500
v 0.00528300 -0.00905000 0.00152800
v 0.00528300 -0.00905000 0.00152800
v 0.00463900 -0.00905000 0.00295500
v 0.00463900 -0.00905000 0.00295500
v 0.00226500 -0.00905000 -0.00501200
v 0.00226500 -0.00905000 -0.00501200
v 0.00152900 -0.00905000 -0.00197800
v 0.00358500 -0.00905000 -0.00417100
v 0.00358500 -0.00905000 -0.00417100
v 0.00461500 -0.00905000 -0.00299200
v 0.00461500 -0.00905000 -0.00299200
v -0.00009500 0.00815000 0.00549900
v -0.00009500 0.00815000 0.00549900
v -0.00009500 0.00815000 0.00549900
v -0.00009500 0.00815000 0.00549900
v -0.00033400 0.00815000 0.00549000
v -0.00033400 0.00815000 0.00549000
v -0.00177800 0.00815000 0.00488600
v -0.00177800 0.00815000 0.00488600
v -0.00186700 0.00815000 0.00517400
v -0.00186700 0.00815000 0.00517400
v -0.00305600 0.00815000 0.00420700
v -0.00305600 0.00815000 0.00420700
v -0.00324900 0.00815000 0.00443800
v -0.00324900 0.00815000 0.00443800
v -0.00409800 0.00815000 0.00320100
v -0.00409800 0.00815000 0.00320100
v -0.00436700 0.00815000 0.00334300
v -0.00436700 0.00815000 0.00334300
v -0.00482100 0.00815000 0.00194800
v -0.00482100 0.00815000 0.00194800
v -0.00513200 0.00815000 0.00197700
v -0.00513200 0.00815000 0.00197700
v -0.00517100 0.00815000 0.00054400
v -0.00517100 0.00815000 0.00054400
v -0.00548100 0.00815000 0.00045100
v -0.00548100 0.00815000 0.00045100
v -0.00512100 0.00815000 -0.00090300
v -0.00512100 0.00815000 -0.00090300
v -0.00538600 0.00815000 -0.00111100
v -0.00538600 0.00815000 -0.00111100
v -0.00467400 0.00815000 -0.00228000
v -0.00467400 0.00815000 -0.00228000
v -0.00485500 0.00815000 -0.00258400
v -0.00485500 0.00815000 -0.00258400
v -0.00386400 0.00815000 -0.00347900
v -0.00386400 0.00815000 -0.00347900
v -0.00393100 0.00815000 -0.00384700
v -0.00393100 0.00815000 -0.00384700
v -0.00275600 0.00815000 -0.00441000
v -0.00275600 0.00815000 -0.00441000
v -0.00268700 0.00815000 -0.00479900
v -0.00268700 0.00815000 -0.00479900
v -0.00143300 0.00815000 -0.00499900
v -0.00143300 0.00815000 -0.00499900
v -0.00122700 0.00815000 -0.00536100
v -0.00122700 0.00815000 -0.00536100
v 0.00000000 0.00815000 -0.00520000
v 0.00000000 0.00815000 -0.00520000
v 0.00033400 0.00815000 -0.00549000
v 0.00033400 0.00815000 -0.00549000
v 0.00090300 0.00815000 -0.00512100
v 0.00090300 0.00815000 -0.00512100
v 0.00186700 0.00815000 -0.00517400
v 0.00186700 0.00815000 -0.00517400
v 0.00177800 0.00815000 -0.00488600
v 0.00177800 0.00815000 -0.00488600
v 0.00324900 0.00815000 -0.00443800
v 0.00324900 0.00815000 -0.00443800
v 0.00346200 0.00815000 -0.00427400
v 0.00346200 0.00815000 -0.00427400
v 0.00346200 0.00815000 -0.00427400
v 0.00346200 0.00815000 -0.00427400
v -0.00538600 0.00915000 -0.00111100
v -0.00538600 0.00915000 -0.00111100
v -0.00548100 0.00915000 0.00045100
v -0.00548100 0.00915000 0.00045100
v -0.00513200 0.00915000 0.00197700
v -0.00513200 0.00915000 0.00197700
v -0.00436700 0.00915000 0.00334300
v -0.00436700 0.00915000 0.00334300
v -0.00324900 0.00915000 0.00443800
v -0.00324900 0.00915000 0.00443800
v -0.00186700 0.00915000 0.00517400
v -0.00186700 0.00915000 0.00517400
v -0.00033400 0.00915000 0.00549000
v -0.00033400 0.00915000 0.00549000
v 0.00122700 0.00915000 0.00536100
v 0.00122700 0.00915000 0.00536100
v 0.00122700 0.00815000 0.00536100
v 0.00122700 0.00815000 0.00536100
v 0.00268700 0.00815000 0.00479900
v 0.00268700 0.00815000 0.00479900
v 0.00268700 0.00915000 0.00479900
v 0.00268700 0.00915000 0.00479900
v 0.00393100 0.00815000 0.00384700
v 0.00393100 0.00815000 0.00384700
v 0.00393100 0.00915000 0.00384700
v 0.00393100 0.00915000 0.00384700
v 0.00485500 0.00815000 0.00258400
v 0.00485500 0.00815000 0.00258400
v 0.00485500 0.00915000 0.00258400
v 0.00485500 0.00915000 0.00258400
v 0.00538600 0.00815000 0.00111100
v 0.00538600 0.00815000 0.00111100
v 0.00538600 0.00915000 0.00111100
v 0.00538600 0.00915000 0.00111100
v -0.00065500 0.00915000 0.00241300
v 0.00031800 0.00915000 0.00248000
v 0.00124300 0.00915000 0.00216900
v 0.00197800 0.00915000 0.00152900
v -0.00248000 0.00915000 0.00031800
v -0.00216900 0.00915000 0.00124300
v -0.00152900 0.00915000 0.00197800
v -0.00197800 0.00915000 -0.00152900
v -0.00485500 0.00915000 -0.00258400
v -0.00485500 0.00915000 -0.00258400
v -0.00241300 0.00915000 -0.00065500
v 0.00065500 0.00915000 -0.00241300
v 0.00033400 0.00915000 -0.00549000
v 0.00033400 0.00915000 -0.00549000
v -0.00031800 0.00915000 -0.00248000
v -0.00122700 0.00915000 -0.00536100
v -0.00122700 0.00915000 -0.00536100
v -0.00124300 0.00915000 -0.00216900
v -0.00268700 0.00915000 -0.00479900
v -0.00268700 0.00915000 -0.00479900
v -0.00393100 0.00915000 -0.00384700
v -0.00393100 0.00915000 -0.00384700
v 0.00241300 0.00915000 0.00065500
v 0.00248000 0.00915000 -0.00031800
v 0.00548100 0.00915000 -0.00045100
v 0.00548100 0.00915000 -0.00045100
v 0.00513200 0.00915000 -0.00197700
v 0.00513200 0.00915000 -0.00197700
v 0.00216900 0.00915000 -0.00124300
v 0.00436700 0.00915000 -0.00334300
v 0.00436700 0.00915000 -0.00334300
v 0.00152900 0.00915000 -0.00197800
v 0.00324900 0.00915000 -0.00443800
v 0.00324900 0.00915000 -0.00443800
v 0.00186700 0.00915000 -0.00517400
v 0.00186700 0.00915000 -0.00517400
v 0.02310100 0.00815000 0.01301500
v 0.02310100 0.00815000 0.01301500
v 0.02310100 0.00815000 0.01301500
v 0.02390100 0.00735000 0.01301500
v 0.02390100 0.00735000 0.01301500
v 0.02390100 0.00735000 0.01301500
v 0.02390100 0.00735000 0.00651500
v 0.02390100 0.00735000 0.00651500
v 0.02390100 0.00735000 0.00651500
v 0.02372300 0.00735000 0.00506400
v 0.02372300 0.00735000 0.00506400
v 0.02319900 0.00735000 0.00369900
v 0.02319900 0.00735000 0.00369900
v 0.02236000 0.00735000 0.00250100
v 0.02236000 0.00735000 0.00250100
v 0.02125600 0.00735000 0.00154100
v 0.02125600 0.00735000 0.00154100
v 0.01995300 0.00735000 0.00087700
v 0.01995300 0.00735000 0.00087700
v 0.00205200 0.00735000 -0.00563800
v 0.00205200 0.00735000 -0.00563800
v 0.00104200 0.00735000 -0.00590900
v 0.00104200 0.00735000 -0.00590900
v 0.00000000 0.00735000 -0.00600000
v 0.00000000 0.00735000 -0.00600000
v 0.00195700 0.00735000 0.00709700
v 0.00195700 0.00735000 0.00709700
v 0.00223100 0.00815000 0.00634600
v 0.00223100 0.00815000 0.00634600
v -0.00205200 0.00735000 0.00563800
v -0.00205200 0.00735000 0.00563800
v 0.00610100 0.00735000 0.01301500
v 0.00610100 0.00735000 0.01301500
v 0.00610100 0.00735000 0.01301500
v 0.00610100 0.00735000 0.01301500
v 0.00690100 0.00815000 0.01301500
v 0.00690100 0.00815000 0.01301500
v 0.00690100 0.00815000 0.01301500
v 0.00690100 0.00815000 0.01301500
v 0.00591400 0.00735000 0.01149200
v 0.00591400 0.00735000 0.01149200
v 0.00669000 0.00815000 0.01129800
v 0.00669000 0.00815000 0.01129800
v 0.00536400 0.00735000 0.01005900
v 0.00536400 0.00735000 0.01005900
v 0.00607000 0.00815000 0.00968300
v 0.00607000 0.00815000 0.00968300
v 0.00448300 0.00735000 0.00880100
v 0.00448300 0.00735000 0.00880100
v 0.00507800 0.00815000 0.00826600
v 0.00507800 0.00815000 0.00826600
v 0.00332500 0.00735000 0.00779400
v 0.00332500 0.00735000 0.00779400
v 0.00377200 0.00815000 0.00713100
v 0.00377200 0.00815000 0.00713100
v 0.02390100 -0.00725000 0.01301500
v 0.02390100 -0.00725000 0.01301500
v 0.02390100 -0.00725000 0.01301500
v 0.02310100 -0.00805000 0.01301500
v 0.02310100 -0.00805000 0.01301500
v 0.02310100 -0.00805000 0.01301500
v 0.02390100 -0.00725000 0.00651500
v 0.02390100 -0.00725000 0.00651500
v 0.01995300 -0.00725000 0.00087700
v 0.01995300 -0.00725000 0.00087700
v 0.02125600 -0.00725000 0.00154100
v 0.02125600 -0.00725000 0.00154100
v 0.02236000 -0.00725000 0.00250100
v 0.02236000 -0.00725000 0.00250100
v 0.02319900 -0.00725000 0.00369900
v 0.02319900 -0.00725000 0.00369900
v 0.02372300 -0.00725000 0.00506400
v 0.02372300 -0.00725000 0.00506400
v 0.00205200 -0.00725000 -0.00563800
v 0.00205200 -0.00725000 -0.00563800
v -0.00205200 -0.00725000 0.00563800
v -0.00205200 -0.00725000 0.00563800
v -0.00344100 -0.00725000 0.00491500
v -0.00344100 -0.00725000 0.00491500
v -0.00352700 -0.00725000 0.00485400
v -0.00352700 -0.00725000 0.00485400
v -0.00459600 -0.00725000 0.00385700
v -0.00459600 -0.00725000 0.00385700
v -0.00472800 -0.00725000 0.00369400
v -0.00472800 -0.00725000 0.00369400
v -0.00543800 -0.00725000 0.00253600
v -0.00543800 -0.00725000 0.00253600
v -0.00556300 -0.00725000 0.00224800
v -0.00556300 -0.00725000 0.00224800
v -0.00590900 -0.00725000 0.00104200
v -0.00590900 -0.00725000 0.00104200
v -0.00596700 -0.00725000 0.00062700
v -0.00596700 -0.00725000 0.00062700
v -0.00597700 -0.00725000 -0.00052300
v -0.00597700 -0.00725000 -0.00052300
v -0.00590900 -0.00725000 -0.00104200
v -0.00590900 -0.00725000 -0.00104200
v -0.00563800 -0.00725000 -0.00205200
v -0.00563800 -0.00725000 -0.00205200
v -0.00539300 -0.00725000 -0.00263000
v -0.00539300 -0.00725000 -0.00263000
v -0.00491500 -0.00725000 -0.00344100
v -0.00491500 -0.00725000 -0.00344100
v -0.00445900 -0.00725000 -0.00401500
v -0.00445900 -0.00725000 -0.00401500
v -0.00385700 -0.00725000 -0.00459600
v -0.00385700 -0.00725000 -0.00459600
v -0.00317900 -0.00725000 -0.00508800
v -0.00317900 -0.00725000 -0.00508800
v -0.00253600 -0.00725000 -0.00543800
v -0.00253600 -0.00725000 -0.00543800
v -0.00165400 -0.00725000 -0.00576800
v -0.00165400 -0.00725000 -0.00576800
v -0.00104200 -0.00725000 -0.00590900
v -0.00104200 -0.00725000 -0.00590900
v 0.00000000 -0.00725000 -0.00600000
v 0.00000000 -0.00725000 -0.00600000
v 0.00052300 -0.00725000 -0.00597700
v 0.00052300 -0.00725000 -0.00597700
v 0.00223100 -0.00805000 0.00634600
v 0.00223100 -0.00805000 0.00634600
v 0.00195700 -0.00725000 0.00709700
v 0.00195700 -0.00725000 0.00709700
v 0.00332500 -0.00725000 0.00779400
v 0.00332500 -0.00725000 0.00779400
v 0.00377200 -0.00805000 0.00713100
v 0.00377200 -0.00805000 0.00713100
v 0.00448300 -0.00725000 0.00880100
v 0.00448300 -0.00725000 0.00880100
v 0.00507800 -0.00805000 0.00826600
v 0.00507800 -0.00805000 0.00826600
v 0.00536400 -0.00725000 0.01005900
v 0.00536400 -0.00725000 0.01005900
v 0.00607000 -0.00805000 0.00968300
v 0.00607000 -0.00805000 0.00968300
v 0.00591400 -0.00725000 0.01149200
v 0.00591400 -0.00725000 0.01149200
v 0.00669000 -0.00805000 0.01129800
v 0.00669000 -0.00805000 0.01129800
v 0.00610100 -0.00725000 0.01301500
v 0.00610100 -0.00725000 0.01301500
v 0.00610100 -0.00725000 0.01301500
v 0.00610100 -0.00725000 0.01301500
v 0.00690100 -0.00805000 0.01301500
v 0.00690100 -0.00805000 0.01301500
v 0.00690100 -0.00805000 0.01301500
v 0.00690100 -0.00805000 0.01301500
v 0.00350300 -0.00355000 0.00791900
v 0.00350300 -0.00355000 0.00791900
v 0.00350300 -0.00355000 0.00791900
v 0.00350300 0.00365000 0.00791900
v 0.00350300 0.00365000 0.00791900
v 0.00350300 0.00365000 0.00791900
v 0.00332500 -0.00355000 0.00779400
v 0.00332500 -0.00355000 0.00779400
v 0.00332500 0.00365000 0.00779400
v 0.00332500 0.00365000 0.00779400
v 0.00463900 -0.00805000 0.00295500
v 0.00463900 -0.00805000 0.00295500
v 0.01725700 -0.00805000 0.00105300
v 0.01725700 -0.00805000 0.00105300
v 0.01440600 -0.00805000 0.00226900
v 0.01440600 -0.00805000 0.00226900
v 0.00527100 -0.00805000 -0.00157100
v 0.00527100 -0.00805000 -0.00157100
v 0.00461500 -0.00805000 -0.00299200
v 0.00461500 -0.00805000 -0.00299200
v 0.00080500 -0.00805000 0.00544100
v 0.00080500 -0.00805000 0.00544100
v 0.00230500 -0.00805000 0.00499400
v 0.00230500 -0.00805000 0.00499400
v 0.00361800 -0.00805000 0.00414200
v 0.00361800 -0.00805000 0.00414200
v 0.00528300 -0.00805000 0.00152800
v 0.00528300 -0.00805000 0.00152800
v 0.00550000 -0.00805000 -0.00002200
v 0.00550000 -0.00805000 -0.00002200
v 0.01574400 -0.00805000 0.00145600
v 0.01574400 -0.00805000 0.00145600
v 0.00358500 -0.00805000 -0.00417100
v 0.00358500 -0.00805000 -0.00417100
v 0.00769000 -0.00355000 -0.00358600
v 0.00769000 -0.00355000 -0.00358600
v 0.00769000 -0.00355000 -0.00358600
v 0.00769000 0.00365000 -0.00358600
v 0.00769000 0.00365000 -0.00358600
v 0.00769000 0.00365000 -0.00358600
v 0.01236700 -0.00470900 0.01301500
v 0.01236700 -0.00470900 0.01301500
v 0.01332000 0.00165300 0.01301500
v 0.01332000 0.00165300 0.01301500
v 0.01332000 0.00165300 0.01301500
v 0.01378700 0.00079700 0.01301500
v 0.01378700 0.00079700 0.01301500
v 0.01378700 0.00079700 0.01301500
v 0.01215900 0.00389800 0.01301500
v 0.01215900 0.00389800 0.01301500
v 0.01215900 0.00389800 0.01301500
v 0.01236700 0.00429100 0.01301500
v 0.01236700 0.00429100 0.01301500
v 0.01136400 -0.00544900 0.01301500
v 0.01136400 -0.00544900 0.01301500
v 0.01180100 -0.00536600 0.01301500
v 0.01180100 -0.00536600 0.01301500
v 0.01215900 -0.00510200 0.01301500
v 0.01215900 -0.00510200 0.01301500
v 0.01093400 -0.00533400 0.01301500
v 0.01093400 -0.00533400 0.01301500
v 0.01059700 -0.00504400 0.01301500
v 0.01059700 -0.00504400 0.01301500
v 0.01389100 -0.00017300 0.01301500
v 0.01389100 -0.00017300 0.01301500
v 0.01361600 -0.00110900 0.01301500
v 0.01361600 -0.00110900 0.01301500
v 0.01300400 -0.00186800 0.01301500
v 0.01300400 -0.00186800 0.01301500
v 0.01214800 -0.00233600 0.01301500
v 0.01214800 -0.00233600 0.01301500
v 0.01256000 0.00226500 0.01301500
v 0.01256000 0.00226500 0.01301500
v 0.01180100 0.00363300 0.01301500
v 0.01180100 0.00363300 0.01301500
v 0.01136400 0.00355100 0.01301500
v 0.01136400 0.00355100 0.01301500
v 0.01093400 0.00366600 0.01301500
v 0.01093400 0.00366600 0.01301500
v 0.01059700 0.00395600 0.01301500
v 0.01059700 0.00395600 0.01301500
v 0.00436700 0.00815000 -0.00334300
v 0.00436700 0.00815000 -0.00334300
v 0.01521400 0.00815000 0.00171700
v 0.01521400 0.00815000 0.00171700
v 0.01667500 0.00815000 0.00115400
v 0.01667500 0.00815000 0.00115400
v 0.00513200 0.00815000 -0.00197700
v 0.00513200 0.00815000 -0.00197700
v 0.00548100 0.00815000 -0.00045100
v 0.00548100 0.00815000 -0.00045100
v 0.01397100 0.00815000 0.00266800
v 0.01397100 0.00815000 0.00266800
v 0.01304600 0.00815000 0.00393100
v 0.01304600 0.00815000 0.00393100
v -0.00165400 0.00735000 -0.00576800
v -0.00165400 0.00735000 -0.00576800
v -0.00317900 0.00735000 -0.00508800
v -0.00317900 0.00735000 -0.00508800
v -0.00445900 0.00735000 -0.00401500
v -0.00445900 0.00735000 -0.00401500
v -0.00539300 0.00735000 -0.00263000
v -0.00539300 0.00735000 -0.00263000
v -0.00590900 0.00735000 -0.00104200
v -0.00590900 0.00735000 -0.00104200
v -0.00596700 0.00735000 0.00062700
v -0.00596700 0.00735000 0.00062700
v -0.00556300 0.00735000 0.00224800
v -0.00556300 0.00735000 0.00224800
v -0.00472800 0.00735000 0.00369400
v -0.00472800 0.00735000 0.00369400
v -0.00352700 0.00735000 0.00485400
v -0.00352700 0.00735000 0.00485400
v 0.01090200 0.00255900 0.01695700
v 0.01091100 0.00251700 0.01689200
v 0.01023500 0.00227900 0.01689200
v 0.00965500 0.00186000 0.01689200
v 0.00921600 0.00129500 0.01689200
v 0.00895300 0.00062900 0.01689200
v 0.00888900 -0.00008400 0.01689200
v 0.00902900 -0.00078700 0.01689200
v 0.00936100 -0.00142100 0.01689200
v 0.01048000 -0.00229000 0.01689200
v 0.00985800 -0.00193600 0.01689200
v 0.00985800 -0.00193600 0.01689200
v 0.01046400 -0.00233100 0.01695700
v 0.00983100 -0.00197000 0.01695700
v 0.00932600 -0.00144600 0.01695700
v 0.00898800 -0.00080100 0.01695700
v 0.00884600 -0.00008700 0.01695700
v 0.00891100 0.00063900 0.01695700
v 0.00917800 0.00131600 0.01695700
v 0.00962500 0.00189100 0.01695700
v 0.01021500 0.00231700 0.01695700
v 0.01044000 -0.00239100 0.01700000
v 0.00979100 -0.00202200 0.01700000
v 0.00927300 -0.00148400 0.01700000
v 0.00892700 -0.00082300 0.01700000
v 0.00878100 -0.00009000 0.01700000
v 0.00884800 0.00065400 0.01700000
v 0.00912100 0.00134800 0.01700000
v 0.00958000 0.00193800 0.01700000
v 0.01018500 0.00237500 0.01700000
v 0.01089000 0.00262300 0.01700000
v 0.01234500 0.00422000 0.01456500
v 0.01215900 0.00389800 0.01456500
v 0.01205400 0.00379200 0.01456500
v 0.01180100 0.00363300 0.01456500
v 0.01158700 0.00356700 0.01456500
v 0.01136400 0.00355100 0.01456500
v 0.01107100 0.00360600 0.01456500
v 0.01093400 0.00366600 0.01456500
v 0.01064300 0.00389800 0.01456500
v 0.01072200 0.00396600 0.01495500
v 0.01072200 0.00396600 0.01495500
v 0.01110600 0.00370500 0.01495500
v 0.01110600 0.00370500 0.01495500
v 0.01102500 0.00401800 0.01508300
v 0.01094000 0.00446300 0.01514800
v 0.01085600 0.00490800 0.01508300
v 0.01234500 -0.00478000 0.01456500
v 0.01215900 -0.00510200 0.01456500
v 0.01205400 -0.00520800 0.01456500
v 0.01180100 -0.00536600 0.01456500
v 0.01158700 -0.00543200 0.01456500
v 0.01136400 -0.00544900 0.01456500
v 0.01107100 -0.00539400 0.01456500
v 0.01093400 -0.00533400 0.01456500
v 0.01064300 -0.00510200 0.01456500
v 0.01072200 -0.00503400 0.01495500
v 0.01072200 -0.00503400 0.01495500
v 0.01110600 -0.00529500 0.01495500
v 0.01110600 -0.00529500 0.01495500
v 0.01085600 -0.00409200 0.01508300
v 0.01094000 -0.00453700 0.01514800
v 0.01102500 -0.00498200 0.01508300
v 0.01887100 -0.00895000 0.04701500
v 0.01896900 -0.00956800 0.04701500
v 0.01896900 -0.00950200 0.04759800
v 0.02025300 -0.01085200 0.04701500
v 0.02087100 -0.01095000 0.04701500
v 0.02087100 -0.01085000 0.04790600
v 0.02025300 -0.01075400 0.04788400
v 0.02087100 -0.01075400 0.04825200
v 0.02025300 -0.01046600 0.04870800
v 0.02087100 -0.01055400 0.04875100
v 0.02087100 -0.01018600 0.04936700
v 0.02025300 -0.01000100 0.04944800
v 0.02087100 -0.01007700 0.04950900
v 0.02087100 -0.00944400 0.05014300
v 0.02025300 -0.00938300 0.05006600
v 0.02087100 -0.00930100 0.05025200
v 0.02025300 -0.00864300 0.05053100
v 0.02087100 -0.00784000 0.05091500
v 0.02025300 -0.00781800 0.05082000
v 0.02087100 -0.00818600 0.05082000
v 0.02087100 -0.00868600 0.05061900
v 0.01945700 -0.01036400 0.04701500
v 0.01969600 -0.01056800 0.04701500
v 0.01969600 -0.01047700 0.04782100
v 0.02010600 -0.01079800 0.04701500
v 0.02087100 -0.00695000 0.05101500
v 0.02025300 -0.00695000 0.05091800
v 0.02010600 -0.00695000 0.05086300
v 0.01969600 -0.00775500 0.05054300
v 0.01969600 -0.00852000 0.05027500
v 0.01969600 -0.00920600 0.04984400
v 0.01969600 -0.00977900 0.04927100
v 0.01969600 -0.01021000 0.04858500
v 0.01925300 -0.01012600 0.04701500
v 0.01925300 -0.01004600 0.04772200
v 0.01925300 -0.00981100 0.04839300
v 0.01925300 -0.00943300 0.04899500
v 0.01925300 -0.00893000 0.04949800
v 0.01925300 -0.00832800 0.04987700
v 0.01925300 -0.00765700 0.05011100
v 0.01969600 -0.00695000 0.05063300
v 0.01945700 -0.00695000 0.05043000
v 0.01925300 -0.00695000 0.05019100
v 0.01902300 -0.00695000 0.04978100
v 0.01896900 -0.00930900 0.04815100
v 0.01896900 -0.00899700 0.04864800
v 0.01896900 -0.00858200 0.04906200
v 0.01896900 -0.00808600 0.04937400
v 0.01896900 -0.00753300 0.04956800
v 0.01896900 -0.00695000 0.04963300
v 0.01887100 -0.00890000 0.04746000
v 0.01887100 -0.00875200 0.04788300
v 0.01887100 -0.00851400 0.04826200
v 0.01887100 -0.00819700 0.04857900
v 0.01887100 -0.00781800 0.04881700
v 0.01887100 -0.00739500 0.04896500
v 0.01887100 -0.00695000 0.04901500
v 0.02087100 -0.01095000 0.01501500
v 0.02053700 -0.01092200 0.01468200
v 0.02011000 -0.01080000 0.01425500
v 0.01987500 -0.01068400 0.01401900
v 0.01987500 -0.01068400 0.01401900
v 0.01946300 -0.01037000 0.01360800
v 0.01946300 -0.01037000 0.01360800
v 0.01932100 -0.01021400 0.01346600
v 0.01932100 -0.01021400 0.01346600
v 0.01898000 -0.00960200 0.01312500
v 0.01898000 -0.00960200 0.01312500
v 0.01887100 -0.00895000 0.01301500
v 0.01887100 -0.00895000 0.01301500
v 0.01887100 0.00705000 0.04901500
v 0.01896900 0.00705000 0.04963300
v 0.01902300 0.00705000 0.04978100
v 0.01925300 0.00705000 0.05019100
v 0.01945700 0.00705000 0.05043000
v 0.01969600 0.00705000 0.05063300
v 0.02010600 0.00705000 0.05086300
v 0.02025300 0.00705000 0.05091800
v 0.02087100 0.00705000 0.05101500
v 0.02025300 0.00791800 0.05082000
v 0.02087100 0.00794000 0.05091500
v 0.02087100 0.00828600 0.05082000
v 0.02025300 0.00874300 0.05053100
v 0.02087100 0.00878500 0.05061900
v 0.02087100 0.00940100 0.05025200
v 0.02025300 0.00948300 0.05006600
v 0.02087100 0.00954400 0.05014300
v 0.02087100 0.01017700 0.04950900
v 0.02025300 0.01010100 0.04944800
v 0.02087100 0.01028600 0.04936700
v 0.02025300 0.01056600 0.04870800
v 0.02087100 0.01095000 0.04790600
v 0.02025300 0.01085400 0.04788400
v 0.02087100 0.01085400 0.04825200
v 0.02087100 0.01065400 0.04875100
v 0.01969600 0.00785500 0.05054300
v 0.01969600 0.00862000 0.05027500
v 0.01969600 0.00930600 0.04984400
v 0.01969600 0.00987900 0.04927100
v 0.01969600 0.01031000 0.04858500
v 0.01969600 0.01057700 0.04782100
v 0.01925300 0.00775700 0.05011100
v 0.02087100 0.01105000 0.04701500
v 0.02025300 0.01095200 0.04701500
v 0.01969600 0.01066800 0.04701500
v 0.01945700 0.01046400 0.04701500
v 0.01925300 0.00842800 0.04987700
v 0.01925300 0.00903000 0.04949800
v 0.01925300 0.00953300 0.04899500
v 0.01925300 0.00991100 0.04839300
v 0.01925300 0.01014600 0.04772200
v 0.01925300 0.01022600 0.04701500
v 0.01896900 0.00763300 0.04956800
v 0.01896900 0.00818600 0.04937400
v 0.01896900 0.00868200 0.04906200
v 0.01896900 0.00909700 0.04864800
v 0.01896900 0.00940900 0.04815100
v 0.01896900 0.00960200 0.04759800
v 0.01896900 0.00966800 0.04701500
v 0.01887100 0.00749500 0.04896500
v 0.01887100 0.00791800 0.04881700
v 0.01887100 0.00829700 0.04857900
v 0.01887100 0.00861400 0.04826200
v 0.01887100 0.00885200 0.04788300
v 0.01887100 0.00900000 0.04746000
v 0.01887100 0.00905000 0.04701500
v 0.01887100 0.00905000 0.01301500
v 0.01887100 0.00905000 0.01301500
v 0.01888400 0.00928100 0.01302900
v 0.01888400 0.00928100 0.01302900
v 0.01907000 0.00992000 0.01321500
v 0.01907000 0.00992000 0.01321500
v 0.01945700 0.01046400 0.01360100
v 0.01945700 0.01046400 0.01360100
v 0.02010500 0.01089800 0.01424900
v 0.02087100 0.01105000 0.01501500
v 0.01887100 0.00864600 0.03150200
v 0.01887100 0.00865000 0.03151500
v 0.01887100 0.00865000 0.01301500
v 0.01887100 0.00865000 0.01301500
v 0.01837100 0.00815000 0.01301500
v 0.01837100 0.00815000 0.01301500
v 0.01837100 0.00815000 0.02894300
v 0.01837100 0.00815000 0.02894300
v 0.01862100 0.00821700 0.01301500
v 0.01862100 0.00821700 0.01301500
v 0.01862500 0.00821900 0.02992700
v 0.01880400 0.00840000 0.01301500
v 0.01880400 0.00840000 0.01301500
v 0.01864200 0.00822900 0.03001800
v 0.01864200 0.00822900 0.03001800
v 0.01869600 0.00827000 0.03020500
v 0.01869600 0.00827000 0.03020500
v 0.01877600 0.00835700 0.03054500
v 0.01877600 0.00835700 0.03054500
v 0.01880400 0.00840000 0.03070100
v 0.01882600 0.00844200 0.03084300
v 0.01872700 -0.00819800 0.03032200
v 0.01872700 -0.00819800 0.03032200
v 0.01864200 -0.00812900 0.03001800
v 0.01864200 -0.00812900 0.03001800
v 0.01872500 -0.00819600 0.01301500
v 0.01872500 -0.00819600 0.01301500
v 0.01857100 -0.00809200 0.02967900
v 0.01856200 -0.00808800 0.01301500
v 0.01856200 -0.00808800 0.01301500
v 0.01837100 -0.00805000 0.02894300
v 0.01837100 -0.00805000 0.02894300
v 0.01837100 -0.00805000 0.01301500
v 0.01837100 -0.00805000 0.01301500
v 0.01879100 -0.00827800 0.03062300
v 0.01879100 -0.00827800 0.03062300
v 0.01883300 -0.00835900 0.01301500
v 0.01883300 -0.00835900 0.01301500
v 0.01883300 -0.00835900 0.01301500
v 0.01884100 -0.00838000 0.03097200
v 0.01887100 -0.00854600 0.03150200
v 0.01887100 -0.00855000 0.01301500
v 0.01887100 -0.00855000 0.01301500
v 0.01887100 -0.00855000 0.03151500
v 0.01818300 -0.00785800 0.02898400
v 0.01818300 -0.00785800 0.02898400
v 0.01834700 -0.00805000 0.02886600
v 0.01834700 -0.00805000 0.02886600
v 0.01844100 -0.00799200 0.02948600
v 0.01844100 -0.00799200 0.02948600
v 0.01834700 0.00815000 0.02886600
v 0.01834700 0.00815000 0.02886600
v 0.01815000 0.00794300 0.02892900
v 0.01815000 0.00794300 0.02892900
v 0.01844100 0.00809300 0.02948700
v 0.01844100 0.00809300 0.02948700
v 0.02525900 0.00905000 0.01301500
v 0.02525900 0.00905000 0.01301500
v 0.02525900 0.00981500 0.01316800
v 0.02525900 0.00981500 0.01316800
v 0.02525900 0.01046400 0.01360100
v 0.02525900 0.01046400 0.01360100
v 0.02525900 0.01105000 0.01501500
v 0.02525900 0.01105000 0.01501500
v 0.02525900 0.01105000 0.04701500
v 0.02525900 0.01105000 0.04701500
v 0.02525900 0.00705000 0.05101500
v 0.02525900 0.00705000 0.05101500
v 0.02525900 0.01085400 0.04825200
v 0.02525900 0.01085400 0.04825200
v 0.02525900 0.01028600 0.04936700
v 0.02525900 0.01028600 0.04936700
v 0.02525900 0.00940100 0.05025200
v 0.02525900 0.00940100 0.05025200
v 0.02525900 0.00828600 0.05082000
v 0.02525900 0.00828600 0.05082000
v 0.02525900 -0.01075400 0.04825200
v 0.02525900 -0.01075400 0.04825200
v 0.02525900 -0.01095000 0.04701500
v 0.02525900 -0.01095000 0.04701500
v 0.02525900 -0.00695000 0.05101500
v 0.02525900 -0.00695000 0.05101500
v 0.02525900 -0.00895000 0.01301500
v 0.02525900 -0.00895000 0.01301500
v 0.02525900 0.01089800 0.01425000
v 0.02525900 0.01089800 0.01425000
v 0.02525900 -0.00818600 0.05082000
v 0.02525900 -0.00818600 0.05082000
v 0.02525900 -0.00930100 0.05025200
v 0.02525900 -0.00930100 0.05025200
v 0.02525900 -0.01018600 0.04936700
v 0.02525900 -0.01018600 0.04936700
v 0.02525900 -0.01036400 0.01360100
v 0.02525900 -0.01036400 0.01360100
v 0.02525900 -0.00971500 0.01316800
v 0.02525900 -0.00971500 0.01316800
v 0.02525900 -0.01079800 0.01425000
v 0.02525900 -0.01079800 0.01425000
v 0.02525900 -0.01095000 0.01501500
v 0.02525900 -0.01095000 0.01501500
vn 0.04720000 -0.27250000 0.96100000
vn 0.17690000 -0.93360000 0.31160000
vn 0.06830000 -0.39930000 0.91430000
vn 0.62220000 -0.72010000 0.30720000
vn 0.26620000 -0.34150000 0.90140000
vn 0.40850000 -0.11270000 0.90580000
vn 0.91310000 -0.30000000 0.27610000
vn 0.30630000 -0.19520000 0.93170000
vn 0.95240000 0.16130000 0.25880000
vn 0.40200000 0.06440000 0.91340000
vn 0.26800000 0.04620000 0.96230000
vn 0.35360000 0.23930000 0.90430000
vn 0.78030000 0.56250000 0.27330000
vn 0.20460000 0.29370000 0.93380000
vn 0.19710000 0.40700000 0.89190000
vn 0.45440000 0.84310000 0.28760000
vn 0.03450000 0.40830000 0.91220000
vn 0.07590000 0.95870000 0.27420000
vn -0.00000000 -0.00000000 1.00000000
vn -0.04940000 0.26100000 0.96410000
vn -0.17970000 0.94910000 0.25890000
vn -0.07680000 0.40560000 0.91080000
vn 0.97770000 0.16670000 0.12800000
vn 0.84880000 0.51290000 0.12810000
vn 0.70050000 0.70110000 0.13290000
vn 0.51130000 0.84980000 0.12810000
vn 0.29150000 0.94690000 0.13590000
vn 0.05520000 0.99020000 0.12800000
vn -0.18450000 0.97430000 0.12940000
vn -0.18140000 0.36740000 0.91220000
vn -0.42130000 0.86450000 0.27420000
vn -0.41360000 0.90140000 0.12800000
vn -0.61760000 0.77470000 0.13590000
vn -0.73130000 0.61850000 0.28760000
vn -0.33230000 0.30670000 0.89190000
vn -0.78660000 0.60410000 0.12800000
vn -0.90840000 0.39640000 0.13290000
vn -0.39540000 0.07630000 0.91530000
vn -0.93200000 0.23810000 0.27330000
vn -0.97770000 0.16660000 0.12800000
vn -0.97090000 -0.20070000 0.13030000
vn -0.39610000 -0.07300000 0.91530000
vn -0.94540000 -0.19830000 0.25880000
vn -0.98530000 -0.17100000 -0.00450000
vn -0.00000000 -0.00000000 1.00000000
vn -0.00000000 -0.00000000 1.00000000
vn -0.94460000 0.32800000 -0.01320000
vn -0.65320000 0.75700000 -0.01850000
vn -0.00000000 -0.00000000 1.00000000
vn -0.18610000 0.98230000 -0.02020000
vn -0.00000000 -0.00000000 1.00000000
vn 0.33110000 0.94340000 -0.01850000
vn -0.00000000 -0.00000000 1.00000000
vn 0.75920000 0.65070000 -0.01330000
vn -0.00000000 -0.00000000 1.00000000
vn -0.00000000 -0.00000000 1.00000000
vn 0.98030000 0.19750000 0.00060000
vn 0.30630000 -0.19520000 0.93170000
vn 0.40850000 -0.11270000 0.90580000
vn 0.91310000 -0.30000000 0.27610000
vn 0.94900000 0.17980000 0.25880000
vn 0.40070000 0.07100000 0.91350000
vn 0.04720000 -0.27250000 0.96100000
vn 0.06830000 -0.39930000 0.91430000
vn 0.17690000 -0.93360000 0.31160000
vn 0.62220000 -0.72010000 0.30720000
vn 0.26620000 -0.34150000 0.90140000
vn 0.26940000 0.04810000 0.96180000
vn 0.34480000 0.26760000 0.89970000
vn 0.73210000 0.63020000 0.25880000
vn 0.20370000 0.30050000 0.93180000
vn 0.10720000 0.39910000 0.91060000
vn 0.31880000 0.91180000 0.25880000
vn -0.06830000 0.39940000 0.91420000
vn -0.17980000 0.94900000 0.25890000
vn -0.04710000 0.27250000 0.96100000
vn -0.00000000 -0.00000000 1.00000000
vn 0.97450000 0.18460000 0.12790000
vn 0.75160000 0.64710000 0.12780000
vn 0.32740000 0.93620000 0.12780000
vn -0.18460000 0.97450000 0.12790000
vn -0.64710000 0.75160000 0.12790000
vn -0.26620000 0.34150000 0.90140000
vn -0.63020000 0.73200000 0.25890000
vn -0.93620000 0.32740000 0.12780000
vn -0.91180000 0.31880000 0.25890000
vn -0.40850000 0.11270000 0.90580000
vn -0.97450000 -0.18290000 0.13010000
vn -0.94900000 -0.17980000 0.25880000
vn -0.40070000 -0.07100000 0.91350000
vn -0.00000000 -0.00000000 1.00000000
vn -0.98580000 -0.16770000 -0.00000000
vn -0.00000000 -0.00000000 1.00000000
vn -0.94390000 0.33010000 -0.00000000
vn -0.00000000 -0.00000000 1.00000000
vn -0.82630000 0.56320000 -0.00000000
vn -0.43410000 0.90090000 -0.00000000
vn -0.00000000 -0.00000000 1.00000000
vn -0.18620000 0.98250000 -0.00000000
vn 0.07450000 0.99720000 -0.00000000
vn 0.56320000 0.82630000 -0.00000000
vn -0.00000000 -0.00000000 1.00000000
vn 0.75780000 0.65240000 -0.00000000
vn -0.00000000 -0.00000000 1.00000000
vn 0.90090000 0.43410000 -0.00000000
vn -0.00000000 -0.00000000 1.00000000
vn 0.99890000 -0.04480000 0.00990000
vn -0.00000000 -1.00000000 -0.00000000
vn -0.00000000 -1.00000000 -0.00000000
vn -0.00000000 -1.00000000 -0.00000000
vn -0.00000000 -1.00000000 -0.00000000
vn -0.00000000 -1.00000000 -0.00000000
vn -0.00000000 -1.00000000 -0.00000000
vn -0.00000000 -1.00000000 -0.00000000
vn -0.00000000 -1.00000000 -0.00000000
vn -0.00000000 -1.00000000 -0.00000000
vn -0.00000000 -1.00000000 -0.00000000
vn -0.39220000 -0.00000000 -0.91990000
vn -0.00000000 -1.00000000 -0.00000000
vn -0.13230000 -0.01670000 -0.99110000
vn -0.00000000 -1.00000000 -0.00000000
vn -0.43840000 -0.00000000 0.89880000
vn -0.00000000 -1.00000000 -0.00000000
vn -0.00000000 -1.00000000 -0.00000000
vn -0.00000000 -1.00000000 -0.00000000
vn -0.67380000 -0.00000000 0.73890000
vn -0.00000000 -1.00000000 -0.00000000
vn -0.00000000 -1.00000000 -0.00000000
vn -0.85470000 -0.00000000 0.51910000
vn -0.00000000 -1.00000000 -0.00000000
vn -0.00000000 -1.00000000 -0.00000000
vn -0.00000000 -1.00000000 -0.00000000
vn 0.39220000 -0.00000000 0.91990000
vn -0.00000000 -1.00000000 -0.00000000
vn -0.00000000 -1.00000000 -0.00000000
vn 0.11710000 -0.00000000 0.99310000
vn -0.00000000 -1.00000000 -0.00000000
vn -0.16740000 -0.00000000 0.98590000
vn -0.00000000 -1.00000000 -0.00000000
vn 0.18200000 -0.01570000 -0.98320000
vn -0.00000000 -1.00000000 -0.00000000
vn 0.43840000 -0.00000000 -0.89880000
vn 0.67380000 -0.00000000 -0.73890000
vn -0.00000000 -1.00000000 -0.00000000
vn 0.85470000 -0.00000000 -0.51910000
vn -0.00000000 -1.00000000 -0.00000000
vn -0.96630000 -0.00000000 0.25730000
vn -0.00000000 -1.00000000 -0.00000000
vn -0.00000000 -1.00000000 -0.00000000
vn -0.99970000 -0.00000000 -0.02540000
vn -0.00000000 -1.00000000 -0.00000000
vn -0.95200000 -0.00000000 -0.30600000
vn -0.00000000 -1.00000000 -0.00000000
vn -0.00000000 -1.00000000 -0.00000000
vn -0.82730000 -0.00000000 -0.56180000
vn -0.00000000 -1.00000000 -0.00000000
vn -0.63550000 -0.00000000 -0.77210000
vn 0.96630000 -0.00000000 -0.25730000
vn -0.00000000 -1.00000000 -0.00000000
vn 0.99970000 -0.00000000 0.02540000
vn -0.00000000 -1.00000000 -0.00000000
vn -0.00000000 -1.00000000 -0.00000000
vn 0.95350000 -0.00710000 0.30140000
vn -0.00000000 -1.00000000 -0.00000000
vn 0.82540000 -0.00290000 0.56450000
vn 0.63550000 -0.00000000 0.77210000
vn -0.00000000 -1.00000000 -0.00000000
vn -0.00000000 -1.00000000 -0.00000000
vn 0.82430000 -0.00000000 0.56610000
vn 0.63550000 -0.00000000 0.77210000
vn -0.00000000 -1.00000000 -0.00000000
vn 0.39220000 -0.00000000 0.91990000
vn -0.00000000 -1.00000000 -0.00000000
vn -0.00000000 -1.00000000 -0.00000000
vn 0.11710000 -0.00000000 0.99310000
vn -0.00000000 -1.00000000 -0.00000000
vn -0.16740000 -0.00000000 0.98590000
vn -0.00000000 -1.00000000 -0.00000000
vn -0.43840000 -0.00000000 0.89880000
vn -0.00000000 -1.00000000 -0.00000000
vn -0.67380000 -0.00000000 0.73890000
vn -0.00000000 -1.00000000 -0.00000000
vn -0.85470000 -0.00000000 0.51910000
vn -0.00000000 -1.00000000 -0.00000000
vn -0.96630000 -0.00000000 0.25730000
vn -0.00000000 -1.00000000 -0.00000000
vn -0.99970000 -0.00000000 -0.02540000
vn -0.00000000 -1.00000000 -0.00000000
vn -0.95200000 -0.00000000 -0.30600000
vn -0.82730000 -0.00000000 -0.56180000
vn -0.00000000 -1.00000000 -0.00000000
vn -0.00000000 1.00000000 -0.00000000
vn -0.00000000 -1.00000000 -0.00000000
vn 0.70710000 -0.70710000 -0.00000000
vn 0.92320000 -0.00520000 0.38430000
vn -0.00000000 1.00000000 -0.00000000
vn 0.97020000 -0.00000000 0.24240000
vn 0.70640000 -0.70640000 -0.04450000
vn -0.00000000 1.00000000 -0.00000000
vn -0.00000000 1.00000000 -0.00000000
vn 0.99970000 -0.00000000 0.02540000
vn 0.68610000 -0.70710000 -0.17110000
vn -0.00000000 1.00000000 -0.00000000
vn -0.00000000 1.00000000 -0.00000000
vn 0.96630000 -0.00000000 -0.25730000
vn 0.62440000 -0.70710000 -0.33200000
vn -0.00000000 1.00000000 -0.00000000
vn -0.00000000 1.00000000 -0.00000000
vn 0.85470000 -0.00000000 -0.51910000
vn -0.00000000 1.00000000 -0.00000000
vn 0.52550000 -0.70710000 -0.47320000
vn 0.67380000 -0.00000000 -0.73890000
vn -0.00000000 1.00000000 -0.00000000
vn -0.00000000 1.00000000 -0.00000000
vn 0.39540000 -0.70710000 -0.58620000
vn 0.43840000 -0.00000000 -0.89880000
vn -0.00000000 1.00000000 -0.00000000
vn 0.28340000 -0.70640000 -0.64860000
vn -0.00000000 1.00000000 -0.00000000
vn -0.00000000 1.00000000 -0.00000000
vn 0.20050000 -0.00000000 -0.97970000
vn -0.00000000 -1.00000000 -0.00000000
vn 0.02170000 -0.02360000 -0.99950000
vn -0.00000000 1.00000000 -0.00000000
vn 0.24190000 -0.70710000 -0.66450000
vn -0.00000000 1.00000000 -0.00000000
vn -0.97940000 -0.00000000 -0.20210000
vn -0.00000000 1.00000000 -0.00000000
vn -0.97940000 -0.00000000 -0.20210000
vn -0.00000000 1.00000000 -0.00000000
vn -0.99660000 -0.00000000 0.08200000
vn -0.00000000 1.00000000 -0.00000000
vn -0.99660000 -0.00000000 0.08200000
vn -0.93320000 -0.00000000 0.35950000
vn -0.00000000 1.00000000 -0.00000000
vn -0.93320000 -0.00000000 0.35950000
vn -0.00000000 1.00000000 -0.00000000
vn -0.00000000 1.00000000 -0.00000000
vn -0.79410000 -0.00000000 0.60780000
vn -0.00000000 1.00000000 -0.00000000
vn -0.79410000 -0.00000000 0.60780000
vn -0.59070000 -0.00000000 0.80690000
vn -0.00000000 1.00000000 -0.00000000
vn -0.00000000 1.00000000 -0.00000000
vn -0.59070000 -0.00000000 0.80690000
vn -0.33940000 -0.00000000 0.94060000
vn -0.00000000 1.00000000 -0.00000000
vn -0.00000000 1.00000000 -0.00000000
vn -0.33940000 -0.00000000 0.94060000
vn -0.06060000 -0.00000000 0.99820000
vn -0.00000000 1.00000000 -0.00000000
vn -0.00000000 1.00000000 -0.00000000
vn -0.06060000 -0.00000000 0.99820000
vn -0.00000000 1.00000000 -0.00000000
vn 0.22300000 -0.00000000 0.97480000
vn 0.22300000 -0.00000000 0.97480000
vn -0.00000000 1.00000000 -0.00000000
vn 0.48860000 -0.00000000 0.87250000
vn -0.00000000 1.00000000 -0.00000000
vn -0.00000000 1.00000000 -0.00000000
vn 0.48860000 -0.00000000 0.87250000
vn 0.71460000 -0.00000000 0.69950000
vn -0.00000000 1.00000000 -0.00000000
vn -0.00000000 1.00000000 -0.00000000
vn 0.71460000 -0.00000000 0.69950000
vn 0.87710000 0.01830000 0.48000000
vn -0.00000000 1.00000000 -0.00000000
vn 0.88280000 -0.00000000 0.46980000
vn -0.00000000 1.00000000 -0.00000000
vn 0.98080000 0.01260000 0.19480000
vn -0.00000000 1.00000000 -0.00000000
vn -0.00000000 -1.00000000 -0.00000000
vn 0.70710000 0.70710000 -0.00000000
vn 0.93120000 0.06970000 0.35770000
vn -0.00000000 1.00000000 -0.00000000
vn -0.00000000 -1.00000000 -0.00000000
vn 0.98660000 -0.00000000 0.16340000
vn 0.24190000 0.70710000 -0.66450000
vn -0.00000000 1.00000000 -0.00000000
vn -0.00000000 -1.00000000 -0.00000000
vn -0.03510000 0.01070000 -0.99930000
vn 0.12090000 -0.00000000 -0.99270000
vn -0.00000000 -1.00000000 -0.00000000
vn -0.00000000 -1.00000000 -0.00000000
vn 0.28340000 0.70640000 -0.64860000
vn 0.33940000 -0.00000000 -0.94060000
vn -0.00000000 -1.00000000 -0.00000000
vn 0.39540000 0.70710000 -0.58620000
vn -0.00000000 -1.00000000 -0.00000000
vn -0.00000000 -1.00000000 -0.00000000
vn 0.59070000 -0.00000000 -0.80690000
vn 0.52550000 0.70710000 -0.47320000
vn -0.00000000 -1.00000000 -0.00000000
vn -0.00000000 -1.00000000 -0.00000000
vn 0.79410000 -0.00000000 -0.60780000
vn -0.00000000 -1.00000000 -0.00000000
vn 0.62440000 0.70710000 -0.33200000
vn -0.00000000 -1.00000000 -0.00000000
vn 0.93310000 -0.00000000 -0.35950000
vn 0.68610000 0.70710000 -0.17110000
vn -0.00000000 -1.00000000 -0.00000000
vn -0.00000000 -1.00000000 -0.00000000
vn 0.99660000 -0.00000000 -0.08200000
vn 0.70640000 0.70640000 -0.04450000
vn -0.00000000 -1.00000000 -0.00000000
vn -0.00000000 1.00000000 -0.00000000
vn -0.00000000 1.00000000 -0.00000000
vn -0.00000000 1.00000000 -0.00000000
vn -0.00000000 1.00000000 -0.00000000
vn -0.00000000 1.00000000 -0.00000000
vn -0.00000000 1.00000000 -0.00000000
vn -0.00000000 1.00000000 -0.00000000
vn -0.00000000 1.00000000 -0.00000000
vn -0.71460000 -0.00000000 -0.69950000
vn -0.00000000 1.00000000 -0.00000000
vn -0.00000000 1.00000000 -0.00000000
vn -0.88280000 -0.00000000 -0.46980000
vn -0.00000000 1.00000000 -0.00000000
vn -0.00000000 1.00000000 -0.00000000
vn -0.00000000 1.00000000 -0.00000000
vn 0.93310000 -0.00000000 -0.35950000
vn -0.00000000 1.00000000 -0.00000000
vn 0.79410000 -0.00000000 -0.60780000
vn -0.00000000 1.00000000 -0.00000000
vn -0.00000000 1.00000000 -0.00000000
vn -0.00000000 1.00000000 -0.00000000
vn 0.59070000 -0.00000000 -0.80690000
vn -0.00000000 1.00000000 -0.00000000
vn -0.00000000 1.00000000 -0.00000000
vn -0.00000000 1.00000000 -0.00000000
vn 0.99660000 -0.00000000 -0.08200000
vn -0.00000000 1.00000000 -0.00000000
vn 0.33940000 -0.00000000 -0.94060000
vn -0.00000000 1.00000000 -0.00000000
vn -0.00000000 1.00000000 -0.00000000
vn 0.06960000 0.01240000 -0.99750000
vn -0.00000000 1.00000000 -0.00000000
vn -0.22930000 0.00600000 -0.97330000
vn -0.00000000 1.00000000 -0.00000000
vn -0.48860000 -0.00000000 -0.87250000
vn -0.00000000 1.00000000 -0.00000000
vn 0.02210000 0.31420000 -0.94910000
vn 0.00790000 0.08870000 -0.99600000
vn 0.04330000 0.11050000 -0.99290000
vn -0.08100000 -0.94140000 -0.32730000
vn -0.08880000 -0.99110000 -0.09880000
vn 0.14770000 -0.98030000 -0.13080000
vn -0.06280000 -0.69830000 -0.71310000
vn -0.07230000 -0.84490000 -0.53010000
vn 0.14900000 -0.85390000 -0.49860000
vn 0.32090000 -0.94640000 -0.03540000
vn 0.41000000 -0.76070000 -0.50320000
vn 0.47480000 -0.87100000 -0.12640000
vn 0.61280000 -0.61390000 -0.49770000
vn 0.59390000 -0.80410000 -0.02570000
vn 0.72610000 -0.67470000 -0.13250000
vn 0.74730000 -0.42560000 -0.51040000
vn 0.86080000 -0.49150000 -0.13240000
vn 0.83880000 -0.21250000 -0.50120000
vn 0.83440000 0.53500000 -0.13230000
vn 0.71350000 0.49370000 -0.49720000
vn 0.93440000 0.33070000 -0.13240000
vn 0.81100000 0.28600000 -0.51030000
vn 0.98740000 0.08820000 -0.13150000
vn 0.86340000 0.06010000 -0.50090000
vn 0.99560000 -0.08920000 -0.02760000
vn 0.95600000 -0.26230000 -0.13160000
vn 0.73580000 0.67470000 -0.05850000
vn 0.60620000 0.78560000 -0.12390000
vn 0.52360000 0.68580000 -0.50550000
vn 0.30390000 0.81150000 -0.49920000
vn 0.17630000 0.44850000 -0.87620000
vn 0.50300000 0.86350000 0.03700000
vn 0.32120000 0.93780000 -0.13190000
vn 0.08660000 0.99120000 -0.10060000
vn -0.04020000 -0.42710000 -0.90330000
vn 0.09180000 -0.47180000 -0.87690000
vn 0.12000000 -0.22950000 -0.96590000
vn 0.32770000 -0.62660000 -0.70710000
vn 0.49100000 -0.50890000 -0.70700000
vn 0.17970000 -0.18620000 -0.96590000
vn 0.61440000 -0.35000000 -0.70710000
vn 0.22470000 -0.12800000 -0.96600000
vn 0.68810000 -0.16260000 -0.70710000
vn 0.25200000 -0.05960000 -0.96590000
vn 0.70640000 0.03780000 -0.70680000
vn 0.25850000 0.01380000 -0.96590000
vn 0.66680000 0.23520000 -0.70720000
vn 0.24420000 0.08610000 -0.96590000
vn 0.57360000 0.41350000 -0.70710000
vn 0.20970000 0.15120000 -0.96600000
vn 0.15880000 0.20440000 -0.96590000
vn 0.43400000 0.55860000 -0.70680000
vn 0.08210000 0.94270000 -0.32350000
vn 0.07080000 0.84220000 -0.53450000
vn 0.05850000 0.70070000 -0.71100000
vn 0.03920000 0.51650000 -0.85540000
vn -0.01180000 -0.11710000 -0.99310000
vn 0.02320000 -0.11640000 -0.99290000
vn 0.05510000 -0.10540000 -0.99290000
vn 0.08240000 -0.08540000 -0.99290000
vn 0.10310000 -0.05870000 -0.99290000
vn 0.11570000 -0.02740000 -0.99290000
vn 0.11850000 0.00640000 -0.99290000
vn 0.11190000 0.03950000 -0.99290000
vn 0.09650000 0.06960000 -0.99290000
vn 0.07280000 0.09370000 -0.99290000
vn -0.00000000 -0.00000000 -1.00000000
vn -0.00000000 -0.00000000 -1.00000000
vn -0.00000000 -0.00000000 -1.00000000
vn -0.00000000 -0.00000000 -1.00000000
vn -0.00000000 -0.00000000 -1.00000000
vn -0.00000000 -0.00000000 -1.00000000
vn -0.00000000 -0.00000000 -1.00000000
vn -0.01740000 0.08740000 -0.99600000
vn -0.00000000 -0.00000000 -1.00000000
vn -0.04130000 0.07890000 -0.99600000
vn -0.00000000 -0.00000000 -1.00000000
vn -0.06180000 0.06410000 -0.99600000
vn -0.00000000 -0.00000000 -1.00000000
vn -0.07740000 0.04410000 -0.99600000
vn -0.00000000 -0.00000000 -1.00000000
vn -0.08670000 0.02050000 -0.99600000
vn -0.08890000 -0.00480000 -0.99600000
vn -0.00000000 -0.00000000 -1.00000000
vn -0.08400000 -0.02960000 -0.99600000
vn -0.00000000 -0.00000000 -1.00000000
vn -0.07220000 -0.05210000 -0.99600000
vn -0.00000000 -0.00000000 -1.00000000
vn -0.05460000 -0.07030000 -0.99600000
vn -0.00000000 -0.00000000 -1.00000000
vn -0.03260000 -0.08290000 -0.99600000
vn -0.00000000 -0.00000000 -1.00000000
vn -0.00000000 -0.00000000 -1.00000000
vn -0.00000000 -0.00000000 -1.00000000
vn -0.00000000 -0.00000000 -1.00000000
vn -0.00000000 -0.00000000 -1.00000000
vn -0.32250000 -0.94140000 -0.09910000
vn -0.00000000 -0.00000000 1.00000000
vn -0.08920000 -0.99600000 -0.00900000
vn -0.00000000 -0.00000000 1.00000000
vn -0.46280000 -0.88640000 -0.01080000
vn -0.48470000 -0.87400000 0.03470000
vn -0.61750000 -0.78020000 -0.09920000
vn -0.00000000 -0.00000000 1.00000000
vn -0.76830000 -0.64000000 -0.00950000
vn -0.73600000 -0.67690000 0.00460000
vn -0.83760000 -0.53710000 -0.09940000
vn -0.00000000 -0.00000000 1.00000000
vn -0.95390000 -0.30000000 -0.00870000
vn -0.93810000 -0.33200000 -0.09920000
vn -0.99120000 -0.08840000 -0.09840000
vn -0.99590000 0.08920000 -0.01120000
vn -0.00000000 -0.00000000 1.00000000
vn -0.99500000 0.08910000 0.04500000
vn -0.95970000 0.26320000 -0.09860000
vn -0.00000000 -0.00000000 1.00000000
vn -0.88540000 0.46470000 -0.00870000
vn -0.86410000 0.49340000 -0.09930000
vn -0.72880000 0.67750000 -0.09950000
vn -0.00000000 -0.00000000 1.00000000
vn -0.64240000 0.76630000 -0.00950000
vn -0.59170000 0.80490000 0.04600000
vn -0.47670000 0.87410000 -0.09370000
vn -0.29800000 0.95450000 -0.01080000
vn -0.00000000 -0.00000000 1.00000000
vn -0.00000000 -0.00000000 1.00000000
vn 0.08920000 0.99600000 -0.00900000
vn -0.15000000 0.98370000 -0.09880000
vn -0.32160000 0.94620000 0.03510000
vn -0.00000000 -1.00000000 -0.00000000
vn -0.24840000 -0.00000000 0.96870000
vn -0.24840000 -0.00000000 0.96870000
vn -0.00000000 1.00000000 -0.00000000
vn -0.00000000 1.00000000 -0.00000000
vn 0.04350000 -0.00000000 0.99910000
vn -0.00000000 -1.00000000 -0.00000000
vn 0.04350000 -0.00000000 0.99910000
vn -0.00000000 1.00000000 -0.00000000
vn 0.42260000 -0.00000000 0.90630000
vn 0.42260000 -0.00000000 0.90630000
vn -0.00000000 -1.00000000 -0.00000000
vn 0.73730000 -0.00000000 0.67560000
vn -0.00000000 1.00000000 -0.00000000
vn 0.73730000 -0.00000000 0.67560000
vn -0.00000000 -1.00000000 -0.00000000
vn 0.85490000 -0.00000000 0.51890000
vn -0.93970000 -0.00000000 -0.34200000
vn -0.00000000 1.00000000 -0.00000000
vn -0.93970000 -0.00000000 -0.34200000
vn -0.00000000 -1.00000000 -0.00000000
vn 0.85490000 -0.00000000 0.51890000
vn 0.98830000 -0.00000000 0.15230000
vn -0.00000000 -1.00000000 -0.00000000
vn -0.93970000 -0.00000000 -0.34210000
vn -0.00000000 1.00000000 -0.00000000
vn 0.98830000 -0.00000000 0.15230000
vn -0.93970000 -0.00000000 -0.34210000
vn -0.00000000 1.00000000 -0.00000000
vn 0.99910000 -0.00000000 -0.04350000
vn 0.99910000 -0.00000000 -0.04350000
vn -0.00000000 -1.00000000 -0.00000000
vn -0.00000000 1.00000000 -0.00000000
vn 0.90630000 -0.00000000 -0.42260000
vn -0.00000000 -1.00000000 -0.00000000
vn 0.90630000 -0.00000000 -0.42260000
vn -0.00000000 1.00000000 -0.00000000
vn 0.67560000 -0.00000000 -0.73730000
vn -0.00000000 -1.00000000 -0.00000000
vn 0.67560000 -0.00000000 -0.73730000
vn 0.38770000 -0.00000000 -0.92180000
vn -0.00000000 1.00000000 -0.00000000
vn -0.00000000 -1.00000000 -0.00000000
vn 0.38770000 -0.00000000 -0.92180000
vn 0.29800000 -0.00340000 -0.95450000
vn 0.28080000 0.00140000 -0.95980000
vn -0.40270000 -0.00000000 0.91530000
vn -0.40270000 -0.00000000 0.91530000
vn -0.37050000 -0.00000000 0.92880000
vn -0.00000000 -1.00000000 -0.00000000
vn -0.37050000 -0.00000000 0.92880000
vn -0.00000000 1.00000000 -0.00000000
vn 0.19800000 -0.00480000 -0.98020000
vn 0.12750000 0.00410000 -0.99180000
vn 0.08720000 -0.00000000 -0.99620000
vn -0.01990000 0.00260000 -0.99980000
vn -0.02180000 -0.00000000 -0.99980000
vn -0.15640000 0.00100000 -0.98770000
vn -0.15650000 -0.00000000 -0.98770000
vn -0.28820000 -0.00000000 -0.95760000
vn -0.28820000 -0.00000000 -0.95760000
vn -0.41470000 0.00110000 -0.91000000
vn -0.41470000 -0.00000000 -0.91000000
vn -0.53360000 -0.00000000 -0.84570000
vn -0.53360000 -0.00000000 -0.84570000
vn -0.64280000 0.00110000 -0.76600000
vn -0.64280000 -0.00000000 -0.76600000
vn -0.74020000 -0.00000000 -0.67240000
vn -0.74020000 -0.00000000 -0.67240000
vn -0.82410000 0.00110000 -0.56640000
vn -0.82410000 -0.00000000 -0.56640000
vn -0.89300000 -0.00000000 -0.45010000
vn -0.89300000 -0.00000000 -0.45010000
vn -0.94550000 0.00100000 -0.32550000
vn -0.94550000 -0.00000000 -0.32560000
vn -0.98080000 -0.00000000 -0.19510000
vn -0.98080000 -0.00000000 -0.19510000
vn -0.99810000 0.00100000 -0.06100000
vn -0.99810000 -0.00000000 -0.06110000
vn -0.99730000 -0.00000000 0.07410000
vn -0.99730000 -0.00000000 0.07410000
vn -0.97810000 0.00080000 0.20790000
vn -0.97820000 -0.00000000 0.20790000
vn -0.94120000 -0.00000000 0.33800000
vn -0.94120000 -0.00000000 0.33800000
vn -0.88700000 0.00070000 0.46180000
vn -0.88700000 -0.00000000 0.46180000
vn -0.81670000 -0.00000000 0.57710000
vn -0.81670000 -0.00000000 0.57710000
vn -0.73140000 0.00050000 0.68200000
vn -0.73140000 -0.00000000 0.68200000
vn -0.63270000 -0.00000000 0.77440000
vn -0.63270000 -0.00000000 0.77440000
vn -0.52250000 0.00030000 0.85270000
vn -0.52250000 -0.00000000 0.85260000
vn -0.00000000 -1.00000000 -0.00000000
vn -0.14560000 -0.01270000 0.98930000
vn -0.00000000 1.00000000 -0.00000000
vn -0.17880000 -0.00000000 0.98390000
vn -0.00000000 1.00000000 -0.00000000
vn -0.41170000 -0.00000000 0.91130000
vn -0.00000000 -1.00000000 -0.00000000
vn -0.41170000 -0.00000000 0.91130000
vn -0.65180000 -0.00000000 0.75840000
vn -0.00000000 1.00000000 -0.00000000
vn -0.00000000 -1.00000000 -0.00000000
vn -0.65180000 -0.00000000 0.75840000
vn -0.00000000 1.00000000 -0.00000000
vn -0.83910000 -0.00000000 0.54400000
vn -0.83910000 -0.00000000 0.54400000
vn -0.00000000 -1.00000000 -0.00000000
vn -0.95840000 -0.00000000 0.28560000
vn -0.00000000 1.00000000 -0.00000000
vn -0.95840000 -0.00000000 0.28560000
vn -0.00000000 -1.00000000 -0.00000000
vn -1.00000000 -0.00000000 0.00400000
vn -0.00000000 1.00000000 -0.00000000
vn -1.00000000 -0.00000000 0.00400000
vn -0.00000000 -1.00000000 -0.00000000
vn -0.96060000 -0.00000000 -0.27790000
vn -0.00000000 1.00000000 -0.00000000
vn -0.00000000 -1.00000000 -0.00000000
vn -0.96060000 -0.00000000 -0.27790000
vn -0.84340000 -0.00000000 -0.53720000
vn -0.00000000 1.00000000 -0.00000000
vn -0.00000000 -1.00000000 -0.00000000
vn -0.84340000 -0.00000000 -0.53720000
vn -0.00000000 1.00000000 -0.00000000
vn -0.65790000 -0.00000000 -0.75310000
vn -0.00000000 -1.00000000 -0.00000000
vn -0.65790000 -0.00000000 -0.75310000
vn -0.00000000 1.00000000 -0.00000000
vn -0.41910000 -0.00000000 -0.90800000
vn -0.00000000 -1.00000000 -0.00000000
vn -0.41910000 -0.00000000 -0.90800000
vn -0.14630000 -0.00000000 -0.98920000
vn -0.00000000 1.00000000 -0.00000000
vn -0.14630000 -0.00000000 -0.98920000
vn -0.00000000 -1.00000000 -0.00000000
vn -0.00000000 1.00000000 -0.00000000
vn 0.13830000 -0.00000000 -0.99040000
vn 0.13830000 -0.00000000 -0.99040000
vn -0.00000000 -1.00000000 -0.00000000
vn -0.00000000 1.00000000 -0.00000000
vn -0.28640000 -0.70630000 0.64740000
vn -0.00000000 1.00000000 -0.00000000
vn 0.01990000 -0.06520000 0.99770000
vn -0.00000000 -1.00000000 -0.00000000
vn -0.24180000 -0.70710000 0.66450000
vn -0.40180000 -0.70980000 0.57860000
vn -0.00000000 1.00000000 -0.00000000
vn -0.53520000 -0.71290000 0.45310000
vn -0.00000000 1.00000000 -0.00000000
vn -0.63200000 -0.71540000 0.29810000
vn -0.00000000 1.00000000 -0.00000000
vn -0.68570000 -0.71720000 0.12380000
vn -0.00000000 1.00000000 -0.00000000
vn -0.69290000 -0.71860000 -0.05830000
vn -0.00000000 1.00000000 -0.00000000
vn -0.00000000 1.00000000 -0.00000000
vn -0.65310000 -0.71960000 -0.23590000
vn -0.56880000 -0.72020000 -0.39720000
vn -0.00000000 1.00000000 -0.00000000
vn -0.44580000 -0.72040000 -0.53130000
vn -0.00000000 1.00000000 -0.00000000
vn -0.29240000 -0.72020000 -0.62920000
vn -0.00000000 1.00000000 -0.00000000
vn -0.00000000 1.00000000 -0.00000000
vn -0.11890000 -0.71960000 -0.68410000
vn -0.00000000 1.00000000 -0.00000000
vn 0.07010000 -0.71430000 -0.69630000
vn 0.40510000 -0.00000000 -0.91430000
vn -0.00000000 1.00000000 -0.00000000
vn -0.00000000 1.00000000 -0.00000000
vn 0.19670000 -0.70630000 -0.68000000
vn -0.00000000 -1.00000000 -0.00000000
vn 0.24180000 -0.70710000 -0.66450000
vn 0.58250000 -0.00720000 -0.81280000
vn -0.00000000 1.00000000 -0.00000000
vn -0.00000000 -1.00000000 -0.00000000
vn -0.00000000 -1.00000000 -0.00000000
vn -0.00000000 -1.00000000 -0.00000000
vn -0.00000000 -1.00000000 -0.00000000
vn -0.00000000 -1.00000000 -0.00000000
vn -0.00000000 -1.00000000 -0.00000000
vn -0.00000000 -1.00000000 -0.00000000
vn -0.00000000 -1.00000000 -0.00000000
vn -0.00000000 -1.00000000 -0.00000000
vn -0.00000000 -1.00000000 -0.00000000
vn -0.00000000 -1.00000000 -0.00000000
vn 0.65790000 -0.00000000 0.75310000
vn -0.00000000 -1.00000000 -0.00000000
vn 0.41910000 -0.00000000 0.90800000
vn -0.00000000 -1.00000000 -0.00000000
vn -0.00000000 -1.00000000 -0.00000000
vn -0.00000000 -1.00000000 -0.00000000
vn 0.14630000 -0.00000000 0.98920000
vn -0.00000000 -1.00000000 -0.00000000
vn 0.95840000 -0.00000000 -0.28560000
vn -0.00000000 -1.00000000 -0.00000000
vn -0.00000000 -1.00000000 -0.00000000
vn 1.00000000 -0.00000000 -0.00400000
vn -0.00000000 -1.00000000 -0.00000000
vn -0.00000000 -1.00000000 -0.00000000
vn -0.00000000 -1.00000000 -0.00000000
vn 0.96060000 -0.00000000 0.27790000
vn 0.84340000 -0.00000000 0.53720000
vn -0.00000000 -1.00000000 -0.00000000
vn -0.00000000 -1.00000000 -0.00000000
vn 0.40770000 -0.00410000 -0.91310000
vn -0.00000000 -1.00000000 -0.00000000
vn -0.00000000 -1.00000000 -0.00000000
vn 0.65670000 -0.00930000 -0.75410000
vn -0.00000000 -1.00000000 -0.00000000
vn 0.83910000 -0.00000000 -0.54400000
vn -0.00000000 1.00000000 -0.00000000
vn -0.24190000 0.70710000 0.66450000
vn 0.03500000 0.01070000 0.99930000
vn -0.00000000 -1.00000000 -0.00000000
vn -0.00000000 -1.00000000 -0.00000000
vn -0.12090000 -0.00000000 0.99270000
vn -0.28950000 0.70620000 0.64620000
vn -0.00000000 -1.00000000 -0.00000000
vn -0.33940000 -0.00000000 0.94060000
vn -0.00000000 -1.00000000 -0.00000000
vn -0.00000000 -1.00000000 -0.00000000
vn -0.41560000 0.70710000 0.57210000
vn -0.59070000 -0.00000000 0.80690000
vn -0.00000000 -1.00000000 -0.00000000
vn -0.00000000 -1.00000000 -0.00000000
vn -0.55720000 0.70710000 0.43530000
vn -0.00000000 -1.00000000 -0.00000000
vn -0.79410000 -0.00000000 0.60780000
vn -0.00000000 -1.00000000 -0.00000000
vn -0.65560000 0.70710000 0.26490000
vn -0.00000000 -1.00000000 -0.00000000
vn -0.93310000 -0.00000000 0.35950000
vn -0.70320000 0.70710000 0.07390000
vn -0.00000000 -1.00000000 -0.00000000
vn -0.99660000 -0.00000000 0.08200000
vn -0.00000000 -1.00000000 -0.00000000
vn -0.00000000 -1.00000000 -0.00000000
vn -0.69640000 0.70710000 -0.12280000
vn -0.00000000 -1.00000000 -0.00000000
vn -0.97940000 -0.00000000 -0.20210000
vn -0.00000000 -1.00000000 -0.00000000
vn -0.63560000 0.70710000 -0.31000000
vn -0.88280000 -0.00000000 -0.46980000
vn -0.00000000 -1.00000000 -0.00000000
vn -0.00000000 -1.00000000 -0.00000000
vn -0.52550000 0.70710000 -0.47320000
vn -0.00000000 -1.00000000 -0.00000000
vn -0.71460000 -0.00000000 -0.69950000
vn -0.00000000 -1.00000000 -0.00000000
vn -0.37470000 0.70710000 -0.59970000
vn -0.00000000 -1.00000000 -0.00000000
vn -0.48860000 -0.00000000 -0.87250000
vn -0.19490000 0.70710000 -0.67970000
vn -0.00000000 -1.00000000 -0.00000000
vn -0.00000000 -1.00000000 -0.00000000
vn -0.22300000 -0.00000000 -0.97480000
vn -0.01960000 0.70700000 -0.70700000
vn -0.00000000 -1.00000000 -0.00000000
vn 0.06060000 -0.00000000 -0.99820000
vn -0.00000000 -1.00000000 -0.00000000
vn 0.12280000 0.70710000 -0.69640000
vn -0.00000000 -1.00000000 -0.00000000
vn -0.00000000 -1.00000000 -0.00000000
vn 0.33940000 -0.00000000 -0.94060000
vn 0.21210000 0.70670000 -0.67490000
vn -0.00000000 -1.00000000 -0.00000000
vn 0.54190000 -0.00000000 -0.84040000
vn -0.00000000 -1.00000000 -0.00000000
vn 0.24180000 0.70710000 -0.66450000
vn 0.66720000 0.01190000 -0.74480000
vn -0.00000000 -1.00000000 -0.00000000
vn -0.00000000 1.00000000 -0.00000000
vn -0.97940000 -0.00000000 -0.20210000
vn -0.00000000 1.00000000 -0.00000000
vn -0.99660000 -0.00000000 0.08200000
vn -0.00000000 1.00000000 -0.00000000
vn -0.93310000 -0.00000000 0.35950000
vn -0.00000000 1.00000000 -0.00000000
vn -0.79410000 -0.00000000 0.60780000
vn -0.00000000 1.00000000 -0.00000000
vn -0.59070000 -0.00000000 0.80690000
vn -0.00000000 1.00000000 -0.00000000
vn -0.33940000 -0.00000000 0.94060000
vn -0.00000000 1.00000000 -0.00000000
vn -0.00000000 1.00000000 -0.00000000
vn -0.06960000 0.01240000 0.99750000
vn -0.00000000 1.00000000 -0.00000000
vn 0.22920000 0.00600000 0.97340000
vn 0.23360000 -0.00000000 0.97230000
vn -0.00000000 1.00000000 -0.00000000
vn -0.00000000 1.00000000 -0.00000000
vn 0.48860000 -0.00000000 0.87250000
vn -0.00000000 1.00000000 -0.00000000
vn 0.48860000 -0.00000000 0.87250000
vn -0.00000000 1.00000000 -0.00000000
vn 0.71460000 -0.00000000 0.69950000
vn -0.00000000 1.00000000 -0.00000000
vn 0.71460000 -0.00000000 0.69950000
vn -0.00000000 1.00000000 -0.00000000
vn 0.88280000 -0.00000000 0.46980000
vn -0.00000000 1.00000000 -0.00000000
vn 0.88280000 -0.00000000 0.46980000
vn -0.00000000 1.00000000 -0.00000000
vn 0.97940000 -0.00000000 0.20210000
vn -0.00000000 1.00000000 -0.00000000
vn 0.97940000 -0.00000000 0.20210000
vn -0.00000000 1.00000000 -0.00000000
vn -0.00000000 1.00000000 -0.00000000
vn -0.00000000 1.00000000 -0.00000000
vn -0.00000000 1.00000000 -0.00000000
vn -0.00000000 1.00000000 -0.00000000
vn -0.00000000 1.00000000 -0.00000000
vn -0.00000000 1.00000000 -0.00000000
vn -0.00000000 1.00000000 -0.00000000
vn -0.88280000 -0.00000000 -0.46980000
vn -0.00000000 1.00000000 -0.00000000
vn -0.00000000 1.00000000 -0.00000000
vn -0.00000000 1.00000000 -0.00000000
vn -0.00000000 1.00000000 -0.00000000
vn 0.06060000 -0.00000000 -0.99820000
vn -0.00000000 1.00000000 -0.00000000
vn -0.22300000 -0.00000000 -0.97480000
vn -0.00000000 1.00000000 -0.00000000
vn -0.00000000 1.00000000 -0.00000000
vn -0.00000000 1.00000000 -0.00000000
vn -0.48860000 -0.00000000 -0.87250000
vn -0.00000000 1.00000000 -0.00000000
vn -0.71460000 -0.00000000 -0.69950000
vn -0.00000000 1.00000000 -0.00000000
vn -0.00000000 1.00000000 -0.00000000
vn -0.00000000 1.00000000 -0.00000000
vn 0.99660000 -0.00000000 -0.08200000
vn -0.00000000 1.00000000 -0.00000000
vn 0.93310000 -0.00000000 -0.35950000
vn -0.00000000 1.00000000 -0.00000000
vn 0.79840000 0.00670000 -0.60210000
vn -0.00000000 1.00000000 -0.00000000
vn -0.00000000 1.00000000 -0.00000000
vn 0.58260000 0.01340000 -0.81270000
vn -0.00000000 1.00000000 -0.00000000
vn 0.33940000 -0.00000000 -0.94060000
vn -0.00000000 1.00000000 -0.00000000
vn 0.70710000 0.70710000 -0.00000000
vn -0.00000000 -0.00000000 1.00000000
vn -0.00000000 1.00000000 -0.00000000
vn 1.00000000 -0.00000000 -0.00000000
vn -0.00000000 -0.00000000 1.00000000
vn 0.70710000 0.70710000 -0.00000000
vn 0.70650000 0.70650000 -0.04210000
vn 0.99810000 -0.00000000 -0.06110000
vn 0.99810000 -0.00000000 -0.06100000
vn 0.68610000 0.70710000 -0.17110000
vn 0.97030000 -0.00000000 -0.24190000
vn 0.62440000 0.70710000 -0.33200000
vn 0.88290000 -0.00000000 -0.46950000
vn 0.74320000 -0.00000000 -0.66910000
vn 0.52550000 0.70710000 -0.47320000
vn 0.39540000 0.70710000 -0.58620000
vn 0.55920000 -0.00000000 -0.82900000
vn 0.39870000 -0.00000000 -0.91710000
vn 0.28120000 0.70650000 -0.64950000
vn 0.29540000 -0.00690000 -0.95540000
vn 0.21330000 0.70680000 -0.67450000
vn 0.12280000 0.70710000 -0.69640000
vn 0.17950000 -0.00950000 -0.98370000
vn -0.01760000 0.70700000 -0.70700000
vn -0.02160000 0.00610000 -0.99970000
vn -0.28340000 0.70640000 0.64860000
vn -0.39880000 -0.00000000 0.91710000
vn -0.28120000 0.70650000 0.64950000
vn -0.00000000 1.00000000 -0.00000000
vn -0.40570000 0.00140000 0.91400000
vn -0.28660000 0.70630000 0.64730000
vn -0.99250000 -0.00000000 0.12190000
vn -0.00000000 -0.00000000 1.00000000
vn -0.00000000 -0.00000000 -1.00000000
vn -0.70450000 0.70440000 0.08650000
vn -0.00000000 -0.00000000 -1.00000000
vn -0.00000000 -0.00000000 1.00000000
vn -0.00000000 1.00000000 -0.00000000
vn -0.70450000 0.70440000 0.08650000
vn -0.97030000 -0.00000000 0.24190000
vn -0.68610000 0.70710000 0.17110000
vn -0.68610000 0.70710000 0.17110000
vn -0.00000000 1.00000000 -0.00000000
vn -0.88290000 -0.00000000 0.46950000
vn -0.62430000 0.70710000 0.33200000
vn -0.00000000 1.00000000 -0.00000000
vn -0.62430000 0.70710000 0.33200000
vn -0.74330000 -0.00070000 0.66900000
vn -0.52550000 0.70710000 0.47310000
vn -0.52550000 0.70710000 0.47310000
vn -0.00000000 1.00000000 -0.00000000
vn -0.55920000 -0.00000000 0.82900000
vn -0.39540000 0.70710000 0.58620000
vn -0.00000000 1.00000000 -0.00000000
vn -0.39540000 0.70710000 0.58620000
vn 0.70710000 -0.70710000 -0.00000000
vn -0.00000000 -0.00000000 1.00000000
vn 1.00000000 -0.00000000 -0.00000000
vn 0.70710000 -0.70710000 -0.00000000
vn -0.00000000 -0.00000000 1.00000000
vn -0.00000000 -1.00000000 -0.00000000
vn 0.99810000 -0.00000000 -0.06100000
vn 0.70650000 -0.70650000 -0.04210000
vn 0.39870000 -0.00000000 -0.91710000
vn 0.28120000 -0.70650000 -0.64950000
vn 0.39540000 -0.70710000 -0.58620000
vn 0.55920000 -0.00000000 -0.82900000
vn 0.74320000 -0.00000000 -0.66910000
vn 0.52550000 -0.70710000 -0.47320000
vn 0.88290000 -0.00000000 -0.46950000
vn 0.62440000 -0.70710000 -0.33200000
vn 0.97030000 -0.00000000 -0.24190000
vn 0.68610000 -0.70710000 -0.17110000
vn 0.27980000 -0.00000000 -0.96000000
vn 0.19930000 -0.70640000 -0.67920000
vn -0.28390000 -0.70640000 0.64840000
vn -0.40270000 -0.00000000 0.91530000
vn -0.52250000 -0.00000000 0.85260000
vn -0.37090000 -0.70650000 0.60280000
vn -0.63270000 -0.00000000 0.77440000
vn -0.44640000 -0.70800000 0.54730000
vn -0.73140000 -0.00000000 0.68200000
vn -0.51830000 -0.70670000 0.48170000
vn -0.57560000 -0.70940000 0.40680000
vn -0.81670000 -0.00000000 0.57710000
vn -0.88700000 -0.00000000 0.46180000
vn -0.62790000 -0.70680000 0.32590000
vn -0.66220000 -0.71070000 0.23740000
vn -0.94120000 -0.00000000 0.33800000
vn -0.97820000 -0.00000000 0.20790000
vn -0.69200000 -0.70690000 0.14630000
vn -0.99730000 -0.00000000 0.07410000
vn -0.70040000 -0.71190000 0.05160000
vn -0.99810000 -0.00000000 -0.06110000
vn -0.70590000 -0.70700000 -0.04370000
vn -0.98080000 -0.00000000 -0.19510000
vn -0.68790000 -0.71270000 -0.13730000
vn -0.66850000 -0.70700000 -0.23060000
vn -0.94550000 -0.00000000 -0.32560000
vn -0.62570000 -0.71330000 -0.31570000
vn -0.89300000 -0.00000000 -0.45010000
vn -0.82410000 -0.00000000 -0.56640000
vn -0.58270000 -0.70710000 -0.40070000
vn -0.74020000 -0.00000000 -0.67240000
vn -0.51840000 -0.71370000 -0.47110000
vn -0.64280000 -0.00000000 -0.76600000
vn -0.45450000 -0.70710000 -0.54170000
vn -0.37390000 -0.71370000 -0.59240000
vn -0.53360000 -0.00000000 -0.84570000
vn -0.29340000 -0.70710000 -0.64340000
vn -0.41470000 -0.00000000 -0.91000000
vn -0.28820000 -0.00000000 -0.95760000
vn -0.20230000 -0.71330000 -0.67100000
vn -0.11100000 -0.70710000 -0.69840000
vn -0.15650000 -0.00000000 -0.98770000
vn -0.01580000 -0.71270000 -0.70120000
vn -0.02180000 -0.00000000 -0.99980000
vn 0.13030000 -0.00150000 -0.99150000
vn 0.09120000 -0.70680000 -0.70150000
vn -0.28120000 -0.70650000 0.64950000
vn -0.00000000 -1.00000000 -0.00000000
vn -0.28340000 -0.70640000 0.64860000
vn -0.39880000 -0.00000000 0.91710000
vn -0.39540000 -0.70710000 0.58620000
vn -0.55760000 0.00300000 0.83010000
vn -0.00000000 -1.00000000 -0.00000000
vn -0.39540000 -0.70710000 0.58620000
vn -0.52550000 -0.70710000 0.47310000
vn -0.74440000 0.00240000 0.66770000
vn -0.00000000 -1.00000000 -0.00000000
vn -0.52550000 -0.70710000 0.47310000
vn -0.62430000 -0.70710000 0.33200000
vn -0.88290000 -0.00000000 0.46950000
vn -0.62430000 -0.70710000 0.33200000
vn -0.00000000 -1.00000000 -0.00000000
vn -0.68610000 -0.70710000 0.17110000
vn -0.97030000 -0.00000000 0.24190000
vn -0.68610000 -0.70710000 0.17110000
vn -0.00000000 -1.00000000 -0.00000000
vn -0.70450000 -0.70440000 0.08650000
vn -0.99250000 -0.00000000 0.12190000
vn -0.00000000 -0.00000000 -1.00000000
vn -0.00000000 -0.00000000 1.00000000
vn -0.00000000 -0.00000000 1.00000000
vn -0.00000000 -0.00000000 -1.00000000
vn -0.70450000 -0.70440000 0.08650000
vn -0.00000000 -1.00000000 -0.00000000
vn -0.63820000 0.00050000 0.76990000
vn -0.00000000 1.00000000 -0.00000000
vn -0.93970000 -0.00000000 -0.34200000
vn -0.63120000 -0.01770000 0.77540000
vn -0.00000000 -1.00000000 -0.00000000
vn -0.93970000 -0.00000000 -0.34200000
vn -0.51490000 -0.00000000 0.85720000
vn -0.00000000 1.00000000 -0.00000000
vn -0.00000000 -1.00000000 -0.00000000
vn -0.52600000 -0.01640000 0.85030000
vn 0.84340000 -0.00000000 0.53720000
vn -0.00000000 -1.00000000 -0.00000000
vn -0.15450000 -0.00000000 -0.98800000
vn -0.00000000 -1.00000000 -0.00000000
vn -0.63550000 -0.00000000 -0.77210000
vn -0.00000000 -1.00000000 -0.00000000
vn -0.00000000 -1.00000000 -0.00000000
vn 0.95840000 -0.00000000 -0.28560000
vn 0.83910000 -0.00000000 -0.54400000
vn -0.00000000 -1.00000000 -0.00000000
vn 0.15710000 -0.01740000 0.98740000
vn -0.00000000 -1.00000000 -0.00000000
vn 0.41910000 -0.00000000 0.90800000
vn -0.00000000 -1.00000000 -0.00000000
vn 0.65790000 -0.00000000 0.75310000
vn -0.00000000 -1.00000000 -0.00000000
vn -0.00000000 -1.00000000 -0.00000000
vn 0.96060000 -0.00000000 0.27790000
vn 1.00000000 -0.00000000 -0.00400000
vn -0.00000000 -1.00000000 -0.00000000
vn -0.00000000 -1.00000000 -0.00000000
vn -0.39220000 -0.00000000 -0.91990000
vn -0.00000000 -1.00000000 -0.00000000
vn 0.69900000 -0.00000000 -0.71510000
vn -0.93970000 -0.00000000 -0.34210000
vn 0.34200000 -0.00000000 -0.93970000
vn -0.00000000 1.00000000 -0.00000000
vn -0.00000000 -1.00000000 -0.00000000
vn -0.93970000 -0.00000000 -0.34210000
vn 0.34200000 -0.00000000 -0.93970000
vn -0.00000000 -0.00000000 1.00000000
vn 0.96700000 -0.25470000 0.00580000
vn 0.00010000 -0.00000000 1.00000000
vn 0.76830000 0.64000000 -0.00950000
vn -0.00000000 -0.00000000 1.00000000
vn -0.00000000 -0.00000000 1.00000000
vn 0.95390000 0.30000000 -0.00870000
vn 0.00010000 -0.00000000 1.00000000
vn -0.00000000 -0.00000000 1.00000000
vn 0.76100000 -0.64870000 -0.00690000
vn 0.00010000 -0.00000000 1.00000000
vn 0.96700000 -0.25470000 0.00580000
vn -0.00000000 -0.00000000 1.00000000
vn -0.00000000 -0.00000000 1.00000000
vn -0.03780000 -0.99920000 -0.01400000
vn 0.40060000 -0.91610000 -0.01400000
vn -0.00000000 -0.00000000 1.00000000
vn -0.00000000 -0.00000000 1.00000000
vn 0.76100000 -0.64870000 -0.00690000
vn -0.00000000 -0.00000000 1.00000000
vn -0.46860000 -0.88330000 -0.01080000
vn -0.80620000 -0.59160000 -0.00330000
vn -0.00000000 -0.00000000 1.00000000
vn 0.99590000 -0.08920000 -0.01120000
vn -0.00000000 -0.00000000 1.00000000
vn 0.88540000 -0.46470000 -0.00870000
vn -0.00000000 -0.00000000 1.00000000
vn -0.00000000 -0.00000000 1.00000000
vn 0.64240000 -0.76630000 -0.00950000
vn 0.29790000 -0.95450000 -0.01080000
vn -0.00000000 -0.00000000 1.00000000
vn -0.00000000 -0.00000000 1.00000000
vn 0.46290000 0.88640000 -0.01080000
vn -0.00000000 -0.00000000 1.00000000
vn 0.40060000 -0.91610000 -0.01400000
vn -0.00000000 -0.00000000 1.00000000
vn -0.03780000 -0.99920000 -0.01400000
vn -0.46860000 -0.88330000 -0.01080000
vn -0.00000000 -0.00000000 1.00000000
vn -0.80620000 -0.59160000 -0.00330000
vn -0.00000000 -0.00000000 1.00000000
vn 0.80150000 -0.00000000 -0.59810000
vn -0.00000000 1.00000000 -0.00000000
vn -0.48860000 -0.00000000 -0.87250000
vn -0.00000000 1.00000000 -0.00000000
vn -0.00000000 1.00000000 -0.00000000
vn -0.23360000 -0.00000000 -0.97230000
vn 0.93310000 -0.00000000 -0.35950000
vn -0.00000000 1.00000000 -0.00000000
vn -0.00000000 1.00000000 -0.00000000
vn 0.99660000 -0.00000000 -0.08200000
vn -0.00000000 1.00000000 -0.00000000
vn -0.71460000 -0.00000000 -0.69950000
vn -0.88280000 -0.00000000 -0.46980000
vn -0.00000000 1.00000000 -0.00000000
vn -0.27540000 0.01330000 -0.96120000
vn -0.19490000 0.70710000 -0.67970000
vn -0.37470000 0.70710000 -0.59970000
vn -0.52980000 0.01370000 -0.84800000
vn -0.52550000 0.70710000 -0.47320000
vn -0.74310000 0.01370000 -0.66900000
vn -0.63560000 0.70710000 -0.31000000
vn -0.89880000 0.01330000 -0.43820000
vn -0.69640000 0.70710000 -0.12280000
vn -0.98480000 0.01240000 -0.17330000
vn -0.99440000 0.01110000 0.10490000
vn -0.70320000 0.70710000 0.07390000
vn -0.92690000 0.00930000 0.37510000
vn -0.65560000 0.70710000 0.26490000
vn -0.78750000 0.00710000 0.61620000
vn -0.55720000 0.70710000 0.43530000
vn -0.58700000 0.00450000 0.80950000
vn -0.41560000 0.70710000 0.57210000
vn -0.13390000 0.68520000 -0.71600000
vn -0.16220000 0.91240000 -0.37580000
vn -0.43850000 0.81390000 -0.38110000
vn -0.65600000 0.65520000 -0.37470000
vn -0.80040000 0.45590000 -0.38930000
vn -0.89720000 0.22730000 -0.37880000
vn -0.92330000 -0.06420000 -0.37870000
vn -0.86870000 -0.30640000 -0.38930000
vn -0.76310000 -0.52670000 -0.37440000
vn -0.32290000 -0.86840000 -0.37630000
vn -0.51010000 -0.65660000 -0.55560000
vn -0.61070000 -0.77400000 -0.16750000
vn -0.25450000 -0.65040000 -0.71570000
vn -0.42820000 -0.55120000 -0.71610000
vn -0.56620000 -0.40830000 -0.71600000
vn -0.65830000 -0.23220000 -0.71610000
vn -0.69700000 -0.03730000 -0.71610000
vn -0.67940000 0.16070000 -0.71590000
vn -0.60660000 0.34550000 -0.71600000
vn -0.48480000 0.50250000 -0.71590000
vn -0.32350000 0.61860000 -0.71600000
vn -0.13350000 -0.34150000 -0.93040000
vn -0.22550000 -0.29020000 -0.93000000
vn -0.29810000 -0.21490000 -0.93000000
vn -0.34640000 -0.12220000 -0.93010000
vn -0.36690000 -0.01960000 -0.93010000
vn -0.35740000 0.08450000 -0.93010000
vn -0.31920000 0.18180000 -0.93010000
vn -0.25510000 0.26440000 -0.93010000
vn -0.17020000 0.32540000 -0.93010000
vn -0.07060000 0.35980000 -0.93040000
vn 0.94730000 -0.29450000 0.12590000
vn 0.78750000 -0.60110000 0.13590000
vn 0.61870000 -0.77510000 0.12860000
vn 0.41340000 -0.89970000 0.14050000
vn 0.18460000 -0.97440000 0.12860000
vn -0.05560000 -0.98850000 0.14050000
vn -0.29240000 -0.94760000 0.12860000
vn -0.51160000 -0.84810000 0.13810000
vn -0.77360000 -0.62020000 0.13030000
vn -0.34470000 -0.26770000 0.89970000
vn -0.74010000 -0.61320000 0.27590000
vn -0.31580000 -0.89770000 0.30720000
vn -0.10720000 -0.39910000 0.91060000
vn -0.20370000 -0.30060000 0.93180000
vn -0.26940000 -0.04820000 0.96180000
vn -0.30630000 0.19520000 0.93170000
vn 0.94730000 -0.29450000 0.12590000
vn 0.78750000 -0.60110000 0.13590000
vn 0.61870000 -0.77510000 0.12860000
vn 0.41340000 -0.89970000 0.14050000
vn 0.18460000 -0.97440000 0.12860000
vn -0.05560000 -0.98850000 0.14050000
vn -0.29240000 -0.94760000 0.12860000
vn -0.51160000 -0.84810000 0.13810000
vn -0.77360000 -0.62020000 0.13030000
vn -0.74020000 -0.61320000 0.27590000
vn -0.34480000 -0.26770000 0.89970000
vn -0.10720000 -0.39910000 0.91060000
vn -0.31580000 -0.89770000 0.30720000
vn -0.30140000 0.19280000 0.93380000
vn -0.26940000 -0.04820000 0.96180000
vn -0.20370000 -0.30060000 0.93180000
vn -0.99670000 -0.08130000 0.00470000
vn -0.94930000 -0.31390000 0.01790000
vn -0.94770000 -0.31100000 0.07100000
vn -0.25150000 -0.96630000 0.05430000
vn -0.07800000 -0.99540000 0.05590000
vn -0.07770000 -0.97890000 0.18910000
vn -0.30880000 -0.92760000 0.21040000
vn -0.08530000 -0.94390000 0.31890000
vn -0.31360000 -0.85460000 0.41390000
vn -0.07760000 -0.89330000 0.44260000
vn -0.08250000 -0.82600000 0.55760000
vn -0.31080000 -0.74050000 0.59580000
vn -0.07670000 -0.75040000 0.65650000
vn -0.07670000 -0.65660000 0.75030000
vn -0.31080000 -0.59580000 0.74050000
vn -0.08250000 -0.55770000 0.82590000
vn -0.31360000 -0.41390000 0.85460000
vn -0.07770000 -0.18910000 0.97890000
vn -0.30880000 -0.21040000 0.92760000
vn -0.08530000 -0.31890000 0.94390000
vn -0.07770000 -0.44260000 0.89340000
vn -0.70530000 -0.70760000 0.04380000
vn -0.56960000 -0.82060000 0.04620000
vn -0.58120000 -0.79120000 0.19030000
vn -0.41730000 -0.90720000 0.05330000
vn -0.07810000 -0.05570000 0.99540000
vn -0.25130000 -0.05410000 0.96640000
vn -0.41740000 -0.05320000 0.90720000
vn -0.58130000 -0.19030000 0.79110000
vn -0.58250000 -0.35270000 0.73230000
vn -0.58250000 -0.50680000 0.63550000
vn -0.58250000 -0.63550000 0.50680000
vn -0.58250000 -0.73230000 0.35270000
vn -0.82910000 -0.55820000 0.03160000
vn -0.80660000 -0.57460000 0.13830000
vn -0.80370000 -0.53610000 0.25820000
vn -0.80370000 -0.46520000 0.37100000
vn -0.80370000 -0.37100000 0.46520000
vn -0.80370000 -0.25820000 0.53610000
vn -0.80430000 -0.14260000 0.57680000
vn -0.56960000 -0.04610000 0.82070000
vn -0.70520000 -0.04380000 0.70760000
vn -0.81830000 -0.03240000 0.57390000
vn -0.90670000 -0.02790000 0.42090000
vn -0.94770000 -0.28750000 0.13840000
vn -0.94770000 -0.24940000 0.19890000
vn -0.94770000 -0.19890000 0.24940000
vn -0.94770000 -0.13840000 0.28740000
vn -0.94920000 -0.07720000 0.30500000
vn -0.96660000 -0.01460000 0.25570000
vn -0.99650000 -0.08190000 0.01870000
vn -0.99650000 -0.07570000 0.03640000
vn -0.99650000 -0.06570000 0.05240000
vn -0.99650000 -0.05240000 0.06570000
vn -0.99650000 -0.03650000 0.07570000
vn -0.99650000 -0.01870000 0.08190000
vn -0.99670000 -0.00470000 0.08120000
vn -0.02550000 -0.99890000 -0.04040000
vn -0.11280000 -0.98690000 -0.11500000
vn -0.20210000 -0.95510000 -0.21670000
vn -0.56280000 -0.82660000 -0.00040000
vn 0.00550000 -0.82700000 -0.56210000
vn -0.70350000 -0.71070000 -0.00020000
vn 0.01210000 -0.70040000 -0.71360000
vn 0.00470000 -0.55350000 -0.83280000
vn -0.83480000 -0.55050000 -0.00030000
vn -0.95540000 -0.29530000 -0.00020000
vn 0.00120000 -0.29330000 -0.95600000
vn 0.00160000 -0.07940000 -0.99680000
vn -0.99690000 -0.07840000 -0.00000000
vn -0.99670000 0.00470000 0.08120000
vn -0.96660000 0.01460000 0.25570000
vn -0.90670000 0.02790000 0.42090000
vn -0.81830000 0.03240000 0.57390000
vn -0.70520000 0.04380000 0.70760000
vn -0.56960000 0.04610000 0.82070000
vn -0.41740000 0.05320000 0.90720000
vn -0.25130000 0.05410000 0.96640000
vn -0.07810000 0.05570000 0.99540000
vn -0.30880000 0.21040000 0.92760000
vn -0.07770000 0.18910000 0.97890000
vn -0.08530000 0.31890000 0.94390000
vn -0.31360000 0.41390000 0.85460000
vn -0.07770000 0.44260000 0.89340000
vn -0.08250000 0.55770000 0.82600000
vn -0.31080000 0.59580000 0.74050000
vn -0.07670000 0.65650000 0.75040000
vn -0.07670000 0.75040000 0.65650000
vn -0.31080000 0.74050000 0.59580000
vn -0.08250000 0.82600000 0.55760000
vn -0.31360000 0.85460000 0.41390000
vn -0.07770000 0.97890000 0.18920000
vn -0.31190000 0.92760000 0.20580000
vn -0.08530000 0.94390000 0.31890000
vn -0.07770000 0.89340000 0.44260000
vn -0.58130000 0.19030000 0.79120000
vn -0.58250000 0.35270000 0.73230000
vn -0.58250000 0.50680000 0.63550000
vn -0.58250000 0.63550000 0.50680000
vn -0.58250000 0.73230000 0.35270000
vn -0.57870000 0.79390000 0.18680000
vn -0.80430000 0.14260000 0.57680000
vn -0.07830000 0.99540000 0.05550000
vn -0.30680000 0.95030000 0.05300000
vn -0.55320000 0.83180000 0.04680000
vn -0.70530000 0.70760000 0.04380000
vn -0.80370000 0.25820000 0.53610000
vn -0.80370000 0.37100000 0.46520000
vn -0.80370000 0.46520000 0.37100000
vn -0.80370000 0.53610000 0.25820000
vn -0.80670000 0.57460000 0.13830000
vn -0.82910000 0.55830000 0.03170000
vn -0.94920000 0.07720000 0.30500000
vn -0.94770000 0.13840000 0.28740000
vn -0.94770000 0.19890000 0.24940000
vn -0.94770000 0.24940000 0.19890000
vn -0.94770000 0.28740000 0.13840000
vn -0.94770000 0.31100000 0.07100000
vn -0.94930000 0.31400000 0.01830000
vn -0.99650000 0.01870000 0.08190000
vn -0.99650000 0.03640000 0.07570000
vn -0.99650000 0.05240000 0.06570000
vn -0.99650000 0.06570000 0.05240000
vn -0.99650000 0.07570000 0.03640000
vn -0.99650000 0.08190000 0.01870000
vn -0.99670000 0.08110000 0.00490000
vn -0.00000000 0.02840000 -0.99960000
vn -0.99960000 0.02840000 -0.00000000
vn -0.00090000 0.15640000 -0.98770000
vn -0.98760000 0.15680000 -0.00030000
vn -0.91950000 0.39320000 -0.00080000
vn -0.00030000 0.39450000 -0.91890000
vn -0.74850000 0.66310000 -0.00090000
vn 0.00240000 0.66070000 -0.75060000
vn -0.24800000 0.93620000 -0.24890000
vn -0.07380000 0.99450000 -0.07380000
vn -0.99980000 0.01420000 0.01320000
vn -1.00000000 0.00090000 0.00050000
vn -0.99140000 0.13060000 -0.00000000
vn -0.00000000 -0.00000000 -1.00000000
vn -0.13050000 0.99140000 -0.00000000
vn -0.00000000 -0.00000000 -1.00000000
vn -0.23880000 0.97110000 -0.00010000
vn -0.68700000 0.70360000 0.18160000
vn -0.00000000 -0.00000000 -1.00000000
vn -0.50000000 0.86600000 -0.00000000
vn -0.56640000 0.82400000 0.01700000
vn -0.00000000 -0.00000000 -1.00000000
vn -0.86600000 0.50000000 -0.00000000
vn -0.59740000 0.80190000 0.00350000
vn -0.94990000 0.00090000 0.31240000
vn -0.72210000 0.69180000 0.00070000
vn -0.96800000 -0.00000000 0.25100000
vn -0.82930000 0.55880000 0.00010000
vn -0.97990000 -0.00010000 0.19940000
vn -0.96780000 0.23690000 0.08460000
vn -0.99120000 0.12220000 0.05120000
vn -0.97190000 -0.00120000 0.23540000
vn -0.76460000 -0.64460000 -0.00000000
vn -0.95260000 -0.00180000 0.30420000
vn -0.62030000 -0.78440000 0.00330000
vn -0.70700000 -0.70720000 0.00030000
vn -0.00000000 -0.00000000 -1.00000000
vn -0.56540000 -0.82410000 0.03490000
vn -0.38260000 -0.92390000 0.00010000
vn -0.00000000 -0.00000000 -1.00000000
vn -0.68570000 -0.70410000 0.18450000
vn -0.18490000 -0.98280000 -0.00010000
vn -0.09810000 -0.99520000 -0.00000000
vn -0.00000000 -0.00000000 -1.00000000
vn -0.96680000 -0.24000000 0.08780000
vn -0.96680000 -0.24000000 0.08770000
vn -0.92400000 -0.38250000 -0.00000000
vn -0.92390000 -0.38250000 0.00030000
vn -0.00000000 -0.00000000 -1.00000000
vn -0.99360000 -0.10270000 0.04670000
vn -0.99990000 -0.01060000 0.01170000
vn -0.99520000 -0.09810000 -0.00000000
vn -0.00000000 -0.00000000 -1.00000000
vn -1.00000000 -0.00000000 -0.00000000
vn -0.86500000 -0.00000000 0.50180000
vn -0.66990000 -0.70360000 0.23690000
vn -0.00000000 -1.00000000 -0.00000000
vn -0.65130000 -0.71470000 0.25490000
vn -0.91740000 -0.00000000 0.39790000
vn -0.72570000 -0.67040000 0.15450000
vn -0.67290000 0.69840000 0.24360000
vn -0.00000000 1.00000000 -0.00000000
vn -0.86160000 -0.00000000 0.50760000
vn -0.66850000 0.70980000 0.22220000
vn -0.77670000 0.60860000 0.16230000
vn -0.91670000 0.00080000 0.39970000
vn 1.00000000 -0.00000000 -0.00000000
vn 0.00250000 0.09640000 -0.99530000
vn 0.00250000 0.38410000 -0.92330000
vn 1.00000000 -0.00000000 -0.00000000
vn 1.00000000 -0.00000000 -0.00000000
vn -0.00000000 0.70710000 -0.70710000
vn -0.00000000 0.99520000 -0.09800000
vn 1.00000000 -0.00000000 -0.00000000
vn 0.00400000 0.99710000 0.07560000
vn 1.00000000 -0.00000000 -0.00000000
vn 0.00400000 0.07560000 0.99710000
vn 1.00000000 -0.00000000 -0.00000000
vn 1.00000000 -0.00000000 -0.00000000
vn 0.00950000 0.95120000 0.30850000
vn 0.00770000 0.80800000 0.58920000
vn 1.00000000 -0.00000000 -0.00000000
vn 1.00000000 -0.00000000 -0.00000000
vn 0.00770000 0.58920000 0.80800000
vn 1.00000000 -0.00000000 -0.00000000
vn 0.00950000 0.30840000 0.95120000
vn 0.00950000 -0.95120000 0.30850000
vn 1.00000000 -0.00000000 -0.00000000
vn 1.00000000 -0.00000000 -0.00000000
vn 0.00400000 -0.99710000 0.07560000
vn 1.00000000 -0.00000000 -0.00000000
vn 0.00400000 -0.07560000 0.99710000
vn 1.00000000 -0.00000000 -0.00000000
vn -0.00000000 -0.09800000 -0.99520000
vn -0.00000000 0.92390000 -0.38270000
vn 1.00000000 -0.00000000 -0.00000000
vn 1.00000000 -0.00000000 -0.00000000
vn 0.00950000 -0.30840000 0.95120000
vn 0.00770000 -0.58920000 0.80800000
vn 1.00000000 -0.00000000 -0.00000000
vn 1.00000000 -0.00000000 -0.00000000
vn 0.00770000 -0.80800000 0.58920000
vn 0.00010000 -0.70710000 -0.70710000
vn 1.00000000 -0.00000000 -0.00000000
vn 1.00000000 -0.00000000 -0.00000000
vn 0.00010000 -0.38280000 -0.92380000
vn 0.00040000 -0.92380000 -0.38280000
vn 1.00000000 -0.00000000 -0.00000000
vn -0.00000000 -0.99520000 -0.09800000
vn 1.00000000 -0.00000000 -0.00000000
f 1//1 3//3 5//5
f 5//5 6//6 8//8
f 8//8 6//6 10//10
f 8//8 10//10 11//11
f 11//11 10//10 12//12
f 11//11 12//12 14//14
f 14//14 12//12 15//15
f 14//14 15//15 17//17
f 5//5 8//8 1//1
f 1//1 8//8 11//11
f 1//1 11//11 19//19
f 19//19 11//11 14//14
f 19//19 14//14 20//20
f 20//20 14//14 17//17
f 20//20 17//17 22//22
f 9//9 23//23 24//24
f 9//9 24//24 13//13
f 13//13 24//24 25//25
f 13//13 25//25 16//16
f 25//25 26//26 16//16
f 16//16 26//26 27//27
f 16//16 27//27 18//18
f 18//18 27//27 28//28
f 18//18 28//28 21//21
f 21//21 28//28 29//29
f 21//21 29//29 31//31
f 29//29 32//32 31//31
f 31//31 32//32 33//33
f 31//31 33//33 34//34
f 33//33 36//36 34//34
f 34//34 36//36 37//37
f 34//34 37//37 39//39
f 37//37 40//40 39//39
f 39//39 40//40 41//41
f 39//39 41//41 43//43
f 41//41 40//40 44//44
f 44//44 40//40 47//47
f 40//40 37//37 47//47
f 47//47 37//37 36//36
f 47//47 36//36 48//48
f 36//36 33//33 48//48
f 48//48 33//33 32//32
f 48//48 32//32 50//50
f 32//32 29//29 50//50
f 50//50 29//29 28//28
f 50//50 28//28 52//52
f 28//28 27//27 52//52
f 52//52 27//27 26//26
f 52//52 26//26 54//54
f 23//23 57//57 24//24
f 24//24 57//57 54//54
f 24//24 54//54 25//25
f 25//25 54//54 26//26
f 58//58 59//59 62//62
f 63//63 64//64 67//67
f 58//58 62//62 68//68
f 68//68 62//62 69//69
f 68//68 69//69 71//71
f 71//71 69//69 72//72
f 71//71 72//72 74//74
f 74//74 76//76 71//71
f 71//71 76//76 77//77
f 71//71 77//77 68//68
f 68//68 77//77 63//63
f 68//68 63//63 58//58
f 58//58 63//63 67//67
f 58//58 67//67 59//59
f 61//61 78//78 79//79
f 61//61 79//79 70//70
f 70//70 79//79 80//80
f 70//70 80//80 73//73
f 73//73 80//80 81//81
f 73//73 81//81 75//75
f 75//75 81//81 82//82
f 75//75 82//82 84//84
f 84//84 82//82 85//85
f 84//84 85//85 86//86
f 86//86 85//85 88//88
f 86//86 88//88 89//89
f 92//92 88//88 85//85
f 92//92 85//85 94//94
f 94//94 85//85 82//82
f 94//94 82//82 96//96
f 97//97 82//82 81//81
f 97//97 81//81 99//99
f 99//99 81//81 80//80
f 99//99 80//80 100//100
f 101//101 80//80 79//79
f 101//101 79//79 103//103
f 103//103 79//79 78//78
f 103//103 78//78 105//105
f 115//115 117//117 114//114
f 114//114 117//117 119//119
f 114//114 119//119 113//113
f 121//121 123//123 124//124
f 124//124 123//123 125//125
f 124//124 125//125 127//127
f 127//127 125//125 128//128
f 127//127 128//128 130//130
f 131//131 132//132 134//134
f 134//134 132//132 135//135
f 134//134 135//135 121//121
f 121//121 135//135 137//137
f 121//121 137//137 123//123
f 119//119 139//139 113//113
f 113//113 139//139 141//141
f 113//113 141//141 112//112
f 112//112 141//141 144//144
f 112//112 144//144 111//111
f 111//111 144//144 146//146
f 111//111 146//146 110//110
f 128//128 148//148 130//130
f 130//130 148//148 149//149
f 130//130 149//149 151//151
f 151//151 149//149 153//153
f 151//151 153//153 116//116
f 116//116 153//153 154//154
f 116//116 154//154 115//115
f 115//115 154//154 156//156
f 115//115 156//156 117//117
f 146//146 159//159 110//110
f 110//110 159//159 161//161
f 110//110 161//161 109//109
f 109//109 161//161 162//162
f 109//109 162//162 108//108
f 108//108 162//162 164//164
f 108//108 164//164 131//131
f 131//131 164//164 167//167
f 131//131 167//167 132//132
f 165//165 169//169 170//170
f 165//165 170//170 166//166
f 166//166 170//170 172//172
f 166//166 172//172 133//133
f 133//133 172//172 175//175
f 133//133 175//175 136//136
f 136//136 175//175 177//177
f 136//136 177//177 138//138
f 138//138 177//177 179//179
f 138//138 179//179 122//122
f 122//122 179//179 181//181
f 122//122 181//181 126//126
f 126//126 181//181 183//183
f 126//126 183//183 129//129
f 129//129 183//183 185//185
f 129//129 185//185 147//147
f 147//147 185//185 187//187
f 147//147 187//187 150//150
f 150//150 187//187 189//189
f 150//150 189//189 152//152
f 152//152 189//189 190//190
f 152//152 190//190 155//155
f 192//192 196//196 199//199
f 199//199 196//196 200//200
f 199//199 200//200 203//203
f 203//203 200//200 204//204
f 203//203 204//204 207//207
f 207//207 204//204 208//208
f 207//207 208//208 210//210
f 210//210 208//208 213//213
f 210//210 213//213 214//214
f 214//214 213//213 217//217
f 214//214 217//217 219//219
f 219//219 217//217 220//220
f 219//219 220//220 224//224
f 227//227 229//229 231//231
f 227//227 231//231 233//233
f 233//233 231//231 234//234
f 233//233 234//234 236//236
f 236//236 234//234 239//239
f 236//236 239//239 241//241
f 241//241 239//239 242//242
f 241//241 242//242 245//245
f 245//245 242//242 246//246
f 245//245 246//246 249//249
f 249//249 246//246 250//250
f 249//249 250//250 253//253
f 253//253 250//250 255//255
f 253//253 255//255 256//256
f 256//256 255//255 258//258
f 256//256 258//258 261//261
f 261//261 258//258 262//262
f 261//261 262//262 265//265
f 265//265 262//262 266//266
f 265//265 266//266 268//268
f 268//268 266//266 270//270
f 270//270 266//266 274//274
f 270//270 274//274 277//277
f 280//280 283//283 284//284
f 284//284 283//283 287//287
f 284//284 287//287 289//289
f 289//289 287//287 290//290
f 289//289 290//290 293//293
f 293//293 290//290 294//294
f 293//293 294//294 296//296
f 296//296 294//294 298//298
f 296//296 298//298 301//301
f 301//301 298//298 302//302
f 301//301 302//302 305//305
f 305//305 302//302 276//276
f 305//305 276//276 272//272
f 306//306 252//252 307//307
f 307//307 252//252 257//257
f 307//307 257//257 308//308
f 309//309 237//237 310//310
f 310//310 237//237 240//240
f 310//310 240//240 311//311
f 311//311 240//240 244//244
f 311//311 244//244 306//306
f 306//306 244//244 248//248
f 306//306 248//248 252//252
f 312//312 313//313 315//315
f 315//315 313//313 316//316
f 315//315 316//316 318//318
f 318//318 316//316 226//226
f 318//318 226//226 309//309
f 309//309 226//226 232//232
f 309//309 232//232 237//237
f 319//319 320//320 322//322
f 322//322 320//320 324//324
f 322//322 324//324 325//325
f 325//325 324//324 326//326
f 325//325 326//326 328//328
f 257//257 260//260 308//308
f 308//308 260//260 264//264
f 308//308 264//264 329//329
f 329//329 264//264 269//269
f 329//329 269//269 330//330
f 330//330 269//269 271//271
f 330//330 271//271 319//319
f 319//319 271//271 332//332
f 319//319 332//332 320//320
f 326//326 334//334 328//328
f 328//328 334//334 335//335
f 328//328 335//335 337//337
f 337//337 335//335 339//339
f 337//337 339//339 312//312
f 312//312 339//339 341//341
f 312//312 341//341 313//313
f 342//342 343//343 344//344
f 345//345 346//346 347//347
f 348//348 349//349 350//350
f 350//350 349//349 345//345
f 345//345 347//347 350//350
f 350//350 347//347 351//351
f 350//350 351//351 352//352
f 352//352 351//351 353//353
f 352//352 353//353 354//354
f 353//353 355//355 354//354
f 354//354 355//355 356//356
f 354//354 356//356 357//357
f 357//357 356//356 358//358
f 357//357 358//358 359//359
f 360//360 361//361 362//362
f 362//362 361//361 363//363
f 362//362 363//363 364//364
f 364//364 363//363 365//365
f 364//364 365//365 366//366
f 366//366 365//365 359//359
f 366//366 359//359 367//367
f 367//367 359//359 358//358
f 368//368 369//369 370//370
f 370//370 369//369 371//371
f 370//370 371//371 372//372
f 369//369 373//373 371//371
f 371//371 373//373 374//374
f 371//371 374//374 375//375
f 376//376 348//348 377//377
f 377//377 348//348 350//350
f 377//377 350//350 379//379
f 379//379 350//350 352//352
f 379//379 352//352 380//380
f 380//380 352//352 354//354
f 380//380 354//354 382//382
f 382//382 354//354 357//357
f 382//382 357//357 384//384
f 384//384 357//357 359//359
f 384//384 359//359 386//386
f 386//386 359//359 365//365
f 386//386 365//365 388//388
f 388//388 365//365 363//363
f 388//388 363//363 390//390
f 390//390 363//363 361//361
f 390//390 361//361 393//393
f 375//375 394//394 371//371
f 371//371 394//394 395//395
f 371//371 395//395 372//372
f 372//372 395//395 396//396
f 372//372 396//396 397//397
f 398//398 376//376 399//399
f 399//399 376//376 377//377
f 399//399 377//377 400//400
f 400//400 377//377 378//378
f 400//400 378//378 401//401
f 401//401 378//378 381//381
f 401//401 381//381 402//402
f 402//402 381//381 383//383
f 402//402 383//383 403//403
f 403//403 383//383 385//385
f 403//403 385//385 404//404
f 404//404 385//385 387//387
f 404//404 387//387 405//405
f 405//405 387//387 389//389
f 405//405 389//389 406//406
f 406//406 389//389 391//391
f 406//406 391//391 407//407
f 407//407 391//391 392//392
f 407//407 392//392 344//344
f 360//360 368//368 361//361
f 361//361 368//368 370//370
f 361//361 370//370 393//393
f 393//393 370//370 372//372
f 392//392 372//372 344//344
f 344//344 372//372 397//397
f 344//344 397//397 342//342
f 408//408 404//404 409//409
f 409//409 404//404 405//405
f 409//409 405//405 410//410
f 410//410 405//405 406//406
f 410//410 406//406 411//411
f 411//411 406//406 407//407
f 411//411 407//407 412//412
f 412//412 407//407 344//344
f 412//412 344//344 413//413
f 413//413 344//344 343//343
f 413//413 343//343 414//414
f 414//414 343//343 415//415
f 414//414 415//415 416//416
f 416//416 415//415 417//417
f 416//416 417//417 418//418
f 418//418 417//417 419//419
f 418//418 419//419 420//420
f 420//420 419//419 421//421
f 420//420 421//421 422//422
f 421//421 423//423 422//422
f 422//422 423//423 424//424
f 422//422 424//424 425//425
f 425//425 424//424 426//426
f 425//425 426//426 427//427
f 427//427 426//426 428//428
f 427//427 428//428 429//429
f 429//429 428//428 430//430
f 429//429 430//430 431//431
f 431//431 430//430 432//432
f 431//431 432//432 433//433
f 433//433 432//432 398//398
f 433//433 398//398 434//434
f 434//434 398//398 399//399
f 434//434 399//399 435//435
f 435//435 399//399 400//400
f 435//435 400//400 436//436
f 436//436 400//400 401//401
f 436//436 401//401 437//437
f 437//437 401//401 402//402
f 437//437 402//402 408//408
f 408//408 402//402 403//403
f 408//408 403//403 404//404
f 346//346 438//438 440//440
f 440//440 438//438 442//442
f 438//438 443//443 442//442
f 442//442 443//443 444//444
f 442//442 444//444 446//446
f 444//444 447//447 446//446
f 446//446 447//447 448//448
f 446//446 448//448 450//450
f 448//448 451//451 450//450
f 450//450 451//451 452//452
f 450//450 452//452 453//453
f 452//452 455//455 453//453
f 453//453 455//455 456//456
f 453//453 456//456 458//458
f 456//456 459//459 458//458
f 458//458 459//459 460//460
f 458//458 460//460 462//462
f 460//460 463//463 462//462
f 462//462 463//463 464//464
f 462//462 464//464 465//465
f 375//375 468//468 469//469
f 469//469 468//468 465//465
f 469//469 465//465 470//470
f 470//470 465//465 464//464
f 472//472 473//473 476//476
f 472//472 476//476 478//478
f 478//478 476//476 480//480
f 478//478 480//480 481//481
f 481//481 480//480 483//483
f 481//481 483//483 485//485
f 485//485 483//483 487//487
f 485//485 487//487 492//492
f 493//493 497//497 500//500
f 493//493 500//500 501//501
f 501//501 500//500 504//504
f 501//501 504//504 506//506
f 506//506 504//504 508//508
f 506//506 508//508 510//510
f 510//510 508//508 511//511
f 510//510 511//511 514//514
f 511//511 515//515 514//514
f 514//514 515//515 516//516
f 517//517 518//518 519//519
f 519//519 518//518 521//521
f 519//519 521//521 472//472
f 472//472 521//521 473//473
f 516//516 515//515 523//523
f 516//516 523//523 524//524
f 524//524 523//523 525//525
f 524//524 525//525 526//526
f 526//526 525//525 527//527
f 526//526 527//527 528//528
f 528//528 527//527 529//529
f 528//528 529//529 530//530
f 530//530 529//529 531//531
f 530//530 531//531 532//532
f 532//532 531//531 533//533
f 532//532 533//533 534//534
f 534//534 533//533 535//535
f 534//534 535//535 536//536
f 536//536 535//535 537//537
f 536//536 537//537 538//538
f 538//538 537//537 539//539
f 538//538 539//539 540//540
f 540//540 539//539 541//541
f 540//540 541//541 542//542
f 542//542 541//541 543//543
f 542//542 543//543 544//544
f 544//544 543//543 545//545
f 544//544 545//545 546//546
f 546//546 545//545 547//547
f 546//546 547//547 548//548
f 548//548 547//547 549//549
f 548//548 549//549 550//550
f 550//550 549//549 551//551
f 550//550 551//551 552//552
f 552//552 551//551 553//553
f 552//552 553//553 554//554
f 554//554 553//553 555//555
f 554//554 555//555 556//556
f 556//556 555//555 557//557
f 556//556 557//557 558//558
f 558//558 557//557 559//559
f 558//558 559//559 560//560
f 560//560 559//559 561//561
f 560//560 561//561 562//562
f 562//562 561//561 563//563
f 562//562 563//563 564//564
f 563//563 565//565 564//564
f 564//564 565//565 518//518
f 564//564 518//518 517//517
f 567//567 569//569 571//571
f 567//567 571//571 573//573
f 573//573 571//571 574//574
f 573//573 574//574 577//577
f 577//577 574//574 579//579
f 577//577 579//579 580//580
f 580//580 579//579 582//582
f 580//580 582//582 584//584
f 584//584 582//582 586//586
f 584//584 586//586 588//588
f 588//588 586//586 590//590
f 588//588 590//590 593//593
f 593//593 590//590 594//594
f 593//593 594//594 597//597
f 597//597 594//594 599//599
f 597//597 599//599 601//601
f 601//601 599//599 603//603
f 601//601 603//603 605//605
f 605//605 603//603 606//606
f 605//605 606//606 608//608
f 608//608 606//606 611//611
f 608//608 611//611 612//612
f 575//575 570//570 614//614
f 614//614 570//570 568//568
f 614//614 568//568 616//616
f 614//614 621//621 575//575
f 575//575 621//621 623//623
f 575//575 623//623 578//578
f 578//578 623//623 625//625
f 578//578 625//625 583//583
f 583//583 625//625 627//627
f 583//583 627//627 587//587
f 587//587 627//627 629//629
f 587//587 629//629 591//591
f 591//591 629//629 630//630
f 591//591 630//630 595//595
f 595//595 630//630 633//633
f 595//595 633//633 598//598
f 598//598 633//633 635//635
f 598//598 635//635 602//602
f 602//602 635//635 637//637
f 602//602 637//637 607//607
f 607//607 637//637 638//638
f 607//607 638//638 610//610
f 610//610 638//638 640//640
f 610//610 640//640 643//643
f 643//643 640//640 644//644
f 643//643 644//644 649//649
f 650//650 585//585 651//651
f 651//651 585//585 589//589
f 651//651 589//589 652//652
f 652//652 589//589 592//592
f 652//652 592//592 653//653
f 592//592 596//596 653//653
f 653//653 596//596 600//600
f 653//653 600//600 654//654
f 654//654 600//600 604//604
f 654//654 604//604 655//655
f 655//655 604//604 609//609
f 655//655 609//609 656//656
f 657//657 572//572 658//658
f 658//658 572//572 576//576
f 658//658 576//576 650//650
f 650//650 576//576 581//581
f 650//650 581//581 585//585
f 659//659 660//660 662//662
f 662//662 660//660 664//664
f 662//662 664//664 665//665
f 665//665 664//664 666//666
f 665//665 666//666 657//657
f 657//657 666//666 566//566
f 657//657 566//566 572//572
f 668//668 670//670 671//671
f 671//671 670//670 673//673
f 671//671 673//673 674//674
f 674//674 673//673 675//675
f 674//674 675//675 659//659
f 659//659 675//675 678//678
f 659//659 678//678 660//660
f 609//609 613//613 656//656
f 656//656 613//613 679//679
f 656//656 679//679 681//681
f 681//681 679//679 682//682
f 681//681 682//682 668//668
f 668//668 682//682 684//684
f 668//668 684//684 670//670
f 689//689 690//690 693//693
f 693//693 690//690 695//695
f 693//693 695//695 696//696
f 696//696 695//695 699//699
f 696//696 699//699 700//700
f 700//700 699//699 702//702
f 700//700 702//702 704//704
f 704//704 702//702 706//706
f 704//704 706//706 709//709
f 709//709 706//706 711//711
f 709//709 711//711 712//712
f 712//712 711//711 714//714
f 712//712 714//714 716//716
f 716//716 714//714 719//719
f 716//716 719//719 720//720
f 720//720 719//719 722//722
f 720//720 722//722 724//724
f 724//724 722//722 726//726
f 724//724 726//726 729//729
f 729//729 726//726 730//730
f 729//729 730//730 733//733
f 733//733 730//730 735//735
f 733//733 735//735 737//737
f 737//737 735//735 738//738
f 737//737 738//738 741//741
f 741//741 738//738 743//743
f 741//741 743//743 746//746
f 748//748 715//715 710//710
f 748//748 710//710 750//750
f 750//750 710//710 707//707
f 750//750 707//707 752//752
f 752//752 707//707 703//703
f 752//752 703//703 754//754
f 754//754 703//703 698//698
f 754//754 698//698 756//756
f 756//756 698//698 694//694
f 756//756 694//694 758//758
f 758//758 694//694 691//691
f 758//758 691//691 761//761
f 761//761 691//691 688//688
f 761//761 688//688 763//763
f 688//688 764//764 763//763
f 763//763 764//764 767//767
f 763//763 767//767 769//769
f 769//769 767//767 771//771
f 769//769 771//771 773//773
f 773//773 771//771 775//775
f 773//773 775//775 777//777
f 777//777 775//775 779//779
f 777//777 779//779 781//781
f 782//782 760//760 783//783
f 783//783 760//760 762//762
f 783//783 762//762 784//784
f 784//784 762//762 768//768
f 784//784 768//768 785//785
f 786//786 753//753 787//787
f 787//787 753//753 755//755
f 787//787 755//755 788//788
f 788//788 755//755 757//757
f 788//788 757//757 782//782
f 782//782 757//757 759//759
f 782//782 759//759 760//760
f 789//789 791//791 792//792
f 792//792 791//791 749//749
f 792//792 749//749 786//786
f 786//786 749//749 751//751
f 786//786 751//751 753//753
f 793//793 794//794 796//796
f 796//796 794//794 798//798
f 796//796 798//798 799//799
f 799//799 798//798 800//800
f 799//799 800//800 789//789
f 789//789 800//800 802//802
f 789//789 802//802 791//791
f 768//768 772//772 785//785
f 785//785 772//772 776//776
f 785//785 776//776 804//804
f 804//804 776//776 780//780
f 804//804 780//780 805//805
f 780//780 806//806 805//805
f 805//805 806//806 808//808
f 805//805 808//808 810//810
f 810//810 808//808 812//812
f 810//810 812//812 813//813
f 813//813 812//812 815//815
f 813//813 815//815 793//793
f 793//793 815//815 817//817
f 793//793 817//817 794//794
f 818//818 823//823 273//273
f 273//273 823//823 824//824
f 273//273 824//824 304//304
f 304//304 824//824 827//827
f 304//304 827//827 300//300
f 300//300 827//827 829//829
f 300//300 829//829 297//297
f 297//297 829//829 832//832
f 297//297 832//832 292//292
f 292//292 832//832 833//833
f 292//292 833//833 288//288
f 288//288 833//833 836//836
f 288//288 836//836 285//285
f 838//838 740//740 744//744
f 838//838 744//744 836//836
f 836//836 744//744 278//278
f 836//836 278//278 285//285
f 740//740 838//838 839//839
f 740//740 839//839 736//736
f 736//736 839//839 841//841
f 736//736 841//841 732//732
f 843//843 845//845 848//848
f 848//848 845//845 687//687
f 848//848 687//687 692//692
f 852//852 856//856 858//858
f 858//858 856//856 859//859
f 858//858 859//859 862//862
f 862//862 859//859 864//864
f 862//862 864//864 866//866
f 866//866 864//864 867//867
f 866//866 867//867 870//870
f 870//870 867//867 872//872
f 870//870 872//872 843//843
f 843//843 872//872 845//845
f 873//873 876//876 880//880
f 880//880 876//876 194//194
f 880//880 194//194 198//198
f 218//218 882//882 883//883
f 218//218 883//883 215//215
f 215//215 883//883 886//886
f 215//215 886//886 211//211
f 211//211 886//886 888//888
f 211//211 888//888 206//206
f 206//206 888//888 890//890
f 206//206 890//890 202//202
f 202//202 890//890 880//880
f 202//202 880//880 198//198
f 882//882 218//218 225//225
f 882//882 225//225 892//892
f 892//892 225//225 647//647
f 892//892 647//647 645//645
f 615//615 893//893 896//896
f 615//615 896//896 620//620
f 620//620 896//896 898//898
f 620//620 898//898 622//622
f 898//898 900//900 622//622
f 622//622 900//900 901//901
f 622//622 901//901 624//624
f 901//901 904//904 624//624
f 624//624 904//904 905//905
f 624//624 905//905 626//626
f 905//905 908//908 626//626
f 626//626 908//908 910//910
f 626//626 910//910 628//628
f 910//910 912//912 628//628
f 628//628 912//912 914//914
f 628//628 914//914 631//631
f 914//914 915//915 631//631
f 631//631 915//915 917//917
f 631//631 917//917 632//632
f 917//917 920//920 632//632
f 632//632 920//920 922//922
f 632//632 922//922 634//634
f 922//922 924//924 634//634
f 634//634 924//924 925//925
f 634//634 925//925 636//636
f 925//925 927//927 636//636
f 636//636 927//927 930//930
f 636//636 930//930 639//639
f 930//930 931//931 639//639
f 639//639 931//931 933//933
f 639//639 933//933 641//641
f 933//933 936//936 641//641
f 641//641 936//936 892//892
f 641//641 892//892 645//645
f 937//937 939//939 619//619
f 619//619 939//939 893//893
f 619//619 893//893 615//615
f 939//939 937//937 941//941
f 941//941 937//937 944//944
f 941//941 944//944 945//945
f 945//945 944//944 948//948
f 945//945 948//948 949//949
f 949//949 948//948 951//951
f 949//949 951//951 953//953
f 953//953 951//951 955//955
f 953//953 955//955 957//957
f 957//957 955//955 963//963
f 488//488 967//967 490//490
f 490//490 967//967 970//970
f 474//474 522//522 972//972
f 489//489 484//484 966//966
f 966//966 484//484 479//479
f 966//966 479//479 972//972
f 972//972 479//479 475//475
f 972//972 475//475 474//474
f 486//486 491//491 969//969
f 520//520 471//471 973//973
f 973//973 471//471 477//477
f 973//973 477//477 969//969
f 969//969 477//477 482//482
f 969//969 482//482 486//486
f 173//173 171//171 878//878
f 878//878 171//171 168//168
f 878//878 168//168 193//193
f 188//188 186//186 976//976
f 943//943 938//938 186//186
f 646//646 222//222 978//978
f 980//980 981//981 984//984
f 180//180 964//964 182//182
f 182//182 964//964 956//956
f 182//182 956//956 184//184
f 184//184 956//956 952//952
f 184//184 952//952 186//186
f 186//186 952//952 947//947
f 186//186 947//947 943//943
f 180//180 178//178 964//964
f 964//964 178//178 176//176
f 964//964 176//176 878//878
f 878//878 176//176 174//174
f 878//878 174//174 173//173
f 618//618 986//986 938//938
f 938//938 986//986 988//988
f 938//938 988//988 186//186
f 186//186 988//988 990//990
f 186//186 990//990 976//976
f 188//188 976//976 191//191
f 191//191 976//976 991//991
f 191//191 991//991 980//980
f 980//980 991//991 994//994
f 980//980 994//994 981//981
f 978//978 995//995 646//646
f 646//646 995//995 980//980
f 646//646 980//980 997//997
f 997//997 980//980 984//984
f 514//514 516//516 837//837
f 515//515 511//511 891//891
f 891//891 511//511 1000//1000
f 514//514 837//837 1004//1004
f 1004//1004 837//837 835//835
f 1004//1004 835//835 1000//1000
f 1000//1000 835//835 881//881
f 1000//1000 881//881 891//891
f 825//825 879//879 889//889
f 825//825 889//889 828//828
f 828//828 889//889 887//887
f 828//828 887//887 830//830
f 830//830 887//887 885//885
f 830//830 885//885 831//831
f 831//831 885//885 884//884
f 831//831 884//884 834//834
f 834//834 884//884 881//881
f 834//834 881//881 835//835
f 879//879 825//825 875//875
f 875//875 826//826 821//821
f 106//106 822//822 104//104
f 104//104 822//822 819//819
f 104//104 819//819 102//102
f 102//102 819//819 854//854
f 102//102 854//854 98//98
f 822//822 55//55 874//874
f 874//874 55//55 56//56
f 874//874 56//56 877//877
f 877//877 56//56 1005//1005
f 1007//1007 1012//1012 1015//1015
f 1013//1013 1010//1010 822//822
f 1013//1013 822//822 1017//1017
f 1017//1017 822//822 106//106
f 49//49 445//445 46//46
f 46//46 445//445 449//449
f 46//46 449//449 960//960
f 960//960 449//449 454//454
f 960//960 454//454 850//850
f 850//850 454//454 457//457
f 1018//1018 961//961 1021//1021
f 1021//1021 961//961 877//877
f 1021//1021 877//877 1022//1022
f 1022//1022 877//877 1005//1005
f 1018//1018 1024//1024 961//961
f 961//961 1024//1024 1027//1027
f 961//961 1027//1027 960//960
f 960//960 1027//1027 45//45
f 960//960 45//45 46//46
f 1010//1010 1029//1029 822//822
f 822//822 1029//1029 1031//1031
f 822//822 1031//1031 55//55
f 55//55 1031//1031 1032//1032
f 55//55 1032//1032 53//53
f 53//53 1032//1032 1035//1035
f 53//53 1035//1035 51//51
f 51//51 1035//1035 439//439
f 51//51 439//439 49//49
f 49//49 439//439 441//441
f 49//49 441//441 445//445
f 1009//1009 1013//1013 1036//1036
f 1036//1036 1013//1013 1038//1038
f 1036//1036 1038//1038 467//467
f 467//467 1038//1038 1040//1040
f 467//467 1040//1040 466//466
f 466//466 1040//1040 1043//1043
f 466//466 1043//1043 461//461
f 461//461 1043//1043 1045//1045
f 461//461 1045//1045 457//457
f 457//457 1045//1045 91//91
f 457//457 91//91 850//850
f 850//850 91//91 93//93
f 850//850 93//93 854//854
f 854//854 93//93 95//95
f 854//854 95//95 98//98
f 521//521 940//940 971//971
f 971//971 940//940 942//942
f 971//971 942//942 965//965
f 965//965 942//942 946//946
f 965//965 946//946 968//968
f 844//844 519//519 869//869
f 869//869 519//519 974//974
f 869//869 974//974 865//865
f 974//974 968//968 865//865
f 865//865 968//968 946//946
f 865//865 946//946 861//861
f 861//861 946//946 950//950
f 861//861 950//950 857//857
f 857//857 950//950 954//954
f 857//857 954//954 849//849
f 849//849 954//954 958//958
f 940//940 521//521 894//894
f 894//894 521//521 518//518
f 523//523 515//515 935//935
f 935//935 515//515 891//891
f 523//523 935//935 525//525
f 525//525 935//935 934//934
f 525//525 934//934 527//527
f 837//837 516//516 524//524
f 837//837 524//524 840//840
f 840//840 524//524 526//526
f 840//840 526//526 842//842
f 847//847 517//517 844//844
f 844//844 517//517 519//519
f 1003//1003 999//999 495//495
f 495//495 999//999 498//498
f 1001//1001 512//512 507//507
f 507//507 503//503 1001//1001
f 1001//1001 503//503 499//499
f 1001//1001 499//499 496//496
f 509//509 513//513 1002//1002
f 494//494 502//502 1002//1002
f 1002//1002 502//502 505//505
f 1002//1002 505//505 509//509
f 275//275 267//267 820//820
f 820//820 267//267 263//263
f 820//820 263//263 259//259
f 1047//1047 1049//1049 747//747
f 747//747 1049//1049 1050//1050
f 747//747 1050//1050 279//279
f 778//778 774//774 228//228
f 228//228 774//774 770//770
f 228//228 770//770 230//230
f 230//230 770//770 871//871
f 871//871 770//770 766//766
f 871//871 766//766 846//846
f 846//846 766//766 765//765
f 846//846 765//765 686//686
f 259//259 254//254 820//820
f 820//820 254//254 251//251
f 820//820 251//251 855//855
f 855//855 251//251 247//247
f 871//871 868//868 230//230
f 230//230 868//868 863//863
f 230//230 863//863 235//235
f 235//235 863//863 860//860
f 235//235 860//860 238//238
f 238//238 860//860 855//855
f 238//238 855//855 243//243
f 243//243 855//855 247//247
f 1047//1047 1053//1053 1049//1049
f 1049//1049 1053//1053 1054//1054
f 1049//1049 1054//1054 1056//1056
f 1056//1056 1054//1054 778//778
f 1056//1056 778//778 1059//1059
f 1059//1059 778//778 228//228
f 526//526 528//528 842//842
f 842//842 528//528 1060//1060
f 528//528 530//530 1060//1060
f 1060//1060 530//530 532//532
f 1060//1060 532//532 1063//1063
f 532//532 534//534 1063//1063
f 1063//1063 534//534 536//536
f 1063//1063 536//536 1065//1065
f 536//536 538//538 1065//1065
f 1065//1065 538//538 540//540
f 1065//1065 540//540 1067//1067
f 540//540 542//542 1067//1067
f 1067//1067 542//542 544//544
f 1067//1067 544//544 1069//1069
f 544//544 546//546 1069//1069
f 1069//1069 546//546 548//548
f 1069//1069 548//548 1070//1070
f 548//548 550//550 1070//1070
f 1070//1070 550//550 552//552
f 1070//1070 552//552 1072//1072
f 552//552 554//554 1072//1072
f 1072//1072 554//554 556//556
f 1072//1072 556//556 1074//1074
f 556//556 558//558 1074//1074
f 1074//1074 558//558 560//560
f 1074//1074 560//560 1076//1076
f 517//517 847//847 564//564
f 564//564 847//847 1076//1076
f 564//564 1076//1076 562//562
f 562//562 1076//1076 560//560
f 894//894 518//518 895//895
f 895//895 518//518 565//565
f 895//895 565//565 897//897
f 897//897 565//565 563//563
f 897//897 563//563 899//899
f 899//899 563//563 561//561
f 899//899 561//561 902//902
f 902//902 561//561 559//559
f 902//902 559//559 903//903
f 903//903 559//559 557//557
f 903//903 557//557 906//906
f 906//906 557//557 555//555
f 906//906 555//555 907//907
f 907//907 555//555 553//553
f 907//907 553//553 909//909
f 909//909 553//553 551//551
f 909//909 551//551 911//911
f 911//911 551//551 549//549
f 911//911 549//549 913//913
f 913//913 549//549 547//547
f 913//913 547//547 916//916
f 916//916 547//547 545//545
f 916//916 545//545 918//918
f 918//918 545//545 543//543
f 918//918 543//543 919//919
f 919//919 543//543 541//541
f 919//919 541//541 921//921
f 921//921 541//541 539//539
f 921//921 539//539 923//923
f 923//923 539//539 537//537
f 923//923 537//537 926//926
f 926//926 537//537 535//535
f 926//926 535//535 928//928
f 928//928 535//535 533//533
f 928//928 533//533 929//929
f 929//929 533//533 531//531
f 929//929 531//531 932//932
f 932//932 531//531 529//529
f 932//932 529//529 934//934
f 934//934 529//529 527//527
f 732//732 841//841 1061//1061
f 732//732 1061//1061 728//728
f 728//728 1061//1061 1062//1062
f 728//728 1062//1062 725//725
f 725//725 1062//1062 1064//1064
f 725//725 1064//1064 721//721
f 721//721 1064//1064 1066//1066
f 721//721 1066//1066 717//717
f 717//717 1066//1066 1068//1068
f 717//717 1068//1068 713//713
f 713//713 1068//1068 1071//1071
f 713//713 1071//1071 708//708
f 708//708 1071//1071 1073//1073
f 708//708 1073//1073 705//705
f 705//705 1073//1073 1075//1075
f 705//705 1075//1075 701//701
f 701//701 1075//1075 1077//1077
f 701//701 1077//1077 697//697
f 697//697 1077//1077 848//848
f 697//697 848//848 692//692
f 781//781 779//779 1055//1055
f 781//781 1055//1055 807//807
f 807//807 1055//1055 1052//1052
f 807//807 1052//1052 809//809
f 809//809 1052//1052 1046//1046
f 809//809 1046//1046 811//811
f 811//811 1046//1046 745//745
f 811//811 745//745 814//814
f 745//745 742//742 814//814
f 814//814 742//742 739//739
f 814//814 739//739 816//816
f 816//816 739//739 734//734
f 816//816 734//734 795//795
f 795//795 734//734 731//731
f 795//795 731//731 797//797
f 797//797 731//731 727//727
f 797//797 727//727 801//801
f 801//801 727//727 723//723
f 801//801 723//723 803//803
f 803//803 723//723 718//718
f 803//803 718//718 790//790
f 790//790 718//718 715//715
f 790//790 715//715 748//748
f 612//612 611//611 642//642
f 612//612 642//642 680//680
f 680//680 642//642 648//648
f 680//680 648//648 683//683
f 648//648 998//998 683//683
f 683//683 998//998 983//983
f 683//683 983//983 685//685
f 685//685 983//983 982//982
f 685//685 982//982 669//669
f 669//669 982//982 993//993
f 669//669 993//993 672//672
f 672//672 993//993 992//992
f 672//672 992//992 676//676
f 676//676 992//992 975//975
f 676//676 975//975 677//677
f 677//677 975//975 989//989
f 677//677 989//989 661//661
f 661//661 989//989 987//987
f 661//661 987//987 663//663
f 663//663 987//987 985//985
f 663//663 985//985 667//667
f 667//667 985//985 567//567
f 567//567 985//985 617//617
f 567//567 617//617 569//569
f 375//375 374//374 468//468
f 468//468 374//374 1037//1037
f 374//374 373//373 1037//1037
f 1037//1037 373//373 369//369
f 1037//1037 369//369 1008//1008
f 369//369 368//368 1008//1008
f 1008//1008 368//368 360//360
f 1008//1008 360//360 1011//1011
f 360//360 362//362 1011//1011
f 1011//1011 362//362 364//364
f 1011//1011 364//364 1028//1028
f 364//364 366//366 1028//1028
f 1028//1028 366//366 367//367
f 1028//1028 367//367 1030//1030
f 367//367 358//358 1030//1030
f 1030//1030 358//358 356//356
f 1030//1030 356//356 1033//1033
f 356//356 355//355 1033//1033
f 1033//1033 355//355 353//353
f 1033//1033 353//353 1034//1034
f 346//346 440//440 347//347
f 347//347 440//440 1034//1034
f 347//347 1034//1034 351//351
f 351//351 1034//1034 353//353
f 397//397 396//396 1078//1078
f 438//438 346//346 345//345
f 395//395 394//394 1079//1079
f 1079//1079 394//394 375//375
f 375//375 469//469 1079//1079
f 1079//1079 469//469 470//470
f 1079//1079 470//470 1080//1080
f 1080//1080 470//470 464//464
f 1080//1080 464//464 1081//1081
f 464//464 463//463 1081//1081
f 1081//1081 463//463 460//460
f 1081//1081 460//460 1082//1082
f 1082//1082 460//460 459//459
f 1082//1082 459//459 1083//1083
f 459//459 456//456 1083//1083
f 1083//1083 456//456 455//455
f 1083//1083 455//455 1084//1084
f 1084//1084 455//455 452//452
f 1084//1084 452//452 1085//1085
f 1085//1085 452//452 451//451
f 1085//1085 451//451 1086//1086
f 443//443 1087//1087 1089//1089
f 451//451 448//448 1086//1086
f 1086//1086 448//448 447//447
f 1086//1086 447//447 1089//1089
f 1089//1089 447//447 444//444
f 1089//1089 444//444 443//443
f 1087//1087 1090//1090 1088//1088
f 1088//1088 1090//1090 1091//1091
f 1088//1088 1091//1091 1086//1086
f 1086//1086 1091//1091 1092//1092
f 1086//1086 1092//1092 1085//1085
f 1085//1085 1092//1092 1093//1093
f 1085//1085 1093//1093 1084//1084
f 1084//1084 1093//1093 1094//1094
f 1084//1084 1094//1094 1083//1083
f 1083//1083 1094//1094 1095//1095
f 1083//1083 1095//1095 1082//1082
f 1082//1082 1095//1095 1096//1096
f 1082//1082 1096//1096 1081//1081
f 1081//1081 1096//1096 1097//1097
f 1081//1081 1097//1097 1080//1080
f 1080//1080 1097//1097 1098//1098
f 1080//1080 1098//1098 1079//1079
f 1079//1079 1098//1098 1078//1078
f 1079//1079 1078//1078 395//395
f 395//395 1078//1078 396//396
f 443//443 438//438 1087//1087
f 1087//1087 438//438 345//345
f 1087//1087 345//345 1090//1090
f 1090//1090 345//345 349//349
f 1090//1090 349//349 348//348
f 348//348 376//376 1090//1090
f 1090//1090 376//376 1099//1099
f 1090//1090 1099//1099 1091//1091
f 1091//1091 1099//1099 1100//1100
f 1091//1091 1100//1100 1092//1092
f 1092//1092 1100//1100 1101//1101
f 1092//1092 1101//1101 1093//1093
f 1093//1093 1101//1101 1102//1102
f 1093//1093 1102//1102 1094//1094
f 1094//1094 1102//1102 1103//1103
f 1094//1094 1103//1103 1095//1095
f 1095//1095 1103//1103 1104//1104
f 1095//1095 1104//1104 1096//1096
f 1096//1096 1104//1104 1105//1105
f 1096//1096 1105//1105 1097//1097
f 1097//1097 1105//1105 1106//1106
f 1097//1097 1106//1106 1098//1098
f 1098//1098 1106//1106 1107//1107
f 1098//1098 1107//1107 1078//1078
f 1078//1078 1107//1107 1108//1108
f 1078//1078 1108//1108 397//397
f 397//397 1108//1108 342//342
f 376//376 398//398 1099//1099
f 1099//1099 398//398 432//432
f 1099//1099 432//432 1100//1100
f 1100//1100 432//432 430//430
f 1100//1100 430//430 1101//1101
f 1101//1101 430//430 428//428
f 1101//1101 428//428 1102//1102
f 1102//1102 428//428 426//426
f 1102//1102 426//426 1103//1103
f 1103//1103 426//426 424//424
f 1103//1103 424//424 1104//1104
f 1104//1104 424//424 423//423
f 1104//1104 423//423 1105//1105
f 1105//1105 423//423 421//421
f 1105//1105 421//421 1106//1106
f 1106//1106 421//421 419//419
f 1106//1106 419//419 1107//1107
f 1107//1107 419//419 417//417
f 1107//1107 417//417 1108//1108
f 1108//1108 417//417 415//415
f 1108//1108 415//415 342//342
f 342//342 415//415 343//343
f 270//270 277//277 303//303
f 270//270 303//303 331//331
f 331//331 303//303 299//299
f 331//331 299//299 321//321
f 321//321 299//299 295//295
f 321//321 295//295 323//323
f 323//323 295//295 291//291
f 323//323 291//291 327//327
f 327//327 291//291 286//286
f 327//327 286//286 333//333
f 333//333 286//286 282//282
f 333//333 282//282 336//336
f 336//336 282//282 281//281
f 336//336 281//281 338//338
f 281//281 1051//1051 338//338
f 338//338 1051//1051 1048//1048
f 338//338 1048//1048 340//340
f 340//340 1048//1048 1057//1057
f 340//340 1057//1057 314//314
f 314//314 1057//1057 1058//1058
f 314//314 1058//1058 317//317
f 317//317 1058//1058 229//229
f 317//317 229//229 227//227
f 155//155 190//190 979//979
f 155//155 979//979 157//157
f 157//157 979//979 996//996
f 157//157 996//996 118//118
f 118//118 996//996 977//977
f 118//118 977//977 120//120
f 120//120 977//977 223//223
f 120//120 223//223 140//140
f 169//169 165//165 195//195
f 195//195 165//165 163//163
f 195//195 163//163 197//197
f 197//197 163//163 160//160
f 197//197 160//160 201//201
f 201//201 160//160 158//158
f 201//201 158//158 205//205
f 205//205 158//158 145//145
f 205//205 145//145 209//209
f 209//209 145//145 143//143
f 209//209 143//143 212//212
f 212//212 143//143 142//142
f 212//212 142//142 216//216
f 216//216 142//142 140//140
f 216//216 140//140 221//221
f 221//221 140//140 223//223
f 107//107 78//78 1109//1109
f 107//107 1109//1109 1016//1016
f 1016//1016 1109//1109 1110//1110
f 1016//1016 1110//1110 1014//1014
f 1014//1014 1110//1110 1111//1111
f 1014//1014 1111//1111 1039//1039
f 1111//1111 1112//1112 1039//1039
f 1039//1039 1112//1112 1113//1113
f 1039//1039 1113//1113 1041//1041
f 1113//1113 1114//1114 1041//1041
f 1041//1041 1114//1114 1115//1115
f 1041//1041 1115//1115 1042//1042
f 1115//1115 1116//1116 1042//1042
f 1042//1042 1116//1116 1117//1117
f 1042//1042 1117//1117 1044//1044
f 1044//1044 1117//1117 88//88
f 1044//1044 88//88 92//92
f 89//89 88//88 1117//1117
f 89//89 1117//1117 1119//1119
f 1119//1119 1117//1117 1116//1116
f 1119//1119 1116//1116 1120//1120
f 1116//1116 1115//1115 1120//1120
f 1120//1120 1115//1115 1114//1114
f 1120//1120 1114//1114 65//65
f 1114//1114 1113//1113 65//65
f 65//65 1113//1113 1112//1112
f 65//65 1112//1112 66//66
f 1112//1112 1111//1111 66//66
f 66//66 1111//1111 1110//1110
f 66//66 1110//1110 60//60
f 1110//1110 1109//1109 60//60
f 60//60 1109//1109 78//78
f 60//60 78//78 61//61
f 1122//1122 1121//1121 64//64
f 1121//1121 1122//1122 1118//1118
f 1118//1118 1122//1122 1123//1123
f 1118//1118 1123//1123 90//90
f 90//90 1123//1123 1124//1124
f 90//90 1124//1124 87//87
f 76//76 74//74 83//83
f 64//64 63//63 1122//1122
f 1122//1122 63//63 77//77
f 1122//1122 77//77 1123//1123
f 1123//1123 77//77 76//76
f 1123//1123 76//76 1124//1124
f 1124//1124 76//76 83//83
f 1124//1124 83//83 87//87
f 57//57 23//23 1125//1125
f 57//57 1125//1125 1006//1006
f 1006//1006 1125//1125 1126//1126
f 1006//1006 1126//1126 1023//1023
f 1023//1023 1126//1126 1127//1127
f 1023//1023 1127//1127 1020//1020
f 1127//1127 1128//1128 1020//1020
f 1020//1020 1128//1128 1129//1129
f 1020//1020 1129//1129 1019//1019
f 1129//1129 1130//1130 1019//1019
f 1019//1019 1130//1130 1131//1131
f 1019//1019 1131//1131 1025//1025
f 1131//1131 1132//1132 1025//1025
f 1025//1025 1132//1132 1133//1133
f 1025//1025 1133//1133 1026//1026
f 1026//1026 1133//1133 41//41
f 1026//1026 41//41 44//44
f 43//43 41//41 1133//1133
f 43//43 1133//1133 1134//1134
f 1134//1134 1133//1133 1132//1132
f 1134//1134 1132//1132 1137//1137
f 1132//1132 1131//1131 1137//1137
f 1137//1137 1131//1131 1130//1130
f 1137//1137 1130//1130 2//2
f 1130//1130 1129//1129 2//2
f 2//2 1129//1129 1128//1128
f 2//2 1128//1128 4//4
f 1128//1128 1127//1127 4//4
f 4//4 1127//1127 1126//1126
f 4//4 1126//1126 7//7
f 1126//1126 1125//1125 7//7
f 7//7 1125//1125 23//23
f 7//7 23//23 9//9
f 35//35 38//38 1138//1138
f 1138//1138 38//38 42//42
f 1138//1138 42//42 1139//1139
f 1139//1139 42//42 1135//1135
f 1139//1139 1135//1135 1140//1140
f 1140//1140 1135//1135 1136//1136
f 1140//1140 1136//1136 3//3
f 20//20 22//22 30//30
f 3//3 1//1 1140//1140
f 1140//1140 1//1 19//19
f 1140//1140 19//19 1139//1139
f 1139//1139 19//19 20//20
f 1139//1139 20//20 1138//1138
f 1138//1138 20//20 30//30
f 1138//1138 30//30 35//35
f 1141//1141 1142//1142 1143//1143
f 1144//1144 1145//1145 1146//1146
f 1144//1144 1146//1146 1147//1147
f 1147//1147 1146//1146 1148//1148
f 1147//1147 1148//1148 1149//1149
f 1148//1148 1150//1150 1149//1149
f 1149//1149 1150//1150 1151//1151
f 1149//1149 1151//1151 1152//1152
f 1151//1151 1153//1153 1152//1152
f 1152//1152 1153//1153 1154//1154
f 1152//1152 1154//1154 1155//1155
f 1155//1155 1154//1154 1156//1156
f 1155//1155 1156//1156 1157//1157
f 1158//1158 1159//1159 1160//1160
f 1160//1160 1159//1159 1157//1157
f 1160//1160 1157//1157 1161//1161
f 1161//1161 1157//1157 1156//1156
f 1162//1162 1163//1163 1164//1164
f 1164//1164 1163//1163 1165//1165
f 1158//1158 1166//1166 1159//1159
f 1159//1159 1166//1166 1167//1167
f 1159//1159 1167//1167 1168//1168
f 1168//1168 1169//1169 1159//1159
f 1159//1159 1169//1169 1170//1170
f 1159//1159 1170//1170 1157//1157
f 1157//1157 1170//1170 1171//1171
f 1157//1157 1171//1171 1155//1155
f 1155//1155 1171//1171 1172//1172
f 1155//1155 1172//1172 1152//1152
f 1152//1152 1172//1172 1173//1173
f 1152//1152 1173//1173 1149//1149
f 1149//1149 1173//1173 1164//1164
f 1149//1149 1164//1164 1147//1147
f 1147//1147 1164//1164 1165//1165
f 1147//1147 1165//1165 1144//1144
f 1142//1142 1174//1174 1175//1175
f 1175//1175 1174//1174 1162//1162
f 1162//1162 1164//1164 1175//1175
f 1175//1175 1164//1164 1173//1173
f 1175//1175 1173//1173 1176//1176
f 1176//1176 1173//1173 1172//1172
f 1176//1176 1172//1172 1177//1177
f 1177//1177 1172//1172 1171//1171
f 1177//1177 1171//1171 1178//1178
f 1178//1178 1171//1171 1170//1170
f 1178//1178 1170//1170 1179//1179
f 1179//1179 1170//1170 1169//1169
f 1179//1179 1169//1169 1180//1180
f 1168//1168 1181//1181 1169//1169
f 1169//1169 1181//1181 1182//1182
f 1169//1169 1182//1182 1180//1180
f 1180//1180 1182//1182 1183//1183
f 1180//1180 1183//1183 1184//1184
f 1142//1142 1175//1175 1143//1143
f 1143//1143 1175//1175 1176//1176
f 1143//1143 1176//1176 1185//1185
f 1185//1185 1176//1176 1177//1177
f 1185//1185 1177//1177 1186//1186
f 1186//1186 1177//1177 1178//1178
f 1186//1186 1178//1178 1187//1187
f 1187//1187 1178//1178 1179//1179
f 1187//1187 1179//1179 1188//1188
f 1188//1188 1179//1179 1180//1180
f 1188//1188 1180//1180 1189//1189
f 1189//1189 1180//1180 1184//1184
f 1189//1189 1184//1184 1190//1190
f 1141//1141 1143//1143 1191//1191
f 1191//1191 1143//1143 1185//1185
f 1191//1191 1185//1185 1192//1192
f 1192//1192 1185//1185 1186//1186
f 1192//1192 1186//1186 1193//1193
f 1193//1193 1186//1186 1187//1187
f 1193//1193 1187//1187 1194//1194
f 1194//1194 1187//1187 1188//1188
f 1194//1194 1188//1188 1195//1195
f 1195//1195 1188//1188 1189//1189
f 1195//1195 1189//1189 1196//1196
f 1196//1196 1189//1189 1190//1190
f 1196//1196 1190//1190 1197//1197
f 1198//1198 1145//1145 1199//1199
f 1199//1199 1145//1145 1144//1144
f 1199//1199 1144//1144 1200//1200
f 1200//1200 1144//1144 1165//1165
f 1200//1200 1165//1165 1201//1201
f 1201//1201 1165//1165 1163//1163
f 1201//1201 1163//1163 1203//1203
f 1203//1203 1163//1163 1162//1162
f 1203//1203 1162//1162 1206//1206
f 1206//1206 1162//1162 1174//1174
f 1206//1206 1174//1174 1207//1207
f 1174//1174 1142//1142 1207//1207
f 1207//1207 1142//1142 1141//1141
f 1207//1207 1141//1141 1210//1210
f 1211//1211 1197//1197 1212//1212
f 1212//1212 1197//1197 1190//1190
f 1212//1212 1190//1190 1213//1213
f 1213//1213 1190//1190 1184//1184
f 1213//1213 1184//1184 1214//1214
f 1214//1214 1184//1184 1183//1183
f 1214//1214 1183//1183 1215//1215
f 1215//1215 1183//1183 1182//1182
f 1215//1215 1182//1182 1216//1216
f 1216//1216 1182//1182 1181//1181
f 1216//1216 1181//1181 1217//1217
f 1217//1217 1181//1181 1168//1168
f 1217//1217 1168//1168 1218//1218
f 1218//1218 1168//1168 1167//1167
f 1218//1218 1167//1167 1219//1219
f 1219//1219 1167//1167 1166//1166
f 1217//1217 1218//1218 1220//1220
f 1218//1218 1219//1219 1221//1221
f 1218//1218 1221//1221 1220//1220
f 1220//1220 1221//1221 1222//1222
f 1220//1220 1222//1222 1223//1223
f 1222//1222 1224//1224 1223//1223
f 1223//1223 1224//1224 1225//1225
f 1223//1223 1225//1225 1226//1226
f 1225//1225 1227//1227 1226//1226
f 1226//1226 1227//1227 1228//1228
f 1226//1226 1228//1228 1229//1229
f 1229//1229 1228//1228 1230//1230
f 1229//1229 1230//1230 1231//1231
f 1232//1232 1233//1233 1234//1234
f 1234//1234 1233//1233 1231//1231
f 1234//1234 1231//1231 1235//1235
f 1235//1235 1231//1231 1230//1230
f 1215//1215 1216//1216 1236//1236
f 1236//1236 1216//1216 1217//1217
f 1217//1217 1220//1220 1236//1236
f 1236//1236 1220//1220 1223//1223
f 1236//1236 1223//1223 1237//1237
f 1237//1237 1223//1223 1226//1226
f 1237//1237 1226//1226 1238//1238
f 1238//1238 1226//1226 1229//1229
f 1238//1238 1229//1229 1239//1239
f 1239//1239 1229//1229 1231//1231
f 1239//1239 1231//1231 1240//1240
f 1240//1240 1231//1231 1233//1233
f 1240//1240 1233//1233 1241//1241
f 1213//1213 1214//1214 1242//1242
f 1242//1242 1214//1214 1215//1215
f 1232//1232 1243//1243 1233//1233
f 1233//1233 1243//1243 1244//1244
f 1233//1233 1244//1244 1241//1241
f 1241//1241 1244//1244 1245//1245
f 1241//1241 1245//1245 1246//1246
f 1215//1215 1236//1236 1242//1242
f 1242//1242 1236//1236 1237//1237
f 1242//1242 1237//1237 1247//1247
f 1247//1247 1237//1237 1238//1238
f 1247//1247 1238//1238 1248//1248
f 1248//1248 1238//1238 1239//1239
f 1248//1248 1239//1239 1249//1249
f 1249//1249 1239//1239 1240//1240
f 1249//1249 1240//1240 1250//1250
f 1250//1250 1240//1240 1241//1241
f 1250//1250 1241//1241 1251//1251
f 1251//1251 1241//1241 1246//1246
f 1251//1251 1246//1246 1252//1252
f 1211//1211 1212//1212 1253//1253
f 1253//1253 1212//1212 1213//1213
f 1213//1213 1242//1242 1253//1253
f 1253//1253 1242//1242 1247//1247
f 1253//1253 1247//1247 1254//1254
f 1254//1254 1247//1247 1248//1248
f 1254//1254 1248//1248 1255//1255
f 1255//1255 1248//1248 1249//1249
f 1255//1255 1249//1249 1256//1256
f 1256//1256 1249//1249 1250//1250
f 1256//1256 1250//1250 1257//1257
f 1257//1257 1250//1250 1251//1251
f 1257//1257 1251//1251 1258//1258
f 1258//1258 1251//1251 1252//1252
f 1258//1258 1252//1252 1259//1259
f 1211//1211 1253//1253 1260//1260
f 1260//1260 1253//1253 1254//1254
f 1260//1260 1254//1254 1261//1261
f 1261//1261 1254//1254 1255//1255
f 1261//1261 1255//1255 1262//1262
f 1262//1262 1255//1255 1256//1256
f 1262//1262 1256//1256 1263//1263
f 1263//1263 1256//1256 1257//1257
f 1263//1263 1257//1257 1264//1264
f 1264//1264 1257//1257 1258//1258
f 1264//1264 1258//1258 1265//1265
f 1265//1265 1258//1258 1259//1259
f 1265//1265 1259//1259 1266//1266
f 1268//1268 1266//1266 1270//1270
f 1270//1270 1266//1266 1259//1259
f 1270//1270 1259//1259 1271//1271
f 1271//1271 1259//1259 1252//1252
f 1271//1271 1252//1252 1273//1273
f 1252//1252 1246//1246 1273//1273
f 1273//1273 1246//1246 1245//1245
f 1273//1273 1245//1245 1275//1275
f 1245//1245 1244//1244 1275//1275
f 1275//1275 1244//1244 1243//1243
f 1275//1275 1243//1243 1276//1276
f 1277//1277 1278//1278 1279//1279
f 1281//1281 1283//1283 1286//1286
f 1286//1286 1283//1283 1287//1287
f 1286//1286 1287//1287 1289//1289
f 1289//1289 1287//1287 1290//1290
f 1289//1289 1290//1290 1292//1292
f 1292//1292 1294//1294 1289//1289
f 1289//1289 1294//1294 1296//1296
f 1289//1289 1296//1296 1279//1279
f 1279//1279 1296//1296 1297//1297
f 1279//1279 1297//1297 1277//1277
f 1299//1299 1301//1301 1302//1302
f 1302//1302 1301//1301 1304//1304
f 1302//1302 1304//1304 1305//1305
f 1305//1305 1304//1304 1308//1308
f 1305//1305 1308//1308 1309//1309
f 1299//1299 1302//1302 1311//1311
f 1311//1311 1302//1302 1314//1314
f 1312//1312 1313//1313 1316//1316
f 1316//1316 1313//1313 1317//1317
f 1317//1317 1313//1313 1318//1318
f 1317//1317 1318//1318 1320//1320
f 1322//1322 1324//1324 1307//1307
f 1322//1322 1307//1307 1326//1326
f 1326//1326 1307//1307 1304//1304
f 1326//1326 1304//1304 1301//1301
f 1327//1327 1330//1330 1284//1284
f 1284//1284 1330//1330 1331//1331
f 1284//1284 1331//1331 1287//1287
f 1287//1287 1331//1331 1290//1290
f 1317//1317 1320//1320 1278//1278
f 1300//1300 1298//1298 1332//1332
f 1332//1332 1298//1298 1291//1291
f 1329//1329 1321//1321 1332//1332
f 1332//1332 1321//1321 1325//1325
f 1332//1332 1325//1325 1300//1300
f 1277//1277 1297//1297 1312//1312
f 1297//1297 1296//1296 1312//1312
f 1312//1312 1296//1296 1295//1295
f 1312//1312 1295//1295 1298//1298
f 1298//1298 1295//1295 1293//1293
f 1298//1298 1293//1293 1291//1291
f 1277//1277 1312//1312 1278//1278
f 1278//1278 1312//1312 1316//1316
f 1278//1278 1316//1316 1317//1317
f 1281//1281 1328//1328 1283//1283
f 1308//1308 1323//1323 1309//1309
f 1320//1320 1318//1318 1210//1210
f 1266//1266 1268//1268 1278//1278
f 1278//1278 1268//1268 1279//1279
f 1196//1196 1197//1197 1141//1141
f 1261//1261 1262//1262 1266//1266
f 1192//1192 1193//1193 1194//1194
f 1192//1192 1194//1194 1191//1191
f 1210//1210 1141//1141 1320//1320
f 1320//1320 1141//1141 1197//1197
f 1320//1320 1197//1197 1278//1278
f 1278//1278 1197//1197 1211//1211
f 1278//1278 1211//1211 1266//1266
f 1266//1266 1211//1211 1260//1260
f 1266//1266 1260//1260 1261//1261
f 1262//1262 1263//1263 1266//1266
f 1266//1266 1263//1263 1264//1264
f 1266//1266 1264//1264 1265//1265
f 1191//1191 1194//1194 1141//1141
f 1141//1141 1194//1194 1195//1195
f 1141//1141 1195//1195 1196//1196
f 1333//1333 1336//1336 1337//1337
f 1340//1340 1342//1342 1344//1344
f 1344//1344 1342//1342 1345//1345
f 1345//1345 1348//1348 1344//1344
f 1344//1344 1348//1348 1349//1349
f 1344//1344 1349//1349 1351//1351
f 1354//1354 1355//1355 1357//1357
f 1357//1357 1355//1355 1359//1359
f 1357//1357 1359//1359 1344//1344
f 1344//1344 1359//1359 1333//1333
f 1344//1344 1333//1333 1340//1340
f 1340//1340 1333//1333 1337//1337
f 1340//1340 1337//1337 1362//1362
f 1363//1363 1366//1366 1357//1357
f 1357//1357 1366//1366 1367//1367
f 1357//1357 1367//1367 1354//1354
f 1370//1370 1371//1371 1374//1374
f 1374//1374 1371//1371 1359//1359
f 1374//1374 1359//1359 1376//1376
f 1376//1376 1359//1359 1355//1355
f 1166//1166 1358//1358 1219//1219
f 1219//1219 1358//1358 1343//1343
f 1243//1243 1232//1232 1341//1341
f 1341//1341 1232//1232 1346//1346
f 1230//1230 1347//1347 1235//1235
f 1235//1235 1347//1347 1346//1346
f 1235//1235 1346//1346 1234//1234
f 1234//1234 1346//1346 1232//1232
f 1230//1230 1228//1228 1347//1347
f 1347//1347 1228//1228 1227//1227
f 1347//1347 1227//1227 1350//1350
f 1227//1227 1225//1225 1350//1350
f 1350//1350 1225//1225 1224//1224
f 1350//1350 1224//1224 1352//1352
f 1219//1219 1343//1343 1221//1221
f 1221//1221 1343//1343 1352//1352
f 1221//1221 1352//1352 1222//1222
f 1222//1222 1352//1352 1224//1224
f 1243//1243 1341//1341 1276//1276
f 1276//1276 1341//1341 1339//1339
f 1276//1276 1339//1339 1361//1361
f 1276//1276 1361//1361 1275//1275
f 1275//1275 1361//1361 1338//1338
f 1275//1275 1338//1338 1274//1274
f 1274//1274 1338//1338 1335//1335
f 1274//1274 1335//1335 1272//1272
f 1272//1272 1335//1335 1269//1269
f 1269//1269 1335//1335 1334//1334
f 1269//1269 1334//1334 1267//1267
f 1282//1282 1285//1285 1306//1306
f 1334//1334 1360//1360 1285//1285
f 1285//1285 1288//1288 1334//1334
f 1334//1334 1288//1288 1280//1280
f 1334//1334 1280//1280 1267//1267
f 1209//1209 1319//1319 1360//1360
f 1360//1360 1319//1319 1315//1315
f 1360//1360 1315//1315 1285//1285
f 1285//1285 1315//1315 1303//1303
f 1285//1285 1303//1303 1306//1306
f 962//962 959//959 851//851
f 1306//1306 1310//1310 1282//1282
f 1282//1282 1310//1310 962//962
f 1282//1282 962//962 853//853
f 853//853 962//962 851//851
f 1360//1360 1372//1372 1209//1209
f 1209//1209 1372//1372 1208//1208
f 1369//1369 1204//1204 1372//1372
f 1372//1372 1204//1204 1205//1205
f 1372//1372 1205//1205 1208//1208
f 1373//1373 1375//1375 1198//1198
f 1198//1198 1199//1199 1373//1373
f 1373//1373 1199//1199 1200//1200
f 1373//1373 1200//1200 1369//1369
f 1369//1369 1200//1200 1202//1202
f 1369//1369 1202//1202 1204//1204
f 1198//1198 1375//1375 1145//1145
f 1145//1145 1375//1375 1356//1356
f 1166//1166 1158//1158 1358//1358
f 1358//1358 1158//1158 1364//1364
f 1158//1158 1160//1160 1364//1364
f 1364//1364 1160//1160 1161//1161
f 1364//1364 1161//1161 1365//1365
f 1153//1153 1368//1368 1154//1154
f 1154//1154 1368//1368 1365//1365
f 1154//1154 1365//1365 1156//1156
f 1156//1156 1365//1365 1161//1161
f 1153//1153 1151//1151 1368//1368
f 1368//1368 1151//1151 1150//1150
f 1368//1368 1150//1150 1353//1353
f 1145//1145 1356//1356 1146//1146
f 1146//1146 1356//1356 1353//1353
f 1146//1146 1353//1353 1148//1148
f 1148//1148 1353//1353 1150//1150

