mtllib material.mtl
usemtl grey
v 0.01934900 -0.00950000 0.08194100
v 0.01934900 -0.00950000 0.08194100
v 0.02018000 -0.00950000 0.07976500
v 0.02018000 -0.00950000 0.07976500
v 0.02039200 -0.00950000 0.07998800
v 0.02039200 -0.00950000 0.07998800
v 0.01782000 -0.00950000 0.08123500
v 0.01782000 -0.00950000 0.08123500
v 0.01760800 -0.00950000 0.08101200
v 0.01760800 -0.00950000 0.08101200
v 0.01777400 -0.00950000 0.07984500
v 0.01777400 -0.00950000 0.07984500
v 0.02009000 -0.00950000 0.07917100
v 0.02009000 -0.00950000 0.07917100
v 0.02007400 -0.00950000 0.07947700
v 0.02007400 -0.00950000 0.07947700
v 0.01949800 -0.00950000 0.07885500
v 0.01949800 -0.00950000 0.07885500
v 0.02083000 -0.00950000 0.08070700
v 0.02083000 -0.00950000 0.08070700
v 0.02069600 -0.00950000 0.08077900
v 0.02069600 -0.00950000 0.08077900
v 0.02067400 -0.00950000 0.08010900
v 0.02067400 -0.00950000 0.08010900
v 0.02042200 -0.00950000 0.08091900
v 0.02042200 -0.00950000 0.08091900
v 0.02022600 -0.00950000 0.08115500
v 0.02022600 -0.00950000 0.08115500
v 0.02013900 -0.00950000 0.08144900
v 0.02013900 -0.00950000 0.08144900
v 0.02017500 -0.00950000 0.08175400
v 0.02017500 -0.00950000 0.08175400
v 0.01960600 -0.00950000 0.08210800
v 0.01960600 -0.00950000 0.08210800
v 0.01973500 -0.00950000 0.08218900
v 0.01973500 -0.00950000 0.08218900
v 0.01904600 -0.00950000 0.08188900
v 0.01904600 -0.00950000 0.08188900
v 0.01895400 -0.00950000 0.07911100
v 0.01895400 -0.00950000 0.07911100
v 0.01925200 -0.00950000 0.07903900
v 0.01925200 -0.00950000 0.07903900
v 0.01792600 -0.00950000 0.08152300
v 0.01792600 -0.00950000 0.08152300
v 0.01874800 -0.00950000 0.08196100
v 0.01874800 -0.00950000 0.08196100
v 0.01791000 -0.00950000 0.08182900
v 0.01791000 -0.00950000 0.08182900
v 0.01709200 -0.00950000 0.08039100
v 0.01709200 -0.00950000 0.08039100
v 0.01718000 -0.00950000 0.08028400
v 0.01718000 -0.00950000 0.08028400
v 0.01732600 -0.00950000 0.08089100
v 0.01732600 -0.00950000 0.08089100
v 0.01730400 -0.00950000 0.08022100
v 0.01730400 -0.00950000 0.08022100
v 0.01757800 -0.00950000 0.08008100
v 0.01757800 -0.00950000 0.08008100
v 0.02094900 -0.00950000 0.08043500
v 0.02094900 -0.00950000 0.08043500
v 0.02092000 -0.00950000 0.08058500
v 0.02092000 -0.00950000 0.08058500
v 0.02091000 -0.00950000 0.08028800
v 0.02091000 -0.00950000 0.08028800
v 0.02081200 -0.00950000 0.08017200
v 0.02081200 -0.00950000 0.08017200
v 0.01780800 -0.00950000 0.07910800
v 0.01780800 -0.00950000 0.07910800
v 0.01839400 -0.00950000 0.07889200
v 0.01839400 -0.00950000 0.07889200
v 0.01782400 -0.00950000 0.07924600
v 0.01782400 -0.00950000 0.07924600
v 0.01865100 -0.00950000 0.07905900
v 0.01865100 -0.00950000 0.07905900
v 0.01786100 -0.00950000 0.07955100
v 0.01786100 -0.00950000 0.07955100
v 0.02019000 -0.00950000 0.08190500
v 0.02019000 -0.00950000 0.08190500
v 0.02013900 -0.00950000 0.08204800
v 0.02013900 -0.00950000 0.08204800
v 0.01850200 -0.00950000 0.08214500
v 0.01850200 -0.00950000 0.08214500
v 0.01837800 -0.00950000 0.08223400
v 0.01837800 -0.00950000 0.08223400
v 0.01822800 -0.00950000 0.08226000
v 0.01822800 -0.00950000 0.08226000
v 0.01988700 -0.00950000 0.08220500
v 0.01988700 -0.00950000 0.08220500
v 0.02003000 -0.00950000 0.08215500
v 0.02003000 -0.00950000 0.08215500
v 0.01977200 -0.00950000 0.07874000
v 0.01977200 -0.00950000 0.07874000
v 0.01991800 -0.00950000 0.07878000
v 0.01991800 -0.00950000 0.07878000
v 0.02003300 -0.00950000 0.07887900
v 0.02003300 -0.00950000 0.07887900
v 0.01718200 -0.00950000 0.08082400
v 0.01718200 -0.00950000 0.08082400
v 0.01708400 -0.00950000 0.08070000
v 0.01708400 -0.00950000 0.08070000
v 0.01705100 -0.00950000 0.08054400
v 0.01705100 -0.00950000 0.08054400
v 0.01962200 -0.00950000 0.07876600
v 0.01962200 -0.00950000 0.07876600
v 0.02009500 -0.00950000 0.07901900
v 0.02009500 -0.00950000 0.07901900
v 0.01810000 -0.00950000 0.07879600
v 0.01810000 -0.00950000 0.07879600
v 0.01825800 -0.00950000 0.07880900
v 0.01825800 -0.00950000 0.07880900
v 0.01795200 -0.00950000 0.07885600
v 0.01795200 -0.00950000 0.07885600
v 0.01795200 -0.00950000 0.07885600
v 0.01784700 -0.00950000 0.07897500
v 0.01784700 -0.00950000 0.07897500
v 0.01808200 -0.00950000 0.08222000
v 0.01808200 -0.00950000 0.08222000
v 0.01796600 -0.00950000 0.08212100
v 0.01796600 -0.00950000 0.08212100
v 0.01790500 -0.00950000 0.08198100
v 0.01790500 -0.00950000 0.08198100
v 0.02067400 -0.01030000 0.08010900
v 0.02067400 -0.01030000 0.08010900
v 0.02081200 -0.01030000 0.08017200
v 0.02081200 -0.01030000 0.08017200
v 0.02091000 -0.01030000 0.08028800
v 0.02091000 -0.01030000 0.08028800
v 0.02094900 -0.01030000 0.08043500
v 0.02094900 -0.01030000 0.08043500
v 0.02094900 -0.01030000 0.08043500
v 0.02092000 -0.01030000 0.08058500
v 0.02092000 -0.01030000 0.08058500
v 0.02088200 -0.01030000 0.08065100
v 0.02088200 -0.01030000 0.08065100
v 0.02083000 -0.01030000 0.08070700
v 0.02083000 -0.01030000 0.08070700
v 0.02069600 -0.01030000 0.08077900
v 0.02069600 -0.01030000 0.08077900
v 0.02042200 -0.01030000 0.08091900
v 0.02042200 -0.01030000 0.08091900
v 0.02022600 -0.01030000 0.08115500
v 0.02022600 -0.01030000 0.08115500
v 0.02017500 -0.01030000 0.08175400
v 0.02017500 -0.01030000 0.08175400
v 0.02019000 -0.01030000 0.08190500
v 0.02019000 -0.01030000 0.08190500
v 0.02017300 -0.01030000 0.08198000
v 0.02017300 -0.01030000 0.08198000
v 0.02013900 -0.01030000 0.08204800
v 0.02013900 -0.01030000 0.08204800
v 0.02013900 -0.01030000 0.08204800
v 0.02003000 -0.01030000 0.08215500
v 0.02003000 -0.01030000 0.08215500
v 0.02003000 -0.01030000 0.08215500
v 0.02003000 -0.01030000 0.08215500
v 0.01988700 -0.01030000 0.08220500
v 0.01988700 -0.01030000 0.08220500
v 0.01981000 -0.01030000 0.08220500
v 0.01981000 -0.01030000 0.08220500
v 0.01973500 -0.01030000 0.08218900
v 0.01973500 -0.01030000 0.08218900
v 0.01960600 -0.01030000 0.08210800
v 0.01960600 -0.01030000 0.08210800
v 0.01934900 -0.01030000 0.08194100
v 0.01934900 -0.01030000 0.08194100
v 0.01904600 -0.01030000 0.08188900
v 0.01904600 -0.01030000 0.08188900
v 0.01874800 -0.01030000 0.08196100
v 0.01874800 -0.01030000 0.08196100
v 0.01850200 -0.01030000 0.08214500
v 0.01850200 -0.01030000 0.08214500
v 0.01837800 -0.01030000 0.08223400
v 0.01837800 -0.01030000 0.08223400
v 0.01830500 -0.01030000 0.08225500
v 0.01830500 -0.01030000 0.08225500
v 0.01822800 -0.01030000 0.08226000
v 0.01822800 -0.01030000 0.08226000
v 0.01808200 -0.01030000 0.08222000
v 0.01808200 -0.01030000 0.08222000
v 0.01808200 -0.01030000 0.08222000
v 0.01796600 -0.01030000 0.08212100
v 0.01796600 -0.01030000 0.08212100
v 0.01792800 -0.01030000 0.08205400
v 0.01792800 -0.01030000 0.08205400
v 0.01790500 -0.01030000 0.08198100
v 0.01790500 -0.01030000 0.08198100
v 0.01791000 -0.01030000 0.08182900
v 0.01791000 -0.01030000 0.08182900
v 0.01792600 -0.01030000 0.08152300
v 0.01792600 -0.01030000 0.08152300
v 0.01782000 -0.01030000 0.08123500
v 0.01782000 -0.01030000 0.08123500
v 0.01760800 -0.01030000 0.08101200
v 0.01760800 -0.01030000 0.08101200
v 0.01732600 -0.01030000 0.08089100
v 0.01732600 -0.01030000 0.08089100
v 0.01718200 -0.01030000 0.08082400
v 0.01718200 -0.01030000 0.08082400
v 0.01712600 -0.01030000 0.08076800
v 0.01712600 -0.01030000 0.08076800
v 0.01708400 -0.01030000 0.08070000
v 0.01708400 -0.01030000 0.08070000
v 0.01705100 -0.01030000 0.08056500
v 0.01705100 -0.01030000 0.08056500
v 0.01705100 -0.01030000 0.08056500
v 0.01705100 -0.01030000 0.08054400
v 0.01705200 -0.01030000 0.08052400
v 0.01709200 -0.01030000 0.08039100
v 0.01709200 -0.01030000 0.08039100
v 0.01706200 -0.01030000 0.08046500
v 0.01706200 -0.01030000 0.08046500
v 0.01705400 -0.01030000 0.08050500
v 0.01705400 -0.01030000 0.08050500
v 0.01730400 -0.01030000 0.08022100
v 0.01730400 -0.01030000 0.08022100
v 0.01757800 -0.01030000 0.08008100
v 0.01757800 -0.01030000 0.08008100
v 0.01777400 -0.01030000 0.07984500
v 0.01777400 -0.01030000 0.07984500
v 0.01786100 -0.01030000 0.07955100
v 0.01786100 -0.01030000 0.07955100
v 0.01782400 -0.01030000 0.07924600
v 0.01782400 -0.01030000 0.07924600
v 0.01780800 -0.01030000 0.07910800
v 0.01780800 -0.01030000 0.07910800
v 0.01784700 -0.01030000 0.07897500
v 0.01784700 -0.01030000 0.07897500
v 0.01839400 -0.01030000 0.07889200
v 0.01839400 -0.01030000 0.07889200
v 0.01865100 -0.01030000 0.07905900
v 0.01865100 -0.01030000 0.07905900
v 0.01895400 -0.01030000 0.07911100
v 0.01895400 -0.01030000 0.07911100
v 0.01925200 -0.01030000 0.07903900
v 0.01925200 -0.01030000 0.07903900
v 0.01949800 -0.01030000 0.07885500
v 0.01949800 -0.01030000 0.07885500
v 0.01962200 -0.01030000 0.07876600
v 0.01962200 -0.01030000 0.07876600
v 0.01977200 -0.01030000 0.07874000
v 0.01977200 -0.01030000 0.07874000
v 0.01977200 -0.01030000 0.07874000
v 0.01991800 -0.01030000 0.07878000
v 0.01991800 -0.01030000 0.07878000
v 0.01991800 -0.01030000 0.07878000
v 0.01991800 -0.01030000 0.07878000
v 0.02003300 -0.01030000 0.07887900
v 0.02003300 -0.01030000 0.07887900
v 0.02003300 -0.01030000 0.07887900
v 0.02009500 -0.01030000 0.07901900
v 0.02009500 -0.01030000 0.07901900
v 0.02009000 -0.01030000 0.07917100
v 0.02009000 -0.01030000 0.07917100
v 0.02007400 -0.01030000 0.07947700
v 0.02007400 -0.01030000 0.07947700
v 0.02018000 -0.01030000 0.07976500
v 0.02018000 -0.01030000 0.07976500
v 0.02039200 -0.01030000 0.07998800
v 0.02039200 -0.01030000 0.07998800
v 0.02193600 -0.00810000 0.08291300
v 0.02109900 -0.00926500 0.08286800
v 0.02161700 -0.00949800 0.08189700
v 0.02100800 -0.00810000 0.08372600
v 0.02053200 -0.00810000 0.08397700
v 0.02067000 -0.00860600 0.08367200
v 0.01912600 -0.00810000 0.08429800
v 0.01914500 -0.00925400 0.08367000
v 0.01881400 -0.00810000 0.08429500
v 0.01721000 -0.00810000 0.08385200
v 0.02235200 -0.00810000 0.08229000
v 0.02213600 -0.00926500 0.08092600
v 0.02263800 -0.00810000 0.08159700
v 0.02279800 -0.00810000 0.08037400
v 0.02256500 -0.00860600 0.08012200
v 0.02222600 -0.00810000 0.07849200
v 0.02171500 -0.00925400 0.07885700
v 0.02205000 -0.00810000 0.07823400
v 0.02040400 -0.00948300 0.07787100
v 0.02079000 -0.00810000 0.07714800
v 0.02045100 -0.01030000 0.07919800
v 0.02045100 -0.01030000 0.07919800
v 0.02045100 -0.01030000 0.07919800
v 0.01906500 -0.01030000 0.08244900
v 0.01906500 -0.01030000 0.08244900
v 0.01956700 -0.01030000 0.08236600
v 0.01956700 -0.01030000 0.08236600
v 0.01972700 -0.01014700 0.08257900
v 0.02042400 -0.01030000 0.08183200
v 0.02042400 -0.01030000 0.08183200
v 0.02042400 -0.01030000 0.08183200
v 0.02072000 -0.01030000 0.08141800
v 0.02072000 -0.01030000 0.08141800
v 0.02089900 -0.01030000 0.08094200
v 0.02089900 -0.01030000 0.08094200
v 0.02113200 -0.01014700 0.07994700
v 0.02080900 -0.01030000 0.07977300
v 0.01759600 -0.00948300 0.08312900
v 0.01855800 -0.01030000 0.08239900
v 0.01855800 -0.01030000 0.08239900
v 0.02013900 -0.01030000 0.08144900
v 0.02013900 -0.01030000 0.08144900
v 0.01713400 -0.01030000 0.08106700
v 0.01713400 -0.01030000 0.08106700
v 0.01766800 -0.01030000 0.08192400
v 0.01766800 -0.01030000 0.08192400
v 0.01734500 -0.01030000 0.08153100
v 0.01734500 -0.01030000 0.08153100
v 0.01825800 -0.01030000 0.07880900
v 0.01825800 -0.01030000 0.07880900
v 0.01859800 -0.01030000 0.07859200
v 0.01810000 -0.01030000 0.07879600
v 0.01810000 -0.01030000 0.07879600
v 0.01796900 -0.01030000 0.07884500
v 0.01796900 -0.01030000 0.07884500
v 0.01796900 -0.01030000 0.07884500
v 0.01927500 -0.01030000 0.07856900
v 0.01927500 -0.01030000 0.07856900
v 0.01927500 -0.01030000 0.07856900
v 0.01705000 -0.01030000 0.08048000
v 0.01705000 -0.01030000 0.08048000
v 0.01705300 -0.01030000 0.08039500
v 0.01705300 -0.01030000 0.08039500
v 0.01706900 -0.01030000 0.08022500
v 0.01706900 -0.01030000 0.08022500
v 0.01718000 -0.01030000 0.08028400
v 0.01718000 -0.01030000 0.08028400
v 0.01793700 -0.01030000 0.07886800
v 0.01789800 -0.01030000 0.07889100
v 0.01789800 -0.01030000 0.07889100
v 0.01795200 -0.01030000 0.07885600
v 0.01714600 -0.01030000 0.07989400
v 0.01714600 -0.01030000 0.07989400
v 0.01728000 -0.01030000 0.07958200
v 0.01728000 -0.01030000 0.07958200
v 0.01792100 -0.01030000 0.07888100
v 0.01792100 -0.01030000 0.07888100
v 0.01789300 -0.01030000 0.07890900
v 0.01789300 -0.01030000 0.07890900
v 0.01782900 -0.01030000 0.07894100
v 0.01782900 -0.01030000 0.07894100
v 0.01769800 -0.01030000 0.07904900
v 0.01769800 -0.01030000 0.07904900
v 0.01746500 -0.01030000 0.07929700
v 0.01746500 -0.01030000 0.07929700
v 0.01533400 -0.00810000 0.07950100
v 0.01533400 -0.00810000 0.07950100
v 0.01542600 -0.00859200 0.08085600
v 0.01526300 -0.00810000 0.08119100
v 0.01585200 -0.00924700 0.08005800
v 0.01688100 -0.00924700 0.07813000
v 0.01826100 -0.01014200 0.07841700
v 0.01884200 -0.00925000 0.07732800
v 0.01613000 -0.00810000 0.07800900
v 0.01749500 -0.00810000 0.07701100
v 0.01730800 -0.00859200 0.07733200
v 0.01915800 -0.00810000 0.07670300
v 0.01917500 -0.00810000 0.07670400
v 0.01636700 -0.00947800 0.07909400
v 0.01599400 -0.00810000 0.07817600
v 0.01564800 -0.00810000 0.07871000
v 0.01539600 -0.00810000 0.07929500
v 0.01593300 -0.00810000 0.08274400
v 0.01627700 -0.00925000 0.08213300
v 0.01594300 -0.00810000 0.08275800
v 0.01685800 -0.01014200 0.08104500
v -0.01960600 -0.00950000 0.07889200
v -0.01960600 -0.00950000 0.07889200
v -0.01934900 -0.00950000 0.07905900
v -0.01934900 -0.00950000 0.07905900
v -0.02017500 -0.00950000 0.07924600
v -0.02017500 -0.00950000 0.07924600
v -0.01777400 -0.00950000 0.08115500
v -0.01777400 -0.00950000 0.08115500
v -0.01865100 -0.00950000 0.08194100
v -0.01865100 -0.00950000 0.08194100
v -0.01895400 -0.00950000 0.08188900
v -0.01895400 -0.00950000 0.08188900
v -0.01904600 -0.00950000 0.07911100
v -0.01904600 -0.00950000 0.07911100
v -0.02022600 -0.00950000 0.07984500
v -0.02022600 -0.00950000 0.07984500
v -0.02013900 -0.00950000 0.07955100
v -0.02013900 -0.00950000 0.07955100
v -0.01874800 -0.00950000 0.07903900
v -0.01874800 -0.00950000 0.07903900
v -0.01792600 -0.00950000 0.07947700
v -0.01792600 -0.00950000 0.07947700
v -0.01850200 -0.00950000 0.07885500
v -0.01850200 -0.00950000 0.07885500
v -0.02067400 -0.00950000 0.08089100
v -0.02067400 -0.00950000 0.08089100
v -0.02069600 -0.00950000 0.08022100
v -0.02069600 -0.00950000 0.08022100
v -0.02039200 -0.00950000 0.08101200
v -0.02039200 -0.00950000 0.08101200
v -0.02042200 -0.00950000 0.08008100
v -0.02042200 -0.00950000 0.08008100
v -0.02018000 -0.00950000 0.08123500
v -0.02018000 -0.00950000 0.08123500
v -0.01811300 -0.00950000 0.08220500
v -0.01811300 -0.00950000 0.08220500
v -0.01826400 -0.00950000 0.08218900
v -0.01826400 -0.00950000 0.08218900
v -0.01839400 -0.00950000 0.08210800
v -0.01839400 -0.00950000 0.08210800
v -0.02015200 -0.00950000 0.07897500
v -0.02015200 -0.00950000 0.07897500
v -0.02004700 -0.00950000 0.07885600
v -0.02004700 -0.00950000 0.07885600
v -0.02004700 -0.00950000 0.07885600
v -0.01990000 -0.00950000 0.07879600
v -0.01990000 -0.00950000 0.07879600
v -0.02009500 -0.00950000 0.08198100
v -0.02009500 -0.00950000 0.08198100
v -0.02009000 -0.00950000 0.08182900
v -0.02009000 -0.00950000 0.08182900
v -0.01949800 -0.00950000 0.08214500
v -0.01949800 -0.00950000 0.08214500
v -0.02007400 -0.00950000 0.08152300
v -0.02007400 -0.00950000 0.08152300
v -0.01925200 -0.00950000 0.08196100
v -0.01925200 -0.00950000 0.08196100
v -0.01781000 -0.00950000 0.08190500
v -0.01781000 -0.00950000 0.08190500
v -0.01786100 -0.00950000 0.08204800
v -0.01786100 -0.00950000 0.08204800
v -0.01796900 -0.00950000 0.08215500
v -0.01796900 -0.00950000 0.08215500
v -0.02019200 -0.00950000 0.07910800
v -0.02019200 -0.00950000 0.07910800
v -0.01974200 -0.00950000 0.07880900
v -0.01974200 -0.00950000 0.07880900
v -0.01837800 -0.00950000 0.07876600
v -0.01837800 -0.00950000 0.07876600
v -0.01822800 -0.00950000 0.07874000
v -0.01822800 -0.00950000 0.07874000
v -0.01808200 -0.00950000 0.07878000
v -0.01808200 -0.00950000 0.07878000
v -0.02091600 -0.00950000 0.08070000
v -0.02091600 -0.00950000 0.08070000
v -0.02094900 -0.00950000 0.08054400
v -0.02094900 -0.00950000 0.08054400
v -0.02081800 -0.00950000 0.08082400
v -0.02081800 -0.00950000 0.08082400
v -0.02090800 -0.00950000 0.08039100
v -0.02090800 -0.00950000 0.08039100
v -0.02082000 -0.00950000 0.08028400
v -0.02082000 -0.00950000 0.08028400
v -0.01782400 -0.00950000 0.08175400
v -0.01782400 -0.00950000 0.08175400
v -0.01786100 -0.00950000 0.08144900
v -0.01786100 -0.00950000 0.08144900
v -0.01796600 -0.00950000 0.07887900
v -0.01796600 -0.00950000 0.07887900
v -0.01790500 -0.00950000 0.07901900
v -0.01790500 -0.00950000 0.07901900
v -0.01791000 -0.00950000 0.07917100
v -0.01791000 -0.00950000 0.07917100
v -0.01782000 -0.00950000 0.07976500
v -0.01782000 -0.00950000 0.07976500
v -0.01760800 -0.00950000 0.07998800
v -0.01760800 -0.00950000 0.07998800
v -0.01757800 -0.00950000 0.08091900
v -0.01757800 -0.00950000 0.08091900
v -0.01732600 -0.00950000 0.08010900
v -0.01732600 -0.00950000 0.08010900
v -0.01730400 -0.00950000 0.08077900
v -0.01730400 -0.00950000 0.08077900
v -0.01718800 -0.00950000 0.08017200
v -0.01718800 -0.00950000 0.08017200
v -0.01709000 -0.00950000 0.08028800
v -0.01709000 -0.00950000 0.08028800
v -0.01705100 -0.00950000 0.08043500
v -0.01705100 -0.00950000 0.08043500
v -0.01708000 -0.00950000 0.08058500
v -0.01708000 -0.00950000 0.08058500
v -0.01717000 -0.00950000 0.08070700
v -0.01717000 -0.00950000 0.08070700
v -0.02003300 -0.00950000 0.08212100
v -0.02003300 -0.00950000 0.08212100
v -0.01991800 -0.00950000 0.08222000
v -0.01991800 -0.00950000 0.08222000
v -0.01977200 -0.00950000 0.08226000
v -0.01977200 -0.00950000 0.08226000
v -0.01962200 -0.00950000 0.08223400
v -0.01962200 -0.00950000 0.08223400
v -0.01732600 -0.01030000 0.08010900
v -0.01732600 -0.01030000 0.08010900
v -0.01718800 -0.01030000 0.08017200
v -0.01718800 -0.01030000 0.08017200
v -0.01713200 -0.01030000 0.08022400
v -0.01713200 -0.01030000 0.08022400
v -0.01709000 -0.01030000 0.08028800
v -0.01709000 -0.01030000 0.08028800
v -0.01705100 -0.01030000 0.08043500
v -0.01705100 -0.01030000 0.08043500
v -0.01705100 -0.01030000 0.08043500
v -0.01708000 -0.01030000 0.08058500
v -0.01708000 -0.01030000 0.08058500
v -0.01711800 -0.01030000 0.08065100
v -0.01711800 -0.01030000 0.08065100
v -0.01717000 -0.01030000 0.08070700
v -0.01717000 -0.01030000 0.08070700
v -0.01730400 -0.01030000 0.08077900
v -0.01730400 -0.01030000 0.08077900
v -0.01757800 -0.01030000 0.08091900
v -0.01757800 -0.01030000 0.08091900
v -0.01777400 -0.01030000 0.08115500
v -0.01777400 -0.01030000 0.08115500
v -0.01782400 -0.01030000 0.08175400
v -0.01782400 -0.01030000 0.08175400
v -0.01781000 -0.01030000 0.08190500
v -0.01781000 -0.01030000 0.08190500
v -0.01782700 -0.01030000 0.08198000
v -0.01782700 -0.01030000 0.08198000
v -0.01786100 -0.01030000 0.08204800
v -0.01786100 -0.01030000 0.08204800
v -0.01796900 -0.01030000 0.08215500
v -0.01796900 -0.01030000 0.08215500
v -0.01796900 -0.01030000 0.08215500
v -0.01811300 -0.01030000 0.08220500
v -0.01811300 -0.01030000 0.08220500
v -0.01819000 -0.01030000 0.08220500
v -0.01819000 -0.01030000 0.08220500
v -0.01826400 -0.01030000 0.08218900
v -0.01826400 -0.01030000 0.08218900
v -0.01839400 -0.01030000 0.08210800
v -0.01839400 -0.01030000 0.08210800
v -0.01865100 -0.01030000 0.08194100
v -0.01865100 -0.01030000 0.08194100
v -0.01895400 -0.01030000 0.08188900
v -0.01895400 -0.01030000 0.08188900
v -0.01925200 -0.01030000 0.08196100
v -0.01925200 -0.01030000 0.08196100
v -0.01949800 -0.01030000 0.08214500
v -0.01949800 -0.01030000 0.08214500
v -0.01962200 -0.01030000 0.08223400
v -0.01962200 -0.01030000 0.08223400
v -0.01969500 -0.01030000 0.08225500
v -0.01969500 -0.01030000 0.08225500
v -0.01977200 -0.01030000 0.08226000
v -0.01977200 -0.01030000 0.08226000
v -0.01977200 -0.01030000 0.08226000
v -0.01991800 -0.01030000 0.08222000
v -0.01991800 -0.01030000 0.08222000
v -0.01991800 -0.01030000 0.08222000
v -0.01991800 -0.01030000 0.08222000
v -0.02003300 -0.01030000 0.08212100
v -0.02003300 -0.01030000 0.08212100
v -0.02007200 -0.01030000 0.08205400
v -0.02007200 -0.01030000 0.08205400
v -0.02009500 -0.01030000 0.08198100
v -0.02009500 -0.01030000 0.08198100
v -0.02009000 -0.01030000 0.08182900
v -0.02009000 -0.01030000 0.08182900
v -0.02007400 -0.01030000 0.08152300
v -0.02007400 -0.01030000 0.08152300
v -0.02018000 -0.01030000 0.08123500
v -0.02018000 -0.01030000 0.08123500
v -0.02039200 -0.01030000 0.08101200
v -0.02039200 -0.01030000 0.08101200
v -0.02067400 -0.01030000 0.08089100
v -0.02067400 -0.01030000 0.08089100
v -0.02081800 -0.01030000 0.08082400
v -0.02081800 -0.01030000 0.08082400
v -0.02087400 -0.01030000 0.08076800
v -0.02087400 -0.01030000 0.08076800
v -0.02091600 -0.01030000 0.08070000
v -0.02091600 -0.01030000 0.08070000
v -0.02094900 -0.01030000 0.08056500
v -0.02094900 -0.01030000 0.08056500
v -0.02094900 -0.01030000 0.08056500
v -0.02094900 -0.01030000 0.08054400
v -0.02094800 -0.01030000 0.08052400
v -0.02090800 -0.01030000 0.08039100
v -0.02090800 -0.01030000 0.08039100
v -0.02093800 -0.01030000 0.08046500
v -0.02093800 -0.01030000 0.08046500
v -0.02094600 -0.01030000 0.08050500
v -0.02094600 -0.01030000 0.08050500
v -0.02069600 -0.01030000 0.08022100
v -0.02069600 -0.01030000 0.08022100
v -0.02042200 -0.01030000 0.08008100
v -0.02042200 -0.01030000 0.08008100
v -0.02022600 -0.01030000 0.07984500
v -0.02022600 -0.01030000 0.07984500
v -0.02013900 -0.01030000 0.07955100
v -0.02013900 -0.01030000 0.07955100
v -0.02017500 -0.01030000 0.07924600
v -0.02017500 -0.01030000 0.07924600
v -0.02019200 -0.01030000 0.07910800
v -0.02019200 -0.01030000 0.07910800
v -0.02015200 -0.01030000 0.07897500
v -0.02015200 -0.01030000 0.07897500
v -0.01960600 -0.01030000 0.07889200
v -0.01960600 -0.01030000 0.07889200
v -0.01934900 -0.01030000 0.07905900
v -0.01934900 -0.01030000 0.07905900
v -0.01904600 -0.01030000 0.07911100
v -0.01904600 -0.01030000 0.07911100
v -0.01904600 -0.01030000 0.07911100
v -0.01874800 -0.01030000 0.07903900
v -0.01874800 -0.01030000 0.07903900
v -0.01850200 -0.01030000 0.07885500
v -0.01850200 -0.01030000 0.07885500
v -0.01837800 -0.01030000 0.07876600
v -0.01837800 -0.01030000 0.07876600
v -0.01822800 -0.01030000 0.07874000
v -0.01822800 -0.01030000 0.07874000
v -0.01822800 -0.01030000 0.07874000
v -0.01808200 -0.01030000 0.07878000
v -0.01808200 -0.01030000 0.07878000
v -0.01808200 -0.01030000 0.07878000
v -0.01808200 -0.01030000 0.07878000
v -0.01796600 -0.01030000 0.07887900
v -0.01796600 -0.01030000 0.07887900
v -0.01792800 -0.01030000 0.07894600
v -0.01792800 -0.01030000 0.07894600
v -0.01790500 -0.01030000 0.07901900
v -0.01790500 -0.01030000 0.07901900
v -0.01791000 -0.01030000 0.07917100
v -0.01791000 -0.01030000 0.07917100
v -0.01792600 -0.01030000 0.07947700
v -0.01792600 -0.01030000 0.07947700
v -0.01782000 -0.01030000 0.07976500
v -0.01782000 -0.01030000 0.07976500
v -0.01760800 -0.01030000 0.07998800
v -0.01760800 -0.01030000 0.07998800
v -0.01606400 -0.00810000 0.08291300
v -0.01690100 -0.00926500 0.08286800
v -0.01638300 -0.00949800 0.08189700
v -0.01699200 -0.00810000 0.08372600
v -0.01746800 -0.00810000 0.08397700
v -0.01733000 -0.00860600 0.08367200
v -0.01887400 -0.00810000 0.08429800
v -0.01885500 -0.00925400 0.08367000
v -0.01918600 -0.00810000 0.08429500
v -0.02079000 -0.00810000 0.08385200
v -0.01564800 -0.00810000 0.08229000
v -0.01586400 -0.00926500 0.08092600
v -0.01536200 -0.00810000 0.08159700
v -0.01520200 -0.00810000 0.08037400
v -0.01543500 -0.00860600 0.08012200
v -0.01577400 -0.00810000 0.07849200
v -0.01628500 -0.00925400 0.07885700
v -0.01595000 -0.00810000 0.07823400
v -0.01759600 -0.00948300 0.07787100
v -0.01721000 -0.00810000 0.07714800
v -0.01734500 -0.01030000 0.07946900
v -0.01734500 -0.01030000 0.07946900
v -0.01766800 -0.01030000 0.07907600
v -0.01766800 -0.01030000 0.07907600
v -0.01893500 -0.01030000 0.08244900
v -0.01893500 -0.01030000 0.08244900
v -0.01843300 -0.01030000 0.08236600
v -0.01843300 -0.01030000 0.08236600
v -0.01827300 -0.01014700 0.08257900
v -0.01757600 -0.01030000 0.08183200
v -0.01757600 -0.01030000 0.08183200
v -0.01728000 -0.01030000 0.08141800
v -0.01728000 -0.01030000 0.08141800
v -0.01710100 -0.01030000 0.08094200
v -0.01710100 -0.01030000 0.08094200
v -0.01686700 -0.01014700 0.07994700
v -0.01713400 -0.01030000 0.07993300
v -0.01713400 -0.01030000 0.07993300
v -0.02040400 -0.00948300 0.08312900
v -0.01944200 -0.01030000 0.08239900
v -0.01944200 -0.01030000 0.08239900
v -0.01944200 -0.01030000 0.08239900
v -0.01786100 -0.01030000 0.08144900
v -0.01786100 -0.01030000 0.08144900
v -0.02086600 -0.01030000 0.08106700
v -0.02086600 -0.01030000 0.08106700
v -0.02033200 -0.01030000 0.08192400
v -0.02033200 -0.01030000 0.08192400
v -0.02065500 -0.01030000 0.08153100
v -0.02065500 -0.01030000 0.08153100
v -0.01974200 -0.01030000 0.07880900
v -0.01974200 -0.01030000 0.07880900
v -0.01940200 -0.01030000 0.07859200
v -0.01990000 -0.01030000 0.07879600
v -0.01990000 -0.01030000 0.07879600
v -0.02003000 -0.01030000 0.07884500
v -0.02003000 -0.01030000 0.07884500
v -0.01872500 -0.01030000 0.07856900
v -0.01872500 -0.01030000 0.07856900
v -0.01872500 -0.01030000 0.07856900
v -0.02095000 -0.01030000 0.08048000
v -0.02095000 -0.01030000 0.08048000
v -0.02094700 -0.01030000 0.08039500
v -0.02094700 -0.01030000 0.08039500
v -0.02006300 -0.01030000 0.07886800
v -0.02006300 -0.01030000 0.07886800
v -0.02010200 -0.01030000 0.07889100
v -0.02010200 -0.01030000 0.07889100
v -0.02004700 -0.01030000 0.07885600
v -0.02082000 -0.01030000 0.08028400
v -0.02082000 -0.01030000 0.08028400
v -0.02093100 -0.01030000 0.08022500
v -0.02093100 -0.01030000 0.08022500
v -0.02085400 -0.01030000 0.07989400
v -0.02085400 -0.01030000 0.07989400
v -0.02072000 -0.01030000 0.07958200
v -0.02072000 -0.01030000 0.07958200
v -0.02007900 -0.01030000 0.07888100
v -0.02007900 -0.01030000 0.07888100
v -0.02010700 -0.01030000 0.07890900
v -0.02010700 -0.01030000 0.07890900
v -0.02017100 -0.01030000 0.07894100
v -0.02017100 -0.01030000 0.07894100
v -0.02030200 -0.01030000 0.07904900
v -0.02030200 -0.01030000 0.07904900
v -0.02053500 -0.01030000 0.07929700
v -0.02053500 -0.01030000 0.07929700
v -0.02266600 -0.00810000 0.07950100
v -0.02266600 -0.00810000 0.07950100
v -0.02257400 -0.00859200 0.08085600
v -0.02273700 -0.00810000 0.08119100
v -0.02214800 -0.00924700 0.08005800
v -0.02111900 -0.00924700 0.07813000
v -0.01973900 -0.01014200 0.07841700
v -0.01915800 -0.00925000 0.07732800
v -0.02187000 -0.00810000 0.07800900
v -0.02050500 -0.00810000 0.07701100
v -0.02069200 -0.00859200 0.07733200
v -0.01884200 -0.00810000 0.07670300
v -0.01882500 -0.00810000 0.07670400
v -0.02163300 -0.00947800 0.07909400
v -0.02200600 -0.00810000 0.07817600
v -0.02235200 -0.00810000 0.07871000
v -0.02260400 -0.00810000 0.07929500
v -0.02206700 -0.00810000 0.08274400
v -0.02172300 -0.00925000 0.08213300
v -0.02205700 -0.00810000 0.08275800
v -0.02114200 -0.01014200 0.08104500
v -0.01290000 -0.00600000 0.08965000
v -0.01290000 -0.00600000 0.08965000
v -0.01285200 -0.00563800 0.08965000
v -0.01285200 -0.00563800 0.08965000
v -0.01285200 -0.00563800 0.08965000
v -0.01372800 -0.00517600 0.08884600
v -0.01279300 -0.00546400 0.08965000
v -0.01279300 -0.00546400 0.08965000
v -0.01275600 -0.00538100 0.08965000
v -0.01275600 -0.00538100 0.08965000
v -0.01273500 -0.00534000 0.08965000
v -0.01273500 -0.00534000 0.08965000
v -0.01273500 -0.00534000 0.08965000
v -0.01271600 -0.00488800 0.08950600
v -0.01271200 -0.00530000 0.08965000
v -0.01271200 -0.00530000 0.08965000
v -0.01249000 -0.00501000 0.08965000
v -0.01275600 -0.00661900 0.08965000
v -0.01275600 -0.00661900 0.08965000
v -0.01275600 -0.00661900 0.08965000
v -0.01279300 -0.00653600 0.08965000
v -0.01279300 -0.00653600 0.08965000
v -0.01279300 -0.00653600 0.08965000
v -0.01372800 -0.00682400 0.08884600
v -0.01220000 -0.00721200 0.08965000
v -0.01220000 -0.00721200 0.08965000
v -0.01220000 -0.00721200 0.08965000
v -0.01249000 -0.00699000 0.08965000
v -0.01249000 -0.00699000 0.08965000
v -0.01271600 -0.00711200 0.08950600
v -0.01271200 -0.00670000 0.08965000
v -0.01271200 -0.00670000 0.08965000
v -0.01271200 -0.00670000 0.08965000
v -0.01273500 -0.00666000 0.08965000
v -0.01273500 -0.00666000 0.08965000
v -0.01150000 -0.00885000 0.08800000
v -0.01150000 -0.00885000 0.08800000
v -0.01150000 -0.00822500 0.08902100
v -0.01271600 -0.00803900 0.08884800
v -0.01150000 -0.00740000 0.08965000
v -0.01150000 -0.00740000 0.08965000
v -0.01150000 -0.00740000 0.08965000
v -0.01186200 -0.00735200 0.08965000
v -0.01186200 -0.00735200 0.08965000
v -0.01186200 -0.00735200 0.08965000
v -0.01186200 -0.00735200 0.08965000
v -0.01396800 -0.00742500 0.08800000
v -0.01396800 -0.00742500 0.08800000
v -0.01374600 -0.00775400 0.08800000
v -0.01374600 -0.00775400 0.08800000
v -0.01372800 -0.00751100 0.08835800
v -0.01292500 -0.00846800 0.08800000
v -0.01292500 -0.00846800 0.08800000
v -0.01271800 -0.00857700 0.08800000
v -0.01271800 -0.00857700 0.08800000
v -0.01285200 -0.00636200 0.08965000
v -0.01285200 -0.00636200 0.08965000
v -0.01372800 -0.00600000 0.08901800
v -0.01429200 -0.00657200 0.08800000
v -0.01429200 -0.00657200 0.08800000
v -0.01435000 -0.00600000 0.08800000
v -0.01435000 -0.00600000 0.08800000
v -0.01429200 -0.00542800 0.08800000
v -0.01429200 -0.00542800 0.08800000
v -0.01396800 -0.00457500 0.08800000
v -0.01396800 -0.00457500 0.08800000
v -0.01372800 -0.00448900 0.08835800
v -0.01292500 -0.00353200 0.08800000
v -0.01292500 -0.00353200 0.08800000
v -0.01292500 -0.00353200 0.08800000
v -0.01271600 -0.00396100 0.08884800
v -0.01271800 -0.00342300 0.08800000
v -0.01271800 -0.00342300 0.08800000
v -0.01271800 -0.00342300 0.08800000
v -0.01150000 -0.00377500 0.08902100
v -0.01150000 -0.00315000 0.08800000
v -0.01150000 -0.00315000 0.08800000
v -0.01220000 -0.00478800 0.08965000
v -0.01220000 -0.00478800 0.08965000
v -0.01186200 -0.00464800 0.08965000
v -0.01186200 -0.00464800 0.08965000
v -0.01186200 -0.00464800 0.08965000
v -0.01186200 -0.00464800 0.08965000
v -0.01150000 -0.00460000 0.08965000
v -0.01150000 -0.00460000 0.08965000
v -0.01150000 -0.00460000 0.08965000
v -0.01150000 -0.00460000 0.08965000
v -0.00870800 -0.00542800 0.08800000
v -0.00870800 -0.00542800 0.08800000
v -0.00928500 -0.00517000 0.08885800
v -0.00928500 -0.00600000 0.08903200
v -0.00903200 -0.00457500 0.08800000
v -0.00903200 -0.00457500 0.08800000
v -0.00926600 -0.00423000 0.08800000
v -0.00926600 -0.00423000 0.08800000
v -0.00928500 -0.00447900 0.08836800
v -0.01007500 -0.00353200 0.08800000
v -0.01007500 -0.00353200 0.08800000
v -0.01029300 -0.00395800 0.08885000
v -0.01029100 -0.00341900 0.08800000
v -0.01029100 -0.00341900 0.08800000
v -0.00865000 -0.00600000 0.08800000
v -0.00865000 -0.00600000 0.08800000
v -0.00928500 -0.00683000 0.08885800
v -0.00870800 -0.00657200 0.08800000
v -0.00870800 -0.00657200 0.08800000
v -0.00903200 -0.00742500 0.08800000
v -0.00903200 -0.00742500 0.08800000
v -0.00928500 -0.00752100 0.08836800
v -0.01007500 -0.00846800 0.08800000
v -0.01007500 -0.00846800 0.08800000
v -0.01029300 -0.00804200 0.08885000
v -0.01029100 -0.00858100 0.08800000
v -0.01029100 -0.00858100 0.08800000
v -0.01080000 -0.00721200 0.08965000
v -0.01080000 -0.00721200 0.08965000
v -0.01113800 -0.00735200 0.08965000
v -0.01113800 -0.00735200 0.08965000
v -0.01113800 -0.00735200 0.08965000
v -0.01080000 -0.00478800 0.08965000
v -0.01080000 -0.00478800 0.08965000
v -0.01051000 -0.00501000 0.08965000
v -0.01051000 -0.00501000 0.08965000
v -0.01029300 -0.00488600 0.08950900
v -0.01028800 -0.00530000 0.08965000
v -0.01028800 -0.00530000 0.08965000
v -0.01028800 -0.00530000 0.08965000
v -0.01012100 -0.00575700 0.08965000
v -0.01012100 -0.00575700 0.08965000
v -0.01012100 -0.00575700 0.08965000
v -0.01010000 -0.00600000 0.08965000
v -0.01010000 -0.00600000 0.08965000
v -0.01012100 -0.00624300 0.08965000
v -0.01012100 -0.00624300 0.08965000
v -0.01012100 -0.00624300 0.08965000
v -0.01029300 -0.00711400 0.08950900
v -0.01028800 -0.00670000 0.08965000
v -0.01028800 -0.00670000 0.08965000
v -0.01028800 -0.00670000 0.08965000
v -0.01051000 -0.00699000 0.08965000
v -0.01113800 -0.00464800 0.08965000
v -0.01113800 -0.00464800 0.08965000
v -0.01113800 -0.00464800 0.08965000
v -0.01113800 -0.00464800 0.08965000
v -0.01139300 -0.00462400 0.08965000
v -0.01139300 -0.00462400 0.08965000
v -0.01134700 -0.00465300 0.08965000
v -0.01134700 -0.00465300 0.08965000
v -0.01134700 -0.00465300 0.08965000
v -0.01130800 -0.00469200 0.08965000
v -0.01130800 -0.00469200 0.08965000
v -0.01130800 -0.00469200 0.08965000
v -0.01046300 -0.00517900 0.08965000
v -0.01046300 -0.00517900 0.08965000
v -0.01041000 -0.00519400 0.08965000
v -0.01041000 -0.00519400 0.08965000
v -0.01036200 -0.00522000 0.08965000
v -0.01036200 -0.00522000 0.08965000
v -0.01125900 -0.00479000 0.08965000
v -0.01125900 -0.00479000 0.08965000
v -0.01125900 -0.00479000 0.08965000
v -0.01116600 -0.00498900 0.08965000
v -0.01116600 -0.00498900 0.08965000
v -0.01116600 -0.00498900 0.08965000
v -0.01100100 -0.00513600 0.08965000
v -0.01100100 -0.00513600 0.08965000
v -0.01079200 -0.00520500 0.08965000
v -0.01079200 -0.00520500 0.08965000
v -0.01057200 -0.00518600 0.08965000
v -0.01057200 -0.00518600 0.08965000
v -0.01025500 -0.00540400 0.08965000
v -0.01025500 -0.00540400 0.08965000
v -0.01033200 -0.00639700 0.08965000
v -0.01033200 -0.00639700 0.08965000
v -0.01033200 -0.00639700 0.08965000
v -0.01027100 -0.00648700 0.08965000
v -0.01027100 -0.00648700 0.08965000
v -0.01025500 -0.00659600 0.08965000
v -0.01025500 -0.00659600 0.08965000
v -0.01045800 -0.00621600 0.08965000
v -0.01045800 -0.00621600 0.08965000
v -0.01050200 -0.00600000 0.08965000
v -0.01050200 -0.00600000 0.08965000
v -0.01027100 -0.00551200 0.08965000
v -0.01027100 -0.00551200 0.08965000
v -0.01027100 -0.00551200 0.08965000
v -0.01033200 -0.00560300 0.08965000
v -0.01033200 -0.00560300 0.08965000
v -0.01033200 -0.00560300 0.08965000
v -0.01045800 -0.00578400 0.08965000
v -0.01045800 -0.00578400 0.08965000
v -0.01036200 -0.00678000 0.08965000
v -0.01036200 -0.00678000 0.08965000
v -0.01041000 -0.00680600 0.08965000
v -0.01041000 -0.00680600 0.08965000
v -0.01046300 -0.00682100 0.08965000
v -0.01046300 -0.00682100 0.08965000
v -0.01130800 -0.00730800 0.08965000
v -0.01130800 -0.00730800 0.08965000
v -0.01134700 -0.00734700 0.08965000
v -0.01134700 -0.00734700 0.08965000
v -0.01134700 -0.00734700 0.08965000
v -0.01139300 -0.00737600 0.08965000
v -0.01139300 -0.00737600 0.08965000
v -0.01139300 -0.00737600 0.08965000
v -0.01057200 -0.00681400 0.08965000
v -0.01057200 -0.00681400 0.08965000
v -0.01079200 -0.00679500 0.08965000
v -0.01079200 -0.00679500 0.08965000
v -0.01100100 -0.00686400 0.08965000
v -0.01100100 -0.00686400 0.08965000
v -0.01116600 -0.00701100 0.08965000
v -0.01116600 -0.00701100 0.08965000
v -0.01125900 -0.00721000 0.08965000
v -0.01125900 -0.00721000 0.08965000
v -0.01264600 -0.00522500 0.08965000
v -0.01264600 -0.00522500 0.08965000
v -0.01259600 -0.00519700 0.08965000
v -0.01259600 -0.00519700 0.08965000
v -0.01254200 -0.00518000 0.08965000
v -0.01254200 -0.00518000 0.08965000
v -0.01169200 -0.00469200 0.08965000
v -0.01169200 -0.00469200 0.08965000
v -0.01165300 -0.00465300 0.08965000
v -0.01165300 -0.00465300 0.08965000
v -0.01165300 -0.00465300 0.08965000
v -0.01160700 -0.00462400 0.08965000
v -0.01160700 -0.00462400 0.08965000
v -0.01242800 -0.00518600 0.08965000
v -0.01242800 -0.00518600 0.08965000
v -0.01220800 -0.00520500 0.08965000
v -0.01220800 -0.00520500 0.08965000
v -0.01220800 -0.00520500 0.08965000
v -0.01199900 -0.00513600 0.08965000
v -0.01199900 -0.00513600 0.08965000
v -0.01183400 -0.00498900 0.08965000
v -0.01183400 -0.00498900 0.08965000
v -0.01183400 -0.00498900 0.08965000
v -0.01174100 -0.00479000 0.08965000
v -0.01174100 -0.00479000 0.08965000
v -0.01174100 -0.00479000 0.08965000
v -0.01254200 -0.00682000 0.08965000
v -0.01254200 -0.00682000 0.08965000
v -0.01259600 -0.00680300 0.08965000
v -0.01259600 -0.00680300 0.08965000
v -0.01264600 -0.00677500 0.08965000
v -0.01264600 -0.00677500 0.08965000
v -0.01160700 -0.00737600 0.08965000
v -0.01160700 -0.00737600 0.08965000
v -0.01160700 -0.00737600 0.08965000
v -0.01165300 -0.00734700 0.08965000
v -0.01165300 -0.00734700 0.08965000
v -0.01165300 -0.00734700 0.08965000
v -0.01169200 -0.00730800 0.08965000
v -0.01169200 -0.00730800 0.08965000
v -0.01169200 -0.00730800 0.08965000
v -0.01174100 -0.00721000 0.08965000
v -0.01174100 -0.00721000 0.08965000
v -0.01183400 -0.00701100 0.08965000
v -0.01183400 -0.00701100 0.08965000
v -0.01199900 -0.00686400 0.08965000
v -0.01199900 -0.00686400 0.08965000
v -0.01220800 -0.00679500 0.08965000
v -0.01220800 -0.00679500 0.08965000
v -0.01242800 -0.00681400 0.08965000
v -0.01242800 -0.00681400 0.08965000
v -0.01271900 -0.00531300 0.08965000
v -0.01271900 -0.00531300 0.08965000
v -0.01272500 -0.00552100 0.08965000
v -0.01272500 -0.00552100 0.08965000
v -0.01272500 -0.00552100 0.08965000
v -0.01272500 -0.00647800 0.08965000
v -0.01272500 -0.00647800 0.08965000
v -0.01274000 -0.00652600 0.08965000
v -0.01274000 -0.00652600 0.08965000
v -0.01272500 -0.00532600 0.08965000
v -0.01272500 -0.00532600 0.08965000
v -0.01271900 -0.00668700 0.08965000
v -0.01271900 -0.00668700 0.08965000
v -0.01266800 -0.00639700 0.08965000
v -0.01266800 -0.00639700 0.08965000
v -0.01254200 -0.00621600 0.08965000
v -0.01254200 -0.00621600 0.08965000
v -0.01274000 -0.00547400 0.08965000
v -0.01274000 -0.00547400 0.08965000
v -0.01274600 -0.00542400 0.08965000
v -0.01274600 -0.00542400 0.08965000
v -0.01273900 -0.00536700 0.08965000
v -0.01273900 -0.00536700 0.08965000
v -0.01273100 -0.00533900 0.08965000
v -0.01273100 -0.00533900 0.08965000
v -0.01272500 -0.00667400 0.08965000
v -0.01272500 -0.00667400 0.08965000
v -0.01273100 -0.00666100 0.08965000
v -0.01273100 -0.00666100 0.08965000
v -0.01273100 -0.00666100 0.08965000
v -0.01273900 -0.00663300 0.08965000
v -0.01273900 -0.00663300 0.08965000
v -0.01273900 -0.00663300 0.08965000
v -0.01274600 -0.00657600 0.08965000
v -0.01274600 -0.00657600 0.08965000
v -0.01274600 -0.00657600 0.08965000
v -0.01249800 -0.00600000 0.08965000
v -0.01249800 -0.00600000 0.08965000
v -0.01254200 -0.00578400 0.08965000
v -0.01254200 -0.00578400 0.08965000
v -0.01266800 -0.00560300 0.08965000
v -0.01266800 -0.00560300 0.08965000
v -0.01266800 -0.00560300 0.08965000
v -0.01130800 -0.00469200 0.08885000
v -0.01130800 -0.00469200 0.08885000
v -0.01125900 -0.00479000 0.08885000
v -0.01125900 -0.00479000 0.08885000
v -0.01139300 -0.00462400 0.08885000
v -0.01139300 -0.00462400 0.08885000
v -0.01150000 -0.00460000 0.08885000
v -0.01150000 -0.00460000 0.08885000
v -0.01150000 -0.00460000 0.08885000
v -0.01160700 -0.00462400 0.08885000
v -0.01160700 -0.00462400 0.08885000
v -0.01160700 -0.00462400 0.08885000
v -0.01169200 -0.00469200 0.08885000
v -0.01169200 -0.00469200 0.08885000
v -0.01174100 -0.00479000 0.08885000
v -0.01174100 -0.00479000 0.08885000
v -0.01174100 -0.00479000 0.08885000
v -0.01174100 -0.00479000 0.08885000
v -0.01057200 -0.00518600 0.08885000
v -0.01057200 -0.00518600 0.08885000
v -0.01079200 -0.00520500 0.08885000
v -0.01079200 -0.00520500 0.08885000
v -0.01100100 -0.00513600 0.08885000
v -0.01100100 -0.00513600 0.08885000
v -0.01100100 -0.00513600 0.08885000
v -0.01116600 -0.00498900 0.08885000
v -0.01116600 -0.00498900 0.08885000
v -0.01116600 -0.00498900 0.08885000
v -0.01033200 -0.00560300 0.08885000
v -0.01033200 -0.00560300 0.08885000
v -0.01027100 -0.00551200 0.08885000
v -0.01027100 -0.00551200 0.08885000
v -0.01025500 -0.00540400 0.08885000
v -0.01025500 -0.00540400 0.08885000
v -0.01028800 -0.00530000 0.08885000
v -0.01028800 -0.00530000 0.08885000
v -0.01036200 -0.00522000 0.08885000
v -0.01036200 -0.00522000 0.08885000
v -0.01046300 -0.00517900 0.08885000
v -0.01046300 -0.00517900 0.08885000
v -0.01050200 -0.00600000 0.08885000
v -0.01050200 -0.00600000 0.08885000
v -0.01045800 -0.00578400 0.08885000
v -0.01045800 -0.00578400 0.08885000
v -0.01045800 -0.00578400 0.08885000
v -0.01033200 -0.00639700 0.08885000
v -0.01033200 -0.00639700 0.08885000
v -0.01033200 -0.00639700 0.08885000
v -0.01033200 -0.00639700 0.08885000
v -0.01045800 -0.00621600 0.08885000
v -0.01045800 -0.00621600 0.08885000
v -0.01046300 -0.00682100 0.08885000
v -0.01046300 -0.00682100 0.08885000
v -0.01046300 -0.00682100 0.08885000
v -0.01057200 -0.00681400 0.08885000
v -0.01057200 -0.00681400 0.08885000
v -0.01057200 -0.00681400 0.08885000
v -0.01036200 -0.00678000 0.08885000
v -0.01036200 -0.00678000 0.08885000
v -0.01028800 -0.00670000 0.08885000
v -0.01028800 -0.00670000 0.08885000
v -0.01028800 -0.00670000 0.08885000
v -0.01025500 -0.00659600 0.08885000
v -0.01025500 -0.00659600 0.08885000
v -0.01027100 -0.00648700 0.08885000
v -0.01027100 -0.00648700 0.08885000
v -0.01027100 -0.00648700 0.08885000
v -0.01169200 -0.00730800 0.08885000
v -0.01169200 -0.00730800 0.08885000
v -0.01169200 -0.00730800 0.08885000
v -0.01174100 -0.00721000 0.08885000
v -0.01174100 -0.00721000 0.08885000
v -0.01160700 -0.00737600 0.08885000
v -0.01160700 -0.00737600 0.08885000
v -0.01150000 -0.00740000 0.08885000
v -0.01150000 -0.00740000 0.08885000
v -0.01150000 -0.00740000 0.08885000
v -0.01139300 -0.00737600 0.08885000
v -0.01139300 -0.00737600 0.08885000
v -0.01139300 -0.00737600 0.08885000
v -0.01130800 -0.00730800 0.08885000
v -0.01130800 -0.00730800 0.08885000
v -0.01125900 -0.00721000 0.08885000
v -0.01125900 -0.00721000 0.08885000
v -0.01125900 -0.00721000 0.08885000
v -0.01116600 -0.00701100 0.08885000
v -0.01116600 -0.00701100 0.08885000
v -0.01100100 -0.00686400 0.08885000
v -0.01100100 -0.00686400 0.08885000
v -0.01079200 -0.00679500 0.08885000
v -0.01079200 -0.00679500 0.08885000
v -0.01254200 -0.00518000 0.08885000
v -0.01254200 -0.00518000 0.08885000
v -0.01254200 -0.00518000 0.08885000
v -0.01254200 -0.00518000 0.08885000
v -0.01242800 -0.00518600 0.08885000
v -0.01242800 -0.00518600 0.08885000
v -0.01242800 -0.00518600 0.08885000
v -0.01264600 -0.00522500 0.08885000
v -0.01264600 -0.00522500 0.08885000
v -0.01271900 -0.00531300 0.08885000
v -0.01271900 -0.00531300 0.08885000
v -0.01271900 -0.00531300 0.08885000
v -0.01271900 -0.00531300 0.08885000
v -0.01274600 -0.00542400 0.08885000
v -0.01274600 -0.00542400 0.08885000
v -0.01274600 -0.00542400 0.08885000
v -0.01274600 -0.00542400 0.08885000
v -0.01183400 -0.00498900 0.08885000
v -0.01183400 -0.00498900 0.08885000
v -0.01199900 -0.00513600 0.08885000
v -0.01199900 -0.00513600 0.08885000
v -0.01220800 -0.00520500 0.08885000
v -0.01220800 -0.00520500 0.08885000
v -0.01274600 -0.00657600 0.08885000
v -0.01274600 -0.00657600 0.08885000
v -0.01271900 -0.00668700 0.08885000
v -0.01271900 -0.00668700 0.08885000
v -0.01271900 -0.00668700 0.08885000
v -0.01264600 -0.00677500 0.08885000
v -0.01264600 -0.00677500 0.08885000
v -0.01254200 -0.00682000 0.08885000
v -0.01254200 -0.00682000 0.08885000
v -0.01242800 -0.00681400 0.08885000
v -0.01242800 -0.00681400 0.08885000
v -0.01242800 -0.00681400 0.08885000
v -0.01220800 -0.00679500 0.08885000
v -0.01220800 -0.00679500 0.08885000
v -0.01199900 -0.00686400 0.08885000
v -0.01199900 -0.00686400 0.08885000
v -0.01183400 -0.00701100 0.08885000
v -0.01183400 -0.00701100 0.08885000
v -0.01272500 -0.00647800 0.08885000
v -0.01272500 -0.00647800 0.08885000
v -0.01272500 -0.00647800 0.08885000
v -0.01266800 -0.00639700 0.08885000
v -0.01266800 -0.00639700 0.08885000
v -0.01266800 -0.00639700 0.08885000
v -0.01266800 -0.00560300 0.08885000
v -0.01266800 -0.00560300 0.08885000
v -0.01254200 -0.00578400 0.08885000
v -0.01254200 -0.00578400 0.08885000
v -0.01249800 -0.00600000 0.08885000
v -0.01249800 -0.00600000 0.08885000
v -0.01254200 -0.00621600 0.08885000
v -0.01254200 -0.00621600 0.08885000
v -0.01272500 -0.00552100 0.08885000
v -0.01272500 -0.00552100 0.08885000
v -0.01272500 -0.00552100 0.08885000
v 0.01010000 -0.00600000 0.08965000
v 0.01010000 -0.00600000 0.08965000
v 0.01014800 -0.00563800 0.08965000
v 0.01014800 -0.00563800 0.08965000
v 0.01014800 -0.00563800 0.08965000
v 0.00927200 -0.00517600 0.08884600
v 0.01020700 -0.00546400 0.08965000
v 0.01020700 -0.00546400 0.08965000
v 0.01020700 -0.00546400 0.08965000
v 0.01024400 -0.00538100 0.08965000
v 0.01024400 -0.00538100 0.08965000
v 0.01024400 -0.00538100 0.08965000
v 0.01026500 -0.00534000 0.08965000
v 0.01026500 -0.00534000 0.08965000
v 0.01026500 -0.00534000 0.08965000
v 0.01028400 -0.00488800 0.08950600
v 0.01028800 -0.00530000 0.08965000
v 0.01028800 -0.00530000 0.08965000
v 0.01051000 -0.00501000 0.08965000
v 0.01024400 -0.00661900 0.08965000
v 0.01024400 -0.00661900 0.08965000
v 0.01024400 -0.00661900 0.08965000
v 0.01020700 -0.00653600 0.08965000
v 0.01020700 -0.00653600 0.08965000
v 0.00927200 -0.00682400 0.08884600
v 0.01080000 -0.00721200 0.08965000
v 0.01080000 -0.00721200 0.08965000
v 0.01080000 -0.00721200 0.08965000
v 0.01051000 -0.00699000 0.08965000
v 0.01051000 -0.00699000 0.08965000
v 0.01028400 -0.00711200 0.08950600
v 0.01028800 -0.00670000 0.08965000
v 0.01028800 -0.00670000 0.08965000
v 0.01026500 -0.00666000 0.08965000
v 0.01026500 -0.00666000 0.08965000
v 0.01150000 -0.00885000 0.08800000
v 0.01150000 -0.00885000 0.08800000
v 0.01150000 -0.00822500 0.08902100
v 0.01028400 -0.00803900 0.08884800
v 0.01150000 -0.00740000 0.08965000
v 0.01150000 -0.00740000 0.08965000
v 0.01150000 -0.00740000 0.08965000
v 0.01113800 -0.00735200 0.08965000
v 0.01113800 -0.00735200 0.08965000
v 0.01113800 -0.00735200 0.08965000
v 0.01113800 -0.00735200 0.08965000
v 0.00903200 -0.00742500 0.08800000
v 0.00903200 -0.00742500 0.08800000
v 0.00925400 -0.00775400 0.08800000
v 0.00925400 -0.00775400 0.08800000
v 0.00927200 -0.00751100 0.08835800
v 0.01007500 -0.00846800 0.08800000
v 0.01007500 -0.00846800 0.08800000
v 0.01028200 -0.00857700 0.08800000
v 0.01028200 -0.00857700 0.08800000
v 0.01014800 -0.00636200 0.08965000
v 0.01014800 -0.00636200 0.08965000
v 0.00927200 -0.00600000 0.08901800
v 0.00870800 -0.00657200 0.08800000
v 0.00870800 -0.00657200 0.08800000
v 0.00865000 -0.00600000 0.08800000
v 0.00865000 -0.00600000 0.08800000
v 0.00870800 -0.00542800 0.08800000
v 0.00870800 -0.00542800 0.08800000
v 0.00903200 -0.00457500 0.08800000
v 0.00903200 -0.00457500 0.08800000
v 0.00927200 -0.00448900 0.08835800
v 0.01007500 -0.00353200 0.08800000
v 0.01007500 -0.00353200 0.08800000
v 0.01028400 -0.00396100 0.08884800
v 0.01028200 -0.00342300 0.08800000
v 0.01028200 -0.00342300 0.08800000
v 0.01150000 -0.00377500 0.08902100
v 0.01150000 -0.00315000 0.08800000
v 0.01150000 -0.00315000 0.08800000
v 0.01080000 -0.00478800 0.08965000
v 0.01080000 -0.00478800 0.08965000
v 0.01113800 -0.00464800 0.08965000
v 0.01113800 -0.00464800 0.08965000
v 0.01113800 -0.00464800 0.08965000
v 0.01113800 -0.00464800 0.08965000
v 0.01150000 -0.00460000 0.08965000
v 0.01150000 -0.00460000 0.08965000
v 0.01150000 -0.00460000 0.08965000
v 0.01150000 -0.00460000 0.08965000
v 0.01429200 -0.00542800 0.08800000
v 0.01429200 -0.00542800 0.08800000
v 0.01371500 -0.00517000 0.08885800
v 0.01371500 -0.00600000 0.08903200
v 0.01396800 -0.00457500 0.08800000
v 0.01396800 -0.00457500 0.08800000
v 0.01373400 -0.00423000 0.08800000
v 0.01373400 -0.00423000 0.08800000
v 0.01371500 -0.00447900 0.08836800
v 0.01292500 -0.00353200 0.08800000
v 0.01292500 -0.00353200 0.08800000
v 0.01270700 -0.00395800 0.08885000
v 0.01270900 -0.00341900 0.08800000
v 0.01270900 -0.00341900 0.08800000
v 0.01435000 -0.00600000 0.08800000
v 0.01435000 -0.00600000 0.08800000
v 0.01371500 -0.00683000 0.08885800
v 0.01429200 -0.00657200 0.08800000
v 0.01429200 -0.00657200 0.08800000
v 0.01396800 -0.00742500 0.08800000
v 0.01396800 -0.00742500 0.08800000
v 0.01371500 -0.00752100 0.08836800
v 0.01292500 -0.00846800 0.08800000
v 0.01292500 -0.00846800 0.08800000
v 0.01270700 -0.00804200 0.08885000
v 0.01270900 -0.00858100 0.08800000
v 0.01270900 -0.00858100 0.08800000
v 0.01220000 -0.00721200 0.08965000
v 0.01220000 -0.00721200 0.08965000
v 0.01186200 -0.00735200 0.08965000
v 0.01186200 -0.00735200 0.08965000
v 0.01186200 -0.00735200 0.08965000
v 0.01220000 -0.00478800 0.08965000
v 0.01220000 -0.00478800 0.08965000
v 0.01249000 -0.00501000 0.08965000
v 0.01270700 -0.00488600 0.08950900
v 0.01271200 -0.00530000 0.08965000
v 0.01271200 -0.00530000 0.08965000
v 0.01271200 -0.00530000 0.08965000
v 0.01285200 -0.00563800 0.08965000
v 0.01285200 -0.00563800 0.08965000
v 0.01285200 -0.00563800 0.08965000
v 0.01285200 -0.00563800 0.08965000
v 0.01290000 -0.00600000 0.08965000
v 0.01290000 -0.00600000 0.08965000
v 0.01285200 -0.00636200 0.08965000
v 0.01285200 -0.00636200 0.08965000
v 0.01285200 -0.00636200 0.08965000
v 0.01285200 -0.00636200 0.08965000
v 0.01270700 -0.00711400 0.08950900
v 0.01271200 -0.00670000 0.08965000
v 0.01271200 -0.00670000 0.08965000
v 0.01271200 -0.00670000 0.08965000
v 0.01249000 -0.00699000 0.08965000
v 0.01186200 -0.00464800 0.08965000
v 0.01186200 -0.00464800 0.08965000
v 0.01186200 -0.00464800 0.08965000
v 0.01186200 -0.00464800 0.08965000
v 0.01160700 -0.00462400 0.08965000
v 0.01160700 -0.00462400 0.08965000
v 0.01165300 -0.00465300 0.08965000
v 0.01165300 -0.00465300 0.08965000
v 0.01165300 -0.00465300 0.08965000
v 0.01169200 -0.00469200 0.08965000
v 0.01169200 -0.00469200 0.08965000
v 0.01169200 -0.00469200 0.08965000
v 0.01253700 -0.00517900 0.08965000
v 0.01253700 -0.00517900 0.08965000
v 0.01259000 -0.00519400 0.08965000
v 0.01259000 -0.00519400 0.08965000
v 0.01263800 -0.00522000 0.08965000
v 0.01263800 -0.00522000 0.08965000
v 0.01174100 -0.00479000 0.08965000
v 0.01174100 -0.00479000 0.08965000
v 0.01174100 -0.00479000 0.08965000
v 0.01183400 -0.00498900 0.08965000
v 0.01183400 -0.00498900 0.08965000
v 0.01183400 -0.00498900 0.08965000
v 0.01199900 -0.00513600 0.08965000
v 0.01199900 -0.00513600 0.08965000
v 0.01220800 -0.00520500 0.08965000
v 0.01220800 -0.00520500 0.08965000
v 0.01242800 -0.00518600 0.08965000
v 0.01242800 -0.00518600 0.08965000
v 0.01274500 -0.00540400 0.08965000
v 0.01274500 -0.00540400 0.08965000
v 0.01274500 -0.00540400 0.08965000
v 0.01274300 -0.00545900 0.08965000
v 0.01274300 -0.00545900 0.08965000
v 0.01274300 -0.00545900 0.08965000
v 0.01272900 -0.00551200 0.08965000
v 0.01272900 -0.00551200 0.08965000
v 0.01272900 -0.00551200 0.08965000
v 0.01272900 -0.00648700 0.08965000
v 0.01272900 -0.00648700 0.08965000
v 0.01272900 -0.00648700 0.08965000
v 0.01274300 -0.00654100 0.08965000
v 0.01274300 -0.00654100 0.08965000
v 0.01274300 -0.00654100 0.08965000
v 0.01274500 -0.00659600 0.08965000
v 0.01274500 -0.00659600 0.08965000
v 0.01274500 -0.00659600 0.08965000
v 0.01266800 -0.00560300 0.08965000
v 0.01266800 -0.00560300 0.08965000
v 0.01254200 -0.00578400 0.08965000
v 0.01254200 -0.00578400 0.08965000
v 0.01249800 -0.00600000 0.08965000
v 0.01249800 -0.00600000 0.08965000
v 0.01254200 -0.00621600 0.08965000
v 0.01254200 -0.00621600 0.08965000
v 0.01266800 -0.00639700 0.08965000
v 0.01266800 -0.00639700 0.08965000
v 0.01266800 -0.00639700 0.08965000
v 0.01263800 -0.00678000 0.08965000
v 0.01263800 -0.00678000 0.08965000
v 0.01259000 -0.00680600 0.08965000
v 0.01259000 -0.00680600 0.08965000
v 0.01253700 -0.00682100 0.08965000
v 0.01253700 -0.00682100 0.08965000
v 0.01169200 -0.00730800 0.08965000
v 0.01169200 -0.00730800 0.08965000
v 0.01165300 -0.00734700 0.08965000
v 0.01165300 -0.00734700 0.08965000
v 0.01165300 -0.00734700 0.08965000
v 0.01160700 -0.00737600 0.08965000
v 0.01160700 -0.00737600 0.08965000
v 0.01160700 -0.00737600 0.08965000
v 0.01242800 -0.00681400 0.08965000
v 0.01242800 -0.00681400 0.08965000
v 0.01220800 -0.00679500 0.08965000
v 0.01220800 -0.00679500 0.08965000
v 0.01199900 -0.00686400 0.08965000
v 0.01199900 -0.00686400 0.08965000
v 0.01183400 -0.00701100 0.08965000
v 0.01183400 -0.00701100 0.08965000
v 0.01174100 -0.00721000 0.08965000
v 0.01174100 -0.00721000 0.08965000
v 0.01035400 -0.00522500 0.08965000
v 0.01035400 -0.00522500 0.08965000
v 0.01040300 -0.00519700 0.08965000
v 0.01040300 -0.00519700 0.08965000
v 0.01045800 -0.00518000 0.08965000
v 0.01045800 -0.00518000 0.08965000
v 0.01130800 -0.00469200 0.08965000
v 0.01130800 -0.00469200 0.08965000
v 0.01134700 -0.00465300 0.08965000
v 0.01134700 -0.00465300 0.08965000
v 0.01134700 -0.00465300 0.08965000
v 0.01139300 -0.00462400 0.08965000
v 0.01139300 -0.00462400 0.08965000
v 0.01057200 -0.00518600 0.08965000
v 0.01057200 -0.00518600 0.08965000
v 0.01079200 -0.00520500 0.08965000
v 0.01079200 -0.00520500 0.08965000
v 0.01079200 -0.00520500 0.08965000
v 0.01100100 -0.00513600 0.08965000
v 0.01100100 -0.00513600 0.08965000
v 0.01116600 -0.00498900 0.08965000
v 0.01116600 -0.00498900 0.08965000
v 0.01116600 -0.00498900 0.08965000
v 0.01125900 -0.00479000 0.08965000
v 0.01125900 -0.00479000 0.08965000
v 0.01125900 -0.00479000 0.08965000
v 0.01045800 -0.00682000 0.08965000
v 0.01045800 -0.00682000 0.08965000
v 0.01040300 -0.00680300 0.08965000
v 0.01040300 -0.00680300 0.08965000
v 0.01035400 -0.00677500 0.08965000
v 0.01035400 -0.00677500 0.08965000
v 0.01139300 -0.00737600 0.08965000
v 0.01139300 -0.00737600 0.08965000
v 0.01139300 -0.00737600 0.08965000
v 0.01134700 -0.00734700 0.08965000
v 0.01134700 -0.00734700 0.08965000
v 0.01134700 -0.00734700 0.08965000
v 0.01130800 -0.00730800 0.08965000
v 0.01130800 -0.00730800 0.08965000
v 0.01130800 -0.00730800 0.08965000
v 0.01125900 -0.00721000 0.08965000
v 0.01125900 -0.00721000 0.08965000
v 0.01116600 -0.00701100 0.08965000
v 0.01116600 -0.00701100 0.08965000
v 0.01100100 -0.00686400 0.08965000
v 0.01100100 -0.00686400 0.08965000
v 0.01079200 -0.00679500 0.08965000
v 0.01079200 -0.00679500 0.08965000
v 0.01057200 -0.00681400 0.08965000
v 0.01057200 -0.00681400 0.08965000
v 0.01028100 -0.00531300 0.08965000
v 0.01028100 -0.00531300 0.08965000
v 0.01027400 -0.00552100 0.08965000
v 0.01027400 -0.00552100 0.08965000
v 0.01027400 -0.00552100 0.08965000
v 0.01027400 -0.00647800 0.08965000
v 0.01027400 -0.00647800 0.08965000
v 0.01025900 -0.00652600 0.08965000
v 0.01025900 -0.00652600 0.08965000
v 0.01027500 -0.00532600 0.08965000
v 0.01027500 -0.00532600 0.08965000
v 0.01028100 -0.00668700 0.08965000
v 0.01033200 -0.00639700 0.08965000
v 0.01033200 -0.00639700 0.08965000
v 0.01045800 -0.00621600 0.08965000
v 0.01045800 -0.00621600 0.08965000
v 0.01025900 -0.00547400 0.08965000
v 0.01025900 -0.00547400 0.08965000
v 0.01025400 -0.00542400 0.08965000
v 0.01025400 -0.00542400 0.08965000
v 0.01025400 -0.00542400 0.08965000
v 0.01026100 -0.00536700 0.08965000
v 0.01026100 -0.00536700 0.08965000
v 0.01026900 -0.00533900 0.08965000
v 0.01027500 -0.00667400 0.08965000
v 0.01026900 -0.00666100 0.08965000
v 0.01026900 -0.00666100 0.08965000
v 0.01026100 -0.00663300 0.08965000
v 0.01026100 -0.00663300 0.08965000
v 0.01025400 -0.00657600 0.08965000
v 0.01025400 -0.00657600 0.08965000
v 0.01050200 -0.00600000 0.08965000
v 0.01050200 -0.00600000 0.08965000
v 0.01045800 -0.00578400 0.08965000
v 0.01045800 -0.00578400 0.08965000
v 0.01033200 -0.00560300 0.08965000
v 0.01033200 -0.00560300 0.08965000
v 0.01033200 -0.00560300 0.08965000
v 0.01169200 -0.00469200 0.08885000
v 0.01169200 -0.00469200 0.08885000
v 0.01174100 -0.00479000 0.08885000
v 0.01174100 -0.00479000 0.08885000
v 0.01160700 -0.00462400 0.08885000
v 0.01160700 -0.00462400 0.08885000
v 0.01150000 -0.00460000 0.08885000
v 0.01150000 -0.00460000 0.08885000
v 0.01139300 -0.00462400 0.08885000
v 0.01139300 -0.00462400 0.08885000
v 0.01130800 -0.00469200 0.08885000
v 0.01130800 -0.00469200 0.08885000
v 0.01125900 -0.00479000 0.08885000
v 0.01125900 -0.00479000 0.08885000
v 0.01242800 -0.00518600 0.08885000
v 0.01242800 -0.00518600 0.08885000
v 0.01220800 -0.00520500 0.08885000
v 0.01220800 -0.00520500 0.08885000
v 0.01199900 -0.00513600 0.08885000
v 0.01199900 -0.00513600 0.08885000
v 0.01183400 -0.00498900 0.08885000
v 0.01183400 -0.00498900 0.08885000
v 0.01272900 -0.00551200 0.08885000
v 0.01272900 -0.00551200 0.08885000
v 0.01266800 -0.00560300 0.08885000
v 0.01266800 -0.00560300 0.08885000
v 0.01274500 -0.00540400 0.08885000
v 0.01274500 -0.00540400 0.08885000
v 0.01274500 -0.00540400 0.08885000
v 0.01271200 -0.00530000 0.08885000
v 0.01271200 -0.00530000 0.08885000
v 0.01263800 -0.00522000 0.08885000
v 0.01263800 -0.00522000 0.08885000
v 0.01253700 -0.00517900 0.08885000
v 0.01253700 -0.00517900 0.08885000
v 0.01249800 -0.00600000 0.08885000
v 0.01249800 -0.00600000 0.08885000
v 0.01249800 -0.00600000 0.08885000
v 0.01254200 -0.00578400 0.08885000
v 0.01254200 -0.00578400 0.08885000
v 0.01266800 -0.00639700 0.08885000
v 0.01266800 -0.00639700 0.08885000
v 0.01254200 -0.00621600 0.08885000
v 0.01254200 -0.00621600 0.08885000
v 0.01253700 -0.00682100 0.08885000
v 0.01253700 -0.00682100 0.08885000
v 0.01242800 -0.00681400 0.08885000
v 0.01242800 -0.00681400 0.08885000
v 0.01263800 -0.00678000 0.08885000
v 0.01263800 -0.00678000 0.08885000
v 0.01263800 -0.00678000 0.08885000
v 0.01271200 -0.00670000 0.08885000
v 0.01271200 -0.00670000 0.08885000
v 0.01274500 -0.00659600 0.08885000
v 0.01274500 -0.00659600 0.08885000
v 0.01274500 -0.00659600 0.08885000
v 0.01272900 -0.00648700 0.08885000
v 0.01272900 -0.00648700 0.08885000
v 0.01130800 -0.00730800 0.08885000
v 0.01130800 -0.00730800 0.08885000
v 0.01125900 -0.00721000 0.08885000
v 0.01125900 -0.00721000 0.08885000
v 0.01139300 -0.00737600 0.08885000
v 0.01139300 -0.00737600 0.08885000
v 0.01150000 -0.00740000 0.08885000
v 0.01150000 -0.00740000 0.08885000
v 0.01160700 -0.00737600 0.08885000
v 0.01160700 -0.00737600 0.08885000
v 0.01169200 -0.00730800 0.08885000
v 0.01169200 -0.00730800 0.08885000
v 0.01174100 -0.00721000 0.08885000
v 0.01174100 -0.00721000 0.08885000
v 0.01183400 -0.00701100 0.08885000
v 0.01183400 -0.00701100 0.08885000
v 0.01199900 -0.00686400 0.08885000
v 0.01199900 -0.00686400 0.08885000
v 0.01199900 -0.00686400 0.08885000
v 0.01220800 -0.00679500 0.08885000
v 0.01220800 -0.00679500 0.08885000
v 0.01220800 -0.00679500 0.08885000
v 0.01045800 -0.00518000 0.08885000
v 0.01045800 -0.00518000 0.08885000
v 0.01045800 -0.00518000 0.08885000
v 0.01057200 -0.00518600 0.08885000
v 0.01057200 -0.00518600 0.08885000
v 0.01057200 -0.00518600 0.08885000
v 0.01035400 -0.00522500 0.08885000
v 0.01035400 -0.00522500 0.08885000
v 0.01035400 -0.00522500 0.08885000
v 0.01028100 -0.00531300 0.08885000
v 0.01028100 -0.00531300 0.08885000
v 0.01028100 -0.00531300 0.08885000
v 0.01025400 -0.00542400 0.08885000
v 0.01025400 -0.00542400 0.08885000
v 0.01025400 -0.00542400 0.08885000
v 0.01025400 -0.00542400 0.08885000
v 0.01116600 -0.00498900 0.08885000
v 0.01116600 -0.00498900 0.08885000
v 0.01100100 -0.00513600 0.08885000
v 0.01100100 -0.00513600 0.08885000
v 0.01100100 -0.00513600 0.08885000
v 0.01079200 -0.00520500 0.08885000
v 0.01079200 -0.00520500 0.08885000
v 0.01025400 -0.00657600 0.08885000
v 0.01025400 -0.00657600 0.08885000
v 0.01028100 -0.00668700 0.08885000
v 0.01028100 -0.00668700 0.08885000
v 0.01028100 -0.00668700 0.08885000
v 0.01035400 -0.00677500 0.08885000
v 0.01035400 -0.00677500 0.08885000
v 0.01045800 -0.00682000 0.08885000
v 0.01045800 -0.00682000 0.08885000
v 0.01057200 -0.00681400 0.08885000
v 0.01057200 -0.00681400 0.08885000
v 0.01057200 -0.00681400 0.08885000
v 0.01079200 -0.00679500 0.08885000
v 0.01079200 -0.00679500 0.08885000
v 0.01100100 -0.00686400 0.08885000
v 0.01100100 -0.00686400 0.08885000
v 0.01116600 -0.00701100 0.08885000
v 0.01116600 -0.00701100 0.08885000
v 0.01027400 -0.00647800 0.08885000
v 0.01027400 -0.00647800 0.08885000
v 0.01027400 -0.00647800 0.08885000
v 0.01033200 -0.00639700 0.08885000
v 0.01033200 -0.00639700 0.08885000
v 0.01033200 -0.00639700 0.08885000
v 0.01033200 -0.00560300 0.08885000
v 0.01033200 -0.00560300 0.08885000
v 0.01045800 -0.00578400 0.08885000
v 0.01045800 -0.00578400 0.08885000
v 0.01050200 -0.00600000 0.08885000
v 0.01050200 -0.00600000 0.08885000
v 0.01045800 -0.00621600 0.08885000
v 0.01045800 -0.00621600 0.08885000
v 0.01027400 -0.00552100 0.08885000
v 0.01027400 -0.00552100 0.08885000
v 0.01027400 -0.00552100 0.08885000
v 0.01150000 0.00315000 0.08800000
v 0.01150000 0.00315000 0.08800000
v 0.01150000 0.00377500 0.08902100
v 0.01028400 0.00396100 0.08884800
v 0.01010000 0.00600000 0.08965000
v 0.01010000 0.00600000 0.08965000
v 0.01014800 0.00636200 0.08965000
v 0.01014800 0.00636200 0.08965000
v 0.00927200 0.00682400 0.08884600
v 0.01020700 0.00653600 0.08965000
v 0.01020700 0.00653600 0.08965000
v 0.01020700 0.00653600 0.08965000
v 0.01024400 0.00661900 0.08965000
v 0.01024400 0.00661900 0.08965000
v 0.01024400 0.00661900 0.08965000
v 0.01026500 0.00666000 0.08965000
v 0.01026500 0.00666000 0.08965000
v 0.01028400 0.00711200 0.08950600
v 0.01028800 0.00670000 0.08965000
v 0.01028800 0.00670000 0.08965000
v 0.01060000 0.00707200 0.08965000
v 0.01024400 0.00538100 0.08965000
v 0.01024400 0.00538100 0.08965000
v 0.01020700 0.00546400 0.08965000
v 0.01020700 0.00546400 0.08965000
v 0.00927200 0.00517600 0.08884600
v 0.01102100 0.00468400 0.08965000
v 0.01102100 0.00468400 0.08965000
v 0.01060000 0.00492800 0.08965000
v 0.01060000 0.00492800 0.08965000
v 0.01028400 0.00488800 0.08950600
v 0.01028800 0.00530000 0.08965000
v 0.01028800 0.00530000 0.08965000
v 0.01028800 0.00530000 0.08965000
v 0.01026500 0.00534000 0.08965000
v 0.00903200 0.00457500 0.08800000
v 0.00903200 0.00457500 0.08800000
v 0.00925400 0.00424600 0.08800000
v 0.00925400 0.00424600 0.08800000
v 0.00927200 0.00448900 0.08835800
v 0.01007500 0.00353200 0.08800000
v 0.01007500 0.00353200 0.08800000
v 0.01028200 0.00342300 0.08800000
v 0.01028200 0.00342300 0.08800000
v 0.01014800 0.00563800 0.08965000
v 0.01014800 0.00563800 0.08965000
v 0.01014800 0.00563800 0.08965000
v 0.00927200 0.00600000 0.08901800
v 0.00870800 0.00542800 0.08800000
v 0.00870800 0.00542800 0.08800000
v 0.00865000 0.00600000 0.08800000
v 0.00865000 0.00600000 0.08800000
v 0.00870800 0.00657200 0.08800000
v 0.00870800 0.00657200 0.08800000
v 0.00903200 0.00742500 0.08800000
v 0.00903200 0.00742500 0.08800000
v 0.00927200 0.00751100 0.08835800
v 0.01007500 0.00846800 0.08800000
v 0.01007500 0.00846800 0.08800000
v 0.01028400 0.00803900 0.08884800
v 0.01028200 0.00857700 0.08800000
v 0.01028200 0.00857700 0.08800000
v 0.01150000 0.00822500 0.08902100
v 0.01150000 0.00885000 0.08800000
v 0.01150000 0.00885000 0.08800000
v 0.01102100 0.00731600 0.08965000
v 0.01102100 0.00731600 0.08965000
v 0.01150000 0.00740000 0.08965000
v 0.01150000 0.00740000 0.08965000
v 0.01150000 0.00740000 0.08965000
v 0.01150000 0.00460000 0.08965000
v 0.01150000 0.00460000 0.08965000
v 0.01150000 0.00460000 0.08965000
v 0.01150000 0.00460000 0.08965000
v 0.01429200 0.00657200 0.08800000
v 0.01429200 0.00657200 0.08800000
v 0.01371500 0.00683000 0.08885800
v 0.01371500 0.00600000 0.08903200
v 0.01396800 0.00742500 0.08800000
v 0.01396800 0.00742500 0.08800000
v 0.01373400 0.00777000 0.08800000
v 0.01373400 0.00777000 0.08800000
v 0.01371500 0.00752100 0.08836800
v 0.01292500 0.00846800 0.08800000
v 0.01292500 0.00846800 0.08800000
v 0.01270700 0.00804200 0.08885000
v 0.01270900 0.00858100 0.08800000
v 0.01270900 0.00858100 0.08800000
v 0.01435000 0.00600000 0.08800000
v 0.01435000 0.00600000 0.08800000
v 0.01371500 0.00517000 0.08885800
v 0.01429200 0.00542800 0.08800000
v 0.01429200 0.00542800 0.08800000
v 0.01396800 0.00457500 0.08800000
v 0.01396800 0.00457500 0.08800000
v 0.01371500 0.00447900 0.08836800
v 0.01292500 0.00353200 0.08800000
v 0.01292500 0.00353200 0.08800000
v 0.01292500 0.00353200 0.08800000
v 0.01270700 0.00395800 0.08885000
v 0.01270900 0.00341900 0.08800000
v 0.01270900 0.00341900 0.08800000
v 0.01270900 0.00341900 0.08800000
v 0.01220000 0.00478800 0.08965000
v 0.01220000 0.00478800 0.08965000
v 0.01186200 0.00464800 0.08965000
v 0.01186200 0.00464800 0.08965000
v 0.01186200 0.00464800 0.08965000
v 0.01186200 0.00464800 0.08965000
v 0.01220000 0.00721200 0.08965000
v 0.01220000 0.00721200 0.08965000
v 0.01249000 0.00699000 0.08965000
v 0.01249000 0.00699000 0.08965000
v 0.01270700 0.00711400 0.08950900
v 0.01271200 0.00670000 0.08965000
v 0.01271200 0.00670000 0.08965000
v 0.01271200 0.00670000 0.08965000
v 0.01287900 0.00624300 0.08965000
v 0.01287900 0.00624300 0.08965000
v 0.01287900 0.00624300 0.08965000
v 0.01287900 0.00624300 0.08965000
v 0.01290000 0.00600000 0.08965000
v 0.01290000 0.00600000 0.08965000
v 0.01290000 0.00600000 0.08965000
v 0.01287900 0.00575700 0.08965000
v 0.01287900 0.00575700 0.08965000
v 0.01287900 0.00575700 0.08965000
v 0.01270700 0.00488600 0.08950900
v 0.01271200 0.00530000 0.08965000
v 0.01271200 0.00530000 0.08965000
v 0.01271200 0.00530000 0.08965000
v 0.01271200 0.00530000 0.08965000
v 0.01249000 0.00501000 0.08965000
v 0.01186200 0.00735200 0.08965000
v 0.01186200 0.00735200 0.08965000
v 0.01186200 0.00735200 0.08965000
v 0.01186200 0.00735200 0.08965000
v 0.01160700 0.00737600 0.08965000
v 0.01160700 0.00737600 0.08965000
v 0.01160700 0.00737600 0.08965000
v 0.01165300 0.00734700 0.08965000
v 0.01165300 0.00734700 0.08965000
v 0.01165300 0.00734700 0.08965000
v 0.01169200 0.00730800 0.08965000
v 0.01169200 0.00730800 0.08965000
v 0.01169200 0.00730800 0.08965000
v 0.01253700 0.00682100 0.08965000
v 0.01253700 0.00682100 0.08965000
v 0.01259000 0.00680600 0.08965000
v 0.01259000 0.00680600 0.08965000
v 0.01263800 0.00678000 0.08965000
v 0.01263800 0.00678000 0.08965000
v 0.01174100 0.00721000 0.08965000
v 0.01174100 0.00721000 0.08965000
v 0.01183400 0.00701100 0.08965000
v 0.01183400 0.00701100 0.08965000
v 0.01199900 0.00686400 0.08965000
v 0.01199900 0.00686400 0.08965000
v 0.01220800 0.00679500 0.08965000
v 0.01220800 0.00679500 0.08965000
v 0.01242800 0.00681400 0.08965000
v 0.01242800 0.00681400 0.08965000
v 0.01266800 0.00560300 0.08965000
v 0.01266800 0.00560300 0.08965000
v 0.01272900 0.00551200 0.08965000
v 0.01272900 0.00551200 0.08965000
v 0.01272900 0.00551200 0.08965000
v 0.01274500 0.00540400 0.08965000
v 0.01274500 0.00540400 0.08965000
v 0.01274500 0.00540400 0.08965000
v 0.01274500 0.00659600 0.08965000
v 0.01274500 0.00659600 0.08965000
v 0.01274500 0.00659600 0.08965000
v 0.01254200 0.00578400 0.08965000
v 0.01254200 0.00578400 0.08965000
v 0.01249800 0.00600000 0.08965000
v 0.01249800 0.00600000 0.08965000
v 0.01272900 0.00648700 0.08965000
v 0.01272900 0.00648700 0.08965000
v 0.01272900 0.00648700 0.08965000
v 0.01266800 0.00639700 0.08965000
v 0.01266800 0.00639700 0.08965000
v 0.01266800 0.00639700 0.08965000
v 0.01266800 0.00639700 0.08965000
v 0.01254200 0.00621600 0.08965000
v 0.01254200 0.00621600 0.08965000
v 0.01169200 0.00469200 0.08965000
v 0.01169200 0.00469200 0.08965000
v 0.01165300 0.00465300 0.08965000
v 0.01165300 0.00465300 0.08965000
v 0.01165300 0.00465300 0.08965000
v 0.01160700 0.00462400 0.08965000
v 0.01160700 0.00462400 0.08965000
v 0.01263800 0.00522000 0.08965000
v 0.01263800 0.00522000 0.08965000
v 0.01259000 0.00519400 0.08965000
v 0.01259000 0.00519400 0.08965000
v 0.01253700 0.00517900 0.08965000
v 0.01253700 0.00517900 0.08965000
v 0.01242800 0.00518600 0.08965000
v 0.01242800 0.00518600 0.08965000
v 0.01220800 0.00520500 0.08965000
v 0.01220800 0.00520500 0.08965000
v 0.01220800 0.00520500 0.08965000
v 0.01199900 0.00513600 0.08965000
v 0.01199900 0.00513600 0.08965000
v 0.01183400 0.00498900 0.08965000
v 0.01183400 0.00498900 0.08965000
v 0.01183400 0.00498900 0.08965000
v 0.01174100 0.00479000 0.08965000
v 0.01174100 0.00479000 0.08965000
v 0.01174100 0.00479000 0.08965000
v 0.01125900 0.00721000 0.08965000
v 0.01125900 0.00721000 0.08965000
v 0.01130800 0.00730800 0.08965000
v 0.01130800 0.00730800 0.08965000
v 0.01139300 0.00737600 0.08965000
v 0.01139300 0.00737600 0.08965000
v 0.01035400 0.00677500 0.08965000
v 0.01035400 0.00677500 0.08965000
v 0.01045800 0.00682000 0.08965000
v 0.01045800 0.00682000 0.08965000
v 0.01057200 0.00681400 0.08965000
v 0.01057200 0.00681400 0.08965000
v 0.01079200 0.00679500 0.08965000
v 0.01079200 0.00679500 0.08965000
v 0.01100100 0.00686400 0.08965000
v 0.01100100 0.00686400 0.08965000
v 0.01116600 0.00701100 0.08965000
v 0.01116600 0.00701100 0.08965000
v 0.01035400 0.00522500 0.08965000
v 0.01035400 0.00522500 0.08965000
v 0.01139300 0.00462400 0.08965000
v 0.01139300 0.00462400 0.08965000
v 0.01130800 0.00469200 0.08965000
v 0.01130800 0.00469200 0.08965000
v 0.01079200 0.00520500 0.08965000
v 0.01079200 0.00520500 0.08965000
v 0.01057200 0.00518600 0.08965000
v 0.01057200 0.00518600 0.08965000
v 0.01045800 0.00518000 0.08965000
v 0.01045800 0.00518000 0.08965000
v 0.01125900 0.00479000 0.08965000
v 0.01125900 0.00479000 0.08965000
v 0.01116600 0.00498900 0.08965000
v 0.01116600 0.00498900 0.08965000
v 0.01100100 0.00513600 0.08965000
v 0.01100100 0.00513600 0.08965000
v 0.01028100 0.00668700 0.08965000
v 0.01027400 0.00552100 0.08965000
v 0.01027400 0.00552100 0.08965000
v 0.01027400 0.00552100 0.08965000
v 0.01025900 0.00547400 0.08965000
v 0.01025900 0.00547400 0.08965000
v 0.01027400 0.00647800 0.08965000
v 0.01027400 0.00647800 0.08965000
v 0.01028100 0.00531300 0.08965000
v 0.01027500 0.00532600 0.08965000
v 0.01026900 0.00533900 0.08965000
v 0.01026100 0.00536700 0.08965000
v 0.01026100 0.00536700 0.08965000
v 0.01025400 0.00542400 0.08965000
v 0.01025400 0.00542400 0.08965000
v 0.01033200 0.00560300 0.08965000
v 0.01033200 0.00560300 0.08965000
v 0.01033200 0.00560300 0.08965000
v 0.01045800 0.00578400 0.08965000
v 0.01045800 0.00578400 0.08965000
v 0.01027500 0.00667400 0.08965000
v 0.01050200 0.00600000 0.08965000
v 0.01050200 0.00600000 0.08965000
v 0.01045800 0.00621600 0.08965000
v 0.01045800 0.00621600 0.08965000
v 0.01033200 0.00639700 0.08965000
v 0.01033200 0.00639700 0.08965000
v 0.01025900 0.00652600 0.08965000
v 0.01025900 0.00652600 0.08965000
v 0.01025400 0.00657600 0.08965000
v 0.01025400 0.00657600 0.08965000
v 0.01025400 0.00657600 0.08965000
v 0.01026100 0.00663300 0.08965000
v 0.01026100 0.00663300 0.08965000
v 0.01026900 0.00666100 0.08965000
v 0.01169200 0.00730800 0.08885000
v 0.01169200 0.00730800 0.08885000
v 0.01174100 0.00721000 0.08885000
v 0.01174100 0.00721000 0.08885000
v 0.01160700 0.00737600 0.08885000
v 0.01160700 0.00737600 0.08885000
v 0.01150000 0.00740000 0.08885000
v 0.01150000 0.00740000 0.08885000
v 0.01139300 0.00737600 0.08885000
v 0.01139300 0.00737600 0.08885000
v 0.01130800 0.00730800 0.08885000
v 0.01130800 0.00730800 0.08885000
v 0.01125900 0.00721000 0.08885000
v 0.01125900 0.00721000 0.08885000
v 0.01242800 0.00681400 0.08885000
v 0.01242800 0.00681400 0.08885000
v 0.01220800 0.00679500 0.08885000
v 0.01220800 0.00679500 0.08885000
v 0.01220800 0.00679500 0.08885000
v 0.01199900 0.00686400 0.08885000
v 0.01199900 0.00686400 0.08885000
v 0.01199900 0.00686400 0.08885000
v 0.01183400 0.00701100 0.08885000
v 0.01183400 0.00701100 0.08885000
v 0.01266800 0.00639700 0.08885000
v 0.01266800 0.00639700 0.08885000
v 0.01272900 0.00648700 0.08885000
v 0.01272900 0.00648700 0.08885000
v 0.01274500 0.00659600 0.08885000
v 0.01274500 0.00659600 0.08885000
v 0.01271200 0.00670000 0.08885000
v 0.01271200 0.00670000 0.08885000
v 0.01263800 0.00678000 0.08885000
v 0.01263800 0.00678000 0.08885000
v 0.01253700 0.00682100 0.08885000
v 0.01253700 0.00682100 0.08885000
v 0.01249800 0.00600000 0.08885000
v 0.01249800 0.00600000 0.08885000
v 0.01254200 0.00621600 0.08885000
v 0.01254200 0.00621600 0.08885000
v 0.01266800 0.00560300 0.08885000
v 0.01266800 0.00560300 0.08885000
v 0.01254200 0.00578400 0.08885000
v 0.01254200 0.00578400 0.08885000
v 0.01253700 0.00517900 0.08885000
v 0.01253700 0.00517900 0.08885000
v 0.01253700 0.00517900 0.08885000
v 0.01253700 0.00517900 0.08885000
v 0.01242800 0.00518600 0.08885000
v 0.01242800 0.00518600 0.08885000
v 0.01242800 0.00518600 0.08885000
v 0.01263800 0.00522000 0.08885000
v 0.01263800 0.00522000 0.08885000
v 0.01271200 0.00530000 0.08885000
v 0.01271200 0.00530000 0.08885000
v 0.01274500 0.00540400 0.08885000
v 0.01274500 0.00540400 0.08885000
v 0.01274500 0.00540400 0.08885000
v 0.01272900 0.00551200 0.08885000
v 0.01272900 0.00551200 0.08885000
v 0.01272900 0.00551200 0.08885000
v 0.01272900 0.00551200 0.08885000
v 0.01125900 0.00479000 0.08885000
v 0.01125900 0.00479000 0.08885000
v 0.01130800 0.00469200 0.08885000
v 0.01130800 0.00469200 0.08885000
v 0.01139300 0.00462400 0.08885000
v 0.01139300 0.00462400 0.08885000
v 0.01150000 0.00460000 0.08885000
v 0.01150000 0.00460000 0.08885000
v 0.01160700 0.00462400 0.08885000
v 0.01160700 0.00462400 0.08885000
v 0.01169200 0.00469200 0.08885000
v 0.01169200 0.00469200 0.08885000
v 0.01169200 0.00469200 0.08885000
v 0.01174100 0.00479000 0.08885000
v 0.01174100 0.00479000 0.08885000
v 0.01183400 0.00498900 0.08885000
v 0.01183400 0.00498900 0.08885000
v 0.01199900 0.00513600 0.08885000
v 0.01199900 0.00513600 0.08885000
v 0.01220800 0.00520500 0.08885000
v 0.01220800 0.00520500 0.08885000
v 0.01057200 0.00681400 0.08885000
v 0.01057200 0.00681400 0.08885000
v 0.01057200 0.00681400 0.08885000
v 0.01045800 0.00682000 0.08885000
v 0.01045800 0.00682000 0.08885000
v 0.01035400 0.00677500 0.08885000
v 0.01035400 0.00677500 0.08885000
v 0.01028100 0.00668700 0.08885000
v 0.01028100 0.00668700 0.08885000
v 0.01025400 0.00657600 0.08885000
v 0.01025400 0.00657600 0.08885000
v 0.01116600 0.00701100 0.08885000
v 0.01116600 0.00701100 0.08885000
v 0.01100100 0.00686400 0.08885000
v 0.01100100 0.00686400 0.08885000
v 0.01079200 0.00679500 0.08885000
v 0.01079200 0.00679500 0.08885000
v 0.01025400 0.00542400 0.08885000
v 0.01025400 0.00542400 0.08885000
v 0.01025400 0.00542400 0.08885000
v 0.01028100 0.00531300 0.08885000
v 0.01028100 0.00531300 0.08885000
v 0.01028100 0.00531300 0.08885000
v 0.01035400 0.00522500 0.08885000
v 0.01035400 0.00522500 0.08885000
v 0.01045800 0.00518000 0.08885000
v 0.01045800 0.00518000 0.08885000
v 0.01057200 0.00518600 0.08885000
v 0.01057200 0.00518600 0.08885000
v 0.01057200 0.00518600 0.08885000
v 0.01079200 0.00520500 0.08885000
v 0.01079200 0.00520500 0.08885000
v 0.01100100 0.00513600 0.08885000
v 0.01100100 0.00513600 0.08885000
v 0.01116600 0.00498900 0.08885000
v 0.01116600 0.00498900 0.08885000
v 0.01027400 0.00552100 0.08885000
v 0.01027400 0.00552100 0.08885000
v 0.01027400 0.00552100 0.08885000
v 0.01033200 0.00560300 0.08885000
v 0.01033200 0.00560300 0.08885000
v 0.01033200 0.00639700 0.08885000
v 0.01033200 0.00639700 0.08885000
v 0.01033200 0.00639700 0.08885000
v 0.01045800 0.00621600 0.08885000
v 0.01045800 0.00621600 0.08885000
v 0.01050200 0.00600000 0.08885000
v 0.01050200 0.00600000 0.08885000
v 0.01050200 0.00600000 0.08885000
v 0.01045800 0.00578400 0.08885000
v 0.01045800 0.00578400 0.08885000
v 0.01027400 0.00647800 0.08885000
v 0.01027400 0.00647800 0.08885000
v 0.01027400 0.00647800 0.08885000
v -0.01150000 0.00315000 0.08800000
v -0.01150000 0.00315000 0.08800000
v -0.01150000 0.00377500 0.08902100
v -0.01271600 0.00396100 0.08884800
v -0.01290000 0.00600000 0.08965000
v -0.01290000 0.00600000 0.08965000
v -0.01285200 0.00636200 0.08965000
v -0.01285200 0.00636200 0.08965000
v -0.01372800 0.00682400 0.08884600
v -0.01279300 0.00653600 0.08965000
v -0.01279300 0.00653600 0.08965000
v -0.01279300 0.00653600 0.08965000
v -0.01275600 0.00661900 0.08965000
v -0.01275600 0.00661900 0.08965000
v -0.01275600 0.00661900 0.08965000
v -0.01273500 0.00666000 0.08965000
v -0.01273500 0.00666000 0.08965000
v -0.01271600 0.00711200 0.08950600
v -0.01271200 0.00670000 0.08965000
v -0.01271200 0.00670000 0.08965000
v -0.01240000 0.00707200 0.08965000
v -0.01275600 0.00538100 0.08965000
v -0.01275600 0.00538100 0.08965000
v -0.01279300 0.00546400 0.08965000
v -0.01279300 0.00546400 0.08965000
v -0.01372800 0.00517600 0.08884600
v -0.01197900 0.00468400 0.08965000
v -0.01197900 0.00468400 0.08965000
v -0.01240000 0.00492800 0.08965000
v -0.01271600 0.00488800 0.08950600
v -0.01271200 0.00530000 0.08965000
v -0.01271200 0.00530000 0.08965000
v -0.01271200 0.00530000 0.08965000
v -0.01273500 0.00534000 0.08965000
v -0.01273500 0.00534000 0.08965000
v -0.01396800 0.00457500 0.08800000
v -0.01396800 0.00457500 0.08800000
v -0.01374600 0.00424600 0.08800000
v -0.01374600 0.00424600 0.08800000
v -0.01372800 0.00448900 0.08835800
v -0.01292500 0.00353200 0.08800000
v -0.01292500 0.00353200 0.08800000
v -0.01271800 0.00342300 0.08800000
v -0.01271800 0.00342300 0.08800000
v -0.01285200 0.00563800 0.08965000
v -0.01285200 0.00563800 0.08965000
v -0.01285200 0.00563800 0.08965000
v -0.01372800 0.00600000 0.08901800
v -0.01429200 0.00542800 0.08800000
v -0.01429200 0.00542800 0.08800000
v -0.01435000 0.00600000 0.08800000
v -0.01435000 0.00600000 0.08800000
v -0.01429200 0.00657200 0.08800000
v -0.01429200 0.00657200 0.08800000
v -0.01396800 0.00742500 0.08800000
v -0.01396800 0.00742500 0.08800000
v -0.01372800 0.00751100 0.08835800
v -0.01292500 0.00846800 0.08800000
v -0.01292500 0.00846800 0.08800000
v -0.01271600 0.00803900 0.08884800
v -0.01271800 0.00857700 0.08800000
v -0.01271800 0.00857700 0.08800000
v -0.01150000 0.00822500 0.08902100
v -0.01150000 0.00885000 0.08800000
v -0.01150000 0.00885000 0.08800000
v -0.01197900 0.00731600 0.08965000
v -0.01197900 0.00731600 0.08965000
v -0.01150000 0.00740000 0.08965000
v -0.01150000 0.00740000 0.08965000
v -0.01150000 0.00740000 0.08965000
v -0.01150000 0.00460000 0.08965000
v -0.01150000 0.00460000 0.08965000
v -0.01150000 0.00460000 0.08965000
v -0.01150000 0.00460000 0.08965000
v -0.00870800 0.00657200 0.08800000
v -0.00870800 0.00657200 0.08800000
v -0.00928500 0.00683000 0.08885800
v -0.00928500 0.00600000 0.08903200
v -0.00903200 0.00742500 0.08800000
v -0.00903200 0.00742500 0.08800000
v -0.00926600 0.00777000 0.08800000
v -0.00926600 0.00777000 0.08800000
v -0.00928500 0.00752100 0.08836800
v -0.01007500 0.00846800 0.08800000
v -0.01007500 0.00846800 0.08800000
v -0.01029300 0.00804200 0.08885000
v -0.01029100 0.00858100 0.08800000
v -0.01029100 0.00858100 0.08800000
v -0.00865000 0.00600000 0.08800000
v -0.00865000 0.00600000 0.08800000
v -0.00928500 0.00517000 0.08885800
v -0.00870800 0.00542800 0.08800000
v -0.00870800 0.00542800 0.08800000
v -0.00903200 0.00457500 0.08800000
v -0.00903200 0.00457500 0.08800000
v -0.00928500 0.00447900 0.08836800
v -0.01007500 0.00353200 0.08800000
v -0.01007500 0.00353200 0.08800000
v -0.01029300 0.00395800 0.08885000
v -0.01029100 0.00341900 0.08800000
v -0.01029100 0.00341900 0.08800000
v -0.01080000 0.00478800 0.08965000
v -0.01080000 0.00478800 0.08965000
v -0.01113800 0.00464800 0.08965000
v -0.01113800 0.00464800 0.08965000
v -0.01113800 0.00464800 0.08965000
v -0.01113800 0.00464800 0.08965000
v -0.01080000 0.00721200 0.08965000
v -0.01080000 0.00721200 0.08965000
v -0.01051000 0.00699000 0.08965000
v -0.01051000 0.00699000 0.08965000
v -0.01029300 0.00711400 0.08950900
v -0.01028800 0.00670000 0.08965000
v -0.01028800 0.00670000 0.08965000
v -0.01028800 0.00670000 0.08965000
v -0.01012100 0.00624300 0.08965000
v -0.01012100 0.00624300 0.08965000
v -0.01012100 0.00624300 0.08965000
v -0.01012100 0.00624300 0.08965000
v -0.01010000 0.00600000 0.08965000
v -0.01010000 0.00600000 0.08965000
v -0.01010000 0.00600000 0.08965000
v -0.01012100 0.00575700 0.08965000
v -0.01012100 0.00575700 0.08965000
v -0.01012100 0.00575700 0.08965000
v -0.01029300 0.00488600 0.08950900
v -0.01028800 0.00530000 0.08965000
v -0.01028800 0.00530000 0.08965000
v -0.01028800 0.00530000 0.08965000
v -0.01028800 0.00530000 0.08965000
v -0.01051000 0.00501000 0.08965000
v -0.01113800 0.00735200 0.08965000
v -0.01113800 0.00735200 0.08965000
v -0.01113800 0.00735200 0.08965000
v -0.01113800 0.00735200 0.08965000
v -0.01139300 0.00737600 0.08965000
v -0.01139300 0.00737600 0.08965000
v -0.01139300 0.00737600 0.08965000
v -0.01134700 0.00734700 0.08965000
v -0.01134700 0.00734700 0.08965000
v -0.01134700 0.00734700 0.08965000
v -0.01130800 0.00730800 0.08965000
v -0.01130800 0.00730800 0.08965000
v -0.01130800 0.00730800 0.08965000
v -0.01046300 0.00682100 0.08965000
v -0.01046300 0.00682100 0.08965000
v -0.01041000 0.00680600 0.08965000
v -0.01041000 0.00680600 0.08965000
v -0.01036200 0.00678000 0.08965000
v -0.01036200 0.00678000 0.08965000
v -0.01125900 0.00721000 0.08965000
v -0.01125900 0.00721000 0.08965000
v -0.01116600 0.00701100 0.08965000
v -0.01116600 0.00701100 0.08965000
v -0.01100100 0.00686400 0.08965000
v -0.01100100 0.00686400 0.08965000
v -0.01079200 0.00679500 0.08965000
v -0.01079200 0.00679500 0.08965000
v -0.01057200 0.00681400 0.08965000
v -0.01057200 0.00681400 0.08965000
v -0.01025500 0.00659600 0.08965000
v -0.01025500 0.00659600 0.08965000
v -0.01025500 0.00659600 0.08965000
v -0.01033200 0.00560300 0.08965000
v -0.01033200 0.00560300 0.08965000
v -0.01027100 0.00551200 0.08965000
v -0.01027100 0.00551200 0.08965000
v -0.01027100 0.00551200 0.08965000
v -0.01025500 0.00540400 0.08965000
v -0.01025500 0.00540400 0.08965000
v -0.01025500 0.00540400 0.08965000
v -0.01045800 0.00578400 0.08965000
v -0.01045800 0.00578400 0.08965000
v -0.01050200 0.00600000 0.08965000
v -0.01050200 0.00600000 0.08965000
v -0.01027100 0.00648700 0.08965000
v -0.01027100 0.00648700 0.08965000
v -0.01027100 0.00648700 0.08965000
v -0.01033200 0.00639700 0.08965000
v -0.01033200 0.00639700 0.08965000
v -0.01033200 0.00639700 0.08965000
v -0.01033200 0.00639700 0.08965000
v -0.01045800 0.00621600 0.08965000
v -0.01045800 0.00621600 0.08965000
v -0.01130800 0.00469200 0.08965000
v -0.01130800 0.00469200 0.08965000
v -0.01134700 0.00465300 0.08965000
v -0.01134700 0.00465300 0.08965000
v -0.01134700 0.00465300 0.08965000
v -0.01139300 0.00462400 0.08965000
v -0.01139300 0.00462400 0.08965000
v -0.01036200 0.00522000 0.08965000
v -0.01036200 0.00522000 0.08965000
v -0.01041000 0.00519400 0.08965000
v -0.01041000 0.00519400 0.08965000
v -0.01046300 0.00517900 0.08965000
v -0.01046300 0.00517900 0.08965000
v -0.01057200 0.00518600 0.08965000
v -0.01057200 0.00518600 0.08965000
v -0.01079200 0.00520500 0.08965000
v -0.01079200 0.00520500 0.08965000
v -0.01079200 0.00520500 0.08965000
v -0.01100100 0.00513600 0.08965000
v -0.01100100 0.00513600 0.08965000
v -0.01116600 0.00498900 0.08965000
v -0.01116600 0.00498900 0.08965000
v -0.01116600 0.00498900 0.08965000
v -0.01125900 0.00479000 0.08965000
v -0.01125900 0.00479000 0.08965000
v -0.01125900 0.00479000 0.08965000
v -0.01160700 0.00737600 0.08965000
v -0.01160700 0.00737600 0.08965000
v -0.01264600 0.00677500 0.08965000
v -0.01264600 0.00677500 0.08965000
v -0.01169200 0.00730800 0.08965000
v -0.01169200 0.00730800 0.08965000
v -0.01254200 0.00682000 0.08965000
v -0.01254200 0.00682000 0.08965000
v -0.01242800 0.00681400 0.08965000
v -0.01242800 0.00681400 0.08965000
v -0.01220800 0.00679500 0.08965000
v -0.01220800 0.00679500 0.08965000
v -0.01199900 0.00686400 0.08965000
v -0.01199900 0.00686400 0.08965000
v -0.01183400 0.00701100 0.08965000
v -0.01183400 0.00701100 0.08965000
v -0.01183400 0.00701100 0.08965000
v -0.01174100 0.00721000 0.08965000
v -0.01174100 0.00721000 0.08965000
v -0.01264600 0.00522500 0.08965000
v -0.01264600 0.00522500 0.08965000
v -0.01160700 0.00462400 0.08965000
v -0.01160700 0.00462400 0.08965000
v -0.01169200 0.00469200 0.08965000
v -0.01169200 0.00469200 0.08965000
v -0.01220800 0.00520500 0.08965000
v -0.01220800 0.00520500 0.08965000
v -0.01242800 0.00518600 0.08965000
v -0.01242800 0.00518600 0.08965000
v -0.01254200 0.00518000 0.08965000
v -0.01254200 0.00518000 0.08965000
v -0.01174100 0.00479000 0.08965000
v -0.01174100 0.00479000 0.08965000
v -0.01183400 0.00498900 0.08965000
v -0.01183400 0.00498900 0.08965000
v -0.01199900 0.00513600 0.08965000
v -0.01199900 0.00513600 0.08965000
v -0.01271900 0.00668700 0.08965000
v -0.01272500 0.00552100 0.08965000
v -0.01272500 0.00552100 0.08965000
v -0.01272500 0.00552100 0.08965000
v -0.01274000 0.00547400 0.08965000
v -0.01274000 0.00547400 0.08965000
v -0.01272500 0.00647800 0.08965000
v -0.01272500 0.00647800 0.08965000
v -0.01271900 0.00531300 0.08965000
v -0.01272500 0.00532600 0.08965000
v -0.01272500 0.00532600 0.08965000
v -0.01273100 0.00533900 0.08965000
v -0.01273100 0.00533900 0.08965000
v -0.01273900 0.00536700 0.08965000
v -0.01273900 0.00536700 0.08965000
v -0.01274600 0.00542400 0.08965000
v -0.01274600 0.00542400 0.08965000
v -0.01266800 0.00560300 0.08965000
v -0.01266800 0.00560300 0.08965000
v -0.01266800 0.00560300 0.08965000
v -0.01254200 0.00578400 0.08965000
v -0.01254200 0.00578400 0.08965000
v -0.01272500 0.00667400 0.08965000
v -0.01272500 0.00667400 0.08965000
v -0.01249800 0.00600000 0.08965000
v -0.01249800 0.00600000 0.08965000
v -0.01254200 0.00621600 0.08965000
v -0.01254200 0.00621600 0.08965000
v -0.01266800 0.00639700 0.08965000
v -0.01266800 0.00639700 0.08965000
v -0.01274000 0.00652600 0.08965000
v -0.01274000 0.00652600 0.08965000
v -0.01274600 0.00657600 0.08965000
v -0.01274600 0.00657600 0.08965000
v -0.01274600 0.00657600 0.08965000
v -0.01273900 0.00663300 0.08965000
v -0.01273900 0.00663300 0.08965000
v -0.01273900 0.00663300 0.08965000
v -0.01273100 0.00666100 0.08965000
v -0.01273100 0.00666100 0.08965000
v -0.01273100 0.00666100 0.08965000
v -0.01130800 0.00730800 0.08885000
v -0.01130800 0.00730800 0.08885000
v -0.01125900 0.00721000 0.08885000
v -0.01125900 0.00721000 0.08885000
v -0.01139300 0.00737600 0.08885000
v -0.01139300 0.00737600 0.08885000
v -0.01139300 0.00737600 0.08885000
v -0.01150000 0.00740000 0.08885000
v -0.01150000 0.00740000 0.08885000
v -0.01160700 0.00737600 0.08885000
v -0.01160700 0.00737600 0.08885000
v -0.01169200 0.00730800 0.08885000
v -0.01169200 0.00730800 0.08885000
v -0.01174100 0.00721000 0.08885000
v -0.01174100 0.00721000 0.08885000
v -0.01174100 0.00721000 0.08885000
v -0.01057200 0.00681400 0.08885000
v -0.01057200 0.00681400 0.08885000
v -0.01057200 0.00681400 0.08885000
v -0.01079200 0.00679500 0.08885000
v -0.01079200 0.00679500 0.08885000
v -0.01100100 0.00686400 0.08885000
v -0.01100100 0.00686400 0.08885000
v -0.01100100 0.00686400 0.08885000
v -0.01116600 0.00701100 0.08885000
v -0.01116600 0.00701100 0.08885000
v -0.01116600 0.00701100 0.08885000
v -0.01033200 0.00639700 0.08885000
v -0.01033200 0.00639700 0.08885000
v -0.01033200 0.00639700 0.08885000
v -0.01027100 0.00648700 0.08885000
v -0.01027100 0.00648700 0.08885000
v -0.01027100 0.00648700 0.08885000
v -0.01025500 0.00659600 0.08885000
v -0.01025500 0.00659600 0.08885000
v -0.01028800 0.00670000 0.08885000
v -0.01028800 0.00670000 0.08885000
v -0.01028800 0.00670000 0.08885000
v -0.01036200 0.00678000 0.08885000
v -0.01036200 0.00678000 0.08885000
v -0.01046300 0.00682100 0.08885000
v -0.01046300 0.00682100 0.08885000
v -0.01046300 0.00682100 0.08885000
v -0.01050200 0.00600000 0.08885000
v -0.01050200 0.00600000 0.08885000
v -0.01045800 0.00621600 0.08885000
v -0.01045800 0.00621600 0.08885000
v -0.01045800 0.00621600 0.08885000
v -0.01033200 0.00560300 0.08885000
v -0.01033200 0.00560300 0.08885000
v -0.01033200 0.00560300 0.08885000
v -0.01045800 0.00578400 0.08885000
v -0.01045800 0.00578400 0.08885000
v -0.01045800 0.00578400 0.08885000
v -0.01046300 0.00517900 0.08885000
v -0.01046300 0.00517900 0.08885000
v -0.01046300 0.00517900 0.08885000
v -0.01057200 0.00518600 0.08885000
v -0.01057200 0.00518600 0.08885000
v -0.01057200 0.00518600 0.08885000
v -0.01036200 0.00522000 0.08885000
v -0.01036200 0.00522000 0.08885000
v -0.01036200 0.00522000 0.08885000
v -0.01028800 0.00530000 0.08885000
v -0.01028800 0.00530000 0.08885000
v -0.01025500 0.00540400 0.08885000
v -0.01025500 0.00540400 0.08885000
v -0.01025500 0.00540400 0.08885000
v -0.01027100 0.00551200 0.08885000
v -0.01027100 0.00551200 0.08885000
v -0.01027100 0.00551200 0.08885000
v -0.01027100 0.00551200 0.08885000
v -0.01174100 0.00479000 0.08885000
v -0.01174100 0.00479000 0.08885000
v -0.01169200 0.00469200 0.08885000
v -0.01169200 0.00469200 0.08885000
v -0.01160700 0.00462400 0.08885000
v -0.01160700 0.00462400 0.08885000
v -0.01150000 0.00460000 0.08885000
v -0.01150000 0.00460000 0.08885000
v -0.01139300 0.00462400 0.08885000
v -0.01139300 0.00462400 0.08885000
v -0.01130800 0.00469200 0.08885000
v -0.01130800 0.00469200 0.08885000
v -0.01130800 0.00469200 0.08885000
v -0.01125900 0.00479000 0.08885000
v -0.01125900 0.00479000 0.08885000
v -0.01116600 0.00498900 0.08885000
v -0.01116600 0.00498900 0.08885000
v -0.01100100 0.00513600 0.08885000
v -0.01100100 0.00513600 0.08885000
v -0.01100100 0.00513600 0.08885000
v -0.01079200 0.00520500 0.08885000
v -0.01079200 0.00520500 0.08885000
v -0.01242800 0.00681400 0.08885000
v -0.01242800 0.00681400 0.08885000
v -0.01242800 0.00681400 0.08885000
v -0.01254200 0.00682000 0.08885000
v -0.01254200 0.00682000 0.08885000
v -0.01264600 0.00677500 0.08885000
v -0.01264600 0.00677500 0.08885000
v -0.01271900 0.00668700 0.08885000
v -0.01271900 0.00668700 0.08885000
v -0.01274600 0.00657600 0.08885000
v -0.01274600 0.00657600 0.08885000
v -0.01183400 0.00701100 0.08885000
v -0.01183400 0.00701100 0.08885000
v -0.01199900 0.00686400 0.08885000
v -0.01199900 0.00686400 0.08885000
v -0.01199900 0.00686400 0.08885000
v -0.01220800 0.00679500 0.08885000
v -0.01220800 0.00679500 0.08885000
v -0.01220800 0.00679500 0.08885000
v -0.01274600 0.00542400 0.08885000
v -0.01274600 0.00542400 0.08885000
v -0.01274600 0.00542400 0.08885000
v -0.01271900 0.00531300 0.08885000
v -0.01271900 0.00531300 0.08885000
v -0.01271900 0.00531300 0.08885000
v -0.01264600 0.00522500 0.08885000
v -0.01264600 0.00522500 0.08885000
v -0.01254200 0.00518000 0.08885000
v -0.01254200 0.00518000 0.08885000
v -0.01242800 0.00518600 0.08885000
v -0.01242800 0.00518600 0.08885000
v -0.01242800 0.00518600 0.08885000
v -0.01220800 0.00520500 0.08885000
v -0.01220800 0.00520500 0.08885000
v -0.01199900 0.00513600 0.08885000
v -0.01199900 0.00513600 0.08885000
v -0.01183400 0.00498900 0.08885000
v -0.01183400 0.00498900 0.08885000
v -0.01272500 0.00552100 0.08885000
v -0.01272500 0.00552100 0.08885000
v -0.01272500 0.00552100 0.08885000
v -0.01266800 0.00560300 0.08885000
v -0.01266800 0.00560300 0.08885000
v -0.01266800 0.00639700 0.08885000
v -0.01266800 0.00639700 0.08885000
v -0.01266800 0.00639700 0.08885000
v -0.01254200 0.00621600 0.08885000
v -0.01254200 0.00621600 0.08885000
v -0.01249800 0.00600000 0.08885000
v -0.01249800 0.00600000 0.08885000
v -0.01249800 0.00600000 0.08885000
v -0.01254200 0.00578400 0.08885000
v -0.01254200 0.00578400 0.08885000
v -0.01272500 0.00647800 0.08885000
v -0.01272500 0.00647800 0.08885000
v -0.01272500 0.00647800 0.08885000
v -0.00825000 0.00600000 0.08800000
v -0.00825000 0.00600000 0.08800000
v -0.00868500 0.00437500 0.08800000
v -0.00868500 0.00437500 0.08800000
v -0.00868500 0.00437500 0.08800000
v -0.00987500 0.00318500 0.08800000
v -0.00987500 0.00318500 0.08800000
v -0.00987500 0.00318500 0.08800000
v -0.01150000 0.00275000 0.08800000
v -0.01150000 0.00275000 0.08800000
v -0.01312500 0.00318500 0.08800000
v -0.01312500 0.00318500 0.08800000
v -0.01475000 0.00600000 0.08800000
v -0.01475000 0.00600000 0.08800000
v -0.01431500 0.00762500 0.08800000
v -0.01431500 0.00762500 0.08800000
v -0.01312500 0.00881500 0.08800000
v -0.01312500 0.00881500 0.08800000
v -0.01150000 0.00925000 0.08800000
v -0.01150000 0.00925000 0.08800000
v -0.00987500 0.00881500 0.08800000
v -0.00987500 0.00881500 0.08800000
v -0.00868500 0.00762500 0.08800000
v -0.00868500 0.00762500 0.08800000
v -0.01431500 0.00437500 0.08800000
v -0.01431500 0.00437500 0.08800000
v -0.01475000 0.00600000 0.08952000
v -0.01475000 0.00600000 0.08952000
v -0.01467300 0.00529700 0.08958200
v -0.01467300 0.00529700 0.08958200
v -0.01447700 0.00469500 0.08971600
v -0.01447700 0.00469500 0.08971600
v -0.01431500 0.00437500 0.08980300
v -0.01431500 0.00437500 0.08980300
v -0.01345000 0.00340000 0.09000000
v -0.01345000 0.00340000 0.09000000
v -0.01312500 0.00318500 0.09000000
v -0.01312500 0.00318500 0.09000000
v -0.01312500 0.00318500 0.09000000
v -0.01150000 0.00275000 0.09000000
v -0.01150000 0.00275000 0.09000000
v -0.00987500 0.00318500 0.09000000
v -0.00987500 0.00318500 0.09000000
v -0.00987500 0.00318500 0.09000000
v -0.00868500 0.00437500 0.09000000
v -0.00868500 0.00437500 0.09000000
v -0.00868500 0.00437500 0.09000000
v -0.00825000 0.00600000 0.09000000
v -0.00825000 0.00600000 0.09000000
v 0.01475000 0.00600000 0.08800000
v 0.01475000 0.00600000 0.08800000
v 0.01442800 0.00459000 0.08800000
v 0.01442800 0.00459000 0.08800000
v 0.01352600 0.00345900 0.08800000
v 0.01352600 0.00345900 0.08800000
v 0.01222300 0.00283100 0.08800000
v 0.01222300 0.00283100 0.08800000
v 0.01222300 0.00283100 0.08800000
v 0.01077700 0.00283100 0.08800000
v 0.01077700 0.00283100 0.08800000
v 0.00947400 0.00345900 0.08800000
v 0.00947400 0.00345900 0.08800000
v 0.00825000 0.00600000 0.08800000
v 0.00825000 0.00600000 0.08800000
v 0.00868500 0.00762500 0.08800000
v 0.00868500 0.00762500 0.08800000
v 0.00987500 0.00881500 0.08800000
v 0.00987500 0.00881500 0.08800000
v 0.01150000 0.00925000 0.08800000
v 0.01150000 0.00925000 0.08800000
v 0.01312500 0.00881500 0.08800000
v 0.01312500 0.00881500 0.08800000
v 0.01431500 0.00762500 0.08800000
v 0.01431500 0.00762500 0.08800000
v 0.00857200 0.00459000 0.08800000
v 0.00857200 0.00459000 0.08800000
v 0.01475000 0.00600000 0.08952000
v 0.01475000 0.00600000 0.08952000
v 0.01467300 0.00529600 0.08958300
v 0.01467300 0.00529600 0.08958300
v 0.01404400 0.00397700 0.08991000
v 0.01404400 0.00397700 0.08991000
v 0.01445000 0.00463600 0.08973200
v 0.01445000 0.00463600 0.08973200
v 0.01345000 0.00340000 0.09000000
v 0.01345000 0.00340000 0.09000000
v 0.01352600 0.00345900 0.08999900
v 0.01352600 0.00345900 0.08999900
v 0.00825000 0.00600000 0.09000000
v 0.00825000 0.00600000 0.09000000
v 0.00857200 0.00459000 0.09000000
v 0.00857200 0.00459000 0.09000000
v 0.00947400 0.00345900 0.09000000
v 0.00947400 0.00345900 0.09000000
v 0.01077700 0.00283100 0.09000000
v 0.01077700 0.00283100 0.09000000
v 0.01222300 0.00283100 0.09000000
v 0.01222300 0.00283100 0.09000000
v 0.01475000 -0.00600000 0.08800000
v 0.01475000 -0.00600000 0.08800000
v 0.01431500 -0.00762500 0.08800000
v 0.01431500 -0.00762500 0.08800000
v 0.01312500 -0.00881500 0.08800000
v 0.01312500 -0.00881500 0.08800000
v 0.00987500 -0.00318500 0.08800000
v 0.00987500 -0.00318500 0.08800000
v 0.00987500 -0.00318500 0.08800000
v 0.00868500 -0.00437500 0.08800000
v 0.00868500 -0.00437500 0.08800000
v 0.00868500 -0.00437500 0.08800000
v 0.00825000 -0.00600000 0.08800000
v 0.00825000 -0.00600000 0.08800000
v 0.01150000 -0.00275000 0.08800000
v 0.01150000 -0.00275000 0.08800000
v 0.01312500 -0.00318500 0.08800000
v 0.01312500 -0.00318500 0.08800000
v 0.01431500 -0.00437500 0.08800000
v 0.01431500 -0.00437500 0.08800000
v 0.01150000 -0.00925000 0.08800000
v 0.01150000 -0.00925000 0.08800000
v 0.00987500 -0.00881500 0.08800000
v 0.00987500 -0.00881500 0.08800000
v 0.00868500 -0.00762500 0.08800000
v 0.00868500 -0.00762500 0.08800000
v 0.00825000 -0.00600000 0.09000000
v 0.00825000 -0.00600000 0.09000000
v 0.01475000 -0.00600000 0.08952000
v 0.01475000 -0.00600000 0.08952000
v 0.01467300 -0.00670500 0.08958300
v 0.01467300 -0.00670500 0.08958300
v 0.01445000 -0.00736400 0.08973200
v 0.01445000 -0.00736400 0.08973200
v 0.01314800 -0.00880100 0.08983300
v 0.01314800 -0.00880100 0.08983300
v 0.01345000 -0.00860000 0.08990800
v 0.01345000 -0.00860000 0.08990800
v 0.01406200 -0.00800000 0.08990400
v 0.01406200 -0.00800000 0.08990400
v 0.01431500 -0.00762400 0.08980300
v 0.01431500 -0.00762400 0.08980300
v 0.01065100 -0.00913700 0.08964500
v 0.01065100 -0.00913700 0.08964500
v 0.01150000 -0.00925000 0.08956100
v 0.01150000 -0.00925000 0.08956100
v 0.01234900 -0.00913700 0.08964500
v 0.01234900 -0.00913700 0.08964500
v 0.00868500 -0.00762500 0.09000000
v 0.00868500 -0.00762500 0.09000000
v 0.00893800 -0.00800000 0.09000000
v 0.00893800 -0.00800000 0.09000000
v 0.00987500 -0.00881500 0.08982700
v 0.00987500 -0.00881500 0.08982700
v -0.00825000 -0.00600000 0.08800000
v -0.00825000 -0.00600000 0.08800000
v -0.00868500 -0.00762500 0.08800000
v -0.00868500 -0.00762500 0.08800000
v -0.00987500 -0.00881500 0.08800000
v -0.00987500 -0.00881500 0.08800000
v -0.01222300 -0.00283100 0.08800000
v -0.01222300 -0.00283100 0.08800000
v -0.01222300 -0.00283100 0.08800000
v -0.01352600 -0.00345900 0.08800000
v -0.01352600 -0.00345900 0.08800000
v -0.00857200 -0.00459000 0.08800000
v -0.00857200 -0.00459000 0.08800000
v -0.00947400 -0.00345900 0.08800000
v -0.00947400 -0.00345900 0.08800000
v -0.01150000 -0.00925000 0.08800000
v -0.01150000 -0.00925000 0.08800000
v -0.01312500 -0.00881500 0.08800000
v -0.01312500 -0.00881500 0.08800000
v -0.01442800 -0.00459000 0.08800000
v -0.01442800 -0.00459000 0.08800000
v -0.01475000 -0.00600000 0.08800000
v -0.01475000 -0.00600000 0.08800000
v -0.01077700 -0.00283100 0.08800000
v -0.01077700 -0.00283100 0.08800000
v -0.01431500 -0.00762500 0.08800000
v -0.01431500 -0.00762500 0.08800000
v -0.01025000 -0.00900000 0.08973200
v -0.01025000 -0.00900000 0.08973200
v -0.01150000 -0.00925000 0.08956100
v -0.01150000 -0.00925000 0.08956100
v -0.01275000 -0.00900000 0.08973200
v -0.01275000 -0.00900000 0.08973200
v -0.01312400 -0.00881500 0.08982600
v -0.01312400 -0.00881500 0.08982600
v -0.01431500 -0.00762500 0.08980300
v -0.01431500 -0.00762500 0.08980300
v -0.01406200 -0.00800000 0.08990400
v -0.01406200 -0.00800000 0.08990400
v -0.01363100 -0.00845400 0.08993900
v -0.01363100 -0.00845400 0.08993900
v -0.01345000 -0.00860000 0.08990800
v -0.01345000 -0.00860000 0.08990800
v -0.01475000 -0.00600000 0.08952000
v -0.01475000 -0.00600000 0.08952000
v -0.01467300 -0.00670300 0.08958200
v -0.01467300 -0.00670300 0.08958200
v -0.00987500 -0.00881500 0.08982700
v -0.00987500 -0.00881500 0.08982700
v -0.00893800 -0.00800000 0.09000000
v -0.00893800 -0.00800000 0.09000000
v -0.00868500 -0.00762500 0.09000000
v -0.00868500 -0.00762500 0.09000000
v -0.00825000 -0.00600000 0.09000000
v -0.00825000 -0.00600000 0.09000000
v -0.01445000 -0.00800000 0.08973200
v -0.01437400 -0.00876500 0.08960000
v -0.01421500 -0.00984800 0.08800000
v -0.01411300 -0.00984800 0.08838300
v -0.01445000 -0.00973200 0.08800000
v -0.01467500 -0.00941400 0.08870700
v -0.01505000 -0.00876500 0.08892400
v -0.01518200 -0.00900000 0.08800000
v -0.01486400 -0.00941400 0.08800000
v -0.01345000 -0.01000000 0.08800000
v -0.01345000 -0.00984800 0.08876500
v -0.01383300 -0.00984800 0.08866300
v -0.01345000 -0.00973200 0.08900000
v -0.01415700 -0.00941400 0.08922500
v -0.01345000 -0.00941400 0.08941400
v -0.01345000 -0.00876500 0.08984800
v -0.01518200 -0.00800000 0.08900000
v -0.01545000 -0.00800000 0.08800000
v -0.01529800 -0.00876500 0.08800000
v -0.01345000 -0.01000000 0.08600000
v -0.01445000 -0.00973200 0.08600000
v -0.01518200 -0.00900000 0.08600000
v -0.01545000 -0.00800000 0.08600000
v -0.01545000 -0.00800000 0.08600000
v 0.01345000 -0.01000000 0.08800000
v 0.01431600 -0.00973200 0.08850000
v 0.01431600 -0.00973200 0.08850000
v 0.01395000 -0.00973200 0.08886600
v 0.01445000 -0.00973200 0.08800000
v 0.01431600 -0.00900000 0.08950000
v 0.01345000 -0.00900000 0.08973200
v 0.01345000 -0.00941400 0.08941400
v 0.01495000 -0.00900000 0.08886600
v 0.01518200 -0.00900000 0.08800000
v 0.01445000 -0.00800000 0.08973200
v 0.01518200 -0.00800000 0.08900000
v 0.01545000 -0.00800000 0.08800000
v 0.01345000 -0.00973200 0.08900000
v 0.01345000 -0.01000000 0.08600000
v 0.01445000 -0.00973200 0.08600000
v 0.01518200 -0.00900000 0.08600000
v 0.01545000 -0.00800000 0.08600000
v 0.01545000 -0.00800000 0.08600000
v 0.01431600 0.00973200 0.08850000
v 0.01431600 0.00973200 0.08850000
v 0.01445000 0.00973200 0.08800000
v 0.01445000 0.00973200 0.08800000
v 0.01345000 0.01000000 0.08800000
v 0.01363100 0.00845400 0.08993900
v 0.01363100 0.00845400 0.08993900
v 0.01406200 0.00800000 0.08990400
v 0.01406200 0.00800000 0.08990400
v 0.01445000 0.00800000 0.08973200
v 0.01345000 0.00941400 0.08941400
v 0.01345000 0.00900000 0.08973200
v 0.01431600 0.00900000 0.08950000
v 0.01345000 0.00860000 0.08990800
v 0.01345000 0.00860000 0.08990800
v 0.01518200 0.00800000 0.08900000
v 0.01495000 0.00900000 0.08886600
v 0.01545000 0.00800000 0.08800000
v 0.01518200 0.00900000 0.08800000
v 0.01345000 0.00973200 0.08900000
v 0.01395000 0.00973200 0.08886600
v 0.01345000 0.01000000 0.08600000
v 0.01445000 0.00973200 0.08600000
v 0.01445000 0.00973200 0.08600000
v 0.01518200 0.00900000 0.08600000
v 0.01518200 0.00900000 0.08600000
v 0.01545000 0.00800000 0.08600000
v 0.01545000 0.00800000 0.08600000
v -0.01383300 0.00984800 0.08866300
v -0.01345000 0.00984800 0.08876500
v -0.01345000 0.01000000 0.08800000
v -0.01391200 0.00817800 0.08993800
v -0.01391200 0.00817800 0.08993800
v -0.01345000 0.00860000 0.08990800
v -0.01345000 0.00860000 0.08990800
v -0.01345000 0.00876500 0.08984800
v -0.01437400 0.00876500 0.08960000
v -0.01445000 0.00800000 0.08973200
v -0.01406200 0.00800000 0.08990400
v -0.01406200 0.00800000 0.08990400
v -0.01545000 0.00800000 0.08800000
v -0.01518200 0.00800000 0.08900000
v -0.01529800 0.00876500 0.08800000
v -0.01505000 0.00876500 0.08892400
v -0.01518200 0.00900000 0.08800000
v -0.01467500 0.00941400 0.08870700
v -0.01486400 0.00941400 0.08800000
v -0.01445000 0.00973200 0.08800000
v -0.01415700 0.00941400 0.08922500
v -0.01421500 0.00984800 0.08800000
v -0.01411300 0.00984800 0.08838300
v -0.01345000 0.00941400 0.08941400
v -0.01345000 0.00973200 0.08900000
v -0.01345000 0.01000000 0.08600000
v -0.01445000 0.00973200 0.08600000
v -0.01518200 0.00900000 0.08600000
v -0.01545000 0.00800000 0.08600000
v -0.01545000 0.00800000 0.08600000
v -0.00543200 0.00948200 0.08934300
v -0.00543200 0.00948200 0.08934300
v -0.00401000 0.00975400 0.08896200
v -0.00401000 0.00975400 0.08896200
v -0.00082800 0.00999700 0.08810900
v -0.00082800 0.00999700 0.08810900
v 0.00000000 0.01000000 0.08800000
v 0.00000000 0.01000000 0.08800000
v -0.00987500 0.00881500 0.08982700
v -0.00987500 0.00881500 0.08982700
v -0.00893800 0.00800000 0.09000000
v -0.00893800 0.00800000 0.09000000
v -0.00788500 0.00800000 0.09000000
v -0.00787300 0.00811400 0.08999700
v -0.00772700 0.00840900 0.08995800
v -0.01025000 0.00900000 0.08973200
v -0.01025000 0.00900000 0.08973200
v -0.00686600 0.00900900 0.08972700
v -0.01150000 0.00925000 0.08956100
v -0.01150000 0.00925000 0.08956100
v -0.01275000 0.00900000 0.08973200
v -0.01275000 0.00900000 0.08973200
v -0.01312400 0.00881500 0.08982600
v -0.01312400 0.00881500 0.08982600
v -0.01445000 -0.00463600 0.08973200
v -0.01445000 -0.00463600 0.08973200
v -0.01431500 0.00762400 0.08980300
v -0.01431500 0.00762400 0.08980300
v -0.01467300 -0.00529600 0.08958300
v -0.01467300 -0.00529600 0.08958300
v -0.01467300 0.00670500 0.08958300
v -0.01467300 0.00670500 0.08958300
v -0.01445000 0.00736400 0.08973200
v -0.01445000 0.00736400 0.08973200
v -0.01345000 -0.00340000 0.09000000
v -0.01345000 -0.00340000 0.09000000
v -0.01352600 -0.00345900 0.08999900
v -0.01352600 -0.00345900 0.08999900
v -0.01404400 -0.00397700 0.08991000
v -0.01404400 -0.00397700 0.08991000
v -0.00782000 -0.00826300 0.08998300
v -0.00788500 -0.00800000 0.09000000
v -0.00706600 -0.00891100 0.08978000
v -0.00748400 -0.00864700 0.08989200
v -0.00413500 -0.00973500 0.08899500
v -0.00413500 -0.00973500 0.08899500
v -0.00434800 -0.00970100 0.08905200
v -0.00434800 -0.00970100 0.08905200
v -0.00434800 -0.00970100 0.08905200
v -0.00682500 -0.00902700 0.08971600
v -0.00682500 -0.00902700 0.08971600
v -0.00682500 -0.00902700 0.08971600
v -0.00682500 -0.00902700 0.08971600
v 0.00000000 -0.01000000 0.08800000
v 0.00000000 -0.01000000 0.08800000
v -0.00082800 -0.00999700 0.08810900
v -0.00082800 -0.00999700 0.08810900
v 0.01312500 0.00881500 0.08982700
v 0.01312500 0.00881500 0.08982700
v 0.00788500 0.00800000 0.09000000
v 0.00893800 0.00800000 0.09000000
v 0.00893800 0.00800000 0.09000000
v 0.00782000 0.00826300 0.08998300
v 0.00979300 0.00876500 0.08984800
v 0.00979300 0.00876500 0.08984800
v 0.00748400 0.00864700 0.08989200
v 0.01065100 0.00913700 0.08964500
v 0.01065100 0.00913700 0.08964500
v 0.00552900 0.00945800 0.08936900
v 0.00552900 0.00945800 0.08936900
v 0.00706600 0.00891100 0.08978000
v 0.00987500 0.00881500 0.08982700
v 0.00987500 0.00881500 0.08982700
v 0.01234800 0.00913700 0.08964500
v 0.01234800 0.00913700 0.08964500
v 0.01150000 0.00925000 0.08956100
v 0.01150000 0.00925000 0.08956100
v 0.00082800 0.00999700 0.08810900
v 0.00082800 0.00999700 0.08810900
v 0.00321600 0.00985400 0.08874900
v 0.00321600 0.00985400 0.08874900
v 0.00434800 0.00970100 0.08905200
v 0.00434800 0.00970100 0.08905200
v 0.01431500 -0.00437500 0.08980300
v 0.01431500 -0.00437500 0.08980300
v 0.01447700 -0.00469500 0.08971600
v 0.01447700 -0.00469500 0.08971600
v 0.01467300 -0.00529700 0.08958200
v 0.01467300 -0.00529700 0.08958200
v 0.01467300 0.00670300 0.08958200
v 0.01467300 0.00670300 0.08958200
v 0.01431500 0.00762500 0.08980300
v 0.01431500 0.00762500 0.08980300
v 0.01345000 -0.00340000 0.09000000
v 0.01345000 -0.00340000 0.09000000
v 0.00543200 -0.00948200 0.08934300
v 0.00543200 -0.00948200 0.08934300
v 0.00312600 -0.00986400 0.08872500
v 0.00312600 -0.00986400 0.08872500
v 0.00082800 -0.00999700 0.08810900
v 0.00082800 -0.00999700 0.08810900
v 0.00686600 -0.00900900 0.08972700
v 0.00772700 -0.00840900 0.08995800
v 0.00788500 -0.00800000 0.09000000
v 0.00787300 -0.00811400 0.08999700
v -0.00868500 0.00762500 0.09000000
v -0.00868500 0.00762500 0.09000000
v -0.01222300 -0.00283100 0.09000000
v -0.01222300 -0.00283100 0.09000000
v -0.00857200 -0.00459000 0.09000000
v -0.00857200 -0.00459000 0.09000000
v -0.01077700 -0.00283100 0.09000000
v -0.01077700 -0.00283100 0.09000000
v -0.00947400 -0.00345900 0.09000000
v -0.00947400 -0.00345900 0.09000000
v 0.00868500 -0.00437500 0.09000000
v 0.00868500 -0.00437500 0.09000000
v 0.00868500 -0.00437500 0.09000000
v 0.00987500 -0.00318500 0.09000000
v 0.00987500 -0.00318500 0.09000000
v 0.00987500 -0.00318500 0.09000000
v 0.01312500 -0.00318500 0.09000000
v 0.01312500 -0.00318500 0.09000000
v 0.01312500 -0.00318500 0.09000000
v 0.00868500 0.00762500 0.09000000
v 0.00868500 0.00762500 0.09000000
v 0.01150000 -0.00275000 0.09000000
v 0.01150000 -0.00275000 0.09000000
v -0.01270000 -0.01534800 0.06142000
v -0.01220000 -0.01592500 0.06228600
v -0.01220000 -0.01592500 0.06228600
v -0.01220000 -0.01592500 0.06228600
v -0.01270000 -0.01592500 0.06242000
v -0.01270000 -0.01592500 0.06242000
v -0.01183400 -0.01592500 0.06192000
v -0.01183400 -0.01592500 0.06192000
v -0.01170000 -0.01592500 0.06142000
v -0.01170000 -0.01592500 0.06142000
v -0.01170000 -0.01592500 0.06142000
v -0.01356600 -0.01592500 0.06192000
v -0.01356600 -0.01592500 0.06192000
v -0.01370000 -0.01592500 0.06142000
v -0.01370000 -0.01592500 0.06142000
v -0.01370000 -0.01592500 0.06142000
v -0.01320000 -0.01592500 0.06228600
v -0.01320000 -0.01592500 0.06228600
v -0.01320000 -0.01592500 0.06228600
v -0.01170000 -0.01592500 0.06199700
v -0.01170000 -0.01592500 0.06199700
v -0.01170000 -0.01592500 0.06199700
v -0.01270000 -0.01592500 0.06257500
v -0.01270000 -0.01592500 0.06257500
v -0.01270000 -0.01592500 0.06257500
v -0.01370000 -0.01592500 0.06199700
v -0.01370000 -0.01592500 0.06199700
v -0.01370000 -0.01592500 0.06199700
v -0.01370000 -0.01592500 0.06084300
v -0.01370000 -0.01592500 0.06084300
v -0.01370000 -0.01592500 0.06084300
v -0.01356600 -0.01592500 0.06092000
v -0.01356600 -0.01592500 0.06092000
v -0.01320000 -0.01592500 0.06055400
v -0.01320000 -0.01592500 0.06055400
v -0.01320000 -0.01592500 0.06055400
v -0.01270000 -0.01592500 0.06026500
v -0.01270000 -0.01592500 0.06026500
v -0.01270000 -0.01592500 0.06026500
v -0.01270000 -0.01592500 0.06042000
v -0.01270000 -0.01592500 0.06042000
v -0.01220000 -0.01592500 0.06055400
v -0.01220000 -0.01592500 0.06055400
v -0.01220000 -0.01592500 0.06055400
v -0.01170000 -0.01592500 0.06084300
v -0.01170000 -0.01592500 0.06084300
v -0.01170000 -0.01592500 0.06084300
v -0.01183400 -0.01592500 0.06092000
v -0.01183400 -0.01592500 0.06092000
v -0.01270000 -0.01742500 0.06257500
v -0.01270000 -0.01742500 0.06257500
v -0.01270000 -0.01742500 0.06257500
v -0.01370000 -0.01742500 0.06199700
v -0.01370000 -0.01742500 0.06199700
v -0.01370000 -0.01742500 0.06199700
v -0.01370000 -0.01742500 0.06084300
v -0.01370000 -0.01742500 0.06084300
v -0.01370000 -0.01742500 0.06084300
v -0.01270000 -0.01742500 0.06026500
v -0.01270000 -0.01742500 0.06026500
v -0.01270000 -0.01742500 0.06026500
v -0.01170000 -0.01742500 0.06084300
v -0.01170000 -0.01742500 0.06084300
v -0.01170000 -0.01742500 0.06084300
v -0.01170000 -0.01742500 0.06199700
v -0.01170000 -0.01742500 0.06199700
v -0.01170000 -0.01742500 0.06199700
v -0.01003800 -0.01733700 0.06142000
v -0.01010000 -0.01738500 0.06142000
v -0.01018900 -0.01738500 0.06074700
v -0.01013500 -0.01740200 0.06142000
v -0.00997300 -0.01724000 0.06142000
v -0.00999000 -0.01727500 0.06142000
v -0.01008200 -0.01727500 0.06071900
v -0.01004400 -0.01712500 0.06070800
v -0.00995000 -0.01712500 0.06142000
v -0.01515000 -0.01742500 0.06142000
v -0.01521100 -0.01738500 0.06074700
v -0.01506600 -0.01742500 0.06078600
v -0.01495200 -0.01738500 0.06012000
v -0.01495200 -0.01738500 0.06012000
v -0.01482200 -0.01742500 0.06019500
v -0.01453800 -0.01738500 0.05958200
v -0.01453800 -0.01738500 0.05958200
v -0.01443200 -0.01742500 0.05968800
v -0.01400000 -0.01738500 0.05916800
v -0.01400000 -0.01738500 0.05916800
v -0.01392500 -0.01742500 0.05929800
v -0.01337300 -0.01738500 0.05890900
v -0.01337300 -0.01738500 0.05890900
v -0.01333400 -0.01742500 0.05905300
v -0.01270000 -0.01738500 0.05882000
v -0.01270000 -0.01738500 0.05882000
v -0.01270000 -0.01742500 0.05897000
v -0.01202700 -0.01738500 0.05890900
v -0.01202700 -0.01738500 0.05890900
v -0.01206600 -0.01742500 0.05905300
v -0.01140000 -0.01738500 0.05916800
v -0.01140000 -0.01738500 0.05916800
v -0.01147500 -0.01742500 0.05929800
v -0.01086200 -0.01738500 0.05958200
v -0.01086200 -0.01738500 0.05958200
v -0.01096800 -0.01742500 0.05968800
v -0.01044800 -0.01738500 0.06012000
v -0.01044800 -0.01738500 0.06012000
v -0.01057800 -0.01742500 0.06019500
v -0.01033300 -0.01742500 0.06078600
v -0.01025000 -0.01742500 0.06142000
v -0.01035300 -0.01727500 0.06006500
v -0.01078400 -0.01727500 0.05950400
v -0.01134500 -0.01727500 0.05907300
v -0.01199900 -0.01727500 0.05880200
v -0.01270000 -0.01727500 0.05871000
v -0.01340100 -0.01727500 0.05880200
v -0.01405500 -0.01727500 0.05907300
v -0.01461600 -0.01727500 0.05950400
v -0.01504700 -0.01727500 0.06006500
v -0.01531700 -0.01727500 0.06071900
v -0.01530000 -0.01738500 0.06142000
v -0.01536200 -0.01733700 0.06142000
v -0.01541000 -0.01727500 0.06142000
v -0.01542700 -0.01724000 0.06142000
v -0.01031800 -0.01712500 0.06004500
v -0.01075500 -0.01712500 0.05947500
v -0.01132500 -0.01712500 0.05903800
v -0.01198800 -0.01712500 0.05876400
v -0.01270000 -0.01712500 0.05867000
v -0.01341200 -0.01712500 0.05876400
v -0.01407500 -0.01712500 0.05903800
v -0.01464400 -0.01712500 0.05947500
v -0.01508200 -0.01712500 0.06004500
v -0.01535600 -0.01712500 0.06070800
v -0.01545000 -0.01712500 0.06142000
v -0.01115000 -0.01541200 0.06142000
v -0.01117100 -0.01539600 0.06142000
v -0.01137600 -0.01539600 0.06218500
v -0.01118700 -0.01537500 0.06142000
v -0.01119200 -0.01536300 0.06142000
v -0.01139400 -0.01536300 0.06217400
v -0.01399900 -0.01532500 0.06217000
v -0.01420000 -0.01532500 0.06142000
v -0.01420800 -0.01536300 0.06142000
v -0.01120000 -0.01532500 0.06142000
v -0.01140100 -0.01532500 0.06217000
v -0.01194600 -0.01536300 0.06272600
v -0.01195000 -0.01532500 0.06271900
v -0.01270000 -0.01536300 0.06292800
v -0.01270000 -0.01532500 0.06292000
v -0.01345400 -0.01536300 0.06272600
v -0.01345000 -0.01532500 0.06271900
v -0.01400600 -0.01536300 0.06217400
v -0.01402400 -0.01539600 0.06218500
v -0.01346500 -0.01539600 0.06274400
v -0.01270000 -0.01539600 0.06294900
v -0.01193500 -0.01539600 0.06274400
v -0.01421300 -0.01537500 0.06142000
v -0.01422900 -0.01539600 0.06142000
v -0.01425000 -0.01541200 0.06142000
v -0.01405200 -0.01541700 0.06220100
v -0.01348100 -0.01541700 0.06277200
v -0.01270000 -0.01541700 0.06298200
v -0.01191900 -0.01541700 0.06277200
v -0.01134700 -0.01541700 0.06220100
v -0.01113800 -0.01541700 0.06142000
v -0.01430000 -0.01542500 0.06142000
v -0.01408600 -0.01542500 0.06222000
v -0.01350000 -0.01542500 0.06280600
v -0.01270000 -0.01542500 0.06302000
v -0.01190000 -0.01542500 0.06280600
v -0.01131400 -0.01542500 0.06222000
v -0.01110000 -0.01542500 0.06142000
v -0.01120000 -0.01200000 0.06142000
v -0.01140100 -0.01532500 0.06067000
v -0.01140100 -0.01200000 0.06067000
v -0.01195000 -0.01532500 0.06012100
v -0.01195000 -0.01200000 0.06012100
v -0.01195000 -0.01200000 0.06012100
v -0.01195000 -0.01200000 0.06012100
v -0.01270000 -0.01532500 0.05992000
v -0.01270000 -0.01200000 0.05992000
v -0.01270000 -0.01200000 0.05992000
v -0.01345000 -0.01532500 0.06012100
v -0.01345000 -0.01532500 0.06012100
v -0.01345000 -0.01200000 0.06012100
v -0.01345000 -0.01200000 0.06012100
v -0.01399900 -0.01532500 0.06067000
v -0.01399900 -0.01200000 0.06067000
v -0.01420000 -0.01200000 0.06142000
v -0.01270000 -0.01542500 0.06417000
v -0.01270000 -0.01542500 0.06417000
v -0.01132500 -0.01542500 0.06380200
v -0.01132500 -0.01542500 0.06380200
v -0.01031800 -0.01542500 0.06279500
v -0.01031800 -0.01542500 0.06279500
v -0.00995000 -0.01542500 0.06142000
v -0.00995000 -0.01542500 0.06142000
v -0.01131400 -0.01542500 0.06062000
v -0.01031800 -0.01542500 0.06004500
v -0.01031800 -0.01542500 0.06004500
v -0.01190000 -0.01542500 0.06003400
v -0.01132500 -0.01542500 0.05903800
v -0.01132500 -0.01542500 0.05903800
v -0.01270000 -0.01542500 0.05982000
v -0.01270000 -0.01542500 0.05867000
v -0.01270000 -0.01542500 0.05867000
v -0.01350000 -0.01542500 0.06003400
v -0.01407500 -0.01542500 0.05903800
v -0.01407500 -0.01542500 0.05903800
v -0.01408600 -0.01542500 0.06062000
v -0.01508200 -0.01542500 0.06004500
v -0.01508200 -0.01542500 0.06004500
v -0.01545000 -0.01542500 0.06142000
v -0.01545000 -0.01542500 0.06142000
v -0.01508200 -0.01542500 0.06279500
v -0.01508200 -0.01542500 0.06279500
v -0.01407500 -0.01542500 0.06380200
v -0.01407500 -0.01542500 0.06380200
v -0.01324500 -0.01742500 0.06380900
v -0.01422800 -0.01742500 0.06333500
v -0.01490700 -0.01742500 0.06248300
v -0.01049300 -0.01742500 0.06248300
v -0.01117200 -0.01742500 0.06333500
v -0.01215500 -0.01742500 0.06380900
v -0.01140100 -0.01200000 0.06217000
v -0.01195000 -0.01200000 0.06271900
v -0.01195000 -0.01200000 0.06271900
v -0.01195000 -0.01200000 0.06271900
v -0.01270000 -0.01200000 0.06292000
v -0.01345000 -0.01200000 0.06271900
v -0.01345000 -0.01200000 0.06271900
v -0.01399900 -0.01200000 0.06217000
v 0.01270000 -0.01534800 0.06142000
v 0.01320000 -0.01592500 0.06228600
v 0.01320000 -0.01592500 0.06228600
v 0.01320000 -0.01592500 0.06228600
v 0.01270000 -0.01592500 0.06242000
v 0.01270000 -0.01592500 0.06242000
v 0.01356600 -0.01592500 0.06192000
v 0.01356600 -0.01592500 0.06192000
v 0.01370000 -0.01592500 0.06142000
v 0.01370000 -0.01592500 0.06142000
v 0.01370000 -0.01592500 0.06142000
v 0.01183400 -0.01592500 0.06192000
v 0.01183400 -0.01592500 0.06192000
v 0.01170000 -0.01592500 0.06142000
v 0.01170000 -0.01592500 0.06142000
v 0.01170000 -0.01592500 0.06142000
v 0.01220000 -0.01592500 0.06228600
v 0.01220000 -0.01592500 0.06228600
v 0.01220000 -0.01592500 0.06228600
v 0.01370000 -0.01592500 0.06199700
v 0.01370000 -0.01592500 0.06199700
v 0.01370000 -0.01592500 0.06199700
v 0.01270000 -0.01592500 0.06257500
v 0.01270000 -0.01592500 0.06257500
v 0.01270000 -0.01592500 0.06257500
v 0.01170000 -0.01592500 0.06199700
v 0.01170000 -0.01592500 0.06199700
v 0.01170000 -0.01592500 0.06199700
v 0.01170000 -0.01592500 0.06084300
v 0.01170000 -0.01592500 0.06084300
v 0.01170000 -0.01592500 0.06084300
v 0.01183400 -0.01592500 0.06092000
v 0.01183400 -0.01592500 0.06092000
v 0.01220000 -0.01592500 0.06055400
v 0.01220000 -0.01592500 0.06055400
v 0.01220000 -0.01592500 0.06055400
v 0.01270000 -0.01592500 0.06026500
v 0.01270000 -0.01592500 0.06026500
v 0.01270000 -0.01592500 0.06026500
v 0.01270000 -0.01592500 0.06042000
v 0.01270000 -0.01592500 0.06042000
v 0.01320000 -0.01592500 0.06055400
v 0.01320000 -0.01592500 0.06055400
v 0.01320000 -0.01592500 0.06055400
v 0.01370000 -0.01592500 0.06084300
v 0.01370000 -0.01592500 0.06084300
v 0.01370000 -0.01592500 0.06084300
v 0.01356600 -0.01592500 0.06092000
v 0.01356600 -0.01592500 0.06092000
v 0.01270000 -0.01742500 0.06257500
v 0.01270000 -0.01742500 0.06257500
v 0.01270000 -0.01742500 0.06257500
v 0.01170000 -0.01742500 0.06199700
v 0.01170000 -0.01742500 0.06199700
v 0.01170000 -0.01742500 0.06199700
v 0.01170000 -0.01742500 0.06084300
v 0.01170000 -0.01742500 0.06084300
v 0.01170000 -0.01742500 0.06084300
v 0.01270000 -0.01742500 0.06026500
v 0.01270000 -0.01742500 0.06026500
v 0.01270000 -0.01742500 0.06026500
v 0.01370000 -0.01742500 0.06084300
v 0.01370000 -0.01742500 0.06084300
v 0.01370000 -0.01742500 0.06084300
v 0.01370000 -0.01742500 0.06199700
v 0.01370000 -0.01742500 0.06199700
v 0.01370000 -0.01742500 0.06199700
v 0.01536200 -0.01733700 0.06142000
v 0.01530000 -0.01738500 0.06142000
v 0.01521100 -0.01738500 0.06074700
v 0.01526500 -0.01740200 0.06142000
v 0.01542700 -0.01724000 0.06142000
v 0.01541000 -0.01727500 0.06142000
v 0.01531700 -0.01727500 0.06071900
v 0.01535600 -0.01712500 0.06070800
v 0.01545000 -0.01712500 0.06142000
v 0.01025000 -0.01742500 0.06142000
v 0.01018900 -0.01738500 0.06074700
v 0.01033300 -0.01742500 0.06078600
v 0.01044800 -0.01738500 0.06012000
v 0.01044800 -0.01738500 0.06012000
v 0.01057800 -0.01742500 0.06019500
v 0.01086200 -0.01738500 0.05958200
v 0.01086200 -0.01738500 0.05958200
v 0.01096800 -0.01742500 0.05968800
v 0.01140000 -0.01738500 0.05916800
v 0.01140000 -0.01738500 0.05916800
v 0.01147500 -0.01742500 0.05929800
v 0.01202700 -0.01738500 0.05890900
v 0.01202700 -0.01738500 0.05890900
v 0.01206600 -0.01742500 0.05905300
v 0.01270000 -0.01738500 0.05882000
v 0.01270000 -0.01738500 0.05882000
v 0.01270000 -0.01742500 0.05897000
v 0.01337300 -0.01738500 0.05890900
v 0.01337300 -0.01738500 0.05890900
v 0.01333400 -0.01742500 0.05905300
v 0.01400000 -0.01738500 0.05916800
v 0.01400000 -0.01738500 0.05916800
v 0.01392500 -0.01742500 0.05929800
v 0.01453800 -0.01738500 0.05958200
v 0.01453800 -0.01738500 0.05958200
v 0.01443200 -0.01742500 0.05968800
v 0.01495200 -0.01738500 0.06012000
v 0.01495200 -0.01738500 0.06012000
v 0.01482200 -0.01742500 0.06019500
v 0.01506600 -0.01742500 0.06078600
v 0.01515000 -0.01742500 0.06142000
v 0.01504700 -0.01727500 0.06006500
v 0.01461600 -0.01727500 0.05950400
v 0.01405500 -0.01727500 0.05907300
v 0.01340100 -0.01727500 0.05880200
v 0.01270000 -0.01727500 0.05871000
v 0.01199900 -0.01727500 0.05880200
v 0.01134500 -0.01727500 0.05907300
v 0.01078400 -0.01727500 0.05950400
v 0.01035300 -0.01727500 0.06006500
v 0.01008200 -0.01727500 0.06071900
v 0.01010000 -0.01738500 0.06142000
v 0.01003800 -0.01733700 0.06142000
v 0.00999000 -0.01727500 0.06142000
v 0.00997300 -0.01724000 0.06142000
v 0.01508200 -0.01712500 0.06004500
v 0.01464400 -0.01712500 0.05947500
v 0.01407500 -0.01712500 0.05903800
v 0.01341200 -0.01712500 0.05876400
v 0.01270000 -0.01712500 0.05867000
v 0.01198800 -0.01712500 0.05876400
v 0.01132500 -0.01712500 0.05903800
v 0.01075500 -0.01712500 0.05947500
v 0.01031800 -0.01712500 0.06004500
v 0.01004400 -0.01712500 0.06070800
v 0.00995000 -0.01712500 0.06142000
v 0.01425000 -0.01541200 0.06142000
v 0.01422900 -0.01539600 0.06142000
v 0.01402400 -0.01539600 0.06218500
v 0.01421300 -0.01537500 0.06142000
v 0.01420800 -0.01536300 0.06142000
v 0.01400600 -0.01536300 0.06217400
v 0.01140100 -0.01532500 0.06217000
v 0.01120000 -0.01532500 0.06142000
v 0.01119200 -0.01536300 0.06142000
v 0.01420000 -0.01532500 0.06142000
v 0.01399900 -0.01532500 0.06217000
v 0.01345400 -0.01536300 0.06272600
v 0.01345000 -0.01532500 0.06271900
v 0.01270000 -0.01536300 0.06292800
v 0.01270000 -0.01532500 0.06292000
v 0.01194600 -0.01536300 0.06272600
v 0.01195000 -0.01532500 0.06271900
v 0.01139400 -0.01536300 0.06217400
v 0.01137600 -0.01539600 0.06218500
v 0.01193500 -0.01539600 0.06274400
v 0.01270000 -0.01539600 0.06294900
v 0.01346500 -0.01539600 0.06274400
v 0.01118700 -0.01537500 0.06142000
v 0.01117100 -0.01539600 0.06142000
v 0.01115000 -0.01541200 0.06142000
v 0.01134700 -0.01541700 0.06220100
v 0.01191900 -0.01541700 0.06277200
v 0.01270000 -0.01541700 0.06298200
v 0.01348100 -0.01541700 0.06277200
v 0.01405200 -0.01541700 0.06220100
v 0.01426200 -0.01541700 0.06142000
v 0.01110000 -0.01542500 0.06142000
v 0.01131400 -0.01542500 0.06222000
v 0.01190000 -0.01542500 0.06280600
v 0.01270000 -0.01542500 0.06302000
v 0.01350000 -0.01542500 0.06280600
v 0.01408600 -0.01542500 0.06222000
v 0.01430000 -0.01542500 0.06142000
v 0.01420000 -0.01200000 0.06142000
v 0.01399900 -0.01532500 0.06067000
v 0.01399900 -0.01200000 0.06067000
v 0.01345000 -0.01532500 0.06012100
v 0.01345000 -0.01200000 0.06012100
v 0.01345000 -0.01200000 0.06012100
v 0.01270000 -0.01532500 0.05992000
v 0.01270000 -0.01532500 0.05992000
v 0.01270000 -0.01200000 0.05992000
v 0.01270000 -0.01200000 0.05992000
v 0.01270000 -0.01200000 0.05992000
v 0.01195000 -0.01532500 0.06012100
v 0.01195000 -0.01200000 0.06012100
v 0.01195000 -0.01200000 0.06012100
v 0.01140100 -0.01532500 0.06067000
v 0.01140100 -0.01200000 0.06067000
v 0.01120000 -0.01200000 0.06142000
v 0.01408600 -0.01542500 0.06062000
v 0.01508200 -0.01542500 0.06004500
v 0.01508200 -0.01542500 0.06004500
v 0.01350000 -0.01542500 0.06003400
v 0.01407500 -0.01542500 0.05903800
v 0.01407500 -0.01542500 0.05903800
v 0.01270000 -0.01542500 0.05982000
v 0.01270000 -0.01542500 0.05867000
v 0.01270000 -0.01542500 0.05867000
v 0.01190000 -0.01542500 0.06003400
v 0.01132500 -0.01542500 0.05903800
v 0.01132500 -0.01542500 0.05903800
v 0.01131400 -0.01542500 0.06062000
v 0.01031800 -0.01542500 0.06004500
v 0.01031800 -0.01542500 0.06004500
v 0.00995000 -0.01542500 0.06142000
v 0.00995000 -0.01542500 0.06142000
v 0.01031800 -0.01542500 0.06279500
v 0.01031800 -0.01542500 0.06279500
v 0.01132500 -0.01542500 0.06380200
v 0.01132500 -0.01542500 0.06380200
v 0.01270000 -0.01542500 0.06417000
v 0.01270000 -0.01542500 0.06417000
v 0.01407500 -0.01542500 0.06380200
v 0.01407500 -0.01542500 0.06380200
v 0.01508200 -0.01542500 0.06279500
v 0.01508200 -0.01542500 0.06279500
v 0.01545000 -0.01542500 0.06142000
v 0.01545000 -0.01542500 0.06142000
v 0.01215500 -0.01742500 0.06380900
v 0.01117200 -0.01742500 0.06333500
v 0.01049300 -0.01742500 0.06248300
v 0.01490700 -0.01742500 0.06248300
v 0.01422800 -0.01742500 0.06333500
v 0.01324500 -0.01742500 0.06380900
v 0.01399900 -0.01200000 0.06217000
v 0.01345000 -0.01200000 0.06271900
v 0.01345000 -0.01200000 0.06271900
v 0.01345000 -0.01200000 0.06271900
v 0.01270000 -0.01200000 0.06292000
v 0.01195000 -0.01200000 0.06271900
v 0.01195000 -0.01200000 0.06271900
v 0.01140100 -0.01200000 0.06217000
v -0.02863000 -0.00810000 0.04089100
v -0.02999500 -0.00810000 0.04188900
v -0.02983000 -0.00860600 0.04157200
v -0.03165800 -0.00810000 0.04219700
v -0.03135500 -0.00925400 0.04157000
v -0.03168900 -0.00810000 0.04219500
v -0.03329000 -0.00810000 0.04175200
v -0.02783400 -0.00810000 0.03939900
v -0.02789600 -0.00810000 0.03960500
v -0.02836400 -0.00926500 0.03882600
v -0.02814800 -0.00810000 0.04019000
v -0.02888300 -0.00949800 0.03979700
v -0.02849400 -0.00810000 0.04072400
v -0.02940100 -0.00926500 0.04076800
v -0.02776300 -0.00810000 0.03770900
v -0.02793500 -0.00860600 0.03802200
v -0.02843300 -0.00810000 0.03615600
v -0.02878500 -0.00925400 0.03675700
v -0.02845100 -0.00810000 0.03613200
v -0.03009600 -0.00948300 0.03577100
v -0.02971000 -0.00810000 0.03504800
v -0.03004900 -0.01030000 0.03709800
v -0.03004900 -0.01030000 0.03709800
v -0.03004900 -0.01030000 0.03709800
v -0.03058200 -0.01030000 0.03668000
v -0.03058200 -0.01030000 0.03668000
v -0.03058200 -0.01030000 0.03668000
v -0.03058200 -0.01030000 0.03668000
v -0.03143500 -0.01030000 0.04034900
v -0.03143500 -0.01030000 0.04034900
v -0.03093300 -0.01030000 0.04026600
v -0.03093300 -0.01030000 0.04026600
v -0.03077300 -0.01014700 0.04047900
v -0.03046900 -0.01030000 0.04005500
v -0.03046900 -0.01030000 0.04005500
v -0.03046900 -0.01030000 0.04005500
v -0.03046900 -0.01030000 0.04005500
v -0.02996500 -0.01030000 0.03960300
v -0.02996500 -0.01030000 0.03960300
v -0.02996500 -0.01030000 0.03960300
v -0.02978000 -0.01030000 0.03931800
v -0.02978000 -0.01030000 0.03931800
v -0.02964600 -0.01030000 0.03900600
v -0.02964600 -0.01030000 0.03900600
v -0.02936800 -0.01014700 0.03784700
v -0.02955100 -0.01030000 0.03833500
v -0.02955100 -0.01030000 0.03833500
v -0.02955100 -0.01030000 0.03833500
v -0.02955100 -0.01030000 0.03833500
v -0.02969100 -0.01030000 0.03767300
v -0.03290400 -0.00948300 0.04102900
v -0.03241800 -0.01030000 0.04012000
v -0.03241800 -0.01030000 0.04012000
v -0.03241800 -0.01030000 0.04012000
v -0.03194200 -0.01030000 0.04029900
v -0.03194200 -0.01030000 0.04029900
v -0.03224200 -0.01030000 0.03670900
v -0.03224200 -0.01030000 0.03670900
v -0.03232000 -0.01030000 0.03669400
v -0.03232000 -0.01030000 0.03669400
v -0.03206700 -0.01030000 0.03653400
v -0.03206700 -0.01030000 0.03653400
v -0.03240000 -0.01030000 0.03669600
v -0.03240000 -0.01030000 0.03669600
v -0.03253100 -0.01030000 0.03674500
v -0.03253100 -0.01030000 0.03674500
v -0.03253100 -0.01030000 0.03674500
v -0.03253100 -0.01030000 0.03674500
v -0.03072800 -0.01030000 0.03664000
v -0.03072800 -0.01030000 0.03664000
v -0.03105800 -0.01030000 0.03650100
v -0.03105800 -0.01030000 0.03650100
v -0.03080500 -0.01030000 0.03664500
v -0.03080500 -0.01030000 0.03664500
v -0.03087800 -0.01030000 0.03666600
v -0.03087800 -0.01030000 0.03666600
v -0.03100200 -0.01030000 0.03675500
v -0.03100200 -0.01030000 0.03675500
v -0.03124800 -0.01030000 0.03693900
v -0.03124800 -0.01030000 0.03693900
v -0.03156500 -0.01030000 0.03645100
v -0.03156500 -0.01030000 0.03645100
v -0.03154600 -0.01030000 0.03701100
v -0.03154600 -0.01030000 0.03701100
v -0.03184900 -0.01030000 0.03695900
v -0.03184900 -0.01030000 0.03695900
v -0.03210600 -0.01030000 0.03679200
v -0.03210600 -0.01030000 0.03679200
v -0.03344900 -0.01030000 0.03844400
v -0.03344900 -0.01030000 0.03846500
v -0.03344900 -0.01030000 0.03846500
v -0.03344900 -0.01030000 0.03846500
v -0.03345000 -0.01030000 0.03840100
v -0.03345000 -0.01030000 0.03840100
v -0.03269200 -0.01030000 0.03700800
v -0.03269200 -0.01030000 0.03700800
v -0.03292400 -0.01030000 0.03706800
v -0.03292400 -0.01030000 0.03706800
v -0.03267900 -0.01030000 0.03694000
v -0.03267900 -0.01030000 0.03694000
v -0.03273800 -0.01030000 0.03689300
v -0.03273800 -0.01030000 0.03689300
v -0.03273800 -0.01030000 0.03689300
v -0.03344100 -0.01030000 0.03821000
v -0.03344100 -0.01030000 0.03821000
v -0.03339900 -0.01030000 0.03795800
v -0.03339900 -0.01030000 0.03795800
v -0.03332000 -0.01030000 0.03818400
v -0.03332000 -0.01030000 0.03818400
v -0.03258400 -0.01030000 0.03677900
v -0.03258400 -0.01030000 0.03677900
v -0.03258400 -0.01030000 0.03677900
v -0.03254700 -0.01030000 0.03675600
v -0.03254700 -0.01030000 0.03675600
v -0.03256300 -0.01030000 0.03676800
v -0.03256300 -0.01030000 0.03676800
v -0.03257900 -0.01030000 0.03678100
v -0.03257900 -0.01030000 0.03678100
v -0.03263700 -0.01030000 0.03681500
v -0.03263700 -0.01030000 0.03681500
v -0.03263700 -0.01030000 0.03681500
v -0.03260700 -0.01030000 0.03680900
v -0.03260700 -0.01030000 0.03680900
v -0.03260700 -0.01030000 0.03680900
v -0.03260700 -0.01030000 0.03680900
v -0.03265200 -0.01030000 0.03687500
v -0.03265200 -0.01030000 0.03687500
v -0.03267500 -0.01030000 0.03714600
v -0.03267500 -0.01030000 0.03714600
v -0.03263900 -0.01030000 0.03745100
v -0.03263900 -0.01030000 0.03745100
v -0.03322000 -0.01030000 0.03748200
v -0.03322000 -0.01030000 0.03748200
v -0.03344800 -0.01030000 0.03842400
v -0.03344800 -0.01030000 0.03842400
v -0.03272600 -0.01030000 0.03774500
v -0.03272600 -0.01030000 0.03774500
v -0.03292200 -0.01030000 0.03798100
v -0.03292200 -0.01030000 0.03798100
v -0.03319600 -0.01030000 0.03812100
v -0.03319600 -0.01030000 0.03812100
v -0.03336900 -0.01030000 0.03823300
v -0.03336900 -0.01030000 0.03823300
v -0.03340800 -0.01030000 0.03829100
v -0.03340800 -0.01030000 0.03829100
v -0.03344900 -0.01030000 0.03833700
v -0.03344900 -0.01030000 0.03833700
v -0.03343800 -0.01030000 0.03836500
v -0.03343800 -0.01030000 0.03836500
v -0.03344600 -0.01030000 0.03840500
v -0.03344600 -0.01030000 0.03840500
v -0.03341600 -0.01030000 0.03860000
v -0.03341600 -0.01030000 0.03860000
v -0.03336600 -0.01030000 0.03896700
v -0.03336600 -0.01030000 0.03896700
v -0.03337400 -0.01030000 0.03866800
v -0.03337400 -0.01030000 0.03866800
v -0.03331800 -0.01030000 0.03872400
v -0.03331800 -0.01030000 0.03872400
v -0.03259500 -0.01030000 0.03988100
v -0.03259500 -0.01030000 0.03988100
v -0.03257200 -0.01030000 0.03995400
v -0.03257200 -0.01030000 0.03995400
v -0.03283200 -0.01030000 0.03982400
v -0.03283200 -0.01030000 0.03982400
v -0.03253300 -0.01030000 0.04002100
v -0.03253300 -0.01030000 0.04002100
v -0.03317400 -0.01030000 0.03879100
v -0.03317400 -0.01030000 0.03879100
v -0.03289200 -0.01030000 0.03891200
v -0.03289200 -0.01030000 0.03891200
v -0.03315500 -0.01030000 0.03943000
v -0.03315500 -0.01030000 0.03943000
v -0.03268000 -0.01030000 0.03913500
v -0.03268000 -0.01030000 0.03913500
v -0.03257400 -0.01030000 0.03942300
v -0.03257400 -0.01030000 0.03942300
v -0.03259000 -0.01030000 0.03972900
v -0.03259000 -0.01030000 0.03972900
v -0.03227200 -0.01030000 0.04016000
v -0.03227200 -0.01030000 0.04016000
v -0.03219500 -0.01030000 0.04015500
v -0.03219500 -0.01030000 0.04015500
v -0.03212200 -0.01030000 0.04013400
v -0.03212200 -0.01030000 0.04013400
v -0.03076400 -0.01030000 0.04008900
v -0.03076400 -0.01030000 0.04008900
v -0.03069000 -0.01030000 0.04010500
v -0.03069000 -0.01030000 0.04010500
v -0.03061300 -0.01030000 0.04010500
v -0.03061300 -0.01030000 0.04010500
v -0.03199800 -0.01030000 0.04004500
v -0.03199800 -0.01030000 0.04004500
v -0.03175200 -0.01030000 0.03986100
v -0.03175200 -0.01030000 0.03986100
v -0.03145400 -0.01030000 0.03978900
v -0.03145400 -0.01030000 0.03978900
v -0.03115100 -0.01030000 0.03984100
v -0.03115100 -0.01030000 0.03984100
v -0.03089400 -0.01030000 0.04000800
v -0.03089400 -0.01030000 0.04000800
v -0.03036100 -0.01030000 0.03994800
v -0.03036100 -0.01030000 0.03994800
v -0.03036100 -0.01030000 0.03994800
v -0.02980400 -0.01030000 0.03867900
v -0.02980400 -0.01030000 0.03867900
v -0.02967000 -0.01030000 0.03860700
v -0.02967000 -0.01030000 0.03860700
v -0.02958000 -0.01030000 0.03848500
v -0.02958000 -0.01030000 0.03848500
v -0.03007800 -0.01030000 0.03881900
v -0.03007800 -0.01030000 0.03881900
v -0.03027400 -0.01030000 0.03905500
v -0.03027400 -0.01030000 0.03905500
v -0.03030900 -0.01030000 0.03980500
v -0.03030900 -0.01030000 0.03980500
v -0.03032400 -0.01030000 0.03965400
v -0.03032400 -0.01030000 0.03965400
v -0.03036100 -0.01030000 0.03934900
v -0.03036100 -0.01030000 0.03934900
v -0.03041000 -0.01030000 0.03707100
v -0.03041000 -0.01030000 0.03707100
v -0.03040500 -0.01030000 0.03691900
v -0.03040500 -0.01030000 0.03691900
v -0.03046600 -0.01030000 0.03677900
v -0.03046600 -0.01030000 0.03677900
v -0.03046600 -0.01030000 0.03677900
v -0.02959000 -0.01030000 0.03818800
v -0.02959000 -0.01030000 0.03818800
v -0.02968800 -0.01030000 0.03807200
v -0.02968800 -0.01030000 0.03807200
v -0.02982600 -0.01030000 0.03800900
v -0.02982600 -0.01030000 0.03800900
v -0.03010800 -0.01030000 0.03788800
v -0.03010800 -0.01030000 0.03788800
v -0.03032000 -0.01030000 0.03766500
v -0.03032000 -0.01030000 0.03766500
v -0.03032000 -0.01030000 0.03766500
v -0.03042600 -0.01030000 0.03737700
v -0.03042600 -0.01030000 0.03737700
v -0.03269200 -0.00950000 0.03700800
v -0.03269200 -0.00950000 0.03700800
v -0.03267500 -0.00950000 0.03714600
v -0.03267500 -0.00950000 0.03714600
v -0.03265200 -0.00950000 0.03687500
v -0.03265200 -0.00950000 0.03687500
v -0.03087800 -0.00950000 0.03666600
v -0.03087800 -0.00950000 0.03666600
v -0.03100200 -0.00950000 0.03675500
v -0.03100200 -0.00950000 0.03675500
v -0.03072800 -0.00950000 0.03664000
v -0.03072800 -0.00950000 0.03664000
v -0.03058200 -0.00950000 0.03668000
v -0.03058200 -0.00950000 0.03668000
v -0.03046600 -0.00950000 0.03677900
v -0.03046600 -0.00950000 0.03677900
v -0.03040500 -0.00950000 0.03691900
v -0.03040500 -0.00950000 0.03691900
v -0.03041000 -0.00950000 0.03707100
v -0.03041000 -0.00950000 0.03707100
v -0.03210600 -0.00950000 0.03679200
v -0.03210600 -0.00950000 0.03679200
v -0.03184900 -0.00950000 0.03695900
v -0.03184900 -0.00950000 0.03695900
v -0.03154600 -0.00950000 0.03701100
v -0.03154600 -0.00950000 0.03701100
v -0.03124800 -0.00950000 0.03693900
v -0.03124800 -0.00950000 0.03693900
v -0.03319600 -0.00950000 0.03812100
v -0.03319600 -0.00950000 0.03812100
v -0.03292200 -0.00950000 0.03798100
v -0.03292200 -0.00950000 0.03798100
v -0.03272600 -0.00950000 0.03774500
v -0.03272600 -0.00950000 0.03774500
v -0.03263900 -0.00950000 0.03745100
v -0.03263900 -0.00950000 0.03745100
v -0.03331800 -0.00950000 0.03872400
v -0.03331800 -0.00950000 0.03872400
v -0.03317400 -0.00950000 0.03879100
v -0.03317400 -0.00950000 0.03879100
v -0.03341600 -0.00950000 0.03860000
v -0.03341600 -0.00950000 0.03860000
v -0.03344900 -0.00950000 0.03844400
v -0.03344900 -0.00950000 0.03844400
v -0.03340800 -0.00950000 0.03829100
v -0.03340800 -0.00950000 0.03829100
v -0.03259000 -0.00950000 0.03972900
v -0.03259000 -0.00950000 0.03972900
v -0.03257400 -0.00950000 0.03942300
v -0.03257400 -0.00950000 0.03942300
v -0.03268000 -0.00950000 0.03913500
v -0.03268000 -0.00950000 0.03913500
v -0.03289200 -0.00950000 0.03891200
v -0.03289200 -0.00950000 0.03891200
v -0.03212200 -0.00950000 0.04013400
v -0.03212200 -0.00950000 0.04013400
v -0.03199800 -0.00950000 0.04004500
v -0.03199800 -0.00950000 0.04004500
v -0.03227200 -0.00950000 0.04016000
v -0.03227200 -0.00950000 0.04016000
v -0.03241800 -0.00950000 0.04012000
v -0.03241800 -0.00950000 0.04012000
v -0.03253300 -0.00950000 0.04002100
v -0.03253300 -0.00950000 0.04002100
v -0.03259500 -0.00950000 0.03988100
v -0.03259500 -0.00950000 0.03988100
v -0.03089400 -0.00950000 0.04000800
v -0.03089400 -0.00950000 0.04000800
v -0.03115100 -0.00950000 0.03984100
v -0.03115100 -0.00950000 0.03984100
v -0.03145400 -0.00950000 0.03978900
v -0.03145400 -0.00950000 0.03978900
v -0.03175200 -0.00950000 0.03986100
v -0.03175200 -0.00950000 0.03986100
v -0.03032400 -0.00950000 0.03965400
v -0.03032400 -0.00950000 0.03965400
v -0.03030900 -0.00950000 0.03980500
v -0.03030900 -0.00950000 0.03980500
v -0.03036100 -0.00950000 0.03994800
v -0.03036100 -0.00950000 0.03994800
v -0.03046900 -0.00950000 0.04005500
v -0.03046900 -0.00950000 0.04005500
v -0.03061300 -0.00950000 0.04010500
v -0.03061300 -0.00950000 0.04010500
v -0.03076400 -0.00950000 0.04008900
v -0.03076400 -0.00950000 0.04008900
v -0.02980400 -0.00950000 0.03867900
v -0.02980400 -0.00950000 0.03867900
v -0.03007800 -0.00950000 0.03881900
v -0.03007800 -0.00950000 0.03881900
v -0.03027400 -0.00950000 0.03905500
v -0.03027400 -0.00950000 0.03905500
v -0.02982600 -0.00950000 0.03800900
v -0.02982600 -0.00950000 0.03800900
v -0.02968800 -0.00950000 0.03807200
v -0.02968800 -0.00950000 0.03807200
v -0.02959000 -0.00950000 0.03818800
v -0.02959000 -0.00950000 0.03818800
v -0.02955100 -0.00950000 0.03833500
v -0.02955100 -0.00950000 0.03833500
v -0.02958000 -0.00950000 0.03848500
v -0.02958000 -0.00950000 0.03848500
v -0.02967000 -0.00950000 0.03860700
v -0.02967000 -0.00950000 0.03860700
v -0.03042600 -0.00950000 0.03737700
v -0.03042600 -0.00950000 0.03737700
v -0.03032000 -0.00950000 0.03766500
v -0.03032000 -0.00950000 0.03766500
v -0.03010800 -0.00950000 0.03788800
v -0.03010800 -0.00950000 0.03788800
v -0.03036100 -0.00950000 0.03934900
v -0.03036100 -0.00950000 0.03934900
v -0.03240000 -0.00950000 0.03669600
v -0.03240000 -0.00950000 0.03669600
v -0.03224200 -0.00950000 0.03670900
v -0.03224200 -0.00950000 0.03670900
v -0.03254700 -0.00950000 0.03675600
v -0.03254700 -0.00950000 0.03675600
v -0.03332000 -0.00950000 0.03818400
v -0.03332000 -0.00950000 0.03818400
v 0.03443600 -0.00810000 0.04081200
v 0.03359900 -0.00926500 0.04076800
v 0.03411700 -0.00949800 0.03979700
v 0.03350800 -0.00810000 0.04162600
v 0.03303200 -0.00810000 0.04187700
v 0.03317000 -0.00860600 0.04157200
v 0.03162600 -0.00810000 0.04219800
v 0.03164500 -0.00925400 0.04157000
v 0.03131400 -0.00810000 0.04219500
v 0.02971000 -0.00810000 0.04175200
v 0.03485200 -0.00810000 0.04019000
v 0.03463600 -0.00926500 0.03882600
v 0.03513800 -0.00810000 0.03949700
v 0.03529800 -0.00810000 0.03827400
v 0.03506500 -0.00860600 0.03802200
v 0.03472600 -0.00810000 0.03639200
v 0.03421400 -0.00925400 0.03675700
v 0.03455000 -0.00810000 0.03613400
v 0.03290400 -0.00948300 0.03577100
v 0.03329000 -0.00810000 0.03504800
v 0.03295100 -0.01030000 0.03709800
v 0.03295100 -0.01030000 0.03709800
v 0.03295100 -0.01030000 0.03709800
v 0.03241800 -0.01030000 0.03668000
v 0.03241800 -0.01030000 0.03668000
v 0.03241800 -0.01030000 0.03668000
v 0.03241800 -0.01030000 0.03668000
v 0.03156500 -0.01030000 0.04034900
v 0.03156500 -0.01030000 0.04034900
v 0.03206700 -0.01030000 0.04026600
v 0.03206700 -0.01030000 0.04026600
v 0.03222700 -0.01014700 0.04047900
v 0.03253100 -0.01030000 0.04005500
v 0.03253100 -0.01030000 0.04005500
v 0.03253100 -0.01030000 0.04005500
v 0.03253100 -0.01030000 0.04005500
v 0.03292400 -0.01030000 0.03973200
v 0.03292400 -0.01030000 0.03973200
v 0.03292400 -0.01030000 0.03973200
v 0.03322000 -0.01030000 0.03931800
v 0.03322000 -0.01030000 0.03931800
v 0.03339900 -0.01030000 0.03884200
v 0.03339900 -0.01030000 0.03884200
v 0.03363200 -0.01014700 0.03784700
v 0.03344900 -0.01030000 0.03833500
v 0.03344900 -0.01030000 0.03833500
v 0.03344900 -0.01030000 0.03833500
v 0.03344900 -0.01030000 0.03833500
v 0.03330900 -0.01030000 0.03767300
v 0.03009600 -0.00948300 0.04102900
v 0.03058200 -0.01030000 0.04012000
v 0.03058200 -0.01030000 0.04012000
v 0.03058200 -0.01030000 0.04012000
v 0.03105800 -0.01030000 0.04029900
v 0.03105800 -0.01030000 0.04029900
v 0.03089400 -0.01030000 0.03679200
v 0.03089400 -0.01030000 0.03679200
v 0.03075800 -0.01030000 0.03670900
v 0.03075800 -0.01030000 0.03670900
v 0.03109800 -0.01030000 0.03649200
v 0.03060000 -0.01030000 0.03669600
v 0.03060000 -0.01030000 0.03669600
v 0.03046900 -0.01030000 0.03674500
v 0.03046900 -0.01030000 0.03674500
v 0.03212200 -0.01030000 0.03666600
v 0.03212200 -0.01030000 0.03666600
v 0.03177500 -0.01030000 0.03646900
v 0.03177500 -0.01030000 0.03646900
v 0.03177500 -0.01030000 0.03646900
v 0.03227200 -0.01030000 0.03664000
v 0.03227200 -0.01030000 0.03664000
v 0.03227200 -0.01030000 0.03664000
v 0.03115100 -0.01030000 0.03695900
v 0.03115100 -0.01030000 0.03695900
v 0.03145400 -0.01030000 0.03701100
v 0.03145400 -0.01030000 0.03701100
v 0.03175200 -0.01030000 0.03693900
v 0.03175200 -0.01030000 0.03693900
v 0.03199800 -0.01030000 0.03675500
v 0.03199800 -0.01030000 0.03675500
v 0.02955100 -0.01030000 0.03844400
v 0.02955100 -0.01030000 0.03844400
v 0.02955100 -0.01030000 0.03846500
v 0.02955100 -0.01030000 0.03846500
v 0.02955100 -0.01030000 0.03846500
v 0.02955000 -0.01030000 0.03838000
v 0.02955000 -0.01030000 0.03838000
v 0.02955300 -0.01030000 0.03829500
v 0.02955300 -0.01030000 0.03829500
v 0.02956900 -0.01030000 0.03812500
v 0.02956900 -0.01030000 0.03812500
v 0.02968000 -0.01030000 0.03818400
v 0.02968000 -0.01030000 0.03818400
v 0.03043700 -0.01030000 0.03676800
v 0.03043700 -0.01030000 0.03676800
v 0.03043700 -0.01030000 0.03676800
v 0.03039800 -0.01030000 0.03679100
v 0.03039800 -0.01030000 0.03679100
v 0.03039800 -0.01030000 0.03679100
v 0.03045200 -0.01030000 0.03675600
v 0.03045200 -0.01030000 0.03675600
v 0.02955200 -0.01030000 0.03842400
v 0.02980400 -0.01030000 0.03812100
v 0.02980400 -0.01030000 0.03812100
v 0.02964600 -0.01030000 0.03779400
v 0.02964600 -0.01030000 0.03779400
v 0.03007800 -0.01030000 0.03798100
v 0.03007800 -0.01030000 0.03798100
v 0.02978000 -0.01030000 0.03748200
v 0.02978000 -0.01030000 0.03748200
v 0.03027400 -0.01030000 0.03774500
v 0.03027400 -0.01030000 0.03774500
v 0.03042100 -0.01030000 0.03678100
v 0.03042100 -0.01030000 0.03678100
v 0.03042100 -0.01030000 0.03678100
v 0.03039300 -0.01030000 0.03680900
v 0.03039300 -0.01030000 0.03680900
v 0.03032900 -0.01030000 0.03684100
v 0.03032900 -0.01030000 0.03684100
v 0.03034700 -0.01030000 0.03687500
v 0.03034700 -0.01030000 0.03687500
v 0.03019800 -0.01030000 0.03694900
v 0.03019800 -0.01030000 0.03694900
v 0.03030800 -0.01030000 0.03700800
v 0.03030800 -0.01030000 0.03700800
v 0.02996500 -0.01030000 0.03719700
v 0.02996500 -0.01030000 0.03719700
v 0.03032400 -0.01030000 0.03714600
v 0.03032400 -0.01030000 0.03714600
v 0.03036100 -0.01030000 0.03745100
v 0.03036100 -0.01030000 0.03745100
v 0.02959200 -0.01030000 0.03829100
v 0.02959200 -0.01030000 0.03829100
v 0.02956200 -0.01030000 0.03836500
v 0.02956200 -0.01030000 0.03836500
v 0.02955400 -0.01030000 0.03840500
v 0.02958400 -0.01030000 0.03860000
v 0.02958400 -0.01030000 0.03860000
v 0.02963400 -0.01030000 0.03896700
v 0.02963400 -0.01030000 0.03896700
v 0.02962600 -0.01030000 0.03866800
v 0.02962600 -0.01030000 0.03866800
v 0.02968200 -0.01030000 0.03872400
v 0.02968200 -0.01030000 0.03872400
v 0.03040500 -0.01030000 0.03988100
v 0.03040500 -0.01030000 0.03988100
v 0.03042800 -0.01030000 0.03995400
v 0.03042800 -0.01030000 0.03995400
v 0.03016800 -0.01030000 0.03982400
v 0.03016800 -0.01030000 0.03982400
v 0.03046600 -0.01030000 0.04002100
v 0.03046600 -0.01030000 0.04002100
v 0.02982600 -0.01030000 0.03879100
v 0.02982600 -0.01030000 0.03879100
v 0.03010800 -0.01030000 0.03891200
v 0.03010800 -0.01030000 0.03891200
v 0.02984500 -0.01030000 0.03943000
v 0.02984500 -0.01030000 0.03943000
v 0.03032000 -0.01030000 0.03913500
v 0.03032000 -0.01030000 0.03913500
v 0.03042600 -0.01030000 0.03942300
v 0.03042600 -0.01030000 0.03942300
v 0.03041000 -0.01030000 0.03972900
v 0.03041000 -0.01030000 0.03972900
v 0.03072800 -0.01030000 0.04016000
v 0.03072800 -0.01030000 0.04016000
v 0.03080500 -0.01030000 0.04015500
v 0.03080500 -0.01030000 0.04015500
v 0.03087800 -0.01030000 0.04013400
v 0.03087800 -0.01030000 0.04013400
v 0.03223500 -0.01030000 0.04008900
v 0.03223500 -0.01030000 0.04008900
v 0.03231000 -0.01030000 0.04010500
v 0.03231000 -0.01030000 0.04010500
v 0.03238700 -0.01030000 0.04010500
v 0.03238700 -0.01030000 0.04010500
v 0.03100200 -0.01030000 0.04004500
v 0.03100200 -0.01030000 0.04004500
v 0.03124800 -0.01030000 0.03986100
v 0.03124800 -0.01030000 0.03986100
v 0.03154600 -0.01030000 0.03978900
v 0.03154600 -0.01030000 0.03978900
v 0.03184900 -0.01030000 0.03984100
v 0.03184900 -0.01030000 0.03984100
v 0.03210600 -0.01030000 0.04000800
v 0.03210600 -0.01030000 0.04000800
v 0.03263900 -0.01030000 0.03994800
v 0.03263900 -0.01030000 0.03994800
v 0.03263900 -0.01030000 0.03994800
v 0.03267300 -0.01030000 0.03988000
v 0.03267300 -0.01030000 0.03988000
v 0.03269000 -0.01030000 0.03980500
v 0.03269000 -0.01030000 0.03980500
v 0.03333000 -0.01030000 0.03860700
v 0.03333000 -0.01030000 0.03860700
v 0.03338200 -0.01030000 0.03855100
v 0.03338200 -0.01030000 0.03855100
v 0.03342000 -0.01030000 0.03848500
v 0.03342000 -0.01030000 0.03848500
v 0.03267500 -0.01030000 0.03965400
v 0.03267500 -0.01030000 0.03965400
v 0.03263900 -0.01030000 0.03934900
v 0.03263900 -0.01030000 0.03934900
v 0.03272600 -0.01030000 0.03905500
v 0.03272600 -0.01030000 0.03905500
v 0.03292200 -0.01030000 0.03881900
v 0.03292200 -0.01030000 0.03881900
v 0.03319600 -0.01030000 0.03867900
v 0.03319600 -0.01030000 0.03867900
v 0.03341000 -0.01030000 0.03818800
v 0.03341000 -0.01030000 0.03818800
v 0.03331200 -0.01030000 0.03807200
v 0.03331200 -0.01030000 0.03807200
v 0.03317400 -0.01030000 0.03800900
v 0.03317400 -0.01030000 0.03800900
v 0.03259000 -0.01030000 0.03707100
v 0.03259000 -0.01030000 0.03707100
v 0.03259500 -0.01030000 0.03691900
v 0.03259500 -0.01030000 0.03691900
v 0.03253300 -0.01030000 0.03677900
v 0.03253300 -0.01030000 0.03677900
v 0.03253300 -0.01030000 0.03677900
v 0.03289200 -0.01030000 0.03788800
v 0.03289200 -0.01030000 0.03788800
v 0.03268000 -0.01030000 0.03766500
v 0.03268000 -0.01030000 0.03766500
v 0.03268000 -0.01030000 0.03766500
v 0.03257400 -0.01030000 0.03737700
v 0.03257400 -0.01030000 0.03737700
v 0.03032400 -0.00950000 0.03714600
v 0.03032400 -0.00950000 0.03714600
v 0.03030800 -0.00950000 0.03700800
v 0.03030800 -0.00950000 0.03700800
v 0.03034700 -0.00950000 0.03687500
v 0.03034700 -0.00950000 0.03687500
v 0.03199800 -0.00950000 0.03675500
v 0.03199800 -0.00950000 0.03675500
v 0.03212200 -0.00950000 0.03666600
v 0.03212200 -0.00950000 0.03666600
v 0.03227200 -0.00950000 0.03664000
v 0.03227200 -0.00950000 0.03664000
v 0.03241800 -0.00950000 0.03668000
v 0.03241800 -0.00950000 0.03668000
v 0.03253300 -0.00950000 0.03677900
v 0.03253300 -0.00950000 0.03677900
v 0.03259500 -0.00950000 0.03691900
v 0.03259500 -0.00950000 0.03691900
v 0.03259000 -0.00950000 0.03707100
v 0.03259000 -0.00950000 0.03707100
v 0.03089400 -0.00950000 0.03679200
v 0.03089400 -0.00950000 0.03679200
v 0.03115100 -0.00950000 0.03695900
v 0.03115100 -0.00950000 0.03695900
v 0.03145400 -0.00950000 0.03701100
v 0.03145400 -0.00950000 0.03701100
v 0.03175200 -0.00950000 0.03693900
v 0.03175200 -0.00950000 0.03693900
v 0.02980400 -0.00950000 0.03812100
v 0.02980400 -0.00950000 0.03812100
v 0.03007800 -0.00950000 0.03798100
v 0.03007800 -0.00950000 0.03798100
v 0.03027400 -0.00950000 0.03774500
v 0.03027400 -0.00950000 0.03774500
v 0.03036100 -0.00950000 0.03745100
v 0.03036100 -0.00950000 0.03745100
v 0.02968200 -0.00950000 0.03872400
v 0.02968200 -0.00950000 0.03872400
v 0.02982600 -0.00950000 0.03879100
v 0.02982600 -0.00950000 0.03879100
v 0.02958400 -0.00950000 0.03860000
v 0.02958400 -0.00950000 0.03860000
v 0.02955100 -0.00950000 0.03844400
v 0.02955100 -0.00950000 0.03844400
v 0.02959200 -0.00950000 0.03829100
v 0.02959200 -0.00950000 0.03829100
v 0.03041000 -0.00950000 0.03972900
v 0.03041000 -0.00950000 0.03972900
v 0.03042600 -0.00950000 0.03942300
v 0.03042600 -0.00950000 0.03942300
v 0.03032000 -0.00950000 0.03913500
v 0.03032000 -0.00950000 0.03913500
v 0.03010800 -0.00950000 0.03891200
v 0.03010800 -0.00950000 0.03891200
v 0.03087800 -0.00950000 0.04013400
v 0.03087800 -0.00950000 0.04013400
v 0.03100200 -0.00950000 0.04004500
v 0.03100200 -0.00950000 0.04004500
v 0.03072800 -0.00950000 0.04016000
v 0.03072800 -0.00950000 0.04016000
v 0.03058200 -0.00950000 0.04012000
v 0.03058200 -0.00950000 0.04012000
v 0.03046600 -0.00950000 0.04002100
v 0.03046600 -0.00950000 0.04002100
v 0.03040500 -0.00950000 0.03988100
v 0.03040500 -0.00950000 0.03988100
v 0.03210600 -0.00950000 0.04000800
v 0.03210600 -0.00950000 0.04000800
v 0.03184900 -0.00950000 0.03984100
v 0.03184900 -0.00950000 0.03984100
v 0.03154600 -0.00950000 0.03978900
v 0.03154600 -0.00950000 0.03978900
v 0.03124800 -0.00950000 0.03986100
v 0.03124800 -0.00950000 0.03986100
v 0.03269000 -0.00950000 0.03980500
v 0.03269000 -0.00950000 0.03980500
v 0.03267500 -0.00950000 0.03965400
v 0.03267500 -0.00950000 0.03965400
v 0.03263900 -0.00950000 0.03994800
v 0.03263900 -0.00950000 0.03994800
v 0.03253100 -0.00950000 0.04005500
v 0.03253100 -0.00950000 0.04005500
v 0.03238700 -0.00950000 0.04010500
v 0.03238700 -0.00950000 0.04010500
v 0.03223500 -0.00950000 0.04008900
v 0.03223500 -0.00950000 0.04008900
v 0.03319600 -0.00950000 0.03867900
v 0.03319600 -0.00950000 0.03867900
v 0.03292200 -0.00950000 0.03881900
v 0.03292200 -0.00950000 0.03881900
v 0.03272600 -0.00950000 0.03905500
v 0.03272600 -0.00950000 0.03905500
v 0.03317400 -0.00950000 0.03800900
v 0.03317400 -0.00950000 0.03800900
v 0.03331200 -0.00950000 0.03807200
v 0.03331200 -0.00950000 0.03807200
v 0.03341000 -0.00950000 0.03818800
v 0.03341000 -0.00950000 0.03818800
v 0.03344900 -0.00950000 0.03833500
v 0.03344900 -0.00950000 0.03833500
v 0.03342000 -0.00950000 0.03848500
v 0.03342000 -0.00950000 0.03848500
v 0.03333000 -0.00950000 0.03860700
v 0.03333000 -0.00950000 0.03860700
v 0.03257400 -0.00950000 0.03737700
v 0.03257400 -0.00950000 0.03737700
v 0.03257400 -0.00950000 0.03737700
v 0.03268000 -0.00950000 0.03766500
v 0.03268000 -0.00950000 0.03766500
v 0.03289200 -0.00950000 0.03788800
v 0.03289200 -0.00950000 0.03788800
v 0.03263900 -0.00950000 0.03934900
v 0.03263900 -0.00950000 0.03934900
v 0.02968000 -0.00950000 0.03818400
v 0.02968000 -0.00950000 0.03818400
v 0.03060000 -0.00950000 0.03669600
v 0.03060000 -0.00950000 0.03669600
v 0.03075800 -0.00950000 0.03670900
v 0.03075800 -0.00950000 0.03670900
v 0.03045200 -0.00950000 0.03675600
v 0.03045200 -0.00950000 0.03675600
v 0.03045200 -0.00950000 0.03675600
v 0.01061900 0.01100000 0.05009500
v 0.01063700 0.01100000 0.05011400
v 0.01065600 0.01100000 0.05012000
v 0.01263500 0.01100000 0.05011300
v 0.01264800 0.01100000 0.05010100
v 0.01268200 0.01100000 0.05003200
v -0.01550000 0.00000000 0.08600000
v 0.01550000 0.00000000 0.08600000
v -0.01175600 0.01098000 0.04489200
v -0.01173800 0.01098000 0.04490500
v -0.01171700 0.01098000 0.04494800
v -0.01169000 0.01098000 0.04515300
v -0.01167400 0.01098000 0.04661600
v -0.01167400 0.01098000 0.04705600
v -0.01175600 0.01098000 0.04485200
v -0.01125800 0.01098000 0.04483100
v -0.01153500 0.01098000 0.04484100
v -0.01061600 0.01098000 0.04481700
v -0.01094200 0.01098000 0.04482200
v -0.00959300 0.01098000 0.04494700
v -0.01007100 0.01098000 0.04484600
v -0.00858900 0.01098000 0.04638700
v -0.00873800 0.01098000 0.04567700
v -0.00912100 0.01098000 0.04519800
v -0.00916300 0.01098000 0.04760800
v -0.00878400 0.01098000 0.04716900
v -0.00955800 0.01098000 0.04784700
v -0.00936600 0.01098000 0.04775100
v -0.00955800 0.01098000 0.04786100
v -0.00832300 0.01098000 0.04958000
v -0.00928900 0.01098000 0.04824000
v -0.00788000 0.01098000 0.05012000
v -0.00806200 0.01098000 0.04992300
v -0.00832000 0.01098000 0.04958500
v -0.00788000 0.01098000 0.05016100
v -0.00890300 0.01098000 0.05016100
v -0.00912200 0.01098000 0.05013300
v -0.00901000 0.01098000 0.05015500
v -0.01052100 0.01098000 0.04805200
v -0.00976700 0.01098000 0.04916700
v -0.01070500 0.01098000 0.04805200
v -0.01070500 0.01098000 0.04832500
v -0.01062300 0.01098000 0.05012000
v -0.01062300 0.01098000 0.05012000
v -0.01064100 0.01098000 0.05010300
v -0.01064100 0.01098000 0.05010300
v -0.01067000 0.01098000 0.05001400
v -0.01070300 0.01098000 0.04915900
v -0.01062300 0.01098000 0.05016100
v -0.01175600 0.01098000 0.05016100
v -0.01175600 0.01098000 0.05016100
v -0.01175600 0.01098000 0.05012000
v -0.01167400 0.01098000 0.04780600
v -0.01168400 0.01098000 0.04969200
v -0.01170900 0.01098000 0.05002400
v -0.01173200 0.01098000 0.05009700
v -0.01175200 0.01098000 0.05011700
v -0.00972400 0.01098000 0.04692200
v -0.00998800 0.01098000 0.04717800
v -0.01022700 0.01098000 0.04727700
v -0.00969800 0.01098000 0.04603500
v -0.00959900 0.01098000 0.04644800
v -0.01050700 0.01098000 0.04731500
v -0.01061100 0.01098000 0.04731400
v -0.01070500 0.01098000 0.04730800
v -0.01070500 0.01098000 0.04568400
v -0.00960200 0.01098000 0.04652200
v -0.00971700 0.01098000 0.04691100
v -0.00959900 0.01098000 0.04645500
v -0.00991100 0.01098000 0.04580700
v -0.01023900 0.01098000 0.04568500
v -0.01043200 0.01098000 0.04567000
v -0.01058900 0.01098000 0.04567500
v -0.01929200 0.01098000 0.04994800
v -0.01956700 0.01098000 0.04996300
v -0.01971500 0.01098000 0.05006100
v -0.01983900 0.01098000 0.05029500
v -0.01985200 0.01098000 0.05034600
v -0.01646400 0.01098000 0.05038500
v -0.01724400 0.01098000 0.05026100
v -0.01563400 0.01098000 0.05092600
v -0.01574700 0.01098000 0.05069700
v -0.01600700 0.01098000 0.05051300
v -0.01533500 0.01098000 0.05222400
v -0.01551000 0.01098000 0.05146800
v -0.01562200 0.01098000 0.05276300
v -0.01543700 0.01098000 0.05269000
v -0.01535200 0.01098000 0.05259200
v -0.01531200 0.01098000 0.05244300
v -0.01960300 0.01098000 0.05344900
v -0.01960300 0.01098000 0.05344900
v -0.01782000 0.01098000 0.05314400
v -0.02032400 0.01098000 0.05280700
v -0.02032400 0.01098000 0.05280700
v -0.02031500 0.01098000 0.05312300
v -0.02022500 0.01098000 0.05327300
v -0.02002600 0.01098000 0.05339900
v -0.01961200 0.01098000 0.05345100
v -0.01961200 0.01098000 0.05345100
v -0.02013300 0.01098000 0.05181500
v -0.00507500 0.01098000 0.05024900
v -0.00372100 0.01098000 0.04992200
v -0.00277000 0.01098000 0.04907500
v -0.00230600 0.01098000 0.04783600
v -0.00228400 0.01098000 0.04747200
v -0.00784500 0.01098000 0.04752000
v -0.00753500 0.01098000 0.04879200
v -0.00668200 0.01098000 0.04975500
v -0.00544800 0.01098000 0.05022600
v -0.00500700 0.01098000 0.04477000
v -0.00641900 0.01098000 0.04511100
v -0.00737900 0.01098000 0.04596800
v -0.00782500 0.01098000 0.04717500
v -0.00228400 0.01098000 0.04746500
v -0.00260100 0.01098000 0.04615300
v -0.00341500 0.01098000 0.04524300
v -0.00464000 0.01098000 0.04479100
v -0.00334900 0.01098000 0.04749900
v -0.00334900 0.01098000 0.04749200
v -0.00350900 0.01098000 0.04671000
v -0.00401900 0.01098000 0.04604300
v -0.00471000 0.01098000 0.04572400
v -0.00504800 0.01098000 0.04569100
v -0.00579100 0.01098000 0.04585000
v -0.00640700 0.01098000 0.04634700
v -0.00674400 0.01098000 0.04711400
v -0.00678100 0.01098000 0.04750600
v -0.00662000 0.01098000 0.04829300
v -0.00611200 0.01098000 0.04895500
v -0.00532400 0.01098000 0.04929400
v -0.00504800 0.01098000 0.04931400
v -0.00431600 0.01098000 0.04915600
v -0.00371900 0.01098000 0.04866700
v -0.00338900 0.01098000 0.04791700
v 0.00097800 0.01098000 0.04986700
v 0.00146800 0.01098000 0.04938900
v 0.00149400 0.01098000 0.04934500
v 0.00167400 0.01098000 0.04865900
v -0.00057100 0.01098000 0.05017400
v 0.00036800 0.01098000 0.05009700
v -0.00114400 0.01098000 0.05016100
v -0.00085200 0.01098000 0.05017000
v -0.00158100 0.01098000 0.05014000
v -0.00133100 0.01098000 0.05015300
v -0.00158100 0.01098000 0.05009900
v -0.00149200 0.01098000 0.04780600
v -0.00150300 0.01098000 0.04968200
v -0.00152700 0.01098000 0.04999700
v -0.00153500 0.01098000 0.05003100
v -0.00155700 0.01098000 0.05008200
v -0.00157500 0.01098000 0.05009700
v -0.00149200 0.01098000 0.04705600
v -0.00157400 0.01098000 0.04489900
v -0.00154800 0.01098000 0.04492900
v -0.00151100 0.01098000 0.04512800
v -0.00149200 0.01098000 0.04647200
v -0.00157400 0.01098000 0.04485800
v -0.00111600 0.01098000 0.04483800
v -0.00135800 0.01098000 0.04484600
v -0.00039300 0.01098000 0.04482400
v -0.00077000 0.01098000 0.04482600
v 0.00052100 0.01098000 0.04494700
v 0.00008700 0.01098000 0.04485500
v 0.00145600 0.01098000 0.04623700
v 0.00131100 0.01098000 0.04558800
v 0.00095700 0.01098000 0.04517000
v 0.00061700 0.01098000 0.04737000
v 0.00106800 0.01098000 0.04712700
v 0.00138000 0.01098000 0.04666600
v 0.00061700 0.01098000 0.04738300
v 0.00167400 0.01098000 0.04865200
v 0.00153000 0.01098000 0.04804700
v 0.00114600 0.01098000 0.04760700
v 0.00037500 0.01098000 0.04666500
v 0.00037500 0.01098000 0.04666500
v 0.00029500 0.01098000 0.04677400
v 0.00029500 0.01098000 0.04677400
v -0.00029100 0.01098000 0.04782000
v -0.00029100 0.01098000 0.04782000
v 0.00000900 0.01098000 0.04696000
v -0.00053600 0.01098000 0.04567700
v -0.00053600 0.01098000 0.04700800
v -0.00007700 0.01098000 0.04783800
v 0.00046000 0.01098000 0.04632500
v 0.00046000 0.01098000 0.04633200
v 0.00038000 0.01098000 0.04598600
v 0.00019600 0.01098000 0.04578700
v -0.00014300 0.01098000 0.04567000
v -0.00026300 0.01098000 0.04566400
v -0.00041000 0.01098000 0.04566800
v 0.00013200 0.01098000 0.04788100
v 0.00033900 0.01098000 0.04798600
v 0.00056200 0.01098000 0.04823500
v -0.00053600 0.01098000 0.04783400
v -0.00053600 0.01098000 0.04924600
v -0.00053400 0.01098000 0.04928000
v -0.00052900 0.01098000 0.04928700
v -0.00017600 0.01098000 0.04700300
v -0.00035200 0.01098000 0.04701500
v -0.00041400 0.01098000 0.04782400
v -0.00044200 0.01098000 0.04701400
v 0.00063700 0.01098000 0.04855000
v 0.00063700 0.01098000 0.04855700
v 0.00062500 0.01098000 0.04869300
v 0.00049500 0.01098000 0.04898600
v 0.00021400 0.01098000 0.04920500
v -0.00001700 0.01098000 0.04928200
v -0.00026300 0.01098000 0.04930800
v -0.00039200 0.01098000 0.04930600
v -0.00051600 0.01098000 0.04929400
v 0.00500500 0.01098000 0.05024900
v 0.00635900 0.01098000 0.04992200
v 0.00731000 0.01098000 0.04907500
v 0.00777400 0.01098000 0.04783600
v 0.00779600 0.01098000 0.04747200
v 0.00463200 0.01098000 0.05022600
v 0.00339800 0.01098000 0.04975500
v 0.00254500 0.01098000 0.04879200
v 0.00223500 0.01098000 0.04752000
v 0.00507300 0.01098000 0.04477000
v 0.00366100 0.01098000 0.04511100
v 0.00270100 0.01098000 0.04596700
v 0.00225500 0.01098000 0.04717500
v 0.00779600 0.01098000 0.04746500
v 0.00747900 0.01098000 0.04615300
v 0.00666500 0.01098000 0.04524300
v 0.00544000 0.01098000 0.04479100
v 0.00673100 0.01098000 0.04749900
v 0.00673100 0.01098000 0.04749200
v 0.00657100 0.01098000 0.04671000
v 0.00606100 0.01098000 0.04604300
v 0.00537000 0.01098000 0.04572400
v 0.00503200 0.01098000 0.04569100
v 0.00428900 0.01098000 0.04585000
v 0.00367300 0.01098000 0.04634700
v 0.00333500 0.01098000 0.04711400
v 0.00329900 0.01098000 0.04750600
v 0.00346000 0.01098000 0.04829300
v 0.00396800 0.01098000 0.04895500
v 0.00475600 0.01098000 0.04929400
v 0.00503200 0.01098000 0.04931400
v 0.00576400 0.01098000 0.04915600
v 0.00636100 0.01098000 0.04866700
v 0.00669100 0.01098000 0.04791700
v 0.00809700 0.01098000 0.04580000
v 0.00819700 0.01098000 0.04573700
v 0.00844800 0.01098000 0.04569400
v 0.00856100 0.01098000 0.04569100
v 0.00804200 0.01098000 0.04580000
v 0.00804200 0.01098000 0.04483800
v 0.01204800 0.01098000 0.04483800
v 0.01204800 0.01098000 0.04580000
v 0.01153600 0.01098000 0.04569100
v 0.01181700 0.01098000 0.04571500
v 0.01198500 0.01098000 0.04578700
v 0.01055300 0.01098000 0.04569100
v 0.01055300 0.01098000 0.04780600
v 0.01065600 0.01098000 0.05012000
v 0.01063700 0.01098000 0.05011400
v 0.01063700 0.01098000 0.05011400
v 0.01061900 0.01098000 0.05009500
v 0.01061900 0.01098000 0.05009500
v 0.01058600 0.01098000 0.04997600
v 0.01055400 0.01098000 0.04873800
v 0.01065600 0.01098000 0.05016100
v 0.00944100 0.01098000 0.05016100
v 0.00944100 0.01098000 0.05016100
v 0.00944100 0.01098000 0.05012000
v 0.00953700 0.01098000 0.04780600
v 0.00952500 0.01098000 0.04968700
v 0.00949400 0.01098000 0.05002500
v 0.00946500 0.01098000 0.05009800
v 0.00953700 0.01098000 0.04569100
v 0.01385000 0.01098000 0.05012000
v 0.01381200 0.01098000 0.05006400
v 0.01376700 0.01098000 0.04969900
v 0.01375400 0.01098000 0.04787500
v 0.01375400 0.01098000 0.04780600
v 0.01385000 0.01098000 0.05016100
v 0.01263500 0.01098000 0.05016100
v 0.01263500 0.01098000 0.05011300
v 0.01273100 0.01098000 0.04781300
v 0.01271900 0.01098000 0.04967700
v 0.01268200 0.01098000 0.05003200
v 0.01264800 0.01098000 0.05010100
v 0.01273100 0.01098000 0.04705600
v 0.01264200 0.01098000 0.04488600
v 0.01267100 0.01098000 0.04492300
v 0.01271400 0.01098000 0.04518900
v 0.01273000 0.01098000 0.04669400
v 0.01264200 0.01098000 0.04483800
v 0.01384300 0.01098000 0.04483800
v 0.01375400 0.01098000 0.04705600
v 0.01376500 0.01098000 0.04530000
v 0.01379800 0.01098000 0.04496400
v 0.01382900 0.01098000 0.04489800
v 0.01965000 0.01098000 0.04894600
v 0.01996400 0.01098000 0.04835000
v 0.02011400 0.01098000 0.04747900
v 0.01880400 0.01098000 0.04975100
v 0.01930400 0.01098000 0.04937400
v 0.01880400 0.01098000 0.04977200
v 0.01948000 0.01098000 0.05007200
v 0.01912100 0.01098000 0.04992200
v 0.02006600 0.01098000 0.05028300
v 0.01976300 0.01098000 0.05018300
v 0.02030500 0.01098000 0.05033800
v 0.02019900 0.01098000 0.05032100
v 0.02033900 0.01098000 0.05036500
v 0.01971800 0.01098000 0.05102700
v 0.02002600 0.01098000 0.05070700
v 0.01964300 0.01098000 0.05102700
v 0.01968300 0.01098000 0.05103700
v 0.01876300 0.01098000 0.05062500
v 0.01921900 0.01098000 0.05084600
v 0.01796500 0.01098000 0.05018100
v 0.01833300 0.01098000 0.05039500
v 0.01767100 0.01098000 0.05023600
v 0.01783100 0.01098000 0.05021100
v 0.01732300 0.01098000 0.05025600
v 0.01749700 0.01098000 0.05025100
v 0.01453900 0.01098000 0.04753300
v 0.01484800 0.01098000 0.04879600
v 0.01570000 0.01098000 0.04975900
v 0.01694500 0.01098000 0.05023200
v 0.01740500 0.01098000 0.04477000
v 0.01597600 0.01098000 0.04511500
v 0.01500600 0.01098000 0.04598000
v 0.01455900 0.01098000 0.04718900
v 0.02011400 0.01098000 0.04747200
v 0.01979600 0.01098000 0.04615500
v 0.01897900 0.01098000 0.04524000
v 0.01775600 0.01098000 0.04479000
v 0.01733700 0.01098000 0.04932800
v 0.01807100 0.01098000 0.04916900
v 0.01867400 0.01098000 0.04867800
v 0.01900700 0.01098000 0.04792600
v 0.01905000 0.01098000 0.04749900
v 0.01905000 0.01098000 0.04749200
v 0.01888900 0.01098000 0.04670900
v 0.01837700 0.01098000 0.04603900
v 0.01768000 0.01098000 0.04571800
v 0.01733700 0.01098000 0.04568400
v 0.01660200 0.01098000 0.04584300
v 0.01598000 0.01098000 0.04634600
v 0.01563900 0.01098000 0.04712200
v 0.01560400 0.01098000 0.04750600
v 0.01576400 0.01098000 0.04828900
v 0.01628400 0.01098000 0.04896800
v 0.01699000 0.01098000 0.04929400
v -0.01377400 0.01098000 0.04706800
v -0.01385400 0.01098000 0.04689800
v -0.01398100 0.01098000 0.04679600
v -0.01421900 0.01098000 0.04674900
v -0.01435400 0.01098000 0.04676200
v -0.01319000 0.01098000 0.04947300
v -0.01354500 0.01098000 0.04800600
v -0.01389500 0.01098000 0.05023300
v -0.01349200 0.01098000 0.05014500
v -0.01326900 0.01098000 0.04997800
v -0.01317500 0.01098000 0.04977100
v -0.01786000 0.01098000 0.04963300
v -0.01572600 0.01098000 0.04997300
v -0.01820900 0.01098000 0.04910600
v -0.01822800 0.01098000 0.04933600
v -0.01818100 0.01098000 0.04946200
v -0.01806600 0.01098000 0.04956500
v -0.01796700 0.01098000 0.04779700
v -0.01807500 0.01098000 0.04834000
v -0.01738500 0.01098000 0.04730000
v -0.01772200 0.01098000 0.04741400
v -0.01790000 0.01098000 0.04760900
v -0.01655500 0.01098000 0.04714900
v -0.01806400 0.01098000 0.04343500
v -0.01833900 0.01098000 0.04345100
v -0.01848600 0.01098000 0.04355000
v -0.01860900 0.01098000 0.04378400
v -0.01862200 0.01098000 0.04383500
v -0.01506900 0.01098000 0.04398300
v -0.01588900 0.01098000 0.04382800
v -0.01447200 0.01098000 0.04440800
v -0.01457300 0.01098000 0.04422000
v -0.01480400 0.01098000 0.04406300
v -0.01415200 0.01098000 0.04570000
v -0.01433700 0.01098000 0.04494500
v -0.01443800 0.01098000 0.04624000
v -0.01424000 0.01098000 0.04616200
v -0.01415400 0.01098000 0.04606500
v -0.01411800 0.01098000 0.04592200
v -0.01836500 0.01098000 0.04693800
v -0.01659900 0.01098000 0.04662800
v -0.01908700 0.01098000 0.04629700
v -0.01907700 0.01098000 0.04661100
v -0.01898400 0.01098000 0.04676300
v -0.01878100 0.01098000 0.04688800
v -0.01889900 0.01098000 0.04530500
v -0.01207900 0.01200000 0.06278500
v -0.01207900 0.01200000 0.06278500
v -0.01147900 0.01200000 0.06229200
v -0.01147900 0.01200000 0.06229200
v -0.01147900 0.01200000 0.06229200
v -0.01120700 0.01200000 0.06156500
v -0.01120700 0.01200000 0.06156500
v -0.01133500 0.01200000 0.06079900
v -0.01182800 0.01200000 0.06019900
v -0.01244400 0.01200000 0.05994200
v -0.01311000 0.01200000 0.05997700
v -0.01369600 0.01200000 0.06029800
v -0.01408400 0.01200000 0.06084100
v -0.01419800 0.01200000 0.06149900
v -0.01401500 0.01200000 0.06214100
v -0.01357200 0.01200000 0.06264000
v -0.01284500 0.01200000 0.06291300
v -0.01028300 0.01742500 0.06101800
v -0.01047000 0.01742500 0.06040600
v -0.01164900 0.01742500 0.06094200
v -0.01164900 0.01742500 0.06094200
v -0.01164900 0.01742500 0.06094200
v -0.01496000 0.01742500 0.06047500
v -0.01514700 0.01742500 0.06154900
v -0.01364000 0.01742500 0.06074900
v -0.01364000 0.01742500 0.06074900
v -0.01364000 0.01742500 0.06074900
v -0.01375100 0.01742500 0.06189800
v -0.01375100 0.01742500 0.06189800
v -0.01375100 0.01742500 0.06189800
v -0.01375100 0.01742500 0.06189800
v -0.01356000 0.01742500 0.06371400
v -0.01281200 0.01742500 0.06256900
v -0.01281200 0.01742500 0.06256900
v -0.01281200 0.01742500 0.06256900
v -0.01281200 0.01742500 0.06256900
v -0.01412400 0.01742500 0.06341300
v -0.01484800 0.01742500 0.06259800
v -0.01432700 0.01742500 0.05958800
v -0.01258800 0.01742500 0.06027100
v -0.01258800 0.01742500 0.06027100
v -0.01258800 0.01742500 0.06027100
v -0.01337000 0.01742500 0.05906300
v -0.01080800 0.01742500 0.05986300
v -0.01127600 0.01742500 0.05942700
v -0.01228200 0.01742500 0.05900600
v -0.01114300 0.01742500 0.06331200
v -0.01070700 0.01742500 0.06284400
v -0.01176000 0.01742500 0.06209100
v -0.01176000 0.01742500 0.06209100
v -0.01176000 0.01742500 0.06209100
v -0.01176000 0.01742500 0.06209100
v -0.01040600 0.01742500 0.06228000
v -0.01026100 0.01742500 0.06165700
v -0.01293700 0.01742500 0.06385900
v -0.01229800 0.01742500 0.06383700
v -0.01168600 0.01742500 0.06365000
v -0.01110100 0.01542500 0.05918200
v -0.01110100 0.01542500 0.05918200
v -0.01110100 0.01712500 0.05918200
v -0.01057700 0.01712500 0.05967200
v -0.01019700 0.01542500 0.06028200
v -0.01019700 0.01542500 0.06028200
v -0.01019700 0.01712500 0.06028200
v -0.00998700 0.01712500 0.06096800
v -0.00996300 0.01542500 0.06168600
v -0.00996300 0.01542500 0.06168600
v -0.00996300 0.01712500 0.06168600
v -0.01012500 0.01712500 0.06238500
v -0.01046200 0.01542500 0.06301900
v -0.01046200 0.01542500 0.06301900
v -0.01046200 0.01712500 0.06301900
v -0.01095200 0.01712500 0.06354300
v -0.01156200 0.01542500 0.06392300
v -0.01156200 0.01542500 0.06392300
v -0.01156200 0.01712500 0.06392300
v -0.01224800 0.01712500 0.06413300
v -0.01296600 0.01542500 0.06415700
v -0.01296600 0.01542500 0.06415700
v -0.01429900 0.01712500 0.06365800
v -0.01429900 0.01542500 0.06365800
v -0.01429900 0.01542500 0.06365800
v -0.01366500 0.01712500 0.06399500
v -0.01296600 0.01712500 0.06415700
v -0.01410300 0.01542500 0.06218900
v -0.01511100 0.01542500 0.06274200
v -0.01511100 0.01542500 0.06274200
v -0.01429800 0.01542500 0.06150400
v -0.01544600 0.01542500 0.06156500
v -0.01544600 0.01542500 0.06156500
v -0.01417600 0.01542500 0.06080300
v -0.01523700 0.01542500 0.06035900
v -0.01523700 0.01542500 0.06035900
v -0.01376200 0.01542500 0.06022300
v -0.01452600 0.01542500 0.05936300
v -0.01452600 0.01542500 0.05936300
v -0.01313800 0.01542500 0.05988100
v -0.01345300 0.01542500 0.05877500
v -0.01345300 0.01542500 0.05877500
v -0.01242700 0.01542500 0.05984300
v -0.01223000 0.01542500 0.05871000
v -0.01223000 0.01542500 0.05871000
v -0.01177000 0.01542500 0.06011800
v -0.01124400 0.01542500 0.06075800
v -0.01110700 0.01542500 0.06157500
v -0.01139800 0.01542500 0.06235000
v -0.01203800 0.01542500 0.06287600
v -0.01285500 0.01542500 0.06301200
v -0.01363000 0.01542500 0.06272200
v -0.01182800 0.01532500 0.06019900
v -0.01133500 0.01532500 0.06079900
v -0.01120700 0.01532500 0.06156500
v -0.01147900 0.01532500 0.06229200
v -0.01147900 0.01532500 0.06229200
v -0.01207900 0.01532500 0.06278500
v -0.01207900 0.01532500 0.06278500
v -0.01284500 0.01532500 0.06291300
v -0.01357200 0.01532500 0.06264000
v -0.01358000 0.01537500 0.06265100
v -0.01401500 0.01532500 0.06214100
v -0.01402700 0.01537500 0.06214800
v -0.01419800 0.01532500 0.06149900
v -0.01421100 0.01537500 0.06150000
v -0.01408400 0.01532500 0.06084100
v -0.01409600 0.01537500 0.06083600
v -0.01369600 0.01532500 0.06029800
v -0.01370500 0.01537500 0.06028800
v -0.01311000 0.01532500 0.05997700
v -0.01311400 0.01537500 0.05996400
v -0.01244400 0.01532500 0.05994200
v -0.01244200 0.01537500 0.05992900
v -0.01182000 0.01537500 0.06018900
v -0.01360100 0.01541200 0.06268100
v -0.01360100 0.01541200 0.06268100
v -0.01405900 0.01541200 0.06216500
v -0.01405900 0.01541200 0.06216500
v -0.01424800 0.01541200 0.06150200
v -0.01424800 0.01541200 0.06150200
v -0.01413000 0.01541200 0.06082200
v -0.01413000 0.01541200 0.06082200
v -0.01372900 0.01541200 0.06026100
v -0.01372900 0.01541200 0.06026100
v -0.01312400 0.01541200 0.05992900
v -0.01312400 0.01541200 0.05992900
v -0.01243500 0.01541200 0.05989300
v -0.01243500 0.01541200 0.05989300
v -0.01179900 0.01541200 0.06015900
v -0.01179900 0.01541200 0.06015900
v -0.01112500 0.01727500 0.05921500
v -0.01060800 0.01727500 0.05969800
v -0.01118800 0.01738500 0.05930400
v -0.01118800 0.01738500 0.05930400
v -0.01069200 0.01738500 0.05976800
v -0.01069200 0.01738500 0.05976800
v -0.01033300 0.01738500 0.06034400
v -0.01033300 0.01738500 0.06034400
v -0.01013500 0.01738500 0.06099300
v -0.01013500 0.01738500 0.06099300
v -0.01011200 0.01738500 0.06167100
v -0.01011200 0.01738500 0.06167100
v -0.01026500 0.01738500 0.06233200
v -0.01026500 0.01738500 0.06233200
v -0.01058400 0.01738500 0.06293200
v -0.01058400 0.01738500 0.06293200
v -0.01104800 0.01738500 0.06342800
v -0.01104800 0.01738500 0.06342800
v -0.01162400 0.01738500 0.06378700
v -0.01162400 0.01738500 0.06378700
v -0.01227300 0.01738500 0.06398500
v -0.01227300 0.01738500 0.06398500
v -0.01295100 0.01738500 0.06400800
v -0.01295100 0.01738500 0.06400800
v -0.01361200 0.01738500 0.06385500
v -0.01361200 0.01738500 0.06385500
v -0.01421200 0.01738500 0.06353500
v -0.01421200 0.01738500 0.06353500
v -0.01023300 0.01727500 0.06029800
v -0.01002700 0.01727500 0.06097500
v -0.01000300 0.01727500 0.06168200
v -0.01016300 0.01727500 0.06237100
v -0.01049500 0.01727500 0.06299500
v -0.01097800 0.01727500 0.06351200
v -0.01157800 0.01727500 0.06388700
v -0.01225500 0.01727500 0.06409300
v -0.01296200 0.01727500 0.06411700
v -0.01365100 0.01727500 0.06395700
v -0.01427500 0.01727500 0.06362500
v -0.01258800 0.01592500 0.06027100
v -0.01258800 0.01592500 0.06027100
v -0.01258800 0.01592500 0.06027100
v -0.01258800 0.01592500 0.06027100
v -0.01311400 0.01592500 0.06051000
v -0.01311400 0.01592500 0.06051000
v -0.01311400 0.01592500 0.06051000
v -0.01311400 0.01592500 0.06051000
v -0.01364000 0.01592500 0.06074900
v -0.01364000 0.01592500 0.06074900
v -0.01364000 0.01592500 0.06074900
v -0.01164900 0.01592500 0.06094200
v -0.01164900 0.01592500 0.06094200
v -0.01164900 0.01592500 0.06094200
v -0.01211900 0.01592500 0.06060600
v -0.01211900 0.01592500 0.06060600
v -0.01211900 0.01592500 0.06060600
v -0.01176000 0.01592500 0.06209100
v -0.01176000 0.01592500 0.06209100
v -0.01176000 0.01592500 0.06209100
v -0.01170500 0.01592500 0.06151700
v -0.01170500 0.01592500 0.06151700
v -0.01170500 0.01592500 0.06151700
v -0.01170500 0.01592500 0.06151700
v -0.01281200 0.01592500 0.06256900
v -0.01281200 0.01592500 0.06256900
v -0.01281200 0.01592500 0.06256900
v -0.01228600 0.01592500 0.06233000
v -0.01228600 0.01592500 0.06233000
v -0.01228600 0.01592500 0.06233000
v -0.01228600 0.01592500 0.06233000
v -0.01375100 0.01592500 0.06189800
v -0.01375100 0.01592500 0.06189800
v -0.01375100 0.01592500 0.06189800
v -0.01328100 0.01592500 0.06223400
v -0.01328100 0.01592500 0.06223400
v -0.01328100 0.01592500 0.06223400
v -0.01328100 0.01592500 0.06223400
v -0.01369500 0.01592500 0.06132300
v -0.01369500 0.01592500 0.06132300
v -0.01369500 0.01592500 0.06132300
v -0.01179000 0.01592500 0.06100600
v -0.01179000 0.01592500 0.06100600
v -0.01188600 0.01592500 0.06200100
v -0.01188600 0.01592500 0.06200100
v -0.01279700 0.01592500 0.06241500
v -0.01279700 0.01592500 0.06241500
v -0.01357700 0.01592500 0.06190100
v -0.01357700 0.01592500 0.06190100
v -0.01369900 0.01592500 0.06147300
v -0.01369900 0.01592500 0.06147300
v -0.01362300 0.01592500 0.06103400
v -0.01362300 0.01592500 0.06103400
v -0.01336400 0.01592500 0.06067200
v -0.01336400 0.01592500 0.06067200
v -0.01297400 0.01592500 0.06045800
v -0.01297400 0.01592500 0.06045800
v -0.01297400 0.01592500 0.06045800
v -0.01252900 0.01592500 0.06043500
v -0.01252900 0.01592500 0.06043500
v -0.01270000 0.01534800 0.06142000
v 0.01399900 0.01200000 0.06067000
v 0.01345000 0.01200000 0.06012100
v 0.01345000 0.01200000 0.06012100
v 0.01270000 0.01200000 0.05992000
v 0.01270000 0.01200000 0.05992000
v 0.01195000 0.01200000 0.06012100
v 0.01195000 0.01200000 0.06012100
v 0.01195000 0.01200000 0.06012100
v 0.01140100 0.01200000 0.06067000
v 0.01120000 0.01200000 0.06142000
v 0.01140100 0.01200000 0.06217000
v 0.01195000 0.01200000 0.06271900
v 0.01195000 0.01200000 0.06271900
v 0.01195000 0.01200000 0.06271900
v 0.01270000 0.01200000 0.06292000
v 0.01345000 0.01200000 0.06271900
v 0.01345000 0.01200000 0.06271900
v 0.01399900 0.01200000 0.06217000
v 0.01420000 0.01200000 0.06142000
v 0.01333400 0.01742500 0.05905300
v 0.01270000 0.01742500 0.05897000
v 0.01270000 0.01742500 0.06026500
v 0.01270000 0.01742500 0.06026500
v 0.01270000 0.01742500 0.06026500
v 0.01506600 0.01742500 0.06078600
v 0.01370000 0.01742500 0.06084300
v 0.01370000 0.01742500 0.06084300
v 0.01370000 0.01742500 0.06084300
v 0.01515000 0.01742500 0.06142000
v 0.01370000 0.01742500 0.06199700
v 0.01370000 0.01742500 0.06199700
v 0.01370000 0.01742500 0.06199700
v 0.01490700 0.01742500 0.06248300
v 0.01422800 0.01742500 0.06333500
v 0.01270000 0.01742500 0.06257500
v 0.01270000 0.01742500 0.06257500
v 0.01270000 0.01742500 0.06257500
v 0.01324500 0.01742500 0.06380900
v 0.01170000 0.01742500 0.06199700
v 0.01170000 0.01742500 0.06199700
v 0.01170000 0.01742500 0.06199700
v 0.01117200 0.01742500 0.06333500
v 0.01215500 0.01742500 0.06380900
v 0.01057800 0.01742500 0.06019500
v 0.01033300 0.01742500 0.06078600
v 0.01170000 0.01742500 0.06084300
v 0.01170000 0.01742500 0.06084300
v 0.01170000 0.01742500 0.06084300
v 0.01025000 0.01742500 0.06142000
v 0.01049300 0.01742500 0.06248300
v 0.01482200 0.01742500 0.06019500
v 0.01443200 0.01742500 0.05968800
v 0.01392500 0.01742500 0.05929800
v 0.01206600 0.01742500 0.05905300
v 0.01147500 0.01742500 0.05929800
v 0.01096800 0.01742500 0.05968800
v 0.00995000 0.01712500 0.06142000
v 0.01004400 0.01712500 0.06070800
v 0.00995000 0.01542500 0.06142000
v 0.00995000 0.01542500 0.06142000
v 0.01031800 0.01542500 0.06004500
v 0.01031800 0.01542500 0.06004500
v 0.01031800 0.01712500 0.06004500
v 0.01075500 0.01712500 0.05947500
v 0.01132500 0.01542500 0.05903800
v 0.01132500 0.01542500 0.05903800
v 0.01132500 0.01712500 0.05903800
v 0.01198800 0.01712500 0.05876400
v 0.01270000 0.01542500 0.05867000
v 0.01270000 0.01542500 0.05867000
v 0.01270000 0.01712500 0.05867000
v 0.01341200 0.01712500 0.05876400
v 0.01407500 0.01542500 0.05903800
v 0.01407500 0.01542500 0.05903800
v 0.01407500 0.01712500 0.05903800
v 0.01464400 0.01712500 0.05947500
v 0.01508200 0.01542500 0.06004500
v 0.01508200 0.01542500 0.06004500
v 0.01545000 0.01712500 0.06142000
v 0.01545000 0.01542500 0.06142000
v 0.01545000 0.01542500 0.06142000
v 0.01535600 0.01712500 0.06070800
v 0.01508200 0.01712500 0.06004500
v 0.01270000 0.01542500 0.06302000
v 0.01270000 0.01542500 0.06417000
v 0.01270000 0.01542500 0.06417000
v 0.01190000 0.01542500 0.06280600
v 0.01132500 0.01542500 0.06380200
v 0.01132500 0.01542500 0.06380200
v 0.01131400 0.01542500 0.06222000
v 0.01031800 0.01542500 0.06279500
v 0.01031800 0.01542500 0.06279500
v 0.01110000 0.01542500 0.06142000
v 0.01131400 0.01542500 0.06062000
v 0.01190000 0.01542500 0.06003400
v 0.01270000 0.01542500 0.05982000
v 0.01350000 0.01542500 0.06003400
v 0.01408600 0.01542500 0.06062000
v 0.01430000 0.01542500 0.06142000
v 0.01408600 0.01542500 0.06222000
v 0.01508200 0.01542500 0.06279500
v 0.01508200 0.01542500 0.06279500
v 0.01350000 0.01542500 0.06280600
v 0.01407500 0.01542500 0.06380200
v 0.01407500 0.01542500 0.06380200
v 0.01120000 0.01532500 0.06142000
v 0.01140100 0.01532500 0.06067000
v 0.01195000 0.01532500 0.06012100
v 0.01270000 0.01532500 0.05992000
v 0.01345000 0.01532500 0.06012100
v 0.01345000 0.01532500 0.06012100
v 0.01399900 0.01532500 0.06067000
v 0.01420000 0.01532500 0.06142000
v 0.01115000 0.01541200 0.06142000
v 0.01117100 0.01539600 0.06142000
v 0.01137600 0.01539600 0.06218500
v 0.01118700 0.01537500 0.06142000
v 0.01119200 0.01536300 0.06142000
v 0.01139400 0.01536300 0.06217400
v 0.01399900 0.01532500 0.06217000
v 0.01420800 0.01536300 0.06142000
v 0.01140100 0.01532500 0.06217000
v 0.01194600 0.01536300 0.06272600
v 0.01195000 0.01532500 0.06271900
v 0.01270000 0.01536300 0.06292800
v 0.01270000 0.01532500 0.06292000
v 0.01345400 0.01536300 0.06272600
v 0.01345000 0.01532500 0.06271900
v 0.01400600 0.01536300 0.06217400
v 0.01402400 0.01539600 0.06218500
v 0.01346500 0.01539600 0.06274400
v 0.01270000 0.01539600 0.06294900
v 0.01193500 0.01539600 0.06274400
v 0.01421300 0.01537500 0.06142000
v 0.01422900 0.01539600 0.06142000
v 0.01425000 0.01541200 0.06142000
v 0.01405200 0.01541700 0.06220100
v 0.01348100 0.01541700 0.06277200
v 0.01270000 0.01541700 0.06298200
v 0.01191900 0.01541700 0.06277200
v 0.01134700 0.01541700 0.06220100
v 0.01113800 0.01541700 0.06142000
v 0.01003800 0.01733700 0.06142000
v 0.01010000 0.01738500 0.06142000
v 0.01018900 0.01738500 0.06074700
v 0.01013500 0.01740200 0.06142000
v 0.00997300 0.01724000 0.06142000
v 0.00999000 0.01727500 0.06142000
v 0.01008200 0.01727500 0.06071900
v 0.01521100 0.01738500 0.06074700
v 0.01495200 0.01738500 0.06012000
v 0.01495200 0.01738500 0.06012000
v 0.01453800 0.01738500 0.05958200
v 0.01453800 0.01738500 0.05958200
v 0.01400000 0.01738500 0.05916800
v 0.01400000 0.01738500 0.05916800
v 0.01337300 0.01738500 0.05890900
v 0.01337300 0.01738500 0.05890900
v 0.01270000 0.01738500 0.05882000
v 0.01270000 0.01738500 0.05882000
v 0.01202700 0.01738500 0.05890900
v 0.01202700 0.01738500 0.05890900
v 0.01140000 0.01738500 0.05916800
v 0.01140000 0.01738500 0.05916800
v 0.01086200 0.01738500 0.05958200
v 0.01086200 0.01738500 0.05958200
v 0.01044800 0.01738500 0.06012000
v 0.01044800 0.01738500 0.06012000
v 0.01035300 0.01727500 0.06006500
v 0.01078400 0.01727500 0.05950400
v 0.01134500 0.01727500 0.05907300
v 0.01199900 0.01727500 0.05880200
v 0.01270000 0.01727500 0.05871000
v 0.01340100 0.01727500 0.05880200
v 0.01405500 0.01727500 0.05907300
v 0.01461600 0.01727500 0.05950400
v 0.01504700 0.01727500 0.06006500
v 0.01531700 0.01727500 0.06071900
v 0.01530000 0.01738500 0.06142000
v 0.01536200 0.01733700 0.06142000
v 0.01541000 0.01727500 0.06142000
v 0.01542700 0.01724000 0.06142000
v 0.01170000 0.01592500 0.06199700
v 0.01170000 0.01592500 0.06199700
v 0.01170000 0.01592500 0.06199700
v 0.01220000 0.01592500 0.06228600
v 0.01220000 0.01592500 0.06228600
v 0.01220000 0.01592500 0.06228600
v 0.01270000 0.01592500 0.06257500
v 0.01270000 0.01592500 0.06257500
v 0.01270000 0.01592500 0.06257500
v 0.01170000 0.01592500 0.06084300
v 0.01170000 0.01592500 0.06084300
v 0.01170000 0.01592500 0.06084300
v 0.01170000 0.01592500 0.06142000
v 0.01170000 0.01592500 0.06142000
v 0.01170000 0.01592500 0.06142000
v 0.01270000 0.01592500 0.06026500
v 0.01270000 0.01592500 0.06026500
v 0.01270000 0.01592500 0.06026500
v 0.01220000 0.01592500 0.06055400
v 0.01220000 0.01592500 0.06055400
v 0.01220000 0.01592500 0.06055400
v 0.01370000 0.01592500 0.06084300
v 0.01370000 0.01592500 0.06084300
v 0.01370000 0.01592500 0.06084300
v 0.01320000 0.01592500 0.06055400
v 0.01320000 0.01592500 0.06055400
v 0.01320000 0.01592500 0.06055400
v 0.01370000 0.01592500 0.06199700
v 0.01370000 0.01592500 0.06199700
v 0.01370000 0.01592500 0.06199700
v 0.01370000 0.01592500 0.06142000
v 0.01370000 0.01592500 0.06142000
v 0.01370000 0.01592500 0.06142000
v 0.01320000 0.01592500 0.06228600
v 0.01320000 0.01592500 0.06228600
v 0.01320000 0.01592500 0.06228600
v 0.01183400 0.01592500 0.06092000
v 0.01183400 0.01592500 0.06092000
v 0.01270000 0.01592500 0.06042000
v 0.01270000 0.01592500 0.06042000
v 0.01356600 0.01592500 0.06092000
v 0.01356600 0.01592500 0.06092000
v 0.01356600 0.01592500 0.06192000
v 0.01356600 0.01592500 0.06192000
v 0.01270000 0.01592500 0.06242000
v 0.01270000 0.01592500 0.06242000
v 0.01183400 0.01592500 0.06192000
v 0.01183400 0.01592500 0.06192000
v 0.01270000 0.01534800 0.06142000
v 0.01506900 -0.01098000 0.04398300
v 0.01588900 -0.01098000 0.04382800
v 0.01889900 -0.01098000 0.04530500
v 0.01659900 -0.01098000 0.04662800
v 0.01443800 -0.01098000 0.04624000
v 0.01836500 -0.01098000 0.04693800
v 0.01908700 -0.01098000 0.04629700
v 0.01424000 -0.01098000 0.04616200
v 0.01415400 -0.01098000 0.04606500
v 0.01411800 -0.01098000 0.04592200
v 0.01415200 -0.01098000 0.04570000
v 0.01433700 -0.01098000 0.04494500
v 0.01447200 -0.01098000 0.04440800
v 0.01480400 -0.01098000 0.04406300
v 0.01457300 -0.01098000 0.04422000
v 0.01833900 -0.01098000 0.04345100
v 0.01848600 -0.01098000 0.04355000
v 0.01806400 -0.01098000 0.04343500
v 0.01860900 -0.01098000 0.04378400
v 0.01862200 -0.01098000 0.04383500
v 0.01907700 -0.01098000 0.04661100
v 0.01898400 -0.01098000 0.04676300
v 0.01878100 -0.01098000 0.04688800
v 0.01319000 -0.01098000 0.04947300
v 0.01354500 -0.01098000 0.04800600
v 0.01572600 -0.01098000 0.04997300
v 0.01786000 -0.01098000 0.04963300
v 0.01435400 -0.01098000 0.04676200
v 0.01655500 -0.01098000 0.04714900
v 0.01820900 -0.01098000 0.04910600
v 0.01822800 -0.01098000 0.04933600
v 0.01818100 -0.01098000 0.04946200
v 0.01806600 -0.01098000 0.04956500
v 0.01377400 -0.01098000 0.04706800
v 0.01385400 -0.01098000 0.04689800
v 0.01398100 -0.01098000 0.04679600
v 0.01326900 -0.01098000 0.04997800
v 0.01317500 -0.01098000 0.04977100
v 0.01349200 -0.01098000 0.05014500
v 0.01389500 -0.01098000 0.05023300
v 0.01421900 -0.01098000 0.04674900
v 0.01772200 -0.01098000 0.04741400
v 0.01790000 -0.01098000 0.04760900
v 0.01738500 -0.01098000 0.04730000
v 0.01796700 -0.01098000 0.04779700
v 0.01807500 -0.01098000 0.04834000
v -0.01560400 -0.01098000 0.04750600
v -0.01563900 -0.01098000 0.04712200
v -0.01598000 -0.01098000 0.04634600
v -0.01660200 -0.01098000 0.04584300
v -0.01733700 -0.01098000 0.04568400
v -0.01733700 -0.01098000 0.04932800
v -0.01699000 -0.01098000 0.04929400
v -0.01628400 -0.01098000 0.04896800
v -0.01576400 -0.01098000 0.04828900
v -0.01905000 -0.01098000 0.04749900
v -0.01900700 -0.01098000 0.04792600
v -0.01867400 -0.01098000 0.04867800
v -0.01807100 -0.01098000 0.04916900
v -0.01905000 -0.01098000 0.04749200
v -0.01768000 -0.01098000 0.04571800
v -0.01837700 -0.01098000 0.04603900
v -0.01888900 -0.01098000 0.04670900
v -0.01880400 -0.01098000 0.04975100
v -0.02033900 -0.01098000 0.05036500
v -0.02030500 -0.01098000 0.05033800
v -0.02002600 -0.01098000 0.05070700
v -0.02019900 -0.01098000 0.05032100
v -0.01971800 -0.01098000 0.05102700
v -0.02006600 -0.01098000 0.05028300
v -0.01968300 -0.01098000 0.05103700
v -0.01976300 -0.01098000 0.05018300
v -0.01749700 -0.01098000 0.05025100
v -0.01732300 -0.01098000 0.05025600
v -0.01767100 -0.01098000 0.05023600
v -0.01783100 -0.01098000 0.05021100
v -0.01796500 -0.01098000 0.05018100
v -0.01880400 -0.01098000 0.04977200
v -0.01833300 -0.01098000 0.05039500
v -0.01912100 -0.01098000 0.04992200
v -0.01876300 -0.01098000 0.05062500
v -0.01948000 -0.01098000 0.05007200
v -0.01921900 -0.01098000 0.05084600
v -0.01964300 -0.01098000 0.05102700
v -0.01930400 -0.01098000 0.04937400
v -0.01965000 -0.01098000 0.04894600
v -0.01996400 -0.01098000 0.04835000
v -0.02011400 -0.01098000 0.04747900
v -0.02011400 -0.01098000 0.04747200
v -0.01979600 -0.01098000 0.04615500
v -0.01897900 -0.01098000 0.04524000
v -0.01775600 -0.01098000 0.04479000
v -0.01740500 -0.01098000 0.04477000
v -0.01597600 -0.01098000 0.04511500
v -0.01500600 -0.01098000 0.04598000
v -0.01455900 -0.01098000 0.04718900
v -0.01453900 -0.01098000 0.04753300
v -0.01484800 -0.01098000 0.04879600
v -0.01570000 -0.01098000 0.04975900
v -0.01694500 -0.01098000 0.05023200
v -0.01264200 -0.01098000 0.04483800
v -0.01264200 -0.01098000 0.04488600
v -0.01384300 -0.01098000 0.04483800
v -0.01267100 -0.01098000 0.04492300
v -0.01264800 -0.01098000 0.05010100
v -0.01263500 -0.01098000 0.05011300
v -0.01263500 -0.01098000 0.05016100
v -0.01268200 -0.01098000 0.05003200
v -0.01381200 -0.01098000 0.05006400
v -0.01385000 -0.01098000 0.05012000
v -0.01385000 -0.01098000 0.05016100
v -0.01382900 -0.01098000 0.04489800
v -0.01379800 -0.01098000 0.04496400
v -0.01271400 -0.01098000 0.04518900
v -0.01376500 -0.01098000 0.04530000
v -0.01375400 -0.01098000 0.04705600
v -0.01271900 -0.01098000 0.04967700
v -0.01376700 -0.01098000 0.04969900
v -0.01273100 -0.01098000 0.04781300
v -0.01273000 -0.01098000 0.04669400
v -0.01273100 -0.01098000 0.04705600
v -0.01375400 -0.01098000 0.04780600
v -0.01375400 -0.01098000 0.04787500
v -0.01268200 -0.01100000 0.05003200
v -0.01264800 -0.01100000 0.05010100
v -0.01263500 -0.01100000 0.05011300
v -0.00804200 -0.01098000 0.04580000
v -0.00809700 -0.01098000 0.04580000
v -0.00804200 -0.01098000 0.04483800
v -0.00819700 -0.01098000 0.04573700
v -0.00953700 -0.01098000 0.04569100
v -0.01204800 -0.01098000 0.04483800
v -0.00856100 -0.01098000 0.04569100
v -0.00844800 -0.01098000 0.04569400
v -0.01061900 -0.01098000 0.05009500
v -0.01061900 -0.01098000 0.05009500
v -0.00944100 -0.01098000 0.05016100
v -0.00944100 -0.01098000 0.05016100
v -0.01063700 -0.01098000 0.05011400
v -0.01063700 -0.01098000 0.05011400
v -0.01065600 -0.01098000 0.05016100
v -0.01065600 -0.01098000 0.05012000
v -0.01204800 -0.01098000 0.04580000
v -0.01198500 -0.01098000 0.04578700
v -0.01181700 -0.01098000 0.04571500
v -0.00944100 -0.01098000 0.05012000
v -0.00946500 -0.01098000 0.05009800
v -0.00949400 -0.01098000 0.05002500
v -0.01058600 -0.01098000 0.04997600
v -0.00952500 -0.01098000 0.04968700
v -0.01055400 -0.01098000 0.04873800
v -0.00953700 -0.01098000 0.04780600
v -0.01055300 -0.01098000 0.04780600
v -0.01055300 -0.01098000 0.04569100
v -0.01153600 -0.01098000 0.04569100
v -0.01065600 -0.01100000 0.05012000
v -0.01063700 -0.01100000 0.05011400
v -0.01061900 -0.01100000 0.05009500
v -0.00329900 -0.01098000 0.04750600
v -0.00333500 -0.01098000 0.04711400
v -0.00367300 -0.01098000 0.04634700
v -0.00428900 -0.01098000 0.04585000
v -0.00503200 -0.01098000 0.04569100
v -0.00503200 -0.01098000 0.04931400
v -0.00475600 -0.01098000 0.04929400
v -0.00396800 -0.01098000 0.04895500
v -0.00346000 -0.01098000 0.04829300
v -0.00673100 -0.01098000 0.04749900
v -0.00669100 -0.01098000 0.04791700
v -0.00636100 -0.01098000 0.04866700
v -0.00576400 -0.01098000 0.04915600
v -0.00673100 -0.01098000 0.04749200
v -0.00537000 -0.01098000 0.04572400
v -0.00606100 -0.01098000 0.04604300
v -0.00657100 -0.01098000 0.04671000
v -0.00779600 -0.01098000 0.04747200
v -0.00779600 -0.01098000 0.04746500
v -0.00747900 -0.01098000 0.04615300
v -0.00666500 -0.01098000 0.04524300
v -0.00544000 -0.01098000 0.04479100
v -0.00507300 -0.01098000 0.04477000
v -0.00366100 -0.01098000 0.04511100
v -0.00270100 -0.01098000 0.04596700
v -0.00225500 -0.01098000 0.04717500
v -0.00223500 -0.01098000 0.04752000
v -0.00254500 -0.01098000 0.04879200
v -0.00339800 -0.01098000 0.04975500
v -0.00463200 -0.01098000 0.05022600
v -0.00500500 -0.01098000 0.05024900
v -0.00635900 -0.01098000 0.04992200
v -0.00731000 -0.01098000 0.04907500
v -0.00777400 -0.01098000 0.04783600
v 0.00053600 -0.01098000 0.04567700
v 0.00041000 -0.01098000 0.04566800
v 0.00026300 -0.01098000 0.04566400
v 0.00053600 -0.01098000 0.04700800
v 0.00035200 -0.01098000 0.04701500
v 0.00044200 -0.01098000 0.04701400
v -0.00000900 -0.01098000 0.04696000
v 0.00017600 -0.01098000 0.04700300
v -0.00046000 -0.01098000 0.04633200
v -0.00037500 -0.01098000 0.04666500
v -0.00029500 -0.01098000 0.04677400
v -0.00046000 -0.01098000 0.04632500
v 0.00014300 -0.01098000 0.04567000
v -0.00019600 -0.01098000 0.04578700
v -0.00038000 -0.01098000 0.04598600
v 0.00029100 -0.01098000 0.04782000
v 0.00007700 -0.01098000 0.04783800
v -0.00013200 -0.01098000 0.04788100
v 0.00053600 -0.01098000 0.04783400
v 0.00041400 -0.01098000 0.04782400
v 0.00053600 -0.01098000 0.04924600
v 0.00051600 -0.01098000 0.04929400
v 0.00052900 -0.01098000 0.04928700
v 0.00053400 -0.01098000 0.04928000
v 0.00026300 -0.01098000 0.04930800
v 0.00039200 -0.01098000 0.04930600
v -0.00021400 -0.01098000 0.04920500
v 0.00001700 -0.01098000 0.04928200
v -0.00063700 -0.01098000 0.04855700
v -0.00062500 -0.01098000 0.04869300
v -0.00049500 -0.01098000 0.04898600
v -0.00063700 -0.01098000 0.04855000
v -0.00033900 -0.01098000 0.04798600
v -0.00056200 -0.01098000 0.04823500
v -0.00138000 -0.01098000 0.04666600
v -0.00145600 -0.01098000 0.04623700
v 0.00149200 -0.01098000 0.04705600
v 0.00149200 -0.01098000 0.04780600
v 0.00157400 -0.01098000 0.04485800
v 0.00157400 -0.01098000 0.04489900
v 0.00135800 -0.01098000 0.04484600
v 0.00154800 -0.01098000 0.04492900
v 0.00151100 -0.01098000 0.04512800
v 0.00149200 -0.01098000 0.04647200
v -0.00061700 -0.01098000 0.04737000
v 0.00153500 -0.01098000 0.05003100
v 0.00155700 -0.01098000 0.05008200
v 0.00133100 -0.01098000 0.05015300
v 0.00158100 -0.01098000 0.05014000
v 0.00157500 -0.01098000 0.05009700
v 0.00158100 -0.01098000 0.05009900
v -0.00106800 -0.01098000 0.04712700
v -0.00167400 -0.01098000 0.04865200
v -0.00153000 -0.01098000 0.04804700
v -0.00114600 -0.01098000 0.04760700
v -0.00061700 -0.01098000 0.04738300
v 0.00150300 -0.01098000 0.04968200
v 0.00152700 -0.01098000 0.04999700
v -0.00167400 -0.01098000 0.04865900
v -0.00149400 -0.01098000 0.04934500
v -0.00146800 -0.01098000 0.04938900
v -0.00097800 -0.01098000 0.04986700
v -0.00036800 -0.01098000 0.05009700
v 0.00057100 -0.01098000 0.05017400
v -0.00131100 -0.01098000 0.04558800
v -0.00095700 -0.01098000 0.04517000
v -0.00052100 -0.01098000 0.04494700
v -0.00008700 -0.01098000 0.04485500
v 0.00039300 -0.01098000 0.04482400
v 0.00077000 -0.01098000 0.04482600
v 0.00111600 -0.01098000 0.04483800
v 0.00085200 -0.01098000 0.05017000
v 0.00114400 -0.01098000 0.05016100
v 0.00678100 -0.01098000 0.04750600
v 0.00674400 -0.01098000 0.04711400
v 0.00640700 -0.01098000 0.04634700
v 0.00579100 -0.01098000 0.04585000
v 0.00504800 -0.01098000 0.04569100
v 0.00504800 -0.01098000 0.04931400
v 0.00532400 -0.01098000 0.04929400
v 0.00611200 -0.01098000 0.04895500
v 0.00662000 -0.01098000 0.04829300
v 0.00334900 -0.01098000 0.04749900
v 0.00338900 -0.01098000 0.04791700
v 0.00371900 -0.01098000 0.04866700
v 0.00431600 -0.01098000 0.04915600
v 0.00334900 -0.01098000 0.04749200
v 0.00471000 -0.01098000 0.04572400
v 0.00401900 -0.01098000 0.04604300
v 0.00350900 -0.01098000 0.04671000
v 0.00228400 -0.01098000 0.04747200
v 0.00228400 -0.01098000 0.04746500
v 0.00260100 -0.01098000 0.04615300
v 0.00341500 -0.01098000 0.04524300
v 0.00464000 -0.01098000 0.04479100
v 0.00500700 -0.01098000 0.04477000
v 0.00641900 -0.01098000 0.04511100
v 0.00737900 -0.01098000 0.04596800
v 0.00782500 -0.01098000 0.04717500
v 0.00784500 -0.01098000 0.04752000
v 0.00753500 -0.01098000 0.04879200
v 0.00668200 -0.01098000 0.04975500
v 0.00544800 -0.01098000 0.05022600
v 0.00507500 -0.01098000 0.05024900
v 0.00372100 -0.01098000 0.04992200
v 0.00277000 -0.01098000 0.04907500
v 0.00230600 -0.01098000 0.04783600
v 0.02013300 -0.01098000 0.05181500
v 0.02032400 -0.01098000 0.05280700
v 0.01551000 -0.01098000 0.05146800
v 0.01562200 -0.01098000 0.05276300
v 0.01543700 -0.01098000 0.05269000
v 0.01535200 -0.01098000 0.05259200
v 0.02031500 -0.01098000 0.05312300
v 0.02022500 -0.01098000 0.05327300
v 0.02002600 -0.01098000 0.05339900
v 0.01961200 -0.01098000 0.05345100
v 0.01960300 -0.01098000 0.05344900
v 0.01782000 -0.01098000 0.05314400
v 0.01533500 -0.01098000 0.05222400
v 0.01531200 -0.01098000 0.05244300
v 0.01574700 -0.01098000 0.05069700
v 0.01600700 -0.01098000 0.05051300
v 0.01563400 -0.01098000 0.05092600
v 0.01646400 -0.01098000 0.05038500
v 0.01929200 -0.01098000 0.04994800
v 0.01956700 -0.01098000 0.04996300
v 0.01971500 -0.01098000 0.05006100
v 0.01983900 -0.01098000 0.05029500
v 0.01985200 -0.01098000 0.05034600
v 0.01724400 -0.01098000 0.05026100
v 0.01070500 -0.01098000 0.04568400
v 0.01058900 -0.01098000 0.04567500
v 0.01043200 -0.01098000 0.04567000
v 0.01070500 -0.01098000 0.04730800
v 0.01050700 -0.01098000 0.04731500
v 0.01061100 -0.01098000 0.04731400
v 0.00998800 -0.01098000 0.04717800
v 0.01022700 -0.01098000 0.04727700
v 0.00959900 -0.01098000 0.04645500
v 0.00960200 -0.01098000 0.04652200
v 0.00971700 -0.01098000 0.04691100
v 0.00972400 -0.01098000 0.04692200
v 0.00959900 -0.01098000 0.04644800
v 0.01023900 -0.01098000 0.04568500
v 0.00991100 -0.01098000 0.04580700
v 0.00969800 -0.01098000 0.04603500
v 0.01062300 -0.01098000 0.05016100
v 0.01062300 -0.01098000 0.05012000
v 0.01062300 -0.01098000 0.05012000
v 0.01175600 -0.01098000 0.05016100
v 0.01175600 -0.01098000 0.05016100
v 0.01064100 -0.01098000 0.05010300
v 0.01064100 -0.01098000 0.05010300
v 0.01170900 -0.01098000 0.05002400
v 0.01173200 -0.01098000 0.05009700
v 0.01067000 -0.01098000 0.05001400
v 0.01052100 -0.01098000 0.04805200
v 0.01070500 -0.01098000 0.04805200
v 0.01153500 -0.01098000 0.04484100
v 0.01175600 -0.01098000 0.04485200
v 0.01175600 -0.01098000 0.04489200
v 0.01175200 -0.01098000 0.05011700
v 0.01175600 -0.01098000 0.05012000
v 0.01173800 -0.01098000 0.04490500
v 0.01171700 -0.01098000 0.04494800
v 0.01169000 -0.01098000 0.04515300
v 0.01167400 -0.01098000 0.04661600
v 0.01167400 -0.01098000 0.04705600
v 0.01167400 -0.01098000 0.04780600
v 0.00858900 -0.01098000 0.04638700
v 0.01168400 -0.01098000 0.04969200
v 0.01070300 -0.01098000 0.04915900
v 0.01070500 -0.01098000 0.04832500
v 0.00955800 -0.01098000 0.04784700
v 0.00955800 -0.01098000 0.04786100
v 0.00928900 -0.01098000 0.04824000
v 0.00976700 -0.01098000 0.04916700
v 0.00832300 -0.01098000 0.04958000
v 0.00912200 -0.01098000 0.05013300
v 0.00832000 -0.01098000 0.04958500
v 0.00901000 -0.01098000 0.05015500
v 0.00806200 -0.01098000 0.04992300
v 0.00890300 -0.01098000 0.05016100
v 0.00788000 -0.01098000 0.05012000
v 0.00788000 -0.01098000 0.05016100
v 0.00878400 -0.01098000 0.04716900
v 0.00916300 -0.01098000 0.04760800
v 0.00936600 -0.01098000 0.04775100
v 0.00873800 -0.01098000 0.04567700
v 0.00912100 -0.01098000 0.04519800
v 0.00959300 -0.01098000 0.04494700
v 0.01007100 -0.01098000 0.04484600
v 0.01061600 -0.01098000 0.04481700
v 0.01094200 -0.01098000 0.04482200
v 0.01125800 -0.01098000 0.04483100
v 0.02999500 -0.00810000 0.03491100
v 0.03167500 -0.00810000 0.03460400
v 0.03165800 -0.00810000 0.03460300
v 0.02776300 -0.00810000 0.03909100
v 0.02843300 -0.00810000 0.04064400
v 0.02783400 -0.00810000 0.03740100
v 0.02783400 -0.00810000 0.03740100
v 0.02789600 -0.00810000 0.03719500
v 0.02844300 -0.00810000 0.04065800
v 0.02863000 -0.00810000 0.03590900
v 0.02849400 -0.00810000 0.03607600
v 0.02814800 -0.00810000 0.03661000
v -0.03132700 -0.00810000 0.03460400
v -0.03443600 -0.00810000 0.03598700
v -0.03162600 -0.00810000 0.03460200
v -0.03305800 -0.00810000 0.03493400
v -0.03350800 -0.00810000 0.03517400
v -0.03485200 -0.00810000 0.03661000
v -0.03513800 -0.00810000 0.03730300
v -0.03529800 -0.00810000 0.03852600
v -0.03472600 -0.00810000 0.04040800
v -0.03455800 -0.00810000 0.04065600
v 0.01031800 0.01712500 0.06279500
v 0.01098500 0.01712500 0.06357000
v 0.01100000 0.01724000 0.06355200
v 0.01132500 0.01712500 0.06380200
v 0.01208800 0.01712500 0.06410100
v 0.01209300 0.01724000 0.06407900
v 0.01038900 0.01740200 0.06253300
v 0.01509800 0.01733700 0.06257500
v 0.01501100 0.01740200 0.06253300
v 0.01030100 0.01733700 0.06257500
v 0.01515700 0.01724000 0.06260300
v 0.01429900 0.01740200 0.06342500
v 0.01436000 0.01733700 0.06350100
v 0.01440000 0.01724000 0.06355200
v 0.01440000 0.01724000 0.06355200
v 0.01517800 0.01712500 0.06261300
v 0.01270000 0.01712500 0.06417000
v 0.01331200 0.01712500 0.06410100
v 0.01331200 0.01712500 0.06410100
v 0.01330700 0.01724000 0.06407900
v 0.01329200 0.01733700 0.06401500
v 0.01327100 0.01740200 0.06392000
v 0.01407500 0.01712500 0.06380200
v 0.01407500 0.01712500 0.06380200
v 0.01441500 0.01712500 0.06357000
v 0.01508200 0.01712500 0.06279500
v 0.01212900 0.01740200 0.06392000
v 0.01210800 0.01733700 0.06401500
v 0.01104000 0.01733700 0.06350100
v 0.01110100 0.01740200 0.06342500
v 0.01022200 0.01712500 0.06261300
v 0.01024300 0.01724000 0.06260300
v 0.01194300 0.01537500 0.06010900
v 0.01138900 0.01537500 0.06066300
v 0.01135800 0.01541200 0.06064500
v 0.01401100 0.01537500 0.06066300
v 0.01345700 0.01537500 0.06010900
v 0.01270000 0.01537500 0.05990700
v 0.01404200 0.01541200 0.06064500
v 0.01347500 0.01541200 0.06007800
v 0.01347500 0.01541200 0.06007800
v 0.01270000 0.01541200 0.05987000
v 0.01270000 0.01541200 0.05987000
v 0.01192500 0.01541200 0.06007800
v 0.01192500 0.01541200 0.06007800
v -0.01507600 0.01727500 0.06272300
v -0.01498000 0.01738500 0.06267000
v -0.01498000 0.01738500 0.06267000
v -0.01529600 0.01738500 0.06155700
v -0.01529600 0.01738500 0.06155700
v -0.01509900 0.01738500 0.06041700
v -0.01509900 0.01738500 0.06041700
v -0.01442600 0.01738500 0.05947600
v -0.01442600 0.01738500 0.05947600
v -0.01341200 0.01738500 0.05891900
v -0.01341200 0.01738500 0.05891900
v -0.01225600 0.01738500 0.05885800
v -0.01225600 0.01738500 0.05885800
v -0.01540600 0.01727500 0.06156300
v -0.01520000 0.01727500 0.06037500
v -0.01449900 0.01727500 0.05939300
v -0.01344200 0.01727500 0.05881400
v -0.01223700 0.01727500 0.05875000
v -0.01511100 0.01712500 0.06274200
v -0.01544600 0.01712500 0.06156500
v -0.01523700 0.01712500 0.06035900
v -0.01452600 0.01712500 0.05936300
v -0.01345300 0.01712500 0.05877500
v -0.01223000 0.01712500 0.05871000
v -0.01132200 0.01537500 0.06079400
v -0.01119400 0.01537500 0.06156600
v -0.01146900 0.01537500 0.06230000
v -0.01207400 0.01537500 0.06279800
v -0.01284600 0.01537500 0.06292600
v -0.01128900 0.01541200 0.06077800
v -0.01128900 0.01541200 0.06077800
v -0.01115700 0.01541200 0.06157000
v -0.01115700 0.01541200 0.06157000
v -0.01143900 0.01541200 0.06232100
v -0.01143900 0.01541200 0.06232100
v -0.01205800 0.01541200 0.06283100
v -0.01205800 0.01541200 0.06283100
v -0.01285000 0.01541200 0.06296300
v -0.01285000 0.01541200 0.06296300
v 0.02792600 -0.00859200 0.03875600
v 0.02835200 -0.00924700 0.03795800
v 0.02938100 -0.00924700 0.03603000
v 0.03076100 -0.01014200 0.03631700
v 0.03134200 -0.00925000 0.03522800
v 0.02980800 -0.00859200 0.03523200
v 0.02886700 -0.00947800 0.03699400
v 0.02877700 -0.00925000 0.04003300
v 0.02935800 -0.01014200 0.03894500
v -0.03464800 -0.00924700 0.03795800
v -0.03361900 -0.00924700 0.03603000
v -0.03223900 -0.01014200 0.03631700
v -0.03165800 -0.00925000 0.03522800
v -0.03319200 -0.00859200 0.03523200
v -0.03413300 -0.00947800 0.03699400
v -0.03507400 -0.00859200 0.03875600
v -0.03422300 -0.00925000 0.04003300
v -0.03364200 -0.01014200 0.03894500
v 0.01022200 -0.01712500 0.06261300
v 0.01031800 -0.01712500 0.06279500
v 0.01098500 -0.01712500 0.06357000
v 0.01132500 -0.01712500 0.06380200
v 0.01132500 -0.01712500 0.06380200
v 0.01208800 -0.01712500 0.06410100
v 0.01208800 -0.01712500 0.06410100
v 0.01270000 -0.01712500 0.06417000
v 0.01331200 -0.01712500 0.06410100
v 0.01407500 -0.01712500 0.06380200
v 0.01441500 -0.01712500 0.06357000
v 0.01517800 -0.01712500 0.06261300
v 0.01508200 -0.01712500 0.06279500
v 0.01345700 -0.01537500 0.06010900
v 0.01401100 -0.01537500 0.06066300
v 0.01404200 -0.01541200 0.06064500
v 0.01138900 -0.01537500 0.06066300
v 0.01194300 -0.01537500 0.06010900
v 0.01270000 -0.01537500 0.05990700
v 0.01135800 -0.01541200 0.06064500
v 0.01192500 -0.01541200 0.06007800
v 0.01192500 -0.01541200 0.06007800
v 0.01270000 -0.01541200 0.05987000
v 0.01270000 -0.01541200 0.05987000
v 0.01347500 -0.01541200 0.06007800
v 0.01347500 -0.01541200 0.06007800
v 0.01440000 -0.01724000 0.06355200
v 0.01330700 -0.01724000 0.06407900
v 0.01501100 -0.01740200 0.06253300
v 0.01030100 -0.01733700 0.06257500
v 0.01038900 -0.01740200 0.06253300
v 0.01509800 -0.01733700 0.06257500
v 0.01024300 -0.01724000 0.06260300
v 0.01110100 -0.01740200 0.06342500
v 0.01104000 -0.01733700 0.06350100
v 0.01100000 -0.01724000 0.06355200
v 0.01100000 -0.01724000 0.06355200
v 0.01209300 -0.01724000 0.06407900
v 0.01210800 -0.01733700 0.06401500
v 0.01212900 -0.01740200 0.06392000
v 0.01327100 -0.01740200 0.06392000
v 0.01329200 -0.01733700 0.06401500
v 0.01436000 -0.01733700 0.06350100
v 0.01429900 -0.01740200 0.06342500
v 0.01515700 -0.01724000 0.06260300
v -0.01517800 -0.01712500 0.06261300
v -0.01508200 -0.01712500 0.06279500
v -0.01441500 -0.01712500 0.06357000
v -0.01407500 -0.01712500 0.06380200
v -0.01407500 -0.01712500 0.06380200
v -0.01331200 -0.01712500 0.06410100
v -0.01331200 -0.01712500 0.06410100
v -0.01270000 -0.01712500 0.06417000
v -0.01208800 -0.01712500 0.06410100
v -0.01132500 -0.01712500 0.06380200
v -0.01098500 -0.01712500 0.06357000
v -0.01022200 -0.01712500 0.06261300
v -0.01031800 -0.01712500 0.06279500
v -0.01194300 -0.01537500 0.06010900
v -0.01138900 -0.01537500 0.06066300
v -0.01135800 -0.01541200 0.06064500
v -0.01401100 -0.01537500 0.06066300
v -0.01345700 -0.01537500 0.06010900
v -0.01270000 -0.01537500 0.05990700
v -0.01404200 -0.01541200 0.06064500
v -0.01347500 -0.01541200 0.06007800
v -0.01347500 -0.01541200 0.06007800
v -0.01270000 -0.01541200 0.05987000
v -0.01270000 -0.01541200 0.05987000
v -0.01192500 -0.01541200 0.06007800
v -0.01192500 -0.01541200 0.06007800
v -0.01100000 -0.01724000 0.06355200
v -0.01209300 -0.01724000 0.06407900
v -0.01038900 -0.01740200 0.06253300
v -0.01509800 -0.01733700 0.06257500
v -0.01501100 -0.01740200 0.06253300
v -0.01030100 -0.01733700 0.06257500
v -0.01515700 -0.01724000 0.06260300
v -0.01429900 -0.01740200 0.06342500
v -0.01436000 -0.01733700 0.06350100
v -0.01440000 -0.01724000 0.06355200
v -0.01440000 -0.01724000 0.06355200
v -0.01330700 -0.01724000 0.06407900
v -0.01329200 -0.01733700 0.06401500
v -0.01327100 -0.01740200 0.06392000
v -0.01212900 -0.01740200 0.06392000
v -0.01210800 -0.01733700 0.06401500
v -0.01104000 -0.01733700 0.06350100
v -0.01110100 -0.01740200 0.06342500
v -0.01024300 -0.01724000 0.06260300
vn -0.00000000 -1.00000000 -0.00000000
vn 0.36400000 -0.00000000 -0.93140000
vn -0.84890000 -0.00000000 0.52850000
vn -0.00000000 -1.00000000 -0.00000000
vn -0.57140000 -0.00000000 0.82070000
vn -0.00000000 -1.00000000 -0.00000000
vn -0.00000000 -1.00000000 -0.00000000
vn 0.84900000 -0.00000000 -0.52850000
vn -0.00000000 -1.00000000 -0.00000000
vn 0.57140000 -0.00000000 -0.82070000
vn -0.00000000 -1.00000000 -0.00000000
vn 0.88210000 -0.00000000 0.47100000
vn -0.99910000 -0.00000000 -0.04220000
vn -0.00000000 -1.00000000 -0.00000000
vn -0.00000000 -1.00000000 -0.00000000
vn -0.98860000 -0.00000000 0.15040000
vn -0.00000000 -1.00000000 -0.00000000
vn 0.59080000 -0.00000000 0.80680000
vn -0.00000000 -1.00000000 -0.00000000
vn -0.65220000 -0.00510000 -0.75800000
vn -0.00000000 -1.00000000 -0.00000000
vn -0.46320000 -0.00000000 -0.88630000
vn -0.00000000 -1.00000000 -0.00000000
vn -0.40330000 -0.00000000 0.91510000
vn -0.62460000 -0.00000000 -0.78090000
vn -0.00000000 -1.00000000 -0.00000000
vn -0.88210000 -0.00000000 -0.47100000
vn -0.00000000 -1.00000000 -0.00000000
vn -0.00000000 -1.00000000 -0.00000000
vn -0.99640000 -0.00000000 -0.08460000
vn -0.00000000 -1.00000000 -0.00000000
vn -0.99410000 -0.00000000 0.10840000
vn 0.53600000 -0.00000000 -0.84420000
vn -0.00000000 -1.00000000 -0.00000000
vn -0.00000000 -1.00000000 -0.00000000
vn 0.33040000 -0.00510000 -0.94380000
vn -0.00000000 -1.00000000 -0.00000000
vn -0.03320000 -0.00000000 -0.99940000
vn 0.03320000 -0.00000000 0.99940000
vn -0.00000000 -1.00000000 -0.00000000
vn 0.42500000 -0.00000000 0.90520000
vn -0.00000000 -1.00000000 -0.00000000
vn -0.00000000 -1.00000000 -0.00000000
vn 0.98860000 -0.00000000 -0.15050000
vn -0.42510000 -0.00000000 -0.90520000
vn -0.00000000 -1.00000000 -0.00000000
vn 0.99910000 -0.00000000 0.04200000
vn -0.00000000 -1.00000000 -0.00000000
vn -0.00000000 -1.00000000 -0.00000000
vn 0.88730000 -0.00550000 0.46120000
vn 0.62460000 -0.00000000 0.78090000
vn -0.00000000 -1.00000000 -0.00000000
vn -0.00000000 -1.00000000 -0.00000000
vn 0.40780000 -0.00000000 -0.91310000
vn 0.45450000 -0.00000000 0.89080000
vn -0.00000000 -1.00000000 -0.00000000
vn 0.62460000 -0.00000000 0.78100000
vn -0.00000000 -1.00000000 -0.00000000
vn -0.00000000 -1.00000000 -0.00000000
vn -0.99940000 -0.00000000 0.03330000
vn -0.91770000 -0.00510000 -0.39710000
vn -0.00000000 -1.00000000 -0.00000000
vn -0.88780000 -0.00000000 0.46010000
vn -0.00000000 -1.00000000 -0.00000000
vn -0.00000000 -1.00000000 -0.00000000
vn -0.60300000 -0.00000000 0.79770000
vn -0.00000000 -1.00000000 -0.00000000
vn 0.99640000 -0.00000000 0.08460000
vn -0.53190000 -0.00000000 0.84680000
vn -0.00000000 -1.00000000 -0.00000000
vn -0.00000000 -1.00000000 -0.00000000
vn 0.99300000 -0.00000000 -0.11800000
vn -0.00000000 -1.00000000 -0.00000000
vn -0.36400000 -0.00000000 0.93140000
vn -0.00000000 -1.00000000 -0.00000000
vn 0.99640000 -0.00000000 0.08440000
vn -0.00000000 -1.00000000 -0.00000000
vn -0.99270000 -0.00510000 -0.12010000
vn -0.00000000 -1.00000000 -0.00000000
vn -0.84070000 -0.00510000 -0.54140000
vn -0.00000000 -1.00000000 -0.00000000
vn -0.59080000 -0.00000000 -0.80680000
vn -0.39240000 -0.00510000 -0.91980000
vn -0.00000000 -1.00000000 -0.00000000
vn -0.00000000 -1.00000000 -0.00000000
vn 0.04860000 -0.00510000 -0.99880000
vn -0.11500000 -0.00510000 -0.99340000
vn -0.00000000 -1.00000000 -0.00000000
vn -0.00000000 -1.00000000 -0.00000000
vn -0.52880000 -0.00000000 -0.84880000
vn -0.00000000 -1.00000000 -0.00000000
vn -0.04520000 -0.00000000 0.99900000
vn -0.00000000 -1.00000000 -0.00000000
vn -0.47100000 -0.00000000 0.88210000
vn -0.80490000 -0.00000000 0.59340000
vn -0.00000000 -1.00000000 -0.00000000
vn -0.00000000 -1.00000000 -0.00000000
vn 0.61590000 -0.00560000 -0.78780000
vn 0.90600000 -0.00790000 -0.42320000
vn -0.00000000 -1.00000000 -0.00000000
vn 0.99970000 -0.00830000 0.02360000
vn -0.00000000 -1.00000000 -0.00000000
vn -0.00000000 -1.00000000 -0.00000000
vn 0.38920000 -0.00000000 0.92120000
vn -0.00000000 -1.00000000 -0.00000000
vn -0.98200000 -0.00000000 0.18910000
vn 0.14880000 -0.00230000 0.98890000
vn -0.00000000 -1.00000000 -0.00000000
vn -0.00000000 -1.00000000 -0.00000000
vn -0.30870000 -0.00000000 0.95120000
vn 0.57580000 -0.00830000 0.81750000
vn 0.57580000 -0.01060000 0.81750000
vn -0.00000000 -1.00000000 -0.00000000
vn 0.87690000 -0.00550000 0.48060000
vn -0.00000000 -1.00000000 -0.00000000
vn -0.00000000 -1.00000000 -0.00000000
vn 0.47090000 -0.00000000 -0.88220000
vn 0.80290000 -0.00510000 -0.59610000
vn -0.00000000 -1.00000000 -0.00000000
vn -0.00000000 -1.00000000 -0.00000000
vn 0.98260000 -0.00510000 -0.18570000
vn -0.00000000 -1.00000000 -0.00000000
vn -0.40330000 -0.00000000 0.91510000
vn -0.00000000 -1.00000000 -0.00000000
vn -0.60320000 -0.00000000 0.79760000
vn -0.00000000 -1.00000000 -0.00000000
vn -0.88780000 -0.00000000 0.46020000
vn -0.99940000 -0.00000000 0.03330000
vn 0.69470000 -0.71810000 0.04120000
vn -0.00000000 -1.00000000 -0.00000000
vn -0.00000000 -1.00000000 -0.00000000
vn -0.93730000 -0.00000000 -0.34860000
vn -0.00000000 -1.00000000 -0.00000000
vn -0.80540000 -0.00060000 -0.59270000
vn -0.00000000 -1.00000000 -0.00000000
vn -0.61170000 -0.00000000 -0.79110000
vn -0.00000000 -1.00000000 -0.00000000
vn -0.46320000 -0.00000000 -0.88630000
vn -0.62460000 -0.00000000 -0.78090000
vn -0.00000000 -1.00000000 -0.00000000
vn -0.88210000 -0.00000000 -0.47100000
vn -0.00000000 -1.00000000 -0.00000000
vn -0.99410000 -0.00000000 0.10840000
vn -0.00000000 -1.00000000 -0.00000000
vn -0.99770000 -0.00000000 -0.06840000
vn -0.00000000 -1.00000000 -0.00000000
vn -0.00000000 -1.00000000 -0.00000000
vn -0.94060000 -0.00060000 -0.33940000
vn -0.00000000 -1.00000000 -0.00000000
vn -0.00000000 -1.00000000 0.00010000
vn -0.81130000 -0.00000000 -0.58460000
vn -0.00000000 -1.00000000 0.00010000
vn -0.52840000 -0.00000000 -0.84900000
vn -0.00000000 -1.00000000 -0.00000000
vn 0.35970000 -0.78110000 0.51040000
vn -0.16680000 -0.00000000 -0.98600000
vn -0.00000000 -1.00000000 -0.00000000
vn -0.00000000 -1.00000000 -0.00000000
vn 0.11040000 -0.00060000 -0.99390000
vn -0.00000000 -1.00000000 -0.00000000
vn 0.37930000 -0.00000000 -0.92530000
vn 0.53600000 -0.00000000 -0.84420000
vn -0.00000000 -1.00000000 -0.00000000
vn 0.36400000 -0.00000000 -0.93140000
vn -0.00000000 -1.00000000 -0.00000000
vn -0.00000000 -1.00000000 -0.00000000
vn -0.03320000 -0.00000000 -0.99940000
vn -0.00000000 -1.00000000 -0.00000000
vn -0.42510000 -0.00000000 -0.90520000
vn -0.00000000 -1.00000000 -0.00000000
vn -0.59080000 -0.00000000 -0.80680000
vn -0.43990000 -0.00000000 -0.89800000
vn -0.00000000 -1.00000000 -0.00000000
vn -0.17600000 -0.00060000 -0.98440000
vn -0.00000000 -1.00000000 -0.00000000
vn 0.10090000 -0.00000000 -0.99490000
vn -0.00000000 -1.00000000 -0.00000000
vn -0.27150000 -0.76260000 0.58720000
vn -0.00000000 -1.00000000 -0.00000000
vn 0.47100000 -0.00000000 -0.88220000
vn -0.00000000 -1.00000000 -0.00000000
vn 0.77070000 -0.00000000 -0.63720000
vn 0.91610000 -0.00060000 -0.40080000
vn -0.00000000 -1.00000000 -0.00000000
vn -0.00000000 -1.00000000 -0.00000000
vn 0.99100000 -0.00000000 -0.13410000
vn -0.00000000 -1.00000000 -0.00000000
vn 0.99910000 -0.00000000 0.04200000
vn -0.00000000 -1.00000000 -0.00000000
vn 0.98860000 -0.00000000 -0.15050000
vn 0.84900000 -0.00000000 -0.52850000
vn -0.00000000 -1.00000000 -0.00000000
vn 0.57140000 -0.00000000 -0.82070000
vn -0.00000000 -1.00000000 -0.00000000
vn 0.40780000 -0.00000000 -0.91310000
vn -0.00000000 -1.00000000 -0.00000000
vn 0.57200000 -0.00000000 -0.82020000
vn -0.00000000 -1.00000000 -0.00000000
vn 0.78300000 -0.00070000 -0.62210000
vn -0.00000000 -1.00000000 -0.00000000
vn 0.92270000 -0.00000000 -0.38550000
vn -0.00000000 -1.00000000 -0.00000000
vn -0.59940000 -0.80010000 0.02130000
vn 0.99290000 -0.00030000 -0.11940000
vn -0.00000000 -1.00000000 -0.00000000
vn 0.99970000 -0.00000000 0.02570000
vn 0.99650000 -0.00070000 0.08400000
vn 0.86100000 -0.00000000 0.50860000
vn -0.00000000 -1.00000000 -0.00000000
vn 0.95950000 -0.00350000 0.28170000
vn -0.00000000 -1.00000000 -0.00000000
vn 0.98760000 -0.00370000 0.15710000
vn -0.00000000 -1.00000000 -0.00000000
vn 0.45450000 -0.00000000 0.89070000
vn -0.00000000 -1.00000000 -0.00000000
vn 0.62460000 -0.00000000 0.78100000
vn -0.00000000 -1.00000000 -0.00000000
vn 0.88210000 -0.00000000 0.47100000
vn -0.00000000 -1.00000000 -0.00000000
vn 0.99640000 -0.00000000 0.08440000
vn -0.00000000 -1.00000000 -0.00000000
vn -0.00000000 -1.00000000 -0.00000000
vn 0.99300000 -0.00000000 -0.11800000
vn -0.00000000 -1.00000000 -0.00000000
vn 0.99640000 -0.00000000 0.08460000
vn -0.00000000 -1.00000000 -0.00000000
vn 0.90180000 -0.00000000 0.43210000
vn -0.00000000 -1.00000000 -0.00000000
vn -0.53180000 -0.00000000 0.84680000
vn -0.00000000 -1.00000000 -0.00000000
vn -0.36400000 -0.00000000 0.93140000
vn 0.03320000 -0.00000000 0.99940000
vn -0.00000000 -1.00000000 -0.00000000
vn -0.00000000 -1.00000000 -0.00000000
vn 0.42510000 -0.00000000 0.90520000
vn 0.59080000 -0.00000000 0.80680000
vn -0.00000000 -1.00000000 -0.00000000
vn 0.38910000 -0.00000000 0.92120000
vn -0.00000000 -1.00000000 -0.00000000
vn -0.00000000 -1.00000000 -0.00000000
vn -0.04520000 -0.00000000 0.99900000
vn -0.00000000 -1.00000000 0.00020000
vn -0.00000000 -1.00000000 0.00020000
vn -0.00000000 -1.00000000 0.00010000
vn 0.27550000 -0.76730000 -0.57910000
vn -0.47100000 -0.00000000 0.88210000
vn -0.80490000 -0.00000000 0.59330000
vn -0.00000000 -1.00000000 -0.00000000
vn -0.00000000 -1.00000000 0.00010000
vn -0.00000000 -1.00000000 -0.00000000
vn -0.98200000 -0.00000000 0.18910000
vn -0.00000000 -1.00000000 -0.00000000
vn -0.99910000 -0.00000000 -0.04220000
vn -0.00000000 -1.00000000 -0.00000000
vn -0.98860000 -0.00000000 0.15050000
vn -0.00000000 -1.00000000 -0.00000000
vn -0.84890000 -0.00000000 0.52850000
vn -0.00000000 -1.00000000 -0.00000000
vn -0.57140000 -0.00000000 0.82070000
vn 0.66730000 -0.49220000 0.55900000
vn 0.50380000 -0.62580000 0.59540000
vn 0.65880000 -0.66930000 0.34370000
vn 0.53120000 -0.42710000 0.73170000
vn 0.28610000 -0.43670000 0.85290000
vn 0.37830000 -0.51430000 0.76970000
vn 0.09090000 -0.47510000 0.87520000
vn 0.02780000 -0.61990000 0.78420000
vn -0.13170000 -0.50160000 0.85500000
vn -0.40200000 -0.51280000 0.75860000
vn 0.75760000 -0.51650000 0.39910000
vn 0.77360000 -0.62710000 0.09100000
vn 0.82960000 -0.50140000 0.24550000
vn 0.91240000 -0.40870000 -0.02330000
vn 0.86920000 -0.47650000 -0.13210000
vn 0.78910000 -0.45770000 -0.40960000
vn 0.67040000 -0.61910000 -0.40900000
vn 0.64170000 -0.49720000 -0.58390000
vn 0.34850000 -0.65300000 -0.67240000
vn 0.40090000 -0.51290000 -0.75910000
vn -0.00000000 -1.00000000 -0.00000000
vn 0.48190000 -0.76490000 -0.42750000
vn -0.00000000 -1.00000000 0.00010000
vn -0.00380000 -0.77030000 0.63770000
vn -0.00000000 -1.00000000 -0.00000000
vn 0.13820000 -0.85190000 0.50510000
vn -0.00000000 -1.00000000 -0.00000000
vn 0.21280000 -0.77620000 0.59350000
vn 0.45940000 -0.77090000 0.44120000
vn -0.00000000 -1.00000000 -0.00000000
vn -0.00000000 -1.00000000 0.00010000
vn 0.56740000 -0.77360000 0.28220000
vn -0.00000000 -1.00000000 -0.00000000
vn -0.00000000 -1.00000000 -0.00000000
vn 0.64260000 -0.75170000 0.14830000
vn 0.60460000 -0.78180000 -0.15240000
vn 0.30580000 -0.93860000 -0.15990000
vn -0.34980000 -0.65250000 0.67220000
vn -0.00000000 -1.00000000 -0.00000000
vn -0.19070000 -0.71270000 0.67500000
vn -0.99640000 -0.00000000 -0.08450000
vn -0.00000000 -1.00000000 -0.00000000
vn -0.00000000 -1.00000000 -0.00000000
vn -0.49810000 -0.85070000 0.16780000
vn -0.00000000 -1.00000000 -0.00000000
vn -0.45330000 -0.76000000 0.46580000
vn -0.00000000 -1.00000000 -0.00000000
vn -0.52850000 -0.76960000 0.35840000
vn -0.30860000 -0.00000000 0.95120000
vn -0.00000000 -1.00000000 -0.00000000
vn -0.03730000 -0.93790000 -0.34500000
vn 0.13600000 -0.00000000 0.99070000
vn -0.00000000 -1.00000000 -0.00010000
vn 0.45310000 -0.00060000 0.89150000
vn 0.45310000 -0.00030000 0.89150000
vn -0.33230000 -0.78420000 -0.52400000
vn -0.00000000 -1.00000000 -0.00000000
vn 0.12570000 -0.73520000 -0.66610000
vn -0.00000000 -1.00000000 0.00020000
vn -0.65220000 -0.75790000 -0.01410000
vn -0.00000000 -1.00000000 -0.00000000
vn -0.00000000 -1.00000000 -0.00000000
vn -0.65260000 -0.75660000 -0.04020000
vn -0.64230000 -0.75910000 -0.10630000
vn -0.00000000 -1.00000000 -0.00000000
vn -0.00000000 -1.00000000 -0.00000000
vn 0.62470000 -0.00000000 0.78090000
vn 0.62430000 -0.00070000 0.78120000
vn -0.00000000 -1.00000000 -0.00000000
vn -0.37090000 -0.75180000 -0.54520000
vn 0.57760000 -0.00000000 0.81630000
vn -0.63230000 -0.74260000 -0.22080000
vn -0.00000000 -1.00000000 -0.00000000
vn -0.57590000 -0.76770000 -0.28100000
vn -0.00000000 -1.00000000 -0.00000000
vn -0.00000000 -1.00000000 -0.00000000
vn 0.67990000 -0.00370000 0.73330000
vn -0.00000000 -1.00000000 -0.00000000
vn 0.76780000 -0.00350000 0.64060000
vn -0.39650000 -0.75670000 -0.51980000
vn -0.00000000 -1.00000000 -0.00000000
vn -0.44570000 -0.75910000 -0.47450000
vn -0.00000000 -1.00000000 -0.00000000
vn -0.00000000 -1.00000000 -0.00000000
vn -0.49660000 -0.76790000 -0.40480000
vn -0.95650000 -0.28910000 -0.03980000
vn -0.68430000 -0.69910000 -0.20740000
vn -0.87200000 -0.47960000 0.09800000
vn -0.87110000 -0.43830000 0.22140000
vn -0.77780000 -0.62140000 -0.09380000
vn -0.50550000 -0.62470000 -0.59510000
vn -0.20770000 -0.78010000 -0.59020000
vn -0.03450000 -0.61220000 -0.79000000
vn -0.63790000 -0.46330000 -0.61520000
vn -0.30070000 -0.43830000 -0.84700000
vn -0.40040000 -0.47920000 -0.78110000
vn -0.05170000 -0.47140000 -0.88040000
vn 0.14380000 -0.50380000 -0.85170000
vn -0.66020000 -0.66750000 -0.34450000
vn -0.69820000 -0.50710000 -0.50530000
vn -0.75900000 -0.51600000 -0.39700000
vn -0.79910000 -0.53770000 -0.26890000
vn -0.76060000 -0.47120000 0.44670000
vn -0.68010000 -0.60950000 0.40730000
vn -0.63210000 -0.49940000 0.59250000
vn -0.61370000 -0.77490000 0.15110000
vn -0.00000000 -1.00000000 -0.00000000
vn -0.53180000 -0.00000000 0.84690000
vn -0.36400000 -0.00000000 0.93140000
vn -0.00000000 -1.00000000 -0.00000000
vn -0.00000000 -1.00000000 -0.00000000
vn 0.99300000 -0.00000000 -0.11800000
vn -0.88220000 -0.00000000 -0.47100000
vn -0.00000000 -1.00000000 -0.00000000
vn -0.00000000 -1.00000000 -0.00000000
vn 0.36400000 -0.00000000 -0.93140000
vn -0.00000000 -1.00000000 -0.00000000
vn -0.03320000 -0.00000000 -0.99940000
vn -0.00000000 -1.00000000 -0.00000000
vn 0.03320000 -0.00000000 0.99940000
vn -0.00000000 -1.00000000 -0.00000000
vn 0.88210000 -0.00000000 0.47110000
vn -0.00000000 -1.00000000 -0.00000000
vn 0.99640000 -0.00000000 0.08450000
vn 0.42510000 -0.00000000 0.90520000
vn -0.00000000 -1.00000000 -0.00000000
vn -0.98860000 -0.00000000 0.15050000
vn -0.00000000 -1.00000000 -0.00000000
vn 0.59080000 -0.00000000 0.80680000
vn -0.00000000 -1.00000000 -0.00000000
vn -0.00000000 -1.00000000 -0.00000000
vn 0.40770000 -0.00000000 -0.91310000
vn 0.45450000 -0.00000000 0.89080000
vn -0.00000000 -1.00000000 -0.00000000
vn 0.57130000 -0.00000000 -0.82070000
vn -0.00000000 -1.00000000 -0.00000000
vn -0.00000000 -1.00000000 -0.00000000
vn 0.62460000 -0.00000000 0.78100000
vn -0.00000000 -1.00000000 -0.00000000
vn 0.84890000 -0.00000000 -0.52850000
vn -0.11500000 -0.00510000 -0.99340000
vn -0.00000000 -1.00000000 -0.00000000
vn -0.00000000 -1.00000000 -0.00000000
vn 0.33040000 -0.00510000 -0.94380000
vn 0.53600000 -0.00000000 -0.84420000
vn -0.00000000 -1.00000000 -0.00000000
vn -0.00000000 -1.00000000 -0.00000000
vn 0.87690000 -0.00560000 0.48060000
vn 0.57580000 -0.01090000 0.81750000
vn -0.00000000 -1.00000000 -0.00000000
vn 0.57580000 -0.00830000 0.81750000
vn -0.00000000 -1.00000000 -0.00000000
vn 0.14880000 -0.00230000 0.98890000
vn 0.98260000 -0.00510000 -0.18570000
vn -0.00000000 -1.00000000 -0.00000000
vn -0.00000000 -1.00000000 -0.00000000
vn 0.99910000 -0.00000000 0.04180000
vn -0.00000000 -1.00000000 -0.00000000
vn -0.59080000 -0.00000000 -0.80680000
vn -0.00000000 -1.00000000 -0.00000000
vn 0.98860000 -0.00000000 -0.15050000
vn -0.42500000 -0.00000000 -0.90520000
vn -0.00000000 -1.00000000 -0.00000000
vn -0.99270000 -0.00510000 -0.12030000
vn -0.00000000 -1.00000000 -0.00000000
vn -0.84060000 -0.00510000 -0.54160000
vn -0.00000000 -1.00000000 -0.00000000
vn -0.00000000 -1.00000000 -0.00000000
vn -0.52850000 -0.00000000 -0.84890000
vn -0.00000000 -1.00000000 -0.00000000
vn 0.99640000 -0.00000000 0.08460000
vn -0.00000000 -1.00000000 -0.00000000
vn -0.30860000 -0.00000000 0.95120000
vn -0.00000000 -1.00000000 -0.00000000
vn 0.38910000 -0.00000000 0.92120000
vn -0.00000000 -1.00000000 -0.00000000
vn -0.04520000 -0.00000000 0.99900000
vn -0.00000000 -1.00000000 -0.00000000
vn -0.47090000 -0.00000000 0.88220000
vn -0.00000000 -1.00000000 -0.00000000
vn 0.90600000 -0.00790000 -0.42310000
vn 0.99970000 -0.00820000 0.02360000
vn -0.00000000 -1.00000000 -0.00000000
vn 0.61580000 -0.00560000 -0.78790000
vn -0.00000000 -1.00000000 -0.00000000
vn 0.88730000 -0.00550000 0.46120000
vn -0.00000000 -1.00000000 -0.00000000
vn 0.62460000 -0.00000000 0.78090000
vn -0.00000000 -1.00000000 -0.00000000
vn -0.99410000 -0.00000000 0.10850000
vn -0.00000000 -1.00000000 -0.00000000
vn -0.99640000 -0.00000000 -0.08450000
vn -0.00000000 -1.00000000 -0.00000000
vn -0.80290000 -0.00510000 0.59600000
vn -0.00000000 -1.00000000 -0.00000000
vn -0.98260000 -0.00510000 0.18580000
vn -0.00000000 -1.00000000 -0.00000000
vn -0.00000000 -1.00000000 -0.00000000
vn -0.99910000 -0.00000000 -0.04200000
vn -0.00000000 -1.00000000 -0.00000000
vn -0.84900000 -0.00000000 0.52850000
vn -0.57140000 -0.00000000 0.82070000
vn -0.00000000 -1.00000000 -0.00000000
vn -0.62460000 -0.00000000 -0.78090000
vn -0.00000000 -1.00000000 -0.00000000
vn -0.40330000 -0.00000000 0.91510000
vn -0.00000000 -1.00000000 -0.00000000
vn -0.00000000 -1.00000000 -0.00000000
vn -0.46310000 -0.00000000 -0.88630000
vn -0.00000000 -1.00000000 -0.00000000
vn -0.60060000 -0.00510000 0.79960000
vn -0.00000000 -1.00000000 -0.00000000
vn -0.88930000 -0.00510000 0.45720000
vn -0.00000000 -1.00000000 -0.00000000
vn -0.99950000 -0.00000000 0.03320000
vn -0.00000000 -1.00000000 -0.00000000
vn -0.91770000 -0.00510000 -0.39720000
vn -0.00000000 -1.00000000 -0.00000000
vn -0.65230000 -0.00510000 -0.75800000
vn -0.00000000 -1.00000000 -0.00000000
vn 0.80290000 -0.00510000 -0.59620000
vn 0.47070000 -0.00000000 -0.88230000
vn -0.00000000 -1.00000000 -0.00000000
vn 0.04850000 -0.00510000 -0.99880000
vn -0.00000000 -1.00000000 -0.00000000
vn -0.00000000 -1.00000000 -0.00000000
vn -0.39250000 -0.00510000 -0.91980000
vn -0.40330000 -0.00000000 0.91510000
vn -0.00000000 -1.00000000 -0.00000000
vn -0.55780000 -0.00000000 0.83000000
vn -0.00000000 -1.00000000 -0.00000000
vn -0.76420000 -0.00060000 0.64490000
vn -0.00000000 -1.00000000 -0.00000000
vn -0.00000000 -1.00000000 -0.00000000
vn -0.91200000 -0.00000000 0.41010000
vn -0.00000000 -1.00000000 -0.00000000
vn -0.99950000 -0.00000000 0.03320000
vn 0.70810000 -0.70460000 0.04600000
vn -0.00000000 -1.00000000 -0.00000000
vn -0.93720000 -0.00000000 -0.34880000
vn -0.00000000 -1.00000000 -0.00000000
vn -0.80560000 -0.00060000 -0.59250000
vn -0.00000000 -1.00000000 -0.00000000
vn -0.61160000 -0.00000000 -0.79120000
vn -0.46310000 -0.00000000 -0.88630000
vn -0.00000000 -1.00000000 -0.00000000
vn -0.62460000 -0.00000000 -0.78090000
vn -0.00000000 -1.00000000 -0.00000000
vn -0.88210000 -0.00000000 -0.47100000
vn -0.00000000 -1.00000000 -0.00000000
vn -0.99410000 -0.00000000 0.10820000
vn -0.00000000 -1.00000000 -0.00000000
vn -0.00000000 -1.00000000 -0.00000000
vn -0.99770000 -0.00000000 -0.06820000
vn -0.00000000 -1.00000000 -0.00000000
vn -0.94060000 -0.00060000 -0.33940000
vn -0.81120000 -0.00000000 -0.58480000
vn -0.00000000 -1.00000000 -0.00000000
vn 0.35970000 -0.78110000 0.51040000
vn -0.52850000 -0.00000000 -0.84890000
vn -0.00000000 -1.00000000 -0.00000000
vn -0.16680000 -0.00000000 -0.98600000
vn -0.00000000 -1.00000000 -0.00000000
vn -0.00000000 -1.00000000 -0.00000000
vn 0.11040000 -0.00060000 -0.99390000
vn 0.37930000 -0.00000000 -0.92530000
vn -0.00000000 -1.00000000 -0.00000000
vn -0.00000000 -1.00000000 -0.00000000
vn 0.53600000 -0.00000000 -0.84420000
vn -0.00000000 -1.00000000 -0.00000000
vn 0.36400000 -0.00000000 -0.93140000
vn -0.00000000 -1.00000000 -0.00000000
vn -0.03320000 -0.00000000 -0.99940000
vn -0.00000000 -1.00000000 -0.00000000
vn -0.42500000 -0.00000000 -0.90520000
vn -0.00000000 -1.00000000 -0.00000000
vn -0.59080000 -0.00000000 -0.80680000
vn -0.44000000 -0.00000000 -0.89800000
vn -0.00000000 -1.00000000 -0.00000000
vn -0.17650000 -0.00060000 -0.98430000
vn -0.00000000 -1.00000000 -0.00000000
vn -0.00000000 -1.00000000 -0.00010000
vn -0.00000000 -1.00000000 -0.00000000
vn 0.10080000 -0.00000000 -0.99490000
vn -0.00000000 -1.00000000 -0.00010000
vn -0.27150000 -0.76260000 0.58720000
vn 0.47110000 -0.00000000 -0.88210000
vn -0.00000000 -1.00000000 -0.00000000
vn -0.00000000 -1.00000000 -0.00000000
vn 0.77070000 -0.00000000 -0.63720000
vn 0.91600000 -0.00060000 -0.40120000
vn -0.00000000 -1.00000000 -0.00000000
vn 0.99100000 -0.00000000 -0.13420000
vn -0.00000000 -1.00000000 -0.00000000
vn -0.00000000 -1.00000000 -0.00000000
vn 0.99910000 -0.00000000 0.04220000
vn -0.00000000 -1.00000000 -0.00000000
vn 0.98860000 -0.00000000 -0.15050000
vn -0.00000000 -1.00000000 -0.00000000
vn 0.84890000 -0.00000000 -0.52850000
vn -0.00000000 -1.00000000 -0.00000000
vn 0.57130000 -0.00000000 -0.82070000
vn 0.40770000 -0.00000000 -0.91310000
vn -0.00000000 -1.00000000 -0.00000000
vn 0.57190000 -0.00000000 -0.82030000
vn -0.00000000 -1.00000000 -0.00000000
vn 0.78300000 -0.00070000 -0.62210000
vn -0.00000000 -1.00000000 -0.00000000
vn 0.92280000 -0.00000000 -0.38530000
vn -0.00000000 -1.00000000 -0.00000000
vn -0.59930000 -0.80030000 0.02130000
vn -0.00000000 -1.00000000 -0.00000000
vn 0.99280000 -0.00030000 -0.11970000
vn 0.99970000 -0.00000000 0.02570000
vn 0.99650000 -0.00070000 0.08420000
vn 0.86100000 -0.00000000 0.50860000
vn -0.00000000 -1.00000000 -0.00000000
vn 0.95970000 -0.00340000 0.28100000
vn -0.00000000 -1.00000000 -0.00000000
vn 0.98760000 -0.00360000 0.15710000
vn -0.00000000 -1.00000000 -0.00000000
vn 0.45450000 -0.00000000 0.89070000
vn -0.00000000 -1.00000000 -0.00000000
vn -0.00000000 -1.00000000 -0.00000000
vn 0.62460000 -0.00000000 0.78100000
vn 0.88210000 -0.00000000 0.47110000
vn -0.00000000 -1.00000000 -0.00000000
vn -0.00000000 -1.00000000 -0.00000000
vn 0.99640000 -0.00000000 0.08450000
vn -0.00000000 -1.00000000 -0.00000000
vn 0.99300000 -0.00000000 -0.11800000
vn 0.99640000 -0.00000000 0.08460000
vn -0.00000000 -1.00000000 -0.00000000
vn -0.00000000 -1.00000000 -0.00000000
vn 0.90170000 -0.00000000 0.43240000
vn -0.53180000 -0.00000000 0.84690000
vn -0.00000000 -1.00000000 -0.00000000
vn -0.00000000 -1.00000000 -0.00000000
vn -0.36400000 -0.00000000 0.93140000
vn 0.03330000 -0.00000000 0.99940000
vn 0.03320000 -0.00000000 0.99940000
vn -0.00000000 -1.00000000 -0.00000000
vn -0.00000000 -1.00000000 -0.00000000
vn 0.42510000 -0.00000000 0.90510000
vn -0.00000000 -1.00000000 -0.00000000
vn 0.59080000 -0.00000000 0.80680000
vn 0.38900000 -0.00000000 0.92120000
vn -0.00000000 -1.00000000 -0.00000000
vn -0.04530000 -0.00000000 0.99900000
vn -0.00000000 -1.00000000 0.00020000
vn -0.00000000 -1.00000000 -0.00000000
vn -0.00000000 -1.00000000 -0.00000000
vn -0.47090000 -0.00000000 0.88220000
vn 0.26220000 -0.76670000 -0.58600000
vn -0.00000000 -1.00000000 0.00020000
vn -0.00000000 -1.00000000 -0.00000000
vn -0.77060000 -0.00000000 0.63730000
vn -0.91610000 -0.00060000 0.40100000
vn -0.00000000 -1.00000000 -0.00000000
vn -0.99100000 -0.00000000 0.13410000
vn -0.00000000 -1.00000000 -0.00000000
vn -0.99910000 -0.00000000 -0.04200000
vn -0.00000000 -1.00000000 -0.00000000
vn -0.00000000 -1.00000000 -0.00000000
vn -0.98860000 -0.00000000 0.15050000
vn -0.00000000 -1.00000000 -0.00000000
vn -0.84900000 -0.00000000 0.52850000
vn -0.57140000 -0.00000000 0.82070000
vn -0.00000000 -1.00000000 -0.00000000
vn 0.66730000 -0.49220000 0.55900000
vn 0.50380000 -0.62580000 0.59540000
vn 0.65880000 -0.66930000 0.34370000
vn 0.53120000 -0.42710000 0.73170000
vn 0.28610000 -0.43670000 0.85290000
vn 0.37830000 -0.51430000 0.76970000
vn 0.09090000 -0.47510000 0.87520000
vn 0.02770000 -0.61990000 0.78420000
vn -0.13170000 -0.50160000 0.85500000
vn -0.40200000 -0.51280000 0.75860000
vn 0.75760000 -0.51650000 0.39910000
vn 0.77360000 -0.62710000 0.09100000
vn 0.82960000 -0.50140000 0.24560000
vn 0.91240000 -0.40870000 -0.02330000
vn 0.86920000 -0.47650000 -0.13210000
vn 0.78920000 -0.45770000 -0.40950000
vn 0.67090000 -0.61830000 -0.40940000
vn 0.64170000 -0.49720000 -0.58390000
vn 0.34850000 -0.65250000 -0.67290000
vn 0.40090000 -0.51290000 -0.75910000
vn -0.00000000 -1.00000000 -0.00000000
vn 0.52770000 -0.77030000 -0.35800000
vn -0.00000000 -1.00000000 -0.00000000
vn 0.45260000 -0.76050000 -0.46560000
vn -0.00000000 -1.00000000 -0.00000000
vn -0.00380000 -0.77030000 0.63770000
vn -0.00000000 -1.00000000 -0.00000000
vn 0.13820000 -0.85200000 0.50500000
vn 0.21280000 -0.77620000 0.59350000
vn -0.00000000 -1.00000000 -0.00000000
vn 0.45940000 -0.77090000 0.44120000
vn 0.56740000 -0.77360000 0.28220000
vn -0.00000000 -1.00000000 -0.00000000
vn 0.64260000 -0.75170000 0.14830000
vn -0.00000000 -1.00000000 -0.00000000
vn 0.61260000 -0.77660000 -0.14710000
vn 0.49650000 -0.85200000 -0.16620000
vn -0.00000000 -1.00000000 -0.00000000
vn -0.34980000 -0.65250000 0.67220000
vn -0.00000000 -1.00000000 -0.00000000
vn -0.00000000 -1.00000000 -0.00010000
vn -0.19060000 -0.71270000 0.67500000
vn -0.99640000 -0.00000000 -0.08450000
vn -0.00000000 -1.00000000 -0.00000000
vn -0.00000000 -1.00000000 -0.00000000
vn -0.49820000 -0.85070000 0.16790000
vn -0.00000000 -1.00000000 -0.00000000
vn -0.45340000 -0.76000000 0.46580000
vn -0.00000000 -1.00000000 -0.00000000
vn -0.52850000 -0.76960000 0.35840000
vn -0.00000000 -1.00000000 -0.00000000
vn -0.30850000 -0.00000000 0.95120000
vn -0.03730000 -0.93790000 -0.34500000
vn 0.13590000 -0.00000000 0.99070000
vn -0.00000000 -1.00000000 -0.00010000
vn 0.45310000 -0.00030000 0.89150000
vn -0.33230000 -0.78420000 -0.52410000
vn -0.00000000 -1.00000000 -0.00000000
vn 0.12570000 -0.73520000 -0.66610000
vn -0.00000000 -1.00000000 0.00020000
vn -0.00000000 -1.00000000 -0.00000000
vn -0.65210000 -0.75800000 -0.01410000
vn -0.65260000 -0.75660000 -0.04030000
vn -0.00000000 -1.00000000 -0.00000000
vn -0.00000000 -1.00000000 -0.00000000
vn 0.62420000 -0.00070000 0.78130000
vn -0.37050000 -0.75170000 -0.54550000
vn -0.00000000 -1.00000000 -0.00000000
vn 0.57760000 -0.00000000 0.81630000
vn -0.00000000 -1.00000000 -0.00000000
vn 0.62470000 -0.00000000 0.78090000
vn -0.64230000 -0.75910000 -0.10640000
vn -0.00000000 -1.00000000 -0.00000000
vn -0.00000000 -1.00000000 -0.00000000
vn -0.63230000 -0.74260000 -0.22070000
vn -0.00000000 -1.00000000 -0.00000000
vn -0.57590000 -0.76770000 -0.28100000
vn -0.00000000 -1.00000000 -0.00000000
vn 0.68000000 -0.00370000 0.73320000
vn -0.00000000 -1.00000000 -0.00000000
vn 0.76770000 -0.00340000 0.64080000
vn -0.00000000 -1.00000000 -0.00000000
vn -0.39650000 -0.75670000 -0.51990000
vn -0.00000000 -1.00000000 -0.00000000
vn -0.44570000 -0.75910000 -0.47460000
vn -0.49660000 -0.76780000 -0.40480000
vn -0.00000000 -1.00000000 -0.00000000
vn -0.95640000 -0.28920000 -0.03980000
vn -0.68430000 -0.69910000 -0.20740000
vn -0.87200000 -0.47960000 0.09800000
vn -0.87110000 -0.43840000 0.22140000
vn -0.77780000 -0.62140000 -0.09380000
vn -0.50550000 -0.62470000 -0.59510000
vn -0.20770000 -0.78010000 -0.59020000
vn -0.03450000 -0.61220000 -0.79000000
vn -0.63790000 -0.46330000 -0.61520000
vn -0.30070000 -0.43830000 -0.84700000
vn -0.40030000 -0.47920000 -0.78110000
vn -0.05160000 -0.47140000 -0.88040000
vn 0.14430000 -0.50390000 -0.85160000
vn -0.66020000 -0.66750000 -0.34450000
vn -0.69820000 -0.50710000 -0.50530000
vn -0.75900000 -0.51600000 -0.39700000
vn -0.79910000 -0.53770000 -0.26890000
vn -0.76050000 -0.47120000 0.44670000
vn -0.68010000 -0.60950000 0.40730000
vn -0.63220000 -0.49940000 0.59240000
vn -0.61370000 -0.77490000 0.15120000
vn -0.00000000 -0.00000000 1.00000000
vn -0.62090000 0.01770000 0.78370000
vn -0.62940000 0.13790000 0.76470000
vn -0.00010000 -0.00000000 1.00000000
vn -0.00000000 -0.00000000 1.00000000
vn -0.71960000 0.28100000 0.63500000
vn -0.00000000 -0.00000000 1.00000000
vn -0.59130000 0.23500000 0.77150000
vn -0.57590000 0.28050000 0.76790000
vn -0.00000000 -0.00000000 1.00000000
vn -0.56340000 0.28170000 0.77670000
vn 0.00010000 -0.00000000 1.00000000
vn -0.00000000 -0.00000000 1.00000000
vn -0.46090000 0.41550000 0.78420000
vn -0.47210000 0.28070000 0.83570000
vn 0.81950000 -0.57300000 0.00020000
vn -0.19570000 0.20500000 0.95900000
vn 0.00010000 -0.00000000 1.00000000
vn -0.00000000 -0.00000000 1.00000000
vn -0.57600000 -0.28030000 0.76790000
vn -0.59120000 -0.23510000 0.77150000
vn -0.00000000 -0.00000000 1.00000000
vn 0.00010000 -0.00000000 1.00000000
vn -0.71830000 -0.28460000 0.63480000
vn -0.28340000 -0.55110000 0.78490000
vn -0.00000000 -0.00000000 1.00000000
vn -0.28350000 -0.55100000 0.78490000
vn -0.19570000 -0.20500000 0.95900000
vn -0.19570000 -0.20510000 0.95900000
vn -0.46160000 -0.41440000 0.78440000
vn 0.02610000 -0.00000000 0.99970000
vn -0.52450000 -0.28810000 0.80120000
vn 0.81940000 0.57320000 0.00020000
vn 0.00230000 -0.00000000 1.00000000
vn -0.56810000 -0.30540000 0.76420000
vn -0.00000000 -0.00000000 1.00000000
vn -0.00400000 -0.85110000 0.52500000
vn -0.00880000 -0.74640000 0.66550000
vn -0.38990000 -0.67090000 0.63080000
vn -0.00000000 -0.00000000 1.00000000
vn -0.03630000 -0.63100000 0.77500000
vn 0.00010000 1.00000000 -0.00000000
vn -0.14710000 -0.66860000 0.72890000
vn 0.00010000 -0.00000000 1.00000000
vn -0.00010000 -0.00000000 1.00000000
vn -0.00000000 -0.00000000 1.00000000
vn -0.80770000 -0.39360000 0.43900000
vn -0.00000000 -0.00000000 1.00000000
vn -0.65000000 -0.61300000 0.44910000
vn -0.00000000 -0.00000000 1.00000000
vn -0.69060000 -0.49870000 0.52380000
vn -0.00000000 -0.00000000 1.00000000
vn -0.48900000 -0.72360000 0.48710000
vn -0.00000000 -0.00000000 1.00000000
vn -0.28390000 -0.80940000 0.51400000
vn -0.00000000 -0.00000000 1.00000000
vn -0.60770000 -0.15180000 0.77950000
vn -0.73380000 0.00660000 0.67930000
vn -0.00000000 -0.00000000 1.00000000
vn -0.84600000 -0.17970000 0.50190000
vn -0.85060000 0.00460000 0.52570000
vn -0.00000000 -0.00000000 1.00000000
vn -0.84140000 0.17550000 0.51110000
vn -0.00000000 -0.00000000 1.00000000
vn -0.78910000 0.44650000 0.42180000
vn -0.00000000 -0.00000000 1.00000000
vn -0.70000000 0.52500000 0.48410000
vn -0.00000000 -0.00000000 1.00000000
vn 0.00010000 -0.00000000 1.00000000
vn -0.49950000 0.72760000 0.47010000
vn -0.39500000 0.66930000 0.62930000
vn 0.00010000 -0.00000000 1.00000000
vn -0.00000000 -0.00000000 1.00000000
vn -0.28870000 0.81060000 0.50950000
vn 0.00740000 0.74640000 0.66540000
vn -0.00000000 -0.00000000 1.00000000
vn 0.00260000 0.85110000 0.52490000
vn -0.28340000 0.55100000 0.78490000
vn -0.00000000 -0.00000000 1.00000000
vn -0.00010000 -0.00000000 1.00000000
vn -0.17620000 0.60850000 0.77370000
vn 0.00020000 -0.00000000 1.00000000
vn -0.00000000 -0.00000000 1.00000000
vn 0.00010000 -1.00000000 -0.00000000
vn 0.03570000 0.63060000 0.77530000
vn 0.00010000 -0.00000000 1.00000000
vn -0.00010000 -0.00000000 1.00000000
vn -0.00000000 -0.00000000 1.00000000
vn 0.84440000 0.17940000 0.50480000
vn 0.71510000 0.28540000 0.63810000
vn 0.73170000 -0.00630000 0.68160000
vn -0.00000000 -0.00000000 1.00000000
vn 0.80590000 0.39390000 0.44210000
vn 0.64800000 0.61510000 0.44910000
vn -0.00000000 -0.00000000 1.00000000
vn 0.68710000 0.50150000 0.52580000
vn 0.48730000 0.72430000 0.48780000
vn -0.00000000 -0.00000000 1.00000000
vn 0.38690000 0.67170000 0.63170000
vn 0.28260000 0.80990000 0.51400000
vn -0.00000000 -0.00000000 1.00000000
vn -0.00000000 -0.00000000 1.00000000
vn 0.84890000 -0.00470000 0.52850000
vn 0.71580000 -0.28220000 0.63870000
vn -0.00000000 -0.00000000 1.00000000
vn 0.83940000 -0.17540000 0.51440000
vn -0.00000000 -0.00000000 1.00000000
vn 0.78830000 -0.44350000 0.42650000
vn 0.69750000 -0.52720000 0.48540000
vn -0.00000000 -0.00000000 1.00000000
vn 0.49840000 -0.72840000 0.47010000
vn 0.39200000 -0.67010000 0.63030000
vn -0.00000000 -0.00000000 1.00000000
vn 0.28730000 -0.81110000 0.50960000
vn 0.28280000 -0.55030000 0.78560000
vn -0.00000000 -0.00000000 1.00000000
vn 0.17570000 -0.60810000 0.77420000
vn -0.00000000 -0.00000000 1.00000000
vn 0.00010000 -0.00000000 1.00000000
vn -0.00000000 -0.00000000 1.00000000
vn 0.28280000 0.55030000 0.78560000
vn 0.19530000 0.20390000 0.95930000
vn 0.19530000 0.20400000 0.95930000
vn 0.45830000 0.41610000 0.78540000
vn -0.00000000 -0.00000000 1.00000000
vn 0.53270000 0.24900000 0.80890000
vn -0.86600000 -0.50000000 -0.00000000
vn 0.60160000 0.14190000 0.78610000
vn -0.00000000 -0.00000000 1.00000000
vn -0.00010000 -0.00000000 1.00000000
vn 0.62330000 -0.02350000 0.78160000
vn -0.00000000 -0.00000000 1.00000000
vn -0.00000000 -0.00000000 1.00000000
vn 0.00010000 -0.00000000 1.00000000
vn 0.63720000 -0.13340000 0.75910000
vn 0.46290000 -0.40960000 0.78610000
vn 0.00140000 -0.00000000 1.00000000
vn -0.86600000 0.50000000 -0.00000000
vn 0.60830000 -0.25420000 0.75190000
vn 0.19540000 -0.20400000 0.95930000
vn -0.00010000 -0.00000000 1.00000000
vn 0.00010000 -0.00000000 1.00000000
vn -0.00000000 -0.00000000 1.00000000
vn 0.14710000 0.66690000 0.73050000
vn -0.37950000 -0.92520000 -0.00000000
vn 0.00010000 -0.00000000 1.00000000
vn -0.00010000 -0.00000000 1.00000000
vn 0.00010000 -0.00000000 1.00000000
vn -0.61930000 -0.78520000 0.00030000
vn -0.00000000 -0.00000000 1.00000000
vn -0.00010000 -0.00000000 1.00000000
vn -0.81110000 -0.58490000 -0.00000000
vn -0.10140000 -0.99480000 -0.00000000
vn -0.00000000 -0.00000000 1.00000000
vn 0.00010000 -0.00000000 1.00000000
vn -0.37050000 -0.92880000 0.00030000
vn -0.00020000 -0.00000000 1.00000000
vn -0.61120000 -0.79150000 -0.00000000
vn 0.00010000 -0.00000000 1.00000000
vn -0.00000000 -0.00000000 1.00000000
vn -0.90120000 -0.43350000 -0.00000000
vn -0.00020000 -0.00000000 1.00000000
vn -0.00000000 -0.00000000 1.00000000
vn -0.80120000 -0.59840000 -0.00000000
vn -0.50000000 -0.86600000 -0.00000000
vn -0.00000000 -0.00000000 1.00000000
vn -0.11750000 -0.99310000 -0.00000000
vn -0.00000000 -0.00000000 1.00000000
vn 0.07520000 -0.99720000 -0.00000000
vn -0.00000000 -0.00000000 1.00000000
vn -0.00000000 -0.00000000 1.00000000
vn -0.99690000 -0.07830000 -0.00000000
vn -0.82590000 -0.56380000 -0.00000000
vn 0.00010000 -0.00000000 1.00000000
vn -0.00000000 -0.00000000 1.00000000
vn -0.93370000 -0.35820000 -0.00000000
vn 0.00010000 -0.00000000 1.00000000
vn 0.00120000 -0.00000000 1.00000000
vn -0.99690000 0.07830000 -0.00000000
vn -0.00000000 -0.00000000 1.00000000
vn -0.91880000 -0.39480000 -0.00000000
vn -1.00000000 -0.00000000 -0.00000000
vn -0.00000000 -0.00000000 1.00000000
vn -0.00010000 -0.00000000 1.00000000
vn -0.93360000 0.35830000 -0.00000000
vn -0.00000000 -0.00000000 1.00000000
vn -0.82610000 0.56360000 -0.00000000
vn -0.00000000 -0.00000000 1.00000000
vn -0.00010000 -0.00000000 1.00000000
vn -0.00000000 -0.00000000 1.00000000
vn -0.91880000 0.39470000 -0.00000000
vn -0.61140000 0.79130000 -0.00000000
vn -0.00000000 -0.00000000 1.00000000
vn -0.00000000 -0.00000000 1.00000000
vn -0.37040000 0.92890000 0.00030000
vn -0.00000000 -0.00000000 1.00000000
vn -0.10110000 0.99490000 -0.00000000
vn -0.00000000 -0.00000000 1.00000000
vn -0.81100000 0.58500000 -0.00000000
vn -0.00000000 -0.00000000 1.00000000
vn -0.61930000 0.78520000 0.00030000
vn 0.00010000 -0.00000000 1.00000000
vn 0.00010000 -0.00000000 1.00000000
vn -0.00000000 -0.00000000 1.00000000
vn -0.37970000 0.92510000 -0.00000000
vn 0.07510000 0.99720000 -0.00000000
vn -0.00000000 -0.00000000 1.00000000
vn -0.11750000 0.99310000 -0.00000000
vn -0.00000000 -0.00000000 1.00000000
vn -0.50010000 0.86600000 -0.00000000
vn -0.00000000 -0.00000000 1.00000000
vn -0.00000000 -0.00000000 1.00000000
vn -0.80120000 0.59840000 -0.00000000
vn -0.00000000 -0.00000000 1.00000000
vn -0.90110000 0.43360000 -0.00000000
vn 0.63230000 -0.77470000 -0.00000000
vn -0.00000000 -0.00000000 1.00000000
vn 0.39740000 -0.91760000 0.00040000
vn -0.00010000 -0.00000000 1.00000000
vn 0.00010000 -0.00000000 1.00000000
vn 0.11840000 -0.99300000 -0.00000000
vn -0.00000000 -0.00000000 1.00000000
vn 0.81110000 -0.58490000 -0.00000000
vn -0.00010000 -0.00000000 1.00000000
vn -0.00000000 -0.00000000 1.00000000
vn 0.61930000 -0.78520000 0.00030000
vn -0.00010000 -0.00000000 1.00000000
vn 0.37960000 -0.92520000 -0.00000000
vn -0.07050000 -0.99750000 -0.00000000
vn -0.00000000 -0.00000000 1.00000000
vn 0.11750000 -0.99310000 -0.00010000
vn -0.00000000 -0.00000000 1.00000000
vn 0.11750000 -0.99310000 -0.00000000
vn 0.50000000 -0.86610000 -0.00000000
vn -0.00000000 -0.00000000 1.00000000
vn -0.00000000 -0.00000000 1.00000000
vn 0.00020000 -0.00000000 1.00000000
vn 0.80120000 -0.59840000 -0.00000000
vn -0.00000000 -0.00000000 1.00000000
vn 0.90120000 -0.43350000 -0.00000000
vn 0.00020000 -0.00000000 1.00000000
vn -0.00000000 -0.00000000 1.00000000
vn 0.11840000 0.99300000 -0.00000000
vn 0.39780000 0.91750000 0.00040000
vn -0.00000000 -0.00000000 1.00000000
vn 0.00030000 -0.00000000 1.00000000
vn 0.63250000 0.77450000 -0.00000000
vn -0.00010000 -0.00000000 1.00000000
vn -0.00000000 -0.00000000 1.00000000
vn 0.37950000 0.92520000 -0.00000000
vn -0.00010000 -0.00000000 1.00000000
vn 0.61930000 0.78520000 0.00030000
vn 0.00010000 -0.00000000 1.00000000
vn 0.00010000 -0.00000000 1.00000000
vn -0.00000000 -0.00000000 1.00000000
vn 0.81100000 0.58500000 -0.00000000
vn -0.00000000 -0.00000000 1.00000000
vn 0.90110000 0.43360000 -0.00000000
vn -0.00000000 -0.00000000 1.00000000
vn 0.80120000 0.59840000 -0.00000000
vn 0.50010000 0.86600000 -0.00000000
vn -0.00000000 -0.00000000 1.00000000
vn 0.11750000 0.99310000 -0.00000000
vn -0.00000000 -0.00000000 1.00000000
vn -0.07030000 0.99750000 -0.00000000
vn -0.00000000 -0.00000000 1.00000000
vn 0.89390000 -0.44830000 -0.00000000
vn 0.00020000 -0.00000000 1.00000000
vn -0.00010000 -0.00000000 1.00000000
vn -0.00000000 -0.00000000 1.00000000
vn 0.89760000 0.44070000 -0.00000000
vn -0.00000000 -0.00000000 1.00000000
vn 0.89760000 -0.44070000 -0.00000000
vn -0.00000000 -0.00000000 1.00000000
vn 0.97950000 -0.20140000 0.00030000
vn 0.91860000 -0.39510000 0.00050000
vn 0.00610000 -0.00000000 1.00000000
vn 0.02550000 -0.00000000 0.99970000
vn 0.89380000 0.44840000 -0.00000000
vn 0.82050000 -0.57170000 -0.00000000
vn -0.00000000 -0.00000000 1.00000000
vn 0.91880000 -0.39480000 -0.00000000
vn -0.00000000 -0.00000000 1.00000000
vn -0.00000000 -0.00000000 1.00000000
vn 0.97950000 0.20160000 0.00030000
vn -0.00000000 -0.00000000 1.00000000
vn 1.00000000 -0.00710000 -0.00000000
vn 0.97910000 -0.20310000 0.00240000
vn -0.00000000 -0.00000000 1.00000000
vn 0.94500000 -0.32700000 0.00260000
vn -0.00000000 -0.00000000 1.00000000
vn 0.91860000 0.39520000 0.00050000
vn -0.00000000 -0.00000000 1.00000000
vn 0.00080000 -0.00000000 1.00000000
vn 0.00090000 -0.00000000 1.00000000
vn 0.94500000 0.32700000 0.00260000
vn 0.97910000 0.20310000 0.00240000
vn -0.00000000 -0.00000000 1.00000000
vn 0.00010000 -0.00000000 1.00000000
vn 0.00010000 -0.00000000 1.00000000
vn -0.00000000 -0.00000000 1.00000000
vn 1.00000000 0.00710000 -0.00000000
vn 1.00000000 -0.00000000 -0.00000000
vn -0.00000000 -0.00000000 1.00000000
vn 0.91880000 0.39470000 -0.00000000
vn -0.00000000 -0.00000000 1.00000000
vn 0.82040000 0.57180000 -0.00000000
vn -0.00000000 -0.00000000 1.00000000
vn -0.00010000 -0.00000000 1.00000000
vn -0.00000000 -0.00000000 1.00000000
vn -0.77880000 -0.62730000 0.00370000
vn -0.00000000 -0.00000000 1.00000000
vn -0.90120000 -0.43350000 -0.00000000
vn -0.00000000 -0.00000000 1.00000000
vn -0.42820000 -0.90370000 0.00370000
vn -0.00000000 -0.00000000 1.00000000
vn 0.00010000 -0.00000000 1.00000000
vn 0.00010000 -1.00000000 -0.00000000
vn 0.00010000 -0.00000000 1.00000000
vn -0.00020000 -0.00000000 1.00000000
vn 0.42830000 -0.90360000 0.00370000
vn 0.00020000 -0.00000000 1.00000000
vn 0.77880000 -0.62730000 0.00370000
vn -0.00020000 -0.00000000 1.00000000
vn 0.00010000 -0.00000000 1.00000000
vn 0.90120000 -0.43350000 -0.00000000
vn -0.00000000 -0.00000000 1.00000000
vn -0.00000000 -0.00000000 1.00000000
vn 0.07520000 -0.99720000 -0.00000000
vn -0.00000000 -0.00000000 1.00000000
vn -0.11750000 -0.99310000 -0.00000000
vn -0.00000000 -0.00000000 1.00000000
vn -0.50000000 -0.86600000 -0.00000000
vn -0.00020000 -0.00000000 1.00000000
vn -0.80120000 -0.59840000 -0.00000000
vn -0.00000000 -0.00000000 1.00000000
vn -0.00020000 -0.00000000 1.00000000
vn -0.00000000 -0.00000000 1.00000000
vn -0.82610000 0.56360000 -0.00000000
vn -0.93360000 0.35830000 -0.00000000
vn -0.00000000 -0.00000000 1.00000000
vn -0.00000000 -0.00000000 1.00000000
vn -0.99690000 -0.07830000 -0.00000000
vn -0.00000000 -0.00000000 1.00000000
vn -0.86600000 -0.50000000 -0.00000000
vn -0.00000000 -0.00000000 1.00000000
vn -0.56830000 -0.82280000 0.00370000
vn -0.00000000 -0.00000000 1.00000000
vn -0.15390000 -0.98810000 0.00370000
vn -0.00000000 -0.00000000 1.00000000
vn -1.00000000 -0.00000000 -0.00000000
vn -0.91880000 0.39470000 -0.00000000
vn -0.00020000 -0.00000000 1.00000000
vn -0.00000000 -0.00000000 1.00000000
vn 0.00030000 -0.00000000 1.00000000
vn -0.00000000 -0.00000000 1.00000000
vn -0.82610000 -0.56350000 -0.00000000
vn 0.00010000 -0.00000000 1.00000000
vn -0.00000000 -0.00000000 1.00000000
vn -0.91880000 -0.39480000 -0.00000000
vn -0.00000000 -0.00000000 1.00000000
vn 0.00010000 -0.00000000 1.00000000
vn -0.15420000 0.98800000 0.00380000
vn -0.00000000 -0.00000000 1.00000000
vn 0.00010000 -0.00000000 1.00000000
vn 0.07510000 0.99720000 -0.00000000
vn -0.00000000 -0.00000000 1.00000000
vn -0.56820000 0.82290000 0.00380000
vn -0.00000000 -0.00000000 1.00000000
vn 0.00030000 -0.00000000 1.00000000
vn -0.86600000 0.50000000 -0.00000000
vn -0.99690000 0.07830000 -0.00000000
vn -0.00060000 -0.00000000 1.00000000
vn -0.93370000 -0.35820000 -0.00000000
vn 0.00030000 -0.00000000 1.00000000
vn -0.00000000 -0.00000000 1.00000000
vn -0.00000000 -0.00000000 1.00000000
vn 0.00020000 -0.00000000 1.00000000
vn 0.77870000 0.62740000 0.00370000
vn -0.00000000 -0.00000000 1.00000000
vn 0.90110000 0.43360000 -0.00000000
vn 0.00020000 -0.00000000 1.00000000
vn 0.42850000 0.90350000 0.00370000
vn -0.00000000 -0.00000000 1.00000000
vn 0.00010000 1.00000000 -0.00000000
vn 0.00020000 -0.00000000 1.00000000
vn -0.42850000 0.90350000 0.00370000
vn -0.00000000 -0.00000000 1.00000000
vn -0.00010000 -0.00000000 1.00000000
vn -0.00010000 -0.00000000 1.00000000
vn -0.77870000 0.62740000 0.00370000
vn -0.00000000 -0.00000000 1.00000000
vn -0.90110000 0.43360000 -0.00000000
vn -0.00010000 -0.00000000 1.00000000
vn -0.00000000 -0.00000000 1.00000000
vn -0.80120000 0.59840000 -0.00000000
vn -0.50000000 0.86600000 -0.00000000
vn -0.00000000 -0.00000000 1.00000000
vn -0.00000000 -0.00000000 1.00000000
vn -0.11750000 0.99310000 -0.00000000
vn 0.00020000 -0.00000000 1.00000000
vn 0.17310000 -0.98490000 0.00410000
vn -0.00000000 -0.00000000 1.00000000
vn -0.00020000 -0.00000000 1.00000000
vn 0.00010000 -0.00000000 1.00000000
vn -0.00000000 -0.00000000 1.00000000
vn -0.07020000 -0.99750000 -0.00000000
vn 0.59940000 -0.80040000 0.00580000
vn -0.00020000 -0.00000000 1.00000000
vn -0.00020000 -0.00000000 1.00000000
vn 0.89330000 -0.44940000 0.00600000
vn 0.89330000 -0.44940000 0.00350000
vn 0.00020000 -0.00000000 1.00000000
vn 0.99990000 -0.01400000 0.00720000
vn 0.00010000 -0.00000000 1.00000000
vn -0.00010000 -0.00000000 1.00000000
vn -0.00000000 -0.00000000 1.00000000
vn -0.00000000 -0.00000000 1.00000000
vn 0.80120000 -0.59840000 -0.00000000
vn 0.50000000 -0.86600000 -0.00000000
vn -0.00000000 -0.00000000 1.00000000
vn 0.11750000 -0.99310000 -0.00000000
vn -0.00000000 -0.00000000 1.00000000
vn -0.00000000 -0.00000000 1.00000000
vn 0.99990000 0.01400000 0.00720000
vn 0.89330000 0.44950000 0.00600000
vn 0.89330000 0.44950000 0.00790000
vn -0.00000000 -0.00000000 1.00000000
vn 0.59940000 0.80040000 0.00580000
vn -0.00000000 -0.00000000 1.00000000
vn 0.17330000 0.98490000 0.00410000
vn -0.00000000 -0.00000000 1.00000000
vn -0.07030000 0.99750000 -0.00000000
vn -0.00000000 -0.00000000 1.00000000
vn -0.00010000 -0.00000000 1.00000000
vn 0.11750000 0.99310000 -0.00000000
vn -0.00000000 -0.00000000 1.00000000
vn -0.00000000 -0.00000000 1.00000000
vn 0.50010000 0.86600000 -0.00000000
vn 0.80120000 0.59840000 -0.00000000
vn -0.00000000 -0.00000000 1.00000000
vn 0.91790000 -0.39670000 0.00310000
vn -0.00010000 -0.00000000 1.00000000
vn -0.00000000 -0.00000000 1.00000000
vn -0.00000000 -0.00000000 1.00000000
vn 0.82050000 -0.57170000 -0.00000000
vn -0.00010000 -0.00000000 1.00000000
vn 0.82040000 0.57180000 -0.00000000
vn -0.00000000 -0.00000000 1.00000000
vn 0.91880000 0.39470000 -0.00000000
vn -0.00000000 -0.00000000 1.00000000
vn 1.00000000 -0.00000000 -0.00000000
vn -0.00000000 -0.00000000 1.00000000
vn 0.91880000 -0.39480000 -0.00000000
vn -0.00000000 -0.00000000 1.00000000
vn 0.91800000 0.39650000 0.00310000
vn 0.00010000 -0.00000000 1.00000000
vn -0.00000000 -0.00000000 1.00000000
vn -0.00000000 -0.00000000 1.00000000
vn -0.62090000 0.01770000 0.78370000
vn -0.00000000 -0.00000000 1.00000000
vn -0.00010000 -0.00000000 1.00000000
vn -0.62940000 0.13800000 0.76470000
vn -0.71960000 0.28100000 0.63500000
vn -0.59130000 0.23500000 0.77150000
vn -0.00010000 -0.00000000 1.00000000
vn -0.00000000 -0.00000000 1.00000000
vn -0.00010000 -0.00000000 1.00000000
vn -0.57590000 0.28050000 0.76790000
vn -0.00000000 -0.00000000 1.00000000
vn -0.56340000 0.28180000 0.77670000
vn 0.00020000 -0.00000000 1.00000000
vn -0.00000000 -0.00000000 1.00000000
vn -0.46090000 0.41550000 0.78420000
vn 0.81930000 -0.57340000 0.00020000
vn -0.47210000 0.28070000 0.83570000
vn -0.19570000 0.20510000 0.95900000
vn 0.00010000 -0.00000000 1.00000000
vn -0.57600000 -0.28030000 0.76790000
vn -0.00000000 -0.00000000 1.00000000
vn -0.59130000 -0.23500000 0.77150000
vn -0.00000000 -0.00000000 1.00000000
vn -0.71830000 -0.28460000 0.63480000
vn -0.28340000 -0.55100000 0.78490000
vn -0.28350000 -0.55100000 0.78490000
vn -0.00000000 -0.00000000 1.00000000
vn -0.19570000 -0.20510000 0.95900000
vn -0.19570000 -0.20500000 0.95900000
vn -0.46160000 -0.41440000 0.78440000
vn 0.81940000 0.57320000 0.00020000
vn -0.52450000 -0.28800000 0.80120000
vn 0.00230000 -0.00000000 1.00000000
vn -0.56820000 -0.30530000 0.76420000
vn -0.00000000 -0.00000000 1.00000000
vn -0.00390000 -0.85110000 0.52500000
vn -0.00880000 -0.74640000 0.66550000
vn -0.38990000 -0.67090000 0.63080000
vn -0.00000000 -0.00000000 1.00000000
vn -0.00010000 1.00000000 -0.00000000
vn -0.03630000 -0.63100000 0.77500000
vn -0.00000000 -0.00000000 1.00000000
vn 0.00010000 -0.00000000 1.00000000
vn -0.14710000 -0.66860000 0.72890000
vn -0.00010000 -0.00000000 1.00000000
vn -0.80770000 -0.39360000 0.43900000
vn -0.00000000 -0.00000000 1.00000000
vn -0.65000000 -0.61300000 0.44910000
vn -0.00000000 -0.00000000 1.00000000
vn -0.69060000 -0.49870000 0.52380000
vn -0.48910000 -0.72360000 0.48710000
vn -0.00000000 -0.00000000 1.00000000
vn -0.00000000 -0.00000000 1.00000000
vn -0.28390000 -0.80940000 0.51400000
vn -0.60770000 -0.15180000 0.77950000
vn -0.00000000 -0.00000000 1.00000000
vn -0.73380000 0.00660000 0.67930000
vn -0.00000000 -0.00000000 1.00000000
vn -0.84600000 -0.17970000 0.50200000
vn -0.00000000 -0.00000000 1.00000000
vn -0.85060000 0.00460000 0.52570000
vn -0.84140000 0.17550000 0.51110000
vn -0.00000000 -0.00000000 1.00000000
vn -0.00000000 -0.00000000 1.00000000
vn -0.78910000 0.44650000 0.42180000
vn -0.70000000 0.52500000 0.48410000
vn -0.49950000 0.72760000 0.47010000
vn -0.00000000 -0.00000000 1.00000000
vn -0.39500000 0.66930000 0.62930000
vn -0.28870000 0.81060000 0.50950000
vn -0.00000000 -0.00000000 1.00000000
vn 0.00740000 0.74640000 0.66540000
vn 0.00260000 0.85110000 0.52490000
vn -0.00000000 -0.00000000 1.00000000
vn -0.00000000 -0.00000000 1.00000000
vn -0.28340000 0.55100000 0.78490000
vn -0.00000000 -0.00000000 1.00000000
vn -0.00010000 -0.00000000 1.00000000
vn 0.00020000 -0.00000000 1.00000000
vn -0.17620000 0.60850000 0.77370000
vn -0.00010000 -1.00000000 -0.00000000
vn 0.03570000 0.63060000 0.77530000
vn 0.00010000 -0.00000000 1.00000000
vn -0.00010000 -0.00000000 1.00000000
vn -0.00000000 -0.00000000 1.00000000
vn 0.84440000 0.17940000 0.50480000
vn 0.71550000 0.28580000 0.63750000
vn 0.73180000 -0.00680000 0.68150000
vn -0.00000000 -0.00000000 1.00000000
vn 0.80590000 0.39390000 0.44210000
vn -0.00000000 -0.00000000 1.00000000
vn 0.64800000 0.61510000 0.44910000
vn 0.68710000 0.50150000 0.52580000
vn 0.48730000 0.72430000 0.48780000
vn -0.00000000 -0.00000000 1.00000000
vn 0.38700000 0.67170000 0.63170000
vn 0.28260000 0.80990000 0.51400000
vn -0.00000000 -0.00000000 1.00000000
vn 0.84890000 -0.00470000 0.52850000
vn -0.00000000 -0.00000000 1.00000000
vn 0.71650000 -0.28230000 0.63790000
vn 0.83940000 -0.17540000 0.51440000
vn -0.00000000 -0.00000000 1.00000000
vn -0.00000000 -0.00000000 1.00000000
vn 0.78830000 -0.44350000 0.42650000
vn 0.69750000 -0.52720000 0.48540000
vn 0.49840000 -0.72840000 0.47010000
vn -0.00000000 -0.00000000 1.00000000
vn 0.39200000 -0.67010000 0.63030000
vn -0.00000000 -0.00000000 1.00000000
vn 0.28730000 -0.81110000 0.50950000
vn 0.28280000 -0.55030000 0.78560000
vn -0.00000000 -0.00000000 1.00000000
vn 0.00010000 -0.00000000 1.00000000
vn 0.17570000 -0.60810000 0.77420000
vn -0.00000000 -0.00000000 1.00000000
vn 0.28280000 0.55030000 0.78560000
vn -0.00000000 -0.00000000 1.00000000
vn 0.19530000 0.20390000 0.95930000
vn 0.45830000 0.41610000 0.78540000
vn 0.00110000 -0.00000000 1.00000000
vn 0.52950000 0.26000000 0.80750000
vn -0.86600000 -0.50000000 -0.00000000
vn -0.00000000 -0.00000000 1.00000000
vn 0.59840000 0.16930000 0.78310000
vn 0.00020000 -0.00000000 1.00000000
vn -0.00030000 -0.00000000 1.00000000
vn -0.00000000 -0.00000000 1.00000000
vn 0.61870000 -0.01820000 0.78540000
vn -0.00010000 -0.00000000 1.00000000
vn -0.00030000 -0.00000000 1.00000000
vn -0.00000000 -0.00000000 1.00000000
vn 0.62190000 -0.16250000 0.76610000
vn 0.46040000 -0.41310000 0.78570000
vn -0.86590000 0.50020000 -0.00000000
vn -0.00010000 -0.00000000 1.00000000
vn 0.56640000 -0.26350000 0.78080000
vn 0.19530000 -0.20390000 0.95930000
vn 0.00010000 -0.00000000 1.00000000
vn -0.00000000 -0.00000000 1.00000000
vn -0.00010000 -0.00000000 1.00000000
vn 0.14710000 0.66690000 0.73050000
vn 0.00010000 -0.00000000 1.00000000
vn -0.37960000 -0.92520000 -0.00000000
vn -0.00010000 -0.00000000 1.00000000
vn 0.00010000 -0.00000000 1.00000000
vn -0.61930000 -0.78520000 0.00030000
vn -0.00010000 -0.00000000 1.00000000
vn -0.81110000 -0.58490000 -0.00000000
vn -0.00000000 -0.00000000 1.00000000
vn -0.00000000 -0.00000000 1.00000000
vn -0.10120000 -0.99490000 -0.00000000
vn -0.37060000 -0.92880000 0.00030000
vn 0.00010000 -0.00000000 1.00000000
vn -0.00020000 -0.00000000 1.00000000
vn -0.61120000 -0.79150000 -0.00000000
vn 0.00010000 -0.00000000 1.00000000
vn -0.90120000 -0.43350000 -0.00000000
vn -0.00000000 -0.00000000 1.00000000
vn -0.80120000 -0.59840000 -0.00000000
vn -0.00000000 -0.00000000 1.00000000
vn -0.00020000 -0.00000000 1.00000000
vn -0.50000000 -0.86610000 -0.00000000
vn -0.00000000 -0.00000000 1.00000000
vn -0.00000000 -0.00000000 1.00000000
vn -0.11750000 -0.99310000 -0.00000000
vn -0.00000000 -0.00000000 1.00000000
vn 0.07520000 -0.99720000 -0.00000000
vn 0.00090000 -0.00000000 1.00000000
vn 0.00080000 -0.00000000 1.00000000
vn -0.99110000 -0.13340000 -0.00000000
vn -0.00030000 -0.00000000 1.00000000
vn -0.98960000 0.14350000 0.00030000
vn 0.00020000 -0.00000000 1.00000000
vn -0.00000000 -0.00000000 1.00000000
vn -0.91220000 0.40980000 -0.00000000
vn 0.00020000 -0.00000000 1.00000000
vn 0.00040000 -0.00000000 1.00000000
vn -0.00010000 -0.00000000 1.00000000
vn -0.91230000 -0.40960000 -0.00000000
vn -0.00000000 -0.00000000 1.00000000
vn -0.98970000 -0.14340000 0.00030000
vn 0.00010000 -0.00000000 1.00000000
vn -0.00010000 -0.00000000 1.00000000
vn -0.99110000 0.13340000 -0.00000000
vn -0.00030000 -0.00000000 1.00000000
vn -0.00000000 -0.00000000 1.00000000
vn -0.82610000 0.56360000 -0.00000000
vn -0.91880000 0.39470000 -0.00000000
vn -0.00000000 -0.00000000 1.00000000
vn -0.00000000 -0.00000000 1.00000000
vn -1.00000000 -0.00000000 -0.00000000
vn -0.00000000 -0.00000000 1.00000000
vn -0.91880000 -0.39480000 -0.00000000
vn -0.00000000 -0.00000000 1.00000000
vn -0.82610000 -0.56350000 -0.00000000
vn -0.00010000 -0.00000000 1.00000000
vn -0.00000000 -0.00000000 1.00000000
vn -0.61140000 0.79130000 -0.00000000
vn -0.00000000 -0.00000000 1.00000000
vn -0.37050000 0.92880000 0.00030000
vn -0.10130000 0.99490000 -0.00000000
vn -0.00000000 -0.00000000 1.00000000
vn -0.81100000 0.58500000 -0.00000000
vn -0.00000000 -0.00000000 1.00000000
vn -0.61930000 0.78520000 0.00030000
vn 0.00010000 -0.00000000 1.00000000
vn -0.00000000 -0.00000000 1.00000000
vn 0.00010000 -0.00000000 1.00000000
vn -0.00000000 -0.00000000 1.00000000
vn -0.37980000 0.92510000 -0.00000000
vn 0.07540000 0.99720000 -0.00000000
vn -0.00000000 -0.00000000 1.00000000
vn -0.00000000 -0.00000000 1.00000000
vn -0.11750000 0.99310000 -0.00000000
vn -0.00000000 -0.00000000 1.00000000
vn -0.50010000 0.86600000 -0.00000000
vn -0.00000000 -0.00000000 1.00000000
vn -0.80120000 0.59840000 -0.00000000
vn -0.90130000 0.43310000 -0.00000000
vn -0.00000000 -0.00000000 1.00000000
vn 0.63230000 -0.77470000 -0.00000000
vn -0.00000000 -0.00000000 1.00000000
vn 0.39770000 -0.91750000 0.00040000
vn -0.00010000 -0.00000000 1.00000000
vn 0.11840000 -0.99300000 -0.00000000
vn 0.00010000 -0.00000000 1.00000000
vn 0.81110000 -0.58490000 -0.00000000
vn -0.00000000 -0.00000000 1.00000000
vn 0.61930000 -0.78520000 0.00030000
vn -0.00010000 -0.00000000 1.00000000
vn -0.00000000 -0.00000000 1.00000000
vn 0.37950000 -0.92520000 -0.00000000
vn -0.00010000 -0.00000000 1.00000000
vn -0.07020000 -0.99750000 -0.00000000
vn -0.00000000 -0.00000000 1.00000000
vn 0.11750000 -0.99310000 -0.00010000
vn 0.11750000 -0.99310000 -0.00000000
vn -0.00000000 -0.00000000 1.00000000
vn -0.00000000 -0.00000000 1.00000000
vn 0.50000000 -0.86600000 -0.00000000
vn -0.00000000 -0.00000000 1.00000000
vn 0.80120000 -0.59840000 -0.00000000
vn 0.00020000 -0.00000000 1.00000000
vn 0.90120000 -0.43350000 -0.00000000
vn -0.00000000 -0.00000000 1.00000000
vn 0.00020000 -0.00000000 1.00000000
vn -0.00000000 -0.00000000 1.00000000
vn 0.11840000 0.99300000 -0.00000000
vn -0.00000000 -0.00000000 1.00000000
vn 0.39780000 0.91750000 0.00040000
vn 0.00030000 -0.00000000 1.00000000
vn 0.63250000 0.77450000 -0.00000000
vn -0.00010000 -0.00000000 1.00000000
vn -0.00000000 -0.00000000 1.00000000
vn 0.37970000 0.92510000 -0.00000000
vn 0.61930000 0.78520000 0.00030000
vn -0.00010000 -0.00000000 1.00000000
vn 0.00010000 -0.00000000 1.00000000
vn 0.00010000 -0.00000000 1.00000000
vn -0.00000000 -0.00000000 1.00000000
vn 0.81100000 0.58500000 -0.00000000
vn -0.00000000 -0.00000000 1.00000000
vn 0.90110000 0.43360000 -0.00000000
vn 0.80120000 0.59840000 -0.00000000
vn -0.00000000 -0.00000000 1.00000000
vn 0.50010000 0.86600000 -0.00000000
vn -0.00000000 -0.00000000 1.00000000
vn -0.00000000 -0.00000000 1.00000000
vn 0.11750000 0.99310000 -0.00000000
vn -0.00000000 -0.00000000 1.00000000
vn -0.07030000 0.99750000 -0.00000000
vn 0.89390000 -0.44830000 -0.00000000
vn 0.00020000 -0.00000000 1.00000000
vn -0.00000000 -0.00000000 1.00000000
vn -0.00010000 -0.00000000 1.00000000
vn 0.89760000 0.44070000 -0.00000000
vn 0.89760000 -0.44080000 -0.00000000
vn -0.00000000 -0.00000000 1.00000000
vn 0.97950000 -0.20140000 0.00030000
vn -0.00000000 -0.00000000 1.00000000
vn 0.91860000 -0.39510000 0.00050000
vn 0.00610000 -0.00000000 1.00000000
vn 0.89380000 0.44860000 -0.00000000
vn -0.00000000 -0.00000000 1.00000000
vn 0.82050000 -0.57170000 -0.00000000
vn -0.00000000 -0.00000000 1.00000000
vn 0.91880000 -0.39480000 -0.00000000
vn -0.00000000 -0.00000000 1.00000000
vn 0.97950000 0.20120000 0.00030000
vn -0.00000000 -0.00000000 1.00000000
vn -0.00010000 -0.00000000 1.00000000
vn 1.00000000 -0.00710000 -0.00000000
vn -0.00000000 -0.00000000 1.00000000
vn 0.97910000 -0.20310000 0.00240000
vn 0.94510000 -0.32690000 0.00260000
vn 0.91860000 0.39510000 0.00050000
vn 0.94500000 0.32690000 0.00260000
vn 0.00080000 -0.00000000 1.00000000
vn 0.97910000 0.20310000 0.00240000
vn -0.00000000 -0.00000000 1.00000000
vn 1.00000000 0.00710000 -0.00000000
vn -0.00000000 -0.00000000 1.00000000
vn -0.00000000 -0.00000000 1.00000000
vn 1.00000000 -0.00000000 -0.00000000
vn -0.00000000 -0.00000000 1.00000000
vn 0.91880000 0.39470000 -0.00000000
vn 0.82040000 0.57180000 -0.00000000
vn -0.00010000 -0.00000000 1.00000000
vn -0.00000000 -0.00000000 1.00000000
vn -0.77880000 -0.62730000 0.00370000
vn -0.00000000 -0.00000000 1.00000000
vn -0.00000000 -0.00000000 1.00000000
vn -0.90120000 -0.43350000 -0.00000000
vn -0.42830000 -0.90360000 0.00370000
vn -0.00000000 -0.00000000 1.00000000
vn -0.00000000 -0.00000000 1.00000000
vn -0.00010000 -1.00000000 -0.00000000
vn -0.00000000 -0.00000000 1.00000000
vn 0.42820000 -0.90370000 0.00370000
vn -0.00000000 -0.00000000 1.00000000
vn 0.77880000 -0.62730000 0.00370000
vn 0.90120000 -0.43350000 -0.00000000
vn -0.00000000 -0.00000000 1.00000000
vn 0.07520000 -0.99720000 -0.00000000
vn -0.00000000 -0.00000000 1.00000000
vn -0.11750000 -0.99310000 -0.00000000
vn -0.00000000 -0.00000000 1.00000000
vn -0.00000000 -0.00000000 1.00000000
vn -0.50000000 -0.86600000 -0.00000000
vn -0.00000000 -0.00000000 1.00000000
vn -0.80120000 -0.59840000 -0.00000000
vn -0.00000000 -0.00000000 1.00000000
vn -0.93260000 0.36080000 0.00370000
vn -0.82610000 0.56360000 -0.00000000
vn -0.00000000 -0.00000000 1.00000000
vn -0.00030000 -0.00000000 1.00000000
vn -0.00000000 -0.00000000 1.00000000
vn -0.99670000 -0.08100000 0.00380000
vn -0.86600000 -0.50000000 -0.00000000
vn -0.00000000 -0.00000000 1.00000000
vn -0.56840000 -0.82270000 0.00370000
vn -0.00000000 -0.00000000 1.00000000
vn -0.15400000 -0.98810000 0.00370000
vn -0.00000000 -0.00000000 1.00000000
vn -0.00000000 -0.00000000 1.00000000
vn 0.00010000 -0.00000000 1.00000000
vn -1.00000000 -0.00000000 -0.00000000
vn -0.91880000 0.39470000 -0.00000000
vn -0.00000000 -0.00000000 1.00000000
vn -0.82590000 -0.56380000 -0.00000000
vn -0.00000000 -0.00000000 1.00000000
vn -0.91880000 -0.39480000 -0.00000000
vn -0.00000000 -0.00000000 1.00000000
vn -0.00000000 -0.00000000 1.00000000
vn -0.15390000 0.98810000 0.00370000
vn 0.07500000 0.99720000 -0.00000000
vn -0.00000000 -0.00000000 1.00000000
vn 0.00020000 -0.00000000 1.00000000
vn -0.00000000 -0.00000000 1.00000000
vn -0.56860000 0.82260000 0.00370000
vn -0.86590000 0.50020000 -0.00000000
vn 0.00020000 -0.00000000 1.00000000
vn 0.00020000 -0.00000000 1.00000000
vn -0.00000000 -0.00000000 1.00000000
vn -0.99670000 0.08070000 0.00370000
vn -0.00000000 -0.00000000 1.00000000
vn -0.93270000 -0.36060000 0.00370000
vn -0.00000000 -0.00000000 1.00000000
vn 0.77870000 0.62740000 0.00370000
vn -0.00000000 -0.00000000 1.00000000
vn 0.90110000 0.43360000 -0.00000000
vn 0.42850000 0.90350000 0.00370000
vn -0.00000000 -0.00000000 1.00000000
vn -0.00010000 1.00000000 -0.00000000
vn -0.00000000 -0.00000000 1.00000000
vn -0.42850000 0.90350000 0.00370000
vn -0.00000000 -0.00000000 1.00000000
vn -0.00000000 -0.00000000 1.00000000
vn -0.77870000 0.62740000 0.00370000
vn -0.00000000 -0.00000000 1.00000000
vn -0.90110000 0.43360000 -0.00000000
vn -0.00000000 -0.00000000 1.00000000
vn -0.80120000 0.59840000 -0.00000000
vn -0.00000000 -0.00000000 1.00000000
vn -0.50000000 0.86600000 -0.00000000
vn 0.00010000 -0.00000000 1.00000000
vn 0.00010000 -0.00000000 1.00000000
vn -0.11750000 0.99310000 -0.00000000
vn -0.00000000 -0.00000000 1.00000000
vn 0.17310000 -0.98490000 0.00410000
vn -0.00010000 -0.00000000 1.00000000
vn -0.00000000 -0.00000000 1.00000000
vn -0.07020000 -0.99750000 -0.00000000
vn -0.00000000 -0.00000000 1.00000000
vn 0.00010000 -0.00000000 1.00000000
vn -0.00000000 -0.00000000 1.00000000
vn -0.00010000 -0.00000000 1.00000000
vn 0.59980000 -0.80020000 0.00590000
vn -0.00000000 -0.00000000 1.00000000
vn 0.89330000 -0.44950000 0.00600000
vn 0.89330000 -0.44950000 0.00350000
vn 0.99990000 -0.01400000 0.00720000
vn -0.00010000 -0.00000000 1.00000000
vn -0.00000000 -0.00000000 1.00000000
vn 0.00010000 -0.00000000 1.00000000
vn 0.80120000 -0.59840000 -0.00000000
vn -0.00000000 -0.00000000 1.00000000
vn 0.50000000 -0.86600000 -0.00000000
vn 0.50000000 -0.86600000 0.00010000
vn -0.00000000 -0.00000000 1.00000000
vn -0.00000000 -0.00000000 1.00000000
vn 0.11750000 -0.99310000 -0.00000000
vn 0.99990000 0.01400000 0.00720000
vn -0.00000000 -0.00000000 1.00000000
vn 0.89330000 0.44950000 0.00600000
vn 0.89330000 0.44950000 0.00790000
vn -0.00000000 -0.00000000 1.00000000
vn -0.00000000 -0.00000000 1.00000000
vn 0.59940000 0.80040000 0.00580000
vn -0.00000000 -0.00000000 1.00000000
vn 0.17330000 0.98490000 0.00410000
vn -0.00000000 -0.00000000 1.00000000
vn -0.00010000 -0.00000000 1.00000000
vn -0.07030000 0.99750000 -0.00000000
vn -0.00000000 -0.00000000 1.00000000
vn 0.11750000 0.99310000 -0.00000000
vn -0.00000000 -0.00000000 1.00000000
vn 0.50010000 0.86600000 -0.00000000
vn 0.80120000 0.59840000 -0.00000000
vn -0.00000000 -0.00000000 1.00000000
vn 0.91810000 -0.39640000 0.00310000
vn -0.00010000 -0.00000000 1.00000000
vn -0.00000000 -0.00000000 1.00000000
vn 0.82050000 -0.57170000 -0.00000000
vn -0.00000000 -0.00000000 1.00000000
vn -0.00010000 -0.00000000 1.00000000
vn -0.00000000 -0.00000000 1.00000000
vn 0.82040000 0.57180000 -0.00000000
vn -0.00000000 -0.00000000 1.00000000
vn 0.91880000 0.39470000 -0.00000000
vn -0.00000000 -0.00000000 1.00000000
vn 1.00000000 -0.00000000 -0.00000000
vn -0.00000000 -0.00000000 1.00000000
vn 0.91880000 -0.39480000 -0.00000000
vn 0.00010000 -0.00000000 1.00000000
vn 0.91800000 0.39660000 0.00310000
vn -0.00000000 -0.00000000 1.00000000
vn -0.00400000 -0.85110000 0.52500000
vn -0.00000000 -0.00000000 1.00000000
vn -0.00250000 -0.75150000 0.65970000
vn -0.39310000 -0.67100000 0.62870000
vn -0.62090000 0.01770000 0.78370000
vn -0.00000000 -0.00000000 1.00000000
vn -0.62940000 0.13800000 0.76470000
vn -0.00000000 -0.00000000 1.00000000
vn -0.71960000 0.28100000 0.63500000
vn -0.00010000 -0.00000000 1.00000000
vn -0.00000000 -0.00000000 1.00000000
vn -0.59130000 0.23500000 0.77150000
vn -0.00010000 -0.00000000 1.00000000
vn -0.57600000 0.28030000 0.76790000
vn -0.00000000 -0.00000000 1.00000000
vn -0.56330000 0.28170000 0.77670000
vn -0.56330000 0.28180000 0.77670000
vn -0.45390000 0.41670000 0.78760000
vn 0.81940000 -0.57320000 0.00020000
vn -0.46980000 0.28530000 0.83540000
vn -0.18460000 0.26230000 0.94720000
vn -0.00000000 -0.00000000 1.00000000
vn -0.57590000 -0.28050000 0.76790000
vn -0.59130000 -0.23500000 0.77150000
vn -0.00000000 -0.00000000 1.00000000
vn -0.71830000 -0.28460000 0.63480000
vn -0.00000000 -0.00000000 1.00000000
vn -0.21480000 -0.58920000 0.77890000
vn -0.18470000 -0.26230000 0.94720000
vn -0.18470000 -0.26230000 0.94710000
vn -0.45460000 -0.41560000 0.78780000
vn 0.81940000 0.57320000 0.00030000
vn 0.81940000 0.57320000 0.00020000
vn -0.52260000 -0.29260000 0.80080000
vn -0.56810000 -0.30600000 0.76400000
vn -0.80770000 -0.39360000 0.43910000
vn -0.00000000 -0.00000000 1.00000000
vn -0.00000000 -0.00000000 1.00000000
vn -0.65000000 -0.61300000 0.44920000
vn -0.69060000 -0.49870000 0.52380000
vn -0.48910000 -0.72360000 0.48710000
vn -0.00000000 -0.00000000 1.00000000
vn -0.00000000 -0.00000000 1.00000000
vn -0.28390000 -0.80940000 0.51400000
vn -0.00000000 -0.00000000 1.00000000
vn -0.00010000 -0.00000000 1.00000000
vn -0.60770000 -0.15180000 0.77950000
vn -0.73380000 0.00660000 0.67930000
vn -0.00000000 -0.00000000 1.00000000
vn -0.84600000 -0.17970000 0.50200000
vn -0.85060000 0.00460000 0.52570000
vn -0.00000000 -0.00000000 1.00000000
vn -0.84140000 0.17550000 0.51110000
vn -0.00000000 -0.00000000 1.00000000
vn -0.78920000 0.44650000 0.42180000
vn -0.00000000 -0.00000000 1.00000000
vn -0.70000000 0.52500000 0.48410000
vn -0.00000000 -0.00000000 1.00000000
vn -0.49950000 0.72760000 0.47010000
vn -0.39490000 0.66890000 0.62980000
vn -0.28870000 0.81060000 0.50950000
vn -0.00000000 -0.00000000 1.00000000
vn 0.00730000 0.74610000 0.66580000
vn -0.00000000 -0.00000000 1.00000000
vn 0.00260000 0.85110000 0.52500000
vn -0.21480000 0.58920000 0.77890000
vn -0.00000000 -0.00000000 1.00000000
vn 0.02090000 0.63070000 0.77580000
vn -0.00010000 -1.00000000 -0.00000000
vn -0.00000000 -0.00000000 1.00000000
vn 0.00010000 -0.00000000 1.00000000
vn -0.00010000 1.00000000 -0.00000000
vn -0.00000000 -0.00000000 1.00000000
vn -0.01440000 -0.60620000 0.79520000
vn -0.00000000 -0.00000000 1.00000000
vn 0.84440000 0.17940000 0.50480000
vn 0.71510000 0.28540000 0.63810000
vn 0.73170000 -0.00630000 0.68160000
vn 0.80590000 0.39380000 0.44200000
vn -0.00000000 -0.00000000 1.00000000
vn 0.64800000 0.61510000 0.44910000
vn -0.00000000 -0.00000000 1.00000000
vn 0.68710000 0.50150000 0.52580000
vn 0.48720000 0.72430000 0.48780000
vn -0.00000000 -0.00000000 1.00000000
vn 0.38690000 0.67170000 0.63170000
vn 0.28260000 0.80990000 0.51400000
vn -0.00000000 -0.00000000 1.00000000
vn 0.84890000 -0.00470000 0.52850000
vn -0.00000000 -0.00000000 1.00000000
vn 0.71590000 -0.28220000 0.63870000
vn 0.83940000 -0.17540000 0.51440000
vn -0.00000000 -0.00000000 1.00000000
vn 0.78830000 -0.44350000 0.42650000
vn -0.00000000 -0.00000000 1.00000000
vn 0.69750000 -0.52720000 0.48540000
vn 0.49850000 -0.72840000 0.47010000
vn -0.00010000 -0.00000000 1.00000000
vn -0.00000000 -0.00000000 1.00000000
vn 0.39200000 -0.67010000 0.63030000
vn 0.28740000 -0.81100000 0.50960000
vn -0.00000000 -0.00000000 1.00000000
vn -0.00010000 -0.00000000 1.00000000
vn 0.28280000 -0.55030000 0.78560000
vn -0.00000000 -0.00000000 1.00000000
vn -0.00000000 -0.00000000 1.00000000
vn 0.17570000 -0.60810000 0.77420000
vn 0.00010000 -0.00000000 1.00000000
vn -0.00020000 -0.00000000 1.00000000
vn -0.00000000 -0.00000000 1.00000000
vn 0.28280000 0.55030000 0.78560000
vn 0.19530000 0.20400000 0.95930000
vn 0.19540000 0.20400000 0.95930000
vn 0.45830000 0.41610000 0.78540000
vn 0.00140000 -0.00000000 1.00000000
vn -0.86600000 -0.50000000 -0.00000000
vn 0.53260000 0.24900000 0.80890000
vn 0.00020000 -0.00000000 1.00000000
vn -0.00000000 -0.00000000 1.00000000
vn 0.60160000 0.14190000 0.78610000
vn 0.00010000 -0.00000000 1.00000000
vn 0.62330000 -0.02350000 0.78160000
vn 0.00020000 -0.00000000 1.00000000
vn -0.00000000 -0.00000000 1.00000000
vn 0.63720000 -0.13330000 0.75910000
vn -0.00000000 -0.00000000 1.00000000
vn 0.00010000 -0.00000000 1.00000000
vn 0.46290000 -0.40950000 0.78610000
vn 0.60840000 -0.25420000 0.75190000
vn 0.60830000 -0.25420000 0.75190000
vn -0.86600000 0.50000000 -0.00000000
vn -0.00000000 -0.00000000 1.00000000
vn 0.19530000 -0.20400000 0.95930000
vn 0.00010000 -0.00000000 1.00000000
vn -0.00000000 -0.00000000 1.00000000
vn -0.00010000 -0.00000000 1.00000000
vn 0.14710000 0.66690000 0.73050000
vn 0.00010000 -0.00000000 1.00000000
vn -0.37950000 -0.92520000 -0.00000000
vn -0.00000000 -0.00000000 1.00000000
vn 0.00010000 -0.00000000 1.00000000
vn -0.61930000 -0.78520000 0.00030000
vn -0.00010000 -0.00000000 1.00000000
vn -0.81100000 -0.58500000 -0.00000000
vn -0.00010000 -0.00000000 1.00000000
vn -0.00000000 -0.00000000 1.00000000
vn -0.00000000 -0.00000000 1.00000000
vn -0.10130000 -0.99490000 -0.00000000
vn -0.00010000 -0.00000000 1.00000000
vn -0.37050000 -0.92880000 0.00030000
vn -0.00000000 -0.00000000 1.00000000
vn -0.61140000 -0.79130000 -0.00000000
vn -0.90110000 -0.43360000 -0.00000000
vn -0.00000000 -0.00000000 1.00000000
vn -0.80120000 -0.59840000 -0.00000000
vn -0.00000000 -0.00000000 1.00000000
vn -0.50010000 -0.86600000 -0.00000000
vn -0.00000000 -0.00000000 1.00000000
vn -0.00000000 -0.00000000 1.00000000
vn -0.11750000 -0.99310000 -0.00000000
vn -0.00000000 -0.00000000 1.00000000
vn 0.07500000 -0.99720000 -0.00000000
vn -0.00000000 -0.00000000 1.00000000
vn -0.82610000 -0.56360000 -0.00000000
vn -0.00000000 -0.00000000 1.00000000
vn 0.00010000 -0.00000000 1.00000000
vn -0.93350000 -0.35850000 -0.00000000
vn -0.00000000 -0.00000000 1.00000000
vn -0.99690000 0.07830000 -0.00000000
vn 0.00010000 -0.00000000 1.00000000
vn 0.00110000 -0.00000000 1.00000000
vn 0.00120000 -0.00000000 1.00000000
vn -0.99690000 -0.07830000 -0.00000000
vn -0.91880000 -0.39470000 -0.00000000
vn -0.00000000 -0.00000000 1.00000000
vn -0.00000000 -0.00000000 1.00000000
vn -1.00000000 -0.00000000 -0.00000000
vn 0.00010000 -0.00000000 1.00000000
vn -0.93360000 0.35840000 -0.00000000
vn 0.00020000 -0.00000000 1.00000000
vn 0.00010000 -0.00000000 1.00000000
vn -0.82610000 0.56350000 -0.00000000
vn -0.00000000 -0.00000000 1.00000000
vn 0.00020000 -0.00000000 1.00000000
vn -0.91880000 0.39480000 -0.00000000
vn -0.00000000 -0.00000000 1.00000000
vn -0.00000000 -0.00000000 1.00000000
vn -0.81110000 0.58490000 -0.00000000
vn -0.00000000 -0.00000000 1.00000000
vn -0.61930000 0.78520000 0.00030000
vn 0.00010000 -0.00000000 1.00000000
vn -0.37960000 0.92520000 -0.00000000
vn 0.00010000 -0.00000000 1.00000000
vn -0.00000000 -0.00000000 1.00000000
vn -0.61120000 0.79150000 -0.00000000
vn 0.00010000 -0.00000000 1.00000000
vn -0.37060000 0.92880000 0.00030000
vn -0.10150000 0.99480000 -0.00000000
vn -0.00000000 -0.00000000 1.00000000
vn 0.07520000 0.99720000 -0.00000000
vn -0.00000000 -0.00000000 1.00000000
vn -0.11750000 0.99310000 -0.00010000
vn -0.00000000 -0.00000000 1.00000000
vn -0.11750000 0.99310000 -0.00000000
vn -0.50000000 0.86610000 -0.00000000
vn -0.00000000 -0.00000000 1.00000000
vn -0.80120000 0.59840000 -0.00000000
vn -0.00020000 -0.00000000 1.00000000
vn -0.00000000 -0.00000000 1.00000000
vn -0.00020000 -0.00000000 1.00000000
vn -0.00000000 -0.00000000 1.00000000
vn -0.90120000 0.43350000 -0.00000000
vn 0.90110000 -0.43360000 -0.00000000
vn -0.00000000 -0.00000000 1.00000000
vn -0.00000000 -0.00000000 1.00000000
vn 0.77720000 -0.62930000 -0.00000000
vn -0.00000000 -0.00000000 1.00000000
vn 0.43070000 -0.90250000 -0.00000000
vn 0.58640000 -0.81000000 -0.00000000
vn -0.00000000 -0.00000000 1.00000000
vn -0.00010000 -0.00000000 1.00000000
vn 0.17590000 -0.98440000 -0.00000000
vn -0.07030000 -0.99750000 -0.00000000
vn -0.00000000 -0.00000000 1.00000000
vn 0.11750000 -0.99310000 -0.00000000
vn -0.00000000 -0.00000000 1.00000000
vn -0.00000000 -0.00000000 1.00000000
vn 0.50000000 -0.86600000 -0.00000000
vn 0.80120000 -0.59840000 -0.00000000
vn -0.00000000 -0.00000000 1.00000000
vn 0.58640000 0.81000000 -0.00000000
vn -0.00000000 -0.00000000 1.00000000
vn 0.43040000 0.90260000 -0.00000000
vn -0.00000000 -0.00000000 1.00000000
vn 0.77730000 0.62920000 -0.00000000
vn -0.00000000 -0.00000000 1.00000000
vn -0.00000000 -0.00000000 1.00000000
vn 0.11750000 0.99310000 -0.00000000
vn -0.07020000 0.99750000 -0.00000000
vn -0.00000000 -0.00000000 1.00000000
vn 0.17570000 0.98440000 -0.00000000
vn -0.00000000 -0.00000000 1.00000000
vn -0.00000000 -0.00000000 1.00000000
vn 0.90120000 0.43350000 -0.00000000
vn 0.80120000 0.59840000 -0.00000000
vn -0.00000000 -0.00000000 1.00000000
vn 0.50000000 0.86600000 -0.00000000
vn -0.00000000 -0.00000000 1.00000000
vn 0.89380000 -0.44860000 -0.00000000
vn -0.00010000 -0.00000000 1.00000000
vn 0.89760000 -0.44070000 -0.00000000
vn -0.00000000 -0.00000000 1.00000000
vn 0.97950000 -0.20120000 0.00030000
vn -0.00000000 -0.00000000 1.00000000
vn -0.00000000 -0.00000000 1.00000000
vn 0.89760000 0.44070000 -0.00000000
vn 0.89380000 0.44860000 -0.00000000
vn 0.91860000 0.39510000 0.00050000
vn 0.94510000 0.32690000 0.00260000
vn 0.97910000 0.20310000 0.00240000
vn -0.00000000 -0.00000000 1.00000000
vn 1.00000000 0.00710000 -0.00000000
vn -0.00000000 -0.00000000 1.00000000
vn -0.00000000 -0.00000000 1.00000000
vn -0.00010000 -0.00000000 1.00000000
vn 0.82040000 -0.57180000 -0.00000000
vn 0.91880000 -0.39470000 -0.00000000
vn -0.00000000 -0.00000000 1.00000000
vn 0.91860000 -0.39510000 0.00050000
vn -0.00000000 -0.00000000 1.00000000
vn 1.00000000 -0.00000000 -0.00000000
vn -0.00000000 -0.00000000 1.00000000
vn 0.91880000 0.39480000 -0.00000000
vn -0.00000000 -0.00000000 1.00000000
vn 0.82050000 0.57170000 -0.00000000
vn -0.00000000 -0.00000000 1.00000000
vn 0.97950000 0.20140000 0.00030000
vn 1.00000000 -0.00710000 -0.00000000
vn -0.00000000 -0.00000000 1.00000000
vn -0.00010000 -0.00000000 1.00000000
vn 0.97910000 -0.20310000 0.00240000
vn -0.00000000 -0.00000000 1.00000000
vn 0.94500000 -0.32690000 0.00260000
vn -0.77870000 -0.62740000 0.00370000
vn -0.00000000 -0.00000000 1.00000000
vn -0.00000000 -0.00000000 1.00000000
vn -0.90110000 -0.43360000 -0.00000000
vn -0.00000000 -0.00000000 1.00000000
vn -0.42850000 -0.90350000 0.00370000
vn -0.00000000 -0.00000000 1.00000000
vn -0.00010000 -1.00000000 -0.00000000
vn 0.43070000 -0.90250000 -0.00000000
vn -0.00000000 -0.00000000 1.00000000
vn 0.77720000 -0.62930000 -0.00000000
vn -0.00000000 -0.00000000 1.00000000
vn 0.90110000 -0.43360000 -0.00000000
vn -0.00000000 -0.00000000 1.00000000
vn 0.07500000 -0.99720000 -0.00000000
vn -0.00000000 -0.00000000 1.00000000
vn -0.11750000 -0.99310000 -0.00000000
vn 0.00010000 -0.00000000 1.00000000
vn -0.00000000 -0.00000000 1.00000000
vn -0.50010000 -0.86600000 -0.00000000
vn -0.00000000 -0.00000000 1.00000000
vn 0.00010000 -0.00000000 1.00000000
vn -0.00000000 -0.00000000 1.00000000
vn -0.80120000 -0.59840000 -0.00000000
vn -0.00000000 -0.00000000 1.00000000
vn -0.82610000 0.56350000 -0.00000000
vn -0.00000000 -0.00000000 1.00000000
vn -0.93360000 0.35840000 -0.00000000
vn -0.00000000 -0.00000000 1.00000000
vn -0.99690000 -0.07830000 -0.00000000
vn -0.86600000 -0.50000000 -0.00000000
vn 0.00060000 -0.00000000 1.00000000
vn -0.00000000 -0.00000000 1.00000000
vn -0.56860000 -0.82260000 0.00370000
vn -0.15390000 -0.98810000 0.00370000
vn -0.00000000 -0.00000000 1.00000000
vn -1.00000000 -0.00000000 -0.00000000
vn -0.00000000 -0.00000000 1.00000000
vn -0.00000000 -0.00000000 1.00000000
vn -0.91880000 0.39480000 -0.00000000
vn -0.00000000 -0.00000000 1.00000000
vn -0.82580000 -0.56400000 -0.00000000
vn -0.91880000 -0.39470000 -0.00000000
vn -0.00000000 -0.00000000 1.00000000
vn -0.15400000 0.98810000 0.00370000
vn -0.00000000 -0.00000000 1.00000000
vn 0.00010000 -0.00000000 1.00000000
vn -0.00010000 -0.00000000 1.00000000
vn 0.00010000 -0.00000000 1.00000000
vn 0.07520000 0.99720000 -0.00000000
vn -0.00000000 -0.00000000 1.00000000
vn -0.56840000 0.82270000 0.00370000
vn -0.00000000 -0.00000000 1.00000000
vn -0.86600000 0.50000000 -0.00000000
vn -0.00000000 -0.00000000 1.00000000
vn -0.99690000 0.07830000 -0.00000000
vn -0.00010000 -0.00000000 1.00000000
vn -0.00000000 -0.00000000 1.00000000
vn 0.00010000 -0.00000000 1.00000000
vn -0.00010000 -0.00000000 1.00000000
vn -0.00000000 -0.00000000 1.00000000
vn -0.93350000 -0.35850000 -0.00000000
vn 0.90120000 0.43350000 -0.00000000
vn -0.00000000 -0.00000000 1.00000000
vn 0.77730000 0.62920000 -0.00000000
vn -0.00000000 -0.00000000 1.00000000
vn 0.43040000 0.90260000 -0.00000000
vn -0.00000000 -0.00000000 1.00000000
vn -0.00010000 1.00000000 -0.00000000
vn -0.00000000 -0.00000000 1.00000000
vn -0.42830000 0.90360000 0.00370000
vn -0.00000000 -0.00000000 1.00000000
vn -0.00000000 -0.00000000 1.00000000
vn -0.77880000 0.62730000 0.00370000
vn -0.00030000 -0.00000000 1.00000000
vn -0.00000000 -0.00000000 1.00000000
vn -0.90120000 0.43350000 -0.00000000
vn -0.00000000 -0.00000000 1.00000000
vn -0.80120000 0.59840000 -0.00000000
vn -0.50000000 0.86600000 -0.00000000
vn -0.00000000 -0.00000000 1.00000000
vn -0.11750000 0.99310000 -0.00000000
vn -0.00000000 -0.00000000 1.00000000
vn 0.00030000 -0.00000000 1.00000000
vn -0.07030000 -0.99750000 -0.00000000
vn -0.00000000 -0.00000000 1.00000000
vn -0.00000000 -0.00000000 1.00000000
vn 0.17590000 -0.98440000 -0.00000000
vn -0.00000000 -0.00000000 1.00000000
vn 0.59730000 -0.80200000 0.00170000
vn -0.00000000 -0.00000000 1.00000000
vn 0.89330000 -0.44940000 0.00600000
vn -0.00000000 -0.00000000 1.00000000
vn 0.99990000 -0.01400000 0.00720000
vn 0.80130000 -0.59830000 -0.00000000
vn -0.00000000 -0.00000000 1.00000000
vn -0.00000000 -0.00000000 1.00000000
vn 0.50010000 -0.86600000 -0.00000000
vn -0.00000000 -0.00000000 1.00000000
vn 0.11750000 -0.99310000 -0.00000000
vn -0.00000000 -0.00000000 1.00000000
vn 0.99990000 0.01400000 0.00720000
vn 0.00010000 -0.00000000 1.00000000
vn 0.89330000 0.44950000 0.00600000
vn -0.00000000 -0.00000000 1.00000000
vn 0.89330000 0.44950000 0.00800000
vn -0.00000000 -0.00000000 1.00000000
vn 0.59730000 0.80200000 0.00170000
vn -0.00000000 -0.00000000 1.00000000
vn 0.17570000 0.98440000 -0.00000000
vn 0.00010000 -0.00000000 1.00000000
vn -0.07050000 0.99750000 -0.00000000
vn -0.00000000 -0.00000000 1.00000000
vn -0.00000000 -0.00000000 1.00000000
vn 0.11750000 0.99310000 -0.00000000
vn -0.00000000 -0.00000000 1.00000000
vn 0.50000000 0.86600000 -0.00000000
vn 0.80120000 0.59840000 -0.00000000
vn -0.00000000 -0.00000000 1.00000000
vn 0.00010000 -0.00000000 1.00000000
vn 0.91800000 -0.39650000 0.00310000
vn -0.00000000 -0.00000000 1.00000000
vn 0.82040000 -0.57180000 -0.00000000
vn -0.00000000 -0.00000000 1.00000000
vn -0.00010000 -0.00000000 1.00000000
vn 0.82050000 0.57170000 -0.00000000
vn -0.00000000 -0.00000000 1.00000000
vn -0.00000000 -0.00000000 1.00000000
vn 0.91880000 0.39480000 -0.00000000
vn -0.00000000 -0.00000000 1.00000000
vn 0.00010000 -0.00000000 1.00000000
vn 1.00000000 -0.00000000 -0.00000000
vn -0.00000000 -0.00000000 1.00000000
vn 0.91880000 -0.39470000 -0.00000000
vn -0.00000000 -0.00000000 1.00000000
vn 0.91790000 0.39670000 0.00310000
vn -0.00010000 -0.00000000 1.00000000
vn -0.00400000 -0.85110000 0.52500000
vn -0.00000000 -0.00000000 1.00000000
vn -0.00250000 -0.75150000 0.65970000
vn -0.39310000 -0.67100000 0.62870000
vn -0.62090000 0.01770000 0.78370000
vn -0.00000000 -0.00000000 1.00000000
vn -0.62940000 0.13800000 0.76470000
vn -0.00000000 -0.00000000 1.00000000
vn -0.71960000 0.28100000 0.63500000
vn -0.59130000 0.23510000 0.77150000
vn -0.00010000 -0.00000000 1.00000000
vn -0.00000000 -0.00000000 1.00000000
vn -0.00010000 -0.00000000 1.00000000
vn -0.57600000 0.28030000 0.76790000
vn -0.00000000 -0.00000000 1.00000000
vn -0.56330000 0.28170000 0.77670000
vn 0.00280000 -0.00000000 1.00000000
vn -0.45390000 0.41670000 0.78760000
vn -0.47010000 0.28510000 0.83530000
vn 0.81940000 -0.57320000 0.00020000
vn -0.18460000 0.26230000 0.94720000
vn -0.57590000 -0.28050000 0.76790000
vn -0.00000000 -0.00000000 1.00000000
vn -0.59130000 -0.23500000 0.77150000
vn -0.00000000 -0.00000000 1.00000000
vn -0.71830000 -0.28460000 0.63480000
vn -0.00000000 -0.00000000 1.00000000
vn -0.21480000 -0.58920000 0.77890000
vn -0.18470000 -0.26230000 0.94720000
vn -0.45460000 -0.41560000 0.78780000
vn 0.81950000 0.57310000 0.00030000
vn -0.52260000 -0.29260000 0.80080000
vn 0.81950000 0.57310000 0.00020000
vn 0.00010000 -0.00000000 1.00000000
vn -0.56810000 -0.30550000 0.76410000
vn -0.80770000 -0.39360000 0.43910000
vn -0.00000000 -0.00000000 1.00000000
vn -0.00000000 -0.00000000 1.00000000
vn -0.65000000 -0.61300000 0.44920000
vn -0.69060000 -0.49870000 0.52380000
vn -0.00000000 -0.00000000 1.00000000
vn -0.48910000 -0.72360000 0.48710000
vn -0.00000000 -0.00000000 1.00000000
vn -0.28390000 -0.80940000 0.51400000
vn -0.60770000 -0.15180000 0.77950000
vn -0.00010000 -0.00000000 1.00000000
vn -0.00000000 -0.00000000 1.00000000
vn -0.73380000 0.00660000 0.67930000
vn -0.84600000 -0.17970000 0.50200000
vn -0.00000000 -0.00000000 1.00000000
vn -0.85060000 0.00460000 0.52570000
vn -0.00000000 -0.00000000 1.00000000
vn -0.84140000 0.17550000 0.51110000
vn -0.00000000 -0.00000000 1.00000000
vn -0.00000000 -0.00000000 1.00000000
vn -0.78920000 0.44650000 0.42170000
vn -0.70000000 0.52500000 0.48410000
vn -0.49950000 0.72760000 0.47010000
vn -0.00000000 -0.00000000 1.00000000
vn -0.39490000 0.66890000 0.62980000
vn -0.28870000 0.81060000 0.50950000
vn -0.00000000 -0.00000000 1.00000000
vn 0.00730000 0.74610000 0.66580000
vn -0.00000000 -0.00000000 1.00000000
vn 0.00260000 0.85110000 0.52500000
vn -0.00000000 -0.00000000 1.00000000
vn -0.21480000 0.58920000 0.77890000
vn 0.00010000 -1.00000000 -0.00000000
vn -0.00000000 -0.00000000 1.00000000
vn 0.02090000 0.63070000 0.77580000
vn -0.00000000 -0.00000000 1.00000000
vn 0.00010000 1.00000000 -0.00000000
vn -0.01440000 -0.60620000 0.79520000
vn 0.00010000 -0.00000000 1.00000000
vn -0.00000000 -0.00000000 1.00000000
vn 0.84440000 0.17940000 0.50480000
vn 0.71510000 0.28540000 0.63810000
vn 0.73170000 -0.00630000 0.68160000
vn 0.80590000 0.39380000 0.44200000
vn -0.00000000 -0.00000000 1.00000000
vn 0.64800000 0.61510000 0.44910000
vn -0.00000000 -0.00000000 1.00000000
vn 0.68710000 0.50150000 0.52580000
vn 0.48720000 0.72430000 0.48780000
vn -0.00000000 -0.00000000 1.00000000
vn 0.38690000 0.67170000 0.63170000
vn -0.00000000 -0.00000000 1.00000000
vn 0.28260000 0.80990000 0.51400000
vn 0.84890000 -0.00470000 0.52850000
vn -0.00000000 -0.00000000 1.00000000
vn 0.71580000 -0.28220000 0.63870000
vn -0.00000000 -0.00000000 1.00000000
vn 0.83940000 -0.17540000 0.51440000
vn -0.00000000 -0.00000000 1.00000000
vn 0.78830000 -0.44350000 0.42650000
vn 0.69750000 -0.52720000 0.48540000
vn -0.00000000 -0.00000000 1.00000000
vn 0.49850000 -0.72840000 0.47010000
vn 0.39200000 -0.67010000 0.63030000
vn -0.00000000 -0.00000000 1.00000000
vn 0.28740000 -0.81100000 0.50960000
vn -0.00000000 -0.00000000 1.00000000
vn 0.28280000 -0.55030000 0.78560000
vn 0.17570000 -0.60810000 0.77420000
vn 0.00010000 -0.00000000 1.00000000
vn -0.00020000 -0.00000000 1.00000000
vn -0.00000000 -0.00000000 1.00000000
vn -0.00000000 -0.00000000 1.00000000
vn 0.28280000 0.55030000 0.78560000
vn 0.19540000 0.20400000 0.95930000
vn 0.19530000 0.20400000 0.95930000
vn 0.45830000 0.41610000 0.78540000
vn 0.53260000 0.24900000 0.80890000
vn 0.00140000 -0.00000000 1.00000000
vn -0.86600000 -0.50000000 -0.00000000
vn 0.00010000 -0.00000000 1.00000000
vn 0.00020000 -0.00000000 1.00000000
vn -0.00000000 -0.00000000 1.00000000
vn 0.60160000 0.14190000 0.78610000
vn 0.62330000 -0.02350000 0.78160000
vn 0.00020000 -0.00000000 1.00000000
vn -0.00000000 -0.00000000 1.00000000
vn -0.00020000 -0.00000000 1.00000000
vn -0.00000000 -0.00000000 1.00000000
vn 0.63720000 -0.13340000 0.75910000
vn 0.46290000 -0.40960000 0.78610000
vn 0.60830000 -0.25420000 0.75190000
vn -0.00000000 -0.00000000 1.00000000
vn 0.60840000 -0.25420000 0.75190000
vn -0.86610000 0.49980000 -0.00000000
vn 0.19540000 -0.20400000 0.95930000
vn -0.00000000 -0.00000000 1.00000000
vn 0.14710000 0.66690000 0.73050000
vn 0.00010000 -0.00000000 1.00000000
vn -0.00010000 -0.00000000 1.00000000
vn -0.00000000 -0.00000000 1.00000000
vn -0.37970000 -0.92510000 -0.00000000
vn 0.00010000 -0.00000000 1.00000000
vn -0.61930000 -0.78520000 0.00030000
vn 0.00010000 -0.00000000 1.00000000
vn -0.00010000 -0.00000000 1.00000000
vn -0.81100000 -0.58500000 -0.00000000
vn -0.00000000 -0.00000000 1.00000000
vn -0.00010000 -0.00000000 1.00000000
vn -0.00000000 -0.00000000 1.00000000
vn -0.10110000 -0.99490000 -0.00000000
vn -0.37040000 -0.92890000 0.00030000
vn -0.00010000 -0.00000000 1.00000000
vn -0.61140000 -0.79130000 -0.00000000
vn -0.00000000 -0.00000000 1.00000000
vn -0.90110000 -0.43360000 -0.00000000
vn -0.00000000 -0.00000000 1.00000000
vn -0.80120000 -0.59840000 -0.00000000
vn -0.00000000 -0.00000000 1.00000000
vn -0.00000000 -0.00000000 1.00000000
vn -0.50010000 -0.86600000 -0.00000000
vn -0.00000000 -0.00000000 1.00000000
vn -0.11750000 -0.99310000 -0.00000000
vn 0.07510000 -0.99720000 -0.00000000
vn -0.00000000 -0.00000000 1.00000000
vn 0.00110000 -0.00000000 1.00000000
vn 0.00120000 -0.00000000 1.00000000
vn -0.99690000 -0.07830000 -0.00000000
vn -0.82600000 -0.56360000 -0.00000000
vn -0.00000000 -0.00000000 1.00000000
vn -0.00000000 -0.00000000 1.00000000
vn -0.93360000 -0.35830000 -0.00000000
vn -0.00020000 -0.00000000 1.00000000
vn -0.99690000 0.07830000 -0.00000000
vn -0.00000000 -0.00000000 1.00000000
vn -0.00020000 -0.00000000 1.00000000
vn -0.00000000 -0.00000000 1.00000000
vn -0.91880000 -0.39470000 -0.00000000
vn -0.00000000 -0.00000000 1.00000000
vn -1.00000000 -0.00000000 -0.00000000
vn -0.93350000 0.35860000 -0.00000000
vn 0.00010000 -0.00000000 1.00000000
vn 0.00020000 -0.00000000 1.00000000
vn -0.82610000 0.56350000 -0.00000000
vn 0.00020000 -0.00000000 1.00000000
vn -0.00000000 -0.00000000 1.00000000
vn 0.00010000 -0.00000000 1.00000000
vn -0.00000000 -0.00000000 1.00000000
vn -0.91880000 0.39480000 -0.00000000
vn -0.00000000 -0.00000000 1.00000000
vn -0.81110000 0.58490000 -0.00000000
vn -0.00000000 -0.00000000 1.00000000
vn 0.00010000 -0.00000000 1.00000000
vn -0.61930000 0.78520000 0.00030000
vn -0.37950000 0.92520000 -0.00000000
vn 0.00010000 -0.00000000 1.00000000
vn -0.61120000 0.79150000 -0.00000000
vn -0.00000000 -0.00000000 1.00000000
vn 0.00010000 -0.00000000 1.00000000
vn -0.37050000 0.92880000 0.00030000
vn -0.00000000 -0.00000000 1.00000000
vn -0.10100000 0.99490000 -0.00000000
vn -0.00000000 -0.00000000 1.00000000
vn 0.07520000 0.99720000 -0.00000000
vn -0.11750000 0.99310000 -0.00000000
vn -0.11750000 0.99310000 -0.00010000
vn -0.00000000 -0.00000000 1.00000000
vn -0.00000000 -0.00000000 1.00000000
vn -0.50000000 0.86600000 -0.00000000
vn -0.00000000 -0.00000000 1.00000000
vn -0.00020000 -0.00000000 1.00000000
vn -0.80120000 0.59840000 -0.00000000
vn -0.00000000 -0.00000000 1.00000000
vn -0.90120000 0.43350000 -0.00000000
vn -0.00020000 -0.00000000 1.00000000
vn -0.00000000 -0.00000000 1.00000000
vn 0.43070000 -0.90250000 -0.00000000
vn 0.58640000 -0.81000000 -0.00000000
vn 0.00060000 -0.00000000 1.00000000
vn -0.00000000 -0.00000000 1.00000000
vn 0.77720000 -0.62930000 -0.00000000
vn -0.00010000 -0.00000000 1.00000000
vn 0.17590000 -0.98440000 -0.00000000
vn -0.07030000 -0.99750000 -0.00000000
vn -0.00000000 -0.00000000 1.00000000
vn 0.11750000 -0.99310000 -0.00000000
vn -0.00000000 -0.00000000 1.00000000
vn 0.50010000 -0.86600000 -0.00000000
vn -0.00000000 -0.00000000 1.00000000
vn 0.80130000 -0.59830000 -0.00010000
vn 0.80130000 -0.59830000 -0.00000000
vn -0.00000000 -0.00000000 1.00000000
vn 0.90130000 -0.43310000 -0.00000000
vn -0.00000000 -0.00000000 1.00000000
vn -0.00000000 -0.00000000 1.00000000
vn 0.58640000 0.81000000 -0.00000000
vn -0.00000000 -0.00000000 1.00000000
vn 0.43050000 0.90260000 -0.00000000
vn -0.00000000 -0.00000000 1.00000000
vn 0.77730000 0.62920000 -0.00000000
vn -0.00000000 -0.00000000 1.00000000
vn 0.11750000 0.99310000 -0.00000000
vn -0.00000000 -0.00000000 1.00000000
vn -0.07020000 0.99750000 -0.00000000
vn 0.17570000 0.98440000 -0.00000000
vn -0.00000000 -0.00000000 1.00000000
vn 0.90120000 0.43350000 -0.00000000
vn -0.00000000 -0.00000000 1.00000000
vn 0.80120000 0.59840000 -0.00000000
vn -0.00000000 -0.00000000 1.00000000
vn -0.00000000 -0.00000000 1.00000000
vn 0.50000000 0.86610000 -0.00000000
vn 0.89380000 -0.44840000 -0.00000000
vn 0.89740000 -0.44120000 -0.00000000
vn -0.00000000 -0.00000000 1.00000000
vn -0.00010000 -0.00000000 1.00000000
vn 0.97950000 -0.20160000 0.00030000
vn -0.00000000 -0.00000000 1.00000000
vn 0.89760000 0.44070000 -0.00000000
vn -0.00000000 -0.00000000 1.00000000
vn 0.89390000 0.44830000 -0.00000000
vn 0.00610000 -0.00000000 1.00000000
vn 0.91860000 0.39510000 0.00050000
vn -0.00000000 -0.00000000 1.00000000
vn 0.94500000 0.32700000 0.00260000
vn 0.97910000 0.20310000 0.00240000
vn -0.00000000 -0.00000000 1.00000000
vn 1.00000000 0.00710000 -0.00000000
vn -0.00000000 -0.00000000 1.00000000
vn 0.82040000 -0.57180000 -0.00000000
vn -0.00010000 -0.00000000 1.00000000
vn -0.00000000 -0.00000000 1.00000000
vn 0.91880000 -0.39470000 -0.00000000
vn -0.00000000 -0.00000000 1.00000000
vn 0.91850000 -0.39540000 0.00050000
vn -0.00000000 -0.00000000 1.00000000
vn -0.00000000 -0.00000000 1.00000000
vn 1.00000000 -0.00000000 -0.00000000
vn 0.91880000 0.39480000 -0.00000000
vn -0.00000000 -0.00000000 1.00000000
vn -0.00000000 -0.00000000 1.00000000
vn 0.82050000 0.57170000 -0.00000000
vn -0.00000000 -0.00000000 1.00000000
vn 0.97950000 0.20140000 0.00030000
vn 1.00000000 -0.00710000 -0.00000000
vn -0.00010000 -0.00000000 1.00000000
vn -0.00000000 -0.00000000 1.00000000
vn 0.97910000 -0.20310000 0.00240000
vn 0.00020000 -0.00000000 1.00000000
vn -0.00000000 -0.00000000 1.00000000
vn 0.00150000 -0.00000000 1.00000000
vn 0.94500000 -0.32700000 0.00260000
vn 0.00140000 -0.00000000 1.00000000
vn -0.77870000 -0.62740000 0.00370000
vn -0.00030000 -0.00000000 1.00000000
vn -0.00000000 -0.00000000 1.00000000
vn -0.90110000 -0.43360000 -0.00000000
vn -0.00000000 -0.00000000 1.00000000
vn -0.00030000 -0.00000000 1.00000000
vn -0.42850000 -0.90350000 0.00370000
vn -0.00000000 -0.00000000 1.00000000
vn 0.00010000 -1.00000000 -0.00000000
vn -0.00000000 -0.00000000 1.00000000
vn 0.43070000 -0.90250000 -0.00000000
vn 0.77720000 -0.62930000 -0.00000000
vn -0.00000000 -0.00000000 1.00000000
vn 0.90120000 -0.43350000 -0.00000000
vn 0.90120000 -0.43340000 -0.00000000
vn -0.00000000 -0.00000000 1.00000000
vn 0.07510000 -0.99720000 -0.00000000
vn 0.00010000 -0.00000000 1.00000000
vn -0.00000000 -0.00000000 1.00000000
vn -0.11750000 -0.99310000 -0.00000000
vn -0.00000000 -0.00000000 1.00000000
vn 0.00010000 -0.00000000 1.00000000
vn -0.00000000 -0.00000000 1.00000000
vn -0.50010000 -0.86600000 -0.00000000
vn 0.00010000 -0.00000000 1.00000000
vn -0.00000000 -0.00000000 1.00000000
vn -0.80120000 -0.59840000 -0.00000000
vn -0.82590000 0.56380000 -0.00000000
vn -0.00000000 -0.00000000 1.00000000
vn 0.00010000 -0.00000000 1.00000000
vn 0.00010000 -0.00000000 1.00000000
vn -0.00000000 -0.00000000 1.00000000
vn -0.93370000 0.35820000 -0.00000000
vn -0.99690000 -0.07830000 -0.00000000
vn -0.00000000 -0.00000000 1.00000000
vn -0.00000000 -0.00000000 1.00000000
vn 0.00010000 -0.00000000 1.00000000
vn -0.86600000 -0.50000000 -0.00000000
vn -0.00000000 -0.00000000 1.00000000
vn -0.56820000 -0.82290000 0.00380000
vn -0.00020000 -0.00000000 1.00000000
vn -0.15420000 -0.98800000 0.00380000
vn -0.00000000 -0.00000000 1.00000000
vn -0.00000000 -0.00000000 1.00000000
vn -1.00000000 -0.00000000 -0.00000000
vn 0.00010000 -0.00000000 1.00000000
vn -0.91880000 0.39480000 -0.00000000
vn -0.00000000 -0.00000000 1.00000000
vn -0.82610000 -0.56360000 -0.00000000
vn 0.00010000 -0.00000000 1.00000000
vn -0.00000000 -0.00000000 1.00000000
vn -0.00000000 -0.00000000 1.00000000
vn -0.91880000 -0.39470000 -0.00000000
vn 0.00010000 -0.00000000 1.00000000
vn 0.00010000 -0.00000000 1.00000000
vn -0.15390000 0.98810000 0.00370000
vn -0.00000000 -0.00000000 1.00000000
vn 0.00010000 -0.00000000 1.00000000
vn 0.07520000 0.99720000 -0.00000000
vn -0.00000000 -0.00000000 1.00000000
vn -0.56830000 0.82280000 0.00370000
vn -0.00000000 -0.00000000 1.00000000
vn 0.00020000 -0.00000000 1.00000000
vn -0.00000000 -0.00000000 1.00000000
vn -0.86610000 0.49980000 -0.00000000
vn -0.99690000 0.07830000 -0.00000000
vn -0.00030000 -0.00000000 1.00000000
vn -0.00050000 -0.00000000 1.00000000
vn 0.00010000 -0.00000000 1.00000000
vn -0.00000000 -0.00000000 1.00000000
vn -0.00010000 -0.00000000 1.00000000
vn -0.93360000 -0.35830000 -0.00000000
vn 0.90120000 0.43350000 -0.00000000
vn -0.00000000 -0.00000000 1.00000000
vn 0.77730000 0.62920000 -0.00000000
vn -0.00000000 -0.00000000 1.00000000
vn -0.00000000 -0.00000000 1.00000000
vn 0.43050000 0.90260000 -0.00000000
vn -0.00000000 -0.00000000 1.00000000
vn 0.00010000 1.00000000 -0.00000000
vn -0.00000000 -0.00000000 1.00000000
vn -0.42820000 0.90370000 0.00370000
vn -0.77880000 0.62730000 0.00370000
vn -0.00000000 -0.00000000 1.00000000
vn -0.00030000 -0.00000000 1.00000000
vn -0.00000000 -0.00000000 1.00000000
vn -0.90120000 0.43350000 -0.00000000
vn -0.80120000 0.59840000 -0.00000000
vn -0.00000000 -0.00000000 1.00000000
vn -0.00000000 -0.00000000 1.00000000
vn -0.50000000 0.86600000 -0.00000000
vn -0.50000000 0.86600000 0.00010000
vn -0.00000000 -0.00000000 1.00000000
vn -0.11750000 0.99310000 -0.00000000
vn -0.07030000 -0.99750000 -0.00000000
vn -0.00000000 -0.00000000 1.00000000
vn -0.00010000 -0.00000000 1.00000000
vn -0.00000000 -0.00000000 1.00000000
vn 0.17590000 -0.98440000 -0.00000000
vn 0.59730000 -0.80200000 0.00170000
vn -0.00000000 -0.00000000 1.00000000
vn -0.00000000 -0.00000000 1.00000000
vn 0.89330000 -0.44950000 0.00600000
vn 0.99990000 -0.01400000 0.00720000
vn -0.00000000 -0.00000000 1.00000000
vn -0.00000000 -0.00000000 1.00000000
vn 0.80120000 -0.59840000 -0.00000000
vn 0.50010000 -0.86600000 -0.00000000
vn -0.00010000 -0.00000000 1.00000000
vn -0.00000000 -0.00000000 1.00000000
vn -0.00010000 -0.00000000 1.00000000
vn 0.11750000 -0.99310000 -0.00000000
vn -0.00000000 -0.00000000 1.00000000
vn -0.00000000 -0.00000000 1.00000000
vn 0.99990000 0.01400000 0.00720000
vn 0.00010000 -0.00000000 1.00000000
vn -0.00000000 -0.00000000 1.00000000
vn 0.89330000 0.44950000 0.00600000
vn 0.89330000 0.44950000 0.00800000
vn -0.00000000 -0.00000000 1.00000000
vn 0.59730000 0.80200000 0.00170000
vn 0.17570000 0.98440000 -0.00000000
vn -0.00000000 -0.00000000 1.00000000
vn 0.00010000 -0.00000000 1.00000000
vn -0.00000000 -0.00000000 1.00000000
vn -0.07020000 0.99750000 -0.00000000
vn -0.00000000 -0.00000000 1.00000000
vn 0.11750000 0.99310000 -0.00000000
vn 0.50000000 0.86600000 -0.00000000
vn -0.00000000 -0.00000000 1.00000000
vn 0.80120000 0.59840000 -0.00000000
vn -0.00000000 -0.00000000 1.00000000
vn 0.00010000 -0.00000000 1.00000000
vn -0.00000000 -0.00000000 1.00000000
vn 0.91800000 -0.39650000 0.00310000
vn 0.82040000 -0.57170000 -0.00000000
vn -0.00000000 -0.00000000 1.00000000
vn 0.82050000 0.57170000 -0.00000000
vn -0.00010000 -0.00000000 1.00000000
vn -0.00000000 -0.00000000 1.00000000
vn -0.00000000 -0.00000000 1.00000000
vn 0.91880000 0.39480000 -0.00000000
vn -0.00000000 -0.00000000 1.00000000
vn 1.00000000 -0.00000000 -0.00000000
vn -0.00010000 -0.00000000 1.00000000
vn -0.00000000 -0.00000000 1.00000000
vn 0.91880000 -0.39470000 -0.00000000
vn 0.91810000 0.39640000 0.00310000
vn -0.00000000 -0.00000000 1.00000000
vn -0.00010000 -0.00000000 1.00000000
vn -0.00000000 -0.00000000 1.00000000
vn -1.00000000 -0.00000000 -0.00000000
vn -0.70710000 0.70710000 -0.00000000
vn -0.96590000 0.25880000 -0.00000000
vn -0.00000000 -0.00000000 1.00000000
vn -0.25880000 0.96590000 -0.00000000
vn -0.70710000 0.70710000 -0.00000000
vn -0.00000000 -0.00000000 1.00000000
vn -0.00000000 1.00000000 -0.00000000
vn -0.00000000 -0.00000000 1.00000000
vn 0.48920000 0.87200000 0.01770000
vn -0.00000000 -0.00000000 1.00000000
vn -0.00000000 -0.00000000 1.00000000
vn 0.99950000 0.02050000 0.02570000
vn 0.86210000 -0.50470000 0.04560000
vn -0.00000000 -0.00000000 1.00000000
vn -0.00000000 -0.00000000 1.00000000
vn 0.49080000 -0.87070000 0.03240000
vn 0.01300000 -0.99980000 0.01460000
vn -0.00000000 -0.00000000 1.00000000
vn -0.50190000 -0.86420000 0.03510000
vn -0.00000000 -0.00000000 1.00000000
vn -0.00000000 -0.00000000 1.00000000
vn -0.87260000 -0.48810000 0.01920000
vn 0.86720000 0.49700000 0.03050000
vn -0.00000000 -0.00000000 1.00000000
vn -0.83390000 -0.03700000 0.55070000
vn 0.99840000 0.04150000 0.03860000
vn 0.97480000 0.19580000 0.10680000
vn -0.73880000 -0.00190000 0.67390000
vn -0.54940000 -0.00000000 0.83560000
vn 0.92250000 0.38570000 0.01510000
vn -0.42060000 0.00070000 0.90720000
vn 0.81780000 0.57560000 -0.00000000
vn -0.15550000 0.00160000 0.98780000
vn 0.65120000 0.75880000 0.01010000
vn -0.00000000 -0.00000000 1.00000000
vn 0.00010000 -0.00000000 1.00000000
vn 0.41020000 0.91200000 -0.00000000
vn -0.00000000 1.00000000 -0.00000000
vn -0.00000000 -0.00000000 1.00000000
vn -0.25880000 0.96590000 -0.00000000
vn -0.00000000 -0.00000000 1.00000000
vn -0.70710000 0.70710000 -0.00000000
vn -0.00000000 -0.00000000 1.00000000
vn -0.70710000 0.70710000 -0.00000000
vn -0.96590000 0.25880000 -0.00000000
vn -0.00000000 -0.00000000 1.00000000
vn -1.00000000 -0.00000000 -0.00000000
vn -0.99920000 -0.03410000 0.01940000
vn -0.00000000 -0.00000000 1.00000000
vn -0.89930000 0.43580000 0.03560000
vn -0.00000000 -0.00000000 1.00000000
vn -0.61570000 0.78770000 0.02170000
vn -0.00000000 -0.00000000 1.00000000
vn -0.21980000 0.97550000 0.00320000
vn -0.00010000 -0.00000000 1.00000000
vn -0.00000000 -0.00000000 1.00000000
vn 0.22250000 0.97490000 -0.00000000
vn -0.00000000 -0.00000000 1.00000000
vn 0.62350000 0.78180000 -0.00000000
vn -0.00000000 -0.00000000 1.00000000
vn -0.00000000 -0.00000000 1.00000000
vn 0.99980000 -0.01870000 -0.00000000
vn -0.00000000 -0.00000000 1.00000000
vn 0.87260000 -0.48810000 0.01920000
vn 0.49450000 -0.86860000 0.03070000
vn -0.00000000 -0.00000000 1.00000000
vn -0.00000000 -0.00000000 1.00000000
vn 0.01980000 -0.99950000 0.02410000
vn -0.00000000 -0.00000000 1.00000000
vn -0.50240000 -0.86340000 0.04670000
vn -0.00000000 -0.00000000 1.00000000
vn -0.87010000 -0.49150000 0.03630000
vn -0.00000000 -0.00000000 1.00000000
vn 0.90100000 0.43390000 -0.00000000
vn -0.99840000 -0.04160000 0.03860000
vn 0.75900000 0.00220000 0.65110000
vn -0.97380000 0.22690000 0.01490000
vn 0.65770000 -0.00610000 0.75330000
vn 0.34570000 -0.00070000 0.93830000
vn -0.77590000 0.63070000 0.00910000
vn 0.53020000 0.00040000 0.84790000
vn -0.89930000 0.43730000 -0.00040000
vn 0.01250000 -0.00000000 0.99990000
vn -0.51860000 0.85500000 0.00210000
vn 0.13420000 -0.00480000 0.99090000
vn -0.65900000 0.75220000 -0.00000000
vn -0.00000000 -0.00000000 1.00000000
vn 0.99980000 -0.01870000 -0.00000000
vn 0.90100000 0.43390000 -0.00000000
vn -0.00000000 -0.00000000 1.00000000
vn 0.62350000 0.78180000 -0.00000000
vn -0.00000000 -0.00000000 1.00000000
vn 0.22250000 0.97490000 -0.00000000
vn -0.00000000 -0.00000000 1.00000000
vn -0.00000000 -0.00000000 1.00000000
vn -0.21530000 0.97660000 -0.00000000
vn -0.99950000 -0.02050000 0.02570000
vn -0.00000000 -0.00000000 1.00000000
vn -0.86210000 0.50470000 0.04560000
vn -0.00000000 -0.00000000 1.00000000
vn -0.49320000 0.86930000 0.03410000
vn -0.00000000 -0.00000000 1.00000000
vn 0.25880000 -0.96590000 -0.00000000
vn 0.70710000 -0.70710000 -0.00000000
vn -0.00000000 -0.00000000 1.00000000
vn -0.00000000 -0.00000000 1.00000000
vn 0.70710000 -0.70710000 -0.00000000
vn 0.96590000 -0.25880000 -0.00000000
vn 1.00000000 -0.00000000 -0.00000000
vn -0.00000000 -0.00000000 1.00000000
vn -0.00000000 -0.00000000 1.00000000
vn -0.00000000 -1.00000000 -0.00000000
vn -0.00000000 -0.00000000 1.00000000
vn -0.48920000 -0.87200000 0.01770000
vn -0.00000000 -0.00000000 1.00000000
vn -0.86720000 -0.49700000 0.03050000
vn -0.00000000 -0.00000000 1.00000000
vn -0.01980000 0.99950000 0.02410000
vn 0.50620000 0.86160000 0.03850000
vn -0.00000000 -0.00000000 1.00000000
vn 0.87260000 0.48810000 0.01920000
vn -0.00000000 -0.00000000 1.00000000
vn -0.00000000 -0.00000000 1.00000000
vn 1.00000000 -0.00000000 -0.00000000
vn 0.83390000 0.03700000 0.55070000
vn -0.99840000 -0.04150000 0.03860000
vn -0.97130000 0.23590000 0.02970000
vn 0.71730000 -0.02290000 0.69640000
vn 0.54280000 -0.00000000 0.83980000
vn -0.91810000 0.39620000 0.01200000
vn -0.48490000 0.87450000 -0.00030000
vn 0.00870000 -0.50690000 0.86190000
vn 0.27660000 -0.38670000 0.87970000
vn -0.64470000 0.76400000 0.02390000
vn 0.36130000 -0.21560000 0.90720000
vn -0.75470000 0.65550000 0.02590000
vn 0.44760000 -0.00870000 0.89420000
vn -0.85560000 0.51760000 -0.00000000
vn 0.27210000 0.96210000 0.01960000
vn -0.00380000 -0.60410000 0.79690000
vn -0.03490000 0.99890000 0.03250000
vn -0.00060000 -0.66600000 0.74600000
vn -0.24410000 0.96690000 0.07440000
vn 0.01280000 -0.60990000 0.79240000
vn 0.91000000 0.41460000 -0.00000000
vn -0.00000000 -0.00000000 1.00000000
vn -0.00000000 -0.14890000 0.98890000
vn 0.75220000 0.65880000 0.01120000
vn 0.54250000 0.84000000 -0.00000000
vn 0.00370000 -0.42980000 0.90290000
vn -0.00000000 -0.00000000 1.00000000
vn -0.99980000 0.01870000 -0.00000000
vn -0.00000000 -0.00000000 1.00000000
vn -0.87260000 0.48810000 0.01920000
vn -0.49280000 0.86970000 0.02610000
vn -0.00000000 -0.00000000 1.00000000
vn 0.21980000 -0.97550000 0.00320000
vn 0.00010000 -0.00000000 1.00000000
vn -0.00000000 -0.00000000 1.00000000
vn -0.00000000 -0.00000000 1.00000000
vn 0.61570000 -0.78770000 0.02170000
vn -0.90100000 -0.43390000 -0.00000000
vn -0.00000000 -0.00000000 1.00000000
vn -0.62350000 -0.78180000 -0.00000000
vn -0.00000000 -0.00000000 1.00000000
vn -0.01300000 0.99980000 0.01460000
vn -0.00000000 -0.00000000 1.00000000
vn -0.00000000 -0.00000000 1.00000000
vn 0.49810000 0.86600000 0.04330000
vn -0.00000000 -0.00000000 1.00000000
vn 0.89930000 -0.43580000 0.03560000
vn -0.00000000 -0.00000000 1.00000000
vn 0.99920000 0.03410000 0.01940000
vn -0.00000000 -0.00000000 1.00000000
vn -0.22250000 -0.97490000 -0.00000000
vn 0.87010000 0.49150000 0.03630000
vn -0.00000000 -0.00000000 1.00000000
vn -0.32210000 0.94620000 0.03150000
vn 0.01840000 -0.59940000 0.80020000
vn 0.00120000 -0.73390000 0.67930000
vn -0.01760000 0.99970000 0.01600000
vn 0.33440000 0.94240000 0.01280000
vn -0.02620000 -0.58040000 0.81390000
vn 0.50530000 0.86290000 -0.00000000
vn -0.03750000 -0.52250000 0.85180000
vn -0.47010000 0.00160000 0.88260000
vn 0.87870000 0.47740000 -0.00000000
vn -0.39540000 -0.22150000 0.89140000
vn 0.76570000 0.64270000 0.02490000
vn -0.26700000 -0.36430000 0.89220000
vn 0.68420000 0.72840000 0.03590000
vn -0.15970000 -0.37180000 0.91450000
vn 0.60090000 0.79920000 0.01250000
vn 0.99840000 0.04160000 0.03860000
vn -0.75900000 -0.00220000 0.65110000
vn -0.71250000 -0.02160000 0.70130000
vn 0.97210000 0.21450000 0.09530000
vn 0.08780000 -0.56050000 0.82350000
vn -0.56690000 0.82380000 -0.00000000
vn -0.75220000 0.65880000 0.01120000
vn -0.01730000 -0.11990000 0.99260000
vn -0.00000000 -0.00000000 1.00000000
vn -0.91000000 0.41460000 -0.00000000
vn -0.00000000 -0.00000000 1.00000000
vn -0.99980000 0.01870000 -0.00000000
vn -0.55080000 -0.11850000 0.82620000
vn -0.47740000 -0.38440000 0.79010000
vn -0.33060000 -0.94280000 0.04330000
vn -0.33830000 -0.91630000 0.21440000
vn -0.53030000 -0.84370000 0.08380000
vn -0.61960000 -0.69020000 0.37380000
vn -0.80250000 -0.36660000 0.47080000
vn -0.84500000 -0.52200000 0.11630000
vn -0.70930000 -0.69890000 0.09130000
vn -0.08000000 -0.99330000 0.08280000
vn -0.04350000 -0.94310000 0.32970000
vn -0.21440000 -0.91630000 0.33830000
vn -0.07980000 -0.84220000 0.53320000
vn -0.36880000 -0.68610000 0.62710000
vn -0.09900000 -0.68070000 0.72590000
vn -0.12060000 -0.43920000 0.89030000
vn -0.86440000 -0.10390000 0.49200000
vn -0.98690000 -0.09650000 0.12890000
vn -0.94110000 -0.31590000 0.12090000
vn -0.12280000 -0.99240000 -0.00980000
vn -0.49760000 -0.86700000 -0.02680000
vn -0.86700000 -0.49760000 -0.02680000
vn -0.00000000 -0.00000000 1.00000000
vn -0.99240000 -0.12290000 -0.00980000
vn 0.11010000 -0.98810000 0.10790000
vn 0.22420000 -0.96590000 0.12940000
vn 0.61240000 -0.70710000 0.35350000
vn 0.27660000 -0.85460000 0.43960000
vn 0.51400000 -0.85490000 0.06980000
vn 0.45680000 -0.48270000 0.74720000
vn 0.08590000 -0.51130000 0.85510000
vn 0.10920000 -0.69500000 0.71070000
vn 0.75860000 -0.48230000 0.43800000
vn 0.86530000 -0.48830000 0.11290000
vn 0.55730000 -0.14220000 0.81800000
vn 0.86110000 -0.13490000 0.49020000
vn 0.98340000 -0.12820000 0.12820000
vn 0.06350000 -0.88850000 0.45450000
vn 0.13050000 -0.99140000 -0.00000000
vn 0.50000000 -0.86600000 -0.00000000
vn 0.86600000 -0.50000000 -0.00000000
vn 0.99140000 -0.13050000 -0.00000000
vn -0.00000000 -0.00000000 1.00000000
vn 0.61240000 0.70710000 0.35350000
vn 0.22420000 0.96590000 0.12940000
vn 0.70370000 0.70370000 0.09860000
vn 0.25870000 0.96540000 0.03160000
vn 0.11000000 0.98810000 0.10790000
vn -0.68420000 -0.72840000 0.03590000
vn 0.28550000 0.36410000 0.88650000
vn 0.39540000 0.22150000 0.89140000
vn -0.76570000 -0.64270000 0.02490000
vn 0.55370000 0.14450000 0.82010000
vn 0.11510000 0.70160000 0.70320000
vn 0.12030000 0.50400000 0.85530000
vn 0.46430000 0.48730000 0.73960000
vn -0.60090000 -0.79920000 0.01250000
vn 0.16660000 0.41580000 0.89410000
vn 0.86110000 0.13520000 0.49010000
vn 0.75860000 0.48230000 0.43800000
vn 0.98340000 0.12820000 0.12820000
vn 0.86530000 0.48830000 0.11290000
vn 0.06330000 0.88840000 0.45460000
vn 0.27660000 0.85460000 0.43960000
vn 0.13050000 0.99140000 -0.00000000
vn 0.70710000 0.70710000 -0.00000000
vn 0.25890000 0.96590000 -0.00000000
vn 0.70710000 0.70710000 -0.00000000
vn 0.96590000 0.25890000 -0.00000000
vn 0.99140000 0.13050000 -0.00000000
vn -0.00000000 -0.00000000 1.00000000
vn -0.21440000 0.91630000 0.33830000
vn -0.04390000 0.94300000 0.32980000
vn -0.08030000 0.99330000 0.08260000
vn -0.33890000 0.25410000 0.90590000
vn 0.72740000 -0.68250000 0.07130000
vn -0.17010000 0.33680000 0.92610000
vn 0.62850000 -0.77760000 0.01960000
vn -0.12060000 0.43920000 0.89020000
vn -0.47900000 0.39020000 0.78630000
vn -0.55980000 0.11070000 0.82120000
vn 0.77180000 -0.63420000 0.04660000
vn -0.40820000 0.14150000 0.90190000
vn -0.98690000 0.09650000 0.12890000
vn -0.86440000 0.10350000 0.49210000
vn -0.94110000 0.31590000 0.12090000
vn -0.80250000 0.36660000 0.47080000
vn -0.84500000 0.52200000 0.11630000
vn -0.61960000 0.69020000 0.37380000
vn -0.70930000 0.69890000 0.09130000
vn -0.53030000 0.84370000 0.08380000
vn -0.36880000 0.68610000 0.62710000
vn -0.33060000 0.94280000 0.04330000
vn -0.33830000 0.91630000 0.21440000
vn -0.03660000 0.69970000 0.71350000
vn -0.06960000 0.83450000 0.54650000
vn -0.12280000 0.99240000 -0.00980000
vn -0.49760000 0.86700000 -0.02680000
vn -0.86700000 0.49760000 -0.02680000
vn -0.00000000 -0.00000000 1.00000000
vn -0.99240000 0.12290000 -0.00980000
vn 0.25880000 -0.00000000 0.96590000
vn 0.00040000 0.79390000 0.60810000
vn 0.25880000 -0.00000000 0.96590000
vn -0.00160000 0.95410000 0.29950000
vn 0.19350000 -0.00000000 0.98110000
vn -0.00020000 0.99890000 0.04790000
vn -0.00000000 1.00000000 0.00210000
vn -0.00000000 -0.00000000 1.00000000
vn -0.56690000 -0.82380000 -0.00000000
vn 0.03830000 0.47790000 0.87760000
vn -0.00000000 0.14890000 0.98890000
vn -0.75220000 -0.65880000 0.01120000
vn 0.11140000 0.02070000 0.99360000
vn 0.08660000 0.05040000 0.99500000
vn 0.10530000 0.16830000 0.98010000
vn 0.00920000 0.56880000 0.82240000
vn -0.33440000 -0.94230000 0.01280000
vn 0.12590000 0.33390000 0.93420000
vn -0.00950000 0.72840000 0.68510000
vn 0.01760000 -0.99970000 0.01600000
vn 0.32200000 -0.94620000 0.03150000
vn -0.02200000 0.65470000 0.75560000
vn 0.50530000 -0.86290000 -0.00000000
vn -0.03750000 0.52250000 0.85180000
vn -0.53020000 -0.00040000 0.84790000
vn 0.89930000 -0.43730000 -0.00040000
vn 0.85560000 -0.51760000 -0.00000000
vn -0.44760000 0.00870000 0.89420000
vn 0.97380000 -0.22690000 0.01490000
vn -0.65770000 0.00610000 0.75330000
vn 0.97130000 -0.23590000 0.02970000
vn -0.71730000 0.02290000 0.69640000
vn 0.91810000 -0.39620000 0.01200000
vn -0.54280000 -0.00000000 0.83980000
vn -0.01250000 -0.00000000 0.99990000
vn 0.51860000 -0.85500000 0.00210000
vn 0.65900000 -0.75220000 -0.00000000
vn -0.13420000 0.00480000 0.99090000
vn -0.34570000 0.00070000 0.93830000
vn 0.77590000 -0.63070000 0.00910000
vn 0.10230000 -0.10980000 0.98870000
vn 0.12040000 -0.01920000 0.99250000
vn 0.12980000 -0.25050000 0.95940000
vn 0.11620000 -0.19630000 0.97360000
vn -0.00170000 -0.95420000 0.29900000
vn 0.25890000 -0.00000000 0.96590000
vn 0.25890000 -0.00000000 0.96590000
vn 0.25880000 -0.00000000 0.96590000
vn 0.00020000 -0.84380000 0.53670000
vn -0.00190000 -0.67620000 0.73670000
vn 0.25880000 -0.00000000 0.96590000
vn 0.25870000 -0.00000000 0.96590000
vn -0.00200000 -0.67620000 0.73670000
vn -0.00000000 -1.00000000 0.00210000
vn -0.00000000 -0.00000000 1.00000000
vn -0.00020000 -0.99880000 0.04870000
vn 0.19340000 -0.00000000 0.98110000
vn -0.48060000 -0.87690000 -0.00000000
vn 0.00600000 0.44590000 0.89500000
vn -0.12040000 0.01920000 0.99250000
vn 0.75510000 -0.65550000 0.01410000
vn 0.01570000 0.11320000 0.99340000
vn -0.10730000 0.10170000 0.98900000
vn 0.00280000 0.35500000 0.93490000
vn 0.60480000 -0.79640000 0.00580000
vn -0.12100000 0.19320000 0.97370000
vn 0.24260000 -0.96720000 0.07520000
vn -0.00340000 0.60120000 0.79910000
vn 0.00010000 0.77380000 0.63340000
vn -0.25880000 -0.00000000 0.96590000
vn -0.13090000 0.30940000 0.94190000
vn 0.00160000 0.46960000 0.88290000
vn 0.45830000 -0.88880000 -0.00000000
vn 0.00550000 0.61110000 0.79160000
vn -0.27180000 -0.96210000 0.01960000
vn 0.03510000 -0.99890000 0.03250000
vn -0.00020000 0.66390000 0.74780000
vn 0.00010000 0.99910000 0.04290000
vn -0.19380000 -0.00000000 0.98100000
vn -0.25880000 -0.00000000 0.96590000
vn 0.00150000 0.97220000 0.23410000
vn -0.00030000 0.88270000 0.47000000
vn -0.25880000 -0.00000000 0.96590000
vn -0.81780000 -0.57560000 -0.00000000
vn 0.42060000 -0.00070000 0.90720000
vn -0.92250000 -0.38570000 0.01510000
vn 0.54940000 -0.00000000 0.83560000
vn 0.73880000 0.00190000 0.67390000
vn -0.97480000 -0.19580000 0.10680000
vn 0.71250000 0.02160000 0.70130000
vn -0.97210000 -0.21450000 0.09530000
vn -0.87870000 -0.47740000 -0.00000000
vn 0.47010000 -0.00160000 0.88260000
vn 0.15550000 -0.00160000 0.98780000
vn -0.65120000 -0.75880000 0.01010000
vn -0.25880000 -0.00000000 0.96590000
vn -0.00340000 -0.82240000 0.56890000
vn 0.00120000 -0.97150000 0.23700000
vn -0.25880000 -0.00000000 0.96590000
vn 0.00010000 -0.99910000 0.04240000
vn -0.19390000 -0.00000000 0.98100000
vn -0.12840000 -0.32860000 0.93570000
vn -0.10780000 -0.16280000 0.98080000
vn -0.11140000 -0.02070000 0.99360000
vn -0.08660000 -0.05040000 0.99500000
vn -0.91000000 -0.41460000 -0.00000000
vn -0.00000000 -0.00000000 1.00000000
vn -0.00000000 -0.00000000 1.00000000
vn 0.21530000 -0.97660000 -0.00000000
vn -0.00000000 -0.00000000 1.00000000
vn -0.90100000 -0.43390000 -0.00000000
vn -0.00000000 -0.00000000 1.00000000
vn -0.22250000 -0.97490000 -0.00000000
vn -0.00000000 -0.00000000 1.00000000
vn -0.62350000 -0.78180000 -0.00000000
vn 0.70710000 -0.70710000 -0.00000000
vn 0.96590000 -0.25880000 -0.00000000
vn -0.00000000 -0.00000000 1.00000000
vn 0.70710000 -0.70710000 -0.00000000
vn -0.00000000 -0.00000000 1.00000000
vn 0.25880000 -0.96590000 -0.00000000
vn -0.00000000 -0.00000000 1.00000000
vn -0.00010000 -0.00000000 1.00000000
vn -0.41020000 -0.91200000 -0.00000000
vn -0.00000000 -0.00000000 1.00000000
vn 0.91000000 -0.41460000 -0.00000000
vn -0.00000000 -0.00000000 1.00000000
vn -0.00000000 -1.00000000 -0.00000000
vn -0.00000000 -1.00000000 -0.00000000
vn -0.50000000 -0.00000000 -0.86600000
vn -0.00000000 -1.00000000 -0.00000000
vn -0.25000000 -0.86600000 -0.43300000
vn -0.00000000 -1.00000000 -0.00000000
vn -0.00000000 -0.86600000 -0.50000000
vn -0.00000000 -1.00000000 -0.00000000
vn -0.43300000 -0.86600000 -0.25000000
vn -1.00000000 -0.00000000 -0.00000000
vn -0.00000000 -1.00000000 -0.00000000
vn -0.50000000 -0.86600000 -0.00000000
vn -0.00000000 -1.00000000 -0.00000000
vn 0.43300000 -0.86600000 -0.25000000
vn -0.00000000 -1.00000000 -0.00000000
vn 1.00000000 -0.00000000 -0.00000000
vn 0.50000000 -0.86600000 -0.00000000
vn 0.50000000 -0.00000000 -0.86600000
vn 0.25000000 -0.86600000 -0.43300000
vn -0.00000000 -1.00000000 -0.00000000
vn -1.00000000 -0.00000000 -0.00000000
vn -0.00000000 -1.00000000 -0.00000000
vn -0.50000000 -0.00000000 -0.86600000
vn -0.50000000 -0.00000000 -0.86600000
vn -0.00000000 -1.00000000 -0.00000000
vn 0.50000000 -0.00000000 -0.86600000
vn -0.00000000 -1.00000000 -0.00000000
vn 0.50000000 -0.00000000 -0.86600000
vn 1.00000000 -0.00000000 -0.00000000
vn 1.00000000 -0.00000000 -0.00000000
vn -0.00000000 -1.00000000 -0.00000000
vn 0.50000000 -0.00000000 0.86600000
vn 0.43310000 -0.86600000 0.25000000
vn -0.00000000 -1.00000000 -0.00000000
vn -0.00000000 -1.00000000 -0.00000000
vn 0.50000000 -0.00000000 0.86600000
vn 0.25000000 -0.86600000 0.43300000
vn 0.50000000 -0.00000000 0.86600000
vn -0.50000000 -0.00000000 0.86600000
vn -0.00000000 -1.00000000 -0.00000000
vn -0.00000000 -1.00000000 -0.00000000
vn -0.00000000 -0.86600000 0.50000000
vn -0.50000000 -0.00000000 0.86600000
vn -0.00000000 -1.00000000 -0.00000000
vn -0.25000000 -0.86600000 0.43300000
vn -0.00000000 -1.00000000 -0.00000000
vn -1.00000000 -0.00000000 -0.00000000
vn -0.50000000 -0.00000000 0.86600000
vn -0.43310000 -0.86600000 0.25000000
vn -0.00000000 -1.00000000 -0.00000000
vn -0.50000000 -0.00000000 -0.86600000
vn 0.50000000 -0.00000000 -0.86600000
vn -0.00000000 -1.00000000 -0.00000000
vn 0.50000000 -0.00000000 -0.86600000
vn 1.00000000 -0.00000000 -0.00000000
vn -0.00000000 -1.00000000 -0.00000000
vn 0.50000000 -0.00000000 0.86600000
vn -0.00000000 -1.00000000 -0.00000000
vn 1.00000000 -0.00000000 -0.00000000
vn 0.50000000 -0.00000000 0.86600000
vn -0.00000000 -1.00000000 -0.00000000
vn -0.50000000 -0.00000000 0.86600000
vn -1.00000000 -0.00000000 -0.00000000
vn -0.50000000 -0.00000000 0.86600000
vn -0.00000000 -1.00000000 -0.00000000
vn -0.00000000 -1.00000000 -0.00000000
vn -0.50000000 -0.00000000 -0.86600000
vn -1.00000000 -0.00000000 -0.00000000
vn 0.71390000 -0.69950000 0.03340000
vn 0.53570000 -0.84400000 0.02590000
vn 0.49620000 -0.85690000 -0.13960000
vn 0.33430000 -0.94230000 0.01620000
vn 0.94750000 -0.31670000 0.04350000
vn 0.85150000 -0.52290000 0.04000000
vn 0.84030000 -0.49040000 -0.23130000
vn 0.95830000 -0.12040000 -0.25920000
vn 0.99420000 -0.09680000 0.04600000
vn -0.14370000 -0.98960000 0.00550000
vn -0.49540000 -0.85780000 -0.13690000
vn -0.13650000 -0.99000000 -0.03660000
vn -0.22410000 -0.96590000 -0.12940000
vn -0.61240000 -0.70710000 -0.35360000
vn -0.12240000 -0.99000000 -0.07070000
vn -0.50000000 -0.70710000 -0.50000000
vn -0.18320000 -0.96580000 -0.18320000
vn -0.09990000 -0.99000000 -0.09990000
vn -0.35350000 -0.70720000 -0.61220000
vn -0.12940000 -0.96590000 -0.22410000
vn -0.07070000 -0.99000000 -0.12240000
vn -0.06710000 -0.96590000 -0.25030000
vn -0.18300000 -0.70730000 -0.68290000
vn -0.03660000 -0.99000000 -0.13650000
vn -0.00000000 -0.70710000 -0.70710000
vn -0.00000000 -0.96600000 -0.25860000
vn -0.00000000 -0.99000000 -0.14130000
vn 0.06690000 -0.96600000 -0.24980000
vn 0.18300000 -0.70720000 -0.68290000
vn 0.03660000 -0.99000000 -0.13650000
vn 0.35350000 -0.70720000 -0.61220000
vn 0.12930000 -0.96600000 -0.22400000
vn 0.07050000 -0.99000000 -0.12210000
vn 0.49990000 -0.70720000 -0.49990000
vn 0.18330000 -0.96580000 -0.18330000
vn 0.10000000 -0.99000000 -0.10000000
vn 0.61230000 -0.70720000 -0.35350000
vn 0.22440000 -0.96580000 -0.12960000
vn 0.12240000 -0.99000000 -0.07070000
vn 0.13400000 -0.99020000 -0.03900000
vn 0.10920000 -0.99400000 0.00580000
vn 0.75450000 -0.49100000 -0.43560000
vn 0.61600000 -0.49100000 -0.61600000
vn 0.43560000 -0.49090000 -0.75450000
vn 0.22550000 -0.49090000 -0.84150000
vn -0.00000000 -0.49080000 -0.87130000
vn -0.22550000 -0.49090000 -0.84150000
vn -0.43560000 -0.49090000 -0.75450000
vn -0.61600000 -0.49090000 -0.61600000
vn -0.75450000 -0.49090000 -0.43560000
vn -0.84030000 -0.49030000 -0.23130000
vn -0.46060000 -0.88730000 0.02140000
vn -0.71390000 -0.69950000 0.03340000
vn -0.85140000 -0.52290000 0.04000000
vn -0.94740000 -0.31700000 0.04350000
vn 0.85880000 -0.12910000 -0.49580000
vn 0.70180000 -0.12220000 -0.70180000
vn 0.49580000 -0.12910000 -0.85880000
vn 0.25690000 -0.12210000 -0.95870000
vn -0.00000000 -0.12910000 -0.99160000
vn -0.25690000 -0.12210000 -0.95870000
vn -0.49580000 -0.12910000 -0.85880000
vn -0.70180000 -0.12220000 -0.70180000
vn -0.85880000 -0.12910000 -0.49580000
vn -0.95830000 -0.12050000 -0.25920000
vn -0.99420000 -0.09700000 0.04600000
vn 0.51430000 0.85760000 0.00390000
vn 0.69680000 0.71720000 0.00170000
vn 0.59820000 0.72370000 0.34410000
vn 0.84380000 0.53670000 0.00240000
vn 0.94490000 0.32730000 0.00100000
vn 0.79620000 0.39420000 0.45900000
vn -0.86170000 0.09960000 0.49750000
vn -0.99500000 0.09950000 -0.00000000
vn -0.94430000 0.32910000 -0.00170000
vn 0.99500000 0.10020000 0.00110000
vn 0.86170000 0.09990000 0.49750000
vn 0.45940000 0.39450000 0.79580000
vn 0.49750000 0.09940000 0.86170000
vn -0.00000000 0.39460000 0.91880000
vn -0.00000000 0.10000000 0.99500000
vn -0.45950000 0.39430000 0.79580000
vn -0.49750000 0.09940000 0.86180000
vn -0.79580000 0.39460000 0.45940000
vn -0.59820000 0.72350000 0.34460000
vn -0.34510000 0.72370000 0.59760000
vn -0.00000000 0.72380000 0.69000000
vn 0.34500000 0.72370000 0.59770000
vn -0.84520000 0.53450000 -0.00140000
vn -0.69580000 0.71830000 -0.00000000
vn -0.41580000 0.90950000 0.00100000
vn -0.30670000 0.93530000 0.17670000
vn -0.17710000 0.93520000 0.30680000
vn -0.00000000 0.93520000 0.35420000
vn 0.17710000 0.93520000 0.30660000
vn 0.30680000 0.93520000 0.17670000
vn 0.30350000 0.95280000 0.00230000
vn -0.10870000 0.99410000 0.00050000
vn -0.07100000 0.99660000 0.04100000
vn -0.04080000 0.99670000 0.07070000
vn -0.00000000 0.99660000 0.08200000
vn 0.04100000 0.99660000 0.07100000
vn 0.07100000 0.99660000 0.04100000
vn 0.08170000 0.99670000 -0.00000000
vn 1.00000000 -0.00000000 -0.00000000
vn 0.85820000 0.13340000 -0.49560000
vn 0.86600000 -0.00000000 -0.50000000
vn 0.49560000 0.13350000 -0.85820000
vn 0.70710000 -0.00000000 -0.70710000
vn 0.25890000 -0.00000000 -0.96590000
vn 0.25880000 -0.00000000 -0.96590000
vn -0.00000000 0.13340000 -0.99110000
vn 0.25890000 -0.00000000 -0.96590000
vn -0.25890000 -0.00000000 -0.96590000
vn -0.49550000 0.13340000 -0.85830000
vn -0.49560000 0.13340000 -0.85830000
vn -0.70710000 -0.00000000 -0.70710000
vn -0.25890000 -0.00000000 -0.96590000
vn -0.85870000 0.13290000 -0.49490000
vn -0.86600000 -0.00000000 -0.50000000
vn -1.00000000 -0.00000000 -0.00000000
vn -0.00000000 0.04320000 0.99910000
vn -0.00000000 1.00000000 -0.00000000
vn 0.50130000 0.03950000 0.86440000
vn -0.00000000 1.00000000 -0.00000000
vn 0.86790000 0.02800000 0.49600000
vn -0.00000000 1.00000000 -0.00000000
vn -0.00000000 1.00000000 -0.00000000
vn 0.99950000 0.02950000 0.00920000
vn 0.09440000 0.99400000 -0.05450000
vn 0.86530000 0.04230000 -0.49950000
vn -0.00000000 1.00000000 -0.00000000
vn 0.05460000 0.99400000 -0.09450000
vn 0.49950000 0.04230000 -0.86530000
vn -0.00000000 1.00000000 -0.00000000
vn -0.00000000 0.99400000 -0.10910000
vn -0.00000000 1.00000000 -0.00000000
vn -0.00000000 0.04220000 -0.99910000
vn -0.05460000 0.99400000 -0.09460000
vn -0.49960000 0.04220000 -0.86520000
vn -0.00000000 1.00000000 -0.00000000
vn -0.09450000 0.99400000 -0.05460000
vn -0.00000000 1.00000000 -0.00000000
vn -0.86530000 0.04220000 -0.49960000
vn -0.99950000 0.02950000 0.00920000
vn -0.00000000 1.00000000 -0.00000000
vn -0.86780000 0.02800000 0.49600000
vn -0.00000000 1.00000000 -0.00000000
vn -0.00000000 1.00000000 -0.00000000
vn -0.50130000 0.03950000 0.86440000
vn -0.02500000 -0.99370000 0.10930000
vn -0.06970000 -0.99370000 0.08740000
vn -0.10100000 -0.99370000 0.04870000
vn 0.10070000 -0.99370000 0.04850000
vn 0.06990000 -0.99370000 0.08760000
vn 0.02490000 -0.99370000 0.10890000
vn 0.86600000 -0.00000000 0.50000000
vn 0.25880000 -0.00000000 0.96590000
vn 0.70720000 -0.00000000 0.70710000
vn 0.70710000 -0.00000000 0.70710000
vn -0.00000000 -0.00000000 1.00000000
vn -0.70710000 -0.00000000 0.70710000
vn -0.25880000 -0.00000000 0.96590000
vn -0.86600000 -0.00000000 0.50000000
vn -0.00000000 -1.00000000 -0.00000000
vn -0.25000000 -0.86600000 -0.43300000
vn -0.50000000 -0.00000000 -0.86600000
vn -0.00000000 -1.00000000 -0.00000000
vn -0.00000000 -0.86600000 -0.50000000
vn -0.00000000 -1.00000000 -0.00000000
vn -0.00000000 -1.00000000 -0.00000000
vn -0.43300000 -0.86600000 -0.25000000
vn -0.50000000 -0.86600000 -0.00000000
vn -1.00000000 -0.00000000 -0.00000000
vn -0.00000000 -1.00000000 -0.00000000
vn -0.00000000 -1.00000000 -0.00000000
vn 0.43300000 -0.86600000 -0.25000000
vn 1.00000000 -0.00000000 -0.00000000
vn -0.00000000 -1.00000000 -0.00000000
vn 0.50000000 -0.86600000 -0.00000000
vn 0.50000000 -0.00000000 -0.86600000
vn 0.25000000 -0.86600000 -0.43300000
vn -0.00000000 -1.00000000 -0.00000000
vn -0.50000000 -0.00000000 -0.86600000
vn -0.00000000 -1.00000000 -0.00000000
vn -1.00000000 -0.00000000 -0.00000000
vn 0.50000000 -0.00000000 -0.86600000
vn -0.50000000 -0.00000000 -0.86600000
vn -0.00000000 -1.00000000 -0.00000000
vn -0.00000000 -1.00000000 -0.00000000
vn 0.50000000 -0.00000000 -0.86600000
vn 1.00000000 -0.00000000 -0.00000000
vn 0.50000000 -0.00000000 0.86600000
vn 1.00000000 -0.00000000 -0.00000000
vn -0.00000000 -1.00000000 -0.00000000
vn -0.00000000 -1.00000000 -0.00000000
vn 0.43310000 -0.86600000 0.25000000
vn -0.00000000 -1.00000000 -0.00000000
vn 0.50000000 -0.00000000 0.86600000
vn 0.25000000 -0.86600000 0.43300000
vn -0.50000000 -0.00000000 0.86600000
vn 0.50000000 -0.00000000 0.86600000
vn -0.00000000 -1.00000000 -0.00000000
vn -0.00000000 -0.86600000 0.50000000
vn -0.00000000 -1.00000000 -0.00000000
vn -0.50000000 -0.00000000 0.86600000
vn -0.25000000 -0.86600000 0.43300000
vn -0.00000000 -1.00000000 -0.00000000
vn -1.00000000 -0.00000000 -0.00000000
vn -0.50000000 -0.00000000 0.86600000
vn -0.00000000 -1.00000000 -0.00000000
vn -0.00000000 -1.00000000 -0.00000000
vn -0.43310000 -0.86600000 0.25000000
vn -0.00000000 -1.00000000 -0.00000000
vn -0.50000000 -0.00000000 -0.86600000
vn 0.50000000 -0.00000000 -0.86600000
vn 0.50000000 -0.00000000 -0.86600000
vn -0.00000000 -1.00000000 -0.00000000
vn 1.00000000 -0.00000000 -0.00000000
vn -0.00000000 -1.00000000 -0.00000000
vn 1.00000000 -0.00000000 -0.00000000
vn 0.50000000 -0.00000000 0.86600000
vn 0.50000000 -0.00000000 0.86600000
vn -0.00000000 -1.00000000 -0.00000000
vn -0.50000000 -0.00000000 0.86600000
vn -0.50000000 -0.00000000 0.86600000
vn -1.00000000 -0.00000000 -0.00000000
vn -0.00000000 -1.00000000 -0.00000000
vn -1.00000000 -0.00000000 -0.00000000
vn -0.50000000 -0.00000000 -0.86600000
vn -0.00000000 -1.00000000 -0.00000000
vn 0.71390000 -0.69950000 0.03340000
vn 0.53590000 -0.84390000 0.02590000
vn 0.49630000 -0.85680000 -0.13970000
vn 0.33430000 -0.94230000 0.01620000
vn 0.94740000 -0.31700000 0.04350000
vn 0.85160000 -0.52260000 0.04000000
vn 0.84030000 -0.49030000 -0.23140000
vn 0.95830000 -0.12050000 -0.25920000
vn 0.99420000 -0.09700000 0.04600000
vn -0.14410000 -0.98960000 0.00560000
vn -0.49530000 -0.85780000 -0.13690000
vn -0.13650000 -0.99000000 -0.03660000
vn -0.61250000 -0.70700000 -0.35360000
vn -0.22440000 -0.96580000 -0.12960000
vn -0.12240000 -0.99000000 -0.07070000
vn -0.18300000 -0.96590000 -0.18300000
vn -0.49990000 -0.70720000 -0.49990000
vn -0.10000000 -0.99000000 -0.10000000
vn -0.12960000 -0.96580000 -0.22440000
vn -0.35350000 -0.70720000 -0.61220000
vn -0.07070000 -0.99000000 -0.12240000
vn -0.18300000 -0.70720000 -0.68290000
vn -0.06700000 -0.96590000 -0.24990000
vn -0.03660000 -0.99000000 -0.13650000
vn -0.00000000 -0.70710000 -0.70710000
vn -0.00000000 -0.96590000 -0.25910000
vn -0.00000000 -0.99000000 -0.14130000
vn 0.18300000 -0.70730000 -0.68280000
vn 0.06710000 -0.96590000 -0.25030000
vn 0.03640000 -0.99000000 -0.13600000
vn 0.35350000 -0.70720000 -0.61220000
vn 0.12940000 -0.96590000 -0.22410000
vn 0.07050000 -0.99000000 -0.12210000
vn 0.50000000 -0.70710000 -0.50000000
vn 0.18320000 -0.96580000 -0.18320000
vn 0.09990000 -0.99000000 -0.10000000
vn 0.61240000 -0.70710000 -0.35360000
vn 0.22440000 -0.96590000 -0.12950000
vn 0.12240000 -0.99000000 -0.07070000
vn 0.13400000 -0.99020000 -0.03910000
vn 0.10920000 -0.99400000 0.00580000
vn 0.75450000 -0.49090000 -0.43560000
vn 0.61600000 -0.49090000 -0.61600000
vn 0.43560000 -0.49100000 -0.75450000
vn 0.22550000 -0.49090000 -0.84150000
vn -0.00000000 -0.49080000 -0.87130000
vn -0.22550000 -0.49090000 -0.84150000
vn -0.43560000 -0.49090000 -0.75450000
vn -0.61600000 -0.49100000 -0.61600000
vn -0.75450000 -0.49100000 -0.43560000
vn -0.84030000 -0.49040000 -0.23130000
vn -0.46060000 -0.88730000 0.02140000
vn -0.71390000 -0.69950000 0.03340000
vn -0.85150000 -0.52290000 0.04000000
vn -0.94750000 -0.31670000 0.04350000
vn 0.85880000 -0.12910000 -0.49580000
vn 0.70180000 -0.12220000 -0.70180000
vn 0.49580000 -0.12910000 -0.85880000
vn 0.25690000 -0.12210000 -0.95870000
vn -0.00000000 -0.12910000 -0.99160000
vn -0.25690000 -0.12210000 -0.95870000
vn -0.49580000 -0.12910000 -0.85880000
vn -0.70180000 -0.12220000 -0.70180000
vn -0.85880000 -0.12910000 -0.49580000
vn -0.95830000 -0.12040000 -0.25920000
vn -0.99420000 -0.09680000 0.04600000
vn 0.51440000 0.85750000 0.00390000
vn 0.69680000 0.71730000 0.00170000
vn 0.59820000 0.72370000 0.34410000
vn 0.84380000 0.53660000 0.00240000
vn 0.94490000 0.32740000 0.00100000
vn 0.79620000 0.39430000 0.45890000
vn -0.86170000 0.09990000 0.49750000
vn -0.99500000 0.09950000 -0.00000000
vn -0.94440000 0.32880000 -0.00170000
vn 0.99490000 0.10060000 0.00110000
vn 0.86170000 0.09970000 0.49750000
vn 0.45940000 0.39460000 0.79580000
vn 0.49750000 0.09980000 0.86170000
vn -0.00000000 0.39460000 0.91880000
vn -0.00000000 0.10000000 0.99500000
vn -0.45950000 0.39440000 0.79580000
vn -0.49750000 0.09970000 0.86170000
vn -0.79580000 0.39460000 0.45940000
vn -0.59820000 0.72350000 0.34460000
vn -0.34490000 0.72370000 0.59770000
vn -0.00000000 0.72380000 0.69000000
vn 0.34510000 0.72370000 0.59760000
vn -0.84500000 0.53470000 -0.00140000
vn -0.69590000 0.71820000 -0.00000000
vn -0.41580000 0.90950000 0.00100000
vn -0.30670000 0.93520000 0.17670000
vn -0.17710000 0.93520000 0.30660000
vn -0.00000000 0.93520000 0.35420000
vn 0.17710000 0.93520000 0.30680000
vn 0.30670000 0.93530000 0.17660000
vn 0.30350000 0.95280000 0.00230000
vn -0.10860000 0.99410000 0.00050000
vn -0.07100000 0.99660000 0.04100000
vn -0.04080000 0.99670000 0.07070000
vn -0.00000000 0.99660000 0.08200000
vn 0.04080000 0.99670000 0.07060000
vn 0.07100000 0.99660000 0.04100000
vn 0.08200000 0.99660000 -0.00000000
vn 1.00000000 -0.00000000 -0.00000000
vn 0.85820000 0.13340000 -0.49560000
vn 0.86600000 -0.00000000 -0.50000000
vn 0.49550000 0.13380000 -0.85820000
vn 0.25890000 -0.00000000 -0.96590000
vn 0.70710000 -0.00000000 -0.70710000
vn -0.00000000 0.13350000 -0.99110000
vn -0.00000000 0.13340000 -0.99110000
vn -0.25880000 -0.00000000 -0.96590000
vn 0.25890000 -0.00000000 -0.96590000
vn -0.25890000 -0.00000000 -0.96590000
vn -0.49550000 0.13340000 -0.85830000
vn -0.70710000 -0.00000000 -0.70710000
vn -0.25880000 -0.00000000 -0.96590000
vn -0.85870000 0.13290000 -0.49490000
vn -0.86600000 -0.00000000 -0.50000000
vn -1.00000000 -0.00000000 -0.00000000
vn 0.09450000 0.99400000 -0.05450000
vn 0.86530000 0.04220000 -0.49960000
vn -0.00000000 1.00000000 -0.00000000
vn 0.05460000 0.99400000 -0.09460000
vn 0.49960000 0.04220000 -0.86520000
vn -0.00000000 1.00000000 -0.00000000
vn -0.00000000 0.99400000 -0.10910000
vn -0.00000000 1.00000000 -0.00000000
vn -0.00000000 0.04220000 -0.99910000
vn -0.05460000 0.99400000 -0.09450000
vn -0.49950000 0.04230000 -0.86530000
vn -0.00000000 1.00000000 -0.00000000
vn -0.09440000 0.99400000 -0.05450000
vn -0.00000000 1.00000000 -0.00000000
vn -0.86530000 0.04230000 -0.49950000
vn -0.99950000 0.02950000 0.00920000
vn -0.00000000 1.00000000 -0.00000000
vn -0.00000000 1.00000000 -0.00000000
vn -0.86790000 0.02800000 0.49600000
vn -0.50130000 0.03950000 0.86440000
vn -0.00000000 1.00000000 -0.00000000
vn -0.00000000 0.04320000 0.99910000
vn -0.00000000 1.00000000 -0.00000000
vn -0.00000000 1.00000000 -0.00000000
vn 0.50130000 0.03950000 0.86440000
vn -0.00000000 1.00000000 -0.00000000
vn 0.86780000 0.02800000 0.49600000
vn -0.00000000 1.00000000 -0.00000000
vn 0.99950000 0.02950000 0.00920000
vn -0.02490000 -0.99370000 0.10930000
vn -0.06970000 -0.99370000 0.08740000
vn -0.10100000 -0.99370000 0.04860000
vn 0.10100000 -0.99370000 0.04870000
vn 0.06990000 -0.99370000 0.08760000
vn 0.02480000 -0.99380000 0.10880000
vn 0.86600000 -0.00000000 0.50000000
vn 0.70720000 -0.00000000 0.70710000
vn 0.70710000 -0.00000000 0.70710000
vn 0.25880000 -0.00000000 0.96590000
vn -0.00000000 -0.00000000 1.00000000
vn -0.25880000 -0.00000000 0.96590000
vn -0.70710000 -0.00000000 0.70710000
vn -0.86600000 -0.00000000 0.50000000
vn 0.63620000 -0.46670000 0.61440000
vn 0.30650000 -0.43180000 0.84830000
vn 0.39500000 -0.48320000 0.78130000
vn 0.05030000 -0.47130000 0.88050000
vn 0.03130000 -0.61240000 0.79000000
vn -0.14580000 -0.50380000 0.85140000
vn -0.40220000 -0.51290000 0.75840000
vn 0.86440000 -0.46680000 0.18690000
vn 0.79640000 -0.52310000 0.30360000
vn 0.77120000 -0.63020000 0.09040000
vn 0.75750000 -0.51900000 0.39600000
vn 0.65840000 -0.66980000 0.34340000
vn 0.69670000 -0.51000000 0.50440000
vn 0.50210000 -0.62770000 0.59480000
vn 0.87540000 -0.43180000 -0.21730000
vn 0.86900000 -0.48320000 -0.10650000
vn 0.75960000 -0.47140000 -0.44810000
vn 0.67720000 -0.61160000 -0.40910000
vn 0.63120000 -0.49940000 -0.59340000
vn 0.34840000 -0.65310000 -0.67240000
vn 0.40070000 -0.51290000 -0.75920000
vn -0.00000000 -1.00000000 -0.00000000
vn -0.00000000 -1.00000000 0.00010000
vn 0.48190000 -0.76490000 -0.42750000
vn -0.47090000 -0.00000000 0.88220000
vn -0.00000000 -1.00000000 -0.00000000
vn -0.00000000 -1.00000000 0.00010000
vn 0.28440000 -0.76280000 -0.58080000
vn -0.00380000 -0.77030000 0.63770000
vn -0.00000000 -1.00000000 -0.00000000
vn -0.00000000 -1.00000000 -0.00000000
vn 0.13820000 -0.85200000 0.50500000
vn 0.21280000 -0.77620000 0.59350000
vn -0.52840000 -0.00000000 -0.84900000
vn -0.00000000 -1.00000000 -0.00000000
vn -0.00000000 -1.00000000 -0.00010000
vn 0.36790000 -0.78300000 0.50160000
vn -0.00000000 -1.00000000 -0.00010000
vn -0.00000000 -1.00000000 -0.00000000
vn 0.47550000 -0.77410000 0.41790000
vn -0.00000000 -1.00000000 -0.00000000
vn 0.57410000 -0.76960000 0.27950000
vn -0.00000000 -1.00000000 -0.00000000
vn 0.64140000 -0.74490000 0.18360000
vn 0.60540000 -0.78210000 -0.14770000
vn -0.99940000 -0.00000000 0.03320000
vn 0.74140000 -0.66680000 0.07480000
vn 0.74140000 -0.66690000 0.07480000
vn -0.00000000 -1.00000000 -0.00000000
vn 0.30570000 -0.93860000 -0.15990000
vn -0.34990000 -0.65250000 0.67220000
vn 0.47100000 -0.00000000 -0.88210000
vn -0.00000000 -1.00000000 -0.00000000
vn -0.27150000 -0.76260000 0.58720000
vn -0.19060000 -0.71280000 0.67500000
vn -0.00000000 -1.00000000 -0.00000000
vn -0.36330000 -0.00000000 0.93170000
vn -0.00000000 -1.00000000 -0.00000000
vn -0.00000000 -1.00000000 -0.00000000
vn -0.08110000 -0.00070000 0.99670000
vn -0.00000000 -1.00000000 -0.00000000
vn -0.13770000 -0.85070000 -0.50730000
vn 0.19320000 -0.00000000 0.98120000
vn -0.00000000 -1.00000000 -0.00000000
vn -0.34070000 -0.77560000 -0.53150000
vn -0.00000000 -1.00000000 -0.00000000
vn 0.45300000 -0.00030000 0.89150000
vn -0.00000000 -1.00000000 0.00340000
vn -0.00000000 -1.00000000 -0.00000000
vn -0.10110000 -0.00000000 0.99490000
vn -0.00000000 -1.00000000 -0.00000000
vn 0.19160000 -0.71090000 -0.67670000
vn -0.00000000 -1.00000000 -0.00000000
vn 0.17630000 -0.00060000 0.98430000
vn -0.00000000 -1.00000000 -0.00000000
vn 0.44000000 -0.00000000 0.89800000
vn 0.59080000 -0.00000000 0.80680000
vn -0.00000000 -1.00000000 -0.00000000
vn -0.00000000 -1.00000000 -0.00000000
vn 0.42510000 -0.00000000 0.90520000
vn 0.00370000 -0.76960000 -0.63860000
vn -0.00000000 -1.00000000 -0.00000000
vn -0.00000000 -1.00000000 -0.00000000
vn 0.03320000 -0.00000000 0.99940000
vn -0.36400000 -0.00000000 0.93140000
vn -0.00000000 -1.00000000 -0.00000000
vn -0.00000000 -1.00000000 -0.00000000
vn -0.53190000 -0.00000000 0.84680000
vn 0.99970000 -0.00000000 0.02540000
vn 0.99280000 -0.00030000 -0.11980000
vn -0.59520000 -0.80320000 0.02400000
vn -0.00000000 -1.00000000 -0.00000000
vn -0.65210000 -0.75810000 -0.00920000
vn -0.00000000 -1.00000000 -0.00000000
vn -0.00000000 -1.00000000 -0.00000000
vn 0.99940000 -0.00000000 0.03380000
vn -0.47620000 -0.76700000 -0.43000000
vn -0.00000000 -1.00000000 -0.00000000
vn 0.95900000 -0.00050000 0.28350000
vn -0.00000000 -1.00000000 -0.00000000
vn -0.42040000 -0.75890000 -0.49730000
vn -0.00000000 -1.00000000 -0.00010000
vn -0.00000000 -1.00000000 -0.00000000
vn -0.64710000 -0.75890000 -0.07270000
vn -0.00000000 -1.00000000 -0.00000000
vn -0.63440000 -0.75200000 -0.17870000
vn -0.00000000 -1.00000000 -0.00000000
vn -0.00000000 -1.00000000 -0.00000000
vn 0.58420000 -0.00000000 0.81160000
vn -0.00000000 -1.00000000 -0.00000000
vn -0.36590000 -0.75050000 -0.55030000
vn -0.00000000 -1.00000000 0.00010000
vn -0.00000000 -1.00000000 0.00330000
vn 0.57720000 -0.00000000 0.81660000
vn -0.00000000 -1.00000000 -0.00000000
vn 0.62420000 -0.00080000 0.78130000
vn -0.00000000 -1.00000000 0.00010000
vn 0.68010000 -0.00370000 0.73310000
vn -0.00000000 -1.00000000 0.00010000
vn -0.00000000 -1.00000000 -0.00010000
vn -0.38480000 -0.75480000 -0.53130000
vn -0.00000000 -1.00000000 0.00010000
vn 0.76780000 -0.00350000 0.64060000
vn -0.00000000 -1.00000000 -0.00010000
vn -0.00000000 -1.00000000 -0.00000000
vn 0.87860000 -0.00000000 0.47750000
vn -0.00000000 -1.00000000 -0.00000000
vn -0.00000000 -1.00000000 -0.00000000
vn 0.99300000 -0.00000000 -0.11810000
vn -0.00000000 -1.00000000 -0.00000000
vn 0.99640000 -0.00000000 0.08450000
vn -0.00000000 -1.00000000 -0.00000000
vn -0.56920000 -0.77170000 -0.28370000
vn -0.00000000 -1.00000000 -0.00000000
vn 0.99650000 -0.00070000 0.08390000
vn -0.00000000 -1.00000000 -0.00000000
vn 0.88210000 -0.00000000 0.47100000
vn -0.00000000 -1.00000000 -0.00000000
vn 0.62460000 -0.00000000 0.78090000
vn -0.00000000 -1.00000000 -0.00000000
vn 0.45440000 -0.00000000 0.89080000
vn 0.76910000 -0.00050000 0.63910000
vn -0.00000000 -1.00000000 -0.00000000
vn 0.88560000 -0.00000000 0.46450000
vn -0.00000000 -1.00000000 -0.00000000
vn -0.00000000 -1.00000000 -0.00000000
vn -0.65550000 -0.75480000 -0.02440000
vn -0.00000000 -1.00000000 -0.00000000
vn 0.95960000 -0.00340000 0.28120000
vn -0.00000000 -1.00000000 -0.00000000
vn 0.98760000 -0.00370000 0.15720000
vn 0.92280000 -0.00000000 -0.38530000
vn -0.00000000 -1.00000000 -0.00000000
vn -0.49820000 -0.85070000 0.16780000
vn -0.00000000 -1.00000000 -0.00000000
vn -0.00000000 -1.00000000 -0.00000000
vn 0.78300000 -0.00070000 -0.62200000
vn -0.00000000 -1.00000000 -0.00000000
vn 0.57210000 -0.00000000 -0.82020000
vn -0.00000000 -1.00000000 -0.00000000
vn 0.99090000 -0.00000000 -0.13460000
vn 0.91610000 -0.00070000 -0.40090000
vn -0.00000000 -1.00000000 -0.00000000
vn -0.00000000 -1.00000000 -0.00000000
vn -0.45330000 -0.76000000 0.46580000
vn 0.77070000 -0.00000000 -0.63720000
vn -0.00000000 -1.00000000 -0.00000000
vn -0.00000000 -1.00000000 -0.00000000
vn 0.40780000 -0.00000000 -0.91310000
vn 0.57140000 -0.00000000 -0.82070000
vn -0.00000000 -1.00000000 -0.00000000
vn -0.52850000 -0.76960000 0.35830000
vn -0.00000000 -1.00000000 -0.00000000
vn -0.00000000 -1.00000000 -0.00000000
vn 0.84890000 -0.00000000 -0.52850000
vn 0.98860000 -0.00000000 -0.15040000
vn -0.00000000 -1.00000000 -0.00000000
vn -0.00000000 -1.00000000 -0.00000000
vn 0.99910000 -0.00000000 0.04200000
vn 0.10070000 -0.00000000 -0.99490000
vn -0.00000000 -1.00000000 -0.00000000
vn -0.17670000 -0.00060000 -0.98430000
vn -0.00000000 -1.00000000 -0.00000000
vn -0.00000000 -1.00000000 -0.00000000
vn -0.44000000 -0.00000000 -0.89800000
vn -0.00000000 -1.00000000 -0.00000000
vn 0.37930000 -0.00000000 -0.92530000
vn 0.11040000 -0.00060000 -0.99390000
vn -0.00000000 -1.00000000 -0.00000000
vn -0.00000000 -1.00000000 -0.00000000
vn -0.16640000 -0.00000000 -0.98610000
vn -0.00000000 -1.00000000 -0.00000000
vn -0.59070000 -0.00000000 -0.80690000
vn -0.42500000 -0.00000000 -0.90520000
vn -0.00000000 -1.00000000 -0.00000000
vn -0.03320000 -0.00000000 -0.99940000
vn -0.00000000 -1.00000000 -0.00000000
vn -0.00000000 -1.00000000 -0.00000000
vn 0.36400000 -0.00000000 -0.93140000
vn -0.00000000 -1.00000000 -0.00000000
vn 0.53600000 -0.00000000 -0.84420000
vn -0.84250000 -0.00000000 -0.53880000
vn -0.00000000 -1.00000000 -0.00000000
vn -0.00000000 -1.00000000 -0.00010000
vn -0.46310000 -0.00000000 -0.88630000
vn -0.00000000 -1.00000000 -0.00000000
vn -0.00000000 -1.00000000 -0.00000000
vn -0.65480000 -0.00000000 -0.75580000
vn -0.91640000 -0.00000000 -0.40030000
vn -0.00000000 -1.00000000 -0.00000000
vn -0.62460000 -0.00000000 -0.78090000
vn -0.00000000 -1.00000000 -0.00000000
vn -0.88220000 -0.00000000 -0.47100000
vn -0.00000000 -1.00000000 -0.00000000
vn -0.99230000 -0.00000000 -0.12370000
vn -0.00000000 -1.00000000 -0.00000000
vn -0.00000000 -1.00000000 -0.00000000
vn -0.99410000 -0.00000000 0.10820000
vn -0.99640000 -0.00000000 -0.08450000
vn -0.00000000 -1.00000000 -0.00000000
vn -0.00000000 -1.00000000 -0.00000000
vn -0.99910000 -0.00000000 -0.04200000
vn -0.98190000 -0.00000000 0.18910000
vn -0.00000000 -1.00000000 -0.00000000
vn -0.80490000 -0.00000000 0.59350000
vn -0.00000000 -1.00000000 -0.00000000
vn -0.00000000 -1.00000000 0.00010000
vn -0.88770000 -0.00000000 0.46030000
vn -0.00000000 -1.00000000 -0.00000000
vn -0.60320000 -0.00000000 0.79760000
vn -0.00000000 -1.00000000 -0.00000000
vn -0.00000000 -1.00000000 -0.00000000
vn -0.40330000 -0.00000000 0.91510000
vn -0.57140000 -0.00000000 0.82070000
vn -0.00000000 -1.00000000 -0.00000000
vn -0.84890000 -0.00000000 0.52850000
vn -0.84890000 0.00010000 0.52850000
vn -0.00000000 -1.00000000 -0.00000000
vn -0.00000000 -1.00000000 -0.00000000
vn -0.98860000 -0.00000000 0.15040000
vn 0.99660000 -0.00430000 0.08190000
vn -0.00000000 -1.00000000 -0.00000000
vn 0.99300000 -0.00000000 -0.11810000
vn -0.00000000 -1.00000000 -0.00000000
vn 0.87550000 -0.00980000 0.48320000
vn -0.00000000 -1.00000000 -0.00000000
vn 0.39220000 -0.00510000 0.91990000
vn -0.00000000 -1.00000000 -0.00000000
vn -0.00000000 -1.00000000 -0.00000000
vn 0.59080000 -0.00000000 0.80680000
vn -0.04870000 -0.00510000 0.99880000
vn -0.00000000 -1.00000000 -0.00000000
vn -0.00000000 -1.00000000 -0.00000000
vn -0.47090000 -0.00000000 0.88220000
vn -0.80490000 -0.00000000 0.59340000
vn -0.00000000 -1.00000000 -0.00000000
vn -0.00000000 -1.00000000 -0.00000000
vn -0.98200000 -0.00000000 0.18910000
vn -0.00000000 -1.00000000 -0.00000000
vn -0.99910000 -0.00000000 -0.04200000
vn -0.00000000 -1.00000000 -0.00000000
vn -0.53190000 -0.00000000 0.84680000
vn -0.00000000 -1.00000000 -0.00000000
vn -0.36400000 -0.00000000 0.93140000
vn -0.00000000 -1.00000000 -0.00000000
vn 0.03320000 -0.00000000 0.99940000
vn 0.42510000 -0.00000000 0.90520000
vn -0.00000000 -1.00000000 -0.00000000
vn 0.45440000 -0.00000000 0.89080000
vn -0.00000000 -1.00000000 -0.00000000
vn 0.62460000 -0.00000000 0.78090000
vn -0.00000000 -1.00000000 -0.00000000
vn -0.00000000 -1.00000000 -0.00000000
vn 0.88210000 -0.00000000 0.47100000
vn 0.99640000 -0.00000000 0.08450000
vn -0.00000000 -1.00000000 -0.00000000
vn 0.61580000 -0.00560000 -0.78790000
vn -0.00000000 -1.00000000 -0.00000000
vn 0.40780000 -0.00000000 -0.91310000
vn -0.00000000 -1.00000000 -0.00000000
vn 0.90600000 -0.00790000 -0.42320000
vn -0.00000000 -1.00000000 -0.00000000
vn 0.99970000 -0.00820000 0.02360000
vn -0.00000000 -1.00000000 -0.00000000
vn -0.00000000 -1.00000000 -0.00000000
vn 0.88850000 -0.00980000 0.45870000
vn -0.00000000 -1.00000000 -0.00000000
vn 0.99910000 -0.00000000 0.04200000
vn -0.00000000 -1.00000000 -0.00000000
vn 0.98860000 -0.00000000 -0.15040000
vn 0.84890000 -0.00000000 -0.52850000
vn -0.00000000 -1.00000000 -0.00000000
vn 0.57140000 -0.00000000 -0.82070000
vn -0.00000000 -1.00000000 -0.00000000
vn -0.39210000 -0.00510000 -0.91990000
vn -0.00000000 -1.00000000 -0.00000000
vn -0.59070000 -0.00000000 -0.80690000
vn -0.00000000 -1.00000000 -0.00000000
vn -0.00000000 -1.00000000 -0.00000000
vn 0.04850000 -0.00510000 -0.99880000
vn 0.47100000 -0.00000000 -0.88210000
vn -0.00000000 -1.00000000 -0.00000000
vn -0.00000000 -1.00000000 -0.00000000
vn 0.80280000 -0.00510000 -0.59620000
vn 0.98260000 -0.00510000 -0.18540000
vn -0.00000000 -1.00000000 -0.00000000
vn -0.00000000 -1.00000000 -0.00000000
vn 0.53600000 -0.00000000 -0.84420000
vn -0.00000000 -1.00000000 -0.00000000
vn 0.36400000 -0.00000000 -0.93140000
vn -0.00000000 -1.00000000 -0.00000000
vn -0.03320000 -0.00000000 -0.99940000
vn -0.00000000 -1.00000000 -0.00000000
vn -0.42500000 -0.00000000 -0.90520000
vn -0.99410000 -0.00000000 0.10820000
vn -0.00000000 -1.00000000 -0.00000000
vn -0.99230000 -0.00000000 -0.12370000
vn -0.00000000 -1.00000000 -0.00000000
vn -0.84250000 -0.00000000 -0.53880000
vn -0.00000000 -1.00000000 -0.00000000
vn -0.00000000 -1.00000000 -0.00000000
vn -0.52840000 -0.00000000 -0.84900000
vn -0.11490000 -0.00510000 -0.99340000
vn -0.00000000 -1.00000000 -0.00000000
vn 0.33030000 -0.00510000 -0.94380000
vn -0.00000000 -1.00000000 -0.00000000
vn -0.00000000 -1.00000000 -0.00000000
vn -0.46310000 -0.00000000 -0.88630000
vn -0.62460000 -0.00000000 -0.78090000
vn -0.00000000 -1.00000000 -0.00000000
vn -0.00000000 -1.00000000 -0.00000000
vn -0.88220000 -0.00000000 -0.47090000
vn -0.40330000 -0.00000000 0.91510000
vn -0.00000000 -1.00000000 -0.00000000
vn -0.00000000 -1.00000000 -0.00000000
vn -0.60320000 -0.00000000 0.79760000
vn -0.88780000 -0.00000000 0.46030000
vn -0.00000000 -1.00000000 -0.00000000
vn -0.99940000 -0.00000000 0.03320000
vn -0.00000000 -1.00000000 -0.00000000
vn -0.91640000 -0.00000000 -0.40030000
vn -0.00000000 -1.00000000 -0.00000000
vn -0.65480000 -0.00000000 -0.75580000
vn -0.00000000 -1.00000000 -0.00000000
vn -0.00000000 -1.00000000 -0.00000000
vn -0.98860000 -0.00000000 0.15040000
vn -0.84900000 -0.00000000 0.52840000
vn -0.00000000 -1.00000000 -0.00000000
vn -0.57140000 -0.00000000 0.82070000
vn -0.00000000 -1.00000000 -0.00000000
vn -0.99640000 -0.00000000 -0.08450000
vn -0.00000000 -1.00000000 -0.00000000
vn 0.15270000 -0.00790000 0.98820000
vn -0.00000000 -1.00000000 -0.00000000
vn -0.00000000 -1.00000000 -0.00000000
vn -0.31200000 -0.00560000 0.95010000
vn -0.00000000 -1.00000000 -0.00000000
vn 0.57580000 -0.00830000 0.81750000
vn -0.00000000 -1.00000000 -0.00000000
vn 0.62230000 -0.00430000 0.78280000
vn 0.66730000 -0.49210000 0.55900000
vn 0.50380000 -0.62580000 0.59540000
vn 0.65880000 -0.66930000 0.34370000
vn 0.53120000 -0.42710000 0.73180000
vn 0.28610000 -0.43670000 0.85290000
vn 0.37830000 -0.51430000 0.76970000
vn 0.09100000 -0.47510000 0.87520000
vn 0.02770000 -0.61990000 0.78420000
vn -0.13170000 -0.50160000 0.85500000
vn -0.40200000 -0.51280000 0.75860000
vn 0.75760000 -0.51650000 0.39910000
vn 0.77360000 -0.62710000 0.09100000
vn 0.82960000 -0.50150000 0.24560000
vn 0.91240000 -0.40870000 -0.02330000
vn 0.86920000 -0.47650000 -0.13210000
vn 0.78920000 -0.45770000 -0.40950000
vn 0.67040000 -0.61910000 -0.40900000
vn 0.64170000 -0.49720000 -0.58390000
vn 0.34840000 -0.65300000 -0.67240000
vn 0.40090000 -0.51290000 -0.75910000
vn 0.48190000 -0.76490000 -0.42750000
vn -0.00000000 -1.00000000 -0.00000000
vn -0.00000000 -1.00000000 0.00010000
vn 0.27550000 -0.76730000 -0.57910000
vn -0.00000000 -1.00000000 0.00010000
vn -0.00000000 -1.00000000 -0.00020000
vn -0.47100000 -0.00000000 0.88210000
vn -0.00380000 -0.77030000 0.63770000
vn -0.00000000 -1.00000000 -0.00000000
vn -0.00000000 -1.00000000 -0.00000000
vn 0.13820000 -0.85200000 0.50510000
vn 0.21280000 -0.77620000 0.59350000
vn -0.00000000 -1.00000000 0.00010000
vn -0.52850000 -0.00000000 -0.84900000
vn 0.35970000 -0.78110000 0.51040000
vn -0.00000000 -1.00000000 -0.00000000
vn 0.45940000 -0.77090000 0.44120000
vn -0.00000000 -1.00000000 0.00010000
vn -0.00000000 -1.00000000 -0.00000000
vn 0.56740000 -0.77360000 0.28220000
vn -0.00000000 -1.00000000 -0.00000000
vn -0.00000000 -1.00000000 -0.00000000
vn 0.64260000 -0.75170000 0.14820000
vn 0.60460000 -0.78180000 -0.15240000
vn 0.69480000 -0.71810000 0.04130000
vn 0.69480000 -0.71810000 0.04120000
vn -0.00000000 -1.00000000 -0.00000000
vn -0.99940000 -0.00000000 0.03330000
vn 0.30580000 -0.93860000 -0.15990000
vn -0.34980000 -0.65250000 0.67220000
vn 0.47090000 -0.00000000 -0.88220000
vn -0.00000000 -1.00000000 -0.00000000
vn -0.27140000 -0.76260000 0.58720000
vn -0.19060000 -0.71270000 0.67500000
vn -0.00000000 -1.00000000 -0.00000000
vn -0.00000000 -1.00000000 -0.00000000
vn -0.53190000 -0.00000000 0.84680000
vn -0.00000000 -1.00000000 -0.00000000
vn -0.30860000 -0.00000000 0.95120000
vn -0.03730000 -0.93790000 -0.34500000
vn 0.13590000 -0.00000000 0.99070000
vn -0.00000000 -1.00000000 -0.00010000
vn -0.33240000 -0.78420000 -0.52400000
vn 0.45310000 -0.00030000 0.89150000
vn 0.38910000 -0.00000000 0.92120000
vn -0.00000000 -1.00000000 -0.00000000
vn -0.00000000 -1.00000000 -0.00000000
vn 0.12570000 -0.73520000 -0.66610000
vn -0.00000000 -1.00000000 0.00020000
vn -0.04530000 -0.00000000 0.99900000
vn -0.00000000 -1.00000000 -0.00000000
vn -0.00000000 -1.00000000 0.00020000
vn -0.36400000 -0.00000000 0.93140000
vn -0.00000000 -1.00000000 -0.00000000
vn -0.00000000 -1.00000000 -0.00000000
vn 0.03320000 -0.00000000 0.99940000
vn -0.00000000 -1.00000000 -0.00000000
vn 0.42500000 -0.00000000 0.90520000
vn 0.59080000 -0.00000000 0.80680000
vn -0.00000000 -1.00000000 -0.00000000
vn -0.00000000 -1.00000000 -0.00000000
vn 0.99970000 -0.00000000 0.02560000
vn -0.59930000 -0.80030000 0.02130000
vn -0.00000000 -1.00000000 -0.00000000
vn 0.99280000 -0.00030000 -0.11940000
vn -0.65220000 -0.75790000 -0.01410000
vn -0.00000000 -1.00000000 -0.00000000
vn -0.00000000 -1.00000000 -0.00000000
vn -0.65260000 -0.75660000 -0.04020000
vn -0.00000000 -1.00000000 -0.00000000
vn -0.64230000 -0.75910000 -0.10630000
vn -0.00000000 -1.00000000 -0.00000000
vn 0.62450000 -0.00000000 0.78100000
vn -0.00000000 -1.00000000 -0.00000000
vn 0.62430000 -0.00070000 0.78120000
vn -0.00000000 -1.00000000 0.00020000
vn -0.00000000 -1.00000000 -0.00000000
vn -0.37070000 -0.75180000 -0.54540000
vn -0.00000000 -1.00000000 0.00020000
vn 0.57730000 -0.00000000 0.81650000
vn -0.00000000 -1.00000000 -0.00860000
vn 0.99640000 -0.00070000 0.08420000
vn 0.45440000 -0.00000000 0.89080000
vn -0.00000000 -1.00000000 -0.00000000
vn -0.00000000 -1.00000000 -0.00000000
vn -0.63230000 -0.74260000 -0.22080000
vn 0.62460000 -0.00000000 0.78090000
vn -0.00000000 -1.00000000 -0.00000000
vn -0.00000000 -1.00000000 -0.00000000
vn -0.57590000 -0.76770000 -0.28100000
vn 0.88210000 -0.00000000 0.47100000
vn -0.00000000 -1.00000000 -0.00000000
vn -0.00000000 -1.00000000 0.00020000
vn 0.68020000 -0.00370000 0.73300000
vn -0.00000000 -1.00000000 -0.00000000
vn 0.76780000 -0.00350000 0.64060000
vn -0.00000000 -1.00000000 -0.00000000
vn -0.00000000 -1.00000000 -0.00000000
vn -0.39650000 -0.75660000 -0.51990000
vn -0.00000000 -1.00000000 -0.00000000
vn 0.90170000 -0.00000000 0.43240000
vn -0.00000000 -1.00000000 -0.00000000
vn -0.44570000 -0.75910000 -0.47450000
vn -0.00000000 -1.00000000 -0.00000000
vn 0.99640000 -0.00000000 0.08450000
vn -0.00000000 -1.00000000 -0.00000000
vn -0.49650000 -0.76790000 -0.40480000
vn -0.00000000 -1.00000000 -0.00000000
vn 0.99300000 -0.00000000 -0.11800000
vn 0.99640000 -0.00000000 0.08440000
vn -0.00000000 -1.00000000 -0.00000000
vn 0.86100000 -0.00000000 0.50870000
vn -0.00000000 -1.00000000 -0.00000000
vn 0.95960000 -0.00350000 0.28140000
vn -0.00000000 -1.00000000 -0.00000000
vn 0.98760000 -0.00370000 0.15710000
vn 0.92270000 -0.00000000 -0.38550000
vn -0.00000000 -1.00000000 -0.00000000
vn -0.00000000 -1.00000000 -0.00000000
vn -0.49810000 -0.85070000 0.16780000
vn 0.78300000 -0.00070000 -0.62200000
vn -0.00000000 -1.00000000 -0.00000000
vn 0.57210000 -0.00000000 -0.82020000
vn -0.00000000 -1.00000000 -0.00000000
vn 0.99100000 -0.00000000 -0.13420000
vn -0.00000000 -1.00000000 -0.00000000
vn -0.00000000 -1.00000000 -0.00000000
vn 0.91610000 -0.00060000 -0.40090000
vn -0.00000000 -1.00000000 -0.00000000
vn -0.45330000 -0.76000000 0.46580000
vn -0.00000000 -1.00000000 -0.00000000
vn 0.77070000 -0.00000000 -0.63720000
vn -0.00000000 -1.00000000 -0.00000000
vn 0.40780000 -0.00000000 -0.91310000
vn -0.00000000 -1.00000000 -0.00000000
vn 0.57140000 -0.00000000 -0.82070000
vn -0.52850000 -0.76960000 0.35830000
vn -0.00000000 -1.00000000 -0.00000000
vn 0.84900000 -0.00000000 -0.52850000
vn -0.00000000 -1.00000000 -0.00000000
vn 0.98860000 -0.00000000 -0.15040000
vn -0.00000000 -1.00000000 -0.00000000
vn -0.00000000 -1.00000000 -0.00000000
vn 0.99910000 -0.00000000 0.04200000
vn -0.00000000 -1.00000000 -0.00000000
vn 0.10070000 -0.00000000 -0.99490000
vn -0.17640000 -0.00060000 -0.98430000
vn -0.00000000 -1.00000000 -0.00000000
vn -0.00000000 -1.00000000 -0.00000000
vn -0.44000000 -0.00000000 -0.89800000
vn -0.00000000 -1.00000000 -0.00000000
vn 0.37900000 -0.00000000 -0.92540000
vn 0.11040000 -0.00060000 -0.99390000
vn -0.00000000 -1.00000000 -0.00000000
vn -0.00000000 -1.00000000 -0.00000000
vn -0.16680000 -0.00000000 -0.98600000
vn -0.59070000 -0.00000000 -0.80690000
vn -0.00000000 -1.00000000 -0.00000000
vn -0.42510000 -0.00000000 -0.90520000
vn -0.00000000 -1.00000000 -0.00000000
vn -0.00000000 -1.00000000 -0.00000000
vn -0.03320000 -0.00000000 -0.99940000
vn 0.36400000 -0.00000000 -0.93140000
vn -0.00000000 -1.00000000 -0.00000000
vn 0.53600000 -0.00000000 -0.84420000
vn -0.00000000 -1.00000000 -0.00000000
vn -0.00000000 -1.00000000 -0.00000000
vn -0.81120000 -0.00000000 -0.58480000
vn -0.00000000 -1.00000000 0.00010000
vn -0.94060000 -0.00060000 -0.33940000
vn -0.00000000 -1.00000000 -0.00000000
vn -0.00000000 -1.00000000 -0.00000000
vn -0.99770000 -0.00000000 -0.06800000
vn -0.00000000 -1.00000000 -0.00000000
vn -0.61180000 -0.00000000 -0.79100000
vn -0.00000000 -1.00000000 -0.00000000
vn -0.80540000 -0.00060000 -0.59280000
vn -0.00000000 -1.00000000 -0.00000000
vn -0.93720000 -0.00000000 -0.34870000
vn -0.00000000 -1.00000000 -0.00000000
vn -0.99410000 -0.00000000 0.10830000
vn -0.99640000 -0.00000000 -0.08460000
vn -0.00000000 -1.00000000 -0.00000000
vn -0.00000000 -1.00000000 -0.00000000
vn -0.88220000 -0.00000000 -0.47100000
vn -0.00000000 -1.00000000 -0.00000000
vn -0.62460000 -0.00000000 -0.78090000
vn -0.00000000 -1.00000000 -0.00000000
vn -0.46320000 -0.00000000 -0.88620000
vn -0.00000000 -1.00000000 -0.00000000
vn -0.88780000 -0.00000000 0.46020000
vn -0.60330000 -0.00000000 0.79750000
vn -0.00000000 -1.00000000 -0.00000000
vn -0.40330000 -0.00000000 0.91510000
vn -0.00000000 -1.00000000 -0.00000000
vn -0.99910000 -0.00000000 -0.04200000
vn -0.00000000 -1.00000000 -0.00000000
vn -0.00000000 -1.00000000 -0.00000000
vn -0.98190000 -0.00000000 0.18930000
vn -0.00000000 -1.00000000 -0.00000000
vn -0.00000000 -1.00000000 0.00010000
vn -0.80480000 -0.00000000 0.59350000
vn -0.57140000 -0.00000000 0.82070000
vn -0.00000000 -1.00000000 -0.00000000
vn -0.84890000 -0.00000000 0.52850000
vn -0.00000000 -1.00000000 -0.00000000
vn -0.84900000 0.00010000 0.52850000
vn -0.00000000 -1.00000000 -0.00000000
vn -0.98860000 -0.00000000 0.15040000
vn -0.00000000 -1.00000000 -0.00000000
vn 0.99300000 -0.00000000 -0.11800000
vn 0.99640000 -0.00000000 0.08450000
vn -0.00000000 -1.00000000 -0.00000000
vn 0.87690000 -0.00550000 0.48060000
vn -0.00000000 -1.00000000 -0.00000000
vn 0.59080000 -0.00000000 0.80680000
vn -0.00000000 -1.00000000 -0.00000000
vn -0.00000000 -1.00000000 -0.00000000
vn 0.38910000 -0.00000000 0.92120000
vn -0.00000000 -1.00000000 -0.00000000
vn -0.04530000 -0.00000000 0.99900000
vn -0.00000000 -1.00000000 -0.00000000
vn -0.47100000 -0.00000000 0.88210000
vn -0.00000000 -1.00000000 -0.00000000
vn -0.80480000 -0.00000000 0.59350000
vn -0.98190000 -0.00000000 0.18930000
vn -0.00000000 -1.00000000 -0.00000000
vn -0.99910000 -0.00000000 -0.04200000
vn -0.00000000 -1.00000000 -0.00000000
vn -0.00000000 -1.00000000 -0.00000000
vn -0.53190000 -0.00000000 0.84680000
vn -0.00000000 -1.00000000 -0.00000000
vn -0.36400000 -0.00000000 0.93140000
vn -0.00000000 -1.00000000 -0.00000000
vn 0.03320000 -0.00000000 0.99940000
vn -0.00000000 -1.00000000 -0.00000000
vn 0.42500000 -0.00000000 0.90520000
vn 0.45440000 -0.00000000 0.89080000
vn -0.00000000 -1.00000000 -0.00000000
vn -0.00000000 -1.00000000 -0.00000000
vn 0.62460000 -0.00000000 0.78090000
vn 0.88210000 -0.00000000 0.47100000
vn -0.00000000 -1.00000000 -0.00000000
vn 0.99640000 -0.00000000 0.08440000
vn -0.00000000 -1.00000000 -0.00000000
vn -0.00000000 -1.00000000 -0.00000000
vn 0.61580000 -0.00560000 -0.78790000
vn -0.00000000 -1.00000000 -0.00000000
vn 0.40780000 -0.00000000 -0.91310000
vn -0.00000000 -1.00000000 -0.00000000
vn 0.90600000 -0.00790000 -0.42320000
vn -0.00000000 -1.00000000 -0.00000000
vn 0.99970000 -0.00830000 0.02360000
vn -0.00000000 -1.00000000 -0.00000000
vn 0.88730000 -0.00550000 0.46120000
vn -0.00000000 -1.00000000 -0.00000000
vn 0.99910000 -0.00000000 0.04200000
vn -0.00000000 -1.00000000 -0.00000000
vn 0.98860000 -0.00000000 -0.15040000
vn 0.84900000 -0.00000000 -0.52850000
vn -0.00000000 -1.00000000 -0.00000000
vn 0.57140000 -0.00000000 -0.82070000
vn -0.00000000 -1.00000000 -0.00000000
vn -0.00000000 -1.00000000 -0.00000000
vn -0.39210000 -0.00510000 -0.91990000
vn -0.59070000 -0.00000000 -0.80690000
vn -0.00000000 -1.00000000 -0.00000000
vn -0.00000000 -1.00000000 -0.00000000
vn 0.04850000 -0.00510000 -0.99880000
vn -0.00000000 -1.00000000 -0.00000000
vn 0.47090000 -0.00000000 -0.88220000
vn -0.00000000 -1.00000000 -0.00000000
vn 0.80290000 -0.00510000 -0.59610000
vn 0.98260000 -0.00510000 -0.18580000
vn -0.00000000 -1.00000000 -0.00000000
vn -0.00000000 -1.00000000 -0.00000000
vn 0.53600000 -0.00000000 -0.84420000
vn -0.00000000 -1.00000000 -0.00000000
vn 0.36400000 -0.00000000 -0.93140000
vn -0.00000000 -1.00000000 -0.00000000
vn -0.03320000 -0.00000000 -0.99940000
vn -0.00000000 -1.00000000 -0.00000000
vn -0.42510000 -0.00000000 -0.90520000
vn -0.99270000 -0.00510000 -0.12010000
vn -0.00000000 -1.00000000 -0.00000000
vn -0.00000000 -1.00000000 -0.00000000
vn -0.99410000 -0.00000000 0.10830000
vn -0.84060000 -0.00510000 -0.54160000
vn -0.00000000 -1.00000000 -0.00000000
vn -0.00000000 -1.00000000 -0.00000000
vn -0.52850000 -0.00000000 -0.84900000
vn -0.00000000 -1.00000000 -0.00000000
vn -0.11490000 -0.00510000 -0.99340000
vn -0.00000000 -1.00000000 -0.00000000
vn 0.33040000 -0.00510000 -0.94380000
vn -0.00000000 -1.00000000 -0.00000000
vn -0.46320000 -0.00000000 -0.88620000
vn -0.62460000 -0.00000000 -0.78090000
vn -0.00000000 -1.00000000 -0.00000000
vn -0.00000000 -1.00000000 -0.00000000
vn -0.88220000 -0.00000000 -0.47090000
vn -0.40330000 -0.00000000 0.91510000
vn -0.00000000 -1.00000000 -0.00000000
vn -0.00000000 -1.00000000 -0.00000000
vn -0.60330000 -0.00000000 0.79750000
vn -0.88780000 -0.00000000 0.46010000
vn -0.00000000 -1.00000000 -0.00000000
vn -0.99950000 -0.00000000 0.03300000
vn -0.00000000 -1.00000000 -0.00000000
vn -0.00000000 -1.00000000 -0.00000000
vn -0.91770000 -0.00510000 -0.39720000
vn -0.00000000 -1.00000000 -0.00000000
vn -0.65220000 -0.00510000 -0.75800000
vn -0.98860000 -0.00000000 0.15040000
vn -0.98860000 -0.00000000 0.15050000
vn -0.00000000 -1.00000000 -0.00000000
vn -0.84900000 -0.00000000 0.52840000
vn -0.00000000 -1.00000000 -0.00000000
vn -0.57140000 -0.00000000 0.82070000
vn -0.00000000 -1.00000000 -0.00000000
vn -0.99640000 -0.00000000 -0.08460000
vn -0.00000000 -1.00000000 -0.00000000
vn 0.62450000 -0.00000000 0.78100000
vn -0.00000000 -1.00000000 -0.00000000
vn -0.00000000 -1.00000000 -0.00000000
vn 0.14900000 -0.00240000 0.98880000
vn -0.00000000 -1.00000000 -0.00000000
vn -0.30850000 -0.00000000 0.95120000
vn -0.00000000 -1.00000000 -0.00000000
vn 0.57580000 -0.01090000 0.81750000
vn 0.57590000 -0.00830000 0.81750000
vn -0.00000000 1.00000000 0.00010000
vn -0.00000000 1.00000000 0.00010000
vn -0.00000000 1.00000000 0.00010000
vn -0.00000000 1.00000000 -0.00000000
vn -0.00000000 1.00000000 -0.00000000
vn -0.00000000 1.00000000 -0.00000000
vn -0.00000000 -0.00000000 1.00000000
vn -0.00000000 -0.00000000 1.00000000
vn -0.00000000 1.00000000 -0.00000000
vn -0.00000000 1.00000000 -0.00000000
vn -0.00000000 1.00000000 -0.00000000
vn -0.00000000 1.00000000 -0.00000000
vn -0.00000000 1.00000000 -0.00000000
vn -0.00000000 1.00000000 -0.00000000
vn -0.00000000 1.00000000 -0.00000000
vn -0.00000000 1.00000000 -0.00000000
vn -0.00000000 1.00000000 -0.00000000
vn -0.00000000 1.00000000 -0.00000000
vn -0.00000000 1.00000000 -0.00000000
vn -0.00000000 1.00000000 -0.00000000
vn -0.00000000 1.00000000 -0.00000000
vn -0.00000000 1.00000000 -0.00000000
vn -0.00000000 1.00000000 -0.00000000
vn -0.00000000 1.00000000 -0.00000000
vn -0.00000000 1.00000000 -0.00000000
vn -0.00000000 1.00000000 -0.00000000
vn -0.00000000 1.00000000 -0.00000000
vn -0.00000000 1.00000000 -0.00000000
vn -0.00000000 1.00000000 -0.00000000
vn -0.00000000 1.00000000 -0.00000000
vn -0.00000000 1.00000000 -0.00000000
vn -0.00000000 1.00000000 -0.00000000
vn -0.00000000 1.00000000 -0.00000000
vn -0.00000000 1.00000000 -0.00000000
vn -0.00000000 1.00000000 -0.00000000
vn -0.00000000 1.00000000 -0.00000000
vn -0.00000000 1.00000000 -0.00000000
vn -0.00000000 1.00000000 -0.00000000
vn -0.00000000 1.00000000 -0.00000000
vn -0.00000000 1.00000000 -0.00000000
vn -0.00000000 1.00000000 -0.00000000
vn -0.00000000 1.00000000 -0.00000000
vn -0.00000000 1.00000000 -0.00000000
vn -0.00000000 1.00000000 0.00010000
vn -0.00000000 1.00000000 -0.00000000
vn -0.00000000 1.00000000 0.00010000
vn -0.00000000 1.00000000 -0.00000000
vn -0.00000000 1.00000000 -0.00000000
vn -0.00000000 1.00000000 -0.00000000
vn -0.00000000 1.00000000 0.00010000
vn -0.00000000 1.00000000 -0.00000000
vn -0.00000000 1.00000000 -0.00000000
vn -0.00000000 1.00000000 -0.00000000
vn -0.00000000 1.00000000 -0.00000000
vn -0.00000000 1.00000000 -0.00000000
vn -0.00000000 1.00000000 -0.00000000
vn -0.00000000 1.00000000 -0.00000000
vn -0.00000000 1.00000000 -0.00000000
vn -0.00000000 1.00000000 -0.00000000
vn -0.00000000 1.00000000 -0.00000000
vn -0.00000000 1.00000000 -0.00000000
vn -0.00000000 1.00000000 -0.00000000
vn -0.00000000 1.00000000 -0.00000000
vn -0.00000000 1.00000000 -0.00000000
vn -0.00000000 1.00000000 -0.00000000
vn -0.00000000 1.00000000 -0.00000000
vn -0.00000000 1.00000000 -0.00000000
vn -0.00000000 1.00000000 -0.00000000
vn -0.00000000 1.00000000 -0.00000000
vn -0.00000000 1.00000000 -0.00000000
vn -0.00000000 1.00000000 -0.00000000
vn -0.00000000 1.00000000 -0.00000000
vn -0.00000000 1.00000000 -0.00000000
vn -0.00000000 1.00000000 -0.00000000
vn -0.00000000 1.00000000 -0.00000000
vn -0.00000000 1.00000000 -0.00000000
vn -0.00000000 1.00000000 -0.00000000
vn -0.00000000 1.00000000 -0.00000000
vn -0.00000000 1.00000000 -0.00000000
vn -0.00000000 1.00000000 -0.00000000
vn -0.00000000 1.00000000 -0.00000000
vn -0.00000000 1.00000000 -0.00000000
vn -0.00000000 1.00000000 -0.00000000
vn -0.00000000 1.00000000 -0.00000000
vn -0.00000000 1.00000000 -0.00000000
vn -0.00000000 1.00000000 -0.00000000
vn -0.00000000 1.00000000 -0.00000000
vn -0.00000000 1.00000000 -0.00000000
vn -0.00000000 1.00000000 -0.00000000
vn -0.00000000 1.00000000 -0.00000000
vn -0.00000000 1.00000000 -0.00010000
vn -0.00000000 1.00000000 -0.00000000
vn -0.00000000 1.00000000 -0.00010000
vn -0.00000000 1.00000000 -0.00000000
vn -0.00000000 1.00000000 -0.00000000
vn -0.00000000 1.00000000 -0.00000000
vn -0.00000000 1.00000000 -0.00000000
vn -0.00000000 1.00000000 -0.00010000
vn -0.00000000 1.00000000 -0.00000000
vn -0.00000000 1.00000000 -0.00000000
vn -0.00000000 1.00000000 -0.00000000
vn -0.00000000 1.00000000 -0.00000000
vn -0.00000000 1.00000000 -0.00000000
vn -0.00000000 1.00000000 -0.00000000
vn -0.00000000 1.00000000 -0.00000000
vn -0.00000000 1.00000000 -0.00000000
vn -0.00000000 1.00000000 -0.00000000
vn -0.00000000 1.00000000 -0.00000000
vn -0.00000000 1.00000000 -0.00000000
vn -0.00000000 1.00000000 -0.00000000
vn -0.00000000 1.00000000 -0.00000000
vn -0.00000000 1.00000000 -0.00000000
vn -0.00000000 1.00000000 -0.00000000
vn -0.00000000 1.00000000 -0.00000000
vn -0.00000000 1.00000000 -0.00000000
vn -0.00000000 1.00000000 -0.00000000
vn -0.00000000 1.00000000 -0.00000000
vn -0.00000000 1.00000000 -0.00000000
vn -0.00000000 1.00000000 -0.00000000
vn -0.00000000 1.00000000 -0.00000000
vn -0.00000000 1.00000000 -0.00000000
vn -0.00000000 1.00000000 -0.00000000
vn -0.00000000 1.00000000 -0.00000000
vn -0.00000000 1.00000000 -0.00000000
vn -0.00000000 1.00000000 -0.00000000
vn -0.00000000 1.00000000 -0.00000000
vn -0.00000000 1.00000000 -0.00000000
vn -0.00000000 1.00000000 -0.00000000
vn -0.00000000 1.00000000 -0.00000000
vn -0.00000000 1.00000000 -0.00000000
vn -0.00000000 1.00000000 -0.00000000
vn -0.00000000 1.00000000 -0.00000000
vn -0.00000000 1.00000000 -0.00000000
vn -0.00000000 1.00000000 -0.00000000
vn -0.00000000 1.00000000 -0.00000000
vn -0.00000000 1.00000000 -0.00000000
vn -0.00000000 1.00000000 -0.00000000
vn -0.00000000 1.00000000 -0.00000000
vn -0.00000000 1.00000000 -0.00000000
vn -0.00000000 1.00000000 -0.00000000
vn -0.00000000 1.00000000 -0.00000000
vn -0.00000000 1.00000000 -0.00000000
vn -0.00000000 1.00000000 -0.00000000
vn -0.00000000 1.00000000 -0.00000000
vn -0.00000000 1.00000000 -0.00000000
vn -0.00000000 1.00000000 -0.00000000
vn -0.00000000 1.00000000 -0.00000000
vn -0.00000000 1.00000000 -0.00000000
vn -0.00000000 1.00000000 -0.00000000
vn -0.00000000 1.00000000 -0.00000000
vn -0.00000000 1.00000000 -0.00000000
vn -0.00000000 1.00000000 -0.00000000
vn -0.00000000 1.00000000 -0.00000000
vn -0.00000000 1.00000000 -0.00000000
vn -0.00000000 1.00000000 -0.00000000
vn -0.00000000 1.00000000 -0.00000000
vn -0.00000000 1.00000000 -0.00000000
vn -0.00000000 1.00000000 -0.00000000
vn -0.00000000 1.00000000 -0.00000000
vn -0.00000000 1.00000000 -0.00000000
vn -0.00000000 1.00000000 -0.00000000
vn -0.00000000 1.00000000 -0.00000000
vn -0.00000000 1.00000000 -0.00000000
vn -0.00000000 1.00000000 -0.00000000
vn -0.00000000 1.00000000 -0.00000000
vn -0.00000000 1.00000000 -0.00000000
vn -0.00000000 1.00000000 -0.00000000
vn -0.00000000 1.00000000 -0.00000000
vn -0.00000000 1.00000000 -0.00000000
vn -0.00000000 1.00000000 -0.00000000
vn -0.00000000 1.00000000 -0.00000000
vn -0.00000000 1.00000000 -0.00000000
vn -0.00000000 1.00000000 -0.00000000
vn -0.00000000 1.00000000 -0.00010000
vn -0.00000000 1.00000000 -0.00000000
vn -0.00000000 1.00000000 -0.00010000
vn -0.00000000 1.00000000 -0.00000000
vn -0.00000000 1.00000000 -0.00000000
vn -0.00000000 1.00000000 -0.00010000
vn -0.00000000 1.00000000 -0.00000000
vn -0.00000000 1.00000000 -0.00000000
vn -0.00000000 1.00000000 -0.00000000
vn -0.00000000 1.00000000 -0.00000000
vn -0.00000000 1.00000000 -0.00000000
vn -0.00000000 1.00000000 -0.00000000
vn -0.00000000 1.00000000 -0.00000000
vn -0.00000000 1.00000000 -0.00000000
vn -0.00000000 1.00000000 -0.00000000
vn -0.00000000 1.00000000 -0.00000000
vn -0.00000000 1.00000000 -0.00000000
vn -0.00000000 1.00000000 -0.00000000
vn -0.00000000 1.00000000 -0.00000000
vn -0.00000000 1.00000000 -0.00000000
vn -0.00000000 1.00000000 -0.00000000
vn -0.00000000 1.00000000 -0.00000000
vn -0.00000000 1.00000000 -0.00000000
vn -0.00000000 1.00000000 -0.00000000
vn -0.00000000 1.00000000 -0.00000000
vn -0.00000000 1.00000000 -0.00000000
vn -0.00000000 1.00000000 -0.00000000
vn -0.00000000 1.00000000 -0.00000000
vn -0.00000000 1.00000000 -0.00000000
vn -0.00000000 1.00000000 -0.00000000
vn -0.00000000 1.00000000 -0.00000000
vn -0.00000000 1.00000000 -0.00000000
vn -0.00000000 1.00000000 -0.00000000
vn -0.00000000 1.00000000 -0.00000000
vn -0.00000000 1.00000000 -0.00000000
vn -0.00000000 1.00000000 -0.00000000
vn -0.00000000 1.00000000 -0.00000000
vn -0.00000000 1.00000000 -0.00000000
vn -0.00000000 1.00000000 -0.00000000
vn -0.00000000 1.00000000 -0.00000000
vn -0.00000000 1.00000000 -0.00000000
vn -0.00000000 1.00000000 -0.00000000
vn -0.00000000 1.00000000 -0.00000000
vn -0.00000000 1.00000000 -0.00000000
vn -0.00000000 1.00000000 -0.00000000
vn -0.00000000 1.00000000 -0.00000000
vn -0.00000000 1.00000000 -0.00000000
vn -0.00000000 1.00000000 -0.00000000
vn -0.00000000 1.00000000 -0.00000000
vn -0.00000000 1.00000000 -0.00000000
vn -0.00000000 1.00000000 -0.00000000
vn -0.00000000 1.00000000 -0.00000000
vn -0.00000000 1.00000000 -0.00000000
vn -0.00000000 1.00000000 -0.00000000
vn -0.00000000 1.00000000 -0.00000000
vn -0.00000000 1.00000000 -0.00000000
vn -0.00000000 1.00000000 -0.00000000
vn -0.00000000 1.00000000 -0.00000000
vn -0.00000000 1.00000000 -0.00000000
vn -0.00000000 1.00000000 -0.00000000
vn -0.00000000 1.00000000 -0.00000000
vn -0.00000000 1.00000000 -0.00000000
vn -0.00000000 1.00000000 -0.00000000
vn -0.00000000 1.00000000 -0.00000000
vn -0.00000000 1.00000000 -0.00000000
vn -0.00000000 1.00000000 -0.00000000
vn -0.00000000 1.00000000 -0.00000000
vn -0.00000000 1.00000000 -0.00000000
vn -0.00000000 1.00000000 -0.00000000
vn -0.00000000 1.00000000 -0.00000000
vn -0.00000000 1.00000000 -0.00000000
vn -0.00000000 1.00000000 -0.00000000
vn -0.00000000 1.00000000 -0.00000000
vn -0.00000000 1.00000000 -0.00000000
vn -0.00000000 1.00000000 -0.00000000
vn -0.00000000 1.00000000 -0.00000000
vn -0.00000000 1.00000000 -0.00000000
vn -0.00000000 1.00000000 -0.00000000
vn -0.00000000 1.00000000 -0.00000000
vn -0.00000000 1.00000000 -0.00000000
vn -0.00000000 1.00000000 -0.00000000
vn -0.00000000 1.00000000 -0.00000000
vn -0.00000000 1.00000000 -0.00000000
vn -0.00000000 1.00000000 -0.00000000
vn -0.00000000 1.00000000 -0.00000000
vn -0.00000000 1.00000000 0.00010000
vn -0.00000000 1.00000000 -0.00000000
vn -0.00000000 1.00000000 -0.00000000
vn -0.00000000 1.00000000 0.00010000
vn -0.00000000 1.00000000 -0.00000000
vn -0.00000000 1.00000000 -0.00000000
vn -0.00000000 1.00000000 -0.00000000
vn -0.00000000 1.00000000 -0.00000000
vn -0.00000000 1.00000000 0.00010000
vn -0.00000000 1.00000000 -0.00000000
vn -0.00000000 1.00000000 -0.00000000
vn -0.00000000 1.00000000 -0.00000000
vn -0.00000000 1.00000000 -0.00000000
vn -0.00000000 1.00000000 -0.00000000
vn -0.00000000 1.00000000 -0.00000000
vn -0.00000000 1.00000000 -0.00000000
vn -0.00000000 1.00000000 -0.00000000
vn -0.00000000 1.00000000 -0.00000000
vn -0.00000000 1.00000000 -0.00000000
vn -0.00000000 1.00000000 -0.00000000
vn -0.00000000 1.00000000 -0.00000000
vn -0.00000000 1.00000000 -0.00000000
vn -0.00000000 1.00000000 -0.00000000
vn -0.00000000 1.00000000 -0.00000000
vn -0.00000000 1.00000000 -0.00000000
vn -0.00000000 1.00000000 -0.00000000
vn -0.00000000 1.00000000 -0.00000000
vn -0.00000000 1.00000000 -0.00000000
vn -0.00000000 1.00000000 -0.00000000
vn -0.00000000 1.00000000 -0.00000000
vn -0.00000000 1.00000000 -0.00000000
vn -0.00000000 1.00000000 -0.00000000
vn -0.00000000 1.00000000 -0.00000000
vn -0.00000000 1.00000000 -0.00000000
vn -0.00000000 1.00000000 -0.00000000
vn -0.00000000 1.00000000 -0.00000000
vn -0.00000000 1.00000000 -0.00000000
vn -0.00000000 1.00000000 -0.00000000
vn -0.00000000 1.00000000 -0.00000000
vn -0.00000000 1.00000000 -0.00000000
vn -0.00000000 1.00000000 -0.00000000
vn -0.00000000 1.00000000 -0.00000000
vn -0.00000000 1.00000000 -0.00000000
vn -0.00000000 1.00000000 -0.00000000
vn -0.00000000 1.00000000 -0.00000000
vn -0.00000000 1.00000000 -0.00000000
vn -0.00000000 1.00000000 -0.00000000
vn -0.00000000 1.00000000 -0.00000000
vn -0.00000000 1.00000000 -0.00000000
vn -0.00000000 1.00000000 -0.00000000
vn -0.00000000 1.00000000 -0.00000000
vn -0.00000000 1.00000000 -0.00000000
vn -0.00000000 1.00000000 -0.00000000
vn -0.00000000 1.00000000 -0.00000000
vn -0.00000000 1.00000000 -0.00000000
vn -0.00000000 1.00000000 -0.00000000
vn -0.00000000 1.00000000 -0.00000000
vn -0.00000000 1.00000000 -0.00000000
vn -0.00000000 1.00000000 -0.00000000
vn -0.00000000 1.00000000 -0.00000000
vn -0.00000000 1.00000000 -0.00000000
vn -0.00000000 1.00000000 -0.00000000
vn -0.00000000 1.00000000 -0.00000000
vn -0.00000000 1.00000000 -0.00000000
vn -0.00000000 1.00000000 -0.00000000
vn -0.00000000 1.00000000 -0.00000000
vn -0.00000000 1.00000000 -0.00000000
vn -0.00000000 1.00000000 -0.00000000
vn -0.00000000 1.00000000 -0.00000000
vn -0.00000000 1.00000000 -0.00000000
vn -0.00000000 1.00000000 -0.00000000
vn -0.00000000 1.00000000 -0.00000000
vn -0.00000000 1.00000000 -0.00000000
vn -0.00000000 1.00000000 -0.00000000
vn -0.00000000 1.00000000 -0.00000000
vn -0.00000000 1.00000000 -0.00000000
vn -0.00000000 1.00000000 -0.00000000
vn -0.00000000 1.00000000 -0.00000000
vn -0.00000000 1.00000000 -0.00000000
vn -0.00000000 1.00000000 -0.00000000
vn -0.00000000 1.00000000 -0.00000000
vn -0.00000000 1.00000000 -0.00000000
vn -0.00000000 1.00000000 -0.00000000
vn -0.00000000 1.00000000 -0.00000000
vn -0.00000000 1.00000000 -0.00000000
vn -0.00000000 1.00000000 -0.00000000
vn -0.00000000 1.00000000 -0.00000000
vn -0.00000000 1.00000000 -0.00000000
vn -0.00000000 1.00000000 -0.00000000
vn -0.00000000 1.00000000 -0.00000000
vn -0.00000000 1.00000000 -0.00000000
vn -0.00000000 1.00000000 -0.00000000
vn -0.00000000 1.00000000 -0.00000000
vn -0.00000000 1.00000000 -0.00000000
vn -0.00000000 1.00000000 -0.00000000
vn -0.00000000 1.00000000 -0.00000000
vn -0.00000000 1.00000000 -0.00000000
vn -0.00000000 1.00000000 -0.00000000
vn -0.00000000 1.00000000 -0.00000000
vn -0.00000000 1.00000000 -0.00000000
vn -0.00000000 1.00000000 -0.00000000
vn -0.00000000 1.00000000 -0.00000000
vn -0.00000000 1.00000000 -0.00000000
vn -0.00000000 1.00000000 -0.00000000
vn -0.00000000 1.00000000 -0.00000000
vn -0.00000000 1.00000000 -0.00000000
vn -0.00000000 1.00000000 -0.00000000
vn -0.00000000 1.00000000 -0.00000000
vn -0.00000000 1.00000000 -0.00000000
vn -0.00000000 1.00000000 -0.00000000
vn -0.00000000 1.00000000 -0.00000000
vn -0.00000000 1.00000000 -0.00000000
vn -0.00000000 1.00000000 -0.00000000
vn -0.00000000 1.00000000 -0.00000000
vn -0.00000000 1.00000000 -0.00000000
vn -0.00000000 1.00000000 -0.00000000
vn -0.00000000 1.00000000 -0.00000000
vn -0.00000000 1.00000000 -0.00000000
vn -0.00000000 1.00000000 -0.00000000
vn -0.00000000 1.00000000 -0.00000000
vn -0.00000000 1.00000000 -0.00000000
vn -0.00000000 1.00000000 -0.00000000
vn -0.00000000 1.00000000 -0.00000000
vn -0.00000000 1.00000000 -0.00000000
vn -0.00000000 1.00000000 -0.00000000
vn -0.00000000 1.00000000 -0.00000000
vn -0.00000000 1.00000000 -0.00000000
vn -0.00000000 1.00000000 -0.00000000
vn -0.00000000 1.00000000 -0.00000000
vn -0.00000000 1.00000000 -0.00000000
vn -0.00000000 1.00000000 -0.00000000
vn -0.00000000 1.00000000 -0.00000000
vn -0.00000000 1.00000000 -0.00000000
vn -0.00000000 1.00000000 -0.00000000
vn -0.00000000 1.00000000 -0.00000000
vn -0.00000000 1.00000000 -0.00000000
vn -0.00000000 1.00000000 -0.00000000
vn -0.00000000 1.00000000 -0.00000000
vn 0.16420000 -0.00000000 0.98640000
vn 0.63540000 -0.00000000 0.77220000
vn 0.93640000 -0.00000000 0.35090000
vn 0.63540000 -0.00000000 0.77220000
vn 0.63540000 -0.00000000 0.77210000
vn 0.98640000 -0.00000000 -0.16430000
vn 0.93640000 -0.00000000 0.35090000
vn 0.91030000 -0.00000000 -0.41400000
vn 0.59650000 -0.00000000 -0.80260000
vn 0.17070000 -0.00000000 -0.98530000
vn -0.27370000 -0.00000000 -0.96180000
vn -0.66390000 -0.00000000 -0.74790000
vn -0.92260000 -0.00000000 -0.38570000
vn -0.99860000 -0.00000000 0.05280000
vn -0.87680000 -0.00000000 0.48080000
vn -0.56600000 -0.00000000 0.82440000
vn -0.09670000 -0.00000000 0.99530000
vn 0.13940000 0.99000000 -0.02320000
vn 0.12870000 0.99000000 -0.05850000
vn -0.00000000 1.00000000 -0.00000000
vn -0.58140000 -0.00000000 0.81360000
vn -0.99530000 -0.00000000 -0.09670000
vn -0.13740000 0.98890000 -0.05740000
vn -0.14840000 0.98890000 0.00790000
vn 0.99530000 -0.00000000 0.09660000
vn -0.00000000 1.00000000 -0.00000000
vn 0.41400000 -0.00000000 0.91030000
vn 0.58140000 -0.00000000 -0.81360000
vn 0.58130000 -0.00000000 -0.81370000
vn 0.99530000 -0.00000000 0.09660000
vn -0.00000000 1.00000000 -0.00000000
vn -0.04960000 0.99000000 0.13240000
vn 0.58140000 -0.00000000 -0.81360000
vn -0.41390000 -0.00000000 -0.91030000
vn -0.41400000 -0.00000000 -0.91030000
vn -0.00000000 1.00000000 -0.00000000
vn -0.09060000 0.98940000 0.11370000
vn -0.13060000 0.98890000 0.07160000
vn -0.09890000 0.98880000 -0.11140000
vn 0.41400000 -0.00000000 0.91030000
vn -0.58140000 -0.00000000 0.81360000
vn -0.00000000 1.00000000 -0.00000000
vn -0.04080000 0.98880000 -0.14330000
vn 0.10920000 0.99000000 -0.08980000
vn 0.07810000 0.98940000 -0.12250000
vn 0.02540000 0.98890000 -0.14640000
vn 0.08980000 0.99000000 0.10910000
vn 0.11500000 0.99000000 0.08220000
vn -0.99530000 -0.00000000 -0.09660000
vn -0.00000000 1.00000000 -0.00000000
vn -0.99530000 -0.00000000 -0.09670000
vn -0.41390000 -0.00000000 -0.91030000
vn 0.13230000 0.99000000 0.04960000
vn 0.14040000 0.99000000 0.01360000
vn -0.01370000 0.99000000 0.14070000
vn 0.02320000 0.99000000 0.13940000
vn 0.05850000 0.99000000 0.12870000
vn -0.00000000 -1.00000000 -0.00000000
vn 0.58290000 -0.02110000 -0.81230000
vn 0.53870000 0.12870000 -0.83260000
vn 0.76640000 0.12210000 -0.63070000
vn 0.90950000 -0.04230000 -0.41360000
vn -0.00000000 -1.00000000 -0.00000000
vn 0.90270000 0.12900000 -0.41050000
vn 0.97900000 0.12230000 -0.16300000
vn 0.99440000 -0.04230000 0.09660000
vn -0.00000000 -1.00000000 -0.00000000
vn 0.98700000 0.12910000 0.09590000
vn 0.92940000 0.12210000 0.34830000
vn 0.81290000 -0.04220000 0.58080000
vn -0.00000000 -1.00000000 -0.00000000
vn 0.80680000 0.12950000 0.57650000
vn 0.63070000 0.12210000 0.76640000
vn 0.41360000 -0.04220000 0.90950000
vn -0.00000000 -1.00000000 -0.00000000
vn 0.41050000 0.12910000 0.90270000
vn 0.16300000 0.12220000 0.97900000
vn -0.00000000 -1.00000000 -0.00000000
vn -0.09660000 -0.04220000 0.99440000
vn -0.61310000 0.12860000 0.77950000
vn -0.57960000 -0.02110000 0.81460000
vn -0.00000000 -1.00000000 -0.00000000
vn -0.34840000 0.12180000 0.92940000
vn -0.09580000 0.12930000 0.98700000
vn -0.09850000 -0.99370000 0.05400000
vn -0.00000000 -1.00000000 -0.00000000
vn -0.87680000 -0.00000000 0.48080000
vn -0.11210000 -0.99370000 0.00590000
vn -0.00000000 -1.00000000 -0.00000000
vn -0.99860000 -0.00000000 0.05280000
vn -0.10350000 -0.99370000 -0.04330000
vn -0.00000000 -1.00000000 -0.00000000
vn -0.92260000 -0.00000000 -0.38570000
vn -0.07450000 -0.99370000 -0.08390000
vn -0.66390000 -0.00000000 -0.74780000
vn -0.00000000 -1.00000000 -0.00000000
vn -0.03060000 -0.99370000 -0.10760000
vn -0.27370000 -0.00000000 -0.96180000
vn -0.00000000 -1.00000000 -0.00000000
vn 0.01920000 -0.99370000 -0.11060000
vn 0.17080000 -0.00000000 -0.98530000
vn -0.00000000 -1.00000000 -0.00000000
vn 0.06580000 -0.99390000 -0.08890000
vn 0.09940000 -0.99400000 -0.04520000
vn 0.10860000 -0.99400000 0.01050000
vn 0.08870000 -0.99400000 0.06340000
vn 0.04520000 -0.99400000 0.09930000
vn -0.01050000 -0.99400000 0.10860000
vn -0.06290000 -0.99390000 0.09110000
vn 0.59140000 -0.13320000 -0.79530000
vn 0.90210000 -0.13360000 -0.41030000
vn 0.98640000 -0.13320000 0.09580000
vn 0.80640000 -0.13340000 0.57610000
vn 0.80640000 -0.13340000 0.57620000
vn 0.41020000 -0.13340000 0.90220000
vn 0.41020000 -0.13330000 0.90220000
vn -0.09580000 -0.13360000 0.98640000
vn -0.56070000 -0.13300000 0.81720000
vn -0.48370000 -0.51800000 0.70550000
vn -0.86900000 -0.13290000 0.47660000
vn -0.75070000 -0.51670000 0.41170000
vn -0.98980000 -0.13270000 0.05230000
vn -0.85520000 -0.51630000 0.04520000
vn -0.91440000 -0.13290000 -0.38230000
vn -0.79010000 -0.51630000 -0.33030000
vn -0.65810000 -0.13270000 -0.74120000
vn -0.56850000 -0.51660000 -0.64030000
vn -0.27120000 -0.13300000 -0.95330000
vn -0.23430000 -0.51640000 -0.82370000
vn 0.16930000 -0.13270000 -0.97660000
vn 0.14620000 -0.51670000 -0.84360000
vn 0.51080000 -0.51790000 -0.68620000
vn -0.14580000 -0.96590000 0.21390000
vn -0.40120000 -0.70730000 0.58210000
vn -0.62000000 -0.70710000 0.34000000
vn -0.22700000 -0.96590000 0.12450000
vn -0.70610000 -0.70710000 0.03730000
vn -0.25890000 -0.96580000 0.01370000
vn -0.65240000 -0.70710000 -0.27270000
vn -0.23900000 -0.96590000 -0.10000000
vn -0.46950000 -0.70700000 -0.52880000
vn -0.17200000 -0.96580000 -0.19380000
vn -0.19340000 -0.70730000 -0.68000000
vn -0.07090000 -0.96590000 -0.24920000
vn 0.12070000 -0.70730000 -0.69650000
vn 0.04420000 -0.96600000 -0.25490000
vn 0.42070000 -0.70720000 -0.56830000
vn 0.15520000 -0.96590000 -0.20730000
vn 0.47420000 0.48740000 -0.73320000
vn 0.67270000 0.49090000 -0.55370000
vn 0.38150000 0.70670000 -0.59590000
vn 0.14170000 0.96580000 -0.21720000
vn 0.20010000 0.96580000 -0.16470000
vn 0.54600000 0.70710000 -0.44930000
vn 0.23550000 0.96590000 -0.10710000
vn 0.64360000 0.70720000 -0.29270000
vn 0.25560000 0.96580000 -0.04260000
vn 0.69750000 0.70710000 -0.11610000
vn 0.25750000 0.96600000 0.02500000
vn 0.70390000 0.70700000 0.06840000
vn 0.24260000 0.96590000 0.09090000
vn 0.66210000 0.70720000 0.24810000
vn 0.57530000 0.70720000 0.41100000
vn 0.21050000 0.96590000 0.15040000
vn 0.16460000 0.96590000 0.20000000
vn 0.44930000 0.70710000 0.54600000
vn 0.29270000 0.70720000 0.64360000
vn 0.10720000 0.96590000 0.23590000
vn 0.11620000 0.70710000 0.69750000
vn 0.04260000 0.96590000 0.25550000
vn -0.06840000 0.70700000 0.70390000
vn -0.02500000 0.96600000 0.25730000
vn -0.24810000 0.70720000 0.66210000
vn -0.09100000 0.96580000 0.24270000
vn -0.44010000 0.70670000 0.55400000
vn -0.15960000 0.96580000 0.20450000
vn 0.79310000 0.49080000 -0.36070000
vn 0.85930000 0.49100000 -0.14310000
vn 0.86710000 0.49090000 0.08420000
vn 0.81580000 0.49090000 0.30570000
vn 0.70890000 0.49080000 0.50650000
vn 0.55360000 0.49090000 0.67270000
vn 0.36060000 0.49090000 0.79300000
vn 0.14310000 0.49090000 0.85940000
vn -0.08420000 0.49100000 0.86710000
vn -0.30570000 0.49110000 0.81570000
vn -0.53990000 0.48750000 0.68620000
vn -0.00000000 1.00000000 -0.00010000
vn 0.41400000 -0.00000000 0.91030000
vn -0.00000000 1.00000000 -0.00000000
vn -0.58140000 -0.00000000 0.81360000
vn -0.00000000 1.00000000 -0.00010000
vn 0.22310000 0.86590000 0.44780000
vn -0.00000000 1.00000000 -0.00000000
vn 0.41400000 -0.00000000 0.91030000
vn 0.41400000 -0.00000000 0.91030000
vn -0.00000000 1.00000000 -0.00000000
vn 0.99530000 -0.00000000 0.09660000
vn -0.58140000 -0.00000000 0.81360000
vn -0.99530000 -0.00000000 -0.09670000
vn -0.00000000 1.00000000 -0.00000000
vn -0.29750000 0.86600000 0.40200000
vn -0.00000000 1.00000000 -0.00000000
vn -0.58140000 -0.00000000 0.81360000
vn -0.99530000 -0.00000000 -0.09660000
vn -0.00000000 1.00000000 -0.00000000
vn -0.41390000 -0.00000000 -0.91030000
vn -0.99530000 -0.00000000 -0.09660000
vn -0.00000000 1.00000000 -0.00000000
vn -0.99530000 -0.00000000 -0.09670000
vn -0.49770000 0.86600000 -0.04830000
vn -0.41400000 -0.00000000 -0.91030000
vn -0.00000000 1.00000000 -0.00000000
vn 0.58140000 -0.00000000 -0.81360000
vn -0.00000000 1.00000000 -0.00000000
vn -0.20700000 0.86600000 -0.45520000
vn -0.41390000 -0.00000000 -0.91030000
vn -0.41400000 -0.00000000 -0.91030000
vn 0.99530000 -0.00000000 0.09660000
vn -0.00000000 1.00000000 -0.00000000
vn 0.58130000 -0.00000000 -0.81370000
vn -0.00000000 1.00000000 -0.00000000
vn 0.58130000 -0.00000000 -0.81370000
vn 0.58140000 -0.00000000 -0.81360000
vn 0.28390000 0.86600000 -0.41170000
vn 0.99530000 -0.00000000 0.09660000
vn 0.49590000 0.86590000 0.06590000
vn -0.00000000 1.00000000 -0.00000000
vn -0.00000000 1.00000000 -0.00000000
vn -0.45520000 0.86600000 0.20700000
vn -0.40690000 0.86600000 -0.29070000
vn -0.00000000 1.00000000 -0.00000000
vn 0.04830000 0.86600000 -0.49770000
vn -0.00000000 1.00000000 -0.00000000
vn 0.43840000 0.86600000 -0.24040000
vn -0.00000000 1.00000000 -0.00000000
vn 0.49720000 0.86550000 -0.06100000
vn -0.00000000 1.00000000 -0.00000000
vn -0.00000000 1.00000000 -0.00000000
vn 0.45470000 0.86590000 0.20860000
vn -0.00000000 1.00000000 -0.00000000
vn 0.34470000 0.86590000 0.36260000
vn -0.00000000 1.00000000 -0.00000000
vn -0.00000000 1.00000000 -0.00010000
vn 0.10340000 0.86550000 0.49010000
vn -0.00000000 1.00000000 -0.00000000
vn -0.08540000 0.86600000 0.49270000
vn -0.00240000 1.00000000 -0.00170000
vn 0.86600000 -0.00000000 -0.50000000
vn 0.25890000 -0.00000000 -0.96590000
vn 0.70710000 -0.00000000 -0.70710000
vn 0.25890000 -0.00000000 -0.96590000
vn -0.25890000 -0.00000000 -0.96590000
vn -0.70710000 -0.00000000 -0.70710000
vn -0.25880000 -0.00000000 -0.96590000
vn -0.25890000 -0.00000000 -0.96590000
vn -0.86600000 -0.00000000 -0.50000000
vn -1.00000000 -0.00000000 -0.00000000
vn -0.86600000 -0.00000000 0.50000000
vn -0.70720000 -0.00000000 0.70710000
vn -0.70710000 -0.00000000 0.70710000
vn -0.25880000 -0.00000000 0.96590000
vn -0.00000000 -0.00000000 1.00000000
vn 0.70710000 -0.00000000 0.70710000
vn 0.25880000 -0.00000000 0.96590000
vn 0.86600000 -0.00000000 0.50000000
vn 1.00000000 -0.00000000 -0.00000000
vn 0.03660000 0.99000000 -0.13650000
vn -0.00000000 0.99000000 -0.14130000
vn -0.50000000 -0.00000000 0.86600000
vn 0.50000000 -0.00000000 0.86600000
vn -0.00000000 1.00000000 -0.00000000
vn 0.13650000 0.99000000 -0.03660000
vn -0.50000000 -0.00000000 0.86600000
vn -0.00000000 1.00000000 -0.00000000
vn -1.00000000 -0.00000000 -0.00000000
vn 0.14370000 0.98960000 0.00550000
vn -0.00000000 1.00000000 -0.00000000
vn -0.50000000 -0.00000000 -0.86600000
vn -1.00000000 -0.00000000 -0.00000000
vn 0.10100000 0.99370000 0.04870000
vn 0.06950000 0.99380000 0.08720000
vn -0.50000000 -0.00000000 -0.86600000
vn 0.50000000 -0.00000000 -0.86600000
vn -0.00000000 1.00000000 -0.00000000
vn 0.02490000 0.99370000 0.10900000
vn 1.00000000 -0.00000000 -0.00000000
vn 0.50000000 -0.00000000 -0.86600000
vn -0.00000000 1.00000000 -0.00000000
vn -0.06990000 0.99370000 0.08760000
vn -0.02490000 0.99370000 0.10890000
vn -0.12240000 0.99000000 -0.07070000
vn -0.13400000 0.99020000 -0.03900000
vn 0.50000000 -0.00000000 0.86600000
vn -0.00000000 1.00000000 -0.00000000
vn 1.00000000 -0.00000000 -0.00000000
vn -0.10920000 0.99400000 0.00580000
vn -0.10070000 0.99370000 0.04850000
vn 0.12240000 0.99000000 -0.07070000
vn 0.09990000 0.99000000 -0.09990000
vn 0.07070000 0.99000000 -0.12240000
vn -0.03660000 0.99000000 -0.13650000
vn -0.07050000 0.99000000 -0.12210000
vn -0.10000000 0.99000000 -0.10000000
vn -0.99420000 0.09680000 0.04600000
vn -0.95830000 0.12040000 -0.25920000
vn -0.99950000 -0.02950000 0.00920000
vn -0.00000000 -1.00000000 -0.00000000
vn -0.86530000 -0.04230000 -0.49950000
vn -0.00000000 -1.00000000 -0.00000000
vn -0.85880000 0.12910000 -0.49580000
vn -0.70180000 0.12220000 -0.70180000
vn -0.00000000 -1.00000000 -0.00000000
vn -0.49950000 -0.04230000 -0.86530000
vn -0.49580000 0.12910000 -0.85880000
vn -0.25690000 0.12210000 -0.95870000
vn -0.00000000 -1.00000000 -0.00000000
vn -0.00000000 -0.04220000 -0.99910000
vn -0.00000000 0.12910000 -0.99160000
vn 0.25690000 0.12210000 -0.95870000
vn 0.49960000 -0.04220000 -0.86520000
vn -0.00000000 -1.00000000 -0.00000000
vn 0.49580000 0.12910000 -0.85880000
vn 0.70180000 0.12220000 -0.70180000
vn 0.86530000 -0.04220000 -0.49960000
vn -0.00000000 -1.00000000 -0.00000000
vn 0.99420000 0.09700000 0.04600000
vn -0.00000000 -1.00000000 -0.00000000
vn 0.99950000 -0.02950000 0.00920000
vn 0.95830000 0.12050000 -0.25920000
vn 0.85880000 0.12910000 -0.49580000
vn -0.00000000 -0.99660000 0.08200000
vn -0.00000000 -0.04320000 0.99910000
vn -0.00000000 -1.00000000 -0.00000000
vn -0.04100000 -0.99660000 0.07100000
vn -0.50130000 -0.03950000 0.86440000
vn -0.00000000 -1.00000000 -0.00000000
vn -0.07100000 -0.99660000 0.04100000
vn -0.86790000 -0.02800000 0.49600000
vn -0.00000000 -1.00000000 -0.00000000
vn -0.08170000 -0.99670000 -0.00000000
vn -0.09440000 -0.99400000 -0.05450000
vn -0.05460000 -0.99400000 -0.09450000
vn -0.00000000 -0.99400000 -0.10910000
vn 0.05460000 -0.99400000 -0.09460000
vn 0.09450000 -0.99400000 -0.05460000
vn 0.10870000 -0.99410000 0.00050000
vn 0.07100000 -0.99660000 0.04100000
vn 0.86780000 -0.02800000 0.49600000
vn -0.00000000 -1.00000000 -0.00000000
vn 0.04080000 -0.99670000 0.07070000
vn 0.50130000 -0.03950000 0.86440000
vn -0.00000000 -1.00000000 -0.00000000
vn -0.99500000 -0.10020000 0.00110000
vn -0.85820000 -0.13340000 -0.49560000
vn -0.49560000 -0.13350000 -0.85820000
vn -0.00000000 -0.13340000 -0.99110000
vn 0.49550000 -0.13340000 -0.85830000
vn 0.49560000 -0.13340000 -0.85830000
vn 0.85870000 -0.13290000 -0.49490000
vn 0.99500000 -0.09950000 -0.00000000
vn -0.51430000 -0.85760000 0.00390000
vn -0.69680000 -0.71720000 0.00170000
vn -0.59820000 -0.72370000 0.34410000
vn -0.84380000 -0.53670000 0.00240000
vn -0.94490000 -0.32730000 0.00100000
vn -0.79620000 -0.39420000 0.45900000
vn 0.86170000 -0.09960000 0.49750000
vn 0.94430000 -0.32910000 -0.00170000
vn -0.86170000 -0.09990000 0.49750000
vn -0.45940000 -0.39450000 0.79580000
vn -0.49750000 -0.09940000 0.86170000
vn -0.00000000 -0.39460000 0.91880000
vn -0.00000000 -0.10000000 0.99500000
vn 0.45950000 -0.39430000 0.79580000
vn 0.49750000 -0.09940000 0.86180000
vn 0.79580000 -0.39460000 0.45940000
vn 0.59820000 -0.72350000 0.34460000
vn 0.34510000 -0.72370000 0.59760000
vn -0.00000000 -0.72380000 0.69000000
vn -0.34500000 -0.72370000 0.59770000
vn 0.84520000 -0.53450000 -0.00140000
vn 0.69580000 -0.71830000 -0.00000000
vn 0.41580000 -0.90950000 0.00100000
vn 0.30670000 -0.93530000 0.17670000
vn 0.17710000 -0.93520000 0.30680000
vn -0.00000000 -0.93520000 0.35420000
vn -0.17710000 -0.93520000 0.30660000
vn -0.30680000 -0.93520000 0.17670000
vn -0.30350000 -0.95280000 0.00230000
vn -0.71390000 0.69950000 0.03340000
vn -0.53570000 0.84400000 0.02590000
vn -0.49620000 0.85690000 -0.13960000
vn -0.33430000 0.94230000 0.01620000
vn -0.94750000 0.31670000 0.04350000
vn -0.85150000 0.52290000 0.04000000
vn -0.84030000 0.49040000 -0.23130000
vn 0.49540000 0.85780000 -0.13690000
vn 0.22410000 0.96590000 -0.12940000
vn 0.61240000 0.70710000 -0.35360000
vn 0.18320000 0.96580000 -0.18320000
vn 0.50000000 0.70710000 -0.50000000
vn 0.12940000 0.96590000 -0.22410000
vn 0.35350000 0.70720000 -0.61220000
vn 0.06710000 0.96590000 -0.25030000
vn 0.18300000 0.70730000 -0.68290000
vn -0.00000000 0.96600000 -0.25860000
vn -0.00000000 0.70710000 -0.70710000
vn -0.18300000 0.70720000 -0.68290000
vn -0.06690000 0.96600000 -0.24980000
vn -0.35350000 0.70720000 -0.61220000
vn -0.12930000 0.96600000 -0.22400000
vn -0.18330000 0.96580000 -0.18330000
vn -0.49990000 0.70720000 -0.49990000
vn -0.61230000 0.70720000 -0.35350000
vn -0.22440000 0.96580000 -0.12960000
vn -0.75450000 0.49100000 -0.43560000
vn -0.61600000 0.49100000 -0.61600000
vn -0.43560000 0.49090000 -0.75450000
vn -0.22550000 0.49090000 -0.84150000
vn -0.00000000 0.49080000 -0.87130000
vn 0.22550000 0.49090000 -0.84150000
vn 0.43560000 0.49090000 -0.75450000
vn 0.61600000 0.49090000 -0.61600000
vn 0.75450000 0.49090000 -0.43560000
vn 0.84030000 0.49030000 -0.23130000
vn 0.46060000 0.88730000 0.02140000
vn 0.71390000 0.69950000 0.03340000
vn 0.85140000 0.52290000 0.04000000
vn 0.94740000 0.31700000 0.04350000
vn 1.00000000 -0.00000000 -0.00000000
vn -0.00000000 1.00000000 -0.00000000
vn 0.50000000 -0.00000000 -0.86600000
vn -0.00000000 1.00000000 -0.00000000
vn 0.25000000 0.86600000 -0.43300000
vn 0.50000000 -0.00000000 -0.86600000
vn -0.50000000 -0.00000000 -0.86600000
vn -0.00000000 1.00000000 -0.00000000
vn 0.50000000 -0.00000000 -0.86600000
vn 1.00000000 -0.00000000 -0.00000000
vn 0.50000000 -0.00000000 0.86600000
vn -0.00000000 1.00000000 -0.00000000
vn -0.00000000 1.00000000 -0.00000000
vn 0.50000000 0.86600000 -0.00000000
vn 1.00000000 -0.00000000 -0.00000000
vn 0.50000000 -0.00000000 0.86600000
vn -0.50000000 -0.00000000 0.86600000
vn -0.00000000 1.00000000 -0.00000000
vn 0.50000000 -0.00000000 0.86600000
vn -0.00000000 1.00000000 -0.00000000
vn 0.25000000 0.86600000 0.43300000
vn -1.00000000 -0.00000000 -0.00000000
vn -0.00000000 1.00000000 -0.00000000
vn -0.50000000 -0.00000000 0.86600000
vn -0.00000000 1.00000000 -0.00000000
vn -0.50000000 -0.00000000 0.86600000
vn -0.25000000 0.86600000 0.43300000
vn -0.50000000 -0.00000000 -0.86600000
vn -1.00000000 -0.00000000 -0.00000000
vn -0.00000000 1.00000000 -0.00000000
vn -0.50000000 0.86600000 -0.00000000
vn -0.00000000 1.00000000 -0.00000000
vn -1.00000000 -0.00000000 -0.00000000
vn -0.00000000 1.00000000 -0.00000000
vn -0.50000000 -0.00000000 -0.86600000
vn -0.25000000 0.86600000 -0.43300000
vn -0.00000000 1.00000000 -0.00000000
vn 0.43310000 0.86600000 0.25000000
vn -0.00000000 1.00000000 -0.00000000
vn -0.00000000 0.86600000 0.50000000
vn -0.00000000 1.00000000 -0.00000000
vn -0.43310000 0.86600000 0.25000000
vn -0.00000000 1.00000000 -0.00000000
vn -0.43300000 0.86600000 -0.25000000
vn -0.00000000 1.00000000 -0.00000000
vn -0.00000000 0.86600000 -0.50000000
vn -0.00000000 1.00000000 -0.00000000
vn 0.43300000 0.86600000 -0.25000000
vn -0.00000000 1.00000000 -0.00000000
vn -0.00000000 -1.00000000 -0.00000000
vn -0.00000000 -1.00000000 -0.00000000
vn -0.00000000 -1.00000000 -0.00000000
vn -0.00000000 -1.00000000 -0.00000000
vn -0.00000000 -1.00000000 -0.00000000
vn -0.00000000 -1.00000000 -0.00000000
vn -0.00000000 -1.00000000 -0.00000000
vn -0.00000000 -1.00000000 -0.00000000
vn -0.00000000 -1.00000000 -0.00000000
vn -0.00000000 -1.00000000 -0.00000000
vn -0.00000000 -1.00000000 -0.00000000
vn -0.00000000 -1.00000000 -0.00000000
vn -0.00000000 -1.00000000 -0.00000000
vn -0.00000000 -1.00000000 -0.00000000
vn -0.00000000 -1.00000000 -0.00000000
vn -0.00000000 -1.00000000 -0.00000000
vn -0.00000000 -1.00000000 -0.00000000
vn -0.00000000 -1.00000000 -0.00000000
vn -0.00000000 -1.00000000 -0.00000000
vn -0.00000000 -1.00000000 -0.00000000
vn -0.00000000 -1.00000000 -0.00000000
vn -0.00000000 -1.00000000 -0.00000000
vn -0.00000000 -1.00000000 -0.00000000
vn -0.00000000 -1.00000000 -0.00000000
vn -0.00000000 -1.00000000 -0.00000000
vn -0.00000000 -1.00000000 -0.00000000
vn -0.00000000 -1.00000000 -0.00000000
vn -0.00000000 -1.00000000 -0.00000000
vn -0.00000000 -1.00000000 -0.00000000
vn -0.00000000 -1.00000000 -0.00000000
vn -0.00000000 -1.00000000 -0.00000000
vn -0.00000000 -1.00000000 -0.00000000
vn -0.00000000 -1.00000000 -0.00000000
vn -0.00000000 -1.00000000 -0.00000000
vn -0.00000000 -1.00000000 -0.00000000
vn -0.00000000 -1.00000000 -0.00000000
vn -0.00000000 -1.00000000 -0.00000000
vn -0.00000000 -1.00000000 -0.00000000
vn -0.00000000 -1.00000000 -0.00000000
vn -0.00000000 -1.00000000 -0.00000000
vn -0.00000000 -1.00000000 -0.00000000
vn -0.00000000 -1.00000000 -0.00000000
vn -0.00000000 -1.00000000 -0.00000000
vn -0.00000000 -1.00000000 -0.00000000
vn -0.00000000 -1.00000000 -0.00000000
vn -0.00000000 -1.00000000 -0.00000000
vn -0.00000000 -1.00000000 -0.00000000
vn -0.00000000 -1.00000000 -0.00000000
vn -0.00000000 -1.00000000 -0.00000000
vn -0.00000000 -1.00000000 -0.00000000
vn -0.00000000 -1.00000000 -0.00000000
vn -0.00000000 -1.00000000 -0.00000000
vn -0.00000000 -1.00000000 -0.00000000
vn -0.00000000 -1.00000000 -0.00000000
vn -0.00000000 -1.00000000 -0.00000000
vn -0.00000000 -1.00000000 -0.00000000
vn -0.00000000 -1.00000000 -0.00000000
vn -0.00000000 -1.00000000 -0.00000000
vn -0.00000000 -1.00000000 -0.00000000
vn -0.00000000 -1.00000000 -0.00000000
vn -0.00000000 -1.00000000 -0.00000000
vn -0.00000000 -1.00000000 -0.00000000
vn -0.00000000 -1.00000000 -0.00000000
vn -0.00000000 -1.00000000 -0.00000000
vn -0.00000000 -1.00000000 -0.00000000
vn -0.00000000 -1.00000000 -0.00000000
vn -0.00000000 -1.00000000 -0.00000000
vn -0.00000000 -1.00000000 -0.00000000
vn -0.00000000 -1.00000000 -0.00000000
vn -0.00000000 -1.00000000 -0.00000000
vn -0.00000000 -1.00000000 -0.00000000
vn -0.00000000 -1.00000000 -0.00000000
vn -0.00000000 -1.00000000 -0.00000000
vn -0.00000000 -1.00000000 -0.00000000
vn -0.00000000 -1.00000000 -0.00000000
vn -0.00000000 -1.00000000 -0.00000000
vn -0.00000000 -1.00000000 -0.00000000
vn -0.00000000 -1.00000000 -0.00000000
vn -0.00000000 -1.00000000 -0.00000000
vn -0.00000000 -1.00000000 -0.00000000
vn -0.00000000 -1.00000000 -0.00000000
vn -0.00000000 -1.00000000 -0.00000000
vn -0.00000000 -1.00000000 -0.00000000
vn -0.00000000 -1.00000000 -0.00000000
vn -0.00000000 -1.00000000 -0.00000000
vn -0.00000000 -1.00000000 -0.00000000
vn -0.00000000 -1.00000000 -0.00000000
vn -0.00000000 -1.00000000 -0.00000000
vn -0.00000000 -1.00000000 -0.00000000
vn -0.00000000 -1.00000000 -0.00000000
vn -0.00000000 -1.00000000 -0.00000000
vn -0.00000000 -1.00000000 -0.00000000
vn -0.00000000 -1.00000000 -0.00000000
vn -0.00000000 -1.00000000 -0.00000000
vn -0.00000000 -1.00000000 -0.00000000
vn -0.00000000 -1.00000000 -0.00000000
vn -0.00000000 -1.00000000 -0.00000000
vn -0.00000000 -1.00000000 -0.00000000
vn -0.00000000 -1.00000000 -0.00000000
vn -0.00000000 -1.00000000 -0.00000000
vn -0.00000000 -1.00000000 -0.00000000
vn -0.00000000 -1.00000000 -0.00000000
vn -0.00000000 -1.00000000 -0.00000000
vn -0.00000000 -1.00000000 -0.00000000
vn -0.00000000 -1.00000000 -0.00000000
vn -0.00000000 -1.00000000 -0.00000000
vn -0.00000000 -1.00000000 -0.00000000
vn -0.00000000 -1.00000000 -0.00000000
vn -0.00000000 -1.00000000 -0.00000000
vn -0.00000000 -1.00000000 -0.00000000
vn -0.00000000 -1.00000000 -0.00000000
vn -0.00000000 -1.00000000 -0.00000000
vn -0.00000000 -1.00000000 -0.00000000
vn -0.00000000 -1.00000000 -0.00000000
vn -0.00000000 -1.00000000 -0.00000000
vn -0.00000000 -1.00000000 -0.00000000
vn -0.00000000 -1.00000000 -0.00000000
vn -0.00000000 -1.00000000 -0.00000000
vn -0.00000000 -1.00000000 -0.00000000
vn -0.00000000 -1.00000000 -0.00000000
vn -0.00000000 -1.00000000 -0.00000000
vn -0.00000000 -1.00000000 -0.00000000
vn -0.00000000 -1.00000000 -0.00000000
vn -0.00000000 -1.00000000 -0.00000000
vn -0.00000000 -1.00000000 -0.00000000
vn -0.00000000 -1.00000000 -0.00000000
vn -0.00000000 -1.00000000 -0.00000000
vn -0.00000000 -1.00000000 -0.00000000
vn -0.00000000 -1.00000000 -0.00000000
vn -0.00000000 -1.00000000 -0.00000000
vn -0.00000000 -1.00000000 -0.00000000
vn -0.00000000 -1.00000000 -0.00000000
vn -0.00000000 -1.00000000 -0.00000000
vn -0.00000000 -1.00000000 -0.00000000
vn -0.00000000 -1.00000000 0.00010000
vn -0.00000000 -1.00000000 -0.00000000
vn -0.00000000 -1.00000000 0.00010000
vn -0.00000000 -1.00000000 -0.00000000
vn -0.00000000 -1.00000000 -0.00000000
vn -0.00000000 -1.00000000 0.00010000
vn -0.00000000 -1.00000000 -0.00000000
vn -0.00000000 -1.00000000 -0.00000000
vn -0.00000000 -1.00000000 -0.00000000
vn -0.00000000 -1.00000000 -0.00000000
vn -0.00000000 -1.00000000 -0.00000000
vn -0.00000000 -1.00000000 -0.00000000
vn -0.00000000 -1.00000000 -0.00000000
vn -0.00000000 -1.00000000 -0.00000000
vn -0.00000000 -1.00000000 -0.00000000
vn -0.00000000 -1.00000000 -0.00000000
vn -0.00000000 -1.00000000 -0.00000000
vn -0.00000000 -1.00000000 -0.00000000
vn -0.00000000 -1.00000000 -0.00000000
vn -0.00000000 -1.00000000 -0.00000000
vn -0.00000000 -1.00000000 -0.00000000
vn -0.00000000 -1.00000000 0.00010000
vn -0.00000000 -1.00000000 0.00010000
vn -0.00000000 -1.00000000 0.00010000
vn -0.00000000 -1.00000000 -0.00000000
vn -0.00000000 -1.00000000 -0.00000000
vn -0.00000000 -1.00000000 -0.00000000
vn -0.00000000 -1.00000000 -0.00000000
vn -0.00000000 -1.00000000 -0.00000000
vn -0.00000000 -1.00000000 -0.00000000
vn -0.00000000 -1.00000000 -0.00000000
vn -0.00000000 -1.00000000 -0.00000000
vn -0.00000000 -1.00000000 -0.00000000
vn -0.00000000 -1.00000000 -0.00000000
vn -0.00000000 -1.00000000 -0.00000000
vn -0.00000000 -1.00000000 -0.00000000
vn -0.00000000 -1.00000000 -0.00000000
vn -0.00000000 -1.00000000 -0.00000000
vn -0.00000000 -1.00000000 -0.00000000
vn -0.00000000 -1.00000000 -0.00000000
vn -0.00000000 -1.00000000 -0.00000000
vn -0.00000000 -1.00000000 -0.00000000
vn -0.00000000 -1.00000000 -0.00000000
vn -0.00000000 -1.00000000 -0.00000000
vn -0.00000000 -1.00000000 -0.00000000
vn -0.00000000 -1.00000000 -0.00000000
vn -0.00000000 -1.00000000 -0.00000000
vn -0.00000000 -1.00000000 -0.00000000
vn -0.00000000 -1.00000000 -0.00000000
vn -0.00000000 -1.00000000 -0.00000000
vn -0.00000000 -1.00000000 -0.00000000
vn -0.00000000 -1.00000000 -0.00000000
vn -0.00000000 -1.00000000 -0.00000000
vn -0.00000000 -1.00000000 -0.00000000
vn -0.00000000 -1.00000000 -0.00000000
vn -0.00000000 -1.00000000 -0.00000000
vn -0.00000000 -1.00000000 -0.00000000
vn -0.00000000 -1.00000000 -0.00000000
vn -0.00000000 -1.00000000 -0.00000000
vn -0.00000000 -1.00000000 -0.00000000
vn -0.00000000 -1.00000000 -0.00000000
vn -0.00000000 -1.00000000 -0.00000000
vn -0.00000000 -1.00000000 -0.00000000
vn -0.00000000 -1.00000000 -0.00000000
vn -0.00000000 -1.00000000 -0.00000000
vn -0.00000000 -1.00000000 -0.00000000
vn -0.00000000 -1.00000000 -0.00000000
vn -0.00000000 -1.00000000 -0.00000000
vn -0.00000000 -1.00000000 -0.00000000
vn -0.00000000 -1.00000000 -0.00000000
vn -0.00000000 -1.00000000 -0.00000000
vn -0.00000000 -1.00000000 -0.00000000
vn -0.00000000 -1.00000000 -0.00000000
vn -0.00000000 -1.00000000 -0.00000000
vn -0.00000000 -1.00000000 -0.00000000
vn -0.00000000 -1.00000000 -0.00000000
vn -0.00000000 -1.00000000 -0.00000000
vn -0.00000000 -1.00000000 -0.00000000
vn -0.00000000 -1.00000000 -0.00000000
vn -0.00000000 -1.00000000 -0.00000000
vn -0.00000000 -1.00000000 -0.00000000
vn -0.00000000 -1.00000000 -0.00000000
vn -0.00000000 -1.00000000 -0.00000000
vn -0.00000000 -1.00000000 -0.00000000
vn -0.00000000 -1.00000000 -0.00000000
vn -0.00000000 -1.00000000 -0.00000000
vn -0.00000000 -1.00000000 -0.00000000
vn -0.00000000 -1.00000000 -0.00000000
vn -0.00000000 -1.00000000 -0.00000000
vn -0.00000000 -1.00000000 -0.00000000
vn -0.00000000 -1.00000000 -0.00000000
vn -0.00000000 -1.00000000 -0.00000000
vn -0.00000000 -1.00000000 -0.00000000
vn -0.00000000 -1.00000000 -0.00000000
vn -0.00000000 -1.00000000 -0.00000000
vn -0.00000000 -1.00000000 -0.00000000
vn -0.00000000 -1.00000000 -0.00000000
vn -0.00000000 -1.00000000 -0.00000000
vn -0.00000000 -1.00000000 -0.00000000
vn -0.00000000 -1.00000000 -0.00000000
vn -0.00000000 -1.00000000 -0.00000000
vn -0.00000000 -1.00000000 -0.00000000
vn -0.00000000 -1.00000000 -0.00000000
vn -0.00000000 -1.00000000 -0.00000000
vn -0.00000000 -1.00000000 -0.00000000
vn -0.00000000 -1.00000000 -0.00000000
vn -0.00000000 -1.00000000 -0.00000000
vn -0.00000000 -1.00000000 -0.00000000
vn -0.00000000 -1.00000000 -0.00000000
vn -0.00000000 -1.00000000 -0.00000000
vn -0.00000000 -1.00000000 -0.00000000
vn -0.00000000 -1.00000000 -0.00000000
vn -0.00000000 -1.00000000 -0.00000000
vn -0.00000000 -1.00000000 -0.00000000
vn -0.00000000 -1.00000000 -0.00000000
vn -0.00000000 -1.00000000 -0.00000000
vn -0.00000000 -1.00000000 -0.00000000
vn -0.00000000 -1.00000000 -0.00000000
vn -0.00000000 -1.00000000 -0.00000000
vn -0.00000000 -1.00000000 -0.00000000
vn -0.00000000 -1.00000000 -0.00000000
vn -0.00000000 -1.00000000 -0.00000000
vn -0.00000000 -1.00000000 -0.00000000
vn -0.00000000 -1.00000000 -0.00000000
vn -0.00000000 -1.00000000 -0.00000000
vn -0.00000000 -1.00000000 -0.00000000
vn -0.00000000 -1.00000000 -0.00000000
vn -0.00000000 -1.00000000 -0.00000000
vn -0.00000000 -1.00000000 -0.00000000
vn -0.00000000 -1.00000000 -0.00000000
vn -0.00000000 -1.00000000 -0.00000000
vn -0.00000000 -1.00000000 -0.00000000
vn -0.00000000 -1.00000000 -0.00000000
vn -0.00000000 -1.00000000 -0.00000000
vn -0.00000000 -1.00000000 -0.00000000
vn -0.00000000 -1.00000000 -0.00000000
vn -0.00000000 -1.00000000 -0.00000000
vn -0.00000000 -1.00000000 -0.00000000
vn -0.00000000 -1.00000000 -0.00000000
vn -0.00000000 -1.00000000 -0.00000000
vn -0.00000000 -1.00000000 -0.00000000
vn -0.00000000 -1.00000000 -0.00000000
vn -0.00000000 -1.00000000 -0.00000000
vn -0.00000000 -1.00000000 -0.00000000
vn -0.00000000 -1.00000000 -0.00000000
vn -0.00000000 -1.00000000 -0.00000000
vn -0.00000000 -1.00000000 -0.00000000
vn -0.00000000 -1.00000000 -0.00000000
vn -0.00000000 -1.00000000 -0.00000000
vn -0.00000000 -1.00000000 -0.00000000
vn -0.00000000 -1.00000000 -0.00000000
vn -0.00000000 -1.00000000 -0.00000000
vn -0.00000000 -1.00000000 -0.00000000
vn -0.00000000 -1.00000000 -0.00000000
vn -0.00000000 -1.00000000 -0.00000000
vn -0.00000000 -1.00000000 -0.00000000
vn -0.00000000 -1.00000000 -0.00000000
vn -0.00000000 -1.00000000 -0.00000000
vn -0.00000000 -1.00000000 -0.00000000
vn -0.00000000 -1.00000000 -0.00000000
vn -0.00000000 -1.00000000 -0.00000000
vn -0.00000000 -1.00000000 -0.00000000
vn -0.00000000 -1.00000000 -0.00000000
vn -0.00000000 -1.00000000 -0.00000000
vn -0.00000000 -1.00000000 -0.00000000
vn -0.00000000 -1.00000000 -0.00000000
vn -0.00000000 -1.00000000 -0.00000000
vn -0.00000000 -1.00000000 -0.00000000
vn -0.00000000 -1.00000000 -0.00000000
vn -0.00000000 -1.00000000 -0.00000000
vn -0.00000000 -1.00000000 -0.00000000
vn -0.00000000 -1.00000000 -0.00000000
vn -0.00000000 -1.00000000 -0.00000000
vn -0.00000000 -1.00000000 -0.00000000
vn -0.00000000 -1.00000000 -0.00000000
vn -0.00000000 -1.00000000 -0.00000000
vn -0.00000000 -1.00000000 -0.00000000
vn -0.00000000 -1.00000000 -0.00000000
vn -0.00000000 -1.00000000 -0.00000000
vn -0.00000000 -1.00000000 -0.00000000
vn -0.00000000 -1.00000000 -0.00000000
vn -0.00000000 -1.00000000 -0.00000000
vn -0.00000000 -1.00000000 -0.00000000
vn -0.00000000 -1.00000000 -0.00000000
vn -0.00000000 -1.00000000 -0.00000000
vn -0.00000000 -1.00000000 -0.00000000
vn -0.00000000 -1.00000000 -0.00000000
vn -0.00000000 -1.00000000 -0.00000000
vn -0.00000000 -1.00000000 -0.00000000
vn -0.00000000 -1.00000000 -0.00000000
vn -0.00000000 -1.00000000 -0.00000000
vn -0.00000000 -1.00000000 -0.00000000
vn -0.00000000 -1.00000000 -0.00000000
vn -0.00000000 -1.00000000 -0.00000000
vn -0.00000000 -1.00000000 -0.00000000
vn -0.00000000 -1.00000000 -0.00000000
vn -0.00000000 -1.00000000 -0.00000000
vn -0.00000000 -1.00000000 -0.00000000
vn -0.00000000 -1.00000000 -0.00000000
vn -0.00000000 -1.00000000 -0.00000000
vn -0.00000000 -1.00000000 -0.00000000
vn -0.00000000 -1.00000000 -0.00000000
vn -0.00000000 -1.00000000 -0.00000000
vn -0.00000000 -1.00000000 -0.00000000
vn -0.00000000 -1.00000000 -0.00000000
vn -0.00000000 -1.00000000 -0.00000000
vn -0.00000000 -1.00000000 0.00010000
vn -0.00000000 -1.00000000 -0.00000000
vn -0.00000000 -1.00000000 0.00010000
vn -0.00000000 -1.00000000 -0.00000000
vn -0.00000000 -1.00000000 -0.00000000
vn -0.00000000 -1.00000000 0.00010000
vn -0.00000000 -1.00000000 -0.00000000
vn -0.00000000 -1.00000000 -0.00000000
vn -0.00000000 -1.00000000 -0.00000000
vn -0.00000000 -1.00000000 -0.00000000
vn -0.00000000 -1.00000000 -0.00000000
vn -0.00000000 -1.00000000 -0.00000000
vn -0.00000000 -1.00000000 -0.00000000
vn -0.00000000 -1.00000000 -0.00000000
vn -0.00000000 -1.00000000 -0.00000000
vn -0.00000000 -1.00000000 -0.00000000
vn -0.00000000 -1.00000000 -0.00000000
vn -0.00000000 -1.00000000 -0.00000000
vn -0.00000000 -1.00000000 -0.00000000
vn -0.00000000 -1.00000000 -0.00000000
vn -0.00000000 -1.00000000 -0.00000000
vn -0.00000000 -1.00000000 -0.00000000
vn -0.00000000 -1.00000000 -0.00000000
vn -0.00000000 -1.00000000 -0.00000000
vn -0.00000000 -1.00000000 -0.00000000
vn -0.00000000 -1.00000000 -0.00000000
vn -0.00000000 -1.00000000 -0.00000000
vn -0.00000000 -1.00000000 -0.00000000
vn -0.00000000 -1.00000000 -0.00000000
vn -0.00000000 -1.00000000 -0.00000000
vn -0.00000000 -1.00000000 -0.00000000
vn -0.00000000 -1.00000000 -0.00000000
vn -0.00000000 -1.00000000 -0.00000000
vn -0.00000000 -1.00000000 -0.00000000
vn -0.00000000 -1.00000000 -0.00000000
vn -0.00000000 -1.00000000 -0.00000000
vn -0.00000000 -1.00000000 -0.00000000
vn -0.00000000 -1.00000000 -0.00000000
vn -0.00000000 -1.00000000 -0.00000000
vn -0.00000000 -1.00000000 -0.00000000
vn -0.00000000 -1.00000000 -0.00000000
vn -0.00000000 -1.00000000 -0.00000000
vn -0.00000000 -1.00000000 -0.00000000
vn -0.00000000 -1.00000000 -0.00000000
vn -0.00000000 -1.00000000 -0.00000000
vn -0.00000000 -1.00000000 -0.00000000
vn -0.00000000 -1.00000000 -0.00000000
vn -0.00000000 -1.00000000 -0.00000000
vn -0.30070000 -0.43820000 -0.84710000
vn 0.14420000 -0.50380000 -0.85170000
vn -0.05160000 -0.47130000 -0.88040000
vn -0.87110000 -0.43830000 0.22140000
vn -0.76050000 -0.47120000 0.44680000
vn -0.95650000 -0.28910000 -0.03980000
vn -0.68400000 -0.69930000 -0.20750000
vn -0.79910000 -0.53770000 -0.26890000
vn -0.63210000 -0.49940000 0.59250000
vn -0.63790000 -0.46320000 -0.61520000
vn -0.69820000 -0.50710000 -0.50530000
vn -0.75900000 -0.51600000 -0.39700000
vn 0.13030000 -0.50160000 -0.85520000
vn -0.66860000 -0.48920000 -0.56000000
vn -0.09300000 -0.47430000 -0.87540000
vn -0.28900000 -0.43660000 -0.85190000
vn -0.53290000 -0.42380000 -0.73240000
vn -0.75910000 -0.51350000 -0.40010000
vn -0.83140000 -0.49800000 -0.24650000
vn -0.91450000 -0.40380000 0.02590000
vn -0.78980000 -0.45770000 0.40830000
vn -0.64280000 -0.49710000 0.58280000
vn -0.79700000 0.20880000 0.56680000
vn -0.66360000 0.09160000 0.74250000
vn -0.58980000 0.39960000 0.70180000
vn -0.43930000 0.27650000 0.85470000
vn -0.23980000 0.09050000 0.96660000
vn -0.21200000 0.39970000 0.89180000
vn -0.36470000 0.91410000 0.17720000
vn 0.64820000 0.69350000 0.31450000
vn 0.36480000 0.91410000 0.17700000
vn -0.64820000 0.69350000 0.31450000
vn 0.83940000 0.39720000 0.37100000
vn 0.25320000 0.91380000 0.31760000
vn 0.44910000 0.69360000 0.56320000
vn 0.60890000 0.37840000 0.69720000
vn 0.26020000 0.70210000 0.66280000
vn 0.93330000 0.09380000 0.34660000
vn -0.00000000 0.29660000 0.95500000
vn 0.25430000 0.08820000 0.96310000
vn 0.26020000 0.70210000 0.66280000
vn 0.23070000 0.38920000 0.89180000
vn 0.16030000 0.69350000 0.70240000
vn 0.09030000 0.91380000 0.39590000
vn 0.26020000 0.70210000 0.66280000
vn 0.47520000 0.01600000 0.87970000
vn 0.66950000 0.09710000 0.73650000
vn 0.78520000 0.23340000 0.57350000
vn -0.09040000 0.91380000 0.39590000
vn -0.16030000 0.69350000 0.70240000
vn -0.44920000 0.69350000 0.56330000
vn -0.25330000 0.91380000 0.31760000
vn -0.93340000 0.09360000 0.34650000
vn -0.84040000 0.39730000 0.36850000
vn -0.42720000 -0.51960000 -0.74000000
vn -0.74020000 -0.51920000 -0.42720000
vn -0.40410000 -0.88450000 -0.23330000
vn 0.74110000 -0.51940000 -0.42550000
vn 0.42710000 -0.51990000 -0.73980000
vn -0.00000000 -0.51910000 -0.85470000
vn 0.40380000 -0.88490000 -0.23220000
vn 0.35350000 -0.70720000 -0.61230000
vn 0.12950000 -0.96590000 -0.22420000
vn -0.00000000 -0.96600000 -0.25870000
vn -0.00000000 -0.70720000 -0.70710000
vn -0.35350000 -0.70720000 -0.61230000
vn -0.12950000 -0.96590000 -0.22440000
vn -0.76700000 0.48470000 0.42060000
vn -0.22720000 0.96590000 0.12460000
vn -0.62000000 0.70710000 0.34000000
vn -0.70600000 0.70720000 0.03730000
vn -0.25840000 0.96590000 0.01370000
vn -0.65230000 0.70720000 -0.27280000
vn -0.23870000 0.96590000 -0.09980000
vn -0.46940000 0.70720000 -0.52870000
vn -0.17200000 0.96580000 -0.19380000
vn -0.07090000 0.96580000 -0.24920000
vn -0.19350000 0.70720000 -0.68000000
vn 0.12070000 0.70710000 -0.69670000
vn 0.04420000 0.96590000 -0.25530000
vn -0.87350000 0.48470000 0.04620000
vn -0.80700000 0.48470000 -0.33740000
vn -0.58060000 0.48480000 -0.65410000
vn -0.23940000 0.48480000 -0.84120000
vn 0.14930000 0.48480000 -0.86180000
vn -0.86960000 0.12810000 0.47680000
vn -0.99040000 0.12810000 0.05230000
vn -0.91500000 0.12820000 -0.38250000
vn -0.65840000 0.12820000 -0.74170000
vn -0.27140000 0.12820000 -0.95390000
vn 0.16930000 0.12830000 -0.97720000
vn 0.77770000 -0.51970000 -0.35360000
vn 0.85040000 -0.51950000 0.08250000
vn 0.69530000 -0.51940000 0.49680000
vn 0.35370000 -0.51940000 0.77790000
vn -0.08250000 -0.51950000 0.85040000
vn 0.64350000 -0.70720000 -0.29280000
vn 0.23550000 -0.96600000 -0.10710000
vn 0.70380000 -0.70710000 0.06840000
vn 0.25780000 -0.96590000 0.02500000
vn 0.21060000 -0.96590000 0.15050000
vn 0.57540000 -0.70710000 0.41110000
vn 0.10720000 -0.96590000 0.23570000
vn 0.29270000 -0.70700000 0.64380000
vn -0.06840000 -0.70700000 0.70390000
vn -0.02500000 -0.96590000 0.25780000
vn -0.87200000 -0.47960000 0.09800000
vn -0.77780000 -0.62140000 -0.09380000
vn -0.50550000 -0.62470000 -0.59510000
vn -0.20760000 -0.78010000 -0.59020000
vn -0.03450000 -0.61220000 -0.79000000
vn -0.40040000 -0.47910000 -0.78110000
vn -0.66020000 -0.66750000 -0.34450000
vn -0.68010000 -0.60950000 0.40730000
vn -0.61370000 -0.77490000 0.15110000
vn -0.77600000 -0.62370000 -0.09380000
vn -0.50710000 -0.62290000 -0.59570000
vn -0.21660000 -0.77500000 -0.59370000
vn -0.03090000 -0.61890000 -0.78490000
vn -0.38320000 -0.51200000 -0.76870000
vn -0.66050000 -0.66690000 -0.34480000
vn -0.87040000 -0.47520000 0.12870000
vn -0.67320000 -0.61730000 0.40710000
vn -0.61370000 -0.77490000 0.15100000
vn -0.93340000 -0.09360000 0.34650000
vn -0.78530000 -0.23340000 0.57350000
vn -0.66940000 -0.09720000 0.73650000
vn -0.26020000 -0.70210000 0.66280000
vn -0.47510000 -0.01600000 0.87980000
vn -0.25430000 -0.08820000 0.96310000
vn -0.26020000 -0.70210000 0.66280000
vn -0.00000000 -0.29660000 0.95500000
vn 0.23980000 -0.09050000 0.96660000
vn 0.43930000 -0.27650000 0.85470000
vn 0.66370000 -0.09170000 0.74230000
vn 0.93330000 -0.09380000 0.34660000
vn 0.79690000 -0.20880000 0.56680000
vn 0.42720000 0.51990000 -0.73980000
vn 0.74000000 0.51950000 -0.42720000
vn 0.40400000 0.88460000 -0.23310000
vn -0.74130000 0.51910000 -0.42550000
vn -0.42710000 0.51960000 -0.74000000
vn -0.00000000 0.51910000 -0.85470000
vn -0.40400000 0.88480000 -0.23230000
vn -0.35350000 0.70720000 -0.61230000
vn -0.12950000 0.96590000 -0.22440000
vn -0.00000000 0.96590000 -0.25900000
vn -0.00000000 0.70720000 -0.70710000
vn 0.12950000 0.96590000 -0.22420000
vn 0.35350000 0.70720000 -0.61230000
vn 0.58980000 -0.39950000 0.70180000
vn 0.21200000 -0.39970000 0.89180000
vn 0.36470000 -0.91410000 0.17720000
vn -0.64820000 -0.69350000 0.31450000
vn -0.36480000 -0.91410000 0.17700000
vn 0.64820000 -0.69350000 0.31450000
vn -0.83950000 -0.39700000 0.37100000
vn -0.25330000 -0.91380000 0.31760000
vn -0.44920000 -0.69350000 0.56330000
vn -0.60900000 -0.37800000 0.69730000
vn -0.26020000 -0.70210000 0.66280000
vn -0.23080000 -0.38920000 0.89180000
vn -0.16030000 -0.69350000 0.70240000
vn -0.09040000 -0.91380000 0.39590000
vn 0.09030000 -0.91380000 0.39590000
vn 0.16030000 -0.69350000 0.70240000
vn 0.44910000 -0.69360000 0.56320000
vn 0.25330000 -0.91380000 0.31760000
vn 0.84030000 -0.39750000 0.36850000
vn -0.93330000 -0.09380000 0.34660000
vn -0.78520000 -0.23340000 0.57350000
vn -0.66950000 -0.09710000 0.73650000
vn -0.26020000 -0.70210000 0.66280000
vn -0.47520000 -0.01600000 0.87970000
vn -0.26020000 -0.70210000 0.66280000
vn -0.25430000 -0.08820000 0.96310000
vn -0.00000000 -0.29660000 0.95500000
vn 0.23980000 -0.09050000 0.96660000
vn 0.43930000 -0.27650000 0.85470000
vn 0.66360000 -0.09160000 0.74250000
vn 0.93340000 -0.09360000 0.34650000
vn 0.79700000 -0.20880000 0.56680000
vn 0.42720000 0.51960000 -0.74000000
vn 0.74020000 0.51920000 -0.42720000
vn 0.40410000 0.88450000 -0.23330000
vn -0.74110000 0.51940000 -0.42550000
vn -0.42710000 0.51990000 -0.73980000
vn -0.00000000 0.51910000 -0.85470000
vn -0.40380000 0.88490000 -0.23220000
vn -0.12950000 0.96590000 -0.22420000
vn -0.35350000 0.70720000 -0.61230000
vn -0.00000000 0.70720000 -0.70710000
vn -0.00000000 0.96600000 -0.25870000
vn 0.35350000 0.70720000 -0.61230000
vn 0.12950000 0.96590000 -0.22440000
vn 0.58980000 -0.39960000 0.70180000
vn 0.21200000 -0.39970000 0.89180000
vn 0.36470000 -0.91410000 0.17720000
vn -0.64820000 -0.69350000 0.31450000
vn -0.36480000 -0.91410000 0.17700000
vn 0.64820000 -0.69350000 0.31450000
vn -0.83940000 -0.39720000 0.37100000
vn -0.25320000 -0.91380000 0.31760000
vn -0.44910000 -0.69360000 0.56320000
vn -0.26020000 -0.70210000 0.66280000
vn -0.60890000 -0.37840000 0.69720000
vn -0.23070000 -0.38920000 0.89180000
vn -0.16030000 -0.69350000 0.70240000
vn -0.09030000 -0.91380000 0.39590000
vn 0.09040000 -0.91380000 0.39590000
vn 0.16030000 -0.69350000 0.70240000
vn 0.44920000 -0.69350000 0.56330000
vn 0.25330000 -0.91380000 0.31760000
vn 0.84040000 -0.39730000 0.36850000
f 1//1 4//4 6//6
f 7//7 9//9 11//11
f 14//14 15//15 17//17
f 19//19 21//21 23//23
f 23//23 21//21 26//26
f 23//23 26//26 6//6
f 6//6 26//26 28//28
f 6//6 28//28 1//1
f 28//28 29//29 1//1
f 1//1 29//29 31//31
f 1//1 31//31 34//34
f 34//34 31//31 35//35
f 1//1 37//37 4//4
f 4//4 37//37 40//40
f 4//4 40//40 15//15
f 15//15 40//40 42//42
f 15//15 42//42 17//17
f 7//7 11//11 43//43
f 43//43 11//11 46//46
f 43//43 46//46 48//48
f 49//49 52//52 53//53
f 53//53 52//52 56//56
f 53//53 56//56 9//9
f 9//9 56//56 58//58
f 9//9 58//58 11//11
f 59//59 62//62 64//64
f 64//64 62//62 19//19
f 64//64 19//19 65//65
f 65//65 19//19 23//23
f 67//67 70//70 71//71
f 71//71 70//70 73//73
f 71//71 73//73 75//75
f 75//75 73//73 40//40
f 75//75 40//40 11//11
f 11//11 40//40 37//37
f 11//11 37//37 46//46
f 31//31 77//77 79//79
f 46//46 81//81 48//48
f 48//48 81//81 84//84
f 48//48 84//84 85//85
f 35//35 31//31 88//88
f 88//88 31//31 79//79
f 88//88 79//79 89//89
f 91//91 93//93 96//96
f 97//97 100//100 53//53
f 53//53 100//100 102//102
f 53//53 102//102 49//49
f 17//17 103//103 14//14
f 14//14 103//103 91//91
f 14//14 91//91 105//105
f 105//105 91//91 96//96
f 108//108 109//109 113//113
f 113//113 109//109 70//70
f 113//113 70//70 115//115
f 115//115 70//70 67//67
f 85//85 116//116 48//48
f 48//48 116//116 119//119
f 48//48 119//119 120//120
f 24//24 123//123 66//66
f 66//66 123//123 125//125
f 66//66 125//125 63//63
f 63//63 125//125 127//127
f 63//63 127//127 60//60
f 60//60 127//127 128//128
f 60//60 128//128 61//61
f 128//128 132//132 61//61
f 61//61 132//132 134//134
f 61//61 134//134 20//20
f 20//20 134//134 136//136
f 20//20 136//136 22//22
f 22//22 136//136 138//138
f 22//22 138//138 139//139
f 22//22 139//139 25//25
f 25//25 139//139 141//141
f 25//25 141//141 27//27
f 78//78 32//32 143//143
f 143//143 145//145 78//78
f 78//78 145//145 148//148
f 78//78 148//148 80//80
f 80//80 148//148 151//151
f 80//80 151//151 90//90
f 90//90 151//151 153//153
f 90//90 153//153 87//87
f 153//153 156//156 87//87
f 87//87 156//156 159//159
f 87//87 159//159 36//36
f 36//36 159//159 161//161
f 36//36 161//161 33//33
f 33//33 161//161 162//162
f 33//33 162//162 164//164
f 33//33 164//164 2//2
f 2//2 164//164 167//167
f 2//2 167//167 38//38
f 38//38 167//167 169//169
f 38//38 169//169 45//45
f 45//45 169//169 171//171
f 45//45 171//171 82//82
f 83//83 82//82 171//171
f 171//171 172//172 83//83
f 83//83 172//172 174//174
f 83//83 174//174 86//86
f 86//86 174//174 176//176
f 86//86 176//176 117//117
f 117//117 176//176 180//180
f 117//117 180//180 118//118
f 180//180 182//182 118//118
f 118//118 182//182 183//183
f 118//118 183//183 121//121
f 121//121 183//183 186//186
f 121//121 186//186 47//47
f 47//47 186//186 188//188
f 47//47 188//188 190//190
f 47//47 190//190 44//44
f 44//44 190//190 191//191
f 44//44 191//191 8//8
f 8//8 191//191 193//193
f 8//8 193//193 10//10
f 10//10 193//193 195//195
f 10//10 195//195 54//54
f 98//98 54//54 195//195
f 195//195 197//197 98//98
f 98//98 197//197 199//199
f 98//98 199//199 99//99
f 199//199 201//201 99//99
f 99//99 201//201 204//204
f 99//99 204//204 101//101
f 101//101 204//204 206//206
f 101//101 206//206 207//207
f 208//208 50//50 210//210
f 210//210 50//50 101//101
f 210//210 101//101 212//212
f 212//212 101//101 207//207
f 55//55 214//214 216//216
f 55//55 216//216 57//57
f 57//57 216//216 218//218
f 57//57 218//218 12//12
f 12//12 218//218 220//220
f 12//12 220//220 76//76
f 76//76 220//220 223//223
f 76//76 223//223 72//72
f 72//72 223//223 68//68
f 68//68 223//223 225//225
f 68//68 225//225 114//114
f 114//114 225//225 227//227
f 69//69 229//229 231//231
f 69//69 231//231 74//74
f 74//74 231//231 232//232
f 74//74 232//232 39//39
f 39//39 232//232 235//235
f 39//39 235//235 41//41
f 41//41 235//235 236//236
f 41//41 236//236 18//18
f 18//18 236//236 104//104
f 104//104 236//236 238//238
f 104//104 238//238 92//92
f 92//92 238//238 241//241
f 92//92 241//241 94//94
f 94//94 241//241 246//246
f 94//94 246//246 95//95
f 95//95 246//246 247//247
f 95//95 247//247 106//106
f 106//106 247//247 251//251
f 106//106 251//251 13//13
f 13//13 251//251 253//253
f 13//13 253//253 255//255
f 13//13 255//255 16//16
f 16//16 255//255 257//257
f 16//16 257//257 3//3
f 3//3 257//257 259//259
f 3//3 259//259 5//5
f 5//5 259//259 123//123
f 5//5 123//123 24//24
f 260//260 261//261 262//262
f 263//263 264//264 265//265
f 265//265 264//264 266//266
f 265//265 266//266 267//267
f 267//267 266//266 268//268
f 267//267 268//268 269//269
f 260//260 262//262 270//270
f 270//270 262//262 271//271
f 270//270 271//271 272//272
f 273//273 274//274 275//275
f 275//275 274//274 276//276
f 275//275 276//276 277//277
f 278//278 279//279 277//277
f 277//277 276//276 278//278
f 278//278 276//276 281//281
f 278//278 281//281 245//245
f 283//283 285//285 287//287
f 287//287 285//285 155//155
f 287//287 155//155 261//261
f 261//261 155//155 288//288
f 261//261 288//288 262//262
f 262//262 288//288 291//291
f 262//262 291//291 271//271
f 271//271 291//291 294//294
f 271//271 294//294 295//295
f 295//295 294//294 129//129
f 295//295 129//129 296//296
f 269//269 297//297 267//267
f 267//267 297//297 178//178
f 267//267 178//178 299//299
f 299//299 283//283 267//267
f 267//267 283//283 287//287
f 267//267 287//287 265//265
f 265//265 287//287 261//261
f 265//265 261//261 263//263
f 263//263 261//261 260//260
f 296//296 281//281 295//295
f 295//295 281//281 276//276
f 295//295 276//276 271//271
f 271//271 276//276 274//274
f 271//271 274//274 272//272
f 272//272 274//274 273//273
f 152//152 150//150 290//290
f 289//289 149//149 147//147
f 289//289 147//147 146//146
f 135//135 133//133 293//293
f 293//293 133//133 131//131
f 293//293 131//131 130//130
f 146//146 144//144 289//289
f 289//289 144//144 301//301
f 289//289 301//301 292//292
f 301//301 142//142 292//292
f 292//292 142//142 140//140
f 292//292 140//140 293//293
f 293//293 140//140 137//137
f 293//293 137//137 135//135
f 179//179 177//177 298//298
f 298//298 177//177 175//175
f 298//298 175//175 173//173
f 160//160 158//158 286//286
f 286//286 158//158 157//157
f 286//286 157//157 154//154
f 173//173 170//170 298//298
f 298//298 170//170 168//168
f 298//298 168//168 284//284
f 168//168 166//166 284//284
f 284//284 166//166 165//165
f 284//284 165//165 286//286
f 286//286 165//165 163//163
f 286//286 163//163 160//160
f 252//252 250//250 280//280
f 280//280 250//250 248//248
f 282//282 249//249 244//244
f 129//129 126//126 296//296
f 296//296 126//126 124//124
f 296//296 124//124 122//122
f 122//122 258//258 296//296
f 296//296 258//258 256//256
f 296//296 256//256 280//280
f 280//280 256//256 254//254
f 280//280 254//254 252//252
f 205//205 202//202 302//302
f 302//302 202//202 200//200
f 302//302 200//200 198//198
f 185//185 184//184 304//304
f 304//304 184//184 181//181
f 304//304 181//181 179//179
f 198//198 196//196 302//302
f 302//302 196//196 194//194
f 302//302 194//194 306//306
f 194//194 192//192 306//306
f 306//306 192//192 189//189
f 306//306 189//189 304//304
f 304//304 189//189 187//187
f 304//304 187//187 185//185
f 228//228 309//309 310//310
f 310//310 309//309 312//312
f 310//310 312//312 315//315
f 243//243 242//242 318//318
f 316//316 240//240 239//239
f 316//316 239//239 237//237
f 237//237 234//234 316//316
f 316//316 234//234 233//233
f 316//316 233//233 310//310
f 310//310 233//233 230//230
f 310//310 230//230 228//228
f 321//321 324//324 325//325
f 325//325 324//324 215//215
f 215//215 324//324 332//332
f 215//215 332//332 217//217
f 217//217 332//332 334//334
f 217//217 334//334 219//219
f 328//328 335//335 337//337
f 328//328 337//337 340//340
f 340//340 337//337 226//226
f 340//340 226//226 342//342
f 342//342 226//226 224//224
f 342//342 224//224 343//343
f 343//343 224//224 222//222
f 343//343 222//222 334//334
f 334//334 222//222 221//221
f 334//334 221//221 219//219
f 325//325 209//209 321//321
f 321//321 209//209 211//211
f 321//321 211//211 320//320
f 320//320 211//211 213//213
f 345//345 347//347 348//348
f 333//333 331//331 349//349
f 349//349 331//331 323//323
f 339//339 341//341 350//350
f 317//317 310//310 351//351
f 351//351 310//310 315//315
f 351//351 315//315 350//350
f 350//350 315//315 329//329
f 350//350 329//329 339//339
f 279//279 278//278 352//352
f 352//352 278//278 245//245
f 353//353 354//354 355//355
f 355//355 354//354 356//356
f 355//355 356//356 352//352
f 352//352 356//356 357//357
f 352//352 357//357 279//279
f 341//341 344//344 350//350
f 350//350 344//344 358//358
f 350//350 358//358 359//359
f 359//359 358//358 360//360
f 344//344 333//333 358//358
f 358//358 333//333 349//349
f 358//358 349//349 360//360
f 360//360 349//349 361//361
f 348//348 347//347 362//362
f 362//362 347//347 363//363
f 297//297 269//269 364//364
f 307//307 305//305 363//363
f 364//364 363//363 297//297
f 297//297 363//363 305//305
f 297//297 305//305 178//178
f 323//323 322//322 349//349
f 349//349 322//322 319//319
f 349//349 319//319 365//365
f 365//365 319//319 203//203
f 365//365 203//203 303//303
f 346//346 361//361 347//347
f 347//347 361//361 349//349
f 347//347 349//349 363//363
f 363//363 349//349 365//365
f 363//363 365//365 307//307
f 307//307 365//365 303//303
f 359//359 353//353 350//350
f 350//350 353//353 355//355
f 350//350 355//355 351//351
f 351//351 355//355 352//352
f 351//351 352//352 317//317
f 317//317 352//352 245//245
f 114//114 227//227 338//338
f 114//114 338//338 112//112
f 112//112 338//338 336//336
f 112//112 336//336 327//327
f 327//327 330//330 112//112
f 112//112 330//330 314//314
f 111//111 313//313 107//107
f 107//107 313//313 311//311
f 107//107 311//311 110//110
f 110//110 311//311 308//308
f 110//110 308//308 69//69
f 69//69 308//308 229//229
f 50//50 208//208 51//51
f 51//51 208//208 326//326
f 51//51 326//326 55//55
f 55//55 326//326 214//214
f 27//27 141//141 300//300
f 27//27 300//300 30//30
f 30//30 300//300 143//143
f 30//30 143//143 32//32
f 366//366 369//369 370//370
f 373//373 374//374 376//376
f 378//378 380//380 369//369
f 369//369 380//380 382//382
f 369//369 382//382 370//370
f 378//378 385//385 387//387
f 387//387 385//385 389//389
f 390//390 393//393 395//395
f 395//395 393//393 396//396
f 395//395 396//396 398//398
f 373//373 376//376 380//380
f 401//401 402//402 405//405
f 406//406 409//409 411//411
f 414//414 415//415 417//417
f 417//417 415//415 419//419
f 417//417 419//419 422//422
f 422//422 419//419 398//398
f 422//422 398//398 376//376
f 376//376 398//398 396//396
f 376//376 396//396 380//380
f 424//424 426//426 427//427
f 370//370 429//429 366//366
f 366//366 429//429 406//406
f 366//366 406//406 431//431
f 431//431 406//406 411//411
f 433//433 435//435 437//437
f 439//439 442//442 444//444
f 444//444 442//442 446//446
f 444//444 446//446 390//390
f 390//390 446//446 448//448
f 390//390 448//448 393//393
f 427//427 401//401 424//424
f 424//424 401//401 405//405
f 424//424 405//405 450//450
f 450//450 405//405 374//374
f 450//450 374//374 452//452
f 452//452 374//374 373//373
f 437//437 454//454 433//433
f 433//433 454//454 456//456
f 433//433 456//456 389//389
f 389//389 456//456 457//457
f 389//389 457//457 387//387
f 378//378 387//387 380//380
f 380//380 387//387 459//459
f 380//380 459//459 373//373
f 373//373 459//459 462//462
f 373//373 462//462 464//464
f 464//464 462//462 466//466
f 464//464 466//466 467//467
f 467//467 466//466 469//469
f 467//467 469//469 471//471
f 471//471 473//473 467//467
f 467//467 473//473 475//475
f 467//467 475//475 477//477
f 479//479 414//414 482//482
f 482//482 414//414 417//417
f 482//482 417//417 484//484
f 484//484 417//417 485//485
f 470//470 465//465 487//487
f 487//487 489//489 470//470
f 470//470 489//489 491//491
f 470//470 491//491 472//472
f 472//472 491//491 494//494
f 472//472 494//494 474//474
f 474//474 494//494 496//496
f 474//474 496//496 476//476
f 496//496 499//499 476//476
f 476//476 499//499 501//501
f 476//476 501//501 478//478
f 478//478 501//501 503//503
f 478//478 503//503 468//468
f 468//468 503//503 504//504
f 468//468 504//504 506//506
f 468//468 506//506 463//463
f 463//463 506//506 508//508
f 463//463 508//508 372//372
f 423//423 449//449 510//510
f 510//510 513//513 423//423
f 423//423 513//513 515//515
f 423//423 515//515 425//425
f 425//425 515//515 516//516
f 425//425 516//516 428//428
f 428//428 516//516 519//519
f 428//428 519//519 400//400
f 519//519 521//521 400//400
f 400//400 521//521 524//524
f 400//400 524//524 403//403
f 403//403 524//524 525//525
f 403//403 525//525 404//404
f 404//404 525//525 528//528
f 404//404 528//528 530//530
f 404//404 530//530 375//375
f 375//375 530//530 532//532
f 375//375 532//532 377//377
f 377//377 532//532 534//534
f 377//377 534//534 421//421
f 421//421 534//534 536//536
f 421//421 536//536 418//418
f 486//486 418//418 536//536
f 536//536 537//537 486//486
f 486//486 537//537 539//539
f 486//486 539//539 483//483
f 483//483 539//539 543//543
f 483//483 543//543 481//481
f 481//481 543//543 546//546
f 481//481 546//546 480//480
f 546//546 549//549 480//480
f 480//480 549//549 550//550
f 480//480 550//550 413//413
f 413//413 550//550 552//552
f 413//413 552//552 416//416
f 416//416 552//552 555//555
f 416//416 555//555 557//557
f 416//416 557//557 420//420
f 420//420 557//557 559//559
f 420//420 559//559 399//399
f 399//399 559//559 561//561
f 399//399 561//561 394//394
f 394//394 561//561 562//562
f 394//394 562//562 391//391
f 443//443 391//391 562//562
f 562//562 564//564 443//443
f 443//443 564//564 566//566
f 443//443 566//566 440//440
f 566//566 568//568 440//440
f 440//440 568//568 572//572
f 440//440 572//572 441//441
f 441//441 572//572 573//573
f 441//441 573//573 574//574
f 575//575 445//445 577//577
f 577//577 445//445 441//441
f 577//577 441//441 579//579
f 579//579 441//441 574//574
f 392//392 581//581 584//584
f 392//392 584//584 397//397
f 397//397 584//584 585//585
f 397//397 585//585 381//381
f 381//381 585//585 588//588
f 381//381 588//588 383//383
f 383//383 588//588 590//590
f 383//383 590//590 371//371
f 371//371 590//590 430//430
f 430//430 590//590 591//591
f 430//430 591//591 407//407
f 407//407 591//591 594//594
f 367//367 595//595 598//598
f 367//367 598//598 368//368
f 368//368 598//598 600//600
f 368//368 599//599 379//379
f 379//379 599//599 603//603
f 379//379 603//603 384//384
f 384//384 603//603 605//605
f 384//384 605//605 388//388
f 388//388 605//605 434//434
f 434//434 605//605 606//606
f 434//434 606//606 436//436
f 436//436 606//606 608//608
f 436//436 608//608 438//438
f 438//438 608//608 612//612
f 438//438 612//612 453//453
f 612//612 616//616 453//453
f 453//453 616//616 617//617
f 453//453 617//617 455//455
f 455//455 617//617 619//619
f 455//455 619//619 458//458
f 458//458 619//619 621//621
f 458//458 621//621 624//624
f 458//458 624//624 386//386
f 386//386 624//624 626//626
f 386//386 626//626 460//460
f 460//460 626//626 627//627
f 460//460 627//627 461//461
f 461//461 627//627 487//487
f 461//461 487//487 465//465
f 629//629 630//630 631//631
f 632//632 633//633 634//634
f 634//634 633//633 635//635
f 634//634 635//635 636//636
f 636//636 635//635 637//637
f 636//636 637//637 638//638
f 629//629 631//631 639//639
f 639//639 631//631 640//640
f 639//639 640//640 641//641
f 642//642 643//643 644//644
f 644//644 643//643 645//645
f 644//644 645//645 646//646
f 647//647 648//648 646//646
f 650//650 652//652 645//645
f 646//646 645//645 647//647
f 647//647 645//645 652//652
f 647//647 652//652 613//613
f 654//654 656//656 657//657
f 657//657 656//656 518//518
f 657//657 518//518 630//630
f 630//630 518//518 659//659
f 630//630 659//659 631//631
f 631//631 659//659 660//660
f 631//631 660//660 640//640
f 640//640 660//660 662//662
f 640//640 662//662 664//664
f 664//664 662//662 497//497
f 664//664 497//497 665//665
f 638//638 667//667 636//636
f 636//636 667//667 545//545
f 636//636 545//545 670//670
f 670//670 654//654 636//636
f 636//636 654//654 657//657
f 636//636 657//657 634//634
f 634//634 657//657 630//630
f 634//634 630//630 632//632
f 632//632 630//630 629//629
f 665//665 650//650 664//664
f 664//664 650//650 645//645
f 664//664 645//645 640//640
f 640//640 645//645 643//643
f 640//640 643//643 641//641
f 641//641 643//643 642//642
f 502//502 500//500 663//663
f 663//663 500//500 498//498
f 663//663 498//498 495//495
f 520//520 517//517 658//658
f 658//658 517//517 514//514
f 658//658 514//514 512//512
f 512//512 511//511 658//658
f 658//658 511//511 672//672
f 658//658 672//672 661//661
f 672//672 509//509 661//661
f 661//661 509//509 507//507
f 661//661 507//507 663//663
f 663//663 507//507 505//505
f 663//663 505//505 502//502
f 544//544 541//541 669//669
f 668//668 542//542 540//540
f 668//668 540//540 538//538
f 526//526 523//523 655//655
f 655//655 523//523 522//522
f 655//655 522//522 520//520
f 538//538 535//535 668//668
f 668//668 535//535 533//533
f 668//668 533//533 653//653
f 533//533 531//531 653//653
f 653//653 531//531 529//529
f 653//653 529//529 655//655
f 655//655 529//529 527//527
f 655//655 527//527 526//526
f 495//495 493//493 666//666
f 666//666 493//493 492//492
f 666//666 492//492 490//490
f 620//620 618//618 651//651
f 651//651 618//618 615//615
f 651//651 615//615 611//611
f 490//490 488//488 666//666
f 666//666 488//488 628//628
f 666//666 628//628 649//649
f 628//628 625//625 649//649
f 649//649 625//625 623//623
f 649//649 623//623 651//651
f 651//651 623//623 622//622
f 651//651 622//622 620//620
f 571//571 569//569 673//673
f 673//673 569//569 567//567
f 673//673 567//567 565//565
f 553//553 551//551 675//675
f 675//675 551//551 548//548
f 675//675 548//548 547//547
f 565//565 563//563 673//673
f 673//673 563//563 560//560
f 673//673 560//560 677//677
f 560//560 558//558 677//677
f 677//677 558//558 556//556
f 677//677 556//556 675//675
f 675//675 556//556 554//554
f 675//675 554//554 553//553
f 596//596 679//679 681//681
f 681//681 679//679 683//683
f 681//681 683//683 685//685
f 614//614 609//609 688//688
f 686//686 610//610 607//607
f 597//597 596//596 601//601
f 601//601 596//596 681//681
f 601//601 681//681 602//602
f 602//602 681//681 686//686
f 602//602 686//686 604//604
f 604//604 686//686 607//607
f 692//692 576//576 578//578
f 692//692 578//578 689//689
f 689//689 578//578 580//580
f 576//576 692//692 698//698
f 698//698 692//692 701//701
f 698//698 701//701 582//582
f 582//582 701//701 702//702
f 582//582 702//702 583//583
f 583//583 702//702 704//704
f 583//583 704//704 586//586
f 693//693 706//706 696//696
f 696//696 706//706 708//708
f 696//696 708//708 710//710
f 710//710 708//708 593//593
f 710//710 593//593 712//712
f 712//712 593//593 592//592
f 712//712 592//592 715//715
f 715//715 592//592 589//589
f 715//715 589//589 704//704
f 704//704 589//589 587//587
f 704//704 587//587 586//586
f 716//716 718//718 719//719
f 705//705 703//703 720//720
f 720//720 703//703 700//700
f 711//711 713//713 721//721
f 687//687 681//681 722//722
f 722//722 681//681 685//685
f 722//722 685//685 721//721
f 721//721 685//685 695//695
f 721//721 695//695 711//711
f 648//648 647//647 723//723
f 723//723 647//647 613//613
f 724//724 725//725 726//726
f 726//726 725//725 727//727
f 726//726 727//727 723//723
f 723//723 727//727 728//728
f 723//723 728//728 648//648
f 713//713 714//714 721//721
f 721//721 714//714 729//729
f 721//721 729//729 730//730
f 730//730 729//729 731//731
f 714//714 705//705 729//729
f 729//729 705//705 720//720
f 729//729 720//720 731//731
f 731//731 720//720 732//732
f 719//719 718//718 733//733
f 733//733 718//718 734//734
f 733//733 734//734 735//735
f 667//667 638//638 735//735
f 678//678 676//676 734//734
f 735//735 734//734 667//667
f 667//667 734//734 676//676
f 667//667 676//676 545//545
f 700//700 691//691 720//720
f 720//720 691//691 690//690
f 720//720 690//690 736//736
f 736//736 690//690 570//570
f 736//736 570//570 674//674
f 717//717 732//732 718//718
f 718//718 732//732 720//720
f 718//718 720//720 734//734
f 734//734 720//720 736//736
f 734//734 736//736 678//678
f 678//678 736//736 674//674
f 730//730 724//724 721//721
f 721//721 724//724 726//726
f 721//721 726//726 722//722
f 722//722 726//726 723//723
f 722//722 723//723 687//687
f 687//687 723//723 613//613
f 407//407 594//594 709//709
f 407//407 709//709 408//408
f 408//408 709//709 707//707
f 408//408 707//707 694//694
f 694//694 697//697 410//410
f 410//410 697//697 684//684
f 410//410 684//684 412//412
f 412//412 684//684 682//682
f 412//412 682//682 432//432
f 432//432 682//682 680//680
f 432//432 680//680 367//367
f 367//367 680//680 595//595
f 445//445 575//575 447//447
f 447//447 575//575 699//699
f 447//447 699//699 392//392
f 392//392 699//699 581//581
f 372//372 508//508 671//671
f 372//372 671//671 451//451
f 451//451 671//671 510//510
f 451//451 510//510 449//449
f 738//738 739//739 742//742
f 742//742 739//739 744//744
f 744//744 745//745 742//742
f 742//742 745//745 747//747
f 742//742 747//747 750//750
f 750//750 747//747 751//751
f 750//750 751//751 753//753
f 756//756 757//757 760//760
f 763//763 764//764 766//766
f 766//766 764//764 768//768
f 766//766 768//768 760//760
f 760//760 768//768 771//771
f 760//760 771//771 756//756
f 773//773 774//774 775//775
f 775//775 774//774 777//777
f 775//775 777//777 779//779
f 783//783 785//785 787//787
f 787//787 785//785 789//789
f 787//787 789//789 775//775
f 775//775 789//789 791//791
f 775//775 791//791 773//773
f 757//757 793//793 760//760
f 760//760 793//793 794//794
f 760//760 794//794 796//796
f 796//796 794//794 797//797
f 793//793 738//738 794//794
f 794//794 738//738 742//742
f 794//794 742//742 797//797
f 797//797 742//742 799//799
f 801//801 803//803 806//806
f 806//806 803//803 807//807
f 806//806 807//807 810//810
f 811//811 813//813 810//810
f 814//814 817//817 807//807
f 810//810 807//807 811//811
f 811//811 807//807 817//817
f 811//811 817//817 821//821
f 801//801 799//799 803//803
f 803//803 799//799 742//742
f 803//803 742//742 807//807
f 807//807 742//742 750//750
f 807//807 750//750 814//814
f 814//814 750//750 753//753
f 796//796 783//783 760//760
f 760//760 783//783 787//787
f 760//760 787//787 766//766
f 766//766 787//787 775//775
f 766//766 775//775 763//763
f 761//761 775//775 779//779
f 825//825 826//826 827//827
f 829//829 830//830 832//832
f 832//832 830//830 833//833
f 832//832 833//833 835//835
f 835//835 833//833 836//836
f 835//835 836//836 813//813
f 825//825 827//827 839//839
f 839//839 827//827 840//840
f 839//839 840//840 842//842
f 844//844 845//845 847//847
f 847//847 845//845 848//848
f 847//847 848//848 850//850
f 774//774 773//773 850//850
f 851//851 853//853 848//848
f 850//850 848//848 774//774
f 774//774 848//848 853//853
f 774//774 853//853 777//777
f 857//857 858//858 860//860
f 860//860 858//858 862//862
f 860//860 862//862 826//826
f 826//826 862//862 864//864
f 826//826 864//864 827//827
f 827//827 864//864 867//867
f 827//827 867//867 840//840
f 840//840 867//867 871//871
f 840//840 871//871 872//872
f 872//872 871//871 875//875
f 872//872 875//875 876//876
f 813//813 811//811 835//835
f 835//835 811//811 821//821
f 835//835 821//821 880//880
f 880//880 857//857 835//835
f 835//835 857//857 860//860
f 835//835 860//860 832//832
f 832//832 860//860 826//826
f 832//832 826//826 829//829
f 829//829 826//826 825//825
f 876//876 851//851 872//872
f 872//872 851//851 848//848
f 872//872 848//848 840//840
f 840//840 848//848 845//845
f 840//840 845//845 842//842
f 842//842 845//845 844//844
f 822//822 882//882 878//878
f 878//878 882//882 884//884
f 877//877 883//883 887//887
f 890//890 891//891 858//858
f 858//858 891//891 893//893
f 858//858 893//893 862//862
f 886//886 896//896 879//879
f 878//878 895//895 898//898
f 879//879 899//899 856//856
f 899//899 902//902 856//856
f 856//856 902//902 904//904
f 856//856 904//904 859//859
f 858//858 904//904 906//906
f 858//858 906//906 890//890
f 865//865 861//861 907//907
f 910//910 913//913 870//870
f 870//870 913//913 914//914
f 869//869 914//914 873//873
f 911//911 869//869 916//916
f 916//916 869//869 868//868
f 916//916 868//868 919//919
f 907//907 922//922 865//865
f 866//866 920//920 925//925
f 865//865 924//924 868//868
f 868//868 924//924 926//926
f 868//868 926//926 919//919
f 875//875 929//929 876//876
f 876//876 929//929 930//930
f 876//876 930//930 932//932
f 934//934 936//936 854//854
f 855//855 938//938 939//939
f 854//854 940//940 776//776
f 932//932 943//943 876//876
f 876//876 943//943 945//945
f 876//876 945//945 852//852
f 945//945 947//947 852//852
f 852//852 947//947 948//948
f 852//852 948//948 854//854
f 854//854 948//948 950//950
f 854//854 950//950 934//934
f 751//751 953//953 753//753
f 753//753 953//953 955//955
f 753//753 955//955 956//956
f 958//958 961//961 819//819
f 816//816 960//960 963//963
f 816//816 963//963 823//823
f 956//956 966//966 753//753
f 753//753 966//966 968//968
f 753//753 968//968 815//815
f 968//968 971//971 815//815
f 815//815 971//971 972//972
f 815//815 972//972 819//819
f 818//818 973//973 977//977
f 819//819 975//975 958//958
f 978//978 981//981 764//764
f 764//764 981//981 982//982
f 764//764 982//982 768//768
f 776//776 985//985 782//782
f 781//781 984//984 987//987
f 780//780 989//989 990//990
f 991//991 993//993 782//782
f 782//782 993//993 995//995
f 782//782 995//995 762//762
f 995//995 998//998 762//762
f 762//762 998//998 1000//1000
f 762//762 1000//1000 765//765
f 764//764 1000//1000 1002//1002
f 764//764 1002//1002 978//978
f 743//743 741//741 1006//1006
f 1008//1008 792//792 1010//1010
f 1010//1010 792//792 758//758
f 1004//1004 748//748 1013//1013
f 770//770 767//767 1014//1014
f 1008//1008 1017//1017 792//792
f 792//792 1017//1017 1019//1019
f 792//792 1019//1019 737//737
f 1006//1006 1020//1020 743//743
f 743//743 1020//1020 1022//1022
f 743//743 1022//1022 746//746
f 746//746 1022//1022 1025//1025
f 746//746 1025//1025 749//749
f 749//749 1025//1025 1027//1027
f 748//748 1027//1027 1013//1013
f 1014//1014 1029//1029 770//770
f 770//770 1029//1029 1031//1031
f 770//770 1030//1030 755//755
f 754//754 1030//1030 1035//1035
f 755//755 1034//1034 758//758
f 759//759 1035//1035 1036//1036
f 758//758 1037//1037 1010//1010
f 1019//1019 1040//1040 737//737
f 737//737 1040//1040 1042//1042
f 737//737 1042//1042 741//741
f 741//741 1042//1042 1044//1044
f 740//740 1045//1045 1005//1005
f 1047//1047 1049//1049 897//897
f 897//897 888//888 1047//1047
f 1047//1047 888//888 885//885
f 1047//1047 885//885 1051//1051
f 1051//1051 885//885 881//881
f 1051//1051 881//881 1054//1054
f 1054//1054 881//881 820//820
f 1054//1054 820//820 1057//1057
f 820//820 964//964 1057//1057
f 1057//1057 964//964 962//962
f 1057//1057 962//962 1059//1059
f 1059//1059 962//962 959//959
f 1059//1059 959//959 1062//1062
f 1062//1062 959//959 976//976
f 1065//1065 905//905 903//903
f 1065//1065 903//903 1067//1067
f 1067//1067 903//903 901//901
f 1067//1067 901//901 1069//1069
f 1069//1069 901//901 900//900
f 1069//1069 900//900 1071//1071
f 1071//1071 900//900 897//897
f 1071//1071 897//897 1049//1049
f 1075//1075 923//923 1076//1076
f 1076//1076 923//923 921//921
f 1076//1076 921//921 1079//1079
f 1079//1079 921//921 908//908
f 1079//1079 908//908 1081//1081
f 1081//1081 908//908 863//863
f 1081//1081 863//863 1083//1083
f 863//863 894//894 1083//1083
f 1083//1083 894//894 892//892
f 1083//1083 892//892 1085//1085
f 1085//1085 892//892 889//889
f 1085//1085 889//889 1065//1065
f 1065//1065 889//889 905//905
f 1087//1087 918//918 927//927
f 1087//1087 927//927 1088//1088
f 1088//1088 927//927 923//923
f 1088//1088 923//923 1075//1075
f 1093//1093 909//909 917//917
f 1093//1093 917//917 1096//1096
f 1096//1096 917//917 918//918
f 1096//1096 918//918 1087//1087
f 1099//1099 1102//1102 942//942
f 942//942 933//933 1099//1099
f 1099//1099 933//933 931//931
f 1099//1099 931//931 1104//1104
f 1104//1104 931//931 928//928
f 1104//1104 928//928 1107//1107
f 1107//1107 928//928 874//874
f 1107//1107 874//874 1108//1108
f 1108//1108 874//874 915//915
f 1108//1108 915//915 1110//1110
f 1110//1110 915//915 912//912
f 1110//1110 912//912 1093//1093
f 1093//1093 912//912 909//909
f 1115//1115 1117//1117 994//994
f 994//994 992//992 1115//1115
f 1115//1115 992//992 988//988
f 1115//1115 988//988 1119//1119
f 1119//1119 988//988 986//986
f 1119//1119 986//986 1121//1121
f 1121//1121 986//986 778//778
f 1121//1121 778//778 1123//1123
f 778//778 941//941 1123//1123
f 1123//1123 941//941 937//937
f 1123//1123 937//937 1127//1127
f 1127//1127 937//937 935//935
f 1127//1127 935//935 1129//1129
f 1129//1129 935//935 951//951
f 1129//1129 951//951 949//949
f 1129//1129 949//949 1132//1132
f 1132//1132 949//949 946//946
f 1132//1132 946//946 1133//1133
f 1133//1133 946//946 944//944
f 1133//1133 944//944 1136//1136
f 1136//1136 944//944 942//942
f 1136//1136 942//942 1102//1102
f 1138//1138 1143//1143 965//965
f 965//965 957//957 1138//1138
f 1138//1138 957//957 954//954
f 1138//1138 954//954 1144//1144
f 954//954 952//952 1144//1144
f 1144//1144 952//952 752//752
f 1144//1144 752//752 1148//1148
f 1148//1148 752//752 1003//1003
f 1147//1147 1003//1003 1012//1012
f 1023//1023 1150//1150 1024//1024
f 1024//1024 1150//1150 1147//1147
f 1024//1024 1147//1147 1026//1026
f 1026//1026 1147//1147 1012//1012
f 1062//1062 976//976 974//974
f 1062//1062 974//974 1155//1155
f 1155//1155 974//974 970//970
f 1155//1155 970//970 1156//1156
f 1156//1156 970//970 969//969
f 1156//1156 967//967 1158//1158
f 1158//1158 967//967 965//965
f 1158//1158 965//965 1143//1143
f 1161//1161 1038//1038 1033//1033
f 1161//1161 1033//1033 1163//1163
f 1163//1163 1033//1033 1032//1032
f 1163//1163 1032//1032 1028//1028
f 1028//1028 1015//1015 1162//1162
f 1162//1162 1015//1015 769//769
f 1162//1162 769//769 1165//1165
f 769//769 983//983 1165//1165
f 1165//1165 983//983 980//980
f 1165//1165 980//980 1167//1167
f 1167//1167 980//980 979//979
f 1167//1167 979//979 1169//1169
f 1169//1169 979//979 1001//1001
f 1169//1169 1001//1001 999//999
f 1169//1169 999//999 1172//1172
f 1172//1172 999//999 997//997
f 1172//1172 997//997 1175//1175
f 1175//1175 997//997 996//996
f 1175//1175 996//996 1176//1176
f 1176//1176 996//996 994//994
f 1176//1176 994//994 1117//1117
f 1178//1178 1182//1182 1016//1016
f 1038//1038 1161//1161 1011//1011
f 1011//1011 1161//1161 1178//1178
f 1011//1011 1178//1178 1009//1009
f 1009//1009 1178//1178 1016//1016
f 1184//1184 1043//1043 1041//1041
f 1184//1184 1041//1041 1186//1186
f 1186//1186 1041//1041 1039//1039
f 1186//1186 1039//1039 1188//1188
f 1188//1188 1039//1039 1018//1018
f 1188//1188 1018//1018 1190//1190
f 1190//1190 1018//1018 1016//1016
f 1190//1190 1016//1016 1182//1182
f 1043//1043 1184//1184 1007//1007
f 1007//1007 1184//1184 1192//1192
f 1007//1007 1192//1192 1021//1021
f 1021//1021 1192//1192 1150//1150
f 1021//1021 1150//1150 1023//1023
f 1187//1187 1189//1189 1072//1072
f 1174//1174 1177//1177 1131//1131
f 1131//1131 1177//1177 1128//1128
f 1128//1128 1177//1177 1116//1116
f 1128//1128 1116//1116 1113//1113
f 1090//1090 1072//1072 1086//1086
f 1086//1086 1072//1072 1189//1189
f 1086//1086 1189//1189 1095//1095
f 1095//1095 1189//1189 1131//1131
f 1126//1126 1130//1130 1125//1125
f 1124//1124 1128//1128 1113//1113
f 1124//1124 1113//1113 1120//1120
f 1122//1122 1114//1114 1118//1118
f 1063//1063 1154//1154 1072//1072
f 1072//1072 1154//1154 1157//1157
f 1072//1072 1157//1157 1187//1187
f 1187//1187 1157//1157 1159//1159
f 1187//1187 1159//1159 1185//1185
f 1185//1185 1159//1159 1142//1142
f 1084//1084 1064//1064 1074//1074
f 1074//1074 1064//1064 1066//1066
f 1074//1074 1066//1066 1090//1090
f 1090//1090 1066//1066 1068//1068
f 1089//1089 1070//1070 1073//1073
f 1131//1131 1189//1189 1174//1174
f 1174//1174 1189//1189 1191//1191
f 1174//1174 1191//1191 1173//1173
f 1173//1173 1191//1191 1181//1181
f 1173//1173 1181//1181 1170//1170
f 1171//1171 1183//1183 1179//1179
f 1170//1170 1180//1180 1160//1160
f 1131//1131 1134//1134 1095//1095
f 1095//1095 1134//1134 1135//1135
f 1095//1095 1135//1135 1092//1092
f 1092//1092 1135//1135 1100//1100
f 1094//1094 1101//1101 1098//1098
f 1072//1072 1048//1048 1063//1063
f 1063//1063 1048//1048 1046//1046
f 1063//1063 1046//1046 1050//1050
f 1109//1109 1112//1112 1105//1105
f 1106//1106 1111//1111 1091//1091
f 1105//1105 1092//1092 1103//1103
f 1103//1103 1092//1092 1097//1097
f 1050//1050 1052//1052 1063//1063
f 1061//1061 1053//1053 1055//1055
f 1060//1060 1056//1056 1058//1058
f 1160//1160 1164//1164 1170//1170
f 1170//1170 1164//1164 1166//1166
f 1170//1170 1166//1166 1168//1168
f 1074//1074 1077//1077 1078//1078
f 1145//1145 1146//1146 1140//1140
f 1137//1137 1149//1149 1152//1152
f 1139//1139 1153//1153 1142//1142
f 1141//1141 1151//1151 1193//1193
f 1142//1142 1194//1194 1185//1185
f 1084//1084 1074//1074 1082//1082
f 1082//1082 1074//1074 1078//1078
f 1082//1082 1078//1078 1080//1080
f 1196//1196 1199//1199 1200//1200
f 1200//1200 1199//1199 1201//1201
f 1201//1201 1205//1205 1200//1200
f 1200//1200 1205//1205 1207//1207
f 1200//1200 1207//1207 1210//1210
f 1210//1210 1207//1207 1212//1212
f 1210//1210 1212//1212 1213//1213
f 1215//1215 1217//1217 1219//1219
f 1220//1220 1224//1224 1225//1225
f 1225//1225 1224//1224 1227//1227
f 1225//1225 1227//1227 1219//1219
f 1219//1219 1227//1227 1229//1229
f 1219//1219 1229//1229 1215//1215
f 1231//1231 1232//1232 1233//1233
f 1233//1233 1232//1232 1236//1236
f 1233//1233 1236//1236 1239//1239
f 1241//1241 1243//1243 1245//1245
f 1245//1245 1243//1243 1246//1246
f 1245//1245 1246//1246 1233//1233
f 1233//1233 1246//1246 1249//1249
f 1233//1233 1249//1249 1231//1231
f 1217//1217 1250//1250 1219//1219
f 1219//1219 1250//1250 1252//1252
f 1219//1219 1252//1252 1254//1254
f 1254//1254 1252//1252 1256//1256
f 1250//1250 1196//1196 1252//1252
f 1252//1252 1196//1196 1200//1200
f 1252//1252 1200//1200 1256//1256
f 1256//1256 1200//1200 1257//1257
f 1260//1260 1261//1261 1262//1262
f 1262//1262 1261//1261 1264//1264
f 1262//1262 1264//1264 1265//1265
f 1267//1267 1268//1268 1265//1265
f 1271//1271 1275//1275 1264//1264
f 1265//1265 1264//1264 1267//1267
f 1267//1267 1264//1264 1275//1275
f 1267//1267 1275//1275 1277//1277
f 1260//1260 1257//1257 1261//1261
f 1261//1261 1257//1257 1200//1200
f 1261//1261 1200//1200 1264//1264
f 1264//1264 1200//1200 1210//1210
f 1264//1264 1210//1210 1271//1271
f 1271//1271 1210//1210 1213//1213
f 1254//1254 1241//1241 1219//1219
f 1219//1219 1241//1241 1245//1245
f 1219//1219 1245//1245 1225//1225
f 1225//1225 1245//1245 1233//1233
f 1225//1225 1233//1233 1220//1220
f 1221//1221 1233//1233 1239//1239
f 1281//1281 1282//1282 1283//1283
f 1285//1285 1287//1287 1288//1288
f 1288//1288 1287//1287 1289//1289
f 1288//1288 1289//1289 1291//1291
f 1291//1291 1289//1289 1292//1292
f 1291//1291 1292//1292 1268//1268
f 1281//1281 1283//1283 1294//1294
f 1294//1294 1283//1283 1296//1296
f 1294//1294 1296//1296 1297//1297
f 1300//1300 1301//1301 1302//1302
f 1302//1302 1301//1301 1304//1304
f 1302//1302 1304//1304 1306//1306
f 1232//1232 1231//1231 1306//1306
f 1307//1307 1310//1310 1304//1304
f 1306//1306 1304//1304 1232//1232
f 1232//1232 1304//1304 1310//1310
f 1232//1232 1310//1310 1236//1236
f 1312//1312 1314//1314 1315//1315
f 1315//1315 1314//1314 1317//1317
f 1315//1315 1317//1317 1282//1282
f 1282//1282 1317//1317 1320//1320
f 1282//1282 1320//1320 1283//1283
f 1283//1283 1320//1320 1324//1324
f 1283//1283 1324//1324 1296//1296
f 1296//1296 1324//1324 1328//1328
f 1296//1296 1328//1328 1329//1329
f 1329//1329 1328//1328 1332//1332
f 1329//1329 1332//1332 1333//1333
f 1268//1268 1267//1267 1291//1291
f 1291//1291 1267//1267 1277//1277
f 1291//1291 1277//1277 1337//1337
f 1337//1337 1312//1312 1291//1291
f 1291//1291 1312//1312 1315//1315
f 1291//1291 1315//1315 1288//1288
f 1288//1288 1315//1315 1282//1282
f 1288//1288 1282//1282 1285//1285
f 1285//1285 1282//1282 1281//1281
f 1333//1333 1307//1307 1329//1329
f 1329//1329 1307//1307 1304//1304
f 1329//1329 1304//1304 1296//1296
f 1296//1296 1304//1304 1301//1301
f 1296//1296 1301//1301 1297//1297
f 1297//1297 1301//1301 1300//1300
f 1278//1278 1338//1338 1334//1334
f 1334//1334 1338//1338 1341//1341
f 1336//1336 1340//1340 1343//1343
f 1346//1346 1349//1349 1314//1314
f 1314//1314 1349//1349 1350//1350
f 1314//1314 1350//1350 1317//1317
f 1345//1345 1354//1354 1335//1335
f 1334//1334 1352//1352 1357//1357
f 1335//1335 1356//1356 1313//1313
f 1356//1356 1359//1359 1313//1313
f 1313//1313 1359//1359 1360//1360
f 1313//1313 1360//1360 1314//1314
f 1314//1314 1360//1360 1362//1362
f 1314//1314 1362//1362 1346//1346
f 1316//1316 1364//1364 1319//1319
f 1322//1322 1365//1365 1367//1367
f 1321//1321 1369//1369 1372//1372
f 1373//1373 1378//1378 1327//1327
f 1326//1326 1376//1376 1381//1381
f 1325//1325 1379//1379 1331//1331
f 1370//1370 1382//1382 1319//1319
f 1319//1319 1382//1382 1385//1385
f 1319//1319 1385//1385 1323//1323
f 1385//1385 1386//1386 1323//1323
f 1323//1323 1386//1386 1388//1388
f 1323//1323 1388//1388 1327//1327
f 1327//1327 1388//1388 1390//1390
f 1325//1325 1392//1392 1374//1374
f 1332//1332 1393//1393 1333//1333
f 1333//1333 1393//1393 1395//1395
f 1333//1333 1395//1395 1398//1398
f 1400//1400 1403//1403 1311//1311
f 1309//1309 1402//1402 1404//1404
f 1311//1311 1405//1405 1234//1234
f 1398//1398 1408//1408 1333//1333
f 1333//1333 1408//1408 1409//1409
f 1333//1333 1409//1409 1308//1308
f 1409//1409 1411//1411 1308//1308
f 1308//1308 1411//1411 1413//1413
f 1308//1308 1413//1413 1311//1311
f 1311//1311 1413//1413 1416//1416
f 1311//1311 1416//1416 1400//1400
f 1212//1212 1418//1418 1213//1213
f 1213//1213 1418//1418 1420//1420
f 1213//1213 1420//1420 1422//1422
f 1424//1424 1427//1427 1272//1272
f 1273//1273 1426//1426 1429//1429
f 1273//1273 1429//1429 1279//1279
f 1422//1422 1431//1431 1213//1213
f 1213//1213 1431//1431 1434//1434
f 1213//1213 1434//1434 1270//1270
f 1434//1434 1435//1435 1270//1270
f 1270//1270 1435//1435 1437//1437
f 1270//1270 1437//1437 1272//1272
f 1274//1274 1439//1439 1442//1442
f 1272//1272 1441//1441 1424//1424
f 1443//1443 1445//1445 1224//1224
f 1224//1224 1445//1445 1447//1447
f 1224//1224 1447//1447 1227//1227
f 1234//1234 1450//1450 1237//1237
f 1240//1240 1449//1449 1453//1453
f 1238//1238 1454//1454 1455//1455
f 1456//1456 1458//1458 1237//1237
f 1237//1237 1458//1458 1461//1461
f 1237//1237 1461//1461 1222//1222
f 1461//1461 1463//1463 1222//1222
f 1222//1222 1463//1463 1464//1464
f 1222//1222 1464//1464 1223//1223
f 1224//1224 1464//1464 1466//1466
f 1224//1224 1466//1466 1443//1443
f 1203//1203 1197//1197 1470//1470
f 1474//1474 1251//1251 1476//1476
f 1476//1476 1251//1251 1218//1218
f 1469//1469 1208//1208 1478//1478
f 1474//1474 1480//1480 1251//1251
f 1251//1251 1480//1480 1482//1482
f 1251//1251 1482//1482 1195//1195
f 1470//1470 1484//1484 1203//1203
f 1203//1203 1484//1484 1486//1486
f 1202//1202 1487//1487 1204//1204
f 1206//1206 1486//1486 1489//1489
f 1206//1206 1489//1489 1209//1209
f 1228//1228 1494//1494 1216//1216
f 1214//1214 1494//1494 1496//1496
f 1216//1216 1496//1496 1218//1218
f 1218//1218 1496//1496 1498//1498
f 1218//1218 1498//1498 1476//1476
f 1482//1482 1499//1499 1195//1195
f 1195//1195 1499//1499 1501//1501
f 1195//1195 1501//1501 1197//1197
f 1197//1197 1501//1501 1505//1505
f 1198//1198 1504//1504 1471//1471
f 1506//1506 1509//1509 1353//1353
f 1353//1353 1344//1344 1506//1506
f 1506//1506 1344//1344 1342//1342
f 1506//1506 1342//1342 1510//1510
f 1510//1510 1342//1342 1339//1339
f 1510//1510 1339//1339 1513//1513
f 1513//1513 1339//1339 1276//1276
f 1513//1513 1276//1276 1515//1515
f 1276//1276 1428//1428 1515//1515
f 1515//1515 1428//1428 1425//1425
f 1515//1515 1425//1425 1517//1517
f 1517//1517 1425//1425 1423//1423
f 1517//1517 1423//1423 1518//1518
f 1518//1518 1423//1423 1440//1440
f 1520//1520 1363//1363 1361//1361
f 1520//1520 1361//1361 1522//1522
f 1522//1522 1361//1361 1358//1358
f 1522//1522 1358//1358 1525//1525
f 1525//1525 1358//1358 1355//1355
f 1525//1525 1355//1355 1527//1527
f 1527//1527 1355//1355 1353//1353
f 1527//1527 1353//1353 1509//1509
f 1529//1529 1530//1530 1383//1383
f 1383//1383 1371//1371 1529//1529
f 1529//1529 1371//1371 1368//1368
f 1529//1529 1368//1368 1534//1534
f 1534//1534 1368//1368 1366//1366
f 1534//1534 1366//1366 1535//1535
f 1535//1535 1366//1366 1318//1318
f 1535//1535 1318//1318 1537//1537
f 1318//1318 1351//1351 1537//1537
f 1537//1537 1351//1351 1348//1348
f 1537//1537 1348//1348 1539//1539
f 1539//1539 1348//1348 1347//1347
f 1539//1539 1347//1347 1520//1520
f 1520//1520 1347//1347 1363//1363
f 1543//1543 1387//1387 1384//1384
f 1543//1543 1384//1384 1544//1544
f 1544//1544 1384//1384 1383//1383
f 1544//1544 1383//1383 1530//1530
f 1546//1546 1391//1391 1389//1389
f 1546//1546 1389//1389 1548//1548
f 1548//1548 1389//1389 1387//1387
f 1548//1548 1387//1387 1543//1543
f 1551//1551 1552//1552 1407//1407
f 1407//1407 1397//1397 1551//1551
f 1551//1551 1397//1397 1396//1396
f 1551//1551 1396//1396 1556//1556
f 1556//1556 1396//1396 1394//1394
f 1556//1556 1394//1394 1557//1557
f 1557//1557 1394//1394 1330//1330
f 1557//1557 1330//1330 1561//1561
f 1330//1330 1380//1380 1561//1561
f 1561//1561 1380//1380 1377//1377
f 1561//1561 1377//1377 1563//1563
f 1563//1563 1377//1377 1375//1375
f 1563//1563 1375//1375 1546//1546
f 1546//1546 1375//1375 1391//1391
f 1565//1565 1567//1567 1459//1459
f 1459//1459 1457//1457 1565//1565
f 1565//1565 1457//1457 1452//1452
f 1565//1565 1452//1452 1568//1568
f 1568//1568 1452//1452 1451//1451
f 1568//1568 1451//1451 1570//1570
f 1570//1570 1451//1451 1235//1235
f 1570//1570 1235//1235 1572//1572
f 1235//1235 1406//1406 1572//1572
f 1572//1572 1406//1406 1401//1401
f 1572//1572 1401//1401 1575//1575
f 1575//1575 1401//1401 1399//1399
f 1575//1575 1399//1399 1577//1577
f 1577//1577 1399//1399 1415//1415
f 1577//1577 1415//1415 1414//1414
f 1577//1577 1414//1414 1579//1579
f 1579//1579 1414//1414 1412//1412
f 1579//1579 1412//1412 1581//1581
f 1581//1581 1412//1412 1410//1410
f 1581//1581 1410//1410 1584//1584
f 1584//1584 1410//1410 1407//1407
f 1584//1584 1407//1407 1552//1552
f 1586//1586 1589//1589 1430//1430
f 1430//1430 1421//1421 1586//1586
f 1586//1586 1421//1421 1419//1419
f 1586//1586 1419//1419 1594//1594
f 1419//1419 1417//1417 1594//1594
f 1594//1594 1417//1417 1211//1211
f 1594//1594 1211//1211 1597//1597
f 1597//1597 1211//1211 1468//1468
f 1596//1596 1468//1468 1477//1477
f 1488//1488 1598//1598 1490//1490
f 1490//1490 1598//1598 1596//1596
f 1490//1490 1596//1596 1491//1491
f 1491//1491 1596//1596 1477//1477
f 1518//1518 1440//1440 1438//1438
f 1518//1518 1438//1438 1602//1602
f 1602//1602 1438//1438 1436//1436
f 1602//1602 1436//1436 1605//1605
f 1605//1605 1436//1436 1433//1433
f 1604//1604 1432//1432 1608//1608
f 1608//1608 1432//1432 1430//1430
f 1608//1608 1430//1430 1589//1589
f 1609//1609 1497//1497 1495//1495
f 1609//1609 1495//1495 1612//1612
f 1612//1612 1495//1495 1493//1493
f 1612//1612 1493//1493 1492//1492
f 1492//1492 1479//1479 1611//1611
f 1611//1611 1479//1479 1226//1226
f 1611//1611 1226//1226 1615//1615
f 1226//1226 1448//1448 1615//1615
f 1615//1615 1448//1448 1446//1446
f 1615//1615 1446//1446 1617//1617
f 1617//1617 1446//1446 1444//1444
f 1617//1617 1444//1444 1620//1620
f 1620//1620 1444//1444 1467//1467
f 1620//1620 1467//1467 1465//1465
f 1620//1620 1465//1465 1622//1622
f 1622//1622 1465//1465 1462//1462
f 1622//1622 1462//1462 1624//1624
f 1624//1624 1462//1462 1460//1460
f 1624//1624 1460//1460 1625//1625
f 1625//1625 1460//1460 1459//1459
f 1625//1625 1459//1459 1567//1567
f 1627//1627 1630//1630 1481//1481
f 1497//1497 1609//1609 1475//1475
f 1475//1475 1609//1609 1627//1627
f 1475//1475 1627//1627 1473//1473
f 1473//1473 1627//1627 1481//1481
f 1634//1634 1503//1503 1502//1502
f 1634//1634 1502//1502 1636//1636
f 1636//1636 1502//1502 1500//1500
f 1636//1636 1500//1500 1638//1638
f 1638//1638 1500//1500 1483//1483
f 1638//1638 1483//1483 1640//1640
f 1640//1640 1483//1483 1481//1481
f 1640//1640 1481//1481 1630//1630
f 1503//1503 1634//1634 1472//1472
f 1472//1472 1634//1634 1642//1642
f 1472//1472 1642//1642 1485//1485
f 1485//1485 1642//1642 1598//1598
f 1485//1485 1598//1598 1488//1488
f 1519//1519 1603//1603 1526//1526
f 1526//1526 1603//1603 1524//1524
f 1524//1524 1603//1603 1541//1541
f 1524//1524 1541//1541 1523//1523
f 1635//1635 1606//1606 1607//1607
f 1578//1578 1580//1580 1541//1541
f 1542//1542 1582//1582 1583//1583
f 1541//1541 1585//1585 1549//1549
f 1560//1560 1562//1562 1547//1547
f 1635//1635 1607//1607 1633//1633
f 1633//1633 1607//1607 1590//1590
f 1633//1633 1590//1590 1643//1643
f 1541//1541 1545//1545 1523//1523
f 1523//1523 1545//1545 1531//1531
f 1523//1523 1531//1531 1521//1521
f 1521//1521 1531//1531 1540//1540
f 1571//1571 1573//1573 1569//1569
f 1569//1569 1573//1573 1574//1574
f 1569//1569 1574//1574 1564//1564
f 1564//1564 1574//1574 1576//1576
f 1564//1564 1576//1576 1566//1566
f 1566//1566 1576//1576 1578//1578
f 1566//1566 1578//1578 1626//1626
f 1626//1626 1578//1578 1541//1541
f 1626//1626 1541//1541 1623//1623
f 1623//1623 1541//1541 1603//1603
f 1553//1553 1550//1550 1555//1555
f 1512//1512 1514//1514 1511//1511
f 1511//1511 1514//1514 1516//1516
f 1511//1511 1516//1516 1507//1507
f 1507//1507 1516//1516 1519//1519
f 1507//1507 1519//1519 1508//1508
f 1508//1508 1519//1519 1526//1526
f 1592//1592 1595//1595 1600//1600
f 1549//1549 1585//1585 1547//1547
f 1547//1547 1585//1585 1553//1553
f 1547//1547 1553//1553 1560//1560
f 1560//1560 1553//1553 1555//1555
f 1559//1559 1554//1554 1558//1558
f 1538//1538 1540//1540 1536//1536
f 1536//1536 1540//1540 1531//1531
f 1536//1536 1531//1531 1532//1532
f 1533//1533 1531//1531 1528//1528
f 1641//1641 1591//1591 1601//1601
f 1600//1600 1590//1590 1588//1588
f 1599//1599 1587//1587 1593//1593
f 1606//1606 1635//1635 1603//1603
f 1603//1603 1635//1635 1637//1637
f 1603//1603 1637//1637 1623//1623
f 1623//1623 1637//1637 1639//1639
f 1623//1623 1639//1639 1621//1621
f 1621//1621 1639//1639 1631//1631
f 1621//1621 1631//1631 1618//1618
f 1619//1619 1632//1632 1628//1628
f 1618//1618 1629//1629 1610//1610
f 1610//1610 1613//1613 1618//1618
f 1618//1618 1613//1613 1614//1614
f 1618//1618 1614//1614 1616//1616
f 1644//1644 1646//1646 1647//1647
f 1648//1648 1650//1650 1652//1652
f 1652//1652 1650//1650 1655//1655
f 1655//1655 1657//1657 1652//1652
f 1652//1652 1657//1657 1660//1660
f 1652//1652 1659//1659 1661//1661
f 1661//1661 1659//1659 1663//1663
f 1661//1661 1663//1663 1664//1664
f 1666//1666 1667//1667 1669//1669
f 1671//1671 1673//1673 1674//1674
f 1674//1674 1673//1673 1677//1677
f 1674//1674 1677//1677 1669//1669
f 1669//1669 1677//1677 1678//1678
f 1669//1669 1678//1678 1666//1666
f 1679//1679 1682//1682 1683//1683
f 1683//1683 1682//1682 1684//1684
f 1683//1683 1684//1684 1647//1647
f 1647//1647 1684//1684 1687//1687
f 1647//1647 1687//1687 1644//1644
f 1667//1667 1690//1690 1669//1669
f 1669//1669 1690//1690 1691//1691
f 1669//1669 1691//1691 1693//1693
f 1693//1693 1691//1691 1694//1694
f 1690//1690 1648//1648 1691//1691
f 1691//1691 1648//1648 1652//1652
f 1691//1691 1652//1652 1694//1694
f 1694//1694 1652//1652 1696//1696
f 1698//1698 1700//1700 1702//1702
f 1702//1702 1700//1700 1703//1703
f 1702//1702 1703//1703 1704//1704
f 1706//1706 1708//1708 1704//1704
f 1704//1704 1703//1703 1706//1706
f 1706//1706 1703//1703 1709//1709
f 1706//1706 1709//1709 1711//1711
f 1698//1698 1696//1696 1700//1700
f 1700//1700 1696//1696 1652//1652
f 1700//1700 1652//1652 1703//1703
f 1703//1703 1652//1652 1661//1661
f 1703//1703 1661//1661 1709//1709
f 1709//1709 1661//1661 1664//1664
f 1693//1693 1679//1679 1669//1669
f 1669//1669 1679//1679 1683//1683
f 1669//1669 1683//1683 1674//1674
f 1674//1674 1683//1683 1647//1647
f 1674//1674 1647//1647 1671//1671
f 1671//1671 1647//1647 1646//1646
f 1671//1671 1646//1646 1717//1717
f 1719//1719 1720//1720 1721//1721
f 1722//1722 1724//1724 1726//1726
f 1726//1726 1724//1724 1727//1727
f 1726//1726 1727//1727 1729//1729
f 1729//1729 1727//1727 1730//1730
f 1729//1729 1730//1730 1708//1708
f 1719//1719 1721//1721 1732//1732
f 1732//1732 1721//1721 1734//1734
f 1732//1732 1734//1734 1735//1735
f 1737//1737 1739//1739 1740//1740
f 1740//1740 1739//1739 1743//1743
f 1740//1740 1743//1743 1744//1744
f 1646//1646 1644//1644 1744//1744
f 1747//1747 1750//1750 1743//1743
f 1744//1744 1743//1743 1646//1646
f 1646//1646 1743//1743 1750//1750
f 1646//1646 1750//1750 1717//1717
f 1754//1754 1756//1756 1757//1757
f 1757//1757 1756//1756 1760//1760
f 1757//1757 1760//1760 1720//1720
f 1720//1720 1760//1760 1763//1763
f 1720//1720 1763//1763 1721//1721
f 1721//1721 1763//1763 1765//1765
f 1721//1721 1765//1765 1734//1734
f 1734//1734 1765//1765 1768//1768
f 1734//1734 1768//1768 1771//1771
f 1771//1771 1768//1768 1773//1773
f 1771//1771 1772//1772 1776//1776
f 1708//1708 1706//1706 1729//1729
f 1729//1729 1706//1706 1711//1711
f 1729//1729 1711//1711 1780//1780
f 1780//1780 1754//1754 1729//1729
f 1729//1729 1754//1754 1757//1757
f 1729//1729 1757//1757 1726//1726
f 1726//1726 1757//1757 1720//1720
f 1726//1726 1720//1720 1722//1722
f 1722//1722 1720//1720 1719//1719
f 1776//1776 1747//1747 1771//1771
f 1771//1771 1747//1747 1743//1743
f 1771//1771 1743//1743 1734//1734
f 1734//1734 1743//1743 1739//1739
f 1734//1734 1739//1739 1735//1735
f 1735//1735 1739//1739 1737//1737
f 1713//1713 1783//1783 1778//1778
f 1777//1777 1781//1781 1784//1784
f 1779//1779 1786//1786 1788//1788
f 1790//1790 1792//1792 1756//1756
f 1756//1756 1792//1792 1794//1794
f 1756//1756 1794//1794 1760//1760
f 1789//1789 1797//1797 1778//1778
f 1778//1778 1797//1797 1799//1799
f 1778//1778 1799//1799 1753//1753
f 1799//1799 1801//1801 1753//1753
f 1753//1753 1801//1801 1802//1802
f 1753//1753 1802//1802 1755//1755
f 1756//1756 1802//1802 1804//1804
f 1756//1756 1804//1804 1790//1790
f 1806//1806 1808//1808 1769//1769
f 1770//1770 1809//1809 1813//1813
f 1769//1769 1811//1811 1775//1775
f 1762//1762 1758//1758 1815//1815
f 1806//1806 1769//1769 1818//1818
f 1818//1818 1769//1769 1767//1767
f 1818//1818 1767//1767 1819//1819
f 1814//1814 1823//1823 1761//1761
f 1764//1764 1821//1821 1824//1824
f 1761//1761 1827//1827 1766//1766
f 1767//1767 1826//1826 1829//1829
f 1767//1767 1829//1829 1819//1819
f 1830//1830 1832//1832 1749//1749
f 1751//1751 1834//1834 1836//1836
f 1751//1751 1836//1836 1714//1714
f 1772//1772 1837//1837 1776//1776
f 1776//1776 1837//1837 1839//1839
f 1776//1776 1839//1839 1842//1842
f 1842//1842 1844//1844 1776//1776
f 1776//1776 1844//1844 1846//1846
f 1776//1776 1846//1846 1748//1748
f 1846//1846 1849//1849 1748//1748
f 1748//1748 1849//1849 1852//1852
f 1748//1748 1852//1852 1749//1749
f 1752//1752 1851//1851 1853//1853
f 1749//1749 1854//1854 1830//1830
f 1857//1857 1858//1858 1710//1710
f 1710//1710 1858//1858 1860//1860
f 1710//1710 1860//1860 1713//1713
f 1663//1663 1863//1863 1664//1664
f 1664//1664 1863//1863 1864//1864
f 1664//1664 1864//1864 1867//1867
f 1867//1867 1869//1869 1664//1664
f 1664//1664 1869//1869 1870//1870
f 1664//1664 1870//1870 1710//1710
f 1710//1710 1870//1870 1873//1873
f 1710//1710 1873//1873 1857//1857
f 1875//1875 1677//1677 1673//1673
f 1716//1716 1877//1877 1670//1670
f 1670//1670 1877//1877 1879//1879
f 1880//1880 1883//1883 1673//1673
f 1673//1673 1883//1883 1885//1885
f 1673//1673 1885//1885 1875//1875
f 1879//1879 1886//1886 1670//1670
f 1670//1670 1886//1886 1889//1889
f 1670//1670 1889//1889 1672//1672
f 1673//1673 1889//1889 1891//1891
f 1673//1673 1891//1891 1880//1880
f 1895//1895 1688//1688 1897//1897
f 1897//1897 1688//1688 1668//1668
f 1654//1654 1651//1651 1898//1898
f 1665//1665 1904//1904 1668//1668
f 1668//1668 1904//1904 1906//1906
f 1668//1668 1906//1906 1897//1897
f 1893//1893 1908//1908 1689//1689
f 1688//1688 1907//1907 1911//1911
f 1688//1688 1911//1911 1649//1649
f 1911//1911 1913//1913 1649//1649
f 1649//1649 1913//1913 1915//1915
f 1649//1649 1915//1915 1651//1651
f 1651//1651 1915//1915 1917//1917
f 1651//1651 1917//1917 1898//1898
f 1898//1898 1919//1919 1654//1654
f 1654//1654 1919//1919 1922//1922
f 1653//1653 1923//1923 1656//1656
f 1658//1658 1922//1922 1925//1925
f 1927//1927 1930//1930 1796//1796
f 1796//1796 1787//1787 1927//1927
f 1927//1927 1787//1787 1785//1785
f 1927//1927 1785//1785 1932//1932
f 1932//1932 1785//1785 1782//1782
f 1932//1932 1782//1782 1934//1934
f 1934//1934 1782//1782 1712//1712
f 1934//1934 1712//1712 1935//1935
f 1935//1935 1712//1712 1861//1861
f 1935//1935 1861//1861 1937//1937
f 1937//1937 1861//1861 1859//1859
f 1937//1937 1859//1859 1939//1939
f 1939//1939 1859//1859 1856//1856
f 1941//1941 1805//1805 1803//1803
f 1941//1941 1803//1803 1943//1943
f 1943//1943 1803//1803 1800//1800
f 1943//1943 1800//1800 1946//1946
f 1946//1946 1800//1800 1798//1798
f 1946//1946 1798//1798 1950//1950
f 1950//1950 1798//1798 1796//1796
f 1950//1950 1796//1796 1930//1930
f 1952//1952 1825//1825 1954//1954
f 1954//1954 1825//1825 1822//1822
f 1954//1954 1822//1822 1956//1956
f 1956//1956 1822//1822 1816//1816
f 1956//1956 1816//1816 1957//1957
f 1957//1957 1816//1816 1759//1759
f 1957//1957 1759//1759 1960//1960
f 1759//1759 1795//1795 1960//1960
f 1960//1960 1795//1795 1793//1793
f 1960//1960 1793//1793 1961//1961
f 1961//1961 1793//1793 1791//1791
f 1961//1961 1791//1791 1941//1941
f 1941//1941 1791//1791 1805//1805
f 1963//1963 1820//1820 1828//1828
f 1963//1963 1828//1828 1966//1966
f 1966//1966 1828//1828 1825//1825
f 1966//1966 1825//1825 1952//1952
f 1968//1968 1807//1807 1817//1817
f 1968//1968 1817//1817 1969//1969
f 1969//1969 1817//1817 1820//1820
f 1969//1969 1820//1820 1963//1963
f 1971//1971 1976//1976 1843//1843
f 1843//1843 1841//1841 1971//1971
f 1971//1971 1841//1841 1840//1840
f 1971//1971 1840//1840 1978//1978
f 1978//1978 1840//1840 1838//1838
f 1978//1978 1838//1838 1980//1980
f 1980//1980 1838//1838 1774//1774
f 1980//1980 1774//1774 1982//1982
f 1982//1982 1774//1774 1812//1812
f 1982//1982 1812//1812 1988//1988
f 1988//1988 1812//1812 1810//1810
f 1988//1988 1810//1810 1968//1968
f 1968//1968 1810//1810 1807//1807
f 1989//1989 1887//1887 1991//1991
f 1991//1991 1887//1887 1878//1878
f 1991//1991 1878//1878 1993//1993
f 1993//1993 1878//1878 1876//1876
f 1993//1993 1876//1876 1995//1995
f 1995//1995 1876//1876 1715//1715
f 1995//1995 1715//1715 1997//1997
f 1715//1715 1835//1835 1997//1997
f 1997//1997 1835//1835 1833//1833
f 1997//1997 1833//1833 2000//2000
f 2000//2000 1833//1833 1831//1831
f 2000//2000 1831//1831 2003//2003
f 2003//2003 1831//1831 1855//1855
f 2003//2003 1855//1855 1850//1850
f 2003//2003 1850//1850 2005//2005
f 2005//2005 1850//1850 1848//1848
f 2005//2005 1848//1848 2006//2006
f 2006//2006 1848//1848 1847//1847
f 2006//2006 1845//1845 2008//2008
f 2008//2008 1845//1845 1843//1843
f 2008//2008 1843//1843 1976//1976
f 2011//2011 1866//1866 2014//2014
f 2014//2014 1866//1866 1865//1865
f 2014//2014 1865//1865 2016//2016
f 1865//1865 1862//1862 2016//2016
f 2016//2016 1862//1862 1662//1662
f 2016//2016 1662//1662 2018//2018
f 2018//2018 1662//1662 1892//1892
f 2018//2018 1892//1892 1912//1912
f 1921//1921 2020//2020 1924//1924
f 1924//1924 2020//2020 2018//2018
f 1924//1924 2018//2018 1926//1926
f 1926//1926 2018//2018 1912//1912
f 1939//1939 1856//1856 1872//1872
f 1939//1939 1872//1872 2021//2021
f 2021//2021 1872//1872 1871//1871
f 2021//2021 1871//1871 2024//2024
f 2024//2024 1871//1871 1868//1868
f 2024//2024 1868//1868 2026//2026
f 2026//2026 1868//1868 1866//1866
f 2026//2026 1866//1866 2011//2011
f 2028//2028 1905//1905 1903//1903
f 2028//2028 1903//1903 2032//2032
f 2032//2032 1903//1903 1902//1902
f 2030//2030 1902//1902 1901//1901
f 1901//1901 1900//1900 2030//2030
f 2030//2030 1900//1900 1676//1676
f 2030//2030 1675//1675 2034//2034
f 2034//2034 1675//1675 1874//1874
f 2034//2034 1874//1874 2036//2036
f 2036//2036 1874//1874 1884//1884
f 2036//2036 1884//1884 2038//2038
f 2038//2038 1884//1884 1882//1882
f 2038//2038 1882//1882 1881//1881
f 2038//2038 1881//1881 2041//2041
f 2041//2041 1881//1881 1890//1890
f 2041//2041 1890//1890 2043//2043
f 2043//2043 1890//1890 1888//1888
f 2043//2043 1888//1888 2044//2044
f 2044//2044 1888//1888 1887//1887
f 2044//2044 1887//1887 1989//1989
f 2047//2047 2049//2049 1909//1909
f 1905//1905 2028//2028 1896//1896
f 1896//1896 2028//2028 2047//2047
f 1896//1896 2047//2047 1894//1894
f 1894//1894 2047//2047 1909//1909
f 2052//2052 1918//1918 1916//1916
f 2052//2052 1916//1916 2055//2055
f 2055//2055 1916//1916 1914//1914
f 2055//2055 1914//1914 2058//2058
f 2058//2058 1914//1914 1910//1910
f 2058//2058 1910//1910 2060//2060
f 2060//2060 1910//1910 1909//1909
f 2060//2060 1909//1909 2049//2049
f 1918//1918 2052//2052 1899//1899
f 1899//1899 2052//2052 2062//2062
f 1899//1899 2062//2062 1920//1920
f 1920//1920 2062//2062 2020//2020
f 1920//1920 2020//2020 1921//1921
f 2054//2054 2056//2056 1947//1947
f 1942//1942 1945//1945 1965//1965
f 2040//2040 2042//2042 1964//1964
f 1964//1964 2042//2042 2045//2045
f 1964//1964 2045//2045 1970//1970
f 2039//2039 2040//2040 2050//2050
f 2004//2004 2007//2007 2045//2045
f 1948//1948 2057//2057 1944//1944
f 1965//1965 1945//1945 1964//1964
f 1964//1964 1945//1945 2056//2056
f 1964//1964 2056//2056 2040//2040
f 2040//2040 2056//2056 2059//2059
f 2040//2040 2059//2059 2050//2050
f 2045//2045 2007//2007 1970//1970
f 1970//1970 2007//2007 2009//2009
f 1970//1970 2009//2009 1977//1977
f 2004//2004 2045//2045 2002//2002
f 2002//2002 2045//2045 1990//1990
f 2002//2002 1990//1990 1992//1992
f 1938//1938 1940//1940 1929//1929
f 1929//1929 1940//1940 2022//2022
f 1929//1929 2022//2022 1949//1949
f 1949//1949 2022//2022 2023//2023
f 1949//1949 2023//2023 1947//1947
f 1947//1947 2023//2023 2054//2054
f 2054//2054 2023//2023 2025//2025
f 2054//2054 2025//2025 2053//2053
f 2053//2053 2025//2025 2012//2012
f 2051//2051 2010//2010 2063//2063
f 1958//1958 1959//1959 1955//1955
f 1955//1955 1959//1959 1962//1962
f 1955//1955 1962//1962 1953//1953
f 1953//1953 1962//1962 1942//1942
f 1953//1953 1942//1942 1951//1951
f 1951//1951 1942//1942 1965//1965
f 2027//2027 2031//2031 2033//2033
f 1998//1998 1999//1999 1996//1996
f 1996//1996 2001//2001 2002//2002
f 1996//1996 2002//2002 1994//1994
f 1994//1994 2002//2002 1992//1992
f 1972//1972 1979//1979 1981//1981
f 2050//2050 2048//2048 2039//2039
f 2037//2037 2046//2046 2029//2029
f 2039//2039 2027//2027 2035//2035
f 2035//2035 2027//2027 2033//2033
f 1981//1981 1984//1984 1972//1972
f 1974//1974 1983//1983 1986//1986
f 1973//1973 1985//1985 1975//1975
f 1977//1977 1987//1987 1967//1967
f 1977//1977 1967//1967 1970//1970
f 1933//1933 1936//1936 1931//1931
f 1931//1931 1936//1936 1938//1938
f 1931//1931 1938//1938 1928//1928
f 1928//1928 1938//1938 1929//1929
f 2012//2012 2013//2013 2015//2015
f 2061//2061 2012//2012 2019//2019
f 2019//2019 2012//2012 2015//2015
f 2019//2019 2015//2015 2017//2017
f 2064//2064 2066//2066 2067//2067
f 2068//2068 2070//2070 2072//2072
f 2072//2072 2070//2070 2073//2073
f 2073//2073 2077//2077 2072//2072
f 2072//2072 2077//2077 2079//2079
f 2072//2072 2079//2079 2081//2081
f 2081//2081 2079//2079 2082//2082
f 2081//2081 2082//2082 2084//2084
f 2085//2085 2087//2087 2089//2089
f 2091//2091 2092//2092 2093//2093
f 2093//2093 2092//2092 2095//2095
f 2093//2093 2095//2095 2089//2089
f 2089//2089 2095//2095 2098//2098
f 2089//2089 2098//2098 2085//2085
f 2099//2099 2102//2102 2103//2103
f 2103//2103 2102//2102 2105//2105
f 2103//2103 2105//2105 2067//2067
f 2067//2067 2105//2105 2107//2107
f 2067//2067 2107//2107 2064//2064
f 2087//2087 2108//2108 2089//2089
f 2089//2089 2108//2108 2111//2111
f 2089//2089 2111//2111 2112//2112
f 2112//2112 2111//2111 2114//2114
f 2108//2108 2068//2068 2111//2111
f 2111//2111 2068//2068 2072//2072
f 2111//2111 2072//2072 2114//2114
f 2114//2114 2072//2072 2116//2116
f 2119//2119 2120//2120 2121//2121
f 2121//2121 2120//2120 2123//2123
f 2121//2121 2123//2123 2124//2124
f 2126//2126 2128//2128 2124//2124
f 2124//2124 2123//2123 2126//2126
f 2126//2126 2123//2123 2130//2130
f 2126//2126 2130//2130 2133//2133
f 2119//2119 2116//2116 2120//2120
f 2120//2120 2116//2116 2072//2072
f 2120//2120 2072//2072 2123//2123
f 2123//2123 2072//2072 2081//2081
f 2123//2123 2081//2081 2130//2130
f 2130//2130 2081//2081 2084//2084
f 2112//2112 2099//2099 2089//2089
f 2089//2089 2099//2099 2103//2103
f 2089//2089 2103//2103 2093//2093
f 2093//2093 2103//2103 2067//2067
f 2093//2093 2067//2067 2091//2091
f 2091//2091 2067//2067 2066//2066
f 2091//2091 2066//2066 2136//2136
f 2139//2139 2140//2140 2141//2141
f 2142//2142 2144//2144 2146//2146
f 2146//2146 2144//2144 2147//2147
f 2146//2146 2147//2147 2149//2149
f 2149//2149 2147//2147 2151//2151
f 2149//2149 2151//2151 2128//2128
f 2139//2139 2141//2141 2152//2152
f 2152//2152 2141//2141 2154//2154
f 2152//2152 2154//2154 2156//2156
f 2158//2158 2159//2159 2161//2161
f 2161//2161 2159//2159 2162//2162
f 2161//2161 2162//2162 2164//2164
f 2066//2066 2064//2064 2164//2164
f 2166//2166 2167//2167 2162//2162
f 2164//2164 2162//2162 2066//2066
f 2066//2066 2162//2162 2167//2167
f 2066//2066 2167//2167 2136//2136
f 2172//2172 2173//2173 2175//2175
f 2175//2175 2173//2173 2176//2176
f 2175//2175 2176//2176 2140//2140
f 2140//2140 2176//2176 2182//2182
f 2140//2140 2182//2182 2141//2141
f 2141//2141 2182//2182 2183//2183
f 2141//2141 2183//2183 2154//2154
f 2154//2154 2183//2183 2188//2188
f 2154//2154 2188//2188 2189//2189
f 2189//2189 2188//2188 2192//2192
f 2189//2189 2190//2190 2194//2194
f 2128//2128 2126//2126 2149//2149
f 2149//2149 2126//2126 2133//2133
f 2149//2149 2133//2133 2196//2196
f 2196//2196 2172//2172 2149//2149
f 2149//2149 2172//2172 2175//2175
f 2149//2149 2175//2175 2146//2146
f 2146//2146 2175//2175 2140//2140
f 2146//2146 2140//2140 2142//2142
f 2142//2142 2140//2140 2139//2139
f 2194//2194 2166//2166 2189//2189
f 2189//2189 2166//2166 2162//2162
f 2189//2189 2162//2162 2154//2154
f 2154//2154 2162//2162 2159//2159
f 2154//2154 2159//2159 2156//2156
f 2156//2156 2159//2159 2158//2158
f 2132//2132 2199//2199 2195//2195
f 2197//2197 2201//2201 2203//2203
f 2198//2198 2204//2204 2207//2207
f 2208//2208 2211//2211 2173//2173
f 2173//2173 2211//2211 2213//2213
f 2173//2173 2213//2213 2176//2176
f 2206//2206 2215//2215 2195//2195
f 2195//2195 2215//2215 2217//2217
f 2195//2195 2217//2217 2171//2171
f 2217//2217 2218//2218 2171//2171
f 2171//2171 2218//2218 2220//2220
f 2171//2171 2220//2220 2174//2174
f 2173//2173 2220//2220 2223//2223
f 2173//2173 2223//2223 2208//2208
f 2181//2181 2177//2177 2225//2225
f 2228//2228 2229//2229 2187//2187
f 2186//2186 2231//2231 2234//2234
f 2187//2187 2233//2233 2191//2191
f 2228//2228 2187//2187 2235//2235
f 2235//2235 2187//2187 2185//2185
f 2235//2235 2185//2185 2237//2237
f 2224//2224 2241//2241 2180//2180
f 2179//2179 2240//2240 2245//2245
f 2180//2180 2243//2243 2184//2184
f 2185//2185 2244//2244 2246//2246
f 2185//2185 2246//2246 2237//2237
f 2248//2248 2250//2250 2170//2170
f 2168//2168 2251//2251 2254//2254
f 2168//2168 2254//2254 2137//2137
f 2190//2190 2256//2256 2194//2194
f 2194//2194 2256//2256 2257//2257
f 2194//2194 2257//2257 2259//2259
f 2259//2259 2261//2261 2194//2194
f 2194//2194 2261//2261 2265//2265
f 2194//2194 2265//2265 2165//2165
f 2265//2265 2266//2266 2165//2165
f 2165//2165 2266//2266 2268//2268
f 2165//2165 2268//2268 2170//2170
f 2169//2169 2269//2269 2273//2273
f 2170//2170 2271//2271 2248//2248
f 2274//2274 2132//2132 2129//2129
f 2084//2084 2082//2082 2277//2277
f 2274//2274 2129//2129 2278//2278
f 2277//2277 2280//2280 2084//2084
f 2084//2084 2280//2280 2283//2283
f 2084//2084 2283//2283 2285//2285
f 2285//2285 2287//2287 2084//2084
f 2084//2084 2287//2287 2290//2290
f 2084//2084 2290//2290 2129//2129
f 2129//2129 2290//2290 2292//2292
f 2129//2129 2292//2292 2278//2278
f 2293//2293 2095//2095 2092//2092
f 2134//2134 2295//2295 2090//2090
f 2090//2090 2295//2295 2297//2297
f 2299//2299 2301//2301 2092//2092
f 2092//2092 2301//2301 2304//2304
f 2092//2092 2304//2304 2293//2293
f 2297//2297 2306//2306 2090//2090
f 2090//2090 2306//2306 2308//2308
f 2090//2090 2308//2308 2092//2092
f 2092//2092 2308//2308 2309//2309
f 2092//2092 2309//2309 2299//2299
f 2313//2313 2110//2110 2316//2316
f 2316//2316 2110//2110 2088//2088
f 2075//2075 2071//2071 2318//2318
f 2097//2097 2320//2320 2322//2322
f 2097//2097 2322//2322 2086//2086
f 2086//2086 2322//2322 2325//2325
f 2086//2086 2325//2325 2088//2088
f 2088//2088 2325//2325 2327//2327
f 2088//2088 2327//2327 2316//2316
f 2314//2314 2329//2329 2109//2109
f 2110//2110 2330//2330 2332//2332
f 2110//2110 2332//2332 2069//2069
f 2332//2332 2335//2335 2069//2069
f 2069//2069 2335//2335 2338//2338
f 2069//2069 2338//2338 2071//2071
f 2071//2071 2338//2338 2339//2339
f 2071//2071 2339//2339 2318//2318
f 2318//2318 2341//2341 2075//2075
f 2075//2075 2341//2341 2345//2345
f 2074//2074 2344//2344 2076//2076
f 2078//2078 2345//2345 2348//2348
f 2078//2078 2347//2347 2080//2080
f 2080//2080 2348//2348 2351//2351
f 2080//2080 2349//2349 2334//2334
f 2352//2352 2355//2355 2214//2214
f 2214//2214 2205//2205 2352//2352
f 2352//2352 2205//2205 2202//2202
f 2352//2352 2202//2202 2358//2358
f 2358//2358 2202//2202 2200//2200
f 2358//2358 2200//2200 2360//2360
f 2360//2360 2200//2200 2131//2131
f 2360//2360 2131//2131 2362//2362
f 2362//2362 2131//2131 2275//2275
f 2362//2362 2275//2275 2363//2363
f 2363//2363 2275//2275 2279//2279
f 2363//2363 2279//2279 2365//2365
f 2365//2365 2279//2279 2291//2291
f 2368//2368 2222//2222 2221//2221
f 2368//2368 2221//2221 2371//2371
f 2371//2371 2221//2221 2219//2219
f 2371//2371 2219//2219 2375//2375
f 2375//2375 2219//2219 2216//2216
f 2375//2375 2216//2216 2378//2378
f 2378//2378 2216//2216 2214//2214
f 2378//2378 2214//2214 2355//2355
f 2379//2379 2242//2242 2384//2384
f 2384//2384 2242//2242 2239//2239
f 2384//2384 2239//2239 2385//2385
f 2385//2385 2239//2239 2226//2226
f 2385//2385 2226//2226 2389//2389
f 2389//2389 2226//2226 2178//2178
f 2389//2389 2178//2178 2391//2391
f 2178//2178 2212//2212 2391//2391
f 2391//2391 2212//2212 2210//2210
f 2391//2391 2210//2210 2393//2393
f 2393//2393 2210//2210 2209//2209
f 2393//2393 2209//2209 2368//2368
f 2368//2368 2209//2209 2222//2222
f 2396//2396 2238//2238 2247//2247
f 2396//2396 2247//2247 2398//2398
f 2398//2398 2247//2247 2242//2242
f 2398//2398 2242//2242 2379//2379
f 2400//2400 2227//2227 2236//2236
f 2400//2400 2236//2236 2404//2404
f 2404//2404 2236//2236 2238//2238
f 2404//2404 2238//2238 2396//2396
f 2407//2407 2410//2410 2262//2262
f 2262//2262 2260//2260 2407//2407
f 2407//2407 2260//2260 2258//2258
f 2407//2407 2258//2258 2412//2412
f 2412//2412 2258//2258 2255//2255
f 2412//2412 2255//2255 2416//2416
f 2416//2416 2255//2255 2193//2193
f 2416//2416 2193//2193 2417//2417
f 2417//2417 2193//2193 2232//2232
f 2417//2417 2232//2232 2423//2423
f 2423//2423 2232//2232 2230//2230
f 2423//2423 2230//2230 2400//2400
f 2400//2400 2230//2230 2227//2227
f 2424//2424 2305//2305 2426//2426
f 2426//2426 2305//2305 2298//2298
f 2426//2426 2298//2298 2429//2429
f 2429//2429 2298//2298 2296//2296
f 2429//2429 2296//2296 2431//2431
f 2431//2431 2296//2296 2135//2135
f 2431//2431 2135//2135 2433//2433
f 2135//2135 2253//2253 2433//2433
f 2433//2433 2253//2253 2252//2252
f 2433//2433 2252//2252 2434//2434
f 2434//2434 2252//2252 2249//2249
f 2434//2434 2249//2249 2438//2438
f 2438//2438 2249//2249 2272//2272
f 2438//2438 2272//2272 2270//2270
f 2438//2438 2270//2270 2439//2439
f 2439//2439 2270//2270 2267//2267
f 2439//2439 2267//2267 2443//2443
f 2443//2443 2267//2267 2263//2263
f 2442//2442 2264//2264 2445//2445
f 2445//2445 2264//2264 2262//2262
f 2445//2445 2262//2262 2410//2410
f 2446//2446 2282//2282 2450//2450
f 2450//2450 2282//2282 2281//2281
f 2450//2450 2281//2281 2451//2451
f 2281//2281 2276//2276 2451//2451
f 2451//2451 2276//2276 2083//2083
f 2451//2451 2083//2083 2454//2454
f 2454//2454 2083//2083 2311//2311
f 2454//2454 2311//2311 2333//2333
f 2343//2343 2455//2455 2346//2346
f 2346//2346 2455//2455 2454//2454
f 2346//2346 2454//2454 2350//2350
f 2350//2350 2454//2454 2333//2333
f 2365//2365 2291//2291 2289//2289
f 2366//2366 2288//2288 2458//2458
f 2458//2458 2288//2288 2286//2286
f 2458//2458 2286//2286 2459//2459
f 2459//2459 2286//2286 2284//2284
f 2459//2459 2284//2284 2463//2463
f 2463//2463 2284//2284 2282//2282
f 2463//2463 2282//2282 2446//2446
f 2466//2466 2326//2326 2324//2324
f 2466//2466 2324//2324 2470//2470
f 2470//2470 2324//2324 2323//2323
f 2469//2469 2323//2323 2321//2321
f 2321//2321 2319//2319 2469//2469
f 2469//2469 2319//2319 2096//2096
f 2469//2469 2094//2094 2472//2472
f 2472//2472 2094//2094 2294//2294
f 2472//2472 2294//2294 2473//2473
f 2473//2473 2294//2294 2303//2303
f 2473//2473 2303//2303 2477//2477
f 2477//2477 2303//2303 2302//2302
f 2477//2477 2302//2302 2300//2300
f 2477//2477 2300//2300 2479//2479
f 2479//2479 2300//2300 2310//2310
f 2479//2479 2310//2310 2480//2480
f 2480//2480 2310//2310 2307//2307
f 2480//2480 2307//2307 2482//2482
f 2482//2482 2307//2307 2305//2305
f 2482//2482 2305//2305 2424//2424
f 2486//2486 2487//2487 2328//2328
f 2326//2326 2466//2466 2315//2315
f 2315//2315 2466//2466 2486//2486
f 2315//2315 2486//2486 2312//2312
f 2312//2312 2486//2486 2328//2328
f 2489//2489 2340//2340 2337//2337
f 2489//2489 2337//2337 2493//2493
f 2493//2493 2337//2337 2336//2336
f 2493//2493 2336//2336 2495//2495
f 2495//2495 2336//2336 2331//2331
f 2495//2495 2331//2331 2498//2498
f 2498//2498 2331//2331 2328//2328
f 2498//2498 2328//2328 2487//2487
f 2340//2340 2489//2489 2317//2317
f 2317//2317 2489//2489 2499//2499
f 2317//2317 2499//2499 2342//2342
f 2342//2342 2499//2499 2455//2455
f 2342//2342 2455//2455 2343//2343
f 2476//2476 2478//2478 2488//2488
f 2403//2403 2483//2483 2441//2441
f 2441//2441 2483//2483 2440//2440
f 2457//2457 2461//2461 2494//2494
f 2496//2496 2460//2460 2462//2462
f 2494//2494 2464//2464 2492//2492
f 2441//2441 2444//2444 2403//2403
f 2403//2403 2444//2444 2411//2411
f 2405//2405 2409//2409 2401//2401
f 2402//2402 2411//2411 2421//2421
f 2364//2364 2367//2367 2354//2354
f 2354//2354 2367//2367 2457//2457
f 2354//2354 2457//2457 2377//2377
f 2377//2377 2457//2457 2494//2494
f 2377//2377 2494//2494 2478//2478
f 2478//2478 2494//2494 2497//2497
f 2478//2478 2497//2497 2488//2488
f 2372//2372 2374//2374 2399//2399
f 2397//2397 2373//2373 2376//2376
f 2399//2399 2377//2377 2395//2395
f 2395//2395 2377//2377 2478//2478
f 2395//2395 2478//2478 2403//2403
f 2403//2403 2478//2478 2481//2481
f 2403//2403 2481//2481 2483//2483
f 2440//2440 2483//2483 2437//2437
f 2437//2437 2483//2483 2425//2425
f 2437//2437 2425//2425 2427//2427
f 2372//2372 2399//2399 2370//2370
f 2370//2370 2399//2399 2380//2380
f 2369//2369 2381//2381 2382//2382
f 2361//2361 2364//2364 2359//2359
f 2359//2359 2364//2364 2354//2354
f 2359//2359 2354//2354 2356//2356
f 2357//2357 2354//2354 2353//2353
f 2492//2492 2464//2464 2491//2491
f 2491//2491 2464//2464 2447//2447
f 2490//2490 2448//2448 2501//2501
f 2432//2432 2435//2435 2430//2430
f 2430//2430 2436//2436 2437//2437
f 2430//2430 2437//2437 2428//2428
f 2428//2428 2437//2437 2427//2427
f 2415//2415 2418//2418 2413//2413
f 2414//2414 2419//2419 2422//2422
f 2413//2413 2421//2421 2408//2408
f 2406//2406 2420//2420 2409//2409
f 2465//2465 2468//2468 2471//2471
f 2390//2390 2394//2394 2387//2387
f 2388//2388 2392//2392 2369//2369
f 2387//2387 2370//2370 2386//2386
f 2386//2386 2370//2370 2383//2383
f 2488//2488 2485//2485 2476//2476
f 2475//2475 2484//2484 2467//2467
f 2476//2476 2465//2465 2474//2474
f 2474//2474 2465//2465 2471//2471
f 2447//2447 2449//2449 2452//2452
f 2500//2500 2447//2447 2456//2456
f 2456//2456 2447//2447 2452//2452
f 2456//2456 2452//2452 2453//2453
f 2502//2502 2155//2155 2506//2506
f 2506//2506 2155//2155 2157//2157
f 2506//2506 2157//2157 2509//2509
f 2157//2157 2160//2160 2509//2509
f 2509//2509 2160//2160 2163//2163
f 2509//2509 2163//2163 2511//2511
f 2511//2511 2163//2163 2065//2065
f 2511//2511 2065//2065 2513//2513
f 2514//2514 2117//2117 2517//2517
f 2517//2517 2117//2117 2118//2118
f 2517//2517 2118//2118 2518//2518
f 2118//2118 2122//2122 2518//2518
f 2518//2518 2122//2122 2125//2125
f 2518//2518 2125//2125 2521//2521
f 2521//2521 2125//2125 2127//2127
f 2521//2521 2127//2127 2523//2523
f 2145//2145 2524//2524 2148//2148
f 2148//2148 2524//2524 2523//2523
f 2148//2148 2523//2523 2150//2150
f 2150//2150 2523//2523 2127//2127
f 2101//2101 2527//2527 2104//2104
f 2104//2104 2527//2527 2513//2513
f 2104//2104 2513//2513 2106//2106
f 2106//2106 2513//2513 2065//2065
f 2145//2145 2143//2143 2524//2524
f 2524//2524 2143//2143 2138//2138
f 2524//2524 2138//2138 2502//2502
f 2502//2502 2138//2138 2153//2153
f 2502//2502 2153//2153 2155//2155
f 2101//2101 2100//2100 2527//2527
f 2527//2527 2100//2100 2113//2113
f 2527//2527 2113//2113 2514//2514
f 2514//2514 2113//2113 2115//2115
f 2514//2514 2115//2115 2117//2117
f 2515//2515 2529//2529 2526//2526
f 2526//2526 2529//2529 2530//2530
f 2526//2526 2530//2530 2533//2533
f 2533//2533 2535//2535 2526//2526
f 2526//2526 2535//2535 2537//2537
f 2526//2526 2537//2537 2512//2512
f 2512//2512 2537//2537 2540//2540
f 2512//2512 2540//2540 2510//2510
f 2510//2510 2540//2540 2541//2541
f 2510//2510 2541//2541 2507//2507
f 2507//2507 2541//2541 2543//2543
f 2508//2508 2545//2545 2504//2504
f 2504//2504 2545//2545 2547//2547
f 2505//2505 2548//2548 2503//2503
f 2503//2503 2548//2548 2550//2550
f 2552//2552 1736//1736 2554//2554
f 2554//2554 1736//1736 1738//1738
f 2554//2554 1738//1738 2556//2556
f 2556//2556 1738//1738 1742//1742
f 2556//2556 1742//1742 2559//2559
f 1741//1741 1746//1746 2558//2558
f 2559//2559 1745//1745 1645//1645
f 2559//2559 1645//1645 2561//2561
f 2561//2561 1645//1645 1686//1686
f 2561//2561 1686//1686 2563//2563
f 2564//2564 1697//1697 2566//2566
f 2566//2566 1697//1697 1699//1699
f 2566//2566 1699//1699 2569//2569
f 1699//1699 1701//1701 2569//2569
f 2569//2569 1701//1701 1705//1705
f 2569//2569 1705//1705 2570//2570
f 2570//2570 1705//1705 1707//1707
f 2570//2570 1707//1707 2572//2572
f 1725//1725 2574//2574 1728//1728
f 1728//1728 2574//2574 2572//2572
f 1728//1728 2572//2572 1731//1731
f 1731//1731 2572//2572 1707//1707
f 1686//1686 1685//1685 2563//2563
f 2563//2563 1685//1685 1681//1681
f 2563//2563 1681//1681 2576//2576
f 1725//1725 1723//1723 2574//2574
f 2574//2574 1723//1723 1718//1718
f 2574//2574 1718//1718 2552//2552
f 2552//2552 1718//1718 1733//1733
f 2552//2552 1733//1733 1736//1736
f 1681//1681 1680//1680 2576//2576
f 2576//2576 1680//1680 1692//1692
f 2576//2576 1692//1692 2564//2564
f 2564//2564 1692//1692 1695//1695
f 2564//2564 1695//1695 1697//1697
f 2578//2578 2551//2551 2580//2580
f 2580//2580 2551//2551 2553//2553
f 2555//2555 2583//2583 2553//2553
f 2553//2553 2583//2583 2585//2585
f 2553//2553 2585//2585 2580//2580
f 2557//2557 2587//2587 2555//2555
f 2555//2555 2587//2587 2589//2589
f 2555//2555 2589//2589 2583//2583
f 2565//2565 2591//2591 2577//2577
f 2577//2577 2591//2591 2592//2592
f 2577//2577 2592//2592 2562//2562
f 2562//2562 2592//2592 2594//2594
f 2562//2562 2594//2594 2560//2560
f 2560//2560 2594//2594 2596//2596
f 2560//2560 2596//2596 2557//2557
f 2557//2557 2596//2596 2599//2599
f 2557//2557 2599//2599 2587//2587
f 2601//2601 1298//1298 2603//2603
f 2603//2603 1298//1298 1299//1299
f 2603//2603 1299//1299 2605//2605
f 2608//2608 2609//2609 1259//1259
f 1259//1259 2609//2609 1258//1258
f 1258//1258 2609//2609 2613//2613
f 1258//1258 2613//2613 1255//1255
f 1259//1259 1263//1263 2608//2608
f 2608//2608 1263//1263 1266//1266
f 2608//2608 1266//1266 2614//2614
f 2614//2614 1266//1266 1269//1269
f 2614//2614 1269//1269 2616//2616
f 1286//1286 2618//2618 1290//1290
f 1290//1290 2618//2618 2616//2616
f 1290//1290 2616//2616 1293//1293
f 1293//1293 2616//2616 1269//1269
f 1286//1286 1284//1284 2618//2618
f 2618//2618 1284//1284 1280//1280
f 2618//2618 1280//1280 2601//2601
f 2601//2601 1280//1280 1295//1295
f 2601//2601 1295//1295 1298//1298
f 1299//1299 1303//1303 2605//2605
f 2605//2605 1303//1303 1305//1305
f 2605//2605 1305//1305 2620//2620
f 2620//2620 1305//1305 1230//1230
f 2620//2620 1230//1230 2623//2623
f 1255//1255 2613//2613 1253//1253
f 1253//1253 2613//2613 2625//2625
f 1253//1253 2625//2625 1242//1242
f 1230//1230 1248//1248 2623//2623
f 2623//2623 1248//1248 1247//1247
f 2623//2623 1247//1247 2625//2625
f 2625//2625 1247//1247 1244//1244
f 2625//2625 1244//1244 1242//1242
f 2624//2624 2612//2612 2627//2627
f 2629//2629 2600//2600 2630//2630
f 2630//2630 2600//2600 2602//2602
f 2630//2630 2602//2602 2633//2633
f 2634//2634 2637//2637 2604//2604
f 2604//2604 2637//2637 2639//2639
f 2604//2604 2639//2639 2602//2602
f 2602//2602 2639//2639 2641//2641
f 2602//2602 2641//2641 2633//2633
f 2622//2622 2642//2642 2621//2621
f 2621//2621 2642//2642 2644//2644
f 2621//2621 2644//2644 2604//2604
f 2604//2604 2644//2644 2646//2646
f 2604//2604 2646//2646 2634//2634
f 2627//2627 2648//2648 2624//2624
f 2624//2624 2648//2648 2651//2651
f 2624//2624 2651//2651 2622//2622
f 2622//2622 2651//2651 2652//2652
f 2622//2622 2652//2652 2642//2642
f 2654//2654 841//841 2656//2656
f 2656//2656 841//841 843//843
f 2656//2656 843//843 2659//2659
f 2662//2662 2663//2663 804//804
f 2666//2666 2668//2668 831//831
f 843//843 846//846 2659//2659
f 2659//2659 846//846 849//849
f 2659//2659 849//849 2670//2670
f 2670//2670 849//849 772//772
f 2670//2670 772//772 2671//2671
f 804//804 2663//2663 802//802
f 802//802 2663//2663 2673//2673
f 802//802 2673//2673 800//800
f 800//800 2673//2673 2675//2675
f 800//800 2675//2675 798//798
f 805//805 808//808 2661//2661
f 2662//2662 809//809 812//812
f 2662//2662 812//812 2677//2677
f 2677//2677 812//812 837//837
f 2677//2677 837//837 2668//2668
f 2668//2668 837//837 834//834
f 2668//2668 834//834 831//831
f 831//831 828//828 2666//2666
f 2666//2666 828//828 824//824
f 2666//2666 824//824 2654//2654
f 2654//2654 824//824 838//838
f 2654//2654 838//838 841//841
f 798//798 2675//2675 795//795
f 795//795 2675//2675 2680//2680
f 795//795 2680//2680 784//784
f 772//772 790//790 2671//2671
f 2671//2671 790//790 788//788
f 2671//2671 788//788 2680//2680
f 2680//2680 788//788 786//786
f 2680//2680 786//786 784//784
f 2681//2681 2658//2658 2684//2684
f 2684//2684 2658//2658 2669//2669
f 2684//2684 2669//2669 2685//2685
f 2685//2685 2669//2669 2672//2672
f 2685//2685 2672//2672 2687//2687
f 2690//2690 2692//2692 2679//2679
f 2679//2679 2692//2692 2694//2694
f 2679//2679 2694//2694 2672//2672
f 2672//2672 2694//2694 2696//2696
f 2672//2672 2696//2696 2687//2687
f 2676//2676 2697//2697 2679//2679
f 2679//2679 2697//2697 2700//2700
f 2679//2679 2700//2700 2690//2690
f 2681//2681 2702//2702 2658//2658
f 2658//2658 2702//2702 2703//2703
f 2658//2658 2703//2703 2657//2657
f 2657//2657 2703//2703 2706//2706
f 2657//2657 2706//2706 2655//2655
f 2655//2655 2706//2706 2708//2708
f 2691//2691 2709//2709 2693//2693
f 2693//2693 2709//2709 2710//2710
f 2693//2693 2710//2710 2695//2695
f 2711//2711 2712//2712 2713//2713
f 2713//2713 2712//2712 2714//2714
f 2715//2715 2716//2716 2714//2714
f 2714//2714 2716//2716 2717//2717
f 2714//2714 2717//2717 2713//2713
f 2718//2718 2719//2719 2720//2720
f 2720//2720 2719//2719 2721//2721
f 2720//2720 2721//2721 2722//2722
f 2722//2722 2721//2721 2723//2723
f 2722//2722 2723//2723 2710//2710
f 2710//2710 2723//2723 2724//2724
f 2710//2710 2724//2724 2695//2695
f 2725//2725 2726//2726 2715//2715
f 2715//2715 2726//2726 2727//2727
f 2715//2715 2727//2727 2716//2716
f 2709//2709 2725//2725 2710//2710
f 2710//2710 2725//2725 2715//2715
f 2710//2710 2715//2715 2722//2722
f 2722//2722 2715//2715 2714//2714
f 2722//2722 2714//2714 2720//2720
f 2720//2720 2714//2714 2712//2712
f 2720//2720 2712//2712 2718//2718
f 2711//2711 2718//2718 2712//2712
f 2718//2718 2711//2711 2728//2728
f 2728//2728 2711//2711 2729//2729
f 2711//2711 2713//2713 2729//2729
f 2729//2729 2713//2713 2717//2717
f 2729//2729 2717//2717 2730//2730
f 2726//2726 2732//2732 2727//2727
f 2727//2727 2732//2732 2730//2730
f 2727//2727 2730//2730 2716//2716
f 2716//2716 2730//2730 2717//2717
f 2733//2733 2734//2734 2736//2736
f 2737//2737 2734//2734 2733//2733
f 2738//2738 2739//2739 2740//2740
f 2740//2740 2736//2736 2738//2738
f 2738//2738 2736//2736 2735//2735
f 2738//2738 2735//2735 2741//2741
f 2741//2741 2735//2735 2737//2737
f 2741//2741 2737//2737 2742//2742
f 2636//2636 2739//2739 2638//2638
f 2638//2638 2739//2739 2738//2738
f 2638//2638 2738//2738 2743//2743
f 2743//2743 2738//2738 2741//2741
f 2743//2743 2741//2741 2744//2744
f 2744//2744 2741//2741 2742//2742
f 2744//2744 2742//2742 2745//2745
f 2740//2740 2746//2746 2736//2736
f 2736//2736 2746//2746 2733//2733
f 2733//2733 2747//2747 2748//2748
f 2733//2733 2748//2748 2737//2737
f 2737//2737 2748//2748 2749//2749
f 2737//2737 2749//2749 2742//2742
f 2742//2742 2749//2749 2750//2750
f 2742//2742 2750//2750 2745//2745
f 2753//2753 2755//2755 2756//2756
f 2758//2758 2759//2759 2761//2761
f 2762//2762 2763//2763 2764//2764
f 2764//2764 2763//2763 2766//2766
f 2764//2764 2766//2766 2758//2758
f 2758//2758 2761//2761 2764//2764
f 2764//2764 2761//2761 2767//2767
f 2764//2764 2767//2767 2768//2768
f 2768//2768 2767//2767 2769//2769
f 2768//2768 2769//2769 2770//2770
f 2756//2756 2771//2771 2772//2772
f 2772//2772 2771//2771 2762//2762
f 2753//2753 2756//2756 2772//2772
f 2762//2762 2764//2764 2772//2772
f 2772//2772 2764//2764 2768//2768
f 2772//2772 2768//2768 2752//2752
f 2752//2752 2768//2768 2770//2770
f 2752//2752 2770//2770 2754//2754
f 2773//2773 2756//2756 2755//2755
f 2773//2773 2755//2755 2775//2775
f 2774//2774 2754//2754 2770//2770
f 2774//2774 2770//2770 2776//2776
f 2777//2777 2770//2770 2769//2769
f 2777//2777 2769//2769 2778//2778
f 2780//2780 2781//2781 2782//2782
f 2783//2783 2785//2785 2787//2787
f 2788//2788 2789//2789 2791//2791
f 2792//2792 2793//2793 2794//2794
f 2794//2794 2793//2793 2795//2795
f 2794//2794 2795//2795 2796//2796
f 2796//2796 2795//2795 2797//2797
f 2796//2796 2797//2797 2798//2798
f 2798//2798 2797//2797 2799//2799
f 2793//2793 2789//2789 2795//2795
f 2795//2795 2789//2789 2788//2788
f 2795//2795 2788//2788 2797//2797
f 2797//2797 2788//2788 2800//2800
f 2782//2782 2801//2801 2802//2802
f 2802//2802 2801//2801 2799//2799
f 2780//2780 2782//2782 2802//2802
f 2791//2791 2783//2783 2788//2788
f 2788//2788 2783//2783 2787//2787
f 2788//2788 2787//2787 2800//2800
f 2800//2800 2787//2787 2803//2803
f 2800//2800 2803//2803 2804//2804
f 2799//2799 2797//2797 2802//2802
f 2802//2802 2797//2797 2800//2800
f 2802//2802 2800//2800 2780//2780
f 2780//2780 2800//2800 2804//2804
f 2780//2780 2804//2804 2781//2781
f 2782//2782 2805//2805 2801//2801
f 2801//2801 2805//2805 2806//2806
f 2801//2801 2806//2806 2799//2799
f 2799//2799 2806//2806 2798//2798
f 2798//2798 2806//2806 2807//2807
f 2798//2798 2807//2807 2796//2796
f 2796//2796 2807//2807 2794//2794
f 2794//2794 2807//2807 2809//2809
f 2794//2794 2809//2809 2792//2792
f 2811//2811 2813//2813 2804//2804
f 2815//2815 2816//2816 2782//2782
f 2815//2815 2782//2782 2813//2813
f 2813//2813 2782//2782 2781//2781
f 2813//2813 2781//2781 2804//2804
f 2819//2819 2820//2820 2822//2822
f 2822//2822 2823//2823 2819//2819
f 2819//2819 2823//2823 2824//2824
f 2819//2819 2824//2824 2825//2825
f 2824//2824 2827//2827 2825//2825
f 2825//2825 2827//2827 2811//2811
f 2825//2825 2811//2811 2828//2828
f 2828//2828 2811//2811 2804//2804
f 2828//2828 2804//2804 2831//2831
f 2831//2831 2804//2804 2803//2803
f 2831//2831 2803//2803 2833//2833
f 2833//2833 2803//2803 2787//2787
f 2833//2833 2787//2787 2785//2785
f 2534//2534 2532//2532 2834//2834
f 2837//2837 2791//2791 2789//2789
f 2698//2698 2839//2839 2793//2793
f 2834//2834 2532//2532 2839//2839
f 2839//2839 2532//2532 2531//2531
f 2839//2839 2531//2531 2793//2793
f 2698//2698 2725//2725 2699//2699
f 2699//2699 2725//2725 2709//2709
f 2699//2699 2709//2709 2689//2689
f 2689//2689 2709//2709 2691//2691
f 2531//2531 2528//2528 2793//2793
f 2793//2793 2528//2528 2841//2841
f 2793//2793 2841//2841 2789//2789
f 2789//2789 2841//2841 2843//2843
f 2789//2789 2843//2843 2837//2837
f 2844//2844 2536//2536 2847//2847
f 2847//2847 2536//2536 2534//2534
f 2847//2847 2534//2534 2848//2848
f 2848//2848 2534//2534 2834//2834
f 2698//2698 2793//2793 2725//2725
f 2725//2725 2793//2793 2792//2792
f 2725//2725 2792//2792 2726//2726
f 2850//2850 2851//2851 2704//2704
f 2852//2852 2853//2853 2682//2682
f 2682//2682 2853//2853 2850//2850
f 2682//2682 2850//2850 2701//2701
f 2701//2701 2850//2850 2704//2704
f 2721//2721 2854//2854 2858//2858
f 2723//2723 2721//2721 2683//2683
f 2683//2683 2721//2721 2858//2858
f 2683//2683 2858//2858 2682//2682
f 2682//2682 2858//2858 2859//2859
f 2682//2682 2862//2862 2852//2852
f 2863//2863 2865//2865 2718//2718
f 2718//2718 2865//2865 2854//2854
f 2718//2718 2854//2854 2719//2719
f 2719//2719 2854//2854 2721//2721
f 2683//2683 2686//2686 2723//2723
f 2723//2723 2686//2686 2688//2688
f 2723//2723 2688//2688 2724//2724
f 2724//2724 2688//2688 2695//2695
f 2766//2766 2763//2763 2868//2868
f 2869//2869 2871//2871 2872//2872
f 2872//2872 2871//2871 2873//2873
f 2872//2872 2873//2873 2875//2875
f 2877//2877 2878//2878 2880//2880
f 2875//2875 2873//2873 2880//2880
f 2880//2880 2873//2873 2881//2881
f 2880//2880 2881//2881 2877//2877
f 2868//2868 2763//2763 2883//2883
f 2883//2883 2763//2763 2762//2762
f 2883//2883 2762//2762 2886//2886
f 2816//2816 2887//2887 2756//2756
f 2756//2756 2887//2887 2890//2890
f 2756//2756 2890//2890 2771//2771
f 2771//2771 2890//2890 2891//2891
f 2771//2771 2891//2891 2762//2762
f 2762//2762 2891//2891 2878//2878
f 2762//2762 2878//2878 2886//2886
f 2886//2886 2878//2878 2877//2877
f 2894//2894 2896//2896 2584//2584
f 2640//2640 2638//2638 2743//2743
f 2579//2579 2581//2581 2744//2744
f 2584//2584 2896//2896 2581//2581
f 2581//2581 2896//2896 2897//2897
f 2581//2581 2897//2897 2744//2744
f 2579//2579 2767//2767 2899//2899
f 2899//2899 2767//2767 2761//2761
f 2899//2899 2761//2761 2902//2902
f 2902//2902 2761//2761 2759//2759
f 2897//2897 2628//2628 2744//2744
f 2744//2744 2628//2628 2631//2631
f 2744//2744 2631//2631 2743//2743
f 2743//2743 2631//2631 2632//2632
f 2743//2743 2632//2632 2640//2640
f 2586//2586 2903//2903 2588//2588
f 2588//2588 2903//2903 2894//2894
f 2588//2588 2894//2894 2582//2582
f 2582//2582 2894//2894 2584//2584
f 2579//2579 2744//2744 2767//2767
f 2767//2767 2744//2744 2745//2745
f 2767//2767 2745//2745 2769//2769
f 2635//2635 2739//2739 2636//2636
f 2740//2740 2906//2906 2746//2746
f 2746//2746 2906//2906 2907//2907
f 2746//2746 2907//2907 2733//2733
f 2733//2733 2907//2907 2909//2909
f 2733//2733 2909//2909 2863//2863
f 2739//2739 2635//2635 2740//2740
f 2635//2635 2647//2647 2740//2740
f 2740//2740 2647//2647 2645//2645
f 2740//2740 2645//2645 2906//2906
f 2906//2906 2645//2645 2643//2643
f 2906//2906 2643//2643 2911//2911
f 2911//2911 2643//2643 2653//2653
f 2911//2911 2653//2653 2912//2912
f 2650//2650 2913//2913 2653//2653
f 2653//2653 2913//2913 2914//2914
f 2653//2653 2914//2914 2912//2912
f 2756//2756 2773//2773 2816//2816
f 2816//2816 2773//2773 2805//2805
f 2816//2816 2805//2805 2782//2782
f 2718//2718 2728//2728 2863//2863
f 2863//2863 2728//2728 2747//2747
f 2863//2863 2747//2747 2733//2733
f 2809//2809 2732//2732 2792//2792
f 2792//2792 2732//2732 2726//2726
f 2820//2820 2916//2916 2822//2822
f 2822//2822 2916//2916 2549//2549
f 2822//2822 2549//2549 2851//2851
f 2851//2851 2549//2549 2546//2546
f 2851//2851 2546//2546 2544//2544
f 2539//2539 2536//2536 2917//2917
f 2917//2917 2536//2536 2844//2844
f 2705//2705 2704//2704 2851//2851
f 2705//2705 2851//2851 2707//2707
f 2707//2707 2851//2851 2544//2544
f 2707//2707 2544//2544 2919//2919
f 2538//2538 2917//2917 2542//2542
f 2542//2542 2917//2917 2921//2921
f 2542//2542 2921//2921 2544//2544
f 2544//2544 2921//2921 2923//2923
f 2544//2544 2923//2923 2919//2919
f 2852//2852 2861//2861 2812//2812
f 2812//2812 2860//2860 2857//2857
f 2812//2812 2857//2857 2814//2814
f 2814//2814 2856//2856 2855//2855
f 2814//2814 2855//2855 2866//2866
f 2824//2824 2823//2823 2827//2827
f 2827//2827 2823//2823 2822//2822
f 2827//2827 2822//2822 2810//2810
f 2850//2850 2853//2853 2851//2851
f 2851//2851 2853//2853 2852//2852
f 2851//2851 2852//2852 2822//2822
f 2822//2822 2852//2852 2812//2812
f 2822//2822 2812//2812 2810//2810
f 2864//2864 2910//2910 2817//2817
f 2817//2817 2910//2910 2888//2888
f 2880//2880 2879//2879 2908//2908
f 2908//2908 2879//2879 2892//2892
f 2908//2908 2892//2892 2910//2910
f 2910//2910 2892//2892 2889//2889
f 2910//2910 2889//2889 2888//2888
f 2912//2912 2914//2914 2911//2911
f 2911//2911 2914//2914 2913//2913
f 2911//2911 2913//2913 2905//2905
f 2872//2872 2875//2875 2869//2869
f 2869//2869 2875//2875 2880//2880
f 2869//2869 2880//2880 2913//2913
f 2913//2913 2880//2880 2908//2908
f 2913//2913 2908//2908 2905//2905
f 2650//2650 2649//2649 2913//2913
f 2913//2913 2649//2649 2626//2626
f 2913//2913 2626//2626 2869//2869
f 2869//2869 2626//2626 2927//2927
f 2869//2869 2927//2927 2929//2929
f 2932//2932 2903//2903 2598//2598
f 2598//2598 2903//2903 2586//2586
f 2934//2934 2871//2871 2869//2869
f 2934//2934 2869//2869 2590//2590
f 2590//2590 2869//2869 2929//2929
f 2590//2590 2929//2929 2593//2593
f 2931//2931 2598//2598 2936//2936
f 2936//2936 2598//2598 2597//2597
f 2936//2936 2597//2597 2929//2929
f 2929//2929 2597//2597 2595//2595
f 2929//2929 2595//2595 2593//2593
f 2769//2769 2745//2745 2778//2778
f 2778//2778 2745//2745 2750//2750
f 2866//2866 2864//2864 2814//2814
f 2814//2814 2864//2864 2817//2817
f 2697//2697 2676//2676 2838//2838
f 2838//2838 2676//2676 2674//2674
f 2664//2664 2849//2849 2674//2674
f 2674//2674 2849//2849 2835//2835
f 2674//2674 2835//2835 2838//2838
f 2660//2660 2845//2845 2664//2664
f 2664//2664 2845//2845 2846//2846
f 2664//2664 2846//2846 2849//2849
f 2655//2655 2708//2708 2665//2665
f 2665//2665 2708//2708 2920//2920
f 2665//2665 2920//2920 2667//2667
f 2667//2667 2920//2920 2924//2924
f 2667//2667 2924//2924 2678//2678
f 2678//2678 2924//2924 2922//2922
f 2678//2678 2922//2922 2660//2660
f 2660//2660 2922//2922 2918//2918
f 2660//2660 2918//2918 2845//2845
f 2600//2600 2629//2629 2619//2619
f 2619//2619 2629//2629 2898//2898
f 2619//2619 2898//2898 2895//2895
f 2895//2895 2893//2893 2619//2619
f 2619//2619 2893//2893 2904//2904
f 2619//2619 2904//2904 2617//2617
f 2617//2617 2904//2904 2933//2933
f 2617//2617 2933//2933 2615//2615
f 2615//2615 2933//2933 2937//2937
f 2615//2615 2937//2937 2606//2606
f 2606//2606 2937//2937 2930//2930
f 2607//2607 2928//2928 2610//2610
f 2610//2610 2928//2928 2925//2925
f 2611//2611 2926//2926 2612//2612
f 2612//2612 2926//2926 2627//2627
f 2876//2876 2882//2882 2568//2568
f 2876//2876 2568//2568 2885//2885
f 2885//2885 2568//2568 2571//2571
f 2885//2885 2571//2571 2884//2884
f 2884//2884 2571//2571 2573//2573
f 2884//2884 2573//2573 2867//2867
f 2901//2901 2760//2760 2575//2575
f 2575//2575 2760//2760 2757//2757
f 2575//2575 2757//2757 2573//2573
f 2573//2573 2757//2757 2765//2765
f 2573//2573 2765//2765 2867//2867
f 2551//2551 2578//2578 2575//2575
f 2575//2575 2578//2578 2900//2900
f 2575//2575 2900//2900 2901//2901
f 2882//2882 2874//2874 2568//2568
f 2568//2568 2874//2874 2870//2870
f 2568//2568 2870//2870 2567//2567
f 2567//2567 2870//2870 2935//2935
f 2567//2567 2935//2935 2565//2565
f 2565//2565 2935//2935 2591//2591
f 2525//2525 2503//2503 2550//2550
f 2529//2529 2515//2515 2840//2840
f 2840//2840 2515//2515 2516//2516
f 2840//2840 2516//2516 2842//2842
f 2519//2519 2832//2832 2786//2786
f 2786//2786 2784//2784 2519//2519
f 2519//2519 2784//2784 2790//2790
f 2519//2519 2790//2790 2516//2516
f 2516//2516 2790//2790 2836//2836
f 2516//2516 2836//2836 2842//2842
f 2522//2522 2826//2826 2520//2520
f 2520//2520 2826//2826 2829//2829
f 2520//2520 2829//2829 2519//2519
f 2519//2519 2829//2829 2830//2830
f 2519//2519 2830//2830 2832//2832
f 2550//2550 2915//2915 2525//2525
f 2525//2525 2915//2915 2821//2821
f 2525//2525 2821//2821 2522//2522
f 2522//2522 2821//2821 2818//2818
f 2522//2522 2818//2818 2826//2826
f 2938//2938 2941//2941 2943//2943
f 2945//2945 2941//2941 2938//2938
f 2948//2948 2945//2945 2938//2938
f 2938//2938 2950//2950 2953//2953
f 2955//2955 2950//2950 2938//2938
f 2943//2943 2955//2955 2938//2938
f 2947//2947 2958//2958 2944//2944
f 2944//2944 2958//2958 2940//2940
f 2940//2940 2961//2961 2942//2942
f 2942//2942 2961//2961 2956//2956
f 2956//2956 2963//2963 2949//2949
f 2949//2949 2963//2963 2951//2951
f 2951//2951 2967//2967 2970//2970
f 2970//2970 2967//2967 2971//2971
f 2971//2971 2976//2976 2977//2977
f 2977//2977 2976//2976 2980//2980
f 2980//2980 2982//2982 2986//2986
f 2986//2986 2982//2982 2947//2947
f 2962//2962 2988//2988 2954//2954
f 2954//2954 2988//2988 2990//2990
f 2954//2954 2990//2990 2964//2964
f 2965//2965 2991//2991 2952//2952
f 2952//2952 2991//2991 2995//2995
f 2952//2952 2995//2995 2966//2966
f 2968//2968 2993//2993 2972//2972
f 2972//2972 2993//2993 2996//2996
f 2972//2972 2996//2996 2974//2974
f 2975//2975 2998//2998 2979//2979
f 2979//2979 2998//2998 3000//3000
f 2979//2979 3000//3000 2984//2984
f 2983//2983 2999//2999 2946//2946
f 2946//2946 2999//2999 3004//3004
f 2946//2946 3004//3004 2957//2957
f 2959//2959 3003//3003 2939//2939
f 2939//2939 3003//3003 2987//2987
f 2939//2939 2987//2987 2960//2960
f 3005//3005 3006//3006 3007//3007
f 3007//3007 3006//3006 3008//3008
f 3009//3009 3010//3010 3011//3011
f 3011//3011 3010//3010 3005//3005
f 3012//3012 3013//3013 3009//3009
f 3014//3014 3015//3015 3016//3016
f 3016//3016 3015//3015 3017//3017
f 3016//3016 3017//3017 3019//3019
f 3019//3019 3017//3017 3021//3021
f 3019//3019 3021//3021 3022//3022
f 3022//3022 3021//3021 3024//3024
f 3022//3022 3024//3024 3025//3025
f 3025//3025 3024//3024 3026//3026
f 3025//3025 3026//3026 3028//3028
f 3028//3028 3026//3026 3030//3030
f 3028//3028 3030//3030 3031//3031
f 3031//3031 3030//3030 3032//3032
f 3031//3031 3032//3032 3034//3034
f 3034//3034 3032//3032 3036//3036
f 3034//3034 3036//3036 3037//3037
f 3037//3037 3036//3036 3039//3039
f 3037//3037 3039//3039 3040//3040
f 3040//3040 3039//3039 3042//3042
f 3040//3040 3042//3042 3043//3043
f 3043//3043 3042//3042 3007//3007
f 3043//3043 3007//3007 3044//3044
f 3044//3044 3007//3007 3008//3008
f 3044//3044 3008//3008 3045//3045
f 3005//3005 3007//3007 3011//3011
f 3011//3011 3007//3007 3041//3041
f 3011//3011 3041//3041 3046//3046
f 3046//3046 3041//3041 3038//3038
f 3046//3046 3038//3038 3047//3047
f 3047//3047 3038//3038 3035//3035
f 3047//3047 3035//3035 3048//3048
f 3048//3048 3035//3035 3033//3033
f 3048//3048 3033//3033 3049//3049
f 3049//3049 3033//3033 3029//3029
f 3049//3049 3029//3029 3050//3050
f 3050//3050 3029//3029 3027//3027
f 3050//3050 3027//3027 3051//3051
f 3051//3051 3027//3027 3023//3023
f 3051//3051 3023//3023 3052//3052
f 3052//3052 3023//3023 3020//3020
f 3052//3052 3020//3020 3053//3053
f 3053//3053 3020//3020 3018//3018
f 3053//3053 3018//3018 3054//3054
f 3054//3054 3018//3018 3015//3015
f 3054//3054 3015//3015 3055//3055
f 3014//3014 3056//3056 3015//3015
f 3015//3015 3056//3056 3057//3057
f 3015//3015 3057//3057 3055//3055
f 3055//3055 3057//3057 3058//3058
f 3055//3055 3058//3058 3059//3059
f 3009//3009 3011//3011 3012//3012
f 3012//3012 3011//3011 3046//3046
f 3012//3012 3046//3046 3060//3060
f 3060//3060 3046//3046 3047//3047
f 3060//3060 3047//3047 3061//3061
f 3061//3061 3047//3047 3048//3048
f 3061//3061 3048//3048 3062//3062
f 3062//3062 3048//3048 3049//3049
f 3062//3062 3049//3049 3063//3063
f 3063//3063 3049//3049 3050//3050
f 3063//3063 3050//3050 3064//3064
f 3064//3064 3050//3050 3051//3051
f 3064//3064 3051//3051 3065//3065
f 3065//3065 3051//3051 3052//3052
f 3065//3065 3052//3052 3066//3066
f 3066//3066 3052//3052 3053//3053
f 3066//3066 3053//3053 3067//3067
f 3067//3067 3053//3053 3054//3054
f 3067//3067 3054//3054 3068//3068
f 3068//3068 3054//3054 3055//3055
f 3068//3068 3055//3055 3069//3069
f 3069//3069 3055//3055 3059//3059
f 3069//3069 3059//3059 3070//3070
f 3071//3071 3072//3072 3073//3073
f 3074//3074 3075//3075 3076//3076
f 3077//3077 3078//3078 3079//3079
f 3075//3075 3080//3080 3076//3076
f 3076//3076 3080//3080 3081//3081
f 3076//3076 3081//3081 3082//3082
f 3082//3082 3081//3081 3083//3083
f 3082//3082 3083//3083 3084//3084
f 3084//3084 3083//3083 3085//3085
f 3084//3084 3085//3085 3086//3086
f 3086//3086 3085//3085 3087//3087
f 3086//3086 3087//3087 3088//3088
f 3088//3088 3089//3089 3086//3086
f 3086//3086 3089//3089 3090//3090
f 3086//3086 3090//3090 3084//3084
f 3084//3084 3090//3090 3091//3091
f 3084//3084 3091//3091 3082//3082
f 3082//3082 3091//3091 3092//3092
f 3082//3082 3092//3092 3076//3076
f 3076//3076 3092//3092 3073//3073
f 3076//3076 3073//3073 3074//3074
f 3074//3074 3073//3073 3072//3072
f 3087//3087 3077//3077 3088//3088
f 3088//3088 3077//3077 3079//3079
f 3088//3088 3079//3079 3089//3089
f 3089//3089 3079//3079 3093//3093
f 3089//3089 3093//3093 3094//3094
f 3094//3094 3095//3095 3089//3089
f 3089//3089 3095//3095 3096//3096
f 3089//3089 3096//3096 3090//3090
f 3090//3090 3096//3096 3097//3097
f 3090//3090 3097//3097 3091//3091
f 3091//3091 3097//3097 3098//3098
f 3091//3091 3098//3098 3092//3092
f 3092//3092 3098//3098 3099//3099
f 3092//3092 3099//3099 3073//3073
f 3073//3073 3099//3099 3100//3100
f 3073//3073 3100//3100 3071//3071
f 3071//3071 3100//3100 3101//3101
f 3095//3095 3102//3102 3096//3096
f 3096//3096 3102//3102 3103//3103
f 3096//3096 3103//3103 3097//3097
f 3097//3097 3103//3103 3104//3104
f 3097//3097 3104//3104 3098//3098
f 3098//3098 3104//3104 3105//3105
f 3098//3098 3105//3105 3099//3099
f 3099//3099 3105//3105 3106//3106
f 3099//3099 3106//3106 3100//3100
f 3100//3100 3106//3106 3107//3107
f 3100//3100 3107//3107 3101//3101
f 3101//3101 3107//3107 3108//3108
f 3109//3109 3080//3080 3110//3110
f 3109//3109 3110//3110 3111//3111
f 3111//3111 3110//3110 3112//3112
f 3111//3111 3112//3112 3113//3113
f 3115//3115 3112//3112 3116//3116
f 3114//3114 3116//3116 3117//3117
f 3118//3118 3116//3116 3120//3120
f 3118//3118 3119//3119 3122//3122
f 3121//3121 3120//3120 3123//3123
f 3121//3121 3123//3123 3124//3124
f 3124//3124 3123//3123 3078//3078
f 3124//3124 3078//3078 3125//3125
f 3105//3105 3127//3127 3106//3106
f 3106//3106 3127//3127 3129//3129
f 3106//3106 3129//3129 3107//3107
f 3107//3107 3129//3129 3131//3131
f 3107//3107 3131//3131 3108//3108
f 3108//3108 3131//3131 3132//3132
f 3108//3108 3132//3132 3134//3134
f 3134//3134 3132//3132 3136//3136
f 3134//3134 3136//3136 3137//3137
f 3137//3137 3136//3136 3139//3139
f 3137//3137 3139//3139 3140//3140
f 3140//3140 3139//3139 3141//3141
f 3140//3140 3141//3141 3143//3143
f 3143//3143 3141//3141 3145//3145
f 3143//3143 3145//3145 3146//3146
f 3146//3146 3145//3145 3147//3147
f 3146//3146 3147//3147 3102//3102
f 3102//3102 3147//3147 3150//3150
f 3102//3102 3150//3150 3103//3103
f 3103//3103 3150//3150 3152//3152
f 3103//3103 3152//3152 3104//3104
f 3104//3104 3152//3152 3153//3153
f 3104//3104 3153//3153 3105//3105
f 3105//3105 3153//3153 3127//3127
f 3133//3133 3013//3013 3012//3012
f 3133//3133 3012//3012 3135//3135
f 3012//3012 3060//3060 3135//3135
f 3135//3135 3060//3060 3061//3061
f 3135//3135 3061//3061 3138//3138
f 3061//3061 3062//3062 3138//3138
f 3138//3138 3062//3062 3063//3063
f 3138//3138 3063//3063 3142//3142
f 3063//3063 3064//3064 3142//3142
f 3142//3142 3064//3064 3065//3065
f 3142//3142 3065//3065 3144//3144
f 3065//3065 3066//3066 3144//3144
f 3144//3144 3066//3066 3067//3067
f 3144//3144 3067//3067 3148//3148
f 3070//3070 3149//3149 3069//3069
f 3069//3069 3149//3149 3148//3148
f 3069//3069 3148//3148 3068//3068
f 3068//3068 3148//3148 3067//3067
f 3028//3028 3031//3031 2997//2997
f 3155//3155 3156//3156 2989//2989
f 2989//2989 3156//3156 2992//2992
f 3043//3043 3044//3044 3001//3001
f 3001//3001 3044//3044 3045//3045
f 3001//3001 3045//3045 3002//3002
f 3031//3031 3034//3034 2997//2997
f 2997//2997 3034//3034 3037//3037
f 2997//2997 3037//3037 3001//3001
f 3001//3001 3037//3037 3040//3040
f 3001//3001 3040//3040 3043//3043
f 3016//3016 2994//2994 3014//3014
f 3014//3014 2994//2994 2992//2992
f 3014//3014 2992//2992 3157//3157
f 3157//3157 2992//2992 3156//3156
f 3016//3016 3019//3019 2994//2994
f 2994//2994 3019//3019 3022//3022
f 2994//2994 3022//3022 2997//2997
f 2997//2997 3022//3022 3025//3025
f 2997//2997 3025//3025 3028//3028
f 3045//3045 3158//3158 3002//3002
f 3002//3002 3158//3158 3159//3159
f 3002//3002 3159//3159 2989//2989
f 2989//2989 3159//3159 3160//3160
f 2989//2989 3160//3160 3155//3155
f 3169//3169 3170//3170 3173//3173
f 3176//3176 3170//3170 3169//3169
f 3177//3177 3176//3176 3169//3169
f 3169//3169 3181//3181 3184//3184
f 3186//3186 3181//3181 3169//3169
f 3173//3173 3186//3186 3169//3169
f 3179//3179 3189//3189 3175//3175
f 3175//3175 3189//3189 3172//3172
f 3172//3172 3193//3193 3174//3174
f 3174//3174 3193//3193 3187//3187
f 3187//3187 3194//3194 3180//3180
f 3180//3180 3194//3194 3183//3183
f 3183//3183 3199//3199 3200//3200
f 3200//3200 3199//3199 3202//3202
f 3202//3202 3207//3207 3209//3209
f 3209//3209 3207//3207 3212//3212
f 3212//3212 3215//3215 3216//3216
f 3216//3216 3215//3215 3179//3179
f 3191//3191 3220//3220 3185//3185
f 3185//3185 3220//3220 3221//3221
f 3185//3185 3221//3221 3195//3195
f 3196//3196 3223//3223 3182//3182
f 3182//3182 3223//3223 3225//3225
f 3182//3182 3225//3225 3198//3198
f 3197//3197 3226//3226 3203//3203
f 3203//3203 3226//3226 3227//3227
f 3203//3203 3227//3227 3206//3206
f 3205//3205 3229//3229 3210//3210
f 3210//3210 3229//3229 3230//3230
f 3210//3210 3230//3230 3214//3214
f 3213//3213 3231//3231 3178//3178
f 3178//3178 3231//3231 3233//3233
f 3178//3178 3233//3233 3190//3190
f 3188//3188 3234//3234 3171//3171
f 3171//3171 3234//3234 3219//3219
f 3171//3171 3219//3219 3192//3192
f 3236//3236 3237//3237 3238//3238
f 3238//3238 3237//3237 3239//3239
f 3240//3240 3241//3241 3242//3242
f 3242//3242 3241//3241 3236//3236
f 3243//3243 3244//3244 3240//3240
f 3245//3245 3246//3246 3247//3247
f 3247//3247 3246//3246 3249//3249
f 3247//3247 3249//3249 3250//3250
f 3250//3250 3249//3249 3251//3251
f 3250//3250 3251//3251 3253//3253
f 3253//3253 3251//3251 3254//3254
f 3253//3253 3254//3254 3256//3256
f 3256//3256 3254//3254 3258//3258
f 3256//3256 3258//3258 3259//3259
f 3259//3259 3258//3258 3261//3261
f 3259//3259 3261//3261 3262//3262
f 3262//3262 3261//3261 3264//3264
f 3262//3262 3264//3264 3265//3265
f 3265//3265 3264//3264 3267//3267
f 3265//3265 3267//3267 3268//3268
f 3268//3268 3267//3267 3270//3270
f 3268//3268 3270//3270 3271//3271
f 3271//3271 3270//3270 3273//3273
f 3271//3271 3273//3273 3274//3274
f 3274//3274 3273//3273 3238//3238
f 3274//3274 3238//3238 3275//3275
f 3275//3275 3238//3238 3239//3239
f 3275//3275 3239//3239 3276//3276
f 3236//3236 3238//3238 3242//3242
f 3242//3242 3238//3238 3272//3272
f 3242//3242 3272//3272 3277//3277
f 3277//3277 3272//3272 3269//3269
f 3277//3277 3269//3269 3278//3278
f 3278//3278 3269//3269 3266//3266
f 3278//3278 3266//3266 3279//3279
f 3279//3279 3266//3266 3263//3263
f 3279//3279 3263//3263 3280//3280
f 3280//3280 3263//3263 3260//3260
f 3280//3280 3260//3260 3281//3281
f 3281//3281 3260//3260 3257//3257
f 3281//3281 3257//3257 3282//3282
f 3282//3282 3257//3257 3255//3255
f 3282//3282 3255//3255 3283//3283
f 3283//3283 3255//3255 3252//3252
f 3283//3283 3252//3252 3284//3284
f 3284//3284 3252//3252 3248//3248
f 3284//3284 3248//3248 3285//3285
f 3285//3285 3248//3248 3246//3246
f 3285//3285 3246//3246 3286//3286
f 3245//3245 3287//3287 3246//3246
f 3246//3246 3287//3287 3288//3288
f 3246//3246 3288//3288 3286//3286
f 3286//3286 3288//3288 3289//3289
f 3286//3286 3289//3289 3290//3290
f 3240//3240 3242//3242 3243//3243
f 3243//3243 3242//3242 3277//3277
f 3243//3243 3277//3277 3291//3291
f 3291//3291 3277//3277 3278//3278
f 3291//3291 3278//3278 3292//3292
f 3292//3292 3278//3278 3279//3279
f 3292//3292 3279//3279 3293//3293
f 3293//3293 3279//3279 3280//3280
f 3293//3293 3280//3280 3294//3294
f 3294//3294 3280//3280 3281//3281
f 3294//3294 3281//3281 3295//3295
f 3295//3295 3281//3281 3282//3282
f 3295//3295 3282//3282 3296//3296
f 3296//3296 3282//3282 3283//3283
f 3296//3296 3283//3283 3297//3297
f 3297//3297 3283//3283 3284//3284
f 3297//3297 3284//3284 3298//3298
f 3298//3298 3284//3284 3285//3285
f 3298//3298 3285//3285 3299//3299
f 3299//3299 3285//3285 3286//3286
f 3299//3299 3286//3286 3300//3300
f 3300//3300 3286//3286 3290//3290
f 3300//3300 3290//3290 3301//3301
f 3302//3302 3303//3303 3304//3304
f 3305//3305 3306//3306 3307//3307
f 3308//3308 3309//3309 3310//3310
f 3306//3306 3311//3311 3307//3307
f 3307//3307 3311//3311 3312//3312
f 3307//3307 3312//3312 3313//3313
f 3313//3313 3312//3312 3314//3314
f 3313//3313 3314//3314 3315//3315
f 3315//3315 3314//3314 3316//3316
f 3315//3315 3316//3316 3317//3317
f 3317//3317 3316//3316 3318//3318
f 3317//3317 3318//3318 3319//3319
f 3319//3319 3320//3320 3317//3317
f 3317//3317 3320//3320 3321//3321
f 3317//3317 3321//3321 3315//3315
f 3315//3315 3321//3321 3322//3322
f 3315//3315 3322//3322 3313//3313
f 3313//3313 3322//3322 3323//3323
f 3313//3313 3323//3323 3307//3307
f 3307//3307 3323//3323 3304//3304
f 3307//3307 3304//3304 3305//3305
f 3305//3305 3304//3304 3303//3303
f 3318//3318 3308//3308 3319//3319
f 3319//3319 3308//3308 3310//3310
f 3319//3319 3310//3310 3320//3320
f 3320//3320 3310//3310 3324//3324
f 3320//3320 3324//3324 3325//3325
f 3325//3325 3326//3326 3320//3320
f 3320//3320 3326//3326 3327//3327
f 3320//3320 3327//3327 3321//3321
f 3321//3321 3327//3327 3328//3328
f 3321//3321 3328//3328 3322//3322
f 3322//3322 3328//3328 3329//3329
f 3322//3322 3329//3329 3323//3323
f 3323//3323 3329//3329 3330//3330
f 3323//3323 3330//3330 3304//3304
f 3304//3304 3330//3330 3331//3331
f 3304//3304 3331//3331 3302//3302
f 3302//3302 3331//3331 3332//3332
f 3326//3326 3333//3333 3327//3327
f 3327//3327 3333//3333 3334//3334
f 3327//3327 3334//3334 3328//3328
f 3328//3328 3334//3334 3335//3335
f 3328//3328 3335//3335 3329//3329
f 3329//3329 3335//3335 3336//3336
f 3329//3329 3336//3336 3330//3330
f 3330//3330 3336//3336 3337//3337
f 3330//3330 3337//3337 3331//3331
f 3331//3331 3337//3337 3338//3338
f 3331//3331 3338//3338 3332//3332
f 3332//3332 3338//3338 3339//3339
f 3340//3340 3311//3311 3341//3341
f 3340//3340 3341//3341 3342//3342
f 3342//3342 3341//3341 3343//3343
f 3342//3342 3343//3343 3345//3345
f 3344//3344 3343//3343 3347//3347
f 3344//3344 3346//3346 3349//3349
f 3350//3350 3347//3347 3351//3351
f 3348//3348 3351//3351 3353//3353
f 3352//3352 3351//3351 3354//3354
f 3352//3352 3354//3354 3355//3355
f 3355//3355 3354//3354 3309//3309
f 3355//3355 3309//3309 3356//3356
f 3357//3357 3359//3359 3360//3360
f 3360//3360 3359//3359 3362//3362
f 3360//3360 3362//3362 3363//3363
f 3363//3363 3362//3362 3364//3364
f 3363//3363 3364//3364 3366//3366
f 3366//3366 3364//3364 3368//3368
f 3366//3366 3368//3368 3369//3369
f 3369//3369 3368//3368 3370//3370
f 3369//3369 3370//3370 3333//3333
f 3333//3333 3370//3370 3373//3373
f 3333//3333 3373//3373 3334//3334
f 3334//3334 3373//3373 3374//3374
f 3334//3334 3374//3374 3335//3335
f 3335//3335 3374//3374 3377//3377
f 3335//3335 3377//3377 3336//3336
f 3336//3336 3377//3377 3379//3379
f 3336//3336 3379//3379 3337//3337
f 3337//3337 3379//3379 3380//3380
f 3337//3337 3380//3380 3338//3338
f 3338//3338 3380//3380 3382//3382
f 3338//3338 3382//3382 3339//3339
f 3339//3339 3382//3382 3384//3384
f 3339//3339 3384//3384 3357//3357
f 3357//3357 3384//3384 3359//3359
f 3244//3244 3243//3243 3385//3385
f 3385//3385 3243//3243 3358//3358
f 3243//3243 3291//3291 3358//3358
f 3358//3358 3291//3291 3292//3292
f 3358//3358 3292//3292 3361//3361
f 3292//3292 3293//3293 3361//3361
f 3361//3361 3293//3293 3294//3294
f 3361//3361 3294//3294 3365//3365
f 3294//3294 3295//3295 3365//3365
f 3365//3365 3295//3295 3296//3296
f 3365//3365 3296//3296 3367//3367
f 3296//3296 3297//3297 3367//3367
f 3367//3367 3297//3297 3298//3298
f 3367//3367 3298//3298 3371//3371
f 3301//3301 3372//3372 3300//3300
f 3300//3300 3372//3372 3371//3371
f 3300//3300 3371//3371 3299//3299
f 3299//3299 3371//3371 3298//3298
f 3259//3259 3262//3262 3228//3228
f 3386//3386 3387//3387 3218//3218
f 3218//3218 3387//3387 3222//3222
f 3274//3274 3275//3275 3232//3232
f 3232//3232 3275//3275 3276//3276
f 3232//3232 3276//3276 3235//3235
f 3247//3247 3224//3224 3245//3245
f 3245//3245 3224//3224 3222//3222
f 3245//3245 3222//3222 3388//3388
f 3388//3388 3222//3222 3387//3387
f 3276//3276 3389//3389 3235//3235
f 3235//3235 3389//3389 3390//3390
f 3235//3235 3390//3390 3218//3218
f 3218//3218 3390//3390 3391//3391
f 3218//3218 3391//3391 3386//3386
f 3247//3247 3250//3250 3224//3224
f 3224//3224 3250//3250 3253//3253
f 3224//3224 3253//3253 3228//3228
f 3228//3228 3253//3253 3256//3256
f 3228//3228 3256//3256 3259//3259
f 3262//3262 3265//3265 3228//3228
f 3228//3228 3265//3265 3268//3268
f 3228//3228 3268//3268 3232//3232
f 3232//3232 3268//3268 3271//3271
f 3232//3232 3271//3271 3274//3274
f 3400//3400 3401//3401 3402//3402
f 3402//3402 3401//3401 3403//3403
f 3402//3402 3403//3403 3404//3404
f 3404//3404 3403//3403 3405//3405
f 3404//3404 3405//3405 3406//3406
f 3407//3407 3408//3408 3409//3409
f 3409//3409 3408//3408 3410//3410
f 3409//3409 3410//3410 3411//3411
f 3411//3411 3410//3410 3412//3412
f 3411//3411 3412//3412 3413//3413
f 3414//3414 3415//3415 3416//3416
f 3416//3416 3415//3415 3417//3417
f 3416//3416 3417//3417 3418//3418
f 3419//3419 3420//3420 3418//3418
f 3418//3418 3417//3417 3419//3419
f 3419//3419 3417//3417 3423//3423
f 3419//3419 3423//3423 3427//3427
f 3428//3428 3431//3431 3432//3432
f 3432//3432 3431//3431 3436//3436
f 3432//3432 3436//3436 3413//3413
f 3413//3413 3436//3436 3439//3439
f 3413//3413 3439//3439 3411//3411
f 3411//3411 3439//3439 3441//3441
f 3411//3411 3441//3441 3409//3409
f 3409//3409 3441//3441 3443//3443
f 3409//3409 3443//3443 3444//3444
f 3444//3444 3443//3443 3447//3447
f 3444//3444 3446//3446 3449//3449
f 3406//3406 3450//3450 3404//3404
f 3404//3404 3450//3450 3453//3453
f 3404//3404 3453//3453 3454//3454
f 3454//3454 3428//3428 3404//3404
f 3404//3404 3428//3428 3432//3432
f 3404//3404 3432//3432 3402//3402
f 3402//3402 3432//3432 3413//3413
f 3402//3402 3413//3413 3400//3400
f 3400//3400 3413//3413 3412//3412
f 3449//3449 3423//3423 3444//3444
f 3444//3444 3423//3423 3417//3417
f 3444//3444 3417//3417 3409//3409
f 3409//3409 3417//3417 3415//3415
f 3409//3409 3415//3415 3407//3407
f 3407//3407 3415//3415 3414//3414
f 3457//3457 3458//3458 3460//3460
f 3460//3460 3458//3458 3463//3463
f 3460//3460 3463//3463 3465//3465
f 3425//3425 3468//3468 3470//3470
f 3470//3470 3468//3468 3472//3472
f 3470//3470 3472//3472 3474//3474
f 3474//3474 3477//3477 3470//3470
f 3470//3470 3477//3477 3478//3478
f 3470//3470 3478//3478 3481//3481
f 3478//3478 3482//3482 3481//3481
f 3481//3481 3482//3482 3485//3485
f 3481//3481 3485//3485 3460//3460
f 3460//3460 3485//3485 3486//3486
f 3460//3460 3486//3486 3457//3457
f 3494//3494 3497//3497 3499//3499
f 3499//3499 3497//3497 3502//3502
f 3504//3504 3506//3506 3507//3507
f 3509//3509 3467//3467 3512//3512
f 3512//3512 3514//3514 3509//3509
f 3511//3511 3516//3516 3518//3518
f 3518//3518 3516//3516 3521//3521
f 3519//3519 3523//3523 3501//3501
f 3502//3502 3524//3524 3526//3526
f 3502//3502 3526//3526 3499//3499
f 3494//3494 3527//3527 3497//3497
f 3497//3497 3527//3527 3529//3529
f 3497//3497 3529//3529 3531//3531
f 3529//3529 3535//3535 3531//3531
f 3531//3531 3535//3535 3537//3537
f 3531//3531 3537//3537 3506//3506
f 3506//3506 3537//3537 3539//3539
f 3506//3506 3539//3539 3507//3507
f 3507//3507 3542//3542 3504//3504
f 3504//3504 3542//3542 3544//3544
f 3504//3504 3544//3544 3545//3545
f 3545//3545 3544//3544 3547//3547
f 3545//3545 3547//3547 3493//3493
f 3493//3493 3547//3547 3549//3549
f 3493//3493 3549//3549 3533//3533
f 3491//3491 3552//3552 3554//3554
f 3554//3554 3552//3552 3555//3555
f 3554//3554 3555//3555 3557//3557
f 3559//3559 3562//3562 3563//3563
f 3563//3563 3562//3562 3566//3566
f 3563//3563 3566//3566 3452//3452
f 3557//3557 3567//3567 3554//3554
f 3554//3554 3567//3567 3570//3570
f 3554//3554 3570//3570 3572//3572
f 3570//3570 3573//3573 3572//3572
f 3572//3572 3573//3573 3576//3576
f 3572//3572 3576//3576 3563//3563
f 3563//3563 3576//3576 3577//3577
f 3563//3563 3577//3577 3559//3559
f 3452//3452 3580//3580 3455//3455
f 3455//3455 3580//3580 3582//3582
f 3455//3455 3582//3582 3583//3583
f 3585//3585 3588//3588 3430//3430
f 3430//3430 3588//3588 3589//3589
f 3430//3430 3589//3589 3434//3434
f 3583//3583 3591//3591 3455//3455
f 3455//3455 3591//3591 3594//3594
f 3455//3455 3594//3594 3429//3429
f 3594//3594 3596//3596 3429//3429
f 3429//3429 3596//3596 3597//3597
f 3429//3429 3597//3597 3430//3430
f 3430//3430 3597//3597 3599//3599
f 3430//3430 3599//3599 3585//3585
f 3437//3437 3435//3435 3603//3603
f 3605//3605 3606//3606 3442//3442
f 3442//3442 3606//3606 3609//3609
f 3442//3442 3609//3609 3448//3448
f 3605//3605 3442//3442 3611//3611
f 3611//3611 3442//3442 3440//3440
f 3611//3611 3440//3440 3613//3613
f 3602//3602 3615//3615 3438//3438
f 3438//3438 3615//3615 3616//3616
f 3438//3438 3616//3616 3440//3440
f 3440//3440 3616//3616 3619//3619
f 3440//3440 3619//3619 3613//3613
f 3620//3620 3623//3623 3421//3421
f 3421//3421 3623//3623 3625//3625
f 3422//3422 3626//3626 3426//3426
f 3446//3446 3628//3628 3449//3449
f 3449//3449 3628//3628 3630//3630
f 3449//3449 3630//3630 3631//3631
f 3631//3631 3634//3634 3449//3449
f 3449//3449 3634//3634 3637//3637
f 3449//3449 3637//3637 3421//3421
f 3421//3421 3637//3637 3638//3638
f 3421//3421 3638//3638 3620//3620
f 3640//3640 3642//3642 3528//3528
f 3525//3525 3644//3644 3498//3498
f 3498//3498 3644//3644 3640//3640
f 3498//3498 3640//3640 3495//3495
f 3495//3495 3640//3640 3528//3528
f 3646//3646 3649//3649 3476//3476
f 3476//3476 3475//3475 3646//3646
f 3646//3646 3475//3475 3473//3473
f 3646//3646 3473//3473 3650//3650
f 3650//3650 3473//3473 3469//3469
f 3650//3650 3469//3469 3653//3653
f 3653//3653 3469//3469 3424//3424
f 3653//3653 3424//3424 3654//3654
f 3654//3654 3424//3424 3624//3624
f 3654//3654 3624//3624 3657//3657
f 3657//3657 3624//3624 3622//3622
f 3657//3657 3622//3622 3659//3659
f 3659//3659 3622//3622 3621//3621
f 3661//3661 3487//3487 3484//3484
f 3661//3661 3484//3484 3663//3663
f 3663//3663 3484//3484 3483//3483
f 3663//3663 3483//3483 3665//3665
f 3665//3665 3483//3483 3479//3479
f 3665//3665 3479//3479 3666//3666
f 3666//3666 3479//3479 3476//3476
f 3666//3666 3476//3476 3649//3649
f 3668//3668 3540//3540 3538//3538
f 3668//3668 3538//3538 3670//3670
f 3670//3670 3538//3538 3536//3536
f 3670//3670 3536//3536 3673//3673
f 3673//3673 3536//3536 3530//3530
f 3673//3673 3530//3530 3674//3674
f 3674//3674 3530//3530 3528//3528
f 3674//3674 3528//3528 3642//3642
f 3676//3676 3678//3678 3568//3568
f 3568//3568 3558//3558 3676//3676
f 3676//3676 3558//3558 3556//3556
f 3676//3676 3556//3556 3680//3680
f 3556//3556 3551//3551 3680//3680
f 3680//3680 3551//3551 3489//3489
f 3680//3680 3489//3489 3682//3682
f 3682//3682 3489//3489 3488//3488
f 3682//3682 3488//3488 3534//3534
f 3543//3543 3685//3685 3548//3548
f 3548//3548 3685//3685 3682//3682
f 3548//3548 3682//3682 3550//3550
f 3550//3550 3682//3682 3534//3534
f 3687//3687 3578//3578 3575//3575
f 3687//3687 3575//3575 3689//3689
f 3689//3689 3575//3575 3574//3574
f 3689//3689 3574//3574 3690//3690
f 3690//3690 3574//3574 3569//3569
f 3690//3690 3569//3569 3692//3692
f 3692//3692 3569//3569 3568//3568
f 3692//3692 3568//3568 3678//3678
f 3694//3694 3696//3696 3592//3592
f 3592//3592 3584//3584 3694//3694
f 3694//3694 3584//3584 3581//3581
f 3694//3694 3581//3581 3699//3699
f 3699//3699 3581//3581 3579//3579
f 3699//3699 3579//3579 3700//3700
f 3700//3700 3579//3579 3451//3451
f 3700//3700 3451//3451 3703//3703
f 3451//3451 3565//3565 3703//3703
f 3703//3703 3565//3565 3561//3561
f 3703//3703 3561//3561 3704//3704
f 3704//3704 3561//3561 3560//3560
f 3704//3704 3560//3560 3687//3687
f 3687//3687 3560//3560 3578//3578
f 3707//3707 3600//3600 3598//3598
f 3707//3707 3598//3598 3709//3709
f 3709//3709 3598//3598 3595//3595
f 3709//3709 3595//3595 3711//3711
f 3711//3711 3595//3595 3593//3593
f 3711//3711 3593//3593 3713//3713
f 3713//3713 3593//3593 3592//3592
f 3713//3713 3592//3592 3696//3696
f 3714//3714 3617//3617 3716//3716
f 3716//3716 3617//3617 3614//3614
f 3716//3716 3614//3614 3718//3718
f 3718//3718 3614//3614 3601//3601
f 3718//3718 3601//3601 3721//3721
f 3721//3721 3601//3601 3433//3433
f 3721//3721 3433//3433 3722//3722
f 3433//3433 3590//3590 3722//3722
f 3722//3722 3590//3590 3587//3587
f 3722//3722 3587//3587 3724//3724
f 3724//3724 3587//3587 3586//3586
f 3724//3724 3586//3586 3707//3707
f 3707//3707 3586//3586 3600//3600
f 3727//3727 3604//3604 3610//3610
f 3727//3727 3610//3610 3728//3728
f 3728//3728 3610//3610 3612//3612
f 3728//3728 3612//3612 3731//3731
f 3732//3732 3632//3632 3735//3735
f 3735//3735 3632//3632 3629//3629
f 3735//3735 3629//3629 3736//3736
f 3736//3736 3629//3629 3627//3627
f 3736//3736 3627//3627 3738//3738
f 3738//3738 3627//3627 3445//3445
f 3738//3738 3445//3445 3740//3740
f 3740//3740 3445//3445 3608//3608
f 3740//3740 3608//3608 3742//3742
f 3742//3742 3608//3608 3607//3607
f 3742//3742 3607//3607 3727//3727
f 3727//3727 3607//3607 3604//3604
f 3659//3659 3621//3621 3639//3639
f 3659//3659 3639//3639 3745//3745
f 3745//3745 3639//3639 3635//3635
f 3745//3745 3636//3636 3746//3746
f 3746//3746 3636//3636 3633//3633
f 3746//3746 3633//3633 3748//3748
f 3748//3748 3633//3633 3632//3632
f 3748//3748 3632//3632 3732//3732
f 3671//3671 3672//3672 3712//3712
f 3730//3730 3672//3672 3662//3662
f 3730//3730 3708//3708 3672//3672
f 3672//3672 3708//3708 3710//3710
f 3672//3672 3710//3710 3712//3712
f 3744//3744 3747//3747 3667//3667
f 3730//3730 3751//3751 3708//3708
f 3708//3708 3751//3751 3715//3715
f 3708//3708 3715//3715 3706//3706
f 3706//3706 3715//3715 3725//3725
f 3705//3705 3686//3686 3697//3697
f 3697//3697 3686//3686 3688//3688
f 3697//3697 3688//3688 3712//3712
f 3712//3712 3688//3688 3691//3691
f 3712//3712 3691//3691 3671//3671
f 3671//3671 3691//3691 3693//3693
f 3671//3671 3693//3693 3669//3669
f 3669//3669 3693//3693 3679//3679
f 3672//3672 3675//3675 3662//3662
f 3662//3662 3675//3675 3643//3643
f 3662//3662 3643//3643 3660//3660
f 3660//3660 3643//3643 3641//3641
f 3662//3662 3664//3664 3730//3730
f 3730//3730 3664//3664 3667//3667
f 3730//3730 3667//3667 3729//3729
f 3729//3729 3667//3667 3747//3747
f 3720//3720 3723//3723 3719//3719
f 3719//3719 3723//3723 3725//3725
f 3719//3719 3725//3725 3717//3717
f 3717//3717 3725//3725 3715//3715
f 3697//3697 3695//3695 3698//3698
f 3753//3753 3754//3754 3756//3756
f 3756//3756 3754//3754 3660//3660
f 3756//3756 3660//3660 3645//3645
f 3645//3645 3660//3660 3641//3641
f 3744//3744 3667//3667 3658//3658
f 3658//3658 3667//3667 3648//3648
f 3658//3658 3648//3648 3647//3647
f 3747//3747 3749//3749 3729//3729
f 3729//3729 3749//3749 3733//3733
f 3729//3729 3733//3733 3726//3726
f 3726//3726 3733//3733 3734//3734
f 3705//3705 3697//3697 3702//3702
f 3702//3702 3697//3697 3698//3698
f 3702//3702 3698//3698 3701//3701
f 3681//3681 3683//3683 3677//3677
f 3677//3677 3683//3683 3684//3684
f 3677//3677 3684//3684 3679//3679
f 3679//3679 3684//3684 3758//3758
f 3679//3679 3758//3758 3669//3669
f 3656//3656 3658//3658 3655//3655
f 3655//3655 3658//3658 3647//3647
f 3655//3655 3647//3647 3652//3652
f 3652//3652 3647//3647 3651//3651
f 3741//3741 3743//3743 3739//3739
f 3739//3739 3743//3743 3726//3726
f 3739//3739 3726//3726 3737//3737
f 3737//3737 3726//3726 3734//3734
f 3760//3760 3761//3761 3762//3762
f 3763//3763 3764//3764 3765//3765
f 3765//3765 3764//3764 3766//3766
f 3765//3765 3766//3766 3767//3767
f 3767//3767 3766//3766 3768//3768
f 3767//3767 3768//3768 3769//3769
f 3760//3760 3762//3762 3770//3770
f 3770//3770 3762//3762 3771//3771
f 3770//3770 3771//3771 3772//3772
f 3773//3773 3774//3774 3775//3775
f 3775//3775 3774//3774 3776//3776
f 3775//3775 3776//3776 3777//3777
f 3778//3778 3779//3779 3777//3777
f 3777//3777 3776//3776 3778//3778
f 3778//3778 3776//3776 3780//3780
f 3778//3778 3780//3780 3783//3783
f 3787//3787 3790//3790 3791//3791
f 3791//3791 3790//3790 3794//3794
f 3791//3791 3794//3794 3761//3761
f 3761//3761 3794//3794 3796//3796
f 3761//3761 3796//3796 3762//3762
f 3762//3762 3796//3796 3799//3799
f 3762//3762 3799//3799 3771//3771
f 3771//3771 3799//3799 3802//3802
f 3771//3771 3802//3802 3803//3803
f 3803//3803 3802//3802 3805//3805
f 3803//3803 3804//3804 3808//3808
f 3769//3769 3809//3809 3767//3767
f 3767//3767 3809//3809 3812//3812
f 3767//3767 3812//3812 3813//3813
f 3813//3813 3787//3787 3767//3767
f 3767//3767 3787//3787 3791//3791
f 3767//3767 3791//3791 3765//3765
f 3765//3765 3791//3791 3761//3761
f 3765//3765 3761//3761 3763//3763
f 3763//3763 3761//3761 3760//3760
f 3808//3808 3780//3780 3803//3803
f 3803//3803 3780//3780 3776//3776
f 3803//3803 3776//3776 3771//3771
f 3771//3771 3776//3776 3774//3774
f 3771//3771 3774//3774 3772//3772
f 3772//3772 3774//3774 3773//3773
f 3815//3815 3817//3817 3819//3819
f 3819//3819 3817//3817 3821//3821
f 3819//3819 3821//3821 3822//3822
f 3825//3825 3826//3826 3830//3830
f 3831//3831 3828//3828 3785//3785
f 3833//3833 3815//3815 3834//3834
f 3834//3834 3815//3815 3819//3819
f 3834//3834 3819//3819 3836//3836
f 3836//3836 3819//3819 3826//3826
f 3836//3836 3826//3826 3839//3839
f 3839//3839 3826//3826 3825//3825
f 3840//3840 3843//3843 3846//3846
f 3847//3847 3849//3849 3851//3851
f 3853//3853 3856//3856 3860//3860
f 3851//3851 3849//3849 3863//3863
f 3863//3863 3849//3849 3864//3864
f 3863//3863 3864//3864 3867//3867
f 3867//3867 3864//3864 3868//3868
f 3867//3867 3868//3868 3871//3871
f 3855//3855 3872//3872 3858//3858
f 3856//3856 3874//3874 3876//3876
f 3856//3856 3876//3876 3877//3877
f 3877//3877 3876//3876 3879//3879
f 3877//3877 3879//3879 3881//3881
f 3881//3881 3879//3879 3883//3883
f 3881//3881 3883//3883 3885//3885
f 3885//3885 3883//3883 3887//3887
f 3885//3885 3887//3887 3868//3868
f 3868//3868 3887//3887 3890//3890
f 3868//3868 3890//3890 3871//3871
f 3851//3851 3892//3892 3847//3847
f 3847//3847 3892//3892 3894//3894
f 3847//3847 3894//3894 3846//3846
f 3843//3843 3897//3897 3898//3898
f 3898//3898 3897//3897 3901//3901
f 3898//3898 3901//3901 3903//3903
f 3905//3905 3906//3906 3908//3908
f 3908//3908 3906//3906 3910//3910
f 3908//3908 3910//3910 3811//3811
f 3903//3903 3912//3912 3898//3898
f 3898//3898 3912//3912 3914//3914
f 3898//3898 3914//3914 3917//3917
f 3914//3914 3919//3919 3917//3917
f 3917//3917 3919//3919 3921//3921
f 3917//3917 3921//3921 3908//3908
f 3908//3908 3921//3921 3922//3922
f 3908//3908 3922//3922 3905//3905
f 3811//3811 3924//3924 3814//3814
f 3814//3814 3924//3924 3927//3927
f 3814//3814 3927//3927 3928//3928
f 3930//3930 3933//3933 3789//3789
f 3789//3789 3933//3933 3934//3934
f 3789//3789 3934//3934 3795//3795
f 3928//3928 3937//3937 3814//3814
f 3814//3814 3937//3937 3939//3939
f 3814//3814 3939//3939 3788//3788
f 3939//3939 3940//3940 3788//3788
f 3788//3788 3940//3940 3943//3943
f 3788//3788 3943//3943 3789//3789
f 3789//3789 3943//3943 3945//3945
f 3789//3789 3945//3945 3930//3930
f 3792//3792 3948//3948 3797//3797
f 3798//3798 3946//3946 3950//3950
f 3798//3798 3950//3950 3951//3951
f 3953//3953 3955//3955 3801//3801
f 3801//3801 3955//3955 3957//3957
f 3801//3801 3957//3957 3806//3806
f 3951//3951 3959//3959 3798//3798
f 3798//3798 3959//3959 3962//3962
f 3798//3798 3962//3962 3800//3800
f 3962//3962 3963//3963 3800//3800
f 3800//3800 3963//3963 3965//3965
f 3800//3800 3965//3965 3801//3801
f 3801//3801 3965//3965 3967//3967
f 3801//3801 3967//3967 3953//3953
f 3804//3804 3969//3969 3808//3808
f 3808//3808 3969//3969 3972//3972
f 3808//3808 3972//3972 3974//3974
f 3976//3976 3977//3977 3781//3781
f 3781//3781 3977//3977 3979//3979
f 3782//3782 3980//3980 3784//3784
f 3974//3974 3983//3983 3808//3808
f 3808//3808 3983//3983 3985//3985
f 3808//3808 3985//3985 3781//3781
f 3781//3781 3985//3985 3987//3987
f 3781//3781 3987//3987 3976//3976
f 3990//3990 3888//3888 3991//3991
f 3991//3991 3888//3888 3884//3884
f 3991//3991 3884//3884 3993//3993
f 3993//3993 3884//3884 3880//3880
f 3995//3995 3838//3838 3998//3998
f 3998//3998 3838//3838 3824//3824
f 3998//3998 3824//3824 4000//4000
f 4000//4000 3824//3824 3829//3829
f 4000//4000 3829//3829 4002//4002
f 4002//4002 3829//3829 3786//3786
f 4002//4002 3786//3786 4004//4004
f 4004//4004 3786//3786 3981//3981
f 4004//4004 3981//3981 4005//4005
f 4005//4005 3981//3981 3978//3978
f 4005//4005 3978//3978 4007//4007
f 4007//4007 3978//3978 3975//3975
f 4010//4010 3816//3816 3832//3832
f 4010//4010 3832//3832 4012//4012
f 4012//4012 3832//3832 3835//3835
f 4012//4012 3835//3835 4014//4014
f 4014//4014 3835//3835 3837//3837
f 4014//4014 3837//3837 4016//4016
f 4016//4016 3837//3837 3838//3838
f 4016//4016 3838//3838 3995//3995
f 4017//4017 3862//3862 3866//3866
f 4017//4017 3866//3866 4020//4020
f 4020//4020 3866//3866 3870//3870
f 4020//4020 3870//3870 4021//4021
f 4021//4021 3870//3870 3889//3889
f 4021//4021 3889//3889 4023//4023
f 4023//4023 3889//3889 3888//3888
f 4023//4023 3888//3888 3990//3990
f 4026//4026 4028//4028 3913//3913
f 3913//3913 3902//3902 4026//4026
f 4026//4026 3902//3902 3900//3900
f 4026//4026 3900//3900 4030//4030
f 3900//3900 3896//3896 4030//4030
f 4030//4030 3896//3896 3844//3844
f 4030//4030 3844//3844 4032//4032
f 4032//4032 3844//3844 3841//3841
f 4032//4032 3841//3841 3861//3861
f 3891//3891 4034//4034 3893//3893
f 3893//3893 4034//4034 4032//4032
f 3893//3893 4032//4032 3895//3895
f 3895//3895 4032//4032 3861//3861
f 4036//4036 3923//3923 3920//3920
f 4036//4036 3920//3920 4038//4038
f 4038//4038 3920//3920 3918//3918
f 4038//4038 3918//3918 4039//4039
f 4039//4039 3918//3918 3915//3915
f 4039//4039 3915//3915 4041//4041
f 4041//4041 3915//3915 3913//3913
f 4041//4041 3913//3913 4028//4028
f 4044//4044 4045//4045 3936//3936
f 3936//3936 3929//3929 4044//4044
f 4044//4044 3929//3929 3926//3926
f 4044//4044 3926//3926 4048//4048
f 4048//4048 3926//3926 3925//3925
f 4048//4048 3925//3925 4050//4050
f 4050//4050 3925//3925 3810//3810
f 4050//4050 3810//3810 4052//4052
f 3810//3810 3911//3911 4052//4052
f 4052//4052 3911//3911 3907//3907
f 4052//4052 3907//3907 4053//4053
f 4053//4053 3907//3907 3904//3904
f 4053//4053 3904//3904 4036//4036
f 4036//4036 3904//3904 3923//3923
f 4056//4056 3944//3944 3942//3942
f 4056//4056 3942//3942 4058//4058
f 4058//4058 3942//3942 3941//3941
f 4058//4058 3941//3941 4060//4060
f 4060//4060 3941//3941 3938//3938
f 4060//4060 3938//3938 4062//4062
f 4062//4062 3938//3938 3936//3936
f 4062//4062 3936//3936 4045//4045
f 4063//4063 4066//4066 3960//3960
f 3960//3960 3952//3952 4063//4063
f 4063//4063 3952//3952 3949//3949
f 4063//4063 3949//3949 4067//4067
f 4067//4067 3949//3949 3947//3947
f 4067//4067 3947//3947 4070//4070
f 4070//4070 3947//3947 3793//3793
f 4070//4070 3793//3793 4072//4072
f 3793//3793 3935//3935 4072//4072
f 4072//4072 3935//3935 3932//3932
f 4072//4072 3932//3932 4074//4074
f 4074//4074 3932//3932 3931//3931
f 4074//4074 3931//3931 4056//4056
f 4056//4056 3931//3931 3944//3944
f 4076//4076 3968//3968 3966//3966
f 4076//4076 3966//3966 4077//4077
f 4077//4077 3966//3966 3964//3964
f 4077//4077 3964//3964 4080//4080
f 4081//4081 3973//3973 4084//4084
f 4084//4084 3973//3973 3971//3971
f 4084//4084 3971//3971 4085//4085
f 4085//4085 3971//3971 3970//3970
f 4085//4085 3970//3970 4087//4087
f 4087//4087 3970//3970 3807//3807
f 4087//4087 3807//3807 4090//4090
f 3807//3807 3958//3958 4090//4090
f 4090//4090 3958//3958 3956//3956
f 4090//4090 3956//3956 4092//4092
f 4092//4092 3956//3956 3954//3954
f 4092//4092 3954//3954 4076//4076
f 4076//4076 3954//3954 3968//3968
f 4007//4007 3975//3975 3988//3988
f 4007//4007 3988//3988 4094//4094
f 4094//4094 3988//3988 3984//3984
f 4093//4093 3986//3986 4096//4096
f 4096//4096 3986//3986 3982//3982
f 4096//4096 3982//3982 4098//4098
f 4098//4098 3982//3982 3973//3973
f 4098//4098 3973//3973 4081//4081
f 4011//4011 4019//4019 4022//4022
f 4101//4101 4057//4057 4059//4059
f 4078//4078 4079//4079 4099//4099
f 4099//4099 4079//4079 4101//4101
f 4099//4099 4101//4101 4097//4097
f 4097//4097 4101//4101 4095//4095
f 4078//4078 4099//4099 4075//4075
f 4075//4075 4099//4099 4082//4082
f 4075//4075 4082//4082 4083//4083
f 4057//4057 4101//4101 4055//4055
f 4055//4055 4101//4101 4065//4065
f 4055//4055 4065//4065 4073//4073
f 4054//4054 4035//4035 4046//4046
f 4046//4046 4035//4035 4037//4037
f 4046//4046 4037//4037 4061//4061
f 4033//4033 4103//4103 4027//4027
f 4027//4027 4103//4103 4018//4018
f 4027//4027 4018//4018 4042//4042
f 4042//4042 4018//4018 4019//4019
f 4042//4042 4019//4019 4040//4040
f 4040//4040 4019//4019 4101//4101
f 4040//4040 4101//4101 4037//4037
f 4037//4037 4101//4101 4059//4059
f 4037//4037 4059//4059 4061//4061
f 4019//4019 4011//4011 4101//4101
f 4101//4101 4011//4011 4013//4013
f 4101//4101 4013//4013 4095//4095
f 4089//4089 4091//4091 4088//4088
f 4088//4088 4091//4091 4075//4075
f 4088//4088 4075//4075 4086//4086
f 4086//4086 4075//4075 4083//4083
f 4022//4022 4024//4024 4011//4011
f 4011//4011 4024//4024 3989//3989
f 4011//4011 3989//3989 4009//4009
f 4009//4009 3989//3989 3992//3992
f 4069//4069 4071//4071 4068//4068
f 4068//4068 4071//4071 4073//4073
f 4068//4068 4073//4073 4064//4064
f 4064//4064 4073//4073 4065//4065
f 4051//4051 4054//4054 4049//4049
f 4049//4049 4054//4054 4046//4046
f 4049//4049 4046//4046 4047//4047
f 4047//4047 4046//4046 4043//4043
f 4025//4025 4029//4029 4027//4027
f 4027//4027 4029//4029 4031//4031
f 4027//4027 4031//4031 4033//4033
f 4013//4013 4015//4015 4095//4095
f 4095//4095 4015//4015 3996//3996
f 4095//4095 3996//3996 4008//4008
f 4008//4008 3996//3996 4006//4006
f 4104//4104 4106//4106 4108//4108
f 4108//4108 4106//4106 4009//4009
f 4108//4108 4009//4009 3994//3994
f 3994//3994 4009//4009 3992//3992
f 4001//4001 4003//4003 3999//3999
f 3999//3999 4003//4003 4006//4006
f 3999//3999 4006//4006 3997//3997
f 3997//3997 4006//4006 3996//3996
f 4111//4111 4112//4112 4113//4113
f 4115//4115 4116//4116 4114//4114
f 4127//4127 4125//4125 4119//4119
f 4159//4159 4153//4153 4161//4161
f 4160//4160 4154//4154 4156//4156
f 4149//4149 4168//4168 4151//4151
f 4151//4151 4168//4168 4169//4169
f 4151//4151 4169//4169 4170//4170
f 4165//4165 4166//4166 4157//4157
f 4157//4157 4166//4166 4155//4155
f 4155//4155 4166//4166 4161//4161
f 4161//4161 4166//4166 4167//4167
f 4161//4161 4167//4167 4162//4162
f 4171//4171 4172//4172 4132//4132
f 4170//4170 4173//4173 4151//4151
f 4151//4151 4173//4173 4174//4174
f 4151//4151 4174//4174 4163//4163
f 4163//4163 4174//4174 4175//4175
f 4163//4163 4175//4175 4124//4124
f 4119//4119 4120//4120 4127//4127
f 4127//4127 4120//4120 4121//4121
f 4127//4127 4121//4121 4176//4176
f 4176//4176 4121//4121 4122//4122
f 4176//4176 4122//4122 4175//4175
f 4175//4175 4122//4122 4123//4123
f 4175//4175 4123//4123 4124//4124
f 4139//4139 4177//4177 4178//4178
f 4179//4179 4139//4139 4137//4137
f 4136//4136 4132//4132 4135//4135
f 4135//4135 4132//4132 4172//4172
f 4135//4135 4172//4172 4138//4138
f 4138//4138 4172//4172 4137//4137
f 4165//4165 4157//4157 4164//4164
f 4164//4164 4157//4157 4158//4158
f 4164//4164 4158//4158 4163//4163
f 4163//4163 4158//4158 4152//4152
f 4163//4163 4152//4152 4151//4151
f 4178//4178 4168//4168 4139//4139
f 4139//4139 4168//4168 4149//4149
f 4139//4139 4149//4149 4141//4141
f 4141//4141 4149//4149 4150//4150
f 4141//4141 4150//4150 4140//4140
f 4140//4140 4150//4150 4147//4147
f 4140//4140 4147//4147 4144//4144
f 4144//4144 4147//4147 4148//4148
f 4144//4144 4148//4148 4143//4143
f 4143//4143 4148//4148 4146//4146
f 4143//4143 4146//4146 4142//4142
f 4142//4142 4146//4146 4145//4145
f 4132//4132 4133//4133 4171//4171
f 4171//4171 4133//4133 4134//4134
f 4171//4171 4134//4134 4180//4180
f 4180//4180 4134//4134 4130//4130
f 4180//4180 4130//4130 4181//4181
f 4181//4181 4130//4130 4131//4131
f 4181//4181 4131//4131 4182//4182
f 4182//4182 4131//4131 4128//4128
f 4182//4182 4128//4128 4183//4183
f 4183//4183 4128//4128 4129//4129
f 4183//4183 4129//4129 4176//4176
f 4176//4176 4129//4129 4126//4126
f 4176//4176 4126//4126 4127//4127
f 4210//4210 4204//4204 4195//4195
f 4196//4196 4197//4197 4198//4198
f 4205//4205 4206//4206 4204//4204
f 4204//4204 4206//4206 4207//4207
f 4207//4207 4209//4209 4204//4204
f 4203//4203 4208//4208 4201//4201
f 4204//4204 4200//4200 4195//4195
f 4195//4195 4200//4200 4202//4202
f 4195//4195 4202//4202 4194//4194
f 4194//4194 4202//4202 4196//4196
f 4194//4194 4196//4196 4199//4199
f 4199//4199 4196//4196 4198//4198
f 4192//4192 4193//4193 4191//4191
f 4191//4191 4193//4193 4189//4189
f 4184//4184 4185//4185 4186//4186
f 4186//4186 4187//4187 4184//4184
f 4184//4184 4187//4187 4188//4188
f 4184//4184 4188//4188 4190//4190
f 4190//4190 4188//4188 4210//4210
f 4190//4190 4210//4210 4189//4189
f 4189//4189 4210//4210 4195//4195
f 4189//4189 4195//4195 4191//4191
f 4228//4228 4215//4215 4229//4229
f 4229//4229 4224//4224 4230//4230
f 4230//4230 4224//4224 4225//4225
f 4230//4230 4225//4225 4231//4231
f 4231//4231 4225//4225 4226//4226
f 4231//4231 4226//4226 4232//4232
f 4232//4232 4226//4226 4227//4227
f 4232//4232 4227//4227 4233//4233
f 4233//4233 4227//4227 4220//4220
f 4233//4233 4220//4220 4234//4234
f 4234//4234 4220//4220 4221//4221
f 4234//4234 4221//4221 4235//4235
f 4235//4235 4221//4221 4222//4222
f 4235//4235 4222//4222 4236//4236
f 4236//4236 4222//4222 4223//4223
f 4236//4236 4223//4223 4237//4237
f 4237//4237 4223//4223 4216//4216
f 4237//4237 4216//4216 4238//4238
f 4238//4238 4216//4216 4217//4217
f 4238//4238 4217//4217 4239//4239
f 4239//4239 4217//4217 4218//4218
f 4239//4239 4218//4218 4240//4240
f 4240//4240 4218//4218 4219//4219
f 4240//4240 4219//4219 4241//4241
f 4241//4241 4219//4219 4211//4211
f 4241//4241 4211//4211 4242//4242
f 4242//4242 4211//4211 4212//4212
f 4242//4242 4212//4212 4243//4243
f 4243//4243 4212//4212 4213//4213
f 4243//4243 4213//4213 4244//4244
f 4244//4244 4213//4213 4214//4214
f 4244//4244 4214//4214 4228//4228
f 4228//4228 4214//4214 4215//4215
f 4284//4284 4286//4286 4289//4289
f 4288//4288 4287//4287 4290//4290
f 4259//4259 4260//4260 4254//4254
f 4267//4267 4263//4263 4269//4269
f 4269//4269 4263//4263 4264//4264
f 4269//4269 4264//4264 4291//4291
f 4291//4291 4264//4264 4265//4265
f 4291//4291 4265//4265 4292//4292
f 4292//4292 4265//4265 4266//4266
f 4292//4292 4266//4266 4262//4262
f 4293//4293 4280//4280 4288//4288
f 4288//4288 4280//4280 4277//4277
f 4288//4288 4277//4277 4285//4285
f 4278//4278 4294//4294 4277//4277
f 4277//4277 4294//4294 4295//4295
f 4277//4277 4295//4295 4285//4285
f 4254//4254 4260//4260 4253//4253
f 4253//4253 4260//4260 4261//4261
f 4253//4253 4261//4261 4255//4255
f 4296//4296 4276//4276 4297//4297
f 4297//4297 4276//4276 4272//4272
f 4297//4297 4272//4272 4298//4298
f 4298//4298 4272//4272 4273//4273
f 4298//4298 4273//4273 4299//4299
f 4299//4299 4273//4273 4270//4270
f 4299//4299 4270//4270 4300//4300
f 4300//4300 4270//4270 4271//4271
f 4300//4300 4271//4271 4291//4291
f 4291//4291 4271//4271 4268//4268
f 4291//4291 4268//4268 4269//4269
f 4278//4278 4279//4279 4294//4294
f 4294//4294 4279//4279 4274//4274
f 4294//4294 4274//4274 4296//4296
f 4296//4296 4274//4274 4275//4275
f 4296//4296 4275//4275 4276//4276
f 4293//4293 4301//4301 4280//4280
f 4280//4280 4301//4301 4302//4302
f 4280//4280 4302//4302 4283//4283
f 4283//4283 4302//4302 4303//4303
f 4283//4283 4303//4303 4282//4282
f 4282//4282 4303//4303 4281//4281
f 4304//4304 4256//4256 4305//4305
f 4305//4305 4256//4256 4257//4257
f 4305//4305 4257//4257 4306//4306
f 4306//4306 4257//4257 4258//4258
f 4306//4306 4258//4258 4307//4307
f 4290//4290 4308//4308 4288//4288
f 4288//4288 4308//4308 4309//4309
f 4288//4288 4309//4309 4310//4310
f 4310//4310 4309//4309 4311//4311
f 4310//4310 4311//4311 4304//4304
f 4304//4304 4311//4311 4292//4292
f 4304//4304 4292//4292 4256//4256
f 4256//4256 4292//4292 4262//4262
f 4303//4303 4312//4312 4281//4281
f 4281//4281 4312//4312 4313//4313
f 4281//4281 4313//4313 4248//4248
f 4248//4248 4313//4313 4314//4314
f 4248//4248 4314//4314 4247//4247
f 4247//4247 4314//4314 4315//4315
f 4247//4247 4315//4315 4246//4246
f 4246//4246 4315//4315 4245//4245
f 4245//4245 4315//4315 4316//4316
f 4245//4245 4316//4316 4250//4250
f 4250//4250 4316//4316 4317//4317
f 4250//4250 4317//4317 4249//4249
f 4317//4317 4318//4318 4249//4249
f 4249//4249 4318//4318 4319//4319
f 4249//4249 4319//4319 4252//4252
f 4252//4252 4319//4319 4320//4320
f 4252//4252 4320//4320 4251//4251
f 4251//4251 4320//4320 4307//4307
f 4251//4251 4307//4307 4254//4254
f 4254//4254 4307//4307 4258//4258
f 4254//4254 4258//4258 4259//4259
f 4338//4338 4325//4325 4339//4339
f 4339//4339 4325//4325 4334//4334
f 4339//4339 4334//4334 4340//4340
f 4340//4340 4334//4334 4335//4335
f 4340//4340 4335//4335 4341//4341
f 4341//4341 4335//4335 4336//4336
f 4341//4341 4336//4336 4342//4342
f 4342//4342 4336//4336 4337//4337
f 4342//4342 4337//4337 4343//4343
f 4343//4343 4337//4337 4330//4330
f 4343//4343 4330//4330 4344//4344
f 4344//4344 4330//4330 4331//4331
f 4344//4344 4331//4331 4345//4345
f 4345//4345 4331//4331 4332//4332
f 4345//4345 4332//4332 4346//4346
f 4346//4346 4332//4332 4333//4333
f 4346//4346 4333//4333 4347//4347
f 4347//4347 4333//4333 4329//4329
f 4347//4347 4329//4329 4348//4348
f 4348//4348 4329//4329 4328//4328
f 4348//4348 4328//4328 4349//4349
f 4349//4349 4328//4328 4327//4327
f 4349//4349 4327//4327 4350//4350
f 4350//4350 4327//4327 4326//4326
f 4350//4350 4326//4326 4351//4351
f 4351//4351 4326//4326 4321//4321
f 4351//4351 4321//4321 4352//4352
f 4352//4352 4321//4321 4322//4322
f 4352//4352 4322//4322 4353//4353
f 4353//4353 4322//4322 4323//4323
f 4353//4353 4323//4323 4354//4354
f 4354//4354 4323//4323 4324//4324
f 4354//4354 4324//4324 4338//4338
f 4338//4338 4324//4324 4325//4325
f 4359//4359 4355//4355 4360//4360
f 4360//4360 4355//4355 4356//4356
f 4383//4383 4361//4361 4358//4358
f 4358//4358 4361//4361 4360//4360
f 4358//4358 4360//4360 4357//4357
f 4357//4357 4360//4360 4356//4356
f 4372//4372 4377//4377 4369//4369
f 4370//4370 4376//4376 4375//4375
f 4370//4370 4375//4375 4368//4368
f 4365//4365 4362//4362 4361//4361
f 4365//4365 4361//4361 4364//4364
f 4378//4378 4376//4376 4382//4382
f 4382//4382 4376//4376 4371//4371
f 4382//4382 4371//4371 4381//4381
f 4381//4381 4371//4371 4373//4373
f 4381//4381 4373//4373 4380//4380
f 4380//4380 4373//4373 4374//4374
f 4380//4380 4374//4374 4379//4379
f 4379//4379 4374//4374 4367//4367
f 4379//4379 4367//4367 4383//4383
f 4383//4383 4367//4367 4366//4366
f 4383//4383 4366//4366 4361//4361
f 4361//4361 4366//4366 4363//4363
f 4361//4361 4363//4363 4364//4364
f 4401//4401 4397//4397 4402//4402
f 4402//4402 4397//4397 4398//4398
f 4395//4395 4391//4391 4390//4390
f 4394//4394 4395//4395 4385//4385
f 4385//4385 4395//4395 4390//4390
f 4385//4385 4390//4390 4384//4384
f 4384//4384 4390//4390 4389//4389
f 4406//4406 4402//4402 4398//4398
f 4406//4406 4398//4398 4405//4405
f 4405//4405 4398//4398 4399//4399
f 4405//4405 4399//4399 4404//4404
f 4404//4404 4399//4399 4403//4403
f 4394//4394 4385//4385 4393//4393
f 4393//4393 4385//4385 4386//4386
f 4393//4393 4386//4386 4392//4392
f 4399//4399 4400//4400 4403//4403
f 4403//4403 4400//4400 4396//4396
f 4403//4403 4396//4396 4388//4388
f 4388//4388 4396//4396 4392//4392
f 4388//4388 4392//4392 4387//4387
f 4387//4387 4392//4392 4386//4386
f 4419//4419 4417//4417 4421//4421
f 4421//4421 4417//4417 4418//4418
f 4421//4421 4418//4418 4420//4420
f 4420//4420 4418//4418 4415//4415
f 4420//4420 4415//4415 4423//4423
f 4423//4423 4415//4415 4416//4416
f 4444//4444 4431//4431 4428//4428
f 4428//4428 4429//4429 4444//4444
f 4444//4444 4429//4429 4426//4426
f 4444//4444 4426//4426 4445//4445
f 4410//4410 4411//4411 4446//4446
f 4446//4446 4411//4411 4407//4407
f 4446//4446 4407//4407 4447//4447
f 4447//4447 4407//4407 4408//4408
f 4447//4447 4408//4408 4448//4448
f 4448//4448 4408//4408 4409//4409
f 4448//4448 4409//4409 4449//4449
f 4449//4449 4409//4409 4440//4440
f 4449//4449 4440//4440 4450//4450
f 4450//4450 4440//4440 4441//4441
f 4450//4450 4441//4441 4451//4451
f 4451//4451 4441//4441 4442//4442
f 4451//4451 4442//4442 4452//4452
f 4452//4452 4442//4442 4443//4443
f 4452//4452 4443//4443 4453//4453
f 4453//4453 4443//4443 4436//4436
f 4453//4453 4436//4436 4454//4454
f 4454//4454 4436//4436 4437//4437
f 4454//4454 4437//4437 4455//4455
f 4455//4455 4437//4437 4438//4438
f 4455//4455 4438//4438 4456//4456
f 4456//4456 4438//4438 4439//4439
f 4456//4456 4439//4439 4457//4457
f 4457//4457 4439//4439 4432//4432
f 4457//4457 4432//4432 4458//4458
f 4458//4458 4432//4432 4433//4433
f 4458//4458 4433//4433 4459//4459
f 4459//4459 4433//4433 4434//4434
f 4459//4459 4434//4434 4460//4460
f 4460//4460 4434//4434 4435//4435
f 4460//4460 4435//4435 4444//4444
f 4444//4444 4435//4435 4430//4430
f 4444//4444 4430//4430 4431//4431
f 4446//4446 4445//4445 4410//4410
f 4410//4410 4445//4445 4426//4426
f 4410//4410 4426//4426 4412//4412
f 4412//4412 4426//4426 4427//4427
f 4412//4412 4427//4427 4414//4414
f 4414//4414 4427//4427 4424//4424
f 4414//4414 4424//4424 4413//4413
f 4413//4413 4424//4424 4425//4425
f 4413//4413 4425//4425 4416//4416
f 4416//4416 4425//4425 4422//4422
f 4416//4416 4422//4422 4423//4423
f 4466//4466 4467//4467 4473//4473
f 4473//4473 4467//4467 4472//4472
f 4465//4465 4483//4483 4474//4474
f 4475//4475 4476//4476 4474//4474
f 4474//4474 4476//4476 4477//4477
f 4461//4461 4462//4462 4463//4463
f 4470//4470 4471//4471 4469//4469
f 4469//4469 4471//4471 4466//4466
f 4469//4469 4466//4466 4468//4468
f 4468//4468 4466//4466 4473//4473
f 4477//4477 4472//4472 4474//4474
f 4474//4474 4472//4472 4467//4467
f 4474//4474 4467//4467 4465//4465
f 4465//4465 4467//4467 4461//4461
f 4465//4465 4461//4461 4464//4464
f 4464//4464 4461//4461 4463//4463
f 4481//4481 4482//4482 4480//4480
f 4480//4480 4482//4482 4478//4478
f 4480//4480 4478//4478 4483//4483
f 4483//4483 4478//4478 4479//4479
f 4483//4483 4479//4479 4474//4474
f 4489//4489 4490//4490 4506//4506
f 4506//4506 4501//4501 4496//4496
f 4501//4501 4506//4506 4500//4500
f 4500//4500 4506//4506 4502//4502
f 4496//4496 4497//4497 4506//4506
f 4506//4506 4497//4497 4498//4498
f 4506//4506 4498//4498 4499//4499
f 4499//4499 4494//4494 4506//4506
f 4506//4506 4494//4494 4495//4495
f 4506//4506 4495//4495 4489//4489
f 4489//4489 4495//4495 4491//4491
f 4489//4489 4491//4491 4493//4493
f 4493//4493 4491//4491 4492//4492
f 4485//4485 4486//4486 4484//4484
f 4484//4484 4486//4486 4487//4487
f 4484//4484 4487//4487 4490//4490
f 4490//4490 4487//4487 4488//4488
f 4490//4490 4488//4488 4506//4506
f 4503//4503 4504//4504 4502//4502
f 4502//4502 4504//4504 4505//4505
f 4502//4502 4505//4505 4500//4500
f 4524//4524 4525//4525 4526//4526
f 4529//4529 4530//4530 4532//4532
f 4532//4532 4530//4530 4537//4537
f 4538//4538 4542//4542 4543//4543
f 4543//4543 4542//4542 4537//4537
f 4543//4543 4537//4537 4544//4544
f 4544//4544 4537//4537 4530//4530
f 4529//4529 4532//4532 4545//4545
f 4545//4545 4532//4532 4548//4548
f 4545//4545 4548//4548 4549//4549
f 4525//4525 4550//4550 4526//4526
f 4526//4526 4550//4550 4551//4551
f 4526//4526 4551//4551 4548//4548
f 4548//4548 4551//4551 4552//4552
f 4548//4548 4552//4552 4549//4549
f 4553//4553 4554//4554 4556//4556
f 4556//4556 4554//4554 4559//4559
f 4556//4556 4559//4559 4526//4526
f 4526//4526 4559//4559 4560//4560
f 4526//4526 4560//4560 4524//4524
f 4538//4538 4561//4561 4542//4542
f 4542//4542 4561//4561 4562//4562
f 4542//4542 4562//4562 4556//4556
f 4556//4556 4562//4562 4563//4563
f 4556//4556 4563//4563 4553//4553
f 4565//4565 4566//4566 4567//4567
f 4565//4565 4567//4567 4568//4568
f 4567//4567 4570//4570 4568//4568
f 4568//4568 4570//4570 4571//4571
f 4568//4568 4571//4571 4572//4572
f 4571//4571 4574//4574 4572//4572
f 4572//4572 4574//4574 4575//4575
f 4572//4572 4575//4575 4576//4576
f 4575//4575 4578//4578 4576//4576
f 4576//4576 4578//4578 4579//4579
f 4576//4576 4579//4579 4580//4580
f 4579//4579 4582//4582 4580//4580
f 4580//4580 4582//4582 4583//4583
f 4580//4580 4583//4583 4585//4585
f 4586//4586 4587//4587 4589//4589
f 4589//4589 4587//4587 4585//4585
f 4589//4589 4585//4585 4590//4590
f 4590//4590 4585//4585 4583//4583
f 4591//4591 4592//4592 4594//4594
f 4594//4594 4592//4592 4595//4595
f 4594//4594 4595//4595 4597//4597
f 4597//4597 4595//4595 4598//4598
f 4597//4597 4598//4598 4600//4600
f 4600//4600 4598//4598 4602//4602
f 4600//4600 4602//4602 4603//4603
f 4603//4603 4602//4602 4605//4605
f 4603//4603 4605//4605 4606//4606
f 4606//4606 4605//4605 4608//4608
f 4606//4606 4608//4608 4609//4609
f 4609//4609 4608//4608 4564//4564
f 4609//4609 4564//4564 4610//4610
f 4610//4610 4564//4564 4569//4569
f 4610//4610 4569//4569 4611//4611
f 4611//4611 4569//4569 4573//4573
f 4611//4611 4573//4573 4612//4612
f 4612//4612 4573//4573 4577//4577
f 4612//4612 4577//4577 4613//4613
f 4613//4613 4577//4577 4581//4581
f 4613//4613 4581//4581 4614//4614
f 4614//4614 4581//4581 4584//4584
f 4614//4614 4584//4584 4615//4615
f 4615//4615 4584//4584 4588//4588
f 4615//4615 4588//4588 4591//4591
f 4591//4591 4588//4588 4592//4592
f 4515//4515 4616//4616 4617//4617
f 4515//4515 4617//4617 4514//4514
f 4514//4514 4617//4617 4618//4618
f 4514//4514 4618//4618 4512//4512
f 4513//4513 4618//4618 4620//4620
f 4513//4513 4619//4619 4509//4509
f 4511//4511 4620//4620 4622//4622
f 4510//4510 4621//4621 4508//4508
f 4507//4507 4622//4622 4623//4623
f 4507//4507 4623//4623 4523//4523
f 4523//4523 4623//4623 4624//4624
f 4523//4523 4624//4624 4522//4522
f 4624//4624 4625//4625 4626//4626
f 4626//4626 4625//4625 4627//4627
f 4626//4626 4627//4627 4628//4628
f 4628//4628 4627//4627 4629//4629
f 4628//4628 4629//4629 4630//4630
f 4630//4630 4629//4629 4631//4631
f 4630//4630 4631//4631 4632//4632
f 4632//4632 4631//4631 4633//4633
f 4632//4632 4633//4633 4634//4634
f 4634//4634 4633//4633 4635//4635
f 4634//4634 4635//4635 4636//4636
f 4636//4636 4635//4635 4637//4637
f 4636//4636 4637//4637 4616//4616
f 4616//4616 4637//4637 4638//4638
f 4625//4625 4640//4640 4627//4627
f 4627//4627 4640//4640 4641//4641
f 4627//4627 4641//4641 4629//4629
f 4629//4629 4641//4641 4643//4643
f 4629//4629 4643//4643 4631//4631
f 4631//4631 4643//4643 4645//4645
f 4631//4631 4645//4645 4633//4633
f 4633//4633 4645//4645 4647//4647
f 4633//4633 4647//4647 4635//4635
f 4635//4635 4647//4647 4649//4649
f 4635//4635 4649//4649 4637//4637
f 4637//4637 4649//4649 4651//4651
f 4637//4637 4651//4651 4638//4638
f 4638//4638 4651//4651 4653//4653
f 4639//4639 4615//4615 4642//4642
f 4642//4642 4615//4615 4591//4591
f 4642//4642 4591//4591 4644//4644
f 4644//4644 4591//4591 4594//4594
f 4644//4644 4594//4594 4646//4646
f 4646//4646 4594//4594 4597//4597
f 4646//4646 4597//4597 4648//4648
f 4648//4648 4597//4597 4600//4600
f 4648//4648 4600//4600 4650//4650
f 4650//4650 4600//4600 4603//4603
f 4650//4650 4603//4603 4652//4652
f 4652//4652 4603//4603 4606//4606
f 4652//4652 4606//4606 4654//4654
f 4654//4654 4606//4606 4609//4609
f 4566//4566 4655//4655 4656//4656
f 4655//4655 4657//4657 4660//4660
f 4658//4658 4551//4551 4550//4550
f 4658//4658 4550//4550 4659//4659
f 4659//4659 4550//4550 4525//4525
f 4659//4659 4525//4525 4661//4661
f 4661//4661 4525//4525 4524//4524
f 4661//4661 4524//4524 4663//4663
f 4663//4663 4524//4524 4560//4560
f 4663//4663 4560//4560 4665//4665
f 4665//4665 4560//4560 4559//4559
f 4665//4665 4559//4559 4667//4667
f 4667//4667 4559//4559 4554//4554
f 4667//4667 4554//4554 4670//4670
f 4670//4670 4554//4554 4553//4553
f 4670//4670 4553//4553 4671//4671
f 4671//4671 4553//4553 4563//4563
f 4671//4671 4563//4563 4674//4674
f 4674//4674 4563//4563 4562//4562
f 4674//4674 4562//4562 4676//4676
f 4676//4676 4562//4562 4561//4561
f 4676//4676 4561//4561 4678//4678
f 4678//4678 4561//4561 4538//4538
f 4678//4678 4538//4538 4680//4680
f 4680//4680 4538//4538 4543//4543
f 4680//4680 4543//4543 4682//4682
f 4655//4655 4660//4660 4656//4656
f 4656//4656 4660//4660 4662//4662
f 4656//4656 4662//4662 4683//4683
f 4683//4683 4662//4662 4664//4664
f 4683//4683 4664//4664 4684//4684
f 4684//4684 4664//4664 4666//4666
f 4684//4684 4666//4666 4685//4685
f 4685//4685 4666//4666 4668//4668
f 4685//4685 4668//4668 4686//4686
f 4686//4686 4668//4668 4669//4669
f 4686//4686 4669//4669 4687//4687
f 4687//4687 4669//4669 4672//4672
f 4687//4687 4672//4672 4688//4688
f 4688//4688 4672//4672 4673//4673
f 4688//4688 4673//4673 4689//4689
f 4689//4689 4673//4673 4675//4675
f 4689//4689 4675//4675 4690//4690
f 4690//4690 4675//4675 4677//4677
f 4690//4690 4677//4677 4691//4691
f 4691//4691 4677//4677 4679//4679
f 4691//4691 4679//4679 4692//4692
f 4692//4692 4679//4679 4681//4681
f 4692//4692 4681//4681 4693//4693
f 4566//4566 4656//4656 4567//4567
f 4567//4567 4656//4656 4683//4683
f 4567//4567 4683//4683 4570//4570
f 4570//4570 4683//4683 4684//4684
f 4570//4570 4684//4684 4571//4571
f 4571//4571 4684//4684 4685//4685
f 4571//4571 4685//4685 4574//4574
f 4574//4574 4685//4685 4686//4686
f 4574//4574 4686//4686 4575//4575
f 4575//4575 4686//4686 4687//4687
f 4575//4575 4687//4687 4578//4578
f 4578//4578 4687//4687 4688//4688
f 4578//4578 4688//4688 4579//4579
f 4579//4579 4688//4688 4689//4689
f 4579//4579 4689//4689 4582//4582
f 4582//4582 4689//4689 4690//4690
f 4582//4582 4690//4690 4583//4583
f 4583//4583 4690//4690 4691//4691
f 4583//4583 4691//4691 4590//4590
f 4590//4590 4691//4691 4692//4692
f 4590//4590 4692//4692 4589//4589
f 4589//4589 4692//4692 4693//4693
f 4589//4589 4693//4693 4586//4586
f 4695//4695 4546//4546 4701//4701
f 4701//4701 4546//4546 4533//4533
f 4701//4701 4533//4533 4702//4702
f 4705//4705 4527//4527 4710//4710
f 4710//4710 4527//4527 4547//4547
f 4710//4710 4547//4547 4697//4697
f 4711//4711 4555//4555 4714//4714
f 4716//4716 4557//4557 4528//4528
f 4716//4716 4528//4528 4706//4706
f 4718//4718 4541//4541 4724//4724
f 4723//4723 4540//4540 4558//4558
f 4723//4723 4558//4558 4713//4713
f 4727//4727 4535//4535 4729//4729
f 4730//4730 4534//4534 4539//4539
f 4730//4730 4539//4539 4720//4720
f 4704//4704 4531//4531 4732//4732
f 4732//4732 4531//4531 4536//4536
f 4732//4732 4536//4536 4725//4725
f 4715//4715 4707//4707 4735//4735
f 4735//4735 4707//4707 4709//4709
f 4721//4721 4712//4712 4738//4738
f 4738//4738 4712//4712 4715//4715
f 4728//4728 4719//4719 4740//4740
f 4740//4740 4719//4719 4721//4721
f 4728//4728 4742//4742 4726//4726
f 4726//4726 4742//4742 4744//4744
f 4726//4726 4744//4744 4734//4734
f 4734//4734 4745//4745 4703//4703
f 4703//4703 4745//4745 4747//4747
f 4703//4703 4747//4747 4700//4700
f 4698//4698 4750//4750 4694//4694
f 4696//4696 4749//4749 4752//4752
f 4696//4696 4752//4752 4709//4709
f 4754//4754 4753//4753 4751//4751
f 4708//4708 4753//4753 4754//4754
f 4754//4754 4748//4748 4746//4746
f 4699//4699 4748//4748 4754//4754
f 4754//4754 4741//4741 4731//4731
f 4743//4743 4741//4741 4754//4754
f 4733//4733 4743//4743 4754//4754
f 4746//4746 4733//4733 4754//4754
f 4751//4751 4699//4699 4754//4754
f 4774//4774 4775//4775 4778//4778
f 4779//4779 4781//4781 4783//4783
f 4783//4783 4781//4781 4784//4784
f 4783//4783 4784//4784 4787//4787
f 4787//4787 4784//4784 4788//4788
f 4788//4788 4784//4784 4791//4791
f 4788//4788 4791//4791 4792//4792
f 4795//4795 4796//4796 4791//4791
f 4791//4791 4796//4796 4797//4797
f 4791//4791 4797//4797 4792//4792
f 4798//4798 4799//4799 4801//4801
f 4801//4801 4799//4799 4803//4803
f 4801//4801 4803//4803 4795//4795
f 4795//4795 4803//4803 4804//4804
f 4795//4795 4804//4804 4796//4796
f 4779//4779 4805//4805 4781//4781
f 4781//4781 4805//4805 4806//4806
f 4781//4781 4806//4806 4778//4778
f 4778//4778 4806//4806 4807//4807
f 4778//4778 4807//4807 4774//4774
f 4775//4775 4808//4808 4778//4778
f 4778//4778 4808//4808 4809//4809
f 4778//4778 4809//4809 4801//4801
f 4801//4801 4809//4809 4810//4810
f 4801//4801 4810//4810 4798//4798
f 4811//4811 4812//4812 4813//4813
f 4813//4813 4812//4812 4815//4815
f 4812//4812 4817//4817 4815//4815
f 4815//4815 4817//4817 4818//4818
f 4815//4815 4818//4818 4820//4820
f 4818//4818 4821//4821 4820//4820
f 4820//4820 4821//4821 4822//4822
f 4820//4820 4822//4822 4824//4824
f 4822//4822 4825//4825 4824//4824
f 4824//4824 4825//4825 4826//4826
f 4824//4824 4826//4826 4827//4827
f 4826//4826 4829//4829 4827//4827
f 4827//4827 4829//4829 4830//4830
f 4827//4827 4830//4830 4831//4831
f 4833//4833 4835//4835 4836//4836
f 4836//4836 4835//4835 4831//4831
f 4836//4836 4831//4831 4837//4837
f 4837//4837 4831//4831 4830//4830
f 4838//4838 4840//4840 4841//4841
f 4841//4841 4840//4840 4843//4843
f 4841//4841 4843//4843 4844//4844
f 4844//4844 4843//4843 4846//4846
f 4844//4844 4846//4846 4847//4847
f 4847//4847 4846//4846 4814//4814
f 4847//4847 4814//4814 4848//4848
f 4848//4848 4814//4814 4816//4816
f 4848//4848 4816//4816 4849//4849
f 4849//4849 4816//4816 4819//4819
f 4849//4849 4819//4819 4850//4850
f 4850//4850 4819//4819 4823//4823
f 4850//4850 4823//4823 4851//4851
f 4851//4851 4823//4823 4828//4828
f 4851//4851 4828//4828 4852//4852
f 4852//4852 4828//4828 4832//4832
f 4852//4852 4832//4832 4853//4853
f 4853//4853 4832//4832 4834//4834
f 4853//4853 4834//4834 4854//4854
f 4854//4854 4834//4834 4856//4856
f 4854//4854 4856//4856 4857//4857
f 4857//4857 4856//4856 4859//4859
f 4857//4857 4859//4859 4838//4838
f 4838//4838 4859//4859 4840//4840
f 4764//4764 4860//4860 4861//4861
f 4764//4764 4861//4861 4763//4763
f 4763//4763 4861//4861 4862//4862
f 4763//4763 4862//4862 4760//4760
f 4761//4761 4862//4862 4863//4863
f 4762//4762 4863//4863 4759//4759
f 4758//4758 4863//4863 4865//4865
f 4758//4758 4864//4864 4756//4756
f 4757//4757 4865//4865 4866//4866
f 4757//4757 4866//4866 4755//4755
f 4755//4755 4866//4866 4867//4867
f 4755//4755 4867//4867 4773//4773
f 4868//4868 4869//4869 4870//4870
f 4871//4871 4872//4872 4873//4873
f 4874//4874 4867//4867 4875//4875
f 4872//4872 4860//4860 4873//4873
f 4873//4873 4860//4860 4876//4876
f 4873//4873 4876//4876 4877//4877
f 4877//4877 4876//4876 4878//4878
f 4877//4877 4878//4878 4879//4879
f 4879//4879 4878//4878 4880//4880
f 4879//4879 4880//4880 4881//4881
f 4881//4881 4880//4880 4882//4882
f 4881//4881 4882//4882 4883//4883
f 4883//4883 4884//4884 4881//4881
f 4881//4881 4884//4884 4885//4885
f 4881//4881 4885//4885 4879//4879
f 4879//4879 4885//4885 4886//4886
f 4879//4879 4886//4886 4877//4877
f 4877//4877 4886//4886 4887//4887
f 4877//4877 4887//4887 4873//4873
f 4873//4873 4887//4887 4870//4870
f 4873//4873 4870//4870 4871//4871
f 4871//4871 4870//4870 4869//4869
f 4882//4882 4874//4874 4883//4883
f 4883//4883 4874//4874 4875//4875
f 4883//4883 4875//4875 4884//4884
f 4884//4884 4875//4875 4888//4888
f 4884//4884 4888//4888 4889//4889
f 4889//4889 4890//4890 4884//4884
f 4884//4884 4890//4890 4891//4891
f 4884//4884 4891//4891 4885//4885
f 4885//4885 4891//4891 4892//4892
f 4885//4885 4892//4892 4886//4886
f 4886//4886 4892//4892 4893//4893
f 4886//4886 4893//4893 4887//4887
f 4887//4887 4893//4893 4894//4894
f 4887//4887 4894//4894 4870//4870
f 4870//4870 4894//4894 4895//4895
f 4870//4870 4895//4895 4868//4868
f 4868//4868 4895//4895 4896//4896
f 4890//4890 4853//4853 4891//4891
f 4891//4891 4853//4853 4854//4854
f 4891//4891 4854//4854 4892//4892
f 4892//4892 4854//4854 4857//4857
f 4892//4892 4857//4857 4893//4893
f 4893//4893 4857//4857 4838//4838
f 4893//4893 4838//4838 4894//4894
f 4894//4894 4838//4838 4841//4841
f 4894//4894 4841//4841 4895//4895
f 4895//4895 4841//4841 4844//4844
f 4895//4895 4844//4844 4896//4896
f 4896//4896 4844//4844 4847//4847
f 4897//4897 4898//4898 4899//4899
f 4899//4899 4898//4898 4900//4900
f 4901//4901 4902//4902 4903//4903
f 4903//4903 4902//4902 4897//4897
f 4812//4812 4811//4811 4901//4901
f 4783//4783 4904//4904 4779//4779
f 4779//4779 4904//4904 4905//4905
f 4779//4779 4905//4905 4805//4805
f 4805//4805 4905//4905 4907//4907
f 4805//4805 4907//4907 4806//4806
f 4806//4806 4907//4907 4909//4909
f 4806//4806 4909//4909 4807//4807
f 4807//4807 4909//4909 4911//4911
f 4807//4807 4911//4911 4774//4774
f 4774//4774 4911//4911 4913//4913
f 4774//4774 4913//4913 4775//4775
f 4775//4775 4913//4913 4916//4916
f 4775//4775 4916//4916 4808//4808
f 4808//4808 4916//4916 4918//4918
f 4808//4808 4918//4918 4809//4809
f 4809//4809 4918//4918 4919//4919
f 4809//4809 4919//4919 4810//4810
f 4810//4810 4919//4919 4922//4922
f 4810//4810 4922//4922 4798//4798
f 4798//4798 4922//4922 4899//4899
f 4798//4798 4899//4899 4799//4799
f 4799//4799 4899//4899 4900//4900
f 4799//4799 4900//4900 4803//4803
f 4897//4897 4899//4899 4903//4903
f 4903//4903 4899//4899 4921//4921
f 4903//4903 4921//4921 4923//4923
f 4923//4923 4921//4921 4920//4920
f 4923//4923 4920//4920 4924//4924
f 4924//4924 4920//4920 4917//4917
f 4924//4924 4917//4917 4925//4925
f 4925//4925 4917//4917 4915//4915
f 4925//4925 4915//4915 4926//4926
f 4926//4926 4915//4915 4914//4914
f 4926//4926 4914//4914 4927//4927
f 4927//4927 4914//4914 4912//4912
f 4927//4927 4912//4912 4928//4928
f 4928//4928 4912//4912 4910//4910
f 4928//4928 4910//4910 4929//4929
f 4929//4929 4910//4910 4908//4908
f 4929//4929 4908//4908 4930//4930
f 4930//4930 4908//4908 4906//4906
f 4930//4930 4906//4906 4931//4931
f 4931//4931 4906//4906 4904//4904
f 4931//4931 4904//4904 4932//4932
f 4783//4783 4933//4933 4904//4904
f 4904//4904 4933//4933 4934//4934
f 4904//4904 4934//4934 4932//4932
f 4932//4932 4934//4934 4935//4935
f 4932//4932 4935//4935 4936//4936
f 4901//4901 4903//4903 4812//4812
f 4812//4812 4903//4903 4923//4923
f 4812//4812 4923//4923 4817//4817
f 4817//4817 4923//4923 4924//4924
f 4817//4817 4924//4924 4818//4818
f 4818//4818 4924//4924 4925//4925
f 4818//4818 4925//4925 4821//4821
f 4821//4821 4925//4925 4926//4926
f 4821//4821 4926//4926 4822//4822
f 4822//4822 4926//4926 4927//4927
f 4822//4822 4927//4927 4825//4825
f 4825//4825 4927//4927 4928//4928
f 4825//4825 4928//4928 4826//4826
f 4826//4826 4928//4928 4929//4929
f 4826//4826 4929//4929 4829//4829
f 4829//4829 4929//4929 4930//4930
f 4829//4829 4930//4930 4830//4830
f 4830//4830 4930//4930 4931//4931
f 4830//4830 4931//4931 4837//4837
f 4837//4837 4931//4931 4932//4932
f 4837//4837 4932//4932 4836//4836
f 4836//4836 4932//4932 4936//4936
f 4836//4836 4936//4936 4833//4833
f 4939//4939 4794//4794 4942//4942
f 4942//4942 4794//4794 4790//4790
f 4942//4942 4790//4790 4945//4945
f 4946//4946 4802//4802 4951//4951
f 4951//4951 4802//4802 4793//4793
f 4951//4951 4793//4793 4937//4937
f 4952//4952 4777//4777 4955//4955
f 4955//4955 4777//4777 4800//4800
f 4955//4955 4800//4800 4947//4947
f 4960//4960 4780//4780 4962//4962
f 4962//4962 4780//4780 4776//4776
f 4962//4962 4776//4776 4953//4953
f 4965//4965 4786//4786 4969//4969
f 4969//4969 4786//4786 4782//4782
f 4969//4969 4782//4782 4958//4958
f 4943//4943 4789//4789 4971//4971
f 4971//4971 4789//4789 4785//4785
f 4971//4971 4785//4785 4964//4964
f 4956//4956 4948//4948 4973//4973
f 4973//4973 4948//4948 4949//4949
f 4961//4961 4954//4954 4975//4975
f 4975//4975 4954//4954 4956//4956
f 4968//4968 4959//4959 4977//4977
f 4977//4977 4959//4959 4961//4961
f 4970//4970 4966//4966 4979//4979
f 4979//4979 4966//4966 4968//4968
f 4940//4940 4944//4944 4981//4981
f 4981//4981 4944//4944 4970//4970
f 4949//4949 4938//4938 4983//4983
f 4983//4983 4938//4938 4940//4940
f 4985//4985 4941//4941 4982//4982
f 4984//4984 4941//4941 4985//4985
f 4950//4950 4984//4984 4985//4985
f 4985//4985 4980//4980 4967//4967
f 4972//4972 4980//4980 4985//4985
f 4982//4982 4972//4972 4985//4985
f 4986//4986 4987//4987 4988//4988
f 4988//4988 4989//4989 4990//4990
f 4989//4989 4988//4988 4991//4991
f 4991//4991 4988//4988 4992//4992
f 4990//4990 4993//4993 4988//4988
f 4988//4988 4993//4993 4994//4994
f 4988//4988 4994//4994 4995//4995
f 4995//4995 4996//4996 4988//4988
f 4988//4988 4996//4996 4997//4997
f 4988//4988 4997//4997 4986//4986
f 4986//4986 4997//4997 4998//4998
f 4986//4986 4998//4998 4999//4999
f 4999//4999 4998//4998 5000//5000
f 5001//5001 5002//5002 5003//5003
f 5003//5003 5002//5002 5004//5004
f 5003//5003 5004//5004 4987//4987
f 4987//4987 5004//5004 5005//5005
f 4987//4987 5005//5005 4988//4988
f 5006//5006 5007//5007 4992//4992
f 4992//4992 5007//5007 5008//5008
f 4992//4992 5008//5008 4991//4991
f 5009//5009 5010//5010 5011//5011
f 5011//5011 5010//5010 5012//5012
f 5013//5013 5014//5014 5015//5015
f 5016//5016 5017//5017 5015//5015
f 5015//5015 5017//5017 5018//5018
f 5019//5019 5020//5020 5021//5021
f 5022//5022 5023//5023 5024//5024
f 5024//5024 5023//5023 5009//5009
f 5024//5024 5009//5009 5025//5025
f 5025//5025 5009//5009 5011//5011
f 5018//5018 5012//5012 5015//5015
f 5015//5015 5012//5012 5010//5010
f 5015//5015 5010//5010 5013//5013
f 5013//5013 5010//5010 5019//5019
f 5013//5013 5019//5019 5026//5026
f 5026//5026 5019//5019 5021//5021
f 5027//5027 5028//5028 5029//5029
f 5029//5029 5028//5028 5030//5030
f 5029//5029 5030//5030 5014//5014
f 5014//5014 5030//5030 5031//5031
f 5014//5014 5031//5031 5015//5015
f 5043//5043 5044//5044 5049//5049
f 5050//5050 5051//5051 5052//5052
f 5052//5052 5051//5051 5053//5053
f 5052//5052 5053//5053 5054//5054
f 5054//5054 5053//5053 5055//5055
f 5054//5054 5055//5055 5056//5056
f 5056//5056 5055//5055 5057//5057
f 5058//5058 5037//5037 5059//5059
f 5059//5059 5037//5037 5038//5038
f 5058//5058 5060//5060 5037//5037
f 5037//5037 5060//5060 5061//5061
f 5037//5037 5061//5061 5062//5062
f 5044//5044 5037//5037 5049//5049
f 5049//5049 5037//5037 5062//5062
f 5049//5049 5062//5062 5063//5063
f 5063//5063 5062//5062 5064//5064
f 5063//5063 5064//5064 5065//5065
f 5065//5065 5064//5064 5066//5066
f 5065//5065 5066//5066 5067//5067
f 5067//5067 5066//5066 5068//5068
f 5067//5067 5068//5068 5057//5057
f 5057//5057 5068//5068 5069//5069
f 5057//5057 5069//5069 5056//5056
f 5049//5049 5070//5070 5043//5043
f 5043//5043 5070//5070 5071//5071
f 5043//5043 5071//5071 5042//5042
f 5042//5042 5071//5071 5072//5072
f 5042//5042 5072//5072 5041//5041
f 5041//5041 5072//5072 5073//5073
f 5041//5041 5073//5073 5045//5045
f 5045//5045 5074//5074 5048//5048
f 5048//5048 5074//5074 5075//5075
f 5048//5048 5075//5075 5047//5047
f 5047//5047 5075//5075 5076//5076
f 5047//5047 5076//5076 5046//5046
f 5046//5046 5076//5076 5077//5077
f 5046//5046 5077//5077 5036//5036
f 5036//5036 5077//5077 5078//5078
f 5036//5036 5078//5078 5035//5035
f 5035//5035 5078//5078 5079//5079
f 5035//5035 5079//5079 5034//5034
f 5034//5034 5079//5079 5080//5080
f 5034//5034 5080//5080 5033//5033
f 5033//5033 5080//5080 5081//5081
f 5033//5033 5081//5081 5032//5032
f 5032//5032 5081//5081 5082//5082
f 5032//5032 5082//5082 5040//5040
f 5040//5040 5082//5082 5083//5083
f 5040//5040 5083//5083 5039//5039
f 5039//5039 5083//5083 5084//5084
f 5039//5039 5084//5084 5038//5038
f 5038//5038 5084//5084 5085//5085
f 5038//5038 5085//5085 5059//5059
f 5086//5086 5087//5087 5088//5088
f 5088//5088 5087//5087 5089//5089
f 5090//5090 5091//5091 5092//5092
f 5093//5093 5090//5090 5094//5094
f 5094//5094 5090//5090 5092//5092
f 5094//5094 5092//5092 5095//5095
f 5095//5095 5092//5092 5096//5096
f 5097//5097 5088//5088 5089//5089
f 5097//5097 5089//5089 5098//5098
f 5098//5098 5089//5089 5099//5099
f 5098//5098 5099//5099 5100//5100
f 5100//5100 5099//5099 5101//5101
f 5093//5093 5094//5094 5102//5102
f 5102//5102 5094//5094 5103//5103
f 5102//5102 5103//5103 5104//5104
f 5099//5099 5105//5105 5101//5101
f 5101//5101 5105//5105 5106//5106
f 5101//5101 5106//5106 5107//5107
f 5107//5107 5106//5106 5104//5104
f 5107//5107 5104//5104 5108//5108
f 5108//5108 5104//5104 5103//5103
f 5112//5112 5113//5113 5114//5114
f 5114//5114 5113//5113 5115//5115
f 5116//5116 5117//5117 5118//5118
f 5118//5118 5117//5117 5114//5114
f 5118//5118 5114//5114 5119//5119
f 5119//5119 5114//5114 5115//5115
f 5120//5120 5122//5122 5125//5125
f 5124//5124 5123//5123 5126//5126
f 5124//5124 5126//5126 5127//5127
f 5129//5129 5128//5128 5117//5117
f 5129//5129 5117//5117 5130//5130
f 5131//5131 5123//5123 5132//5132
f 5132//5132 5123//5123 5121//5121
f 5132//5132 5121//5121 5133//5133
f 5133//5133 5121//5121 5134//5134
f 5133//5133 5134//5134 5135//5135
f 5135//5135 5134//5134 5136//5136
f 5135//5135 5136//5136 5137//5137
f 5137//5137 5136//5136 5138//5138
f 5137//5137 5138//5138 5116//5116
f 5116//5116 5138//5138 5139//5139
f 5116//5116 5139//5139 5117//5117
f 5117//5117 5139//5139 5140//5140
f 5117//5117 5140//5140 5130//5130
f 5153//5153 5161//5161 5157//5157
f 5157//5157 5161//5161 5162//5162
f 5157//5157 5162//5162 5160//5160
f 5160//5160 5162//5162 5163//5163
f 5160//5160 5163//5163 5159//5159
f 5159//5159 5163//5163 5164//5164
f 5159//5159 5164//5164 5158//5158
f 5158//5158 5164//5164 5165//5165
f 5158//5158 5165//5165 5148//5148
f 5148//5148 5165//5165 5166//5166
f 5148//5148 5166//5166 5147//5147
f 5147//5147 5166//5166 5167//5167
f 5147//5147 5167//5167 5146//5146
f 5146//5146 5167//5167 5168//5168
f 5146//5146 5168//5168 5145//5145
f 5145//5145 5168//5168 5169//5169
f 5145//5145 5169//5169 5144//5144
f 5144//5144 5169//5169 5170//5170
f 5144//5144 5170//5170 5152//5152
f 5152//5152 5170//5170 5171//5171
f 5152//5152 5171//5171 5151//5151
f 5151//5151 5171//5171 5172//5172
f 5151//5151 5172//5172 5150//5150
f 5150//5150 5172//5172 5173//5173
f 5150//5150 5173//5173 5149//5149
f 5149//5149 5173//5173 5174//5174
f 5149//5149 5174//5174 5156//5156
f 5156//5156 5174//5174 5175//5175
f 5156//5156 5175//5175 5155//5155
f 5155//5155 5175//5175 5176//5176
f 5155//5155 5176//5176 5154//5154
f 5154//5154 5176//5176 5177//5177
f 5154//5154 5177//5177 5153//5153
f 5153//5153 5177//5177 5161//5161
f 5212//5212 5213//5213 5189//5189
f 5214//5214 5215//5215 5181//5181
f 5181//5181 5215//5215 5183//5183
f 5216//5216 5217//5217 5218//5218
f 5218//5218 5217//5217 5219//5219
f 5218//5218 5219//5219 5178//5178
f 5178//5178 5219//5219 5220//5220
f 5178//5178 5220//5220 5181//5181
f 5181//5181 5220//5220 5221//5221
f 5181//5181 5221//5221 5214//5214
f 5186//5186 5187//5187 5222//5222
f 5184//5184 5185//5185 5196//5196
f 5196//5196 5185//5185 5182//5182
f 5223//5223 5224//5224 5225//5225
f 5184//5184 5196//5196 5188//5188
f 5188//5188 5196//5196 5197//5197
f 5188//5188 5197//5197 5193//5193
f 5189//5189 5213//5213 5192//5192
f 5225//5225 5224//5224 5226//5226
f 5226//5226 5224//5224 5227//5227
f 5226//5226 5227//5227 5228//5228
f 5186//5186 5222//5222 5189//5189
f 5189//5189 5222//5222 5229//5229
f 5189//5189 5229//5229 5212//5212
f 5230//5230 5231//5231 5211//5211
f 5211//5211 5231//5231 5232//5232
f 5211//5211 5232//5232 5210//5210
f 5210//5210 5232//5232 5233//5233
f 5210//5210 5233//5233 5195//5195
f 5182//5182 5183//5183 5196//5196
f 5196//5196 5183//5183 5215//5215
f 5196//5196 5215//5215 5198//5198
f 5198//5198 5215//5215 5234//5234
f 5198//5198 5234//5234 5201//5201
f 5201//5201 5234//5234 5235//5235
f 5201//5201 5235//5235 5200//5200
f 5187//5187 5188//5188 5222//5222
f 5222//5222 5188//5188 5193//5193
f 5222//5222 5193//5193 5233//5233
f 5233//5233 5193//5193 5194//5194
f 5233//5233 5194//5194 5195//5195
f 5211//5211 5209//5209 5230//5230
f 5230//5230 5209//5209 5206//5206
f 5230//5230 5206//5206 5236//5236
f 5236//5236 5206//5206 5207//5207
f 5236//5236 5207//5207 5237//5237
f 5237//5237 5207//5207 5208//5208
f 5237//5237 5208//5208 5238//5238
f 5238//5238 5208//5208 5239//5239
f 5239//5239 5208//5208 5204//5204
f 5239//5239 5204//5204 5240//5240
f 5240//5240 5204//5204 5205//5205
f 5240//5240 5205//5205 5241//5241
f 5213//5213 5242//5242 5192//5192
f 5192//5192 5242//5242 5243//5243
f 5192//5192 5243//5243 5191//5191
f 5191//5191 5243//5243 5244//5244
f 5191//5191 5244//5244 5190//5190
f 5190//5190 5244//5244 5245//5245
f 5190//5190 5245//5245 5180//5180
f 5180//5180 5245//5245 5246//5246
f 5180//5180 5246//5246 5179//5179
f 5179//5179 5246//5246 5247//5247
f 5179//5179 5247//5247 5178//5178
f 5178//5178 5247//5247 5248//5248
f 5178//5178 5248//5248 5218//5218
f 5205//5205 5202//5202 5241//5241
f 5241//5241 5202//5202 5203//5203
f 5241//5241 5203//5203 5249//5249
f 5249//5249 5203//5203 5199//5199
f 5249//5249 5199//5199 5250//5250
f 5250//5250 5199//5199 5200//5200
f 5250//5250 5200//5200 5225//5225
f 5225//5225 5200//5200 5235//5235
f 5225//5225 5235//5235 5223//5223
f 5260//5260 5268//5268 5264//5264
f 5264//5264 5268//5268 5269//5269
f 5264//5264 5269//5269 5267//5267
f 5267//5267 5269//5269 5270//5270
f 5267//5267 5270//5270 5266//5266
f 5266//5266 5270//5270 5271//5271
f 5266//5266 5271//5271 5265//5265
f 5265//5265 5271//5271 5272//5272
f 5265//5265 5272//5272 5255//5255
f 5255//5255 5272//5272 5273//5273
f 5255//5255 5273//5273 5254//5254
f 5254//5254 5273//5273 5274//5274
f 5254//5254 5274//5274 5253//5253
f 5253//5253 5274//5274 5275//5275
f 5253//5253 5275//5275 5252//5252
f 5252//5252 5275//5275 5276//5276
f 5252//5252 5276//5276 5251//5251
f 5251//5251 5276//5276 5277//5277
f 5251//5251 5277//5277 5259//5259
f 5259//5259 5277//5277 5278//5278
f 5259//5259 5278//5278 5258//5258
f 5258//5258 5278//5278 5279//5279
f 5258//5258 5279//5279 5257//5257
f 5257//5257 5279//5279 5280//5280
f 5257//5257 5280//5280 5256//5256
f 5256//5256 5280//5280 5281//5281
f 5256//5256 5281//5281 5263//5263
f 5263//5263 5281//5281 5282//5282
f 5263//5263 5282//5282 5262//5262
f 5262//5262 5282//5282 5283//5283
f 5262//5262 5283//5283 5261//5261
f 5261//5261 5283//5283 5284//5284
f 5261//5261 5284//5284 5260//5260
f 5260//5260 5284//5284 5268//5268
f 5285//5285 5286//5286 5287//5287
f 5288//5288 5289//5289 5290//5290
f 5291//5291 5292//5292 5286//5286
f 5286//5286 5292//5292 5293//5293
f 5293//5293 5294//5294 5286//5286
f 5286//5286 5295//5295 5287//5287
f 5287//5287 5295//5295 5296//5296
f 5287//5287 5296//5296 5297//5297
f 5297//5297 5296//5296 5288//5288
f 5297//5297 5288//5288 5298//5298
f 5298//5298 5288//5288 5290//5290
f 5299//5299 5300//5300 5301//5301
f 5301//5301 5300//5300 5302//5302
f 5303//5303 5304//5304 5305//5305
f 5305//5305 5306//5306 5303//5303
f 5303//5303 5306//5306 5307//5307
f 5303//5303 5307//5307 5308//5308
f 5308//5308 5307//5307 5285//5285
f 5308//5308 5285//5285 5302//5302
f 5302//5302 5285//5285 5287//5287
f 5302//5302 5287//5287 5301//5301
f 5325//5325 5327//5327 5329//5329
f 5328//5328 5326//5326 5331//5331
f 5332//5332 5333//5333 5334//5334
f 5334//5334 5333//5333 5330//5330
f 5335//5335 5313//5313 5336//5336
f 5336//5336 5313//5313 5314//5314
f 5336//5336 5314//5314 5312//5312
f 5337//5337 5338//5338 5339//5339
f 5330//5330 5333//5333 5329//5329
f 5329//5329 5333//5333 5340//5340
f 5329//5329 5340//5340 5341//5341
f 5339//5339 5342//5342 5337//5337
f 5337//5337 5342//5342 5343//5343
f 5337//5337 5343//5343 5309//5309
f 5309//5309 5343//5343 5344//5344
f 5309//5309 5344//5344 5312//5312
f 5312//5312 5344//5344 5345//5345
f 5312//5312 5345//5345 5336//5336
f 5336//5336 5345//5345 5346//5346
f 5336//5336 5346//5346 5347//5347
f 5324//5324 5321//5321 5348//5348
f 5332//5332 5334//5334 5349//5349
f 5349//5349 5334//5334 5350//5350
f 5349//5349 5350//5350 5347//5347
f 5347//5347 5350//5350 5351//5351
f 5347//5347 5351//5351 5336//5336
f 5352//5352 5313//5313 5353//5353
f 5353//5353 5313//5313 5335//5335
f 5353//5353 5335//5335 5354//5354
f 5354//5354 5335//5335 5355//5355
f 5354//5354 5355//5355 5356//5356
f 5356//5356 5355//5355 5357//5357
f 5356//5356 5357//5357 5358//5358
f 5358//5358 5357//5357 5359//5359
f 5358//5358 5359//5359 5360//5360
f 5360//5360 5359//5359 5361//5361
f 5360//5360 5361//5361 5362//5362
f 5362//5362 5361//5361 5363//5363
f 5321//5321 5317//5317 5348//5348
f 5348//5348 5317//5317 5318//5318
f 5348//5348 5318//5318 5364//5364
f 5364//5364 5318//5318 5319//5319
f 5364//5364 5319//5319 5365//5365
f 5365//5365 5319//5319 5320//5320
f 5365//5365 5320//5320 5366//5366
f 5366//5366 5320//5320 5315//5315
f 5366//5366 5315//5315 5352//5352
f 5352//5352 5315//5315 5316//5316
f 5352//5352 5316//5316 5313//5313
f 5348//5348 5367//5367 5324//5324
f 5324//5324 5367//5367 5368//5368
f 5324//5324 5368//5368 5323//5323
f 5323//5323 5368//5368 5369//5369
f 5323//5323 5369//5369 5322//5322
f 5322//5322 5369//5369 5370//5370
f 5322//5322 5370//5370 5311//5311
f 5311//5311 5370//5370 5371//5371
f 5311//5311 5371//5371 5310//5310
f 5310//5310 5371//5371 5372//5372
f 5310//5310 5372//5372 5309//5309
f 5309//5309 5372//5372 5373//5373
f 5309//5309 5373//5373 5337//5337
f 4118//4118 2779//2779 2751//2751
f 4117//4117 2731//2731 2808//2808
f 5143//5143 5142//5142 5141//5141
f 5110//5110 5109//5109 5111//5111
f 4985//4985 4963//4963 4976//4976
f 4978//4978 4963//4963 4985//4985
f 4967//4967 4978//4978 4985//4985
f 4985//4985 4974//4974 4950//4950
f 4957//4957 4974//4974 4985//4985
f 4976//4976 4957//4957 4985//4985
f 5396//5396 5397//5397 5398//5398
f 5399//5399 5400//5400 5401//5401
f 5402//5402 4804//4804 4803//4803
f 5403//5403 4933//4933 5404//5404
f 5404//5404 4933//4933 4783//4783
f 5404//5404 4783//4783 4787//4787
f 4803//4803 4900//4900 5402//5402
f 5402//5402 4900//4900 4898//4898
f 5402//5402 4898//4898 5405//5405
f 5406//5406 4935//4935 5403//5403
f 5403//5403 4935//4935 4934//4934
f 5403//5403 4934//4934 4933//4933
f 4787//4787 4788//4788 5404//5404
f 5404//5404 4788//4788 5407//5407
f 5404//5404 5407//5407 5403//5403
f 5403//5403 5407//5407 5408//5408
f 5403//5403 5408//5408 5406//5406
f 5406//5406 5408//5408 5409//5409
f 5411//5411 4833//4833 5406//5406
f 5406//5406 4833//4833 4936//4936
f 5406//5406 4936//4936 4935//4935
f 5412//5412 5413//5413 5415//5415
f 5415//5415 5413//5413 5409//5409
f 5415//5415 5409//5409 5416//5416
f 5416//5416 5409//5409 5408//5408
f 5416//5416 5408//5408 5417//5417
f 5417//5417 5408//5408 5407//5407
f 5417//5417 5407//5407 4792//4792
f 4792//4792 5407//5407 4788//4788
f 5414//5414 5418//5418 5410//5410
f 5409//5409 5419//5419 5420//5420
f 5409//5409 5420//5420 5406//5406
f 5406//5406 5420//5420 5421//5421
f 5406//5406 5421//5421 5411//5411
f 4792//4792 4797//4797 5417//5417
f 5417//5417 4797//4797 5422//5422
f 5417//5417 5422//5422 5416//5416
f 5416//5416 5422//5422 5423//5423
f 5416//5416 5423//5423 5415//5415
f 5415//5415 5423//5423 5401//5401
f 5415//5415 5401//5401 5412//5412
f 5412//5412 5401//5401 5400//5400
f 5397//5397 5399//5399 5398//5398
f 5398//5398 5399//5399 5401//5401
f 5398//5398 5401//5401 5424//5424
f 5424//5424 5401//5401 5423//5423
f 5424//5424 5423//5423 5425//5425
f 5425//5425 5423//5423 5422//5422
f 5425//5425 5422//5422 4796//4796
f 4796//4796 5422//5422 4797//4797
f 5426//5426 5396//5396 5427//5427
f 5427//5427 5396//5396 5398//5398
f 5427//5427 5398//5398 5405//5405
f 5405//5405 5398//5398 5424//5424
f 5405//5405 5424//5424 5402//5402
f 5402//5402 5424//5424 5425//5425
f 5402//5402 5425//5425 4804//4804
f 4804//4804 5425//5425 4796//4796
f 4898//4898 4897//4897 5405//5405
f 5405//5405 4897//4897 4902//4902
f 5405//5405 4902//4902 5427//5427
f 5427//5427 4902//4902 4901//4901
f 5427//5427 4901//4901 5426//5426
f 5426//5426 4901//4901 4811//4811
f 4896//4896 4847//4847 4848//4848
f 5428//5428 5429//5429 5430//5430
f 4889//4889 4888//4888 5431//5431
f 4863//4863 4862//4862 5428//5428
f 4875//4875 4867//4867 4866//4866
f 4888//4888 4875//4875 5431//5431
f 5431//5431 4875//4875 4866//4866
f 5431//5431 4866//4866 5432//5432
f 5432//5432 4866//4866 4865//4865
f 5432//5432 4865//4865 5433//5433
f 5428//5428 4862//4862 5429//5429
f 5429//5429 4862//4862 4861//4861
f 5429//5429 4861//4861 4860//4860
f 4890//4890 4889//4889 5434//5434
f 5434//5434 4889//4889 5431//5431
f 5434//5434 5431//5431 5435//5435
f 5435//5435 5431//5431 5432//5432
f 5435//5435 5432//5432 5438//5438
f 5438//5438 5432//5432 5433//5433
f 5438//5438 5433//5433 5439//5439
f 4860//4860 4872//4872 5429//5429
f 5429//5429 4872//4872 4871//4871
f 5429//5429 4871//4871 5430//5430
f 5430//5430 4871//4871 4869//4869
f 5430//5430 4869//4869 4868//4868
f 4853//4853 4890//4890 4852//4852
f 4852//4852 4890//4890 5434//5434
f 4852//4852 5434//5434 4851//4851
f 4851//4851 5434//5434 5436//5436
f 4851//4851 5436//5436 4850//4850
f 4850//4850 5436//5436 5437//5437
f 4850//4850 5437//5437 4849//4849
f 4849//4849 5437//5437 5440//5440
f 4849//4849 5440//5440 4848//4848
f 4865//4865 4863//4863 5433//5433
f 5433//5433 4863//4863 5428//5428
f 5433//5433 5428//5428 5439//5439
f 5439//5439 5428//5428 5430//5430
f 5440//5440 5430//5430 4848//4848
f 4848//4848 5430//5430 4868//4868
f 4848//4848 4868//4868 4896//4896
f 4773//4773 4867//4867 4874//4874
f 4773//4773 4874//4874 4772//4772
f 4772//4772 4874//4874 4882//4882
f 4772//4772 4882//4882 4770//4770
f 4771//4771 4882//4882 4880//4880
f 4771//4771 4880//4880 4769//4769
f 4769//4769 4880//4880 4878//4878
f 4769//4769 4878//4878 4768//4768
f 4767//4767 4878//4878 4876//4876
f 4766//4766 4876//4876 4765//4765
f 4765//4765 4876//4876 4860//4860
f 4765//4765 4860//4860 4764//4764
f 4833//4833 5411//5411 4835//4835
f 4835//4835 5411//5411 4855//4855
f 5411//5411 5421//5421 4855//4855
f 4855//4855 5421//5421 5420//5420
f 4855//4855 5420//5420 4858//4858
f 5420//5420 5419//5419 4858//4858
f 4858//4858 5419//5419 5413//5413
f 4858//4858 5413//5413 4839//4839
f 5413//5413 5412//5412 4839//4839
f 4839//4839 5412//5412 5400//5400
f 4839//4839 5400//5400 4842//4842
f 5400//5400 5399//5399 4842//4842
f 4842//4842 5399//5399 5397//5397
f 4842//4842 5397//5397 4845//4845
f 4811//4811 4813//4813 5426//5426
f 5426//5426 4813//4813 4845//4845
f 5426//5426 4845//4845 5396//5396
f 5396//5396 4845//4845 5397//5397
f 4754//4754 4722//4722 4737//4737
f 4739//4739 4722//4722 4754//4754
f 4731//4731 4739//4739 4754//4754
f 4754//4754 4736//4736 4708//4708
f 4717//4717 4736//4736 4754//4754
f 4737//4737 4717//4717 4754//4754
f 4586//4586 4693//4693 5441//5441
f 4693//4693 4681//4681 5443//5443
f 4682//4682 4543//4543 4544//4544
f 4682//4682 4544//4544 5442//5442
f 5442//5442 4544//4544 4530//4530
f 5442//5442 4530//4530 5445//5445
f 5445//5445 4530//4530 4529//4529
f 5445//5445 4529//4529 5447//5447
f 5447//5447 4529//4529 4545//4545
f 5447//5447 4545//4545 5449//5449
f 5449//5449 4545//4545 4549//4549
f 5449//5449 4549//4549 5450//5450
f 5450//5450 4549//4549 4552//4552
f 5450//5450 4552//4552 5453//5453
f 5453//5453 4552//4552 4551//4551
f 5453//5453 4551//4551 4658//4658
f 4693//4693 5443//5443 5441//5441
f 5441//5441 5443//5443 5444//5444
f 5441//5441 5444//5444 5454//5454
f 5454//5454 5444//5444 5446//5446
f 5454//5454 5446//5446 5455//5455
f 5455//5455 5446//5446 5448//5448
f 5455//5455 5448//5448 5456//5456
f 5456//5456 5448//5448 5451//5451
f 5456//5456 5451//5451 5457//5457
f 5457//5457 5451//5451 5452//5452
f 5457//5457 5452//5452 5458//5458
f 5458//5458 5452//5452 4657//4657
f 5458//5458 4657//4657 4655//4655
f 4586//4586 5441//5441 5459//5459
f 5459//5459 5441//5441 5454//5454
f 5459//5459 5454//5454 5460//5460
f 5460//5460 5454//5454 5455//5455
f 5460//5460 5455//5455 5461//5461
f 5461//5461 5455//5455 5456//5456
f 5461//5461 5456//5456 5462//5462
f 5462//5462 5456//5456 5457//5457
f 5462//5462 5457//5457 5463//5463
f 5463//5463 5457//5457 5458//5458
f 5463//5463 5458//5458 5464//5464
f 5464//5464 5458//5458 4655//4655
f 5464//5464 4655//4655 4566//4566
f 4616//4616 4638//4638 4617//4617
f 4617//4617 4638//4638 5465//5465
f 4617//4617 5465//5465 4618//4618
f 4618//4618 5465//5465 5466//5466
f 4618//4618 5466//5466 4620//4620
f 4620//4620 5466//5466 5467//5467
f 4620//4620 5467//5467 4622//4622
f 4622//4622 5467//5467 5468//5468
f 4622//4622 5468//5468 4623//4623
f 4623//4623 5469//5469 4624//4624
f 4624//4624 5469//5469 4625//4625
f 4638//4638 4653//4653 5465//5465
f 5465//5465 4653//4653 5470//5470
f 5465//5465 5470//5470 5466//5466
f 5466//5466 5470//5470 5472//5472
f 5466//5466 5472//5472 5467//5467
f 5467//5467 5472//5472 5475//5475
f 5467//5467 5475//5475 5468//5468
f 5468//5468 5475//5475 5477//5477
f 5468//5468 5477//5477 5469//5469
f 5469//5469 5477//5477 5478//5478
f 5469//5469 5478//5478 4625//4625
f 4625//4625 5478//5478 4640//4640
f 4654//4654 4609//4609 5471//5471
f 5471//5471 4609//4609 4610//4610
f 5471//5471 4610//4610 5473//5473
f 5473//5473 4610//4610 4611//4611
f 5473//5473 4611//4611 5474//5474
f 5474//5474 4611//4611 4612//4612
f 5474//5474 4612//4612 5476//5476
f 5476//5476 4612//4612 4613//4613
f 5476//5476 4613//4613 5479//5479
f 5479//5479 4613//4613 4614//4614
f 5479//5479 4614//4614 4639//4639
f 4639//4639 4614//4614 4615//4615
f 4522//4522 4624//4624 4626//4626
f 4522//4522 4626//4626 4521//4521
f 4521//4521 4626//4626 4628//4628
f 4521//4521 4628//4628 4520//4520
f 4520//4520 4628//4628 4630//4630
f 4520//4520 4630//4630 4519//4519
f 4519//4519 4630//4630 4632//4632
f 4519//4519 4632//4632 4518//4518
f 4518//4518 4632//4632 4634//4634
f 4518//4518 4634//4634 4517//4517
f 4517//4517 4634//4634 4636//4636
f 4517//4517 4636//4636 4516//4516
f 4516//4516 4636//4636 4616//4616
f 4516//4516 4616//4616 4515//4515
f 4587//4587 4586//4586 5459//5459
f 4587//4587 5459//5459 4593//4593
f 4593//4593 5459//5459 5460//5460
f 4593//4593 5460//5460 4596//4596
f 4596//4596 5460//5460 5461//5461
f 4596//4596 5461//5461 4599//4599
f 4599//4599 5461//5461 5462//5462
f 4599//4599 5462//5462 4601//4601
f 4601//4601 5462//5462 5463//5463
f 4601//4601 5463//5463 4604//4604
f 4604//4604 5463//5463 5464//5464
f 4604//4604 5464//5464 4607//4607
f 4607//4607 5464//5464 4566//4566
f 4607//4607 4566//4566 4565//4565
f 4080//4080 3964//3964 3961//3961
f 4080//4080 3961//3961 4100//4100
f 4100//4100 3961//3961 3960//3960
f 4100//4100 3960//3960 4066//4066
f 4034//4034 3891//3891 4102//4102
f 4102//4102 3891//3891 3852//3852
f 4102//4102 3852//3852 4017//4017
f 4017//4017 3852//3852 3862//3862
f 3993//3993 3880//3880 3875//3875
f 3993//3993 3875//3875 4109//4109
f 4109//4109 3875//3875 3873//3873
f 4109//4109 3873//3873 3854//3854
f 3854//3854 3859//3859 4110//4110
f 4110//4110 3859//3859 3823//3823
f 4110//4110 3823//3823 4105//4105
f 4105//4105 3823//3823 3820//3820
f 4105//4105 3820//3820 4107//4107
f 4107//4107 3820//3820 3818//3818
f 4107//4107 3818//3818 4010//4010
f 4010//4010 3818//3818 3816//3816
f 5379//5379 5480//5480 5377//5377
f 3869//3869 3865//3865 5481//5481
f 5481//5481 3865//3865 3850//3850
f 3878//3878 3882//3882 5482//5482
f 3827//3827 3819//3819 5483//5483
f 5483//5483 3819//3819 3822//3822
f 5483//5483 3822//3822 5482//5482
f 5482//5482 3822//3822 3857//3857
f 5482//5482 3857//3857 3878//3878
f 3779//3779 3778//3778 5484//5484
f 5484//5484 3778//3778 3783//3783
f 5383//5383 5374//5374 5485//5485
f 5485//5485 5374//5374 5376//5376
f 5485//5485 5376//5376 5484//5484
f 5484//5484 5375//5375 3779//3779
f 3882//3882 3886//3886 5482//5482
f 5482//5482 3886//3886 5486//5486
f 5482//5482 5486//5486 5384//5384
f 5384//5384 5486//5486 5385//5385
f 3886//3886 3869//3869 5486//5486
f 5486//5486 3869//3869 5481//5481
f 5486//5486 5481//5481 5385//5385
f 5385//5385 5481//5481 5381//5381
f 5377//5377 5480//5480 5378//5378
f 5378//5378 5480//5480 5487//5487
f 5378//5378 5487//5487 5382//5382
f 3809//3809 3769//3769 5382//5382
f 3916//3916 3909//3909 5487//5487
f 5382//5382 5487//5487 3809//3809
f 3809//3809 5487//5487 3909//3909
f 3809//3809 3909//3909 3812//3812
f 3850//3850 3848//3848 5481//5481
f 5481//5481 3848//3848 3845//3845
f 5481//5481 3845//3845 5488//5488
f 5488//5488 3845//3845 3842//3842
f 5488//5488 3842//3842 3899//3899
f 5380//5380 5381//5381 5480//5480
f 5480//5480 5381//5381 5481//5481
f 5480//5480 5481//5481 5487//5487
f 5487//5487 5481//5481 5488//5488
f 5487//5487 5488//5488 3916//3916
f 3916//3916 5488//5488 3899//3899
f 5384//5384 5383//5383 5482//5482
f 5482//5482 5383//5383 5485//5485
f 5482//5482 5485//5485 5483//5483
f 5483//5483 5485//5485 5484//5484
f 5483//5483 5484//5484 3827//3827
f 3827//3827 5484//5484 3783//3783
f 3731//3731 3612//3612 3618//3618
f 3731//3731 3618//3618 3750//3750
f 3750//3750 3618//3618 3617//3617
f 3750//3750 3617//3617 3714//3714
f 3540//3540 3668//3668 3508//3508
f 3508//3508 3668//3668 3759//3759
f 3508//3508 3759//3759 3541//3541
f 3541//3541 3759//3759 3685//3685
f 3541//3541 3685//3685 3543//3543
f 3644//3644 3525//3525 3522//3522
f 3644//3644 3522//3522 3757//3757
f 3757//3757 3522//3522 3517//3517
f 3757//3757 3517//3517 3515//3515
f 3515//3515 3513//3513 3757//3757
f 3757//3757 3513//3513 3466//3466
f 3757//3757 3466//3466 3752//3752
f 3466//3466 3462//3462 3752//3752
f 3752//3752 3462//3462 3459//3459
f 3752//3752 3459//3459 3755//3755
f 3755//3755 3459//3459 3456//3456
f 3755//3755 3456//3456 3661//3661
f 3661//3661 3456//3456 3487//3487
f 3532//3532 3505//3505 5489//5489
f 5489//5489 3505//3505 3503//3503
f 3520//3520 3500//3500 5490//5490
f 3480//3480 3461//3461 5491//5491
f 5491//5491 3461//3461 3464//3464
f 5491//5491 3464//3464 5490//5490
f 5490//5490 3464//3464 3510//3510
f 5490//5490 3510//3510 3520//3520
f 3420//3420 3419//3419 5492//5492
f 5492//5492 3419//3419 3427//3427
f 5492//5492 3427//3427 3471//3471
f 5390//5390 5389//5389 5493//5493
f 5493//5493 5389//5389 5388//5388
f 5493//5493 5388//5388 5492//5492
f 5492//5492 5388//5388 5386//5386
f 5492//5492 5386//5386 3420//3420
f 3500//3500 3496//3496 5490//5490
f 5490//5490 3496//3496 5494//5494
f 5490//5490 5494//5494 5387//5387
f 5387//5387 5494//5494 5391//5391
f 3496//3496 3532//3532 5494//5494
f 5494//5494 3532//3532 5489//5489
f 5494//5494 5489//5489 5391//5391
f 5391//5391 5489//5489 5392//5392
f 5393//5393 5495//5495 5394//5394
f 5394//5394 5495//5495 5496//5496
f 5394//5394 5496//5496 5395//5395
f 3450//3450 3406//3406 5395//5395
f 3571//3571 3564//3564 5496//5496
f 5395//5395 5496//5496 3450//3450
f 3450//3450 5496//5496 3564//3564
f 3450//3450 3564//3564 3453//3453
f 3503//3503 3546//3546 5489//5489
f 5489//5489 3546//3546 3492//3492
f 5489//5489 3492//3492 5497//5497
f 5497//5497 3492//3492 3490//3490
f 5497//5497 3490//3490 3553//3553
f 5393//5393 5392//5392 5495//5495
f 5495//5495 5392//5392 5489//5489
f 5495//5495 5489//5489 5496//5496
f 5496//5496 5489//5489 5497//5497
f 5496//5496 5497//5497 3571//3571
f 3571//3571 5497//5497 3553//3553
f 5387//5387 5390//5390 5490//5490
f 5490//5490 5390//5390 5493//5493
f 5490//5490 5493//5493 5491//5491
f 5491//5491 5493//5493 5492//5492
f 5491//5491 5492//5492 3480//3480
f 3480//3480 5492//5492 3471//3471
f 3301//3301 5498//5498 3372//3372
f 3372//3372 5498//5498 3375//3375
f 5498//5498 5499//5499 3375//3375
f 3375//3375 5499//5499 5500//5500
f 3375//3375 5500//5500 3376//3376
f 5500//5500 5502//5502 3376//3376
f 3376//3376 5502//5502 5503//5503
f 3376//3376 5503//5503 3378//3378
f 5503//5503 5505//5505 3378//3378
f 3378//3378 5505//5505 5506//5506
f 3378//3378 5506//5506 3381//3381
f 5506//5506 5507//5507 3381//3381
f 3381//3381 5507//5507 5508//5508
f 3381//3381 5508//5508 3383//3383
f 3244//3244 3385//3385 5509//5509
f 5509//5509 3385//3385 3383//3383
f 5509//5509 3383//3383 5510//5510
f 5510//5510 3383//3383 5508//5508
f 3356//3356 3309//3309 3308//3308
f 3356//3356 3308//3308 3399//3399
f 3399//3399 3308//3308 3318//3318
f 3399//3399 3318//3318 3398//3398
f 3397//3397 3318//3318 3316//3316
f 3397//3397 3316//3316 3396//3396
f 3396//3396 3316//3316 3314//3314
f 3396//3396 3314//3314 3395//3395
f 3394//3394 3314//3314 3312//3312
f 3393//3393 3312//3312 3392//3392
f 3392//3392 3312//3312 3311//3311
f 3392//3392 3311//3311 3340//3340
f 3332//3332 3339//3339 3357//3357
f 5511//5511 5512//5512 5513//5513
f 3325//3325 3324//3324 5514//5514
f 3347//3347 3343//3343 5511//5511
f 3310//3310 3309//3309 3354//3354
f 3324//3324 3310//3310 5514//5514
f 5514//5514 3310//3310 3354//3354
f 5514//5514 3354//3354 5515//5515
f 5515//5515 3354//3354 3351//3351
f 5515//5515 3351//3351 5516//5516
f 5511//5511 3343//3343 5512//5512
f 5512//5512 3343//3343 3341//3341
f 5512//5512 3341//3341 3311//3311
f 3326//3326 3325//3325 5517//5517
f 5517//5517 3325//3325 5514//5514
f 5517//5517 5514//5514 5518//5518
f 5518//5518 5514//5514 5515//5515
f 5518//5518 5515//5515 5521//5521
f 5521//5521 5515//5515 5516//5516
f 5521//5521 5516//5516 5523//5523
f 3311//3311 3306//3306 5512//5512
f 5512//5512 3306//3306 3305//3305
f 5512//5512 3305//3305 5513//5513
f 5513//5513 3305//3305 3303//3303
f 5513//5513 3303//3303 3302//3302
f 3333//3333 3326//3326 3369//3369
f 3369//3369 3326//3326 5517//5517
f 3369//3369 5517//5517 3366//3366
f 3366//3366 5517//5517 5519//5519
f 3366//3366 5519//5519 3363//3363
f 3363//3363 5519//5519 5520//5520
f 3363//3363 5520//5520 3360//3360
f 3360//3360 5520//5520 5522//5522
f 3360//3360 5522//5522 3357//3357
f 3351//3351 3347//3347 5516//5516
f 5516//5516 3347//3347 5511//5511
f 5516//5516 5511//5511 5523//5523
f 5523//5523 5511//5511 5513//5513
f 5522//5522 5513//5513 3357//3357
f 3357//3357 5513//5513 3302//3302
f 3357//3357 3302//3302 3332//3332
f 5510//5510 5508//5508 5524//5524
f 5507//5507 5506//5506 5525//5525
f 5526//5526 3389//3389 3276//3276
f 5527//5527 3287//3287 5528//5528
f 5528//5528 3287//3287 3245//3245
f 5528//5528 3245//3245 3388//3388
f 3276//3276 3239//3239 5526//5526
f 5526//5526 3239//3239 3237//3237
f 5526//5526 3237//3237 5529//5529
f 5530//5530 3289//3289 5527//5527
f 5527//5527 3289//3289 3288//3288
f 5527//5527 3288//3288 3287//3287
f 3388//3388 3387//3387 5528//5528
f 5528//5528 3387//3387 5531//5531
f 5528//5528 5531//5531 5527//5527
f 5527//5527 5531//5531 5532//5532
f 5527//5527 5532//5532 5530//5530
f 5530//5530 5532//5532 5533//5533
f 5498//5498 3301//3301 5530//5530
f 5530//5530 3301//3301 3290//3290
f 5530//5530 3290//3290 3289//3289
f 5505//5505 5503//5503 5535//5535
f 5535//5535 5503//5503 5533//5533
f 5535//5535 5533//5533 5536//5536
f 5536//5536 5533//5533 5532//5532
f 5536//5536 5532//5532 5537//5537
f 5537//5537 5532//5532 5531//5531
f 5537//5537 5531//5531 3386//3386
f 3386//3386 5531//5531 3387//3387
f 5504//5504 5501//5501 5534//5534
f 5533//5533 5502//5502 5500//5500
f 5533//5533 5500//5500 5530//5530
f 5530//5530 5500//5500 5499//5499
f 5530//5530 5499//5499 5498//5498
f 3386//3386 3391//3391 5537//5537
f 5537//5537 3391//3391 5538//5538
f 5537//5537 5538//5538 5536//5536
f 5536//5536 5538//5538 5539//5539
f 5536//5536 5539//5539 5535//5535
f 5535//5535 5539//5539 5525//5525
f 5535//5535 5525//5525 5505//5505
f 5505//5505 5525//5525 5506//5506
f 5508//5508 5507//5507 5524//5524
f 5524//5524 5507//5507 5525//5525
f 5524//5524 5525//5525 5540//5540
f 5540//5540 5525//5525 5539//5539
f 5540//5540 5539//5539 5541//5541
f 5541//5541 5539//5539 5538//5538
f 5541//5541 5538//5538 3390//3390
f 3390//3390 5538//5538 3391//3391
f 5509//5509 5510//5510 5542//5542
f 5542//5542 5510//5510 5524//5524
f 5542//5542 5524//5524 5529//5529
f 5529//5529 5524//5524 5540//5540
f 5529//5529 5540//5540 5526//5526
f 5526//5526 5540//5540 5541//5541
f 5526//5526 5541//5541 3389//3389
f 3389//3389 5541//5541 3390//3390
f 3237//3237 3236//3236 5529//5529
f 5529//5529 3236//3236 3241//3241
f 5529//5529 3241//3241 5542//5542
f 5542//5542 3241//3241 3240//3240
f 5542//5542 3240//3240 5509//5509
f 5509//5509 3240//3240 3244//3244
f 3169//3169 3204//3204 3208//3208
f 3201//3201 3204//3204 3169//3169
f 3184//3184 3201//3201 3169//3169
f 3169//3169 3217//3217 3177//3177
f 3211//3211 3217//3217 3169//3169
f 3208//3208 3211//3211 3169//3169
f 3070//3070 5543//5543 3149//3149
f 3149//3149 5543//5543 3151//3151
f 5543//5543 5544//5544 3151//3151
f 3151//3151 5544//5544 5545//5545
f 3151//3151 5545//5545 3154//3154
f 5545//5545 5547//5547 3154//3154
f 3154//3154 5547//5547 5549//5549
f 3154//3154 5549//5549 3126//3126
f 5549//5549 5550//5550 3126//3126
f 3126//3126 5550//5550 5551//5551
f 3126//3126 5551//5551 3128//3128
f 5551//5551 5552//5552 3128//3128
f 3128//3128 5552//5552 5553//5553
f 3128//3128 5553//5553 3130//3130
f 3013//3013 3133//3133 5554//5554
f 5554//5554 3133//3133 3130//3130
f 5554//5554 3130//3130 5555//5555
f 5555//5555 3130//3130 5553//5553
f 3125//3125 3078//3078 3077//3077
f 3125//3125 3077//3077 3168//3168
f 3168//3168 3077//3077 3087//3087
f 3168//3168 3087//3087 3166//3166
f 3167//3167 3087//3087 3085//3085
f 3167//3167 3085//3085 3165//3165
f 3165//3165 3085//3085 3083//3083
f 3165//3165 3083//3083 3162//3162
f 3164//3164 3083//3083 3081//3081
f 3163//3163 3081//3081 3161//3161
f 3161//3161 3081//3081 3080//3080
f 3161//3161 3080//3080 3109//3109
f 3101//3101 3108//3108 3134//3134
f 5556//5556 5557//5557 5558//5558
f 3094//3094 3093//3093 5559//5559
f 3116//3116 3112//3112 5556//5556
f 3079//3079 3078//3078 3123//3123
f 3093//3093 3079//3079 5559//5559
f 5559//5559 3079//3079 3123//3123
f 5559//5559 3123//3123 5560//5560
f 5560//5560 3123//3123 3120//3120
f 5560//5560 3120//3120 5561//5561
f 5556//5556 3112//3112 5557//5557
f 5557//5557 3112//3112 3110//3110
f 5557//5557 3110//3110 3080//3080
f 3095//3095 3094//3094 5562//5562
f 5562//5562 3094//3094 5559//5559
f 5562//5562 5559//5559 5564//5564
f 5564//5564 5559//5559 5560//5560
f 5564//5564 5560//5560 5565//5565
f 5565//5565 5560//5560 5561//5561
f 5565//5565 5561//5561 5567//5567
f 3080//3080 3075//3075 5557//5557
f 5557//5557 3075//3075 3074//3074
f 5557//5557 3074//3074 5558//5558
f 5558//5558 3074//3074 3072//3072
f 5558//5558 3072//3072 3071//3071
f 3102//3102 3095//3095 3146//3146
f 3146//3146 3095//3095 5562//5562
f 3146//3146 5562//5562 3143//3143
f 3143//3143 5562//5562 5563//5563
f 3143//3143 5563//5563 3140//3140
f 3140//3140 5563//5563 5566//5566
f 3140//3140 5566//5566 3137//3137
f 3137//3137 5566//5566 5568//5568
f 3137//3137 5568//5568 3134//3134
f 3120//3120 3116//3116 5561//5561
f 5561//5561 3116//3116 5556//5556
f 5561//5561 5556//5556 5567//5567
f 5567//5567 5556//5556 5558//5558
f 5568//5568 5558//5558 3134//3134
f 3134//3134 5558//5558 3071//3071
f 3134//3134 3071//3071 3101//3101
f 5555//5555 5553//5553 5569//5569
f 5552//5552 5551//5551 5570//5570
f 5571//5571 3158//3158 3045//3045
f 5572//5572 3056//3056 5573//5573
f 5573//5573 3056//3056 3014//3014
f 5573//5573 3014//3014 3157//3157
f 3045//3045 3008//3008 5571//5571
f 5571//5571 3008//3008 3006//3006
f 5571//5571 3006//3006 5574//5574
f 5575//5575 3058//3058 5572//5572
f 5572//5572 3058//3058 3057//3057
f 5572//5572 3057//3057 3056//3056
f 3157//3157 3156//3156 5573//5573
f 5573//5573 3156//3156 5576//5576
f 5573//5573 5576//5576 5572//5572
f 5572//5572 5576//5576 5577//5577
f 5572//5572 5577//5577 5575//5575
f 5575//5575 5577//5577 5579//5579
f 5543//5543 3070//3070 5575//5575
f 5575//5575 3070//3070 3059//3059
f 5575//5575 3059//3059 3058//3058
f 5550//5550 5549//5549 5580//5580
f 5580//5580 5549//5549 5579//5579
f 5580//5580 5579//5579 5581//5581
f 5581//5581 5579//5579 5577//5577
f 5581//5581 5577//5577 5582//5582
f 5582//5582 5577//5577 5576//5576
f 5582//5582 5576//5576 3155//3155
f 3155//3155 5576//5576 3156//3156
f 5548//5548 5546//5546 5578//5578
f 5579//5579 5547//5547 5545//5545
f 5579//5579 5545//5545 5575//5575
f 5575//5575 5545//5545 5544//5544
f 5575//5575 5544//5544 5543//5543
f 3155//3155 3160//3160 5582//5582
f 5582//5582 3160//3160 5583//5583
f 5582//5582 5583//5583 5581//5581
f 5581//5581 5583//5583 5584//5584
f 5581//5581 5584//5584 5580//5580
f 5580//5580 5584//5584 5570//5570
f 5580//5580 5570//5570 5550//5550
f 5550//5550 5570//5570 5551//5551
f 5553//5553 5552//5552 5569//5569
f 5569//5569 5552//5552 5570//5570
f 5569//5569 5570//5570 5585//5585
f 5585//5585 5570//5570 5584//5584
f 5585//5585 5584//5584 5586//5586
f 5586//5586 5584//5584 5583//5583
f 5586//5586 5583//5583 3159//3159
f 3159//3159 5583//5583 3160//3160
f 5554//5554 5555//5555 5587//5587
f 5587//5587 5555//5555 5569//5569
f 5587//5587 5569//5569 5574//5574
f 5574//5574 5569//5569 5585//5585
f 5574//5574 5585//5585 5571//5571
f 5571//5571 5585//5585 5586//5586
f 5571//5571 5586//5586 3158//3158
f 3158//3158 5586//5586 3159//3159
f 3006//3006 3005//3005 5574//5574
f 5574//5574 3005//3005 3010//3010
f 5574//5574 3010//3010 5587//5587
f 5587//5587 3010//3010 3009//3009
f 5587//5587 3009//3009 5554//5554
f 5554//5554 3009//3009 3013//3013
f 2938//2938 2973//2973 2978//2978
f 2969//2969 2973//2973 2938//2938
f 2953//2953 2969//2969 2938//2938
f 2938//2938 2985//2985 2948//2948
f 2981//2981 2985//2985 2938//2938
f 2978//2978 2981//2981 2938//2938

